frame,illum_org,darkpct_org,level_org,ear_org,mar_org,illum_mej,darkpct_mej,level_mej,ear_mej,mar_mej,psnr,ssim,fps
0,12.23720238095238,100.0,CRITICA,0.2916130386077377,0.02556652225391392,60.3203256302521,85.61274409294128,CRITICA,0.2916130386077377,0.02556652225391392,14.321633867131258,0.3579927816972013,1.8021879055058567
1,11.882580862533693,100.0,CRITICA,0.2845220201870263,0.03362238198769387,59.48195754716981,86.33928298950195,CRITICA,0.2845220201870263,0.03362238198769387,14.3646460260981,0.34920831449965656,2.9816812425527686
2,11.509383423180592,100.0,CRITICA,0.28200409321410047,0.0,58.708035714285714,87.99865245819092,CRITICA,0.28200409321410047,0.0,14.414065626008199,0.3416841580697337,5.242638417267571
3,11.131398595481851,100.0,CRITICA,0.2988924720522916,0.004899841933648789,57.962805651916405,89.61840867996216,CRITICA,0.2988924720522916,0.004899841933648789,14.472598197387786,0.3338869880378792,7.18188796999743
4,10.533216812317935,100.0,CRITICA,0.29215088429783875,0.004692974128068652,56.85076987099459,87.81023621559143,CRITICA,0.29215088429783875,0.004692974128068652,14.53981604476674,0.3202657392855432,8.746823026483362
5,9.758179625888028,100.0,CRITICA,0.2969466935217631,0.014062208184742752,55.481652871016095,90.65209031105042,CRITICA,0.2969466935217631,0.014062208184742752,14.634971855052427,0.3040293710507711,9.95880722466834
6,9.614073757278678,100.0,CRITICA,0.2905787246653162,0.0,55.730384577425404,94.92219686508179,CRITICA,0.2905787246653162,0.0,14.583406663464542,0.30511740482893585,11.353374521989378
7,9.412213990154228,100.0,CRITICA,0.2894385622871166,0.008744720602223408,55.20329391753758,95.53015232086182,CRITICA,0.2894385622871166,0.008744720602223408,14.633985878289998,0.30058145475013776,12.821076832468014
8,9.051559999340032,100.0,CRITICA,0.3016310763241713,0.009366474351506377,54.15844181557195,95.10303735733032,CRITICA,0.3016310763241713,0.009366474351506377,14.743377212827822,0.2926316729298771,13.986882678887028
9,9.271520514883347,100.0,CRITICA,0.3088937652569669,0.010958199947505184,54.16968356127648,93.78184676170349,CRITICA,0.3088937652569669,0.010958199947505184,14.734772640417273,0.29297232099215725,15.168526495477467
10,9.230795114236683,100.0,CRITICA,0.3040035749252292,0.0,53.99390962010835,94.11824345588684,CRITICA,0.3040035749252292,0.0,14.753131277905602,0.29126336843409145,16.22973791791851
11,8.947344839030865,100.0,CRITICA,0.3077823044141367,0.004966281670602984,53.64761035512778,94.58845257759094,CRITICA,0.3077823044141367,0.004966281670602984,14.757509368565895,0.28426935418271687,16.819615035946594
12,8.973537675606641,100.0,CRITICA,0.2978457908684453,0.0,53.758569604086844,96.49382829666138,CRITICA,0.2978457908684453,0.0,14.75056333085833,0.28614070917283985,17.75262148666501
13,8.580004866687524,100.0,CRITICA,0.2892678172810886,0.01183438020771125,53.13477248235826,96.65067791938782,CRITICA,0.2892678172810886,0.01183438020771125,14.790965403340234,0.2778800694722135,18.504901159335827
14,8.068220454236366,100.0,CRITICA,0.29647312563656747,0.0046291831635859055,51.47851217190262,96.7921257019043,CRITICA,0.29647312563656747,0.0046291831635859055,14.93827352069371,0.2665149863460833,19.08882703485861
15,8.10386448224286,100.0,CRITICA,0.3217664716242147,0.009388740169814482,51.755295836376916,96.96685075759888,CRITICA,0.3217664716242147,0.009388740169814482,14.912934136126989,0.26876854431781205,19.64413797451945
16,7.415134058976158,100.0,CRITICA,0.34957603026368617,0.015344353883285715,50.025636841332265,97.76595830917358,CRITICA,0.34957603026368617,0.015344353883285715,15.062278219248068,0.2524428608473095,19.950376739351636
17,7.515431488801054,100.0,CRITICA,0.31951141538173466,0.008988514398976504,50.531587615283264,98.43050241470337,CRITICA,0.31951141538173466,0.008988514398976504,15.010116996096478,0.2553783268497796,20.346005086106718
18,6.9998401738908065,100.0,CRITICA,0.3104280907662367,0.004267895997763199,49.343658099987216,98.28187227249146,CRITICA,0.3104280907662367,0.004267895997763199,15.164335685749863,0.2440697848248977,20.4160596729112
19,6.592500636618284,100.0,CRITICA,0.2898725203998706,0.009187758117719146,48.388146167557935,98.26202988624573,CRITICA,0.2898725203998706,0.009187758117719146,15.24969957367745,0.23561992423801525,20.64154702050376
20,6.448783694937541,100.0,CRITICA,0.32415257203728587,0.009489015705159533,48.038823142669294,98.97435903549194,CRITICA,0.32415257203728587,0.009489015705159533,15.252935504968999,0.2364171966022397,21.031708711560263
21,6.501036789297659,100.0,CRITICA,0.3420813552929215,0.004744507852579767,48.40607023411371,99.04347658157349,CRITICA,0.3420813552929215,0.004744507852579767,15.20769880128336,0.23818733238553189,21.557717487991823
22,5.930978874375101,100.0,CRITICA,0.30869133072810606,0.008956820248340984,47.026915013707466,99.56942200660706,CRITICA,0.30869133072810606,0.008956820248340984,15.376065861542433,0.22428139657744295,21.85296341632924
23,5.51203007518797,100.0,CRITICA,0.32659723466688084,0.008943109381339036,45.873039742212676,99.96317028999329,CRITICA,0.32659723466688084,0.008943109381339036,15.505480820179308,0.2131847900816994,21.905345265050563
24,5.132396708683474,100.0,CRITICA,0.3080791920447645,0.010105912973706152,44.629610177404295,99.95331168174744,CRITICA,0.3080791920447645,0.010105912973706152,15.627958026843334,0.20587586443303588,21.182192034113598
25,4.918748059718341,100.0,CRITICA,0.2962426453915137,0.013922466859943822,43.78594812745181,99.65004324913025,CRITICA,0.2962426453915137,0.013922466859943822,15.784725192412894,0.2002309958734835,20.54747965172166
26,4.826301218161683,100.0,CRITICA,0.29344493189223625,0.004179091816537623,43.85604928017719,99.77574944496155,CRITICA,0.29344493189223625,0.004179091816537623,15.742892693517707,0.19691333956538834,19.99416141370572
27,4.534668062942652,100.0,CRITICA,0.2833260555051477,0.008875485248529928,42.95778102350704,99.99035596847534,CRITICA,0.2833260555051477,0.008875485248529928,15.87479658073244,0.1903957464032374,19.43169206736067
28,4.72004910676488,100.0,CRITICA,0.2792921151763281,0.003928371006591931,43.57755482177631,99.9915361404419,CRITICA,0.2792921151763281,0.003928371006591931,15.785966538493346,0.19374087476186788,18.971956225906858
29,4.481972561485695,100.0,CRITICA,0.2830101204252348,0.011742784807525521,42.55475154759913,100.0,CRITICA,0.2830101204252348,0.011742784807525521,15.929364994844432,0.1885164214668333,18.55383119084619
30,4.13550880206097,100.0,CRITICA,0.2634114191400454,0.015532253083281142,40.9669099756691,100.0,CRITICA,0.2634114191400454,0.015532253083281142,16.106311169251132,0.1851487029652427,18.1691532157007
31,4.235484532458401,100.0,CRITICA,0.28773853600671273,0.003997538274401069,41.37223166158894,99.98974800109863,CRITICA,0.28773853600671273,0.003997538274401069,16.085184506687128,0.18467370541881198,17.70784106796428
32,4.2518486937857425,100.0,CRITICA,0.29322238132910017,0.012285902336679025,41.4169741697417,99.97206926345825,CRITICA,0.29322238132910017,0.012285902336679025,16.047422678200295,0.1868205003494583,17.388317985834735
33,4.383834231600743,100.0,CRITICA,0.2960118413628047,0.0098869306824006,41.83991047775646,99.96954798698425,CRITICA,0.2960118413628047,0.0098869306824006,15.912268307457493,0.1939745954685517,17.79607410704409
34,4.426509042511547,100.0,CRITICA,0.31635015790789156,0.004260916604707614,42.08824864949503,99.96868371963501,CRITICA,0.31635015790789156,0.004260916604707614,15.85345128517911,0.1953734929762012,18.187802379970947
35,4.297437106918239,100.0,CRITICA,0.3084677181942415,0.010973471288515543,41.632893081761004,99.96069073677063,CRITICA,0.3084677181942415,0.010973471288515543,15.932495859357914,0.19086623737660932,18.794148188506995
36,4.126529699332204,100.0,CRITICA,0.2807834505228852,0.013482771598464758,40.91874620570662,99.95846152305603,CRITICA,0.2807834505228852,0.013482771598464758,16.05448891247842,0.1858245484528898,18.919975114290967
37,4.005607615647777,100.0,CRITICA,0.3095395226000148,0.006149684698374247,40.488769894392384,99.95239973068237,CRITICA,0.3095395226000148,0.006149684698374247,16.11828542060339,0.18351139753590026,18.330079317140488
38,4.071767452368401,100.0,CRITICA,0.32488660576988454,0.0,40.75195421341969,99.94577765464783,CRITICA,0.32488660576988454,0.0,16.066691402210576,0.1868390441722747,18.800773298997196
39,4.41150394300913,100.0,CRITICA,0.3399406782789782,0.004585612375822924,41.91263162806614,99.62202906608582,CRITICA,0.3399406782789782,0.004585612375822924,15.865517626148959,0.19343264536900948,19.434693979143148
40,4.434177254224744,100.0,CRITICA,0.3093962507174651,0.011070647589497613,41.98032564450475,99.23985600471497,CRITICA,0.3093962507174651,0.011070647589497613,15.874321055718719,0.19150502888601503,19.705921626929392
41,4.270396867233979,100.0,CRITICA,0.3098107485329182,0.012996881122750908,41.188161759168615,99.51351881027222,CRITICA,0.3098107485329182,0.012996881122750908,15.997257785951076,0.1868329646145749,19.920762012003504
42,4.319225967540574,100.0,CRITICA,0.30860710170077166,0.01109060512780053,41.62826154806492,99.52559471130371,CRITICA,0.30860710170077166,0.01109060512780053,15.949896586943863,0.1869021671564793,20.198281706995875
43,4.4401823540246825,100.0,CRITICA,0.29513996823662597,0.004245337332782611,41.90263707251182,99.02836680412292,CRITICA,0.29513996823662597,0.004245337332782611,15.93297045840046,0.18488594750596443,20.43970452019804
44,4.588647400684659,100.0,CRITICA,0.29964873200557207,0.004251202729107061,42.77138762837354,98.63545894622803,CRITICA,0.29964873200557207,0.004251202729107061,15.790262051969524,0.18773936963312543,20.902295236626777
45,4.161414045311292,100.0,CRITICA,0.2900160361690766,0.0,40.9861747041684,99.91229176521301,CRITICA,0.2900160361690766,0.0,16.023637040517503,0.1806057386569054,20.28201833022936
46,4.5821196107495,100.0,CRITICA,0.2901885901262117,0.01327563594308529,43.15808468131726,99.40871596336365,CRITICA,0.2901885901262117,0.01327563594308529,15.73283573020408,0.18821255446853777,20.678507940874297
47,5.0394426800532734,100.0,CRITICA,0.2917156261809667,0.009215807053395414,44.53923778301404,98.15763235092163,CRITICA,0.2917156261809667,0.009215807053395414,15.58767364573055,0.19820404041157444,21.071121280817888
48,5.207613760964913,100.0,CRITICA,0.29610436067134804,0.00466531392174894,45.04617256030702,97.86012768745422,CRITICA,0.29610436067134804,0.00466531392174894,15.503024145521149,0.20368895912717697,21.45090792894329
49,5.148090815273478,100.0,CRITICA,0.2977100307964486,0.009171224751645848,44.84857241142071,98.60165119171143,CRITICA,0.2977100307964486,0.009171224751645848,15.546054978515382,0.20052452039722832,21.903182803023196
50,4.727375391407012,100.0,CRITICA,0.301916465830418,0.006409071410447736,44.089061136491964,99.8425841331482,CRITICA,0.301916465830418,0.006409071410447736,15.610037242000885,0.19402828899951838,22.117345223489636
51,5.439610619469026,100.0,CRITICA,0.29251658480397486,0.016198763057063487,46.16548672566372,98.69203567504883,CRITICA,0.29251658480397486,0.016198763057063487,15.37205148200836,0.20992485663683155,22.5505243094141
52,5.162018615887452,100.0,CRITICA,0.2875674196656191,0.013652592788242301,45.43644308654256,99.86855387687683,CRITICA,0.2875674196656191,0.013652592788242301,15.444541193491377,0.20555517243788338,22.934677028136367
53,5.332340807174888,100.0,CRITICA,0.2935347696691267,0.009001614809497674,45.94118385650224,99.84394907951355,CRITICA,0.2935347696691267,0.009001614809497674,15.403522386280715,0.2079560543953017,23.21625030565831
54,5.877191111111111,100.0,CRITICA,0.2918010068026225,0.011175836776238283,47.34359111111111,98.46222400665283,CRITICA,0.2918010068026225,0.011175836776238283,15.193115172533826,0.21677674095743224,23.271378527733127
55,5.322709518628832,100.0,CRITICA,0.3026443072985039,0.01625650107880894,45.75956410850916,99.74495768547058,CRITICA,0.3026443072985039,0.01625650107880894,15.408191476477281,0.21015775716303772,23.497897058333635
56,6.32189745529202,100.0,CRITICA,0.2923887268262922,0.005048187773461522,47.95078070128046,97.25178480148315,CRITICA,0.2923887268262922,0.005048187773461522,15.134595507730426,0.22563619233578278,23.458751300032514
57,6.395555555555555,100.0,CRITICA,0.29746020823283736,0.017490168827160937,48.33286925479697,97.27978706359863,CRITICA,0.29746020823283736,0.017490168827160937,15.083773258720676,0.23108430525484092,23.611776352339238
58,6.220589268155639,100.0,CRITICA,0.30320545654193437,0.014691591690258264,47.57797794634078,97.5136935710907,CRITICA,0.30320545654193437,0.014691591690258264,15.135379109856364,0.2269059944178141,23.82545000167513
59,5.71904424778761,100.0,CRITICA,0.307778441164964,0.016729106783348106,46.53610619469026,98.69380593299866,CRITICA,0.307778441164964,0.016729106783348106,15.241897624922627,0.22042214916264433,24.0845868889703
60,5.107671957671958,100.0,CRITICA,0.3065571014371166,0.01580044959322331,44.71308641975309,99.92945194244385,CRITICA,0.3065571014371166,0.01580044959322331,15.472738189897651,0.20484847534669162,24.187883007333717
61,5.143440502586844,100.0,CRITICA,0.3211306099833243,0.009515075198263521,45.14748706577975,99.95750188827515,CRITICA,0.3211306099833243,0.009515075198263521,15.436565038029011,0.2118425491414523,24.647247991121613
62,5.099866194127007,100.0,CRITICA,0.3124783283041035,0.01492371097349751,44.86661001012585,99.90235567092896,CRITICA,0.3124783283041035,0.01492371097349751,15.456564336906848,0.20852858231763727,24.866019033340226
63,5.135856522615275,100.0,CRITICA,0.3146940104598349,0.011333211925781598,45.024529649916644,99.9468743801117,CRITICA,0.3146940104598349,0.011333211925781598,15.463516466130876,0.2103032048075065,25.128788832015314
64,5.16558764940239,100.0,CRITICA,0.32451134611706917,0.022813041001108016,45.15212364826409,99.96265172958374,CRITICA,0.32451134611706917,0.022813041001108016,15.44602596662939,0.2091942312803745,25.237776002047433
65,6.282880733944954,100.0,CRITICA,0.305863878570651,0.1491689889132506,48.158550458715595,97.89174199104309,CRITICA,0.305863878570651,0.1491689889132506,15.08077096411921,0.23514552205266312,25.435946329055007
66,5.469139556096078,100.0,CRITICA,0.3223886955481099,0.1528009336249144,46.264214046822744,99.90699887275696,CRITICA,0.3223886955481099,0.1528009336249144,15.313605131119818,0.21551038522974653,25.540822652851347
67,5.493599738912862,100.0,CRITICA,0.30816846033065476,0.14863507776729032,46.42361388113283,99.88396167755127,CRITICA,0.30816846033065476,0.14863507776729032,15.319452371470328,0.21631709137192814,25.547928438664133
68,5.669077065991512,100.0,CRITICA,0.2940091329580169,0.13891239925674267,46.838327170725485,99.66849684715271,CRITICA,0.2940091329580169,0.13891239925674267,15.258753675399987,0.21634489592456882,25.458357560367048
69,6.480963323834911,100.0,CRITICA,0.3001178698957212,0.16703166605768224,48.65114440665502,98.34175705909729,CRITICA,0.3001178698957212,0.16703166605768224,15.079612244650502,0.23447504107377415,25.553222414405077
70,5.461018325624095,100.0,CRITICA,0.31656307351155477,0.1470768676963449,45.76460930051905,99.65572953224182,CRITICA,0.31656307351155477,0.1470768676963449,15.436332015163224,0.20738542967913967,25.583592970044933
71,6.4296589079197775,100.0,CRITICA,0.3209671037741674,0.13963897217419632,48.39302444737228,98.7520158290863,CRITICA,0.3209671037741674,0.13963897217419632,15.117973110938935,0.23415093491815434,25.592472836208064
72,6.044867001388741,100.0,CRITICA,0.31263849552464207,0.15494325777716414,47.25885767190115,99.56735372543335,CRITICA,0.31263849552464207,0.15494325777716414,15.215677770261163,0.2245038113694077,25.632683883080027
73,5.627830439328751,100.0,CRITICA,0.3097180873088887,0.13841739461849598,46.02262637343801,99.46519732475281,CRITICA,0.3097180873088887,0.13841739461849598,15.341359841803525,0.215407115674333,25.616852451188137
74,5.388160074206586,100.0,CRITICA,0.31113640107653673,0.1522370095702271,44.73078579473928,99.33412671089172,CRITICA,0.31113640107653673,0.1522370095702271,15.493437641282906,0.208052351770338,25.54122577891196
75,5.480826965065503,100.0,CRITICA,0.28577836379511334,0.17717213875293,45.09908911026201,99.20681118965149,CRITICA,0.28577836379511334,0.17717213875293,15.456561885691773,0.2125515573930361,25.39500725925636
76,5.548802538209607,100.0,CRITICA,0.28774047067386926,0.20743114306325885,45.25771015283843,99.02258515357971,CRITICA,0.28774047067386926,0.20743114306325885,15.426494071530454,0.21198702776972053,25.370891610034214
77,5.7498629385964914,100.0,CRITICA,0.2901420093160084,0.19459010558150394,45.654296875,98.8555371761322,CRITICA,0.2901420093160084,0.19459010558150394,15.392507830942638,0.21757872449138307,25.55213397848373
78,6.1958711237799085,100.0,CRITICA,0.28851637616804626,0.16089663278370633,46.897901010624516,98.76824617385864,CRITICA,0.28851637616804626,0.16089663278370633,15.241458040437166,0.2271656889086059,25.661341012730595
79,7.232536662849544,100.0,CRITICA,0.2988523274042617,0.17537779833506537,50.668002659672716,98.89180064201355,CRITICA,0.2988523274042617,0.17537779833506537,14.863098090080307,0.2557697046215397,25.572484820158095
80,7.004112676056338,100.0,CRITICA,0.290586174348043,0.07012082971291334,49.767417840375586,98.88074994087219,CRITICA,0.290586174348043,0.07012082971291334,14.952285273660383,0.25000163969929107,25.631819306008186
81,6.676019265232975,100.0,CRITICA,0.30513387366613737,0.07589466384404109,48.68705197132616,98.2918918132782,CRITICA,0.30513387366613737,0.07589466384404109,15.05892455595972,0.24319278676472159,25.741428372437813
82,6.56013986013986,100.0,CRITICA,0.31765538884081024,0.19220755083133848,47.69193963930806,98.20942282676697,CRITICA,0.31765538884081024,0.19220755083133848,15.209977827787535,0.23340108959110561,25.514484657716334
83,6.782847252909118,100.0,CRITICA,0.30902832833476146,0.06902361776066358,48.233926204153775,97.39283919334412,CRITICA,0.30902832833476146,0.06902361776066358,15.167818152058441,0.23796529769908378,25.64897223108455
84,7.1841557135674785,100.0,CRITICA,0.30959750246396295,0.12694814904687443,49.407545069309776,97.14500904083252,CRITICA,0.30959750246396295,0.12694814904687443,15.0365660927289,0.24551479740063897,25.64159304162264
85,7.43113271374141,100.0,CRITICA,0.30951963080935785,0.19999790217664942,49.689972581276926,96.28067016601562,CRITICA,0.30951963080935785,0.19999790217664942,15.00512779638248,0.25308581122824075,25.703124073692152
86,7.3957516339869285,100.0,CRITICA,0.3346795547106659,0.2308906545678875,49.09434124527004,95.94083428382874,CRITICA,0.3346795547106659,0.2308906545678875,15.045970215325115,0.25113450971035056,25.528365876515583
87,7.4765595463137995,100.0,CRITICA,0.3103085137055631,0.21807726560434318,49.18836569857364,96.23131155967712,CRITICA,0.3103085137055631,0.21807726560434318,15.045087284805966,0.2553756343910147,25.464671386381
88,7.798268717516505,100.0,CRITICA,0.3160493125277758,0.07051020488718622,50.50856861918809,96.14587426185608,CRITICA,0.3160493125277758,0.07051020488718622,14.915960836828827,0.2580671265612842,25.436111066729687
89,8.380843441867064,100.0,CRITICA,0.32098925527690425,0.21106421927832122,51.84007235582039,95.32347321510315,CRITICA,0.32098925527690425,0.21106421927832122,14.788841361744067,0.27513966543455415,25.074045031131234
90,8.367682243303385,100.0,CRITICA,0.2917939073243288,0.2993828352807363,51.31566531144908,94.70126628875732,CRITICA,0.2917939073243288,0.2993828352807363,14.870811979052714,0.26487139824355116,25.129189939358742
91,8.837275436355895,100.0,CRITICA,0.3031654425612468,0.2841548692192803,52.11363133248191,94.01277303695679,CRITICA,0.3031654425612468,0.2841548692192803,14.775026986456021,0.28303576055731194,25.14081575976731
92,8.896803791086914,100.0,CRITICA,0.2949927478290074,0.2604244354539229,51.764401425018484,92.85138249397278,CRITICA,0.2949927478290074,0.2604244354539229,14.83657592386609,0.2777552813898321,25.151233413374555
93,9.40959244959245,100.0,CRITICA,0.28839517522272223,0.2388533962443261,52.67279279279279,92.66237616539001,CRITICA,0.28839517522272223,0.2388533962443261,14.763965214126317,0.29298925735061115,25.25565090493325
94,9.429843058628318,100.0,CRITICA,0.3019517744531903,0.20896497719726778,52.543815680309734,92.48824715614319,CRITICA,0.3019517744531903,0.20896497719726778,14.75507759153308,0.2935444665447458,25.499700183166816
95,9.861323841369144,100.0,CRITICA,0.30372985530630253,0.2709138224268513,53.866555207996264,91.67295694351196,CRITICA,0.30372985530630253,0.2709138224268513,14.626267997763733,0.30562713721164797,25.37425341696725
96,9.883291903409091,100.0,CRITICA,0.30835877580621285,0.24468916318684283,53.8427734375,90.82918763160706,CRITICA,0.30835877580621285,0.24468916318684283,14.676583153122959,0.2987494653526874,25.36751144299549
97,10.310657225853305,100.0,CRITICA,0.3204548193013482,0.2499151591980236,54.714433551198255,90.41031002998352,CRITICA,0.3204548193013482,0.2499151591980236,14.607369550023463,0.31235202851453553,25.478696207382235
98,10.705585364036068,100.0,CRITICA,0.2963369247592854,0.2510905376782387,55.96978165288024,90.273118019104,CRITICA,0.2963369247592854,0.2510905376782387,14.54934685900887,0.31352233662349244,25.69027342147079
99,10.737794567368232,100.0,CRITICA,0.29126121482509226,0.24430105157144383,55.62944774239971,89.88487124443054,CRITICA,0.29126121482509226,0.24430105157144383,14.54584108688693,0.31700207671363867,25.645806088954146
100,11.22688231813373,100.0,CRITICA,0.3070579260596529,0.23009678143251622,56.460632250892075,89.87789154052734,CRITICA,0.3070579260596529,0.23009678143251622,14.502127888198562,0.32625961347711396,25.67012623371126
101,11.76351788116494,100.0,CRITICA,0.3012406691379905,0.19697516326749703,57.05125875714111,87.1171772480011,CRITICA,0.3012406691379905,0.19697516326749703,14.472885125861847,0.33844490710663466,25.801977261327846
102,13.038943488943488,100.0,CRITICA,0.2924685044574582,0.24262695289673236,59.16045981045981,81.19515776634216,CRITICA,0.2924685044574582,0.24262695289673236,14.343088415487193,0.36126968324968584,25.68701599030797
103,14.113562689532573,100.0,CRITICA,0.29244796622791946,0.23163842831973108,60.8429188887727,74.95555877685547,CRITICA,0.29244796622791946,0.23163842831973108,14.277276576032136,0.3833656432975099,25.695554719645656
104,15.125985886259858,99.99827146530151,CRITICA,0.29706764176589184,0.2302467705818694,62.07356095198561,74.20610189437866,CRITICA,0.29706764176589184,0.2302467705818694,14.23397153351579,0.4010516942974174,25.784576245113982
105,15.859483597442313,99.9965250492096,CRITICA,0.305441387011819,0.22097806739070747,62.94250417014179,70.13136148452759,CRITICA,0.305441387011819,0.22097806739070747,14.22726919551262,0.41419269139238185,25.78564137583014
106,16.931397306397308,99.99473690986633,CRITICA,0.31626848190084117,0.23259717858075032,64.22476501122334,68.45012903213501,CRITICA,0.31626848190084117,0.23259717858075032,14.229295741501932,0.4305837758997346,25.826487195530234
107,17.57928240740741,99.9964952468872,CRITICA,0.3054625986395245,0.2185401694354659,64.81798891694724,66.14407896995544,CRITICA,0.3054625986395245,0.2185401694354659,14.231366505714021,0.440079822060007,25.81905336865367
108,18.41973886328725,100.0,CRITICA,0.2871990213679665,0.23266006818000173,65.60281385281385,64.84429836273193,CRITICA,0.2871990213679665,0.23266006818000173,14.235357895480616,0.45076894978952353,25.844313799211662
109,19.39224214450559,100.0,CRITICA,0.2825233052558348,0.22489292702313585,66.69710633765311,61.94390058517456,CRITICA,0.2825233052558348,0.22489292702313585,14.24895019727218,0.4659562468693738,25.766278824300535
110,20.46731022378236,100.0,CRITICA,0.2861711642537281,0.22737233935772896,67.72265028521281,60.6529176235199,CRITICA,0.2861711642537281,0.22737233935772896,14.278246608409273,0.48123551067582765,25.752967733617616
111,21.76287942077416,99.99825954437256,CRITICA,0.28736088061451925,0.2299706234124348,68.88991576162628,58.302003145217896,CRITICA,0.28736088061451925,0.2299706234124348,14.309483048928957,0.5013715353627393,25.688493533273355
112,23.431803422553752,100.0,CRITICA,0.2987662093639191,0.2326443409978984,70.41583150504607,55.24001717567444,CRITICA,0.2987662093639191,0.2326443409978984,14.372410349283287,0.5245611418720059,25.76791446830496
113,24.941632538765795,99.98424649238586,CRITICA,0.2953205244754708,0.23156899463556507,71.49504707900172,53.00850868225098,CRITICA,0.2953205244754708,0.23156899463556507,14.471267839947755,0.545782418345369,25.715743814078113
114,26.228506397213504,99.99138116836548,CRITICA,0.31407782625400166,0.22271840625814857,72.3248094630479,48.62399697303772,CRITICA,0.31407782625400166,0.22271840625814857,14.547277201372705,0.5599580666653402,25.694177336270698
115,26.717138468290543,99.98480677604675,CRITICA,0.3079366212021097,0.20273117260076873,72.22835536199591,47.40466773509979,CRITICA,0.3079366212021097,0.20273117260076873,14.604093227428791,0.5656348797640488,25.559006050781804
116,27.969643347993404,99.967360496521,CRITICA,0.31090359232923875,0.1900274425347429,73.06265461792194,46.02460265159607,CRITICA,0.31090359232923875,0.1900274425347429,14.677576358695523,0.5810817969624179,25.381327635165132
117,29.164704645785157,99.94744658470154,CRITICA,0.30636287978539567,0.20071062468742737,73.68555111765119,44.89524066448212,CRITICA,0.30636287978539567,0.20071062468742737,14.76760490465341,0.5969456939589468,25.330521337754284
118,31.09145541958042,99.88527297973633,CRITICA,0.31855628900250077,0.23433387975503894,75.13066360722611,43.47319304943085,CRITICA,0.31855628900250077,0.23433387975503894,14.890496857769683,0.6215029855927666,25.517810616456238
119,32.32618010426337,99.70185160636902,CRITICA,0.3188043880396193,0.24899027744443916,75.8806862815111,42.33914017677307,CRITICA,0.3188043880396193,0.24899027744443916,14.996065564928301,0.6354162725917685,25.52407791879073
120,33.909476911150655,99.55601692199707,CRITICA,0.284018275977696,0.25963555981977854,76.75755386810903,40.87457358837128,CRITICA,0.284018275977696,0.25963555981977854,15.13073878986936,0.648653622813302,25.553511140367775
121,35.266257773234514,99.49058890342712,CRITICA,0.29493497888595444,0.2628850636697745,77.69431808501577,40.26918709278107,CRITICA,0.29493497888595444,0.2628850636697745,15.229322711310543,0.6658955412362607,25.61686675118693
122,36.91363651653268,99.20111894607544,CRITICA,0.3047896142849224,0.2480505977734112,78.7540953277944,38.9636367559433,CRITICA,0.3047896142849224,0.2480505977734112,15.362499581162378,0.68404929015342,25.621366866731762
123,38.063593162167514,98.71790409088135,CRITICA,0.2988746168336144,0.24515369322242528,79.48409345917761,37.31436729431152,CRITICA,0.2988746168336144,0.24515369322242528,15.462522700219868,0.6954824348312935,25.590112062695486
124,39.3064542245539,98.4309732913971,CRITICA,0.2601079121240762,0.24460495692828982,80.11778231160335,35.524141788482666,BIEN,0.2601079121240762,0.24460495692828982,15.593847933353226,0.7085863118984402,25.620944760792664
125,40.11225503334542,98.0938732624054,CRITICA,0.21982888146957294,0.2452214288994952,80.50789096126256,35.17429530620575,BIEN,0.21982888146957294,0.2452214288994952,15.669045857625363,0.7176138467154857,25.62630945564457
126,40.42908112264514,97.59784936904907,CRITICA,0.19695120942688482,0.24559780234901377,80.160338331411,35.421761870384216,BIEN,0.19695120942688482,0.24559780234901377,15.754110987047866,0.7171890058731948,25.50587644536714
127,41.22761658818168,96.82819247245789,CRITICA,0.2508930135752821,0.23935159481245144,80.33688288014584,35.47318875789642,BIEN,0.2508930135752821,0.23935159481245144,15.863627789045868,0.721770347334874,25.41576736852975
128,41.83283296943232,96.33369445800781,CRITICA,0.24532760367252066,0.23888299648535488,80.41413452207667,35.43182909488678,BIEN,0.24532760367252066,0.23888299648535488,15.963801087714717,0.7270474487574088,25.385313849800575
129,42.574605085000755,95.21889686584473,CRITICA,0.2723727189750736,0.23185220647972687,80.68381224612607,36.13058626651764,BIEN,0.2723727189750736,0.23185220647972687,16.073167204306685,0.7303626610343662,25.253222121724043
130,43.87821046373365,93.72027516365051,CRITICA,0.28813140430674666,0.22420459450149052,81.29713139120095,36.428359150886536,BIEN,0.28813140430674666,0.22420459450149052,16.22829099831735,0.7418732183208162,25.063453547104885
131,44.65774251712946,92.14857816696167,CRITICA,0.28722646427136467,0.22123273799996054,81.57097728092319,37.15110123157501,BIEN,0.28722646427136467,0.22123273799996054,16.354750596790307,0.7463276301891888,24.996678244974547
132,45.90784501720151,90.21769762039185,CRITICA,0.28156617970072784,0.21307104552114833,82.22677795950595,36.863404512405396,BIEN,0.28156617970072784,0.21307104552114833,16.471899989107794,0.756598706589398,24.868107072125262
133,46.132314065353064,88.86572122573853,CRITICA,0.28303624945243644,0.23349599542476185,81.98122257651323,37.63933181762695,BIEN,0.28303624945243644,0.23349599542476185,16.575959834552485,0.7547614227976377,24.63830069671245
134,46.129869108918676,86.36584281921387,CRITICA,0.3041133085439612,0.22148719588009527,81.63536548615751,38.45498859882355,BIEN,0.3041133085439612,0.22148719588009527,16.631006979498956,0.7506931551431603,23.607568203183945
135,46.30097162844928,84.64697599411011,CRITICA,0.30768024811607775,0.23086204367988847,81.4356781966576,38.94286751747131,BIEN,0.30768024811607775,0.23086204367988847,16.69624969255043,0.7481108382998297,22.688866557935
136,47.09031566003427,82.2979211807251,CRITICA,0.30386686664838425,0.22143214709930406,81.72367646481692,39.50525224208832,BIEN,0.30386686664838425,0.22143214709930406,16.791308187563942,0.7533294021974547,21.859664114474384
137,47.36515810696095,80.87462782859802,CRITICA,0.30688780176543284,0.22769239911311193,81.65611735993208,40.08515477180481,BIEN,0.30688780176543284,0.22769239911311193,16.861332406940836,0.7529245851566934,21.09098437359081
138,49.06794608686006,78.37095856666565,CRITICA,0.3238951154121602,0.2016137929558775,82.48039270064895,40.35720229148865,BIEN,0.3238951154121602,0.2016137929558775,17.085537064340844,0.7725821577368474,21.328100324632405
139,49.736535765368984,76.66577100753784,CRITICA,0.33684432488418137,0.19522818494740787,82.7756928610879,40.63132703304291,BIEN,0.33684432488418137,0.19522818494740787,17.17764282160347,0.7746795378119685,21.372972998655012
140,51.04417560127499,75.0825822353363,CRITICA,0.336476631550637,0.16341807054268268,83.57715155027529,40.246304869651794,BIEN,0.336476631550637,0.16341807054268268,17.329089469082362,0.7864358390319879,21.53780971125987
141,51.071331698167654,74.76842999458313,CRITICA,0.3365461878070499,0.12213391889952119,83.5271100851248,40.917617082595825,BIEN,0.3365461878070499,0.12213391889952119,17.3646569090614,0.7835211263995566,21.760593453482254
142,50.17069949731618,74.97941255569458,CRITICA,0.346925855277921,0.05266884258128758,82.85733151571952,42.44980216026306,BIEN,0.346925855277921,0.05266884258128758,17.273384525777637,0.7762289973426896,21.74448673063319
143,47.34608152203971,76.60942673683167,CRITICA,0.33925683558200037,0.08524826841213412,80.76717272274763,44.961562752723694,BIEN,0.33925683558200037,0.08524826841213412,17.05789203595973,0.7429507849786385,21.799331421730496
144,44.50254237288136,77.32914090156555,CRITICA,0.3538189033289123,0.0562208192689424,78.16319026790596,48.88463616371155,CRITICA,0.3538189033289123,0.0562208192689424,16.926450282344618,0.7089254388870064,21.080125873954568
145,42.23458699663519,77.4842619895935,CRITICA,0.3338353161761939,0.03399886726426386,76.13350700097688,52.84923315048218,CRITICA,0.3338353161761939,0.03399886726426386,16.851518634870573,0.6791833032236109,20.38050054147753
146,39.212429163034,78.12636494636536,CRITICA,0.34999338112574124,0.04638007234913622,73.42705154751526,57.698071002960205,CRITICA,0.34999338112574124,0.04638007234913622,16.727425503462243,0.642941692789155,19.789915191973822
147,36.193777677488505,80.60248494148254,CRITICA,0.3531965954274896,0.008120425618901599,71.64011508193947,61.36998534202576,CRITICA,0.3531965954274896,0.008120425618901599,16.436399501258133,0.6160822820134152,20.043991336104927
148,31.463890045814242,84.52450633049011,CRITICA,0.3508565484577739,0.00819988971222505,68.34425933638762,65.62543511390686,CRITICA,0.3508565484577739,0.00819988971222505,16.05573695288332,0.5622768830417108,20.308500565580015
149,27.859733927700773,88.23570609092712,CRITICA,0.3516115642562916,0.0,66.52104200041792,69.36407089233398,CRITICA,0.3516115642562916,0.0,15.717773230248195,0.52596612025584,20.500398907264717
150,24.578597217151433,91.11868143081665,CRITICA,0.3333577508077633,0.0,64.39285762578935,72.9828417301178,CRITICA,0.3333577508077633,0.0,15.448432322022764,0.48150036120219425,19.860749552743716
151,20.77749670619236,94.08037066459656,CRITICA,0.33250624616037516,0.004008796934912236,62.20791831357049,77.08168625831604,CRITICA,0.33250624616037516,0.004008796934912236,15.14244900117005,0.4438089219144632,19.302211746822337
152,17.42058194712416,96.34197354316711,CRITICA,0.33615243892430036,0.017716196597775277,60.33368097199771,81.77504539489746,CRITICA,0.33615243892430036,0.017716196597775277,14.863738311228989,0.40219004432105526,18.85075349363103
153,14.929085587723462,98.31118583679199,CRITICA,0.34928895232728807,0.0,59.12113062279175,84.57258939743042,CRITICA,0.34928895232728807,0.0,14.652801914468565,0.37857671966509665,18.39266647810592
154,12.902631578947368,99.62078332901001,CRITICA,0.35502600191195854,0.0,58.235330634278,86.76922917366028,CRITICA,0.35502600191195854,0.0,14.479031346394756,0.3564183242396768,18.003496807577406
155,11.54730229120473,99.99589323997498,CRITICA,0.3478111765349888,0.0,57.40462894527935,90.06323218345642,CRITICA,0.3478111765349888,0.0,14.413308742068157,0.3383516764733472,18.46782896586289
156,10.826795263296072,100.0,CRITICA,0.33590436369826293,0.02459966913667515,56.20649155048293,90.63851833343506,CRITICA,0.33590436369826293,0.02459966913667515,14.48324952013843,0.3216678383346211,18.083005803814554
157,10.942017879948914,99.99716281890869,CRITICA,0.34201523251020616,0.0,56.807180360437066,92.70185828208923,CRITICA,0.34201523251020616,0.0,14.423712577577053,0.32873967230691475,18.555197391266027
158,11.064510116000632,99.98996257781982,CRITICA,0.3247700904892515,0.0,57.05018568704205,93.36258172988892,CRITICA,0.3247700904892515,0.0,14.412542140519385,0.33081914854805006,18.83127628606364
159,11.182643779342722,99.99266266822815,CRITICA,0.3279391681470734,0.0,57.406264671361505,93.61502528190613,CRITICA,0.3279391681470734,0.0,14.396098415596363,0.33495974061920303,19.388698177703525
160,11.019833285426847,99.98993873596191,CRITICA,0.3286833703943186,0.012311947585885297,57.245314745616554,93.6087965965271,CRITICA,0.3286833703943186,0.012311947585885297,14.341174979716886,0.33496801199085313,19.705728018937293
161,11.002962323842393,99.99424815177917,CRITICA,0.32536731875802183,0.01436459428100751,57.358153580673,94.17169690132141,CRITICA,0.32536731875802183,0.01436459428100751,14.354584029918103,0.3332021829633609,20.003278337893214
162,10.86530612244898,99.99431371688843,CRITICA,0.32919249472313483,0.004005611787507398,56.779805162483115,93.28593015670776,CRITICA,0.32919249472313483,0.004005611787507398,14.357655223215367,0.3333408126995638,20.29141842204366
163,10.687535783808542,99.99427199363708,CRITICA,0.3508918489867294,0.0,56.56707317073171,92.42528080940247,CRITICA,0.3508918489867294,0.0,14.437425043218163,0.32367213890087737,20.58130126676048
164,10.802354024576246,99.99136924743652,CRITICA,0.37431198333747945,0.0,56.65771676882788,92.75230765342712,CRITICA,0.37431198333747945,0.0,14.419495794984504,0.3266785425531285,20.658992180012326
165,10.905494096067866,99.992835521698,CRITICA,0.35857764795809477,0.00847762106569103,57.15649719133326,93.0972695350647,CRITICA,0.35857764795809477,0.00847762106569103,14.410568554583026,0.3266720845134987,20.896643049884556
166,11.007572749446934,99.9900758266449,CRITICA,0.3431638609706256,0.008810914672734529,57.40100119121902,93.97299885749817,CRITICA,0.3431638609706256,0.008810914672734529,14.400037210323129,0.328140138651651,20.88223677270274
167,11.113106156138944,99.9971330165863,CRITICA,0.3495073576713304,0.00907807007490557,57.21663991745959,91.51381254196167,CRITICA,0.3495073576713304,0.00907807007490557,14.489623982510047,0.3268908561293653,21.04391063971372
168,11.142331573819598,100.0,CRITICA,0.3568700595048958,0.004859582186225297,57.10522182960346,91.16753339767456,CRITICA,0.3568700595048958,0.004859582186225297,14.459423205466118,0.3298828054710395,21.149129682105713
169,11.236669632265718,100.0,CRITICA,0.3568097603872489,0.0044054573363672645,57.64048042704626,91.78677201271057,CRITICA,0.3568097603872489,0.0044054573363672645,14.437093743618005,0.3315952222176659,21.579087902022362
170,11.172501882724708,100.0,CRITICA,0.35400402416817567,0.0,57.62911061561407,92.84712076187134,CRITICA,0.35400402416817567,0.0,14.433175919651456,0.33193880122157754,21.54323341911625
171,11.006950325613994,100.0,CRITICA,0.3500499918221464,0.00441937422467524,57.74051630990275,94.38133239746094,CRITICA,0.3500499918221464,0.00441937422467524,14.422307817288996,0.3276220013391431,21.505310741244063
172,10.660220224916792,99.99560117721558,CRITICA,0.3438788620636617,0.009499606665054618,57.28566192102986,95.0046181678772,CRITICA,0.3438788620636617,0.009499606665054618,14.452611595217267,0.3198788525545609,21.663439541512123
173,10.199849306811332,100.0,CRITICA,0.34531316498431325,0.004214011027769452,56.2081223628692,93.79294514656067,CRITICA,0.34531316498431325,0.004214011027769452,14.527191268712583,0.3131644634976522,21.99421047966054
174,9.196354947526237,100.0,CRITICA,0.3192520622025925,0.014973324776386888,54.22273238380809,97.38880395889282,CRITICA,0.3192520622025925,0.014973324776386888,14.699445660614588,0.289137751564259,22.218906317213257
175,8.438620297904569,99.99842047691345,CRITICA,0.35789175775760695,0.0,53.157614869982325,97.83830046653748,CRITICA,0.35789175775760695,0.0,14.728775038798467,0.2759686341550826,22.38866320249854
176,7.918707397121939,100.0,CRITICA,0.32695657752602836,0.009356321989271122,51.784492552385764,98.63355159759521,CRITICA,0.32695657752602836,0.009356321989271122,14.835732901846498,0.2632436565470802,22.462747141430334
177,7.745994103320087,100.0,CRITICA,0.3545159147329429,0.004430290126827222,51.43603384181515,99.12992119789124,CRITICA,0.3545159147329429,0.004430290126827222,14.84502635756725,0.2621384020652458,22.452945518504688
178,6.4448243114909785,100.0,CRITICA,0.33891558314947323,0.013482771598464758,48.50997150997151,99.60113763809204,CRITICA,0.33891558314947323,0.013482771598464758,15.189198771754786,0.22830204519910233,22.774858703219284
179,6.319016425183129,100.0,CRITICA,0.3378992371721734,0.013652592788242301,48.204556455516475,99.60469603538513,CRITICA,0.3378992371721734,0.013652592788242301,15.194128577653071,0.2295205825354358,22.94896356265157
180,6.221734148204736,100.0,CRITICA,0.3159879797728225,0.0,47.82868601986249,99.8153805732727,CRITICA,0.3159879797728225,0.0,15.209412014262556,0.22732781993574178,23.241690208280414
181,5.958321774180388,100.0,CRITICA,0.3458145878169585,0.008881786299749238,47.13538079929503,99.84660148620605,CRITICA,0.3458145878169585,0.008881786299749238,15.295001215589924,0.2254168552308161,23.329912410527747
182,5.650405712431029,100.0,CRITICA,0.3293580430202606,0.01700918503007209,45.979844206426485,99.87179636955261,CRITICA,0.3293580430202606,0.01700918503007209,15.404729738205564,0.21667475446562878,23.543383761530148
183,5.568213783403657,100.0,CRITICA,0.32998526790056226,0.013332148306149434,45.74091857025074,99.87228512763977,CRITICA,0.32998526790056226,0.013332148306149434,15.417235838190885,0.21782825749323606,23.585722051758097
184,5.299067360822766,100.0,CRITICA,0.31341860138542554,0.014279886949438495,44.468172091092015,99.90897178649902,CRITICA,0.31341860138542554,0.014279886949438495,15.539668718456067,0.2117349719259627,23.79975851823351
185,5.100348818772792,100.0,CRITICA,0.3183933282230003,0.013678111675535445,44.1066909782781,99.90645051002502,CRITICA,0.3183933282230003,0.013678111675535445,15.617927175891655,0.2080998976311361,23.986016559779063
186,4.852499810333055,99.99848008155823,CRITICA,0.3095302631907779,0.004687402728247584,43.3099006145209,99.93172287940979,CRITICA,0.3095302631907779,0.004687402728247584,15.730395052959665,0.19875350048672533,23.894284410670664
187,4.5271248263084765,100.0,CRITICA,0.2651792597984119,0.008317104820690738,41.896320634553035,99.98841881752014,CRITICA,0.2651792597984119,0.008317104820690738,15.899201116852185,0.19296813736111965,23.001629610596666
188,4.44997835206999,100.0,CRITICA,0.25957441692702166,0.008540693800267644,41.66572610143175,100.0,CRITICA,0.25957441692702166,0.008540693800267644,15.956216035235112,0.1901176188069232,22.173059320877055
189,4.430059843486267,100.0,CRITICA,0.2565906000773006,0.01298591791445427,41.63164032530305,99.99846816062927,CRITICA,0.2565906000773006,0.01298591791445427,15.95801508358347,0.19114963481860303,22.24886307721365
190,4.423445716053202,100.0,CRITICA,0.25557591128364254,0.01282051282051282,41.70595422208475,100.0,CRITICA,0.25557591128364254,0.01282051282051282,15.93621653164655,0.1893859083208612,22.3343279791164
191,4.328869608952597,100.0,CRITICA,0.26173499583478127,0.00843611554849441,41.45283226455425,100.0,CRITICA,0.26173499583478127,0.00843611554849441,15.977593439852264,0.18879315959917775,22.486882927878327
192,4.135231371110703,100.0,CRITICA,0.27114503198092954,0.011764705882352941,40.628415551072806,100.0,CRITICA,0.27114503198092954,0.011764705882352941,16.074888246719194,0.18061222151172907,22.453055411027677
193,3.9552428158376114,100.0,CRITICA,0.2686892804299968,0.007751413974762569,39.948884758364315,100.0,CRITICA,0.2686892804299968,0.007751413974762569,16.18174111172887,0.1774121731981256,21.675839951059537
194,3.8509994121105233,100.0,CRITICA,0.24023497131038962,0.011757385222540735,39.576925338036446,100.0,CRITICA,0.24023497131038962,0.011757385222540735,16.247127580653903,0.17038419368379976,20.92977443706577
195,3.832686654908877,100.0,CRITICA,0.2616373552454844,0.012034225871422001,39.48009994121105,100.0,CRITICA,0.2616373552454844,0.012034225871422001,16.24741895090909,0.17312787767945462,20.33004829994839
196,3.789373869834316,100.0,CRITICA,0.25483134100588845,0.012186968616908322,39.35184722365152,99.99852776527405,CRITICA,0.25483134100588845,0.012186968616908322,16.257974776164193,0.16915315494077723,19.786064422659088
197,3.775354229282954,100.0,CRITICA,0.2706346264902283,0.013869637845354558,39.11321024760269,99.99856948852539,CRITICA,0.2706346264902283,0.013869637845354558,16.29294837378853,0.17069599575171593,19.286273039661374
198,3.7903977272727274,100.0,CRITICA,0.27025667606602727,0.007644676846153128,39.18508522727273,100.0,CRITICA,0.27025667606602727,0.007644676846153128,16.28133794369,0.169635899515354,18.76186478334617
199,3.8647812960343044,100.0,CRITICA,0.25844162443338947,0.0036574869219245356,39.60887067368697,100.0,CRITICA,0.25844162443338947,0.0036574869219245356,16.238624584914877,0.1736392728465189,18.429199958381
200,3.917436143422473,100.0,CRITICA,0.2466820339694354,0.009227941260971229,39.873051325098935,100.0,CRITICA,0.2466820339694354,0.009227941260971229,16.204443031666152,0.17099075356514995,18.09945306652362
201,3.7553991856965836,100.0,CRITICA,0.25108381689205944,0.004154997124535235,38.90097067327551,100.0,CRITICA,0.25108381689205944,0.004154997124535235,16.319516526769153,0.1734288883600487,17.80124649383678
202,3.738369940313097,100.0,CRITICA,0.25476793798278563,0.0,38.62336527495964,99.99852180480957,CRITICA,0.25476793798278563,0.0,16.321588691838684,0.1722567611753826,17.514426315497058
203,3.70360106763123,100.0,CRITICA,0.25514575594934336,0.007726385800263427,38.467176173738025,99.98978972434998,CRITICA,0.25514575594934336,0.007726385800263427,16.30968477129871,0.17389325479764295,17.235547669482585
204,3.7986460179562425,100.0,CRITICA,0.24769726909716522,0.003739421880705857,38.48237789464509,100.0,CRITICA,0.24769726909716522,0.003739421880705857,16.24116647176826,0.17997008218175647,17.01414317830254
205,3.9222281229716174,100.0,CRITICA,0.25069480738471966,0.012919287645341126,38.98490883342185,100.0,CRITICA,0.25069480738471966,0.012919287645341126,16.205229123944214,0.18134519377804925,16.84163304296516
206,3.9680697303993866,100.0,CRITICA,0.2563171643325435,0.009247417217233133,39.369889682024656,100.0,CRITICA,0.2563171643325435,0.009247417217233133,16.132539025679073,0.178627383328403,16.622339851756525
207,4.1244048911077344,100.0,CRITICA,0.30108216310931174,0.01204469648756003,39.85225381665581,99.91173148155212,CRITICA,0.30108216310931174,0.01204469648756003,16.0611697104222,0.18606072216525402,16.458237445434246
208,4.076108594674129,100.0,CRITICA,0.2714445486479753,0.010059223176554562,39.94010559418366,99.90912079811096,CRITICA,0.2714445486479753,0.010059223176554562,16.057430265857626,0.18507971631732478,16.28896416012317
209,3.959758258999913,100.0,CRITICA,0.2914346198975651,0.006041661946620115,39.27643315803237,99.94043707847595,CRITICA,0.2914346198975651,0.006041661946620115,16.123986376060422,0.18941755761412882,16.123915353053846
210,3.936919459141681,100.0,CRITICA,0.30270184170838577,0.004442865039830092,38.89641387419165,99.9382734298706,CRITICA,0.30270184170838577,0.004442865039830092,16.228380521182817,0.18344484559321683,15.965254581646978
211,3.9366028024020587,100.0,CRITICA,0.25233784245559776,0.007936507936507936,38.74270803545897,99.91850256919861,CRITICA,0.25233784245559776,0.007936507936507936,16.216497003372428,0.19495881690669267,15.858474634857016
212,4.188698357571811,100.0,CRITICA,0.2978473668271714,0.009802220830697086,39.766008248317775,99.9319851398468,CRITICA,0.2978473668271714,0.009802220830697086,16.062833492285,0.1938500508299548,15.755908401478964
213,4.084361360223429,100.0,CRITICA,0.28600185830509,0.009661338150900978,39.253491081077286,99.93544220924377,CRITICA,0.28600185830509,0.009661338150900978,16.126349526084166,0.19401148254672398,15.657976026425061
214,4.284326685441692,100.0,CRITICA,0.27971720007463274,0.014377197317297514,40.49839071210989,99.90947842597961,CRITICA,0.27971720007463274,0.014377197317297514,15.961252739757354,0.19430873687087213,15.564292758834517
215,4.229009680241583,100.0,CRITICA,0.2934853320324866,0.007934259315429652,40.507013236248696,99.92097616195679,CRITICA,0.2934853320324866,0.007934259315429652,16.01779559491077,0.19169152995201932,15.534219417621653
216,4.193782049485807,100.0,CRITICA,0.293987604505681,0.012341917379408774,40.352971670356155,99.93274807929993,CRITICA,0.293987604505681,0.012341917379408774,16.03181773262204,0.19085595332072233,15.51712754677316
217,3.9904962895528153,100.0,CRITICA,0.3119863039152305,0.004210983599779403,39.497530966371485,99.95034337043762,CRITICA,0.3119863039152305,0.004210983599779403,16.121959057375296,0.18947699573500532,15.434502440605147
218,3.899513600173908,100.0,CRITICA,0.3015985217282033,0.008414584511827201,38.8222466780794,99.94021654129028,CRITICA,0.3015985217282033,0.008414584511827201,16.177370634075952,0.19090426157213036,15.364345509598527
219,3.812391275257594,100.0,CRITICA,0.2898180281739704,0.003911834989261844,38.459320219456714,99.94781017303467,CRITICA,0.2898180281739704,0.003911834989261844,16.218385140563043,0.19211609496931212,15.283457877017353
220,3.9190006961923634,100.0,CRITICA,0.28652829027631155,0.014789952486991153,38.97480319177422,99.94109272956848,CRITICA,0.28652829027631155,0.014789952486991153,16.14199771150696,0.191494308573809,15.206855335599128
221,4.075968352253182,100.0,CRITICA,0.28968075269134186,0.01351403579709972,40.25147574819402,99.92982745170593,CRITICA,0.28968075269134186,0.01351403579709972,16.013672947988514,0.18751246335975333,15.1182007212859
222,4.050906947458672,100.0,CRITICA,0.3168431054137075,0.012162606385262998,39.88574069608553,99.930340051651,CRITICA,0.3168431054137075,0.012162606385262998,16.022972320100436,0.18550385945085993,15.128361039748858
223,3.974498023304203,100.0,CRITICA,0.3046224536565224,0.007733140316559851,39.38397315855181,99.92587566375732,CRITICA,0.3046224536565224,0.007733140316559851,16.079520178751583,0.18893221101495952,15.053683786976123
224,3.853204257964652,100.0,CRITICA,0.2985624591933598,0.007808628577671009,38.73253232170725,99.90357160568237,CRITICA,0.2985624591933598,0.007808628577671009,16.165462224445942,0.18339898691625708,14.974488583613011
225,3.793890854907804,100.0,CRITICA,0.31663457291516156,0.0038110796698335296,38.393083752405786,99.9230146408081,CRITICA,0.31663457291516156,0.0038110796698335296,16.207431331821724,0.18565023833075076,14.887909429407655
226,3.701056200604937,100.0,CRITICA,0.32488863067187906,0.0077000572116376256,37.933859400917164,99.9390184879303,CRITICA,0.32488863067187906,0.0077000572116376256,16.295507094578838,0.18537221856792027,14.821900342394379
227,3.664280696654797,100.0,CRITICA,0.3115361911330048,0.003795483253806417,37.73910568514885,99.94186758995056,CRITICA,0.3115361911330048,0.003795483253806417,16.324988748155477,0.18509472900503574,14.761725191781258
228,3.7291574551707196,100.0,CRITICA,0.2724638526428247,0.0037170355171094022,38.05304593465979,99.95701313018799,CRITICA,0.2724638526428247,0.0037170355171094022,16.288657435695107,0.1865108476754175,14.746840073135484
229,3.7466092466092467,100.0,CRITICA,0.29389737743586314,0.011516335992621966,38.228974853974854,99.94802474975586,CRITICA,0.29389737743586314,0.011516335992621966,16.268860761852157,0.1853462584057252,14.574508451742396
230,3.7810590127427934,100.0,CRITICA,0.2662822323308975,0.009252305504725172,38.43384881850798,99.95051622390747,CRITICA,0.2662822323308975,0.009252305504725172,16.231005118525204,0.18639208952038225,14.610176018580589
231,3.664458595618016,100.0,CRITICA,0.25739125232237237,0.008740440868622124,37.9823964280486,99.9597430229187,CRITICA,0.25739125232237237,0.008740440868622124,16.30203052624786,0.1832252281337322,14.584025836235176
232,3.6464888695104523,100.0,CRITICA,0.2720683719333109,0.007240818297806719,37.944710897948305,99.95397329330444,CRITICA,0.2720683719333109,0.007240818297806719,16.31602462288466,0.17929986912913323,14.61858222235242
233,3.589907235621521,100.0,CRITICA,0.2632051139427246,0.012136707681445674,37.78300556586271,99.94681477546692,CRITICA,0.2632051139427246,0.012136707681445674,16.334211425470585,0.17656348916902256,14.578358116863047
234,3.566267638432587,100.0,CRITICA,0.26739046365955055,0.003681050869161551,37.532029253678736,99.97356534004211,CRITICA,0.26739046365955055,0.003681050869161551,16.397962512199506,0.1750176871253684,14.612159217136
235,3.5533722782793413,100.0,CRITICA,0.2748715406331756,0.012431442001442134,37.39726435501211,99.95337128639221,CRITICA,0.2748715406331756,0.012431442001442134,16.40011119434781,0.17806752689518737,14.661293884538871
236,3.636406844106464,100.0,CRITICA,0.2608207062245001,0.011043152607484653,37.728001086366106,99.96197819709778,CRITICA,0.2608207062245001,0.011043152607484653,16.370471924857853,0.17944265087103642,14.701760855228077
237,3.8029838488913223,100.0,CRITICA,0.2808215612771966,0.009389208183359586,38.573076923076925,99.94935393333435,CRITICA,0.2808215612771966,0.009389208183359586,16.25886415467659,0.18291978850285648,14.689940500655705
238,3.94230509937168,100.0,CRITICA,0.28872388014833694,0.011712942866506513,39.271714801930806,99.950110912323,CRITICA,0.28872388014833694,0.011712942866506513,16.17353375532255,0.18168675251618152,14.703142655962266
239,4.113319971093931,100.0,CRITICA,0.2916262143495748,0.011874508331318274,40.15816528272044,99.94682669639587,CRITICA,0.2916262143495748,0.011874508331318274,16.070236417507225,0.18423880198879417,14.702940726287247
240,4.231791371642774,100.0,CRITICA,0.28225226771896605,0.007733140316559851,40.78079780730629,99.85489249229431,CRITICA,0.28225226771896605,0.007733140316559851,16.011278447813424,0.1810315891901955,14.72749986999736
241,4.364995742869306,100.0,CRITICA,0.30205271199870276,0.012016835362522195,41.54914325244785,99.80177879333496,CRITICA,0.30205271199870276,0.012016835362522195,15.893561769107817,0.18761929441235622,14.657850933072725
242,4.294101633393829,100.0,CRITICA,0.3177546353317673,0.003744373042011536,40.78997925849106,99.83925223350525,CRITICA,0.3177546353317673,0.003744373042011536,15.950904412242897,0.18672499001447138,14.609194487069928
243,4.193167305236271,100.0,CRITICA,0.3027810458563617,0.0130735077291573,40.09455938697318,99.9195396900177,CRITICA,0.3027810458563617,0.0130735077291573,16.01292689926941,0.19063346506459644,14.616113370873864
244,4.221517843309405,100.0,CRITICA,0.30431220978253937,0.003745318352059925,39.95335175334401,99.90574717521667,CRITICA,0.30431220978253937,0.003745318352059925,15.961207751859057,0.1966453167539524,14.604052754016507
245,4.324686082440339,100.0,CRITICA,0.29052679107962703,0.0038757069873812844,40.55505883899809,99.90401864051819,CRITICA,0.29052679107962703,0.0038757069873812844,15.875539755250356,0.20045651755191254,14.494182952555985
246,4.462204403370481,100.0,CRITICA,0.2994864532378031,0.013544627881062494,41.38503669475401,99.88855719566345,CRITICA,0.2994864532378031,0.013544627881062494,15.751804068546981,0.2030765065242791,14.514933675926788
247,4.500708963523132,100.0,CRITICA,0.29829031062741834,0.0224074662204549,41.762830849644125,99.83040690422058,CRITICA,0.29829031062741834,0.0224074662204549,15.731524285240493,0.19914198820771323,14.558874466223966
248,4.588830036690667,100.0,CRITICA,0.3030125697155956,0.004008796934912236,42.07462274821374,99.82620477676392,CRITICA,0.3030125697155956,0.004008796934912236,15.666192852946626,0.20199016799923789,14.633425355872227
249,4.690810131881935,100.0,CRITICA,0.29527697921548823,0.009787709763035845,42.388221338357404,99.7515857219696,CRITICA,0.29527697921548823,0.009787709763035845,15.632693199230891,0.2041220525587332,14.63973670228673
250,4.732646451108505,100.0,CRITICA,0.31951705399187225,0.00990789028035699,42.58278885352097,99.6174693107605,CRITICA,0.31951705399187225,0.00990789028035699,15.611310905159069,0.204219275101898,14.637498586529375
251,4.7930344714199595,100.0,CRITICA,0.32682309327115294,0.004110217692552916,42.65729983010906,99.63281750679016,CRITICA,0.32682309327115294,0.004110217692552916,15.598721208822122,0.2063937741642006,14.68296891268314
252,4.627215766079366,100.0,CRITICA,0.31816233843901875,0.011482123332789982,41.786202002891876,99.68938827514648,CRITICA,0.31816233843901875,0.011482123332789982,15.698670229809984,0.2061763523999851,14.672541128578168
253,4.479526294660779,100.0,CRITICA,0.30277406277753915,0.0038291417599754314,41.13136625183996,99.73371028900146,CRITICA,0.30277406277753915,0.0038291417599754314,15.760507953519333,0.20831055261057074,14.667185603420938
254,4.644021739130435,100.0,CRITICA,0.32329537496328975,0.009932008107685623,41.97683747412008,99.86628890037537,CRITICA,0.32329537496328975,0.009932008107685623,15.678829452442537,0.2046713714767804,14.703925751144386
255,4.6253187934218625,100.0,CRITICA,0.3330038978089632,0.005819808898654712,42.046990883240994,99.91059303283691,CRITICA,0.3330038978089632,0.005819808898654712,15.662380261052476,0.20630305819953487,14.755226435932572
256,4.706779299197951,100.0,CRITICA,0.33139879429113067,0.01422144633543105,42.54185599707237,99.9268114566803,CRITICA,0.33139879429113067,0.01422144633543105,15.609093840809278,0.2055644282865039,15.469323429621753
257,4.600318761384335,100.0,CRITICA,0.3129277135115839,0.012194215216993848,42.216560412871885,99.94535446166992,CRITICA,0.3129277135115839,0.012194215216993848,15.619287317716147,0.2057089771660309,15.657811959851463
258,4.527625625148845,100.0,CRITICA,0.3221300471559493,0.008032128514056224,41.678405572755416,99.9345064163208,CRITICA,0.3221300471559493,0.008032128514056224,15.665291103402733,0.20573820251940858,15.35180471781011
259,4.423504235921789,100.0,CRITICA,0.31640436768172775,0.008031545609848915,41.17452290915487,99.94576573371887,CRITICA,0.31640436768172775,0.008031545609848915,15.724638553858206,0.20507028297379595,15.329044375552687
260,4.370693051967953,100.0,CRITICA,0.31555166507029564,0.003965725612490276,40.86011995972155,99.91389513015747,CRITICA,0.31555166507029564,0.003965725612490276,15.765177471443243,0.20367275205652977,15.240663441660125
261,4.428615384615385,100.0,CRITICA,0.30773551647888714,0.009692823204978334,41.187018315018314,99.91501569747925,CRITICA,0.30773551647888714,0.009692823204978334,15.741634465783116,0.204088171019056,15.170287553879628
262,4.483752371916508,100.0,CRITICA,0.31027643446704034,0.009689309657465577,41.50572224857685,99.91698265075684,CRITICA,0.31027643446704034,0.009689309657465577,15.692090379496529,0.2015721550443336,15.149786776969487
263,4.639174161400097,100.0,CRITICA,0.3080965550752606,0.005965234511213669,42.36079545454545,99.92251992225647,CRITICA,0.3080965550752606,0.005965234511213669,15.605147505431688,0.2017915380742454,15.981547576357958
264,4.627200756233014,100.0,CRITICA,0.3026298722836057,0.005815821362113486,41.85469100791681,99.92024302482605,CRITICA,0.3026298722836057,0.005815821362113486,15.624798285320383,0.20538185384949825,15.893928346506943
265,4.600600203009842,100.0,CRITICA,0.30848961005326414,0.008029797658373352,41.739603101048885,99.9058485031128,CRITICA,0.30848961005326414,0.008029797658373352,15.628831027934893,0.20647414521509555,15.725962461432122
266,4.6136860451376585,100.0,CRITICA,0.31341461467942644,0.013380741361614528,41.99497814013943,99.89365339279175,CRITICA,0.31341461467942644,0.013380741361614528,15.616333329646627,0.20608814896795827,15.665257528491587
267,4.5137575863678805,100.0,CRITICA,0.30659157406532,0.01338814631036152,41.575688608776844,99.95185732841492,CRITICA,0.30659157406532,0.01338814631036152,15.660640493167561,0.2080027363485825,15.566919496825996
268,4.4037037037037035,100.0,CRITICA,0.3025441953852184,0.011901388973144479,41.136266666666664,99.99407529830933,CRITICA,0.3025441953852184,0.011901388973144479,15.721627699338947,0.2042347270892596,15.456983275625586
269,4.331573529411765,100.0,CRITICA,0.3024504671962083,0.003963762451287451,41.0232205882353,99.99706149101257,CRITICA,0.3024504671962083,0.003963762451287451,15.74228200737508,0.2031423857109231,15.216449839991755
270,4.301264096978319,100.0,CRITICA,0.30542917670461406,0.013869637845354558,40.91142429496584,99.99406933784485,CRITICA,0.30542917670461406,0.013869637845354558,15.74578537086766,0.20304004109364016,15.195992762892747
271,4.281080203165604,100.0,CRITICA,0.3049488620148778,0.011891287353862353,40.87116111504843,99.99409317970276,CRITICA,0.3049488620148778,0.011891287353862353,15.75787887157524,0.20403284390684395,15.166927822557076
272,4.244649446494465,100.0,CRITICA,0.3007330148642662,0.013862433640147885,40.72069372693727,99.99114274978638,CRITICA,0.3007330148642662,0.013862433640147885,15.761426000575195,0.204928924257054,15.141267453864016
273,4.240184179943216,100.0,CRITICA,0.30758751257113803,0.003965725612490276,40.78227930035159,99.99264478683472,CRITICA,0.30758751257113803,0.003965725612490276,15.761257768572365,0.2058863162943322,14.930504847120151
274,4.166928309785453,100.0,CRITICA,0.2753825165667644,0.0076608112566008595,40.37711494854352,99.99709129333496,CRITICA,0.2753825165667644,0.0076608112566008595,15.795709367549742,0.2076574344005853,14.952633595047514
275,4.097552597681409,100.0,CRITICA,0.2973013322685253,0.013380741361614528,39.97785888077859,100.0,CRITICA,0.2973013322685253,0.013380741361614528,15.846867837044227,0.20591170758799604,14.942531736034947
276,4.136102648230607,100.0,CRITICA,0.28715146946232606,0.011608304300919968,40.492822826341694,99.98095631599426,CRITICA,0.28715146946232606,0.011608304300919968,15.79753755533423,0.2029071027274496,14.933918768861677
277,4.121052631578947,100.0,CRITICA,0.29677697294762523,0.011351915229662496,40.60722747038537,99.9730110168457,CRITICA,0.29677697294762523,0.011351915229662496,15.84362894993177,0.19631931274890457,14.872196095910436
278,4.152160498472375,100.0,CRITICA,0.2832330405070375,0.005536365323582665,40.960311846244146,99.96839165687561,CRITICA,0.2832330405070375,0.005536365323582665,15.801859567257468,0.19558581650806064,14.927056709857021
279,4.234547410481021,100.0,CRITICA,0.2921927678023004,0.01436459428100751,41.583648378669125,99.85400438308716,CRITICA,0.2921927678023004,0.01436459428100751,15.748113661732253,0.19335374325017982,15.766735693181804
280,4.234111206263763,100.0,CRITICA,0.2851436806194285,0.0,41.376177514069,99.76143836975098,CRITICA,0.2851436806194285,0.0,15.775658765716322,0.19413733296508703,16.513776251287446
281,4.065587430067849,100.0,CRITICA,0.26148269125737394,0.00405030947065503,40.789816688489466,99.77532625198364,CRITICA,0.26148269125737394,0.00405030947065503,15.855018933859279,0.19411843495767978,16.369308929459006
282,4.040190476190476,100.0,CRITICA,0.2651651115505398,0.008301614312467608,40.65217582417582,99.77582693099976,CRITICA,0.2651651115505398,0.008301614312467608,15.875714957515864,0.1879573668145095,16.188546514868317
283,3.9483836269550556,100.0,CRITICA,0.2569354628459193,0.005592573519187652,40.3517501017501,99.75870847702026,CRITICA,0.2569354628459193,0.005592573519187652,15.93770165795727,0.18551043123252045,16.062905957104675
284,3.876126518983662,100.0,CRITICA,0.26382193352838856,0.008003714585551571,39.73015873015873,99.75725412368774,CRITICA,0.26382193352838856,0.008003714585551571,15.984145147090823,0.18266995488083979,15.914565549968517
285,3.7178021599264706,100.0,CRITICA,0.25628073934946927,0.0072978607176252645,38.99373851102941,99.66107606887817,CRITICA,0.25628073934946927,0.0072978607176252645,16.07114539493765,0.18349475782651556,15.778231738203095
286,3.722660346189758,100.0,CRITICA,0.24698787655027454,0.007378315856982862,39.04368311427135,99.49723482131958,CRITICA,0.24698787655027454,0.007378315856982862,16.0764282941484,0.17943879214346636,15.733874003586056
287,3.5481081081081083,100.0,CRITICA,0.23514273077986986,0.0071420828518662955,38.124085644085646,99.55071806907654,CRITICA,0.23514273077986986,0.0071420828518662955,16.171577379300544,0.17999949256870254,15.63914004735187
288,3.466918498168498,100.0,CRITICA,0.23715117653703421,0.007148238582763265,37.972599015567766,99.63513016700745,CRITICA,0.23715117653703421,0.007148238582763265,16.243225617810218,0.1728182220013527,15.584560277982348
289,3.3800926985580224,100.0,CRITICA,0.22254421573328748,0.010838237993129888,37.692392423895626,99.79113936424255,CRITICA,0.22254421573328748,0.010838237993129888,16.2924452986722,0.1722115630084604,15.48406457456894
290,3.3399310305517558,100.0,CRITICA,0.24309560269213262,0.007153586444218339,37.613514591883266,99.86462593078613,CRITICA,0.24309560269213262,0.007153586444218339,16.29678746730016,0.1692641288990235,15.437378131433565
291,3.305893621816543,100.0,CRITICA,0.23097861917329623,0.008640616333226348,37.710699797160245,99.83237385749817,CRITICA,0.23097861917329623,0.008640616333226348,16.292700467585217,0.16898425356248395,15.400328681995806
292,3.29902896273013,100.0,CRITICA,0.2296826827437115,0.0,37.610378311629994,99.75583553314209,CRITICA,0.2296826827437115,0.0,16.294179534497378,0.1683574952605739,15.385963290407263
293,3.3352706552706555,100.0,CRITICA,0.24998510169518998,0.003505665790515006,37.53371794871795,99.65669512748718,CRITICA,0.24998510169518998,0.003505665790515006,16.304390053705443,0.16789020621579911,15.328976761748747
294,3.307465660207933,100.0,CRITICA,0.2546091982065157,0.011947307479911433,37.529330882662435,99.574875831604,CRITICA,0.2546091982065157,0.011947307479911433,16.306318904783275,0.16672216099329842,15.304718423173101
295,3.341088983408918,100.0,CRITICA,0.2307239879197631,0.007082186720528884,37.471451508408215,99.49437975883484,CRITICA,0.2307239879197631,0.007082186720528884,16.312255484763416,0.16756313319603852,15.284918121852389
296,3.3352785761983568,100.0,CRITICA,0.22703204792033807,0.010505384075852347,37.47144557674999,99.42659139633179,CRITICA,0.22703204792033807,0.010505384075852347,16.307048091059322,0.16537928127719345,15.294937282776338
297,3.3435897435897437,100.0,CRITICA,0.23106496131281834,0.008353730156528362,37.38003457216941,99.36041235923767,CRITICA,0.23106496131281834,0.008353730156528362,16.313270517881445,0.16571199284994928,15.209658676683395
298,3.3432153217689895,100.0,CRITICA,0.23778903037773466,0.00872194038508051,37.529719969214376,99.50417280197144,CRITICA,0.23778903037773466,0.00872194038508051,16.28663220403698,0.16456249643455698,15.152080756652312
299,3.2643711915424714,100.0,CRITICA,0.23835770686503574,0.007148238582763265,37.30342852947654,99.60208535194397,CRITICA,0.23835770686503574,0.007148238582763265,16.31619250851547,0.16510365557999854,15.090205506118146
300,3.2154898966165413,100.0,CRITICA,0.23742391127970983,0.010828702045605248,37.1511248825188,99.62993264198303,CRITICA,0.23742391127970983,0.010828702045605248,16.34588579606112,0.16099681761616497,15.028374974276344
301,3.1943249963434255,100.0,CRITICA,0.221161381633704,0.010691060611702006,36.87866023109551,99.61094260215759,CRITICA,0.221161381633704,0.010691060611702006,16.366663956777373,0.16214693461141913,14.98288483824744
302,3.0702174607322243,100.0,CRITICA,0.23240219492352715,0.007059913136422131,36.10730772580786,99.80547428131104,CRITICA,0.23240219492352715,0.007059913136422131,16.442037653828564,0.1644410372515462,14.921208469863958
303,3.0568802355833835,100.0,CRITICA,0.2302831907192021,0.006899300506756944,35.74283100323069,99.6855080127716,CRITICA,0.2302831907192021,0.006899300506756944,16.444178233243598,0.16643290499432595,14.95305327981757
304,2.918215071627392,100.0,CRITICA,0.2182590609085447,0.012167188045541927,35.001501041985456,99.91838932037354,CRITICA,0.2182590609085447,0.012167188045541927,16.52678789506283,0.16561561025796293,14.91005419519201
305,2.919055696918292,100.0,CRITICA,0.2295027101300703,0.004952285546002911,34.75566864574498,99.75826740264893,CRITICA,0.2295027101300703,0.004952285546002911,16.561330479286486,0.16633878067685523,14.859346017191847
306,2.9134134134134135,100.0,CRITICA,0.23469864978080296,0.007153586444218339,34.942199342199345,99.76691007614136,CRITICA,0.23469864978080296,0.007153586444218339,16.566545836736598,0.16483866380269127,14.909522048440612
307,2.9684076071529946,100.0,CRITICA,0.23563692642404105,0.007225491995419925,35.18851830826001,99.74595308303833,CRITICA,0.23563692642404105,0.007225491995419925,16.51384227913609,0.16664345789999965,14.898846254768756
308,2.9779934024785284,100.0,CRITICA,0.24120244581050987,0.010846522890932807,35.590418734583494,99.80385899543762,CRITICA,0.24120244581050987,0.010846522890932807,16.497986723640235,0.16374957782534663,14.961688700092436
309,2.951083064804869,100.0,CRITICA,0.24337489463594483,0.0035388974569632156,35.69487707363647,99.8150110244751,CRITICA,0.24337489463594483,0.0035388974569632156,16.551197247320413,0.15978779882403468,14.936178563108204
310,2.9107906455513284,100.0,CRITICA,0.23508310908570584,0.003621263623578676,35.45160576838008,99.79356527328491,CRITICA,0.23508310908570584,0.003621263623578676,16.610697380584934,0.15600335729896495,14.92834826945347
311,2.9074979804655943,100.0,CRITICA,0.23243678036966048,0.003783971743220832,35.36078431372549,99.80759620666504,CRITICA,0.23243678036966048,0.003783971743220832,16.612077254596652,0.15623142026230372,14.934657055346783
312,2.8925664910795024,100.0,CRITICA,0.25034960745578894,0.003662119306722546,35.12294929023554,99.8866081237793,CRITICA,0.25034960745578894,0.003662119306722546,16.65599669267416,0.15468200909450772,14.83620969260786
313,2.918907236102706,100.0,CRITICA,0.238473994852951,0.012503257404040473,35.43660125068442,99.87031817436218,CRITICA,0.238473994852951,0.012503257404040473,16.639485787903435,0.15583361593878378,14.768942130926074
314,2.882049508659693,100.0,CRITICA,0.24565886661768987,0.007326007326007326,35.06432091294199,99.93516206741333,CRITICA,0.24565886661768987,0.007326007326007326,16.694789954096166,0.15509921566851592,14.554362113174019
315,2.8813549440298507,100.0,CRITICA,0.259519010054322,0.007575268485884845,35.051510027985074,99.92858171463013,CRITICA,0.259519010054322,0.007575268485884845,16.70542005172855,0.15737354137531348,14.604808254797794
316,2.890166428060129,100.0,CRITICA,0.25084569153919795,0.013229808826433192,35.06017358625626,99.94333386421204,CRITICA,0.25084569153919795,0.013229808826433192,16.733866869859778,0.15536827797474376,14.66390368883732
317,2.952039749746262,100.0,CRITICA,0.24012776981078962,0.00969493316905767,35.51512580855286,99.9257743358612,CRITICA,0.24012776981078962,0.00969493316905767,16.66860411690148,0.1553111993366509,14.726891366910916
318,3.0027165379059104,100.0,CRITICA,0.2414805147127875,0.00784313725490196,35.89669304691916,99.95917081832886,CRITICA,0.2414805147127875,0.00784313725490196,16.628849636731882,0.1577625773956587,15.603189114033487
319,3.0250667266938933,100.0,CRITICA,0.25167956485015264,0.01369580572762339,36.18915007878574,99.95015859603882,CRITICA,0.25167956485015264,0.01369580572762339,16.577576187875014,0.16089149731416463,16.295184107539335
320,3.0285046951713617,100.0,CRITICA,0.24513065561194164,0.0,36.03649681427459,99.95710253715515,CRITICA,0.24513065561194164,0.0,16.571082016223137,0.16175643733108244,16.952224821915557
321,3.154595791805094,100.0,CRITICA,0.23515802701072946,0.003981252627472084,36.53663977218795,100.0,CRITICA,0.23515802701072946,0.003981252627472084,16.476775563066234,0.16613290177261145,17.706502722248196
322,3.2458497375328084,100.0,CRITICA,0.249697652712228,0.008168438133509764,37.12257217847769,99.99343752861023,CRITICA,0.249697652712228,0.008168438133509764,16.389358688363515,0.16680172012653638,18.45105651819402
323,3.21033607505462,100.0,CRITICA,0.22891239595564725,0.011764705882352941,36.71091440688858,100.0,CRITICA,0.22891239595564725,0.011764705882352941,16.437275990354763,0.16703841715759193,18.118834695850268
324,3.2696535119857635,100.0,CRITICA,0.26807093298608087,0.00899096636930599,37.0963222722356,100.0,CRITICA,0.26807093298608087,0.00899096636930599,16.397230333024712,0.16380815518465064,19.522431021728323
325,3.360711142404506,100.0,CRITICA,0.2672015727752254,0.0,37.22774159478965,100.0,CRITICA,0.2672015727752254,0.0,16.387727817892845,0.17087115403110023,20.342548287061604
326,4.303443354800937,100.0,CRITICA,0.31323316204229457,0.004940033796862828,41.53800131733021,99.96523857116699,CRITICA,0.31323316204229457,0.004940033796862828,15.925401764797318,0.18452358454421466,21.621800908071833
327,4.9719199656381985,100.0,CRITICA,0.3357284804602796,0.016450650711833395,43.340056553797695,99.93377923965454,CRITICA,0.3357284804602796,0.016450650711833395,15.677729612364326,0.20050937011019054,22.855570909970446
328,5.544900609329737,100.0,CRITICA,0.4126789825373691,0.028212140377730524,45.9027070222755,99.71231818199158,CRITICA,0.4126789825373691,0.028212140377730524,15.345954474531062,0.21314352516219967,23.871445595115713
329,5.938332090744488,100.0,CRITICA,0.43370430700554474,0.013395563566504122,47.01469805091064,99.26722645759583,CRITICA,0.43370430700554474,0.013395563566504122,15.26004838214211,0.22537816662321508,24.90584853325883
330,6.260817361141993,100.0,CRITICA,0.39222887127567246,0.07431605356175383,47.64570640814693,98.57028722763062,CRITICA,0.39222887127567246,0.07431605356175383,15.207450045027183,0.21991654000379537,25.526580515729044
331,6.31429780033841,100.0,CRITICA,0.40377243591184697,0.018107149208503703,47.78375189242141,98.44821691513062,CRITICA,0.40377243591184697,0.018107149208503703,15.153037544889772,0.23543978677015778,26.26618064514657
332,6.1936656969055806,100.0,CRITICA,0.40765632115668504,0.017677669529663688,47.204641629198626,98.26324582099915,CRITICA,0.40765632115668504,0.017677669529663688,15.211273022740865,0.222746623002214,27.129842265414432
333,6.29063710718898,100.0,CRITICA,0.4162571710481535,0.16916587996236107,47.19160568230736,98.0241060256958,CRITICA,0.4162571710481535,0.16916587996236107,15.225200523377449,0.23035196189546034,27.756192290443412
334,6.56211536695141,100.0,CRITICA,0.432602138694019,0.23892906128744199,48.32169100762377,97.80242443084717,CRITICA,0.432602138694019,0.23892906128744199,15.056597033826147,0.23889096096369702,28.4601970834998
335,6.761231200735045,100.0,CRITICA,0.4432130413374092,0.23359386916474306,49.1946419072489,97.50713109970093,CRITICA,0.4432130413374092,0.23359386916474306,14.969237386940561,0.2435642446686692,29.058398827300458
336,6.678900836320191,100.0,CRITICA,0.4687684269202077,0.19523248448495092,48.84919952210275,97.89486527442932,CRITICA,0.4687684269202077,0.19523248448495092,15.040131526573166,0.23861641808314507,29.841740241407482
337,6.7622704671885,100.0,CRITICA,0.5013993968282777,0.40442730012173905,49.07239206419534,97.46221899986267,CRITICA,0.5013993968282777,0.40442730012173905,15.02513927693184,0.24005932494293855,30.579913770936894
338,6.908496732026144,100.0,CRITICA,0.4464422229997772,0.3224439321752738,49.236324786324786,96.53846025466919,CRITICA,0.4464422229997772,0.3224439321752738,14.987061762934937,0.24323997611802958,31.435139974989468
339,7.025740259740259,100.0,CRITICA,0.4350904741708834,0.294494137832885,49.360207792207795,96.38441801071167,CRITICA,0.4350904741708834,0.294494137832885,15.005268762850083,0.24701692940809217,31.990078453969048
340,7.122622622622623,100.0,CRITICA,0.4280599991936822,0.28814040212914654,49.7499868289342,95.95648050308228,CRITICA,0.4280599991936822,0.28814040212914654,14.977531861936768,0.24750736902656914,31.939971125843297
341,7.037291892170507,100.0,CRITICA,0.40951607837972165,0.28241168835924385,49.20993763208082,95.8893895149231,CRITICA,0.40951607837972165,0.28241168835924385,15.031483967755184,0.24533664891284276,32.453777162099584
342,6.8221696673787005,99.99745488166809,CRITICA,0.4261546656019016,0.42534669531361374,48.675261926558846,95.74814438819885,CRITICA,0.4261546656019016,0.42534669531361374,15.074605792951527,0.23671203075171277,32.906069395021696
343,5.532476452119309,100.0,CRITICA,0.37314421415036114,0.09801648731694339,45.67486754317112,98.5675036907196,CRITICA,0.37314421415036114,0.09801648731694339,15.391847523208327,0.21087316476448245,33.45886390333406
344,,,,,,,,,,,,,43.43414882723555
345,,,,,,,,,,,,,51.59089487912486
346,,,,,,,,,,,,,61.797807735878266
347,,,,,,,,,,,,,68.81596277097515
348,6.062308409969345,100.0,CRITICA,0.32137437455122886,0.014223081954493056,47.98267359722777,99.0670382976532,CRITICA,0.32137437455122886,0.014223081954493056,15.152197449991792,0.22548355136633988,65.7768524772409
349,7.182473544973545,100.0,CRITICA,0.37061312202295493,0.10362165182208123,50.19467592592593,96.08796238899231,CRITICA,0.37061312202295493,0.10362165182208123,14.974070526699268,0.2465090406327979,63.71116068899894
350,7.347449182941411,100.0,CRITICA,0.4083758840407084,0.11555878638011365,50.22814534343032,95.57592868804932,CRITICA,0.4083758840407084,0.11555878638011365,14.938611521536362,0.24878624152442294,61.58774217840698
351,7.150599623886302,100.0,CRITICA,0.35984254509876706,0.25399604864931136,49.49024262416376,95.2584981918335,CRITICA,0.35984254509876706,0.25399604864931136,15.025235119481552,0.24460396666948517,59.42624612008367
352,7.052633177428172,100.0,CRITICA,0.35563499272698407,0.17359891293525145,49.03040150640831,95.18617391586304,CRITICA,0.35563499272698407,0.17359891293525145,15.074071371878047,0.24031627810589642,57.32635391973276
353,6.920993031358885,100.0,CRITICA,0.36210064315378,0.22657626276927523,48.64997096399535,95.02903819084167,CRITICA,0.36210064315378,0.22657626276927523,15.074063781531617,0.23703277852972401,55.53158843913097
354,6.998201336150288,99.99714493751526,CRITICA,0.3465723343413277,0.3114560401591864,48.793296408382346,94.32421922683716,CRITICA,0.3465723343413277,0.3114560401591864,15.08333144189853,0.2390526329213067,54.182276327299704
355,6.978735217367165,100.0,CRITICA,0.3345706213620563,0.12430628287373288,48.770778968408194,94.2951500415802,CRITICA,0.3345706213620563,0.12430628287373288,15.066641191740551,0.23636135558781346,52.82695820112765
356,6.870801635356829,100.0,CRITICA,0.30495597397469926,0.029061142668451532,48.34696993220514,94.60487365722656,CRITICA,0.30495597397469926,0.029061142668451532,15.092533229163497,0.23313566993967003,51.30897502159795
357,6.582315699618239,100.0,CRITICA,0.34180016205401886,0.015249016377739823,47.28646290280511,95.0940191745758,CRITICA,0.34180016205401886,0.015249016377739823,15.219884528892822,0.22647380539880801,49.93160480973822
358,6.210702698087432,100.0,CRITICA,0.2588926509307614,0.018303683755958006,45.53944672131148,94.76818442344666,CRITICA,0.2588926509307614,0.018303683755958006,15.392493547077827,0.21427432313190586,48.476090454841895
359,6.0805553297016015,100.0,CRITICA,0.23336686073057755,0.02097681689587679,44.819477193267744,94.06455755233765,CRITICA,0.23336686073057755,0.02097681689587679,15.506292148579861,0.21285810137954572,46.437361488113154
360,6.168395493395494,100.0,CRITICA,0.25930284994791103,0.027527275793333576,44.747047397047396,93.36246848106384,CRITICA,0.25930284994791103,0.027527275793333576,15.549234075043865,0.2066918059222438,44.75863594300607
361,,,,,,,,,,,,,54.29648434335966
362,8.282293867303512,100.0,CRITICA,0.2855927434904264,0.05820751897345414,51.36884969841707,89.76455330848694,CRITICA,0.2855927434904264,0.05820751897345414,14.88967878304399,0.2594922133134883,52.98766551711149
363,8.557541359739162,100.0,CRITICA,0.2845576035456713,0.012498779475659834,51.90209515758966,88.98985385894775,CRITICA,0.2845576035456713,0.012498779475659834,14.837658257952832,0.2676895058069237,51.25233266349046
364,8.688374977848662,99.98818635940552,CRITICA,0.27689084642280376,0.12099586632527841,51.97005139110402,87.7606451511383,CRITICA,0.27689084642280376,0.12099586632527841,14.820243929863423,0.2677214149870935,49.85623146321892
365,8.918267809636417,99.99408721923828,CRITICA,0.2691467680313456,0.1512686801834733,52.41220809932013,86.91397905349731,CRITICA,0.2691467680313456,0.1512686801834733,14.792850451677268,0.27278507810396296,49.01706223864011
366,9.002366863905326,99.9940812587738,CRITICA,0.28456986217011465,0.12947938425214361,52.707041420118344,88.24556469917297,CRITICA,0.28456986217011465,0.12947938425214361,14.77015075408669,0.2776521400983663,48.27913948196163
367,9.224415490626786,99.99698996543884,CRITICA,0.2734407655056038,0.20213596152066426,53.076038877019826,87.10919618606567,CRITICA,0.2734407655056038,0.20213596152066426,14.752581824533603,0.28216988604351273,47.70210878990468
368,9.204620173983882,100.0,CRITICA,0.25903162689818726,0.09912346146000205,52.66276803118908,87.30615973472595,CRITICA,0.25903162689818726,0.09912346146000205,14.791151017969073,0.27982958951242737,47.179853591155656
369,9.107170868347339,100.0,CRITICA,0.26833090198028375,0.18966232737147043,52.10887955182073,87.07283139228821,CRITICA,0.26833090198028375,0.18966232737147043,14.834258611400408,0.27714136673046347,46.32566320965492
370,8.906412715812552,100.0,CRITICA,0.262160580195279,0.15007768053813436,51.40463140586462,85.66730618476868,CRITICA,0.262160580195279,0.15007768053813436,14.853641721531979,0.27249503311690915,45.522951887045835
371,9.098328552515445,100.0,CRITICA,0.26706211988344325,0.19745546839367523,51.672385260370696,85.81476211547852,CRITICA,0.26706211988344325,0.19745546839367523,14.838420659211284,0.27819530452221225,45.3042421342514
372,9.482958477508651,100.0,CRITICA,0.28008578874525936,0.18663825793028346,52.95020184544406,85.35755276679993,CRITICA,0.28008578874525936,0.18663825793028346,14.742274282028863,0.28440199310248265,44.595820636310904
373,9.341329335332334,100.0,CRITICA,0.266186537271519,0.17775963627137834,52.5394247320784,85.41840314865112,CRITICA,0.266186537271519,0.17775963627137834,14.782449984246934,0.28365848164738167,44.04657401300351
374,9.199741985068073,100.0,CRITICA,0.2823371563822701,0.18507287154146604,51.98454655248133,85.35902500152588,CRITICA,0.2823371563822701,0.18507287154146604,14.835908796154095,0.27737703377403666,43.27234281396747
375,9.08509069055944,100.0,CRITICA,0.281548043486361,0.23040798112970065,51.74338942307692,85.52775382995605,CRITICA,0.281548043486361,0.23040798112970065,14.844755082425058,0.2766853000445953,43.093654075235136
376,8.586356548856548,99.99480247497559,CRITICA,0.24639356742951185,0.24994389337044656,50.564786902286905,85.2884590625763,CRITICA,0.24639356742951185,0.24994389337044656,14.914975207981305,0.26720147241460984,42.38974890221287
377,8.22997248325632,100.0,CRITICA,0.2564722149446269,0.25676145202365874,50.02004049633975,86.69591546058655,CRITICA,0.2564722149446269,0.25676145202365874,15.000515843697178,0.2643597250629664,41.84792246016562
378,7.949092665073959,99.99491572380066,CRITICA,0.3411046880210072,0.16498368604919672,49.30231789762619,87.45996952056885,CRITICA,0.3411046880210072,0.16498368604919672,15.116029087421119,0.24806751258624918,41.36115878053946
379,7.706123383894941,100.0,CRITICA,0.3624599481562523,0.2439244615565303,48.78634327598493,89.05884027481079,CRITICA,0.3624599481562523,0.2439244615565303,15.148284095542694,0.24502974204743344,40.978603783801404
380,7.801041666666666,100.0,CRITICA,0.39070922051932344,0.22388538453807838,49.5014155982906,89.51923251152039,CRITICA,0.39070922051932344,0.22388538453807838,15.079944559627023,0.24330315745280218,41.04192440466726
381,7.582123171507314,100.0,CRITICA,0.34258478058824376,0.20768350801297672,49.18955374178503,90.78863859176636,CRITICA,0.34258478058824376,0.20768350801297672,15.08440532248332,0.2457043828590706,40.851241644629745
382,7.4338701298701295,100.0,CRITICA,0.36584767230068055,0.48062532924252116,48.71735064935065,91.78701043128967,CRITICA,0.36584767230068055,0.48062532924252116,15.098218019403788,0.24389961270932461,40.4881347134371
383,7.1792654973091485,100.0,CRITICA,0.34034157626800265,0.03468460741080977,48.5260863065577,93.06607246398926,CRITICA,0.34034157626800265,0.03468460741080977,15.106249073744344,0.2378495901539649,40.31260729410285
384,6.838180948654406,99.99565482139587,CRITICA,0.3367276091133676,0.013246195059520061,46.98010956045389,92.78509616851807,CRITICA,0.3367276091133676,0.013246195059520061,15.229985207691737,0.22946352115823143,39.70716987885879
385,6.738916349809886,99.99619722366333,CRITICA,0.27953768427260833,0.021406241372164646,46.11519011406844,92.43345856666565,CRITICA,0.27953768427260833,0.021406241372164646,15.29480144482438,0.23056132142954866,38.60147334904241
386,,,,,,,,,,,,,47.22771820252196
387,9.914255254340542,99.98477101325989,CRITICA,0.24954013128523067,0.02487592975524973,56.20118793786171,90.62849283218384,CRITICA,0.24954013128523067,0.02487592975524973,14.429549329014064,0.30059676162496,47.2515134619959
388,9.999176531137417,99.98456239700317,CRITICA,0.22463444023894757,0.02831057891567135,56.3452907874421,90.3602659702301,CRITICA,0.22463444023894757,0.02831057891567135,14.410079024403302,0.3049561698682888,47.95602243062647
389,10.424283921031611,99.98288154602051,CRITICA,0.2406844520471278,0.025507216374642365,57.14601163984937,90.28300642967224,CRITICA,0.2406844520471278,0.025507216374642365,14.368244756736477,0.3133954551374331,47.75984118940609
390,10.675030303030303,100.0,CRITICA,0.1986562678391487,0.0,57.69060606060606,89.87878561019897,CRITICA,0.1986562678391487,0.0,14.319624127787709,0.31761718522080673,48.374577580451856
391,11.215484118852459,100.0,CRITICA,0.20950765741559857,0.027735009811261455,58.47207991803279,88.47336173057556,CRITICA,0.20950765741559857,0.027735009811261455,14.287512957897153,0.3285656451810853,48.930751837220726
392,11.432941783916355,100.0,CRITICA,0.23438712237954484,0.020607224801195534,58.76035884858655,87.83400058746338,CRITICA,0.23438712237954484,0.020607224801195534,14.278405215796013,0.3322706062262413,49.843745313520806
393,11.89399362269799,100.0,CRITICA,0.22717922377577404,0.008291976585083244,59.53224441986074,86.43847107887268,CRITICA,0.22717922377577404,0.008291976585083244,14.238873193289109,0.34111607802972727,50.909574893239764
394,12.064725126691899,100.0,CRITICA,0.21682076830456176,0.053567158400558014,59.832574251074476,85.86182594299316,CRITICA,0.21682076830456176,0.053567158400558014,14.222584373441551,0.34369505035839665,51.42275406332281
395,12.170955882352942,100.0,CRITICA,0.2710613926949833,0.16512248964232662,59.65310721062619,83.9302659034729,CRITICA,0.2710613926949833,0.16512248964232662,14.249684396517086,0.3468885196827058,51.517074741688894
396,11.943963321446764,99.9949038028717,CRITICA,0.2435629405786443,0.09811138973972444,59.12435048395313,83.52521657943726,CRITICA,0.2435629405786443,0.09811138973972444,14.288298482368758,0.34207803967345246,51.49833754152782
397,10.72524077046549,100.0,CRITICA,0.25353769123053443,0.25212252932793466,56.23017656500802,85.27688384056091,CRITICA,0.25353769123053443,0.25212252932793466,14.475526449894714,0.3184193669887741,50.77628467350043
398,9.816475566475566,99.99658465385437,CRITICA,0.3054087601171991,0.38142242461220305,53.900525525525524,85.14196276664734,CRITICA,0.3054087601171991,0.38142242461220305,14.634588576580295,0.29742112840523255,49.99416233043862
399,9.000408246580935,100.0,CRITICA,0.30923996737766457,0.5331347719166869,51.82354999562593,87.21896409988403,CRITICA,0.30923996737766457,0.5331347719166869,14.77530677112018,0.28176158775380894,48.871504792665164
400,8.668830480631657,99.9973475933075,CRITICA,0.31754619653418525,0.16974198759233972,50.95217529542685,87.22378015518188,CRITICA,0.31754619653418525,0.16974198759233972,14.83981394391562,0.27028192746123464,47.86107717645692
401,8.533713200379868,99.99750256538391,CRITICA,0.2958117994048166,0.03707653527178159,50.422702054281004,87.8792405128479,CRITICA,0.2958117994048166,0.03707653527178159,14.864991098012526,0.2696850875124639,46.78031593748538
402,8.468266456858117,99.99781250953674,CRITICA,0.31703944871829237,0.009195620984470755,49.64610105778477,86.86292767524719,CRITICA,0.31703944871829237,0.009195620984470755,14.944187401175508,0.26601296646811085,45.777114371072656
403,8.422924488944513,100.0,CRITICA,0.3694859201055759,0.014252638641225526,49.14420108468919,86.37672066688538,CRITICA,0.3694859201055759,0.014252638641225526,14.971785215161468,0.2714772866758605,44.174909634400265
404,8.464145824177924,100.0,CRITICA,0.3159077661982723,0.01824010048739405,48.64287215545408,85.54750680923462,CRITICA,0.3159077661982723,0.01824010048739405,15.014953444325725,0.27281372885719973,42.616891949708
405,8.554057557687322,100.0,CRITICA,0.29057766667123985,0.005389680556362955,48.50172228601059,85.06796360015869,CRITICA,0.29057766667123985,0.005389680556362955,15.03379928549226,0.2756898651082775,41.21243592185347
406,7.888839811542992,100.0,CRITICA,0.29793868934276563,0.01695594623433762,46.43418727915194,85.4878306388855,CRITICA,0.29793868934276563,0.01695594623433762,15.241823181516036,0.2591495725138326,39.60949221018664
407,,,,,,,,,,,,,47.35826129509499
408,14.040728400735293,100.0,CRITICA,0.2214524493392916,0.2601955130026179,62.331169577205884,78.14223170280457,CRITICA,0.2214524493392916,0.2601955130026179,14.139781252435244,0.38040097874442186,47.749006087788025
409,14.321658615136876,100.0,CRITICA,0.23306310493404364,0.348598623786779,62.56297446514838,78.04232835769653,CRITICA,0.23306310493404364,0.348598623786779,14.150211798393393,0.3873950167812006,48.369194425924064
410,14.154414442536808,100.0,CRITICA,0.25047429290876816,0.367157296528783,62.09895426876854,78.14369797706604,CRITICA,0.25047429290876816,0.367157296528783,14.168731253276876,0.38311386906469985,48.94679527662919
411,12.640359640359641,100.0,CRITICA,0.2625905873540394,0.21423997804968445,59.18841158841159,79.18481230735779,CRITICA,0.2625905873540394,0.21423997804968445,14.311083245131526,0.3547263189707273,48.76137752407434
412,11.595045045045046,100.0,CRITICA,0.28211365323415516,0.2740394711826025,56.77924462924463,81.5869688987732,CRITICA,0.28211365323415516,0.2740394711826025,14.452136679785516,0.3339712654838271,48.32464323698724
413,11.032781162731657,100.0,CRITICA,0.29295843470096566,0.2644925722181163,55.61068799187611,82.89540410041809,CRITICA,0.29295843470096566,0.2644925722181163,14.497900951143109,0.32177057818453614,47.70794114303794
414,11.04389768728004,100.0,CRITICA,0.2584821782007276,0.3798688318370388,55.704436902966314,82.60746598243713,CRITICA,0.2584821782007276,0.3798688318370388,14.48946744213579,0.32341221002871245,46.94290022575059
415,11.01453047061375,100.0,CRITICA,0.21087152921455485,0.26741919523085744,55.524862905474485,82.4457049369812,CRITICA,0.21087152921455485,0.26741919523085744,14.494053440088113,0.32453785185036105,46.344330222314845
416,11.363445310226648,100.0,CRITICA,0.16449320841601006,0.1314924973495137,56.23647709269618,81.4866304397583,CRITICA,0.16449320841601006,0.1314924973495137,14.468933454535618,0.33163676412890136,46.14188891579709
417,11.381821065989847,100.0,CRITICA,0.16827039897153964,0.1534306068905216,56.18867385786802,81.67195320129395,CRITICA,0.16827039897153964,0.1534306068905216,14.478905901821445,0.33417102622696393,45.84669336187557
418,11.167443276991015,100.0,CRITICA,0.1553542871071369,0.02369736898719807,55.79798994974875,82.08618760108948,CRITICA,0.1553542871071369,0.02369736898719807,14.52930361758015,0.3268957787002878,45.4218431253518
419,11.215623572407493,100.0,CRITICA,0.16822840634185268,0.04841288280877314,55.984345972285674,82.35723972320557,CRITICA,0.16822840634185268,0.04841288280877314,14.515255302756216,0.32717906423230164,44.74830055127334
420,10.582243902439025,100.0,CRITICA,0.15810324913406615,0.15241598854205082,54.554146341463415,83.10244083404541,CRITICA,0.15810324913406615,0.15241598854205082,14.607396930870848,0.3108077220035756,44.11651979063015
421,10.509309015904034,100.0,CRITICA,0.17853135597099978,0.1577952662248281,54.470851652825274,83.43917727470398,CRITICA,0.17853135597099978,0.1577952662248281,14.6198558566823,0.3108237832956566,43.55536125224868
422,10.642716744581385,100.0,CRITICA,0.2026958924671428,0.06490745055600779,54.491075223119424,82.7241837978363,CRITICA,0.2026958924671428,0.06490745055600779,14.631507369697879,0.3136021892744123,43.19474278663273
423,10.722534478272182,100.0,CRITICA,0.2334665687107632,0.17137428691716838,54.47632058287796,81.9229781627655,CRITICA,0.2334665687107632,0.17137428691716838,14.632728461305149,0.31497180602514185,42.699117971903526
424,11.245873015873016,100.0,CRITICA,0.27614500005807735,0.2047951600450933,55.48632275132275,80.22222518920898,CRITICA,0.27614500005807735,0.2047951600450933,14.568188114916412,0.32539929304988763,42.452172057754446
425,11.57466559657571,100.0,CRITICA,0.2769324877014982,0.06963648305272467,55.97918673087212,78.45371961593628,CRITICA,0.2769324877014982,0.06963648305272467,14.551018452789306,0.3308843949194141,42.055222614750576
426,11.865489566613162,99.9732494354248,CRITICA,0.2817489168578538,0.2769213173157919,56.598742643124666,76.72819495201111,CRITICA,0.2817489168578538,0.2769213173157919,14.493056152189538,0.3365404615004288,41.82949350253067
427,11.976446695152186,99.96570944786072,CRITICA,0.27227966838126927,0.2226329816832285,56.778103075381125,76.49680972099304,CRITICA,0.27227966838126927,0.2226329816832285,14.47300232270609,0.3391995078857038,41.638040236250916
428,12.165847176079735,99.96278882026672,CRITICA,0.26778180147829334,0.3007155849498481,57.13164119601329,75.91494917869568,CRITICA,0.26778180147829334,0.3007155849498481,14.454607268810689,0.34231198616467723,41.39931879808891
429,12.351590483827854,99.97326731681824,CRITICA,0.2964871101590485,0.2709409122342492,57.62076984763432,75.2232015132904,CRITICA,0.2964871101590485,0.2709409122342492,14.425834658715653,0.3461240865794284,40.76477667031298
430,12.024455383326352,99.98691082000732,CRITICA,0.27050029479943644,0.2863583673365925,57.11965856723921,76.61290168762207,CRITICA,0.27050029479943644,0.2863583673365925,14.43578902824106,0.340412732403291,40.37174577105869
431,11.86887306242145,99.9842882156372,CRITICA,0.302979411022146,0.2592599944533189,57.07779116045245,78.04251909255981,CRITICA,0.302979411022146,0.2592599944533189,14.42696921713704,0.33863485436670104,40.32903230458776
432,11.590923212344016,99.98964667320251,CRITICA,0.2882332907170569,0.19199589024685754,56.53826438150469,79.44648861885071,CRITICA,0.2882332907170569,0.19199589024685754,14.44947798028206,0.33410094145914293,40.22396845081463
433,11.406883803275274,100.0,CRITICA,0.272576781450248,0.2541897311973361,56.41006014215418,80.59569597244263,CRITICA,0.272576781450248,0.2541897311973361,14.451225735355495,0.33104554215717635,40.02350466752299
434,11.152047549224969,100.0,CRITICA,0.26037495518929804,0.15078523506992952,56.17307289484709,82.89170265197754,CRITICA,0.26037495518929804,0.15078523506992952,14.44909264860481,0.32803723557201697,39.86466130716966
435,10.746543778801843,100.0,CRITICA,0.253378274345752,0.10993824809811902,55.81988150098749,85.2402925491333,CRITICA,0.253378274345752,0.10993824809811902,14.45219341324748,0.32171269049308066,39.88218933413792
436,10.285170610469631,100.0,CRITICA,0.2239381440184001,0.1841624669969469,55.03086004245845,88.619065284729,CRITICA,0.2239381440184001,0.1841624669969469,14.49884865608599,0.31525573427299525,39.59578498802908
437,10.129471801346801,100.0,CRITICA,0.19642522324748596,0.20244483496133128,54.9743529040404,90.02525210380554,CRITICA,0.19642522324748596,0.20244483496133128,14.497715621536631,0.31397452863710523,39.29865038646863
438,9.654477924251935,100.0,CRITICA,0.19690358109712613,0.2223292083214105,54.48901443816698,92.29702949523926,CRITICA,0.19690358109712613,0.2223292083214105,14.50353935192994,0.3035615971758659,39.296845435105666
439,9.44569288389513,100.0,CRITICA,0.20711059738763765,0.2664915457311484,54.10827611319184,93.57313513755798,CRITICA,0.20711059738763765,0.2664915457311484,14.526829630423885,0.30104964755216623,38.636324330125404
440,9.126457791622686,100.0,CRITICA,0.19893113687298486,0.22003345541925354,53.46322374687846,94.39281225204468,CRITICA,0.19893113687298486,0.22003345541925354,14.582895688728897,0.2934683679228696,38.60020528878858
441,8.812408130163718,100.0,CRITICA,0.25287058812789065,0.283518375483234,52.82786760606214,94.96933221817017,CRITICA,0.25287058812789065,0.283518375483234,14.61747123762825,0.2879448522800307,38.655447952195516
442,7.881718067052475,100.0,CRITICA,0.280390685582932,0.23995962042081287,51.02280663199277,96.88178896903992,CRITICA,0.280390685582932,0.23995962042081287,14.757970660575188,0.2723477584626672,38.63270598252316
443,7.723642250895354,100.0,CRITICA,0.3105377963543027,0.15778380173498754,50.97829073247314,97.73585796356201,CRITICA,0.3105377963543027,0.15778380173498754,14.768280273894812,0.2669338534393196,38.40262896730678
444,7.024681566931026,100.0,CRITICA,0.34345242920422414,0.13233480145515084,49.54181687094449,98.29848408699036,CRITICA,0.34345242920422414,0.13233480145515084,14.93346304153402,0.25308698795256995,38.31317448379688
445,6.577858851958021,100.0,CRITICA,0.35571893433652413,0.13276557114971402,48.450593447205705,98.70176315307617,CRITICA,0.35571893433652413,0.13276557114971402,14.999725258511535,0.24412233145751414,38.04947352317726
446,6.401814692852574,100.0,CRITICA,0.35255259429595953,0.13606830121430832,47.97315865532681,98.5359251499176,CRITICA,0.35255259429595953,0.13606830121430832,15.021699291395274,0.24061652973000033,37.92193376011394
447,6.361726196206797,100.0,CRITICA,0.3587258463488745,0.1386435135990722,48.10289303937614,98.66660237312317,CRITICA,0.3587258463488745,0.1386435135990722,15.004407854504084,0.2394882330059943,37.96460273587127
448,6.100132857842109,100.0,CRITICA,0.35427524350170314,0.07952970049350253,47.2396335920565,99.4685709476471,CRITICA,0.35427524350170314,0.07952970049350253,15.068652815019501,0.23540956326746545,37.884092246554964
449,5.690515089630134,100.0,CRITICA,0.393265382162163,0.14312025866090475,46.0261629226231,99.54617619514465,CRITICA,0.393265382162163,0.14312025866090475,15.188881904680574,0.2263784315126379,37.48083430960033
450,5.411149267399267,100.0,CRITICA,0.36511199219988766,0.016249871184129124,45.177701465201466,99.61996078491211,CRITICA,0.36511199219988766,0.016249871184129124,15.327068078263654,0.2123747101766711,37.28255283537547
451,5.204313254126022,100.0,CRITICA,0.3702465337928733,0.015872510627012497,44.65350654153761,99.71106052398682,CRITICA,0.3702465337928733,0.015872510627012497,15.4193783164385,0.2092779625433886,37.12303718205685
452,5.120999053030303,100.0,CRITICA,0.38054699516444007,0.012055405957717093,44.60698390151515,99.72774386405945,CRITICA,0.38054699516444007,0.012055405957717093,15.448763822612195,0.20374088294822867,37.12836300418904
453,5.071381977448514,100.0,CRITICA,0.33851171572216043,0.009861673978792456,44.255102040816325,99.8229444026947,CRITICA,0.33851171572216043,0.009861673978792456,15.501104427020913,0.20586406379197789,37.04375458910084
454,5.210073827101691,100.0,CRITICA,0.36922619551184,0.005185594927392126,44.976160990712074,99.80709552764893,CRITICA,0.36922619551184,0.005185594927392126,15.404159849266891,0.21060667385938192,33.987731855501735
455,5.252166639559469,100.0,CRITICA,0.33922302639552093,0.004888762869070276,44.93584888124724,99.76997375488281,CRITICA,0.33922302639552093,0.004888762869070276,15.415630806913585,0.2115287478024193,34.083775151224735
456,5.356555896694961,100.0,CRITICA,0.37333702304237754,0.014648968382726191,45.13827433628319,99.65910911560059,CRITICA,0.37333702304237754,0.014648968382726191,15.363933566096453,0.21610317219116112,34.29342261712497
457,5.581900310829848,100.0,CRITICA,0.3521211967802734,0.006905589920542015,46.04742950423757,98.72090220451355,CRITICA,0.3521211967802734,0.006905589920542015,15.275769941857169,0.21827453839068792,34.24467518091421
458,5.913369502889154,100.0,CRITICA,0.34192464983596527,0.00969959936632209,46.681707908782144,98.61497282981873,CRITICA,0.34192464983596527,0.00969959936632209,15.222689474084557,0.22423925034865433,34.393660045803685
459,6.02338961851157,100.0,CRITICA,0.3744571536204743,0.012055405957717093,46.48398999374609,98.64081740379333,CRITICA,0.3744571536204743,0.012055405957717093,15.288720087111955,0.22555930733649832,34.341933365359914
460,6.475088857018146,100.0,CRITICA,0.3706780144659486,0.18468477053552554,47.792812454532225,98.54710698127747,CRITICA,0.3706780144659486,0.18468477053552554,15.145757880281383,0.23467362443611195,34.3388880794121
461,6.246287835522558,100.0,CRITICA,0.3847936789733722,0.17052205174335644,47.356204617769436,99.1678237915039,CRITICA,0.3847936789733722,0.17052205174335644,15.181869217772759,0.23196208573942312,31.677884999919097
462,5.676042862610027,100.0,CRITICA,0.3671660072798299,0.1294300457858868,46.05846834205043,99.67470169067383,CRITICA,0.3671660072798299,0.1294300457858868,15.292295677548202,0.21804525997762,31.67871778873885
463,5.315550558054306,100.0,CRITICA,0.3287997261812239,0.2025183542400557,44.86325587206397,99.77927803993225,CRITICA,0.3287997261812239,0.2025183542400557,15.455121394000049,0.2148372419931979,31.525836485370842
464,5.020393416298675,100.0,CRITICA,0.33166052459224404,0.10534343625332827,44.03914090726616,99.79526400566101,CRITICA,0.33166052459224404,0.10534343625332827,15.555992586317346,0.2052134600160591,31.48875269941704
465,4.680445795339413,100.0,CRITICA,0.34262241748775896,0.02470016898431414,42.91248226950355,99.97568130493164,CRITICA,0.34262241748775896,0.02470016898431414,15.651250965340953,0.20658259528482337,31.364630433095545
466,4.398638575015694,100.0,CRITICA,0.3324997490800179,0.09476573678112026,41.374627275580664,99.99018907546997,CRITICA,0.3324997490800179,0.09476573678112026,15.821616730296208,0.20566693395737976,30.96564209902381
467,4.291915137614679,100.0,CRITICA,0.3171729601323361,0.05670436236587386,40.613379204892965,99.97706413269043,CRITICA,0.3171729601323361,0.05670436236587386,15.904051766583096,0.20748303940090027,30.61142093830219
468,4.518926474699469,100.0,CRITICA,0.2953865225852115,0.10028024934429168,40.65285621097754,99.91426467895508,CRITICA,0.2953865225852115,0.10028024934429168,15.849551311544614,0.21386874208035608,30.260565426488707
469,5.460146322680015,100.0,CRITICA,0.30724139238037673,0.00524885571016032,42.79863303812091,99.12976622581482,CRITICA,0.30724139238037673,0.00524885571016032,15.573541690248579,0.23502046625309933,30.258367809488867
470,5.992392102472057,100.0,CRITICA,0.31830380769421707,0.017408131935740055,44.38300562943624,99.34118986129761,CRITICA,0.31830380769421707,0.017408131935740055,15.370209097191855,0.24642042698925629,30.30604677605218
471,6.10990522129136,100.0,CRITICA,0.33775812742032185,0.037514778535155405,44.76933654903952,99.52187538146973,CRITICA,0.33775812742032185,0.037514778535155405,15.340860548374879,0.2478039361572526,30.397388670434843
472,6.145793991416309,100.0,CRITICA,0.3386583043800424,0.013229808826433194,45.22830472103004,99.43132996559143,CRITICA,0.3386583043800424,0.013229808826433194,15.28473220988987,0.24628753916850676,30.717393475291395
473,6.169621975592125,100.0,CRITICA,0.3465002555952858,0.021230991843282733,45.25383764936004,98.72007369995117,CRITICA,0.3465002555952858,0.021230991843282733,15.290009315575471,0.24693323899258166,30.849614100262446
474,6.56021958754279,100.0,CRITICA,0.35126315031395494,0.016177502706648094,46.12052266844786,96.73749804496765,CRITICA,0.35126315031395494,0.016177502706648094,15.201654505326847,0.2518885980309025,31.06200965003243
475,6.232845848183196,100.0,CRITICA,0.34986480951505317,0.031571514507275064,45.557064438163124,98.96563291549683,CRITICA,0.34986480951505317,0.031571514507275064,15.26568145480417,0.2459248148476373,31.209855777623936
476,7.877715401513303,100.0,CRITICA,0.33318585723837935,0.03373375782918155,48.5698885363274,93.08030009269714,CRITICA,0.33318585723837935,0.03373375782918155,14.981510193702443,0.27834971274552384,31.204439489141315
477,8.845792282430214,100.0,CRITICA,0.32850712918430536,0.1907793877144343,50.332409688013136,88.39901685714722,CRITICA,0.32850712918430536,0.1907793877144343,14.835504310897443,0.29454877628568066,31.14068968162366
478,9.409491525423729,100.0,CRITICA,0.34567324118178,0.14461850593848077,51.32205508474576,87.44067549705505,CRITICA,0.34567324118178,0.14461850593848077,14.769349580427406,0.30508346507826917,31.14445964422561
479,10.431356114334838,100.0,CRITICA,0.3628813989684144,0.22505438401863104,53.11078873844831,82.7767014503479,CRITICA,0.3628813989684144,0.22505438401863104,14.673363457576393,0.3200536635785452,31.25419404862747
480,12.555818929350561,99.98950958251953,CRITICA,0.32460717682476836,0.13399796430424413,55.62932119483135,73.12678098678589,CRITICA,0.32460717682476836,0.13399796430424413,14.611254472364122,0.35426777393722836,31.246868536639123
481,11.241950245444713,100.0,CRITICA,0.301148737345042,0.19853639714916832,53.82367501456028,80.52458763122559,CRITICA,0.301148737345042,0.19853639714916832,14.676560524587606,0.3338120347252161,31.383414392463514
482,11.199510638297872,100.0,CRITICA,0.24594401644071978,0.06535583098107606,54.077829787234045,80.7574450969696,CRITICA,0.24594401644071978,0.06535583098107606,14.667078268181047,0.3319026379650454,31.519033815282093
483,10.72376121732345,100.0,CRITICA,0.25823829888340233,0.05969994073285778,54.08009277322582,81.94390535354614,CRITICA,0.25823829888340233,0.05969994073285778,14.65771070424192,0.31845936275894643,31.642267278325
484,7.283655117693732,100.0,CRITICA,0.2596656579483425,0.010717891989374678,48.98946486820065,96.4405357837677,CRITICA,0.2596656579483425,0.010717891989374678,14.97095452862283,0.2598052495302106,31.858962377379925
485,7.481773288439955,100.0,CRITICA,0.2683324834867345,0.005258644098802217,49.63286195286195,96.42199873924255,CRITICA,0.2683324834867345,0.005258644098802217,14.933227680593486,0.26358114127321386,31.823480380825693
486,6.854567901234568,100.0,CRITICA,0.2569278474927787,0.01737766438085103,49.03786756453423,96.84624075889587,CRITICA,0.2569278474927787,0.01737766438085103,14.986442024879718,0.24719732247483464,32.03909079894715
487,6.608016748811445,100.0,CRITICA,0.23143630641160132,0.03294187794598509,48.26060976141667,97.31975197792053,CRITICA,0.23143630641160132,0.03294187794598509,15.052531640577552,0.2418584969768985,32.42462810804354
488,5.290423397740471,100.0,CRITICA,0.2790280738524428,0.03916890681182267,45.01281807623271,99.95354413986206,CRITICA,0.2790280738524428,0.03916890681182267,15.392593086751738,0.21176505155974157,32.495934535301316
489,5.117870802336822,100.0,CRITICA,0.279492023882632,0.0,44.69140083217753,99.99159574508667,CRITICA,0.279492023882632,0.0,15.429021812656663,0.20774267772284827,32.653131425836946
490,4.981963508536993,100.0,CRITICA,0.29026343981434244,0.011517428983650055,44.26048292601272,99.99372363090515,CRITICA,0.29026343981434244,0.011517428983650055,15.465524457209858,0.20577874872797472,32.791926615977886
491,4.76930548810102,100.0,CRITICA,0.28547341207374577,0.10755319292768002,43.474360531002105,99.96559619903564,CRITICA,0.28547341207374577,0.10755319292768002,15.531169420856521,0.20095879224019841,32.7192903288029
492,4.699881818747278,100.0,CRITICA,0.2685655050202846,0.0391363537714162,43.50894652816653,99.96682405471802,CRITICA,0.2685655050202846,0.0391363537714162,15.531920594344555,0.1999547435959921,32.47176532816904
493,4.527133685028422,100.0,CRITICA,0.265861117152162,0.013729581703773907,42.80777409724778,99.9979555606842,CRITICA,0.265861117152162,0.013729581703773907,15.61037457117591,0.1957333371463311,32.301938093937565
494,4.31229724556207,100.0,CRITICA,0.27462549551927645,0.0,41.7683612404038,99.99798536300659,CRITICA,0.27462549551927645,0.0,15.732027307328194,0.19145411205184817,31.94522441005249
495,4.254919426674225,100.0,CRITICA,0.2651723701252904,0.0,41.56259616163252,99.99797344207764,CRITICA,0.2651723701252904,0.0,15.75449872172523,0.18984247034833415,31.688465676216715
496,4.235673234811165,100.0,CRITICA,0.2466553215680642,0.008696967504759156,41.69168719211822,99.9876856803894,CRITICA,0.2466553215680642,0.008696967504759156,15.73649807022576,0.18830899918001145,31.1189968896781
497,4.287010895706548,100.0,CRITICA,0.2741887824640248,0.011244357462668976,42.03285442415877,99.97908473014832,CRITICA,0.2741887824640248,0.011244357462668976,15.667292486871922,0.19120213387746865,30.783476519044054
498,4.106568144499179,100.0,CRITICA,0.264925045066739,0.009202627172903878,41.132922824302135,99.97947216033936,CRITICA,0.264925045066739,0.009202627172903878,15.772646953863356,0.18610252742059777,30.435333389811593
499,4.129183316683316,100.0,CRITICA,0.2627689004542424,0.0047311079650304965,41.36804861804862,99.98751282691956,CRITICA,0.2627689004542424,0.0047311079650304965,15.744328946923465,0.18631406753519086,30.36840480993028
500,4.095993669831751,100.0,CRITICA,0.27012177802850657,0.009736770630616433,41.27958937198068,99.99167323112488,CRITICA,0.27012177802850657,0.009736770630616433,15.753900796762274,0.18617310011705746,30.267580064952988
501,3.9820471925735084,100.0,CRITICA,0.29083422401412684,0.01397269608362584,40.811536416799576,99.97750520706177,CRITICA,0.29083422401412684,0.01397269608362584,15.799945975262101,0.184681138772927,29.975904744043792
502,3.9037347591849962,100.0,CRITICA,0.28480270135111324,0.0045765272345913025,40.592720865232714,99.95139241218567,CRITICA,0.28480270135111324,0.0045765272345913025,15.819906604705638,0.18606985443055016,29.296019057226168
503,3.8491557000158556,100.0,CRITICA,0.2895016962755976,0.09713486656687348,40.319525923576975,99.92865324020386,CRITICA,0.2895016962755976,0.09713486656687348,15.83948342898159,0.1853793150199329,29.263215985685235
504,3.8295570564674466,100.0,CRITICA,0.27539648798135147,0.14153091114387698,40.22050969920679,99.92342591285706,CRITICA,0.27539648798135147,0.14153091114387698,15.843471739400329,0.1834292941090093,29.127775773273772
505,3.863247521586185,100.0,CRITICA,0.26817702829883355,0.11584423869238768,40.39556683722417,99.93404150009155,CRITICA,0.26817702829883355,0.11584423869238768,15.819713101402002,0.18669373327444058,29.151425032130298
506,3.833303619183455,100.0,CRITICA,0.28423924498986586,0.004515236409857309,40.13446643291535,99.92868900299072,CRITICA,0.28423924498986586,0.004515236409857309,15.832018014200909,0.18364193761563619,29.169485320642796
507,3.8414965986394556,100.0,CRITICA,0.28499823126125,0.015656259965320538,40.22757102841136,99.91996884346008,CRITICA,0.28499823126125,0.015656259965320538,15.817975809713108,0.18441685517080886,29.117361557885996
508,3.7568067828994507,100.0,CRITICA,0.30505073134439287,0.004648950728196421,39.85281824695486,99.9323308467865,CRITICA,0.30505073134439287,0.004648950728196421,15.836365565579841,0.187420314261053,29.101144369340503
509,3.7144987027068894,100.0,CRITICA,0.29942412144616704,0.028160635851807617,39.53626611935097,99.91867542266846,CRITICA,0.29942412144616704,0.028160635851807617,15.883489909407684,0.19305795244107263,28.59190457965687
510,3.7379438261791202,100.0,CRITICA,0.2795164696581503,0.009030472819714619,39.103849647967294,99.9526858329773,CRITICA,0.2795164696581503,0.009030472819714619,15.9563987016191,0.19133326139839732,28.702742658523526
511,3.6892695648910823,100.0,CRITICA,0.29085311185453044,0.01090074497799832,39.272529410661015,99.98311400413513,CRITICA,0.29085311185453044,0.01090074497799832,15.964053334528113,0.19306238246172222,28.811039009646517
512,3.7729241476326214,100.0,CRITICA,0.29565067342391754,0.004639484682083445,39.03807426054122,99.99814629554749,CRITICA,0.29565067342391754,0.004639484682083445,15.976637697243811,0.19502476629103557,28.941051165367725
513,3.8222775472568005,100.0,CRITICA,0.3004121451642923,0.0,39.26469340710005,99.9963104724884,CRITICA,0.3004121451642923,0.0,15.95655063545324,0.19879748861545946,29.195491997454972
514,3.817662972982989,100.0,CRITICA,0.3180332740136038,0.0,39.28640254975355,100.0,CRITICA,0.3180332740136038,0.0,15.95542665548633,0.20291253595135275,29.419486035159448
515,3.836184074651246,100.0,CRITICA,0.2908418400621496,0.01102484068869433,39.03409624302961,100.0,CRITICA,0.2908418400621496,0.01102484068869433,15.995518798504218,0.20546378447176886,29.62754944798573
516,3.8104670558799,100.0,CRITICA,0.2902362523015549,0.00927896936416689,38.84149670179695,100.0,CRITICA,0.2902362523015549,0.00927896936416689,16.003396669533963,0.20760562549295983,29.50022056369079
517,3.778344822333092,100.0,CRITICA,0.3016162692398247,0.016720077200575875,38.72662528087748,100.0,CRITICA,0.3016162692398247,0.016720077200575875,16.018314998918758,0.2060090306364144,29.57580246614647
518,3.684401975196954,100.0,CRITICA,0.2939390869339892,0.01894692466515814,38.27622601681179,100.0,CRITICA,0.2939390869339892,0.01894692466515814,16.04778200097677,0.2080472384356393,29.495704159393107
519,3.6747673907644103,100.0,CRITICA,0.29040770362204193,0.013633547078730296,38.18958369156111,100.0,CRITICA,0.29040770362204193,0.013633547078730296,16.05263912270342,0.20615555234465743,29.47728669186533
520,3.708275993883792,100.0,CRITICA,0.29699663700244205,0.01801677601210003,38.4223623853211,100.0,CRITICA,0.29699663700244205,0.01801677601210003,16.02057140386254,0.20769625858765736,29.416785342653192
521,3.6554166666666665,100.0,CRITICA,0.3099145517853139,0.004579981869719656,38.25308712121212,99.98674392700195,CRITICA,0.3099145517853139,0.004579981869719656,16.04281718477393,0.20385821554597153,29.272820240307777
522,3.576992921469073,100.0,CRITICA,0.2804954517287652,0.004491400463635796,37.867583293184595,99.98888373374939,CRITICA,0.2804954517287652,0.004491400463635796,16.08871418223745,0.20333751821943513,29.37164424496304
523,3.5508309950356143,100.0,CRITICA,0.29058209624323006,0.00880783823595334,37.732174976617024,99.98021721839905,CRITICA,0.29058209624323006,0.00880783823595334,16.095690134912115,0.20109633932743767,29.556217268181054
524,3.4886497539335966,100.0,CRITICA,0.2929615921350953,0.00440391911797667,37.36197754210855,99.98440146446228,CRITICA,0.2929615921350953,0.00440391911797667,16.15968633163928,0.19741981728821148,29.065136690458644
525,3.507338030589448,100.0,CRITICA,0.29252666402190963,0.008952781095825172,37.34091768345076,99.9931275844574,CRITICA,0.29252666402190963,0.008952781095825172,16.138998628066968,0.19962380317742648,28.7487228139234
526,3.519625844448294,100.0,CRITICA,0.3027872599598025,0.00880783823595334,37.402459726312145,99.98094439506531,CRITICA,0.3027872599598025,0.00880783823595334,16.1231159704538,0.1985373341428668,28.432023712084238
527,3.5774059318282427,100.0,CRITICA,0.3148827914651704,0.0,37.64056662239929,99.97344017028809,CRITICA,0.3148827914651704,0.0,16.095218360603955,0.1999523048963503,27.784240293180993
528,3.652554637551065,100.0,CRITICA,0.33923289335916673,0.04341775349609566,37.94458387528166,99.9487042427063,CRITICA,0.33923289335916673,0.04341775349609566,16.031756114914447,0.20024881146881598,27.654638463350093
529,3.742817231094499,100.0,CRITICA,0.32258226923236616,0.059292501766202065,38.36410314493903,99.93392825126648,CRITICA,0.32258226923236616,0.059292501766202065,15.979036994820579,0.2029162981083824,28.226701970183278
530,3.8117533532760786,100.0,CRITICA,0.3532596829395326,0.024362722758528584,38.764373250989095,99.92280006408691,CRITICA,0.3532596829395326,0.024362722758528584,15.920072074617671,0.20410136329697368,28.70707548767792
531,3.8569186046511628,100.0,CRITICA,0.3307331542675788,0.020433177518178112,39.026472868217056,99.90310072898865,CRITICA,0.3307331542675788,0.020433177518178112,15.895521601401434,0.20394507040267476,28.710694809931148
532,3.8287160982423467,100.0,CRITICA,0.3229694945876403,0.005033776702742168,38.827978892639585,99.89523887634277,CRITICA,0.3229694945876403,0.005033776702742168,15.906761360925572,0.20394149375602844,29.05338049133814
533,3.821814337881991,100.0,CRITICA,0.3383933781757323,0.01976675023468403,38.71581779742456,99.89237189292908,CRITICA,0.3383933781757323,0.01976675023468403,15.91179343804826,0.20466621371475036,29.422642320411157
534,3.7796182452944747,100.0,CRITICA,0.3120190750161913,0.014617633655117151,38.58910139647845,99.88805651664734,CRITICA,0.3120190750161913,0.014617633655117151,15.948689804048986,0.2033322414708543,29.653194004251883
535,3.800155506248696,100.0,CRITICA,0.3101632907295617,0.0,38.73366710284273,99.8805284500122,CRITICA,0.3101632907295617,0.0,15.923913461464918,0.2040072770989467,29.93620099282315
536,3.7969505603914206,100.0,CRITICA,0.32766746804676106,0.011717136585928607,38.68695833570386,99.86724853515625,CRITICA,0.32766746804676106,0.011717136585928607,15.933836294161413,0.20330244117798935,30.162108515454143
537,3.8782654432820993,100.0,CRITICA,0.3319033026580571,0.025168883513710837,39.11094227884597,99.90065097808838,CRITICA,0.3319033026580571,0.025168883513710837,15.886696599425514,0.20439382613869425,30.172833564490404
538,3.885322782977902,100.0,CRITICA,0.320823312651913,0.025264127607951353,38.96458554472643,99.88227486610413,CRITICA,0.320823312651913,0.025264127607951353,15.914005139458673,0.2055421039049922,30.243388951203926
539,3.889879591525682,100.0,CRITICA,0.31635887013840935,0.06968871580375074,38.999161713153484,99.90093111991882,CRITICA,0.31635887013840935,0.06968871580375074,15.91007222518315,0.20578347053182622,30.284635976167735
540,3.974376118463747,100.0,CRITICA,0.33748168242386445,0.0049968779266390765,39.45452400149456,99.91543889045715,CRITICA,0.33748168242386445,0.0049968779266390765,15.86260760280383,0.20401310244757928,30.125367365690458
541,3.9650387596899224,100.0,CRITICA,0.33076013594876097,0.10494764949647332,39.32866279069768,99.92635846138,CRITICA,0.33076013594876097,0.10494764949647332,15.870532725369005,0.20648654454168014,29.95934061561606
542,3.9764863691955656,100.0,CRITICA,0.33506580842612516,0.015384615384615385,39.38040004734288,99.94673728942871,CRITICA,0.33506580842612516,0.015384615384615385,15.856361320691423,0.2080676825353498,29.778942568016998
543,4.028436018957346,100.0,CRITICA,0.33190104717799107,0.057023072687347964,39.72186638640465,99.92861151695251,CRITICA,0.33190104717799107,0.057023072687347964,15.811391810278867,0.20979456387482553,29.293518554085768
544,3.96205838693716,100.0,CRITICA,0.3147335149745373,0.0171182077901284,39.40898565066799,99.92281198501587,CRITICA,0.3147335149745373,0.0171182077901284,15.84960573644164,0.21144209705834024,29.38508544084455
545,3.937863227450044,100.0,CRITICA,0.32010087301456225,0.0362947728439771,39.331979937903036,99.938303232193,CRITICA,0.32010087301456225,0.0362947728439771,15.881424165226107,0.20948270273580286,29.564833059962286
546,3.859823929571829,100.0,CRITICA,0.30983181095821244,0.022220165391202196,39.08835534213686,99.96198415756226,CRITICA,0.30983181095821244,0.022220165391202196,15.941830213326183,0.20550281641260085,29.591475051794664
547,3.6235077348278377,100.0,CRITICA,0.3025670866205369,0.10679652655802876,38.00992284365284,99.99808073043823,CRITICA,0.3025670866205369,0.10679652655802876,16.089215523020993,0.20106374072809455,29.523894077469436
548,3.5199029034154483,100.0,CRITICA,0.311171723582117,0.06367880755812302,37.65585708596461,99.99810457229614,CRITICA,0.311171723582117,0.06367880755812302,16.125714157168222,0.19677477144097,29.6744661037579
549,3.4289038692400036,100.0,CRITICA,0.30018918034814823,0.018914636661083555,37.23592206113214,99.99630451202393,CRITICA,0.30018918034814823,0.018914636661083555,16.198675392817904,0.1916298011919133,29.911346625816506
550,3.3343881093591783,100.0,CRITICA,0.28336902462288827,0.011273005553590442,36.69660422392594,99.99638199806213,CRITICA,0.28336902462288827,0.011273005553590442,16.27456760094816,0.19013135908196757,29.515793482350666
551,3.256551111111111,100.0,CRITICA,0.27210442956400693,0.008777250061481825,36.52451555555555,99.99644160270691,CRITICA,0.27210442956400693,0.008777250061481825,16.3188214819192,0.18888231317306028,29.134395087722112
552,3.205709123757904,100.0,CRITICA,0.27195787109820974,0.009111924639810871,36.16119241192412,100.0,CRITICA,0.27195787109820974,0.009111924639810871,16.375093391448033,0.18866975634612562,29.410152330675928
553,3.1568131182604047,100.0,CRITICA,0.24084424991185222,0.008044398895399209,36.0301399162285,100.0,CRITICA,0.24084424991185222,0.008044398895399209,16.423448461651383,0.18881487487570822,29.706406997193866
554,3.1811794762614434,100.0,CRITICA,0.24725529766953774,0.013944396129417303,36.28138528138528,100.0,CRITICA,0.24725529766953774,0.013944396129417303,16.392599612234736,0.18698540125907803,29.736477430207334
555,3.170551298424862,100.0,CRITICA,0.2407442641890169,0.00395037885949981,36.38862281822052,100.0,CRITICA,0.2407442641890169,0.00395037885949981,16.414650373571426,0.1859200855910947,29.581222499932284
556,3.184232744670372,100.0,CRITICA,0.21851747446084618,0.005592573519187652,36.47171603461619,100.0,CRITICA,0.21851747446084618,0.005592573519187652,16.448623690655154,0.18055581853752156,29.6452597052116
557,3.2947745831331914,100.0,CRITICA,0.2283592285064387,0.009778312055863565,36.92788032663144,100.0,CRITICA,0.2283592285064387,0.009778312055863565,16.3820451058729,0.18076676448992823,29.11352590670202
558,3.458413067249863,100.0,CRITICA,0.2330235317901205,0.03259975260537497,37.53958788955713,99.99316334724426,CRITICA,0.2330235317901205,0.03259975260537497,16.33313514829062,0.17537977894772797,28.75160772786267
559,3.5508895465523693,100.0,CRITICA,0.2506077931003745,0.12360961698816705,38.353335374357926,99.85032677650452,CRITICA,0.2506077931003745,0.12360961698816705,16.3128943723368,0.16963699683550562,29.038213013407287
560,3.5233898305084748,100.0,CRITICA,0.2703104728894904,0.012933678006074076,38.9230131826742,99.85687136650085,CRITICA,0.2703104728894904,0.012933678006074076,16.2892181635979,0.15848582456961233,29.123746559972595
561,3.6178876315267026,100.0,CRITICA,0.2921789990687663,0.01772116050730889,39.69775660115148,99.79154467582703,CRITICA,0.2921789990687663,0.01772116050730889,16.242020015724645,0.1652041485958136,29.303125613589742
562,3.6679566882127714,100.0,CRITICA,0.32045244623066504,0.07722242389548244,39.73895590596566,99.74679946899414,CRITICA,0.32045244623066504,0.07722242389548244,16.22655333742029,0.1641896825030457,29.434304125353787
563,3.947863247863248,100.0,CRITICA,0.30857383415071493,0.11652054450437109,41.12662393162393,99.78846311569214,CRITICA,0.30857383415071493,0.11652054450437109,15.969980938675942,0.17848252147961716,29.584816839731698
564,4.265508268278351,100.0,CRITICA,0.372958743961842,0.16703715607346578,41.584319650801646,99.78594779968262,CRITICA,0.372958743961842,0.16703715607346578,15.836208190604562,0.1841668010623758,29.850441173038607
565,4.701552338997273,100.0,CRITICA,0.35558624682540285,0.23907104708921667,43.15200335640864,99.55527782440186,CRITICA,0.35558624682540285,0.23907104708921667,15.603580495357011,0.19779790502634764,30.139179037969875
566,4.888868003341687,100.0,CRITICA,0.36097540645843607,0.14688680050547348,43.26000417710944,99.6345043182373,CRITICA,0.36097540645843607,0.14688680050547348,15.623162804514518,0.20025475014496463,30.320166718377763
567,4.93106264804378,100.0,CRITICA,0.3644633178007116,0.12542302268967545,43.392183288409704,99.62631464004517,CRITICA,0.3644633178007116,0.12542302268967545,15.589523463222383,0.2031183899863719,30.415357162396326
568,5.0262688864584595,100.0,CRITICA,0.38303176007413936,0.12941473784316737,43.84441203872483,99.59695339202881,CRITICA,0.38303176007413936,0.12941473784316737,15.520634694031564,0.20485263550680774,30.350214977192252
569,4.972792771276172,100.0,CRITICA,0.3706540598708607,0.16748019479055362,43.49305389698272,99.57606792449951,CRITICA,0.3706540598708607,0.16748019479055362,15.534522999488864,0.20542054690031067,30.284549174573307
570,4.993225173827777,100.0,CRITICA,0.3723056199606926,0.17272732641655514,43.37501238089578,99.58003759384155,CRITICA,0.3723056199606926,0.17272732641655514,15.572026079690904,0.20156495202472857,30.191514102307245
571,5.037636334686729,100.0,CRITICA,0.37629599243291234,0.23212715607487555,43.62512936868084,99.6138870716095,CRITICA,0.37629599243291234,0.23212715607487555,15.535973904512229,0.20263795619569513,29.724869066794298
572,4.970171339563863,100.0,CRITICA,0.3477177600621252,0.22533080630079702,43.19460669781932,99.48793053627014,CRITICA,0.3477177600621252,0.22533080630079702,15.569700593737439,0.20096548961916297,29.728163299258384
573,8.022516183506896,100.0,CRITICA,0.3566307892361762,0.1423415721375641,49.12315548228861,89.36713337898254,CRITICA,0.3566307892361762,0.1423415721375641,14.99200832588928,0.26209738486001527,29.699214006587944
574,8.436321138211381,100.0,CRITICA,0.36303176708134466,0.21265623387708113,50.27623983739837,86.87195181846619,CRITICA,0.36303176708134466,0.21265623387708113,14.881527624717872,0.27007792689377963,30.172270064844618
575,9.895560771507297,100.0,CRITICA,0.3848726443146432,0.1839148414803589,52.21069496887438,77.47524976730347,CRITICA,0.3848726443146432,0.1839148414803589,14.763332611469975,0.2948893541467931,30.54290128588108
576,9.753630952380952,100.0,CRITICA,0.2565491948980413,0.17370187290206474,51.82956349206349,77.20436453819275,CRITICA,0.2565491948980413,0.17370187290206474,14.793637704558263,0.2921667814989946,30.610046586068528
577,7.308332347490043,100.0,CRITICA,0.29629856673433685,0.1983179597122405,48.18817776726212,94.11648511886597,CRITICA,0.29629856673433685,0.1983179597122405,15.073616235143643,0.24979217167760623,30.141623256542346
578,8.229111959894963,100.0,CRITICA,0.318275518017253,0.17259519562081796,49.69976923689027,87.10710406303406,CRITICA,0.318275518017253,0.17259519562081796,14.958116232988061,0.264277796550262,29.826776175700964
579,4.409361907831131,100.0,CRITICA,0.3060235716305444,0.05036955053752514,41.919130679987106,99.78045225143433,CRITICA,0.3060235716305444,0.05036955053752514,15.788227601628895,0.19157355259194606,29.613054696396993
580,4.299122807017544,100.0,CRITICA,0.3103099428953232,0.009932563341205968,41.872368421052634,99.75981712341309,CRITICA,0.3103099428953232,0.009932563341205968,15.771706361390033,0.19016363436212216,29.753655052208238
581,4.096446189469446,100.0,CRITICA,0.2856901183147532,0.04489193130958242,40.714668277458976,99.71408247947693,CRITICA,0.2856901183147532,0.04489193130958242,15.935476998514986,0.18632149734908557,29.797946854402824
582,4.061487894821228,100.0,CRITICA,0.3029116294303233,0.1158960034171268,40.71194083694084,99.75348711013794,CRITICA,0.3029116294303233,0.1158960034171268,15.96887354467438,0.18339132598218663,29.902085847871405
583,4.133090477804134,100.0,CRITICA,0.26810562095050283,0.07442779462667343,41.05502372077262,99.73737597465515,CRITICA,0.26810562095050283,0.07442779462667343,15.946319750941974,0.18333251185486218,30.297356434291213
584,4.154696725711219,100.0,CRITICA,0.2927394392093574,0.01875868776574985,41.350746108427266,99.88620281219482,CRITICA,0.2927394392093574,0.01875868776574985,15.916417247381284,0.18225804892928832,30.486654229851478
585,4.18175653505414,100.0,CRITICA,0.28342973964045703,0.009519924632958997,41.38842830580772,99.86437559127808,CRITICA,0.28342973964045703,0.009519924632958997,15.912737174847972,0.18466804037866377,30.406041738260733
586,4.078593344347416,100.0,CRITICA,0.2693222497857407,0.024114182838656153,40.7751625292338,99.88199472427368,CRITICA,0.2693222497857407,0.024114182838656153,15.97609773012621,0.1790697511263856,30.439020880058678
587,3.9627215959096436,100.0,CRITICA,0.2778181739759412,0.02183014254717565,40.40641632789908,99.88893866539001,CRITICA,0.2778181739759412,0.02183014254717565,16.020255168945617,0.17656867777668064,30.225722731935516
588,3.9244448154950744,100.0,CRITICA,0.29211388295610397,0.009388740169814482,40.037026214727,99.89355206489563,CRITICA,0.29211388295610397,0.009388740169814482,16.029666402125052,0.17641072275829148,29.923668318548806
589,3.8916729623100816,100.0,CRITICA,0.3083282673941067,0.009799683867297578,39.90164106438345,99.90136623382568,CRITICA,0.3083282673941067,0.009799683867297578,16.04430798113176,0.17632241138140436,30.09380657619372
590,3.7920408667710306,100.0,CRITICA,0.32501524064888465,0.009385948256137304,39.615205569745406,99.89289045333862,CRITICA,0.32501524064888465,0.009385948256137304,16.089980970392592,0.17254009677044657,30.292895542061643
591,3.833871635610766,100.0,CRITICA,0.31699855080839423,0.0,39.742774327122156,99.9089002609253,CRITICA,0.31699855080839423,0.0,16.054364742635357,0.17500742666342026,30.53756684992041
592,3.7321656707191426,100.0,CRITICA,0.3023400386891174,0.009519924632958997,39.31193076447558,99.91345405578613,CRITICA,0.3023400386891174,0.009519924632958997,16.10391914757048,0.17310366519246953,30.607035327631095
593,3.697550520514391,100.0,CRITICA,0.27164518309827446,0.00462784454005888,39.38803837517861,99.93059635162354,CRITICA,0.27164518309827446,0.00462784454005888,16.086260319337864,0.17291865426695044,30.710483065642066
594,3.6330803937653813,100.0,CRITICA,0.2905614311613581,0.014279886949438495,39.13455701394586,99.95282888412476,CRITICA,0.2905614311613581,0.014279886949438495,16.12548688738482,0.1712412061933851,30.885825211016346
595,3.6456571242680544,100.0,CRITICA,0.29530318394582433,0.004690650298201947,39.24650292778139,99.96746778488159,CRITICA,0.29530318394582433,0.004690650298201947,16.09918104556296,0.17163666442404749,30.709043863159184
596,3.6341725708502026,100.0,CRITICA,0.28932426163356456,0.0,39.41169028340081,99.97469782829285,CRITICA,0.28932426163356456,0.0,16.08164510613933,0.17275587738285011,30.73368100974116
597,3.6812732971873943,100.0,CRITICA,0.29007678341963555,0.016734531560051252,39.68927905794646,100.0,CRITICA,0.29007678341963555,0.016734531560051252,16.03290673096763,0.17452455380112572,30.92637064075792
598,3.689408921116238,100.0,CRITICA,0.26788085408923146,0.009388740169814482,39.887475280158206,99.97802972793579,CRITICA,0.26788085408923146,0.009388740169814482,16.013618244510702,0.17290344706389282,31.29912677198262
599,3.777282208316691,100.0,CRITICA,0.2615545139323303,0.00950829842308549,40.09111081524875,99.96893405914307,CRITICA,0.2615545139323303,0.00950829842308549,15.967556211085217,0.17736233914467767,31.715774332895702
600,3.7038600193440603,100.0,CRITICA,0.2591967715350447,0.004972909273646084,39.867932823353556,99.9868094921112,CRITICA,0.2591967715350447,0.004972909273646084,16.048836264797245,0.17130012044678647,31.97613104790338
601,3.762176441859433,100.0,CRITICA,0.24552749084483988,0.011998990377906022,40.066265595169384,99.97336268424988,CRITICA,0.24552749084483988,0.011998990377906022,16.04331670828308,0.1741703142165497,32.21737403651459
602,3.8277368277368278,100.0,CRITICA,0.29234479513929595,0.026441752843723677,40.5469332969333,99.98635053634644,CRITICA,0.29234479513929595,0.026441752843723677,15.991839108362742,0.17428293400335745,32.311816266006716
603,3.82658371040724,100.0,CRITICA,0.30361544968443055,0.005049925432089129,40.663054298642535,100.0,CRITICA,0.30361544968443055,0.005049925432089129,15.959487352489472,0.17823696281613066,32.544568239769426
604,3.9074480259393476,100.0,CRITICA,0.2774221448266452,0.0,41.16524413503719,100.0,CRITICA,0.2774221448266452,0.0,15.89460410611033,0.18024045671227404,32.51396961935584
605,4.0721115136876005,100.0,CRITICA,0.2838272454238711,0.010245503690755749,42.02397846215781,100.0,CRITICA,0.2838272454238711,0.010245503690755749,15.793335362055196,0.18457420089826004,32.89601802974778
606,4.064121141863498,100.0,CRITICA,0.2715521886149219,0.004897197230086088,41.753417379123796,100.0,CRITICA,0.2715521886149219,0.004897197230086088,15.808480686576427,0.1829954051533458,33.234424426826635
607,4.0380880193282485,100.0,CRITICA,0.26530754191508416,0.0070163777995685735,41.74652991614951,100.0,CRITICA,0.26530754191508416,0.0070163777995685735,15.808436839748657,0.18273262667008905,33.50454933080299
608,4.025101584477411,100.0,CRITICA,0.26075542278873964,0.00992265664288337,41.82633262003799,100.0,CRITICA,0.26075542278873964,0.00992265664288337,15.826289805008368,0.18229228778703988,33.57045819699125
609,3.886343495214463,100.0,CRITICA,0.26556484214023024,0.01928024300044713,40.930764799716414,100.0,CRITICA,0.26556484214023024,0.01928024300044713,15.942388211983662,0.1809297746602432,33.42252025793481
610,3.846948722947943,100.0,CRITICA,0.3011735600058299,0.00992265664288337,40.81009943458764,100.0,CRITICA,0.3011735600058299,0.00992265664288337,15.954828311002828,0.18001209292201314,33.30358137960068
611,3.898144996596324,100.0,CRITICA,0.31213554377575237,0.007231015260621873,40.93941456773315,100.0,CRITICA,0.31213554377575237,0.007231015260621873,15.941002889818268,0.1819500619865659,33.179877675891376
612,3.8675254321396078,100.0,CRITICA,0.30903190346006754,0.016431778394223433,40.65253080803904,100.0,CRITICA,0.30903190346006754,0.016431778394223433,15.9848561046177,0.1794764249349964,32.90750842757378
613,3.904033609967094,100.0,CRITICA,0.2986187282731884,0.030741372927626822,40.896727995198574,99.9855101108551,CRITICA,0.2986187282731884,0.030741372927626822,15.952173491950884,0.18155790717876727,31.912465349372894
614,3.8752606255012028,100.0,CRITICA,0.29207039365010967,0.08057708200133663,40.651242983159584,99.96190667152405,CRITICA,0.29207039365010967,0.08057708200133663,15.988304596684785,0.1782648393782381,31.420030368166632
615,3.8957249802994482,100.0,CRITICA,0.2971448106892446,0.11325763612932242,40.68173758865248,99.95666146278381,CRITICA,0.2971448106892446,0.11325763612932242,15.971243467065182,0.17952705652973053,30.56378895143095
616,3.9505223094987447,100.0,CRITICA,0.2873292912053972,0.16253509058771415,41.097092882014735,99.94534254074097,CRITICA,0.2873292912053972,0.16253509058771415,15.912176847913216,0.17940201248858986,30.003989858909254
617,3.983486613529532,100.0,CRITICA,0.2866160690891252,0.08738212703083091,41.21132229715921,99.92846846580505,CRITICA,0.2866160690891252,0.08738212703083091,15.884253754476632,0.18305252536424188,29.599236643177374
618,4.009422492401216,100.0,CRITICA,0.28588982025910525,0.09388359522264911,41.25173252279635,99.9270498752594,CRITICA,0.28588982025910525,0.09388359522264911,15.853979856818977,0.1845660379935482,29.39894137057477
619,4.0851429272481905,100.0,CRITICA,0.29553339674217355,0.06002602281677657,41.37950353739827,99.93047714233398,CRITICA,0.29553339674217355,0.06002602281677657,15.84022005886837,0.18758236249988527,28.833539987140483
620,4.170587027914614,100.0,CRITICA,0.28922499293716686,0.06531416740571754,41.63528325123153,99.91790056228638,CRITICA,0.28922499293716686,0.06531416740571754,15.807279649312601,0.1888952834793699,28.445250948213236
621,4.249285013891159,99.99591708183289,CRITICA,0.3003051254235657,0.010695666509433897,41.848218663180255,99.87130165100098,CRITICA,0.3003051254235657,0.010695666509433897,15.776311711690177,0.19002904288185085,28.3275401847077
622,4.260174076687838,100.0,CRITICA,0.2895012429219588,0.008995876335833408,41.54742021485141,99.91962909698486,CRITICA,0.2895012429219588,0.008995876335833408,15.824853761176534,0.18741732742553383,28.665203793509313
623,4.273590585128075,100.0,CRITICA,0.29123649216881686,0.004613637769652221,41.440156914532075,99.95533227920532,CRITICA,0.29123649216881686,0.004613637769652221,15.840712102615493,0.18660888383374288,28.963837547652705
624,4.523100365704998,100.0,CRITICA,0.2768983290127804,0.013290870380481665,42.49288906948395,99.95733499526978,CRITICA,0.2768983290127804,0.013290870380481665,15.703854193952694,0.19115790733000426,29.165281629956752
625,4.739232496427842,100.0,CRITICA,0.2972423643495217,0.0,43.00530720555216,99.94896650314331,CRITICA,0.2972423643495217,0.0,15.639947188204548,0.19438535096460544,29.570737642346593
626,4.763968119108306,100.0,CRITICA,0.28974625825025424,0.008535791995526398,42.97196261682243,99.87255930900574,CRITICA,0.28974625825025424,0.008535791995526398,15.649733148858576,0.1933592579215515,29.775596784255924
627,4.930885972108285,100.0,CRITICA,0.2812930367866638,0.008540693800267644,43.373564397046756,99.83593225479126,CRITICA,0.2812930367866638,0.008540693800267644,15.631214272223747,0.20176113328031928,30.103762200407886
628,4.803476474379632,100.0,CRITICA,0.2862216673271194,0.06401843996644799,42.87332823074444,99.56694841384888,CRITICA,0.2862216673271194,0.06401843996644799,15.672371313187343,0.19350341341659882,30.021755735306705
629,4.766922773837668,100.0,CRITICA,0.29392397492007366,0.17519611040921226,42.55328999211978,99.48581457138062,CRITICA,0.29392397492007366,0.17519611040921226,15.715273031820352,0.19316556330324622,30.154430232032244
630,4.966461412151068,100.0,CRITICA,0.2726424645427765,0.054528979507151396,43.119129720853856,99.33292269706726,CRITICA,0.2726424645427765,0.054528979507151396,15.688200036200925,0.19133565034846234,30.25499627238535
631,4.608404138489105,100.0,CRITICA,0.29104486010033115,0.08546043691282885,41.947324817447935,99.300616979599,CRITICA,0.29104486010033115,0.08546043691282885,15.821891772502513,0.19000740997728569,30.223674341067774
632,4.802840337435183,100.0,CRITICA,0.2816593543781783,0.010031050409674174,42.498316693754354,99.62851405143738,CRITICA,0.2816593543781783,0.010031050409674174,15.746300261258444,0.19206617025846232,30.17386131834008
633,4.974272886980285,100.0,CRITICA,0.287244567573142,0.0,42.76336131173141,99.38902854919434,CRITICA,0.287244567573142,0.0,15.722114540113859,0.19987022711703473,30.443109412353724
634,5.072716476991588,100.0,CRITICA,0.29349587078383005,0.00432863930481809,43.21878278080158,99.43394064903259,CRITICA,0.29349587078383005,0.00432863930481809,15.648319691716956,0.20136002677022746,30.303421015283558
635,5.0969252619861045,100.0,CRITICA,0.28715297756304703,0.09346858942277148,43.24799431883613,99.52976703643799,CRITICA,0.28715297756304703,0.09346858942277148,15.628912061821378,0.2034569995153583,30.215066891337674
636,5.173751920122887,100.0,CRITICA,0.28056739779733947,0.045644972886454825,43.46230798771121,99.15898442268372,CRITICA,0.28056739779733947,0.045644972886454825,15.605446596444608,0.20072781384473126,29.823580643894925
637,5.321669747980928,100.0,CRITICA,0.28970441166481636,0.022173003507924643,43.97415588206675,98.95883798599243,CRITICA,0.28970441166481636,0.022173003507924643,15.537744026607964,0.20445940624960302,29.614481153569344
638,5.40622618503277,100.0,CRITICA,0.35444650810267925,0.04567188953741037,44.07877991159884,98.75400066375732,CRITICA,0.35444650810267925,0.04567188953741037,15.51532860322014,0.20625755525255232,28.970840288433454
639,5.659458827654725,100.0,CRITICA,0.33642615232757644,0.032329546049878526,44.61749751621764,98.55648279190063,CRITICA,0.33642615232757644,0.032329546049878526,15.464789117947904,0.20999122708502052,28.767818063080444
640,5.47459130894401,100.0,CRITICA,0.33014739578788843,0.0043825518570570834,44.02454034054442,98.49171042442322,CRITICA,0.33014739578788843,0.0043825518570570834,15.518474066373464,0.20529266584512615,28.871024746921528
641,5.4099650013461025,100.0,CRITICA,0.33751875888456817,0.0804786176303927,43.897215491711854,98.57697486877441,CRITICA,0.33751875888456817,0.0804786176303927,15.5389116216221,0.2057101927470517,28.895440469634604
642,5.2686808846761455,100.0,CRITICA,0.33420908649123837,0.008759805520460613,43.56899684044234,98.35110306739807,CRITICA,0.33420908649123837,0.008759805520460613,15.56549821273821,0.20120443846787528,28.856042860925843
643,5.225015304560759,100.0,CRITICA,0.3277753356595706,0.0,43.41538490970309,98.247629404068,CRITICA,0.3277753356595706,0.0,15.592435193925681,0.20182597585058093,28.751715057708495
644,5.174130309436864,100.0,CRITICA,0.340243484854448,0.06299735289084755,43.17980011531809,98.1991171836853,CRITICA,0.340243484854448,0.06299735289084755,15.600495316359204,0.20096050478182093,28.890364158538254
645,5.176878723813185,100.0,CRITICA,0.3442618394965359,0.04385959106155831,43.209590620795694,98.17989468574524,CRITICA,0.3442618394965359,0.04385959106155831,15.603427701135823,0.20165118961002315,28.96453687611102
646,5.193415637860082,100.0,CRITICA,0.33848189393718503,0.036909102157217766,43.292565670551134,98.18276166915894,CRITICA,0.33848189393718503,0.036909102157217766,15.575974026741124,0.2020138298395401,28.714966352917887
647,5.050691244239632,100.0,CRITICA,0.34274240036328674,0.177971842681519,42.793612865297455,98.36528897285461,CRITICA,0.34274240036328674,0.177971842681519,15.651790471376653,0.19873013768591907,29.052381184407018
648,5.162656159907746,100.0,CRITICA,0.3341117643345878,0.12476199065801376,43.28385546799923,98.43935966491699,CRITICA,0.3341117643345878,0.12476199065801376,15.590963318215273,0.20153269126599618,29.14813330665777
649,5.185338865836791,100.0,CRITICA,0.3237701756996214,0.18782459572765445,43.31872284884967,98.31882119178772,CRITICA,0.3237701756996214,0.18782459572765445,15.618886775663558,0.20204538806495798,29.02788316558743
650,5.137905092592592,100.0,CRITICA,0.32268620080212373,0.12286013266384405,42.86757330246913,98.19637537002563,CRITICA,0.32268620080212373,0.12286013266384405,15.676648967167225,0.20024442309849533,29.027406011806512
651,5.319109166832372,100.0,CRITICA,0.2990634447714616,0.06961776762751283,43.66259693776099,98.28792810440063,CRITICA,0.2990634447714616,0.06961776762751283,15.593555456132089,0.2048621768893691,28.85887444446528
652,5.26576550776104,100.0,CRITICA,0.2780235693238372,0.00882557189766153,43.151421425434826,98.3752429485321,CRITICA,0.2780235693238372,0.00882557189766153,15.613406451237257,0.20172367700723118,28.942006388561175
653,5.485249517507582,100.0,CRITICA,0.31118431694808224,0.02317071074751137,43.62418764031667,98.48162531852722,CRITICA,0.31118431694808224,0.02317071074751137,15.562090024998689,0.21115844637639358,28.975950624426684
654,5.663592281048985,100.0,CRITICA,0.28661052133781856,0.08050244277217565,44.21535873330035,98.0900526046753,CRITICA,0.28661052133781856,0.08050244277217565,15.495527185586457,0.21300839234323288,29.061205064878465
655,5.759956083441462,100.0,CRITICA,0.2942177751364701,0.1966490287863724,44.55929733506338,97.68839478492737,CRITICA,0.2942177751364701,0.1966490287863724,15.467976775945507,0.21648320456709325,29.227744700217965
656,5.985721982758621,100.0,CRITICA,0.301802487229594,0.18756363267380857,45.70092838196287,97.39513993263245,CRITICA,0.301802487229594,0.18756363267380857,15.358821198147456,0.21997587901955662,29.42362054880485
657,5.868584899957686,100.0,CRITICA,0.2846002901844844,0.06783875153101417,45.31151141469705,97.55586385726929,CRITICA,0.2846002901844844,0.06783875153101417,15.381846238485611,0.21663916984244125,29.517990587264165
658,5.8302435696801895,100.0,CRITICA,0.28354135185465146,0.17992769525210153,45.10440993539585,98.10601472854614,CRITICA,0.28354135185465146,0.17992769525210153,15.367031619864651,0.21779516069920865,29.730104116134967
659,5.804930656345751,100.0,CRITICA,0.29155586766922187,0.2971475962965924,45.01334462183519,97.93984889984131,CRITICA,0.29155586766922187,0.2971475962965924,15.37120320152302,0.21761326623286423,29.532940163819948
660,5.68534138151583,100.0,CRITICA,0.29702436596280457,0.2879909216914253,44.494783338663254,98.14518690109253,CRITICA,0.29702436596280457,0.2879909216914253,15.377944571056775,0.2171335459040649,29.717216464613294
661,5.674424793253091,100.0,CRITICA,0.2987842769910712,0.26002215072276064,44.66316629820683,98.42380881309509,CRITICA,0.2987842769910712,0.26002215072276064,15.352798385993117,0.21984529593267163,29.868208418914346
662,5.469359780680535,100.0,CRITICA,0.27477250765981764,0.2688097390248156,44.03559909691985,98.59901666641235,CRITICA,0.27477250765981764,0.2688097390248156,15.43011405393237,0.21275196596502877,29.812622464156885
663,5.327113679226355,100.0,CRITICA,0.2679571790205375,0.2351640128605672,43.34214116608483,98.89249801635742,CRITICA,0.2679571790205375,0.2351640128605672,15.496593257002473,0.21242154719059858,29.835036841034118
664,5.3303689336414655,100.0,CRITICA,0.29136687284723994,0.22373193704237174,43.562004787058434,98.947674036026,CRITICA,0.29136687284723994,0.22373193704237174,15.468547079174474,0.21324226681590375,30.073434970559425
665,5.168454142011834,100.0,CRITICA,0.2916238350976303,0.2739261144570929,43.017258382643,99.17200803756714,CRITICA,0.2916238350976303,0.2739261144570929,15.541738240760246,0.21123361677101707,30.212865775959052
666,5.0901912579690825,100.0,CRITICA,0.288934122848414,0.18502021586283235,42.56437768240343,99.10204410552979,CRITICA,0.288934122848414,0.18502021586283235,15.592889513593956,0.20969303795262625,30.62595816452133
667,4.948716845569729,100.0,CRITICA,0.2711225082053629,0.16136155495360707,42.29309269258072,99.22128915786743,CRITICA,0.2711225082053629,0.16136155495360707,15.637993396395537,0.20514518551004032,30.804634961532564
668,5.000267857142857,100.0,CRITICA,0.2566802726497971,0.11795994213100713,42.63892857142857,99.17410612106323,CRITICA,0.2566802726497971,0.11795994213100713,15.615184506133453,0.20621279618744578,31.191598695193385
669,4.962966220971147,100.0,CRITICA,0.2762456060029177,0.2137895047690902,42.396661681914146,99.08075332641602,CRITICA,0.2762456060029177,0.2137895047690902,15.642402393415901,0.20736783097994105,31.593040490997712
670,4.827351916376307,100.0,CRITICA,0.2643872939220704,0.15896639738341473,42.073018292682924,99.13980960845947,CRITICA,0.2643872939220704,0.15896639738341473,15.686372773081398,0.19826441393225527,31.851157999262302
671,4.7273574120337045,100.0,CRITICA,0.2652845198412471,0.005965234511213669,41.62416903078291,99.28017854690552,CRITICA,0.2652845198412471,0.005965234511213669,15.743007358700192,0.19871076890655862,31.94097446452858
