frame,illum_org,darkpct_org,level_org,ear_org,mar_org,illum_mej,darkpct_mej,level_mej,ear_mej,mar_mej,psnr,ssim,fps
0,12.23720238095238,100.0,CRITICA,0.2916130386077377,0.02556652225391392,28.912254901960786,99.65686274509804,CRITICA,0.26746772443976813,0.10802428069486572,23.026986466659945,0.654943340352712,0.7265568999714179
1,11.736873156342183,100.0,CRITICA,0.29243701567572866,0.02043617389987544,28.42230416256965,99.62471320878402,CRITICA,0.27853103705986815,0.12842532051496702,22.96794209095046,0.6377122003263666,2.0054027695339904
2,11.42389306599833,100.0,CRITICA,0.29810857415849135,0.014084507042253521,28.03326649958229,99.64243943191312,CRITICA,0.25530958748397314,0.004502860224652493,22.973609934791682,0.6314741583314113,4.4240107378659665
3,11.033634085213032,100.0,CRITICA,0.2871894932818918,0.004901430813958718,27.022121971595656,99.6858813700919,CRITICA,0.28830728368759123,0.00462784454005888,23.297461856128024,0.6291535571621054,6.1375099467830445
4,10.533216812317935,100.0,CRITICA,0.28143647795575666,0.009385948256137304,26.482230545151893,99.70370370370371,CRITICA,0.2960613545777275,0.012191598467122386,23.31479180073774,0.6167977962589096,7.549640441314346
5,9.711887433284813,100.0,CRITICA,0.2982255159244903,0.019030150396527043,25.42330583858968,99.91751576904416,CRITICA,0.3016194585868985,0.0,23.490742139885597,0.5972514089552726,8.809609069489444
6,9.604724176474456,100.0,CRITICA,0.29337894724109104,0.0,24.80597014925373,100.0,CRITICA,0.27022804935838973,0.008744720602223408,23.884584725819895,0.614919028549643,10.146213986797664
7,9.43679628174915,100.0,CRITICA,0.28746866309113983,0.0,24.88583398795496,99.99018067556952,CRITICA,0.2630893320603577,0.008744720602223408,23.6892219268799,0.6062844742677819,11.642655671460709
8,9.055440839069158,100.0,CRITICA,0.30231834820610526,0.009356321989271122,24.12926909210095,100.0,CRITICA,0.2708104288338687,0.010437067714778625,23.9605952457337,0.5975286626170023,12.304636686337384
9,9.281006289308175,100.0,CRITICA,0.2939398153436382,0.0,24.12714465408805,100.0,CRITICA,0.29418884341117,0.006717236291465045,23.980816978828198,0.602665806723183,12.810305043582307
10,9.16826531460394,100.0,CRITICA,0.29941994745098177,0.0,23.981198570359904,99.99168813897433,CRITICA,0.29881430230043105,0.010090591315255552,23.97587633380059,0.5984059749013125,13.4514508313517
11,8.966227771597456,100.0,CRITICA,0.30869006277345346,0.010090591315255552,22.78247297723612,100.0,CRITICA,0.319879681826099,0.015792841151701004,24.62228747707776,0.6132720067760343,14.433255689686385
12,8.969363867684478,100.0,CRITICA,0.3061613806315021,0.004692974128068652,22.927955894826123,100.0,CRITICA,0.30776187250718023,0.0043231749988676725,24.53216697616582,0.6133761732090862,14.987826622508768
13,8.55679831016154,100.0,CRITICA,0.26975650530791995,0.0,22.23121006977509,100.0,CRITICA,0.3200948263671962,0.004442865039830092,24.693267136429427,0.6062220862424313,15.76479706382591
14,8.150012870012871,100.0,CRITICA,0.3115577953488619,0.004694370084907241,20.9190561990562,100.0,CRITICA,0.3040011095497475,0.008771170580190349,25.28582908070288,0.6099000254226569,16.33859188976431
15,7.997247863247863,100.0,CRITICA,0.322211347158491,0.004761418927616714,20.760700854700854,100.0,CRITICA,0.3276614228445499,0.05211553263957111,25.26123371325785,0.6065504415453221,16.63736903300767
16,7.448538963708417,100.0,CRITICA,0.34100170334712104,0.006447923679732002,20.59730649696611,100.0,CRITICA,0.341518815167714,0.0043825518570570834,25.00099101045207,0.5781297719461623,16.87543131717063
17,7.395331276910224,100.0,CRITICA,0.3238027207024998,0.009111073654551969,20.332417582417584,100.0,CRITICA,0.3382441340106025,0.016440870770211665,25.166133050726188,0.5832646288798149,16.939470508867277
18,6.928286163522013,100.0,CRITICA,0.30833814764124967,0.004319906331622535,19.787311320754718,100.0,CRITICA,0.296417904946633,0.015951779686442458,25.225713850045906,0.5667353695464538,17.411063203132446
19,6.637874452365941,100.0,CRITICA,0.28840274338120875,0.01441874501821181,19.420162633170055,100.0,CRITICA,0.2464067635521388,0.009215807053395414,25.359423115946683,0.5553997388409116,17.795323119612636
20,6.514937634120171,100.0,CRITICA,0.31727162822065136,0.004683237175753189,19.559364940987123,100.0,CRITICA,0.33794695887652965,0.10984616652326351,25.226683617104385,0.5536669167153814,18.348927965479945
21,6.493403298350825,100.0,CRITICA,0.343955627363299,0.00962551292942689,18.947259703481592,100.0,CRITICA,0.3260440738732425,0.06608778253363075,25.64028880989501,0.5681551407313674,18.57032861809704
22,5.89729772945315,100.0,CRITICA,0.31617465823724517,0.004412785948830765,18.097649504317236,100.0,CRITICA,0.32347783522937607,0.010695666509433897,25.810351392365888,0.5505809313580708,18.628747960222086
23,5.397797070635483,100.0,CRITICA,0.32251476940711804,0.013414664072008555,17.744064493267185,100.0,CRITICA,0.3536859800575707,0.23414785421948833,25.787350212001712,0.5198289976281604,18.431125355789256
24,5.096083363277039,100.0,CRITICA,0.3103897929372134,0.010105912973706152,17.24695652173913,100.0,CRITICA,0.35564007175953893,0.0,25.933533588176214,0.5128115074391771,18.120559352316935
25,4.9717246123419985,100.0,CRITICA,0.3227714576660523,0.008447621347441172,16.668964430049584,100.0,CRITICA,0.3508805714982731,0.15510938196188256,26.23106332117895,0.5176292159302408,17.852900321151047
26,4.846480954771067,100.0,CRITICA,0.28351950931262665,0.004134491152973615,16.612277619764654,100.0,CRITICA,0.3177861426186752,0.009476544668666563,26.175630022877975,0.5100572570816645,17.675627556524834
27,4.656560721880568,100.0,CRITICA,0.2975348348174265,0.007962505254944168,15.870294269785619,100.0,CRITICA,0.3239205379544316,0.10170830065294194,26.62849343463886,0.5188036307201738,17.661499720710985
28,4.847345425658679,100.0,CRITICA,0.30028623538787813,0.0040777961324325665,16.762905100254496,100.0,CRITICA,0.3200564835134657,0.0303851385796701,26.08744941255244,0.5111146376376445,17.660651499082864
29,4.4647840207407,100.0,CRITICA,0.26946856180537704,0.005461546136793603,16.507728977043058,100.0,CRITICA,0.290840840379143,0.025993762245501817,26.003062255646707,0.4762614526066238,17.26417289071308
30,4.220811919607814,100.0,CRITICA,0.26064648321328654,0.017784651518320267,16.045942623557814,100.0,CRITICA,0.2940784608249911,0.055884911988086206,26.2551251502262,0.4775310820952263,17.116128121736907
31,4.3937231191173725,100.0,CRITICA,0.29249521774872284,0.008291976585083244,15.66580440067319,100.0,CRITICA,0.30713767739631337,0.016054032476698392,26.617656488444172,0.5003427760472087,17.637309560295183
32,4.375410339009051,100.0,CRITICA,0.3041798316155788,0.0,16.01049240681086,100.0,CRITICA,0.3199110683879539,0.00883874844935048,26.43668188101372,0.49189902986781747,17.832554256626402
33,4.366844076483344,100.0,CRITICA,0.3068236069408662,0.012899199629493714,15.863940317518082,100.0,CRITICA,0.32776726086041597,0.026259979980361125,26.524664782036496,0.4937110023413051,17.689967568201975
34,4.4138614170280475,100.0,CRITICA,0.3122080761546717,0.012917481884172804,16.212242223816805,100.0,CRITICA,0.31577879764789984,0.004440893149874619,26.245385905146303,0.49248018250464815,18.01882559273353
35,4.213767895217789,100.0,CRITICA,0.3118414655279086,0.008734957094405579,16.035074626865672,100.0,CRITICA,0.3175741511869894,0.01552121739765069,26.222740443425714,0.47852840356782494,18.301390327204807
36,4.070196237481671,100.0,CRITICA,0.2801677402768566,0.01310243564160837,15.429101800143512,100.0,CRITICA,0.2828862309163138,0.00885042396205686,26.543167042819235,0.479765824663656,18.580351346277734
37,3.9910705091427983,100.0,CRITICA,0.3017882732921456,0.008681468165620028,15.44604792797564,100.0,CRITICA,0.2872641699940416,0.008737957766804087,26.519447250453716,0.4668222475328275,18.377918958946083
38,4.1004496840058335,100.0,CRITICA,0.3133316990185822,0.010364104629139772,15.293722654350997,100.0,CRITICA,0.3412863826785423,0.004238810532845515,26.704097959244617,0.4875919540506539,18.39203955173726
39,4.440345541201555,100.0,CRITICA,0.3306130330592595,0.009153054469182605,16.268672394330867,99.99843220870439,CRITICA,0.309790980107315,0.013756837127468773,26.246619648182985,0.49165864122294173,18.15146957631716
40,4.483845597256741,100.0,CRITICA,0.31965447603785313,0.010921807301040875,16.16980212036367,99.99528108975368,CRITICA,0.2886430239530792,0.01524080989241442,26.274333588393148,0.49523750613693157,17.945950519950337
41,4.307682896990458,100.0,CRITICA,0.29533005489213116,0.008537191649876303,16.11964766332273,100.0,CRITICA,0.2836924716310909,0.005936783310020532,26.199658382597647,0.4773901106805254,18.222933833038354
42,4.363556786350904,100.0,CRITICA,0.30125552415379253,0.004515236409857309,15.859705245734657,99.99840845429081,CRITICA,0.3023548792266862,0.011712942866506513,26.426658300896527,0.4924194273814146,18.15305705512258
43,4.507038934104264,100.0,CRITICA,0.2902923865719781,0.008599466419662477,15.914087295352418,99.99528642805518,CRITICA,0.2973741195110289,0.003997538274401069,26.351864003630187,0.49495560992087567,18.274152969163143
44,4.560479987368754,100.0,CRITICA,0.28782872302659657,0.0042929526992434705,16.327686113523328,99.99210547090867,CRITICA,0.3245703409936601,0.00863981266324507,26.07368622848243,0.49645396931397706,18.64278883642562
45,4.186582149493496,100.0,CRITICA,0.3047657981505426,0.004238810532845515,15.928415153149913,100.0,CRITICA,0.32702867420333026,0.0,26.34172665783902,0.47187150577249587,18.458428886748685
46,4.599634162134162,100.0,CRITICA,0.27902532813422953,0.010795287979107381,16.276142838642837,99.99514374514375,CRITICA,0.2961785302977513,0.008301614312467608,26.32630250986766,0.5095877206136624,18.664222443531344
47,5.102362204724409,100.0,CRITICA,0.2950821073365801,0.009215807053395414,17.86915135608049,99.99300087489064,CRITICA,0.31709597771039055,0.006039182502207157,25.405691456783952,0.5084955040761078,18.97291934495871
48,5.317444507683551,100.0,CRITICA,0.31085005738828153,0.006884936539766897,18.333540836653388,99.96264940239044,CRITICA,0.31941819973048546,0.006031268746143002,25.21450374424991,0.5156500730721252,19.18765867069115
49,5.255903614457831,100.0,CRITICA,0.3029711747154428,0.01441874501821181,18.39380633645694,99.98215082552431,CRITICA,0.2758568660896499,0.014631597347715726,25.22531149604072,0.5065229348152108,19.36588752901763
50,4.780139130434782,100.0,CRITICA,0.3083194331339707,0.009297901456392843,17.211130434782607,99.99130434782609,CRITICA,0.2970413747478746,0.008860580253654445,25.949807463594226,0.5090647927182452,19.5720922776996
51,5.4777687809266755,100.0,CRITICA,0.30489171550676875,0.004868385315308216,19.156149347728295,99.94062078272604,CRITICA,0.2978695573210802,0.01640955826452609,24.834929906601385,0.5114843816401012,19.838291286651916
52,5.171123948081586,100.0,CRITICA,0.277752865369583,0.018222147309103938,18.395236057623734,100.0,CRITICA,0.2985061217086047,0.0048228207928623186,25.363379296089278,0.5085486265075714,20.19028893841042
53,5.33700722171196,100.0,CRITICA,0.29390354044144723,0.010721264471477079,18.60149116645956,100.0,CRITICA,0.3123479122224354,0.008546306216710552,25.332123217969716,0.5125550125822538,20.25739724017657
54,5.902000860585198,100.0,CRITICA,0.2810263758221733,0.01602917165433378,19.670091078600116,100.0,CRITICA,0.29288655884993053,0.004444049435383145,24.937790815938968,0.5208177592225479,20.224333513612425
55,5.408932245737802,100.0,CRITICA,0.2897387264080732,0.01624324939445559,18.20273001175779,100.0,CRITICA,0.3054358064687758,0.013687077150699013,25.662597587839116,0.5290013464641965,20.570185284468195
56,6.356257148563025,100.0,CRITICA,0.2940204608956608,0.0051227518453778745,20.974601042101632,99.754906410559,CRITICA,0.30149840760745145,0.031215724199057434,24.13992529982967,0.5182749379482481,20.317222792117086
57,6.429833558254611,100.0,CRITICA,0.29905593274348186,0.017225716860454838,20.964444444444446,99.75888439046334,CRITICA,0.30884174175680246,0.01695594623433762,24.209187345861174,0.5336867859635617,20.50185937426353
58,6.293709677419355,100.0,CRITICA,0.30002304639198973,0.029837455641876506,20.372974910394266,99.66666666666667,CRITICA,0.30194178795559423,0.016486860982043,24.442116311510826,0.5318173853839563,20.476215244891314
59,5.780115927419355,100.0,CRITICA,0.29154061716516444,0.016978574286533397,19.06692828341014,99.81458813364056,CRITICA,0.32749645048224474,0.006929422916050529,25.113967158789727,0.5331160972341967,20.64793135380942
60,5.073608649104025,100.0,CRITICA,0.30515286041542145,0.014279886949438495,17.96961932007652,100.0,CRITICA,0.3238762048628481,0.004888762869070276,25.637251846544743,0.5019514017822982,20.79995393056987
61,5.119808745672047,100.0,CRITICA,0.3403013821848581,0.013267162536133192,17.464414604209793,100.0,CRITICA,0.3412356471274731,0.004761904761904762,26.037105431422937,0.5307454914264541,20.958186015447076
62,5.130890244798941,100.0,CRITICA,0.3077584562924539,0.016734531560051252,17.694699698595898,100.0,CRITICA,0.3548061270062815,0.016720077200575875,25.868908608041465,0.5208061727277914,21.077380246737526
63,5.17252319109462,100.0,CRITICA,0.31565664361853885,0.011495082151192229,17.40096474953618,100.0,CRITICA,0.3447109416797445,0.04156941193096032,26.106071748860423,0.5348992488451633,21.137297200228588
64,5.255353838826094,100.0,CRITICA,0.3160409966144838,0.025800372328186688,18.150915053034606,100.0,CRITICA,0.34936531431555323,0.06703450013465875,25.662973302805202,0.5198657480568527,20.86148168203738
65,6.305952204794318,100.0,CRITICA,0.2957085248514958,0.173162505202876,20.713561704646345,99.95190884877184,CRITICA,0.32619666853275897,0.21134352637504025,24.433279420118335,0.5372007566143592,20.84741334784214
66,5.516090909090909,100.0,CRITICA,0.316285249512292,0.17220160218029323,19.067527272727272,100.0,CRITICA,0.3191436406898155,0.11726625745504866,25.225846905766414,0.5171569680659217,21.12002908686472
67,5.533589145721263,100.0,CRITICA,0.3205837213103372,0.13261477709515299,19.152220610644978,100.0,CRITICA,0.294468249159424,0.018228745374767746,25.18233110304636,0.5170231925330613,21.19988855132178
68,5.726042820228867,100.0,CRITICA,0.30624226720014547,0.10988414116630661,19.120819490586932,100.0,CRITICA,0.3094623864377721,0.127590679606415,25.289272210251312,0.5248722017432188,21.268376847723097
69,6.4914359542266515,100.0,CRITICA,0.2885243605520879,0.16941714668979022,20.957733480989294,100.0,CRITICA,0.29026901215871825,0.1809022729498389,24.417838080382847,0.5336277055931452,21.28511019361993
70,5.4358830146231725,100.0,CRITICA,0.32207113770804163,0.15387616591049366,18.494006608548933,100.0,CRITICA,0.3136765258669303,0.15760010786283726,25.501591219987425,0.5041780648121268,21.16010720872686
71,6.49466704025404,100.0,CRITICA,0.2886167313533403,0.13205679154131392,20.65519753432334,100.0,CRITICA,0.2972967721655499,0.10172605757719684,24.66292558261847,0.5391831830697081,21.2429913532773
72,6.132672727272727,100.0,CRITICA,0.3060126839746824,0.05309802379220635,20.350472727272727,100.0,CRITICA,0.3095059535401463,0.09603063787337976,24.643602160679933,0.5173603556983819,20.98935385967738
73,5.727098565804274,100.0,CRITICA,0.3055212231249227,0.13920695188434362,18.993285995500564,100.0,CRITICA,0.31340370986684696,0.1111584060531763,25.35171040741144,0.5186622464957708,21.082383939951953
74,5.385039893617021,100.0,CRITICA,0.30431742128387174,0.12740179946362182,18.753507313829786,100.0,CRITICA,0.3290244423305041,0.09102837137194557,25.23700122383298,0.48779908127525734,21.132042340729615
75,5.464784653127982,100.0,CRITICA,0.2706903865908687,0.1022357550978474,18.89437099632002,100.0,CRITICA,0.2820135907093084,0.13018364021184184,25.20830845519519,0.4937044813547284,20.948202897611285
76,5.614734046271056,100.0,CRITICA,0.303042581955309,0.18733595984003765,18.662682602921645,100.0,CRITICA,0.28285950454296077,0.14988136062633595,25.480293946598287,0.5061887723328495,21.282244241103577
77,5.837312252964427,100.0,CRITICA,0.29194959610144855,0.19716984727475348,19.032428634167765,100.0,CRITICA,0.28904168767047744,0.16740686119327006,25.321414440273013,0.5149866232357784,21.26877717197343
78,6.195382649537229,100.0,CRITICA,0.2927299521186865,0.15453723975629718,20.034414283740848,99.97927890592622,CRITICA,0.2976730427206541,0.10579040849303953,24.875851069983874,0.515654628519148,21.34266342237043
79,7.246532413588488,100.0,CRITICA,0.3006228778434329,0.14976650007344983,21.35617860851506,99.97218513573654,CRITICA,0.2913430337246848,0.14648229428488702,24.619617533746712,0.5685148976102288,21.349659077274495
80,6.943716397849462,100.0,CRITICA,0.2752763347964554,0.026259022960633847,21.441849611708484,99.98879928315412,CRITICA,0.3008830784470173,0.00876889402941094,24.433434050953977,0.5432273902965766,21.525146192638886
81,6.618869955822846,100.0,CRITICA,0.30306510227053507,0.08041068226269125,20.101496083453984,100.0,CRITICA,0.30825252499089806,0.09447039214521512,25.05407923530982,0.5496140222765602,21.783109553639708
82,6.467864372469635,100.0,CRITICA,0.3218964651512231,0.16860106601794544,20.445199537304802,99.98734817813765,CRITICA,0.33821843643930605,0.14720860160551585,24.639813763512066,0.5132966707622636,21.278977635433115
83,6.8583979618598025,100.0,CRITICA,0.3025220927740888,0.054641200676581105,20.803435615001312,99.9719006406654,CRITICA,0.32538691207731224,0.09967318605728558,24.624368686742013,0.5336910348148215,22.128128307526623
84,7.176792792792793,100.0,CRITICA,0.3065579815232789,0.1074920268262183,21.73153153153153,99.8972972972973,CRITICA,0.30200461820326596,0.0911782871661571,24.217961687015833,0.5295597419138369,22.85678764912585
85,7.476423902894491,100.0,CRITICA,0.30951963080935785,0.19409795977917552,22.287402140343318,99.86533074768369,CRITICA,0.32728874278716746,0.16466030795186037,24.020029646741055,0.5417501584167849,22.60534205232361
86,7.487051618547682,100.0,CRITICA,0.32982956720040957,0.24913489173971354,22.377322834645668,99.86176727909012,CRITICA,0.3228222406407011,0.24801535381673462,23.986966923091927,0.5324845318581202,22.13756723125422
87,7.572617020903172,100.0,CRITICA,0.3030682353137956,0.18077435111596646,21.892044158169085,99.87187812626146,CRITICA,0.3266519558915682,0.22217523105932288,24.25002721214229,0.5482271642533523,22.565326026065115
88,7.828042328042328,100.0,CRITICA,0.30596496058664896,0.051311919429148756,22.589294532627864,99.77425044091711,CRITICA,0.31721387982880334,0.06979794618381954,24.02095839606703,0.549556337277276,22.168168534285996
89,8.470454545454546,100.0,CRITICA,0.3302883189601281,0.22320154711580276,23.585335497835498,99.74386724386724,CRITICA,0.3265114332713768,0.27437063801423306,23.782659296217034,0.5718864602658144,22.468110253957512
90,8.259788760200053,100.0,CRITICA,0.29801450994721723,0.2806269432893318,24.198917478283757,99.6314819689392,CRITICA,0.30884141540233584,0.24759252783664876,23.301503034625863,0.5204891892595802,22.2252284415725
91,8.724305975667138,100.0,CRITICA,0.29573417463232454,0.2852447050638247,23.78843180748807,99.85884250857028,CRITICA,0.29887635473828356,0.2534032444234342,23.79803070754848,0.561510558889131,22.480656739116135
92,9.043003003003003,100.0,CRITICA,0.3025063826611038,0.26951639387004483,25.133178893178894,99.71342771342772,CRITICA,0.3101296728514834,0.2340733333615691,23.170418838966228,0.5422600463383013,22.191905308209147
93,9.435408600663717,100.0,CRITICA,0.29274378632718323,0.2537162156614873,25.430257881637168,99.609375,CRITICA,0.27400268760161295,0.2090273375049083,23.170935108484603,0.5575385888908296,22.043863505111666
94,9.43902481346521,100.0,CRITICA,0.2825810517730328,0.21012780215954274,25.783064376192954,99.61304875932674,CRITICA,0.29230601032260495,0.1560808741256488,23.024097470704575,0.5430184153011833,22.14944664362426
95,9.74398516163222,100.0,CRITICA,0.3131713900164463,0.24249755254509087,26.46677265500795,99.5142201024554,CRITICA,0.2956399971341771,0.2282408724194052,22.793367486779328,0.5526407184681871,21.829615885696803
96,9.859586549551947,100.0,CRITICA,0.31256807758642147,0.24870384230383663,27.464980924496494,99.53154112323662,CRITICA,0.3011587568064241,0.2425478791596819,22.301484620899743,0.5317196220888835,22.06185154697309
97,10.407461917727574,100.0,CRITICA,0.30726498958457427,0.25536615812372615,27.57684524247553,99.55294723673559,CRITICA,0.3060230049441767,0.20536814877184337,22.549898736894175,0.5691618573077322,21.81867612236981
98,10.632828022665391,100.0,CRITICA,0.3028951604944873,0.24411581492220477,28.178857899771874,99.55294723673559,CRITICA,0.2837988712842878,0.23150640217908727,22.343119978874157,0.5625969617899296,21.806279836807526
99,10.76815758561489,100.0,CRITICA,0.30816326730091936,0.2324952774876385,28.85242613174302,99.28978042830036,CRITICA,0.2932694724666165,0.21089118944187096,22.010287122820568,0.5589089945463354,21.988506903546472
100,11.029068436713207,100.0,CRITICA,0.30187568327144404,0.21174810294722896,28.883268482490273,99.53870803035372,CRITICA,0.30325787595251125,0.1990844171232914,22.18822405981978,0.5629818455491743,21.77849599848477
101,11.76351788116494,100.0,CRITICA,0.29791842633686516,0.20634153998634364,29.418840301193242,99.5475113122172,CRITICA,0.2927741862801231,0.208923259892834,22.28280466524236,0.5823655828004984,21.499767541467566
102,12.915318793697173,100.0,CRITICA,0.28800088094880605,0.21652133087028688,32.392344081533274,98.96865977947058,CRITICA,0.28431506258951533,0.18921662058598746,21.37780355046059,0.5754380007350637,21.695559035057144
103,14.091063770682501,100.0,CRITICA,0.2914781126153164,0.21565747621624834,34.68310849523413,97.48424397104016,CRITICA,0.28211869713813204,0.24533028525595516,20.7666912426826,0.5931918623251472,21.86108867277434
104,15.171896719488462,99.99826244092299,CRITICA,0.3177440821245573,0.22369006657447132,36.191809146510984,97.07221295524047,CRITICA,0.30867482910977173,0.2185643823040608,20.534237327056523,0.601789747330428,21.938402863324956
105,15.786495087864951,99.99654074996542,CRITICA,0.3103676627997309,0.22097806739070747,37.28440224159402,96.57015359070154,CRITICA,0.30921308304694645,0.21686746987951808,20.290395629956365,0.6048806932843976,21.773020837983985
106,16.891352201257863,99.99475890985326,CRITICA,0.31505909935830806,0.22876863401051714,39.27833682739343,95.40880503144655,CRITICA,0.28236647984138086,0.26442694663479305,19.91590060231744,0.6044221278594349,21.722787982887276
107,17.57928240740741,99.99649270482604,CRITICA,0.30343130900686843,0.22495488977527991,40.79761153198653,94.18665824915826,CRITICA,0.2884144424685746,0.26668617153021695,19.590747594484185,0.6078005641022947,21.258892854709703
108,18.515519781144782,100.0,CRITICA,0.288874838811475,0.2287840991877537,43.46734708193041,92.02090347923682,CRITICA,0.28147430034226995,0.2559984189273538,18.978705691783084,0.5919026641733515,21.89011046019169
109,19.23207933976976,100.0,CRITICA,0.28777685727979657,0.2196969696969697,45.870932697867566,89.59541623591667,CRITICA,0.2813226583377786,0.24639689559139938,18.42277819360268,0.5759974457549905,21.35597055348095
110,20.429819023569024,100.0,CRITICA,0.2863633432345754,0.23494312270644238,47.945531705948376,85.44297138047138,CRITICA,0.28024887619017147,0.24806201550387597,18.117105729697705,0.581551904882958,20.89357744746965
111,21.582104937635297,99.99828196405869,CRITICA,0.28500961019428195,0.21742053177880616,49.88819022093942,82.9656736418926,CRITICA,0.2738520344607954,0.22752431588031966,17.830277724900284,0.5878318449764998,21.74142794647789
112,23.307452659426342,100.0,CRITICA,0.2974371662329397,0.23502916643956828,53.12837649679755,80.27534113060429,CRITICA,0.2950254563933047,0.26282022822774337,17.375682642009195,0.5767005375242072,21.21256834832795
113,24.921418320557247,99.9842486611362,CRITICA,0.3104951554330553,0.24321840177867673,57.25156638314257,74.88361510728411,CRITICA,0.2969296595951234,0.246118661785888,16.684495278153705,0.5675461783233318,21.72065598029848
114,26.038608719420527,99.99145824791582,CRITICA,0.30126001276215075,0.21966659834038496,59.48235274019407,69.88178215115485,CRITICA,0.3067787245176039,0.24520592117890014,16.36188818780976,0.5571678278471137,21.54849692655282
115,26.834626906318082,99.98468137254902,CRITICA,0.30518700210523786,0.20273117260076873,62.094039351851855,66.15604575163398,CRITICA,0.3028558953372489,0.24421298997299756,15.815714899499223,0.5548161217554591,21.71765749559293
116,28.113319422709093,99.96696226743175,CRITICA,0.3115187782520277,0.19000868261456327,64.03575030429491,63.52982090071292,CRITICA,0.3221794092016782,0.2081811557580424,15.639046291876186,0.547183454920949,21.510694624162856
117,29.55821294810059,99.94649545211342,CRITICA,0.3069036697008748,0.21402009668225122,65.57438915641163,61.951132512930265,CRITICA,0.29878934421961145,0.22676929399491988,15.61640622957804,0.5566855760383683,21.49728583143721
118,31.0827648766328,99.8857039187228,CRITICA,0.3004183817774971,0.22676929399491988,68.99909288824384,58.14767779390421,CRITICA,0.3122345798384371,0.24044900696347168,15.168693115277938,0.5447900900477811,21.592721715814836
119,32.34903141408168,99.70073293550526,CRITICA,0.30801403872561367,0.248023102400254,71.06944071107289,55.737146748382706,CRITICA,0.32230207884894624,0.2533676496261225,14.973369617455695,0.5537184939077726,21.36874325475396
120,33.78244234800839,99.55974842767296,CRITICA,0.28903953698592744,0.262176624723811,74.26252620545074,52.54716981132076,CRITICA,0.2876209498062697,0.2706331817372176,14.600876685933827,0.5286813104807199,21.609592285287633
121,35.622359154929576,99.48391328362331,CRITICA,0.30625868406712675,0.254625194688118,74.17804128693732,52.75994200497101,CRITICA,0.28297700444101215,0.2867327199831621,15.000902854743538,0.5818660820836828,21.519761330005526
122,36.98313131313132,99.2003367003367,CRITICA,0.29481153303279517,0.2500814238611217,77.02409090909092,50.33501683501683,CRITICA,0.2907536881042141,0.2560214207744396,14.698676041017935,0.5590978780762264,21.4769913099404
123,38.166267783539425,98.70861587554846,CRITICA,0.2956912489501224,0.2414591371850926,76.96790652838719,49.83712272304215,CRITICA,0.2836686369658472,0.23196072594989903,14.933982014570628,0.5876668152519963,21.30494173146638
124,39.3064542245539,98.43097250558633,CRITICA,0.25890457319205207,0.24178087267495854,78.86463292205059,48.2431425888144,CRITICA,0.2659682224143992,0.25880542087110325,14.72369072592651,0.5825907377071794,21.353680361865283
125,40.141600480967,98.08720691073633,CRITICA,0.2137435157621576,0.2526676532341151,78.49996835743443,48.31819763946461,CRITICA,0.19494431573026275,0.24782107883727805,14.982862433125714,0.6047044761891726,21.162225639175784
126,40.46663590926567,97.59938485198,CRITICA,0.20066278951307082,0.24037589858916644,79.91020376778162,47.46328335255671,CRITICA,0.16206089297847764,0.24469120573311934,14.65110962272582,0.5938816491711518,21.327264259100172
127,41.290779385089095,96.81721872475345,CRITICA,0.2523450837556475,0.2364217845163971,81.60201515174612,46.32257671143088,BIEN,0.2104288483850234,0.25285368479438736,14.418420758690848,0.5895949294391107,21.367864948584735
128,41.83283296943232,96.33369723435226,CRITICA,0.25062282425503796,0.22688141327839564,82.7877698932557,44.967552159146045,BIEN,0.23953548016223875,0.2523852262632933,14.305147684345512,0.5883690025481708,21.3746275744442
129,42.574605085000755,95.2188957424402,CRITICA,0.270465087810587,0.23248897699012416,84.17058823529412,44.6772980291861,BIEN,0.23991075902215958,0.24679767354333706,14.165651402772482,0.5877989134005362,21.217758857704318
130,43.70409945241971,93.7472250998964,CRITICA,0.27698592726621407,0.22371140930328265,85.22832618025751,44.78762764540477,BIEN,0.26974172897230453,0.22189267933019044,14.146029352524554,0.5895760628513658,21.05735873475275
131,44.481916116058606,92.18184429761563,CRITICA,0.2807811137406825,0.2250686302032933,85.60406492387246,44.97558172938811,BIEN,0.2856451622772933,0.23888299648535488,14.223127359893311,0.5990544098715946,21.306809061358333
132,45.87211663188766,90.21769781738197,CRITICA,0.2861117365418121,0.22037721072440766,86.32931024758896,44.11200721899498,BIEN,0.28114034625484796,0.24598440115964187,14.328957200963433,0.6118983012159273,21.339378262242498
133,46.31004050134092,88.81971430135187,CRITICA,0.2981777535324436,0.23993645131216126,87.63645941656176,44.01784248262274,BIEN,0.28961424160388416,0.25347161526391104,14.151007498753794,0.607187472164296,20.994010451284385
134,46.044955110136755,86.42081636914082,CRITICA,0.29064849676958887,0.22389953884871097,86.27164891951143,45.34528656435954,BIEN,0.2908099136722889,0.2411265556215468,14.294222097685655,0.603657878781152,20.751572513089613
135,46.12593548387097,84.7083870967742,CRITICA,0.30307172871480764,0.23214424202032055,85.70531612903225,46.55096774193549,BIEN,0.2999854556676108,0.22881208335498948,14.372649777007878,0.6048909723126001,20.270298598280746
136,47.08599332394513,82.34757210660824,CRITICA,0.3064555236647952,0.2367605502001687,86.24848745631878,46.129974443227454,BIEN,0.31441815139234297,0.22760261820276476,14.438529883635717,0.6145384312515896,19.87204875647125
137,47.36515810696095,80.87462860780985,CRITICA,0.3181111824965215,0.24611791177471568,86.75672485144312,46.242306876061114,BIEN,0.342848226080803,0.24987446786113648,14.336278229078253,0.6125304833085394,19.351065888640615
138,49.01905801708173,78.39768926725449,CRITICA,0.3374216665641383,0.23086479191357298,88.36289007435252,45.16846789574062,BIEN,0.35107249559368336,0.22671840750890104,14.366754614571102,0.6182342106309765,19.470610832815638
139,49.62468866749688,76.72931054002038,CRITICA,0.3388006193464415,0.18848784927340606,88.17608683346542,45.67247820672478,BIEN,0.34300087003815205,0.21036400399633182,14.511372638718429,0.6247759316016595,19.859194427612678
140,50.977139465187996,75.10098304643049,CRITICA,0.3331569634380091,0.1674831572329626,89.99394825614223,44.83502482952325,BIEN,0.337797458803513,0.19699923265818198,14.392803299350078,0.6223739701239309,20.134379686788897
141,51.368125181106926,74.59287163141119,CRITICA,0.3376725542614064,0.12322225062419363,89.9449000289771,45.026079397276156,BIEN,0.35510973440928073,0.12077168598840761,14.474271586154085,0.630096513248844,19.886518414523543
142,50.35657555146797,74.87558996734683,CRITICA,0.33447206811478325,0.044776456867331386,88.50753589710685,46.39032667436654,BIEN,0.36133704178525655,0.06730505401342955,14.591282732738486,0.6378986288699156,20.385237291355658
143,47.359737115185055,76.59356624005534,CRITICA,0.3440141178819043,0.091243982127441,82.87107575233483,49.56762365963335,BIEN,0.3559925363479989,0.03612099123139365,15.12379719626318,0.638640890392692,20.33664790009537
144,44.434048056633316,77.35892723436118,CRITICA,0.3420857058714221,0.07142351041808372,78.49208358859165,54.78864610986318,CRITICA,0.3523163724877487,0.028804389323895247,15.402615745064123,0.6214410950574965,20.04555631445982
145,42.219639500763996,77.51680121158033,CRITICA,0.3235896831990115,0.03014086569031646,75.06566332670751,57.97601179127283,CRITICA,0.3371779922665934,0.03014086569031646,15.655627145010895,0.6171903964020955,19.606980245362863
146,39.615901887832436,77.87377704285518,CRITICA,0.33579334500729097,0.03021090096579032,69.92514813283726,63.04395755821965,CRITICA,0.3499286622195438,0.008022817247614666,16.21504389681513,0.6222912816283971,19.45620023239126
147,36.09052960026986,80.6684657334008,CRITICA,0.34429614469733855,0.016230018786815525,65.72710406476641,66.50222072299994,CRITICA,0.34206043310914597,0.013686888863977053,16.32260393572881,0.6252623574404957,19.620147009773792
148,31.669941612396137,84.40517628565011,CRITICA,0.3518471156888773,0.004154997124535235,60.6138417920503,70.38232652144622,CRITICA,0.34699466799307666,0.00810061894131006,16.530770790916204,0.6003478884594741,19.83061515136239
149,27.866894197952217,88.23570383784913,CRITICA,0.35944794468011765,0.008108404256841999,53.994636762554855,76.48673121125583,CRITICA,0.3686770098460401,0.0,17.398885819438526,0.6082752154597443,20.103198524285652
150,24.397521027003098,91.18945095040712,CRITICA,0.3339878723628598,0.005669294994152579,51.50349443974942,79.44249936281808,CRITICA,0.3263081230985122,0.0,17.231302558912603,0.5509195793426823,19.778712504258603
151,20.789844129581237,94.06064107783016,CRITICA,0.3285616061842277,0.008115009393407762,44.90000393943771,85.36236261210983,CRITICA,0.3409343301806982,0.0038694347669733222,18.017291805731418,0.5810311444127852,19.256221502485555
152,17.478143077768763,96.3275135460566,CRITICA,0.3301800345546631,0.0160537738806194,41.39928801403031,89.14090516451587,CRITICA,0.3421197716031438,0.028327769507804954,18.299213545065165,0.5510340611734237,19.065280957424953
153,14.935954226651901,98.31118493909192,CRITICA,0.35370110971966806,0.004219071283798714,35.773967726625536,93.8498655276064,CRITICA,0.3623167469048991,0.012654173322741616,19.665049506919065,0.5848589825503532,18.745316841649473
154,12.842258064516129,99.62231182795699,CRITICA,0.35882251182009073,0.0,31.246693548387096,97.04435483870968,CRITICA,0.3716972730501401,0.004273153108355276,21.201991611902354,0.6031125037437194,18.51430188730353
155,11.512643302116986,99.99591052222631,CRITICA,0.3545253485487876,0.0040623228723027744,28.42666884772148,99.52425741899427,CRITICA,0.3568610032039955,0.007935945602009302,22.850771606955284,0.6116909716102178,18.281369236659526
156,10.826795263296072,100.0,CRITICA,0.3364175344315838,0.0405030947065503,26.919429053073745,99.95854693178207,CRITICA,0.34286578901340775,0.004095300778893008,23.371700969720962,0.6041073077055784,17.993064977548052
157,10.942017879948914,99.99716191287072,CRITICA,0.3408686825615655,0.0,26.75718745565489,99.96310486731943,CRITICA,0.34224406316943096,0.008405884497678156,23.56698691101565,0.6242442261855031,18.100320961326748
158,11.064510116000632,99.98996286259158,CRITICA,0.3296550009556469,0.004107408354139788,26.961858877848037,99.9670208342295,CRITICA,0.3402806531515004,0.004210983599779403,23.48003626790453,0.6246963508863641,18.438107916617145
159,11.141371047863947,99.99269475775817,CRITICA,0.3238359252758869,0.008214816708279575,27.259993571386826,99.96785693413594,CRITICA,0.32224673870473775,0.003954546659701903,23.314326525228562,0.6272348753643509,18.833480528224808
160,11.063864913398598,99.98986271215895,CRITICA,0.319809549912829,0.008108404256841999,27.04877483635521,99.9608990326131,CRITICA,0.3343124120813852,0.007995076548802138,23.42918787020566,0.6323343217459373,18.90036379866438
161,10.93887506222001,99.99431131337553,CRITICA,0.33485601881798077,0.004158552410345369,26.87247386759582,99.95875702197256,CRITICA,0.3212614000775794,0.0,23.451727446838248,0.6298488882571139,19.225036158712612
162,10.825968102886604,99.9943344381179,CRITICA,0.3314583326951905,0.008108404256841999,26.835387099515593,99.96175745729583,CRITICA,0.3278576262914743,0.003859307038729077,23.41636542468484,0.6247072089893556,19.496091457124077
163,10.7140708915145,99.99427139276763,CRITICA,0.33794928357447396,0.0,26.89059792337988,99.9641962047977,CRITICA,0.34871071072337756,0.004197939736950635,23.369803182466956,0.6135975086766222,19.66571673409604
164,10.81484369359613,99.99133636560538,CRITICA,0.3782424859263068,0.0,27.240892354342648,99.94368637643491,CRITICA,0.37550608394367074,0.004154997124535235,23.217361788395277,0.6124203242369916,19.89590933678618
165,10.9180615473109,99.99280989358643,CRITICA,0.3602461555080464,0.005928795864967035,26.916436583261433,99.95685936151855,CRITICA,0.3562108900056017,0.008180113042581226,23.452330796069567,0.6231138622389504,20.07249564078619
166,11.000226898859832,99.9900731748823,CRITICA,0.3354815403228907,0.0,27.261798740711328,99.95603834590732,CRITICA,0.3377100097415271,0.024526369657598482,23.334741699736448,0.6201901415507135,20.134218669987103
167,11.154033209588766,99.99712221934443,CRITICA,0.36725272947097254,0.0,27.99615816282483,99.95683329016663,CRITICA,0.3547770552672287,0.008711062484160256,23.011302846939422,0.6062340861505355,20.102326542677535
168,11.236249668932638,100.0,CRITICA,0.344369113817048,0.004539035037452785,28.08198699273123,99.96027191665931,CRITICA,0.34668188538215283,0.036057545461988964,22.970600141110996,0.6119461404880743,20.25850608637885
169,11.254461315552138,100.0,CRITICA,0.34801518610730037,0.008810914672734529,27.7566716442184,99.96303798216952,CRITICA,0.3774268457473293,0.004186006213871304,23.159409098700053,0.6199542837858535,20.718478306063304
170,11.101568203720468,100.0,CRITICA,0.34326131514006014,0.004192291760388953,27.81542213007038,99.95765557924247,CRITICA,0.37083780986321635,0.012576875281166858,23.068421295107797,0.6125663023134607,20.667426690472606
171,10.979556328838626,100.0,CRITICA,0.3508932976824629,0.00882557189766153,27.618355806872554,99.9608525445846,CRITICA,0.34592052744167234,0.021281991591815378,23.098105107379926,0.6127154959554736,20.568584329210044
172,10.561620099631796,99.99566818280269,CRITICA,0.336017768178848,0.009356321989271122,26.947527254349865,99.96823334055303,CRITICA,0.3469758274326727,0.016977545613366226,23.32709841331351,0.6033039107934769,20.63213882612939
173,10.14232075809047,100.0,CRITICA,0.32924980825537187,0.0,26.09252637225103,99.97318076166637,CRITICA,0.31613783289644326,0.005675866187310728,23.52437588952413,0.6065427311361269,20.933871688144396
174,9.137123745819398,100.0,CRITICA,0.3293342559944231,0.015168890074781182,24.936423882076056,99.97832280440976,CRITICA,0.3210979589950651,0.008327480130909838,23.660698610794427,0.5742206307553418,20.967996109724893
175,8.438620297904569,99.99842211562738,CRITICA,0.358214790143357,0.004678160994635561,23.47480118656905,99.97317596566523,CRITICA,0.33575559645993236,0.0,24.090442458014977,0.5794561510383462,20.80644556211176
176,7.890208647561589,100.0,CRITICA,0.3471919737272089,0.004812756464713445,23.032334087481146,99.98114630467572,CRITICA,0.33948494611616586,0.014953923405853666,24.02188580479193,0.554807902931879,21.165952966200084
177,7.728065134099617,100.0,CRITICA,0.3510302963923353,0.004430290126827222,21.74380587484036,99.97765006385696,CRITICA,0.34034255516719936,0.00442521198102843,24.673932425773486,0.5792160595450937,20.80619308186614
178,6.420772261623325,100.0,CRITICA,0.3176176753758192,0.004489770487003044,20.28795902285264,99.98581560283688,CRITICA,0.3451512673763457,0.004478410124170492,24.843805897808675,0.5282951391907479,21.604991615988936
179,6.312223834865344,100.0,CRITICA,0.3515835028235992,0.004550864262747434,19.82320593452669,99.98226092565716,CRITICA,0.33524413551366306,0.06610351903182221,25.08252868314888,0.5400509459882569,21.523896738822415
180,6.277157767964673,100.0,CRITICA,0.3254182060005011,0.004497938167916704,19.576218386190284,99.9839421918908,CRITICA,0.3360548725261181,0.012299834568337576,25.212450452942385,0.5420988857087199,21.530025751190266
181,5.891772598870056,100.0,CRITICA,0.33287908319255277,0.008759805520460613,18.48693502824859,99.98234463276836,CRITICA,0.3590459452411938,0.013877884992118924,25.651370125465178,0.5431079008849955,21.225833702155036
182,5.721252465483235,100.0,CRITICA,0.3248404168865764,0.013332148306149434,18.394362261669954,99.98356344510191,CRITICA,0.3544672518375539,0.016022815915918042,25.56187341501164,0.5290462279396527,21.676869274954637
183,5.643533643533644,100.0,CRITICA,0.3139598986214883,0.013333333333333334,18.144589644589644,99.98844998844999,CRITICA,0.35481005843625435,0.013512279797026393,25.685183865468066,0.531184709912075,21.41165438396367
184,5.315988752915615,100.0,CRITICA,0.3164811796925719,0.013277683681748717,17.875834744544207,100.0,CRITICA,0.3191516924912979,0.0,25.620906114037023,0.5118795445265419,21.653873515492464
185,5.122999761165512,100.0,CRITICA,0.30713544139946203,0.015576868145721155,16.909051827083832,99.99203885041,CRITICA,0.3151751200534113,0.0061216204114949895,26.102162647649397,0.5244189353356714,21.410213302133517
186,4.836796145739235,99.99849442938874,CRITICA,0.32280530878655406,0.011316391238839964,17.129990966576333,99.99397771755496,CRITICA,0.3164332889330884,0.01332267944962386,25.822822002159597,0.48968171698615565,21.037970279177788
187,4.499569163602941,100.0,CRITICA,0.26228653659127826,0.004158552410345369,16.574821920955884,100.0,CRITICA,0.2856342637717797,0.004812756464713445,25.909106992054078,0.4734902746695043,20.5339474530519
188,4.533507893723527,100.0,CRITICA,0.2547117175377994,0.0,16.518305737389294,100.0,CRITICA,0.2691866428185323,0.013666610481827953,26.009088025652307,0.47825794947417394,20.457170551626895
189,4.503368411088147,100.0,CRITICA,0.2535414503054576,0.01298591791445427,15.804143066752914,100.0,CRITICA,0.2655012753783943,0.0067281741961920695,26.470626361645927,0.49774303620921173,20.52896537315862
190,4.492651483956796,100.0,CRITICA,0.25528003138330635,0.008546306216710552,15.66298185043236,100.0,CRITICA,0.265082570019514,0.017211921306726136,26.564553752305862,0.5022790256547265,20.752600118239187
191,4.41137687324128,100.0,CRITICA,0.26410904414936454,0.012803687993289598,15.663143773313266,100.0,CRITICA,0.3088957687010626,0.00962551292942689,26.514072552161995,0.4971961680079233,20.83308525968103
192,4.1744700675518285,100.0,CRITICA,0.2553555443761327,0.009569369067923387,15.532696637937729,100.0,CRITICA,0.28818759591965304,0.0,26.440104530259624,0.4783934400573668,20.568878958633775
193,3.9837611940298507,100.0,CRITICA,0.24689818854078302,0.012016835362522195,15.302014925373134,100.0,CRITICA,0.3068855361769648,0.009366474351506377,26.507508234265455,0.4671656960569595,20.318191297895304
194,3.8838625878980606,100.0,CRITICA,0.2535878374301104,0.011992614823203206,15.315149072124932,100.0,CRITICA,0.2931363012355501,0.01436459428100751,26.397170629779932,0.45612889527302863,19.719729309254223
195,3.8447703703703704,100.0,CRITICA,0.2571180478032281,0.009555866353326963,15.280918518518519,100.0,CRITICA,0.3176152237689539,0.00442521198102843,26.4224194001317,0.4574125433133484,19.481498658898573
196,3.7760206173490305,100.0,CRITICA,0.2715618835043398,0.010031050409674174,15.439861184326128,100.0,CRITICA,0.30966748686975026,0.0,26.297258727616928,0.442455419830188,19.069487555543418
197,3.823558590102708,100.0,CRITICA,0.27444978654603563,0.00830999424907047,15.286108193277311,100.0,CRITICA,0.32901126369643097,0.013867504905630728,26.428915012626884,0.4524470884854697,18.79998575469122
198,3.839833759590793,100.0,CRITICA,0.272673622754128,0.011874508331318274,15.280428970006975,100.0,CRITICA,0.3236816965245749,0.008968970586617499,26.466347115480325,0.44919482880086736,18.45289778053708
199,3.8702087007642563,100.0,CRITICA,0.2566720768888366,0.007473672482459447,15.39320987654321,100.0,CRITICA,0.28014975317701596,0.010669313190413044,26.339589974031753,0.4555529290863309,18.199531304213334
200,3.9031375464684013,100.0,CRITICA,0.23401743622136273,0.007644676846153128,15.723791821561338,100.0,CRITICA,0.2794595915382118,0.015537622486391324,26.127107172556467,0.44456006804333575,17.847288096387636
201,3.8612825788751715,100.0,CRITICA,0.25706467502043684,0.00851279663672615,15.302890011223344,100.0,CRITICA,0.2980082513764982,0.004827370386362436,26.450419917496575,0.4544065678352212,18.068558674566443
202,3.806284002689651,100.0,CRITICA,0.26223112173060414,0.00395037885949981,15.49819671129042,100.0,CRITICA,0.31332981801454945,0.012593819210851906,26.29049293574861,0.4450850255995024,18.479151392888284
203,3.7358658819332975,100.0,CRITICA,0.25191989186593294,0.00390833783525257,15.276350989834135,100.0,CRITICA,0.3052712514788145,0.014116035767994093,26.432047293419703,0.44559984021299653,18.363911377839866
204,3.8384290553143234,100.0,CRITICA,0.23895547351457375,0.007638151299213894,15.53522240625513,100.0,CRITICA,0.30315755722412085,0.017004810916428244,26.297505407872563,0.44639933394572756,18.09044210335298
205,4.039227651817428,100.0,CRITICA,0.25667091555791166,0.003958169443772758,15.064560547027805,100.0,CRITICA,0.2950158900964829,0.004430290126827222,26.71670127544718,0.4770104576189748,18.284743246825627
206,4.047379032258065,100.0,CRITICA,0.24687404060948648,0.004011408623807333,15.393664467253178,100.0,CRITICA,0.3301538310211921,0.004319906331622535,26.53165769606278,0.4690258712945459,18.187828162029618
207,4.168930041152263,100.0,CRITICA,0.29200567635285063,0.01015730202509391,16.134979423868312,100.0,CRITICA,0.31629810350975796,0.0,26.085845464732735,0.46065857610849287,17.714758082327993
208,4.059862709469009,100.0,CRITICA,0.27924604680792686,0.008120425618901599,15.521502119927316,100.0,CRITICA,0.2835280028478434,0.003961242665614354,26.42349252876578,0.4680281035076275,17.84070234982364
209,4.066379521016618,100.0,CRITICA,0.29298484938280717,0.008540693800267644,14.743875244379277,100.0,CRITICA,0.2803016945498973,0.012969524996603018,27.090849437068357,0.49663589933937274,17.677531467146853
210,4.01013143483023,100.0,CRITICA,0.2876428590820168,0.0,16.035338322988924,100.0,CRITICA,0.29911482433367015,0.01624324939445559,25.998250902683708,0.4382335699372118,17.5619507263471
211,4.099555446168992,100.0,CRITICA,0.260077791229648,0.004218057774247205,15.257272070021074,100.0,CRITICA,0.25268249745847277,0.00401344347015485,26.66009454372961,0.4776154632429404,17.93915409319927
212,4.380065544841495,100.0,CRITICA,0.2859079672812581,0.004214011027769452,15.475940631499338,100.0,CRITICA,0.33100848908359304,0.0,26.706386604388157,0.49834280697291594,18.846761964633192
213,4.242063492063492,100.0,CRITICA,0.28200584848021015,0.00819988971222505,15.831145512704449,100.0,CRITICA,0.3169369349014012,0.025650105004806727,26.34599961089586,0.47568789117970156,18.58880642222397
214,4.362795539033457,100.0,CRITICA,0.28054473412090086,0.012464991373605704,16.354334572490707,100.0,CRITICA,0.2851416293765488,0.021996077584599562,26.090284606881813,0.4725790433923896,18.195445925075457
215,4.2184909490779905,100.0,CRITICA,0.29459748354939075,0.011615349838117045,15.915736198048835,100.0,CRITICA,0.3132552775557953,0.0,26.25949520077493,0.4706217296080199,18.071672723250337
216,4.181046319388012,100.0,CRITICA,0.30445668433393847,0.004110217692552916,15.814484265979209,100.0,CRITICA,0.3193573587810966,0.013328595119490277,26.32135553039342,0.4688597095336451,17.945151374832903
217,3.9972254754336065,100.0,CRITICA,0.2916321533241307,0.005808752600629041,15.549829903519045,100.0,CRITICA,0.3291421711525869,0.019508061639763524,26.408804556893486,0.4620083366341967,17.68356364603484
218,3.869355777167368,100.0,CRITICA,0.2988005313081534,0.013828621526518594,15.22981475718171,100.0,CRITICA,0.3329796267993712,0.00441937422467524,26.526558593824138,0.4570673160710737,17.50586276299262
219,3.8024123914025347,100.0,CRITICA,0.28493199294818006,0.011577921116187231,15.385278567443343,100.0,CRITICA,0.3235136582503883,0.0044844852933087495,26.36310532259021,0.4508769284829164,17.161859515691553
220,3.990634224392397,100.0,CRITICA,0.28401727857993553,0.004005611787507398,15.464674887583106,100.0,CRITICA,0.3393518097017516,0.004264751029556202,26.48590881767941,0.4677873051345998,17.191154743506072
221,4.109596502744452,100.0,CRITICA,0.30228575664956925,0.013841911891456844,15.538666741155602,100.0,CRITICA,0.3212504962401097,0.013385368014137429,26.54161407166982,0.4825015569027625,17.033599524854523
222,4.072749441170494,100.0,CRITICA,0.3215565947774604,0.009555866353326963,15.711779448621554,99.99458104721263,CRITICA,0.32104503267656326,0.008490674665565223,26.45158415113738,0.46978334167531827,16.851441648365633
223,3.9984592283084153,100.0,CRITICA,0.3217232698109526,0.009525693034067143,15.731396487562838,99.99347130639158,CRITICA,0.35840002625988454,0.004311226002024692,26.33996546208008,0.4639131279344291,16.846936673162272
224,3.8761060815303563,100.0,CRITICA,0.29950686533523974,0.013144819881510969,15.652434658073755,100.0,CRITICA,0.3023858583741384,0.02354636168705101,26.286248241092128,0.45160204715973357,16.756417128429682
225,3.786985294117647,100.0,CRITICA,0.3022486467398585,0.0037531445759253746,15.383713235294117,100.0,CRITICA,0.3057816760365481,0.003449650253378472,26.40024846263312,0.44973619631518513,16.620721150569292
226,3.6941787439613525,100.0,CRITICA,0.32415031201842553,0.011516335992621966,15.064347826086957,100.0,CRITICA,0.3737035655032307,0.0076892939886545894,26.4944858645457,0.44703516529424697,16.555901077630452
227,3.7164581160931527,100.0,CRITICA,0.296727965542642,0.011785113019775792,15.119941407219823,100.0,CRITICA,0.3246462198652341,0.02623934736418937,26.45524069242988,0.44893940430724527,16.365815753202256
228,3.673225806451613,100.0,CRITICA,0.2705384068731985,0.007331321161807066,15.019127837514935,99.99522102747909,CRITICA,0.307589902938207,0.00928179891624191,26.530484811841607,0.4461470070229389,16.45741164727853
229,3.7086265786626798,100.0,CRITICA,0.280412944337316,0.011497291269829233,15.084478965345392,99.99635342595631,CRITICA,0.3139094256205309,0.0,26.504496735222006,0.4491673995610132,16.270452275880558
230,3.833473335878834,100.0,CRITICA,0.2677948616542649,0.014866024753114042,15.342586228840524,99.99618174875907,CRITICA,0.3018370040358831,0.013084735928001584,26.435097946099848,0.45665433021611995,16.41834558164107
231,3.714589129570747,100.0,CRITICA,0.2576964249141458,0.007494422244072988,15.119410771065183,100.0,CRITICA,0.30336231338144753,0.013189765593693146,26.553098564043797,0.45069492688184204,16.369389542062997
232,3.67139999024057,100.0,CRITICA,0.2785741698074316,0.007411984119248079,15.043185477968086,99.99878007124384,CRITICA,0.32267699445660697,0.0040221994476996046,26.553403120402322,0.44686277596151863,16.28549387293094
233,3.582219447708578,100.0,CRITICA,0.26321350942385513,0.003587549275047412,14.830811790050921,100.0,CRITICA,0.28251401151069955,0.008343116158067545,26.615452051589386,0.44502980925555385,16.147415261166614
234,3.648853968832115,100.0,CRITICA,0.26969445470839803,0.012814037112671432,15.042498113796603,100.0,CRITICA,0.2940882924865319,0.00826898230594723,26.528877830606874,0.44120876111901736,16.28833254075271
235,3.628241037131882,100.0,CRITICA,0.2739860252058869,0.013805212510429841,15.038719056764831,100.0,CRITICA,0.28155556923128067,0.004238810532845515,26.4688957351227,0.44071096961062656,16.19391280200034
236,3.6666940271963666,100.0,CRITICA,0.27333402353281544,0.007517256641770211,15.126145722181182,100.0,CRITICA,0.30043021455258084,0.01332267944962386,26.418363843367967,0.4372207052057588,16.28946423852408
237,3.9054149682971016,100.0,CRITICA,0.27672146582664875,0.011961688257849113,15.238168025362318,100.0,CRITICA,0.29806132847548794,0.020624014003004527,26.54251304791883,0.46279246476147523,16.333621648091434
238,4.084194702934861,100.0,CRITICA,0.30789853645809756,0.013841911891456844,15.722047244094489,100.0,CRITICA,0.32356063458123846,0.004376503826772307,26.39332068845645,0.46305875421208675,16.700261390632743
239,4.205648757698025,100.0,CRITICA,0.2952116008450101,0.01954168917626285,15.574332837828273,100.0,CRITICA,0.30760296191849523,0.008995876335833408,26.59680660112397,0.4835550472192449,16.660724829476653
240,4.321577513345196,100.0,CRITICA,0.30002631574755156,0.011735504967785531,16.392376556939503,100.0,CRITICA,0.29485050611818875,0.009115953317341989,26.066987674610438,0.46698690090685746,16.862348531699823
241,4.377635723055571,100.0,CRITICA,0.3083626324304103,0.007829602926862713,15.83457001014253,100.0,CRITICA,0.30098578277921745,0.012879515500747209,26.58184612143684,0.49134730267232735,16.775009704451886
242,4.2927888343241145,100.0,CRITICA,0.32480924830548125,0.011229577231219767,16.022473507366243,100.0,CRITICA,0.33090880181304977,0.007931451224980552,26.259245200857503,0.47426387370269163,16.648358422676036
243,4.258529874213837,100.0,CRITICA,0.303649029245691,0.01135703876108862,16.043225890985326,100.0,CRITICA,0.31285843257338064,0.009563285767177123,26.25759726067119,0.4737852324360194,16.582302807896006
244,4.335141700404859,100.0,CRITICA,0.30174880496761347,0.007662329100539394,16.107638326585693,100.0,CRITICA,0.32247253612252386,0.008130081300813009,26.24242753067723,0.4837583961854799,16.436100097799567
245,4.447691585948064,100.0,CRITICA,0.2975928961973191,0.0038757069873812844,16.24668156856252,100.0,CRITICA,0.31107665428508074,0.0035834008586794848,26.272513787350498,0.4937527888679735,16.511953378868252
246,4.532633053221288,100.0,CRITICA,0.2928446260482128,0.005479966243511909,16.58204481792717,100.0,CRITICA,0.2934164156518787,0.011360702676647075,26.08553607769946,0.49538690147408926,16.384917524679842
247,4.531823952602624,100.0,CRITICA,0.3126391099414931,0.015873015873015872,16.546029059105656,100.0,CRITICA,0.30982856976281936,0.01937984496124031,26.1333407923892,0.4975384536714955,16.500806805858062
248,4.656530048842642,100.0,CRITICA,0.295290980414334,0.008120425618901599,16.715551780278897,100.0,CRITICA,0.30645023939093613,0.011615349838117045,26.07636335549227,0.5039969518258184,16.298620547796187
249,4.68271484375,100.0,CRITICA,0.2943505404134714,0.004054202128420999,16.831319754464285,100.0,CRITICA,0.3113907250152166,0.0038291417599754314,26.018863949013344,0.5041253470713007,16.309555595032794
250,4.76172182821119,100.0,CRITICA,0.3195482370088576,0.01418604753420941,17.178895080490825,100.0,CRITICA,0.3361979768523893,0.011482123332789982,25.83257281433779,0.5053459380447678,16.461733344205186
251,4.809725596289753,100.0,CRITICA,0.3210549397455959,0.008120425618901599,17.139493153710248,100.0,CRITICA,0.34730621399671197,0.013077822845533563,25.907414244052784,0.5055975665234377,16.753330395555054
252,4.607634443021767,100.0,CRITICA,0.31507516105181044,0.009135315902120295,17.124066367904398,100.0,CRITICA,0.34979398045331833,0.009039716180608452,25.670112507418832,0.48158124349072456,16.66501157149849
253,4.523076923076923,100.0,CRITICA,0.31285252497602833,0.009457038495797258,16.728100191623323,100.0,CRITICA,0.34114453399811684,0.0,25.955802891412738,0.48763717844132154,16.460668911439527
254,4.568823066546763,100.0,CRITICA,0.31390612075823493,0.013380741361614528,17.00966726618705,100.0,CRITICA,0.34059461790037976,0.011108368642573443,25.759808524467353,0.4848528821249598,16.614941115383846
255,4.58464,100.0,CRITICA,0.323450620833416,0.011903918403013953,16.582821818181817,100.0,CRITICA,0.37562229259200397,0.009813876269809329,26.119891299430286,0.49631697118956736,16.507641245517377
256,4.667046300092631,100.0,CRITICA,0.32796000467474906,0.009813146586454307,16.756457564575644,100.0,CRITICA,0.3522631615100667,0.009813146586454307,26.106911387105033,0.5022803357780207,16.662432006889016
257,4.632580298140464,100.0,CRITICA,0.32910084182109567,0.00401344347015485,16.72500384201629,100.0,CRITICA,0.3375311541660411,0.0042721001320918,26.155633791498328,0.5044520927313824,17.275057821478406
258,4.550421559771153,100.0,CRITICA,0.3137553815542725,0.00784313725490196,16.5534628124059,100.0,CRITICA,0.33634826408372753,0.00993503523610327,26.17788196576165,0.49870615111427297,17.801463587506177
259,4.451880728484705,100.0,CRITICA,0.3196088028061906,0.008032128514056224,16.584290560647542,100.0,CRITICA,0.3441782745558163,0.00411522633744856,26.05596707566049,0.49288170282285737,17.63390945396385
260,4.320203979027508,100.0,CRITICA,0.3162481213187208,0.011624763874381926,16.462974933563167,100.0,CRITICA,0.31889161242930564,0.0037450819574276917,26.00575804856208,0.48042005309554225,17.41325101431459
261,4.397023266588484,100.0,CRITICA,0.31820196488540464,0.007840967045326684,16.574295269947445,100.0,CRITICA,0.3298610320245239,0.0,26.02412219850752,0.48405731700901516,17.125878408064708
262,4.428454715219421,100.0,CRITICA,0.3060743834903774,0.007935945602009302,16.757294584500467,100.0,CRITICA,0.3421461086826959,0.003921297266787234,25.899761633330623,0.48239419991970617,17.34799510107621
263,4.665759950822191,100.0,CRITICA,0.3207369509859611,0.00843611554849441,16.973889657292148,100.0,CRITICA,0.34157185318398486,0.004327544786033308,25.964693570071177,0.5025842287564873,17.377635903446244
264,4.644519115890084,100.0,CRITICA,0.3103256555128028,0.0,17.307287933094386,100.0,CRITICA,0.3282608834145392,0.010313762078711914,25.68785895458693,0.4871685954223491,17.482437132065396
265,4.578608058608059,100.0,CRITICA,0.30668192782753206,0.012191496227354267,17.196688644688646,100.0,CRITICA,0.3300036146700516,0.004273153108355276,25.65876487317712,0.4825941331268265,17.29822260897121
266,4.577439320209935,100.0,CRITICA,0.30234988489011194,0.013229808826433192,17.094220902368388,100.0,CRITICA,0.32937431850502064,0.004500807404748837,25.760669661672345,0.4832624506452469,17.181277822108026
267,4.521368400935005,100.0,CRITICA,0.3065136724412049,0.003874921291460642,16.95974772496729,100.0,CRITICA,0.3227946256372347,0.0,25.88027658183218,0.4866161897678678,16.91311667994507
268,4.405081481481481,100.0,CRITICA,0.2939160975206436,0.0,16.654622222222223,100.0,CRITICA,0.34973873760858976,0.004442865039830092,25.989177160943115,0.48464499529029287,16.904966590171373
269,4.398175880077661,100.0,CRITICA,0.2866806535513685,0.005664790515494499,16.32296855951718,100.0,CRITICA,0.32189492760915256,0.004444049435383145,26.271981861943182,0.4981796817113519,16.773157666203957
270,4.3683412207256405,100.0,CRITICA,0.30008573450220655,0.013533131519210838,16.313235651013226,100.0,CRITICA,0.3372833434908128,0.0,26.25949370066321,0.4921946074769024,16.930387823329017
271,4.34612000970756,100.0,CRITICA,0.31343683030762953,0.013374272100640938,16.243295716539254,100.0,CRITICA,0.3180488009239611,0.00865727860963618,26.312688299246826,0.4955850023433588,17.305668665431487
272,4.270166166524835,100.0,CRITICA,0.3119718945271306,0.0,16.255176841193773,100.0,CRITICA,0.32485861345505646,0.008438818565400843,26.228905217356182,0.4900357062588907,17.44811081047211
273,4.324876716485851,100.0,CRITICA,0.30432799822478823,0.0040623228723027744,15.898308170851983,100.0,CRITICA,0.31172943721572643,0.0,26.576178778540033,0.5071528782777527,17.58679719447674
274,4.249122807017544,100.0,CRITICA,0.2910632723083725,0.013380741361614528,15.831024141550458,100.0,CRITICA,0.2880733396416582,0.0,26.56674448723317,0.5039184585678355,17.711936400782157
275,4.2296404436885755,100.0,CRITICA,0.2826224806951325,0.009684397103816057,15.85711060608341,100.0,CRITICA,0.35000753417464214,0.008771170580190349,26.53917767597918,0.5017879513111426,18.067628625088034
276,4.173576208178439,100.0,CRITICA,0.2849116263014751,0.009351728700665047,16.038513011152418,100.0,CRITICA,0.2921145587302135,0.00893656833064367,26.32710811320902,0.4926980427857232,18.28816709516499
277,4.163280650606107,100.0,CRITICA,0.282890427469003,0.011224624202364817,15.970492557925425,100.0,CRITICA,0.32826278705416817,0.021022283192405757,26.31409487337482,0.48938686116246616,18.460869788576588
278,4.214486010107235,100.0,CRITICA,0.289224479831051,0.00945116678701402,15.807115123875262,100.0,CRITICA,0.32548499655619056,0.0057420080212462875,26.528664927072963,0.5019109717934674,18.691253164980523
279,4.225607499691624,100.0,CRITICA,0.2965711597440144,0.008214816708279575,16.02311274207475,100.0,CRITICA,0.31055829398677853,0.0,26.385129904232652,0.4972387439976653,18.76538370122456
280,4.245017801821797,100.0,CRITICA,0.2788124592973965,0.004107408354139788,16.062067477381667,99.99075230036529,CRITICA,0.32294270074971776,0.012150928411965089,26.32516744515016,0.49653263168788414,19.198178899352996
281,4.127501707002503,100.0,CRITICA,0.2656538944322181,0.008207965057256865,15.797056369016008,99.99544799332372,CRITICA,0.29519467009997913,0.008490674665565223,26.473380687040468,0.4975479244690662,19.19885625431575
282,4.071592643637279,100.0,CRITICA,0.2675402644291076,0.0040018572927757855,15.665451473791846,99.97332503445516,CRITICA,0.3081907876050253,0.004478410124170492,26.432164822334826,0.4908870483175276,19.085855593709766
283,4.042463807537704,100.0,CRITICA,0.26206016283859707,0.010031050409674174,15.416477770725663,99.94257563393478,CRITICA,0.2963796901822322,0.004260916604707614,26.647161837867465,0.5006768099589627,19.059617906865412
284,3.968619719157774,100.0,CRITICA,0.26788464405718293,0.013828621526518594,15.68886112908809,99.9533434673329,CRITICA,0.2920733867165915,0.0,26.438563810644077,0.47985126977991976,18.857293447259266
285,3.8997070373371563,100.0,CRITICA,0.25531018914396697,0.01121050872368917,14.871080845228448,99.95948388705355,CRITICA,0.2645791322704293,0.007304428465213053,26.894664503600204,0.5023066031584817,19.02157607717642
286,3.8027315253523457,100.0,CRITICA,0.24753794690412564,0.01121050872368917,15.628566701261978,99.8074695786893,CRITICA,0.282290827992376,0.012774421394751746,26.192715846854494,0.4669041640885255,18.80042138715412
287,3.6729737827715354,100.0,CRITICA,0.22597914427676913,0.007007844416368489,15.399715355805244,99.8067415730337,CRITICA,0.24132046888669256,0.00809528244353387,26.243958856851883,0.46337157274277346,18.568448781401642
288,3.496660834062409,100.0,CRITICA,0.22345094963539497,0.008448022135966135,15.376640419947506,99.88772236803733,CRITICA,0.2468847939776715,0.00390833783525257,26.230157246967355,0.4400117035769231,18.78654367302615
289,3.4477611940298507,100.0,CRITICA,0.21900711613753202,0.007231015260621872,15.024870666587383,99.97472795385622,CRITICA,0.2246092124974038,0.006836618049170312,26.53214703074569,0.45023420873361625,18.424328498894628
290,3.340466926070039,100.0,CRITICA,0.24019787858209068,0.0,14.583685989377717,100.0,CRITICA,0.247086604396341,0.003453536141981867,26.815118127794356,0.45264038307440657,18.023856628807486
291,3.33001573001573,100.0,CRITICA,0.22822618778949905,0.007077794913926431,14.357843557843557,100.0,CRITICA,0.24648211914413634,0.008927764911853103,27.034480129815122,0.46118963886230285,17.882897296476703
292,3.3628603780158524,100.0,CRITICA,0.23710803462725916,0.003621263623578676,14.575777371309119,100.0,CRITICA,0.27084019823552297,0.007834467209687357,26.885119531214926,0.45977953829782797,17.859396808874592
293,3.414780154486037,100.0,CRITICA,0.24440285601441475,0.0036197686896922445,14.657204396910279,99.96880570409982,CRITICA,0.23945857632190487,0.01321909498300245,26.772392862441624,0.4616617607279538,17.559976642014835
294,3.444422653350632,100.0,CRITICA,0.23195959890240134,0.008742503752971979,14.823808949099357,99.94719850345473,CRITICA,0.26571296313130244,0.020725244274056694,26.694786653002225,0.4605014164221022,17.561594760846926
295,3.476882066366394,100.0,CRITICA,0.23909981088954924,0.011094003924504584,14.843996078070901,99.90041976897388,CRITICA,0.2566828500921938,0.021160575713960367,26.65724212694142,0.46267993187041295,17.79927640701282
296,3.437534473248759,100.0,CRITICA,0.2299124345655651,0.0073101348793550925,14.882699025556168,99.88662131519274,CRITICA,0.23310108858159673,0.013189765593693146,26.605267646105077,0.45789986640077024,17.478678720071457
297,3.486359627016129,100.0,CRITICA,0.23390607219345416,0.007473672482459447,15.229586693548388,99.83303931451613,CRITICA,0.24586736898308476,0.01635502858483285,26.33916040342403,0.4551332111941548,17.531814768420535
298,3.464748086734694,100.0,CRITICA,0.23893419950379108,0.011201362168464565,14.464875637755101,99.89477040816327,CRITICA,0.24600629467596757,0.0038110796698335296,26.934074401750546,0.4750473621746833,17.81368566830274
299,3.413737916906728,100.0,CRITICA,0.2306660102618528,0.007551902996006117,14.980090903271238,99.90877664682158,CRITICA,0.23891533036622611,0.005217257176208815,26.547805242460054,0.45829800351204986,17.80261837697621
300,3.3296523259660673,100.0,CRITICA,0.23532590321535282,0.007622159339667059,14.595960868948787,99.9669181934183,CRITICA,0.244395674648197,0.00938984731805168,26.839622018782414,0.45328757784292795,17.942297947316675
301,3.271783096621149,100.0,CRITICA,0.2327431250343145,0.003671214446972721,15.161308962622792,99.91028253398619,CRITICA,0.2259433277188031,0.007278697049336285,26.37185227196593,0.4324655776479401,17.62400030826099
302,3.1237076648841353,100.0,CRITICA,0.23582080157567598,0.0,14.85819964349376,100.0,CRITICA,0.2286704023782789,0.007293055613228939,26.529793957699518,0.4265810601853363,17.349723122048374
303,3.1107658617424243,100.0,CRITICA,0.23502862038560085,0.00727306388512639,14.580536813446969,99.97336647727273,CRITICA,0.23624079172016307,0.009904571092005822,26.69782246608556,0.4337722612999786,17.30124894614485
304,2.980128205128205,100.0,CRITICA,0.2161733437360257,0.00744379634544567,14.116727716727716,100.0,CRITICA,0.22915766815819338,0.012690753074337412,27.02105961211663,0.43639078834556627,17.136741201149068
305,2.969044811320755,100.0,CRITICA,0.23130467763854895,0.0036522142326065265,14.122479363207548,100.0,CRITICA,0.229908201885714,0.009389208183359586,26.953398085426116,0.43204932697627646,17.11651744804294
306,2.9619786443277683,100.0,CRITICA,0.23261154021599847,0.0,13.941817591882485,100.0,CRITICA,0.24710933847305327,0.008985457046359108,27.032772257933544,0.4357789463501404,16.979014602277488
307,2.9725833722014925,100.0,CRITICA,0.23608166869596187,0.0036059750024221952,13.913639808768657,100.0,CRITICA,0.2692305961891863,0.01973717584911574,27.10545638909963,0.43819247851572923,16.793991514578956
308,2.9788052800357967,100.0,CRITICA,0.22654898702773535,0.0035710414259331478,13.971616078753076,100.0,CRITICA,0.2812699188680407,0.003463028242729452,27.09561427120175,0.4367561400903582,16.7713199116264
309,2.9118506305680896,100.0,CRITICA,0.24804658699077364,0.006992793269646144,14.092820779821821,100.0,CRITICA,0.2998911390744051,0.0037368362412297236,26.938210383639873,0.42240104314322835,17.0539415906472
310,2.9538415094339623,100.0,CRITICA,0.23082703855857112,0.007478843761411714,14.018596226415095,100.0,CRITICA,0.2736099351240746,0.0,27.008442565606625,0.42981170211816505,17.05660411833928
311,2.9578250950570344,100.0,CRITICA,0.24677641888319862,0.007654748888526655,13.88854752851711,100.0,CRITICA,0.2639571551429253,0.0,27.15345265834518,0.4351426707130998,17.40416699426376
312,2.961291284574666,100.0,CRITICA,0.2524550780939165,0.0037856795870295406,14.054216059047192,100.0,CRITICA,0.2627119673039412,0.010303612400597767,27.005771207468655,0.4238445174473378,17.0221413302359
313,2.9869283018867923,100.0,CRITICA,0.25436837790214395,0.003920483522663342,14.04422641509434,99.99396226415095,CRITICA,0.28927663921213287,0.0,27.06864413195083,0.4293589896679497,17.19906197974309
314,2.9681076923076923,100.0,CRITICA,0.24960596971495547,0.00914474834232233,13.970784615384616,99.99076923076923,CRITICA,0.26730297225090777,0.0172435928306986,27.083691740196862,0.4245094495002985,17.596026431874513
315,2.9532664092664094,100.0,CRITICA,0.26815351736945225,0.0,13.955691119691119,99.9969111969112,CRITICA,0.2862596120862493,0.0043855852900951744,27.09833769336815,0.42372211723963416,17.36406391237542
316,2.9451396613521195,100.0,CRITICA,0.24692716972694026,0.008029797658373352,13.914967247559016,99.99073044123101,CRITICA,0.2900994360685403,0.0,27.05741129689568,0.4163458489782312,17.221801348554102
317,2.9729224590670373,100.0,CRITICA,0.24124134646146467,0.008022817247614666,13.920868087735558,99.99382143960457,CRITICA,0.273750609163243,0.0085442002641836,27.08103658962509,0.42056815706984346,16.919018233654768
318,3.020445978904691,100.0,CRITICA,0.2601388362240245,0.0057420080212462875,13.55189889455513,100.0,CRITICA,0.2845870689776183,0.0,27.417686548033167,0.4382330998135458,17.606228930638473
319,3.0501765167364017,100.0,CRITICA,0.2588633299551695,0.004008796934912236,14.133319168410042,100.0,CRITICA,0.2814910154005081,0.013524528432791477,27.031729224111448,0.4309452689434334,18.15234867347229
320,3.0260095164609053,100.0,CRITICA,0.2547186474248236,0.007985320503009775,13.553594393004115,100.0,CRITICA,0.2939928875636782,0.00830999424907047,27.44679940921744,0.4424505887159021,18.155876842033702
321,3.145751633986928,100.0,CRITICA,0.24475593717672847,0.009710448457205957,14.252893352462936,100.0,CRITICA,0.26785184666219153,0.007527312536285748,26.96694432259023,0.435985113835691,18.483991657613117
322,3.1768212976247407,100.0,CRITICA,0.2433375138953549,0.007828523205017014,14.235517296349434,100.0,CRITICA,0.28476765251425845,0.014291919187577457,27.012353538514937,0.4355348050959547,19.00651490262363
323,3.13641692589061,100.0,CRITICA,0.24783259181156048,0.00803446140069097,13.774201616306879,100.0,CRITICA,0.26823524918485664,0.004124982920027957,27.33907751660591,0.4415122280218157,18.772220457314685
324,3.0572519083969465,100.0,CRITICA,0.2608702893430769,0.0041520950269307065,13.724461614845156,100.0,CRITICA,0.268379374880422,0.008780294546506258,27.21688531537316,0.4288252131396036,18.754134512290204
325,3.189637924357816,100.0,CRITICA,0.2725908990355211,0.012082441866603538,14.632002710726733,100.0,CRITICA,0.27821607844467844,0.012285902336679025,26.609188931125676,0.41613429124268647,19.013791919507185
326,4.1691052384349065,100.0,CRITICA,0.321913610527644,0.04399886582163249,15.975364915882322,100.0,CRITICA,0.3152653218283699,0.098549231828315,26.32212222370835,0.4653552207353983,19.724140365403226
327,5.033850467970429,100.0,CRITICA,0.3688567121089418,0.025664224928899974,18.134145453221166,100.0,CRITICA,0.3289683920951739,0.05335634185590474,25.368817361055708,0.48621046822717817,19.791836838999487
328,5.5431124080588425,100.0,CRITICA,0.4039801235704674,0.005548624104876915,18.653361848417013,100.0,CRITICA,0.36314857125207056,0.006409071410447735,25.33292231218981,0.5187570201159395,19.753903351802336
329,6.006904637832204,100.0,CRITICA,0.40115814847643155,0.011297812362191791,19.093863991662325,99.99131492096578,CRITICA,0.2690630350306715,0.05037579291689243,25.3136610394311,0.5458205729788097,20.14810935570857
330,6.490435606060606,100.0,CRITICA,0.4021254242877099,0.011631642724226971,20.786292613636363,100.0,CRITICA,0.36263101229423567,0.0,24.5032043720275,0.5283838986196185,20.032565756375135
331,6.496527777777778,100.0,CRITICA,0.4373228168498038,0.018107149208503703,19.407821884384383,99.99765390390391,CRITICA,0.38020767305574454,0.006907072283963734,25.283624549022537,0.5814027337705475,20.62630495798429
332,6.264183998921881,100.0,CRITICA,0.41977643506631157,0.011719375898910499,21.050649117290327,99.96181662998069,CRITICA,0.39621299029553125,0.006602278311162201,24.207876021160473,0.5083421279006677,21.983659622124218
333,6.424731900502826,100.0,CRITICA,0.4275338858936567,0.16549917243611525,20.571396787255818,99.97775107907266,CRITICA,0.38071342869412284,0.2896240928441395,24.515458615611667,0.5345800736222601,22.703841867437962
334,6.622549707602339,100.0,CRITICA,0.42462268006270487,0.25309365662968086,20.600163742690057,99.98362573099415,CRITICA,0.438836167938995,0.05808407578025039,24.673858365363213,0.5567343081609313,23.480027451092138
335,6.833045877888927,100.0,CRITICA,0.479179631637024,0.19857111889256565,21.152244616370176,99.96796925048046,CRITICA,0.4309787989976437,0.24946243550371575,24.34271822776966,0.5621528888033932,24.382667192226435
336,6.848001998001998,100.0,CRITICA,0.44287682987926424,0.17212568197608036,21.6011988011988,99.97002997002997,CRITICA,0.42552661658507057,0.007342428893945442,24.123509428423336,0.5481711355440787,25.839882079007268
337,6.842907237821337,100.0,CRITICA,0.48235483604211077,0.4006445661752731,21.734226393198618,99.96468124826559,CRITICA,0.4398237815560233,0.36656303702623044,24.04751299632771,0.5430132407336621,25.950492216175153
338,7.1850781417255405,100.0,CRITICA,0.4738045061598605,0.3634210643318514,21.637122671804754,99.94380218368659,CRITICA,0.40406421794844527,0.311406758066068,24.308520179507006,0.5652722430375988,25.10801337015881
339,7.266759929778363,100.0,CRITICA,0.45560969874562474,0.25754679777354916,21.735599078341014,99.92868114987931,CRITICA,0.34671567040239293,0.02255929560864222,24.19199863040481,0.5659000094040415,25.00856307373164
340,7.350742958527389,100.0,CRITICA,0.4599502162930982,0.3262873486971186,22.67157351962741,99.81426036815259,CRITICA,0.40049903914026475,0.17594706463803433,23.594403759039523,0.5505601139955943,24.379052797509626
341,7.444276094276094,100.0,CRITICA,0.45366834571714454,0.26056466968320224,22.740993265993264,99.81200897867565,CRITICA,0.379676523945891,0.14084850397781903,23.592056445726122,0.5533385477671601,25.20413082282627
342,7.311915887850467,99.99715067244131,CRITICA,0.4348755040939337,0.3584423717771182,21.645486665147025,99.8518349669478,CRITICA,0.4469759859250402,0.21525534977762859,24.100325600708832,0.5671707979039805,25.811601165603676
343,5.851854928017719,100.0,CRITICA,0.3984682826921637,0.07296004501043565,19.47560908084164,99.99169435215947,CRITICA,0.27809843891675246,0.20095869103527475,24.720105883231383,0.529727152752527,25.93293909995793
344,4.509064756011507,100.0,CRITICA,0.29176782212296326,0.014488614138802506,16.39431688650057,100.0,CRITICA,0.26257567981895635,0.21910447114529077,26.216840158765674,0.4995374630146934,25.269231881655486
345,3.726387716336007,100.0,CRITICA,0.2863826576710335,0.021885661173839156,14.360542422963276,100.0,CRITICA,0.2655267112042706,0.052638870154572116,27.223680270175464,0.4721893050346795,24.732573520932156
346,3.6478030825856913,100.0,CRITICA,0.27254880930301856,0.01304599176552099,14.408250901004525,100.0,CRITICA,0.24023625467553622,0.057141105494884485,27.153642054902424,0.45950095405284613,25.045100003962247
347,4.615619534134762,100.0,CRITICA,0.3101078406857898,0.040792483230592314,16.34726116771704,99.98334212498959,CRITICA,0.3385549628595933,0.06400516249876709,26.330742742414387,0.4881960931719089,26.02634465547291
348,5.570722410815318,100.0,CRITICA,0.3298092798655755,0.15181197767401336,18.51941516288488,99.98213328568876,CRITICA,0.35720696675234853,0.13344273434058457,25.419203932222807,0.5164146164924649,26.14896537981549
349,6.980583138321422,100.0,CRITICA,0.3784226221548811,0.0772442414252548,22.375624565176143,99.88931756372146,CRITICA,0.3254505137804863,0.10183971715017287,23.41524073783539,0.5286664782238889,25.36417216492805
350,7.164711538461538,100.0,CRITICA,0.39379463912438295,0.10440694279935746,23.20951923076923,99.91025641025641,CRITICA,0.34875671145081155,0.026967300136541993,23.033971927937703,0.5208847642533057,25.231216048308607
351,6.97373773630055,100.0,CRITICA,0.39028382213108975,0.25642737896206036,21.96820411581718,99.82950466618809,CRITICA,0.33223640091143003,0.11423053891077174,23.511114815098896,0.5302240399496646,24.5653453445821
352,7.19290625,100.0,CRITICA,0.3700099515255919,0.20539915068463296,22.06853125,99.73125,CRITICA,0.38354952283541927,0.021118841435242813,23.69527239688361,0.5427548805616961,24.986470428384795
353,7.288131313131313,100.0,CRITICA,0.37463655823809716,0.15611968636091103,23.396306818181817,99.64330808080808,CRITICA,0.3114942164810647,0.022162110358896814,22.92499933158242,0.5244482177378458,25.69840513692415
354,7.5970845098167965,99.99671679033423,CRITICA,0.42718079872537223,0.09305971776543163,22.59091207564515,99.73734322673846,CRITICA,0.3419609726376478,0.19799796322669394,23.654994904664605,0.5619618728130124,26.346758299333352
355,7.586454391230588,100.0,CRITICA,0.3620824063352852,0.2243551142214113,22.828396189481925,99.76184262038366,CRITICA,0.406915953506794,0.08295826598474808,23.51561409132408,0.55603989711194,27.299318513634255
356,7.681845356715823,100.0,CRITICA,0.2843838002913399,0.007219134697070166,22.977381426863293,99.8272884283247,CRITICA,0.16583562399941715,0.014699128790080784,23.50187567705501,0.5616178938516038,27.315769936345777
357,7.234346713277982,100.0,CRITICA,0.3049579359262382,0.18166626161194022,23.368936887446157,99.57862538235845,CRITICA,0.19740001782079714,0.016341749882460635,22.902305713257093,0.5223654704388104,28.557614441588605
358,7.12242098986285,100.0,CRITICA,0.2115185922647253,0.020506619579876546,22.99016100178891,99.43947525342874,CRITICA,0.16428561661172225,0.0,23.014024855944342,0.518925507152595,28.818811470721265
359,7.201881500525885,100.0,CRITICA,0.2484091173638463,0.014314591697796242,22.7469323360991,99.37478088114993,CRITICA,0.22655731423362135,0.030040393937288863,23.031174042256723,0.5275754734151004,28.583679866149296
360,7.439041578576462,100.0,CRITICA,0.2480344599804245,0.006294913121670817,23.91105825698849,98.9634719285882,CRITICA,0.16922130154944845,0.04064443862015666,22.5441688390481,0.5001165658141571,29.293626453775282
361,8.061270990698546,100.0,CRITICA,0.2676361601610077,0.006048620671037144,25.162151195455397,98.71714838629127,CRITICA,0.24949986894305315,0.00633571601058088,22.152067522831288,0.5225927571235972,29.08488754758967
362,8.10678895835791,100.0,CRITICA,0.2899901458685525,0.009131563351316563,25.170844638433408,98.87342220125043,CRITICA,0.2904109003669831,0.012212388424121862,22.17711826288532,0.5128711768400529,28.05662024301562
363,8.472697563874034,100.0,CRITICA,0.28306473354677686,0.012470320881384335,25.077421271538917,98.94533571004159,CRITICA,0.25239117681785483,0.008657278609636181,22.415597325844544,0.5365386634521694,27.455307735726365
364,8.58349710982659,99.98843930635837,CRITICA,0.28196808735417267,0.08155816453385442,24.892109826589596,99.18208092485548,CRITICA,0.27627191144994284,0.0,22.645677850508253,0.5421540216502121,26.644802820603513
365,8.977108361723745,99.99402307094614,CRITICA,0.26718628781497694,0.1363623048942418,25.80479349710119,99.07656446117986,CRITICA,0.27618355841923126,0.0,22.417854684369786,0.5414875879012252,26.303637647859567
366,8.957088235294117,99.99411764705883,CRITICA,0.26672132658945646,0.09965457582448797,24.88155882352941,99.07941176470588,CRITICA,0.2959806139715744,0.027534108352295406,22.797557252966882,0.5636592569849916,25.695551070219533
367,9.097100591715977,99.99704142011834,CRITICA,0.27122965250667164,0.16030586247279668,25.49568047337278,98.79289940828401,CRITICA,0.2963495322983778,0.04134491152973615,22.504775308133436,0.5564327941403341,25.689406751477886
368,9.120575094512544,100.0,CRITICA,0.2755175631087367,0.13061959164450102,25.8685989231298,98.69114446099209,CRITICA,0.29614995451339976,0.05635355675740084,22.260888503469616,0.5467013656353137,26.824634509281914
369,9.043680709534367,100.0,CRITICA,0.2653829683159871,0.1836625259663648,26.839550997782705,97.50277161862527,CRITICA,0.2867431104705733,0.032395932346584506,21.643476607982667,0.5215162361395896,27.34327006848141
370,8.861447090090579,100.0,CRITICA,0.2551638339356096,0.1525901075261981,27.184411780658458,97.21755166241796,CRITICA,0.2886317482217542,0.16719691216196464,21.32341131308673,0.5065225087410477,27.535984479686935
371,9.137780859916782,100.0,CRITICA,0.2708298957302182,0.22169246868602907,26.304355062413315,97.875173370319,CRITICA,0.2836462826009008,0.17223296600080962,21.864706570400784,0.538577216104324,27.997175751881652
372,9.41643132220796,100.0,CRITICA,0.26028434060119354,0.1631651082087008,26.91693053772643,97.33846812152332,CRITICA,0.3256019147228808,0.22941024516042824,21.722807173680756,0.542324341306807,28.388984580589394
373,9.36034760397579,100.0,CRITICA,0.2735564862406835,0.20120718075093433,27.035510022766395,97.12088400244322,CRITICA,0.3094682463194016,0.22378784703500404,21.583826115473208,0.5431002211327121,28.66426746552591
374,9.176791958041958,100.0,CRITICA,0.27947795275860887,0.21400395992606214,26.17900458916084,98.06326486013987,CRITICA,0.28270010090563313,0.14686647137572384,22.11302117238979,0.5370923954369649,28.96096590751027
375,9.061385384949979,100.0,CRITICA,0.29127066674741336,0.22563408626394812,26.41501739886907,97.78436276642019,CRITICA,0.28945814273012127,0.2447362179094077,21.881447658972107,0.5317016421613815,29.576216323875194
376,8.622596153846153,99.99477424749163,CRITICA,0.24776891730245965,0.2368841839218406,25.956234322742475,98.3303720735786,CRITICA,0.23469092750173226,0.25016122456348794,21.95212067048726,0.510941135258595,29.722428692064884
377,8.074461896451425,100.0,CRITICA,0.23962826581792235,0.2562682170442279,24.71689809545489,98.3230897640185,CRITICA,0.22225079474039566,0.07815741122670936,22.150958554445044,0.514651700913885,30.07056581019215
378,7.862581662536607,99.99499386748766,CRITICA,0.32525002091057337,0.15756373967242077,25.6595329278366,97.34925283472253,CRITICA,0.30484767059656137,0.01639344262295082,21.500019310202077,0.4737473560617554,29.92579247504258
379,7.686742107794739,100.0,CRITICA,0.359751771750466,0.20868860355990926,24.552998658261817,97.70638718007139,CRITICA,0.3465652018552573,0.11179263879020741,22.081875819931575,0.4944601445062983,28.48348396931535
380,7.692046049188907,100.0,CRITICA,0.32785993109890704,0.2382312628297852,24.249031920460492,98.22605965463109,CRITICA,0.36912896535896617,0.08812987671497173,22.304972478311438,0.49762235103322955,28.172539912397973
381,7.6658595641646485,100.0,CRITICA,0.3528841872838604,0.18942214001416185,23.778719397363464,98.15980629539952,CRITICA,0.31893732865647695,0.18734385712938545,22.503097394208066,0.5219190374332968,28.599341237805767
382,7.532939548744147,100.0,CRITICA,0.4002697766848295,0.49864746265813287,23.160493827160494,98.88516389953172,CRITICA,0.36111916736510474,0.17806006856751241,23.002420537222505,0.5262724244498749,29.023236561436054
383,7.2696391739451505,100.0,CRITICA,0.30878932021819067,0.05083963204012714,22.438466043645438,98.8719411270403,CRITICA,,,23.201871903886126,0.5264736931457696,29.0768338327388
384,9.629197962531295,99.99136665803331,CRITICA,0.22732627811458944,0.24124943054926223,25.487913321246655,98.79996546663213,CRITICA,0.20648241413149385,0.19815024253157518,22.98617236227122,0.6068569489507744,29.62600390235902
385,9.491628371628371,99.992007992008,CRITICA,0.2925496764657093,0.23835553806126625,26.25090909090909,98.17382617382617,CRITICA,0.2944403595068943,0.1409761896706626,22.289896793909936,0.5856645285219145,29.556525774582163
386,8.581240866214959,99.99335724724325,CRITICA,0.314699761963837,0.26050613765493286,24.324133120765246,98.74119835259731,CRITICA,0.29821268300332054,0.12905006221266502,22.877537134411444,0.5720629859728761,30.543258759676817
387,8.409669947886508,99.99034935340669,CRITICA,0.2933361280205731,0.349597609362685,23.75696454995818,99.12179116000772,CRITICA,,,23.188988859440865,0.5757035789527037,30.568519071363784
388,10.18798328108673,99.98432601880877,CRITICA,0.22207260106193227,0.008535791995526398,26.831400208986416,97.77951933124346,CRITICA,0.2525344379982643,0.01695524213138206,22.232008974380175,0.6152379182873103,30.755597031123006
389,10.662008281573499,99.98274672187716,CRITICA,0.25597823493466554,0.028232071535988185,26.490395675178284,98.30917874396135,CRITICA,0.2034648496275805,0.007651219146748143,22.799158549090286,0.6440612634551433,30.617019332072047
390,11.124934383202099,100.0,CRITICA,0.2437301340519743,0.017004810916428244,28.448490813648295,97.72965879265092,CRITICA,0.1984350878855264,0.013014480157383839,21.9993256679116,0.6188422879122655,30.567017227252045
391,11.849032738095238,100.0,CRITICA,0.22667706785711247,0.018405254345807757,30.54858630952381,97.05357142857143,CRITICA,0.23718667219915213,0.009462215930060993,21.33824116169546,0.6111516429605129,31.74604493839002
392,12.26473354231975,100.0,CRITICA,0.2343146507495132,0.0,30.92476489028213,96.8103448275862,CRITICA,0.2608383728974325,0.018454551078608883,21.29506020185367,0.6204253526084994,31.243209901700062
393,12.518149092545373,100.0,CRITICA,0.2540935988451833,0.0913327707251985,30.370181490925454,96.7601619919004,CRITICA,0.23212130135812847,0.060207619763851146,21.582708777182166,0.6384492873831674,32.495843214597045
394,12.65206611570248,100.0,CRITICA,0.26220651751625046,0.09223742215208092,30.984973703981968,95.82268970698723,CRITICA,0.27045886491397736,0.19973678871331033,21.236179915370453,0.6400783787468574,31.270927748128653
395,12.602760071786621,100.0,CRITICA,0.2883512232917363,0.021133451402451625,31.772881985271365,96.41066897704066,CRITICA,0.25174578092211725,0.3631950361430671,21.028640763126823,0.615854091176641,32.08818548160547
396,10.087776284348864,99.99626642771804,CRITICA,0.2502182291272745,0.2805311602365458,28.054584826762245,96.9758064516129,CRITICA,0.27511453247289647,0.2950742474569086,21.57719043113614,0.5662839217267908,33.00473601607419
397,9.557927631578947,100.0,CRITICA,0.30260867248025336,0.2942582227822675,27.061875,96.55263157894737,CRITICA,0.338272937929852,0.35234856508126183,21.58808272720203,0.5644687222213486,32.676964301152246
398,9.384498959450084,99.9968468184398,CRITICA,0.3088103163693465,0.25374457227138686,27.220533518319986,96.52204073910575,CRITICA,0.3518817334073694,0.16938845376886358,21.557404233685315,0.5492624096446029,32.518693328817434
399,9.312496156447944,100.0,CRITICA,0.2767204633266579,0.21696279454622636,26.573273476415963,96.7775659553533,CRITICA,0.32981126913246783,0.23132559462327176,21.831088732458884,0.5584041223915753,32.9797146001883
400,9.454446296015755,99.99697015603697,CRITICA,0.29471460931956867,0.2039039476108191,26.64978033631268,96.60657476139978,CRITICA,0.3197444843731688,0.1521007759087998,21.773524290752412,0.5594917133858024,32.82239114202647
401,9.863135766056917,99.9968623513539,CRITICA,0.30663127288436853,0.2798123530246339,27.965736876784536,95.94615794923284,CRITICA,0.31329036255233,0.16866766042214512,21.26852624783703,0.556264654583072,32.727119385431266
402,10.026980482204364,99.99681081770633,CRITICA,0.28152797192346746,0.07550449822009275,28.404930475826,96.02946804439341,CRITICA,0.33029765556326274,0.24530730983742463,21.24646849469878,0.5527061067975545,32.7352829093767
403,9.843719512195122,100.0,CRITICA,0.3058129111899123,0.3190838769594032,27.801189024390244,96.10670731707317,CRITICA,0.30532873439529196,0.36603789830789524,21.44298739375919,0.5544115906073517,32.50803673862554
404,9.956552037570065,100.0,CRITICA,0.2765178069460942,0.334079147745969,27.928647174670505,95.76730798363884,CRITICA,0.32578469054729353,0.2191496087740442,21.294421138829705,0.5584193773140703,32.59011929078527
405,10.097469512195122,100.0,CRITICA,0.2786988935035807,0.321738170585152,28.090091463414634,95.6920731707317,CRITICA,0.3030780667862666,0.35738191729012303,21.277777797752172,0.5610917231377054,32.42381855999017
406,10.063136761356827,100.0,CRITICA,0.29848497321311174,0.3349920014175608,28.026699029126213,95.702984537936,CRITICA,0.32774592971365535,0.2494276629801903,21.273165844387417,0.5592365610771909,32.24614903355902
407,10.301737804878048,100.0,CRITICA,0.28120944706101025,0.1621561979977952,28.550823170731707,95.53048780487805,CRITICA,0.3111388053551231,0.14590908527884508,21.184880550759736,0.5589560923077227,32.79135616867157
408,10.412469362745098,100.0,CRITICA,0.2873837452297987,0.3386669016521256,28.611427696078433,95.5453431372549,CRITICA,0.3316047795868111,0.14479092301226829,21.160437782011794,0.5647969738384782,31.86140478193385
409,10.364709424872027,100.0,CRITICA,0.2858700210165684,0.3879023841973226,28.28458295694068,95.59470039144836,CRITICA,0.3013765365396748,0.1330190315976031,21.27035336680677,0.5692132413533776,31.03328402556603
410,10.67264462295286,100.0,CRITICA,0.3063295254532242,0.33501626666554224,29.941123357618782,94.57936359673702,CRITICA,0.28505778896380374,0.02577884818432159,20.501833229631693,0.5536306107930801,30.227524561515295
411,10.843126141444676,100.0,CRITICA,0.2872120821650019,0.2392713888140107,30.47521884249638,94.51161911959191,CRITICA,0.28384193533433033,0.0450605909059333,20.40915569078816,0.5507598405144744,30.74938416157991
412,10.972633869986877,100.0,CRITICA,0.26722026045456937,0.2704157586932047,29.53272733092213,95.22453029478604,CRITICA,0.3066396758654787,0.20663982425365895,20.928601200173564,0.5749980756759266,30.97322904349423
413,11.122729029764205,100.0,CRITICA,0.2762495326928419,0.27399292941088993,29.685607524803505,95.34209509083881,CRITICA,0.2888924472058225,0.0074202436224698395,20.96758125636455,0.580174709593109,31.31171989451032
414,11.188458214640079,100.0,CRITICA,0.22962711142425257,0.27598295149108304,29.747271388791088,95.45818263290977,CRITICA,0.2767364660737699,0.20098979808426717,20.95966208925349,0.5840019201603125,31.19097237716069
415,11.512059553349875,100.0,CRITICA,0.20140559569789357,0.24533782451440891,30.655086848635236,95.09346567411083,CRITICA,0.18548074718995392,0.1072586816008898,20.715250262305,0.5848294102584406,31.07177071574187
416,11.480309007232083,100.0,CRITICA,0.17461626205619213,0.1390004043276837,30.521597633136096,94.88823142669297,CRITICA,0.17407329413304298,0.0,20.751875175170447,0.5885064265188394,31.52890552009715
417,11.320301415644607,100.0,CRITICA,0.1783124655952778,0.07980868844676221,31.028817353469748,94.22707065611502,CRITICA,0.14435503304008157,0.00683553985995885,20.385335251546188,0.5740443744972549,31.59107575393422
418,11.213659762225763,100.0,CRITICA,0.15648936780720235,0.02420644140438657,30.932620419169016,94.78490011030763,CRITICA,0.16500640849897652,0.013081958471303716,20.519570955815396,0.5644791105758125,31.528858222546823
419,11.401652685614122,100.0,CRITICA,0.1696302109559562,0.05570860145311556,31.451327156629524,94.76023538249656,CRITICA,0.15232872142098966,0.014969438461113644,20.420676573223492,0.5660295707515594,31.591600107579296
420,10.754719667416499,100.0,CRITICA,0.16654137281091555,0.18692484485482683,29.58304621429995,96.20718129787295,CRITICA,0.18596570510016303,0.044333858196021765,21.008193911601744,0.5637318045497804,31.443296772054307
421,10.42337627482555,100.0,CRITICA,0.17531587750586092,0.24018411406690562,30.308212560386472,95.08319914117016,CRITICA,0.193854423708488,0.022385018073941325,20.391013307509684,0.5393431956203004,31.7740072777848
422,10.81414536177604,100.0,CRITICA,0.20316623570843695,0.0877483195963741,31.201975791130653,94.96010421755415,CRITICA,0.2237834198514877,0.04118088184621945,20.213839549771834,0.542060388379403,31.767359719395728
423,10.858151153876655,100.0,CRITICA,0.2556101774093256,0.12371962465286421,30.54672341325438,94.7236247323482,CRITICA,0.2721941184150992,0.05630092326760235,20.40042072164292,0.5571262639719339,31.071110109909732
424,11.293588720404363,100.0,CRITICA,0.26383964990073505,0.20346028366683136,31.587470071827614,94.18196328810853,CRITICA,0.2841472650786108,0.06180535337928559,20.17463996423157,0.5570493438821013,29.931687068931755
425,11.540257734703658,100.0,CRITICA,0.28208752953526967,0.12946430107018073,31.816177645242025,94.02790350923904,CRITICA,0.2770893390442876,0.013011839896030013,20.170843498064738,0.5634787416122963,29.193750885791005
426,11.827599978699611,99.97337451408488,CRITICA,0.2862275779016773,0.23571811232781567,32.225118483412324,94.30747111134778,CRITICA,0.2886796041506284,0.12080125724316743,20.19845853605196,0.5665102876638922,28.179604576164152
427,12.007817468730124,99.96555013779945,CRITICA,0.26521191114085013,0.24925440991828762,32.708209667161334,94.42177231291075,CRITICA,0.2828513294698945,0.11880158418398246,20.08248341899254,0.566050753368819,28.606979577109648
428,12.165847176079735,99.96279069767442,CRITICA,0.2615451679609743,0.3066559318216278,33.965847176079734,94.43189368770764,CRITICA,0.26744403655228266,0.20744094395842683,19.765016622492617,0.5474897109200908,28.658224301190987
429,12.256269841269841,99.97354497354497,CRITICA,0.2783309174732,0.27500729322987016,33.53330687830688,94.4021164021164,CRITICA,0.28013212421290723,0.24691130405250913,19.988594744030042,0.557247007202592,28.648526022434133
430,11.977895805670546,99.98698221770938,CRITICA,0.2831911825272661,0.24295214839456464,34.01619412116952,93.9909916946549,CRITICA,0.29034836452904883,0.25672984480243566,19.7295744769488,0.5396043474418942,29.346138596517417
431,11.75791737936039,99.98445031876847,CRITICA,0.28975141148079453,0.25041600421341065,33.22440781630643,94.92043746436532,CRITICA,0.2998954433509821,0.19760004332304432,19.999289837329833,0.5441115007605167,29.384584838795828
432,11.461569826707441,99.98980632008156,CRITICA,0.2864803492430654,0.22523362190808704,32.80152905198777,95.05351681957187,CRITICA,0.2897360417736033,0.21732382209205256,20.01335672837232,0.5397492307491099,29.627799305070614
433,11.328187815689104,100.0,CRITICA,0.28481281983426776,0.22749989880753926,32.560586537470364,95.99010411297805,CRITICA,0.2919848362318692,0.17708011211021865,20.168157835107774,0.5386131588191414,30.38008049059544
434,11.025822080197917,100.0,CRITICA,0.2732916890737974,0.20511539078613023,31.380141222554375,97.1317389959798,CRITICA,0.2563851753956383,0.22773936740352607,20.644617751610916,0.5473620803134644,30.167299608632536
435,10.582311101948253,100.0,CRITICA,0.25395817189550235,0.15239392723539197,30.06424595402536,98.40738068240388,CRITICA,0.2588743810634658,0.08701211545720075,21.19287654465563,0.5498140838392942,30.579137339498484
436,10.241536441572483,100.0,CRITICA,0.22295396462066158,0.19932249967482824,29.052467626084493,98.9496176917334,CRITICA,0.2453843149481783,0.07328047945473667,21.534203174525807,0.5550615278995111,30.355040468036727
437,10.000025863852679,100.0,CRITICA,0.20106395356399875,0.17014578977118877,28.217851231119386,99.22408441961514,CRITICA,0.17684595441344908,0.16668694824841468,21.86541880597044,0.5604810618732485,31.127727888379113
438,9.608978360382855,100.0,CRITICA,0.1975641490905808,0.21727295852436107,27.328417602996254,99.73730753225135,CRITICA,0.16592031819113018,0.1500891681436234,22.29399190270023,0.5608181336384569,31.294804334376714
439,9.406450444858265,100.0,CRITICA,0.19027496366204563,0.2870958789581798,26.76632009104076,99.76205255534865,CRITICA,0.13644167880343971,0.25788860171706557,22.558408826452983,0.5647996596827785,31.372149954321106
440,8.969920288765229,100.0,CRITICA,0.18495001243843004,0.21785123014942592,26.09798465934727,99.75434902491602,CRITICA,0.16483729132792208,0.21216358804932733,22.627543393334456,0.5556855500539655,31.362515174686827
441,8.624692874692874,100.0,CRITICA,0.2506798806200914,0.28765445648449883,24.753710073710074,99.85749385749386,CRITICA,0.2476292734968509,0.15180446024680683,23.274770712613275,0.5598574350876674,31.192469466147234
442,7.7467158495954305,100.0,CRITICA,0.26593141437364975,0.2238484637078308,23.599928605425987,99.94050452165637,CRITICA,0.26716172338397026,0.03145187659374421,23.476670469460426,0.5435399026621961,31.266182378242476
443,7.695808120242046,100.0,CRITICA,0.29499673540778465,0.16821725878609473,22.841303923482336,99.98780011711888,CRITICA,0.31213908506571664,0.007076997281094246,23.946752452453474,0.5601341764172987,31.797695785237124
444,7.024681566931026,100.0,CRITICA,0.3327272185931244,0.07752170911825529,21.45186253304494,99.98798365777458,CRITICA,0.30016573711008354,0.0,24.46174027220533,0.5527365782285688,31.79009422716387
445,6.570583521870287,100.0,CRITICA,0.3481695902982747,0.12688111290559445,20.45915818250377,99.99057315233786,CRITICA,0.3070204932662217,0.13602250522772863,24.866615812599466,0.5522246582464397,31.878185598963764
446,6.324486857992013,100.0,CRITICA,0.36205767438096603,0.04446030417176545,20.313597102256896,99.9953561809232,CRITICA,0.35186235920408876,0.08965140343515793,24.825598555348357,0.5413861822504402,31.590450702560375
447,6.319026265214606,100.0,CRITICA,0.37023160579263037,0.0450377349111045,20.385246874036113,99.99525470377489,CRITICA,0.3537691739668265,0.005013806979968224,24.79957086732709,0.5445428476277373,31.79575763641121
448,6.081625115420129,100.0,CRITICA,0.3757915007881128,0.02958502193637737,19.88781163434903,100.0,CRITICA,0.37421488366682265,0.010027613959936447,25.04624177821375,0.5432837604729627,31.899265900792475
449,5.673121907332433,100.0,CRITICA,0.38279473424827426,0.11159955387448618,19.474066576698156,99.99775078722448,CRITICA,0.39027425724019954,0.08068776864715706,24.992539539219432,0.5252975344848333,32.15101719169921
450,5.359642423970172,100.0,CRITICA,0.3820470844291423,0.020956011418320136,19.199541799559768,99.99550783882125,CRITICA,0.35177449772134395,0.11166271236615122,24.945860831584532,0.4955680709807213,32.07111703328904
451,5.2561233108108105,100.0,CRITICA,0.35957522019165566,0.009719164372450594,17.621668543543542,100.0,CRITICA,0.3465615772461135,0.036692887760223815,25.95085498803451,0.5301424728106463,31.969218066776527
452,5.171875,100.0,CRITICA,0.34584573368522464,0.021504133222818817,17.614511328725037,100.0,CRITICA,0.345482212284506,0.004780969077296403,25.91966146383703,0.5196839397212631,32.198399411493234
453,5.166441853743136,100.0,CRITICA,0.3433493974656588,0.0150125783037015,17.83642451103189,100.0,CRITICA,0.3329389893823995,0.0,25.766174808451737,0.5146740107079152,32.035565512485846
454,5.283117773858515,100.0,CRITICA,0.3445713174997886,0.0,17.80778463648834,99.99265138154027,CRITICA,0.34751704427246755,0.0,25.847668267241225,0.5311498351234044,32.18796226613961
455,5.283371040723982,100.0,CRITICA,0.34492326036210996,0.00992265664288337,17.595776772247362,100.0,CRITICA,0.3436757499974303,0.005208333333333333,25.939308845068485,0.531657633698169,31.57374141397608
456,5.407358859376797,100.0,CRITICA,0.3641037008190655,0.0050412550334908626,17.696883982982637,99.99770035644475,CRITICA,0.3510824297123573,0.004562359050233004,25.96888808259841,0.5413438860947414,30.19171150101155
457,5.618843537414966,100.0,CRITICA,0.3469112788192923,0.00962551292942689,18.819523809523808,99.99092970521542,CRITICA,0.32827721625384365,0.10787602087685512,25.35955845876176,0.5251043517917701,30.288711467866072
458,5.925146663137929,100.0,CRITICA,0.3579199268836417,0.0049206187417563585,19.419037536941467,99.99779453927925,CRITICA,0.3288788207310221,0.016865972363460536,25.111326270942968,0.5261481840199796,30.494763233070334
459,6.054426491626693,100.0,CRITICA,0.3734787945020781,0.08306217366600456,19.601594715139274,99.98527307918876,CRITICA,0.37116952762920497,0.02492094550950566,24.99550597135123,0.5225334122087446,30.412961833524914
460,6.3401482496072195,100.0,CRITICA,0.377996846920669,0.1842439331585973,19.3585988800709,99.9838859122588,CRITICA,0.3596996952630725,0.16792726449424647,25.316117899442,0.5417700777387914,30.842162770712573
461,6.165875359080753,100.0,CRITICA,0.3944114875075154,0.18435766575970222,19.320938397701884,100.0,CRITICA,0.3942037798423656,0.1750030935788545,25.33526939610873,0.5379211520432077,30.791055168542243
462,5.656208376498446,100.0,CRITICA,0.3372083125282973,0.04048144351125034,18.607327850483095,100.0,CRITICA,0.31070011706785056,0.1253785299970708,25.522503804715292,0.5225923077460665,30.62094371482956
463,5.352519648636154,100.0,CRITICA,0.31627593457585207,0.14191155304938666,17.54555961837515,100.0,CRITICA,0.3754016406344068,0.20510028244830297,26.068731665873088,0.532748916155281,29.239050920875037
464,5.042593936461861,100.0,CRITICA,0.35853257081651246,0.14019780112723737,17.23846960167715,100.0,CRITICA,0.32293377395597406,0.13373898147354826,26.095623039792464,0.5127454036287539,28.946717379256842
465,4.751176629138936,100.0,CRITICA,0.33735171247212137,0.010027613959936447,17.195164935414983,100.0,CRITICA,0.3097658136139492,0.08584221090371287,25.96451481689848,0.49852217532994203,28.152327060645938
466,4.446857616285951,100.0,CRITICA,0.33755466350347874,0.0500720251213479,15.892038505543063,100.0,CRITICA,0.3033160846681049,0.1267815177553357,26.679191848470435,0.49957711237712327,27.499730991961208
467,4.3718967716612696,100.0,CRITICA,0.3333516078216219,0.08804244064158485,15.623609066823668,100.0,CRITICA,0.2699533384334616,0.009202627172903878,26.797683765992474,0.4973221366295353,26.8962030047621
468,4.800614889402443,100.0,CRITICA,0.31066222031100743,0.017008886427222824,16.43238279960383,100.0,CRITICA,0.37096836102511355,0.10763715172218372,26.43032959278237,0.4963732901870206,26.086298571361873
469,5.773978908603951,100.0,CRITICA,0.31407725515349294,0.01083616973334885,18.094911282222967,100.0,CRITICA,0.3586754060049161,0.03012430838206044,25.784063500270623,0.5125465126840064,26.238041739030386
470,6.417854778194659,100.0,CRITICA,0.3573201276255932,0.01827063180424059,19.539505627896713,100.0,CRITICA,0.3693601189524155,0.032861028081548206,25.321057117347998,0.5289513077881217,27.013628085778322
471,6.229905896572563,100.0,CRITICA,0.33792216335981473,0.03338774333480418,18.801109384442718,100.0,CRITICA,0.3501389453799558,0.17113070059830202,25.66501821924241,0.53028704592738,27.55825374603151
472,6.221627618612543,100.0,CRITICA,0.33402271263346706,0.03225699665271488,19.370314777349954,100.0,CRITICA,0.40916353898299107,0.0323761954119088,25.29558073090573,0.5186396745800678,27.955115929212166
473,6.371195460942998,100.0,CRITICA,0.3710101900841052,0.0319928344075492,19.346806826178746,100.0,CRITICA,0.42361032017246053,0.23806175259471446,25.43563890737632,0.5330893973057327,28.324710700002775
474,6.747161338607933,100.0,CRITICA,0.38200636434843405,0.017037481092399637,20.03819095477387,99.99358494600664,CRITICA,0.36792635632627696,0.14419714456738672,25.162880827870588,0.533705797733651,28.675844569773425
475,6.24543320747015,100.0,CRITICA,0.352418330435495,0.04158046841999893,19.76852740075518,99.99795897540565,CRITICA,0.3616723891725353,0.17889753212718096,24.980814369519923,0.5097997650857669,29.136887887443525
476,8.100129604080438,100.0,CRITICA,0.32667105039055777,0.09163585125815064,22.901061917304236,99.98118650445252,CRITICA,0.370337139194421,0.3126032676789432,23.96299629901688,0.5350304653463323,29.162712859588392
477,9.120214752567694,100.0,CRITICA,0.33102403284997817,0.13125510538615937,24.15032679738562,99.92148374501316,CRITICA,0.3548345068344416,0.32659945209187374,23.822440945197986,0.5593855496566543,28.509437208749304
478,9.615102129508909,100.0,CRITICA,0.36171333370592884,0.16973146044787996,25.178878748370273,99.82616253802694,CRITICA,0.3935315445659858,0.3195090432165505,23.415768878552832,0.5619811515923359,28.991909475031242
479,10.596421167484998,100.0,CRITICA,0.37137955589577143,0.32253384898390963,26.82505182760502,99.63338788870703,CRITICA,0.3727169877527102,0.28265909772344094,22.94424180396757,0.5762555788593212,29.455910521883116
480,12.526360863934494,99.98955591761708,CRITICA,0.3100827789280324,0.1301019193001632,31.897209341187285,97.12369971174333,CRITICA,0.3270029627925961,0.08617002651457886,20.90829224090082,0.5345282290555555,29.528738117190073
481,11.240466101694915,100.0,CRITICA,0.29484597940845053,0.29597759902778054,28.461220505151214,98.66857760053173,CRITICA,0.3020846646229626,0.21972620172927898,22.18146933675814,0.5626485013195746,29.909359771323892
482,11.472729257641921,100.0,CRITICA,0.2708483957504938,0.21053948212217885,28.30338427947598,98.66157205240175,CRITICA,0.26395590230408655,0.033950035155279605,22.412340600774314,0.5792575690667541,30.04581744889083
483,10.887773118516884,100.0,CRITICA,0.24436988538346416,0.16008613803920405,27.587993820348707,99.32244537629661,CRITICA,0.23304316501039776,0.22419270487538595,22.674927860572286,0.5732653050980301,30.31404696527707
484,7.29190170099261,100.0,CRITICA,0.2896916185863194,0.016338647889054304,21.698915562551925,100.0,CRITICA,0.2692412501018052,0.0062792568914061975,24.34531793403194,0.5438099597205827,29.976634856631772
485,7.55297052154195,100.0,CRITICA,0.2675338011669576,0.005518128550484683,21.498503401360544,100.0,CRITICA,0.2501764961834866,0.012523012612755742,24.673965121894007,0.5697273456678651,28.949738100597493
486,6.913569321533923,100.0,CRITICA,0.26799887451148263,0.010517288197604434,20.971749489448605,100.0,CRITICA,0.22055101251238216,0.0,24.688094367417616,0.5533719604124436,28.355118038899256
487,6.650109793588054,100.0,CRITICA,0.23883382426915817,0.01737766438085103,20.80467720685112,100.0,CRITICA,0.20768791757932306,0.0371802402216996,24.64260914633325,0.5415231585828835,27.8386693881316
488,5.2507675711559205,100.0,CRITICA,0.27573858692567443,0.024772402913790376,18.34084308356153,100.0,CRITICA,0.22823883334634243,0.1052899465793327,25.434553288991314,0.5114336329980252,28.078792182629662
489,5.0382374511082135,100.0,CRITICA,0.2917684983835147,0.007122084409243893,17.556877444589308,100.0,CRITICA,0.23590669850744056,0.004859582186225297,25.86066538021953,0.5163773436779304,28.60477938091877
490,4.9464790463315715,100.0,CRITICA,0.2838249901520169,0.03771236166328253,17.93634017451149,100.0,CRITICA,0.2387510928653253,0.0,25.629922829503595,0.5061298373037563,29.177443514185892
491,4.72040167031219,100.0,CRITICA,0.27323508111369116,0.051987524491003634,16.97411016106582,100.0,CRITICA,0.2383406142558414,0.07576792008997942,26.059892875738733,0.5085160962759151,29.06519738019438
492,4.654993382876921,100.0,CRITICA,0.2773788962233982,0.02672464215048715,16.681380433676065,100.0,CRITICA,0.2667905523162634,0.008927859733426335,26.247503961515033,0.5147145308670613,27.944506157157956
493,4.530078109025477,100.0,CRITICA,0.27552643749664296,0.027563274353157436,16.4850325113483,100.0,CRITICA,0.23840098136385926,0.004798771671657963,26.32141234281506,0.5102903574051005,27.684439454044277
494,4.3609691540262645,100.0,CRITICA,0.26294171448873666,0.01521219118716677,16.226916420645423,100.0,CRITICA,0.2745808684139612,0.14281322650244815,26.421482361194748,0.5027624070352755,27.082038506176502
495,4.329228208862076,100.0,CRITICA,0.2594756009040778,0.0,16.73744539213647,100.0,CRITICA,0.26598117277928535,0.00488298946090873,26.041416022338883,0.48853863629984273,26.09846623450622
496,4.303660740553944,100.0,CRITICA,0.2696241157227575,0.0,15.934014205858865,100.0,CRITICA,0.22676544550347388,0.06967595880186495,26.611323804140355,0.5088365216421825,26.71537962182607
497,4.287010895706548,100.0,CRITICA,0.25680973329815815,0.00466531392174894,15.772277641842859,100.0,CRITICA,0.24979994990564003,0.004494257199488252,26.683688968109642,0.5147802815918642,26.978193616435917
498,4.264148877941982,100.0,CRITICA,0.2578980678067296,0.00488298946090873,15.703141762452107,100.0,CRITICA,0.2531778517787878,0.0,26.71384824070045,0.5165718442844617,26.505292165833886
499,4.158244066372611,100.0,CRITICA,0.26506098325028415,0.009597543343315926,15.64952741020794,100.0,CRITICA,0.2609835939764297,0.013652592788242301,26.698222682698017,0.5069800851240531,27.019105192496394
500,4.098962456769032,100.0,CRITICA,0.28077413767351633,0.004930836989396228,16.149256219009125,100.0,CRITICA,0.2696323819361572,0.004876192641618546,26.30983894405719,0.49058642876390984,27.513171417610003
501,4.047963990369517,100.0,CRITICA,0.2811963038966162,0.04380456617086866,16.120904427928398,100.0,CRITICA,0.2436981094484314,0.01874549876648294,26.29093095332339,0.48814698810437945,28.038065581629997
502,3.9493785870597464,100.0,CRITICA,0.2850455972917806,0.0,15.906313225153806,100.0,CRITICA,0.2682347650637279,0.15498548645327614,26.393627165817634,0.49083088140391423,28.022005525743424
503,3.911250405712431,100.0,CRITICA,0.2763511844750294,0.11309901774291549,15.454397922752353,100.0,CRITICA,0.29655907106654256,0.1118840397489373,26.726001467216015,0.49984904357020365,26.957476231584412
504,3.8770572119903215,100.0,CRITICA,0.2824985300544002,0.13411530855524625,15.497210390545323,100.0,CRITICA,0.28614280824189986,0.13125388059460041,26.6397734681575,0.4944379799798588,26.885119755591678
505,3.888848381739377,100.0,CRITICA,0.284994609714756,0.1146981051454352,15.665167902134726,100.0,CRITICA,0.28310403981261273,0.048447616638712325,26.556631653854367,0.49486106841587923,26.20440285999862
506,3.8772151898734175,100.0,CRITICA,0.2968484149378663,0.004585612375822924,15.700120554550935,100.0,CRITICA,0.27628017216214373,0.11833752121774185,26.50691390566619,0.4901883646292265,26.15217634362329
507,3.8324603174603173,100.0,CRITICA,0.27075631623876095,0.013946852184589265,16.077261904761905,100.0,CRITICA,0.27028670351585116,0.08581119701745357,26.210160573253223,0.4774199982516644,26.496299996629286
508,3.7155006324802957,100.0,CRITICA,0.28569139379088104,0.009297901456392843,15.594842852972658,99.98637734747494,CRITICA,0.2857178619370753,0.0,26.475088996131756,0.48093030132383113,25.608005726729683
509,3.7045064832475965,100.0,CRITICA,0.32773297394448314,0.023496647449356856,15.834460435812959,99.98458663275726,CRITICA,0.30029900990728897,0.0,26.276375512144106,0.471885173351326,25.468341516381162
510,3.7039806547619047,100.0,CRITICA,0.28059659276230153,0.013545709229571929,15.810509672619048,99.99441964285715,CRITICA,0.3306135894156351,0.04757766959818525,26.22939007053536,0.4571774367925186,24.79503509487455
511,3.6317782876288285,100.0,CRITICA,0.2836640816179574,0.04388625030740913,15.676827269747625,100.0,CRITICA,0.26661492159917805,0.004494257199488252,26.30084248010695,0.4581060177334734,24.804038648698814
512,3.780404840238666,100.0,CRITICA,0.3095986890143865,0.00969959936632209,15.566813509544787,100.0,CRITICA,0.32423010730989243,0.013781637176578718,26.446680434881245,0.4649462380501641,24.5844347924532
513,3.884675786645475,100.0,CRITICA,0.30929160860880744,0.0141690825043918,15.715445308508826,100.0,CRITICA,0.2970799243947038,0.025345604418190285,26.40666215406449,0.473350905925723,24.12488756781278
514,3.8385925925925926,100.0,CRITICA,0.30895332827391936,0.006507240078691919,15.683092592592592,100.0,CRITICA,0.2885277715427997,0.00906379571087285,26.40684702957799,0.47301206601637835,23.928113715573545
515,3.852576425798183,100.0,CRITICA,0.28735036403773967,0.0106357148499139,15.395435184138114,100.0,CRITICA,0.2749591340493755,0.00846326321495911,26.57615038151193,0.4735890312645518,23.739211713893024
516,3.8691476590636253,100.0,CRITICA,0.2887442526432676,0.0,15.342659644502962,100.0,CRITICA,0.2389932210091803,0.031195524113315932,26.661671883355492,0.4767781546283943,23.63939023996303
517,3.776498989445318,100.0,CRITICA,0.302969760035665,0.006942937893945222,14.967100830900517,100.0,CRITICA,0.2729285375725208,0.016591651407677106,26.891771680996875,0.47795884461803234,24.87305641727735
518,3.6195809772364798,100.0,CRITICA,0.2569670441825133,0.05191461510192569,15.063107148035378,100.0,CRITICA,0.26278462668012076,0.0,26.65570864512223,0.4598479385074253,25.30375076163551
519,3.580203611770631,100.0,CRITICA,0.2836438795739187,0.008945524371089525,15.005018346643643,100.0,CRITICA,0.26519617212413793,0.10412739761816092,26.675970198180963,0.45712105606606457,25.858557002132496
520,3.52426059697424,100.0,CRITICA,0.2876648389655079,0.09366310151931706,15.169023442824043,100.0,CRITICA,0.2817346820360985,0.06387705541760302,26.486816266562858,0.44667748555956077,24.89809182852466
521,3.484437828311346,100.0,CRITICA,0.2900989310286265,0.0,14.822921479047961,100.0,CRITICA,0.26269743331277473,0.012212388424121862,26.7473937407207,0.4542031814368175,24.99244608801638
522,3.5113833534886165,100.0,CRITICA,0.28644424332806273,0.004291885021871706,14.93375046006625,100.0,CRITICA,0.26813261153556,0.022071904434948095,26.687719308872815,0.4532139272594216,24.6306987400123
523,3.484934719994481,100.0,CRITICA,0.28931456439162906,0.004308344166139815,15.000914092547559,100.0,CRITICA,0.280555493711526,0.01091075944495009,26.606536264242926,0.4489958178651842,24.408523021622784
524,3.5460635334767128,100.0,CRITICA,0.3174691588676058,0.008952781095825172,15.01457885273067,100.0,CRITICA,0.268849487704382,0.004565781675658282,26.656071180572404,0.4539354527368901,24.041502481298636
525,3.512753623188406,100.0,CRITICA,0.29852933670367254,0.004550864262747434,14.966069906223359,100.0,CRITICA,0.2880075530137546,0.0047206587629120824,26.658224936309253,0.45165189608030937,23.885730130546392
526,3.5456768558951963,100.0,CRITICA,0.311296391116895,0.0,15.128017467248908,100.0,CRITICA,0.3163628428857401,0.0048223160761226335,26.57138932130088,0.45008035948293806,23.775456718791062
527,3.662611188708373,100.0,CRITICA,0.32126617173615934,0.009572775448236507,15.323568330515327,100.0,CRITICA,0.3187312229070618,0.07746222008758687,26.527560261640083,0.45781619984727584,23.493124974029374
528,3.7702402779118014,100.0,CRITICA,0.3505749887546624,0.02013510681096867,15.830686094760205,100.0,CRITICA,0.3372716636065908,0.09765171785262355,26.27306237529542,0.45912560741937586,22.90235677246309
529,3.828521126760563,100.0,CRITICA,0.3513653773801211,0.1348622452000702,16.01034820031299,100.0,CRITICA,0.3294302308262466,0.007304428465213053,26.196326328733164,0.4628238058346681,23.206289895701683
530,3.834936208166906,100.0,CRITICA,0.34969126576835363,0.11056818636903151,15.746228719897623,100.0,CRITICA,0.32861621654917134,0.005147122829023105,26.393191270554723,0.46945655006391324,22.693729809514178
531,3.8664341085271317,100.0,CRITICA,0.3503403398556864,0.010027613959936447,15.956298449612403,100.0,CRITICA,0.329653579527012,0.012858125041844155,26.278944866046132,0.4675363743798271,22.777138564132404
532,3.8391873278236917,100.0,CRITICA,0.3423239059983932,0.0,15.576312366085093,100.0,CRITICA,0.27790723072032564,0.00490833386711467,26.5333755003898,0.47512667248896623,22.61329744103973
533,3.7484541774015456,100.0,CRITICA,0.32463639166649877,0.01657053347199822,15.510636731689363,100.0,CRITICA,0.345247474874837,0.24369232984598932,26.508016190021873,0.4663049866716653,22.362274445402015
534,3.7412971175166296,100.0,CRITICA,0.32844396591369907,0.015041420939904671,15.320546932742054,100.0,CRITICA,0.3184109357125371,0.009993755853278153,26.640697496499154,0.4715290420415159,23.09149783125513
535,3.8298898071625342,100.0,CRITICA,0.3189873041438207,0.01017485658879178,15.513582797673706,100.0,CRITICA,0.30499787984177107,0.0,26.57364880533835,0.4771202770005007,23.661746123178016
536,3.8267906336088156,100.0,CRITICA,0.3171048235010514,0.015554902647418758,15.552360728497092,100.0,CRITICA,0.32389493992849644,0.012858125041844155,26.54491928682003,0.47457072511307286,22.689065025638016
537,3.8792254548992897,100.0,CRITICA,0.3286302401879089,0.017773685864230174,15.417689987350395,100.0,CRITICA,0.3228488203731636,0.16190171778908832,26.710397415951213,0.48297610774047256,23.162519502511266
538,3.9165693146417446,100.0,CRITICA,0.3279354586965437,0.14352211283807062,15.817445482866043,100.0,CRITICA,0.28327308657619527,0.22550469953912333,26.388297098422658,0.4727703506862327,23.75825066759242
539,3.9127763422337067,100.0,CRITICA,0.3244433377910978,0.07884645393485051,15.832022203081635,100.0,CRITICA,0.278779051901448,0.028140692006173047,26.380089676350458,0.47286054017913254,23.3535350096842
540,3.907663423792456,100.0,CRITICA,0.3162429008941934,0.1606688986037833,15.55864671635281,100.0,CRITICA,0.27795920988363887,0.13044612832393093,26.54595965840212,0.47172548013868054,22.936559832703377
541,3.9628283527556634,100.0,CRITICA,0.33955173551570483,0.05744895772585582,16.05180569978078,100.0,CRITICA,0.3109787721264252,0.03195463979869148,26.24940732868261,0.4659701748681954,22.864098462605664
542,3.9389582932923313,100.0,CRITICA,0.3214595542370213,0.005108294379544528,15.87941572169902,100.0,CRITICA,0.2887026094718096,0.12484216342142834,26.349345968982284,0.46865951506851244,23.42946285704895
543,3.9513724742661074,100.0,CRITICA,0.3233927292562986,0.03941763606883357,15.73534121235227,99.99809378574152,CRITICA,0.2758116225518281,0.026259242757921773,26.47511350479903,0.4753377245332359,23.96427490930864
544,3.855409811206308,100.0,CRITICA,0.32934678021952146,0.08247276972315615,15.194688755781334,99.9981044810069,CRITICA,0.3138162070513099,0.014314958357846706,26.81070819741783,0.48315110890942153,24.43470865840703
545,3.942689872157394,100.0,CRITICA,0.3167875933850342,0.03509664885977757,15.323429845871997,99.99800868214585,CRITICA,0.28167530608999924,0.21431625150190048,26.768283739530688,0.48856862579529886,25.089912418373444
546,3.826505789627323,100.0,CRITICA,0.3038234432598389,0.017001293173975113,15.347533326846357,100.0,CRITICA,0.2985163213095301,0.23869379478656252,26.660599503339803,0.4754519818123854,24.343604093115214
547,3.6446405760074323,100.0,CRITICA,0.3167962726489848,0.06915277144846911,15.246274145472844,100.0,CRITICA,0.329310901775738,0.01830605147911078,26.54548326366521,0.46002848982662475,24.562053155810172
548,3.6106564615837504,100.0,CRITICA,0.32140824814342783,0.004969039949999533,14.874340104013346,100.0,CRITICA,0.2941180975299227,0.0,26.79784219744123,0.46786574566719136,24.06933542302999
549,3.4884556865728413,100.0,CRITICA,0.3039921692093961,0.0049206187417563585,14.953347280334729,100.0,CRITICA,0.3091898260074598,0.01574656713048096,26.641143066514243,0.4526225274446512,23.888748791987435
550,3.434989842162838,100.0,CRITICA,0.29195025480495074,0.01368691689830143,14.888634942959838,100.0,CRITICA,0.2526604024860042,0.01543768802736096,26.63685213273031,0.44957478516214316,23.26527968677084
551,3.3611127021402525,100.0,CRITICA,0.2757130057270236,0.004839055876162845,14.790499646791531,100.0,CRITICA,0.25648575481188157,0.009446055002927866,26.66979807129057,0.4458753439473156,23.65754138044118
552,3.416142343520183,100.0,CRITICA,0.3047980646933147,0.014549399049483137,14.327341068802092,100.0,CRITICA,0.3070710023863578,0.027116044152132226,27.062505913259727,0.4627132885697079,24.51757940384418
553,3.361691043878982,100.0,CRITICA,0.27448105352997326,0.004545360634014901,14.427790022039671,100.0,CRITICA,0.28058741459232517,0.02380709463808357,26.9540508487116,0.45751904320443987,24.036930872310784
554,3.4166065416065416,100.0,CRITICA,0.2666944960915345,0.006276473409336983,14.146885521885523,100.0,CRITICA,0.2891192255991599,0.006638841840874358,27.28481995170442,0.4711064575126816,23.834047943543347
555,3.4650624223667865,100.0,CRITICA,0.24154055757023307,0.0,14.128360597065202,100.0,CRITICA,0.2711848699066236,0.0,27.28421425427309,0.47746292382862726,23.20608886364214
556,3.6038889513319097,100.0,CRITICA,0.24973909142331763,0.0,15.361515117455323,100.0,CRITICA,0.25916924467706387,0.022585897110504738,26.47966679949791,0.4533083726308072,23.907008065222946
557,3.700409306333477,100.0,CRITICA,0.23795988143091526,0.01640955826452609,14.73866867729427,100.0,CRITICA,0.2384353095089313,0.009719164372450594,26.952116122014573,0.4721071025777685,24.49443374534834
558,3.715902093596059,100.0,CRITICA,0.23530525483042614,0.025895528066587934,15.443927032019705,100.0,CRITICA,0.27458413041931595,0.021797742377119535,26.449457799407,0.4484363849246355,23.781812556135648
559,3.7762489455431623,100.0,CRITICA,0.24200537399294472,0.1626145125720886,15.244109101134127,100.0,CRITICA,0.28569788611439917,0.009385948256137304,26.58973053094023,0.45872500338333816,24.34483532562639
560,3.8331512237762237,100.0,CRITICA,0.2781413219779511,0.0044844852933087495,15.024431818181819,100.0,CRITICA,0.2978202519823691,0.004961328321441685,26.812001384909895,0.4741751004673695,25.372769861712733
561,3.9067126896175854,100.0,CRITICA,0.2784512595975542,0.01742265218454035,15.413139249704788,99.9818330456899,CRITICA,0.31654927968824753,0.0,26.525877620484483,0.47998470353548645,25.906150961973417
562,3.8861682371552377,100.0,CRITICA,0.3161473108240111,0.010892431926036202,15.337185042529288,99.98624389572873,CRITICA,0.3006311396671777,0.023119969143368762,26.50132849620245,0.47207157880516837,26.62292925462291
563,4.119356488585112,100.0,CRITICA,0.3361478266036957,0.03295772279051966,15.210396615055563,100.0,CRITICA,0.3075615560845234,0.010099850864178257,26.925369499555146,0.5130792703439699,27.159342906853663
564,4.4625956973125245,100.0,CRITICA,0.36330918706839765,0.1425700646612594,16.825825211840343,99.99318476112587,CRITICA,0.3393582519419347,0.09064037103087788,25.848606922101514,0.49291568106527067,27.473099456965755
565,4.897946330161729,100.0,CRITICA,0.3658314706578595,0.13048934741289236,16.893852486672515,99.99550127089097,CRITICA,0.3525716437312417,0.01744746408634046,26.157709726223505,0.5290553721433439,28.033521978166654
566,5.184431330966761,100.0,CRITICA,0.3653724577618997,0.0504518504262834,17.30618689779171,99.98386427550598,CRITICA,0.3388110175870528,0.024541199517603782,26.037894142886955,0.5297450474620079,28.5368330833048
567,5.257340909090909,100.0,CRITICA,0.3705107496319222,0.04483845841011012,17.984704545454544,99.98409090909091,CRITICA,0.36837797805251504,0.006535947712418301,25.65821040004678,0.5239078923066672,28.533683616663588
568,5.458464749536178,100.0,CRITICA,0.4365342741371115,0.17667462601648312,17.988798701298702,99.98376623376623,CRITICA,0.36656770380171233,0.014368028185422719,25.809734780535702,0.5421906275976256,28.9279876928205
569,5.30441127694859,100.0,CRITICA,0.3927945560195225,0.09110052184231347,17.590425649530125,99.9778883360973,CRITICA,0.3939838466494777,0.007855651026299038,25.952445278192833,0.5426584701809034,29.46423312835054
570,5.204042715484363,100.0,CRITICA,0.39517719298790743,0.15992551911103461,17.74930078820239,99.98516823459616,CRITICA,0.33660526189262485,0.0,25.788095474767765,0.5133124510473338,29.3630646759765
571,5.178946053946054,100.0,CRITICA,0.3777659133315663,0.18785723325043135,18.32051282051282,99.98334998334998,CRITICA,0.3551463504572264,0.005463746746433689,25.41256767783362,0.5007429217301292,28.2240962497052
572,5.048748800767509,100.0,CRITICA,0.3696972769376429,0.21485649093400797,17.52424448353054,99.98401023345059,CRITICA,0.3851433745155808,0.09579446818406828,25.852032098632552,0.5084843352830565,27.59049497437591
573,8.181186034995047,100.0,CRITICA,0.38968878359658676,0.22381305177335512,22.494593925387917,99.82461208319577,CRITICA,0.3430156291888186,0.005202620699842906,24.198464922851933,0.5574604892325822,27.42762143960165
574,8.619976941620376,100.0,CRITICA,0.39071704514709227,0.22506091767903116,23.58687768577717,99.72120322817315,CRITICA,0.35512882930207723,0.0050412550334908626,23.64320339706653,0.5588536679056669,26.381193069811683
575,10.036876992784023,100.0,CRITICA,0.35389528836960105,0.26743477863354187,27.274626615203893,99.29518375566371,CRITICA,0.36420303020636463,0.010730379666327507,22.20921264753747,0.5506319101673594,26.761253487659253
576,9.76168645272367,100.0,CRITICA,0.24451670047820076,0.1648362406058711,26.772557105963845,99.57158014854558,CRITICA,0.17974549452375815,0.005045295657627776,22.1674792740848,0.5503591539814678,27.157720753191498
577,7.339065361038134,100.0,CRITICA,0.29740541666152953,0.18450480953453882,21.7397301170289,99.99402913780749,CRITICA,0.25741317501425437,0.01776285815328665,24.093963941365836,0.5379302537993181,26.323401517117134
578,8.459123800045614,100.0,CRITICA,0.3391685500199218,0.15149243336141482,24.389624930024258,99.70558354585225,CRITICA,0.2871713749404402,0.005554784111331111,23.007950418157087,0.5400119422117476,25.957444169378057
579,4.381445561941252,100.0,CRITICA,0.29932207490190704,0.13486506971630036,16.05549568965517,99.9940134099617,CRITICA,0.26814507545390964,0.045578394553095314,26.331424030520445,0.50115120441906,25.164693347419405
580,4.279951985761294,100.0,CRITICA,0.3065723312507125,0.014049711527259567,16.051615306608166,100.0,CRITICA,0.3173792728749856,0.0,26.3178785843049,0.5005219771486449,25.757073288147204
581,4.190855457227139,100.0,CRITICA,0.26696524211302575,0.00923701315710815,15.94700800674252,99.98946481247366,CRITICA,0.27029375373438697,0.009202627172903878,26.306561289127245,0.49469008121369623,25.923440082801868
582,4.070397768615086,100.0,CRITICA,0.3015597616429358,0.15247559409103736,15.579998383054411,99.99191527205109,CRITICA,0.24421834759690023,0.02798458391688232,26.54187111057776,0.48561893924467253,25.224806737949617
583,4.234811165845649,100.0,CRITICA,0.28589773240506466,0.01695594623433762,16.18790218790219,100.0,CRITICA,0.28455989157130557,0.015175048453532848,26.143384412847254,0.48804863990217345,25.239009140854424
584,4.2975,100.0,CRITICA,0.28567309845987443,0.010255196695469322,16.360963302752292,100.0,CRITICA,0.30342822943229353,0.01895732420140525,26.143016168822896,0.4888945596281012,24.593780083222697
585,4.209028678806318,100.0,CRITICA,0.26858736591898674,0.004899841933648789,16.51872399445215,100.0,CRITICA,0.3132223126888345,0.005285016601716601,25.974443900474608,0.4761143819767996,24.80038057827239
586,4.12945320808224,100.0,CRITICA,0.2527638013928813,0.01849287500885049,15.629896313364055,100.0,CRITICA,0.3025053497357137,0.017780192002889023,26.503110838077376,0.4890369480876922,25.63586680802272
587,4.04386657888962,100.0,CRITICA,0.2755305010327418,0.03063106818492863,15.496883914856266,100.0,CRITICA,0.2978198306127733,0.016391240239301066,26.542106560455263,0.4866155186375276,25.99942368224871
588,4.001470265525565,100.0,CRITICA,0.290981492985549,0.004761418927616714,15.361904761904762,100.0,CRITICA,0.3178359529851642,0.0052903388755745975,26.597690758878628,0.48523188953785684,26.792299802492817
589,3.990931263858093,100.0,CRITICA,0.3025976259533183,0.016720077200575875,16.058270509977827,100.0,CRITICA,0.32158291799524286,0.0074741421555145834,26.1130572696222,0.468486324512391,27.116423825709244
590,3.877589902357704,100.0,CRITICA,0.309000586107646,0.0,15.173764316179177,100.0,CRITICA,0.3310477039479234,0.010255196695469322,26.682033887950002,0.47962672666281697,27.722088876880026
591,3.906066747154191,100.0,CRITICA,0.31443328846149027,0.004970144549312943,15.385520869265264,100.0,CRITICA,0.3411440028531175,0.0052057920629535355,26.56819264810377,0.47874664918281445,28.256934369499366
592,3.776698412698413,100.0,CRITICA,0.30166381278202836,0.0,15.776126984126984,100.0,CRITICA,0.30359859591731664,0.015149776296267386,26.203873253813804,0.4597485218052671,28.543527414302986
593,3.7580399458361544,100.0,CRITICA,0.2677366230881989,0.0,15.804015741367637,100.0,CRITICA,0.3253376660453829,0.005049925432089129,26.198056475395298,0.45946739953143406,28.966922146751855
594,3.667126148705096,100.0,CRITICA,0.2976528531847009,0.0,15.616290726817043,100.0,CRITICA,0.32667008146831655,0.010245503690755749,26.234539038481945,0.45862998553847706,29.173007730403334
595,3.7120506414870644,100.0,CRITICA,0.28755315756397853,0.009657779562320987,15.666934835076429,100.0,CRITICA,0.3281710963329917,0.010245503690755749,26.276125163373273,0.462735557598662,29.572463508945347
596,3.6840959554181723,100.0,CRITICA,0.2924435970749819,0.016251527897309156,15.507531890809352,100.0,CRITICA,0.34245216726580885,0.004830410611531883,26.357142534897207,0.46913898706652507,30.013781340396417
597,3.718247005047551,100.0,CRITICA,0.2895541685888746,0.007035104819885455,15.566798812850674,100.0,CRITICA,0.3392912368403863,0.012009675144384623,26.349103027204947,0.4708306042947768,29.921296395157587
598,3.72704881325571,100.0,CRITICA,0.2771375198222793,0.012005665012887313,15.619547693685625,100.0,CRITICA,0.3258942403583847,0.028936924757173913,26.33006365446905,0.47261287583356726,28.777016154054923
599,3.8399537037037037,100.0,CRITICA,0.27398911505157375,0.019027836206499102,15.09712962962963,100.0,CRITICA,0.3177759252500119,0.01646614015988549,26.88209839988491,0.49905793729097336,28.153734903286512
600,3.7826147042564955,100.0,CRITICA,0.2620074214146251,0.007139215614635323,15.825248756218905,100.0,CRITICA,0.27441029534948647,0.0,26.227150621946045,0.46557803171796236,27.48997064255907
601,3.8210416666666664,100.0,CRITICA,0.2556043410904495,0.010576682278257856,15.265462962962962,100.0,CRITICA,0.2635815370799194,0.00978700365857839,26.695867949767276,0.484189714065909,26.590501528668497
602,3.898291409587091,100.0,CRITICA,0.283926225446852,0.012379117473502892,15.33640246796393,100.0,CRITICA,0.283401602034136,0.01165797120088251,26.693420256415674,0.48891114385885537,26.245665047101188
603,3.898853167888701,100.0,CRITICA,0.29280533684405574,0.004899841933648789,14.953186689227298,100.0,CRITICA,0.2928759656598915,0.004562359050233004,27.048970823722343,0.5045021880107424,26.58623491181152
604,3.996971289830042,100.0,CRITICA,0.2651765469601753,0.005125779297828994,15.591624740306877,100.0,CRITICA,0.27693257938333254,0.005113099925649137,26.576888332738875,0.5016099964166765,26.823550219531178
605,4.192050678926548,100.0,CRITICA,0.287417160223826,0.005370061269258066,15.65692825831284,100.0,CRITICA,0.27799098083719154,0.004897197230086088,26.684374789607116,0.5211556226989394,27.537035311574158
606,4.222873060501927,100.0,CRITICA,0.26166342169882717,0.004972909273646084,15.387977715297303,100.0,CRITICA,0.2726566734289375,0.004692974128068652,26.946641882792747,0.527987767697498,27.402103906313485
607,4.154115411541154,100.0,CRITICA,0.25384314829143073,0.012158158591203234,15.589233923392339,100.0,CRITICA,0.30368918448419957,0.006120072528185278,26.72255260057925,0.5131393358880315,26.783904878801078
608,4.083620155998514,100.0,CRITICA,0.2545810729686291,0.01959589003253256,15.250588089637242,100.0,CRITICA,0.2881291014923151,0.009522837855233428,26.937318697330927,0.5138918427646768,26.428700813949533
609,3.9862745098039216,100.0,CRITICA,0.2530438313830322,0.010059527338057614,15.160550887021476,100.0,CRITICA,0.2760958307927956,0.009645641585724637,26.974774103760105,0.5073030408896496,27.390919091215103
610,3.8694559206068155,100.0,CRITICA,0.2904871195100945,0.0,15.556386211117669,100.0,CRITICA,0.3324835909231707,0.004692974128068652,26.615045386635593,0.48587033156185244,27.47014424330053
611,3.852891834081282,100.0,CRITICA,0.3097763205673735,0.006814082634704003,15.61619762613765,100.0,CRITICA,0.33989215950086094,0.004828889781160493,26.550069977907587,0.4790653886725122,28.287593148621195
612,3.8505693180426888,100.0,CRITICA,0.30614305724578794,0.004888762869070276,15.356997102395624,100.0,CRITICA,0.36081067798982364,0.05810224544583668,26.681742860750468,0.4820453084078255,28.42928305154082
613,3.890222984562607,100.0,CRITICA,0.31346124313805357,0.03510150897401589,15.489749244466225,100.0,CRITICA,0.36128363323017093,0.09673514968861197,26.621962541154033,0.48559934818830275,29.003720615943102
614,3.86661877394636,100.0,CRITICA,0.29434977894498016,0.03344873605848525,15.424828384418902,100.0,CRITICA,0.33492791021713153,0.11304458551863326,26.623459501373,0.47897938721057604,29.124180267181714
615,3.933670398459131,100.0,CRITICA,0.30547537155019705,0.1320917420761787,15.22059708679427,100.0,CRITICA,0.33813357225037155,0.15968246995346133,26.837043170223282,0.4924018605688003,27.877986890379127
616,3.983969622331691,100.0,CRITICA,0.28770607614939075,0.15159650427696694,15.319704433497536,100.0,CRITICA,0.33330225898773924,0.16699740325953175,26.801048037000292,0.49626584471466256,28.25749346847355
617,3.9727920227920226,100.0,CRITICA,0.3009988534669571,0.17081620764898195,15.207285307285307,100.0,CRITICA,0.30698723259537075,0.17284457437864723,26.83762370454162,0.5010372583282089,28.26780286719729
618,4.029853187747925,100.0,CRITICA,0.29902966820467913,0.13147655571171252,15.543532490900912,100.0,CRITICA,0.3165858739370458,0.15968256675815515,26.622507728265923,0.49928982325524746,27.192736579809335
619,4.0638297872340425,100.0,CRITICA,0.2947602272118427,0.0954733131240328,15.511388044579533,100.0,CRITICA,0.33679946944122313,0.08486193671869878,26.666435656241294,0.5028824233707935,27.20622897908593
620,4.142563275184028,100.0,CRITICA,0.2889568683223088,0.07549518354786854,15.592618735504688,100.0,CRITICA,0.31419866872036445,0.06480691064367128,26.646321699567885,0.5041737016281155,26.516401830081882
621,4.249838043566281,99.98582881204956,CRITICA,0.29440803661322956,0.006265376382606677,16.004190622722486,99.97975544578507,CRITICA,0.31607820461374253,0.004494257199488252,26.4334605583538,0.49856916576019233,26.109637716844997
622,4.337601650685762,100.0,CRITICA,0.2912643470824462,0.004494257199488252,16.312113120524334,100.0,CRITICA,0.32188456847633606,0.0,26.214061295134105,0.4944286780213207,25.644855461910655
623,4.307438016528925,100.0,CRITICA,0.2724557863365398,0.0044844852933087495,16.058382526564344,100.0,CRITICA,0.32168671008533894,0.0065165596615627125,26.398000803792094,0.4938758577506472,24.988511000560656
624,4.623233280674039,100.0,CRITICA,0.2934943741612036,0.0,16.89046866771985,100.0,CRITICA,0.3120344052456848,0.00442521198102843,26.00327472707425,0.49598228790001225,24.72365528796338
625,4.777861241523214,100.0,CRITICA,0.28932917135199854,0.0,17.351215440792906,100.0,CRITICA,0.31772071543408453,0.00863981266324507,25.7879949552131,0.49208752762324326,24.360050486973616
626,4.767492889069484,100.0,CRITICA,0.29701906766558317,0.004161468078657686,17.27470540430719,100.0,CRITICA,0.31548972218007976,0.032481702475606396,25.76790337956867,0.4912895162670983,24.211028464356005
627,4.914604263660867,100.0,CRITICA,0.2864899084146523,0.0043231749988676725,17.408335375316508,100.0,CRITICA,0.31084209435485355,0.053215208419019146,25.76307661549478,0.5031275935932437,23.396723173803718
628,4.79938605994944,100.0,CRITICA,0.29239908084600896,0.08646349997735346,17.000862726214837,100.0,CRITICA,0.32924735749726614,0.11529936630361319,25.90771002598106,0.49387365515141496,22.434798267996374
629,4.84059022738268,100.0,CRITICA,0.3010853855878205,0.11398426396279537,17.136167553620385,100.0,CRITICA,0.3259739584571936,0.17382215174251334,25.811346634058147,0.4950914642172002,22.678246708536975
630,4.95927750410509,100.0,CRITICA,0.2858155078818069,0.1449736918288313,17.951046798029555,100.0,CRITICA,0.2977943652094238,0.10202354705118431,25.350419770675824,0.47623768865329713,22.34731547470417
631,4.631348819051337,100.0,CRITICA,0.29195755725571537,0.05265544121154547,17.572184267031037,100.0,CRITICA,0.30781028187662873,0.1124308348898571,25.404652245972823,0.4609861048900206,22.1448359586117
632,4.730165938203629,100.0,CRITICA,0.2761477445644034,0.0,17.46721916330817,100.0,CRITICA,0.3112967212758723,0.03145980039641777,25.515464795734903,0.4705600829518007,22.36551745311915
633,5.012974426929847,100.0,CRITICA,0.27125583595585434,0.008546306216710552,17.73635806253832,100.0,CRITICA,0.33053154304788146,0.028870685081017547,25.38766572890753,0.4897950555417078,21.93577283629491
634,5.155619537695009,100.0,CRITICA,0.30122112854641886,0.008771170580190349,17.599628359062322,100.0,CRITICA,0.3248028288543273,0.07039074885507285,25.652044387247912,0.5071295211243804,21.96297854166291
635,5.234166298985199,100.0,CRITICA,0.29055947857384556,0.019358910066482063,17.642613613573463,100.0,CRITICA,0.3088069208052431,0.015377936313862495,25.721955929274625,0.5124955764487585,21.77289116648412
636,5.174774496954745,100.0,CRITICA,0.2892260638363383,0.01350858067395748,18.544715133759926,100.0,CRITICA,0.30682153826846104,0.16815926859171917,25.07298607975781,0.4817076564670524,22.058189751880672
637,5.301662017666202,100.0,CRITICA,0.2850224066348138,0.008869201403169857,18.89869053153572,100.0,CRITICA,0.29977348706300344,0.039543669717126986,24.914766937587068,0.48412857348165855,21.897305371806375
638,5.4431589147286825,100.0,CRITICA,0.34314315360586634,0.004430290126827222,18.849089147286822,99.99031007751938,CRITICA,0.3568506849768719,0.06054525576948518,24.977979122952327,0.4927816731976096,22.176773315772532
639,5.7583484026522,100.0,CRITICA,0.333475304040576,0.015344353883285715,19.051195499296764,100.0,CRITICA,0.32499482937815566,0.016251527897309156,24.9951128331114,0.5046715138812101,21.726905138709313
640,5.600535721268526,100.0,CRITICA,0.32742112302827164,0.009128994577290966,19.26439995307551,100.0,CRITICA,0.34015747788406425,0.07348393091964499,24.757325219308814,0.4895867722142164,22.273727041359166
641,5.509168148587236,100.0,CRITICA,0.339500149264845,0.023728071702281854,19.416933412369097,100.0,CRITICA,0.3490211249699715,0.10710387508549583,24.59745728614484,0.4842378458368355,21.756577008875325
642,5.298904164176131,100.0,CRITICA,0.3397588950781537,0.013303802104754786,18.64325562861128,100.0,CRITICA,0.3526356972523921,0.04434600701584929,24.973480732052295,0.48683155706645537,22.668008057196573
643,5.217496939087848,100.0,CRITICA,0.3355233918812718,0.02762759039094072,18.431282522191612,100.0,CRITICA,0.32986143195978324,0.037564833163082054,25.068905337789616,0.48505104957658046,23.683905850522073
644,5.174130309436864,100.0,CRITICA,0.3315504182238084,0.06725969909669312,18.872554295598693,99.98846819142803,CRITICA,0.3449903388192248,0.056045938026321,24.741680845578266,0.4757461331683501,24.65036244926276
645,5.214972741433022,100.0,CRITICA,0.354489166490876,0.04167791015854092,18.886721183800624,99.98442367601245,CRITICA,0.34946062141604073,0.012959718994867605,24.78534844303825,0.47809412447992844,25.462996835597917
646,5.255188679245283,100.0,CRITICA,0.34230948173824927,0.009356321989271122,19.01497641509434,99.99213836477988,CRITICA,0.3561138882743474,0.1075977028766179,24.72169348236591,0.4812830250875744,26.044977170236624
647,5.166154028155685,100.0,CRITICA,0.3398230766103669,0.04622501635210243,18.329587128830003,99.99605662683861,CRITICA,0.34691505202316075,0.12558524552387457,25.170224238623234,0.48958005002138627,26.306243772455375
648,5.20187609927692,100.0,CRITICA,0.3157656008486487,0.09851670303919015,18.577916748094587,100.0,CRITICA,0.3792757616828588,0.20363062441459912,25.056757973910997,0.48581639270905047,25.830910369234147
649,5.227624068495323,100.0,CRITICA,0.31698955908658694,0.1928703340296224,18.420286982717617,100.0,CRITICA,0.35463540108008795,0.19983109609855745,25.124446478360763,0.48952617014588135,25.4943908006714
650,5.201624669742498,100.0,CRITICA,0.32019690101580983,0.14421201455711488,18.827043653140898,100.0,CRITICA,0.3373896227840252,0.2111243884811214,24.835858735699603,0.47203595285209393,26.07439877231772
651,5.432081280788178,100.0,CRITICA,0.29407665107525016,0.04876315871833629,18.636247947454844,100.0,CRITICA,0.3079070486916955,0.0066793695480314086,25.114491102119683,0.4952098925050283,25.358210349269036
652,5.461602518533564,100.0,CRITICA,0.2754270751042285,0.01592837806436324,19.32935919569412,100.0,CRITICA,0.31551958793455437,0.0876639031731271,24.678205463637152,0.47463016994486584,24.978422582906628
653,5.576500456991977,100.0,CRITICA,0.2952671801549285,0.019278983036436097,19.698466538031887,100.0,CRITICA,0.33177040281858533,0.1033217036640823,24.438528555702753,0.47160163408572514,24.724051515698356
654,5.859147869674185,100.0,CRITICA,0.2899463177301469,0.01531099050867742,19.902276524644947,100.0,CRITICA,0.3294390895020998,0.1081110878435368,24.495377566939407,0.4869526478779121,23.994574387332634
655,5.977713981924508,100.0,CRITICA,0.2751188368531017,0.07317584954332237,20.084593301435408,99.97022860180755,CRITICA,0.30944105881066686,0.1673056556666192,24.377924237745624,0.49389354206253905,24.838595276712894
656,6.1769878595646945,100.0,CRITICA,0.3015467587458324,0.0936537504902369,20.048102373400415,99.94750082029968,CRITICA,0.31684018227107646,0.03289053852998337,24.629801555619405,0.5089634388908698,25.793450874520197
657,5.989181286549708,100.0,CRITICA,0.27893945401103076,0.0,20.021532999164577,99.98329156223893,CRITICA,0.2937440705162987,0.008711062484160256,24.531029955985325,0.4983213419326857,26.36425975339086
658,5.822349339349017,100.0,CRITICA,0.28098983278580025,0.23760841766967897,19.002940702545924,99.99395746052208,CRITICA,0.2889953365224048,0.22210334448066765,25.11106009660644,0.5104878848040826,26.884293741928957
659,5.732077571133365,100.0,CRITICA,0.2845171062789843,0.285352937168758,19.641014941980607,99.96026068987443,CRITICA,0.3076545286461859,0.2280352064760805,24.639262477294352,0.4888166477983886,27.626759820533994
660,5.635811024869318,100.0,CRITICA,0.2928106611815965,0.25222304631562953,19.22237842547125,99.98019958815144,CRITICA,0.32079754061523746,0.2545771868173819,24.83925166501048,0.4921173023511198,27.82459486724361
661,5.745605959156344,100.0,CRITICA,0.290236190613292,0.2510875088583511,19.57164378975561,99.97698359558085,CRITICA,0.29388965378510956,0.2567492502839476,24.748862380710534,0.500230082199268,28.457692383776582
662,5.470717986077384,100.0,CRITICA,0.2758436520097892,0.23680177303236574,18.788084830824026,99.98785818358427,CRITICA,0.3291758429261953,0.24986072244764293,25.105365878869716,0.49692713825085133,28.41165347227746
663,5.4041871921182265,100.0,CRITICA,0.27362303302910834,0.2332124238676659,18.564614121510672,99.97742200328408,CRITICA,0.31368623774618415,0.24102075162190037,25.181075187236942,0.49986895027146794,28.68263604895082
664,5.305706717046225,100.0,CRITICA,0.27727933908361874,0.2458328796572892,18.63211286116188,99.97330431032712,CRITICA,0.3255464897214469,0.20798887305714714,25.103507013850145,0.4945362873323109,27.479366826992567
665,5.205501415958687,100.0,CRITICA,0.29083674652986297,0.26968050512329783,18.659107946026985,99.97501249375313,CRITICA,0.34606458936968076,0.27738235332641054,25.053554353465582,0.4869137750715214,28.02500680038528
666,5.1118404390037995,100.0,CRITICA,0.2777675971161542,0.237984386355284,17.444280287040947,99.98522583368509,CRITICA,0.33021889905164126,0.21336499796563263,25.737649446471096,0.5043445727638114,28.142822221304108
667,5.032544247787611,100.0,CRITICA,0.27489358995103486,0.046263018052789553,17.880176991150442,99.98893805309734,CRITICA,0.33556122244900555,0.09778123381544171,25.439142799089367,0.4951565293731055,28.95065801604806
668,5.08133608815427,100.0,CRITICA,0.26758510978344807,0.08394265473580581,17.267676767676768,100.0,CRITICA,0.29508388622161413,0.02735622335107089,25.89745491868345,0.5134315096175884,29.65069965699342
669,5.008055805580558,100.0,CRITICA,0.26987945383725453,0.23530524382574897,17.808978397839784,99.98649864986498,CRITICA,0.29080668002479276,0.24378307456627793,25.435448947114196,0.49131230761657524,30.4239685060574
670,4.888973095869647,100.0,CRITICA,0.27900763833026054,0.03462035828826646,17.685353186367387,99.9910839667432,CRITICA,0.30895598395934565,0.1406425323203216,25.404003493327508,0.4792706788415835,31.122978372368834
671,4.849024390243902,100.0,CRITICA,0.2733492328472654,0.006120072528185278,17.664855875831485,99.98669623059867,CRITICA,0.30658116148238296,0.01801144089860997,25.447577657763723,0.4776303347615509,31.99531316609089
