imagen_id,estado_ojo,nivel_brillo,brillo_ref,ear_ref,brillo_oscura,brillo_mejorada,darkpct_mejorada,std_mejorada,nivel_ilum,psnr_vs_ref,ssim_vs_ref,psnr_vs_oscura,error_brillo_pct,ear_mejorada,ear_oscura,ear_error_mej_pct,ear_error_osc_pct,deteccion_ref,deteccion_mejorada,fps,flops
closed_eye_0002.jpg_face_2,cerrado,B5,119.98,0.108019,4.4706,17.9948,100.0,5.9682,CRITICA,6.6405,0.152157,25.1626,85.0019,0.168095,nan,55.6167,nan,1,1,7.798,nan
closed_eye_0002.jpg_face_2,cerrado,B10,119.98,0.108019,9.5192,27.5819,100.0,11.3343,CRITICA,7.4497,0.265869,22.4529,77.0112,0.136712,0.164268,26.5627,52.0735,1,1,425.496,nan
closed_eye_0002.jpg_face_2,cerrado,B15,119.98,0.108019,14.5244,38.6033,92.912,20.6548,CRITICA,8.6255,0.408978,19.3299,67.8252,0.140107,0.144593,29.7064,33.8593,1,1,309.828,nan
closed_eye_0002.jpg_face_2,cerrado,B25,119.98,0.108019,24.4995,59.9814,73.9628,36.3527,CRITICA,11.214,0.660838,15.474,50.0071,0.105511,0.096339,2.3221,10.8133,1,1,380.851,nan
closed_eye_0002.jpg_face_2,cerrado,B40,119.98,0.108019,39.649,84.8255,51.8258,47.7952,BIEN,14.3476,0.795108,13.463,29.3003,0.128046,0.07431,18.5402,31.2062,1,1,411.879,nan
closed_eye_0003.jpg_face_2,cerrado,B5,169.273,0.062583,4.4199,17.0681,100.0,3.4601,CRITICA,3.9513,0.103872,25.8773,89.9168,nan,nan,nan,nan,1,0,3859.514,nan
closed_eye_0003.jpg_face_2,cerrado,B10,169.273,0.062583,9.4163,26.4379,100.0,5.5374,CRITICA,4.4724,0.181641,23.3609,84.3815,nan,nan,nan,nan,1,0,3260.515,nan
closed_eye_0003.jpg_face_2,cerrado,B15,169.273,0.062583,14.5376,32.897,100.0,8.0139,CRITICA,4.8786,0.248737,22.5083,80.5657,0.070224,0.150599,12.2079,140.6366,1,1,3466.204,nan
closed_eye_0003.jpg_face_2,cerrado,B25,169.273,0.062583,24.4746,47.2377,99.3572,14.5131,CRITICA,5.8499,0.411152,20.2642,72.0938,0.063434,nan,1.3584,nan,1,1,3766.479,nan
closed_eye_0003.jpg_face_2,cerrado,B40,169.273,0.062583,39.5072,71.7366,58.8593,23.8081,CRITICA,7.6559,0.610912,16.9854,57.6208,0.062603,0.08543,0.0313,36.5066,1,1,3709.199,nan
closed_eye_0007.jpg_face_1,cerrado,B5,148.5356,0.032973,4.3259,16.2794,100.0,5.2654,CRITICA,4.6612,0.152272,26.3585,89.0401,0.111242,nan,237.3726,nan,1,1,2404.424,nan
closed_eye_0007.jpg_face_1,cerrado,B10,148.5356,0.032973,9.5459,22.8416,100.0,7.4521,CRITICA,5.0648,0.215024,25.0932,84.6221,0.043753,0.093689,32.6922,184.1394,1,1,2454.59,nan
closed_eye_0007.jpg_face_1,cerrado,B15,148.5356,0.032973,14.4588,31.4483,100.0,12.0238,CRITICA,5.6668,0.309209,22.7403,78.8278,0.026525,0.065649,19.5557,99.1003,1,1,2269.632,nan
closed_eye_0007.jpg_face_1,cerrado,B25,148.5356,0.032973,24.474,51.2606,86.5313,24.4505,CRITICA,7.1938,0.518765,18.3558,65.4893,0.02932,0.034492,11.0792,4.6054,1,1,2289.377,nan
closed_eye_0007.jpg_face_1,cerrado,B40,148.5356,0.032973,39.4854,77.8301,45.9692,38.3629,CRITICA,9.638,0.705995,15.0829,47.6017,0.028079,0.023524,14.8412,28.6564,1,1,2132.196,nan
closed_eye_0013.BMP_face_1,cerrado,B5,99.3546,0.100251,4.4353,18.2241,100.0,8.1902,CRITICA,7.4846,0.171751,24.84,81.6575,0.092241,0.147124,7.9898,46.756,1,1,2450.38,nan
closed_eye_0013.BMP_face_1,cerrado,B10,99.3546,0.100251,9.4424,28.4607,99.943,16.202,CRITICA,8.5617,0.314208,21.6646,71.3544,0.0847,0.088153,15.5117,12.0677,1,1,2190.101,nan
closed_eye_0013.BMP_face_1,cerrado,B15,99.3546,0.100251,14.4862,42.1958,86.1187,28.8771,CRITICA,10.3345,0.524049,17.7659,57.5301,0.087443,0.090263,12.7759,9.9627,1,1,1930.502,nan
closed_eye_0013.BMP_face_1,cerrado,B25,99.3546,0.100251,24.5244,63.8607,62.1497,46.6274,CRITICA,13.774,0.787105,14.432,35.7245,0.081608,0.077245,18.5966,22.9486,1,1,2073.828,nan
closed_eye_0013.BMP_face_1,cerrado,B40,99.3546,0.100251,39.4744,83.1643,53.9588,59.1738,BIEN,17.5793,0.881426,13.6102,16.2955,0.079538,0.073886,20.6613,26.2993,1,1,2162.162,nan
closed_eye_0015.jpg_face_1,cerrado,B5,136.8367,0.044322,4.4336,18.009,100.0,6.5398,CRITICA,5.5971,0.155431,25.0355,86.8391,0.103007,0.151165,132.404,241.0586,1,1,1476.015,nan
closed_eye_0015.jpg_face_1,cerrado,B10,136.8367,0.044322,9.4298,27.1832,100.0,10.4006,CRITICA,6.2528,0.256053,22.5991,80.1346,0.076761,0.120542,73.1876,171.967,1,1,1565.19,nan
closed_eye_0015.jpg_face_1,cerrado,B15,136.8367,0.044322,14.4959,35.5628,99.1674,16.1181,CRITICA,6.9744,0.358206,20.6977,74.0108,0.080804,0.104138,82.3095,134.9564,1,1,1401.149,nan
closed_eye_0015.jpg_face_1,cerrado,B25,136.8367,0.044322,24.5149,55.1172,79.3651,26.9893,CRITICA,8.7441,0.581388,17.1957,59.7205,0.082736,0.08159,86.6695,84.0833,1,1,1524.39,nan
closed_eye_0015.jpg_face_1,cerrado,B40,136.8367,0.044322,39.5172,79.3834,49.7626,39.6998,CRITICA,11.4129,0.757027,14.6933,41.9868,0.077754,0.063132,75.4284,42.4396,1,1,1776.83,nan
closed_eye_0019.jpg_face_1,cerrado,B5,133.3445,0.028059,4.5093,13.4722,100.0,3.8879,CRITICA,6.278,0.111946,28.4441,89.8967,0.183865,nan,555.2896,nan,1,1,4273.504,nan
closed_eye_0019.jpg_face_1,cerrado,B10,133.3445,0.028059,9.4688,21.456,100.0,4.251,CRITICA,6.8118,0.176204,26.4986,83.9093,0.129796,nan,362.5887,nan,1,1,5194.806,nan
closed_eye_0019.jpg_face_1,cerrado,B15,133.3445,0.028059,14.4234,27.1414,100.0,5.6577,CRITICA,7.2702,0.247374,25.7335,79.6457,0.0736,0.138039,162.3094,391.9669,1,1,5213.764,nan
closed_eye_0019.jpg_face_1,cerrado,B25,133.3445,0.028059,24.5026,44.9872,99.895,13.0341,CRITICA,8.909,0.505499,21.2075,66.2624,0.051268,0.076689,82.7189,173.3156,1,1,4376.368,nan
closed_eye_0019.jpg_face_1,cerrado,B40,133.3445,0.028059,39.456,65.5291,75.2153,19.1322,CRITICA,11.1323,0.690117,18.9795,50.8573,0.033226,0.059347,18.416,111.5118,1,1,4863.813,nan
closed_eye_0030.jpg_face_2,cerrado,B5,121.8991,0.057203,4.4935,16.7229,100.0,4.3119,CRITICA,6.8233,0.242557,26.1844,86.2814,0.079246,nan,38.536,nan,1,1,500.651,nan
closed_eye_0030.jpg_face_2,cerrado,B10,121.8991,0.057203,9.3998,24.0383,100.0,6.7665,CRITICA,7.3782,0.350917,24.2859,80.2802,0.077503,nan,35.4877,nan,1,1,540.103,nan
closed_eye_0030.jpg_face_2,cerrado,B15,121.8991,0.057203,14.4943,32.7371,100.0,10.7102,CRITICA,8.1394,0.4665,22.123,73.1441,0.084929,0.081073,48.4697,41.73,1,1,510.465,nan
closed_eye_0030.jpg_face_2,cerrado,B25,121.8991,0.057203,24.4812,53.286,89.57,21.0725,CRITICA,10.1599,0.672686,17.9138,56.2868,0.089275,0.064914,56.067,13.4801,1,1,355.025,nan
closed_eye_0030.jpg_face_2,cerrado,B40,121.8991,0.057203,39.4884,77.4726,49.6261,31.7649,CRITICA,12.9066,0.788079,15.2587,36.4453,0.076513,0.06243,33.7576,9.1382,1,1,598.408,nan
closed_eye_0032.jpg_face_1,cerrado,B5,156.1175,0.03677,4.41,17.5076,100.0,4.4019,CRITICA,4.4623,0.157727,25.5856,88.7856,0.096607,nan,162.7318,nan,1,1,643.418,nan
closed_eye_0032.jpg_face_1,cerrado,B10,156.1175,0.03677,9.4211,23.5457,100.0,6.6334,CRITICA,4.8304,0.217148,24.8043,84.918,0.049292,0.114812,34.0538,212.2423,1,1,632.791,nan
closed_eye_0032.jpg_face_1,cerrado,B15,156.1175,0.03677,14.4195,31.7837,100.0,10.6033,CRITICA,5.3721,0.303588,22.8752,79.6411,0.041368,0.066276,12.5028,80.2435,1,1,400.048,nan
closed_eye_0032.jpg_face_1,cerrado,B25,156.1175,0.03677,24.4474,52.1159,90.8501,21.7933,CRITICA,6.8978,0.505422,18.4374,66.6175,0.029397,0.061365,20.0518,66.8875,1,1,553.741,nan
closed_eye_0032.jpg_face_1,cerrado,B40,156.1175,0.03677,39.4717,74.5687,49.1615,32.1927,CRITICA,8.7908,0.688862,16.1184,52.2355,0.03747,0.031308,1.9033,14.855,1,1,637.674,nan
closed_eye_0033.jpg_face_2,cerrado,B5,115.7202,0.103117,4.3792,18.0727,100.0,5.4999,CRITICA,7.2457,0.118777,25.0685,84.3824,0.223961,nan,117.1911,nan,1,1,3272.251,nan
closed_eye_0033.jpg_face_2,cerrado,B10,115.7202,0.103117,9.436,26.5701,100.0,10.7279,CRITICA,8.0438,0.246632,22.8287,77.0393,0.133105,0.204285,29.0821,98.1104,1,1,4921.26,nan
closed_eye_0033.jpg_face_2,cerrado,B15,115.7202,0.103117,14.4785,35.5133,98.6687,17.1416,CRITICA,8.9972,0.392838,20.6328,69.311,0.125975,0.181718,22.1676,76.2255,1,1,4277.16,nan
closed_eye_0033.jpg_face_2,cerrado,B25,115.7202,0.103117,24.4887,53.553,78.2898,28.1632,CRITICA,11.1676,0.673168,17.4752,53.722,0.094567,0.147701,8.2919,43.2361,1,1,3346.72,nan
closed_eye_0033.jpg_face_2,cerrado,B40,115.7202,0.103117,39.5146,75.1551,61.2647,37.6132,CRITICA,14.2614,0.825922,15.7149,35.0544,0.105151,0.115627,1.9722,12.1323,1,1,3183.7,nan
closed_eye_0053.jpg_face_3,cerrado,B5,148.0864,0.068393,4.4003,15.9982,100.0,3.8116,CRITICA,5.2699,0.171465,26.5682,89.1967,0.178629,nan,161.1792,nan,1,1,501.253,nan
closed_eye_0053.jpg_face_3,cerrado,B10,148.0864,0.068393,9.4065,22.8688,100.0,5.4072,CRITICA,5.6935,0.248779,25.2648,84.5571,0.109246,nan,59.7325,nan,1,1,488.568,nan
closed_eye_0053.jpg_face_3,cerrado,B15,148.0864,0.068393,14.5445,29.4928,100.0,8.3249,CRITICA,6.1768,0.32684,23.9562,80.0841,0.108896,nan,59.22,nan,1,1,597.407,nan
closed_eye_0053.jpg_face_3,cerrado,B25,148.0864,0.068393,24.4206,48.1972,94.9484,17.4568,CRITICA,7.6652,0.528554,19.5737,67.4534,0.082716,0.120849,20.9415,76.6974,1,1,694.444,nan
closed_eye_0053.jpg_face_3,cerrado,B40,148.0864,0.068393,39.4449,72.172,64.0332,26.3313,CRITICA,9.877,0.708521,16.6616,51.2636,0.096561,0.094047,41.185,37.5093,1,1,669.658,nan
closed_eye_0059.jpg_face_2,cerrado,B5,100.2889,0.10055,4.5156,16.3391,100.0,5.9424,CRITICA,8.5116,0.227794,26.2318,83.708,0.214623,nan,113.4497,nan,1,1,840.972,nan
closed_eye_0059.jpg_face_2,cerrado,B10,100.2889,0.10055,9.394,24.6214,100.0,10.2832,CRITICA,9.3517,0.356954,23.7921,75.4495,0.146483,0.185913,45.6824,84.8967,1,1,921.574,nan
closed_eye_0059.jpg_face_2,cerrado,B15,100.2889,0.10055,14.4737,33.3609,98.9967,15.2637,CRITICA,10.4097,0.494208,21.6055,66.7352,0.134313,0.139378,33.5789,38.616,1,1,792.707,nan
closed_eye_0059.jpg_face_2,cerrado,B25,100.2889,0.10055,24.4416,52.979,79.8862,29.6873,CRITICA,13.366,0.70588,17.3063,47.1736,0.08749,0.092954,12.9885,7.5545,1,1,960.154,nan
closed_eye_0059.jpg_face_2,cerrado,B40,100.2889,0.10055,39.4951,75.044,53.065,41.881,CRITICA,17.4931,0.801534,15.1973,25.1722,0.108167,0.097539,7.576,2.9939,1,1,894.855,nan
closed_eye_0060.jpg_face_1,cerrado,B5,95.9278,0.047151,4.3218,16.7292,100.0,5.7656,CRITICA,9.0042,0.266025,25.9411,82.5606,0.096034,0.235312,103.6763,399.0655,1,1,2100.84,nan
closed_eye_0060.jpg_face_1,cerrado,B10,95.9278,0.047151,9.4496,25.2963,100.0,9.2793,CRITICA,9.9008,0.40255,23.5978,73.6298,0.058917,0.105453,24.955,123.6525,1,1,2600.104,nan
closed_eye_0060.jpg_face_1,cerrado,B15,95.9278,0.047151,14.5006,35.6972,99.6694,16.6645,CRITICA,11.3102,0.579411,20.6264,62.7874,0.061999,0.076179,31.4919,61.5645,1,1,2622.607,nan
closed_eye_0060.jpg_face_1,cerrado,B25,95.9278,0.047151,24.4788,59.9821,70.5028,32.4118,CRITICA,15.2121,0.785437,15.7555,37.4716,0.029027,0.041047,38.4367,12.9444,1,1,2623.983,nan
closed_eye_0060.jpg_face_1,cerrado,B40,95.9278,0.047151,39.5145,83.5515,43.0441,44.1394,BIEN,20.4187,0.811499,13.9255,12.9016,0.033156,0.04361,29.6796,7.508,1,1,2076.843,nan
closed_eye_0068.jpg_face_1,cerrado,B5,105.9201,0.047283,4.4441,17.1771,100.0,4.5688,CRITICA,8.5329,0.224639,25.8332,83.7829,0.12413,nan,162.5263,nan,1,1,2788.622,nan
closed_eye_0068.jpg_face_1,cerrado,B10,105.9201,0.047283,9.4754,25.3708,100.0,7.2339,CRITICA,9.3162,0.356419,23.6888,76.0472,0.073972,0.178913,56.4457,278.389,1,1,2477.701,nan
closed_eye_0068.jpg_face_1,cerrado,B15,105.9201,0.047283,14.4941,34.244,99.7007,11.6502,CRITICA,10.3053,0.498697,21.5039,67.67,0.078628,0.12003,66.2929,153.8549,1,1,2628.812,nan
closed_eye_0068.jpg_face_1,cerrado,B25,105.9201,0.047283,24.4923,56.1032,86.3311,21.1908,CRITICA,13.1921,0.740633,17.2332,47.0325,0.062478,0.076357,32.1362,61.4904,1,1,2808.2,nan
closed_eye_0068.jpg_face_1,cerrado,B40,105.9201,0.047283,39.4678,80.9865,44.39,30.7936,BIEN,17.5009,0.796406,14.8144,23.54,0.040212,0.058163,14.9554,23.0109,1,1,2922.268,nan
closed_eye_0077.jpg_face_1,cerrado,B5,121.1229,0.062263,4.3748,16.7666,100.0,4.6415,CRITICA,6.8612,0.182672,26.0117,86.1574,0.091988,nan,47.7402,nan,1,1,1748.863,nan
closed_eye_0077.jpg_face_1,cerrado,B10,121.1229,0.062263,9.5045,24.7013,100.0,7.5208,CRITICA,7.4984,0.278478,24.1104,79.6064,0.051098,0.081253,17.9324,30.4997,1,1,2028.398,nan
closed_eye_0077.jpg_face_1,cerrado,B15,121.1229,0.062263,14.4575,32.8583,100.0,11.9202,CRITICA,8.2486,0.392156,22.1519,72.8719,0.049494,0.056574,20.5084,9.1377,1,1,2181.025,nan
closed_eye_0077.jpg_face_1,cerrado,B25,121.1229,0.062263,24.5046,53.2484,86.0484,22.9898,CRITICA,10.3956,0.632351,17.9112,56.0377,0.058207,0.054667,6.5143,12.1996,1,1,1912.412,nan
closed_eye_0077.jpg_face_1,cerrado,B40,121.1229,0.062263,39.5111,81.557,47.8588,36.7121,BIEN,14.0528,0.765504,14.4155,32.6659,0.058696,0.05214,5.7287,16.2594,1,1,1910.585,nan
closed_eye_0086.jpg_face_2,cerrado,B5,78.7757,0.055506,4.5073,17.2919,100.0,6.699,CRITICA,10.6797,0.365785,25.6128,78.0492,0.098616,0.173146,77.6655,211.9381,1,1,806.712,nan
closed_eye_0086.jpg_face_2,cerrado,B10,78.7757,0.055506,9.4776,25.964,99.98,12.4632,CRITICA,11.8964,0.521708,22.8895,67.0405,0.08738,0.121148,57.4237,118.2593,1,1,859.697,nan
closed_eye_0086.jpg_face_2,cerrado,B15,78.7757,0.055506,14.4917,36.0613,95.8509,20.4984,CRITICA,13.6389,0.671889,20.032,54.2228,0.07639,0.101621,37.6238,83.0805,1,1,774.234,nan
closed_eye_0086.jpg_face_2,cerrado,B25,78.7757,0.055506,24.5081,57.2102,75.0173,34.7288,CRITICA,18.1683,0.811242,16.1846,27.3758,0.067382,0.071765,21.3955,29.2905,1,1,753.466,nan
closed_eye_0086.jpg_face_2,cerrado,B40,78.7757,0.055506,39.5545,79.0917,53.3832,47.2057,CRITICA,20.9629,0.760926,14.4151,0.4012,0.077912,0.065491,40.3651,17.9874,1,1,747.999,nan
closed_eye_0091.jpg_face_1,cerrado,B5,151.2539,0.050929,4.3123,16.2868,100.0,4.7025,CRITICA,5.122,0.183955,26.2889,89.2321,0.138886,nan,172.7054,nan,1,1,507.357,nan
closed_eye_0091.jpg_face_1,cerrado,B10,151.2539,0.050929,9.5863,23.3794,100.0,6.4182,CRITICA,5.5818,0.270333,24.8444,84.5429,0.048436,0.09495,4.896,86.4356,1,1,515.836,nan
closed_eye_0091.jpg_face_1,cerrado,B15,151.2539,0.050929,14.4787,30.8779,100.0,9.8434,CRITICA,6.0986,0.357343,23.1285,79.5854,0.062715,0.091245,23.142,79.1617,1,1,590.388,nan
closed_eye_0091.jpg_face_1,cerrado,B25,151.2539,0.050929,24.5312,50.112,90.0109,20.2868,CRITICA,7.6369,0.550665,18.7778,66.8689,0.052594,0.06996,3.2698,37.3684,1,1,510.308,nan
closed_eye_0091.jpg_face_1,cerrado,B40,151.2539,0.050929,39.4957,73.1569,62.0194,29.5519,CRITICA,9.7121,0.716466,16.1599,51.633,0.055417,0.05687,8.8119,11.6655,1,1,548.787,nan
closed_eye_0093.jpg_face_1,cerrado,B5,143.424,0.078215,4.522,16.5079,100.0,4.4783,CRITICA,4.9381,0.222259,26.307,88.4901,0.201095,nan,157.1036,nan,1,1,545.643,nan
closed_eye_0093.jpg_face_1,cerrado,B10,143.424,0.078215,9.3416,22.411,100.0,6.799,CRITICA,5.3283,0.287983,25.6008,84.3743,0.102275,nan,30.7613,nan,1,1,516.289,nan
closed_eye_0093.jpg_face_1,cerrado,B15,143.424,0.078215,14.5066,30.2045,100.0,10.565,CRITICA,5.9066,0.380737,23.6404,78.9404,0.102042,0.10934,30.4629,39.7941,1,1,473.059,nan
closed_eye_0093.jpg_face_1,cerrado,B25,143.424,0.078215,24.4806,48.9311,90.8574,21.3235,CRITICA,7.4304,0.571727,19.3007,65.8836,0.106423,0.109746,36.0636,40.3127,1,1,584.112,nan
closed_eye_0093.jpg_face_1,cerrado,B40,143.424,0.078215,39.4814,70.6561,56.7168,30.7526,CRITICA,9.4692,0.727576,16.9882,50.7362,0.108241,0.103181,38.3878,31.9185,1,1,650.491,nan
closed_eye_0095.jpg_face_1,cerrado,B5,146.3171,0.054832,4.5978,16.8712,100.0,3.7712,CRITICA,5.2579,0.119732,25.9521,88.4694,0.170385,nan,210.7403,nan,1,1,3227.889,nan
closed_eye_0095.jpg_face_1,cerrado,B10,146.3171,0.054832,9.4761,26.3127,100.0,5.9411,CRITICA,5.8345,0.204965,23.4347,82.0167,0.098501,nan,79.6418,nan,1,1,3285.151,nan
closed_eye_0095.jpg_face_1,cerrado,B15,146.3171,0.054832,14.4323,32.4007,100.0,7.7663,CRITICA,6.2945,0.284019,22.7306,77.8558,0.070219,0.108456,28.0611,97.7965,1,1,3278.688,nan
closed_eye_0095.jpg_face_1,cerrado,B25,146.3171,0.054832,24.4612,48.9111,98.6997,16.235,CRITICA,7.6769,0.498905,19.6384,66.5718,0.06443,0.078273,17.5043,42.7504,1,1,3593.245,nan
closed_eye_0095.jpg_face_1,cerrado,B40,146.3171,0.054832,39.5056,73.938,54.4881,26.3634,CRITICA,10.0753,0.700504,16.4243,49.4673,0.066434,0.056681,21.1594,3.3712,1,1,3865.481,nan
closed_eye_0097.jpg_face_4,cerrado,B5,113.304,0.02637,4.4424,12.9178,100.0,3.7693,CRITICA,7.0277,0.116393,29.4906,88.599,0.212558,nan,706.0724,nan,1,1,3020.235,nan
closed_eye_0097.jpg_face_4,cerrado,B10,113.304,0.02637,9.4404,19.3036,100.0,5.9262,CRITICA,7.5741,0.193572,27.9087,82.963,0.144457,0.2,447.8147,658.4477,1,1,4029.009,nan
closed_eye_0097.jpg_face_4,cerrado,B15,113.304,0.02637,14.4772,25.7502,100.0,8.6223,CRITICA,8.1878,0.293937,26.5541,77.2733,0.118573,0.151563,349.6586,474.7631,1,1,3411.805,nan
closed_eye_0097.jpg_face_4,cerrado,B25,113.304,0.02637,24.5026,42.932,99.7264,17.3068,CRITICA,10.0096,0.551095,21.9336,62.109,0.032734,0.076164,24.1362,188.8312,1,1,3484.321,nan
closed_eye_0097.jpg_face_4,cerrado,B40,113.304,0.02637,39.5265,66.2168,62.5855,28.0712,CRITICA,13.2086,0.793411,18.594,41.5582,0.035645,0.052199,35.1731,97.9494,1,1,3227.889,nan
closed_eye_0105.jpg_face_2,cerrado,B5,84.8034,0.07693,4.4653,15.0002,100.0,3.9121,CRITICA,10.8216,0.262995,27.2567,82.3118,0.156347,nan,103.2323,nan,1,1,1933.862,nan
closed_eye_0105.jpg_face_2,cerrado,B10,84.8034,0.07693,9.4702,22.3682,100.0,5.8244,CRITICA,11.7439,0.402781,25.5779,73.6235,0.115288,0.174315,49.8609,126.589,1,1,2377.556,nan
closed_eye_0105.jpg_face_2,cerrado,B15,84.8034,0.07693,14.442,28.8911,100.0,8.7895,CRITICA,12.7014,0.533346,24.2425,65.9316,0.114943,0.14994,49.4119,94.9046,1,1,2215.33,nan
closed_eye_0105.jpg_face_2,cerrado,B25,84.8034,0.07693,24.4948,48.899,91.4733,20.1268,CRITICA,16.4295,0.777189,19.0053,42.3384,0.072589,0.093105,5.6428,21.0251,1,1,2234.138,nan
closed_eye_0105.jpg_face_2,cerrado,B40,84.8034,0.07693,39.503,78.4295,55.561,32.7413,CRITICA,22.0411,0.786349,14.9158,7.5161,0.055204,0.086736,28.2409,12.7463,1,1,1914.975,nan
closed_eye_0139.jpg_face_1,cerrado,B5,124.8511,0.065564,4.3403,24.7426,100.0,5.2795,CRITICA,6.6667,0.100315,21.7092,80.1823,0.080836,nan,23.2924,nan,1,1,6706.908,nan
closed_eye_0139.jpg_face_1,cerrado,B10,124.8511,0.065564,9.2704,35.9926,99.6094,12.5835,CRITICA,7.6272,0.235646,19.1034,71.1716,0.054278,0.112436,17.2142,71.4898,1,1,6369.427,nan
closed_eye_0139.jpg_face_1,cerrado,B15,124.8511,0.065564,14.3932,46.6267,94.2708,20.1854,CRITICA,8.6915,0.410491,17.1849,62.6541,0.072987,0.09727,11.3213,48.3579,1,1,5359.056,nan
closed_eye_0139.jpg_face_1,cerrado,B25,124.8511,0.065564,24.6315,65.1315,63.1944,31.7593,CRITICA,10.7621,0.592743,14.9311,47.8327,0.06367,0.061301,2.89,6.5032,1,1,6402.049,nan
closed_eye_0139.jpg_face_1,cerrado,B40,124.8511,0.065564,39.4761,83.8733,44.3142,41.5813,BIEN,13.2406,0.69975,14.0285,32.8214,0.068093,0.055305,3.8575,15.6475,1,1,5149.331,nan
closed_eye_0142.jpg_face_1,cerrado,B5,137.3445,0.039781,4.5626,17.4881,100.0,6.1135,CRITICA,5.4729,0.109042,25.4702,87.267,0.073546,0.149974,84.8765,276.997,1,1,1183.992,nan
closed_eye_0142.jpg_face_1,cerrado,B10,137.3445,0.039781,9.5487,25.2107,100.0,10.1959,CRITICA,6.0186,0.171856,23.5551,81.6442,0.063226,0.120699,58.9333,203.4072,1,1,1108.402,nan
closed_eye_0142.jpg_face_1,cerrado,B15,137.3445,0.039781,14.5439,34.2896,99.9015,15.8311,CRITICA,6.7505,0.279152,21.3798,75.0339,0.060042,0.067346,50.93,69.2907,1,1,1200.192,nan
closed_eye_0142.jpg_face_1,cerrado,B25,137.3445,0.039781,24.553,54.4773,80.9038,28.739,CRITICA,8.5897,0.546714,17.3053,60.3353,0.051507,0.049171,29.4745,23.6028,1,1,1230.466,nan
closed_eye_0142.jpg_face_1,cerrado,B40,137.3445,0.039781,39.5509,76.8682,45.5771,42.8208,CRITICA,11.1589,0.72422,15.0742,44.0326,0.0648,0.053,62.89,33.2289,1,1,1160.766,nan
closed_eye_0151.jpg_face_1,cerrado,B5,81.4116,0.052451,4.5377,16.9475,100.0,4.9346,CRITICA,10.7187,0.28226,25.9589,79.1829,0.098774,nan,88.3142,nan,1,1,2129.925,nan
closed_eye_0151.jpg_face_1,cerrado,B10,81.4116,0.052451,9.4735,25.3688,100.0,7.9543,CRITICA,11.8079,0.436702,23.7492,68.8389,0.04742,0.107524,9.5928,104.9978,1,1,2049.6,nan
closed_eye_0151.jpg_face_1,cerrado,B15,81.4116,0.052451,14.5075,33.9617,99.8859,12.624,CRITICA,13.1869,0.601389,21.7102,58.284,0.048826,0.082218,6.9117,56.751,1,1,1532.567,nan
closed_eye_0151.jpg_face_1,cerrado,B25,81.4116,0.052451,24.4636,55.892,82.7657,25.215,CRITICA,17.7178,0.834196,17.0603,31.3464,0.042821,0.070573,18.3605,34.5487,1,1,2157.032,nan
closed_eye_0151.jpg_face_1,cerrado,B40,81.4116,0.052451,39.4701,83.8209,44.7863,38.8756,BIEN,21.662,0.813032,13.8963,2.9593,0.065305,0.057699,24.5062,10.0039,1,1,1844.678,nan
closed_eye_0151.jpg_face_2,cerrado,B5,92.7773,0.038325,4.5637,15.9621,100.0,4.1355,CRITICA,9.4971,0.229365,26.5764,82.7953,0.131647,0.199886,243.5013,421.5567,1,1,1500.15,nan
closed_eye_0151.jpg_face_2,cerrado,B10,92.7773,0.038325,9.4715,24.4066,100.0,6.3847,CRITICA,10.3819,0.372595,24.4266,73.6934,0.069304,0.129227,80.8328,237.1881,1,1,1661.13,nan
closed_eye_0151.jpg_face_2,cerrado,B15,92.7773,0.038325,14.4964,32.1577,99.9058,10.0334,CRITICA,11.4027,0.516844,22.6355,65.3388,0.070589,0.093641,84.1854,144.3333,1,1,1408.054,nan
closed_eye_0151.jpg_face_2,cerrado,B25,92.7773,0.038325,24.4939,52.5206,89.0877,20.6198,CRITICA,14.7149,0.778772,18.1762,43.3906,0.071282,0.063501,85.9933,65.6921,1,1,1498.352,nan
closed_eye_0151.jpg_face_2,cerrado,B40,92.7773,0.038325,39.4896,77.3931,54.3474,31.6945,CRITICA,19.5128,0.827687,15.2798,16.5818,0.065849,0.029697,71.817,22.5123,1,1,1595.405,nan
closed_eye_0161.jpg_face_1,cerrado,B5,77.1857,0.086532,4.4663,19.3191,100.0,8.7304,CRITICA,9.9078,0.335467,24.1077,74.9706,0.147128,0.241197,70.0283,178.738,1,1,655.523,nan
closed_eye_0161.jpg_face_1,cerrado,B10,77.1857,0.086532,9.4713,29.9717,99.6298,15.2396,CRITICA,11.2672,0.535434,21.1338,61.1694,0.085207,0.144363,1.5306,66.8328,1,1,602.192,nan
closed_eye_0161.jpg_face_1,cerrado,B15,77.1857,0.086532,14.4939,41.5981,91.6693,24.356,CRITICA,13.1699,0.715662,18.2506,46.1065,0.107236,0.111123,23.9266,28.4187,1,1,664.673,nan
closed_eye_0161.jpg_face_1,cerrado,B25,77.1857,0.086532,24.5184,65.5158,62.4723,41.2454,CRITICA,17.1538,0.846947,14.2819,15.1193,0.089213,0.094875,3.0981,9.6416,1,1,642.343,nan
closed_eye_0161.jpg_face_1,cerrado,B40,77.1857,0.086532,39.5288,87.7615,46.1008,54.7946,BIEN,18.0747,0.774551,12.7641,13.7018,0.140727,0.07738,62.6306,10.5756,1,1,697.35,nan
closed_eye_0162.jpg_face_1,cerrado,B5,170.1527,0.03802,4.5282,17.1004,100.0,4.7975,CRITICA,3.7543,0.104225,25.7001,89.95,0.07807,0.212289,105.3406,458.3662,1,1,2597.403,nan
closed_eye_0162.jpg_face_1,cerrado,B10,170.1527,0.03802,9.4887,26.7621,100.0,8.1219,CRITICA,4.2743,0.177082,22.9034,84.2717,0.06497,0.105222,70.8851,176.7552,1,1,2633.658,nan
closed_eye_0162.jpg_face_1,cerrado,B15,170.1527,0.03802,14.4002,35.4303,100.0,12.3027,CRITICA,4.7965,0.258396,20.9567,79.1773,0.049599,0.086822,30.4553,128.3606,1,1,2891.009,nan
closed_eye_0162.jpg_face_1,cerrado,B25,170.1527,0.03802,24.4842,59.3322,79.9449,24.3499,CRITICA,6.448,0.489257,16.2297,65.13,0.045264,0.059136,19.0543,55.5403,1,1,2652.52,nan
closed_eye_0162.jpg_face_1,cerrado,B40,170.1527,0.03802,39.4835,87.5699,38.2025,35.4619,BIEN,8.7939,0.674066,13.427,48.5345,0.045312,0.04524,19.1802,18.9899,1,1,2492.522,nan
closed_eye_0165.jpg_face_2,cerrado,B5,127.1762,0.092497,4.4297,17.4393,100.0,4.6897,CRITICA,6.4487,0.183505,25.6714,86.2873,0.185532,0.193373,100.5825,109.0599,1,1,1773.05,nan
closed_eye_0165.jpg_face_2,cerrado,B10,127.1762,0.092497,9.4339,24.9861,100.0,7.6669,CRITICA,7.0238,0.284818,23.7729,80.3532,0.14865,0.186082,60.7085,101.1772,1,1,1893.222,nan
closed_eye_0165.jpg_face_2,cerrado,B15,127.1762,0.092497,14.4981,33.8689,99.6836,12.8223,CRITICA,7.8022,0.409649,21.5532,73.3685,0.11546,0.149225,24.826,61.33,1,1,1677.29,nan
closed_eye_0165.jpg_face_2,cerrado,B25,127.1762,0.092497,24.5098,54.4378,86.8014,23.9314,CRITICA,9.8068,0.643008,17.4931,57.195,0.098852,0.116368,6.8716,25.8081,1,1,1705.03,nan
closed_eye_0165.jpg_face_2,cerrado,B40,127.1762,0.092497,39.4946,80.4568,48.4262,34.8754,BIEN,12.7548,0.774931,14.6843,36.736,0.093922,0.104143,1.5408,12.5915,1,1,1487.874,nan
closed_eye_0168.jpg_face_1,cerrado,B5,78.4385,0.063652,4.4891,18.2781,100.0,6.1407,CRITICA,11.0277,0.353822,25.0523,76.6976,0.085944,0.160087,35.0217,151.5033,1,1,1257.229,nan
closed_eye_0168.jpg_face_1,cerrado,B10,78.4385,0.063652,9.4169,27.0112,100.0,11.1695,CRITICA,12.2636,0.523283,22.559,65.5638,0.083249,0.12504,30.7874,96.4432,1,1,1443.001,nan
closed_eye_0168.jpg_face_1,cerrado,B15,78.4385,0.063652,14.5048,37.2215,97.0207,18.376,CRITICA,14.0204,0.689451,19.8918,52.5469,0.077989,0.104121,22.5237,63.5793,1,1,1327.669,nan
closed_eye_0168.jpg_face_1,cerrado,B25,78.4385,0.063652,24.4956,59.1794,73.9079,32.7382,CRITICA,18.5271,0.842722,15.8351,24.5532,0.076434,0.075961,20.0813,19.3383,1,1,1241.157,nan
closed_eye_0168.jpg_face_1,cerrado,B40,78.4385,0.063652,39.5419,85.3098,48.6957,46.9056,BIEN,19.3933,0.7667,13.2956,8.76,0.079383,0.068564,24.7144,7.7173,1,1,852.37,nan
closed_eye_0171.jpg_face_1,cerrado,B5,153.9087,0.032013,4.3588,17.2509,100.0,4.4704,CRITICA,5.052,0.110641,25.6196,88.7915,0.155948,nan,387.1419,nan,1,1,2543.235,nan
closed_eye_0171.jpg_face_1,cerrado,B10,153.9087,0.032013,9.5095,26.4243,100.0,7.6492,CRITICA,5.6423,0.191694,23.0695,82.8312,0.064973,0.164119,102.9609,412.6663,1,1,3059.039,nan
closed_eye_0171.jpg_face_1,cerrado,B15,153.9087,0.032013,14.459,36.1154,99.7002,12.4242,CRITICA,6.3314,0.299815,20.7212,76.5345,0.062567,0.128314,95.4447,300.8223,1,1,2461.235,nan
closed_eye_0171.jpg_face_1,cerrado,B25,153.9087,0.032013,24.4875,58.7206,82.2077,22.7724,CRITICA,8.1956,0.546453,16.5415,61.8471,0.018696,0.059986,41.5995,87.3818,1,1,2881.844,nan
closed_eye_0171.jpg_face_1,cerrado,B40,153.9087,0.032013,39.5007,82.9302,43.9693,31.1989,BIEN,10.6143,0.712793,14.4808,46.1173,0.021628,0.048746,32.4404,52.2689,1,1,2945.508,nan
closed_eye_0178.jpg_face_1,cerrado,B5,104.2226,0.135862,4.3444,17.5443,100.0,5.9848,CRITICA,8.5116,0.237305,25.3211,83.1665,0.159326,nan,17.2701,nan,1,1,3091.19,nan
closed_eye_0178.jpg_face_1,cerrado,B10,104.2226,0.135862,9.4695,27.0937,99.8293,12.1385,CRITICA,9.5363,0.384714,22.2885,74.004,0.146971,0.181785,8.1763,33.8005,1,1,3304.693,nan
closed_eye_0178.jpg_face_1,cerrado,B15,104.2226,0.135862,14.5047,37.9266,93.9263,20.5209,CRITICA,10.9072,0.547415,19.3388,63.61,0.132474,0.180027,2.4941,32.5065,1,1,2935.134,nan
closed_eye_0178.jpg_face_1,cerrado,B25,104.2226,0.135862,24.4668,59.4623,73.3872,32.5786,CRITICA,14.1446,0.766215,15.8786,42.9469,0.129953,0.157016,4.3497,15.5698,1,1,2850.627,nan
closed_eye_0178.jpg_face_1,cerrado,B40,104.2226,0.135862,39.4849,81.6037,50.1078,42.6671,BIEN,18.4222,0.821548,14.3254,21.7025,0.120971,0.136338,10.961,0.3502,1,1,3245.699,nan
closed_eye_0183.jpg_face_1,cerrado,B5,77.5475,0.041944,4.4831,19.0422,100.0,5.4606,CRITICA,10.9944,0.246061,24.5682,75.4444,0.120881,0.190759,188.1938,354.79,1,1,4135.65,nan
closed_eye_0183.jpg_face_1,cerrado,B10,77.5475,0.041944,9.4369,27.1753,100.0,10.7955,CRITICA,12.1542,0.393942,22.6937,64.9566,0.067209,0.104931,60.2337,150.1675,1,1,5339.028,nan
closed_eye_0183.jpg_face_1,cerrado,B15,77.5475,0.041944,14.4561,35.9861,99.9722,16.6395,CRITICA,13.7262,0.562962,20.6662,53.5948,0.057406,0.068315,36.8627,62.8712,1,1,4773.27,nan
closed_eye_0183.jpg_face_1,cerrado,B25,77.5475,0.041944,24.4692,54.6472,76.8333,28.877,CRITICA,17.8161,0.743768,17.3531,29.5306,0.038894,0.04764,7.2719,13.58,1,1,5045.409,nan
closed_eye_0183.jpg_face_1,cerrado,B40,77.5475,0.041944,39.4794,73.7064,49.4722,39.8086,CRITICA,23.0959,0.767653,16.1602,4.9532,0.056433,0.034267,34.5427,18.3026,1,1,4282.655,nan
closed_eye_0185.jpg_face_1,cerrado,B5,115.3764,0.027319,4.5548,16.6155,100.0,5.9204,CRITICA,6.737,0.148767,26.1961,85.5989,0.054829,0.184739,100.6984,576.2253,1,1,2437.241,nan
closed_eye_0185.jpg_face_1,cerrado,B10,115.3764,0.027319,9.5044,24.8419,100.0,9.9793,CRITICA,7.4018,0.245161,23.8571,78.4688,0.02709,0.062849,0.8387,130.0531,1,1,2286.76,nan
closed_eye_0185.jpg_face_1,cerrado,B15,115.3764,0.027319,14.5181,34.1186,99.3573,16.1056,CRITICA,8.3178,0.377766,21.3641,70.4284,0.02827,0.064518,3.4787,136.1624,1,1,1851.852,nan
closed_eye_0185.jpg_face_1,cerrado,B25,115.3764,0.027319,24.5555,57.1559,75.1743,31.2441,CRITICA,10.8728,0.649476,16.5305,50.4613,0.037599,0.029391,37.6293,7.5855,1,1,2365.744,nan
closed_eye_0185.jpg_face_1,cerrado,B40,115.3764,0.027319,39.5572,82.8414,41.171,45.342,BIEN,14.5262,0.786064,14.0146,28.199,0.02818,0.0235,3.1517,13.9791,1,1,2010.05,nan
closed_eye_0189.jpg_face_1,cerrado,B5,141.9917,0.1466,4.4721,16.6366,100.0,5.3492,CRITICA,4.9544,0.137663,26.1686,88.2834,0.205894,nan,40.4463,nan,1,1,2413.127,nan
closed_eye_0189.jpg_face_1,cerrado,B10,141.9917,0.1466,9.4856,24.7844,100.0,9.1925,CRITICA,5.493,0.218883,23.9328,82.5452,0.226204,nan,54.3003,nan,1,1,2715.915,nan
closed_eye_0189.jpg_face_1,cerrado,B15,141.9917,0.1466,14.4945,34.7607,99.8758,15.7599,CRITICA,6.2655,0.335106,21.0847,75.5192,0.209716,0.207375,43.0531,41.4566,1,1,2581.978,nan
closed_eye_0189.jpg_face_1,cerrado,B25,141.9917,0.1466,24.5084,58.4037,72.8468,30.1293,CRITICA,8.335,0.578422,16.3242,58.8682,0.180436,0.176966,23.0803,20.7132,1,1,2365.744,nan
closed_eye_0189.jpg_face_1,cerrado,B40,141.9917,0.1466,39.502,84.0405,45.1311,42.133,BIEN,11.1097,0.75889,14.0211,40.8131,0.152497,0.147838,4.0226,0.8441,1,1,1755.926,nan
closed_eye_0191.jpg_face_1,cerrado,B5,126.7679,0.094616,4.4954,15.9191,100.0,3.7653,CRITICA,6.8381,0.19036,26.6188,87.4423,0.21042,nan,122.394,nan,1,1,669.523,nan
closed_eye_0191.jpg_face_1,cerrado,B10,126.7679,0.094616,9.4457,24.2404,100.0,5.3157,CRITICA,7.4487,0.298649,24.5065,80.8781,0.135399,0.195727,43.1037,106.8652,1,1,650.745,nan
closed_eye_0191.jpg_face_1,cerrado,B15,126.7679,0.094616,14.4246,31.3731,100.0,8.0932,CRITICA,8.074,0.395802,23.0827,75.2515,0.141963,0.206377,50.0419,118.1215,1,1,662.647,nan
closed_eye_0191.jpg_face_1,cerrado,B25,126.7679,0.094616,24.5017,51.2236,95.1048,17.0878,CRITICA,10.0628,0.633532,18.7298,59.5926,0.132077,0.171016,39.5932,80.7482,1,1,605.254,nan
closed_eye_0191.jpg_face_1,cerrado,B40,126.7679,0.094616,39.5104,76.7119,53.605,27.4507,CRITICA,13.001,0.784409,15.5087,39.4863,0.127055,0.120326,34.2856,27.1733,1,1,734.484,nan
closed_eye_0192.jpg_face_1,cerrado,B5,93.2502,0.061993,4.5649,17.1047,100.0,4.7231,CRITICA,9.398,0.333371,25.8205,81.6572,0.132675,0.178283,114.0158,187.5843,1,1,688.231,nan
closed_eye_0192.jpg_face_1,cerrado,B10,93.2502,0.061993,9.4243,26.0815,100.0,8.0667,CRITICA,10.3467,0.479137,23.3907,72.0307,0.057311,0.116368,7.5533,87.71,1,1,506.022,nan
closed_eye_0192.jpg_face_1,cerrado,B15,93.2502,0.061993,14.4532,34.8769,99.9914,12.4418,CRITICA,11.5216,0.608674,21.3394,62.5985,0.05173,0.097444,16.5558,57.1849,1,1,587.13,nan
closed_eye_0192.jpg_face_1,cerrado,B25,93.2502,0.061993,24.4715,57.6736,80.0491,25.3848,CRITICA,15.3362,0.814468,16.701,38.1517,0.065008,0.079655,4.8632,28.4898,1,1,534.359,nan
closed_eye_0192.jpg_face_1,cerrado,B40,93.2502,0.061993,39.49,83.7501,42.1905,37.9765,BIEN,20.151,0.850005,14.0084,10.1877,0.075026,0.079242,21.0231,27.8237,1,1,646.538,nan
closed_eye_0195.jpg_face_1,cerrado,B5,101.2213,0.071417,4.4245,15.4663,100.0,4.0462,CRITICA,9.1643,0.253331,27.0756,84.7203,0.086233,nan,20.7461,nan,1,1,1526.252,nan
closed_eye_0195.jpg_face_1,cerrado,B10,101.2213,0.071417,9.3965,22.3902,100.0,5.8057,CRITICA,9.8342,0.370128,25.4272,77.8799,0.058562,0.127024,17.9997,77.8624,1,1,1536.334,nan
closed_eye_0195.jpg_face_1,cerrado,B15,101.2213,0.071417,14.4174,29.6491,99.9728,9.0229,CRITICA,10.7056,0.49326,23.7049,70.7087,0.067276,0.115881,5.7991,62.2598,1,1,1313.715,nan
closed_eye_0195.jpg_face_1,cerrado,B25,101.2213,0.071417,24.5405,48.2705,96.5932,17.5517,CRITICA,13.2649,0.721214,19.7309,52.3119,0.068509,0.094513,4.0721,32.3401,1,1,1487.874,nan
closed_eye_0195.jpg_face_1,cerrado,B40,101.2213,0.071417,39.5033,70.8086,60.6555,26.96,CRITICA,17.3771,0.822413,17.1501,30.0457,0.072786,0.080957,1.9174,13.3574,1,1,1482.14,nan
closed_eye_0209.jpg_face_1,cerrado,B5,187.6045,0.068434,4.5001,16.8114,100.0,4.5841,CRITICA,2.9842,0.128697,26.0062,91.0389,0.088486,nan,29.3015,nan,1,1,905.961,nan
closed_eye_0209.jpg_face_1,cerrado,B10,187.6045,0.068434,9.4944,24.1032,100.0,7.005,CRITICA,3.3443,0.187019,24.3155,87.1521,0.076438,0.150923,11.6965,120.5374,1,1,930.319,nan
closed_eye_0209.jpg_face_1,cerrado,B15,187.6045,0.068434,14.4884,31.6617,100.0,10.2111,CRITICA,3.7336,0.253767,22.647,83.1232,0.061629,0.1216,9.9435,77.6892,1,1,807.298,nan
closed_eye_0209.jpg_face_1,cerrado,B25,187.6045,0.068434,24.4622,49.7214,94.6136,18.6694,CRITICA,4.7663,0.417346,18.8886,73.4967,0.052231,0.094252,23.6766,37.7265,1,1,701.311,nan
closed_eye_0209.jpg_face_1,cerrado,B40,187.6045,0.068434,39.4969,73.8548,56.2349,28.4144,CRITICA,6.3484,0.612735,16.0659,60.6327,0.043985,0.066334,35.7259,3.0686,1,1,911.494,nan
closed_eye_0212.jpg_face_1,cerrado,B5,155.0625,0.02427,4.2594,17.3681,100.0,4.7201,CRITICA,4.6437,0.145801,25.668,88.7993,0.098382,nan,305.3597,nan,1,1,1895.375,nan
closed_eye_0212.jpg_face_1,cerrado,B10,155.0625,0.02427,9.5267,24.6488,100.0,6.9661,CRITICA,5.1009,0.211223,24.0563,84.1039,0.070575,0.132004,190.789,443.8914,1,1,2313.744,nan
closed_eye_0212.jpg_face_1,cerrado,B15,155.0625,0.02427,14.4334,32.851,100.0,11.7969,CRITICA,5.6683,0.29729,22.0869,78.8144,0.053404,0.123882,120.0387,410.4262,1,1,2199.252,nan
closed_eye_0212.jpg_face_1,cerrado,B25,155.0625,0.02427,24.4438,54.6185,84.9537,23.6003,CRITICA,7.3029,0.509241,17.4861,64.7764,0.045374,0.069225,86.9538,185.2267,1,1,2197.319,nan
closed_eye_0212.jpg_face_1,cerrado,B40,155.0625,0.02427,39.4643,80.1252,43.6873,36.2168,BIEN,9.594,0.664777,14.6553,48.3271,0.035341,0.048664,45.6136,100.5108,1,1,2107.482,nan
closed_eye_0228.jpg_face_2,cerrado,B5,140.9694,0.05744,4.3818,17.4181,100.0,4.7206,CRITICA,5.4528,0.110188,25.496,87.644,0.159253,0.207139,177.249,260.615,1,1,2849.003,nan
closed_eye_0228.jpg_face_2,cerrado,B10,140.9694,0.05744,9.4851,26.2941,100.0,8.1675,CRITICA,6.0569,0.197954,23.1097,81.3477,0.137314,0.170541,139.0544,196.9006,1,1,2334.812,nan
closed_eye_0228.jpg_face_2,cerrado,B15,140.9694,0.05744,14.4725,36.4705,99.6033,13.5122,CRITICA,6.846,0.322392,20.5869,74.1288,0.099321,0.159404,72.9113,177.5124,1,1,2664.535,nan
closed_eye_0228.jpg_face_2,cerrado,B25,140.9694,0.05744,24.5068,62.7798,72.8928,28.7446,CRITICA,9.2686,0.623484,15.3308,55.4657,0.073521,0.135462,27.9947,135.8309,1,1,2632.272,nan
closed_eye_0228.jpg_face_2,cerrado,B40,140.9694,0.05744,39.4967,91.2979,36.0237,40.5559,BIEN,12.6259,0.793965,12.7302,35.2357,0.077101,0.109069,34.2278,89.8828,1,1,2230.649,nan
closed_eye_0238.jpg_face_2,cerrado,B5,123.6293,0.057296,4.4794,15.4822,100.0,3.6186,CRITICA,7.1183,0.173245,26.9673,87.4769,0.14248,nan,148.6742,nan,1,1,1781.896,nan
closed_eye_0238.jpg_face_2,cerrado,B10,123.6293,0.057296,9.5339,23.0132,100.0,5.3529,CRITICA,7.7062,0.272436,25.2244,81.3853,0.099484,nan,73.6329,nan,1,1,1798.561,nan
closed_eye_0238.jpg_face_2,cerrado,B15,123.6293,0.057296,14.4578,29.498,100.0,8.1563,CRITICA,8.2899,0.364085,24.0348,76.1399,0.103307,0.170953,80.3047,198.369,1,1,1727.116,nan
closed_eye_0238.jpg_face_2,cerrado,B25,123.6293,0.057296,24.5051,47.1124,94.7608,17.4512,CRITICA,10.117,0.597963,19.7922,61.8922,0.090024,0.096986,57.1223,69.2733,1,1,1867.762,nan
closed_eye_0238.jpg_face_2,cerrado,B40,123.6293,0.057296,39.4937,72.5489,66.1736,27.0976,CRITICA,13.2246,0.766381,16.2997,41.3174,0.064614,0.074259,12.7735,29.6061,1,1,1983.733,nan
closed_eye_0241.jpg_face_1,cerrado,B5,128.7318,0.078336,4.5607,13.7733,100.0,2.7066,CRITICA,6.668,0.145282,28.35,89.3008,nan,nan,nan,nan,1,0,2308.403,nan
closed_eye_0241.jpg_face_1,cerrado,B10,128.7318,0.078336,9.4131,21.2331,100.0,3.6218,CRITICA,7.189,0.229986,26.5714,83.5059,0.143838,nan,83.6168,nan,1,1,2467.917,nan
closed_eye_0241.jpg_face_1,cerrado,B15,128.7318,0.078336,14.4731,26.5811,100.0,5.1436,CRITICA,7.6335,0.308083,26.0559,79.3516,0.07505,0.148969,4.1944,90.1664,1,1,2628.812,nan
closed_eye_0241.jpg_face_1,cerrado,B25,128.7318,0.078336,24.4744,43.1208,99.5882,12.2,CRITICA,9.1871,0.539072,21.6462,66.5034,0.072174,0.109694,7.8664,40.0295,1,1,2208.968,nan
closed_eye_0241.jpg_face_1,cerrado,B40,128.7318,0.078336,39.4784,69.4819,71.4753,20.6023,CRITICA,12.1025,0.730756,17.4256,46.0258,0.071747,0.081976,8.4117,4.6465,1,1,2017.349,nan
closed_eye_0243.jpg_face_1,cerrado,B5,126.6932,0.087037,4.3383,15.6795,100.0,3.7723,CRITICA,6.5959,0.139035,26.8603,87.6241,0.16386,nan,88.2653,nan,1,1,2720.348,nan
closed_eye_0243.jpg_face_1,cerrado,B10,126.6932,0.087037,9.4412,23.9182,100.0,5.3624,CRITICA,7.221,0.23039,24.6398,81.1212,0.099409,0.135986,14.2154,56.2397,1,1,3208.213,nan
closed_eye_0243.jpg_face_1,cerrado,B15,126.6932,0.087037,14.4715,32.2699,100.0,8.6209,CRITICA,7.9404,0.34741,22.6317,74.5291,0.092616,0.122126,6.4106,40.3157,1,1,2846.57,nan
closed_eye_0243.jpg_face_1,cerrado,B25,126.6932,0.087037,24.4896,53.2867,94.1476,17.0361,CRITICA,10.0126,0.618449,18.2915,57.9404,0.080765,0.093464,7.2057,7.3849,1,1,2622.607,nan
closed_eye_0243.jpg_face_1,cerrado,B40,126.6932,0.087037,39.4666,79.0257,46.1816,27.2467,CRITICA,13.4051,0.791146,15.4168,37.6244,0.081995,0.088585,5.7931,1.7793,1,1,2727.025,nan
closed_eye_0243.jpg_face_2,cerrado,B5,128.6769,0.065808,4.3892,15.7918,100.0,3.8326,CRITICA,6.5951,0.141223,26.7506,87.7276,0.178409,nan,171.1046,nan,1,1,3411.805,nan
closed_eye_0243.jpg_face_2,cerrado,B10,128.6769,0.065808,9.4478,23.8939,100.0,5.4608,CRITICA,7.2017,0.234328,24.7438,81.4311,0.152082,0.202212,131.0997,207.2749,1,1,3519.887,nan
closed_eye_0243.jpg_face_2,cerrado,B15,128.6769,0.065808,14.4694,32.2996,100.0,8.3193,CRITICA,7.9177,0.351146,22.717,74.8987,0.124066,0.182408,88.5265,177.1816,1,1,2841.716,nan
closed_eye_0243.jpg_face_2,cerrado,B25,128.6769,0.065808,24.4842,53.9432,93.0721,18.0393,CRITICA,10.1378,0.623389,18.0841,58.0786,0.112288,0.133527,70.63,102.9035,1,1,3110.42,nan
closed_eye_0243.jpg_face_2,cerrado,B40,128.6769,0.065808,39.515,77.5366,44.22,27.4469,CRITICA,13.2681,0.790058,15.7562,39.7432,0.107714,0.111878,63.6796,70.0069,1,1,3653.636,nan
closed_eye_0248.jpg_face_1,cerrado,B5,117.0341,0.088974,4.4266,18.2522,100.0,7.6885,CRITICA,6.4286,0.315783,24.8339,84.4044,0.167012,0.194348,87.7074,118.4309,1,1,558.971,nan
closed_eye_0248.jpg_face_1,cerrado,B10,117.0341,0.088974,9.5105,27.6699,100.0,13.0593,CRITICA,7.201,0.442139,22.2046,76.3574,0.111212,0.137949,24.9934,55.043,1,1,596.019,nan
closed_eye_0248.jpg_face_1,cerrado,B15,117.0341,0.088974,14.5081,38.7605,98.0566,22.3029,CRITICA,8.349,0.568533,19.2297,66.881,0.108023,0.113872,21.4095,27.9829,1,1,507.588,nan
closed_eye_0248.jpg_face_1,cerrado,B25,117.0341,0.088974,24.4958,59.7974,64.3745,37.4805,CRITICA,10.7485,0.733627,15.6221,48.906,0.125674,0.109394,41.2474,22.9504,1,1,639.836,nan
closed_eye_0248.jpg_face_1,cerrado,B40,117.0341,0.088974,39.5135,79.9416,47.7135,50.5338,CRITICA,13.6685,0.82529,14.2957,31.6938,0.178925,0.082459,101.0971,7.3226,1,1,595.77,nan
closed_eye_0249.JPG_face_1,cerrado,B5,129.7765,0.081528,4.522,21.9547,100.0,4.8158,CRITICA,6.2305,0.126627,23.1368,83.0827,0.188606,nan,131.3396,nan,1,1,4568.296,nan
closed_eye_0249.JPG_face_1,cerrado,B10,129.7765,0.081528,9.4783,29.2043,100.0,8.9166,CRITICA,6.8155,0.2182,21.8758,77.4965,nan,nan,nan,nan,1,0,4755.112,nan
closed_eye_0249.JPG_face_1,cerrado,B15,129.7765,0.081528,14.443,37.9587,99.8347,14.983,CRITICA,7.6252,0.362915,20.0006,70.7507,nan,0.113541,nan,39.2664,1,0,4228.33,nan
closed_eye_0249.JPG_face_1,cerrado,B25,129.7765,0.081528,24.4889,55.8922,78.1818,26.3526,CRITICA,9.4254,0.588331,16.9972,56.9319,0.088091,0.14242,8.0503,74.6888,1,1,5564.83,nan
closed_eye_0249.JPG_face_1,cerrado,B40,129.7765,0.081528,39.5058,77.6387,51.2066,36.6891,CRITICA,11.9656,0.726976,15.143,40.1751,0.089946,nan,10.3253,nan,1,1,4812.319,nan
closed_eye_0251.jpg_face_1,cerrado,B5,132.4035,0.114122,4.4007,17.0404,100.0,4.4573,CRITICA,6.2582,0.150728,25.8702,87.13,0.095108,0.1586,16.6611,38.9739,1,1,993.641,nan
closed_eye_0251.jpg_face_1,cerrado,B10,132.4035,0.114122,9.5277,24.6473,100.0,7.3501,CRITICA,6.8359,0.230265,24.1193,81.3847,0.088437,0.157381,22.5067,37.9064,1,1,1236.705,nan
closed_eye_0251.jpg_face_1,cerrado,B15,132.4035,0.114122,14.537,32.5291,100.0,11.0737,CRITICA,7.4852,0.333874,22.3082,75.4319,0.089443,0.120842,21.6255,5.8884,1,1,1081.432,nan
closed_eye_0251.jpg_face_1,cerrado,B25,132.4035,0.114122,24.5321,54.666,86.2079,22.9405,CRITICA,9.5757,0.590773,17.485,58.7126,0.074233,0.110319,34.9532,3.3319,1,1,1069.519,nan
closed_eye_0251.jpg_face_1,cerrado,B40,132.4035,0.114122,39.494,79.0488,47.9914,33.9486,CRITICA,12.4631,0.749133,14.9684,40.2971,0.095471,0.087618,16.3432,23.2239,1,1,1162.25,nan
closed_eye_0260.jpg_face_1,cerrado,B5,204.5392,0.037491,4.401,16.2961,100.0,4.2017,CRITICA,2.4187,0.086421,26.2555,92.0328,0.137278,nan,266.1618,nan,1,1,1703.287,nan
closed_eye_0260.jpg_face_1,cerrado,B10,204.5392,0.037491,9.4784,25.3415,100.0,5.9691,CRITICA,2.8409,0.143282,23.7179,87.6105,nan,0.120081,nan,220.2917,1,0,1661.13,nan
closed_eye_0260.jpg_face_1,cerrado,B15,204.5392,0.037491,14.4149,31.9318,100.0,7.7043,CRITICA,3.1524,0.193656,22.8597,84.3884,0.049023,0.094852,30.7587,152.9993,1,1,1590.584,nan
closed_eye_0260.jpg_face_1,cerrado,B25,204.5392,0.037491,24.5066,50.153,96.9698,15.1907,CRITICA,4.1435,0.357028,19.135,75.48,0.064298,0.058589,71.5023,56.2744,1,1,1488.76,nan
closed_eye_0260.jpg_face_1,cerrado,B40,204.5392,0.037491,39.4444,73.6211,58.1761,22.7199,CRITICA,5.5396,0.536518,16.521,64.0064,0.048516,0.051181,29.4073,36.5147,1,1,1779.676,nan
closed_eye_0261.jpg_face_1,cerrado,B5,170.5944,0.037971,4.4316,16.0576,100.0,4.3323,CRITICA,4.1659,0.097498,26.4365,90.5873,0.077865,0.209702,105.0629,452.266,1,1,1406.866,nan
closed_eye_0261.jpg_face_1,cerrado,B10,170.5944,0.037971,9.4187,24.5149,100.0,5.8241,CRITICA,4.6413,0.160212,24.1992,85.6297,0.045976,0.116715,21.0809,207.3785,1,1,1408.451,nan
closed_eye_0261.jpg_face_1,cerrado,B15,170.5944,0.037971,14.3897,31.5384,100.0,8.3779,CRITICA,5.0659,0.227357,22.9455,81.5126,0.04157,0.094769,9.4782,149.5805,1,1,1523.461,nan
closed_eye_0261.jpg_face_1,cerrado,B25,170.5944,0.037971,24.494,51.726,94.2365,17.2946,CRITICA,6.4626,0.453365,18.5433,69.6789,0.039672,0.051392,4.4783,35.3452,1,1,1335.827,nan
closed_eye_0261.jpg_face_1,cerrado,B40,170.5944,0.037971,39.4731,75.5529,54.0033,27.3339,CRITICA,8.3802,0.650046,15.7878,55.712,0.049804,0.043343,31.1637,14.1465,1,1,1613.945,nan
closed_eye_0271.jpg_face_1,cerrado,B5,201.4902,0.046168,4.3802,15.5897,100.0,3.2062,CRITICA,2.5749,0.134559,26.908,92.2628,0.140441,nan,204.1936,nan,1,1,530.363,nan
closed_eye_0271.jpg_face_1,cerrado,B10,201.4902,0.046168,9.3364,22.1919,100.0,4.8606,CRITICA,2.8761,0.193799,25.6125,88.9861,0.078821,nan,70.7252,nan,1,1,483.372,nan
closed_eye_0271.jpg_face_1,cerrado,B15,201.4902,0.046168,14.4294,27.9049,100.0,7.2293,CRITICA,3.1607,0.242414,24.7807,86.1507,0.05714,0.138907,23.7645,200.8724,1,1,567.344,nan
closed_eye_0271.jpg_face_1,cerrado,B25,201.4902,0.046168,24.5103,45.17,99.4268,14.6319,CRITICA,4.0524,0.387809,20.6747,77.5821,0.057876,0.083174,25.3582,80.1534,1,1,535.389,nan
closed_eye_0271.jpg_face_1,cerrado,B40,201.4902,0.046168,39.5508,67.5064,73.3675,22.5884,CRITICA,5.3493,0.551907,17.8414,66.4964,0.052864,0.075468,14.5025,63.4624,1,1,526.233,nan
closed_eye_0272.jpg_face_1,cerrado,B5,196.8279,0.068621,4.3827,14.88,100.0,3.5756,CRITICA,2.7989,0.139187,27.3434,92.4401,nan,nan,nan,nan,1,0,351.074,nan
closed_eye_0272.jpg_face_1,cerrado,B10,196.8279,0.068621,9.1546,21.5486,100.0,4.6301,CRITICA,3.1017,0.203059,25.8936,89.0521,nan,nan,nan,nan,1,0,403.291,nan
closed_eye_0272.jpg_face_1,cerrado,B15,196.8279,0.068621,14.57,27.8245,100.0,6.4288,CRITICA,3.4264,0.26027,25.0245,85.8635,nan,0.137312,nan,100.1017,1,0,325.15,nan
closed_eye_0272.jpg_face_1,cerrado,B25,196.8279,0.068621,24.496,43.2213,99.9998,12.2021,CRITICA,4.2425,0.398849,21.5306,78.0411,nan,0.091726,nan,33.67,1,0,371.554,nan
closed_eye_0272.jpg_face_1,cerrado,B40,196.8279,0.068621,39.5659,64.8433,78.5586,18.8052,CRITICA,5.5089,0.559428,18.749,67.0558,0.062794,0.064161,8.4912,6.4995,1,1,364.392,nan
closed_eye_0282.jpg_face_1,cerrado,B5,170.0237,0.098176,4.3395,16.4335,100.0,4.598,CRITICA,3.8315,0.160075,26.1514,90.3346,0.131466,nan,33.9078,nan,1,1,676.361,nan
closed_eye_0282.jpg_face_1,cerrado,B10,170.0237,0.098176,9.3934,22.5006,100.0,6.8328,CRITICA,4.1774,0.214706,25.3289,86.7662,0.094338,0.181811,3.9101,85.1883,1,1,823.723,nan
closed_eye_0282.jpg_face_1,cerrado,B15,170.0237,0.098176,14.5174,29.8144,100.0,9.7784,CRITICA,4.6143,0.2884,23.8182,82.4646,0.076448,0.132636,22.1321,35.0999,1,1,724.48,nan
closed_eye_0282.jpg_face_1,cerrado,B25,170.0237,0.098176,24.4498,48.6113,94.1391,20.3959,CRITICA,5.8992,0.469169,19.3107,71.4091,0.092529,0.100958,5.7526,2.8331,1,1,810.11,nan
closed_eye_0282.jpg_face_1,cerrado,B40,170.0237,0.098176,39.4755,70.5817,55.4663,30.058,CRITICA,7.6074,0.640785,16.8981,58.4871,0.098773,0.095473,0.6074,2.7535,1,1,700.378,nan
closed_eye_0288.jpg_face_1,cerrado,B5,157.2491,0.025711,4.4028,16.8256,100.0,5.5137,CRITICA,4.1895,0.190889,25.8856,89.3001,0.045217,nan,75.8622,nan,1,1,772.201,nan
closed_eye_0288.jpg_face_1,cerrado,B10,157.2491,0.025711,9.3861,22.9341,100.0,8.3065,CRITICA,4.5465,0.248059,24.8805,85.4154,0.045678,0.06704,77.656,160.7381,1,1,803.536,nan
closed_eye_0288.jpg_face_1,cerrado,B15,157.2491,0.025711,14.5145,30.4234,100.0,12.1663,CRITICA,5.0317,0.321278,23.2594,80.6527,0.04886,0.076152,90.031,196.1778,1,1,777.001,nan
closed_eye_0288.jpg_face_1,cerrado,B25,157.2491,0.025711,24.5248,48.2566,94.9986,22.3224,CRITICA,6.2812,0.479892,19.3528,69.312,0.042254,0.052664,64.3381,104.8285,1,1,718.133,nan
closed_eye_0288.jpg_face_1,cerrado,B40,157.2491,0.025711,39.5432,69.9615,54.8685,33.6916,CRITICA,8.043,0.630119,16.9397,55.5091,0.047012,0.047106,82.8456,83.2113,1,1,613.309,nan
closed_eye_0296.jpg_face_3,cerrado,B5,154.2362,0.06445,4.319,16.8667,100.0,3.8701,CRITICA,4.7522,0.087973,25.8873,89.0644,0.189731,nan,194.3852,nan,1,1,2298.851,nan
closed_eye_0296.jpg_face_3,cerrado,B10,154.2362,0.06445,9.4725,23.7866,100.0,5.7809,CRITICA,5.1834,0.143923,24.6088,84.5778,0.086726,nan,34.5627,nan,1,1,4782.4,nan
closed_eye_0296.jpg_face_3,cerrado,B15,154.2362,0.06445,14.4596,30.9199,100.0,8.8687,CRITICA,5.6425,0.222563,23.3218,79.9529,0.064281,0.122134,0.2619,89.5019,1,1,5760.368,nan
closed_eye_0296.jpg_face_3,cerrado,B25,154.2362,0.06445,24.4203,49.0787,98.1994,16.7078,CRITICA,7.0101,0.448198,19.5276,68.1795,0.079776,0.089069,23.779,38.1984,1,1,5271.482,nan
closed_eye_0296.jpg_face_3,cerrado,B40,154.2362,0.06445,39.5214,70.6791,55.5227,25.6419,CRITICA,8.8893,0.645847,17.2857,54.1748,0.084769,0.078242,31.527,21.3993,1,1,4458.315,nan
closed_eye_0312.jpg_face_2,cerrado,B5,136.6702,0.057643,4.3748,18.6611,100.0,6.2454,CRITICA,5.7693,0.212363,24.6845,86.3459,0.084155,0.167254,45.993,190.1526,1,1,861.475,nan
closed_eye_0312.jpg_face_2,cerrado,B10,136.6702,0.057643,9.4963,27.7158,100.0,10.2642,CRITICA,6.4292,0.308909,22.3524,79.7207,0.053327,0.108066,7.4883,87.4739,1,1,917.095,nan
closed_eye_0312.jpg_face_2,cerrado,B15,136.6702,0.057643,14.4835,37.3269,99.9839,15.9397,CRITICA,7.2236,0.420345,20.1253,72.6884,0.049541,0.110505,14.0555,91.7045,1,1,900.901,nan
closed_eye_0312.jpg_face_2,cerrado,B25,136.6702,0.057643,24.4889,61.2563,68.6988,30.0331,CRITICA,9.5072,0.646301,15.6965,55.1794,0.057344,0.075999,0.5195,31.8423,1,1,660.939,nan
closed_eye_0312.jpg_face_2,cerrado,B40,136.6702,0.057643,39.4796,84.125,40.9928,42.4924,BIEN,12.1811,0.768756,13.7624,38.4467,0.060714,0.068793,5.3275,19.3431,1,1,903.914,nan
closed_eye_0334.BMP_face_1,cerrado,B5,143.2184,0.080599,4.4568,16.9584,100.0,7.0809,CRITICA,4.4037,0.198717,25.7087,88.159,0.109697,0.205163,36.1025,154.549,1,1,884.173,nan
closed_eye_0334.BMP_face_1,cerrado,B10,143.2184,0.080599,9.4948,24.4152,100.0,11.8873,CRITICA,4.8878,0.270756,23.8374,82.9525,0.082952,0.143675,2.9197,78.2596,1,1,947.149,nan
closed_eye_0334.BMP_face_1,cerrado,B15,143.2184,0.080599,14.5218,34.0449,99.9548,18.8919,CRITICA,5.5985,0.36324,21.1275,76.2287,0.081464,0.114991,1.0736,42.6707,1,1,786.535,nan
closed_eye_0334.BMP_face_1,cerrado,B25,143.2184,0.080599,24.5586,52.3322,78.3081,31.6507,CRITICA,7.0444,0.517223,17.682,63.4599,0.091549,0.094482,13.5861,17.226,1,1,885.661,nan
closed_eye_0334.BMP_face_1,cerrado,B40,143.2184,0.080599,39.5506,72.9498,47.2974,45.3297,CRITICA,8.9802,0.635889,15.8393,49.0639,0.083244,0.092258,3.2826,14.466,1,1,701.607,nan
closed_eye_0335.jpg_face_1,cerrado,B5,166.9147,0.137731,4.3451,19.568,100.0,5.5444,CRITICA,3.8785,0.077076,24.1751,88.2766,0.236303,nan,71.569,nan,1,1,3080.715,nan
closed_eye_0335.jpg_face_1,cerrado,B10,166.9147,0.137731,9.589,27.491,100.0,8.0681,CRITICA,4.3366,0.12727,22.705,83.5299,0.166248,nan,20.7054,nan,1,1,3173.596,nan
closed_eye_0335.jpg_face_1,cerrado,B15,166.9147,0.137731,14.4996,35.9553,100.0,12.289,CRITICA,4.8711,0.211135,21.0214,78.4589,0.16687,nan,21.157,nan,1,1,3933.91,nan
closed_eye_0335.jpg_face_1,cerrado,B25,166.9147,0.137731,24.4742,56.9953,81.985,25.0394,CRITICA,6.3166,0.449913,16.7791,65.8537,0.11379,nan,17.3819,nan,1,1,4000.0,nan
closed_eye_0335.jpg_face_1,cerrado,B40,166.9147,0.137731,39.5194,81.4798,41.8227,35.2696,BIEN,8.3291,0.65285,14.53,51.1848,0.111099,0.145713,19.3361,5.7958,1,1,3556.188,nan
closed_eye_0341.jpg_face_2,cerrado,B5,123.898,0.108515,4.3864,23.253,100.0,4.3699,CRITICA,6.595,0.119969,22.4879,81.2321,0.211986,nan,95.3521,nan,1,1,3972.984,nan
closed_eye_0341.jpg_face_2,cerrado,B10,123.898,0.108515,9.4379,32.6904,100.0,10.5678,CRITICA,7.3959,0.249728,20.3778,73.6151,0.240974,nan,122.0652,nan,1,1,7042.253,nan
closed_eye_0341.jpg_face_2,cerrado,B15,123.898,0.108515,14.5025,43.1258,98.7879,16.8857,CRITICA,8.3402,0.411506,18.3042,65.1925,0.187621,0.209598,72.8984,93.1513,1,1,7062.147,nan
closed_eye_0341.jpg_face_2,cerrado,B25,123.898,0.108515,24.4707,63.3854,68.2828,30.7247,CRITICA,10.4692,0.59538,15.1366,48.8407,0.153197,0.200267,41.1761,84.5526,1,1,5216.485,nan
closed_eye_0341.jpg_face_2,cerrado,B40,123.898,0.108515,39.5086,81.1778,48.2828,42.3038,BIEN,12.8109,0.663769,14.1807,34.4801,0.161603,0.174897,48.9227,61.1728,1,1,3776.435,nan
closed_eye_0342.jpg_face_2,cerrado,B5,144.0439,0.047956,4.2458,15.3016,100.0,4.2031,CRITICA,5.4068,0.11314,27.0765,89.3772,nan,nan,nan,nan,1,0,2082.899,nan
closed_eye_0342.jpg_face_2,cerrado,B10,144.0439,0.047956,9.5305,22.5468,100.0,5.7599,CRITICA,5.8869,0.180004,25.4009,84.3473,0.136744,nan,185.1455,nan,1,1,2338.634,nan
closed_eye_0342.jpg_face_2,cerrado,B15,144.0439,0.047956,14.4675,31.1245,100.0,9.6147,CRITICA,6.5113,0.289904,23.0323,78.3924,0.092627,0.166973,93.1493,248.18,1,1,1838.573,nan
closed_eye_0342.jpg_face_2,cerrado,B25,144.0439,0.047956,24.4825,53.677,89.1736,21.1178,CRITICA,8.3973,0.566064,17.8736,62.7357,0.104099,0.114069,117.0715,137.8615,1,1,2340.276,nan
closed_eye_0342.jpg_face_2,cerrado,B40,144.0439,0.047956,39.4603,82.0942,45.5833,31.8826,BIEN,11.3785,0.766424,14.6452,43.0075,0.079095,0.063199,64.9333,31.7847,1,1,2267.574,nan
closed_eye_0344.jpg_face_2,cerrado,B5,81.6926,0.08469,4.4132,15.0127,100.0,4.6527,CRITICA,10.7988,0.265739,27.3646,81.6229,0.179609,0.197776,112.0771,133.5293,1,1,2744.237,nan
closed_eye_0344.jpg_face_2,cerrado,B10,81.6926,0.08469,9.4683,23.01,100.0,7.0918,CRITICA,11.8332,0.424929,25.0901,71.8335,0.171405,0.182,102.39,114.9009,1,1,3073.141,nan
closed_eye_0344.jpg_face_2,cerrado,B15,81.6926,0.08469,14.4411,31.5145,99.9331,12.3301,CRITICA,13.215,0.588711,22.6793,61.4231,0.137446,0.156619,62.2924,84.9314,1,1,2508.781,nan
closed_eye_0344.jpg_face_2,cerrado,B25,81.6926,0.08469,24.4747,53.4533,84.3118,25.6058,CRITICA,17.6922,0.809771,17.6012,34.5678,0.121242,0.145542,43.1597,71.8523,1,1,1645.007,nan
closed_eye_0344.jpg_face_2,cerrado,B40,81.6926,0.08469,39.4788,78.1888,49.294,36.8518,CRITICA,23.5637,0.797349,15.0787,4.2891,0.113487,0.127227,34.0026,50.226,1,1,2690.342,nan
closed_eye_0346.jpg_face_1,cerrado,B5,157.8397,0.087208,4.4886,14.4012,100.0,3.46,CRITICA,4.711,0.089612,27.9183,90.8761,0.173979,nan,99.4995,nan,1,1,3480.682,nan
closed_eye_0346.jpg_face_1,cerrado,B10,157.8397,0.087208,9.4747,20.5518,100.0,4.7107,CRITICA,5.0849,0.138305,26.9297,86.9793,0.199792,nan,129.0989,nan,1,1,4970.178,nan
closed_eye_0346.jpg_face_1,cerrado,B15,157.8397,0.087208,14.5476,26.5837,100.0,6.3392,CRITICA,5.4636,0.189663,25.9855,83.1578,0.195688,nan,124.3926,nan,1,1,5243.838,nan
closed_eye_0346.jpg_face_1,cerrado,B25,157.8397,0.087208,24.4667,42.3531,100.0,12.4215,CRITICA,6.5754,0.378493,22.3414,73.167,0.065801,0.121504,24.5471,39.3266,1,1,4000.0,nan
closed_eye_0346.jpg_face_1,cerrado,B40,157.8397,0.087208,39.461,64.6011,74.9632,20.0374,CRITICA,8.4192,0.608613,19.277,59.0717,0.069363,0.089313,20.4622,2.414,1,1,4636.069,nan
closed_eye_0353.jpg_face_1,cerrado,B5,104.2997,0.052032,4.5061,16.3097,100.0,6.1374,CRITICA,8.0543,0.177316,26.3144,84.3626,0.07363,0.181974,41.51,249.7342,1,1,1976.285,nan
closed_eye_0353.jpg_face_1,cerrado,B10,104.2997,0.052032,9.4941,24.9492,100.0,10.3029,CRITICA,8.9016,0.310424,23.8173,76.0794,0.062003,0.128849,19.1624,147.6338,1,1,2039.152,nan
closed_eye_0353.jpg_face_1,cerrado,B15,104.2997,0.052032,14.5064,34.2519,99.7099,16.8126,CRITICA,10.031,0.461633,21.3137,67.1601,0.043703,0.101881,16.0081,95.8054,1,1,2003.607,nan
closed_eye_0353.jpg_face_1,cerrado,B25,104.2997,0.052032,24.4942,52.2977,78.8062,29.5043,CRITICA,12.6202,0.715932,17.7704,49.8582,0.050307,0.06464,3.3146,24.2313,1,1,2149.613,nan
closed_eye_0353.jpg_face_1,cerrado,B40,104.2997,0.052032,39.4955,78.7137,56.4946,44.4422,CRITICA,17.59,0.869419,14.6627,24.5312,0.05403,0.06794,3.8404,30.5728,1,1,2196.354,nan
closed_eye_0360.jpg_face_1,cerrado,B5,80.6434,0.088965,4.413,17.2507,100.0,5.8121,CRITICA,10.5005,0.382858,25.562,78.6087,0.128764,nan,44.7349,nan,1,1,756.315,nan
closed_eye_0360.jpg_face_1,cerrado,B10,80.6434,0.088965,9.4437,26.1105,100.0,11.2617,CRITICA,11.7058,0.549525,22.8974,67.6222,0.141024,0.154396,58.5153,73.5462,1,1,860.511,nan
closed_eye_0360.jpg_face_1,cerrado,B15,80.6434,0.088965,14.4822,35.9611,96.8866,19.187,CRITICA,13.3395,0.703615,20.1103,55.4072,0.088334,0.145007,0.7097,62.9924,1,1,891.107,nan
closed_eye_0360.jpg_face_1,cerrado,B25,80.6434,0.088965,24.4868,55.488,77.0364,32.4725,CRITICA,17.2025,0.843622,16.5841,31.1934,0.084908,0.100714,4.5603,13.2056,1,1,695.507,nan
closed_eye_0360.jpg_face_1,cerrado,B40,80.6434,0.088965,39.4708,77.3871,56.4959,42.962,CRITICA,20.6586,0.804977,14.8441,4.0378,0.080332,0.089326,9.7044,0.4051,1,1,631.393,nan
closed_eye_0361.jpg_face_3,cerrado,B5,145.2973,0.051823,4.5246,15.816,100.0,3.9019,CRITICA,5.1642,0.178056,26.7422,89.1147,0.181926,nan,251.0527,nan,1,1,1330.495,nan
closed_eye_0361.jpg_face_3,cerrado,B10,145.2973,0.051823,9.4485,22.7022,100.0,6.2229,CRITICA,5.5866,0.250178,25.4395,84.3753,0.077741,0.17945,50.0119,246.275,1,1,1596.424,nan
closed_eye_0361.jpg_face_3,cerrado,B15,145.2973,0.051823,14.4375,28.4576,100.0,8.4586,CRITICA,6.0086,0.317985,24.6184,80.4142,0.09057,0.143974,74.7684,177.8193,1,1,1452.644,nan
closed_eye_0361.jpg_face_3,cerrado,B25,145.2973,0.051823,24.4814,47.3363,96.9467,18.1816,CRITICA,7.5173,0.523192,19.8894,67.4211,0.035657,0.09835,31.1939,89.7802,1,1,1427.348,nan
closed_eye_0361.jpg_face_3,cerrado,B40,145.2973,0.051823,39.4908,69.8638,57.3528,27.6207,CRITICA,9.6609,0.700527,17.29,51.9167,0.036679,0.061542,29.2218,18.7548,1,1,1491.424,nan
closed_eye_0365.jpg_face_2,cerrado,B5,93.1172,0.067712,4.4768,18.8938,100.0,7.4539,CRITICA,8.6998,0.30001,24.5318,79.7097,0.111349,0.198596,64.446,193.296,1,1,896.781,nan
closed_eye_0365.jpg_face_2,cerrado,B10,93.1172,0.067712,9.5205,28.9113,100.0,13.5657,CRITICA,9.7975,0.445252,21.6919,68.9517,0.059568,0.123876,12.0267,82.9451,1,1,975.705,nan
closed_eye_0365.jpg_face_2,cerrado,B15,93.1172,0.067712,14.5015,40.9526,94.1858,23.0034,CRITICA,11.4312,0.598354,18.6278,56.0204,0.055561,0.086324,17.9454,27.4871,1,1,935.804,nan
closed_eye_0365.jpg_face_2,cerrado,B25,93.1172,0.067712,24.5228,61.4339,64.2152,37.4052,CRITICA,14.6166,0.761533,15.4147,34.0252,0.05392,0.076339,20.3686,12.7404,1,1,1013.479,nan
closed_eye_0365.jpg_face_2,cerrado,B40,93.1172,0.067712,39.5442,85.421,49.3221,50.5889,BIEN,17.7542,0.76168,13.4645,8.2651,0.052229,0.077028,22.8653,13.7586,1,1,963.577,nan
closed_eye_0372.jpg_face_5,cerrado,B5,129.3001,0.024208,4.3234,17.0747,100.0,5.8664,CRITICA,5.9152,0.262745,25.7101,86.7945,0.093656,nan,286.8847,nan,1,1,134.896,nan
closed_eye_0372.jpg_face_5,cerrado,B10,129.3001,0.024208,9.5105,24.9873,100.0,9.2323,CRITICA,6.4898,0.363591,23.7961,80.675,0.048472,0.090031,100.2356,271.9106,1,1,144.242,nan
closed_eye_0372.jpg_face_5,cerrado,B15,129.3001,0.024208,14.4259,34.04,99.4654,15.0892,CRITICA,7.2666,0.468463,21.4146,73.6736,0.034998,0.061864,44.5744,155.5571,1,1,147.178,nan
closed_eye_0372.jpg_face_5,cerrado,B25,129.3001,0.024208,24.4879,54.4528,80.0824,28.0625,CRITICA,9.2512,0.660412,17.4048,57.8865,0.031378,0.036749,29.6192,51.8053,1,1,143.839,nan
closed_eye_0372.jpg_face_5,cerrado,B40,129.3001,0.024208,39.4807,74.7923,47.702,38.8808,CRITICA,11.5424,0.781193,15.725,42.1561,0.02414,0.027382,0.2789,13.1122,1,1,135.571,nan
closed_eye_0382.jpg_face_1,cerrado,B5,126.7899,0.035068,4.5696,16.9515,100.0,5.3689,CRITICA,6.0989,0.213333,25.9696,86.6303,0.074988,0.168931,113.835,381.7206,1,1,1052.41,nan
closed_eye_0382.jpg_face_1,cerrado,B10,126.7899,0.035068,9.525,24.3462,100.0,8.6473,CRITICA,6.6392,0.300634,24.1148,80.798,0.060015,0.107351,71.1368,206.12,1,1,1066.553,nan
closed_eye_0382.jpg_face_1,cerrado,B15,126.7899,0.035068,14.4786,33.1037,99.9911,13.6989,CRITICA,7.3826,0.408964,21.7613,73.8909,0.040343,0.086139,15.0414,145.6304,1,1,1011.327,nan
closed_eye_0382.jpg_face_1,cerrado,B25,126.7899,0.035068,24.4886,53.0279,86.0864,24.2547,CRITICA,9.2478,0.619755,17.8497,58.1765,0.044729,0.055644,27.5494,58.6728,1,1,944.198,nan
closed_eye_0382.jpg_face_1,cerrado,B40,126.7899,0.035068,39.4909,74.993,50.6355,34.4813,CRITICA,11.7359,0.752423,15.8014,40.8525,0.045229,0.028224,28.974,19.5173,1,1,1104.606,nan
closed_eye_0386.jpg_face_1,cerrado,B5,117.0555,0.173106,4.5106,17.6674,100.0,7.6587,CRITICA,5.9443,0.188698,25.2084,84.9068,nan,nan,nan,nan,1,0,1040.366,nan
closed_eye_0386.jpg_face_1,cerrado,B10,117.0555,0.173106,9.5372,27.2648,100.0,14.3151,CRITICA,6.7268,0.292682,22.2159,76.7078,0.175079,nan,1.1396,nan,1,1,1135.332,nan
closed_eye_0386.jpg_face_1,cerrado,B15,117.0555,0.173106,14.5659,38.5803,96.1779,23.1419,CRITICA,7.8124,0.426791,19.2236,67.041,0.164809,nan,4.7932,nan,1,1,979.24,nan
closed_eye_0386.jpg_face_1,cerrado,B25,117.0555,0.173106,24.5859,58.265,64.8631,37.6062,CRITICA,9.9504,0.618286,15.9787,50.2244,0.156032,0.153393,9.8633,11.388,1,1,1078.283,nan
closed_eye_0386.jpg_face_1,cerrado,B40,117.0555,0.173106,39.6293,78.7518,47.5559,51.0593,CRITICA,12.6161,0.721275,14.5336,32.7227,0.170374,0.158483,1.578,8.4476,1,1,970.214,nan
closed_eye_0402.jpg_face_1,cerrado,B5,149.4001,0.058494,4.6368,16.1681,100.0,3.5851,CRITICA,5.1017,0.083334,26.4212,89.178,0.20895,nan,257.2181,nan,1,1,4273.504,nan
closed_eye_0402.jpg_face_1,cerrado,B10,149.4001,0.058494,9.4731,24.3136,100.0,5.842,CRITICA,5.6052,0.152408,24.4006,83.7258,0.12661,nan,116.45,nan,1,1,5422.994,nan
closed_eye_0402.jpg_face_1,cerrado,B15,149.4001,0.058494,14.3915,30.2047,100.0,8.1771,CRITICA,6.0173,0.213005,23.5281,79.7827,0.095437,0.149376,63.1582,155.3716,1,1,4699.248,nan
closed_eye_0402.jpg_face_1,cerrado,B25,149.4001,0.058494,24.5008,48.0646,99.2613,15.4901,CRITICA,7.4125,0.424,19.8072,67.8282,0.078249,0.084469,33.7732,44.4062,1,1,4741.584,nan
closed_eye_0402.jpg_face_1,cerrado,B40,149.4001,0.058494,39.4389,70.466,60.5417,23.2837,CRITICA,9.4508,0.611453,17.2864,52.834,0.070853,0.079716,21.1289,36.2816,1,1,5339.028,nan
closed_eye_0406.jpg_face_1,cerrado,B5,145.7813,0.05546,4.3856,18.5013,100.0,5.0431,CRITICA,5.4181,0.118125,24.819,87.3089,nan,nan,nan,nan,1,0,2409.058,nan
closed_eye_0406.jpg_face_1,cerrado,B10,145.7813,0.05546,9.4336,28.2303,100.0,7.3319,CRITICA,6.0582,0.214822,22.4126,80.6351,0.063013,0.114639,13.6178,106.7046,1,1,3211.304,nan
closed_eye_0406.jpg_face_1,cerrado,B15,145.7813,0.05546,14.5368,35.4549,100.0,11.167,CRITICA,6.6311,0.302154,21.229,75.6794,0.068483,0.08941,23.4812,61.2143,1,1,3604.903,nan
closed_eye_0406.jpg_face_1,cerrado,B25,145.7813,0.05546,24.5195,55.4996,86.5296,21.8039,CRITICA,8.3249,0.535975,17.3101,61.9295,0.056331,0.063782,1.5698,15.0047,1,1,3145.644,nan
closed_eye_0406.jpg_face_1,cerrado,B40,145.7813,0.05546,39.5024,79.5861,49.6297,31.2612,CRITICA,10.7586,0.715678,14.991,45.4072,0.055143,0.056312,0.5722,1.5346,1,1,3506.311,nan
closed_eye_0411.jpg_face_1,cerrado,B5,163.701,0.039924,4.3679,16.0433,100.0,3.9281,CRITICA,4.134,0.128163,26.4657,90.1996,0.180303,nan,351.6111,nan,1,1,718.494,nan
closed_eye_0411.jpg_face_1,cerrado,B10,163.701,0.039924,9.4832,24.4004,100.0,6.5386,CRITICA,4.5991,0.206391,24.174,85.0945,0.098963,0.184171,147.8757,361.2996,1,1,715.154,nan
closed_eye_0411.jpg_face_1,cerrado,B15,163.701,0.039924,14.4984,31.892,100.0,9.9507,CRITICA,5.0565,0.282847,22.6188,80.5182,0.073882,0.126773,85.0557,217.5324,1,1,794.597,nan
closed_eye_0411.jpg_face_1,cerrado,B25,163.701,0.039924,24.429,49.2236,95.0307,18.3715,CRITICA,6.2421,0.463097,19.1331,69.9308,0.052922,0.09184,32.5569,130.0363,1,1,644.538,nan
closed_eye_0411.jpg_face_1,cerrado,B40,163.701,0.039924,39.5351,73.2066,58.6848,27.6811,CRITICA,8.0536,0.655598,16.2726,55.2803,0.042068,0.066377,5.3688,66.2575,1,1,679.81,nan
closed_eye_0421.jpg_face_1,cerrado,B5,161.4677,0.105119,4.6425,16.9299,100.0,4.8096,CRITICA,4.0336,0.163979,26.0066,89.515,0.125733,nan,19.6107,nan,1,1,637.267,nan
closed_eye_0421.jpg_face_1,cerrado,B10,161.4677,0.105119,9.7383,24.5649,100.0,7.2144,CRITICA,4.4552,0.23875,24.2401,84.7865,0.108663,0.150079,3.372,42.7704,1,1,870.928,nan
closed_eye_0421.jpg_face_1,cerrado,B15,161.4677,0.105119,14.4963,31.3578,100.0,10.2706,CRITICA,4.8735,0.302725,22.9069,80.5796,0.10095,0.112348,3.9655,6.8775,1,1,882.846,nan
closed_eye_0421.jpg_face_1,cerrado,B25,161.4677,0.105119,24.3637,47.9892,97.1774,17.0948,CRITICA,6.002,0.466675,19.5539,70.2794,0.104613,0.109548,0.4812,4.2138,1,1,918.442,nan
closed_eye_0421.jpg_face_1,cerrado,B40,161.4677,0.105119,39.5709,70.1094,65.5299,25.8289,CRITICA,7.688,0.622279,17.0737,56.58,0.113338,0.111724,7.8188,6.2839,1,1,884.877,nan
closed_eye_0423.jpg_face_1,cerrado,B5,173.5427,0.029733,4.442,16.5926,100.0,3.6579,CRITICA,3.9826,0.157088,26.1788,90.4389,0.109709,nan,268.9841,nan,1,1,624.337,nan
closed_eye_0423.jpg_face_1,cerrado,B10,173.5427,0.029733,9.4639,23.9256,100.0,5.2805,CRITICA,4.3762,0.230093,24.5512,86.2134,0.047853,0.102997,60.9438,246.4102,1,1,555.247,nan
closed_eye_0423.jpg_face_1,cerrado,B15,173.5427,0.029733,14.4977,30.2028,100.0,7.9264,CRITICA,4.7434,0.292935,23.4213,82.5963,0.04292,0.064253,44.3527,116.102,1,1,493.876,nan
closed_eye_0423.jpg_face_1,cerrado,B25,173.5427,0.029733,24.4665,48.5463,95.0762,16.4876,CRITICA,5.8905,0.468237,19.2486,72.0263,0.051901,0.046333,74.5583,55.8316,1,1,543.537,nan
closed_eye_0423.jpg_face_1,cerrado,B40,173.5427,0.029733,39.4844,71.9093,65.7077,25.294,CRITICA,7.5589,0.639334,16.4054,58.5639,0.051001,0.031395,71.5327,5.5899,1,1,564.461,nan
closed_eye_0424.jpg_face_1,cerrado,B5,120.7839,0.054862,4.3,18.458,100.0,5.7563,CRITICA,6.8531,0.215946,24.8647,84.7181,nan,nan,nan,nan,1,0,618.314,nan
closed_eye_0424.jpg_face_1,cerrado,B10,120.7839,0.054862,9.4398,27.712,100.0,10.4705,CRITICA,7.6551,0.329399,22.3866,77.0565,nan,nan,nan,nan,1,0,809.389,nan
closed_eye_0424.jpg_face_1,cerrado,B15,120.7839,0.054862,14.4764,38.6254,98.7896,17.5538,CRITICA,8.7707,0.470247,19.6452,68.0211,0.08475,0.10323,54.4802,88.1644,1,1,751.033,nan
closed_eye_0424.jpg_face_1,cerrado,B25,120.7839,0.054862,24.4833,61.9952,67.4964,31.5466,CRITICA,11.5554,0.707936,15.498,48.6727,0.102119,0.067417,86.1399,22.885,1,1,687.191,nan
closed_eye_0424.jpg_face_1,cerrado,B40,120.7839,0.054862,39.4762,86.6534,42.3118,43.9482,BIEN,15.2954,0.825787,13.4273,28.2575,0.091198,0.063749,66.2333,16.1992,1,1,837.521,nan
closed_eye_0427.jpg_face_1,cerrado,B5,140.063,0.024017,4.3664,17.0369,100.0,4.9915,CRITICA,5.3489,0.202142,25.703,87.8362,0.10846,nan,351.5999,nan,1,1,643.791,nan
closed_eye_0427.jpg_face_1,cerrado,B10,140.063,0.024017,9.5032,25.6617,100.0,8.5807,CRITICA,5.9259,0.298716,23.4186,81.6785,0.073439,0.092275,205.7797,284.2104,1,1,859.993,nan
closed_eye_0427.jpg_face_1,cerrado,B15,140.063,0.024017,14.3905,34.2076,99.8653,13.9614,CRITICA,6.5949,0.395599,21.3239,75.577,0.035939,0.073241,49.6405,204.9544,1,1,836.89,nan
closed_eye_0427.jpg_face_1,cerrado,B25,140.063,0.024017,24.4609,53.0898,83.794,24.8483,CRITICA,8.2234,0.58517,17.6777,62.0957,0.029255,0.04653,21.8085,93.7379,1,1,848.392,nan
closed_eye_0427.jpg_face_1,cerrado,B40,140.063,0.024017,39.4404,77.6676,53.3194,34.4535,CRITICA,10.6118,0.743625,15.1895,44.5481,0.032176,0.0321,33.9725,33.6555,1,1,806.257,nan
closed_eye_0441.jpg_face_1,cerrado,B5,138.4336,0.038961,4.2732,17.3316,100.0,5.0747,CRITICA,5.6876,0.132234,25.6173,87.4802,0.085177,nan,118.6208,nan,1,1,2120.441,nan
closed_eye_0441.jpg_face_1,cerrado,B10,138.4336,0.038961,9.4883,24.6225,100.0,8.4407,CRITICA,6.2315,0.219101,23.9636,82.2135,0.088877,0.194735,128.1159,399.819,1,1,2243.662,nan
closed_eye_0441.jpg_face_1,cerrado,B15,138.4336,0.038961,14.485,33.7359,99.8469,14.0772,CRITICA,6.9749,0.345778,21.5654,75.6302,0.055908,0.108041,43.4975,177.3042,1,1,2169.197,nan
closed_eye_0441.jpg_face_1,cerrado,B25,138.4336,0.038961,24.4981,54.9066,78.5561,27.9813,CRITICA,8.9349,0.596514,17.1348,60.3372,0.062528,0.09581,60.4889,145.9106,1,1,2099.517,nan
closed_eye_0441.jpg_face_1,cerrado,B40,138.4336,0.038961,39.5014,81.4711,48.8673,41.959,BIEN,11.8716,0.777805,14.1561,41.1479,0.100184,0.055483,157.1378,42.4064,1,1,1964.251,nan
closed_eye_0460.jpg_face_1,cerrado,B5,105.4238,0.197631,4.4916,17.8827,100.0,7.7275,CRITICA,7.5184,0.257705,25.0776,83.0373,0.233401,0.208749,18.0996,5.6259,1,1,878.503,nan
closed_eye_0460.jpg_face_1,cerrado,B10,105.4238,0.197631,9.4836,26.6257,100.0,15.4459,CRITICA,8.4963,0.355976,22.3311,74.7441,0.189027,0.185131,4.3534,6.3248,1,1,873.668,nan
closed_eye_0460.jpg_face_1,cerrado,B15,105.4238,0.197631,14.4757,36.7545,91.9862,24.3781,CRITICA,9.7508,0.49519,19.5084,65.1364,0.222501,0.165675,12.5843,16.1695,1,1,923.105,nan
closed_eye_0460.jpg_face_1,cerrado,B25,105.4238,0.197631,24.4818,55.1152,74.4246,38.5944,CRITICA,12.3958,0.71275,16.3877,47.7204,0.246213,0.180784,24.5823,8.5244,1,1,869.338,nan
closed_eye_0460.jpg_face_1,cerrado,B40,105.4238,0.197631,39.4959,74.6056,58.628,51.3116,CRITICA,15.8999,0.832868,15.0943,29.2327,0.280144,0.183758,41.7513,7.0194,1,1,880.204,nan
closed_eye_0464.jpg_face_1,cerrado,B5,59.5533,0.151623,4.488,17.1493,100.0,11.2909,CRITICA,11.3005,0.491789,25.1688,71.2034,0.191546,0.223414,26.3299,47.3482,1,1,711.845,nan
closed_eye_0464.jpg_face_1,cerrado,B10,59.5533,0.151623,9.6336,28.9913,96.3191,24.3163,CRITICA,13.7,0.625577,20.6075,51.3187,0.153876,0.190747,1.4859,25.8029,1,1,760.109,nan
closed_eye_0464.jpg_face_1,cerrado,B15,59.5533,0.151623,14.6238,39.7158,79.2834,36.5074,CRITICA,16.5763,0.698098,17.9126,33.3105,0.166114,0.15484,9.5571,2.1216,1,1,704.622,nan
closed_eye_0464.jpg_face_1,cerrado,B25,59.5533,0.151623,24.5359,54.0488,69.4973,50.8013,CRITICA,21.2777,0.706518,16.4497,9.2428,0.153443,0.147718,1.2001,2.576,1,1,640.738,nan
closed_eye_0464.jpg_face_1,cerrado,B40,59.5533,0.151623,39.5976,67.0517,64.6934,61.3513,CRITICA,22.3769,0.630054,17.2683,12.5912,0.172635,0.147259,13.8575,2.8784,1,1,685.119,nan
closed_eye_0466.jpg_face_1,cerrado,B5,169.8196,0.022594,4.5435,16.5914,100.0,4.0538,CRITICA,4.0044,0.136916,26.2811,90.23,0.072869,nan,222.5097,nan,1,1,1207.292,nan
closed_eye_0466.jpg_face_1,cerrado,B10,169.8196,0.022594,9.5302,23.3285,100.0,6.0249,CRITICA,4.3875,0.196336,24.9873,86.2628,0.049189,0.097739,117.7061,332.5861,1,1,1453.911,nan
closed_eye_0466.jpg_face_1,cerrado,B15,169.8196,0.022594,14.4951,29.5881,100.0,8.2224,CRITICA,4.7486,0.254698,24.028,82.5767,0.049355,0.073222,118.4421,224.0764,1,1,1509.662,nan
closed_eye_0466.jpg_face_1,cerrado,B25,169.8196,0.022594,24.5065,46.5259,99.5605,15.6067,CRITICA,5.8572,0.414641,20.3611,72.6027,0.031424,0.040574,39.0819,79.5766,1,1,1274.535,nan
closed_eye_0466.jpg_face_1,cerrado,B40,169.8196,0.022594,39.4777,69.1694,61.3032,23.9334,CRITICA,7.586,0.600358,17.651,59.2689,0.036962,0.023727,63.5913,5.0154,1,1,1272.75,nan
closed_eye_0476.jpg_face_1,cerrado,B5,187.8479,0.08296,4.4508,17.1597,100.0,4.9214,CRITICA,2.9337,0.124851,25.6766,90.8651,0.147123,nan,77.3425,nan,1,1,952.472,nan
closed_eye_0476.jpg_face_1,cerrado,B10,187.8479,0.08296,9.4895,24.7717,100.0,7.66,CRITICA,3.3068,0.185786,23.8694,86.8129,0.117059,0.15765,41.1036,90.0321,1,1,916.17,nan
closed_eye_0476.jpg_face_1,cerrado,B15,187.8479,0.08296,14.5292,32.4395,100.0,11.4036,CRITICA,3.7172,0.253022,22.1926,82.731,0.093121,0.140875,12.2488,69.8114,1,1,754.375,nan
closed_eye_0476.jpg_face_1,cerrado,B25,187.8479,0.08296,24.4372,50.2156,90.5387,20.5425,CRITICA,4.7394,0.414142,18.5665,73.2679,0.086048,0.112022,3.7221,35.0316,1,1,835.352,nan
closed_eye_0476.jpg_face_1,cerrado,B40,187.8479,0.08296,39.5169,73.5139,58.2828,30.2271,CRITICA,6.2754,0.600898,16.0403,60.8652,0.089141,0.090369,7.4506,8.9306,1,1,676.911,nan
closed_eye_0481.jpg_face_1,cerrado,B5,162.9311,0.093866,4.447,19.0933,100.0,5.3361,CRITICA,4.789,0.169346,24.5452,88.2814,0.170244,0.199483,81.369,112.5187,1,1,432.732,nan
closed_eye_0481.jpg_face_1,cerrado,B10,162.9311,0.093866,9.4477,28.1464,100.0,8.1374,CRITICA,5.3315,0.252261,22.2503,82.725,0.138213,0.193306,47.245,105.9381,1,1,375.22,nan
closed_eye_0481.jpg_face_1,cerrado,B15,162.9311,0.093866,14.483,37.7465,100.0,13.0531,CRITICA,6.0002,0.347343,20.0901,76.8328,0.115006,0.164352,22.5221,75.0927,1,1,493.998,nan
closed_eye_0481.jpg_face_1,cerrado,B25,162.9311,0.093866,24.5014,61.6154,73.8266,25.7871,CRITICA,7.8715,0.563055,15.7851,62.1831,0.099749,0.142535,6.2678,51.8492,1,1,312.803,nan
closed_eye_0481.jpg_face_1,cerrado,B40,162.9311,0.093866,39.4892,88.2025,39.1598,38.1064,BIEN,10.3122,0.732114,13.285,45.8652,0.111437,0.140692,18.7198,49.886,1,1,543.922,nan
closed_eye_0486.jpg_face_2,cerrado,B5,162.7457,0.085675,4.4738,15.8789,100.0,3.6806,CRITICA,4.6342,0.14453,26.6471,90.2431,0.129324,nan,50.9471,nan,1,1,699.937,nan
closed_eye_0486.jpg_face_2,cerrado,B10,162.7457,0.085675,9.4187,23.6285,100.0,4.9398,CRITICA,5.0854,0.220774,24.6461,85.4813,nan,nan,nan,nan,1,0,451.773,nan
closed_eye_0486.jpg_face_2,cerrado,B15,162.7457,0.085675,14.4133,30.1341,100.0,7.4586,CRITICA,5.4872,0.28737,23.4722,81.4839,0.091616,0.107912,6.9339,25.955,1,1,533.96,nan
closed_eye_0486.jpg_face_2,cerrado,B25,162.7457,0.085675,24.3632,47.4354,98.078,14.4865,CRITICA,6.6706,0.459763,19.7292,70.853,0.09216,0.098267,7.5689,14.6975,1,1,567.279,nan
closed_eye_0486.jpg_face_2,cerrado,B40,162.7457,0.085675,39.4293,69.9041,67.4348,21.8644,CRITICA,8.468,0.629777,17.0876,57.0471,0.09312,0.095042,8.6903,10.9331,1,1,620.771,nan
closed_eye_0492.jpg_face_1,cerrado,B5,67.8778,0.095285,4.6138,17.9952,100.0,11.4761,CRITICA,10.1709,0.338089,24.7373,73.4888,0.12265,0.188987,28.7195,98.3389,1,1,1592.103,nan
closed_eye_0492.jpg_face_1,cerrado,B10,67.8778,0.095285,9.5754,28.9998,96.1493,24.0892,CRITICA,12.1767,0.520266,20.569,57.2764,0.089873,0.127172,5.6795,33.465,1,1,1620.22,nan
closed_eye_0492.jpg_face_1,cerrado,B15,67.8778,0.095285,14.5734,39.8953,80.6456,36.6096,CRITICA,14.6141,0.672923,17.687,41.2249,0.082632,0.115755,13.2791,21.4826,1,1,1406.866,nan
closed_eye_0492.jpg_face_1,cerrado,B25,67.8778,0.095285,24.5796,56.5478,68.2953,53.0233,CRITICA,19.1227,0.773248,15.5165,16.6918,0.116038,0.10697,21.7794,12.2637,1,1,1691.189,nan
closed_eye_0492.jpg_face_1,cerrado,B40,67.8778,0.095285,39.5851,71.842,62.0762,64.8487,CRITICA,21.9788,0.729666,15.7554,5.8402,nan,0.097925,nan,2.7708,1,0,1395.089,nan
closed_eye_0493.jpg_face_1,cerrado,B5,190.8912,0.067975,4.3893,16.0978,100.0,3.9728,CRITICA,2.9804,0.145718,26.4577,91.567,0.159603,nan,134.7962,nan,1,1,663.57,nan
closed_eye_0493.jpg_face_1,cerrado,B10,190.8912,0.067975,9.423,22.8906,100.0,5.1289,CRITICA,3.3017,0.20656,25.2803,88.0086,0.129611,nan,90.6738,nan,1,1,529.857,nan
closed_eye_0493.jpg_face_1,cerrado,B15,190.8912,0.067975,14.4846,29.0295,100.0,7.2937,CRITICA,3.6319,0.263469,24.2444,84.7926,0.101319,0.136342,49.0529,100.5756,1,1,577.467,nan
closed_eye_0493.jpg_face_1,cerrado,B25,190.8912,0.067975,24.4996,47.2106,98.149,14.7222,CRITICA,4.6582,0.425029,20.1788,75.2683,0.108226,0.147579,59.2138,117.1071,1,1,553.495,nan
closed_eye_0493.jpg_face_1,cerrado,B40,190.8912,0.067975,39.507,70.9904,66.1316,22.4618,CRITICA,6.1188,0.598889,17.1258,62.8111,0.104774,0.107021,54.1363,57.4411,1,1,614.704,nan
closed_eye_0501.jpg_face_2,cerrado,B5,161.776,0.041603,4.3081,15.3345,100.0,3.6952,CRITICA,4.6238,0.153614,26.9948,90.5211,0.152709,nan,267.0615,nan,1,1,506.201,nan
closed_eye_0501.jpg_face_2,cerrado,B10,161.776,0.041603,9.5151,22.1496,100.0,4.4627,CRITICA,5.0145,0.228024,25.7231,86.3085,0.122543,nan,194.5536,nan,1,1,521.676,nan
closed_eye_0501.jpg_face_2,cerrado,B15,161.776,0.041603,14.4106,28.6472,100.0,6.6894,CRITICA,5.4196,0.302884,24.4272,82.292,0.108607,0.128938,161.0565,209.9252,1,1,460.342,nan
closed_eye_0501.jpg_face_2,cerrado,B25,161.776,0.041603,24.4837,46.2575,97.9948,14.3572,CRITICA,6.6571,0.487915,20.3483,71.4064,0.039871,0.127421,4.1636,206.2774,1,1,502.563,nan
closed_eye_0501.jpg_face_2,cerrado,B40,161.776,0.041603,39.4963,70.3349,66.1313,22.5734,CRITICA,8.5165,0.666728,17.0868,56.5233,0.025708,0.105521,38.2053,153.6372,1,1,696.185,nan
closed_eye_0503.jpg_face_1,cerrado,B5,162.7098,0.063022,4.4256,15.0173,100.0,3.6712,CRITICA,4.4284,0.112988,27.2759,90.7705,0.154176,nan,144.638,nan,1,1,1029.866,nan
closed_eye_0503.jpg_face_1,cerrado,B10,162.7098,0.063022,9.3623,22.1166,100.0,4.9288,CRITICA,4.8296,0.180995,25.6943,86.4073,0.065728,0.134189,4.294,112.9229,1,1,1360.729,nan
closed_eye_0503.jpg_face_1,cerrado,B15,162.7098,0.063022,14.4328,28.3871,100.0,7.557,CRITICA,5.2264,0.239968,24.6159,82.5536,0.061563,0.091903,2.3145,45.826,1,1,1560.793,nan
closed_eye_0503.jpg_face_1,cerrado,B25,162.7098,0.063022,24.5109,45.8758,96.944,15.5501,CRITICA,6.4318,0.430775,20.3492,71.8051,0.065934,0.062425,4.621,0.9475,1,1,1508.978,nan
closed_eye_0503.jpg_face_1,cerrado,B40,162.7098,0.063022,39.5275,69.8781,67.1567,23.8788,CRITICA,8.2887,0.626039,17.2093,57.0536,0.071073,0.0583,12.7742,7.4929,1,1,1504.438,nan
closed_eye_0505.jpg_face_1,cerrado,B5,56.4032,0.09708,4.5057,17.2413,100.0,6.3263,CRITICA,14.1491,0.501099,25.6408,69.4321,0.097131,nan,0.0525,nan,1,1,634.961,nan
closed_eye_0505.jpg_face_1,cerrado,B10,56.4032,0.09708,9.5175,26.1071,100.0,12.1545,CRITICA,16.0123,0.665502,22.8883,53.7134,0.09319,0.083992,4.0067,13.4815,1,1,593.683,nan
closed_eye_0505.jpg_face_1,cerrado,B15,56.4032,0.09708,14.5417,35.9822,97.6903,19.6848,CRITICA,18.657,0.760023,20.1788,36.2054,0.088178,0.098319,9.1693,1.2764,1,1,470.876,nan
closed_eye_0505.jpg_face_1,cerrado,B25,56.4032,0.09708,24.5185,57.7069,71.7363,35.2845,CRITICA,22.8394,0.762348,16.054,2.3113,0.104878,0.096256,8.033,0.8483,1,1,620.309,nan
closed_eye_0505.jpg_face_1,cerrado,B40,56.4032,0.09708,39.545,78.7638,50.4111,48.5833,CRITICA,17.7272,0.654289,14.3674,39.6441,0.104111,0.105326,7.2423,8.4937,1,1,668.628,nan
closed_eye_0523.jpg_face_2,cerrado,B5,137.9996,0.056262,4.5138,17.9658,100.0,5.56,CRITICA,5.5215,0.180764,25.2444,86.9812,0.080966,0.200189,43.9082,255.8156,1,1,934.667,nan
closed_eye_0523.jpg_face_2,cerrado,B10,137.9996,0.056262,9.502,26.9744,100.0,10.1436,CRITICA,6.1735,0.273088,22.7703,80.4533,0.073134,0.096251,29.9887,71.076,1,1,1059.659,nan
closed_eye_0523.jpg_face_2,cerrado,B15,137.9996,0.056262,14.4976,36.6079,99.9903,15.6263,CRITICA,6.9483,0.386234,20.4742,73.4724,0.06562,0.073572,16.6327,30.7665,1,1,1066.78,nan
closed_eye_0523.jpg_face_2,cerrado,B25,137.9996,0.056262,24.4617,56.9006,77.5874,27.4127,CRITICA,8.7968,0.600571,16.7834,58.7675,0.070263,0.066219,24.8845,17.6969,1,1,1233.959,nan
closed_eye_0523.jpg_face_2,cerrado,B40,137.9996,0.056262,39.49,81.1316,43.6977,41.0039,BIEN,11.5488,0.765623,14.3312,41.2088,0.057915,0.052641,2.9386,6.4357,1,1,906.29,nan
closed_eye_0539.jpg_face_1,cerrado,B5,67.6832,0.062235,4.4495,16.1983,100.0,5.1901,CRITICA,12.0645,0.534178,26.4072,76.0675,0.124209,0.205362,99.5804,229.9768,1,1,805.153,nan
closed_eye_0539.jpg_face_1,cerrado,B10,67.6832,0.062235,9.5407,22.6745,100.0,9.0032,CRITICA,13.034,0.646164,24.7075,66.499,0.081478,0.116791,30.9189,87.6602,1,1,776.699,nan
closed_eye_0539.jpg_face_1,cerrado,B15,67.6832,0.062235,14.4476,30.7088,99.4595,14.3746,CRITICA,14.3822,0.752099,22.5491,54.6286,0.065309,0.08656,4.9384,39.0851,1,1,679.902,nan
closed_eye_0539.jpg_face_1,cerrado,B25,67.6832,0.062235,24.4589,49.046,88.6818,23.6474,CRITICA,17.7308,0.817045,18.8084,27.5359,0.070199,0.065873,12.7959,5.8446,1,1,662.515,nan
closed_eye_0539.jpg_face_1,cerrado,B40,67.6832,0.062235,39.5303,73.2344,58.0508,33.1631,CRITICA,19.3337,0.750325,15.9611,8.2018,0.068967,0.058163,10.8172,6.5436,1,1,802.633,nan
closed_eye_0544.jpg_face_1,cerrado,B5,162.8625,0.101855,4.4602,15.701,100.0,4.1346,CRITICA,4.5167,0.132392,26.7648,90.3594,0.152314,nan,49.5404,nan,1,1,645.078,nan
closed_eye_0544.jpg_face_1,cerrado,B10,162.8625,0.101855,9.4211,23.3339,100.0,5.7231,CRITICA,4.9622,0.205422,24.8339,85.6726,0.095414,0.18408,6.3231,80.7279,1,1,646.58,nan
closed_eye_0544.jpg_face_1,cerrado,B15,162.8625,0.101855,14.3794,29.6906,100.0,8.0201,CRITICA,5.3538,0.27029,23.7692,81.7695,0.095082,0.145116,6.6494,42.4738,1,1,618.085,nan
closed_eye_0544.jpg_face_1,cerrado,B25,162.8625,0.101855,24.3882,47.1292,98.2994,15.8514,CRITICA,6.564,0.449459,19.8913,71.062,0.094279,0.121615,7.4378,19.4006,1,1,702.099,nan
closed_eye_0544.jpg_face_1,cerrado,B40,162.8625,0.101855,39.2982,69.4326,67.0931,23.2537,CRITICA,8.3452,0.641603,17.3276,57.3673,0.081821,0.118409,19.669,16.253,1,1,651.805,nan
closed_eye_0548.jpg_face_1,cerrado,B5,102.3339,0.100794,4.5477,18.016,100.0,9.72,CRITICA,6.7344,0.36919,24.8042,82.3949,0.057951,nan,42.5062,nan,1,1,615.612,nan
closed_eye_0548.jpg_face_1,cerrado,B10,102.3339,0.100794,9.4855,27.9173,99.9986,18.4114,CRITICA,7.7038,0.491594,21.5329,72.7194,0.072532,0.086259,28.0393,14.4205,1,1,665.292,nan
closed_eye_0548.jpg_face_1,cerrado,B15,102.3339,0.100794,14.4698,38.4445,87.9759,28.2699,CRITICA,8.8769,0.60029,18.7659,62.4323,0.083684,0.074279,16.9759,26.3065,1,1,455.726,nan
closed_eye_0548.jpg_face_1,cerrado,B25,102.3339,0.100794,24.3831,55.5596,69.9266,43.1453,CRITICA,10.9983,0.749341,16.1128,45.7075,0.09264,0.087686,8.0902,13.0054,1,1,483.442,nan
closed_eye_0548.jpg_face_1,cerrado,B40,102.3339,0.100794,39.4188,73.3556,55.6348,56.1388,CRITICA,13.557,0.807467,15.3199,28.3174,0.093595,0.097881,7.1426,2.8908,1,1,554.508,nan
closed_eye_0557.jpg_face_1,cerrado,B5,113.8603,0.056271,4.3791,16.6681,100.0,4.4678,CRITICA,7.4992,0.193638,26.1791,85.3609,0.163418,nan,190.4123,nan,1,1,2699.784,nan
closed_eye_0557.jpg_face_1,cerrado,B10,113.8603,0.056271,9.4824,24.6552,100.0,7.6463,CRITICA,8.2293,0.291905,24.1062,78.3461,0.097522,0.161728,73.3073,187.41,1,1,3096.934,nan
closed_eye_0557.jpg_face_1,cerrado,B15,113.8603,0.056271,14.4831,33.9324,99.5147,12.62,CRITICA,9.1743,0.438397,21.6438,70.1982,0.089734,0.113652,59.4672,101.9726,1,1,3087.372,nan
closed_eye_0557.jpg_face_1,cerrado,B25,113.8603,0.056271,24.5017,54.4571,89.4681,21.9124,CRITICA,11.6179,0.703141,17.7823,52.172,0.071946,0.090172,27.8564,60.2461,1,1,2771.619,nan
closed_eye_0557.jpg_face_1,cerrado,B40,113.8603,0.056271,39.4858,78.8658,42.7781,32.7215,CRITICA,15.7546,0.837703,15.3572,30.7346,0.064033,0.062744,13.7935,11.5036,1,1,2248.202,nan
closed_eye_0559.jpg_face_1,cerrado,B5,83.4456,0.072296,4.5054,18.9735,100.0,6.6962,CRITICA,10.374,0.321392,24.5809,77.2624,0.076199,0.185241,5.3982,156.2244,1,1,881.213,nan
closed_eye_0559.jpg_face_1,cerrado,B10,83.4456,0.072296,9.4971,28.4684,100.0,11.7062,CRITICA,11.6098,0.488294,22.0677,65.8839,0.072455,0.118595,0.2199,64.0402,1,1,948.947,nan
closed_eye_0559.jpg_face_1,cerrado,B15,83.4456,0.072296,14.4936,39.2797,97.5815,19.0682,CRITICA,13.3957,0.667048,19.4084,52.9278,0.082092,0.094616,13.5493,30.8732,1,1,815.062,nan
closed_eye_0559.jpg_face_1,cerrado,B25,83.4456,0.072296,24.4882,59.7821,70.7123,31.3182,CRITICA,17.6666,0.857444,16.0938,28.358,0.088165,0.081231,21.9493,12.3581,1,1,815.328,nan
closed_eye_0559.jpg_face_1,cerrado,B40,83.4456,0.072296,39.4972,84.1288,46.3196,44.4804,BIEN,21.1963,0.816445,13.8795,0.8187,0.092301,0.073537,27.6701,1.7165,1,1,801.539,nan
closed_eye_0565.jpg_face_1,cerrado,B5,113.6516,0.073688,4.5903,13.8717,100.0,4.2594,CRITICA,6.9933,0.20698,28.1276,87.7945,0.17528,nan,137.8656,nan,1,1,2061.431,nan
closed_eye_0565.jpg_face_1,cerrado,B10,113.6516,0.073688,9.4284,21.5673,100.0,6.9923,CRITICA,7.5991,0.309,26.2196,81.0233,0.095287,0.192765,29.3102,161.5943,1,1,2610.284,nan
closed_eye_0565.jpg_face_1,cerrado,B15,113.6516,0.073688,14.5171,27.6925,99.8264,10.4416,CRITICA,8.1962,0.39717,24.8712,75.6339,0.095478,0.153693,29.5697,108.5716,1,1,2621.232,nan
closed_eye_0565.jpg_face_1,cerrado,B25,113.6516,0.073688,24.4772,46.9538,96.2014,20.1323,CRITICA,10.2825,0.626161,19.8386,58.6862,0.089355,0.132273,21.2603,79.5034,1,1,2873.563,nan
closed_eye_0565.jpg_face_1,cerrado,B40,113.6516,0.073688,39.4608,73.4199,51.7153,31.9856,CRITICA,14.0754,0.780173,16.2819,35.3991,0.084587,0.099012,14.7897,34.366,1,1,2622.607,nan
closed_eye_0566.jpg_face_1,cerrado,B5,90.5657,0.10032,4.5302,17.5462,100.0,7.4077,CRITICA,9.0466,0.39078,25.2347,80.626,0.139668,0.207448,39.2221,106.7851,1,1,1101.564,nan
closed_eye_0566.jpg_face_1,cerrado,B10,90.5657,0.10032,9.4737,27.6625,99.9936,14.1944,CRITICA,10.1639,0.545864,21.8905,69.4559,0.120911,0.154654,20.5246,54.1603,1,1,1205.982,nan
closed_eye_0566.jpg_face_1,cerrado,B15,90.5657,0.10032,14.4668,37.974,95.3853,21.6886,CRITICA,11.5534,0.673149,19.3338,58.0702,0.127366,0.140399,26.9587,39.9502,1,1,973.425,nan
closed_eye_0566.jpg_face_1,cerrado,B25,90.5657,0.10032,24.4692,59.1937,71.1015,35.9829,CRITICA,14.8218,0.802729,15.774,34.64,0.145555,0.10994,45.0903,9.5892,1,1,921.234,nan
closed_eye_0566.jpg_face_1,cerrado,B40,90.5657,0.10032,39.4889,80.8811,47.0492,49.1762,BIEN,18.2769,0.803401,14.1163,10.6934,0.120876,0.10074,20.4897,0.4185,1,1,1057.53,nan
closed_eye_0578.jpg_face_1,cerrado,B5,138.0701,0.117313,4.4486,16.7581,100.0,5.7386,CRITICA,5.479,0.200595,25.9573,87.8626,0.19733,0.225705,68.2075,92.3952,1,1,1285.182,nan
closed_eye_0578.jpg_face_1,cerrado,B10,138.0701,0.117313,9.4289,24.5314,100.0,9.1814,CRITICA,5.9823,0.283691,23.8136,82.2327,0.194637,0.224402,65.9124,91.2848,1,1,1542.496,nan
closed_eye_0578.jpg_face_1,cerrado,B15,138.0701,0.117313,14.4344,33.4308,99.797,15.044,CRITICA,6.6752,0.38066,21.4433,75.7871,0.161461,0.207196,37.6321,76.6182,1,1,1276.161,nan
closed_eye_0578.jpg_face_1,cerrado,B25,138.0701,0.117313,24.4679,53.4011,83.5883,26.933,CRITICA,8.3522,0.566614,17.6319,61.3232,0.154404,0.186705,31.6169,59.1506,1,1,1444.252,nan
closed_eye_0578.jpg_face_1,cerrado,B40,138.0701,0.117313,39.5376,75.4369,47.9081,38.8601,CRITICA,10.5529,0.69878,15.6027,45.3633,0.172409,0.154565,46.9647,31.7545,1,1,1384.466,nan
closed_eye_0593.jpg_face_1,cerrado,B5,180.8049,0.208663,4.4529,16.3199,100.0,4.291,CRITICA,3.3957,0.123177,26.3011,90.9737,0.263992,nan,26.5165,nan,1,1,401.494,nan
closed_eye_0593.jpg_face_1,cerrado,B10,180.8049,0.208663,9.5008,23.5378,100.0,5.5875,CRITICA,3.7548,0.183269,24.8624,86.9816,0.250872,0.20281,20.2287,2.8047,1,1,284.042,nan
closed_eye_0593.jpg_face_1,cerrado,B15,180.8049,0.208663,14.4803,30.4773,100.0,8.4852,CRITICA,4.1386,0.246585,23.3716,83.1435,0.258615,0.232079,23.9393,11.222,1,1,357.066,nan
closed_eye_0593.jpg_face_1,cerrado,B25,180.8049,0.208663,24.4575,48.5585,95.3104,16.7103,CRITICA,5.236,0.415829,19.3994,73.1431,0.243542,0.248858,16.7158,19.2633,1,1,356.43,nan
closed_eye_0593.jpg_face_1,cerrado,B40,180.8049,0.208663,39.511,73.7633,59.828,26.2812,CRITICA,6.9292,0.610188,16.143,59.2028,0.215111,0.255168,3.0904,22.2875,1,1,308.49,nan
closed_eye_0597.jpg_face_2,cerrado,B5,73.5876,0.053396,4.4485,16.9637,100.0,5.5361,CRITICA,11.2915,0.3811,25.842,76.9476,0.0765,0.156054,43.2691,192.2588,1,1,432.32,nan
closed_eye_0597.jpg_face_2,cerrado,B10,73.5876,0.053396,9.4547,25.6809,100.0,10.0437,CRITICA,12.489,0.541769,23.2622,65.1015,0.068073,0.093236,27.4867,74.613,1,1,660.066,nan
closed_eye_0597.jpg_face_2,cerrado,B15,73.5876,0.053396,14.5076,35.7072,98.585,16.7106,CRITICA,14.2259,0.68026,20.5678,51.4766,0.060091,0.069816,12.5379,30.752,1,1,682.268,nan
closed_eye_0597.jpg_face_2,cerrado,B25,73.5876,0.053396,24.4954,57.0823,77.9267,30.211,CRITICA,18.5065,0.79251,16.5016,22.4294,0.068867,0.071416,28.9741,33.7487,1,1,677.186,nan
closed_eye_0597.jpg_face_2,cerrado,B40,73.5876,0.053396,39.4713,80.81,49.9213,43.68,BIEN,19.2712,0.682232,14.1568,9.8148,0.085495,0.062803,60.1156,17.6181,1,1,709.371,nan
closed_eye_0602.jpg_face_1,cerrado,B5,92.8185,0.107936,4.6508,18.0029,100.0,9.0855,CRITICA,8.1194,0.228526,24.9288,80.6042,0.124841,nan,15.6623,nan,1,1,531.519,nan
closed_eye_0602.jpg_face_1,cerrado,B10,92.8185,0.107936,9.6463,26.9711,100.0,16.622,CRITICA,9.1302,0.342531,22.1733,70.9421,0.122378,0.145018,13.3805,34.3557,1,1,732.815,nan
closed_eye_0602.jpg_face_1,cerrado,B15,92.8185,0.107936,14.6443,37.0969,96.0383,25.4044,CRITICA,10.459,0.464298,19.5094,60.0329,0.124794,0.134182,15.6191,24.317,1,1,745.101,nan
closed_eye_0602.jpg_face_1,cerrado,B25,92.8185,0.107936,24.6531,53.8256,68.4838,39.5656,CRITICA,13.1014,0.608277,16.8592,42.0098,0.122089,0.11794,13.1125,9.2688,1,1,851.354,nan
closed_eye_0602.jpg_face_1,cerrado,B40,92.8185,0.107936,39.655,71.1255,50.2517,53.8534,CRITICA,16.675,0.656003,15.915,23.3714,0.126833,0.107458,17.5076,0.4423,1,1,762.021,nan
closed_eye_0603.jpg_face_1,cerrado,B5,95.3061,0.054804,4.2897,17.3032,100.0,6.3818,CRITICA,9.0782,0.27981,25.4248,81.8446,0.117516,0.164125,114.4313,199.4776,1,1,562.493,nan
closed_eye_0603.jpg_face_1,cerrado,B10,95.3061,0.054804,9.4617,25.6584,99.9994,10.9818,CRITICA,10.0088,0.4151,23.1342,73.0779,0.068231,0.104997,24.5002,91.5872,1,1,584.693,nan
closed_eye_0603.jpg_face_1,cerrado,B15,95.3061,0.054804,14.4142,35.3826,97.3511,18.4822,CRITICA,11.3253,0.563453,20.3954,62.8748,0.053087,0.087867,3.1331,60.3305,1,1,630.795,nan
closed_eye_0603.jpg_face_1,cerrado,B25,95.3061,0.054804,24.4626,56.5447,76.4705,33.4479,CRITICA,14.7036,0.772359,16.2338,40.6705,0.05953,0.085352,8.6251,55.7407,1,1,534.988,nan
closed_eye_0603.jpg_face_1,cerrado,B40,95.3061,0.054804,39.478,78.1623,53.2212,46.2138,CRITICA,18.5368,0.823013,14.3817,17.9881,0.043953,0.079532,19.7998,45.1212,1,1,588.374,nan
closed_eye_0607.jpg_face_1,cerrado,B5,109.1589,0.047953,4.4375,13.6429,100.0,4.7315,CRITICA,7.6973,0.131095,28.5391,87.5018,0.106589,nan,122.2787,nan,1,1,3584.229,nan
closed_eye_0607.jpg_face_1,cerrado,B10,109.1589,0.047953,9.4422,20.9372,100.0,7.6232,CRITICA,8.3734,0.217155,26.4941,80.8195,0.069438,0.104151,44.8055,117.1938,1,1,3725.783,nan
closed_eye_0607.jpg_face_1,cerrado,B15,109.1589,0.047953,14.5155,29.4103,100.0,12.9006,CRITICA,9.3014,0.344941,23.8772,73.0574,0.051493,0.096997,7.3822,102.2756,1,1,3984.064,nan
closed_eye_0607.jpg_face_1,cerrado,B25,109.1589,0.047953,24.5285,46.259,91.6139,23.4664,CRITICA,11.4512,0.596247,20.1419,57.6223,0.037879,0.060647,21.0074,26.4723,1,1,3606.203,nan
closed_eye_0607.jpg_face_1,cerrado,B40,109.1589,0.047953,39.5104,67.5437,59.0665,34.1384,CRITICA,15.0092,0.791633,17.8181,38.1235,0.041691,0.059706,13.0573,24.509,1,1,3639.01,nan
closed_eye_0619.jpg_face_1,cerrado,B5,77.5804,0.10316,4.4171,15.6757,100.0,5.8137,CRITICA,10.2824,0.234997,26.7515,79.7943,0.178764,0.190255,73.288,84.4273,1,1,3454.231,nan
closed_eye_0619.jpg_face_1,cerrado,B10,77.5804,0.10316,9.4631,23.9813,100.0,10.7845,CRITICA,11.3749,0.413317,24.237,69.0885,0.192564,0.213343,86.6653,106.8077,1,1,4531.038,nan
closed_eye_0619.jpg_face_1,cerrado,B15,77.5804,0.10316,14.4923,33.1359,98.7928,17.7094,CRITICA,12.8837,0.593146,21.6895,57.2883,0.188,0.19564,82.241,89.6478,1,1,4235.494,nan
closed_eye_0619.jpg_face_1,cerrado,B25,77.5804,0.10316,24.4957,49.6652,80.2883,29.1266,CRITICA,16.1999,0.815257,18.7478,35.9822,0.146703,0.126406,42.2092,22.5343,1,1,4212.3,nan
closed_eye_0619.jpg_face_1,cerrado,B40,77.5804,0.10316,39.4809,70.2836,60.3604,39.832,CRITICA,21.2062,0.846481,17.0551,9.4054,0.102867,0.120641,0.2843,16.9459,1,1,4564.126,nan
closed_eye_0622.jpg_face_1,cerrado,B5,115.9572,0.111137,4.5518,18.0859,100.0,5.0757,CRITICA,7.1276,0.141707,25.1774,84.4029,0.161577,nan,45.386,nan,1,1,4280.822,nan
closed_eye_0622.jpg_face_1,cerrado,B10,115.9572,0.111137,9.5742,26.4777,100.0,9.4777,CRITICA,7.8348,0.252059,22.9212,77.166,0.114566,0.158223,3.0856,42.3678,1,1,6176.652,nan
closed_eye_0622.jpg_face_1,cerrado,B15,115.9572,0.111137,14.4815,35.6848,99.9244,14.6686,CRITICA,8.7253,0.395577,20.7912,69.2259,0.110043,0.148464,0.984,33.5866,1,1,4816.955,nan
closed_eye_0622.jpg_face_1,cerrado,B25,115.9572,0.111137,24.5349,54.7659,79.1131,26.7868,CRITICA,10.8653,0.639916,17.4321,52.7705,0.11142,0.119232,0.2547,7.284,1,1,5555.555,nan
closed_eye_0622.jpg_face_1,cerrado,B40,115.9572,0.111137,39.518,74.7808,48.4253,36.8998,CRITICA,13.6271,0.765278,16.0373,35.51,0.124,0.113169,11.5746,1.8285,1,1,3174.603,nan
closed_eye_0625.jpg_face_2,cerrado,B5,149.5639,0.049821,4.3873,24.3351,100.0,4.3906,CRITICA,5.4026,0.090657,22.0058,83.7293,0.176501,nan,254.268,nan,1,1,6215.04,nan
closed_eye_0625.jpg_face_2,cerrado,B10,149.5639,0.049821,9.4646,31.939,100.0,8.8957,CRITICA,5.9425,0.20297,20.6565,78.6452,0.112694,nan,126.1953,nan,1,1,5824.112,nan
closed_eye_0625.jpg_face_2,cerrado,B15,149.5639,0.049821,14.5273,41.5633,99.5935,13.3165,CRITICA,6.6451,0.336833,18.8704,72.2103,0.099648,0.14308,100.0105,187.1866,1,1,5425.936,nan
closed_eye_0625.jpg_face_2,cerrado,B25,149.5639,0.049821,24.482,63.1074,71.7189,25.5513,CRITICA,8.4272,0.5722,15.4161,57.8057,0.065345,0.071469,31.1586,43.4509,1,1,5359.057,nan
closed_eye_0625.jpg_face_2,cerrado,B40,149.5639,0.049821,39.4866,84.7828,44.8897,36.1871,BIEN,10.5606,0.677017,13.7797,43.3133,nan,0.066812,nan,34.1029,1,0,6618.134,nan
closed_eye_0627.jpg_face_1,cerrado,B5,128.3333,0.058276,4.4893,11.9613,100.0,3.1802,CRITICA,6.136,0.105045,30.0829,90.6795,0.183919,nan,215.5986,nan,1,1,3741.115,nan
closed_eye_0627.jpg_face_1,cerrado,B10,128.3333,0.058276,9.512,18.7673,100.0,4.6604,CRITICA,6.5968,0.169635,28.5555,85.3762,0.100935,0.159369,73.2006,173.4721,1,1,4284.49,nan
closed_eye_0627.jpg_face_1,cerrado,B15,128.3333,0.058276,14.4698,24.5028,100.0,6.6567,CRITICA,7.0629,0.237604,27.6053,80.9069,0.07468,0.1068,28.1474,83.2643,1,1,3484.321,nan
closed_eye_0627.jpg_face_1,cerrado,B25,128.3333,0.058276,24.5467,40.3786,100.0,12.8695,CRITICA,8.4636,0.435696,23.2841,68.5361,0.063614,0.082167,9.1592,40.9954,1,1,2986.858,nan
closed_eye_0627.jpg_face_1,cerrado,B40,128.3333,0.058276,39.4877,63.2559,78.1529,20.6462,CRITICA,10.9192,0.653625,19.6601,50.7096,0.071738,0.086183,23.1,47.8865,1,1,4235.494,nan
closed_eye_0639.jpg_face_2,cerrado,B5,209.4695,0.043456,4.3871,14.9659,100.0,2.9611,CRITICA,2.213,0.097949,27.3777,92.8553,0.150012,nan,245.2087,nan,1,1,501.655,nan
closed_eye_0639.jpg_face_2,cerrado,B10,209.4695,0.043456,9.3187,22.7569,100.0,4.1574,CRITICA,2.5592,0.151842,25.222,89.1359,0.079292,0.175003,82.4672,302.7173,1,1,984.64,nan
closed_eye_0639.jpg_face_2,cerrado,B15,209.4695,0.043456,14.3884,28.3328,100.0,5.5449,CRITICA,2.8225,0.198,24.713,86.474,0.033588,0.155893,22.7079,258.7407,1,1,961.261,nan
closed_eye_0639.jpg_face_2,cerrado,B25,209.4695,0.043456,24.5216,46.5812,99.9905,11.2874,CRITICA,3.7444,0.357703,20.4897,77.7623,0.038188,0.055644,12.1218,28.0485,1,1,923.617,nan
closed_eye_0639.jpg_face_2,cerrado,B40,209.4695,0.043456,39.5048,68.9977,72.5747,17.0496,CRITICA,4.9956,0.525156,17.8673,67.0608,0.039212,0.045351,9.7653,4.3613,1,1,883.47,nan
closed_eye_0641.jpg_face_1,cerrado,B5,209.7663,0.021436,4.2875,13.1773,100.0,2.5196,CRITICA,2.2309,0.087319,28.8507,93.7181,0.187925,nan,776.666,nan,1,1,1461.988,nan
closed_eye_0641.jpg_face_1,cerrado,B10,209.7663,0.021436,9.3029,21.0538,100.0,3.5683,CRITICA,2.572,0.145181,26.4578,89.9632,nan,nan,nan,nan,1,0,1541.545,nan
closed_eye_0641.jpg_face_1,cerrado,B15,209.7663,0.021436,14.5166,26.4895,100.0,4.6247,CRITICA,2.8285,0.187198,26.0964,87.3719,nan,0.168019,nan,683.806,1,0,1582.028,nan
closed_eye_0641.jpg_face_1,cerrado,B25,209.7663,0.021436,24.4338,41.8106,100.0,9.5866,CRITICA,3.5932,0.317425,22.343,80.068,0.08143,0.110807,279.8682,416.9154,1,1,1467.567,nan
closed_eye_0641.jpg_face_1,cerrado,B40,209.7663,0.021436,39.5023,64.2445,86.9643,13.6764,CRITICA,4.8274,0.486289,19.4285,69.3733,0.028066,0.067952,30.9267,216.994,1,1,1564.211,nan
closed_eye_0653.jpg_face_2,cerrado,B5,185.9241,0.079739,4.4728,14.8624,100.0,3.5361,CRITICA,3.4558,0.127339,27.4915,92.0062,0.180031,nan,125.7761,nan,1,1,775.675,nan
closed_eye_0653.jpg_face_2,cerrado,B10,185.9241,0.079739,9.4995,21.9863,100.0,4.4322,CRITICA,3.8122,0.192411,25.8383,88.1746,nan,nan,nan,nan,1,0,1014.816,nan
closed_eye_0653.jpg_face_2,cerrado,B15,185.9241,0.079739,14.5155,27.8628,100.0,5.816,CRITICA,4.1209,0.248709,25.0446,85.0139,0.081719,nan,2.484,nan,1,1,915.416,nan
closed_eye_0653.jpg_face_2,cerrado,B25,185.9241,0.079739,24.5199,44.8724,99.8443,12.6044,CRITICA,5.119,0.399426,21.0914,75.8652,0.072702,nan,8.8248,nan,1,1,1025.22,nan
closed_eye_0653.jpg_face_2,cerrado,B40,185.9241,0.079739,39.4973,69.0009,70.1587,20.9684,CRITICA,6.7062,0.574407,17.6233,62.8876,0.081493,0.066406,2.2005,16.7206,1,1,967.212,nan
closed_eye_0657.jpg_face_1,cerrado,B5,165.9157,0.032275,4.3923,17.3394,100.0,5.3678,CRITICA,3.6798,0.11548,25.5681,89.5493,0.153033,nan,374.1515,nan,1,1,2266.546,nan
closed_eye_0657.jpg_face_1,cerrado,B10,165.9157,0.032275,9.5103,25.5877,100.0,9.1495,CRITICA,4.1485,0.18415,23.4916,84.5779,0.096778,0.155137,199.8517,380.6686,1,1,2673.797,nan
closed_eye_0657.jpg_face_1,cerrado,B15,165.9157,0.032275,14.4787,34.0592,100.0,14.1593,CRITICA,4.6707,0.264963,21.4708,79.472,0.09886,0.110866,206.3041,243.5016,1,1,2400.384,nan
closed_eye_0657.jpg_face_1,cerrado,B25,165.9157,0.032275,24.4753,55.2796,78.8447,27.2238,CRITICA,6.1613,0.459331,17.0506,66.6821,0.065275,0.078866,102.2461,144.3545,1,1,2566.735,nan
closed_eye_0657.jpg_face_1,cerrado,B40,165.9157,0.032275,39.484,79.5016,48.0623,39.0574,CRITICA,8.1638,0.632913,14.7337,52.0831,0.053159,0.050464,64.7058,56.3562,1,1,2478.315,nan
closed_eye_0658.jpg_face_2,cerrado,B5,144.1252,0.072656,4.3946,16.4113,100.0,4.4112,CRITICA,5.4792,0.122382,26.2528,88.6132,0.129122,nan,77.7172,nan,1,1,2037.49,nan
closed_eye_0658.jpg_face_2,cerrado,B10,144.1252,0.072656,9.4165,24.3968,100.0,7.075,CRITICA,6.0211,0.20048,24.1952,83.0725,0.071519,0.144467,1.5643,98.8376,1,1,2150.538,nan
closed_eye_0658.jpg_face_2,cerrado,B15,144.1252,0.072656,14.4915,31.5914,100.0,10.9735,CRITICA,6.5702,0.283225,22.6943,78.0806,0.071921,0.123275,1.0115,69.6704,1,1,1989.654,nan
closed_eye_0658.jpg_face_2,cerrado,B25,144.1252,0.072656,24.524,50.539,88.3891,22.438,CRITICA,8.217,0.51088,18.477,64.934,0.051305,0.081491,29.3864,12.1601,1,1,2155.172,nan
closed_eye_0658.jpg_face_2,cerrado,B40,144.1252,0.072656,39.4782,76.8957,57.564,33.3747,CRITICA,10.8744,0.71724,15.2577,46.6466,0.07212,0.069029,0.7377,4.9922,1,1,1873.712,nan
closed_eye_0665.jpg_face_1,cerrado,B5,165.9209,0.077106,4.3913,20.3272,100.0,5.4459,CRITICA,4.593,0.077868,23.7112,87.7489,0.227872,nan,195.531,nan,1,1,5797.101,nan
closed_eye_0665.jpg_face_1,cerrado,B10,165.9209,0.077106,9.3578,28.2427,100.0,6.9569,CRITICA,5.0483,0.133839,22.3357,82.9782,0.08917,0.21693,15.6465,181.3408,1,1,4180.602,nan
closed_eye_0665.jpg_face_1,cerrado,B15,165.9209,0.077106,14.4703,35.5523,99.9681,11.3218,CRITICA,5.5519,0.237113,20.9836,78.5727,0.168813,0.135671,118.936,75.9544,1,1,5263.157,nan
closed_eye_0665.jpg_face_1,cerrado,B25,165.9209,0.077106,24.4994,54.7213,84.8533,20.945,CRITICA,6.9789,0.473253,17.53,67.0196,0.141142,0.107113,83.05,38.9161,1,1,5599.104,nan
closed_eye_0665.jpg_face_1,cerrado,B40,165.9209,0.077106,39.5596,77.9518,54.4005,29.7759,CRITICA,8.9211,0.669331,15.3099,53.0187,0.122899,0.089721,59.3892,16.3601,1,1,4058.441,nan
closed_eye_0668.jpg_face_1,cerrado,B5,124.8896,0.049592,4.4496,16.2432,100.0,4.5077,CRITICA,6.4296,0.199197,26.5871,86.994,0.10069,0.210086,103.0366,323.6284,1,1,1325.381,nan
closed_eye_0668.jpg_face_1,cerrado,B10,124.8896,0.049592,9.5465,23.1313,100.0,6.5269,CRITICA,6.9386,0.289454,25.1014,81.4786,0.083941,0.155036,69.2624,212.6229,1,1,1350.804,nan
closed_eye_0668.jpg_face_1,cerrado,B15,124.8896,0.049592,14.4132,30.285,100.0,10.7169,CRITICA,7.5924,0.392977,23.3281,75.7506,0.070579,0.124842,42.3185,151.7373,1,1,1266.785,nan
closed_eye_0668.jpg_face_1,cerrado,B25,124.8896,0.049592,24.5523,50.5289,91.3859,22.1821,CRITICA,9.548,0.625129,18.6098,59.5411,0.061704,0.087089,24.4237,75.6116,1,1,1439.47,nan
closed_eye_0668.jpg_face_1,cerrado,B40,124.8896,0.049592,39.4697,73.9376,54.7189,31.9295,CRITICA,12.3364,0.77319,16.119,40.7977,0.059456,0.069591,19.8894,40.3262,1,1,1373.249,nan
closed_eye_0670.jpg_face_1,cerrado,B5,93.8061,0.077601,4.4843,17.9885,100.0,10.6607,CRITICA,7.4423,0.368441,24.6,80.8237,0.160193,0.1896,106.4317,144.3272,1,1,751.541,nan
closed_eye_0670.jpg_face_1,cerrado,B10,93.8061,0.077601,9.5062,28.8639,97.9172,21.2743,CRITICA,8.6747,0.48665,20.7519,69.2303,0.138954,0.149012,79.0621,92.0228,1,1,870.095,nan
closed_eye_0670.jpg_face_1,cerrado,B15,93.8061,0.077601,14.513,40.2486,83.0091,33.2212,CRITICA,10.2085,0.596166,17.7474,57.0938,0.119034,0.137402,53.3928,77.0619,1,1,829.876,nan
closed_eye_0670.jpg_face_1,cerrado,B25,93.8061,0.077601,24.5075,56.8676,69.0586,47.7598,CRITICA,12.7016,0.706327,15.6414,39.3775,0.11734,0.113593,51.209,46.3807,1,1,823.588,nan
closed_eye_0670.jpg_face_1,cerrado,B40,93.8061,0.077601,39.502,73.9608,59.5195,59.4813,CRITICA,15.621,0.722432,15.3019,21.1557,0.0991,0.09642,27.7051,24.2507,1,1,741.895,nan
closed_eye_0675.jpg_face_1,cerrado,B5,111.8943,0.148832,4.6309,17.6281,100.0,8.612,CRITICA,6.237,0.209746,25.1922,84.2458,0.153492,0.190238,3.1308,27.8206,1,1,777.665,nan
closed_eye_0675.jpg_face_1,cerrado,B10,111.8943,0.148832,9.6323,26.0175,100.0,15.2957,CRITICA,6.9838,0.301967,22.8036,76.7482,0.122275,0.156596,17.8436,5.2168,1,1,813.339,nan
closed_eye_0675.jpg_face_1,cerrado,B15,111.8943,0.148832,14.6281,36.4898,97.9168,24.5217,CRITICA,8.04,0.414702,19.8594,67.389,0.124449,0.152102,16.3828,2.1973,1,1,530.223,nan
closed_eye_0675.jpg_face_1,cerrado,B25,111.8943,0.148832,24.6314,54.431,66.4287,39.7449,CRITICA,10.15,0.580982,16.6707,51.355,0.139941,0.141857,5.9735,4.6867,1,1,641.313,nan
closed_eye_0675.jpg_face_1,cerrado,B40,111.8943,0.148832,39.6188,73.036,51.1541,54.6464,CRITICA,12.8471,0.658671,15.4261,34.7277,0.154806,0.137984,4.0143,7.2888,1,1,712.657,nan
closed_eye_0682.jpg_face_3,cerrado,B5,175.014,0.04641,4.4467,15.9802,100.0,4.5267,CRITICA,3.4684,0.124741,26.6057,90.8692,0.125934,nan,171.3476,nan,1,1,1614.726,nan
closed_eye_0682.jpg_face_3,cerrado,B10,175.014,0.04641,9.5138,22.6073,100.0,6.6816,CRITICA,3.8286,0.179768,25.3535,87.0826,0.091134,0.153094,96.3643,229.8697,1,1,1403.509,nan
closed_eye_0682.jpg_face_3,cerrado,B15,175.014,0.04641,14.4969,29.6429,100.0,10.2741,CRITICA,4.2386,0.245567,23.8712,83.0626,0.059954,0.12675,29.1831,173.1056,1,1,1719.986,nan
closed_eye_0682.jpg_face_3,cerrado,B25,175.014,0.04641,24.4359,47.5517,93.9061,20.7032,CRITICA,5.3842,0.413389,19.6952,72.8298,0.046245,0.096047,0.3556,106.9507,1,1,1688.334,nan
closed_eye_0682.jpg_face_3,cerrado,B40,175.014,0.04641,39.4998,70.772,56.8006,32.245,CRITICA,7.0202,0.589425,16.6507,59.5621,0.033758,0.059443,27.2617,28.0813,1,1,1807.011,nan
closed_eye_0685.jpg_face_2,cerrado,B5,120.9633,0.152504,4.5237,16.2093,100.0,6.1123,CRITICA,6.4048,0.230109,26.4111,86.5999,nan,nan,nan,nan,1,0,861.252,nan
closed_eye_0685.jpg_face_2,cerrado,B10,120.9633,0.152504,9.5806,22.5309,100.0,9.7039,CRITICA,6.9405,0.319124,25.1382,81.3738,0.137156,0.227448,10.0641,49.1422,1,1,934.579,nan
closed_eye_0685.jpg_face_2,cerrado,B15,120.9633,0.152504,14.6144,31.5552,99.99,16.0015,CRITICA,7.7778,0.439667,22.3382,73.9134,0.177041,0.206701,16.0895,35.538,1,1,985.222,nan
closed_eye_0685.jpg_face_2,cerrado,B25,120.9633,0.152504,24.5427,47.5436,82.9609,27.5906,CRITICA,9.4779,0.614724,18.9985,60.6959,0.181224,0.173655,18.8322,13.8688,1,1,899.766,nan
closed_eye_0685.jpg_face_2,cerrado,B40,120.9633,0.152504,39.4416,66.2821,62.6765,38.882,CRITICA,11.7894,0.749002,17.2223,45.2048,0.170753,0.146027,11.9661,4.2475,1,1,885.112,nan
closed_eye_0686.jpg_face_1,cerrado,B5,174.164,0.073765,4.3821,16.099,100.0,3.9732,CRITICA,3.8539,0.10693,26.4407,90.7564,0.123924,nan,67.9989,nan,1,1,1302.253,nan
closed_eye_0686.jpg_face_1,cerrado,B10,174.164,0.073765,9.3033,24.0518,100.0,5.7947,CRITICA,4.2764,0.170477,24.408,86.1901,0.147385,0.172451,99.8043,133.786,1,1,1340.662,nan
closed_eye_0686.jpg_face_1,cerrado,B15,174.164,0.073765,14.3932,31.2185,100.0,8.7612,CRITICA,4.699,0.237959,22.9848,82.0752,0.088505,0.174938,19.9826,137.1578,1,1,1464.343,nan
closed_eye_0686.jpg_face_1,cerrado,B25,174.164,0.073765,24.4818,50.8836,94.3629,17.6549,CRITICA,5.968,0.441541,18.6614,70.7841,0.063833,0.134491,13.4633,82.3249,1,1,1336.541,nan
closed_eye_0686.jpg_face_1,cerrado,B40,174.164,0.073765,39.4897,76.1308,54.9224,27.0138,CRITICA,7.8186,0.634512,15.6891,56.2878,0.062527,0.130962,15.2345,77.5405,1,1,1307.19,nan
closed_eye_0690.jpg_face_1,cerrado,B5,142.17,0.150732,4.5437,14.9754,100.0,3.7248,CRITICA,5.3065,0.174384,27.3774,89.4666,nan,nan,nan,nan,1,0,579.106,nan
closed_eye_0690.jpg_face_1,cerrado,B10,142.17,0.150732,9.4008,22.038,100.0,5.6245,CRITICA,5.7246,0.26093,25.7395,84.4988,0.189929,0.195983,26.0044,30.0205,1,1,677.323,nan
closed_eye_0690.jpg_face_1,cerrado,B15,142.17,0.150732,14.4005,28.6959,100.0,7.9782,CRITICA,6.2019,0.346613,24.3333,79.8158,0.174902,0.162675,16.0345,7.9228,1,1,606.428,nan
closed_eye_0690.jpg_face_1,cerrado,B25,142.17,0.150732,24.5,46.0661,97.046,16.9427,CRITICA,7.5814,0.543284,20.1937,67.5978,0.144309,0.160971,4.2616,6.7925,1,1,713.725,nan
closed_eye_0690.jpg_face_1,cerrado,B40,142.17,0.150732,39.4794,69.886,65.7111,26.6791,CRITICA,9.6706,0.72764,16.9188,50.8434,0.121438,0.170515,19.4348,13.1242,1,1,758.323,nan
closed_eye_0695.jpg_face_2,cerrado,B5,83.6808,0.103247,4.5575,16.8548,100.0,7.8616,CRITICA,8.855,0.460184,25.6842,79.8582,0.109876,0.192292,6.4202,86.2451,1,1,1228.501,nan
closed_eye_0695.jpg_face_2,cerrado,B10,83.6808,0.103247,9.4789,25.3586,100.0,15.3368,CRITICA,9.9024,0.556742,22.8957,69.696,0.10254,0.141879,0.6845,37.4171,1,1,1349.346,nan
closed_eye_0695.jpg_face_2,cerrado,B15,83.6808,0.103247,14.4769,36.7885,93.0934,25.8417,CRITICA,11.4758,0.647007,19.4949,56.0371,0.103744,0.118652,0.4819,14.9209,1,1,1442.585,nan
closed_eye_0695.jpg_face_2,cerrado,B25,83.6808,0.103247,24.483,54.3937,67.6087,40.8233,CRITICA,14.4146,0.728643,16.688,34.9986,0.095307,0.109598,7.6898,6.1509,1,1,1396.843,nan
closed_eye_0695.jpg_face_2,cerrado,B40,83.6808,0.103247,39.4608,72.2375,60.7344,53.6557,CRITICA,17.693,0.732453,15.7833,13.6749,0.10074,0.111435,2.4284,7.9307,1,1,1433.897,nan
closed_eye_0698.jpg_face_1,cerrado,B5,127.8524,0.097811,4.3501,15.2079,100.0,4.6026,CRITICA,6.4923,0.089879,26.9812,88.1051,0.187473,nan,91.6682,nan,1,1,3968.254,nan
closed_eye_0698.jpg_face_1,cerrado,B10,127.8524,0.097811,9.3924,23.3111,100.0,7.2423,CRITICA,7.1104,0.168383,24.8264,81.7671,0.136923,0.185578,39.9877,89.7316,1,1,4325.259,nan
closed_eye_0698.jpg_face_1,cerrado,B15,127.8524,0.097811,14.4948,30.8887,100.0,11.0078,CRITICA,7.7669,0.276563,23.1073,75.8404,0.105742,0.142836,8.1082,46.0324,1,1,3831.418,nan
closed_eye_0698.jpg_face_1,cerrado,B25,127.8524,0.097811,24.5172,48.5799,92.2647,20.5281,CRITICA,9.5414,0.54664,19.381,62.0032,0.101148,0.132145,3.4115,35.1025,1,1,4977.601,nan
closed_eye_0698.jpg_face_1,cerrado,B40,127.8524,0.097811,39.5309,69.5197,62.1528,29.2181,CRITICA,12.0432,0.754471,17.3451,45.6251,0.096843,0.11872,0.9901,21.3773,1,1,2813.731,nan
closed_eye_0713.jpg_face_1,cerrado,B5,169.6823,0.051631,4.3686,15.8615,100.0,3.6375,CRITICA,3.8801,0.096675,26.68,90.6522,0.163749,nan,217.1547,nan,1,1,2758.621,nan
closed_eye_0713.jpg_face_1,cerrado,B10,169.6823,0.051631,9.3984,24.254,100.0,5.7706,CRITICA,4.3405,0.162975,24.4385,85.7063,0.122102,0.210516,136.4914,307.7353,1,1,3843.198,nan
closed_eye_0713.jpg_face_1,cerrado,B15,169.6823,0.051631,14.4807,33.0735,100.0,9.0454,CRITICA,4.8697,0.245801,22.4035,80.5086,0.101932,0.151585,97.426,193.5954,1,1,3727.171,nan
closed_eye_0713.jpg_face_1,cerrado,B25,169.6823,0.051631,24.4613,52.6137,92.4302,18.3818,CRITICA,6.2308,0.456702,18.4212,68.9928,0.05797,0.108867,12.2782,110.8568,1,1,3714.71,nan
closed_eye_0713.jpg_face_1,cerrado,B40,169.6823,0.051631,39.5062,78.8322,49.6252,28.7718,CRITICA,8.4085,0.676601,15.4757,53.5413,0.052069,0.073728,0.8481,42.799,1,1,3372.681,nan
closed_eye_0717.jpg_face_4,cerrado,B5,116.3901,0.091851,4.4727,15.4318,100.0,4.3257,CRITICA,7.3516,0.181434,27.0401,86.7413,0.127712,nan,39.0434,nan,1,1,2359.603,nan
closed_eye_0717.jpg_face_4,cerrado,B10,116.3901,0.091851,9.397,22.579,100.0,5.6766,CRITICA,7.9231,0.275196,25.4857,80.6006,0.076432,0.142917,16.7868,55.5969,1,1,2209.945,nan
closed_eye_0717.jpg_face_4,cerrado,B15,116.3901,0.091851,14.5342,30.0351,100.0,9.1171,CRITICA,8.6673,0.387964,23.7948,74.1945,0.077151,0.122277,16.0039,33.1252,1,1,2211.411,nan
closed_eye_0717.jpg_face_4,cerrado,B25,116.3901,0.091851,24.4816,49.3452,94.2645,19.9782,CRITICA,10.8629,0.621885,19.138,57.6036,0.065358,0.099329,28.8438,8.1417,1,1,2439.025,nan
closed_eye_0717.jpg_face_4,cerrado,B40,116.3901,0.091851,39.5023,78.9966,47.0516,32.0536,CRITICA,15.3333,0.763256,15.1237,32.1278,0.067715,0.087466,26.2772,4.7737,1,1,2585.315,nan
closed_eye_0721.jpg_face_4,cerrado,B5,166.9159,0.068403,4.3645,17.207,100.0,3.9331,CRITICA,4.2862,0.11577,25.7947,89.6912,0.193003,0.223137,182.1559,226.2095,1,1,1208.021,nan
closed_eye_0721.jpg_face_4,cerrado,B10,166.9159,0.068403,9.4043,24.3689,100.0,5.5012,CRITICA,4.6859,0.177811,24.3413,85.4005,0.100418,0.17821,46.8039,160.5301,1,1,1237.317,nan
closed_eye_0721.jpg_face_4,cerrado,B15,166.9159,0.068403,14.5843,32.2297,100.0,8.3126,CRITICA,5.1731,0.260132,22.6623,80.6911,0.073767,0.143917,7.8414,110.3952,1,1,1215.658,nan
closed_eye_0721.jpg_face_4,cerrado,B25,166.9159,0.068403,24.5114,52.0507,95.1782,17.1091,CRITICA,6.5073,0.468477,18.4888,68.8162,0.072629,0.091029,6.1786,33.0775,1,1,1147.974,nan
closed_eye_0721.jpg_face_4,cerrado,B40,166.9159,0.068403,39.4851,78.922,48.3341,27.9062,CRITICA,8.6022,0.681033,15.1411,52.7175,0.078981,0.070103,15.4641,2.4857,1,1,1239.465,nan
closed_eye_0727.jpg_face_1,cerrado,B5,134.5152,0.074029,4.3487,17.159,100.0,4.866,CRITICA,6.1159,0.120432,25.694,87.2438,0.193195,0.20592,160.9716,178.1609,1,1,1607.717,nan
closed_eye_0727.jpg_face_1,cerrado,B10,134.5152,0.074029,9.4976,26.2639,100.0,8.4314,CRITICA,6.7962,0.221323,23.1667,80.4751,0.135333,0.172691,82.811,133.2744,1,1,1949.698,nan
closed_eye_0727.jpg_face_1,cerrado,B15,134.5152,0.074029,14.4566,35.5093,99.8337,13.6996,CRITICA,7.5896,0.345823,20.8993,73.602,0.104786,0.153761,41.5477,107.7039,1,1,1929.385,nan
closed_eye_0727.jpg_face_1,cerrado,B25,134.5152,0.074029,24.4848,57.6179,80.0235,26.95,CRITICA,9.7875,0.629494,16.472,57.1663,0.088914,0.143943,20.1073,94.4414,1,1,1839.25,nan
closed_eye_0727.jpg_face_1,cerrado,B40,134.5152,0.074029,39.4912,87.4805,44.7604,40.9313,BIEN,13.3297,0.802576,13.16,34.9661,0.092507,0.110379,24.9603,49.1028,1,1,1798.561,nan
closed_eye_0735.jpg_face_4,cerrado,B5,101.8221,0.092897,4.6494,16.4226,100.0,3.8953,CRITICA,8.615,0.266172,26.3306,83.8712,0.154086,nan,65.8684,nan,1,1,796.369,nan
closed_eye_0735.jpg_face_4,cerrado,B10,101.8221,0.092897,9.3904,23.6538,100.0,5.6614,CRITICA,9.2788,0.38281,24.7835,76.7694,0.095319,0.14412,2.6076,55.14,1,1,819.739,nan
closed_eye_0735.jpg_face_4,cerrado,B15,101.8221,0.092897,14.5128,30.5088,99.9788,8.0455,CRITICA,10.0422,0.492348,23.5041,70.0372,0.091773,0.114197,1.2097,22.9294,1,1,718.391,nan
closed_eye_0735.jpg_face_4,cerrado,B25,101.8221,0.092897,24.4769,49.8434,96.4802,16.9032,CRITICA,12.5266,0.713511,19.1126,51.0485,0.098395,0.095045,5.9186,2.3122,1,1,736.54,nan
closed_eye_0735.jpg_face_4,cerrado,B40,101.8221,0.092897,39.4658,75.0263,53.8164,27.4657,CRITICA,16.5436,0.80946,15.8935,26.3162,0.087537,0.103027,5.7701,10.9048,1,1,780.64,nan
closed_eye_0745.jpg_face_2,cerrado,B5,138.3415,0.063277,4.3205,16.6696,100.0,4.2961,CRITICA,5.9066,0.13683,26.087,87.9504,0.123088,nan,94.5218,nan,1,1,2679.528,nan
closed_eye_0745.jpg_face_2,cerrado,B10,138.3415,0.063277,9.369,24.494,100.0,6.3937,CRITICA,6.4574,0.219167,24.2069,82.2946,0.07895,0.131069,24.7689,107.1352,1,1,2702.703,nan
closed_eye_0745.jpg_face_2,cerrado,B15,138.3415,0.063277,14.5561,33.6225,100.0,10.2391,CRITICA,7.176,0.331916,21.948,75.696,0.053294,0.087777,15.7772,38.7192,1,1,3092.146,nan
closed_eye_0745.jpg_face_2,cerrado,B25,138.3415,0.063277,24.4933,57.7504,83.1001,21.9815,CRITICA,9.3697,0.592627,16.8629,58.2552,0.059459,0.082821,6.0336,30.8868,1,1,2453.386,nan
closed_eye_0745.jpg_face_2,cerrado,B40,138.3415,0.063277,39.4927,84.3763,36.6715,32.0171,BIEN,12.5547,0.757635,14.2774,39.0087,0.053164,0.060204,15.9817,4.8571,1,1,2904.444,nan
closed_eye_0754.jpg_face_1,cerrado,B5,153.0647,0.024022,4.3077,21.2959,100.0,4.847,CRITICA,5.2695,0.097036,23.3288,86.087,0.162488,nan,576.4165,nan,1,1,4541.326,nan
closed_eye_0754.jpg_face_1,cerrado,B10,153.0647,0.024022,9.5329,28.5754,100.0,7.6367,CRITICA,5.7613,0.16462,22.0932,81.3311,0.070459,0.139322,193.3104,479.9795,1,1,5367.687,nan
closed_eye_0754.jpg_face_1,cerrado,B15,153.0647,0.024022,14.5422,38.1024,99.963,12.7429,CRITICA,6.4507,0.286372,20.0051,75.107,0.068621,0.102374,185.6609,326.1711,1,1,5760.368,nan
closed_eye_0754.jpg_face_1,cerrado,B25,153.0647,0.024022,24.466,57.4919,83.321,22.2351,CRITICA,8.0027,0.527026,16.8218,62.4395,0.054945,0.069348,128.7307,188.6855,1,1,4000.0,nan
closed_eye_0754.jpg_face_1,cerrado,B40,153.0647,0.024022,39.4867,78.091,48.9645,31.0093,CRITICA,9.9561,0.680132,15.2574,48.9817,0.024467,0.039435,1.8534,64.1628,1,1,6016.848,nan
closed_eye_0767.jpg_face_2,cerrado,B5,137.3077,0.075354,4.2917,24.2695,100.0,4.1486,CRITICA,6.2576,0.10153,21.9842,82.3247,0.147159,nan,95.2887,nan,1,1,6024.096,nan
closed_eye_0767.jpg_face_2,cerrado,B10,137.3077,0.075354,9.4575,33.0069,100.0,9.6631,CRITICA,6.9714,0.222619,20.2065,75.9613,0.082148,0.159508,9.0157,111.6773,1,1,6600.661,nan
closed_eye_0767.jpg_face_2,cerrado,B15,137.3077,0.075354,14.5321,43.5751,98.6979,15.2564,CRITICA,7.8579,0.368063,18.1828,68.2647,0.075579,0.153837,0.2974,104.1514,1,1,5050.505,nan
closed_eye_0767.jpg_face_2,cerrado,B25,137.3077,0.075354,24.5312,62.8129,72.7865,26.6016,CRITICA,9.6674,0.566743,15.4008,54.2539,0.082251,0.107347,9.1526,42.4562,1,1,5665.722,nan
closed_eye_0767.jpg_face_2,cerrado,B40,137.3077,0.075354,39.5,85.3772,42.7083,36.4825,BIEN,12.1757,0.67813,13.683,37.8206,0.085087,0.072161,12.9162,4.2379,1,1,4675.082,nan
closed_eye_0770.jpg_face_1,cerrado,B5,142.9968,0.042949,4.5598,16.4868,100.0,4.027,CRITICA,5.3483,0.179802,26.2935,88.4705,0.11828,nan,175.3951,nan,1,1,599.592,nan
closed_eye_0770.jpg_face_1,cerrado,B10,142.9968,0.042949,9.4088,23.8957,100.0,6.1613,CRITICA,5.8166,0.264656,24.6715,83.2893,0.062346,0.146862,45.1616,241.9452,1,1,542.123,nan
closed_eye_0770.jpg_face_1,cerrado,B15,142.9968,0.042949,14.4948,30.8735,100.0,8.9216,CRITICA,6.3402,0.352557,23.2601,78.4097,0.06161,0.098318,43.4477,128.9183,1,1,613.346,nan
closed_eye_0770.jpg_face_1,cerrado,B25,142.9968,0.042949,24.4964,50.6966,94.5872,19.0713,CRITICA,7.995,0.566954,18.7654,64.547,0.051886,0.069642,20.808,62.1509,1,1,549.269,nan
closed_eye_0770.jpg_face_1,cerrado,B40,142.9968,0.042949,39.4723,74.8813,51.4605,28.6921,CRITICA,10.322,0.743483,15.9853,47.6343,0.050254,0.053603,17.0071,24.8047,1,1,445.534,nan
closed_eye_0773.jpg_face_2,cerrado,B5,151.389,0.037229,4.2366,15.089,100.0,3.8088,CRITICA,5.1468,0.138717,27.0485,90.0329,nan,nan,nan,nan,1,0,1149.161,nan
closed_eye_0773.jpg_face_2,cerrado,B10,151.389,0.037229,9.4738,23.4522,100.0,5.3362,CRITICA,5.6748,0.228408,24.7578,84.5086,0.100192,nan,169.1202,nan,1,1,1168.224,nan
closed_eye_0773.jpg_face_2,cerrado,B15,151.389,0.037229,14.3911,30.8654,100.0,7.9379,CRITICA,6.1695,0.317284,23.1783,79.6119,0.059857,nan,60.7792,nan,1,1,1182.452,nan
closed_eye_0773.jpg_face_2,cerrado,B25,151.389,0.037229,24.471,49.062,96.6308,15.4895,CRITICA,7.5955,0.522676,19.3246,67.5921,0.050239,0.039605,34.9433,6.3796,1,1,1066.325,nan
closed_eye_0773.jpg_face_2,cerrado,B40,151.389,0.037229,39.5139,74.5024,57.5953,24.4061,CRITICA,9.8419,0.698842,16.0738,50.7875,0.04382,0.036982,17.7014,0.6648,1,1,1118.443,nan
closed_eye_0778.jpg_face_1,cerrado,B5,142.004,0.032034,4.3031,22.477,100.0,5.127,CRITICA,5.9934,0.097031,22.7596,84.1716,0.08437,nan,163.3746,nan,1,1,4868.549,nan
closed_eye_0778.jpg_face_1,cerrado,B10,142.004,0.032034,9.4846,31.3068,100.0,8.772,CRITICA,6.6335,0.176602,20.9135,77.9536,0.055357,0.123589,72.8056,285.803,1,1,5282.621,nan
closed_eye_0778.jpg_face_1,cerrado,B15,142.004,0.032034,14.4588,42.044,99.6364,14.3062,CRITICA,7.499,0.305017,18.6684,70.3924,0.048608,0.068514,51.7396,113.8794,1,1,4812.319,nan
closed_eye_0778.jpg_face_1,cerrado,B25,142.004,0.032034,24.5177,61.9871,74.6777,25.1803,CRITICA,9.3856,0.538543,15.7682,56.3483,0.021059,0.052251,34.2619,63.1096,1,1,5757.052,nan
closed_eye_0778.jpg_face_1,cerrado,B40,142.004,0.032034,39.482,83.4579,41.9835,33.5072,BIEN,11.7746,0.68989,14.2875,41.2285,0.022674,0.023783,29.2207,25.7588,1,1,5479.452,nan
closed_eye_0804.jpg_face_1,cerrado,B5,179.3319,0.064031,4.4521,15.8893,100.0,3.8434,CRITICA,3.5241,0.106108,26.5954,91.1397,0.199173,nan,211.0568,nan,1,1,2023.472,nan
closed_eye_0804.jpg_face_1,cerrado,B10,179.3319,0.064031,9.4608,22.9942,100.0,5.4809,CRITICA,3.8818,0.161275,25.1166,87.1778,0.07802,0.217815,21.8467,240.1711,1,1,2259.887,nan
closed_eye_0804.jpg_face_1,cerrado,B15,179.3319,0.064031,14.5164,29.8068,100.0,8.3559,CRITICA,4.2677,0.225045,23.7217,83.379,0.085412,0.12838,33.3916,100.4969,1,1,2186.748,nan
closed_eye_0804.jpg_face_1,cerrado,B25,179.3319,0.064031,24.4656,47.5934,94.1727,17.4375,CRITICA,5.374,0.410256,19.5639,73.4607,0.059543,0.076274,7.0087,19.1195,1,1,2245.677,nan
closed_eye_0804.jpg_face_1,cerrado,B40,179.3319,0.064031,39.4635,74.1596,62.3535,28.1224,CRITICA,7.1698,0.608455,15.8222,58.6467,0.066464,0.045989,3.7991,28.1766,1,1,2110.15,nan
closed_eye_0811.jpg_face_2,cerrado,B5,153.359,0.05285,4.3685,16.0514,100.0,3.9934,CRITICA,5.1446,0.125707,26.47,89.5335,0.168385,nan,218.611,nan,1,1,1225.04,nan
closed_eye_0811.jpg_face_2,cerrado,B10,153.359,0.05285,9.4379,24.1809,100.0,6.0007,CRITICA,5.6659,0.203508,24.3391,84.2325,0.068024,0.126269,28.7122,138.92,1,1,1219.066,nan
closed_eye_0811.jpg_face_2,cerrado,B15,153.359,0.05285,14.4294,31.3542,100.0,9.4959,CRITICA,6.1599,0.279449,22.7905,79.555,0.057877,0.094508,9.5129,78.8248,1,1,1312.336,nan
closed_eye_0811.jpg_face_2,cerrado,B25,153.359,0.05285,24.4558,50.7823,92.9894,18.7377,CRITICA,7.6478,0.496912,18.5271,66.8867,0.060699,0.068569,14.8518,29.744,1,1,1286.505,nan
closed_eye_0811.jpg_face_2,cerrado,B40,153.359,0.05285,39.4389,75.7547,57.7131,28.3589,CRITICA,9.9283,0.688498,15.5914,50.6031,0.085676,0.069592,62.1133,31.6791,1,1,1011.02,nan
closed_eye_0820.BMP_face_1,cerrado,B5,123.0721,0.092876,4.4684,16.0157,100.0,3.6844,CRITICA,6.9946,0.204774,26.5723,86.9867,0.130308,nan,40.3039,nan,1,1,1046.901,nan
closed_eye_0820.BMP_face_1,cerrado,B10,123.0721,0.092876,9.4309,23.2899,100.0,5.3851,CRITICA,7.5458,0.305628,24.971,81.0763,0.111678,0.142952,20.2451,53.918,1,1,881.057,nan
closed_eye_0820.BMP_face_1,cerrado,B15,123.0721,0.092876,14.444,30.4045,100.0,8.2725,CRITICA,8.1647,0.406707,23.4548,75.2954,0.090056,0.13646,3.0357,46.9275,1,1,943.04,nan
closed_eye_0820.BMP_face_1,cerrado,B25,123.0721,0.092876,24.4796,48.5658,96.8453,16.3745,CRITICA,9.9764,0.621605,19.5219,60.5387,0.10472,0.110337,12.7525,18.8008,1,1,914.913,nan
closed_eye_0820.BMP_face_1,cerrado,B40,123.0721,0.092876,39.5142,73.5615,60.0147,25.0272,CRITICA,12.8436,0.767381,16.3089,40.229,0.104787,0.106415,12.8246,14.5783,1,1,914.077,nan
closed_eye_0825.jpg_face_1,cerrado,B5,104.3867,0.087334,4.2652,15.372,100.0,3.8975,CRITICA,8.8842,0.25453,27.0165,85.274,0.192156,nan,120.0248,nan,1,1,804.635,nan
closed_eye_0825.jpg_face_1,cerrado,B10,104.3867,0.087334,9.5271,22.6957,100.0,5.4495,CRITICA,9.6026,0.378585,25.3204,78.2581,0.106132,nan,21.5244,nan,1,1,626.449,nan
closed_eye_0825.jpg_face_1,cerrado,B15,104.3867,0.087334,14.4735,29.814,100.0,8.4047,CRITICA,10.387,0.496437,23.7116,71.4389,0.117193,0.120101,34.1897,37.5192,1,1,788.83,nan
closed_eye_0825.jpg_face_1,cerrado,B25,104.3867,0.087334,24.4732,48.2796,94.7246,18.2633,CRITICA,12.8465,0.705046,19.4573,53.7493,0.094336,0.108454,8.0178,24.1836,1,1,750.638,nan
closed_eye_0825.jpg_face_1,cerrado,B40,104.3867,0.087334,39.4786,72.5147,60.8069,27.4375,CRITICA,16.836,0.799138,16.5313,30.5327,0.100754,0.091683,15.3672,4.9798,1,1,761.615,nan
closed_eye_0827.jpg_face_1,cerrado,B5,115.2769,0.04965,4.4264,15.4527,100.0,4.3903,CRITICA,7.5791,0.178136,26.9132,86.5952,0.106193,nan,113.8819,nan,1,1,2486.325,nan
closed_eye_0827.jpg_face_1,cerrado,B10,115.2769,0.04965,9.4788,23.6222,100.0,5.8078,CRITICA,8.2566,0.282347,24.9781,79.5083,0.077581,0.166776,56.2552,235.9015,1,1,2751.789,nan
closed_eye_0827.jpg_face_1,cerrado,B15,115.2769,0.04965,14.4937,31.3364,100.0,9.295,CRITICA,9.0337,0.410385,23.1175,72.8164,0.082723,0.085659,66.6118,72.5256,1,1,2524.615,nan
closed_eye_0827.jpg_face_1,cerrado,B25,115.2769,0.04965,24.5045,53.086,90.7857,20.035,CRITICA,11.6232,0.690808,18.1906,53.9492,0.086957,0.058899,75.1388,18.6283,1,1,2716.653,nan
closed_eye_0827.jpg_face_1,cerrado,B40,115.2769,0.04965,39.4993,82.9089,42.5668,31.0867,BIEN,16.5415,0.828489,14.5624,28.0785,0.083677,0.055582,68.5329,11.9481,1,1,2203.128,nan
closed_eye_0836.jpg_face_1,cerrado,B5,158.0414,0.030709,4.3854,20.257,100.0,4.4132,CRITICA,4.8806,0.078995,23.8468,87.1825,0.244368,nan,695.7623,nan,1,1,6485.085,nan
closed_eye_0836.jpg_face_1,cerrado,B10,158.0414,0.030709,9.3166,28.0178,100.0,6.199,CRITICA,5.335,0.126969,22.4315,82.2719,0.095915,0.206162,212.3376,571.3467,1,1,4282.655,nan
closed_eye_0836.jpg_face_1,cerrado,B15,158.0414,0.030709,14.5203,36.0832,100.0,10.0999,CRITICA,5.918,0.235435,20.9999,77.1685,0.057163,0.113752,86.1466,270.4231,1,1,5927.683,nan
closed_eye_0836.jpg_face_1,cerrado,B25,158.0414,0.030709,24.4593,56.7559,87.3521,20.2997,CRITICA,7.5041,0.489955,17.0996,64.0879,0.045981,0.068063,49.7337,121.6423,1,1,6234.414,nan
closed_eye_0836.jpg_face_1,cerrado,B40,158.0414,0.030709,39.4985,79.0607,47.0784,29.7098,CRITICA,9.5058,0.652843,15.0937,49.9747,0.036623,0.04139,19.2582,34.7817,1,1,4644.682,nan
closed_eye_0843.jpg_face_1,cerrado,B5,90.0246,0.055886,4.4589,16.3806,100.0,6.4153,CRITICA,10.0898,0.195261,26.1325,81.8043,0.138942,0.179664,148.6183,221.4856,1,1,4139.073,nan
closed_eye_0843.jpg_face_1,cerrado,B10,90.0246,0.055886,9.4944,25.7788,100.0,10.9835,CRITICA,11.2364,0.372516,23.1001,71.3647,0.089088,0.143388,59.4113,156.5741,1,1,4759.638,nan
closed_eye_0843.jpg_face_1,cerrado,B15,90.0246,0.055886,14.4335,35.1439,98.5717,17.6943,CRITICA,12.6577,0.544613,20.6467,60.9619,0.068679,0.115944,22.8918,107.4658,1,1,4553.734,nan
closed_eye_0843.jpg_face_1,cerrado,B25,90.0246,0.055886,24.4709,53.6366,78.2609,30.1838,CRITICA,16.0955,0.815488,17.3114,40.42,0.056129,0.084923,0.4346,51.9591,1,1,4677.269,nan
closed_eye_0843.jpg_face_1,cerrado,B40,90.0246,0.055886,39.4388,74.7837,58.5591,40.2285,CRITICA,20.9271,0.877307,15.7114,16.9297,0.057533,0.067537,2.9479,20.8481,1,1,4537.205,nan
closed_eye_0851.jpg_face_2,cerrado,B5,109.0344,0.055124,4.3283,17.4558,100.0,5.2528,CRITICA,7.8787,0.21244,25.5794,83.9905,0.109293,nan,98.2671,nan,1,1,2200.704,nan
closed_eye_0851.jpg_face_2,cerrado,B10,109.0344,0.055124,9.4009,25.4292,100.0,7.7302,CRITICA,8.595,0.324318,23.6573,76.6778,0.065381,0.124551,18.6064,125.947,1,1,2980.626,nan
closed_eye_0851.jpg_face_2,cerrado,B15,109.0344,0.055124,14.4756,35.6456,99.8777,12.9655,CRITICA,9.6831,0.485375,21.0036,67.3079,0.062896,0.084329,14.0999,52.9816,1,1,2756.339,nan
closed_eye_0851.jpg_face_2,cerrado,B25,109.0344,0.055124,24.4888,59.0946,77.7797,25.4619,CRITICA,12.7297,0.744574,16.4441,45.8019,0.064827,0.071422,17.6027,29.5666,1,1,3198.976,nan
closed_eye_0851.jpg_face_2,cerrado,B40,109.0344,0.055124,39.4692,80.7133,40.3092,36.4321,BIEN,16.668,0.822249,14.7506,25.9744,0.061424,0.073905,11.4288,34.0709,1,1,2675.227,nan
closed_eye_0855.jpg_face_1,cerrado,B5,120.95,0.055206,4.3921,17.5049,100.0,6.7311,CRITICA,5.8547,0.232601,25.5177,85.5272,0.076054,0.195787,37.7641,254.6482,1,1,1714.09,nan
closed_eye_0855.jpg_face_1,cerrado,B10,120.95,0.055206,9.4235,25.5986,100.0,12.1097,CRITICA,6.4959,0.334192,23.3259,78.8354,0.047888,0.093691,13.2562,69.7115,1,1,2194.426,nan
closed_eye_0855.jpg_face_1,cerrado,B15,120.95,0.055206,14.4937,35.7765,99.3156,20.1931,CRITICA,7.446,0.462105,20.4447,70.4204,0.050584,0.069707,8.3718,26.2675,1,1,2261.932,nan
closed_eye_0855.jpg_face_1,cerrado,B25,120.95,0.055206,24.5035,55.6491,70.0853,35.2165,CRITICA,9.492,0.65632,16.667,53.99,0.050303,0.049641,8.8818,10.0798,1,1,1839.588,nan
closed_eye_0855.jpg_face_1,cerrado,B40,120.95,0.055206,39.4684,78.1286,48.9238,50.0777,CRITICA,12.3956,0.765768,14.7217,35.4042,0.043899,0.055523,20.4819,0.5741,1,1,2085.506,nan
closed_eye_0860.jpg_face_1,cerrado,B5,127.8948,0.06724,4.2425,13.9978,100.0,3.9582,CRITICA,6.6036,0.103138,28.0666,89.0552,0.109165,nan,62.3517,nan,1,1,3938.558,nan
closed_eye_0860.jpg_face_1,cerrado,B10,127.8948,0.06724,9.4883,21.7807,100.0,4.5787,CRITICA,7.1946,0.17894,25.9486,82.9698,0.08325,0.127466,23.8117,89.5706,1,1,4345.936,nan
closed_eye_0860.jpg_face_1,cerrado,B15,127.8948,0.06724,14.4662,28.5177,100.0,7.2112,CRITICA,7.7661,0.276602,24.5883,77.7022,0.066287,0.080597,1.4172,19.8647,1,1,3961.965,nan
closed_eye_0860.jpg_face_1,cerrado,B25,127.8948,0.06724,24.4724,45.8479,99.1549,14.4082,CRITICA,9.4076,0.538107,20.7289,64.1519,0.059503,0.072787,11.5057,8.2496,1,1,4616.805,nan
closed_eye_0860.jpg_face_1,cerrado,B40,127.8948,0.06724,39.4954,67.7338,70.5634,21.9555,CRITICA,11.9477,0.733621,18.1769,47.0394,0.058014,0.066227,13.7206,1.5053,1,1,4710.316,nan
closed_eye_0862.jpg_face_1,cerrado,B5,138.7966,0.068396,4.5165,15.8115,100.0,4.1415,CRITICA,5.8147,0.13783,26.7915,88.6082,0.123501,nan,80.5668,nan,1,1,1442.169,nan
closed_eye_0862.jpg_face_1,cerrado,B10,138.7966,0.068396,9.4976,23.0848,100.0,5.9437,CRITICA,6.3182,0.216296,25.1017,83.3679,0.07755,0.117884,13.3831,72.3547,1,1,1453.277,nan
closed_eye_0862.jpg_face_1,cerrado,B15,138.7966,0.068396,14.4838,31.1607,100.0,8.8811,CRITICA,6.9328,0.320503,23.2661,77.5494,0.081773,0.113146,19.5584,65.427,1,1,1362.955,nan
closed_eye_0862.jpg_face_1,cerrado,B25,138.7966,0.068396,24.4884,50.3935,96.2233,18.2447,CRITICA,8.6452,0.563013,19.0385,63.6925,0.076724,0.088292,12.1757,29.0895,1,1,1217.878,nan
closed_eye_0862.jpg_face_1,cerrado,B40,138.7966,0.068396,39.4945,73.5922,53.0039,29.4036,CRITICA,11.2049,0.756813,16.3031,46.9784,0.077307,0.093147,13.029,36.1879,1,1,1655.903,nan
closed_eye_0865.jpg_face_1,cerrado,B5,138.9431,0.051582,4.4288,23.3351,100.0,5.2882,CRITICA,5.9686,0.140017,22.3163,83.2053,0.156169,nan,202.7588,nan,1,1,4938.272,nan
closed_eye_0865.jpg_face_1,cerrado,B10,138.9431,0.051582,9.3342,32.8207,100.0,12.2694,CRITICA,6.7286,0.254911,20.0521,76.3783,0.074852,0.188457,45.1125,265.3536,1,1,4498.426,nan
closed_eye_0865.jpg_face_1,cerrado,B15,138.9431,0.051582,14.3468,42.7613,94.7483,18.5074,CRITICA,7.5896,0.400308,18.1264,69.2239,0.063163,0.116294,22.452,125.4538,1,1,5347.594,nan
closed_eye_0865.jpg_face_1,cerrado,B25,138.9431,0.051582,24.4996,60.5716,75.3906,29.4183,CRITICA,9.274,0.593408,15.6568,56.4055,0.054808,0.067247,6.2549,30.3694,1,1,5602.241,nan
closed_eye_0865.jpg_face_1,cerrado,B40,138.9431,0.051582,39.5273,83.2266,47.6997,38.4051,BIEN,11.6338,0.694988,14.0076,40.1003,0.046991,0.049403,8.9012,4.2245,1,1,6161.43,nan
closed_eye_0870.jpg_face_1,cerrado,B5,164.4725,0.076239,4.3799,17.3507,100.0,4.7629,CRITICA,4.0783,0.171632,25.5893,89.4507,0.131156,0.202032,72.0331,164.9995,1,1,669.21,nan
closed_eye_0870.jpg_face_1,cerrado,B10,164.4725,0.076239,9.4668,24.7769,100.0,7.698,CRITICA,4.5091,0.243534,23.991,84.9355,0.078724,0.161387,3.2599,111.6861,1,1,846.238,nan
closed_eye_0870.jpg_face_1,cerrado,B15,164.4725,0.076239,14.5456,32.0914,100.0,11.2211,CRITICA,4.9609,0.320267,22.5018,80.4883,0.079597,0.12765,4.4046,67.4342,1,1,729.022,nan
closed_eye_0870.jpg_face_1,cerrado,B25,164.4725,0.076239,24.4846,50.8856,94.5904,19.6525,CRITICA,6.2304,0.503563,18.7579,69.0613,0.069635,0.082709,8.6615,8.4871,1,1,642.715,nan
closed_eye_0870.jpg_face_1,cerrado,B40,164.4725,0.076239,39.4895,72.8069,52.4429,29.5736,CRITICA,7.9542,0.660354,16.5213,55.7331,0.074462,0.058232,2.3311,23.6186,1,1,784.191,nan
closed_eye_0873.jpg_face_1,cerrado,B5,157.3608,0.02819,4.2797,15.1122,100.0,3.5401,CRITICA,4.7411,0.136624,27.278,90.3965,nan,nan,nan,nan,1,0,1055.075,nan
closed_eye_0873.jpg_face_1,cerrado,B10,157.3608,0.02819,9.4712,22.6277,100.0,4.3629,CRITICA,5.1997,0.216057,25.4577,85.6205,0.093337,nan,231.104,nan,1,1,955.84,nan
closed_eye_0873.jpg_face_1,cerrado,B15,157.3608,0.02819,14.5012,29.5528,100.0,6.8562,CRITICA,5.6639,0.299686,23.9794,81.2197,0.062485,0.117745,121.6591,317.6895,1,1,975.039,nan
closed_eye_0873.jpg_face_1,cerrado,B25,157.3608,0.02819,24.4896,47.3671,98.3093,13.9486,CRITICA,6.9447,0.497429,20.1103,69.899,0.050444,0.081835,78.9454,190.3021,1,1,1067.464,nan
closed_eye_0873.jpg_face_1,cerrado,B40,157.3608,0.02819,39.4993,71.3576,66.2869,22.0443,CRITICA,8.9324,0.680678,17.0757,54.6535,0.037317,0.050053,32.3786,77.5596,1,1,1105.339,nan
closed_eye_0882.jpg_face_1,cerrado,B5,135.0537,0.017135,4.3622,15.9373,100.0,4.3365,CRITICA,5.8926,0.154137,26.668,88.1993,0.079954,nan,366.6025,nan,1,1,1814.553,nan
closed_eye_0882.jpg_face_1,cerrado,B10,135.0537,0.017135,9.4519,23.1476,100.0,6.813,CRITICA,6.4063,0.239595,24.9146,82.8604,0.041247,0.131792,140.7136,669.1175,1,1,1776.83,nan
closed_eye_0882.jpg_face_1,cerrado,B15,135.0537,0.017135,14.4717,31.5601,100.0,11.1753,CRITICA,7.0771,0.349384,22.6654,76.6314,0.03003,0.064046,75.2495,273.766,1,1,1673.36,nan
closed_eye_0882.jpg_face_1,cerrado,B25,135.0537,0.017135,24.4832,50.2291,92.7986,21.5346,CRITICA,8.758,0.570349,18.7337,62.8081,0.021918,0.040547,27.9123,136.6241,1,1,1874.063,nan
closed_eye_0882.jpg_face_1,cerrado,B40,135.0537,0.017135,39.4838,76.3456,52.1688,34.1513,CRITICA,11.5175,0.751769,15.3935,43.4702,0.024466,0.02335,42.7784,36.2655,1,1,1988.467,nan
closed_eye_0886.jpg_face_1,cerrado,B5,115.9603,0.044637,4.3699,16.6387,100.0,4.6653,CRITICA,7.3098,0.233459,26.1233,85.6514,0.157172,0.177067,252.1141,296.6854,1,1,1222.046,nan
closed_eye_0886.jpg_face_1,cerrado,B10,115.9603,0.044637,9.5149,24.1291,100.0,7.8134,CRITICA,7.9309,0.338892,24.2598,79.1919,0.077742,0.134701,74.1663,201.7721,1,1,904.977,nan
closed_eye_0886.jpg_face_1,cerrado,B15,115.9603,0.044637,14.4897,33.2122,99.9834,12.8896,CRITICA,8.7969,0.462159,21.9127,71.359,0.068902,0.109239,54.3612,144.7294,1,1,882.613,nan
closed_eye_0886.jpg_face_1,cerrado,B25,115.9603,0.044637,24.4855,53.3008,87.7646,23.8284,CRITICA,10.953,0.671687,17.8332,54.0353,0.053325,0.094339,19.4645,111.3488,1,1,1296.008,nan
closed_eye_0886.jpg_face_1,cerrado,B40,115.9603,0.044637,39.5065,76.3727,44.0066,34.6201,CRITICA,13.9414,0.781076,15.5378,34.1389,0.068259,0.051746,52.9205,15.9262,1,1,1191.753,nan
closed_eye_0887.jpg_face_1,cerrado,B5,170.795,0.075546,4.4319,16.731,100.0,4.2212,CRITICA,3.9684,0.093234,26.0399,90.204,0.096531,nan,27.778,nan,1,1,2793.296,nan
closed_eye_0887.jpg_face_1,cerrado,B10,170.795,0.075546,9.5131,25.1939,100.0,6.4857,CRITICA,4.4388,0.156312,23.9794,85.2491,0.072593,0.141295,3.9081,87.0328,1,1,2681.684,nan
closed_eye_0887.jpg_face_1,cerrado,B15,170.795,0.075546,14.4814,33.5568,100.0,10.1043,CRITICA,4.9525,0.236109,21.9775,80.3526,0.067141,0.097371,11.1255,28.8907,1,1,3776.435,nan
closed_eye_0887.jpg_face_1,cerrado,B25,170.795,0.075546,24.5157,54.9768,93.1307,18.7852,CRITICA,6.4514,0.468151,17.7656,67.8113,0.085072,0.085381,12.6107,13.0197,1,1,2836.879,nan
closed_eye_0887.jpg_face_1,cerrado,B40,170.795,0.075546,39.5321,78.8278,43.8355,28.5883,CRITICA,8.4558,0.672606,15.4291,53.8465,0.063229,0.073974,16.3034,2.0797,1,1,3562.522,nan
closed_eye_0888.BMP_face_1,cerrado,B5,108.4231,0.053805,4.5241,15.1743,100.0,4.3188,CRITICA,7.9251,0.123094,27.1614,86.0046,0.268314,nan,398.6815,nan,1,1,2513.826,nan
closed_eye_0888.BMP_face_1,cerrado,B10,108.4231,0.053805,9.4672,24.19,100.0,6.6488,CRITICA,8.7282,0.228024,24.5301,77.6893,0.137186,0.194736,154.9707,261.9319,1,1,2538.071,nan
closed_eye_0888.BMP_face_1,cerrado,B15,108.4231,0.053805,14.5709,31.5922,99.9851,10.0821,CRITICA,9.5392,0.348481,22.9394,70.8621,0.14076,0.136987,161.6134,154.5999,1,1,2583.979,nan
closed_eye_0888.BMP_face_1,cerrado,B25,108.4231,0.053805,24.4858,55.2081,83.7768,23.9929,CRITICA,12.6492,0.676948,17.1739,49.0809,nan,0.115072,nan,113.8693,1,0,2439.025,nan
closed_eye_0888.BMP_face_1,cerrado,B40,108.4231,0.053805,39.5004,81.749,47.8597,34.027,BIEN,17.4961,0.800522,14.4311,24.6019,0.131511,0.079144,144.4223,47.0941,1,1,2496.879,nan
closed_eye_0890.jpg_face_1,cerrado,B5,151.4908,0.055394,4.3662,17.8301,100.0,5.1023,CRITICA,4.7824,0.160808,25.2822,88.2302,0.154463,nan,178.8427,nan,1,1,1041.341,nan
closed_eye_0890.jpg_face_1,cerrado,B10,151.4908,0.055394,9.4543,25.7797,100.0,8.814,CRITICA,5.3064,0.236905,23.403,82.9827,0.096575,0.138118,74.3404,149.3358,1,1,1194.315,nan
closed_eye_0890.jpg_face_1,cerrado,B15,151.4908,0.055394,14.503,34.3608,100.0,13.3767,CRITICA,5.9165,0.333815,21.4388,77.3182,0.075933,0.112613,37.0771,103.2927,1,1,1057.753,nan
closed_eye_0890.jpg_face_1,cerrado,B25,151.4908,0.055394,24.518,54.4931,81.7188,24.7222,CRITICA,7.496,0.551511,17.4285,64.0288,0.093632,0.085276,69.0273,53.9436,1,1,1001.201,nan
closed_eye_0890.jpg_face_1,cerrado,B40,151.4908,0.055394,39.5037,79.5654,51.339,36.2928,CRITICA,9.772,0.733972,14.7598,47.4784,0.098297,0.079147,77.4491,42.8791,1,1,905.633,nan
closed_eye_0899.jpg_face_1,cerrado,B5,101.303,0.103857,4.4844,16.7642,100.0,6.1445,CRITICA,8.3939,0.190343,25.9806,83.4514,0.119351,0.186474,14.9186,79.5492,1,1,1181.474,nan
closed_eye_0899.jpg_face_1,cerrado,B10,101.303,0.103857,9.4928,25.8524,100.0,10.5837,CRITICA,9.306,0.336008,23.2701,74.4801,0.090213,0.178036,13.1368,71.4248,1,1,1227.295,nan
closed_eye_0899.jpg_face_1,cerrado,B15,101.303,0.103857,14.4822,35.3399,98.5006,17.9294,CRITICA,10.5238,0.493438,20.6556,65.1146,0.124702,0.132177,20.071,27.2689,1,1,1219.81,nan
closed_eye_0899.jpg_face_1,cerrado,B25,101.303,0.103857,24.4974,54.774,75.8891,31.7495,CRITICA,13.4456,0.761371,16.8622,45.9305,0.097457,0.152547,6.1624,46.8817,1,1,1145.869,nan
closed_eye_0899.jpg_face_1,cerrado,B40,101.303,0.103857,39.4953,78.7283,54.9981,45.6995,CRITICA,17.7725,0.869483,14.4159,22.2844,0.11245,0.127073,8.2738,22.3544,1,1,1245.02,nan
closed_eye_0902.jpg_face_1,cerrado,B5,130.6937,0.095417,4.3403,16.5955,100.0,4.2015,CRITICA,6.4651,0.172582,26.0021,87.302,nan,nan,nan,nan,1,0,1072.961,nan
closed_eye_0902.jpg_face_1,cerrado,B10,130.6937,0.095417,9.5941,24.5455,100.0,5.7555,CRITICA,7.0544,0.267751,24.1482,81.2191,0.147094,nan,54.1589,nan,1,1,1233.959,nan
closed_eye_0902.jpg_face_1,cerrado,B15,130.6937,0.095417,14.4879,32.0788,100.0,8.6949,CRITICA,7.667,0.363928,22.674,75.455,nan,0.137934,nan,44.5583,1,0,1122.46,nan
closed_eye_0902.jpg_face_1,cerrado,B25,130.6937,0.095417,24.4822,51.7787,92.3058,18.6194,CRITICA,9.5429,0.593727,18.3347,60.3816,nan,0.113864,nan,19.3326,1,0,1060.221,nan
closed_eye_0902.jpg_face_1,cerrado,B40,130.6937,0.095417,39.5135,75.3761,58.1727,27.576,CRITICA,12.2311,0.749539,15.7561,42.3262,0.112986,0.124753,18.4119,30.7442,1,1,1169.864,nan
closed_eye_0903.jpg_face_1,cerrado,B5,118.3219,0.065012,4.3568,15.0357,100.0,4.8969,CRITICA,7.4191,0.225607,27.1215,87.2925,nan,nan,nan,nan,1,0,672.359,nan
closed_eye_0903.jpg_face_1,cerrado,B10,118.3219,0.065012,9.4981,22.6714,100.0,6.8757,CRITICA,8.0636,0.340266,25.2134,80.8392,0.108809,nan,67.3682,nan,1,1,618.506,nan
closed_eye_0903.jpg_face_1,cerrado,B15,118.3219,0.065012,14.5351,29.6319,100.0,10.9438,CRITICA,8.7421,0.437968,23.5927,74.9566,0.108912,0.131217,67.5258,101.836,1,1,801.346,nan
closed_eye_0903.jpg_face_1,cerrado,B25,118.3219,0.065012,24.5067,46.5169,91.277,20.8748,CRITICA,10.5926,0.629383,19.6678,60.6861,0.087095,0.120434,33.9679,85.2498,1,1,625.352,nan
closed_eye_0903.jpg_face_1,cerrado,B40,118.3219,0.065012,39.5036,69.0737,66.3396,30.5339,CRITICA,13.4858,0.764692,16.9435,41.6223,0.086121,0.088041,32.4691,35.4229,1,1,752.729,nan
closed_eye_0912.jpg_face_1,cerrado,B5,96.374,0.058151,4.4936,15.8357,100.0,3.8364,CRITICA,9.2891,0.243023,26.7612,83.5685,0.176129,0.226294,202.8838,289.1528,1,1,1419.849,nan
closed_eye_0912.jpg_face_1,cerrado,B10,96.374,0.058151,9.4273,24.2453,100.0,6.3345,CRITICA,10.1444,0.400749,24.3024,74.8425,0.163373,0.180059,180.9485,209.643,1,1,1174.122,nan
closed_eye_0912.jpg_face_1,cerrado,B15,96.374,0.058151,14.5033,32.4152,100.0,10.0942,CRITICA,11.1403,0.536296,22.4474,66.3652,0.084446,0.133294,45.2194,129.2225,1,1,1154.335,nan
closed_eye_0912.jpg_face_1,cerrado,B25,96.374,0.058151,24.4994,50.0537,92.7138,19.3974,CRITICA,13.6772,0.743523,18.9827,48.0631,0.086628,0.074528,48.9721,28.1637,1,1,1516.07,nan
closed_eye_0912.jpg_face_1,cerrado,B40,96.374,0.058151,39.4791,75.6319,54.4119,29.5917,CRITICA,17.7861,0.804831,15.8003,21.5225,0.061448,0.061732,5.671,6.159,1,1,1595.405,nan
closed_eye_0918.jpg_face_4,cerrado,B5,97.9489,0.147616,4.506,17.1037,100.0,4.2297,CRITICA,9.0759,0.151862,25.8198,82.5381,0.255419,nan,73.0292,nan,1,1,4008.016,nan
closed_eye_0918.jpg_face_4,cerrado,B10,97.9489,0.147616,9.3721,24.2478,100.0,6.3028,CRITICA,9.7755,0.25427,24.5438,75.2445,0.210505,nan,42.603,nan,1,1,4591.368,nan
closed_eye_0918.jpg_face_4,cerrado,B15,97.9489,0.147616,14.5097,32.5596,100.0,10.0205,CRITICA,10.7973,0.416525,22.5299,66.7586,0.192349,0.241201,30.3033,63.3977,1,1,4938.272,nan
closed_eye_0918.jpg_face_4,cerrado,B25,97.9489,0.147616,24.4657,50.7156,91.7821,20.2402,CRITICA,13.5025,0.69909,18.8158,48.2224,0.226071,0.244436,53.1479,65.5889,1,1,5102.041,nan
closed_eye_0918.jpg_face_4,cerrado,B40,97.9489,0.147616,39.4629,72.5008,55.2478,29.7597,CRITICA,17.7936,0.806926,16.6574,25.981,0.153982,0.199029,4.3125,34.8287,1,1,4073.32,nan
closed_eye_0919.jpg_face_2,cerrado,B5,168.187,0.066996,4.5796,13.8956,100.0,3.5508,CRITICA,4.0145,0.136526,28.352,91.738,0.179062,nan,167.2717,nan,1,1,1650.165,nan
closed_eye_0919.jpg_face_2,cerrado,B10,168.187,0.066996,9.7071,18.7779,100.0,2.3246,CRITICA,4.2963,0.188203,28.8745,88.8351,nan,nan,nan,nan,1,0,1638.538,nan
closed_eye_0919.jpg_face_2,cerrado,B15,168.187,0.066996,14.6424,23.9145,100.0,3.0655,CRITICA,4.5871,0.243965,28.8388,85.781,0.123058,nan,83.6797,nan,1,1,1595.914,nan
closed_eye_0919.jpg_face_2,cerrado,B25,168.187,0.066996,24.3875,38.1942,100.0,8.0208,CRITICA,5.5027,0.400427,24.5281,77.2906,0.112993,nan,68.6564,nan,1,1,1514.005,nan
closed_eye_0919.jpg_face_2,cerrado,B40,168.187,0.066996,39.5274,58.9496,97.5384,10.8199,CRITICA,6.9871,0.579866,21.6735,64.95,0.072415,0.175219,8.088,161.5364,1,1,1492.092,nan
closed_eye_0919.jpg_face_3,cerrado,B5,166.0357,0.170347,4.3849,12.8267,100.0,2.7804,CRITICA,4.0437,0.123537,29.2712,92.2748,nan,nan,nan,nan,1,0,1084.011,nan
closed_eye_0919.jpg_face_3,cerrado,B10,166.0357,0.170347,9.5467,19.6102,100.0,3.1285,CRITICA,4.4286,0.193586,27.7944,88.1891,0.228813,nan,34.3217,nan,1,1,1052.078,nan
closed_eye_0919.jpg_face_3,cerrado,B15,166.0357,0.170347,14.5412,24.8456,100.0,4.8306,CRITICA,4.7334,0.248386,27.4602,85.036,0.233316,0.203195,36.965,19.2831,1,1,1305.824,nan
closed_eye_0919.jpg_face_3,cerrado,B25,166.0357,0.170347,24.5213,39.2758,100.0,10.3753,CRITICA,5.6967,0.401704,23.7593,76.345,0.151214,0.237461,11.2318,39.3983,1,1,1044.605,nan
closed_eye_0919.jpg_face_3,cerrado,B40,166.0357,0.170347,39.4693,58.4191,91.8187,14.6436,CRITICA,7.0683,0.564279,21.3202,64.8153,0.172613,0.190739,1.3302,11.971,1,1,1187.085,nan
closed_eye_0927.jpg_face_1,cerrado,B5,131.7272,0.084139,4.2593,17.1104,100.0,5.3181,CRITICA,6.1467,0.192296,25.6715,87.0107,0.130273,nan,54.83,nan,1,1,819.202,nan
closed_eye_0927.jpg_face_1,cerrado,B10,131.7272,0.084139,9.6179,25.1757,100.0,8.8617,CRITICA,6.7725,0.287612,23.596,80.888,0.078685,0.07367,6.4821,12.4423,1,1,850.774,nan
closed_eye_0927.jpg_face_1,cerrado,B15,131.7272,0.084139,14.4465,35.0103,99.941,14.2278,CRITICA,7.573,0.409602,20.9596,73.4222,0.081119,0.075813,3.5892,9.8957,1,1,839.631,nan
closed_eye_0927.jpg_face_1,cerrado,B25,131.7272,0.084139,24.5215,55.9872,81.1171,26.0968,CRITICA,9.5818,0.620466,16.9588,57.4977,0.087333,0.063721,3.7958,24.2669,1,1,918.274,nan
closed_eye_0927.jpg_face_1,cerrado,B40,131.7272,0.084139,39.4953,78.5348,48.6003,36.935,CRITICA,12.207,0.744115,14.9195,40.3808,0.092905,0.073882,10.4177,12.1903,1,1,830.22,nan
closed_eye_0948.jpg_face_2,cerrado,B5,98.5756,0.046127,4.3939,17.9173,100.0,6.2276,CRITICA,8.9202,0.233808,25.0814,81.8238,0.094947,nan,105.8372,nan,1,1,2711.497,nan
closed_eye_0948.jpg_face_2,cerrado,B10,98.5756,0.046127,9.5228,27.6214,100.0,10.4274,CRITICA,9.953,0.377772,22.4207,71.9795,0.052917,0.12325,14.7202,167.1947,1,1,2741.98,nan
closed_eye_0948.jpg_face_2,cerrado,B15,98.5756,0.046127,14.4422,38.8222,98.0624,17.8705,CRITICA,11.4158,0.550723,19.4677,60.6168,0.045506,0.100204,1.3469,117.2325,1,1,2909.514,nan
closed_eye_0948.jpg_face_2,cerrado,B25,98.5756,0.046127,24.4951,61.7298,69.6502,31.0,CRITICA,15.2629,0.77843,15.6045,37.3783,0.05455,0.064885,18.2592,40.6648,1,1,3022.975,nan
closed_eye_0948.jpg_face_2,cerrado,B40,98.5756,0.046127,39.4811,83.946,44.0415,42.9265,BIEN,20.6315,0.822119,13.9348,14.841,0.0513,0.060984,11.2135,32.2084,1,1,2982.404,nan
closed_eye_0957.JPG_face_1,cerrado,B5,158.9926,0.042141,4.383,17.0318,100.0,5.0034,CRITICA,4.5203,0.194056,25.7394,89.2877,0.173663,nan,312.1009,nan,1,1,113.413,nan
closed_eye_0957.JPG_face_1,cerrado,B10,158.9926,0.042141,9.446,23.6389,100.0,7.5736,CRITICA,4.9036,0.265174,24.4628,85.132,0.17566,0.147646,316.839,250.3632,1,1,154.828,nan
closed_eye_0957.JPG_face_1,cerrado,B15,158.9926,0.042141,14.5096,31.3182,100.0,11.9905,CRITICA,5.4123,0.345336,22.4739,80.3021,0.114162,0.12088,170.9056,186.8469,1,1,165.328,nan
closed_eye_0957.JPG_face_1,cerrado,B25,158.9926,0.042141,24.4532,48.9207,88.946,21.5723,CRITICA,6.6677,0.514561,18.8548,69.2308,0.136508,0.088762,223.9323,110.6321,1,1,187.973,nan
closed_eye_0957.JPG_face_1,cerrado,B40,158.9926,0.042141,39.4821,71.6109,64.8133,31.6072,CRITICA,8.4682,0.677075,16.3057,54.9596,0.127331,0.065845,202.1544,56.2488,1,1,218.274,nan
closed_eye_0985.jpg_face_1,cerrado,B5,86.7947,0.052583,4.5484,18.8861,100.0,6.2732,CRITICA,10.1445,0.295576,24.6127,78.2405,0.070209,0.147509,33.5202,180.527,1,1,2642.008,nan
closed_eye_0985.jpg_face_1,cerrado,B10,86.7947,0.052583,9.5111,26.4987,100.0,11.0033,CRITICA,11.1269,0.443109,22.8823,69.4696,0.059874,0.096243,13.8658,83.0312,1,1,2868.617,nan
closed_eye_0985.jpg_face_1,cerrado,B15,86.7947,0.052583,14.5033,35.7947,99.3463,17.2066,CRITICA,12.5275,0.601543,20.6188,58.7594,0.060664,0.097005,15.3687,84.4801,1,1,3314.551,nan
closed_eye_0985.jpg_face_1,cerrado,B25,86.7947,0.052583,24.5054,56.0243,75.1357,30.8042,CRITICA,16.1802,0.796839,16.8533,35.452,0.063722,0.068651,21.1833,30.5576,1,1,2319.647,nan
closed_eye_0985.jpg_face_1,cerrado,B40,86.7947,0.052583,39.4798,75.8315,51.2465,43.0629,CRITICA,20.4097,0.804698,15.3666,12.6312,0.05242,0.062421,0.3104,18.7102,1,1,2189.621,nan
closed_eye_1008.jpeg_face_1,cerrado,B5,133.9743,0.042615,4.4428,17.3531,100.0,6.2791,CRITICA,5.5144,0.294812,25.5058,87.0475,0.043081,0.113809,1.0922,167.0615,1,1,601.323,nan
closed_eye_1008.jpeg_face_1,cerrado,B10,133.9743,0.042615,9.4784,25.5966,100.0,11.0115,CRITICA,6.1211,0.381295,23.3426,80.8944,0.050272,0.067351,17.9669,58.044,1,1,582.276,nan
closed_eye_1008.jpeg_face_1,cerrado,B15,133.9743,0.042615,14.5072,34.0981,100.0,16.0086,CRITICA,6.8017,0.469291,21.2851,74.5488,0.0528,0.041283,23.8991,3.1262,1,1,582.208,nan
closed_eye_1008.jpeg_face_1,cerrado,B25,133.9743,0.042615,24.4812,54.0464,81.0203,28.2816,CRITICA,8.6241,0.635676,17.3716,59.6591,0.054232,0.039909,27.2597,6.3502,1,1,499.7,nan
closed_eye_1008.jpeg_face_1,cerrado,B40,133.9743,0.042615,39.4878,74.7363,47.4183,40.1501,CRITICA,10.9367,0.741384,15.6404,44.2159,0.044107,0.046032,3.502,8.0173,1,1,609.422,nan
closed_eye_1056.jpg_face_1,cerrado,B5,118.0756,0.073647,4.4441,17.4253,100.0,5.1306,CRITICA,7.121,0.192774,25.4952,85.2422,0.116934,nan,58.7758,nan,1,1,2295.157,nan
closed_eye_1056.jpg_face_1,cerrado,B10,118.0756,0.073647,9.4914,25.625,100.0,8.3382,CRITICA,7.7808,0.288978,23.5174,78.2978,0.067552,0.142349,8.2757,93.2855,1,1,2058.884,nan
closed_eye_1056.jpg_face_1,cerrado,B15,118.0756,0.073647,14.3825,34.7987,99.9672,12.9857,CRITICA,8.6604,0.423766,21.3041,70.5285,0.070112,0.104984,4.8006,42.5504,1,1,3048.781,nan
closed_eye_1056.jpg_face_1,cerrado,B25,118.0756,0.073647,24.4579,59.655,75.8559,26.2705,CRITICA,11.6028,0.694065,16.2515,49.4773,0.071177,0.080791,3.3538,9.7004,1,1,2956.83,nan
closed_eye_1056.jpg_face_1,cerrado,B40,118.0756,0.073647,39.5099,82.3233,39.7625,37.2374,BIEN,15.3686,0.816951,14.4294,30.2791,0.071762,0.066789,2.5602,9.3117,1,1,1843.658,nan
closed_eye_1073.jpg_face_2,cerrado,B5,130.2073,0.064921,4.4971,15.4574,100.0,3.8099,CRITICA,5.9784,0.228463,27.1348,88.1286,0.123746,nan,90.6097,nan,1,1,280.954,nan
closed_eye_1073.jpg_face_2,cerrado,B10,130.2073,0.064921,9.4583,22.6561,100.0,6.7308,CRITICA,6.4821,0.325175,25.0599,82.6,0.090106,0.105612,38.7926,62.6771,1,1,1019.472,nan
closed_eye_1073.jpg_face_2,cerrado,B15,130.2073,0.064921,14.4988,29.8216,100.0,10.3071,CRITICA,7.0627,0.416793,23.3506,77.0968,0.06951,0.067923,7.068,4.6239,1,1,1105.217,nan
closed_eye_1073.jpg_face_2,cerrado,B25,130.2073,0.064921,24.4795,47.8076,92.7831,20.0322,CRITICA,8.6525,0.593769,19.3868,63.2834,0.069291,0.058078,6.7311,10.5402,1,1,1203.225,nan
closed_eye_1073.jpg_face_2,cerrado,B40,130.2073,0.064921,39.5083,71.4767,63.6414,28.4217,CRITICA,11.0921,0.715547,16.6992,45.1054,0.06,0.054531,7.5792,16.0033,1,1,1182.872,nan
closed_eye_1077.jpg_face_3,cerrado,B5,162.1144,0.058245,4.5155,14.9952,100.0,3.4441,CRITICA,4.4783,0.089865,27.2555,90.7502,0.198953,nan,241.5805,nan,1,1,1482.58,nan
closed_eye_1077.jpg_face_3,cerrado,B10,162.1144,0.058245,9.4585,22.9471,100.0,4.8558,CRITICA,4.9242,0.156467,25.3576,85.8451,0.203205,nan,248.8804,nan,1,1,1686.625,nan
closed_eye_1077.jpg_face_3,cerrado,B15,162.1144,0.058245,14.4268,29.327,100.0,7.0736,CRITICA,5.3299,0.223009,24.2393,81.9097,0.146045,0.186159,150.7438,219.6143,1,1,1765.848,nan
closed_eye_1077.jpg_face_3,cerrado,B25,162.1144,0.058245,24.4454,46.7203,97.0351,15.671,CRITICA,6.5793,0.441993,20.0934,71.1807,nan,0.14725,nan,152.8129,1,0,1879.346,nan
closed_eye_1077.jpg_face_3,cerrado,B40,162.1144,0.058245,39.4932,71.5409,65.2008,24.614,CRITICA,8.5159,0.669775,16.6663,55.8701,nan,0.127345,nan,118.6375,1,0,1737.318,nan
closed_eye_1079.jpg_face_1,cerrado,B5,191.7689,0.065828,4.326,15.0813,100.0,3.5682,CRITICA,2.7116,0.106388,27.2418,92.1357,nan,nan,nan,nan,1,0,1314.233,nan
closed_eye_1079.jpg_face_1,cerrado,B10,191.7689,0.065828,9.3286,21.5293,100.0,5.2867,CRITICA,3.0147,0.153959,25.9767,88.7733,0.14593,nan,121.6826,nan,1,1,2139.038,nan
closed_eye_1079.jpg_face_1,cerrado,B15,191.7689,0.065828,14.3114,26.8099,100.0,7.4019,CRITICA,3.2741,0.195333,25.4092,86.0197,0.080488,nan,22.2696,nan,1,1,1965.795,nan
closed_eye_1079.jpg_face_1,cerrado,B25,191.7689,0.065828,24.4741,43.9873,99.6214,14.885,CRITICA,4.2004,0.348811,21.127,77.0624,0.09236,0.114982,40.3049,74.669,1,1,1870.907,nan
closed_eye_1079.jpg_face_1,cerrado,B40,191.7689,0.065828,39.5141,68.8263,67.5775,24.6741,CRITICA,5.6856,0.524015,17.4228,64.1098,0.04639,0.065008,29.5292,1.2464,1,1,2196.354,nan
closed_eye_1101.jpg_face_2,cerrado,B5,147.5879,0.091769,4.3821,15.5918,100.0,5.2174,CRITICA,4.8299,0.12117,26.7922,89.4356,0.147444,0.181867,60.6677,98.1786,1,1,1920.492,nan
closed_eye_1101.jpg_face_2,cerrado,B10,147.5879,0.091769,9.4339,23.2588,100.0,8.757,CRITICA,5.3274,0.197852,24.7832,84.2407,0.119825,0.150678,30.5723,64.1915,1,1,1925.669,nan
closed_eye_1101.jpg_face_2,cerrado,B15,147.5879,0.091769,14.4707,31.6863,100.0,13.9443,CRITICA,5.9402,0.29103,22.5057,78.5306,0.110503,0.130086,20.4136,41.7534,1,1,1903.312,nan
closed_eye_1101.jpg_face_2,cerrado,B25,147.5879,0.091769,24.4692,50.3389,83.179,26.9504,CRITICA,7.489,0.498659,18.3133,65.8922,0.097109,0.113266,5.8187,23.4245,1,1,1932.741,nan
closed_eye_1101.jpg_face_2,cerrado,B40,147.5879,0.091769,39.4813,76.1139,53.3396,41.7476,CRITICA,9.9603,0.700766,15.0535,48.4281,0.123446,0.107406,34.5181,17.0388,1,1,1719.099,nan
closed_eye_1113.jpg_face_3,cerrado,B5,87.9982,0.06354,4.4866,16.8396,100.0,5.9351,CRITICA,9.489,0.387368,26.0205,80.8638,0.071055,0.159896,11.826,151.6442,1,1,767.519,nan
closed_eye_1113.jpg_face_3,cerrado,B10,87.9982,0.06354,9.4335,25.0104,100.0,10.2055,CRITICA,10.4294,0.51567,23.747,71.5785,0.064069,0.09449,0.8317,48.7081,1,1,696.961,nan
closed_eye_1113.jpg_face_3,cerrado,B15,87.9982,0.06354,14.5157,35.4494,99.7789,18.0345,CRITICA,11.9756,0.65801,20.7514,59.7158,0.061726,0.060086,2.8549,5.437,1,1,770.357,nan
closed_eye_1113.jpg_face_3,cerrado,B25,87.9982,0.06354,24.4767,56.2958,71.6076,32.4644,CRITICA,15.6404,0.816876,16.6776,36.0262,0.060222,0.056642,5.222,10.8563,1,1,690.894,nan
closed_eye_1113.jpg_face_3,cerrado,B40,87.9982,0.06354,39.5477,78.4262,50.0325,45.037,CRITICA,19.8702,0.827011,14.8008,10.8775,0.055233,0.060519,13.0734,4.7555,1,1,789.952,nan
closed_eye_1117.jpg_face_1,cerrado,B5,104.8559,0.052401,4.4123,22.1957,100.0,4.7065,CRITICA,9.601,0.221061,22.8516,78.8321,0.229452,nan,337.8744,nan,1,1,6476.685,nan
closed_eye_1117.jpg_face_1,cerrado,B10,104.8559,0.052401,9.3294,29.5447,99.5226,9.8621,CRITICA,10.4566,0.351772,21.3669,71.8235,nan,nan,nan,nan,1,0,5552.471,nan
closed_eye_1117.jpg_face_1,cerrado,B15,104.8559,0.052401,14.5551,38.2999,97.092,14.1416,CRITICA,11.5423,0.482057,19.6695,63.4738,nan,nan,nan,nan,1,0,6381.621,nan
closed_eye_1117.jpg_face_1,cerrado,B25,104.8559,0.052401,24.4583,58.3424,87.4132,22.3799,CRITICA,14.5297,0.658455,16.4629,44.3594,nan,0.144335,nan,175.4419,1,0,4828.585,nan
closed_eye_1117.jpg_face_1,cerrado,B40,104.8559,0.052401,39.5534,79.2496,52.5174,29.3624,CRITICA,18.4216,0.657325,14.9712,24.4205,0.167885,0.103738,220.3838,97.9677,1,1,4828.585,nan
closed_eye_1118.jpg_face_1,cerrado,B5,120.1329,0.078878,4.5756,16.1542,100.0,6.0186,CRITICA,6.2617,0.307386,26.4464,86.553,0.191616,nan,142.9278,nan,1,1,700.525,nan
closed_eye_1118.jpg_face_1,cerrado,B10,120.1329,0.078878,9.5022,23.1988,100.0,9.8915,CRITICA,6.8005,0.38832,24.9516,80.6891,0.075485,0.218358,4.3008,176.8308,1,1,681.942,nan
closed_eye_1118.jpg_face_1,cerrado,B15,120.1329,0.078878,14.3812,31.1152,99.9989,15.4156,CRITICA,7.5516,0.478501,22.6907,74.0994,0.057524,0.157875,27.0724,100.1518,1,1,593.613,nan
closed_eye_1118.jpg_face_1,cerrado,B25,120.1329,0.078878,24.5261,51.1313,83.9331,28.9303,CRITICA,9.6047,0.642612,18.1817,57.4377,0.065002,0.113948,17.5911,44.4613,1,1,509.217,nan
closed_eye_1118.jpg_face_1,cerrado,B40,120.1329,0.078878,39.4184,71.0407,49.3932,40.6777,CRITICA,12.1028,0.730747,16.4479,40.8649,0.087716,0.080766,11.2046,2.3943,1,1,609.496,nan
closed_eye_1119.jpg_face_1,cerrado,B5,158.9357,0.063286,4.3681,17.2659,100.0,5.0278,CRITICA,4.2512,0.160592,25.6603,89.1365,0.118544,nan,87.3164,nan,1,1,937.91,nan
closed_eye_1119.jpg_face_1,cerrado,B10,158.9357,0.063286,9.3749,23.6184,100.0,7.5185,CRITICA,4.6143,0.221221,24.6142,85.1396,0.083409,0.16634,31.798,162.8399,1,1,949.037,nan
closed_eye_1119.jpg_face_1,cerrado,B15,158.9357,0.063286,14.5082,32.0076,100.0,12.3059,CRITICA,5.1724,0.311957,22.438,79.8613,0.094246,0.113871,48.9218,79.932,1,1,898.392,nan
closed_eye_1119.jpg_face_1,cerrado,B25,158.9357,0.063286,24.4842,50.9705,88.8198,23.3181,CRITICA,6.558,0.506851,18.5007,67.9301,0.071316,0.083674,12.6885,32.2159,1,1,1004.016,nan
closed_eye_1119.jpg_face_1,cerrado,B40,158.9357,0.063286,39.5054,73.9762,50.8533,35.3277,CRITICA,8.4613,0.68447,15.9076,53.4553,0.08582,0.07756,35.6082,22.5561,1,1,930.146,nan
closed_eye_1120.jpg_face_1,cerrado,B5,121.486,0.035495,4.3512,15.0382,100.0,4.4334,CRITICA,7.194,0.228797,27.3344,87.6214,0.21751,nan,512.7956,nan,1,1,799.488,nan
closed_eye_1120.jpg_face_1,cerrado,B10,121.486,0.035495,9.4623,22.6425,100.0,6.6708,CRITICA,7.7956,0.327169,25.2051,81.362,0.109793,0.200473,209.3227,464.7979,1,1,812.282,nan
closed_eye_1120.jpg_face_1,cerrado,B15,121.486,0.035495,14.5345,30.1854,99.9659,11.4534,CRITICA,8.5108,0.418871,23.0929,75.1531,0.055744,0.166335,57.0497,368.6211,1,1,885.191,nan
closed_eye_1120.jpg_face_1,cerrado,B25,121.486,0.035495,24.4885,47.468,93.1778,20.7726,CRITICA,10.3095,0.599177,19.4575,60.9272,0.052982,0.094793,49.2675,167.0634,1,1,631.592,nan
closed_eye_1120.jpg_face_1,cerrado,B40,121.486,0.035495,39.4965,70.6198,67.0171,29.0464,CRITICA,13.026,0.731293,16.8503,41.87,0.051728,0.043071,45.735,21.3441,1,1,870.095,nan
closed_eye_1126.jpg_face_1,cerrado,B5,107.8697,0.065477,4.516,22.0927,100.0,5.0947,CRITICA,7.9633,0.149558,23.0135,79.5191,0.12042,nan,83.9112,nan,1,1,5010.021,nan
closed_eye_1126.jpg_face_1,cerrado,B10,107.8697,0.065477,9.3879,29.99,100.0,8.4524,CRITICA,8.6709,0.254406,21.5788,72.1979,0.089859,0.152647,37.2377,133.1298,1,1,6211.18,nan
closed_eye_1126.jpg_face_1,cerrado,B15,107.8697,0.065477,14.4802,40.075,99.8847,14.3571,CRITICA,9.7666,0.42331,19.4113,62.8487,0.091134,0.159649,39.1838,143.8236,1,1,5941.771,nan
closed_eye_1126.jpg_face_1,cerrado,B25,107.8697,0.065477,24.466,60.9539,72.2414,26.4371,CRITICA,12.4897,0.673358,15.9839,43.493,0.087749,0.099888,34.0149,52.5541,1,1,5847.953,nan
closed_eye_1126.jpg_face_1,cerrado,B40,107.8697,0.065477,39.5075,81.2695,44.8289,36.5974,BIEN,15.5336,0.73695,14.5717,24.6595,0.075358,0.084593,15.0905,29.1946,1,1,4755.112,nan
closed_eye_1127.jpg_face_1,cerrado,B5,143.5473,0.030132,4.4332,23.9019,100.0,5.4663,CRITICA,5.9455,0.12922,22.0956,83.3491,0.215722,nan,615.9289,nan,1,1,3501.4,nan
closed_eye_1127.jpg_face_1,cerrado,B10,143.5473,0.030132,9.4249,32.7218,100.0,12.6331,CRITICA,6.6509,0.237111,20.1029,77.2049,0.101448,0.180225,236.6808,498.1244,1,1,6341.154,nan
closed_eye_1127.jpg_face_1,cerrado,B15,143.5473,0.030132,14.4197,43.6059,92.8385,19.9917,CRITICA,7.5834,0.358375,17.7475,69.6226,nan,0.159284,nan,428.6251,1,0,5691.52,nan
closed_eye_1127.jpg_face_1,cerrado,B25,143.5473,0.030132,24.5117,63.421,73.3941,30.9507,CRITICA,9.535,0.611067,15.0108,55.8187,0.057056,0.139949,89.3566,364.4563,1,1,4699.248,nan
closed_eye_1127.jpg_face_1,cerrado,B40,143.5473,0.030132,39.4731,84.8464,50.0434,39.5948,BIEN,11.9123,0.694416,13.5938,40.8931,0.046973,0.102213,55.8929,239.2204,1,1,6226.65,nan
closed_eye_1139.BMP_face_1,cerrado,B5,191.8365,0.087193,4.3747,14.6118,100.0,2.8752,CRITICA,2.7855,0.113833,27.5877,92.3832,nan,nan,nan,nan,1,0,962.094,nan
closed_eye_1139.BMP_face_1,cerrado,B10,191.8365,0.087193,9.6321,22.2604,100.0,4.3617,CRITICA,3.1497,0.175688,25.6927,88.3962,0.129327,nan,48.3225,nan,1,1,1049.428,nan
closed_eye_1139.BMP_face_1,cerrado,B15,191.8365,0.087193,14.4143,27.4251,100.0,6.3949,CRITICA,3.3886,0.220773,25.2036,85.7039,nan,nan,nan,nan,1,0,1071.123,nan
closed_eye_1139.BMP_face_1,cerrado,B25,191.8365,0.087193,24.4615,45.9392,99.5575,13.2503,CRITICA,4.4195,0.39451,20.4805,76.0529,0.103276,0.121302,18.4449,39.1188,1,1,993.739,nan
closed_eye_1139.BMP_face_1,cerrado,B40,191.8365,0.087193,39.479,70.1049,67.0768,21.8689,CRITICA,5.909,0.571992,17.1176,63.4559,0.105619,0.094364,21.1323,8.2237,1,1,891.266,nan
closed_eye_1152.jpg_face_1,cerrado,B5,193.0995,0.073798,4.3648,15.5484,100.0,3.3335,CRITICA,2.8695,0.104345,26.8748,91.948,0.15253,nan,106.6854,nan,1,1,1083.893,nan
closed_eye_1152.jpg_face_1,cerrado,B10,193.0995,0.073798,9.387,22.674,100.0,4.9706,CRITICA,3.1996,0.157855,25.2848,88.2579,0.07298,0.168327,1.1095,128.0899,1,1,1254.863,nan
closed_eye_1152.jpg_face_1,cerrado,B15,193.0995,0.073798,14.4702,29.2688,100.0,7.3228,CRITICA,3.5377,0.21278,24.0951,84.8426,0.072986,0.113309,1.101,53.5389,1,1,1202.646,nan
closed_eye_1152.jpg_face_1,cerrado,B25,193.0995,0.073798,24.5098,46.947,98.6501,14.4709,CRITICA,4.5293,0.380982,20.1245,75.6876,0.068402,0.075179,7.3118,1.8714,1,1,1118.068,nan
closed_eye_1152.jpg_face_1,cerrado,B40,193.0995,0.073798,39.4724,71.5403,64.0209,23.5356,CRITICA,6.0157,0.569917,16.7189,62.9516,0.073063,0.079788,0.9965,8.1159,1,1,1167.542,nan
closed_eye_1153.jpg_face_1,cerrado,B5,227.012,0.030307,4.4925,14.5878,100.0,3.3555,CRITICA,1.4613,0.099859,27.6353,93.574,0.13905,nan,358.8,nan,1,1,766.401,nan
closed_eye_1153.jpg_face_1,cerrado,B10,227.012,0.030307,9.4465,21.8759,100.0,5.0855,CRITICA,1.7624,0.14973,25.6641,90.3636,0.10365,0.200033,241.9958,560.016,1,1,642.22,nan
closed_eye_1153.jpg_face_1,cerrado,B15,227.012,0.030307,14.3542,27.8211,100.0,6.9846,CRITICA,2.0167,0.1958,24.7045,87.7447,0.080416,0.146927,165.336,384.7916,1,1,738.498,nan
closed_eye_1153.jpg_face_1,cerrado,B25,227.012,0.030307,24.4028,44.398,99.145,12.5345,CRITICA,2.7605,0.324183,20.9824,80.4425,0.0521,0.081258,71.9044,168.1138,1,1,566.091,nan
closed_eye_1153.jpg_face_1,cerrado,B40,227.012,0.030307,39.4447,64.0767,82.3141,18.25,CRITICA,3.7249,0.467086,18.9087,71.7739,0.055581,0.046436,83.3922,53.2176,1,1,773.455,nan
closed_eye_1181.jpg_face_1,cerrado,B5,138.8238,0.148451,4.4157,16.9229,100.0,5.9563,CRITICA,5.2901,0.130559,25.8119,87.8098,0.185112,0.222221,24.6957,49.6933,1,1,2712.968,nan
closed_eye_1181.jpg_face_1,cerrado,B10,138.8238,0.148451,9.4883,25.9214,100.0,9.7549,CRITICA,5.8996,0.215289,23.3868,81.3278,0.162448,0.173485,9.429,16.8638,1,1,2648.305,nan
closed_eye_1181.jpg_face_1,cerrado,B15,138.8238,0.148451,14.4578,35.8458,99.9068,15.6013,CRITICA,6.6987,0.330903,20.7584,74.1789,0.156935,0.17568,5.7151,18.342,1,1,2994.012,nan
closed_eye_1181.jpg_face_1,cerrado,B25,138.8238,0.148451,24.515,61.5019,65.9758,31.4227,CRITICA,9.1254,0.604616,15.6631,55.6978,0.182531,0.161209,22.9575,8.5943,1,1,2596.054,nan
closed_eye_1181.jpg_face_1,cerrado,B40,138.8238,0.148451,39.5029,86.6404,38.2549,45.1871,BIEN,12.282,0.767145,13.4557,37.5897,0.182556,0.146351,22.9738,1.4144,1,1,2679.528,nan
closed_eye_1193.jpg_face_1,cerrado,B5,176.1661,0.042686,4.4358,14.8814,100.0,2.8672,CRITICA,3.729,0.118983,27.4395,91.5526,nan,nan,nan,nan,1,0,779.241,nan
closed_eye_1193.jpg_face_1,cerrado,B10,176.1661,0.042686,9.5187,21.7409,100.0,3.9071,CRITICA,4.0808,0.176799,26.1254,87.6589,0.084582,nan,98.1507,nan,1,1,854.19,nan
closed_eye_1193.jpg_face_1,cerrado,B15,176.1661,0.042686,14.3651,27.4281,100.0,5.5752,CRITICA,4.3998,0.231002,25.4838,84.4305,0.097464,0.142617,128.3289,234.1085,1,1,747.775,nan
closed_eye_1193.jpg_face_1,cerrado,B25,176.1661,0.042686,24.4673,45.6358,99.43,12.7164,CRITICA,5.5607,0.41187,20.7819,74.095,0.05224,0.104716,22.383,145.3183,1,1,673.537,nan
closed_eye_1193.jpg_face_1,cerrado,B40,176.1661,0.042686,39.4355,68.4576,72.7261,19.4109,CRITICA,7.1658,0.593554,17.7962,61.1403,0.048367,0.057881,13.3084,35.5967,1,1,754.432,nan
closed_eye_1194.jpg_face_3,cerrado,B5,191.0719,0.050284,4.4106,15.88,100.0,3.2217,CRITICA,3.0864,0.112465,26.6343,91.689,0.139938,nan,178.2954,nan,1,1,733.783,nan
closed_eye_1194.jpg_face_3,cerrado,B10,191.0719,0.050284,9.4521,23.6389,100.0,4.5859,CRITICA,3.458,0.173418,24.7686,87.6283,0.102031,0.188588,102.9094,275.0467,1,1,759.994,nan
closed_eye_1194.jpg_face_3,cerrado,B15,191.0719,0.050284,14.5151,30.9339,100.0,6.8004,CRITICA,3.8464,0.23692,23.2874,83.8103,0.053762,0.100347,6.9164,99.5605,1,1,658.979,nan
closed_eye_1194.jpg_face_3,cerrado,B25,191.0719,0.050284,24.4796,50.0157,97.5883,13.7368,CRITICA,4.9414,0.417033,19.2206,73.8236,0.056422,0.096613,12.2075,92.1347,1,1,820.749,nan
closed_eye_1194.jpg_face_3,cerrado,B40,191.0719,0.050284,39.4834,74.2267,60.4025,22.3053,CRITICA,6.5057,0.595412,16.2629,61.1525,0.059177,0.067067,17.6866,33.3766,1,1,780.153,nan
closed_eye_1199.jpg_face_1,cerrado,B5,188.476,0.059254,4.3707,16.4011,100.0,3.8404,CRITICA,3.1941,0.09977,26.2169,91.2981,0.135614,nan,128.8682,nan,1,1,764.351,nan
closed_eye_1199.jpg_face_1,cerrado,B10,188.476,0.059254,9.3394,24.3992,100.0,5.4425,CRITICA,3.596,0.153683,24.288,87.0545,0.060268,0.140381,1.7112,136.914,1,1,678.564,nan
closed_eye_1199.jpg_face_1,cerrado,B15,188.476,0.059254,14.5001,32.0238,100.0,8.3433,CRITICA,4.0156,0.217658,22.773,83.0091,0.055224,0.125384,6.8023,111.6034,1,1,753.579,nan
closed_eye_1199.jpg_face_1,cerrado,B25,188.476,0.059254,24.4606,52.4723,94.5386,17.0882,CRITICA,5.2491,0.410628,18.3688,72.1597,0.070404,0.096468,18.8175,62.8046,1,1,857.118,nan
closed_eye_1199.jpg_face_1,cerrado,B40,188.476,0.059254,39.4906,77.0818,51.8786,26.6301,CRITICA,6.9315,0.601031,15.5854,59.1026,0.062967,0.053404,6.2652,9.8735,1,1,838.434,nan
closed_eye_1205.jpg_face_2,cerrado,B5,185.0702,0.026475,4.3118,17.691,100.0,4.2275,CRITICA,3.2762,0.12338,25.3422,90.4409,0.069466,nan,162.3886,nan,1,1,739.208,nan
closed_eye_1205.jpg_face_2,cerrado,B10,185.0702,0.026475,9.314,25.9373,100.0,6.5546,CRITICA,3.7003,0.18686,23.352,85.9851,0.029955,0.121649,13.1479,359.4946,1,1,860.511,nan
closed_eye_1205.jpg_face_2,cerrado,B15,185.0702,0.026475,14.4701,33.8349,100.0,9.6864,CRITICA,4.1315,0.253579,21.8118,81.7178,0.029244,0.078603,10.4609,196.8991,1,1,963.391,nan
closed_eye_1205.jpg_face_2,cerrado,B25,185.0702,0.026475,24.4931,55.1139,91.7018,18.9566,CRITICA,5.4331,0.443708,17.5753,70.22,0.024693,0.050534,6.7302,90.8782,1,1,1037.237,nan
closed_eye_1205.jpg_face_2,cerrado,B40,185.0702,0.026475,39.4949,79.6081,44.2289,28.5861,CRITICA,7.1756,0.60752,15.0721,56.9849,0.027111,0.028211,2.4038,6.5605,1,1,873.744,nan
closed_eye_1219.jpg_face_1,cerrado,B5,138.7718,0.097395,4.5393,16.5009,100.0,4.2933,CRITICA,5.6412,0.15527,26.3027,88.1093,0.182972,nan,87.867,nan,1,1,2394.636,nan
closed_eye_1219.jpg_face_1,cerrado,B10,138.7718,0.097395,9.3902,22.9086,100.0,4.4583,CRITICA,6.0466,0.219292,25.3704,83.4919,0.184102,nan,89.0272,nan,1,1,2179.599,nan
closed_eye_1219.jpg_face_1,cerrado,B15,138.7718,0.097395,14.4713,30.5275,100.0,7.3001,CRITICA,6.6292,0.317223,23.6645,78.0017,0.195924,0.199736,101.1649,105.0794,1,1,2801.905,nan
closed_eye_1219.jpg_face_1,cerrado,B25,138.7718,0.097395,24.4753,51.1984,96.6399,16.0973,CRITICA,8.4053,0.552928,18.9208,63.106,0.119209,0.173925,22.3981,78.5775,1,1,2973.536,nan
closed_eye_1219.jpg_face_1,cerrado,B40,138.7718,0.097395,39.509,81.2635,37.3752,27.1306,BIEN,11.6612,0.735164,14.9913,41.4409,0.118919,0.148842,22.1004,52.8239,1,1,2718.869,nan
closed_eye_1220.jpg_face_1,cerrado,B5,156.7839,0.07684,4.5256,17.3178,100.0,6.2137,CRITICA,4.1805,0.222354,25.4377,88.9544,0.086388,0.193033,12.4256,151.214,1,1,734.754,nan
closed_eye_1220.jpg_face_1,cerrado,B10,156.7839,0.07684,9.5118,25.837,100.0,10.7598,CRITICA,4.6993,0.299704,23.0664,83.5206,0.066107,0.10339,13.9678,34.5524,1,1,879.507,nan
closed_eye_1220.jpg_face_1,cerrado,B15,156.7839,0.07684,14.5284,34.9239,100.0,16.2177,CRITICA,5.3037,0.386073,20.8235,77.7248,0.068294,0.08611,11.1214,12.0635,1,1,858.074,nan
closed_eye_1220.jpg_face_1,cerrado,B25,156.7839,0.07684,24.4995,55.2769,79.0681,29.2176,CRITICA,6.7724,0.561711,16.913,64.7433,0.064101,0.071711,16.5784,6.6745,1,1,867.002,nan
closed_eye_1220.jpg_face_1,cerrado,B40,156.7839,0.07684,39.5824,77.9238,44.054,40.8321,CRITICA,8.7399,0.675949,14.9824,50.2986,0.074272,0.069091,3.3423,10.0849,1,1,485.649,nan
closed_eye_1228.jpg_face_2,cerrado,B5,159.8569,0.116543,4.5129,16.9275,100.0,4.484,CRITICA,4.3667,0.156562,26.0098,89.4109,0.166306,nan,42.6994,nan,1,1,1895.016,nan
closed_eye_1228.jpg_face_2,cerrado,B10,159.8569,0.116543,9.5174,24.0012,100.0,6.6318,CRITICA,4.7759,0.216818,24.5716,84.9858,0.172355,0.197841,47.8892,69.7575,1,1,2333.178,nan
closed_eye_1228.jpg_face_2,cerrado,B15,159.8569,0.116543,14.513,31.0224,100.0,9.9507,CRITICA,5.2189,0.286521,23.207,80.5936,0.171605,0.171193,47.246,46.8922,1,1,855.066,nan
closed_eye_1228.jpg_face_2,cerrado,B25,159.8569,0.116543,24.4686,49.4914,95.4868,19.257,CRITICA,6.524,0.471333,19.1153,69.0402,0.145456,0.165035,24.8085,41.6083,1,1,1927.897,nan
closed_eye_1228.jpg_face_2,cerrado,B40,159.8569,0.116543,39.5749,74.417,51.9952,30.3466,CRITICA,8.5558,0.641506,15.9973,53.4477,0.11341,0.128552,2.6884,10.3038,1,1,1741.25,nan
closed_eye_1232.jpg_face_2,cerrado,B5,113.6298,0.088487,4.6373,16.742,100.0,5.2632,CRITICA,7.0187,0.331073,26.0932,85.2662,0.076559,nan,13.4795,nan,1,1,282.032,nan
closed_eye_1232.jpg_face_2,cerrado,B10,113.6298,0.088487,9.5521,24.4187,100.0,9.0358,CRITICA,7.6379,0.434964,23.9024,78.5103,0.073618,0.109026,16.8036,23.212,1,1,514.35,nan
closed_eye_1232.jpg_face_2,cerrado,B15,113.6298,0.088487,14.47,32.7953,99.9865,13.7536,CRITICA,8.4145,0.525968,21.7325,71.1385,0.07531,0.08253,14.8911,6.732,1,1,599.125,nan
closed_eye_1232.jpg_face_2,cerrado,B25,113.6298,0.088487,24.5171,53.0554,85.6201,26.0688,CRITICA,10.5128,0.686769,17.6551,53.3086,0.078147,0.076226,11.6854,13.856,1,1,510.517,nan
closed_eye_1232.jpg_face_2,cerrado,B40,113.6298,0.088487,39.4985,74.1954,50.7142,37.8443,CRITICA,13.159,0.765582,15.6424,34.7043,0.084268,0.090762,4.7675,2.5713,1,1,737.626,nan
closed_eye_1236.jpg_face_1,cerrado,B5,108.1607,0.06963,4.4645,16.4126,100.0,4.1424,CRITICA,8.4731,0.280799,26.2958,84.8257,0.197879,nan,184.1861,nan,1,1,838.012,nan
closed_eye_1236.jpg_face_1,cerrado,B10,108.1607,0.06963,9.498,23.8801,99.9984,6.6682,CRITICA,9.167,0.415303,24.3342,77.9216,0.144532,0.166913,107.5705,139.7136,1,1,934.579,nan
closed_eye_1236.jpg_face_1,cerrado,B15,108.1607,0.06963,14.4886,31.6764,99.8607,10.0382,CRITICA,9.968,0.530795,22.5442,70.7136,0.117017,0.159996,68.0553,129.7792,1,1,896.298,nan
closed_eye_1236.jpg_face_1,cerrado,B25,108.1607,0.06963,24.4885,50.5009,91.2538,19.3248,CRITICA,12.2006,0.720566,18.6424,53.3094,0.092238,0.126133,32.4684,81.1464,1,1,740.96,nan
closed_eye_1236.jpg_face_1,cerrado,B40,108.1607,0.06963,39.4919,73.9699,60.85,27.4426,CRITICA,15.4705,0.802989,16.1373,31.6111,0.091496,0.085395,31.403,22.6403,1,1,765.111,nan
closed_eye_1237.jpg_face_1,cerrado,B5,163.3592,0.040925,4.4944,15.5157,100.0,3.362,CRITICA,4.4274,0.118758,26.9711,90.5021,0.154049,nan,276.4211,nan,1,1,1659.751,nan
closed_eye_1237.jpg_face_1,cerrado,B10,163.3592,0.040925,9.4453,22.3204,100.0,4.0993,CRITICA,4.809,0.179797,25.8037,86.3366,0.086256,0.175859,110.7689,329.716,1,1,1937.609,nan
closed_eye_1237.jpg_face_1,cerrado,B15,163.3592,0.040925,14.465,28.0823,100.0,5.9764,CRITICA,5.1743,0.242138,25.0039,82.8095,0.082015,0.103952,100.406,154.0089,1,1,1958.864,nan
closed_eye_1237.jpg_face_1,cerrado,B25,163.3592,0.040925,24.4652,45.8833,99.2371,13.0219,CRITICA,6.3965,0.43328,20.6805,71.9126,0.05019,0.077096,22.6414,88.3857,1,1,1988.467,nan
closed_eye_1237.jpg_face_1,cerrado,B40,163.3592,0.040925,39.5071,71.4916,63.3185,21.9665,CRITICA,8.3603,0.614305,16.9127,56.2366,0.054901,0.044181,34.1514,7.9566,1,1,2098.196,nan
closed_eye_1237.jpg_face_2,cerrado,B5,134.6662,0.082437,4.3521,15.3155,100.0,3.674,CRITICA,6.119,0.143618,27.1451,88.6271,0.194348,nan,135.7529,nan,1,1,1542.734,nan
closed_eye_1237.jpg_face_2,cerrado,B10,134.6662,0.082437,9.42,22.7519,100.0,5.1353,CRITICA,6.6532,0.230537,25.3036,83.105,0.118944,0.166612,44.2842,102.108,1,1,1728.907,nan
closed_eye_1237.jpg_face_2,cerrado,B15,134.6662,0.082437,14.5518,30.2525,100.0,8.0332,CRITICA,7.2387,0.33427,23.6052,77.5352,0.084769,0.117895,2.8284,43.0119,1,1,1410.437,nan
closed_eye_1237.jpg_face_2,cerrado,B25,134.6662,0.082437,24.5173,48.0187,97.4796,15.5896,CRITICA,8.8374,0.562824,19.8272,64.3425,0.101391,0.113528,22.9913,37.7141,1,1,1526.718,nan
closed_eye_1237.jpg_face_2,cerrado,B40,134.6662,0.082437,39.5183,71.447,64.2112,24.9164,CRITICA,11.311,0.738797,16.8918,46.9451,0.093316,0.09553,13.1962,15.882,1,1,1561.524,nan
closed_eye_1240.jpg_face_2,cerrado,B5,135.6346,0.055554,4.3973,16.432,100.0,4.7539,CRITICA,5.9628,0.195629,26.1665,87.8851,0.143217,nan,157.8004,nan,1,1,893.176,nan
closed_eye_1240.jpg_face_2,cerrado,B10,135.6346,0.055554,9.4042,23.6045,100.0,7.2204,CRITICA,6.4725,0.283996,24.602,82.597,0.046872,0.174312,15.628,213.7725,1,1,663.702,nan
closed_eye_1240.jpg_face_2,cerrado,B15,135.6346,0.055554,14.4141,31.6294,99.8754,11.1112,CRITICA,7.1018,0.381231,22.7349,76.6804,0.040297,0.103552,27.4634,86.4002,1,1,941.797,nan
closed_eye_1240.jpg_face_2,cerrado,B25,135.6346,0.055554,24.4831,51.096,91.2508,21.1844,CRITICA,8.8834,0.594786,18.55,62.3282,0.03676,0.089466,33.8291,61.0438,1,1,929.454,nan
closed_eye_1240.jpg_face_2,cerrado,B40,135.6346,0.055554,39.4858,72.9134,54.9962,31.3542,CRITICA,11.2325,0.749817,16.2984,46.2428,0.031365,0.045076,43.5404,18.8599,1,1,918.358,nan
closed_eye_1242.jpg_face_1,cerrado,B5,132.6519,0.074251,4.2649,16.0362,100.0,4.4597,CRITICA,6.2977,0.22677,26.4337,87.911,nan,nan,nan,nan,1,0,619.54,nan
closed_eye_1242.jpg_face_1,cerrado,B10,132.6519,0.074251,9.4745,22.6729,100.0,5.8853,CRITICA,6.7883,0.317278,25.2344,82.908,0.092186,0.171803,24.1552,131.3816,1,1,443.203,nan
closed_eye_1242.jpg_face_1,cerrado,B15,132.6519,0.074251,14.5006,30.6882,100.0,9.4237,CRITICA,7.4328,0.421578,23.2572,76.8656,0.074605,0.13415,0.4765,80.6715,1,1,331.62,nan
closed_eye_1242.jpg_face_1,cerrado,B25,132.6519,0.074251,24.5177,49.0222,94.8719,19.075,CRITICA,9.1268,0.621037,19.1848,63.0445,0.08617,0.099769,16.053,34.3672,1,1,686.153,nan
closed_eye_1242.jpg_face_1,cerrado,B40,132.6519,0.074251,39.4817,72.0719,58.9787,28.5294,CRITICA,11.6547,0.772227,16.529,45.6684,0.077536,0.083499,4.4238,12.4548,1,1,609.496,nan
closed_eye_1243.jpg_face_4,cerrado,B5,127.932,0.061135,4.3161,15.4747,100.0,4.6965,CRITICA,6.0235,0.201472,26.9907,87.9039,0.135291,nan,121.2972,nan,1,1,1420.656,nan
closed_eye_1243.jpg_face_4,cerrado,B10,127.932,0.061135,9.4508,22.2164,100.0,7.1256,CRITICA,6.5188,0.282173,25.5246,82.6342,0.072317,0.166754,18.2903,172.7613,1,1,1524.39,nan
closed_eye_1243.jpg_face_4,cerrado,B15,127.932,0.061135,14.4864,30.5771,100.0,11.1821,CRITICA,7.2079,0.39156,23.2924,76.0989,0.057563,0.110103,5.8428,80.097,1,1,1707.067,nan
closed_eye_1243.jpg_face_4,cerrado,B25,127.932,0.061135,24.4761,48.8823,94.1484,21.8414,CRITICA,8.8748,0.591684,19.2863,61.7904,0.055748,0.062629,8.8129,2.4425,1,1,1728.31,nan
closed_eye_1243.jpg_face_4,cerrado,B40,127.932,0.061135,39.5055,71.782,52.332,34.0888,CRITICA,11.3945,0.735352,16.5349,43.8905,0.063615,0.055719,4.0559,8.8591,1,1,1712.915,nan
closed_eye_1249.jpg_face_1,cerrado,B5,139.4056,0.065092,4.2308,22.8511,100.0,3.4331,CRITICA,6.3928,0.120621,22.5932,83.6082,nan,nan,nan,nan,1,0,5945.303,nan
closed_eye_1249.jpg_face_1,cerrado,B10,139.4056,0.065092,9.4389,29.7285,100.0,7.2292,CRITICA,6.9191,0.226616,21.5885,78.6748,0.168557,nan,158.9534,nan,1,1,6297.229,nan
closed_eye_1249.jpg_face_1,cerrado,B15,139.4056,0.065092,14.5227,39.315,100.0,10.9873,CRITICA,7.676,0.352296,19.6713,71.7981,0.069506,0.164252,6.782,152.3399,1,1,6381.621,nan
closed_eye_1249.jpg_face_1,cerrado,B25,139.4056,0.065092,24.5444,58.8996,83.21,20.9153,CRITICA,9.4832,0.572077,16.4486,57.7495,0.074826,0.116154,14.9558,78.4472,1,1,4184.1,nan
closed_eye_1249.jpg_face_1,cerrado,B40,139.4056,0.065092,39.4806,81.068,48.1961,29.7263,BIEN,11.8659,0.660881,14.5555,41.8474,0.071849,0.087391,10.3822,34.2582,1,1,6281.406,nan
closed_eye_1253.jpg_face_1,cerrado,B5,124.4409,0.105741,4.3613,14.214,100.0,3.9887,CRITICA,6.9187,0.151104,27.9123,88.5777,0.183798,nan,73.8194,nan,1,1,2061.006,nan
closed_eye_1253.jpg_face_1,cerrado,B10,124.4409,0.105741,9.486,21.7376,100.0,5.772,CRITICA,7.5218,0.256147,25.8266,82.5318,0.144311,nan,36.4768,nan,1,1,1557.39,nan
closed_eye_1253.jpg_face_1,cerrado,B15,124.4409,0.105741,14.5039,27.8427,100.0,8.9535,CRITICA,8.0619,0.347944,24.6084,77.6258,0.117076,0.152099,10.7199,43.8415,1,1,1115.947,nan
closed_eye_1253.jpg_face_1,cerrado,B25,124.4409,0.105741,24.4987,44.4257,94.2348,18.0765,CRITICA,9.704,0.572841,20.4854,64.2998,0.109041,0.132266,3.1212,25.085,1,1,1656.178,nan
closed_eye_1253.jpg_face_1,cerrado,B40,124.4409,0.105741,39.4939,68.0433,71.9789,28.4785,CRITICA,12.4461,0.750307,17.1547,45.3208,0.125144,0.1244,18.3499,17.6464,1,1,1404.297,nan
closed_eye_1255.jpg_face_2,cerrado,B5,93.0388,0.072963,4.4872,14.2184,100.0,3.3902,CRITICA,9.6546,0.189204,27.9306,84.7177,nan,nan,nan,nan,1,0,1018.434,nan
closed_eye_1255.jpg_face_2,cerrado,B10,93.0388,0.072963,9.5148,21.9456,100.0,5.5005,CRITICA,10.493,0.315712,25.8697,76.4124,0.099163,nan,35.909,nan,1,1,3503.854,nan
closed_eye_1255.jpg_face_2,cerrado,B15,93.0388,0.072963,14.4349,28.5817,99.6877,8.3782,CRITICA,11.3228,0.428099,24.6559,69.2798,nan,nan,nan,nan,1,0,2727.769,nan
closed_eye_1255.jpg_face_2,cerrado,B25,93.0388,0.072963,24.4987,44.6535,96.7784,15.1796,CRITICA,13.8664,0.680374,21.1713,52.0055,0.084631,0.108212,15.9918,48.3117,1,1,3877.472,nan
closed_eye_1255.jpg_face_2,cerrado,B40,93.0388,0.072963,39.4619,65.6583,83.5799,21.7825,CRITICA,18.4037,0.821899,18.8164,29.4291,0.068079,0.092989,6.6934,27.4477,1,1,4327.131,nan
closed_eye_1265.jpg_face_2,cerrado,B5,107.9289,0.018896,4.4301,15.7742,100.0,3.505,CRITICA,8.2719,0.227794,26.8789,85.3847,0.075347,nan,298.7384,nan,1,1,1516.53,nan
closed_eye_1265.jpg_face_2,cerrado,B10,107.9289,0.018896,9.435,21.9977,100.0,5.0153,CRITICA,8.8635,0.327191,25.7903,79.6183,0.052534,0.115524,178.0131,511.3606,1,1,1270.487,nan
closed_eye_1265.jpg_face_2,cerrado,B15,107.9289,0.018896,14.5128,29.3413,100.0,7.5687,CRITICA,9.6016,0.443635,24.0693,72.8142,0.031088,0.066252,64.5192,250.6114,1,1,1555.694,nan
closed_eye_1265.jpg_face_2,cerrado,B25,107.9289,0.018896,24.4991,49.2253,96.8676,15.8163,CRITICA,11.9974,0.681999,19.3627,54.391,0.025157,0.038014,33.132,101.1716,1,1,1458.151,nan
closed_eye_1265.jpg_face_2,cerrado,B40,107.9289,0.018896,39.4938,72.2253,59.9928,23.898,CRITICA,15.621,0.794344,16.8027,33.0807,0.022542,0.031724,19.2929,67.8845,1,1,1403.706,nan
closed_eye_1266.jpg_face_1,cerrado,B5,131.1072,0.062737,4.366,15.8852,100.0,3.6442,CRITICA,6.8681,0.184527,26.6264,87.8838,0.135605,nan,116.1497,nan,1,1,705.965,nan
closed_eye_1266.jpg_face_1,cerrado,B10,131.1072,0.062737,9.362,23.8852,100.0,4.9803,CRITICA,7.4626,0.288585,24.5922,81.7819,0.092925,0.161974,48.1194,158.1807,1,1,492.296,nan
closed_eye_1266.jpg_face_1,cerrado,B15,131.1072,0.062737,14.5703,30.5394,100.0,7.7102,CRITICA,8.0318,0.379188,23.3581,76.7065,0.085195,0.112447,35.7978,79.236,1,1,703.334,nan
closed_eye_1266.jpg_face_1,cerrado,B25,131.1072,0.062737,24.4807,50.1618,94.0459,16.4584,CRITICA,9.8682,0.61048,18.9125,61.7398,0.082506,0.090815,31.5118,44.7557,1,1,687.616,nan
closed_eye_1266.jpg_face_1,cerrado,B40,131.1072,0.062737,39.491,74.9908,60.1691,26.1456,CRITICA,12.6437,0.762684,15.8348,42.8019,0.072268,0.076412,15.1924,21.7979,1,1,613.083,nan
closed_eye_1269.jpg_face_1,cerrado,B5,179.8139,0.113236,4.4238,15.5292,100.0,3.445,CRITICA,3.536,0.111509,26.9432,91.3637,nan,nan,nan,nan,1,0,1828.822,nan
closed_eye_1269.jpg_face_1,cerrado,B10,179.8139,0.113236,9.495,22.6779,100.0,4.6764,CRITICA,3.895,0.171719,25.4553,87.3881,0.142262,nan,25.634,nan,1,1,1647.718,nan
closed_eye_1269.jpg_face_1,cerrado,B15,179.8139,0.113236,14.542,29.1223,100.0,7.0986,CRITICA,4.2669,0.235535,24.1949,83.8042,0.082243,nan,27.37,nan,1,1,1679.261,nan
closed_eye_1269.jpg_face_1,cerrado,B25,179.8139,0.113236,24.5243,45.7735,98.5686,13.5994,CRITICA,5.2787,0.406947,20.7081,74.544,0.073093,nan,35.4503,nan,1,1,1687.479,nan
closed_eye_1269.jpg_face_1,cerrado,B40,179.8139,0.113236,39.4985,68.2676,72.4596,22.2151,CRITICA,6.7747,0.597374,17.7093,62.0343,0.079193,0.135157,30.0633,19.3592,1,1,1493.206,nan
closed_eye_1270.jpg_face_1,cerrado,B5,90.5272,0.089427,4.5079,16.8569,100.0,6.4579,CRITICA,8.939,0.293435,25.8879,81.3792,0.129304,nan,44.5907,nan,1,1,1959.632,nan
closed_eye_1270.jpg_face_1,cerrado,B10,90.5272,0.089427,9.458,25.632,100.0,12.6097,CRITICA,9.9711,0.445084,23.1162,71.6859,0.132239,0.150808,47.8728,68.6373,1,1,2787.845,nan
closed_eye_1270.jpg_face_1,cerrado,B15,90.5272,0.089427,14.4631,36.2476,93.4951,22.2504,CRITICA,11.4749,0.611941,19.8225,59.9594,0.120801,0.141518,35.0822,58.2493,1,1,2158.429,nan
closed_eye_1270.jpg_face_1,cerrado,B25,90.5272,0.089427,24.4802,57.4361,73.0462,38.9949,CRITICA,15.2569,0.825712,15.856,36.5538,0.094873,0.115861,6.0896,29.5588,1,1,2143.163,nan
closed_eye_1270.jpg_face_1,cerrado,B40,90.5272,0.089427,39.4656,81.0652,54.3233,50.8918,BIEN,20.3506,0.851471,14.1431,10.4521,0.091649,0.089999,2.484,0.6393,1,1,1841.282,nan
closed_eye_1274.jpg_face_1,cerrado,B5,85.3267,0.129129,4.4224,20.5102,100.0,5.7003,CRITICA,10.7703,0.266684,23.7116,75.9627,nan,nan,nan,nan,1,0,4482.295,nan
closed_eye_1274.jpg_face_1,cerrado,B10,85.3267,0.129129,9.3973,29.442,99.6863,10.7358,CRITICA,12.0317,0.453966,21.5451,65.495,0.151592,nan,17.3958,nan,1,1,5882.352,nan
closed_eye_1274.jpg_face_1,cerrado,B15,85.3267,0.129129,14.4976,38.1251,94.2745,18.8683,CRITICA,13.5121,0.589016,19.4286,55.3187,0.15307,0.183636,18.5403,42.2116,1,1,5305.04,nan
closed_eye_1274.jpg_face_1,cerrado,B25,85.3267,0.129129,24.4553,55.018,87.3333,27.1427,CRITICA,16.8016,0.770942,17.0975,35.5207,0.117475,0.179826,9.0248,39.2611,1,1,5037.783,nan
closed_eye_1274.jpg_face_1,cerrado,B40,85.3267,0.129129,39.5047,77.4322,57.8431,34.3154,CRITICA,20.9175,0.715492,15.3328,9.2521,0.150709,0.138604,16.7126,7.338,1,1,6180.47,nan
closed_eye_1276.jpg_face_6,cerrado,B5,92.0804,0.088142,4.5115,17.3655,100.0,6.8974,CRITICA,8.8893,0.232192,25.6193,81.1409,0.140015,nan,58.8517,nan,1,1,1573.069,nan
closed_eye_1276.jpg_face_6,cerrado,B10,92.0804,0.088142,9.5296,26.3784,100.0,11.6312,CRITICA,9.8747,0.379647,23.0099,71.3529,0.134167,0.155109,52.2175,75.9765,1,1,2762.431,nan
closed_eye_1276.jpg_face_6,cerrado,B15,92.0804,0.088142,14.4742,37.521,98.9619,19.1673,CRITICA,11.4102,0.580675,19.9617,59.2519,0.111972,0.132575,27.0357,50.4114,1,1,2808.989,nan
closed_eye_1276.jpg_face_6,cerrado,B25,92.0804,0.088142,24.5124,55.5292,70.1269,31.1555,CRITICA,14.4571,0.802195,17.1043,39.6949,0.094955,0.105671,7.7302,19.8873,1,1,2388.345,nan
closed_eye_1276.jpg_face_6,cerrado,B40,92.0804,0.088142,39.4764,75.8464,49.1157,43.5438,CRITICA,19.0116,0.861806,15.5339,17.6303,0.108302,0.095657,22.8729,8.5261,1,1,2852.253,nan
closed_eye_1278.jpg_face_3,cerrado,B5,125.1862,0.106663,4.3597,15.9468,100.0,4.5689,CRITICA,6.7532,0.168874,26.5107,87.2615,0.214826,0.207,101.4056,94.0683,1,1,1594.134,nan
closed_eye_1278.jpg_face_3,cerrado,B10,125.1862,0.106663,9.4187,23.9028,100.0,7.4522,CRITICA,7.3835,0.270872,24.4064,80.9062,0.186131,0.204134,74.503,91.3815,1,1,1463.272,nan
closed_eye_1278.jpg_face_3,cerrado,B15,125.1862,0.106663,14.4721,32.4215,100.0,12.0732,CRITICA,8.1531,0.387827,22.22,74.1014,0.15775,0.195083,47.8953,82.8962,1,1,1571.833,nan
closed_eye_1278.jpg_face_3,cerrado,B25,125.1862,0.106663,24.4462,50.6658,87.7911,23.3257,CRITICA,10.0588,0.613894,18.3071,59.5276,0.14507,0.162442,36.0076,52.2938,1,1,1710.864,nan
closed_eye_1278.jpg_face_3,cerrado,B40,125.1862,0.106663,39.503,75.5597,58.1944,35.2771,CRITICA,13.0802,0.773236,15.3015,39.6422,0.109606,0.145609,2.7592,36.5128,1,1,1471.454,nan
closed_eye_1281.jpg_face_1,cerrado,B5,89.3347,0.078774,4.4384,17.5675,100.0,4.5619,CRITICA,9.8589,0.196946,25.4055,80.3352,0.126955,nan,61.164,nan,1,1,3767.898,nan
closed_eye_1281.jpg_face_1,cerrado,B10,89.3347,0.078774,9.424,25.2494,100.0,8.5732,CRITICA,10.7587,0.325687,23.7529,71.7362,0.090685,0.149878,15.1211,90.2635,1,1,4364.906,nan
closed_eye_1281.jpg_face_1,cerrado,B15,89.3347,0.078774,14.4867,34.3277,99.9153,13.2682,CRITICA,12.0186,0.509588,21.4654,61.5741,0.063414,0.138797,19.4983,76.1972,1,1,4755.112,nan
closed_eye_1281.jpg_face_1,cerrado,B25,89.3347,0.078774,24.4562,51.8489,87.9379,22.9163,CRITICA,15.0498,0.736689,18.3655,41.9611,0.062651,0.095402,20.4677,21.1084,1,1,4741.584,nan
closed_eye_1281.jpg_face_1,cerrado,B40,89.3347,0.078774,39.4576,73.4726,54.4068,32.7474,CRITICA,19.9603,0.814802,16.4082,17.7559,0.069295,0.090681,12.0325,15.116,1,1,5408.329,nan
closed_eye_1286.jpg_face_2,cerrado,B5,124.1956,0.065061,4.4412,12.1688,100.0,3.0328,CRITICA,6.8905,0.08972,29.9842,90.2019,0.167038,nan,156.7418,nan,1,1,3700.962,nan
closed_eye_1286.jpg_face_2,cerrado,B10,124.1956,0.065061,9.4401,19.6318,100.0,4.3478,CRITICA,7.4452,0.162779,27.8291,84.1928,0.118677,0.169673,82.4096,160.7925,1,1,3396.739,nan
closed_eye_1286.jpg_face_2,cerrado,B15,124.1956,0.065061,14.4787,25.5764,100.0,5.9347,CRITICA,7.9505,0.236336,26.7339,79.4064,0.106288,0.147432,63.3677,126.6065,1,1,3971.406,nan
closed_eye_1286.jpg_face_2,cerrado,B25,124.1956,0.065061,24.4575,42.4916,99.6173,12.4399,CRITICA,9.593,0.490397,22.2737,65.7865,0.069111,0.106978,6.2251,64.4284,1,1,3685.957,nan
closed_eye_1286.jpg_face_2,cerrado,B40,124.1956,0.065061,39.5135,66.7946,72.9592,20.2916,CRITICA,12.4673,0.740927,18.5962,46.2182,0.068179,0.081266,4.7926,24.9089,1,1,3800.836,nan
closed_eye_1291.jpg_face_3,cerrado,B5,133.4583,0.086892,4.53,18.6113,100.0,5.3569,CRITICA,6.11,0.118324,24.7313,86.0546,0.191021,nan,119.8374,nan,1,1,3209.243,nan
closed_eye_1291.jpg_face_3,cerrado,B10,133.4583,0.086892,9.4323,27.7923,100.0,8.2078,CRITICA,6.7565,0.207669,22.6423,79.1753,0.111043,0.156132,27.7941,79.685,1,1,3571.429,nan
closed_eye_1291.jpg_face_3,cerrado,B15,133.4583,0.086892,14.4422,34.6031,100.0,12.1592,CRITICA,7.3516,0.303355,21.467,74.072,0.0916,0.134266,5.418,54.5203,1,1,3755.163,nan
closed_eye_1291.jpg_face_3,cerrado,B25,133.4583,0.086892,24.48,56.2758,83.0451,23.6293,CRITICA,9.4077,0.583321,17.0989,57.8326,0.089623,0.096404,3.143,10.9474,1,1,3424.657,nan
closed_eye_1291.jpg_face_3,cerrado,B40,133.4583,0.086892,39.4628,79.8135,44.9564,34.5073,CRITICA,12.191,0.764922,14.8527,40.1959,0.0824,0.07721,5.17,11.1425,1,1,4032.258,nan
closed_eye_1295.jpg_face_2,cerrado,B5,106.11,0.0784,4.5512,16.6488,100.0,4.23,CRITICA,8.3123,0.262048,26.1778,84.3098,0.115677,nan,47.5476,nan,1,1,692.281,nan
closed_eye_1295.jpg_face_2,cerrado,B10,106.11,0.0784,9.3785,24.3138,100.0,6.458,CRITICA,9.0009,0.382585,24.3022,77.0863,0.089121,0.136024,13.6752,73.5002,1,1,673.854,nan
closed_eye_1295.jpg_face_2,cerrado,B15,106.11,0.0784,14.4635,31.5764,99.9957,9.8287,CRITICA,9.7924,0.492844,22.7764,70.2418,0.066256,0.078624,15.4896,0.2862,1,1,623.908,nan
closed_eye_1295.jpg_face_2,cerrado,B25,106.11,0.0784,24.4545,51.7484,89.9011,20.3932,CRITICA,12.364,0.723669,18.2696,51.2314,0.083162,0.064694,6.0734,17.482,1,1,679.717,nan
closed_eye_1295.jpg_face_2,cerrado,B40,106.11,0.0784,39.4719,76.8341,53.6033,30.8672,CRITICA,16.3084,0.831805,15.3652,27.5902,0.074375,0.068458,5.1337,12.6806,1,1,656.901,nan
closed_eye_1297.jpg_face_2,cerrado,B5,101.8191,0.083769,4.421,15.8808,100.0,5.3206,CRITICA,7.8275,0.281984,26.6211,84.4029,0.16279,nan,94.3316,nan,1,1,1535.862,nan
closed_eye_1297.jpg_face_2,cerrado,B10,101.8191,0.083769,9.4721,24.4792,100.0,9.0138,CRITICA,8.6067,0.433869,24.0031,75.9582,0.159611,0.169534,90.5361,102.3816,1,1,1592.864,nan
closed_eye_1297.jpg_face_2,cerrado,B15,101.8191,0.083769,14.483,31.782,99.4127,14.5964,CRITICA,9.4404,0.548652,22.3722,68.7858,0.11326,0.153191,35.2042,82.8726,1,1,1729.805,nan
closed_eye_1297.jpg_face_2,cerrado,B25,101.8191,0.083769,24.4667,49.5073,88.2837,25.1248,CRITICA,11.6108,0.748468,18.8507,51.3772,0.122788,0.126792,46.5782,51.3583,1,1,1573.317,nan
closed_eye_1297.jpg_face_2,cerrado,B40,101.8191,0.083769,39.4562,72.6794,56.5988,37.2747,CRITICA,15.0543,0.830988,16.2439,28.6191,0.105373,0.122855,25.7895,46.6592,1,1,1664.724,nan
closed_eye_1304.jpg_face_2,cerrado,B5,130.9919,0.057373,4.3591,14.9631,100.0,3.5344,CRITICA,6.459,0.145643,27.3471,88.5771,0.136321,nan,137.6023,nan,1,1,2028.809,nan
closed_eye_1304.jpg_face_2,cerrado,B10,130.9919,0.057373,9.4185,21.8571,100.0,5.1731,CRITICA,6.9597,0.224507,25.925,83.3141,0.090347,0.146068,57.472,154.5913,1,1,2284.148,nan
closed_eye_1304.jpg_face_2,cerrado,B15,130.9919,0.057373,14.4875,28.5303,100.0,7.6348,CRITICA,7.4958,0.310412,24.7666,78.2198,0.075749,0.103132,32.0281,79.755,1,1,2235.136,nan
closed_eye_1304.jpg_face_2,cerrado,B25,130.9919,0.057373,24.459,46.5619,97.0316,16.9241,CRITICA,9.2311,0.545742,20.138,64.4544,0.062849,0.100082,9.5446,74.4397,1,1,2282.584,nan
closed_eye_1304.jpg_face_2,cerrado,B40,130.9919,0.057373,39.4785,73.9627,57.6241,28.1841,CRITICA,12.3632,0.735106,16.0761,43.5364,0.05925,0.087586,3.2704,52.6597,1,1,2267.06,nan
closed_eye_1305.jpg_face_1,cerrado,B5,165.7221,0.160787,4.4303,15.1607,100.0,3.3947,CRITICA,4.3993,0.146986,27.2399,90.8517,0.256487,nan,59.5197,nan,1,1,745.712,nan
closed_eye_1305.jpg_face_1,cerrado,B10,165.7221,0.160787,9.4027,22.0233,100.0,3.8233,CRITICA,4.7845,0.21827,25.8447,86.7107,0.201039,nan,25.0346,nan,1,1,688.753,nan
closed_eye_1305.jpg_face_1,cerrado,B15,165.7221,0.160787,14.4344,28.0969,100.0,5.1715,CRITICA,5.1559,0.282834,25.0462,83.0458,0.197349,0.217739,22.7395,35.4208,1,1,664.761,nan
closed_eye_1305.jpg_face_1,cerrado,B25,165.7221,0.160787,24.4783,46.418,99.3142,12.7843,CRITICA,6.4252,0.468832,20.6014,71.9904,0.19179,0.187609,19.2819,16.682,1,1,603.792,nan
closed_eye_1305.jpg_face_1,cerrado,B40,165.7221,0.160787,39.4722,70.556,66.2709,20.5291,CRITICA,8.3109,0.656298,17.336,57.4251,0.177195,0.190558,10.2051,18.516,1,1,629.842,nan
closed_eye_1312.jpg_face_2,cerrado,B5,142.1116,0.057039,4.4629,14.5678,100.0,3.2291,CRITICA,5.4448,0.201753,27.828,89.7491,0.18215,nan,219.3408,nan,1,1,582.343,nan
closed_eye_1312.jpg_face_2,cerrado,B10,142.1116,0.057039,9.5093,21.2778,100.0,5.1301,CRITICA,5.8817,0.301482,26.1268,85.0274,0.111771,nan,95.9547,nan,1,1,583.465,nan
closed_eye_1312.jpg_face_2,cerrado,B15,142.1116,0.057039,14.4554,28.225,100.0,8.163,CRITICA,6.3673,0.395525,24.2347,80.1388,0.09487,nan,66.3231,nan,1,1,691.563,nan
closed_eye_1312.jpg_face_2,cerrado,B25,142.1116,0.057039,24.5059,45.1224,96.9822,16.4018,CRITICA,7.7092,0.568485,20.3535,68.2486,0.082868,nan,45.282,nan,1,1,759.532,nan
closed_eye_1312.jpg_face_2,cerrado,B40,142.1116,0.057039,39.4754,69.5718,66.9049,25.8297,CRITICA,9.8949,0.725473,16.9481,51.0443,0.060394,0.076471,5.8814,34.0678,1,1,769.645,nan
closed_eye_1315.jpg_face_2,cerrado,B5,97.8597,0.049177,4.3423,16.6246,100.0,5.0877,CRITICA,8.8775,0.283873,26.0882,83.0118,0.092674,nan,88.4482,nan,1,1,976.753,nan
closed_eye_1315.jpg_face_2,cerrado,B10,97.8597,0.049177,9.445,24.4903,100.0,8.4546,CRITICA,9.6871,0.412597,24.0534,74.974,0.045095,0.105888,8.3013,115.3186,1,1,1067.692,nan
closed_eye_1315.jpg_face_2,cerrado,B15,97.8597,0.049177,14.5144,33.4633,98.5783,14.3297,CRITICA,10.8031,0.546588,21.6225,65.8049,0.039335,0.068703,20.0141,39.7052,1,1,996.214,nan
closed_eye_1315.jpg_face_2,cerrado,B25,97.8597,0.049177,24.4985,53.019,85.0952,26.1463,CRITICA,13.6349,0.736292,17.7392,45.8214,0.034108,0.041732,30.6423,15.1397,1,1,1007.049,nan
closed_eye_1315.jpg_face_2,cerrado,B40,97.8597,0.049177,39.497,76.8195,53.6246,36.4561,CRITICA,17.7091,0.800221,15.3673,21.5003,0.018174,0.040806,63.0436,17.0226,1,1,965.904,nan
closed_eye_1318.jpg_face_2,cerrado,B5,139.809,0.051229,4.5187,15.5015,100.0,3.7209,CRITICA,5.9258,0.161542,26.878,88.9124,0.177748,nan,246.9648,nan,1,1,941.265,nan
closed_eye_1318.jpg_face_2,cerrado,B10,139.809,0.051229,9.5107,23.1688,100.0,5.4757,CRITICA,6.4472,0.248879,25.0952,83.4283,0.082554,0.144783,61.1459,182.6182,1,1,980.969,nan
closed_eye_1318.jpg_face_2,cerrado,B15,139.809,0.051229,14.4676,30.505,100.0,8.6332,CRITICA,7.0038,0.340496,23.3617,78.1809,0.071898,0.118919,40.3456,132.1305,1,1,953.198,nan
closed_eye_1318.jpg_face_2,cerrado,B25,139.809,0.051229,24.4743,48.9081,95.6927,16.468,CRITICA,8.6061,0.55767,19.3506,65.0179,0.070809,0.079937,38.219,56.0369,1,1,1035.09,nan
closed_eye_1318.jpg_face_2,cerrado,B40,139.809,0.051229,39.5165,74.2462,59.5622,25.8073,CRITICA,11.2008,0.733936,16.1134,46.8945,0.060138,0.074947,17.3909,46.2971,1,1,814.266,nan
closed_eye_1319.jpg_face_1,cerrado,B5,107.7161,0.084641,4.4383,16.8307,100.0,4.4412,CRITICA,7.8309,0.279118,26.1709,84.3749,0.164103,nan,93.882,nan,1,1,780.457,nan
closed_eye_1319.jpg_face_1,cerrado,B10,107.7161,0.084641,9.5185,23.667,100.0,6.7438,CRITICA,8.4537,0.387,24.7501,78.0284,0.108986,0.159684,28.7637,88.6616,1,1,492.781,nan
closed_eye_1319.jpg_face_1,cerrado,B15,107.7161,0.084641,14.4789,31.522,100.0,10.6346,CRITICA,9.2839,0.506956,22.8346,70.736,0.081228,0.126235,4.0316,49.1429,1,1,597.729,nan
closed_eye_1319.jpg_face_1,cerrado,B25,107.7161,0.084641,24.5033,51.8415,87.9533,22.5682,CRITICA,11.753,0.71913,18.2259,51.8721,0.089571,0.086269,5.8255,1.9237,1,1,816.66,nan
closed_eye_1319.jpg_face_1,cerrado,B40,107.7161,0.084641,39.4854,75.591,54.7624,33.6682,CRITICA,15.2414,0.808904,15.5554,29.8238,0.085197,0.079828,0.6574,5.6852,1,1,632.711,nan
closed_eye_1324.jpg_face_1,cerrado,B5,78.864,0.093391,4.461,15.869,100.0,4.2582,CRITICA,11.0766,0.319475,26.8306,79.878,0.116531,0.179439,24.7777,92.1371,1,1,1761.494,nan
closed_eye_1324.jpg_face_1,cerrado,B10,78.864,0.093391,9.4866,22.9313,100.0,6.629,CRITICA,11.9862,0.467526,25.1498,70.923,0.109165,0.132866,16.8904,42.2686,1,1,1871.608,nan
closed_eye_1324.jpg_face_1,cerrado,B15,78.864,0.093391,14.4641,30.4888,99.9819,10.4072,CRITICA,13.2021,0.611271,23.3148,61.34,0.102763,0.106422,10.035,13.9527,1,1,1933.114,nan
closed_eye_1324.jpg_face_1,cerrado,B25,78.864,0.093391,24.5013,49.5585,93.3385,20.6735,CRITICA,16.9591,0.808987,19.1258,37.1595,0.083825,0.086736,10.2433,7.1264,1,1,1433.692,nan
closed_eye_1324.jpg_face_1,cerrado,B40,78.864,0.093391,39.5208,75.5476,51.6098,32.7649,CRITICA,21.8865,0.791933,15.7467,4.2052,0.081523,0.081864,12.7083,12.3433,1,1,1971.998,nan
closed_eye_1327.jpg_face_1,cerrado,B5,94.0171,0.057932,4.4786,15.7912,100.0,4.8505,CRITICA,9.1036,0.332696,26.8129,83.204,0.227161,nan,292.116,nan,1,1,918.527,nan
closed_eye_1327.jpg_face_1,cerrado,B10,94.0171,0.057932,9.4838,22.5446,100.0,7.6901,CRITICA,9.8177,0.445501,25.3768,76.0208,0.109585,nan,89.1617,nan,1,1,537.086,nan
closed_eye_1327.jpg_face_1,cerrado,B15,94.0171,0.057932,14.469,29.8549,99.92,12.0148,CRITICA,10.7679,0.559194,23.4844,68.2453,0.084897,0.104817,46.5464,80.9315,1,1,874.585,nan
closed_eye_1327.jpg_face_1,cerrado,B25,94.0171,0.057932,24.5358,48.8096,91.3536,22.6219,CRITICA,13.4243,0.733476,19.1907,48.0844,0.062093,0.061072,7.1826,5.4201,1,1,921.744,nan
closed_eye_1327.jpg_face_1,cerrado,B40,94.0171,0.057932,39.5275,71.9371,57.2945,34.3217,CRITICA,17.4395,0.795417,16.3737,23.4852,0.055704,0.063081,3.8467,8.888,1,1,914.495,nan
closed_eye_1333.jpg_face_10,cerrado,B5,105.5831,0.047066,4.2977,18.5597,100.0,4.4669,CRITICA,8.7413,0.164426,24.8888,82.4217,0.135493,nan,187.8826,nan,1,1,4743.833,nan
closed_eye_1333.jpg_face_10,cerrado,B10,105.5831,0.047066,9.5127,25.2133,100.0,6.7986,CRITICA,9.4157,0.25189,23.7781,76.1199,0.128591,0.148548,173.2161,215.6195,1,1,5564.83,nan
closed_eye_1333.jpg_face_10,cerrado,B15,105.5831,0.047066,14.5325,33.8481,100.0,11.2501,CRITICA,10.3981,0.432264,21.6911,67.9418,0.061968,0.115154,31.6639,144.6672,1,1,5339.028,nan
closed_eye_1333.jpg_face_10,cerrado,B25,105.5831,0.047066,24.4958,52.0734,88.539,22.0873,CRITICA,12.8653,0.678867,18.1704,50.6802,0.059749,0.068422,26.9495,45.377,1,1,5373.455,nan
closed_eye_1333.jpg_face_10,cerrado,B40,105.5831,0.047066,39.4808,72.6607,57.1104,31.6612,CRITICA,16.3602,0.765054,16.2967,31.1815,0.048198,0.046753,2.4068,0.6641,1,1,5037.783,nan
closed_eye_1336.jpg_face_2,cerrado,B5,107.9543,0.06104,4.4346,17.307,100.0,5.1516,CRITICA,8.1024,0.280841,25.6218,83.9682,0.074078,nan,21.36,nan,1,1,483.045,nan
closed_eye_1336.jpg_face_2,cerrado,B10,107.9543,0.06104,9.482,24.8456,100.0,7.8527,CRITICA,8.7976,0.391001,23.9217,76.9851,0.078064,0.113255,27.8894,85.5422,1,1,557.724,nan
closed_eye_1336.jpg_face_2,cerrado,B15,107.9543,0.06104,14.5139,33.1509,99.7646,12.3241,CRITICA,9.697,0.50568,21.9791,69.2918,0.072901,0.073022,19.4319,19.6291,1,1,663.922,nan
closed_eye_1336.jpg_face_2,cerrado,B25,107.9543,0.06104,24.5064,54.6081,86.8377,23.8407,CRITICA,12.4821,0.726777,17.496,49.4155,0.072141,0.073199,18.186,19.92,1,1,558.41,nan
closed_eye_1336.jpg_face_2,cerrado,B40,107.9543,0.06104,39.5032,78.0985,47.4967,35.529,CRITICA,16.3365,0.817745,15.0314,27.656,0.068748,0.065088,12.6279,6.6322,1,1,636.051,nan
closed_eye_1338.jpg_face_1,cerrado,B5,122.0475,0.076069,4.5326,17.1185,100.0,4.4528,CRITICA,6.7574,0.197181,25.7788,85.9739,0.167463,nan,120.1458,nan,1,1,771.724,nan
closed_eye_1338.jpg_face_1,cerrado,B10,122.0475,0.076069,9.4759,25.8942,100.0,7.5087,CRITICA,7.4178,0.306149,23.4402,78.7835,0.108162,0.169525,42.19,122.8565,1,1,716.692,nan
closed_eye_1338.jpg_face_1,cerrado,B15,122.0475,0.076069,14.4369,34.2138,99.9868,11.5189,CRITICA,8.1676,0.419529,21.5992,71.9669,0.096925,0.152961,27.4175,101.0821,1,1,668.717,nan
closed_eye_1338.jpg_face_1,cerrado,B25,122.0475,0.076069,24.4916,55.6957,85.2016,23.3317,CRITICA,10.4445,0.661303,17.1482,54.3656,0.105008,0.113193,38.0434,48.8036,1,1,621.118,nan
closed_eye_1338.jpg_face_1,cerrado,B40,122.0475,0.076069,39.4959,79.4804,45.8309,34.8438,CRITICA,13.4786,0.79528,14.7086,34.8775,0.087188,0.08614,14.6174,13.2395,1,1,756.945,nan
closed_eye_1343.jpg_face_1,cerrado,B5,67.0575,0.062435,4.4113,16.2359,100.0,4.4673,CRITICA,12.6753,0.388494,26.4316,75.7881,0.156536,nan,150.718,nan,1,1,1518.372,nan
closed_eye_1343.jpg_face_1,cerrado,B10,67.0575,0.062435,9.4681,23.2651,100.0,7.5969,CRITICA,13.8605,0.556112,24.8331,65.3058,0.13358,0.15198,113.9497,143.4209,1,1,1516.07,nan
closed_eye_1343.jpg_face_1,cerrado,B15,67.0575,0.062435,14.4785,31.2973,99.7209,12.8047,CRITICA,15.492,0.710174,22.7103,53.3276,0.105559,0.141505,69.0694,126.6436,1,1,1844.678,nan
closed_eye_1343.jpg_face_1,cerrado,B25,67.0575,0.062435,24.4612,49.9521,87.5825,24.8758,CRITICA,20.3767,0.838364,18.5836,25.5085,0.081739,0.105209,30.9178,68.5089,1,1,1846.04,nan
closed_eye_1343.jpg_face_1,cerrado,B40,67.0575,0.062435,39.4715,74.5549,56.2303,36.909,CRITICA,21.614,0.726663,15.6685,11.1806,0.082357,0.076529,31.9084,22.5731,1,1,1748.252,nan
closed_eye_1344.jpg_face_1,cerrado,B5,77.0793,0.134669,4.4182,16.5347,100.0,5.3195,CRITICA,10.9492,0.21275,26.2255,78.5485,0.185602,nan,37.8206,nan,1,1,4430.66,nan
closed_eye_1344.jpg_face_1,cerrado,B10,77.0793,0.134669,9.4537,24.5858,100.0,9.771,CRITICA,12.1047,0.38285,23.9061,68.1032,0.134923,0.142589,0.1883,5.8808,1,1,4127.115,nan
closed_eye_1344.jpg_face_1,cerrado,B15,77.0793,0.134669,14.4996,33.9124,98.9586,15.8242,CRITICA,13.7054,0.60342,21.3663,56.0032,0.112866,0.123272,16.1903,8.4631,1,1,5367.686,nan
closed_eye_1344.jpg_face_1,cerrado,B25,77.0793,0.134669,24.5072,53.4064,82.3669,27.6404,CRITICA,18.0562,0.853863,17.6126,30.7124,0.115291,0.167132,14.3893,24.1054,1,1,4854.369,nan
closed_eye_1344.jpg_face_1,cerrado,B40,77.0793,0.134669,39.4895,75.5463,56.071,38.4794,CRITICA,22.8667,0.833897,15.6297,1.9889,0.119471,0.159286,11.2854,18.2795,1,1,5341.88,nan
closed_eye_1346.jpg_face_3,cerrado,B5,145.9614,0.088475,4.4939,16.3363,100.0,4.6479,CRITICA,4.891,0.141601,26.391,88.8078,0.214462,nan,142.3974,nan,1,1,848.033,nan
closed_eye_1346.jpg_face_3,cerrado,B10,145.9614,0.088475,9.5036,23.8777,100.0,7.2411,CRITICA,5.3684,0.219957,24.6258,83.6411,0.092243,nan,4.2581,nan,1,1,905.633,nan
closed_eye_1346.jpg_face_3,cerrado,B15,145.9614,0.088475,14.4838,31.7234,99.9773,11.1867,CRITICA,5.9422,0.314627,22.7347,78.2659,0.090198,0.167042,1.9466,88.8012,1,1,917.852,nan
closed_eye_1346.jpg_face_3,cerrado,B25,145.9614,0.088475,24.4815,50.9284,87.8627,21.7946,CRITICA,7.4837,0.538465,18.5903,65.1083,0.111109,0.178421,25.5817,101.6614,1,1,935.541,nan
closed_eye_1346.jpg_face_3,cerrado,B40,145.9614,0.088475,39.4872,75.4079,53.9804,31.9346,CRITICA,9.6895,0.72096,15.7713,48.3371,0.103067,0.088731,16.4921,0.289,1,1,878.117,nan
closed_eye_1353.jpg_face_1,cerrado,B5,119.2564,0.062818,4.2872,17.2352,100.0,5.5976,CRITICA,6.859,0.244641,25.5645,85.5478,0.067178,nan,6.9405,nan,1,1,791.954,nan
closed_eye_1353.jpg_face_1,cerrado,B10,119.2564,0.062818,9.4941,25.1416,100.0,8.8727,CRITICA,7.5113,0.352021,23.782,78.918,0.062792,0.101282,0.0419,61.2294,1,1,530.195,nan
closed_eye_1353.jpg_face_1,cerrado,B15,119.2564,0.062818,14.4614,33.8739,99.8564,14.5026,CRITICA,8.3581,0.469708,21.5466,71.5957,0.062492,0.065475,0.5193,4.2286,1,1,739.645,nan
closed_eye_1353.jpg_face_1,cerrado,B25,119.2564,0.062818,24.484,53.4185,83.3287,26.6189,CRITICA,10.5117,0.678549,17.6423,55.2071,0.065464,0.062197,4.2122,0.9898,1,1,703.235,nan
closed_eye_1353.jpg_face_1,cerrado,B40,119.2564,0.062818,39.521,74.906,50.2313,37.9562,CRITICA,13.4285,0.801932,15.6972,37.1891,0.064663,0.056482,2.9363,10.0871,1,1,705.965,nan
closed_eye_1358.jpg_face_1,cerrado,B5,195.8891,0.033744,4.4217,16.5362,100.0,4.5291,CRITICA,2.7151,0.100069,26.1109,91.5584,0.115936,nan,243.5778,nan,1,1,1203.514,nan
closed_eye_1358.jpg_face_1,cerrado,B10,195.8891,0.033744,9.4802,23.4744,100.0,5.9078,CRITICA,3.0355,0.147916,24.8148,88.0165,0.154132,nan,356.772,nan,1,1,1060.108,nan
closed_eye_1358.jpg_face_1,cerrado,B15,195.8891,0.033744,14.4799,30.7521,100.0,8.6869,CRITICA,3.406,0.205702,23.3372,84.3013,0.128599,0.147347,281.103,336.6647,1,1,1093.972,nan
closed_eye_1358.jpg_face_1,cerrado,B25,195.8891,0.033744,24.4963,48.2343,96.8294,18.258,CRITICA,4.4133,0.364096,19.4633,75.3767,0.061128,0.134565,81.1518,298.7829,1,1,1184.834,nan
closed_eye_1358.jpg_face_1,cerrado,B40,195.8891,0.033744,39.5716,72.9797,57.0265,27.8966,CRITICA,5.9716,0.553242,16.3699,62.7444,0.04454,0.114179,31.9939,238.37,1,1,1182.452,nan
closed_eye_1360.jpg_face_1,cerrado,B5,171.4585,0.057886,4.3611,17.4036,100.0,4.5308,CRITICA,3.8927,0.124632,25.5675,89.8497,0.136488,nan,135.7865,nan,1,1,1686.91,nan
closed_eye_1360.jpg_face_1,cerrado,B10,171.4585,0.057886,9.4742,24.9912,100.0,6.8839,CRITICA,4.3004,0.184854,23.8722,85.4243,0.113105,0.147065,95.3917,154.0575,1,1,1647.446,nan
closed_eye_1360.jpg_face_1,cerrado,B15,171.4585,0.057886,14.4938,33.4257,100.0,10.7008,CRITICA,4.8024,0.263788,21.8857,80.5051,0.118249,0.113648,104.2784,96.3288,1,1,1797.591,nan
closed_eye_1360.jpg_face_1,cerrado,B25,171.4585,0.057886,24.5048,52.7957,89.0352,20.0362,CRITICA,6.0661,0.447392,18.1272,69.2079,0.102712,0.077525,77.4367,33.9264,1,1,1748.557,nan
closed_eye_1360.jpg_face_1,cerrado,B40,171.4585,0.057886,39.5214,77.5677,50.9141,29.8139,CRITICA,7.8303,0.621036,15.3814,54.7601,0.085627,0.074338,47.9219,28.4197,1,1,1776.514,nan
closed_eye_1362.BMP_face_3,cerrado,B5,108.3897,0.058376,4.4578,12.6278,100.0,3.7929,CRITICA,7.5925,0.117151,29.7067,88.3497,0.087758,0.206536,50.3336,253.8049,1,1,3642.987,nan
closed_eye_1362.BMP_face_3,cerrado,B10,108.3897,0.058376,9.4693,19.4644,100.0,5.4828,CRITICA,8.182,0.200176,27.8769,82.0422,0.055636,0.110095,4.6925,88.5973,1,1,3782.148,nan
closed_eye_1362.BMP_face_3,cerrado,B15,108.3897,0.058376,14.4481,25.8461,100.0,8.0789,CRITICA,8.8395,0.298777,26.4502,76.1544,0.064572,0.091462,10.6139,56.678,1,1,3688.676,nan
closed_eye_1362.BMP_face_3,cerrado,B25,108.3897,0.058376,24.4792,43.5168,99.2969,16.6821,CRITICA,10.8541,0.582394,21.6841,59.8516,0.059027,0.07533,1.1154,29.044,1,1,3407.155,nan
closed_eye_1362.BMP_face_3,cerrado,B40,108.3897,0.058376,39.4881,68.2531,62.4797,26.6018,CRITICA,14.5692,0.816253,18.0874,37.0299,0.061731,0.06529,5.7485,11.8446,1,1,3706.449,nan
closed_eye_1363.jpg_face_1,cerrado,B5,124.8388,0.056803,4.3217,17.5299,100.0,5.2215,CRITICA,6.7721,0.208677,25.4654,85.9579,0.128554,0.156543,126.315,175.5895,1,1,1051.857,nan
closed_eye_1363.jpg_face_1,cerrado,B10,124.8388,0.056803,9.4133,25.4675,100.0,7.9318,CRITICA,7.402,0.308671,23.5111,79.5997,0.066441,0.118644,16.9672,108.8688,1,1,1041.233,nan
closed_eye_1363.jpg_face_1,cerrado,B15,124.8388,0.056803,14.4691,34.3758,100.0,12.3095,CRITICA,8.2109,0.428309,21.369,72.4639,0.055309,0.08617,2.6311,51.6988,1,1,1101.079,nan
closed_eye_1363.jpg_face_1,cerrado,B25,124.8388,0.056803,24.5498,55.2728,82.6647,23.7913,CRITICA,10.3436,0.64819,17.27,55.7247,0.05707,0.062247,0.4702,9.5844,1,1,1100.473,nan
closed_eye_1363.jpg_face_1,cerrado,B40,124.8388,0.056803,39.5049,80.3257,48.0911,36.9441,BIEN,13.4417,0.780355,14.4749,35.6565,0.06063,0.045073,6.737,20.6499,1,1,989.903,nan
closed_eye_1365.jpg_face_1,cerrado,B5,144.6432,0.072276,4.4259,18.2257,100.0,6.2866,CRITICA,5.0077,0.175105,24.9387,87.3995,0.112907,0.224326,56.2176,210.376,1,1,599.664,nan
closed_eye_1365.jpg_face_1,cerrado,B10,144.6432,0.072276,9.5168,26.7368,100.0,10.9105,CRITICA,5.5815,0.258132,22.7417,81.5153,0.08875,0.142938,22.7938,97.7671,1,1,701.115,nan
closed_eye_1365.jpg_face_1,cerrado,B15,144.6432,0.072276,14.5577,36.2943,97.4533,17.9865,CRITICA,6.3181,0.357621,20.1572,74.9077,0.085924,0.130149,18.8838,80.0724,1,1,694.879,nan
closed_eye_1365.jpg_face_1,cerrado,B25,144.6432,0.072276,24.5127,56.6997,78.0748,30.557,CRITICA,8.0523,0.550481,16.4576,60.8003,0.095793,0.110504,32.538,52.8917,1,1,647.417,nan
closed_eye_1365.jpg_face_1,cerrado,B40,144.6432,0.072276,39.5172,78.9529,50.2298,41.9192,CRITICA,10.2284,0.696303,14.5746,45.4154,0.083305,0.092839,15.2597,28.4505,1,1,589.31,nan
closed_eye_1368.jpg_face_1,cerrado,B5,151.4488,0.047923,4.4077,16.3262,100.0,4.0027,CRITICA,4.6519,0.112073,26.3125,89.22,0.130589,0.263386,172.4982,449.6045,1,1,2033.76,nan
closed_eye_1368.jpg_face_1,cerrado,B10,151.4488,0.047923,9.5611,22.8143,100.0,6.207,CRITICA,5.0355,0.166594,25.2701,84.936,0.072242,0.115357,50.7453,140.7134,1,1,2474.635,nan
closed_eye_1368.jpg_face_1,cerrado,B15,151.4488,0.047923,14.4544,30.3621,100.0,9.562,CRITICA,5.5509,0.248012,23.6353,79.9522,0.057358,0.111709,19.6874,133.1024,1,1,2373.042,nan
closed_eye_1368.jpg_face_1,cerrado,B25,151.4488,0.047923,24.4818,50.4491,94.8219,20.1118,CRITICA,7.1158,0.465374,18.9249,66.689,0.064503,0.080792,34.5971,68.5865,1,1,2246.686,nan
closed_eye_1368.jpg_face_1,cerrado,B40,151.4488,0.047923,39.4634,77.5501,44.7069,32.0696,CRITICA,9.5924,0.670742,15.4384,48.7945,0.05832,0.06646,21.6957,38.6819,1,1,2261.932,nan
closed_eye_1369.BMP_face_1,cerrado,B5,98.9544,0.041704,4.3416,17.5379,100.0,5.2388,CRITICA,8.8598,0.285685,25.5117,82.2767,0.079847,0.182336,91.462,337.2171,1,1,681.617,nan
closed_eye_1369.BMP_face_1,cerrado,B10,98.9544,0.041704,9.4852,26.2134,100.0,9.4425,CRITICA,9.7752,0.427567,23.11,73.5096,0.076556,0.097175,83.5714,133.012,1,1,619.233,nan
closed_eye_1369.BMP_face_1,cerrado,B15,98.9544,0.041704,14.5174,36.2704,98.6939,16.6669,CRITICA,11.0856,0.578014,20.3357,63.3464,0.07551,0.090467,81.0636,116.9272,1,1,778.877,nan
closed_eye_1369.BMP_face_1,cerrado,B25,98.9544,0.041704,24.5165,57.2947,79.4511,28.5831,CRITICA,14.2526,0.784697,16.5385,42.0999,0.061084,0.081912,46.4704,96.4135,1,1,628.259,nan
closed_eye_1369.BMP_face_1,cerrado,B40,98.9544,0.041704,39.4681,82.9431,49.4893,39.9583,BIEN,18.6648,0.834727,14.0879,16.1805,0.067026,0.05708,60.7189,36.8704,1,1,761.557,nan
closed_eye_1376.jpg_face_2,cerrado,B5,220.1253,0.054911,4.4879,12.9704,100.0,2.7444,CRITICA,2.0482,0.080215,29.065,94.1077,nan,nan,nan,nan,1,0,794.597,nan
closed_eye_1376.jpg_face_2,cerrado,B10,220.1253,0.054911,9.4806,20.5551,100.0,2.5798,CRITICA,2.3702,0.12651,27.1564,90.6621,0.141832,nan,158.294,nan,1,1,723.694,nan
closed_eye_1376.jpg_face_2,cerrado,B15,220.1253,0.054911,14.4804,25.5284,100.0,3.7046,CRITICA,2.5934,0.166897,26.8531,88.4028,nan,0.234776,nan,327.5589,1,0,670.961,nan
closed_eye_1376.jpg_face_2,cerrado,B25,220.1253,0.054911,24.3995,40.6153,100.0,7.5575,CRITICA,3.2985,0.291837,23.3763,81.549,0.095903,nan,74.6522,nan,1,1,778.998,nan
closed_eye_1376.jpg_face_2,cerrado,B40,220.1253,0.054911,39.3956,61.8147,92.5345,12.6823,CRITICA,4.4087,0.45478,20.2974,71.9184,0.065356,nan,19.0212,nan,1,1,643.542,nan
closed_eye_1381.jpg_face_1,cerrado,B5,131.9357,0.026541,4.3972,17.7702,100.0,4.5074,CRITICA,6.2117,0.217496,25.3917,86.5312,0.064847,0.157641,144.3313,493.9616,1,1,266.297,nan
closed_eye_1381.jpg_face_1,cerrado,B10,131.9357,0.026541,9.4445,25.0979,100.0,7.8758,CRITICA,6.7699,0.302063,23.8753,80.9771,0.044406,0.080014,67.3153,201.4772,1,1,338.467,nan
closed_eye_1381.jpg_face_1,cerrado,B15,131.9357,0.026541,14.4688,33.4512,100.0,11.7275,CRITICA,7.4724,0.408537,21.931,74.6458,0.042072,0.054736,58.5206,106.2359,1,1,297.734,nan
closed_eye_1381.jpg_face_1,cerrado,B25,131.9357,0.026541,24.5077,54.6747,84.4431,23.6724,CRITICA,9.5139,0.630098,17.4735,58.5595,0.037569,0.040782,41.5537,53.6579,1,1,358.359,nan
closed_eye_1381.jpg_face_1,cerrado,B40,131.9357,0.026541,39.4974,78.1591,46.2414,34.4521,CRITICA,12.1618,0.777437,15.0708,40.7597,0.033899,0.03401,27.7272,28.1443,1,1,321.999,nan
closed_eye_1386.jpg_face_2,cerrado,B5,125.0801,0.063998,4.3905,15.7508,100.0,3.9329,CRITICA,6.9022,0.229786,26.6861,87.4074,0.106127,nan,65.8297,nan,1,1,622.781,nan
closed_eye_1386.jpg_face_2,cerrado,B10,125.0801,0.063998,9.4667,23.0575,100.0,5.2531,CRITICA,7.4536,0.332896,25.1843,81.5658,0.066626,0.13675,4.1066,113.6795,1,1,766.401,nan
closed_eye_1386.jpg_face_2,cerrado,B15,125.0801,0.063998,14.5327,29.999,100.0,8.2803,CRITICA,8.0516,0.427478,23.725,76.0162,0.057859,0.105418,9.5917,64.7216,1,1,568.214,nan
closed_eye_1386.jpg_face_2,cerrado,B25,125.0801,0.063998,24.4219,47.945,96.7092,16.3569,CRITICA,9.8157,0.625972,19.7355,61.6686,0.064524,0.095414,0.8219,49.0899,1,1,611.471,nan
closed_eye_1386.jpg_face_2,cerrado,B40,125.0801,0.063998,39.5313,72.2838,61.8454,25.8119,CRITICA,12.6928,0.778223,16.6672,42.21,0.050852,0.076279,20.5411,19.19,1,1,685.918,nan
closed_eye_1387.BMP_face_1,cerrado,B5,79.7067,0.119057,4.4183,17.1113,100.0,6.6062,CRITICA,10.1928,0.415059,25.6681,78.5322,0.191524,0.214665,60.8678,80.3043,1,1,689.845,nan
closed_eye_1387.BMP_face_1,cerrado,B10,79.7067,0.119057,9.4481,25.4832,100.0,10.6801,CRITICA,11.2436,0.551242,23.405,68.0287,0.148574,0.178757,24.792,50.1443,1,1,663.174,nan
closed_eye_1387.BMP_face_1,cerrado,B15,79.7067,0.119057,14.4756,36.2305,99.9296,17.6062,CRITICA,12.871,0.691345,20.4862,54.5452,0.12284,0.18093,3.1773,51.969,1,1,703.334,nan
closed_eye_1387.BMP_face_1,cerrado,B25,79.7067,0.119057,24.467,56.932,72.9654,31.3151,CRITICA,16.7688,0.812776,16.6728,28.5731,0.116607,0.141511,2.0576,18.8595,1,1,780.031,nan
closed_eye_1387.BMP_face_1,cerrado,B40,79.7067,0.119057,39.561,79.7264,44.1074,45.1421,CRITICA,20.1037,0.763839,14.5583,0.0248,0.085465,0.13518,28.215,13.5424,1,1,683.761,nan
closed_eye_1388.jpg_face_2,cerrado,B5,118.1376,0.070058,4.3436,21.2278,100.0,5.1179,CRITICA,7.4268,0.14529,23.3836,82.0313,0.196593,nan,180.6136,nan,1,1,4301.075,nan
closed_eye_1388.jpg_face_2,cerrado,B10,118.1376,0.070058,9.4723,28.8465,100.0,7.3517,CRITICA,8.051,0.234789,22.0668,75.5823,0.15317,0.208128,118.6324,197.0781,1,1,5017.561,nan
closed_eye_1388.jpg_face_2,cerrado,B15,118.1376,0.070058,14.4926,37.3303,99.8521,12.4887,CRITICA,8.8916,0.382742,20.3439,68.401,0.140141,0.181057,100.0351,158.4377,1,1,5194.805,nan
closed_eye_1388.jpg_face_2,cerrado,B25,118.1376,0.070058,24.5055,57.7027,80.9541,23.9675,CRITICA,11.1771,0.629997,16.683,51.1564,0.10112,0.13928,44.3368,98.8066,1,1,5813.953,nan
closed_eye_1388.jpg_face_2,cerrado,B40,118.1376,0.070058,39.5026,78.8706,48.7056,34.0757,CRITICA,14.0729,0.72764,14.9586,33.2384,0.07476,0.116241,6.7111,65.9205,1,1,4819.277,nan
closed_eye_1393.jpg_face_1,cerrado,B5,141.66,0.087462,4.4058,17.2297,100.0,5.9324,CRITICA,4.9318,0.203527,25.602,87.8373,0.172873,nan,97.6557,nan,1,1,994.53,nan
closed_eye_1393.jpg_face_1,cerrado,B10,141.66,0.087462,9.5273,24.6534,100.0,10.3047,CRITICA,5.4366,0.286987,23.8141,82.5968,0.13846,0.214129,58.3092,144.8257,1,1,993.641,nan
closed_eye_1393.jpg_face_1,cerrado,B15,141.66,0.087462,14.4908,34.7435,99.0777,17.9463,CRITICA,6.2066,0.39793,20.8097,75.474,0.136676,0.193373,56.27,121.0953,1,1,910.001,nan
closed_eye_1393.jpg_face_1,cerrado,B25,141.66,0.087462,24.5358,52.8624,77.0728,30.7831,CRITICA,7.7366,0.576485,17.4067,62.6836,0.112427,0.159074,28.5446,81.879,1,1,987.264,nan
closed_eye_1393.jpg_face_1,cerrado,B40,141.66,0.087462,39.5129,73.6104,55.7857,41.9404,CRITICA,9.7268,0.731059,15.7678,48.0373,0.089773,0.131435,2.6427,50.2776,1,1,938.967,nan
closed_eye_1394.jpg_face_1,cerrado,B5,148.5881,0.08042,4.4995,19.2312,100.0,5.2623,CRITICA,5.0549,0.08502,24.5037,87.0574,0.119781,nan,48.944,nan,1,1,5232.862,nan
closed_eye_1394.jpg_face_1,cerrado,B10,148.5881,0.08042,9.5458,28.3272,100.0,9.5843,CRITICA,5.645,0.179447,22.0375,80.9358,0.106479,0.110848,32.4028,37.8358,1,1,5740.529,nan
closed_eye_1394.jpg_face_1,cerrado,B15,148.5881,0.08042,14.5658,37.7975,99.6928,15.0499,CRITICA,6.3201,0.289844,19.9189,74.5622,0.094569,0.122281,17.5936,52.0525,1,1,4701.458,nan
closed_eye_1394.jpg_face_1,cerrado,B25,148.5881,0.08042,24.5353,57.3728,77.701,26.5368,CRITICA,7.9114,0.523778,16.6861,61.388,0.089652,0.130544,11.4792,62.3273,1,1,3885.004,nan
closed_eye_1394.jpg_face_1,cerrado,B40,148.5881,0.08042,39.5576,78.0676,48.8735,35.8771,CRITICA,9.9299,0.688528,15.2727,47.4604,0.092567,nan,15.104,nan,1,1,4683.841,nan
closed_eye_1394.jpg_face_3,cerrado,B5,114.8489,0.03946,4.5264,16.2736,100.0,5.5056,CRITICA,6.4769,0.142499,26.4531,85.8304,0.09204,0.177151,133.2495,348.94,1,1,4775.549,nan
closed_eye_1394.jpg_face_3,cerrado,B10,114.8489,0.03946,9.5708,24.5166,100.0,10.687,CRITICA,7.1538,0.250754,23.8978,78.6532,0.075488,0.097105,91.3027,146.0863,1,1,4606.172,nan
closed_eye_1394.jpg_face_3,cerrado,B15,114.8489,0.03946,14.5678,32.9964,100.0,16.1497,CRITICA,7.9328,0.360044,21.9199,71.2697,0.059025,0.072742,49.5834,84.3441,1,1,4401.408,nan
closed_eye_1394.jpg_face_3,cerrado,B25,114.8489,0.03946,24.5596,50.2967,83.7493,27.2,CRITICA,9.7112,0.586839,18.6882,56.2062,0.069881,0.059216,77.0954,50.0663,1,1,4786.98,nan
closed_eye_1394.jpg_face_3,cerrado,B40,114.8489,0.03946,39.5703,73.0353,53.5748,39.2785,CRITICA,12.5782,0.768951,16.3867,36.4075,0.073629,0.04713,86.5934,19.4372,1,1,4009.623,nan
closed_eye_1395.BMP_face_1,cerrado,B5,156.7177,0.051027,4.5341,18.2568,100.0,6.2183,CRITICA,4.1275,0.126089,24.9908,88.3505,0.086484,0.196076,69.4867,284.2567,1,1,1186.521,nan
closed_eye_1395.BMP_face_1,cerrado,B10,156.7177,0.051027,9.5415,27.3223,100.0,10.6374,CRITICA,4.6772,0.201793,22.5785,82.5659,0.072563,0.085107,42.2049,66.7882,1,1,1176.332,nan
closed_eye_1395.BMP_face_1,cerrado,B15,156.7177,0.051027,14.5437,36.6162,99.9707,16.3051,CRITICA,5.306,0.293313,20.4193,76.6355,0.077809,0.065047,52.4857,27.4751,1,1,1181.056,nan
closed_eye_1395.BMP_face_1,cerrado,B25,156.7177,0.051027,24.538,56.8087,75.9896,28.698,CRITICA,6.8249,0.496117,16.7208,63.7509,0.062181,0.057271,21.8576,12.2361,1,1,1122.334,nan
closed_eye_1395.BMP_face_1,cerrado,B40,156.7177,0.051027,39.5459,81.7419,43.4597,42.5659,BIEN,9.0676,0.693648,14.2282,47.8413,0.048344,0.061397,5.2594,20.3219,1,1,1157.943,nan
closed_eye_1396.jpg_face_1,cerrado,B5,77.8765,0.063954,4.4568,16.0319,100.0,4.9708,CRITICA,10.8224,0.26986,26.5868,79.4137,0.14758,0.17828,130.7617,178.7652,1,1,2688.895,nan
closed_eye_1396.jpg_face_1,cerrado,B10,77.8765,0.063954,9.4377,23.6759,100.0,8.5715,CRITICA,11.8855,0.42601,24.5774,69.5981,0.135364,0.147791,111.6591,131.0911,1,1,2159.361,nan
closed_eye_1396.jpg_face_1,cerrado,B15,77.8765,0.063954,14.513,33.138,99.832,14.0713,CRITICA,13.4654,0.61482,21.9082,57.448,0.070124,0.130407,9.6488,103.9095,1,1,2690.342,nan
closed_eye_1396.jpg_face_1,cerrado,B25,77.8765,0.063954,24.516,57.6814,73.6869,30.0238,CRITICA,19.2467,0.828932,16.4124,25.9322,0.056144,0.096345,12.2113,50.6476,1,1,2563.445,nan
closed_eye_1396.jpg_face_1,cerrado,B40,77.8765,0.063954,39.4817,79.2062,48.2577,40.8026,CRITICA,23.4536,0.806337,14.7509,1.7074,0.054628,0.07621,14.5823,19.1643,1,1,2227.171,nan
closed_eye_1426.jpg_face_1,cerrado,B5,132.6377,0.029558,4.52,15.9754,100.0,3.8854,CRITICA,6.3053,0.218974,26.6043,87.9556,0.171207,nan,479.2244,nan,1,1,555.772,nan
closed_eye_1426.jpg_face_1,cerrado,B10,132.6377,0.029558,9.4446,23.6364,100.0,5.4856,CRITICA,6.8391,0.320162,24.7567,82.1797,0.100721,nan,240.7568,nan,1,1,433.501,nan
closed_eye_1426.jpg_face_1,cerrado,B15,132.6377,0.029558,14.4426,30.0105,100.0,8.4043,CRITICA,7.3555,0.400336,23.6436,77.3741,0.077246,0.144362,161.3392,388.4032,1,1,349.944,nan
closed_eye_1426.jpg_face_1,cerrado,B25,132.6377,0.029558,24.5118,48.1535,97.6307,16.0581,CRITICA,9.0195,0.589803,19.6882,63.6955,0.04535,0.072234,53.428,144.3827,1,1,421.141,nan
closed_eye_1426.jpg_face_1,cerrado,B40,132.6377,0.029558,39.4817,71.1834,61.8042,24.1249,CRITICA,11.5114,0.748356,16.9432,46.3325,0.058784,0.050344,98.879,70.3222,1,1,343.371,nan
closed_eye_1427.jpg_face_2,cerrado,B5,75.7853,0.064703,4.5745,18.1424,100.0,11.616,CRITICA,8.7384,0.414445,24.4894,76.0608,0.100482,0.152359,55.2973,135.4741,1,1,834.167,nan
closed_eye_1427.jpg_face_2,cerrado,B10,75.7853,0.064703,9.5112,30.0481,93.9454,24.7104,CRITICA,10.5588,0.582604,19.9372,60.3511,0.121441,0.121263,87.689,87.4152,1,1,862.813,nan
closed_eye_1427.jpg_face_2,cerrado,B15,75.7853,0.064703,14.4808,41.1126,81.0345,36.4017,CRITICA,12.6119,0.709687,17.2491,45.7513,0.19375,0.094608,199.4447,46.2183,1,1,844.024,nan
closed_eye_1427.jpg_face_2,cerrado,B25,75.7853,0.064703,24.4535,58.4995,68.1253,52.3878,CRITICA,16.4644,0.796729,15.016,22.8089,0.187926,0.097818,190.444,51.18,1,1,923.958,nan
closed_eye_1427.jpg_face_2,cerrado,B40,75.7853,0.064703,39.5416,74.4149,59.2,64.0496,CRITICA,19.5111,0.754099,14.9113,1.8083,0.154611,0.098437,138.9542,52.1367,1,1,871.612,nan
closed_eye_1431.jpg_face_2,cerrado,B5,153.1188,0.142153,4.4013,16.712,100.0,5.0279,CRITICA,4.4828,0.146229,25.954,89.0856,nan,nan,nan,nan,1,0,913.659,nan
closed_eye_1431.jpg_face_2,cerrado,B10,153.1188,0.142153,9.4862,23.7667,100.0,7.15,CRITICA,4.8772,0.217323,24.5611,84.4783,0.152919,nan,7.5739,nan,1,1,940.115,nan
closed_eye_1431.jpg_face_2,cerrado,B15,153.1188,0.142153,14.4541,31.5303,100.0,10.7609,CRITICA,5.3856,0.304742,22.8144,79.4079,0.124366,nan,12.5124,nan,1,1,869.263,nan
closed_eye_1431.jpg_face_2,cerrado,B25,153.1188,0.142153,24.5087,51.6605,90.3022,22.1825,CRITICA,6.8746,0.522571,18.3142,66.2611,0.149657,nan,5.279,nan,1,1,1085.069,nan
closed_eye_1431.jpg_face_2,cerrado,B40,153.1188,0.142153,39.4824,74.7183,51.7119,32.96,CRITICA,8.7795,0.705271,15.7847,51.2024,0.14399,0.144069,1.2924,1.3475,1,1,707.214,nan
closed_eye_1434.jpg_face_1,cerrado,B5,156.0084,0.034614,4.5045,15.8515,100.0,4.4223,CRITICA,4.5391,0.190987,26.6508,89.8393,0.147971,nan,327.4872,nan,1,1,822.571,nan
closed_eye_1434.jpg_face_1,cerrado,B10,156.0084,0.034614,9.4678,22.39,100.0,6.2009,CRITICA,4.9052,0.255426,25.5937,85.6482,0.066421,nan,91.8904,nan,1,1,859.476,nan
closed_eye_1434.jpg_face_1,cerrado,B15,156.0084,0.034614,14.3907,29.2544,100.0,8.684,CRITICA,5.3556,0.32945,24.2079,81.2482,0.051676,0.111571,49.2927,222.326,1,1,674.309,nan
closed_eye_1434.jpg_face_1,cerrado,B25,156.0084,0.034614,24.5262,47.6828,98.2673,17.6495,CRITICA,6.6991,0.517862,19.9237,69.4357,0.039948,0.071645,15.4087,106.9825,1,1,865.501,nan
closed_eye_1434.jpg_face_1,cerrado,B40,156.0084,0.034614,39.4771,69.3944,61.4391,26.7908,CRITICA,8.5174,0.679524,17.4219,55.5188,0.039337,0.049914,13.6445,44.2002,1,1,785.423,nan
closed_eye_1435.png_face_1,cerrado,B5,82.48,0.031091,4.4418,18.4682,100.0,5.6642,CRITICA,11.2082,0.274114,24.8739,77.6089,0.109145,0.177868,251.0528,472.0919,1,1,2488.181,nan
closed_eye_1435.png_face_1,cerrado,B10,82.48,0.031091,9.457,27.7527,100.0,9.1046,CRITICA,12.5057,0.450074,22.4354,66.3521,0.071212,0.107075,129.0451,244.394,1,1,3260.515,nan
closed_eye_1435.png_face_1,cerrado,B15,82.48,0.031091,14.5331,38.0326,96.9991,15.1941,CRITICA,14.2782,0.626986,19.8978,53.8887,0.057381,0.083096,84.5599,167.2683,1,1,2684.564,nan
closed_eye_1435.png_face_1,cerrado,B25,82.48,0.031091,24.4913,61.046,77.3854,26.1532,CRITICA,19.5663,0.818893,15.8897,25.9869,0.063744,0.049153,105.0267,58.0966,1,1,2056.767,nan
closed_eye_1435.png_face_1,cerrado,B40,82.48,0.031091,39.4947,84.7016,42.0755,36.3393,BIEN,22.7621,0.744766,13.9364,2.6936,0.048097,0.038343,54.6991,23.3261,1,1,2751.032,nan
closed_eye_1445.jpg_face_1,cerrado,B5,64.304,0.124929,4.4788,21.0716,100.0,5.1671,CRITICA,13.8379,0.395738,23.4423,67.2313,0.222155,nan,77.8248,nan,1,1,4135.65,nan
closed_eye_1445.jpg_face_1,cerrado,B10,64.304,0.124929,9.4972,29.8924,100.0,10.2762,CRITICA,15.5083,0.6257,21.3819,53.5139,0.156489,0.210141,25.2621,68.2081,1,1,4697.04,nan
closed_eye_1445.jpg_face_1,cerrado,B15,64.304,0.124929,14.504,38.626,99.28,16.2313,CRITICA,17.5239,0.76523,19.5109,39.9322,0.176689,0.20519,41.4307,64.2451,1,1,4103.405,nan
closed_eye_1445.jpg_face_1,cerrado,B25,64.304,0.124929,24.4736,59.3424,72.56,29.2426,CRITICA,21.8819,0.783151,15.9852,7.7158,0.157417,0.165879,26.0045,32.7783,1,1,4926.108,nan
closed_eye_1445.jpg_face_1,cerrado,B40,64.304,0.124929,39.508,82.2376,49.04,40.1522,BIEN,18.5881,0.631697,14.1087,27.8888,0.16014,0.148512,28.1847,18.8765,1,1,4948.046,nan
closed_eye_1462.jpg_face_2,cerrado,B5,139.9947,0.083356,4.4999,17.1336,100.0,4.069,CRITICA,5.6316,0.124947,25.7852,87.7612,0.168883,nan,102.6051,nan,1,1,1885.37,nan
closed_eye_1462.jpg_face_2,cerrado,B10,139.9947,0.083356,9.5086,25.1701,100.0,6.6054,CRITICA,6.1541,0.202671,23.8885,82.0207,0.131192,0.190614,57.3878,128.675,1,1,2044.154,nan
closed_eye_1462.jpg_face_2,cerrado,B15,139.9947,0.083356,14.4176,32.872,100.0,9.6868,CRITICA,6.745,0.298604,22.3229,76.5191,0.074598,0.148866,10.5062,78.5909,1,1,2153.316,nan
closed_eye_1462.jpg_face_2,cerrado,B25,139.9947,0.083356,24.53,54.8891,87.3339,21.1526,CRITICA,8.6689,0.565565,17.5381,60.792,0.05621,0.100413,32.5667,20.4633,1,1,1876.525,nan
closed_eye_1462.jpg_face_2,cerrado,B40,139.9947,0.083356,39.554,84.924,41.6142,33.6049,BIEN,11.7237,0.739535,13.8674,39.3377,0.087936,0.079212,5.495,4.9712,1,1,1937.984,nan
closed_eye_1463.jpg_face_1,cerrado,B5,91.9519,0.049833,4.5174,13.0955,100.0,4.5079,CRITICA,9.4425,0.145472,28.8256,85.7584,0.160237,nan,221.5482,nan,1,1,3072.197,nan
closed_eye_1463.jpg_face_1,cerrado,B10,91.9519,0.049833,9.4551,20.8349,100.0,7.0078,CRITICA,10.2709,0.257642,26.6493,77.3415,0.134121,0.149124,169.142,199.2476,1,1,3415.301,nan
closed_eye_1463.jpg_face_1,cerrado,B15,91.9519,0.049833,14.5008,28.0016,99.324,11.9496,CRITICA,11.2549,0.394908,24.5303,69.5475,0.047485,0.112859,4.712,126.4743,1,1,3916.961,nan
closed_eye_1463.jpg_face_1,cerrado,B25,91.9519,0.049833,24.4804,44.8142,92.4419,20.8764,CRITICA,13.9157,0.697117,20.5846,51.2634,0.060007,0.087649,20.4158,75.8852,1,1,3821.17,nan
closed_eye_1463.jpg_face_1,cerrado,B40,91.9519,0.049833,39.4789,66.5001,71.6604,28.9688,CRITICA,18.5195,0.874631,18.1989,27.6794,0.048157,0.072648,3.3639,45.7827,1,1,2876.87,nan
closed_eye_1465.jpg_face_1,cerrado,B5,136.6949,0.073765,4.3418,16.1311,100.0,4.0117,CRITICA,5.9016,0.215479,26.507,88.1992,0.152921,nan,107.3077,nan,1,1,576.103,nan
closed_eye_1465.jpg_face_1,cerrado,B10,136.6949,0.073765,9.3741,22.7555,100.0,5.0362,CRITICA,6.3474,0.303613,25.29,83.3531,0.150589,nan,104.1472,nan,1,1,717.206,nan
closed_eye_1465.jpg_face_1,cerrado,B15,136.6949,0.073765,14.5064,29.735,100.0,7.93,CRITICA,6.8987,0.392999,23.8296,78.2472,0.098145,0.141867,33.0512,92.3221,1,1,627.786,nan
closed_eye_1465.jpg_face_1,cerrado,B25,136.6949,0.073765,24.5049,47.7515,96.3353,16.3524,CRITICA,8.4184,0.583462,19.7337,65.0671,0.082643,0.099557,12.0353,34.9656,1,1,646.538,nan
closed_eye_1465.jpg_face_1,cerrado,B40,136.6949,0.073765,39.5124,71.4435,64.6935,24.9276,CRITICA,10.7282,0.734636,16.8026,47.7351,0.094373,0.064398,27.9377,12.698,1,1,696.621,nan
closed_eye_1467.jpg_face_1,cerrado,B5,69.2492,0.077625,4.473,17.9828,100.0,6.1426,CRITICA,11.5058,0.465897,25.1517,74.0318,0.162788,0.222989,109.712,187.2656,1,1,653.424,nan
closed_eye_1467.jpg_face_1,cerrado,B10,69.2492,0.077625,9.5396,25.7986,100.0,12.5285,CRITICA,12.8073,0.607615,22.921,62.7452,0.188442,0.093049,142.7613,19.8701,1,1,561.608,nan
closed_eye_1467.jpg_face_1,cerrado,B15,69.2492,0.077625,14.4995,36.1062,94.5503,20.4954,CRITICA,14.6968,0.751668,19.979,47.8604,0.113011,0.1018,45.5873,31.1438,1,1,656.47,nan
closed_eye_1467.jpg_face_1,cerrado,B25,69.2492,0.077625,24.487,56.9973,76.9092,34.0103,CRITICA,19.0768,0.851799,16.1241,17.6925,0.046365,0.126858,40.2704,63.4257,1,1,737.191,nan
closed_eye_1467.jpg_face_1,cerrado,B40,69.2492,0.077625,39.4632,81.7994,56.0998,45.4801,BIEN,19.2554,0.761629,13.9167,18.1233,0.056799,0.084808,26.8281,9.2547,1,1,639.795,nan
closed_eye_1479.jpg_face_1,cerrado,B5,73.6764,0.077797,4.3878,18.4761,100.0,6.0382,CRITICA,11.4303,0.295518,24.8712,74.9226,0.15569,nan,100.1231,nan,1,1,4180.602,nan
closed_eye_1479.jpg_face_1,cerrado,B10,73.6764,0.077797,9.4789,27.2461,100.0,12.8602,CRITICA,12.9126,0.500361,22.4145,63.0192,0.123554,0.181717,58.8162,133.5793,1,1,4692.632,nan
closed_eye_1479.jpg_face_1,cerrado,B15,73.6764,0.077797,14.5381,36.3206,97.1389,20.0558,CRITICA,14.7305,0.691347,20.2661,50.7026,0.1089,0.151871,39.9796,95.2145,1,1,4262.575,nan
closed_eye_1479.jpg_face_1,cerrado,B25,73.6764,0.077797,24.5364,54.5011,75.7222,32.3386,CRITICA,18.9303,0.848005,17.2009,26.0264,0.065029,0.133372,16.4121,71.4359,1,1,4022.526,nan
closed_eye_1479.jpg_face_1,cerrado,B40,73.6764,0.077797,39.5414,74.7517,55.9167,43.5042,CRITICA,21.9405,0.795171,15.7086,1.4595,0.064452,0.108977,17.1534,40.0785,1,1,4422.822,nan
closed_eye_1480.jpg_face_4,cerrado,B5,70.3054,0.068268,4.3589,18.1645,100.0,7.1706,CRITICA,12.3886,0.321554,24.8436,74.1634,0.177318,nan,159.7381,nan,1,1,5136.106,nan
closed_eye_1480.jpg_face_4,cerrado,B10,70.3054,0.068268,9.4164,27.6937,98.9188,13.6656,CRITICA,14.1534,0.527605,21.9928,60.6093,0.096239,nan,40.9724,nan,1,1,4359.198,nan
closed_eye_1480.jpg_face_4,cerrado,B15,70.3054,0.068268,14.5114,35.7724,94.5646,18.7914,CRITICA,15.9222,0.692082,20.4221,49.1186,0.108448,0.168939,58.8556,147.4649,1,1,4887.586,nan
closed_eye_1480.jpg_face_4,cerrado,B25,70.3054,0.068268,24.4889,52.7376,84.8042,29.0476,CRITICA,20.6309,0.847925,17.6995,24.9878,0.070107,0.12982,2.6934,90.1623,1,1,4789.272,nan
closed_eye_1480.jpg_face_4,cerrado,B40,70.3054,0.068268,39.4959,75.8814,61.3968,37.051,CRITICA,22.2959,0.741165,15.7203,7.9311,0.054021,0.080765,20.8694,18.3063,1,1,5330.49,nan
closed_eye_1488.jpg_face_1,cerrado,B5,169.4402,0.072767,4.4204,16.383,100.0,4.507,CRITICA,3.6387,0.072449,26.299,90.3311,0.156683,nan,115.3232,nan,1,1,5288.208,nan
closed_eye_1488.jpg_face_1,cerrado,B10,169.4402,0.072767,9.3136,23.8779,100.0,7.0562,CRITICA,4.0519,0.115163,24.4829,85.9078,0.103757,0.169695,42.5889,133.2046,1,1,5602.24,nan
closed_eye_1488.jpg_face_1,cerrado,B15,169.4402,0.072767,14.244,31.2537,100.0,10.4766,CRITICA,4.4908,0.178358,22.9861,81.5547,0.093043,0.140272,27.8647,92.7697,1,1,4945.598,nan
closed_eye_1488.jpg_face_1,cerrado,B25,169.4402,0.072767,24.4693,49.4582,97.0414,19.378,CRITICA,5.7117,0.367037,19.2996,70.8108,0.078639,0.108004,8.0702,48.4247,1,1,4559.964,nan
closed_eye_1488.jpg_face_1,cerrado,B40,169.4402,0.072767,39.6547,71.2329,54.7456,28.6374,CRITICA,7.3831,0.569881,17.1372,57.9599,0.073418,0.090673,0.8948,24.6082,1,1,3519.887,nan
closed_eye_1490.jpg_face_1,cerrado,B5,124.7172,0.081158,4.3521,15.6226,100.0,4.2748,CRITICA,6.7782,0.173126,26.8581,87.4736,0.139446,nan,71.8192,nan,1,1,1734.906,nan
closed_eye_1490.jpg_face_1,cerrado,B10,124.7172,0.081158,9.4912,23.2004,100.0,6.8313,CRITICA,7.3856,0.271386,24.9169,81.3976,0.12159,0.157828,49.8183,94.4685,1,1,1683.785,nan
closed_eye_1490.jpg_face_1,cerrado,B15,124.7172,0.081158,14.4874,31.1177,100.0,10.3805,CRITICA,8.0768,0.377694,23.1013,75.0494,0.119471,0.128962,47.2071,58.9011,1,1,1372.119,nan
closed_eye_1490.jpg_face_1,cerrado,B25,124.7172,0.081158,24.5469,48.7384,92.0955,20.4667,CRITICA,9.8596,0.594112,19.2864,60.9209,0.10762,0.107878,32.6053,32.923,1,1,1589.825,nan
closed_eye_1490.jpg_face_1,cerrado,B40,124.7172,0.081158,39.4945,72.1557,58.3985,31.596,CRITICA,12.7535,0.756394,16.4325,42.1446,0.090571,0.093113,11.5977,14.7295,1,1,1412.23,nan
closed_eye_1493.jpg_face_1,cerrado,B5,53.1351,0.222966,4.4531,16.8013,100.0,5.4147,CRITICA,15.4138,0.542321,25.9974,68.3801,0.202048,0.227847,9.3817,2.1893,1,1,799.744,nan
closed_eye_1493.jpg_face_1,cerrado,B10,53.1351,0.222966,9.4762,25.0175,99.7638,9.4148,CRITICA,17.2689,0.701542,23.653,52.9172,0.202278,0.223112,9.2784,0.0658,1,1,748.951,nan
closed_eye_1493.jpg_face_1,cerrado,B15,53.1351,0.222966,14.4734,34.0014,98.7812,15.443,CRITICA,19.9453,0.80715,21.2262,36.0096,0.186693,0.220309,16.2681,1.1913,1,1,880.437,nan
closed_eye_1493.jpg_face_1,cerrado,B25,53.1351,0.222966,24.4608,54.0354,83.5925,27.9193,CRITICA,24.3213,0.814544,17.2824,1.6943,0.183993,0.219828,17.4794,1.407,1,1,858.074,nan
closed_eye_1493.jpg_face_1,cerrado,B40,53.1351,0.222966,39.469,77.7209,52.5716,38.6582,CRITICA,17.865,0.6653,15.0335,46.2703,0.189809,0.220006,14.8708,1.3274,1,1,657.635,nan
closed_eye_1496.jpg_face_1,cerrado,B5,146.9738,0.060272,4.365,16.0041,100.0,4.0023,CRITICA,5.5703,0.118423,26.5622,89.1109,0.175927,nan,191.8887,nan,1,1,2599.428,nan
closed_eye_1496.jpg_face_1,cerrado,B10,146.9738,0.060272,9.2759,23.6498,100.0,5.3489,CRITICA,6.0703,0.186575,24.786,83.9088,0.129808,0.210424,115.3703,249.1248,1,1,3290.556,nan
closed_eye_1496.jpg_face_1,cerrado,B15,146.9738,0.060272,14.5449,32.1976,100.0,9.6759,CRITICA,6.7449,0.292598,22.5969,78.0929,0.10045,0.114857,66.6611,90.5643,1,1,3616.636,nan
closed_eye_1496.jpg_face_1,cerrado,B25,146.9738,0.060272,24.4221,52.3437,90.103,19.5189,CRITICA,8.4909,0.539711,18.3036,64.3857,0.081202,0.093127,34.7266,54.5108,1,1,3336.67,nan
closed_eye_1496.jpg_face_1,cerrado,B40,146.9738,0.060272,39.5025,75.6818,54.7597,27.0344,CRITICA,10.9328,0.73625,16.0974,48.5066,0.064409,0.078913,6.8635,30.9284,1,1,3417.635,nan
closed_eye_1497.jpg_face_1,cerrado,B5,125.73,0.068564,4.3924,13.1943,100.0,4.674,CRITICA,5.9212,0.115798,28.9563,89.5058,0.103754,0.184193,51.3253,168.6452,1,1,3438.79,nan
closed_eye_1497.jpg_face_1,cerrado,B10,125.73,0.068564,9.4166,20.4674,100.0,7.7312,CRITICA,6.4621,0.189103,26.886,83.7211,0.090201,0.140059,31.5586,104.2767,1,1,3965.107,nan
closed_eye_1497.jpg_face_1,cerrado,B15,125.73,0.068564,14.5157,27.989,100.0,12.086,CRITICA,7.1168,0.279194,24.7294,77.7388,0.07029,0.121521,2.5183,77.2382,1,1,3294.893,nan
closed_eye_1497.jpg_face_1,cerrado,B25,125.73,0.068564,24.4828,46.0096,92.55,23.0076,CRITICA,8.8441,0.511123,20.2707,63.406,0.065046,0.085125,5.1304,24.1542,1,1,3369.272,nan
closed_eye_1497.jpg_face_1,cerrado,B40,125.73,0.068564,39.4938,68.4685,58.099,34.114,CRITICA,11.4934,0.74657,17.7262,45.5432,0.070378,0.07355,2.6466,7.2728,1,1,3853.565,nan
closed_eye_1497.jpg_face_3,cerrado,B5,143.2551,0.044016,4.5159,19.0,100.0,5.1208,CRITICA,5.5694,0.113416,24.5851,86.7369,0.097191,nan,120.8079,nan,1,1,3343.363,nan
closed_eye_1497.jpg_face_3,cerrado,B10,143.2551,0.044016,9.4647,28.3072,100.0,7.9665,CRITICA,6.2008,0.197469,22.4177,80.24,0.076302,0.094625,73.3497,114.9763,1,1,3579.098,nan
closed_eye_1497.jpg_face_3,cerrado,B15,143.2551,0.044016,14.4505,36.0101,100.0,11.8596,CRITICA,6.8261,0.29464,20.9754,74.863,0.062102,0.075417,41.0878,71.3383,1,1,3636.364,nan
closed_eye_1497.jpg_face_3,cerrado,B25,143.2551,0.044016,24.4653,56.7374,79.6393,24.3709,CRITICA,8.6842,0.539071,16.8767,60.3941,0.051922,0.059626,17.9601,35.4644,1,1,3354.579,nan
closed_eye_1497.jpg_face_3,cerrado,B40,143.2551,0.044016,39.4737,81.4343,46.5834,33.9787,BIEN,11.36,0.728603,14.5864,43.1543,0.051126,0.049783,16.1515,13.1014,1,1,3037.667,nan
closed_eye_1502.jpg_face_1,cerrado,B5,87.9582,0.061661,4.397,18.6743,100.0,5.3116,CRITICA,10.4418,0.262358,24.7518,78.7691,0.11602,nan,88.1594,nan,1,1,3055.301,nan
closed_eye_1502.jpg_face_1,cerrado,B10,87.9582,0.061661,9.4899,27.3652,100.0,8.0112,CRITICA,11.5209,0.411054,22.8174,68.8884,0.083329,0.134765,35.1418,118.5601,1,1,3668.378,nan
closed_eye_1502.jpg_face_1,cerrado,B15,87.9582,0.061661,14.5125,33.4707,99.9889,11.0389,CRITICA,12.4029,0.528536,22.0906,61.9471,0.080295,0.108959,30.221,76.7082,1,1,3229.974,nan
closed_eye_1502.jpg_face_1,cerrado,B25,87.9582,0.061661,24.4903,53.2674,89.6399,21.3673,CRITICA,15.9197,0.76271,18.0592,39.4402,0.054252,0.082163,12.0149,33.2505,1,1,3246.753,nan
closed_eye_1502.jpg_face_1,cerrado,B40,87.9582,0.061661,39.5577,78.4565,44.2438,32.3852,CRITICA,21.8927,0.799503,15.3304,10.8025,0.054655,0.058701,11.3612,4.7991,1,1,3356.831,nan
closed_eye_1502.jpg_face_2,cerrado,B5,119.0954,0.065611,4.4364,16.5987,100.0,4.1613,CRITICA,7.0788,0.177917,26.1914,86.0627,0.136153,0.201056,107.5159,206.4359,1,1,2031.694,nan
closed_eye_1502.jpg_face_2,cerrado,B10,119.0954,0.065611,9.4193,24.3272,100.0,6.5148,CRITICA,7.6947,0.280243,24.4256,79.5734,0.118904,0.171597,81.2262,161.5374,1,1,2289.901,nan
closed_eye_1502.jpg_face_2,cerrado,B15,119.0954,0.065611,14.5388,32.2472,100.0,10.1089,CRITICA,8.4454,0.395733,22.6526,72.9232,0.089939,0.167322,37.0789,155.0214,1,1,2165.908,nan
closed_eye_1502.jpg_face_2,cerrado,B25,119.0954,0.065611,24.5147,51.6769,88.9136,21.0439,CRITICA,10.5688,0.64319,18.4412,56.6088,0.06706,0.1245,2.2092,89.7552,1,1,2141.328,nan
closed_eye_1502.jpg_face_2,cerrado,B40,119.0954,0.065611,39.5061,79.908,47.2129,32.8029,CRITICA,14.2391,0.777542,14.8905,32.9043,0.085714,0.086981,30.6396,32.5713,1,1,1958.48,nan
closed_eye_1508.jpg_face_3,cerrado,B5,71.0092,0.190472,4.3799,16.7133,100.0,5.5733,CRITICA,10.7975,0.317983,26.0796,76.4631,0.217364,nan,14.119,nan,1,1,4376.368,nan
closed_eye_1508.jpg_face_3,cerrado,B10,71.0092,0.190472,9.5055,23.7647,100.0,12.0102,CRITICA,11.9386,0.482651,24.093,66.5329,0.063127,0.083412,66.8577,56.2076,1,1,4559.964,nan
closed_eye_1508.jpg_face_3,cerrado,B15,71.0092,0.190472,14.4917,33.2092,99.6049,18.7575,CRITICA,13.6367,0.691044,21.476,53.2326,0.142119,0.203833,25.3859,7.0148,1,1,3787.879,nan
closed_eye_1508.jpg_face_3,cerrado,B25,71.0092,0.190472,24.4677,48.6032,79.2801,30.9516,CRITICA,17.2403,0.855588,18.7946,31.5537,0.101454,nan,46.7352,nan,1,1,4562.044,nan
closed_eye_1508.jpg_face_3,cerrado,B40,71.0092,0.190472,39.4923,66.6023,62.7305,42.205,CRITICA,22.097,0.856353,17.6045,6.2061,0.198411,0.178142,4.1681,6.4735,1,1,4859.087,nan
closed_eye_1509.jpg_face_6,cerrado,B5,95.4481,0.106404,4.4425,15.9143,100.0,4.0394,CRITICA,9.5471,0.283637,26.6533,83.3268,0.196613,nan,84.7784,nan,1,1,465.116,nan
closed_eye_1509.jpg_face_6,cerrado,B10,95.4481,0.106404,9.3898,22.9033,100.0,6.0155,CRITICA,10.3018,0.409922,25.1439,76.0044,0.139156,0.193238,30.7806,81.6073,1,1,440.509,nan
closed_eye_1509.jpg_face_6,cerrado,B15,95.4481,0.106404,14.4952,29.4846,100.0,8.6239,CRITICA,11.1204,0.517465,23.9734,69.1093,0.131481,0.172589,23.5672,62.2011,1,1,634.437,nan
closed_eye_1509.jpg_face_6,cerrado,B25,95.4481,0.106404,24.5014,47.2842,95.62,16.3721,CRITICA,13.7514,0.729572,19.9952,50.4608,0.115599,0.154965,8.6409,45.6376,1,1,703.037,nan
closed_eye_1509.jpg_face_6,cerrado,B40,95.4481,0.106404,39.5248,72.0501,63.5518,25.3951,CRITICA,18.3422,0.806389,16.7242,24.5138,0.127605,0.135567,19.9248,27.4073,1,1,549.089,nan
closed_eye_1512.jpg_face_1,cerrado,B5,164.3232,0.019524,4.361,16.6826,100.0,5.1532,CRITICA,3.8413,0.132799,25.9997,89.8477,0.08008,nan,310.1672,nan,1,1,1739.736,nan
closed_eye_1512.jpg_face_1,cerrado,B10,164.3232,0.019524,9.3543,23.9489,100.0,7.7283,CRITICA,4.2367,0.194993,24.4317,85.4257,0.037157,0.102393,90.3169,424.4527,1,1,1316.482,nan
closed_eye_1512.jpg_face_1,cerrado,B15,164.3232,0.019524,14.4534,32.4375,100.0,11.64,CRITICA,4.7608,0.276481,22.5004,80.26,0.024995,0.064567,28.0217,230.7089,1,1,1310.101,nan
closed_eye_1512.jpg_face_1,cerrado,B25,164.3232,0.019524,24.5153,51.0334,94.1959,21.0277,CRITICA,6.0323,0.454051,18.8979,68.9433,0.027578,0.039934,41.2529,104.5418,1,1,1381.597,nan
closed_eye_1512.jpg_face_1,cerrado,B40,164.3232,0.019524,39.4971,72.1877,49.5527,30.9383,CRITICA,7.6816,0.618608,16.8751,56.0697,0.029758,0.037325,52.418,91.1764,1,1,1328.374,nan
closed_eye_1531.jpg_face_1,cerrado,B5,132.2357,0.111754,4.4671,12.4152,100.0,3.6387,CRITICA,5.7012,0.086477,29.7716,90.6113,0.177908,nan,59.1962,nan,1,1,2788.622,nan
closed_eye_1531.jpg_face_1,cerrado,B10,132.2357,0.111754,9.452,19.6673,100.0,5.9345,CRITICA,6.2031,0.153715,27.6467,85.1271,0.161204,0.198469,44.2499,77.5956,1,1,2403.268,nan
closed_eye_1531.jpg_face_1,cerrado,B15,132.2357,0.111754,14.4532,26.025,100.0,8.4174,CRITICA,6.7064,0.222453,26.3877,80.3192,0.105722,0.143166,5.3974,28.1089,1,1,2953.337,nan
closed_eye_1531.jpg_face_1,cerrado,B25,132.2357,0.111754,24.4903,43.6441,98.5723,17.0414,CRITICA,8.2557,0.456705,21.6453,66.9952,0.097118,0.12919,13.0965,15.6029,1,1,3523.608,nan
closed_eye_1531.jpg_face_1,cerrado,B40,132.2357,0.111754,39.4844,66.9404,63.5634,26.5445,CRITICA,10.7399,0.724286,18.4353,49.378,0.071204,0.118922,36.2845,6.4146,1,1,3812.429,nan
closed_eye_1533.jpg_face_2,cerrado,B5,151.011,0.10905,4.4019,17.4311,100.0,4.6745,CRITICA,4.9515,0.122564,25.5559,88.4571,0.163592,nan,50.0163,nan,1,1,1617.076,nan
closed_eye_1533.jpg_face_2,cerrado,B10,151.011,0.10905,9.3261,26.152,100.0,7.5704,CRITICA,5.4941,0.206381,23.2415,82.6821,0.071269,0.154734,34.6458,41.8929,1,1,1317.349,nan
closed_eye_1533.jpg_face_2,cerrado,B15,151.011,0.10905,14.5455,35.4468,100.0,11.5265,CRITICA,6.1479,0.313886,21.1469,76.527,0.090372,0.127433,17.1279,16.8577,1,1,1534.684,nan
closed_eye_1533.jpg_face_2,cerrado,B25,151.011,0.10905,24.4612,56.8075,83.1238,22.5084,CRITICA,7.876,0.559316,17.0276,62.3819,0.104363,0.098511,4.2979,9.6642,1,1,1657.55,nan
closed_eye_1533.jpg_face_2,cerrado,B40,151.011,0.10905,39.5067,83.1513,43.3493,34.8428,BIEN,10.3411,0.750932,14.1697,44.9369,0.125492,0.08723,15.0774,20.0086,1,1,1606.684,nan
closed_eye_1543.jpg_face_1,cerrado,B5,199.0291,0.161176,4.3956,15.777,100.0,4.2685,CRITICA,2.6715,0.114773,26.5891,92.073,0.248822,nan,54.3789,nan,1,1,784.375,nan
closed_eye_1543.jpg_face_1,cerrado,B10,199.0291,0.161176,9.2875,23.1571,100.0,5.1984,CRITICA,3.0063,0.176181,24.9254,88.365,0.260232,0.227806,61.4581,41.3396,1,1,1008.98,nan
closed_eye_1543.jpg_face_1,cerrado,B15,199.0291,0.161176,14.5449,29.2339,100.0,7.3273,CRITICA,3.3002,0.228578,24.1064,85.3117,0.242329,0.274761,50.3499,70.4725,1,1,923.02,nan
closed_eye_1543.jpg_face_1,cerrado,B25,199.0291,0.161176,24.5199,45.3318,97.8106,14.1659,CRITICA,4.1626,0.376957,20.5171,77.2236,0.285289,0.244321,77.004,51.5862,1,1,870.171,nan
closed_eye_1543.jpg_face_1,cerrado,B40,199.0291,0.161176,39.5621,68.0422,74.7296,21.3087,CRITICA,5.4779,0.553642,17.6069,65.813,0.183647,0.255536,13.9418,58.5442,1,1,881.368,nan
closed_eye_1550.BMP_face_2,cerrado,B5,105.3375,0.02454,4.5158,18.5123,100.0,7.5829,CRITICA,7.5643,0.210524,24.7628,82.4258,0.081058,0.151549,230.3079,517.5561,1,1,1113.214,nan
closed_eye_1550.BMP_face_2,cerrado,B10,105.3375,0.02454,9.5101,27.5697,100.0,12.9952,CRITICA,8.4357,0.325086,22.3833,73.8273,0.03826,0.100317,55.9071,308.7849,1,1,1261.67,nan
closed_eye_1550.BMP_face_2,cerrado,B15,105.3375,0.02454,14.496,38.1631,97.3947,21.2537,CRITICA,9.6876,0.477504,19.6052,63.7706,0.042794,0.076868,74.3821,213.2335,1,1,1209.044,nan
closed_eye_1550.BMP_face_2,cerrado,B25,105.3375,0.02454,24.5124,57.7481,70.454,35.4852,CRITICA,12.4219,0.712167,16.2554,45.178,0.041799,0.055681,70.3305,126.8974,1,1,1178.828,nan
closed_eye_1550.BMP_face_2,cerrado,B40,105.3375,0.02454,39.5077,79.4506,51.3358,49.5162,CRITICA,16.3291,0.821305,14.5029,24.5752,0.052805,0.036939,115.1783,50.5245,1,1,1086.484,nan
closed_eye_1558.jpg_face_1,cerrado,B5,62.9436,0.060293,4.4706,12.2912,100.0,4.0929,CRITICA,13.0667,0.291689,30.0428,80.4727,nan,nan,nan,nan,1,0,3373.819,nan
closed_eye_1558.jpg_face_1,cerrado,B10,62.9436,0.060293,9.5238,19.1212,100.0,6.0683,CRITICA,14.1673,0.462883,28.0782,69.6217,0.137069,0.195491,127.3392,224.2362,1,1,2425.418,nan
closed_eye_1558.jpg_face_1,cerrado,B15,62.9436,0.060293,14.4842,25.7259,99.6414,8.8407,CRITICA,15.5446,0.613712,26.3671,59.1287,0.10382,0.132077,72.1923,119.0585,1,1,3966.68,nan
closed_eye_1558.jpg_face_1,cerrado,B25,62.9436,0.060293,24.4852,42.2057,99.082,17.0591,CRITICA,20.0935,0.843109,22.2756,32.9469,0.083433,0.102764,38.38,70.4405,1,1,3915.427,nan
closed_eye_1558.jpg_face_1,cerrado,B40,62.9436,0.060293,39.4855,66.3844,64.6156,26.8233,CRITICA,26.7936,0.8322,18.6587,5.4664,0.076671,0.070815,27.1643,17.4519,1,1,3253.09,nan
closed_eye_1560.jpg_face_1,cerrado,B5,111.2415,0.069268,4.5348,15.1254,100.0,3.4542,CRITICA,7.8817,0.202227,27.2691,86.4031,0.132459,nan,91.2268,nan,1,1,1460.28,nan
closed_eye_1560.jpg_face_1,cerrado,B10,111.2415,0.069268,9.4845,22.8088,100.0,5.2545,CRITICA,8.5437,0.310168,25.3835,79.4961,0.092507,0.145007,33.5499,109.3424,1,1,1489.869,nan
closed_eye_1560.jpg_face_1,cerrado,B15,111.2415,0.069268,14.4674,29.74,100.0,7.4616,CRITICA,9.2298,0.416341,24.1443,73.2653,0.086244,0.145064,24.5085,109.4239,1,1,1568.627,nan
closed_eye_1560.jpg_face_1,cerrado,B25,111.2415,0.069268,24.5319,47.9638,99.0138,15.8966,CRITICA,11.4502,0.656754,19.9418,56.8832,0.067854,0.098752,2.0405,42.5661,1,1,1544.64,nan
closed_eye_1560.jpg_face_1,cerrado,B40,111.2415,0.069268,39.494,69.7543,61.9965,24.5247,CRITICA,14.8353,0.795507,17.4496,37.2947,0.066888,0.076164,3.4353,9.956,1,1,1391.208,nan
closed_eye_1561.jpg_face_1,cerrado,B5,176.6524,0.015317,4.4439,14.8663,100.0,3.6036,CRITICA,3.4076,0.112303,27.3943,91.5844,0.20882,nan,1263.2906,nan,1,1,1924.928,nan
closed_eye_1561.jpg_face_1,cerrado,B10,176.6524,0.015317,9.4596,21.5567,100.0,5.4548,CRITICA,3.7499,0.166659,26.0973,87.7971,0.194185,nan,1167.7424,nan,1,1,1968.504,nan
closed_eye_1561.jpg_face_1,cerrado,B15,176.6524,0.015317,14.4205,27.9116,100.0,8.0701,CRITICA,4.1033,0.225601,24.9218,84.1997,0.061034,0.189887,298.4609,1139.6853,1,1,1906.214,nan
closed_eye_1561.jpg_face_1,cerrado,B25,176.6524,0.015317,24.5381,43.9005,99.1776,14.98,CRITICA,5.0841,0.40743,21.2572,75.1487,0.085525,0.07389,458.3523,382.395,1,1,1965.023,nan
closed_eye_1561.jpg_face_1,cerrado,B40,176.6524,0.015317,39.5015,63.9872,76.4716,21.985,CRITICA,6.4395,0.584368,18.8886,63.7779,0.064996,0.037675,324.3257,145.9622,1,1,1398.993,nan
closed_eye_1567.jpg_face_1,cerrado,B5,81.6125,0.092958,4.5643,17.1134,100.0,7.4142,CRITICA,9.229,0.19179,25.7911,79.031,0.177529,0.195396,90.9776,110.1983,1,1,5027.652,nan
closed_eye_1567.jpg_face_1,cerrado,B10,81.6125,0.092958,9.533,26.1259,99.9527,14.6182,CRITICA,10.4563,0.354105,22.9265,67.9879,0.127419,0.191576,37.0719,106.0891,1,1,5232.862,nan
closed_eye_1567.jpg_face_1,cerrado,B15,81.6125,0.092958,14.5032,35.6208,93.7278,23.9026,CRITICA,12.0645,0.548286,20.1434,56.3537,0.151623,0.172689,63.11,85.7718,1,1,3591.954,nan
closed_eye_1567.jpg_face_1,cerrado,B25,81.6125,0.092958,24.4978,52.6284,73.9172,37.1136,CRITICA,15.5422,0.789979,17.377,35.5143,0.117256,0.153277,26.1391,64.8892,1,1,5197.506,nan
closed_eye_1567.jpg_face_1,cerrado,B40,81.6125,0.092958,39.5096,70.6857,61.2308,48.0379,CRITICA,20.39,0.862541,16.5698,13.3887,0.142695,0.152679,53.5053,64.2459,1,1,4159.734,nan
closed_eye_1570.jpg_face_1,cerrado,B5,164.9794,0.080732,4.3956,15.5905,100.0,3.9137,CRITICA,4.075,0.183639,26.8964,90.55,0.220288,nan,172.865,nan,1,1,315.03,nan
closed_eye_1570.jpg_face_1,cerrado,B10,164.9794,0.080732,9.4303,22.3467,100.0,5.3207,CRITICA,4.4512,0.258818,25.5277,86.4548,nan,nan,nan,nan,1,0,397.678,nan
closed_eye_1570.jpg_face_1,cerrado,B15,164.9794,0.080732,14.4975,28.0754,100.0,7.886,CRITICA,4.8051,0.316351,24.8219,82.9825,0.08217,nan,1.7813,nan,1,1,363.016,nan
closed_eye_1570.jpg_face_1,cerrado,B25,164.9794,0.080732,24.5022,46.0887,99.1542,15.9127,CRITICA,5.9904,0.48614,20.4251,72.064,0.078615,0.09033,2.6223,11.8887,1,1,286.008,nan
closed_eye_1570.jpg_face_1,cerrado,B40,164.9794,0.080732,39.493,69.5282,64.5776,25.9127,CRITICA,7.7612,0.657879,17.1921,57.8564,0.085844,0.075144,6.3328,6.9215,1,1,484.567,nan
closed_eye_1579.BMP_face_1,cerrado,B5,145.7049,0.046211,4.4545,14.9691,100.0,3.4056,CRITICA,5.5591,0.110499,27.3201,89.7264,0.160224,nan,246.7203,nan,1,1,1915.709,nan
closed_eye_1579.BMP_face_1,cerrado,B10,145.7049,0.046211,9.381,22.3673,100.0,4.7913,CRITICA,6.0314,0.178175,25.6382,84.6489,0.111531,0.160397,141.3514,247.0966,1,1,2448.58,nan
closed_eye_1579.BMP_face_1,cerrado,B15,145.7049,0.046211,14.4558,28.834,100.0,7.1317,CRITICA,6.5116,0.260301,24.492,80.2107,0.101734,0.150045,120.1507,224.6933,1,1,2095.118,nan
closed_eye_1579.BMP_face_1,cerrado,B25,145.7049,0.046211,24.4811,47.6976,98.1994,15.9602,CRITICA,8.0712,0.511284,19.8441,67.2643,0.062665,0.118326,35.6051,156.0554,1,1,1965.409,nan
closed_eye_1579.BMP_face_1,cerrado,B40,145.7049,0.046211,39.4811,76.2929,51.9201,26.3423,CRITICA,10.8467,0.732095,15.7253,47.6388,0.048764,0.088887,5.525,92.3496,1,1,2139.953,nan
closed_eye_1581.jpg_face_1,cerrado,B5,130.704,0.057077,4.4374,16.0292,100.0,5.0639,CRITICA,5.7732,0.185553,26.6167,87.7363,nan,nan,nan,nan,1,0,1842.299,nan
closed_eye_1581.jpg_face_1,cerrado,B10,130.704,0.057077,9.4345,23.3507,100.0,8.4487,CRITICA,6.2844,0.279996,24.7773,82.1346,0.110613,0.15227,93.7977,166.7809,1,1,1923.447,nan
closed_eye_1581.jpg_face_1,cerrado,B15,130.704,0.057077,14.5774,33.0143,99.7494,14.7659,CRITICA,7.09,0.404033,21.908,74.7412,0.074222,0.114351,30.0383,100.3459,1,1,1725.923,nan
closed_eye_1581.jpg_face_1,cerrado,B25,130.704,0.057077,24.54,51.0937,84.6353,26.5523,CRITICA,8.7481,0.612343,18.3224,60.9088,0.068049,0.091727,19.224,60.7076,1,1,1980.983,nan
closed_eye_1581.jpg_face_1,cerrado,B40,130.704,0.057077,39.4961,75.3579,54.5548,39.6641,CRITICA,11.2638,0.778081,15.5108,42.3446,0.080586,0.079794,41.189,39.8018,1,1,2012.477,nan
closed_eye_1594.jpg_face_1,cerrado,B5,145.2425,0.039908,4.5757,16.6824,100.0,4.1777,CRITICA,5.1734,0.171469,26.134,88.5141,0.14463,nan,262.405,nan,1,1,516.929,nan
closed_eye_1594.jpg_face_1,cerrado,B10,145.2425,0.039908,9.392,24.6795,100.0,6.5292,CRITICA,5.6528,0.258974,24.1974,83.0081,0.038188,nan,4.3109,nan,1,1,558.378,nan
closed_eye_1594.jpg_face_1,cerrado,B15,145.2425,0.039908,14.4959,32.2164,100.0,9.6741,CRITICA,6.2064,0.348124,22.5496,77.8189,0.02826,0.07626,29.1885,91.0867,1,1,590.877,nan
closed_eye_1594.jpg_face_1,cerrado,B25,145.2425,0.039908,24.461,52.3627,91.9938,19.7374,CRITICA,7.859,0.565935,18.2787,63.9481,0.032102,0.036311,19.5599,9.0151,1,1,437.963,nan
closed_eye_1594.jpg_face_1,cerrado,B40,145.2425,0.039908,39.4763,77.2413,47.7282,30.557,CRITICA,10.2017,0.744699,15.4019,46.8191,0.019486,0.044815,51.1722,12.2936,1,1,681.477,nan
closed_eye_1613.BMP_face_1,cerrado,B5,112.7075,0.130112,4.5565,17.553,100.0,7.531,CRITICA,6.5715,0.252122,25.3512,84.4261,0.112851,nan,13.2665,nan,1,1,831.463,nan
closed_eye_1613.BMP_face_1,cerrado,B10,112.7075,0.130112,9.5376,25.9714,100.0,13.009,CRITICA,7.2778,0.342623,23.0126,76.9568,0.11319,nan,13.0055,nan,1,1,884.095,nan
closed_eye_1613.BMP_face_1,cerrado,B15,112.7075,0.130112,14.527,36.2017,98.2611,20.9898,CRITICA,8.3173,0.459313,20.2166,67.88,0.084017,0.135165,35.4274,3.8839,1,1,795.292,nan
closed_eye_1613.BMP_face_1,cerrado,B25,112.7075,0.130112,24.5091,54.9016,72.7868,34.6373,CRITICA,10.449,0.645302,16.9004,51.2884,0.10177,0.118437,21.7831,8.9732,1,1,751.541,nan
closed_eye_1613.BMP_face_1,cerrado,B40,112.7075,0.130112,39.5198,76.3826,46.8615,48.868,CRITICA,13.4246,0.756555,15.0409,32.2293,0.176866,0.123796,35.9338,4.8547,1,1,805.283,nan
closed_eye_1622.jpg_face_2,cerrado,B5,129.1017,0.07446,4.4484,16.4732,100.0,5.1728,CRITICA,5.8185,0.15191,26.2329,87.2401,0.135968,0.196857,82.6046,164.3789,1,1,1712.622,nan
closed_eye_1622.jpg_face_2,cerrado,B10,129.1017,0.07446,9.5184,24.0516,100.0,8.8838,CRITICA,6.3761,0.236952,24.4704,81.37,0.089654,0.146085,20.4049,96.1911,1,1,1959.248,nan
closed_eye_1622.jpg_face_2,cerrado,B15,129.1017,0.07446,14.4274,32.1676,100.0,14.0421,CRITICA,7.0697,0.345883,22.3837,75.0835,0.075777,0.138107,1.7683,85.4769,1,1,1730.403,nan
closed_eye_1622.jpg_face_2,cerrado,B25,129.1017,0.07446,24.471,51.7732,84.6284,26.3836,CRITICA,8.9358,0.584224,18.1642,59.8973,0.041578,0.101722,44.1611,36.612,1,1,1235.636,nan
closed_eye_1622.jpg_face_2,cerrado,B40,129.1017,0.07446,39.48,74.5593,51.7303,39.371,CRITICA,11.5213,0.756078,15.6767,42.2477,0.038259,0.085671,48.6186,15.0554,1,1,1841.96,nan
closed_eye_1627.jpg_face_1,cerrado,B5,150.4714,0.061348,4.3598,17.2454,100.0,5.2386,CRITICA,4.8587,0.105654,25.7067,88.5391,0.186796,nan,204.4846,nan,1,1,2841.716,nan
closed_eye_1627.jpg_face_1,cerrado,B10,150.4714,0.061348,9.2976,24.8183,100.0,7.9787,CRITICA,5.342,0.16956,23.9764,83.5063,0.13375,0.156405,118.0174,154.9464,1,1,3206.156,nan
closed_eye_1627.jpg_face_1,cerrado,B15,150.4714,0.061348,14.5242,35.2832,100.0,13.2847,CRITICA,6.1095,0.288195,21.1992,76.5516,0.062283,0.104913,1.5231,71.012,1,1,3025.719,nan
closed_eye_1627.jpg_face_1,cerrado,B25,150.4714,0.061348,24.5085,56.2833,80.2288,25.0091,CRITICA,7.8656,0.52738,17.2871,62.5954,0.07486,0.074939,22.0252,22.1541,1,1,3045.067,nan
closed_eye_1627.jpg_face_1,cerrado,B40,150.4714,0.061348,39.4809,79.2446,43.887,36.1273,CRITICA,10.1589,0.712402,15.2007,47.3357,0.053856,0.070567,12.2131,15.0277,1,1,3539.823,nan
closed_eye_1630.jpg_face_1,cerrado,B5,133.762,0.108688,4.3673,18.5395,100.0,6.2053,CRITICA,5.8958,0.153559,24.7671,86.14,0.125341,0.174227,15.3222,60.3004,1,1,2178.649,nan
closed_eye_1630.jpg_face_1,cerrado,B10,133.762,0.108688,9.4974,28.0435,100.0,10.7767,CRITICA,6.6153,0.247564,22.1934,79.0348,0.104316,0.160313,4.0223,47.4988,1,1,2334.812,nan
closed_eye_1630.jpg_face_1,cerrado,B15,133.762,0.108688,14.4428,38.5137,98.8554,17.3681,CRITICA,7.5248,0.385582,19.5875,71.2073,0.075362,0.130824,30.6616,20.367,1,1,2305.21,nan
closed_eye_1630.jpg_face_1,cerrado,B25,133.762,0.108688,24.4798,65.0807,60.1132,32.8575,CRITICA,10.2537,0.661271,14.8167,51.3459,0.087864,0.107956,19.1589,0.6735,1,1,2539.36,nan
closed_eye_1630.jpg_face_1,cerrado,B40,133.762,0.108688,39.4969,88.4776,38.8007,44.9206,BIEN,13.506,0.789406,13.105,33.8545,0.105428,0.08159,2.9995,24.932,1,1,2613.013,nan
closed_eye_1631.jpg_face_1,cerrado,B5,138.0103,0.062508,4.2823,12.4647,100.0,3.8802,CRITICA,5.4423,0.082388,29.7347,90.9683,0.131724,nan,110.7316,nan,1,1,3052.503,nan
closed_eye_1631.jpg_face_1,cerrado,B10,138.0103,0.062508,9.5626,19.5633,100.0,6.1616,CRITICA,5.9325,0.151664,27.5387,85.8248,0.102836,0.165517,64.5169,164.7939,1,1,3707.824,nan
closed_eye_1631.jpg_face_1,cerrado,B15,138.0103,0.062508,14.4415,26.9797,100.0,9.2,CRITICA,6.4771,0.234567,25.4788,80.4509,0.07122,0.108987,13.9379,74.3568,1,1,4051.864,nan
closed_eye_1631.jpg_face_1,cerrado,B25,138.0103,0.062508,24.5041,45.1045,97.9854,19.3462,CRITICA,8.0173,0.464934,20.7865,67.318,0.067519,0.086077,8.0171,37.7059,1,1,3779.29,nan
closed_eye_1631.jpg_face_1,cerrado,B40,138.0103,0.062508,39.5065,69.3321,56.6252,29.4061,CRITICA,10.4585,0.708515,17.5905,49.7631,0.060805,0.075419,2.7236,20.6561,1,1,3658.983,nan
closed_eye_1640.jpg_face_1,cerrado,B5,188.3279,0.082286,4.3246,14.841,100.0,3.5645,CRITICA,3.2151,0.115332,27.3747,92.1196,0.181294,nan,120.3201,nan,1,1,758.495,nan
closed_eye_1640.jpg_face_1,cerrado,B10,188.3279,0.082286,9.427,21.7561,100.0,4.6696,CRITICA,3.5579,0.175596,25.9784,88.4477,0.131472,0.176132,59.7731,114.047,1,1,739.098,nan
closed_eye_1640.jpg_face_1,cerrado,B15,188.3279,0.082286,14.5277,28.2404,100.0,6.5722,CRITICA,3.907,0.235235,24.8789,85.0047,0.105064,0.158675,27.6813,92.8321,1,1,792.456,nan
closed_eye_1640.jpg_face_1,cerrado,B25,188.3279,0.082286,24.4876,45.6512,97.495,14.8233,CRITICA,4.9332,0.400699,20.5772,75.7597,0.063218,0.125409,23.1738,52.4058,1,1,777.847,nan
closed_eye_1640.jpg_face_1,cerrado,B40,188.3279,0.082286,39.4795,68.5295,70.0675,23.5722,CRITICA,6.4124,0.575585,17.5027,63.6116,0.076445,0.097687,7.0995,18.7153,1,1,752.615,nan
closed_eye_1641.jpg_face_2,cerrado,B5,146.3724,0.03533,4.1852,20.7788,100.0,4.3837,CRITICA,5.6075,0.095164,23.587,85.8042,0.135379,nan,283.1829,nan,1,1,5305.04,nan
closed_eye_1641.jpg_face_2,cerrado,B10,146.3724,0.03533,9.5017,28.0815,100.0,6.256,CRITICA,6.1116,0.151243,22.3602,80.815,0.047942,0.152468,35.6977,331.5522,1,1,5583.473,nan
closed_eye_1641.jpg_face_2,cerrado,B15,146.3724,0.03533,14.3983,37.0549,100.0,9.9884,CRITICA,6.7531,0.263299,20.5212,74.6845,0.034556,0.116665,2.1906,230.2143,1,1,4228.33,nan
closed_eye_1641.jpg_face_2,cerrado,B25,146.3724,0.03533,24.4545,56.4801,88.0808,20.0597,CRITICA,8.3955,0.508865,17.2443,61.4134,0.052965,0.065722,49.9156,86.0213,1,1,5399.568,nan
closed_eye_1641.jpg_face_2,cerrado,B40,146.3724,0.03533,39.4919,79.5936,45.1852,28.89,CRITICA,10.6506,0.671415,15.146,45.6225,0.066678,0.041525,88.729,17.535,1,1,4308.488,nan
closed_eye_1648.jpg_face_2,cerrado,B5,95.5884,0.06717,4.4631,18.0693,100.0,5.5997,CRITICA,9.3921,0.169016,25.0577,81.0967,0.165958,nan,147.0727,nan,1,1,5186.722,nan
closed_eye_1648.jpg_face_2,cerrado,B10,95.5884,0.06717,9.4514,26.6177,99.9512,10.4854,CRITICA,10.3996,0.310902,22.8068,72.1539,0.133012,0.171344,98.0239,155.0912,1,1,5564.83,nan
closed_eye_1648.jpg_face_2,cerrado,B15,95.5884,0.06717,14.5068,35.0474,96.3623,16.8315,CRITICA,11.5798,0.464529,20.7193,63.3351,0.132244,0.147792,96.8807,120.0288,1,1,4980.08,nan
closed_eye_1648.jpg_face_2,cerrado,B25,95.5884,0.06717,24.4446,52.8164,85.791,26.3776,CRITICA,14.517,0.726846,17.7154,44.746,0.087129,0.10913,29.7157,62.4702,1,1,4299.226,nan
closed_eye_1648.jpg_face_2,cerrado,B40,95.5884,0.06717,39.4988,74.3757,61.4746,35.2607,CRITICA,19.0872,0.813011,15.9152,22.1917,0.061933,0.102092,7.7966,51.9915,1,1,4282.656,nan
closed_eye_1649.jpg_face_1,cerrado,B5,166.2251,0.067621,4.5472,14.0329,100.0,3.4362,CRITICA,4.0914,0.12063,28.1147,91.5579,nan,nan,nan,nan,1,0,1149.425,nan
closed_eye_1649.jpg_face_1,cerrado,B10,166.2251,0.067621,9.5152,21.7336,100.0,4.6419,CRITICA,4.4937,0.190448,26.1648,86.9252,nan,nan,nan,nan,1,0,1471.454,nan
closed_eye_1649.jpg_face_1,cerrado,B15,166.2251,0.067621,14.3427,27.7179,100.0,6.4396,CRITICA,4.8537,0.252691,25.218,83.3251,0.100812,nan,49.0827,nan,1,1,1700.391,nan
closed_eye_1649.jpg_face_1,cerrado,B25,166.2251,0.067621,24.4818,46.1723,99.7769,14.1559,CRITICA,6.1258,0.443462,20.5896,72.2231,0.096409,0.147684,42.5722,118.3982,1,1,1522.997,nan
closed_eye_1649.jpg_face_1,cerrado,B40,166.2251,0.067621,39.447,67.6838,69.0813,21.9622,CRITICA,7.7919,0.626001,18.0178,59.2818,0.088453,0.10456,30.8069,54.6267,1,1,1328.904,nan
closed_eye_1652.jpg_face_1,cerrado,B5,95.0616,0.041888,4.3571,15.8845,100.0,5.5332,CRITICA,8.8714,0.291594,26.5716,83.2903,0.137826,0.195366,229.0339,366.4003,1,1,1871.608,nan
closed_eye_1652.jpg_face_1,cerrado,B10,95.0616,0.041888,9.4337,23.0466,100.0,8.3436,CRITICA,9.5986,0.403159,25.0672,75.7561,0.082913,0.148809,97.9394,255.2538,1,1,1918.649,nan
closed_eye_1652.jpg_face_1,cerrado,B15,95.0616,0.041888,14.4758,30.7461,100.0,12.8999,CRITICA,10.5624,0.533118,23.2027,67.6566,0.063232,0.139607,50.9532,233.2846,1,1,1942.879,nan
closed_eye_1652.jpg_face_1,cerrado,B25,95.0616,0.041888,24.4657,49.1741,90.3869,24.7382,CRITICA,13.3039,0.745857,19.1422,48.2713,0.036501,0.08594,12.8616,105.1643,1,1,1893.222,nan
closed_eye_1652.jpg_face_1,cerrado,B40,95.0616,0.041888,39.5095,72.9195,48.4808,37.7139,CRITICA,17.7237,0.812677,16.258,23.2924,0.035649,0.05696,14.896,35.9823,1,1,1882.53,nan
closed_eye_1655.BMP_face_1,cerrado,B5,117.9555,0.07645,4.518,17.1952,100.0,5.1426,CRITICA,7.142,0.233219,25.6933,85.4223,0.082708,nan,8.1847,nan,1,1,968.429,nan
closed_eye_1655.BMP_face_1,cerrado,B10,117.9555,0.07645,9.4991,25.17,100.0,7.8586,CRITICA,7.7708,0.336562,23.9145,78.6614,0.040572,0.202301,46.9307,164.6181,1,1,935.366,nan
closed_eye_1655.BMP_face_1,cerrado,B15,117.9555,0.07645,14.4408,33.1418,100.0,12.1029,CRITICA,8.5533,0.446822,22.0174,71.9032,0.059101,0.080257,22.6934,4.9791,1,1,813.008,nan
closed_eye_1655.BMP_face_1,cerrado,B25,117.9555,0.07645,24.4901,54.5531,85.5514,23.7265,CRITICA,10.9142,0.676802,17.5238,53.7512,0.053064,0.058863,30.5909,23.0054,1,1,1000.901,nan
closed_eye_1655.BMP_face_1,cerrado,B40,117.9555,0.07645,39.522,77.2098,45.477,33.7252,CRITICA,14.0208,0.789022,15.4158,34.5433,0.051803,0.060394,32.2392,21.0023,1,1,926.698,nan
closed_eye_1659.jpg_face_1,cerrado,B5,126.4383,0.052764,4.3697,14.8485,100.0,3.2895,CRITICA,6.8035,0.178691,27.4574,88.2563,0.154752,nan,193.2891,nan,1,1,1528.585,nan
closed_eye_1659.jpg_face_1,cerrado,B10,126.4383,0.052764,9.5465,22.3196,100.0,5.2165,CRITICA,7.3762,0.281916,25.5921,82.3475,0.05278,0.14045,0.0298,166.1831,1,1,1534.213,nan
closed_eye_1659.jpg_face_1,cerrado,B15,126.4383,0.052764,14.4808,29.3805,100.0,8.2453,CRITICA,7.9768,0.381749,23.9735,76.763,0.05966,0.089814,13.0688,70.2165,1,1,1576.293,nan
closed_eye_1659.jpg_face_1,cerrado,B25,126.4383,0.052764,24.5362,46.9986,97.9589,15.1836,CRITICA,9.6409,0.598214,20.109,62.8288,0.06438,0.065046,22.0137,23.2761,1,1,1508.751,nan
closed_eye_1659.jpg_face_1,cerrado,B40,126.4383,0.052764,39.4881,70.9596,65.076,22.5731,CRITICA,12.3862,0.752439,17.1328,43.8781,0.07135,0.055296,35.2246,4.7981,1,1,1579.03,nan
closed_eye_1660.jpg_face_1,cerrado,B5,141.1087,0.063143,4.3203,16.0482,100.0,4.6972,CRITICA,5.3736,0.173562,26.3567,88.6271,0.157699,nan,149.7484,nan,1,1,812.414,nan
closed_eye_1660.jpg_face_1,cerrado,B10,141.1087,0.063143,9.5365,23.2294,100.0,6.7213,CRITICA,5.8434,0.252417,24.778,83.5379,0.10791,nan,70.898,nan,1,1,982.801,nan
closed_eye_1660.jpg_face_1,cerrado,B15,141.1087,0.063143,14.5684,30.6741,100.0,10.2661,CRITICA,6.3794,0.341728,23.0684,78.2621,0.072304,0.120362,14.5082,90.6183,1,1,1023.646,nan
closed_eye_1660.jpg_face_1,cerrado,B25,141.1087,0.063143,24.4397,50.8476,90.538,20.9281,CRITICA,8.0257,0.55914,18.5026,63.9656,0.062475,0.1156,1.0578,83.0767,1,1,897.263,nan
closed_eye_1660.jpg_face_1,cerrado,B40,141.1087,0.063143,39.4987,74.0751,58.822,31.3079,CRITICA,10.2717,0.727093,15.8943,47.5049,0.070017,0.080996,10.8867,28.2743,1,1,804.959,nan
closed_eye_1666.jpg_face_1,cerrado,B5,203.6868,0.020094,4.3813,16.5332,100.0,3.4898,CRITICA,2.5134,0.091975,26.2012,91.883,0.147954,nan,636.3171,nan,1,1,1619.695,nan
closed_eye_1666.jpg_face_1,cerrado,B10,203.6868,0.020094,9.3327,24.7051,100.0,5.0309,CRITICA,2.8852,0.14571,24.1601,87.871,0.075572,0.148704,276.0945,640.0485,1,1,1835.536,nan
closed_eye_1666.jpg_face_1,cerrado,B15,203.6868,0.020094,14.403,31.6432,100.0,7.5765,CRITICA,3.2307,0.198365,22.9409,84.4648,0.064812,0.132871,222.5474,561.2543,1,1,1728.609,nan
closed_eye_1666.jpg_face_1,cerrado,B25,203.6868,0.020094,24.5393,52.0601,97.0117,15.7462,CRITICA,4.3394,0.371823,18.6078,74.4411,0.033814,0.111316,68.2782,453.9816,1,1,1745.201,nan
closed_eye_1666.jpg_face_1,cerrado,B40,203.6868,0.020094,39.5257,77.0667,52.7617,25.4463,CRITICA,5.8663,0.548302,15.6548,62.1641,0.020184,0.040907,0.4471,103.5808,1,1,1484.12,nan
closed_eye_1667.jpg_face_1,cerrado,B5,202.1052,0.088927,4.3942,15.4954,100.0,3.5037,CRITICA,2.6033,0.092686,26.8608,92.333,0.189987,nan,113.6429,nan,1,1,1960.784,nan
closed_eye_1667.jpg_face_1,cerrado,B10,202.1052,0.088927,9.3295,21.7022,100.0,4.385,CRITICA,2.8794,0.135496,25.8782,89.2619,nan,nan,nan,nan,1,0,2213.369,nan
closed_eye_1667.jpg_face_1,cerrado,B15,202.1052,0.088927,14.4202,27.5651,100.0,5.6212,CRITICA,3.1595,0.180299,25.2851,86.361,nan,nan,nan,nan,1,0,1122.839,nan
closed_eye_1667.jpg_face_1,cerrado,B25,202.1052,0.088927,24.4822,43.5626,99.0632,12.1161,CRITICA,3.9956,0.331568,21.334,78.4456,0.075835,0.071812,14.7226,19.2463,1,1,2222.716,nan
closed_eye_1667.jpg_face_1,cerrado,B40,202.1052,0.088927,39.508,67.3815,75.7518,21.2523,CRITICA,5.3444,0.515087,17.6237,66.6602,0.076096,0.070679,14.4289,20.521,1,1,1967.729,nan
closed_eye_1670.jpg_face_1,cerrado,B5,170.3394,0.034984,4.4991,15.4636,100.0,3.2357,CRITICA,3.9939,0.149601,26.9687,90.9219,0.146578,nan,318.9802,nan,1,1,456.163,nan
closed_eye_1670.jpg_face_1,cerrado,B10,170.3394,0.034984,9.4042,21.7327,100.0,4.6428,CRITICA,4.3301,0.210696,26.153,87.2415,0.095201,0.168139,172.1239,380.6109,1,1,698.227,nan
closed_eye_1670.jpg_face_1,cerrado,B15,170.3394,0.034984,14.4363,27.7105,100.0,6.7784,CRITICA,4.6916,0.271662,25.2189,83.7322,0.115782,0.155022,230.9538,343.1164,1,1,799.552,nan
closed_eye_1670.jpg_face_1,cerrado,B25,170.3394,0.034984,24.5013,45.825,98.5453,14.4143,CRITICA,5.8891,0.458244,20.6408,73.0978,0.050284,0.072176,43.7327,106.3103,1,1,758.553,nan
closed_eye_1670.jpg_face_1,cerrado,B40,170.3394,0.034984,39.4902,68.084,68.374,21.8923,CRITICA,7.5178,0.640763,17.8501,60.0304,0.041295,0.059035,18.0387,68.7472,1,1,872.448,nan
closed_eye_1670.jpg_face_2,cerrado,B5,150.1762,0.033619,4.4422,15.3537,100.0,3.9705,CRITICA,5.1328,0.177541,26.9981,89.7762,0.213971,nan,536.452,nan,1,1,573.921,nan
closed_eye_1670.jpg_face_2,cerrado,B10,150.1762,0.033619,9.3681,22.0036,100.0,5.3598,CRITICA,5.5388,0.252501,25.8839,85.3482,0.102042,0.184744,203.5234,449.5188,1,1,525.901,nan
closed_eye_1670.jpg_face_2,cerrado,B15,150.1762,0.033619,14.527,28.4892,100.0,8.2086,CRITICA,6.0078,0.331041,24.5289,81.0295,0.11644,0.186042,246.3483,453.3772,1,1,600.962,nan
closed_eye_1670.jpg_face_2,cerrado,B25,150.1762,0.033619,24.4235,45.8364,96.8178,16.93,CRITICA,7.3556,0.523117,20.2844,69.4783,0.061361,0.12588,82.5174,274.4277,1,1,575.904,nan
closed_eye_1670.jpg_face_2,cerrado,B40,150.1762,0.033619,39.4875,68.1911,66.6367,25.2645,CRITICA,9.3185,0.694025,17.5776,54.5926,0.04685,0.08494,39.3546,152.6515,1,1,677.14,nan
closed_eye_1671.jpg_face_1,cerrado,B5,180.4022,0.123128,4.3287,17.0578,100.0,4.2858,CRITICA,3.4158,0.113419,25.8408,90.5446,0.215608,nan,75.1093,nan,1,1,601.721,nan
closed_eye_1671.jpg_face_1,cerrado,B10,180.4022,0.123128,9.4764,24.5471,100.0,6.4487,CRITICA,3.8034,0.174351,24.1327,86.3931,0.208608,0.223651,69.4241,81.6413,1,1,768.64,nan
closed_eye_1671.jpg_face_1,cerrado,B15,180.4022,0.123128,14.4674,32.6645,100.0,9.8353,CRITICA,4.2524,0.250055,22.3002,81.8935,0.161669,0.213734,31.3016,73.5875,1,1,818.264,nan
closed_eye_1671.jpg_face_1,cerrado,B25,180.4022,0.123128,24.5203,52.8553,91.3063,19.4925,CRITICA,5.5047,0.442596,18.1297,70.7014,0.144456,0.15369,17.3224,24.8213,1,1,688.563,nan
closed_eye_1671.jpg_face_1,cerrado,B40,180.4022,0.123128,39.4971,77.7374,49.1213,29.5102,CRITICA,7.2532,0.639198,15.3637,56.9088,0.130149,0.14587,5.7025,18.4702,1,1,493.097,nan
closed_eye_1674.BMP_face_1,cerrado,B5,85.7963,0.078228,4.6175,19.6035,100.0,9.6993,CRITICA,9.2558,0.240864,23.9539,77.1511,0.081476,0.162329,4.1513,107.5068,1,1,1146.789,nan
closed_eye_1674.BMP_face_1,cerrado,B10,85.7963,0.078228,9.6112,29.1411,100.0,17.2061,CRITICA,10.4972,0.387022,21.3163,66.0346,0.061989,0.098331,20.7593,25.6971,1,1,1195.172,nan
closed_eye_1674.BMP_face_1,cerrado,B15,85.7963,0.078228,14.6197,40.1456,92.5174,26.5111,CRITICA,12.2315,0.550953,18.5956,53.2082,0.121645,0.065844,55.5008,15.8314,1,1,1194.6,nan
closed_eye_1674.BMP_face_1,cerrado,B25,85.7963,0.078228,24.6163,58.8774,62.6379,41.8009,CRITICA,15.9274,0.730365,15.684,31.3754,0.14135,0.063152,80.6898,19.2718,1,1,1169.454,nan
closed_eye_1674.BMP_face_1,cerrado,B40,85.7963,0.078228,39.6134,77.4245,49.288,55.945,CRITICA,20.0359,0.737835,14.6121,9.7578,0.111485,0.048055,42.5129,38.5711,1,1,1022.913,nan
closed_eye_1679.BMP_face_1,cerrado,B5,125.9071,0.06694,4.4349,17.6199,100.0,5.6528,CRITICA,6.1578,0.148235,25.4294,86.0056,0.105034,0.182185,56.906,172.1602,1,1,1530.456,nan
closed_eye_1679.BMP_face_1,cerrado,B10,125.9071,0.06694,9.4769,26.3971,100.0,9.8338,CRITICA,6.8389,0.250774,23.1117,79.0345,0.068607,0.14506,2.4904,116.7008,1,1,1465.201,nan
closed_eye_1679.BMP_face_1,cerrado,B15,125.9071,0.06694,14.5113,36.4477,100.0,15.6724,CRITICA,7.7452,0.391128,20.6207,71.0519,0.064252,0.10792,4.0159,61.2187,1,1,1653.713,nan
closed_eye_1679.BMP_face_1,cerrado,B25,125.9071,0.06694,24.5071,57.2645,70.045,29.3269,CRITICA,9.9641,0.639654,16.6965,54.5185,0.076846,0.078871,14.7971,17.8226,1,1,1592.864,nan
closed_eye_1679.BMP_face_1,cerrado,B40,125.9071,0.06694,39.5031,80.1797,48.7578,42.1274,BIEN,12.9685,0.795205,14.5999,36.3184,0.10326,0.060928,54.2573,8.9824,1,1,1594.896,nan
closed_eye_1680.jpg_face_1,cerrado,B5,42.4963,0.110913,4.4646,23.9416,100.0,7.9241,CRITICA,17.1578,0.536867,22.0534,43.6618,0.209706,nan,89.0722,nan,1,1,5827.506,nan
closed_eye_1680.jpg_face_1,cerrado,B10,42.4963,0.110913,9.5119,34.1328,99.2524,16.867,CRITICA,20.3774,0.780025,19.5422,19.6805,0.142901,0.161798,28.8404,45.8776,1,1,5254.861,nan
closed_eye_1680.jpg_face_1,cerrado,B15,42.4963,0.110913,14.5568,45.8192,86.4721,26.9191,CRITICA,23.3649,0.804332,17.0361,7.8193,0.126466,0.130715,14.0224,17.8533,1,1,4859.087,nan
closed_eye_1680.jpg_face_1,cerrado,B25,42.4963,0.110913,24.4988,65.6283,63.0473,41.4701,CRITICA,18.5618,0.627627,14.3824,54.4332,0.204216,0.114774,84.1221,3.4809,1,1,6075.334,nan
closed_eye_1680.jpg_face_1,cerrado,B40,42.4963,0.110913,39.5016,82.4678,52.6522,51.1584,BIEN,14.5214,0.501986,13.966,94.0589,0.126275,0.128465,13.8503,15.8246,1,1,5073.567,nan
closed_eye_1690.jpg_face_1,cerrado,B5,129.3817,0.03062,4.2118,17.5037,100.0,4.6296,CRITICA,6.6075,0.146143,25.4668,86.4713,0.100039,nan,226.7082,nan,1,1,2514.458,nan
closed_eye_1690.jpg_face_1,cerrado,B10,129.3817,0.03062,9.5562,26.3817,100.0,7.2173,CRITICA,7.295,0.243753,23.1044,79.6094,0.058167,0.097039,89.9633,216.9098,1,1,2948.113,nan
closed_eye_1690.jpg_face_1,cerrado,B15,129.3817,0.03062,14.4171,36.1674,99.5289,11.9533,CRITICA,8.1348,0.384476,20.715,72.046,0.047595,0.067502,55.4357,120.4502,1,1,2833.664,nan
closed_eye_1690.jpg_face_1,cerrado,B25,129.3817,0.03062,24.4921,59.9836,79.157,23.0158,CRITICA,10.5869,0.666004,16.3151,53.6383,0.050312,0.047161,64.3082,54.0194,1,1,2787.068,nan
closed_eye_1690.jpg_face_1,cerrado,B40,129.3817,0.03062,39.474,86.0159,38.9752,34.2454,BIEN,14.217,0.797695,13.8498,33.5177,0.056633,0.041273,84.9529,34.7896,1,1,2843.332,nan
closed_eye_1691.jpg_face_3,cerrado,B5,139.2967,0.150871,4.309,16.1807,100.0,3.5695,CRITICA,5.7495,0.220145,26.5588,88.384,0.19174,nan,27.0888,nan,1,1,569.411,nan
closed_eye_1691.jpg_face_3,cerrado,B10,139.2967,0.150871,9.4562,22.3095,100.0,5.7218,CRITICA,6.1865,0.299536,25.5153,83.9842,0.154813,0.186168,2.6128,23.3958,1,1,341.822,nan
closed_eye_1691.jpg_face_3,cerrado,B15,139.2967,0.150871,14.5487,30.1195,100.0,9.3672,CRITICA,6.8015,0.3977,23.5298,78.3775,0.170049,0.178182,12.7121,18.1024,1,1,635.526,nan
closed_eye_1691.jpg_face_3,cerrado,B25,139.2967,0.150871,24.4402,48.2943,94.8438,18.7575,CRITICA,8.3107,0.586139,19.4422,65.3299,0.149638,0.176576,0.8172,17.0382,1,1,571.657,nan
closed_eye_1691.jpg_face_3,cerrado,B40,139.2967,0.150871,39.4868,72.2959,58.0659,29.5388,CRITICA,10.5649,0.744827,16.3039,48.0994,0.131058,0.169962,13.132,12.6541,1,1,658.111,nan
closed_eye_1693.jpg_face_1,cerrado,B5,166.3063,0.061935,4.3412,16.1419,100.0,3.8359,CRITICA,4.136,0.122449,26.4379,90.2939,0.131291,nan,111.9811,nan,1,1,934.754,nan
closed_eye_1693.jpg_face_1,cerrado,B10,166.3063,0.061935,9.3768,22.76,100.0,4.7985,CRITICA,4.488,0.181424,25.3282,86.3144,0.089177,0.178106,43.9847,187.569,1,1,1102.779,nan
closed_eye_1693.jpg_face_1,cerrado,B15,166.3063,0.061935,14.4563,29.8965,100.0,6.8725,CRITICA,4.917,0.252505,24.036,82.0233,0.062818,0.148135,1.425,139.1783,1,1,1135.332,nan
closed_eye_1693.jpg_face_1,cerrado,B25,166.3063,0.061935,24.4685,47.0392,99.3253,14.7382,CRITICA,6.0861,0.439437,20.2811,71.7153,0.049079,0.073074,20.7578,17.9847,1,1,1050.2,nan
closed_eye_1693.jpg_face_1,cerrado,B40,166.3063,0.061935,39.4931,71.932,58.7191,22.7847,CRITICA,7.914,0.647791,16.982,56.7473,0.042189,0.06861,31.8821,10.7775,1,1,1151.145,nan
closed_eye_1702.BMP_face_1,cerrado,B5,148.8246,0.097039,4.3742,14.4429,100.0,4.5758,CRITICA,4.8774,0.107418,27.7097,90.2954,0.228127,nan,135.0871,nan,1,1,2985.075,nan
closed_eye_1702.BMP_face_1,cerrado,B10,148.8246,0.097039,9.3294,22.3211,100.0,6.9213,CRITICA,5.365,0.181708,25.4662,85.0018,0.212094,0.218558,118.5652,125.2261,1,1,3041.363,nan
closed_eye_1702.BMP_face_1,cerrado,B15,148.8246,0.097039,14.4076,30.2762,100.0,11.2017,CRITICA,5.9362,0.271156,23.4532,79.6564,0.1779,0.216503,83.3276,123.1083,1,1,2293.052,nan
closed_eye_1702.BMP_face_1,cerrado,B25,148.8246,0.097039,24.4817,51.3414,87.4676,24.4495,CRITICA,7.6946,0.513668,18.2386,65.5021,0.118805,0.167818,22.4296,72.938,1,1,2872.738,nan
closed_eye_1702.BMP_face_1,cerrado,B40,148.8246,0.097039,39.4831,78.2388,48.4516,37.2823,CRITICA,10.4573,0.727736,15.055,47.4288,0.0959,0.152155,1.1736,56.7974,1,1,2975.305,nan
closed_eye_1702.BMP_face_2,cerrado,B5,169.0847,0.113295,4.4306,14.8592,100.0,4.8136,CRITICA,3.748,0.095375,27.4211,91.212,0.131695,nan,16.2409,nan,1,1,2562.788,nan
closed_eye_1702.BMP_face_2,cerrado,B10,169.0847,0.113295,9.3541,22.1153,100.0,6.7919,CRITICA,4.1444,0.153546,25.6301,86.9206,0.141567,0.211365,24.9547,86.5617,1,1,2374.169,nan
closed_eye_1702.BMP_face_2,cerrado,B15,169.0847,0.113295,14.437,30.4664,100.0,11.2933,CRITICA,4.6667,0.232153,23.4286,81.9816,0.097481,0.168213,13.9585,48.4739,1,1,2820.079,nan
closed_eye_1702.BMP_face_2,cerrado,B25,169.0847,0.113295,24.4467,51.7674,85.2772,23.1911,CRITICA,6.1677,0.446572,18.2937,69.3838,0.095753,0.151184,15.4831,33.4428,1,1,2846.57,nan
closed_eye_1702.BMP_face_2,cerrado,B40,169.0847,0.113295,39.4832,79.8744,46.5958,36.1035,CRITICA,8.5216,0.66943,14.8537,52.7607,0.094716,0.124535,16.3992,9.9209,1,1,2718.869,nan
closed_eye_1705.jpg_face_1,cerrado,B5,146.151,0.037706,4.4839,13.9621,100.0,3.6264,CRITICA,5.2426,0.150297,28.1525,90.4468,0.238954,nan,533.7372,nan,1,1,1702.707,nan
closed_eye_1705.jpg_face_1,cerrado,B10,146.151,0.037706,9.5213,21.3023,100.0,4.4374,CRITICA,5.6959,0.229976,26.5418,85.4245,0.18092,nan,379.8249,nan,1,1,1668.892,nan
closed_eye_1705.jpg_face_1,cerrado,B15,146.151,0.037706,14.4365,27.1549,100.0,6.6463,CRITICA,6.1077,0.299508,25.7121,81.42,0.13609,nan,260.9292,nan,1,1,1632.12,nan
closed_eye_1705.jpg_face_1,cerrado,B25,146.151,0.037706,24.5134,42.8737,99.3056,13.2085,CRITICA,7.3651,0.482408,22.0747,70.6648,0.047385,0.126757,25.6705,236.1752,1,1,1503.307,nan
closed_eye_1705.jpg_face_1,cerrado,B40,146.151,0.037706,39.4844,62.8486,84.3892,19.1705,CRITICA,9.1131,0.653957,19.7448,56.9975,0.038881,0.091843,3.1174,143.5809,1,1,1388.889,nan
closed_eye_1711.jpg_face_1,cerrado,B5,114.8169,0.069844,4.5034,16.21,100.0,5.7106,CRITICA,6.9422,0.244345,26.415,85.8819,0.145546,nan,108.3858,nan,1,1,974.564,nan
closed_eye_1711.jpg_face_1,cerrado,B10,114.8169,0.069844,9.497,23.7969,100.0,9.8641,CRITICA,7.593,0.344358,24.4239,79.274,0.087158,0.150153,24.7892,114.9826,1,1,768.167,nan
closed_eye_1711.jpg_face_1,cerrado,B15,114.8169,0.069844,14.4984,32.9246,100.0,16.0607,CRITICA,8.5189,0.474012,21.8776,71.3242,0.074094,0.124258,6.0848,77.907,1,1,1046.682,nan
closed_eye_1711.jpg_face_1,cerrado,B25,114.8169,0.069844,24.4925,50.9398,81.5749,28.0044,CRITICA,10.5804,0.683784,18.2356,55.6338,0.077994,0.083704,11.6687,19.8434,1,1,1121.957,nan
closed_eye_1711.jpg_face_1,cerrado,B40,114.8169,0.069844,39.4888,73.4081,53.3015,42.1205,CRITICA,13.9275,0.827,15.7992,36.065,0.073079,0.075167,4.6318,7.6213,1,1,954.472,nan
closed_eye_1730.jpg_face_1,cerrado,B5,65.6412,0.099633,4.5426,24.6964,100.0,9.3232,CRITICA,12.5979,0.308386,21.6877,62.3767,0.141523,0.165864,42.0446,66.4753,1,1,5359.057,nan
closed_eye_1730.jpg_face_1,cerrado,B10,65.6412,0.099633,9.5604,35.9934,96.5409,19.1637,CRITICA,14.9686,0.594815,18.8788,45.1665,0.133869,0.161319,34.3624,61.914,1,1,5595.971,nan
closed_eye_1730.jpg_face_1,cerrado,B15,65.6412,0.099633,14.5475,46.1401,87.631,26.663,CRITICA,17.3984,0.78449,17.1497,29.7086,0.131647,0.143102,32.132,43.6298,1,1,3832.886,nan
closed_eye_1730.jpg_face_1,cerrado,B25,65.6412,0.099633,24.5412,63.992,66.0377,38.4406,CRITICA,21.2166,0.874305,15.0752,2.5124,nan,0.127936,nan,28.4077,1,0,5984.44,nan
closed_eye_1730.jpg_face_1,cerrado,B40,65.6412,0.099633,39.5461,81.573,51.153,49.103,BIEN,19.3978,0.800121,14.3951,24.2712,nan,0.113466,nan,13.8838,1,0,5224.66,nan
closed_eye_1740.jpg_face_1,cerrado,B5,200.6218,0.069925,4.4403,14.3344,100.0,3.2394,CRITICA,2.5771,0.110519,27.8494,92.855,0.193173,nan,176.2565,nan,1,1,643.791,nan
closed_eye_1740.jpg_face_1,cerrado,B10,200.6218,0.069925,9.3643,21.4154,100.0,3.6726,CRITICA,2.8891,0.167302,26.2685,89.3255,0.053617,nan,23.3222,nan,1,1,542.152,nan
closed_eye_1740.jpg_face_1,cerrado,B15,200.6218,0.069925,14.5637,27.4992,100.0,5.3573,CRITICA,3.1859,0.216776,25.4648,86.293,0.069912,0.10283,0.0187,47.0573,1,1,541.506,nan
closed_eye_1740.jpg_face_1,cerrado,B25,200.6218,0.069925,24.4842,41.7292,99.9628,10.1981,CRITICA,3.9352,0.338281,22.3368,79.2001,0.055044,0.06737,21.2811,3.6536,1,1,605.144,nan
closed_eye_1740.jpg_face_1,cerrado,B40,200.6218,0.069925,39.4658,63.4876,83.6114,16.3369,CRITICA,5.1696,0.501404,19.2561,68.3546,0.087713,0.059815,25.4388,14.4581,1,1,398.645,nan
closed_eye_1745.jpg_face_3,cerrado,B5,159.1975,0.078266,4.2707,13.9287,100.0,2.9624,CRITICA,4.5773,0.102392,28.1971,91.2507,nan,nan,nan,nan,1,0,2505.01,nan
closed_eye_1745.jpg_face_3,cerrado,B10,159.1975,0.078266,9.432,21.5908,100.0,3.931,CRITICA,5.0306,0.173276,26.1171,86.4377,0.106966,nan,36.6691,nan,1,1,2025.932,nan
closed_eye_1745.jpg_face_3,cerrado,B15,159.1975,0.078266,14.4869,27.433,100.0,5.8035,CRITICA,5.4024,0.239458,25.3076,82.7679,0.071198,nan,9.0313,nan,1,1,2056.767,nan
closed_eye_1745.jpg_face_3,cerrado,B25,159.1975,0.078266,24.5047,45.2827,99.4125,12.8768,CRITICA,6.6557,0.448693,20.9011,71.5556,0.071548,nan,8.584,nan,1,1,2228.661,nan
closed_eye_1745.jpg_face_3,cerrado,B40,159.1975,0.078266,39.4838,72.5696,63.1783,21.7338,CRITICA,8.8571,0.662417,16.7712,54.4153,0.0731,0.069053,6.6008,11.7722,1,1,2009.242,nan
closed_eye_1750.jpg_face_2,cerrado,B5,165.1803,0.04887,4.353,16.0517,100.0,4.6124,CRITICA,4.2383,0.135117,26.5682,90.2823,0.073169,nan,49.7216,nan,1,1,1852.881,nan
closed_eye_1750.jpg_face_2,cerrado,B10,165.1803,0.04887,9.4621,22.5118,100.0,7.1231,CRITICA,4.6237,0.188783,25.2346,86.3714,0.054748,0.105637,12.028,116.1593,1,1,2111.486,nan
closed_eye_1750.jpg_face_2,cerrado,B15,165.1803,0.04887,14.464,30.4159,100.0,10.4549,CRITICA,5.1237,0.274986,23.217,81.5862,0.037854,0.066141,22.5418,35.341,1,1,1942.502,nan
closed_eye_1750.jpg_face_2,cerrado,B25,165.1803,0.04887,24.5093,49.8163,92.7661,20.9768,CRITICA,6.4662,0.465112,18.9532,69.8413,0.061236,0.037672,25.3046,22.913,1,1,1352.265,nan
closed_eye_1750.jpg_face_2,cerrado,B40,165.1803,0.04887,39.4792,73.834,53.3805,32.7796,CRITICA,8.3694,0.645434,15.9637,55.3009,0.061345,0.038314,25.5261,21.6012,1,1,1817.851,nan
closed_eye_1756.jpg_face_1,cerrado,B5,125.9161,0.058276,4.3869,17.1426,100.0,4.5457,CRITICA,6.7159,0.191318,25.9152,86.3857,0.117703,0.181589,101.9735,211.5986,1,1,676.636,nan
closed_eye_1756.jpg_face_1,cerrado,B10,125.9161,0.058276,9.5076,24.489,100.0,6.5038,CRITICA,7.2814,0.292177,24.2838,80.5513,0.068253,0.129023,17.119,121.3977,1,1,696.427,nan
closed_eye_1756.jpg_face_1,cerrado,B15,125.9161,0.058276,14.4897,32.7153,100.0,10.1811,CRITICA,8.0227,0.408697,22.2828,74.0182,0.058563,0.102838,0.4922,76.4651,1,1,741.785,nan
closed_eye_1756.jpg_face_1,cerrado,B25,125.9161,0.058276,24.5083,53.571,89.0009,20.865,CRITICA,10.1029,0.647332,17.934,57.455,0.065325,0.074209,12.0955,27.339,1,1,717.051,nan
closed_eye_1756.jpg_face_1,cerrado,B40,125.9161,0.058276,39.4743,78.8118,47.8823,31.709,CRITICA,13.1885,0.789016,15.086,37.4093,0.06534,0.063581,12.1211,9.1032,1,1,538.764,nan
closed_eye_1761.jpg_face_1,cerrado,B5,92.7539,0.176928,4.5464,20.5464,100.0,6.6081,CRITICA,8.7369,0.171237,23.7675,77.8484,0.170491,nan,3.6383,nan,1,1,4547.522,nan
closed_eye_1761.jpg_face_1,cerrado,B10,92.7539,0.176928,9.4643,29.687,100.0,12.9638,CRITICA,9.8258,0.338923,21.4516,67.9938,0.11678,0.204981,33.9958,15.8557,1,1,5530.973,nan
closed_eye_1761.jpg_face_1,cerrado,B15,92.7539,0.176928,14.4682,39.5542,91.5909,21.781,CRITICA,11.2962,0.536192,18.9475,57.3557,0.164513,0.186936,7.0168,5.6564,1,1,5333.333,nan
closed_eye_1761.jpg_face_1,cerrado,B25,92.7539,0.176928,24.4812,57.6831,77.5974,33.3836,CRITICA,14.3575,0.76874,16.2865,37.8106,0.153681,0.177944,13.1391,0.5741,1,1,4139.073,nan
closed_eye_1761.jpg_face_1,cerrado,B40,92.7539,0.176928,39.4916,77.7425,53.3766,43.2604,CRITICA,18.3572,0.814884,15.0642,16.1841,0.166311,0.144522,6.0008,18.3157,1,1,4539.264,nan
closed_eye_1766.jpg_face_2,cerrado,B5,111.7188,0.01997,4.5372,16.4421,100.0,6.4135,CRITICA,6.8554,0.296967,26.2981,85.2826,0.060165,0.118268,201.2745,492.2246,1,1,1008.573,nan
closed_eye_1766.jpg_face_2,cerrado,B10,111.7188,0.01997,9.484,23.6356,100.0,10.4342,CRITICA,7.4651,0.394752,24.5206,78.8436,0.053195,0.087765,166.3709,339.4815,1,1,1002.506,nan
closed_eye_1766.jpg_face_2,cerrado,B15,111.7188,0.01997,14.5185,32.8269,99.9508,16.7839,CRITICA,8.3929,0.51319,21.8884,70.6165,0.032209,0.054332,61.2851,172.0646,1,1,1201.779,nan
closed_eye_1766.jpg_face_2,cerrado,B25,111.7188,0.01997,24.5083,53.2491,77.2384,31.2801,CRITICA,10.7615,0.703792,17.5204,52.3365,0.028428,0.033023,42.3549,65.3622,1,1,1112.966,nan
closed_eye_1766.jpg_face_2,cerrado,B40,111.7188,0.01997,39.4711,73.3558,49.8077,43.9922,CRITICA,13.6579,0.782432,15.8412,34.3389,0.03015,0.032163,50.9743,61.0557,1,1,1198.179,nan
closed_eye_1776.jpg_face_3,cerrado,B5,187.8641,0.113083,4.3089,13.9718,100.0,2.906,CRITICA,3.1673,0.122709,28.1033,92.5628,0.255494,nan,125.9348,nan,1,1,843.953,nan
closed_eye_1776.jpg_face_3,cerrado,B10,187.8641,0.113083,9.4275,20.4273,100.0,3.6129,CRITICA,3.4944,0.180757,27.0151,89.1266,0.205235,nan,81.4905,nan,1,1,752.332,nan
closed_eye_1776.jpg_face_3,cerrado,B15,187.8641,0.113083,14.5198,25.0031,100.0,5.3703,CRITICA,3.7374,0.222381,27.1624,86.6909,0.189207,nan,67.3167,nan,1,1,802.182,nan
closed_eye_1776.jpg_face_3,cerrado,B25,187.8641,0.113083,24.4761,41.1,99.7841,12.4291,CRITICA,4.6629,0.373951,22.4944,78.1225,0.112246,0.215257,0.7402,90.3529,1,1,805.088,nan
closed_eye_1776.jpg_face_3,cerrado,B40,187.8641,0.113083,39.4759,62.4702,78.5938,19.5465,CRITICA,6.0241,0.546636,19.4468,66.7472,0.12238,0.176794,8.2212,56.34,1,1,835.422,nan
closed_eye_1777.jpg_face_1,cerrado,B5,129.1791,0.043959,4.3545,16.4159,100.0,4.0578,CRITICA,6.0232,0.250635,26.3395,87.2922,0.14805,nan,236.7882,nan,1,1,665.336,nan
closed_eye_1777.jpg_face_1,cerrado,B10,129.1791,0.043959,9.3778,22.9167,100.0,6.4236,CRITICA,6.499,0.337689,25.1389,82.2597,0.068834,0.160609,56.5851,265.3574,1,1,494.315,nan
closed_eye_1777.jpg_face_1,cerrado,B15,129.1791,0.043959,14.5109,30.8326,100.0,10.8208,CRITICA,7.1782,0.438655,23.2561,76.1319,0.044349,0.092297,0.8868,109.9601,1,1,602.882,nan
closed_eye_1777.jpg_face_1,cerrado,B25,129.1791,0.043959,24.4982,49.0398,96.0457,20.2651,CRITICA,8.8333,0.63513,19.3698,62.0374,0.041965,0.076864,4.5364,74.8525,1,1,800.512,nan
closed_eye_1777.jpg_face_1,cerrado,B40,129.1791,0.043959,39.5176,71.2372,51.5755,31.0843,CRITICA,11.2386,0.783913,16.8472,44.8539,0.047361,0.057719,7.7393,31.3017,1,1,799.169,nan
closed_eye_1789.jpg_face_1,cerrado,B5,118.0812,0.055401,4.4874,11.8732,100.0,3.5538,CRITICA,7.0718,0.094553,30.2253,89.9449,0.22214,nan,300.9659,nan,1,1,3707.824,nan
closed_eye_1789.jpg_face_1,cerrado,B10,118.0812,0.055401,9.3887,19.1725,100.0,4.7181,CRITICA,7.6333,0.166109,28.1251,83.7633,0.186389,nan,236.4337,nan,1,1,4038.772,nan
closed_eye_1789.jpg_face_1,cerrado,B15,118.0812,0.055401,14.4544,25.3817,100.0,6.8243,CRITICA,8.1992,0.255864,26.9204,78.5049,0.192765,0.188716,247.943,240.6355,1,1,4145.937,nan
closed_eye_1789.jpg_face_1,cerrado,B25,118.0812,0.055401,24.4851,41.8204,99.0967,14.8748,CRITICA,9.9308,0.532177,22.3358,64.5834,0.158402,0.212207,185.9181,283.0355,1,1,3585.515,nan
closed_eye_1789.jpg_face_1,cerrado,B40,118.0812,0.055401,39.4902,66.9771,69.5574,24.3935,CRITICA,13.2418,0.798538,18.3001,43.2787,0.062579,0.16829,12.9558,203.7654,1,1,4249.894,nan
closed_eye_1796.jpg_face_1,cerrado,B5,124.9891,0.097125,4.4168,14.2811,100.0,4.1785,CRITICA,6.1487,0.16539,28.0842,88.5741,0.135395,nan,39.4031,nan,1,1,4456.328,nan
closed_eye_1796.jpg_face_1,cerrado,B10,124.9891,0.097125,9.39,21.1343,100.0,7.4218,CRITICA,6.673,0.236616,26.3224,83.0911,0.075866,0.144289,21.8881,48.5608,1,1,3770.739,nan
closed_eye_1796.jpg_face_1,cerrado,B15,124.9891,0.097125,14.5021,29.2895,100.0,11.4043,CRITICA,7.3909,0.349473,24.0804,76.5664,0.088513,0.138425,8.8663,42.5231,1,1,4093.328,nan
closed_eye_1796.jpg_face_1,cerrado,B25,124.9891,0.097125,24.589,45.4834,98.7355,21.0907,CRITICA,8.973,0.564324,20.7635,63.6101,0.090959,0.087234,6.3487,10.1835,1,1,4359.198,nan
closed_eye_1796.jpg_face_1,cerrado,B40,124.9891,0.097125,39.4906,66.5702,55.6049,31.9552,CRITICA,11.5163,0.757541,18.3707,46.7392,0.094156,0.104314,3.0572,7.4019,1,1,3907.776,nan
closed_eye_1804.jpg_face_1,cerrado,B5,113.3976,0.079045,4.4366,25.2413,100.0,5.5613,CRITICA,8.3396,0.157385,21.5551,77.7409,0.176659,nan,123.492,nan,1,1,5564.83,nan
closed_eye_1804.jpg_face_1,cerrado,B10,113.3976,0.079045,9.4661,35.5799,99.5226,13.1569,CRITICA,9.4362,0.319542,19.1728,68.6238,0.130919,0.19274,65.6257,143.8363,1,1,2565.418,nan
closed_eye_1804.jpg_face_1,cerrado,B15,113.3976,0.079045,14.5082,45.7756,94.8351,18.6123,CRITICA,10.5957,0.496885,17.45,59.6326,0.104447,0.140676,32.1364,77.9699,1,1,5549.389,nan
closed_eye_1804.jpg_face_1,cerrado,B25,113.3976,0.079045,24.5,66.7786,66.0156,28.6601,CRITICA,13.4655,0.713277,14.6452,41.111,0.109854,0.099642,38.9767,26.0573,1,1,5117.707,nan
closed_eye_1804.jpg_face_1,cerrado,B40,113.3976,0.079045,39.48,90.3824,39.7569,38.7078,BIEN,17.0405,0.727963,12.9071,20.296,0.071788,0.089021,9.1813,12.6212,1,1,4137.36,nan
closed_eye_1806.jpg_face_1,cerrado,B5,85.3218,0.050461,4.4641,24.7722,100.0,4.9851,CRITICA,10.2471,0.227175,21.7983,70.9662,0.16592,nan,228.8089,nan,1,1,5980.862,nan
closed_eye_1806.jpg_face_1,cerrado,B10,85.3218,0.050461,9.4792,35.3351,99.4329,13.128,CRITICA,11.6059,0.520309,19.2287,58.5861,0.118461,0.153403,134.7583,204.0041,1,1,4006.411,nan
closed_eye_1806.jpg_face_1,cerrado,B15,85.3218,0.050461,14.5095,47.4282,92.2968,21.5454,CRITICA,13.4381,0.701543,16.8213,44.4126,0.112837,0.106126,123.6132,110.3135,1,1,5704.506,nan
closed_eye_1806.jpg_face_1,cerrado,B25,85.3218,0.050461,24.5033,69.5085,62.0983,35.0943,CRITICA,16.9558,0.776737,13.8811,18.5337,0.080004,0.085057,58.5468,68.5596,1,1,4440.497,nan
closed_eye_1806.jpg_face_1,cerrado,B40,85.3218,0.050461,39.4802,89.1158,45.4159,44.1274,BIEN,18.3854,0.701331,12.9257,4.4466,0.067927,0.082398,34.6124,63.2915,1,1,3658.983,nan
closed_eye_1807.jpg_face_1,cerrado,B5,152.4319,0.057893,4.3633,18.1207,100.0,4.328,CRITICA,4.5936,0.090441,25.2466,88.1123,0.173454,nan,199.6111,nan,1,1,3611.412,nan
closed_eye_1807.jpg_face_1,cerrado,B10,152.4319,0.057893,9.4386,24.6426,100.0,7.2738,CRITICA,5.0072,0.133815,24.0949,83.8337,0.161535,0.198769,179.0227,243.3385,1,1,4823.927,nan
closed_eye_1807.jpg_face_1,cerrado,B15,152.4319,0.057893,14.4579,32.405,100.0,11.3745,CRITICA,5.5461,0.224126,22.3883,78.7413,0.136397,0.149099,135.6022,157.5418,1,1,4504.504,nan
closed_eye_1807.jpg_face_1,cerrado,B25,152.4319,0.057893,24.5026,51.1457,92.3408,21.1287,CRITICA,6.9568,0.44503,18.751,66.4469,0.156803,0.107006,170.8495,84.8339,1,1,4526.935,nan
closed_eye_1807.jpg_face_1,cerrado,B40,152.4319,0.057893,39.4692,71.5552,52.1365,31.0547,CRITICA,8.7876,0.624966,16.9469,53.0576,0.117038,0.095394,102.1632,64.7764,1,1,5112.474,nan
closed_eye_1808.jpg_face_1,cerrado,B5,121.1732,0.027062,4.3548,17.3825,100.0,5.0348,CRITICA,6.4686,0.190744,25.6486,85.6548,0.08164,0.172179,201.6811,536.2476,1,1,1286.008,nan
closed_eye_1808.jpg_face_1,cerrado,B10,121.1732,0.027062,9.4291,24.5473,100.0,9.2591,CRITICA,7.0686,0.285326,24.0486,79.742,0.039445,0.107259,45.7611,296.3511,1,1,1438.435,nan
closed_eye_1808.jpg_face_1,cerrado,B15,121.1732,0.027062,14.4566,34.7407,99.7797,16.3281,CRITICA,8.0548,0.428068,21.0816,71.3297,0.042105,0.059099,55.5882,118.3879,1,1,1416.832,nan
closed_eye_1808.jpg_face_1,cerrado,B25,121.1732,0.027062,24.45,55.1802,75.7814,29.2873,CRITICA,10.2399,0.657462,17.1442,54.4617,0.040339,0.038351,49.0647,41.7172,1,1,1398.406,nan
closed_eye_1808.jpg_face_1,cerrado,B40,121.1732,0.027062,39.4521,76.871,51.366,41.6355,CRITICA,12.9311,0.791359,15.138,36.5611,0.0452,0.039216,67.0259,44.9129,1,1,1508.296,nan
closed_eye_1810.jpg_face_1,cerrado,B5,160.9389,0.050376,4.3929,22.5405,100.0,3.5942,CRITICA,4.7223,0.079878,22.7761,85.9944,0.160481,nan,218.5683,nan,1,1,5945.303,nan
closed_eye_1810.jpg_face_1,cerrado,B10,160.9389,0.050376,9.4178,31.1385,100.0,8.0003,CRITICA,5.2619,0.169449,21.0644,80.652,0.095632,nan,89.8379,nan,1,1,6854.011,nan
closed_eye_1810.jpg_face_1,cerrado,B15,160.9389,0.050376,14.4975,38.842,100.0,10.7578,CRITICA,5.7743,0.245207,19.9044,75.8654,0.087583,0.146996,73.8602,191.7993,1,1,5617.977,nan
closed_eye_1810.jpg_face_1,cerrado,B25,160.9389,0.050376,24.4559,58.77,83.4767,20.9291,CRITICA,7.2828,0.472679,16.5743,63.483,0.147613,0.068239,193.0252,35.4609,1,1,6138.736,nan
closed_eye_1810.jpg_face_1,cerrado,B40,160.9389,0.050376,39.4943,82.0851,44.4092,30.6519,BIEN,9.3156,0.608826,14.5034,48.9961,0.058836,0.055396,16.7946,9.9658,1,1,5359.057,nan
closed_eye_1820.jpg_face_1,cerrado,B5,173.7922,0.091552,4.4073,15.2904,100.0,4.9946,CRITICA,3.2935,0.100698,26.979,91.2019,0.114566,nan,25.1365,nan,1,1,2712.232,nan
closed_eye_1820.jpg_face_1,cerrado,B10,173.7922,0.091552,9.3695,21.9266,100.0,7.3973,CRITICA,3.6307,0.144834,25.6044,87.3834,0.121832,0.171515,33.0737,87.3404,1,1,2566.076,nan
closed_eye_1820.jpg_face_1,cerrado,B15,173.7922,0.091552,14.4081,30.0409,100.0,10.7048,CRITICA,4.0787,0.218003,23.5691,82.7145,0.110052,0.159375,20.206,74.0803,1,1,2891.009,nan
closed_eye_1820.jpg_face_1,cerrado,B25,173.7922,0.091552,24.4649,51.7736,90.9104,22.3769,CRITICA,5.4572,0.419791,18.3846,70.2095,0.096584,0.160994,5.4955,75.8485,1,1,2665.245,nan
closed_eye_1820.jpg_face_1,cerrado,B40,173.7922,0.091552,39.5115,79.2467,41.6387,35.5372,CRITICA,7.5063,0.621031,15.0361,54.4015,0.07697,0.108825,15.9282,18.8666,1,1,2652.52,nan
closed_eye_1841.jpg_face_1,cerrado,B5,164.3924,0.076392,4.3823,16.9966,100.0,4.4757,CRITICA,4.274,0.125091,25.7767,89.661,nan,nan,nan,nan,1,0,1323.101,nan
closed_eye_1841.jpg_face_1,cerrado,B10,164.3924,0.076392,9.3938,24.5756,100.0,6.2873,CRITICA,4.6965,0.187465,24.1329,85.0506,nan,0.183627,nan,140.3749,1,0,1322.751,nan
closed_eye_1841.jpg_face_1,cerrado,B15,164.3924,0.076392,14.3522,32.3857,100.0,9.5509,CRITICA,5.1816,0.268127,22.4669,80.2998,0.068064,0.117686,10.9012,54.0549,1,1,1350.986,nan
closed_eye_1841.jpg_face_1,cerrado,B25,164.3924,0.076392,24.5011,54.7314,87.4465,20.4849,CRITICA,6.7649,0.501752,17.5401,66.7069,0.094864,0.080187,24.1808,4.9678,1,1,1358.327,nan
closed_eye_1841.jpg_face_1,cerrado,B40,164.3924,0.076392,39.4825,80.3177,47.0343,30.8524,BIEN,8.9238,0.687754,14.8193,51.1427,0.152269,0.081511,99.3265,6.7014,1,1,1515.152,nan
closed_eye_1842.jpg_face_1,cerrado,B5,119.142,0.075988,4.5388,17.7111,100.0,5.6247,CRITICA,6.7111,0.204644,25.3749,85.1345,0.155814,0.1866,105.0492,145.5639,1,1,1197.748,nan
closed_eye_1842.jpg_face_1,cerrado,B10,119.142,0.075988,9.4296,25.8025,100.0,9.9737,CRITICA,7.3967,0.311546,23.3484,78.343,0.136867,0.170544,80.1159,124.4349,1,1,1073.999,nan
closed_eye_1842.jpg_face_1,cerrado,B15,119.142,0.075988,14.446,35.3058,99.1122,17.3169,CRITICA,8.3787,0.441228,20.7058,70.3666,0.113271,0.146091,49.0637,92.2546,1,1,1193.46,nan
closed_eye_1842.jpg_face_1,cerrado,B25,119.142,0.075988,24.4801,56.1561,76.3728,31.5843,CRITICA,10.805,0.674147,16.5455,52.8662,0.114661,0.134604,50.8929,77.1382,1,1,1031.353,nan
closed_eye_1842.jpg_face_1,cerrado,B40,119.142,0.075988,39.5037,79.8669,52.0826,43.1903,CRITICA,14.1269,0.811654,14.4381,32.9649,0.080981,0.096416,6.5699,26.8822,1,1,1165.773,nan
closed_eye_1843.jpg_face_1,cerrado,B5,134.8597,0.03002,4.2881,16.2593,100.0,4.4571,CRITICA,6.0317,0.227621,26.3444,87.9435,0.115681,nan,285.3443,nan,1,1,501.731,nan
closed_eye_1843.jpg_face_1,cerrado,B10,134.8597,0.03002,9.5752,23.3962,100.0,7.1234,CRITICA,6.561,0.318363,24.7497,82.6514,0.03616,0.106781,20.4511,255.699,1,1,636.821,nan
closed_eye_1843.jpg_face_1,cerrado,B15,134.8597,0.03002,14.5516,31.5667,99.9796,11.0607,CRITICA,7.2005,0.425466,22.7127,76.593,0.029905,0.075967,0.3818,153.0549,1,1,687.758,nan
closed_eye_1843.jpg_face_1,cerrado,B25,134.8597,0.03002,24.5043,50.3725,90.8744,21.0428,CRITICA,8.889,0.623494,18.7501,62.6482,0.026367,0.056998,12.1692,89.8673,1,1,763.009,nan
closed_eye_1843.jpg_face_1,cerrado,B40,134.8597,0.03002,39.5068,74.0319,54.9541,31.5832,CRITICA,11.3499,0.771084,16.0588,45.1045,0.024388,0.030544,18.7606,1.7436,1,1,679.025,nan
closed_eye_1849.jpg_face_1,cerrado,B5,141.4833,0.077106,4.2917,16.5353,100.0,4.629,CRITICA,5.4618,0.161532,26.1963,88.3129,0.075641,nan,1.8994,nan,1,1,1589.825,nan
closed_eye_1849.jpg_face_1,cerrado,B10,141.4833,0.077106,9.4628,23.6536,100.0,6.8251,CRITICA,5.9402,0.233179,24.622,83.2817,0.065919,0.146106,14.5077,89.4883,1,1,1532.097,nan
closed_eye_1849.jpg_face_1,cerrado,B15,141.4833,0.077106,14.5295,31.7387,100.0,10.7633,CRITICA,6.5429,0.33137,22.6795,77.5672,0.074,0.080216,4.0274,4.0333,1,1,1340.123,nan
closed_eye_1849.jpg_face_1,cerrado,B25,141.4833,0.077106,24.4948,50.7826,93.0501,21.0246,CRITICA,8.1232,0.540568,18.8054,64.107,0.074827,0.072517,2.9552,5.9519,1,1,1793.722,nan
closed_eye_1849.jpg_face_1,cerrado,B40,141.4833,0.077106,39.4832,74.7741,49.0566,32.1628,CRITICA,10.4086,0.706125,15.9453,47.1499,0.084283,0.072699,9.308,5.7148,1,1,1615.509,nan
closed_eye_1850.jpg_face_1,cerrado,B5,86.8038,0.037534,4.5612,16.7366,100.0,6.1243,CRITICA,9.3282,0.194459,25.9854,80.7191,0.06729,nan,79.2743,nan,1,1,4970.178,nan
closed_eye_1850.jpg_face_1,cerrado,B10,86.8038,0.037534,9.4443,25.3673,100.0,11.1268,CRITICA,10.3145,0.329091,23.6198,70.7762,0.069846,0.091844,86.0851,144.6915,1,1,4260.758,nan
closed_eye_1850.jpg_face_1,cerrado,B15,86.8038,0.037534,14.475,34.3228,99.716,17.8701,CRITICA,11.6849,0.514012,21.2292,60.4593,0.026651,0.050479,28.9962,34.4881,1,1,5186.722,nan
closed_eye_1850.jpg_face_1,cerrado,B25,86.8038,0.037534,24.5143,52.752,76.2604,31.0821,CRITICA,15.1295,0.775763,17.7194,39.2285,0.039491,0.026266,5.2126,30.0217,1,1,5422.994,nan
closed_eye_1850.jpg_face_1,cerrado,B40,86.8038,0.037534,39.4736,72.7363,52.4024,42.8733,CRITICA,20.683,0.867584,16.2794,16.206,0.051231,0.031159,36.4898,16.9858,1,1,5583.473,nan
closed_eye_1856.jpg_face_1,cerrado,B5,61.3679,0.09655,4.4598,15.6693,100.0,4.3672,CRITICA,14.0352,0.488087,26.8405,74.4666,0.115569,0.193485,19.6985,100.3978,1,1,986.972,nan
closed_eye_1856.jpg_face_1,cerrado,B10,61.3679,0.09655,9.4169,23.2621,100.0,7.4107,CRITICA,15.4195,0.657298,24.7623,62.0939,0.102359,0.114952,6.016,19.0595,1,1,920.556,nan
closed_eye_1856.jpg_face_1,cerrado,B15,61.3679,0.09655,14.4803,31.9049,99.996,12.0646,CRITICA,17.4237,0.792269,22.4007,48.0104,0.101076,0.102339,4.6877,5.995,1,1,881.135,nan
closed_eye_1856.jpg_face_1,cerrado,B25,61.3679,0.09655,24.4276,49.96,88.3378,23.3749,CRITICA,22.5592,0.865951,18.6104,18.5893,0.105787,0.098669,9.5662,2.1941,1,1,1016.467,nan
closed_eye_1856.jpg_face_1,cerrado,B40,61.3679,0.09655,39.4697,74.3223,57.1516,34.4413,CRITICA,20.6422,0.756927,15.8355,21.1094,0.106662,0.096773,10.4725,0.2309,1,1,876.885,nan
closed_eye_1858.jpg_face_2,cerrado,B5,120.0534,0.067334,4.4358,16.4052,100.0,5.3924,CRITICA,6.7336,0.153164,26.2274,86.3351,0.18908,nan,180.8076,nan,1,1,2926.544,nan
closed_eye_1858.jpg_face_2,cerrado,B10,120.0534,0.067334,9.4164,25.2876,100.0,8.7916,CRITICA,7.4302,0.251451,23.8329,78.9364,0.119706,0.161635,77.778,140.0488,1,1,3595.829,nan
closed_eye_1858.jpg_face_2,cerrado,B15,120.0534,0.067334,14.4434,34.6096,100.0,13.9626,CRITICA,8.3227,0.393908,21.4092,71.1715,0.071051,0.137919,5.5189,104.8272,1,1,1454.122,nan
closed_eye_1858.jpg_face_2,cerrado,B25,120.0534,0.067334,24.4798,53.5631,86.3349,24.8273,CRITICA,10.4515,0.646659,17.9433,55.3839,0.078482,0.113409,16.5557,68.4271,1,1,2736.727,nan
closed_eye_1858.jpg_face_2,cerrado,B40,120.0534,0.067334,39.3724,75.7978,48.2432,37.7812,CRITICA,13.6467,0.803832,15.6549,36.8633,0.084497,0.092806,25.4883,37.8285,1,1,3133.814,nan
closed_eye_1866.jpg_face_1,cerrado,B5,181.9552,0.069788,4.4591,15.7014,100.0,4.795,CRITICA,2.9877,0.142181,26.7827,91.3707,0.167443,nan,139.9311,nan,1,1,2027.575,nan
closed_eye_1866.jpg_face_1,cerrado,B10,181.9552,0.069788,9.3814,22.2701,100.0,6.6438,CRITICA,3.2975,0.196575,25.4428,87.7607,0.15657,nan,124.3513,nan,1,1,1732.802,nan
closed_eye_1866.jpg_face_1,cerrado,B15,181.9552,0.069788,14.3585,27.9461,100.0,9.5823,CRITICA,3.6024,0.247102,24.5572,84.6412,0.087492,nan,25.3687,nan,1,1,1795.332,nan
closed_eye_1866.jpg_face_1,cerrado,B25,181.9552,0.069788,24.4184,43.8991,97.5839,18.6095,CRITICA,4.5319,0.379524,20.9438,75.8737,0.076875,0.129029,10.1544,84.8866,1,1,2002.403,nan
closed_eye_1866.jpg_face_1,cerrado,B40,181.9552,0.069788,39.4843,65.0102,73.1186,28.2357,CRITICA,5.8802,0.538829,18.3169,64.2713,0.065495,0.082413,6.1509,18.0898,1,1,1589.32,nan
closed_eye_1868.jpg_face_1,cerrado,B5,119.7518,0.022748,4.3818,14.1351,100.0,4.6897,CRITICA,6.4776,0.110706,28.1271,88.1963,0.187046,nan,722.2568,nan,1,1,4046.944,nan
closed_eye_1868.jpg_face_1,cerrado,B10,119.7518,0.022748,9.5643,22.1006,100.0,7.5982,CRITICA,7.0966,0.201861,25.9096,81.5447,0.056703,0.131553,149.2656,478.3106,1,1,3680.53,nan
closed_eye_1868.jpg_face_1,cerrado,B15,119.7518,0.022748,14.455,29.5508,100.0,11.7424,CRITICA,7.7921,0.318033,24.0154,75.3233,0.025251,0.067199,11.0046,195.407,1,1,4329.004,nan
closed_eye_1868.jpg_face_1,cerrado,B25,119.7518,0.022748,24.5168,45.2416,98.1098,20.9856,CRITICA,9.4158,0.547756,20.9711,62.2205,0.020626,0.039644,9.3255,74.274,1,1,3736.921,nan
closed_eye_1868.jpg_face_1,cerrado,B40,119.7518,0.022748,39.61,65.3365,59.6976,32.1494,CRITICA,11.9463,0.752,18.7713,45.4401,0.02575,0.023823,13.1955,4.7258,1,1,3862.495,nan
closed_eye_1869.jpg_face_1,cerrado,B5,154.5844,0.054075,4.2649,16.2645,100.0,4.053,CRITICA,4.757,0.137068,26.3361,89.4785,0.19992,nan,269.7104,nan,1,1,1984.915,nan
closed_eye_1869.jpg_face_1,cerrado,B10,154.5844,0.054075,9.443,23.4865,100.0,5.7415,CRITICA,5.1993,0.205925,24.7776,84.8066,0.100617,0.15857,86.0708,193.242,1,1,2301.496,nan
closed_eye_1869.jpg_face_1,cerrado,B15,154.5844,0.054075,14.4798,30.7095,100.0,8.6777,CRITICA,5.6706,0.292257,23.2897,80.1342,0.07575,0.127284,40.0829,135.3846,1,1,1876.877,nan
closed_eye_1869.jpg_face_1,cerrado,B25,154.5844,0.054075,24.491,49.6156,94.8639,18.5347,CRITICA,7.0908,0.509758,19.0521,67.9038,0.070789,0.08985,30.9089,66.1586,1,1,2039.152,nan
closed_eye_1869.jpg_face_1,cerrado,B40,154.5844,0.054075,39.5103,75.5969,55.1974,30.2157,CRITICA,9.2406,0.690732,15.5744,51.0967,0.063817,0.07879,18.0166,45.7059,1,1,2092.05,nan
closed_eye_1878.jpg_face_1,cerrado,B5,149.4026,0.081636,4.3231,14.9845,100.0,3.788,CRITICA,5.1336,0.140009,27.2768,89.9704,0.17493,nan,114.2811,nan,1,1,1268.07,nan
closed_eye_1878.jpg_face_1,cerrado,B10,149.4026,0.081636,9.4839,22.0796,100.0,4.9788,CRITICA,5.585,0.214176,25.8004,85.2214,0.067062,0.175618,17.8523,115.1235,1,1,1301.575,nan
closed_eye_1878.jpg_face_1,cerrado,B15,149.4026,0.081636,14.4585,28.5002,100.0,7.4423,CRITICA,6.0179,0.284851,24.833,80.9239,0.058835,0.142777,27.9304,74.8949,1,1,1232.894,nan
closed_eye_1878.jpg_face_1,cerrado,B25,149.4026,0.081636,24.3766,46.4157,97.6025,16.462,CRITICA,7.4488,0.490159,20.258,68.9325,0.064943,0.11754,20.448,43.981,1,1,1201.779,nan
closed_eye_1878.jpg_face_1,cerrado,B40,149.4026,0.081636,39.4444,72.0727,59.165,25.9137,CRITICA,9.8104,0.70003,16.7621,51.7594,0.060181,0.104583,26.2808,28.1089,1,1,1214.182,nan
closed_eye_1889.jpg_face_1,cerrado,B5,122.9097,0.023191,4.3232,16.6103,100.0,4.7364,CRITICA,7.0712,0.203065,26.0182,86.4858,0.122882,nan,429.8635,nan,1,1,942.951,nan
closed_eye_1889.jpg_face_1,cerrado,B10,122.9097,0.023191,9.3961,24.3968,100.0,7.5773,CRITICA,7.7284,0.307879,24.0619,80.1507,0.036797,0.082301,58.6656,254.879,1,1,938.086,nan
closed_eye_1889.jpg_face_1,cerrado,B15,122.9097,0.023191,14.4642,32.2727,99.5801,11.5605,CRITICA,8.4595,0.419072,22.2099,73.7427,0.03728,0.065112,60.7489,180.7606,1,1,903.669,nan
closed_eye_1889.jpg_face_1,cerrado,B25,122.9097,0.023191,24.4905,51.0088,89.6668,21.3159,CRITICA,10.3877,0.635081,18.3447,58.4989,0.03145,0.04837,35.6106,108.5686,1,1,944.02,nan
closed_eye_1889.jpg_face_1,cerrado,B40,122.9097,0.023191,39.4768,75.8687,56.6649,31.0036,CRITICA,13.5649,0.78019,15.588,38.2728,0.031131,0.028578,34.235,23.2269,1,1,856.091,nan
closed_eye_1890.jpg_face_1,cerrado,B5,96.1736,0.059359,4.374,16.3052,100.0,5.7524,CRITICA,9.3527,0.240534,26.2268,83.0461,0.166824,nan,181.0433,nan,1,1,2735.978,nan
closed_eye_1890.jpg_face_1,cerrado,B10,96.1736,0.059359,9.4439,24.7081,99.8678,10.1711,CRITICA,10.3196,0.383419,23.7013,74.3088,0.099487,0.116921,67.6035,96.9727,1,1,2637.827,nan
closed_eye_1890.jpg_face_1,cerrado,B15,96.1736,0.059359,14.5445,33.5031,96.4968,18.2165,CRITICA,11.6109,0.53426,20.9668,65.1639,0.098359,0.097587,65.7032,64.4013,1,1,2619.859,nan
closed_eye_1890.jpg_face_1,cerrado,B25,96.1736,0.059359,24.4951,53.2052,80.9637,30.8909,CRITICA,14.8579,0.757999,17.0494,44.6779,0.055794,0.087614,6.0059,47.6003,1,1,2369.107,nan
closed_eye_1890.jpg_face_1,cerrado,B40,96.1736,0.059359,39.5143,79.5762,59.9775,40.6465,CRITICA,20.1123,0.809851,14.5556,17.2578,0.033257,0.072693,43.9728,22.4632,1,1,2023.063,nan
closed_eye_1906.jpg_face_1,cerrado,B5,154.7517,0.066919,4.4323,15.4001,100.0,3.2892,CRITICA,4.9476,0.168649,27.0518,90.0485,0.191354,nan,185.9502,nan,1,1,728.544,nan
closed_eye_1906.jpg_face_1,cerrado,B10,154.7517,0.066919,9.445,23.0434,100.0,4.4276,CRITICA,5.4028,0.256645,25.3119,85.1094,0.11498,nan,71.8215,nan,1,1,678.979,nan
closed_eye_1906.jpg_face_1,cerrado,B15,154.7517,0.066919,14.4671,29.013,100.0,6.4077,CRITICA,5.8104,0.326551,24.3237,81.2519,0.10189,0.152861,52.26,128.4278,1,1,723.851,nan
closed_eye_1906.jpg_face_1,cerrado,B25,154.7517,0.066919,24.4565,47.3811,99.5442,13.6637,CRITICA,7.1657,0.524946,20.1321,69.3825,0.08777,0.117155,31.1588,75.0713,1,1,419.147,nan
closed_eye_1906.jpg_face_1,cerrado,B40,154.7517,0.066919,39.494,71.6266,62.3488,22.1725,CRITICA,9.1766,0.70388,16.9466,53.7151,0.096124,0.099259,43.6429,48.3278,1,1,779.18,nan
closed_eye_1924.jpg_face_1,cerrado,B5,219.5265,0.048303,4.4627,14.5919,100.0,3.0023,CRITICA,1.8516,0.094423,27.6611,93.353,0.124208,nan,157.1413,nan,1,1,1498.801,nan
closed_eye_1924.jpg_face_1,cerrado,B10,219.5265,0.048303,9.3371,21.4711,100.0,4.053,CRITICA,2.1378,0.137843,26.0582,90.2193,nan,nan,nan,nan,1,0,1579.28,nan
closed_eye_1924.jpg_face_1,cerrado,B15,219.5265,0.048303,14.3767,27.5951,100.0,5.9844,CRITICA,2.4093,0.187665,25.0785,87.4297,0.083558,0.155677,72.9857,222.2907,1,1,1590.078,nan
closed_eye_1924.jpg_face_1,cerrado,B25,219.5265,0.048303,24.3755,44.8935,99.4607,11.9832,CRITICA,3.229,0.331395,20.8207,79.5499,0.087554,0.119508,81.2592,147.412,1,1,1328.904,nan
closed_eye_1924.jpg_face_1,cerrado,B40,219.5265,0.048303,39.5105,68.9969,73.5587,18.645,CRITICA,4.496,0.504176,17.6061,68.5701,0.057389,0.078206,18.8103,61.9068,1,1,1518.834,nan
closed_eye_1934.png_face_1,cerrado,B5,125.5037,0.051812,4.2833,20.0714,100.0,5.3435,CRITICA,7.0621,0.130764,23.8791,84.0073,0.109903,nan,112.1179,nan,1,1,4566.21,nan
closed_eye_1934.png_face_1,cerrado,B10,125.5037,0.051812,9.5539,27.5816,100.0,8.2055,CRITICA,7.6989,0.222303,22.5021,78.0232,0.115226,0.174991,122.3915,237.7399,1,1,5376.344,nan
closed_eye_1934.png_face_1,cerrado,B15,125.5037,0.051812,14.462,37.1592,100.0,14.0822,CRITICA,8.5834,0.384893,20.1527,70.392,0.083273,0.134314,60.7213,159.2319,1,1,5910.165,nan
closed_eye_1934.png_face_1,cerrado,B25,125.5037,0.051812,24.5429,55.3143,78.9388,25.8711,CRITICA,10.5483,0.634912,16.9803,55.9262,0.06995,0.108283,35.0071,108.9915,1,1,5336.179,nan
closed_eye_1934.png_face_1,cerrado,B40,125.5037,0.051812,39.5029,76.5188,58.0816,34.3623,CRITICA,13.2908,0.762369,15.3246,39.0306,0.050728,0.076963,2.0935,48.5425,1,1,5892.752,nan
closed_eye_1935.jpg_face_1,cerrado,B5,38.9993,0.087591,4.4623,17.8056,100.0,5.3923,CRITICA,18.9604,0.55289,25.3733,54.3439,0.098043,0.227597,11.9334,159.8414,1,1,5022.602,nan
closed_eye_1935.jpg_face_1,cerrado,B10,38.9993,0.087591,9.4529,25.7378,100.0,9.7499,CRITICA,21.8643,0.783077,23.3706,34.0043,0.126912,0.160752,44.8923,83.5265,1,1,3699.593,nan
closed_eye_1935.jpg_face_1,cerrado,B15,38.9993,0.087591,14.4896,34.716,97.6935,16.2357,CRITICA,26.0458,0.879897,21.0656,10.9829,0.077928,0.112905,11.0314,28.9007,1,1,5138.746,nan
closed_eye_1935.jpg_face_1,cerrado,B25,38.9993,0.087591,24.4695,54.4715,81.002,28.7885,CRITICA,21.733,0.718828,17.2802,39.6731,0.104925,0.105052,19.79,19.9356,1,1,4411.116,nan
closed_eye_1935.jpg_face_1,cerrado,B40,38.9993,0.087591,39.4204,75.9831,57.9365,38.9295,CRITICA,15.387,0.515739,15.4977,94.8323,0.079869,0.087527,8.8156,0.0729,1,1,4046.945,nan
closed_eye_1942.jpg_face_2,cerrado,B5,102.0185,0.047859,4.4851,18.7025,100.0,5.2065,CRITICA,8.2584,0.158969,24.847,81.6675,0.19809,nan,313.9068,nan,1,1,5010.02,nan
closed_eye_1942.jpg_face_2,cerrado,B10,102.0185,0.047859,9.477,26.3918,100.0,9.6625,CRITICA,9.0431,0.282762,23.1218,74.1304,0.088675,0.180169,85.285,276.461,1,1,5200.208,nan
closed_eye_1942.jpg_face_2,cerrado,B15,102.0185,0.047859,14.4929,35.7428,99.785,15.9257,CRITICA,10.1569,0.455273,20.8449,64.9644,0.080506,0.122154,68.2161,155.2398,1,1,4426.737,nan
closed_eye_1942.jpg_face_2,cerrado,B25,102.0185,0.047859,24.4897,52.3991,83.4184,26.4227,CRITICA,12.474,0.693061,18.1184,48.6377,0.063542,0.068908,32.7706,43.9813,1,1,4580.852,nan
closed_eye_1942.jpg_face_2,cerrado,B40,102.0185,0.047859,39.5009,72.218,55.0927,36.967,CRITICA,16.0207,0.822257,16.616,29.211,0.055734,0.050711,16.4548,5.9596,1,1,5370.57,nan
closed_eye_1944.jpg_face_1,cerrado,B5,111.1135,0.09411,4.4695,14.9633,100.0,4.1554,CRITICA,8.0054,0.184305,27.2792,86.5333,0.158701,nan,68.633,nan,1,1,2409.639,nan
closed_eye_1944.jpg_face_1,cerrado,B10,111.1135,0.09411,9.4254,22.3539,100.0,6.2001,CRITICA,8.6449,0.28359,25.6335,79.8819,0.120703,0.154803,28.2564,64.4911,1,1,2417.795,nan
closed_eye_1944.jpg_face_1,cerrado,B15,111.1135,0.09411,14.452,29.0411,99.7802,10.4605,CRITICA,9.3634,0.386663,24.0271,73.8635,0.081954,0.10599,12.9176,12.6229,1,1,1956.181,nan
closed_eye_1944.jpg_face_1,cerrado,B25,111.1135,0.09411,24.4556,48.4585,94.5755,20.3832,CRITICA,11.7167,0.647029,19.3094,56.3882,0.083675,0.087373,11.088,7.1594,1,1,2390.629,nan
closed_eye_1944.jpg_face_1,cerrado,B40,111.1135,0.09411,39.4808,74.7135,55.1411,31.6469,CRITICA,15.8599,0.778855,15.8828,32.7593,0.069155,0.0655,26.5176,30.4011,1,1,2338.087,nan
closed_eye_1952.jpg_face_1,cerrado,B5,162.3641,0.043724,4.3792,15.5232,100.0,3.4122,CRITICA,4.6049,0.069116,26.8642,90.4392,0.193542,nan,342.6456,nan,1,1,4142.502,nan
closed_eye_1952.jpg_face_1,cerrado,B10,162.3641,0.043724,9.4469,23.1465,100.0,5.5542,CRITICA,5.0599,0.12915,24.9573,85.7441,0.155892,0.214166,256.5378,389.8136,1,1,4775.549,nan
closed_eye_1952.jpg_face_1,cerrado,B15,162.3641,0.043724,14.55,30.136,100.0,8.5017,CRITICA,5.5029,0.207824,23.6214,81.4392,0.090422,0.185078,106.8022,323.2872,1,1,5422.993,nan
closed_eye_1952.jpg_face_1,cerrado,B25,162.3641,0.043724,24.5186,48.0009,95.5371,17.1164,CRITICA,6.7869,0.446294,19.5586,70.4362,0.046214,0.111489,5.6958,154.9852,1,1,5485.464,nan
closed_eye_1952.jpg_face_1,cerrado,B40,162.3641,0.043724,39.5008,69.245,66.4512,24.5434,CRITICA,8.5294,0.640664,17.383,57.352,0.044742,0.063198,2.3274,44.5394,1,1,5399.568,nan
closed_eye_1956.jpg_face_1,cerrado,B5,167.5765,0.034512,4.4005,15.9378,100.0,4.1009,CRITICA,3.977,0.132378,26.5115,90.4892,0.068252,nan,97.761,nan,1,1,865.576,nan
closed_eye_1956.jpg_face_1,cerrado,B10,167.5765,0.034512,9.5422,22.8962,100.0,5.0745,CRITICA,4.3482,0.194746,25.2974,86.3369,0.066745,0.144859,93.3937,319.73,1,1,1030.503,nan
closed_eye_1956.jpg_face_1,cerrado,B15,167.5765,0.034512,14.4884,30.2629,100.0,7.5966,CRITICA,4.7776,0.266971,23.7869,81.9408,0.041057,0.09073,18.9619,162.8911,1,1,928.505,nan
closed_eye_1956.jpg_face_1,cerrado,B25,167.5765,0.034512,24.4548,49.8753,97.9539,16.4474,CRITICA,6.1305,0.469548,19.2144,70.2373,0.049934,0.061229,44.683,77.4123,1,1,998.901,nan
closed_eye_1956.jpg_face_1,cerrado,B40,167.5765,0.034512,39.4917,74.7668,52.4799,25.5293,CRITICA,8.0623,0.657836,16.1765,55.3835,0.040388,0.047668,17.0238,38.1176,1,1,991.179,nan
closed_eye_1959.jpg_face_2,cerrado,B5,152.2245,0.051129,4.42,16.5038,100.0,4.9023,CRITICA,5.1026,0.086844,26.2457,89.1582,0.125259,nan,144.9846,nan,1,1,3278.689,nan
closed_eye_1959.jpg_face_2,cerrado,B10,152.2245,0.051129,9.3557,25.0675,100.0,7.2154,CRITICA,5.6481,0.159218,23.8762,83.5325,0.160126,0.138843,213.1774,171.552,1,1,3526.093,nan
closed_eye_1959.jpg_face_2,cerrado,B15,152.2245,0.051129,14.5073,34.9813,100.0,11.9194,CRITICA,6.3829,0.272241,21.2818,77.0199,0.044675,0.093945,12.6245,83.7387,1,1,3471.017,nan
closed_eye_1959.jpg_face_2,cerrado,B25,152.2245,0.051129,24.5214,55.9762,79.1,23.3734,CRITICA,8.1806,0.528382,17.2708,63.2279,0.050454,0.065409,1.3202,27.9287,1,1,3336.67,nan
closed_eye_1959.jpg_face_2,cerrado,B40,152.2245,0.051129,39.4862,78.0627,51.28,32.9689,CRITICA,10.416,0.72714,15.3995,48.7187,0.055028,0.061184,7.6245,19.6654,1,1,3317.85,nan
closed_eye_1963.jpg_face_1,cerrado,B5,183.8016,0.047815,4.2758,15.8117,100.0,3.6306,CRITICA,3.3583,0.112954,26.6173,91.3974,0.179345,nan,275.0812,nan,1,1,1086.012,nan
closed_eye_1963.jpg_face_1,cerrado,B10,183.8016,0.047815,9.3344,23.7612,100.0,5.371,CRITICA,3.7624,0.169002,24.6142,87.0724,0.091145,nan,90.62,nan,1,1,1032.738,nan
closed_eye_1963.jpg_face_1,cerrado,B15,183.8016,0.047815,14.5405,31.3801,100.0,8.3086,CRITICA,4.1861,0.238037,22.9525,82.9272,0.075084,0.108576,57.0303,127.0752,1,1,1040.799,nan
closed_eye_1963.jpg_face_1,cerrado,B25,183.8016,0.047815,24.4523,51.2374,95.7698,15.8737,CRITICA,5.3821,0.433057,18.7845,72.1235,0.042685,0.085741,10.7286,79.3183,1,1,1065.417,nan
closed_eye_1963.jpg_face_1,cerrado,B40,183.8016,0.047815,39.516,75.9472,51.9127,24.8725,CRITICA,7.1088,0.619215,15.9641,58.6798,0.045303,0.054002,5.2543,12.9395,1,1,1047.669,nan
closed_eye_1964.jpg_face_1,cerrado,B5,170.0893,0.088621,4.3005,16.4662,100.0,4.3007,CRITICA,3.9765,0.105609,26.1608,90.3191,0.11827,nan,33.4565,nan,1,1,1192.179,nan
closed_eye_1964.jpg_face_1,cerrado,B10,170.0893,0.088621,9.2667,24.0983,100.0,6.4335,CRITICA,4.3836,0.165707,24.2591,85.8319,0.097386,0.128661,9.8908,45.1813,1,1,1201.346,nan
closed_eye_1964.jpg_face_1,cerrado,B15,170.0893,0.088621,14.4705,32.001,100.0,9.6929,CRITICA,4.8619,0.244426,22.5102,81.1858,0.079991,0.120314,9.7372,35.7627,1,1,1231.982,nan
closed_eye_1964.jpg_face_1,cerrado,B25,170.0893,0.088621,24.4955,53.9445,87.9425,20.8968,CRITICA,6.3081,0.474977,17.6376,68.2846,0.077581,0.123044,12.4572,38.8433,1,1,1284.192,nan
closed_eye_1964.jpg_face_1,cerrado,B40,170.0893,0.088621,39.5059,80.3396,47.6125,32.6712,BIEN,8.3189,0.678277,14.5939,52.7663,0.07518,0.073711,15.1661,16.8241,1,1,1181.614,nan
closed_eye_1972.jpg_face_1,cerrado,B5,134.484,0.052081,4.3872,15.9649,100.0,4.2706,CRITICA,6.3267,0.135412,26.581,88.1288,0.139423,nan,167.7025,nan,1,1,1448.016,nan
closed_eye_1972.jpg_face_1,cerrado,B10,134.484,0.052081,9.3257,23.7907,100.0,6.8377,CRITICA,6.9059,0.223416,24.5182,82.3097,0.110731,0.147069,112.6124,182.3843,1,1,1525.32,nan
closed_eye_1972.jpg_face_1,cerrado,B15,134.484,0.052081,14.5939,32.2218,100.0,10.7159,CRITICA,7.6212,0.345966,22.3939,76.0404,0.072039,0.110339,38.3201,111.8602,1,1,1498.127,nan
closed_eye_1972.jpg_face_1,cerrado,B25,134.484,0.052081,24.4229,52.4004,89.894,21.1903,CRITICA,9.5672,0.605019,18.0889,61.036,0.07505,0.06541,44.1022,25.5932,1,1,1552.554,nan
closed_eye_1972.jpg_face_1,cerrado,B40,134.484,0.052081,39.4904,76.7485,53.2856,33.3523,CRITICA,12.4608,0.765204,15.2598,42.9312,0.065845,0.068987,26.4274,32.4598,1,1,1331.735,nan
closed_eye_2015.jpg_face_1,cerrado,B5,134.3565,0.023687,4.3629,17.0746,100.0,5.7651,CRITICA,5.3391,0.221206,25.752,87.2916,0.058966,0.172271,148.9373,627.2746,1,1,606.061,nan
closed_eye_2015.jpg_face_1,cerrado,B10,134.3565,0.023687,9.4177,25.4319,100.0,9.6063,CRITICA,5.9183,0.32478,23.6297,81.0713,0.029543,0.086273,24.7216,264.217,1,1,498.331,nan
closed_eye_2015.jpg_face_1,cerrado,B15,134.3565,0.023687,14.4656,34.6469,99.9887,15.7918,CRITICA,6.6841,0.43153,21.2282,74.2127,0.031733,0.043384,33.9657,83.1545,1,1,626.645,nan
closed_eye_2015.jpg_face_1,cerrado,B25,134.3565,0.023687,24.5048,54.4567,76.567,29.0056,CRITICA,8.4989,0.63045,17.3567,59.4685,0.035561,0.036916,50.1281,55.8473,1,1,499.077,nan
closed_eye_2015.jpg_face_1,cerrado,B40,134.3565,0.023687,39.5045,75.1895,48.6035,40.5281,CRITICA,10.7092,0.771576,15.6489,44.0373,0.032096,0.021413,35.4976,9.6028,1,1,592.944,nan
closed_eye_2024.jpg_face_1,cerrado,B5,113.5415,0.064028,4.4419,16.0747,100.0,5.0134,CRITICA,6.9198,0.12552,26.6414,85.8424,0.131374,nan,105.1813,nan,1,1,4315.926,nan
closed_eye_2024.jpg_face_1,cerrado,B10,113.5415,0.064028,9.4403,22.2872,100.0,8.6878,CRITICA,7.4639,0.197537,25.5907,80.3709,0.088035,0.128811,37.4939,101.1783,1,1,4528.986,nan
closed_eye_2024.jpg_face_1,cerrado,B15,113.5415,0.064028,14.4977,30.1457,100.0,13.1967,CRITICA,8.2263,0.313763,23.5601,73.4496,0.066721,0.101853,4.2047,59.0742,1,1,3734.13,nan
closed_eye_2024.jpg_face_1,cerrado,B25,113.5415,0.064028,24.4589,48.7549,89.7887,25.186,CRITICA,10.3175,0.581841,19.3047,57.0598,0.059341,0.053929,7.3202,15.7729,1,1,4679.457,nan
closed_eye_2024.jpg_face_1,cerrado,B40,113.5415,0.064028,39.5223,68.3852,52.7191,36.8707,CRITICA,13.1606,0.767889,17.5972,39.7708,0.068578,0.064596,7.106,0.8862,1,1,3723.008,nan
closed_eye_2035.jpg_face_1,cerrado,B5,144.0364,0.093174,4.4026,14.1071,100.0,2.836,CRITICA,5.627,0.097012,28.1769,90.2059,0.142318,nan,52.7447,nan,1,1,3494.06,nan
closed_eye_2035.jpg_face_1,cerrado,B10,144.0364,0.093174,9.5063,21.7263,100.0,4.4364,CRITICA,6.1305,0.16872,26.1533,84.9161,0.103852,0.176945,11.4605,89.909,1,1,3721.623,nan
closed_eye_2035.jpg_face_1,cerrado,B15,144.0364,0.093174,14.4476,28.2265,100.0,6.3675,CRITICA,6.6025,0.243215,24.8593,80.4032,0.083755,0.130064,10.1083,39.5931,1,1,2649.708,nan
closed_eye_2035.jpg_face_1,cerrado,B25,144.0364,0.093174,24.5163,43.8727,99.9831,11.7449,CRITICA,7.8861,0.446342,21.8308,69.5406,0.087662,0.089636,5.9159,3.7963,1,1,4399.472,nan
closed_eye_2035.jpg_face_1,cerrado,B40,144.0364,0.093174,39.449,67.293,74.4982,19.0626,CRITICA,10.1472,0.687064,18.6045,53.2806,0.103445,0.094948,11.0238,1.9047,1,1,4610.42,nan
closed_eye_2038.jpg_face_2,cerrado,B5,56.679,0.098737,4.4694,17.2902,100.0,5.3748,CRITICA,13.8911,0.461576,25.7647,69.4944,0.130848,nan,32.5218,nan,1,1,3014.772,nan
closed_eye_2038.jpg_face_2,cerrado,B10,56.679,0.098737,9.4984,25.4212,100.0,8.0898,CRITICA,15.4737,0.641077,23.8481,55.1489,0.081796,0.110659,17.1579,12.0749,1,1,3231.018,nan
closed_eye_2038.jpg_face_2,cerrado,B15,56.679,0.098737,14.4879,30.5009,99.8233,11.0623,CRITICA,16.8262,0.740262,23.5577,46.1865,0.086426,0.088427,12.4682,10.4413,1,1,3455.425,nan
closed_eye_2038.jpg_face_2,cerrado,B25,56.679,0.098737,24.4932,48.3128,90.38,22.4491,CRITICA,22.498,0.797931,19.3511,14.7605,0.068106,0.081677,31.0231,17.278,1,1,3108.486,nan
closed_eye_2038.jpg_face_2,cerrado,B40,56.679,0.098737,39.4584,70.3548,58.0356,34.6022,CRITICA,21.6937,0.698411,16.7613,24.1285,0.084255,0.111375,14.6674,12.7995,1,1,3472.222,nan
closed_eye_2041.jpg_face_1,cerrado,B5,148.8622,0.042874,4.392,17.1747,100.0,4.9793,CRITICA,4.765,0.19653,25.7867,88.4627,0.093483,nan,118.0397,nan,1,1,650.83,nan
closed_eye_2041.jpg_face_1,cerrado,B10,148.8622,0.042874,9.526,24.038,100.0,7.8074,CRITICA,5.1996,0.270028,24.5558,83.8522,0.052766,0.0762,23.0719,77.729,1,1,731.529,nan
closed_eye_2041.jpg_face_1,cerrado,B15,148.8622,0.042874,14.4495,32.0428,100.0,11.8092,CRITICA,5.7652,0.365997,22.5773,78.4748,0.05216,0.059728,21.6581,39.3095,1,1,700.771,nan
closed_eye_2041.jpg_face_1,cerrado,B25,148.8622,0.042874,24.4865,52.621,87.4188,24.1787,CRITICA,7.3929,0.573446,18.0773,64.6512,0.056944,0.039994,32.8156,6.7182,1,1,740.138,nan
closed_eye_2041.jpg_face_1,cerrado,B40,148.8622,0.042874,39.4965,75.5278,47.2044,35.1383,CRITICA,9.4589,0.733584,15.7077,49.2633,0.074554,0.033337,73.8899,22.2455,1,1,694.83,nan
closed_eye_2051.jpg_face_1,cerrado,B5,129.7065,0.085478,4.5519,15.8369,100.0,4.9535,CRITICA,5.6775,0.249132,26.5869,87.7902,0.145831,0.172787,70.6058,102.142,1,1,327.761,nan
closed_eye_2051.jpg_face_1,cerrado,B10,129.7065,0.085478,9.5132,24.5505,100.0,8.3266,CRITICA,6.2692,0.366623,24.1997,81.0722,0.07689,0.127533,10.0468,49.1988,1,1,337.166,nan
closed_eye_2051.jpg_face_1,cerrado,B15,129.7065,0.085478,14.4792,32.2462,100.0,13.3719,CRITICA,6.9493,0.452881,22.2768,75.1391,0.084374,0.107825,1.2918,26.1427,1,1,339.893,nan
closed_eye_2051.jpg_face_1,cerrado,B25,129.7065,0.085478,24.4954,51.7361,84.4528,25.956,CRITICA,8.8033,0.639065,17.9417,60.113,0.086351,0.090295,1.0211,5.6348,1,1,378.358,nan
closed_eye_2051.jpg_face_1,cerrado,B40,129.7065,0.085478,39.4885,76.3994,51.4481,38.6885,CRITICA,11.5856,0.791802,15.1189,41.0983,0.090716,0.0847,6.1282,0.9103,1,1,252.239,nan
closed_eye_2054.jpg_face_1,cerrado,B5,97.6104,0.090406,4.6158,17.6209,100.0,4.5423,CRITICA,8.9909,0.355962,25.602,81.9478,0.132885,0.197497,46.987,118.4545,1,1,505.102,nan
closed_eye_2054.jpg_face_1,cerrado,B10,97.6104,0.090406,9.4819,25.1748,100.0,9.3436,CRITICA,9.7827,0.47463,23.3717,74.2089,0.088454,0.14945,2.1594,65.3098,1,1,577.501,nan
closed_eye_2054.jpg_face_1,cerrado,B15,97.6104,0.090406,14.4648,34.2099,97.8824,15.4145,CRITICA,10.853,0.592976,20.8845,64.9526,0.092998,0.131185,2.8667,45.106,1,1,583.737,nan
closed_eye_2054.jpg_face_1,cerrado,B25,97.6104,0.090406,24.4762,55.8495,83.0354,26.9191,CRITICA,13.7291,0.758696,16.8229,42.7832,0.091118,0.106014,0.7876,17.2643,1,1,601.178,nan
closed_eye_2054.jpg_face_1,cerrado,B40,97.6104,0.090406,39.4793,82.287,47.2093,38.3799,BIEN,17.0061,0.782385,14.0678,15.6985,0.083103,0.098843,8.0781,9.3315,1,1,454.607,nan
closed_eye_2062.jpg_face_2,cerrado,B5,121.1701,0.049401,4.3556,15.7221,100.0,4.6261,CRITICA,7.1071,0.232491,26.7298,87.0248,0.08134,0.188921,64.6514,282.4231,1,1,687.285,nan
closed_eye_2062.jpg_face_2,cerrado,B10,121.1701,0.049401,9.5151,22.9761,100.0,6.275,CRITICA,7.6847,0.340309,25.1761,81.0381,0.050087,0.080925,1.3885,63.8126,1,1,744.546,nan
closed_eye_2062.jpg_face_2,cerrado,B15,121.1701,0.049401,14.4743,30.3695,100.0,10.2742,CRITICA,8.3827,0.439494,23.4175,74.9364,0.051933,0.0617,5.125,24.8961,1,1,900.657,nan
closed_eye_2062.jpg_face_2,cerrado,B25,121.1701,0.049401,24.507,49.3379,92.7956,20.6883,CRITICA,10.412,0.646516,19.0711,59.2821,0.052854,0.046369,6.9889,6.138,1,1,912.575,nan
closed_eye_2062.jpg_face_2,cerrado,B40,121.1701,0.049401,39.4952,72.0512,57.6265,31.1089,CRITICA,13.332,0.784746,16.4152,40.5372,0.055491,0.04556,12.3266,7.7757,1,1,739.536,nan
closed_eye_2065.jpg_face_1,cerrado,B5,135.203,0.03833,4.3016,16.9674,100.0,5.865,CRITICA,5.4073,0.171146,25.7818,87.4504,0.095569,nan,149.3337,nan,1,1,1955.034,nan
closed_eye_2065.jpg_face_1,cerrado,B10,135.203,0.03833,9.4091,24.0543,100.0,9.0665,CRITICA,5.9021,0.247883,24.206,82.2087,0.064874,0.079621,69.2524,107.7243,1,1,2459.42,nan
closed_eye_2065.jpg_face_1,cerrado,B15,135.203,0.03833,14.4613,33.5557,99.965,15.768,CRITICA,6.6767,0.366069,21.4667,75.1813,0.060328,0.084651,57.3905,120.849,1,1,2518.257,nan
closed_eye_2065.jpg_face_1,cerrado,B25,135.203,0.03833,24.5008,55.6153,74.1332,30.3543,CRITICA,8.5796,0.609491,16.7128,58.8653,0.072293,0.054842,88.6058,43.0786,1,1,2259.376,nan
closed_eye_2065.jpg_face_1,cerrado,B40,135.203,0.03833,39.4839,80.4022,48.0799,44.1821,BIEN,11.2286,0.765832,14.2547,40.5322,0.083995,0.060281,119.1373,57.2685,1,1,2317.497,nan
closed_eye_2071.jpg_face_1,cerrado,B5,96.7557,0.042346,4.4559,16.7808,100.0,5.6077,CRITICA,9.2888,0.189916,25.8826,82.6565,0.266602,nan,529.5785,nan,1,1,5586.592,nan
closed_eye_2071.jpg_face_1,cerrado,B10,96.7557,0.042346,9.4448,25.6508,100.0,10.5016,CRITICA,10.3112,0.339543,23.2028,73.4891,0.121404,nan,186.6944,nan,1,1,4601.933,nan
closed_eye_2071.jpg_face_1,cerrado,B15,96.7557,0.042346,14.4819,33.8986,96.4933,16.2686,CRITICA,11.4119,0.480241,21.1089,64.9648,0.074594,0.153131,76.1527,261.6178,1,1,5015.045,nan
closed_eye_2071.jpg_face_1,cerrado,B25,96.7557,0.042346,24.4857,51.3869,86.6745,26.0119,CRITICA,14.1905,0.734997,18.0409,46.89,0.078234,0.096918,84.7484,128.8701,1,1,3599.712,nan
closed_eye_2071.jpg_face_1,cerrado,B40,96.7557,0.042346,39.4863,72.8667,65.1081,33.6778,CRITICA,18.4292,0.802521,16.2839,24.69,0.063014,0.062626,48.8074,47.8914,1,1,5665.722,nan
closed_eye_2074.jpg_face_3,cerrado,B5,117.1715,0.044932,4.2739,18.3837,100.0,5.5559,CRITICA,7.5657,0.174,24.8634,84.3104,0.112556,0.167347,150.504,272.447,1,1,758.323,nan
closed_eye_2074.jpg_face_3,cerrado,B10,117.1715,0.044932,9.5625,27.5884,100.0,9.3737,CRITICA,8.4098,0.292188,22.4173,76.4547,0.06424,0.114407,42.972,154.6243,1,1,587.751,nan
closed_eye_2074.jpg_face_3,cerrado,B15,117.1715,0.044932,14.4533,37.9225,97.727,15.9163,CRITICA,9.4779,0.44612,19.804,67.6351,0.074825,0.092675,66.5311,106.2578,1,1,880.98,nan
closed_eye_2074.jpg_face_3,cerrado,B25,117.1715,0.044932,24.4975,61.6833,73.429,29.9335,CRITICA,12.4804,0.718459,15.5192,47.3564,0.070553,0.060618,57.0213,34.9103,1,1,895.015,nan
closed_eye_2074.jpg_face_3,cerrado,B40,117.1715,0.044932,39.4855,87.0532,43.8676,42.1329,BIEN,16.4719,0.829942,13.2563,25.7045,0.074236,0.045478,65.2185,1.2156,1,1,740.247,nan
closed_eye_2079.jpg_face_1,cerrado,B5,133.7519,0.120764,4.4439,16.9194,100.0,4.8104,CRITICA,5.5523,0.132854,25.9566,87.3502,0.197449,0.236129,63.4996,95.5287,1,1,2108.37,nan
closed_eye_2079.jpg_face_1,cerrado,B10,133.7519,0.120764,9.4644,23.9392,100.0,8.7252,CRITICA,6.0645,0.209345,24.5305,82.1018,0.157387,0.171151,30.3256,41.723,1,1,2157.497,nan
closed_eye_2079.jpg_face_1,cerrado,B15,133.7519,0.120764,14.4472,31.9304,100.0,13.3414,CRITICA,6.7146,0.319292,22.5139,76.1271,0.126123,0.175388,4.4375,45.232,1,1,2263.98,nan
closed_eye_2079.jpg_face_1,cerrado,B25,133.7519,0.120764,24.4654,52.0099,84.0685,25.7461,CRITICA,8.5223,0.547252,18.1697,61.1146,0.12527,0.16257,3.7308,34.6178,1,1,2324.5,nan
closed_eye_2079.jpg_face_1,cerrado,B40,133.7519,0.120764,39.4699,76.948,46.7747,39.8061,CRITICA,11.3052,0.745255,15.2905,42.4696,0.131193,0.145416,8.6353,20.4128,1,1,2451.581,nan
closed_eye_2093.jpg_face_2,cerrado,B5,130.6919,0.118338,4.506,16.1657,100.0,4.5698,CRITICA,6.0936,0.242841,26.4949,87.6307,0.235499,nan,99.006,nan,1,1,693.529,nan
closed_eye_2093.jpg_face_2,cerrado,B10,130.6919,0.118338,9.5013,22.7131,100.0,6.6681,CRITICA,6.5384,0.327163,25.3821,82.6209,0.149414,0.210408,26.2603,77.8026,1,1,630.239,nan
closed_eye_2093.jpg_face_2,cerrado,B15,130.6919,0.118338,14.3979,29.8441,100.0,10.2209,CRITICA,7.1278,0.419606,23.6495,77.1645,0.142693,0.201943,20.5808,70.6494,1,1,700.771,nan
closed_eye_2093.jpg_face_2,cerrado,B25,130.6919,0.118338,24.4728,48.6935,94.816,20.5569,CRITICA,8.8407,0.618272,19.3482,62.7418,0.13239,0.143269,11.8745,21.0675,1,1,570.907,nan
closed_eye_2093.jpg_face_2,cerrado,B40,130.6919,0.118338,39.4726,70.6432,57.1189,30.8494,CRITICA,11.1782,0.761284,16.8445,45.9467,0.13983,0.128536,18.1614,8.618,1,1,492.805,nan
closed_eye_2094.jpg_face_1,cerrado,B5,118.626,0.036144,4.5367,17.1989,100.0,4.2193,CRITICA,7.0998,0.139896,25.8906,85.5016,0.119365,nan,230.251,nan,1,1,4306.632,nan
closed_eye_2094.jpg_face_1,cerrado,B10,118.626,0.036144,9.5002,24.8832,100.0,6.5622,CRITICA,7.72,0.236568,23.9843,79.0238,0.107076,0.173872,196.2514,381.0568,1,1,4952.947,nan
closed_eye_2094.jpg_face_1,cerrado,B15,118.626,0.036144,14.5389,32.2026,99.8264,10.3534,CRITICA,8.4081,0.349849,22.4965,72.8536,0.10237,0.109513,183.2309,202.9946,1,1,4060.09,nan
closed_eye_2094.jpg_face_1,cerrado,B25,118.626,0.036144,24.5017,49.999,94.7173,19.4538,CRITICA,10.3081,0.594651,19.0923,57.8516,0.065837,0.077518,82.1541,114.4719,1,1,2993.116,nan
closed_eye_2094.jpg_face_1,cerrado,B40,118.626,0.036144,39.5134,71.8142,59.8462,28.4646,CRITICA,13.1722,0.763406,16.9098,39.4616,0.053426,0.057832,47.8158,60.0048,1,1,4670.715,nan
closed_eye_2097.jpg_face_1,cerrado,B5,168.8044,0.097005,4.3533,15.4008,100.0,3.1131,CRITICA,4.203,0.103906,26.969,90.8765,0.207878,nan,114.2955,nan,1,1,2515.723,nan
closed_eye_2097.jpg_face_1,cerrado,B10,168.8044,0.097005,9.2908,22.3179,100.0,4.5614,CRITICA,4.5804,0.162786,25.4554,86.7788,0.159092,0.185776,64.0038,91.5115,1,1,2399.232,nan
closed_eye_2097.jpg_face_1,cerrado,B15,168.8044,0.097005,14.3436,29.4335,100.0,6.9822,CRITICA,5.0027,0.234953,24.0392,82.5635,0.200614,0.167663,106.8076,72.8389,1,1,2712.232,nan
closed_eye_2097.jpg_face_1,cerrado,B25,168.8044,0.097005,24.4821,49.2636,97.9281,15.2664,CRITICA,6.3205,0.450139,19.2608,70.8161,0.162754,0.140871,67.7785,45.22,1,1,2573.34,nan
closed_eye_2097.jpg_face_1,cerrado,B40,168.8044,0.097005,39.4999,79.505,52.5439,25.7362,CRITICA,8.629,0.661981,15.0405,52.9011,0.148939,0.120157,53.5373,23.8667,1,1,2172.024,nan
closed_eye_2098.jpg_face_2,cerrado,B5,152.9146,0.082869,4.4588,16.3162,100.0,4.7936,CRITICA,4.6685,0.19303,26.5009,89.3298,0.122511,nan,47.837,nan,1,1,889.917,nan
closed_eye_2098.jpg_face_2,cerrado,B10,152.9146,0.082869,9.4535,22.9039,100.0,6.9152,CRITICA,5.0653,0.275471,25.0129,85.0217,0.103433,0.1912,24.8155,130.7264,1,1,880.514,nan
closed_eye_2098.jpg_face_2,cerrado,B15,152.9146,0.082869,14.5119,31.1638,100.0,11.4149,CRITICA,5.6535,0.363877,22.8333,79.6201,0.095612,0.115666,15.3777,39.5775,1,1,832.362,nan
closed_eye_2098.jpg_face_2,cerrado,B25,152.9146,0.082869,24.5088,51.1599,89.5281,22.4731,CRITICA,7.1379,0.556402,18.422,66.5435,0.093107,0.095573,12.3541,15.3306,1,1,869.187,nan
closed_eye_2098.jpg_face_2,cerrado,B40,152.9146,0.082869,39.4832,74.6369,50.0976,34.0507,CRITICA,9.2142,0.710042,15.7534,51.1904,0.09662,0.093679,16.5935,13.0451,1,1,858.59,nan
closed_eye_2100.jpg_face_1,cerrado,B5,53.8694,0.085845,4.5203,18.3173,100.0,9.8833,CRITICA,12.5697,0.496341,24.5941,65.9969,0.087639,0.119638,2.0895,39.364,1,1,674.946,nan
closed_eye_2100.jpg_face_1,cerrado,B10,53.8694,0.085845,9.4974,29.0166,96.8178,20.8821,CRITICA,14.7668,0.63669,20.7293,46.1353,0.104824,0.095467,22.1083,11.2078,1,1,726.903,nan
closed_eye_2100.jpg_face_1,cerrado,B15,53.8694,0.085845,14.4881,41.0981,85.6523,32.5759,CRITICA,17.5066,0.708784,17.5999,23.708,0.112752,0.100799,31.3435,17.4196,1,1,670.421,nan
closed_eye_2100.jpg_face_1,cerrado,B25,53.8694,0.085845,24.5209,60.0091,70.9259,46.7985,CRITICA,19.7725,0.671446,15.0779,11.3974,0.109189,0.086955,27.1923,1.2927,1,1,327.708,nan
closed_eye_2100.jpg_face_1,cerrado,B40,53.8694,0.085845,39.5173,77.7442,58.1743,57.7405,CRITICA,17.0101,0.580547,14.4116,44.3197,0.095687,0.084734,11.4641,1.2946,1,1,713.98,nan
closed_eye_2111.jpg_face_1,cerrado,B5,120.8831,0.156689,4.4534,13.9497,100.0,6.1417,CRITICA,5.762,0.120541,28.1467,88.4602,0.209874,0.243145,33.9434,55.1774,1,1,3009.329,nan
closed_eye_2111.jpg_face_1,cerrado,B10,120.8831,0.156689,9.4961,21.6533,100.0,10.7497,CRITICA,6.3607,0.205958,25.8255,82.0874,0.172467,0.194148,10.0698,23.907,1,1,4438.526,nan
closed_eye_2111.jpg_face_1,cerrado,B15,120.8831,0.156689,14.4935,30.1456,99.9695,17.735,CRITICA,7.1472,0.314292,23.1168,75.0622,0.153422,0.189128,2.0847,20.7031,1,1,4166.667,nan
closed_eye_2111.jpg_face_1,cerrado,B25,120.8831,0.156689,24.5085,47.6917,81.2529,29.692,CRITICA,8.9266,0.55011,19.5342,60.5473,0.149512,0.18022,4.5801,15.0179,1,1,4198.153,nan
closed_eye_2111.jpg_face_1,cerrado,B40,120.8831,0.156689,39.5208,69.2908,55.7537,43.4525,CRITICA,11.65,0.785618,17.3363,42.6795,0.181376,0.165983,15.7559,5.932,1,1,4384.042,nan
closed_eye_2123.jpg_face_2,cerrado,B5,106.8468,0.089449,4.3555,16.6659,100.0,3.7847,CRITICA,8.6046,0.148383,26.1279,84.4021,0.238734,nan,166.8942,nan,1,1,4659.832,nan
closed_eye_2123.jpg_face_2,cerrado,B10,106.8468,0.089449,9.4749,24.1895,100.0,5.8022,CRITICA,9.3292,0.252617,24.3382,77.3606,0.16691,0.195589,86.5986,118.6595,1,1,4357.298,nan
closed_eye_2123.jpg_face_2,cerrado,B15,106.8468,0.089449,14.5052,32.3532,100.0,8.8464,CRITICA,10.2073,0.399381,22.4803,69.72,0.175513,0.210769,96.2156,135.6311,1,1,5614.824,nan
closed_eye_2123.jpg_face_2,cerrado,B25,106.8468,0.089449,24.4696,50.6508,94.7594,17.6329,CRITICA,12.5246,0.665551,18.8362,52.5949,0.096977,0.192299,8.4161,114.9823,1,1,3960.396,nan
closed_eye_2123.jpg_face_2,cerrado,B40,106.8468,0.089449,39.5019,72.7805,58.8561,26.8517,CRITICA,16.0344,0.759836,16.4919,31.8833,0.107167,0.14271,19.8085,59.5441,1,1,4814.636,nan
closed_eye_2125.jpg_face_2,cerrado,B5,189.2151,0.09132,4.3735,14.7019,100.0,3.8281,CRITICA,3.2042,0.122437,27.4371,92.2301,0.114937,nan,25.8625,nan,1,1,777.242,nan
closed_eye_2125.jpg_face_2,cerrado,B10,189.2151,0.09132,9.5193,22.0746,100.0,4.6413,CRITICA,3.5677,0.188889,25.7537,88.3336,0.084383,0.183756,7.5955,101.2233,1,1,803.859,nan
closed_eye_2125.jpg_face_2,cerrado,B15,189.2151,0.09132,14.4769,28.0798,100.0,6.6174,CRITICA,3.882,0.247593,24.7327,85.1598,0.079602,0.163243,12.8315,78.7607,1,1,591.891,nan
closed_eye_2125.jpg_face_2,cerrado,B25,189.2151,0.09132,24.4827,45.0984,98.424,14.0467,CRITICA,4.8628,0.403648,20.6569,76.1655,0.081401,0.104261,10.861,14.1716,1,1,602.41,nan
closed_eye_2125.jpg_face_2,cerrado,B40,189.2151,0.09132,39.5035,68.4898,69.0745,21.8051,CRITICA,6.3443,0.581699,17.5499,63.8032,0.079223,0.094797,13.2469,3.8078,1,1,706.015,nan
closed_eye_2128.BMP_face_1,cerrado,B5,154.021,0.062077,4.3045,16.8598,100.0,5.1045,CRITICA,4.6166,0.17232,25.9948,89.0536,0.108357,nan,74.5527,nan,1,1,1248.907,nan
closed_eye_2128.BMP_face_1,cerrado,B10,154.021,0.062077,9.4659,23.7601,100.0,7.4272,CRITICA,5.0403,0.241893,24.5304,84.5735,0.074211,0.141651,19.5469,128.1859,1,1,1123.217,nan
closed_eye_2128.BMP_face_1,cerrado,B15,154.021,0.062077,14.4784,32.2847,100.0,12.0803,CRITICA,5.6103,0.332375,22.356,79.0388,0.06202,0.107896,0.092,73.8105,1,1,1476.887,nan
closed_eye_2128.BMP_face_1,cerrado,B25,154.021,0.062077,24.4986,53.3761,87.2041,24.0566,CRITICA,7.1896,0.537076,17.8582,65.3449,0.045298,0.079223,27.0292,27.6212,1,1,1124.606,nan
closed_eye_2128.BMP_face_1,cerrado,B40,154.021,0.062077,39.4816,75.8503,46.2671,35.3238,CRITICA,9.1337,0.697239,15.6324,50.7533,0.037472,0.06437,39.6368,3.6943,1,1,1215.51,nan
closed_eye_2132.jpg_face_3,cerrado,B5,72.1913,0.038611,4.4425,17.1003,100.0,6.038,CRITICA,11.4713,0.324415,25.7433,76.3125,0.11448,0.186747,196.4945,383.6598,1,1,2120.891,nan
closed_eye_2132.jpg_face_3,cerrado,B10,72.1913,0.038611,9.4737,26.3578,100.0,10.9782,CRITICA,12.8617,0.526804,22.9597,63.489,0.070364,0.12261,82.2375,217.5494,1,1,2508.781,nan
closed_eye_2132.jpg_face_3,cerrado,B15,72.1913,0.038611,14.5126,37.7843,98.2159,19.3217,CRITICA,15.0496,0.725859,19.7336,47.6608,0.071088,0.11402,84.1125,195.3027,1,1,2048.76,nan
closed_eye_2132.jpg_face_3,cerrado,B25,72.1913,0.038611,24.513,63.2486,63.4483,36.2053,CRITICA,21.1084,0.851075,15.0249,12.3875,0.06265,0.078909,62.2594,104.3692,1,1,1963.865,nan
closed_eye_2132.jpg_face_3,cerrado,B40,72.1913,0.038611,39.5058,84.8965,46.1394,47.4341,BIEN,20.7231,0.770553,13.6729,17.5993,0.061226,0.060453,58.5706,56.5678,1,1,2021.427,nan
closed_eye_2137.jpg_face_1,cerrado,B5,119.3972,0.051671,4.4674,17.3369,100.0,4.7839,CRITICA,7.1,0.218382,25.6407,85.4796,0.055044,0.211186,6.5285,308.7159,1,1,768.462,nan
closed_eye_2137.jpg_face_1,cerrado,B10,119.3972,0.051671,9.4302,25.3769,100.0,8.4553,CRITICA,7.7717,0.320214,23.7079,78.7458,0.077642,0.108473,50.2629,109.9327,1,1,797.448,nan
closed_eye_2137.jpg_face_1,cerrado,B15,119.3972,0.051671,14.4203,34.358,100.0,12.9897,CRITICA,8.6332,0.449635,21.4671,71.2238,0.057857,0.088779,11.9724,71.8174,1,1,780.092,nan
closed_eye_2137.jpg_face_1,cerrado,B25,119.3972,0.051671,24.5162,56.8565,78.6214,26.3539,CRITICA,11.2276,0.698102,16.8058,52.3804,0.058284,0.064561,12.8001,24.9481,1,1,787.402,nan
closed_eye_2137.jpg_face_1,cerrado,B40,119.3972,0.051671,39.4767,79.9913,45.2268,37.6822,CRITICA,14.4469,0.826383,14.5798,33.0041,0.06009,0.064374,16.2946,24.5859,1,1,617.551,nan
closed_eye_2144.jpg_face_2,cerrado,B5,150.7278,0.090372,4.3742,16.4096,100.0,4.2872,CRITICA,5.0303,0.152763,26.2667,89.1131,0.135991,nan,50.479,nan,1,1,1090.037,nan
closed_eye_2144.jpg_face_2,cerrado,B10,150.7278,0.090372,9.5576,23.7491,100.0,5.9885,CRITICA,5.4679,0.22716,24.7737,84.2437,0.106823,0.166101,18.2033,83.7965,1,1,1221.299,nan
closed_eye_2144.jpg_face_2,cerrado,B15,150.7278,0.090372,14.4555,30.7388,99.9928,8.4763,CRITICA,5.9426,0.310019,23.3327,79.6064,0.095807,0.151159,6.0134,67.2631,1,1,1254.863,nan
closed_eye_2144.jpg_face_2,cerrado,B25,150.7278,0.090372,24.4962,49.8225,96.2995,17.8147,CRITICA,7.4139,0.519404,19.0949,66.9454,0.090708,0.119987,0.371,32.7693,1,1,1235.636,nan
closed_eye_2144.jpg_face_2,cerrado,B40,150.7278,0.090372,39.4886,75.4095,51.7613,27.339,CRITICA,9.6379,0.700978,15.9117,49.9697,0.096699,0.106485,7.0005,17.8296,1,1,1187.931,nan
closed_eye_2145.jpg_face_4,cerrado,B5,138.2971,0.060937,4.3489,17.3647,100.0,5.4869,CRITICA,5.3893,0.119495,25.5462,87.4439,0.110713,nan,81.684,nan,1,1,3102.699,nan
closed_eye_2145.jpg_face_4,cerrado,B10,138.2971,0.060937,9.5284,25.5523,100.0,8.9354,CRITICA,5.9703,0.194079,23.5239,81.5236,0.079412,0.148696,30.3172,144.0159,1,1,3412.969,nan
closed_eye_2145.jpg_face_4,cerrado,B15,138.2971,0.060937,14.5076,36.4373,99.9896,14.8333,CRITICA,6.8284,0.323377,20.6615,73.6529,0.077648,0.114873,27.4229,88.511,1,1,3631.082,nan
closed_eye_2145.jpg_face_4,cerrado,B25,138.2971,0.060937,24.4616,56.3841,77.7489,26.3762,CRITICA,8.7211,0.566497,17.1297,59.2297,0.07641,0.088222,25.3922,44.7752,1,1,2930.832,nan
closed_eye_2145.jpg_face_4,cerrado,B40,138.2971,0.060937,39.4908,78.0278,44.7938,37.9271,CRITICA,11.1946,0.750607,15.2998,43.5796,0.047906,0.074582,21.3847,22.3922,1,1,3521.127,nan
closed_eye_2146.jpg_face_1,cerrado,B5,123.7683,0.084317,4.5108,16.4869,100.0,4.3248,CRITICA,6.8723,0.243015,26.2281,86.6792,0.131156,nan,55.5499,nan,1,1,641.56,nan
closed_eye_2146.jpg_face_1,cerrado,B10,123.7683,0.084317,9.4779,24.2663,100.0,6.6473,CRITICA,7.4651,0.343843,24.5009,80.3938,0.091466,0.163523,8.4779,93.9371,1,1,624.727,nan
closed_eye_2146.jpg_face_1,cerrado,B15,123.7683,0.084317,14.4566,31.1089,100.0,9.6933,CRITICA,8.0834,0.437587,23.1118,74.8652,0.076228,0.136588,9.5934,61.993,1,1,551.755,nan
closed_eye_2146.jpg_face_1,cerrado,B25,123.7683,0.084317,24.4785,50.7236,91.2572,21.0214,CRITICA,10.1311,0.649078,18.5456,59.0173,0.097769,0.09503,15.9541,12.7052,1,1,486.618,nan
closed_eye_2146.jpg_face_1,cerrado,B40,123.7683,0.084317,39.5142,74.112,55.7878,31.133,CRITICA,13.017,0.787868,15.9597,40.1204,0.068844,0.082329,18.3516,2.3576,1,1,525.707,nan
closed_eye_2161.jpg_face_1,cerrado,B5,116.4475,0.066513,4.2702,17.513,100.0,5.817,CRITICA,7.1184,0.271653,25.3828,84.9606,0.144988,nan,117.9855,nan,1,1,884.33,nan
closed_eye_2161.jpg_face_1,cerrado,B10,116.4475,0.066513,9.5171,25.6584,100.0,9.4832,CRITICA,7.8343,0.386857,23.4068,77.9657,0.097316,0.156994,46.3122,136.0363,1,1,897.344,nan
closed_eye_2161.jpg_face_1,cerrado,B15,116.4475,0.066513,14.458,34.729,99.4923,16.1098,CRITICA,8.7795,0.504446,21.0074,70.1763,0.115538,0.149589,73.7074,124.9023,1,1,864.23,nan
closed_eye_2161.jpg_face_1,cerrado,B25,116.4475,0.066513,24.5005,55.7241,74.9379,29.9679,CRITICA,11.2112,0.716506,16.7847,52.1466,0.119464,0.109918,79.611,65.2582,1,1,838.785,nan
closed_eye_2161.jpg_face_1,cerrado,B40,116.4475,0.066513,39.5054,79.1099,47.2371,42.5512,CRITICA,14.5882,0.827129,14.5585,32.0639,0.104077,0.09948,56.4764,49.5658,1,1,909.339,nan
closed_eye_2164.jpg_face_1,cerrado,B5,104.5468,0.12596,4.4325,20.3841,100.0,7.8968,CRITICA,7.9256,0.206669,23.6445,80.5024,0.204975,0.214209,62.7296,70.0604,1,1,3459.011,nan
closed_eye_2164.jpg_face_1,cerrado,B10,104.5468,0.12596,9.4595,29.3722,100.0,14.2491,CRITICA,8.902,0.337985,21.4097,71.9052,0.165709,0.186534,31.5568,48.0893,1,1,2791.736,nan
closed_eye_2164.jpg_face_1,cerrado,B15,104.5468,0.12596,14.4851,40.7605,89.6296,24.5099,CRITICA,10.3609,0.519594,18.3472,61.0122,0.15574,0.177193,23.6418,40.674,1,1,3582.945,nan
closed_eye_2164.jpg_face_1,cerrado,B25,104.5468,0.12596,24.4681,60.1796,70.8765,38.3499,CRITICA,13.3342,0.763384,15.4413,42.4376,0.14322,0.171719,13.7028,36.3278,1,1,3805.175,nan
closed_eye_2164.jpg_face_1,cerrado,B40,104.5468,0.12596,39.4936,81.619,53.5062,50.1475,BIEN,17.6605,0.875862,14.1102,21.9306,0.140414,0.145075,11.4749,15.1751,1,1,3360.215,nan
closed_eye_2165.jpg_face_1,cerrado,B5,109.6088,0.133331,4.195,15.0654,100.0,4.1754,CRITICA,8.1599,0.179226,27.2133,86.2553,0.219062,nan,64.2992,nan,1,1,2627.43,nan
closed_eye_2165.jpg_face_1,cerrado,B10,109.6088,0.133331,9.5785,23.0652,100.0,6.4407,CRITICA,8.9205,0.299098,25.0587,78.9568,0.148997,0.191875,11.7493,43.9086,1,1,3122.073,nan
closed_eye_2165.jpg_face_1,cerrado,B15,109.6088,0.133331,14.4357,32.5231,99.8317,11.3169,CRITICA,9.9125,0.450172,22.2929,70.3281,0.160227,0.178117,20.1717,33.5897,1,1,3581.662,nan
closed_eye_2165.jpg_face_1,cerrado,B25,109.6088,0.133331,24.5646,51.3065,89.802,19.7014,CRITICA,12.3003,0.704297,18.754,53.1912,0.141017,0.15855,5.7644,18.9146,1,1,3519.887,nan
closed_eye_2165.jpg_face_1,cerrado,B40,109.6088,0.133331,39.5124,75.335,58.4158,30.6724,CRITICA,16.5282,0.847784,16.0484,31.2693,0.135674,0.152307,1.7571,14.2318,1,1,3154.574,nan
closed_eye_2169.jpg_face_1,cerrado,B5,155.1685,0.050424,4.2814,14.9437,100.0,3.9478,CRITICA,4.9294,0.10673,27.2279,90.3693,0.126016,nan,149.9096,nan,1,1,2598.077,nan
closed_eye_2169.jpg_face_1,cerrado,B10,155.1685,0.050424,9.4981,22.8723,100.0,5.8499,CRITICA,5.4262,0.184858,25.1331,85.2597,0.096491,0.143708,91.3573,184.9955,1,1,2730.748,nan
closed_eye_2169.jpg_face_1,cerrado,B15,155.1685,0.050424,14.5194,30.5831,100.0,9.1879,CRITICA,5.9528,0.276271,23.2588,80.2904,0.058083,0.119402,15.1873,136.7941,1,1,2452.182,nan
closed_eye_2169.jpg_face_1,cerrado,B25,155.1685,0.050424,24.508,50.8348,91.136,19.508,CRITICA,7.4944,0.517727,18.4976,67.239,nan,0.080953,nan,60.5437,1,0,2471.577,nan
closed_eye_2169.jpg_face_1,cerrado,B40,155.1685,0.050424,39.4972,80.6386,53.3568,30.5,BIEN,10.1151,0.720995,14.6039,48.0316,0.032138,0.071518,36.2645,41.8326,1,1,2364.625,nan
closed_eye_2181.jpg_face_1,cerrado,B5,128.9069,0.082769,4.4757,13.6176,100.0,3.5538,CRITICA,6.688,0.138804,28.4083,89.4361,0.198766,nan,140.1444,nan,1,1,2581.311,nan
closed_eye_2181.jpg_face_1,cerrado,B10,128.9069,0.082769,9.4738,21.3187,100.0,4.597,CRITICA,7.2505,0.229912,26.4743,83.4619,0.101963,nan,23.1889,nan,1,1,2689.618,nan
closed_eye_2181.jpg_face_1,cerrado,B15,128.9069,0.082769,14.4405,27.0878,100.0,7.0752,CRITICA,7.7456,0.306702,25.5092,78.9866,0.079071,0.11943,4.4682,44.293,1,1,1920.123,nan
closed_eye_2181.jpg_face_1,cerrado,B25,128.9069,0.082769,24.4612,45.0496,97.3098,14.5473,CRITICA,9.479,0.547249,20.8521,65.0526,0.095963,0.092868,15.9398,12.2008,1,1,2760.906,nan
closed_eye_2181.jpg_face_1,cerrado,B40,128.9069,0.082769,39.5019,72.8124,64.9822,22.7822,CRITICA,12.7771,0.743019,16.7399,43.5155,0.083232,0.076719,0.559,7.3103,1,1,2419.55,nan
closed_eye_2183.jpg_face_1,cerrado,B5,148.3629,0.095608,4.3848,16.8268,100.0,5.0329,CRITICA,5.1183,0.16753,25.9326,88.6583,0.143493,nan,50.085,nan,1,1,682.92,nan
closed_eye_2183.jpg_face_1,cerrado,B10,148.3629,0.095608,9.5202,24.6056,100.0,7.0781,CRITICA,5.6068,0.251114,24.2457,83.4152,0.123685,0.173526,29.3668,81.4972,1,1,673.9,nan
closed_eye_2183.jpg_face_1,cerrado,B15,148.3629,0.095608,14.4648,32.2539,100.0,10.3932,CRITICA,6.1577,0.340074,22.541,78.2601,0.118867,0.145475,24.3274,52.1575,1,1,660.851,nan
closed_eye_2183.jpg_face_1,cerrado,B25,148.3629,0.095608,24.4907,53.3849,87.2432,22.0085,CRITICA,7.9022,0.570107,17.9421,64.0173,0.138599,0.105895,44.966,10.7601,1,1,644.205,nan
closed_eye_2183.jpg_face_1,cerrado,B40,148.3629,0.095608,39.4963,77.8002,49.2542,32.4446,CRITICA,10.244,0.74013,15.313,47.5609,0.121475,0.102743,27.0558,7.4624,1,1,661.201,nan
closed_eye_2191.jpg_face_1,cerrado,B5,100.5231,0.058981,4.3218,17.1392,100.0,5.2142,CRITICA,8.7014,0.225349,25.7878,82.95,0.080493,0.156302,36.4722,165.0016,1,1,1758.396,nan
closed_eye_2191.jpg_face_1,cerrado,B10,100.5231,0.058981,9.4929,25.4909,100.0,8.6937,CRITICA,9.5505,0.360025,23.5461,74.6417,0.063068,0.086217,6.9282,46.176,1,1,1824.485,nan
closed_eye_2191.jpg_face_1,cerrado,B15,100.5231,0.058981,14.517,35.1293,99.9776,13.9136,CRITICA,10.6908,0.517725,21.1411,65.0535,0.058654,0.070186,0.5555,18.9972,1,1,2036.66,nan
closed_eye_2191.jpg_face_1,cerrado,B25,100.5231,0.058981,24.466,56.2814,78.3042,26.6025,CRITICA,13.7089,0.758922,16.975,44.0115,0.065683,0.066029,11.3628,11.9489,1,1,1700.102,nan
closed_eye_2191.jpg_face_1,cerrado,B40,100.5231,0.058981,39.4914,85.0161,42.4072,40.4105,BIEN,18.1612,0.813008,13.743,15.4263,0.061482,0.057443,4.2397,2.6091,1,1,1979.022,nan
closed_eye_2192.jpg_face_1,cerrado,B5,126.5422,0.040182,4.3091,15.8584,100.0,4.4083,CRITICA,6.6342,0.194932,26.6372,87.4679,0.11353,nan,182.5371,nan,1,1,1008.573,nan
closed_eye_2192.jpg_face_1,cerrado,B10,126.5422,0.040182,9.4671,23.3121,100.0,6.9389,CRITICA,7.2219,0.295591,24.8139,81.5776,0.053063,nan,32.0546,nan,1,1,961.631,nan
closed_eye_2192.jpg_face_1,cerrado,B15,126.5422,0.040182,14.5363,32.0083,99.6663,11.785,CRITICA,7.9925,0.417207,22.3887,74.7054,0.038608,0.098645,3.9189,145.4925,1,1,1084.246,nan
closed_eye_2192.jpg_face_1,cerrado,B25,126.5422,0.040182,24.4858,50.4585,91.6996,21.9138,CRITICA,9.8762,0.626634,18.5853,60.1251,0.04683,0.047593,16.5434,18.441,1,1,759.994,nan
closed_eye_2192.jpg_face_1,cerrado,B40,126.5422,0.040182,39.4866,74.7598,57.9411,31.3944,CRITICA,12.8086,0.773618,15.9324,40.9211,0.041491,0.044354,3.2552,10.3825,1,1,1084.246,nan
closed_eye_2200.jpg_face_1,cerrado,B5,81.9793,0.043975,4.4234,17.7254,100.0,4.9027,CRITICA,10.9917,0.329975,25.3558,78.3781,0.111127,nan,152.7028,nan,1,1,751.71,nan
closed_eye_2200.jpg_face_1,cerrado,B10,81.9793,0.043975,9.5201,26.44,100.0,8.1732,CRITICA,12.1185,0.485018,23.0931,67.748,0.08444,0.176954,92.0167,302.3926,1,1,776.88,nan
closed_eye_2200.jpg_face_1,cerrado,B15,81.9793,0.043975,14.5047,35.2652,99.1283,13.4522,CRITICA,13.5565,0.623396,20.9911,56.9828,0.051369,0.136887,16.8132,211.2801,1,1,687.38,nan
closed_eye_2200.jpg_face_1,cerrado,B25,81.9793,0.043975,24.5065,56.3496,84.1097,25.6769,CRITICA,17.9092,0.793224,16.8488,31.2636,0.066614,0.095061,51.4808,116.1685,1,1,702.494,nan
closed_eye_2200.jpg_face_1,cerrado,B40,81.9793,0.043975,39.4978,81.5648,49.3462,36.6681,BIEN,21.1278,0.736717,14.2915,0.5055,0.081241,0.068619,84.7408,56.039,1,1,746.102,nan
closed_eye_2215.jpg_face_1,cerrado,B5,118.5646,0.189879,4.543,16.5493,100.0,4.0716,CRITICA,7.6613,0.230634,26.227,86.0419,0.196216,nan,3.3372,nan,1,1,680.133,nan
closed_eye_2215.jpg_face_1,cerrado,B10,118.5646,0.189879,9.5004,24.3113,100.0,5.837,CRITICA,8.3088,0.345614,24.3067,79.4954,0.199189,0.22065,4.9033,16.2058,1,1,707.864,nan
closed_eye_2215.jpg_face_1,cerrado,B15,118.5646,0.189879,14.5243,31.9593,100.0,9.0826,CRITICA,9.0421,0.453739,22.6755,73.0448,0.170215,0.216936,10.3559,14.2498,1,1,611.696,nan
closed_eye_2215.jpg_face_1,cerrado,B25,118.5646,0.189879,24.5143,52.5253,91.6641,19.3924,CRITICA,11.3288,0.676787,18.2576,55.699,0.155709,0.20732,17.9954,9.1854,1,1,561.356,nan
closed_eye_2215.jpg_face_1,cerrado,B40,118.5646,0.189879,39.4967,78.8751,50.8315,30.1926,CRITICA,14.9106,0.812246,15.088,33.475,0.15857,0.188218,16.4887,0.8746,1,1,586.82,nan
closed_eye_2217.jpg_face_1,cerrado,B5,122.9346,0.063938,4.4143,16.9317,100.0,4.6685,CRITICA,6.695,0.230986,25.99,86.227,0.083326,nan,30.3241,nan,1,1,636.578,nan
closed_eye_2217.jpg_face_1,cerrado,B10,122.9346,0.063938,9.4233,23.2418,100.0,7.6878,CRITICA,7.2237,0.314855,24.8247,81.0942,0.060825,0.101023,4.8684,58.0018,1,1,759.532,nan
closed_eye_2217.jpg_face_1,cerrado,B15,122.9346,0.063938,14.4773,31.811,99.4735,13.3588,CRITICA,8.0171,0.435965,22.3347,74.1236,0.072628,0.055157,13.5915,13.7326,1,1,796.686,nan
closed_eye_2217.jpg_face_1,cerrado,B25,122.9346,0.063938,24.49,51.3451,86.5585,25.6188,CRITICA,10.0538,0.647664,18.0913,58.2338,0.061251,0.060255,4.2024,5.7596,1,1,665.159,nan
closed_eye_2217.jpg_face_1,cerrado,B40,122.9346,0.063938,39.4903,73.466,59.4828,36.3561,CRITICA,12.7145,0.775524,15.8445,40.2398,0.06704,0.069834,4.8524,9.2211,1,1,761.963,nan
closed_eye_2218.jpg_face_1,cerrado,B5,131.955,0.048385,4.4589,16.8079,100.0,4.9537,CRITICA,5.8301,0.162065,26.0998,87.2624,0.094455,nan,95.2165,nan,1,1,2454.59,nan
closed_eye_2218.jpg_face_1,cerrado,B10,131.955,0.048385,9.5128,23.307,100.0,7.7352,CRITICA,6.2865,0.239467,24.8194,82.3371,0.056009,0.099224,15.7581,105.0737,1,1,2165.44,nan
closed_eye_2218.jpg_face_1,cerrado,B15,131.955,0.048385,14.4598,31.4728,100.0,12.4642,CRITICA,6.9678,0.34761,22.607,76.1488,0.050092,0.072346,3.528,49.5214,1,1,2096.876,nan
closed_eye_2218.jpg_face_1,cerrado,B25,131.955,0.048385,24.5175,53.8908,83.0296,26.0637,CRITICA,8.9866,0.604371,17.4724,59.1597,0.04445,0.050438,8.132,4.2435,1,1,1845.018,nan
closed_eye_2218.jpg_face_1,cerrado,B40,131.955,0.048385,39.4748,80.4782,44.9763,39.959,BIEN,11.9762,0.76418,14.4396,39.0108,0.036563,0.043737,24.4319,9.6067,1,1,1791.794,nan
closed_eye_2222.jpg_face_1,cerrado,B5,141.5344,0.074394,4.4769,16.4748,100.0,4.7609,CRITICA,5.3725,0.088796,26.2243,88.3599,0.185864,nan,149.8378,nan,1,1,4655.494,nan
closed_eye_2222.jpg_face_1,cerrado,B10,141.5344,0.074394,9.5205,24.9548,100.0,7.5731,CRITICA,5.9328,0.177548,23.8218,82.3684,0.123431,0.167672,65.9156,125.3846,1,1,3529.827,nan
closed_eye_2222.jpg_face_1,cerrado,B15,141.5344,0.074394,14.5276,33.1612,100.0,12.3622,CRITICA,6.5393,0.284046,21.7602,76.5702,0.089093,0.154415,19.7582,107.5649,1,1,4690.431,nan
closed_eye_2222.jpg_face_1,cerrado,B25,141.5344,0.074394,24.5191,52.6509,85.3491,22.8328,CRITICA,8.1762,0.531723,17.9013,62.7999,0.067912,0.154759,8.7134,108.0268,1,1,4248.089,nan
closed_eye_2222.jpg_face_1,cerrado,B40,141.5344,0.074394,39.5219,75.3645,58.3195,30.6286,CRITICA,10.4156,0.720707,15.897,46.7518,0.084333,0.093443,13.3601,25.6058,1,1,2308.936,nan
closed_eye_2234.jpg_face_1,cerrado,B5,169.8625,0.109596,4.4711,14.8147,100.0,4.4215,CRITICA,3.9104,0.063773,27.4779,91.2784,0.200422,nan,82.8727,nan,1,1,2278.423,nan
closed_eye_2234.jpg_face_1,cerrado,B10,169.8625,0.109596,9.4252,21.5542,100.0,5.8115,CRITICA,4.2784,0.105461,26.1854,87.3108,0.2186,nan,99.459,nan,1,1,4826.255,nan
closed_eye_2234.jpg_face_1,cerrado,B15,169.8625,0.109596,14.3685,28.4929,100.0,9.2395,CRITICA,4.7105,0.172975,24.6526,83.2259,0.110287,0.191471,0.6306,74.7056,1,1,3573.981,nan
closed_eye_2234.jpg_face_1,cerrado,B25,169.8625,0.109596,24.3528,45.3065,99.449,17.1971,CRITICA,5.838,0.368092,20.8568,73.3276,0.069056,0.158779,36.9904,44.876,1,1,4446.421,nan
closed_eye_2234.jpg_face_1,cerrado,B40,169.8625,0.109596,39.444,66.9373,61.8228,26.2983,CRITICA,7.4902,0.595048,18.2765,60.5932,0.107541,0.128836,1.8749,17.555,1,1,3522.367,nan
closed_eye_2234.jpg_face_2,cerrado,B5,141.5498,0.092124,4.4367,15.5835,100.0,5.0987,CRITICA,5.3597,0.07962,26.8386,88.9908,0.164106,nan,78.1358,nan,1,1,5002.502,nan
closed_eye_2234.jpg_face_2,cerrado,B10,141.5498,0.092124,9.3885,23.6047,100.0,8.2822,CRITICA,5.9177,0.145778,24.7076,83.3241,0.113256,0.150463,22.9378,63.3267,1,1,4040.404,nan
closed_eye_2234.jpg_face_2,cerrado,B15,141.5498,0.092124,14.3544,32.023,100.0,13.788,CRITICA,6.5928,0.247529,22.4321,77.3769,0.126174,0.131018,36.9605,42.2188,1,1,4528.985,nan
closed_eye_2234.jpg_face_2,cerrado,B25,141.5498,0.092124,24.4099,47.8057,88.8117,23.1394,CRITICA,7.9968,0.458929,19.5562,66.2269,0.130896,0.124991,42.0868,35.6762,1,1,4625.347,nan
closed_eye_2234.jpg_face_2,cerrado,B40,141.5498,0.092124,39.4763,69.4302,60.9954,34.1048,CRITICA,10.2322,0.685727,17.3231,50.95,0.110367,0.103423,19.8027,12.2644,1,1,3957.262,nan
closed_eye_2243.jpg_face_2,cerrado,B5,123.0546,0.137512,4.415,13.833,100.0,3.9964,CRITICA,6.8797,0.14844,28.2594,88.7587,nan,nan,nan,nan,1,0,2719.608,nan
closed_eye_2243.jpg_face_2,cerrado,B10,123.0546,0.137512,9.4883,22.186,100.0,6.1649,CRITICA,7.538,0.254036,25.7558,81.9706,0.144524,nan,5.0997,nan,1,1,2357.934,nan
closed_eye_2243.jpg_face_2,cerrado,B15,123.0546,0.137512,14.4028,28.4578,99.6711,9.851,CRITICA,8.126,0.340632,24.4716,76.8738,0.188827,0.169451,37.3172,23.2271,1,1,2870.264,nan
closed_eye_2243.jpg_face_2,cerrado,B25,123.0546,0.137512,24.5024,48.3104,93.4451,20.2084,CRITICA,10.2274,0.602752,19.3523,60.7407,0.149525,0.149272,8.7365,8.5525,1,1,2637.131,nan
closed_eye_2243.jpg_face_2,cerrado,B40,123.0546,0.137512,39.5095,75.9911,52.3142,30.2129,CRITICA,13.9543,0.775672,15.719,38.246,0.118049,nan,14.1534,nan,1,1,2635.046,nan
closed_eye_2249.jpg_face_1,cerrado,B5,93.7601,0.108118,4.391,14.1759,100.0,3.4614,CRITICA,9.6293,0.183381,28.1712,84.8806,0.189313,0.204229,75.0987,88.8946,1,1,3641.66,nan
closed_eye_2249.jpg_face_1,cerrado,B10,93.7601,0.108118,9.49,21.6238,100.0,4.9165,CRITICA,10.4192,0.304135,26.137,76.9371,0.167123,0.184995,54.5752,71.1049,1,1,4038.772,nan
closed_eye_2249.jpg_face_1,cerrado,B15,93.7601,0.108118,14.4621,28.8854,100.0,7.1988,CRITICA,11.3425,0.437652,24.4332,69.1922,0.144217,0.177208,33.3888,63.9026,1,1,4304.778,nan
closed_eye_2249.jpg_face_1,cerrado,B25,93.7601,0.108118,24.4809,44.7037,98.9585,14.9648,CRITICA,13.796,0.695155,21.2838,52.3212,0.135211,0.148943,25.0587,37.76,1,1,4436.557,nan
closed_eye_2249.jpg_face_1,cerrado,B40,93.7601,0.108118,39.5039,67.1748,68.8992,23.2796,CRITICA,18.3353,0.824782,18.3478,28.3546,0.115125,0.136483,6.4807,26.2357,1,1,4547.522,nan
closed_eye_2255.jpg_face_1,cerrado,B5,131.8768,0.10617,4.2674,16.5532,100.0,4.6288,CRITICA,5.9036,0.243185,26.144,87.448,0.09253,nan,12.8468,nan,1,1,563.126,nan
closed_eye_2255.jpg_face_1,cerrado,B10,131.8768,0.10617,9.5089,24.1718,100.0,7.2615,CRITICA,6.4569,0.343287,24.3285,81.6709,0.081625,0.129355,23.1184,21.8375,1,1,638.081,nan
closed_eye_2255.jpg_face_1,cerrado,B15,131.8768,0.10617,14.4288,32.5307,100.0,12.5289,CRITICA,7.1697,0.442882,22.2278,75.3325,0.09306,0.104425,12.3481,1.6438,1,1,639.713,nan
closed_eye_2255.jpg_face_1,cerrado,B25,131.8768,0.10617,24.4792,52.1547,87.3701,23.4397,CRITICA,8.9505,0.642827,18.2115,60.452,0.095976,0.078389,9.6012,26.1663,1,1,588.374,nan
closed_eye_2255.jpg_face_1,cerrado,B40,131.8768,0.10617,39.4765,75.1823,47.9215,34.2346,CRITICA,11.4537,0.788396,15.8126,42.9905,0.091983,0.103738,13.3624,2.2909,1,1,635.284,nan
closed_eye_2256.jpg_face_1,cerrado,B5,131.5673,0.038476,4.1931,17.0009,100.0,4.7815,CRITICA,6.2842,0.138872,25.8045,87.0782,0.130349,nan,238.7843,nan,1,1,2166.378,nan
closed_eye_2256.jpg_face_1,cerrado,B10,131.5673,0.038476,9.5468,24.8584,100.0,6.6921,CRITICA,6.872,0.226616,23.98,81.1059,0.090447,0.149306,135.0767,288.0539,1,1,2562.788,nan
closed_eye_2256.jpg_face_1,cerrado,B15,131.5673,0.038476,14.4478,34.8193,100.0,11.5876,CRITICA,7.7056,0.371039,21.3628,73.535,0.05955,0.107591,54.7736,179.6353,1,1,2683.843,nan
closed_eye_2256.jpg_face_1,cerrado,B25,131.5673,0.038476,24.498,59.4884,74.687,24.2973,CRITICA,10.1833,0.661757,16.4204,54.7848,0.055113,0.072159,43.241,87.5449,1,1,2930.832,nan
closed_eye_2256.jpg_face_1,cerrado,B40,131.5673,0.038476,39.4795,82.7978,43.7842,34.7961,BIEN,13.1787,0.800801,14.4063,37.0681,0.046778,0.055465,21.5794,44.1552,1,1,1587.554,nan
closed_eye_2259.jpg_face_1,cerrado,B5,98.6708,0.056768,4.3455,16.2556,100.0,6.1315,CRITICA,8.3231,0.302164,26.2744,83.5254,0.115374,0.198313,103.2366,249.3391,1,1,1173.985,nan
closed_eye_2259.jpg_face_1,cerrado,B10,98.6708,0.056768,9.4536,24.3296,100.0,9.1092,CRITICA,9.0767,0.424737,24.2521,75.3426,0.069688,0.134982,22.7596,137.7783,1,1,1003.815,nan
closed_eye_2259.jpg_face_1,cerrado,B15,98.6708,0.056768,14.4835,32.4677,99.9195,15.228,CRITICA,10.1243,0.548839,22.2171,67.0949,0.062938,0.095223,10.8682,67.7402,1,1,1002.406,nan
closed_eye_2259.jpg_face_1,cerrado,B25,98.6708,0.056768,24.5116,53.1814,81.1198,29.0917,CRITICA,13.0814,0.752921,17.701,46.1022,0.055818,0.066715,1.673,17.5223,1,1,1097.815,nan
closed_eye_2259.jpg_face_1,cerrado,B40,98.6708,0.056768,39.489,73.8169,46.6078,42.0422,CRITICA,17.0994,0.81195,15.8743,25.1887,0.064055,0.053462,12.8353,5.8239,1,1,1083.541,nan
closed_eye_2261.jpg_face_3,cerrado,B5,156.3343,0.133277,4.3816,16.0762,100.0,3.7541,CRITICA,4.7232,0.141378,26.6627,89.7168,0.201268,nan,51.0151,nan,1,1,1121.202,nan
closed_eye_2261.jpg_face_3,cerrado,B10,156.3343,0.133277,9.4675,22.6736,100.0,4.9947,CRITICA,5.1206,0.209629,25.369,85.4967,0.16431,0.197956,23.2853,48.5304,1,1,1205.4,nan
closed_eye_2261.jpg_face_3,cerrado,B15,156.3343,0.133277,14.4735,29.1242,100.0,7.7863,CRITICA,5.56,0.290133,24.0181,81.3706,0.126602,0.183751,5.0077,37.8719,1,1,1226.542,nan
closed_eye_2261.jpg_face_3,cerrado,B25,156.3343,0.133277,24.4554,47.5479,96.6615,16.1619,CRITICA,6.8504,0.493404,19.6528,69.5858,0.120484,0.149688,9.5982,12.3136,1,1,1179.245,nan
closed_eye_2261.jpg_face_3,cerrado,B40,156.3343,0.133277,39.4612,73.1345,60.5243,25.7988,CRITICA,8.969,0.686781,16.2695,53.2192,0.118434,0.140455,11.1367,5.3863,1,1,1010.714,nan
closed_eye_2288.jpg_face_1,cerrado,B5,171.3805,0.05587,4.4096,16.8642,100.0,4.0976,CRITICA,3.9575,0.114341,25.9456,90.1598,0.090984,nan,62.8511,nan,1,1,1167.27,nan
closed_eye_2288.jpg_face_1,cerrado,B10,171.3805,0.05587,9.4472,24.2683,100.0,6.148,CRITICA,4.3555,0.175686,24.2537,85.8395,0.075007,0.115861,34.2537,107.3771,1,1,1668.335,nan
closed_eye_2288.jpg_face_1,cerrado,B15,171.3805,0.05587,14.4841,31.6447,100.0,9.2083,CRITICA,4.7768,0.247695,22.6734,81.5354,0.065909,0.085626,17.9694,53.2597,1,1,1616.815,nan
closed_eye_2288.jpg_face_1,cerrado,B25,171.3805,0.05587,24.5015,50.0191,92.3848,18.7001,CRITICA,5.9732,0.444654,18.7192,70.814,0.067837,0.05856,21.4202,4.8149,1,1,1779.676,nan
closed_eye_2288.jpg_face_1,cerrado,B40,171.3805,0.05587,39.5221,77.656,57.7098,31.1546,CRITICA,7.9434,0.653021,14.9156,54.688,0.071713,0.066789,28.3575,19.5446,1,1,1559.333,nan
closed_eye_2295.jpg_face_1,cerrado,B5,136.5331,0.045818,4.3647,16.5418,100.0,4.9086,CRITICA,5.5788,0.172548,26.1913,87.8844,0.108988,0.199413,137.8709,335.2264,1,1,1093.972,nan
closed_eye_2295.jpg_face_1,cerrado,B10,136.5331,0.045818,9.4547,24.1073,100.0,7.9536,CRITICA,6.12,0.260645,24.3446,82.3433,0.072166,0.135682,57.5058,196.1301,1,1,1210.947,nan
closed_eye_2295.jpg_face_1,cerrado,B15,136.5331,0.045818,14.4924,32.5039,99.4342,13.0778,CRITICA,6.7983,0.36411,22.155,76.1934,0.064923,0.11826,41.6974,158.1072,1,1,1224.14,nan
closed_eye_2295.jpg_face_1,cerrado,B25,136.5331,0.045818,24.4984,52.5319,85.6801,24.8093,CRITICA,8.5674,0.585644,17.9146,61.5244,0.05754,0.066585,25.5824,45.3235,1,1,1086.484,nan
closed_eye_2295.jpg_face_1,cerrado,B40,136.5331,0.045818,39.4909,76.7021,52.2875,34.6117,CRITICA,11.0997,0.748231,15.51,43.8216,0.053269,0.051191,16.2607,11.7271,1,1,1153.403,nan
closed_eye_2301.jpg_face_1,cerrado,B5,43.1758,0.048715,4.4119,17.5156,100.0,8.32,CRITICA,16.1887,0.642453,25.2166,59.4318,0.09972,nan,104.7017,nan,1,1,2858.776,nan
closed_eye_2301.jpg_face_1,cerrado,B10,43.1758,0.048715,9.5075,27.4893,96.9206,16.3831,CRITICA,19.0753,0.766079,21.9314,36.3317,0.090773,0.108981,86.3349,123.712,1,1,2186.27,nan
closed_eye_2301.jpg_face_1,cerrado,B15,43.1758,0.048715,14.516,36.6391,94.0213,23.3506,CRITICA,22.2165,0.821497,19.9286,15.1395,0.081158,0.077821,66.5978,59.7479,1,1,2771.619,nan
closed_eye_2301.jpg_face_1,cerrado,B25,43.1758,0.048715,24.489,58.0505,77.2973,35.8588,CRITICA,21.2055,0.664019,16.3552,34.4515,0.054725,0.060206,12.3366,23.5878,1,1,2442.599,nan
closed_eye_2301.jpg_face_1,cerrado,B40,43.1758,0.048715,39.4855,78.316,53.923,49.1345,CRITICA,15.7184,0.501144,14.9775,81.3888,0.05868,0.049544,20.4555,1.7014,1,1,2661.698,nan
closed_eye_2303.jpg_face_1,cerrado,B5,154.6067,0.029491,4.1972,15.9194,100.0,3.9651,CRITICA,4.9422,0.164708,26.5574,89.7033,0.093636,nan,217.5097,nan,1,1,675.858,nan
closed_eye_2303.jpg_face_1,cerrado,B10,154.6067,0.029491,9.5622,23.9223,100.0,5.9744,CRITICA,5.4433,0.253657,24.4816,84.527,0.043078,0.105009,46.0736,256.0729,1,1,756.773,nan
closed_eye_2303.jpg_face_1,cerrado,B15,154.6067,0.029491,14.4729,31.9122,100.0,9.1451,CRITICA,5.9704,0.347968,22.5683,79.3591,0.027289,0.060644,7.4674,105.6389,1,1,770.06,nan
closed_eye_2303.jpg_face_1,cerrado,B25,154.6067,0.029491,24.4627,51.1043,94.3644,18.1725,CRITICA,7.4334,0.540922,18.6598,66.9456,0.04856,0.037895,64.6613,28.4971,1,1,762.253,nan
closed_eye_2303.jpg_face_1,cerrado,B40,154.6067,0.029491,39.4834,75.4605,56.0527,27.9077,CRITICA,9.5434,0.71086,15.8631,51.1919,0.052042,0.01953,76.4677,33.7772,1,1,780.214,nan
closed_eye_2303.jpg_face_2,cerrado,B5,157.8703,0.061307,4.1835,15.2773,100.0,3.9372,CRITICA,4.7722,0.155881,26.9344,90.3228,0.156679,nan,155.5625,nan,1,1,667.646,nan
closed_eye_2303.jpg_face_2,cerrado,B10,157.8703,0.061307,9.5916,22.6723,100.0,5.6026,CRITICA,5.2284,0.234721,25.2165,85.6387,0.164886,nan,168.9495,nan,1,1,522.057,nan
closed_eye_2303.jpg_face_2,cerrado,B15,157.8703,0.061307,14.431,30.0798,100.0,8.5167,CRITICA,5.6948,0.319242,23.4024,80.9465,0.081735,0.1079,33.3199,75.9983,1,1,711.642,nan
closed_eye_2303.jpg_face_2,cerrado,B25,157.8703,0.061307,24.4569,48.166,94.5937,17.255,CRITICA,7.0267,0.50293,19.4342,69.4902,0.078067,0.077269,27.3369,26.0356,1,1,624.883,nan
closed_eye_2303.jpg_face_2,cerrado,B40,157.8703,0.061307,39.4951,70.7875,68.7746,25.1995,CRITICA,8.894,0.667627,16.9334,55.161,0.088092,0.057696,43.6896,5.8905,1,1,727.114,nan
closed_eye_2304.jpg_face_16,cerrado,B5,114.0628,0.097198,4.4476,14.9932,100.0,4.0361,CRITICA,7.4663,0.1033,27.3163,86.8553,0.116561,0.190266,19.9204,95.7505,1,1,3913.894,nan
closed_eye_2304.jpg_face_16,cerrado,B10,114.0628,0.097198,9.4876,23.4193,100.0,6.5163,CRITICA,8.1737,0.193008,24.9613,79.4681,0.080036,0.140409,17.6568,44.4564,1,1,4873.294,nan
closed_eye_2304.jpg_face_16,cerrado,B15,114.0628,0.097198,14.3981,31.1474,100.0,10.0467,CRITICA,8.9465,0.318736,23.2669,72.6928,0.095193,0.123976,2.0634,27.549,1,1,4482.295,nan
closed_eye_2304.jpg_face_16,cerrado,B25,114.0628,0.097198,24.4929,47.3598,95.1059,19.1838,CRITICA,10.8673,0.590442,19.9712,58.4792,0.083259,0.100148,14.3414,3.0351,1,1,4470.273,nan
closed_eye_2304.jpg_face_16,cerrado,B40,114.0628,0.097198,39.5057,69.8545,61.8882,29.0378,CRITICA,14.1846,0.811709,17.2935,38.7579,0.112186,0.107554,15.4197,10.6536,1,1,4508.566,nan
closed_eye_2313.jpg_face_1,cerrado,B5,129.9658,0.137139,4.4418,17.0496,100.0,4.4937,CRITICA,6.3814,0.177746,25.7576,86.8815,0.14725,nan,7.3731,nan,1,1,866.551,nan
closed_eye_2313.jpg_face_1,cerrado,B10,129.9658,0.137139,9.5349,25.2773,100.0,6.7295,CRITICA,6.9809,0.271811,23.8638,80.5508,0.105671,0.149848,22.9458,9.2676,1,1,885.269,nan
closed_eye_2313.jpg_face_1,cerrado,B15,129.9658,0.137139,14.4006,32.9553,100.0,10.2337,CRITICA,7.6175,0.377137,22.2906,74.6431,0.104041,0.144542,24.1343,5.3985,1,1,919.794,nan
closed_eye_2313.jpg_face_1,cerrado,B25,129.9658,0.137139,24.4906,54.0873,90.1296,21.2621,CRITICA,9.7211,0.627691,17.7529,58.3835,0.104242,0.122348,23.9875,10.7852,1,1,822.301,nan
closed_eye_2313.jpg_face_1,cerrado,B40,129.9658,0.137139,39.5012,77.6181,48.3926,31.6293,CRITICA,12.4731,0.775152,15.2813,40.2781,0.093937,0.126129,31.5022,8.0282,1,1,922.084,nan
closed_eye_2313.jpg_face_2,cerrado,B5,107.6707,0.090695,4.5309,16.4975,100.0,4.4234,CRITICA,7.9889,0.219288,26.1707,84.6778,0.115242,nan,27.0655,nan,1,1,865.951,nan
closed_eye_2313.jpg_face_2,cerrado,B10,107.6707,0.090695,9.46,24.5662,100.0,7.1631,CRITICA,8.6933,0.332814,24.1965,77.184,0.095418,0.133338,5.2074,47.0183,1,1,888.494,nan
closed_eye_2313.jpg_face_2,cerrado,B15,107.6707,0.090695,14.4126,32.3796,99.8695,11.0052,CRITICA,9.5105,0.453683,22.4205,69.9272,0.102613,0.127133,13.1415,40.1766,1,1,936.593,nan
closed_eye_2313.jpg_face_2,cerrado,B25,107.6707,0.090695,24.4951,54.0496,87.7983,22.6367,CRITICA,12.1974,0.700899,17.663,49.8011,0.105765,0.112781,16.6164,24.3526,1,1,909.918,nan
closed_eye_2313.jpg_face_2,cerrado,B40,107.6707,0.090695,39.484,79.0502,46.5398,34.2369,CRITICA,15.9725,0.79847,14.9052,26.5815,0.122709,0.101362,35.2984,11.7615,1,1,888.257,nan
closed_eye_2317.jpg_face_1,cerrado,B5,116.3069,0.079537,4.3566,19.1906,100.0,7.7254,CRITICA,6.7102,0.222257,24.2708,83.5,0.160636,0.182953,101.9638,130.0236,1,1,1157.273,nan
closed_eye_2317.jpg_face_1,cerrado,B10,116.3069,0.079537,9.4999,28.7017,100.0,14.2118,CRITICA,7.5866,0.340845,21.7051,75.3224,0.132124,0.177051,66.1162,122.602,1,1,1028.278,nan
closed_eye_2317.jpg_face_1,cerrado,B15,116.3069,0.079537,14.4654,40.2945,94.5532,23.2423,CRITICA,8.8188,0.499555,18.7071,65.355,0.128497,0.157792,61.556,98.3891,1,1,1152.074,nan
closed_eye_2317.jpg_face_1,cerrado,B25,116.3069,0.079537,24.5223,61.5024,62.8649,39.137,CRITICA,11.5108,0.733408,15.2005,47.1206,0.118772,0.128846,49.3291,61.9956,1,1,1221.896,nan
closed_eye_2317.jpg_face_1,cerrado,B40,116.3069,0.079537,39.4977,84.8985,49.7886,53.6216,BIEN,15.2045,0.855452,13.3454,27.0048,0.104174,0.125268,30.9753,57.4972,1,1,1100.231,nan
closed_eye_2338.jpg_face_1,cerrado,B5,163.5271,0.048344,4.4379,15.7431,100.0,3.8124,CRITICA,4.4392,0.106646,26.7164,90.3728,0.124049,nan,156.5988,nan,1,1,1575.796,nan
closed_eye_2338.jpg_face_1,cerrado,B10,163.5271,0.048344,9.3457,24.0234,100.0,5.3585,CRITICA,4.9025,0.175999,24.5878,85.3092,nan,0.121222,nan,150.7516,1,0,1731.602,nan
closed_eye_2338.jpg_face_1,cerrado,B15,163.5271,0.048344,14.4562,31.3331,100.0,7.9756,CRITICA,5.3797,0.250844,23.1313,80.8392,0.048575,0.080663,0.4788,66.8547,1,1,1778.094,nan
closed_eye_2338.jpg_face_1,cerrado,B25,163.5271,0.048344,24.4626,49.9449,94.3949,16.7831,CRITICA,6.7229,0.461128,19.1281,69.4577,0.038112,0.067447,21.1641,39.5171,1,1,1542.734,nan
closed_eye_2338.jpg_face_1,cerrado,B40,163.5271,0.048344,39.5041,74.1444,61.7851,25.4723,CRITICA,8.6802,0.655448,16.2733,54.6593,0.046332,0.048282,4.1601,0.1265,1,1,1776.83,nan
closed_eye_2339.jpg_face_1,cerrado,B5,47.3516,0.070317,4.4429,17.0699,100.0,5.2672,CRITICA,16.427,0.517966,25.8165,63.9508,0.206027,0.184982,192.9982,163.07,1,1,844.024,nan
closed_eye_2339.jpg_face_1,cerrado,B10,47.3516,0.070317,9.4846,26.6406,100.0,10.49,CRITICA,18.9962,0.713437,22.8403,43.7387,0.188566,0.166901,168.1675,137.3568,1,1,781.189,nan
closed_eye_2339.jpg_face_1,cerrado,B15,47.3516,0.070317,14.5025,37.6827,97.1691,18.3706,CRITICA,22.9139,0.817513,19.8042,20.4194,0.101628,0.158527,44.5293,125.4475,1,1,855.286,nan
closed_eye_2339.jpg_face_1,cerrado,B25,47.3516,0.070317,24.5016,62.0022,70.1645,34.1315,CRITICA,20.7901,0.651647,15.3076,30.9399,nan,0.110046,nan,56.5001,1,0,790.326,nan
closed_eye_2339.jpg_face_1,cerrado,B40,47.3516,0.070317,39.4823,86.3012,47.9872,46.6883,BIEN,14.5589,0.48592,13.2706,82.2561,nan,0.089584,nan,27.4014,1,0,682.314,nan
closed_eye_2356.jpg_face_1,cerrado,B5,99.2505,0.024313,4.3084,17.4419,100.0,5.7022,CRITICA,8.6876,0.232753,25.5106,82.4264,0.124093,nan,410.4086,nan,1,1,2577.32,nan
closed_eye_2356.jpg_face_1,cerrado,B10,99.2505,0.024313,9.5111,25.5466,100.0,9.5385,CRITICA,9.5466,0.356987,23.4353,74.2605,0.029554,0.131442,21.5596,440.6346,1,1,2780.868,nan
closed_eye_2356.jpg_face_1,cerrado,B15,99.2505,0.024313,14.4785,37.1131,99.9754,16.1397,CRITICA,10.9687,0.54294,20.2583,62.6066,0.041235,0.088559,69.6023,264.251,1,1,2986.858,nan
closed_eye_2356.jpg_face_1,cerrado,B25,99.2505,0.024313,24.553,61.1718,66.1507,30.6102,CRITICA,14.7778,0.761947,15.8421,38.3662,0.022527,0.04721,7.3436,94.1781,1,1,3093.102,nan
closed_eye_2356.jpg_face_1,cerrado,B40,99.2505,0.024313,39.5007,82.8874,42.801,42.9668,BIEN,19.5124,0.804357,14.1803,16.4866,0.01387,0.028664,42.9507,17.8966,1,1,3033.981,nan
closed_eye_2358.jpg_face_2,cerrado,B5,154.2831,0.062112,4.3834,16.1871,100.0,3.9073,CRITICA,4.8836,0.145632,26.4152,89.5082,0.19001,nan,205.9176,nan,1,1,772.38,nan
closed_eye_2358.jpg_face_2,cerrado,B10,154.2831,0.062112,9.5207,23.4175,100.0,5.556,CRITICA,5.3232,0.219077,24.995,84.8217,0.09637,0.190011,55.1569,205.918,1,1,857.486,nan
closed_eye_2358.jpg_face_2,cerrado,B15,154.2831,0.062112,14.4619,30.946,100.0,8.4839,CRITICA,5.8336,0.305596,23.2451,79.9421,0.082742,0.148881,33.215,139.6999,1,1,871.84,nan
closed_eye_2358.jpg_face_2,cerrado,B25,154.2831,0.062112,24.4724,50.4901,94.8039,18.018,CRITICA,7.3299,0.518647,18.8998,67.2744,0.069208,0.105027,11.4256,69.0945,1,1,898.311,nan
closed_eye_2358.jpg_face_2,cerrado,B40,154.2831,0.062112,39.5116,74.9781,54.2597,27.4087,CRITICA,9.4623,0.7015,15.9994,51.4023,0.0883,0.064249,42.1635,3.4408,1,1,1003.714,nan
closed_eye_2363.jpg_face_1,cerrado,B5,100.1597,0.11565,4.4675,14.8666,100.0,4.5519,CRITICA,8.9928,0.240457,27.5,85.1571,0.217554,nan,88.1144,nan,1,1,1663.893,nan
closed_eye_2363.jpg_face_1,cerrado,B10,100.1597,0.11565,9.3697,22.0539,100.0,7.399,CRITICA,9.7379,0.373363,25.3661,77.9813,0.208429,0.221469,80.2242,91.4997,1,1,1346.076,nan
closed_eye_2363.jpg_face_1,cerrado,B15,100.1597,0.11565,14.5064,29.1388,99.8006,11.1516,CRITICA,10.5363,0.506543,23.6957,70.9077,0.202746,0.199144,75.3104,72.1961,1,1,1763.357,nan
closed_eye_2363.jpg_face_1,cerrado,B25,100.1597,0.11565,24.4295,44.8807,91.5804,20.6868,CRITICA,12.6825,0.715189,20.1929,55.1908,0.177944,0.175438,53.8647,51.6972,1,1,1817.851,nan
closed_eye_2363.jpg_face_1,cerrado,B40,100.1597,0.11565,39.4374,66.2295,73.522,30.3983,CRITICA,16.0994,0.808177,17.5941,33.8761,0.107172,0.145339,7.3302,25.6715,1,1,1640.151,nan
closed_eye_2367.jpg_face_1,cerrado,B5,121.3948,0.128038,4.6588,17.1277,100.0,4.3125,CRITICA,7.1116,0.164378,25.8181,85.8909,0.199536,nan,55.8411,nan,1,1,2832.059,nan
closed_eye_2367.jpg_face_1,cerrado,B10,121.3948,0.128038,9.4123,26.5528,100.0,7.1094,CRITICA,7.8413,0.27663,23.1828,78.1269,0.172244,0.195291,34.5254,52.5254,1,1,2901.074,nan
closed_eye_2367.jpg_face_1,cerrado,B15,121.3948,0.128038,14.4741,34.601,99.3802,11.5548,CRITICA,8.6278,0.397268,21.3213,71.4971,0.157595,0.175538,23.084,37.0983,1,1,2724.053,nan
closed_eye_2367.jpg_face_1,cerrado,B25,121.3948,0.128038,24.5179,57.6942,82.5207,23.1147,CRITICA,11.2371,0.678174,16.664,52.4739,0.141955,0.158052,10.869,23.4408,1,1,2955.956,nan
closed_eye_2367.jpg_face_1,cerrado,B40,121.3948,0.128038,39.4921,84.966,44.124,34.5367,BIEN,15.5147,0.8136,13.87,30.0085,0.128523,0.147448,0.3781,15.1589,1,1,1940.241,nan
closed_eye_2372.jpg_face_1,cerrado,B5,85.7308,0.13536,4.4558,18.3983,100.0,4.5536,CRITICA,10.1906,0.210147,25.0679,78.5394,0.128398,nan,5.1429,nan,1,1,5546.312,nan
closed_eye_2372.jpg_face_1,cerrado,B10,85.7308,0.13536,9.4339,25.4617,100.0,7.907,CRITICA,11.0591,0.332655,23.6588,70.3005,0.117804,0.177797,12.9697,31.3517,1,1,5339.028,nan
closed_eye_2372.jpg_face_1,cerrado,B15,85.7308,0.13536,14.4478,33.0725,100.0,12.2269,CRITICA,12.1947,0.481066,22.0659,61.4229,0.140761,0.163032,3.9902,20.4438,1,1,5089.058,nan
closed_eye_2372.jpg_face_1,cerrado,B25,85.7308,0.13536,24.5092,52.0264,88.5278,23.7001,CRITICA,15.6012,0.711085,18.3062,39.3143,0.1439,0.159799,6.3091,18.0554,1,1,4246.284,nan
closed_eye_2372.jpg_face_1,cerrado,B40,85.7308,0.13536,39.4394,72.2033,50.8056,33.2178,CRITICA,20.3549,0.745776,16.6685,15.779,0.120307,0.135549,11.1207,0.1402,1,1,4456.328,nan
closed_eye_2372.jpg_face_2,cerrado,B5,92.6805,0.150862,4.4752,16.4706,100.0,4.0184,CRITICA,9.8987,0.192538,26.2046,82.2286,nan,nan,nan,nan,1,0,4349.717,nan
closed_eye_2372.jpg_face_2,cerrado,B10,92.6805,0.150862,9.3672,24.3546,100.0,5.5533,CRITICA,10.7559,0.328105,24.2673,73.722,0.126327,nan,16.2628,nan,1,1,4512.635,nan
closed_eye_2372.jpg_face_2,cerrado,B15,92.6805,0.150862,14.4574,31.2613,100.0,8.2625,CRITICA,11.6622,0.463609,22.9786,66.2698,0.176601,0.21385,17.0617,41.7523,1,1,5624.297,nan
closed_eye_2372.jpg_face_2,cerrado,B25,92.6805,0.150862,24.4685,50.0154,96.7375,15.9746,CRITICA,14.575,0.719288,19.118,46.0346,0.139243,0.198069,7.7013,31.2918,1,1,4960.317,nan
closed_eye_2372.jpg_face_2,cerrado,B40,92.6805,0.150862,39.4749,73.0422,58.7258,24.6942,CRITICA,19.1363,0.772666,16.534,21.1893,0.082424,0.18118,45.3647,20.0967,1,1,3415.301,nan
closed_eye_2377.jpg_face_2,cerrado,B5,80.971,0.036359,4.5173,17.0636,100.0,4.5116,CRITICA,10.7727,0.268527,25.8693,78.9263,0.093912,0.154832,158.2907,325.8428,1,1,610.948,nan
closed_eye_2377.jpg_face_2,cerrado,B10,80.971,0.036359,9.4832,26.2128,100.0,8.9504,CRITICA,11.9149,0.428417,23.0283,67.627,0.088407,0.113069,143.151,210.9796,1,1,479.272,nan
closed_eye_2377.jpg_face_2,cerrado,B15,80.971,0.036359,14.5041,36.3218,97.8324,16.3383,CRITICA,13.5442,0.613422,20.2637,55.1422,0.098041,0.072802,169.6481,100.2306,1,1,587.061,nan
closed_eye_2377.jpg_face_2,cerrado,B25,80.971,0.036359,24.4726,59.238,74.9148,32.4351,CRITICA,17.7254,0.784173,15.7113,26.8405,0.080037,0.046437,120.131,27.7177,1,1,674.673,nan
closed_eye_2377.jpg_face_2,cerrado,B40,80.971,0.036359,39.5004,86.3834,49.3789,45.1393,BIEN,18.8223,0.68008,13.1475,6.6844,0.078754,0.033786,116.6008,7.0765,1,1,631.752,nan
closed_eye_2379.jpg_face_1,cerrado,B5,147.3346,0.062132,4.3916,16.4958,100.0,5.6084,CRITICA,4.7581,0.246408,26.0251,88.8038,0.119538,nan,92.3921,nan,1,1,41.911,nan
closed_eye_2379.jpg_face_1,cerrado,B10,147.3346,0.062132,9.3736,22.8547,100.0,9.5302,CRITICA,5.1845,0.31098,24.7564,84.4879,0.061823,0.149431,0.4971,140.5045,1,1,45.658,nan
closed_eye_2379.jpg_face_1,cerrado,B15,147.3346,0.062132,14.5008,31.277,100.0,14.6714,CRITICA,5.7847,0.40372,22.4744,78.7714,0.054136,0.11371,12.869,83.0131,1,1,49.386,nan
closed_eye_2379.jpg_face_1,cerrado,B25,147.3346,0.062132,24.4944,50.1085,85.9032,26.7023,CRITICA,7.2679,0.569886,18.3822,65.99,0.048403,0.082838,22.0965,33.3258,1,1,47.156,nan
closed_eye_2379.jpg_face_1,cerrado,B40,147.3346,0.062132,39.4534,70.5198,57.2146,37.5052,CRITICA,9.0557,0.713179,16.416,52.1363,0.049945,0.057097,19.6146,8.1035,1,1,41.599,nan
closed_eye_2383.jpg_face_2,cerrado,B5,144.3658,0.075292,4.3662,16.0559,100.0,3.7007,CRITICA,5.4446,0.150863,26.6044,88.8783,0.205606,0.219939,173.0793,192.1158,1,1,954.927,nan
closed_eye_2383.jpg_face_2,cerrado,B10,144.3658,0.075292,9.3975,22.9451,100.0,5.3189,CRITICA,5.8986,0.22819,25.1457,84.1062,0.108273,0.157876,43.8039,109.6852,1,1,957.763,nan
closed_eye_2383.jpg_face_2,cerrado,B15,144.3658,0.075292,14.4762,30.3418,100.0,8.1472,CRITICA,6.442,0.324445,23.5312,78.9827,0.103757,0.142052,37.8068,88.6686,1,1,898.796,nan
closed_eye_2383.jpg_face_2,cerrado,B25,144.3658,0.075292,24.5289,49.8904,96.3511,17.0605,CRITICA,8.0332,0.560184,19.1643,65.4417,0.095482,0.107615,26.8165,42.9307,1,1,1001.001,nan
closed_eye_2383.jpg_face_2,cerrado,B40,144.3658,0.075292,39.4936,73.8747,56.2751,27.1045,CRITICA,10.3266,0.733475,16.2412,48.8281,0.101323,0.097894,34.5744,30.0201,1,1,965.437,nan
closed_eye_2384.jpg_face_1,cerrado,B5,104.523,0.062131,4.3567,19.6755,100.0,7.1817,CRITICA,7.927,0.196292,24.0762,81.1759,0.153954,0.168634,147.7903,171.4182,1,1,3405.994,nan
closed_eye_2384.jpg_face_1,cerrado,B10,104.523,0.062131,9.4633,27.6003,100.0,11.4166,CRITICA,8.7194,0.315319,22.4606,73.594,0.088404,0.099333,42.2875,59.8775,1,1,3448.276,nan
closed_eye_2384.jpg_face_1,cerrado,B15,104.523,0.062131,14.4894,36.9936,99.7088,18.1123,CRITICA,9.8306,0.483917,20.2764,64.6072,0.093405,0.101539,50.337,63.4283,1,1,3727.171,nan
closed_eye_2384.jpg_face_1,cerrado,B25,104.523,0.062131,24.5018,58.3086,67.3012,32.9298,CRITICA,12.8238,0.744956,16.3163,44.2145,0.082114,0.083139,32.164,33.8126,1,1,3041.363,nan
closed_eye_2384.jpg_face_1,cerrado,B40,104.523,0.062131,39.4662,78.6119,49.1489,44.8315,CRITICA,16.6014,0.853942,14.9412,24.7899,0.05957,0.068948,4.1206,10.972,1,1,3700.962,nan
closed_eye_2386.jpg_face_1,cerrado,B5,99.11,0.074554,4.4295,19.92,100.0,7.5365,CRITICA,8.5414,0.209167,23.9237,79.9011,0.163187,0.198648,118.8835,166.4482,1,1,3412.969,nan
closed_eye_2386.jpg_face_1,cerrado,B10,99.11,0.074554,9.4783,28.0718,99.9889,12.5708,CRITICA,9.4407,0.340483,22.1268,71.6761,0.097294,0.149362,30.5006,100.34,1,1,2979.738,nan
closed_eye_2386.jpg_face_1,cerrado,B15,99.11,0.074554,14.5014,37.8114,97.6066,19.942,CRITICA,10.7022,0.506882,19.7209,61.8491,0.090612,0.129486,21.5385,73.6801,1,1,2665.956,nan
closed_eye_2386.jpg_face_1,cerrado,B25,99.11,0.074554,24.5291,59.0724,69.6177,33.5643,CRITICA,13.9754,0.757583,16.0619,40.3972,0.093375,0.082149,25.2446,10.1871,1,1,3603.604,nan
closed_eye_2386.jpg_face_1,cerrado,B40,99.11,0.074554,39.5087,80.5782,46.8809,47.2069,BIEN,18.5022,0.84327,14.3634,18.6983,0.10324,0.090103,38.4759,20.8556,1,1,3312.355,nan
closed_eye_2395.jpg_face_1,cerrado,B5,108.3073,0.090225,4.3963,16.0848,100.0,4.8655,CRITICA,7.5325,0.232068,26.5363,85.1489,0.208245,nan,130.8065,nan,1,1,1938.736,nan
closed_eye_2395.jpg_face_1,cerrado,B10,108.3073,0.090225,9.4145,22.7944,100.0,7.5999,CRITICA,8.1381,0.326519,25.196,78.954,0.146963,0.194083,62.8854,115.1096,1,1,2627.43,nan
closed_eye_2395.jpg_face_1,cerrado,B15,108.3073,0.090225,14.5006,30.9703,100.0,12.4809,CRITICA,9.0019,0.453276,23.1096,71.4052,0.102892,0.157584,14.0394,74.6565,1,1,2151.463,nan
closed_eye_2395.jpg_face_1,cerrado,B25,108.3073,0.090225,24.5228,51.8585,89.3188,24.8662,CRITICA,11.5075,0.690069,18.2643,52.1192,0.079208,0.133102,12.2107,47.5219,1,1,1810.282,nan
closed_eye_2395.jpg_face_1,cerrado,B40,108.3073,0.090225,39.4977,78.2565,45.1838,39.4564,CRITICA,15.6319,0.798088,15.015,27.7459,0.072942,0.122141,19.1559,35.3741,1,1,2576.656,nan
closed_eye_2395.jpg_face_2,cerrado,B5,130.6033,0.051108,4.3861,15.6705,100.0,3.6523,CRITICA,6.427,0.163952,26.8341,88.0014,nan,nan,nan,nan,1,0,1868.81,nan
closed_eye_2395.jpg_face_2,cerrado,B10,130.6033,0.051108,9.4232,22.4948,100.0,4.9556,CRITICA,6.919,0.249939,25.5654,82.7763,0.198203,nan,287.8152,nan,1,1,1667.5,nan
closed_eye_2395.jpg_face_2,cerrado,B15,130.6033,0.051108,14.5525,29.5298,100.0,7.234,CRITICA,7.4883,0.352087,24.1194,77.3897,0.098815,0.190986,93.3471,273.6953,1,1,2083.333,nan
closed_eye_2395.jpg_face_2,cerrado,B25,130.6033,0.051108,24.5066,46.7015,98.0671,15.216,CRITICA,9.0739,0.581781,20.2372,64.2417,0.049064,0.151185,3.9977,195.8171,1,1,2142.245,nan
closed_eye_2395.jpg_face_2,cerrado,B40,130.6033,0.051108,39.4931,74.1365,58.9452,25.5039,CRITICA,11.9336,0.746798,16.154,43.2353,0.050935,0.102616,0.3383,100.7845,1,1,2261.42,nan
closed_eye_2403.jpg_face_1,cerrado,B5,152.9531,0.06349,4.355,16.5936,100.0,4.439,CRITICA,4.8723,0.12246,26.2044,89.1512,0.140936,nan,121.9804,nan,1,1,3168.568,nan
closed_eye_2403.jpg_face_1,cerrado,B10,152.9531,0.06349,9.4096,24.6875,100.0,6.2923,CRITICA,5.3799,0.194031,24.1303,83.8594,0.104739,0.155889,64.9687,145.5312,1,1,3469.812,nan
closed_eye_2403.jpg_face_1,cerrado,B15,152.9531,0.06349,14.5276,33.7543,100.0,10.5765,CRITICA,6.0292,0.29546,21.8363,77.9316,0.113155,0.125113,78.2237,97.058,1,1,3077.87,nan
closed_eye_2403.jpg_face_1,cerrado,B25,152.9531,0.06349,24.4938,55.2197,90.5048,20.006,CRITICA,7.7146,0.522569,17.6178,63.8976,0.101274,0.103521,59.5111,63.0492,1,1,3549.876,nan
closed_eye_2403.jpg_face_1,cerrado,B40,152.9531,0.06349,39.4637,80.2525,39.7467,30.172,BIEN,10.2077,0.721416,15.0923,47.5313,0.081928,0.078465,29.0396,23.5851,1,1,3262.643,nan
closed_eye_2413.jpg_face_1,cerrado,B5,181.2258,0.098434,4.3263,14.6657,100.0,3.2188,CRITICA,3.3621,0.100718,27.5307,91.9075,0.199937,nan,103.1189,nan,1,1,1257.387,nan
closed_eye_2413.jpg_face_1,cerrado,B10,181.2258,0.098434,9.495,22.6304,100.0,4.0697,CRITICA,3.7735,0.163935,25.4032,87.5126,0.213768,nan,117.1695,nan,1,1,1243.008,nan
closed_eye_2413.jpg_face_1,cerrado,B15,181.2258,0.098434,14.5189,28.1801,100.0,5.6749,CRITICA,4.0669,0.214492,24.8373,84.4503,0.197199,nan,100.3369,nan,1,1,1232.438,nan
closed_eye_2413.jpg_face_1,cerrado,B25,181.2258,0.098434,24.4917,45.8781,99.3562,12.6387,CRITICA,5.1133,0.39638,20.5801,74.6845,0.172789,0.186459,75.5385,89.4261,1,1,1232.286,nan
closed_eye_2413.jpg_face_1,cerrado,B40,181.2258,0.098434,39.4847,70.7962,70.7531,21.2412,CRITICA,6.758,0.595978,16.9593,60.9348,0.144517,0.169446,46.8171,72.1426,1,1,1250.625,nan
closed_eye_2413.jpg_face_3,cerrado,B5,172.0687,0.040913,4.3219,16.2862,100.0,3.6292,CRITICA,3.785,0.114596,26.2943,90.535,nan,nan,nan,nan,1,0,1128.413,nan
closed_eye_2413.jpg_face_3,cerrado,B10,172.0687,0.040913,9.5835,24.032,100.0,5.0909,CRITICA,4.2055,0.178043,24.5163,86.0335,0.127863,nan,212.5204,nan,1,1,1155.535,nan
closed_eye_2413.jpg_face_3,cerrado,B15,172.0687,0.040913,14.4874,31.2689,100.0,7.9861,CRITICA,4.6084,0.245884,23.0227,81.8277,0.081624,nan,99.5042,nan,1,1,1107.665,nan
closed_eye_2413.jpg_face_3,cerrado,B25,172.0687,0.040913,24.4831,51.1204,96.0166,16.1396,CRITICA,5.9148,0.451983,18.8063,70.2907,0.07576,0.100126,85.1718,144.7269,1,1,1036.914,nan
closed_eye_2413.jpg_face_3,cerrado,B40,172.0687,0.040913,39.5103,76.5321,53.7854,26.0801,CRITICA,7.783,0.638056,15.5993,55.5224,0.079324,0.054927,93.8833,34.2527,1,1,1046.463,nan
closed_eye_2440.jpg_face_1,cerrado,B5,114.7499,0.048612,4.481,17.6963,100.0,5.4645,CRITICA,7.1636,0.177582,25.381,84.5783,0.132518,nan,172.6,nan,1,1,906.125,nan
closed_eye_2440.jpg_face_1,cerrado,B10,114.7499,0.048612,9.4706,26.2222,100.0,9.1084,CRITICA,7.8574,0.288628,23.2237,77.1484,0.165397,0.203945,240.236,319.5319,1,1,1304.972,nan
closed_eye_2440.jpg_face_1,cerrado,B15,114.7499,0.048612,14.353,35.9666,99.989,15.2073,CRITICA,8.8363,0.437527,20.6343,68.6565,0.055975,0.09289,15.1463,91.0829,1,1,1358.142,nan
closed_eye_2440.jpg_face_1,cerrado,B25,114.7499,0.048612,24.4996,58.8925,73.2546,29.4668,CRITICA,11.5896,0.702077,16.1911,48.6775,0.056505,0.072863,16.2352,49.8857,1,1,1373.626,nan
closed_eye_2440.jpg_face_1,cerrado,B40,114.7499,0.048612,39.5316,82.134,46.5667,41.086,BIEN,14.8395,0.819457,14.1145,28.4235,0.061432,0.070131,26.3714,44.2657,1,1,1383.7,nan
closed_eye_2448.jpg_face_1,cerrado,B5,194.4485,0.025297,4.4057,18.8933,100.0,3.8091,CRITICA,3.0323,0.072388,24.659,90.2837,0.222325,nan,778.8514,nan,1,1,5213.764,nan
closed_eye_2448.jpg_face_1,cerrado,B10,194.4485,0.025297,9.3199,25.8569,100.0,5.6218,CRITICA,3.3547,0.113789,23.3496,86.7024,0.050503,0.235164,99.638,829.6045,1,1,5602.241,nan
closed_eye_2448.jpg_face_1,cerrado,B15,194.4485,0.025297,14.5539,33.1946,100.0,8.3762,CRITICA,3.7526,0.186717,22.0495,82.9288,0.021748,0.110428,14.0308,336.5229,1,1,6309.148,nan
closed_eye_2448.jpg_face_1,cerrado,B25,194.4485,0.025297,24.4215,50.532,96.936,15.0595,CRITICA,4.7081,0.355984,18.8811,74.0127,0.030338,0.083646,19.9268,230.6516,1,1,5899.706,nan
closed_eye_2448.jpg_face_1,cerrado,B40,194.4485,0.025297,39.5013,73.2673,60.8418,22.2854,CRITICA,6.1477,0.528785,16.556,62.3204,0.029106,0.044905,15.0548,77.5082,1,1,5540.166,nan
closed_eye_2461.jpg_face_1,cerrado,B5,164.8005,0.135761,4.3448,12.025,100.0,3.0638,CRITICA,4.1921,0.069012,30.1058,92.7033,0.204942,nan,50.9577,nan,1,1,3417.635,nan
closed_eye_2461.jpg_face_1,cerrado,B10,164.8005,0.135761,9.5264,19.5207,100.0,4.4941,CRITICA,4.62,0.128647,27.8279,88.155,0.155876,nan,14.8168,nan,1,1,4306.632,nan
closed_eye_2461.jpg_face_1,cerrado,B15,164.8005,0.135761,14.552,25.9168,100.0,6.616,CRITICA,5.0154,0.18298,26.4884,84.2738,0.127404,0.146717,6.1559,8.0701,1,1,3614.022,nan
closed_eye_2461.jpg_face_1,cerrado,B25,164.8005,0.135761,24.5251,43.0293,99.3141,13.2081,CRITICA,6.1726,0.354336,22.0554,73.8901,0.130809,0.121285,3.6479,10.6629,1,1,4260.759,nan
closed_eye_2461.jpg_face_1,cerrado,B40,164.8005,0.135761,39.4829,67.7791,73.312,20.6716,CRITICA,8.095,0.589245,18.3117,58.872,0.131732,0.120219,2.9674,11.4478,1,1,4317.789,nan
closed_eye_2463.jpg_face_2,cerrado,B5,179.9869,0.104842,4.4997,16.6631,100.0,5.0303,CRITICA,3.2327,0.117031,25.8847,90.7421,0.128528,0.16421,22.5929,56.627,1,1,1009.184,nan
closed_eye_2463.jpg_face_2,cerrado,B10,179.9869,0.104842,9.5652,25.1387,100.0,7.9142,CRITICA,3.6659,0.18301,23.5959,86.0331,0.112648,0.122712,7.4458,17.0449,1,1,906.125,nan
closed_eye_2463.jpg_face_2,cerrado,B15,179.9869,0.104842,14.5393,32.6587,100.0,12.0194,CRITICA,4.07,0.247306,21.8361,81.855,0.131006,0.107604,24.9567,2.6349,1,1,661.813,nan
closed_eye_2463.jpg_face_2,cerrado,B25,179.9869,0.104842,24.5224,53.9221,84.3952,22.4823,CRITICA,5.3811,0.436898,17.3795,70.0411,0.112241,0.094583,7.0579,9.7848,1,1,895.817,nan
closed_eye_2463.jpg_face_2,cerrado,B40,179.9869,0.104842,39.5636,77.6268,53.6203,32.1636,CRITICA,7.0693,0.603407,15.0093,56.8709,0.129753,0.091755,23.7614,12.4821,1,1,834.516,nan
closed_eye_2464.jpg_face_2,cerrado,B5,71.9415,0.058709,4.4733,12.0022,100.0,4.5339,CRITICA,11.7087,0.230039,30.0408,83.3168,0.142783,nan,143.2033,nan,1,1,3636.364,nan
closed_eye_2464.jpg_face_2,cerrado,B10,71.9415,0.058709,9.4636,19.6455,100.0,6.9524,CRITICA,12.8045,0.405739,27.4666,72.6924,0.092191,0.133399,57.0284,127.2184,1,1,3695.491,nan
closed_eye_2464.jpg_face_2,cerrado,B15,71.9415,0.058709,14.481,26.4336,100.0,11.1178,CRITICA,14.0444,0.557467,25.6225,63.2568,0.073296,0.104573,24.846,78.1188,1,1,4040.404,nan
closed_eye_2464.jpg_face_2,cerrado,B25,71.9415,0.058709,24.4901,42.7631,93.6111,20.9183,CRITICA,17.8793,0.819635,21.5237,40.5585,0.068553,0.082869,16.7663,41.151,1,1,4506.534,nan
closed_eye_2464.jpg_face_2,cerrado,B40,71.9415,0.058709,39.5321,65.8745,67.1914,30.295,CRITICA,25.4942,0.883157,18.4855,8.4332,0.048131,0.063747,18.0185,8.5801,1,1,4304.778,nan
closed_eye_2466.jpg_face_1,cerrado,B5,138.7548,0.066253,4.3995,16.227,100.0,4.5093,CRITICA,5.6771,0.156993,26.372,88.3053,0.086837,nan,31.0684,nan,1,1,1124.606,nan
closed_eye_2466.jpg_face_1,cerrado,B10,138.7548,0.066253,9.4595,24.221,100.0,6.5882,CRITICA,6.2247,0.244909,24.4977,82.544,0.062412,0.107471,5.7972,62.2142,1,1,1166.453,nan
closed_eye_2466.jpg_face_1,cerrado,B15,138.7548,0.066253,14.4773,31.7035,100.0,10.5596,CRITICA,6.8283,0.339447,22.833,77.1515,0.05519,0.087601,16.6976,32.2221,1,1,1139.471,nan
closed_eye_2466.jpg_face_1,cerrado,B25,138.7548,0.066253,24.4774,50.7118,91.218,20.6086,CRITICA,8.5223,0.565073,18.7285,63.4522,0.065376,0.078646,1.3233,18.7055,1,1,1182.173,nan
closed_eye_2466.jpg_face_1,cerrado,B40,138.7548,0.066253,39.5156,75.6802,53.8025,30.9364,CRITICA,11.1455,0.745749,15.8302,45.4576,0.043176,0.064075,34.8307,3.2864,1,1,1115.573,nan
closed_eye_2476.jpg_face_1,cerrado,B5,132.222,0.095415,4.3896,16.6533,100.0,5.486,CRITICA,5.8681,0.233099,25.963,87.4051,0.098716,nan,3.4597,nan,1,1,768.876,nan
closed_eye_2476.jpg_face_1,cerrado,B10,132.222,0.095415,9.3483,23.5046,100.0,7.4852,CRITICA,6.3251,0.320435,24.707,82.2233,0.085473,0.157777,10.4202,65.3585,1,1,965.531,nan
closed_eye_2476.jpg_face_1,cerrado,B15,132.222,0.095415,14.4726,31.5383,100.0,11.8584,CRITICA,6.9802,0.417971,22.8126,76.1475,0.09053,0.100602,5.12,5.4358,1,1,962.835,nan
closed_eye_2476.jpg_face_1,cerrado,B25,132.222,0.095415,24.5448,50.9539,88.9731,23.2689,CRITICA,8.7458,0.617988,18.5725,61.4634,0.092277,0.095004,3.2889,0.4308,1,1,889.917,nan
closed_eye_2476.jpg_face_1,cerrado,B40,132.222,0.095415,39.481,70.833,52.5016,32.984,CRITICA,10.9033,0.753255,16.8083,46.4288,0.086964,0.087342,8.8576,8.4607,1,1,854.92,nan
closed_eye_2481.jpg_face_1,cerrado,B5,188.0671,0.075312,4.3961,23.1623,100.0,3.5735,CRITICA,3.548,0.065981,22.5147,87.684,nan,nan,nan,nan,1,0,5903.187,nan
closed_eye_2481.jpg_face_1,cerrado,B10,188.0671,0.075312,9.3725,30.1614,100.0,7.4345,CRITICA,3.9292,0.135155,21.4035,83.9625,0.082203,0.198208,9.1504,163.1826,1,1,5910.166,nan
closed_eye_2481.jpg_face_1,cerrado,B15,188.0671,0.075312,14.4691,38.6449,100.0,10.635,CRITICA,4.3843,0.204467,19.982,79.4515,0.080008,0.150382,6.2354,99.6788,1,1,6830.601,nan
closed_eye_2481.jpg_face_1,cerrado,B25,188.0671,0.075312,24.4309,59.2261,83.913,20.2141,CRITICA,5.6796,0.401319,16.379,68.508,0.063322,0.13891,15.9206,84.4457,1,1,6548.789,nan
closed_eye_2481.jpg_face_1,cerrado,B40,188.0671,0.075312,39.4879,81.401,47.0048,27.9681,BIEN,7.2093,0.562326,14.5526,56.7171,0.075806,0.122808,0.6561,63.0661,1,1,5546.312,nan
closed_eye_2488.jpg_face_1,cerrado,B5,166.3644,0.055689,4.4201,15.7312,100.0,4.3321,CRITICA,4.2507,0.088586,26.6808,90.5441,0.164766,nan,195.8685,nan,1,1,2532.287,nan
closed_eye_2488.jpg_face_1,cerrado,B10,166.3644,0.055689,9.4985,24.6622,100.0,6.6912,CRITICA,4.7544,0.159898,24.0804,85.1758,0.118136,0.160938,112.1357,188.9953,1,1,2656.042,nan
closed_eye_2488.jpg_face_1,cerrado,B15,166.3644,0.055689,14.4783,32.9731,100.0,10.2556,CRITICA,5.2753,0.246073,22.0585,80.1802,0.09865,0.136,77.1442,144.2131,1,1,2732.987,nan
closed_eye_2488.jpg_face_1,cerrado,B25,166.3644,0.055689,24.478,54.5589,87.4705,20.6111,CRITICA,6.7928,0.485146,17.4526,67.2052,0.090026,0.10102,61.6588,81.4,1,1,2531.005,nan
closed_eye_2488.jpg_face_1,cerrado,B40,166.3644,0.055689,39.4999,83.8965,46.1907,31.3756,BIEN,9.203,0.680668,14.0582,49.5706,0.081567,0.087372,46.4694,56.8927,1,1,2547.771,nan
closed_eye_2491.jpg_face_1,cerrado,B5,163.7509,0.048206,4.4734,17.1252,100.0,4.6759,CRITICA,4.2881,0.077429,25.7009,89.5419,0.158712,0.199545,229.24,313.9472,1,1,1702.707,nan
closed_eye_2491.jpg_face_1,cerrado,B10,163.7509,0.048206,9.4986,27.1782,100.0,7.5727,CRITICA,4.863,0.149578,22.8753,83.4027,0.079781,0.174331,65.5014,261.6403,1,1,1468.213,nan
closed_eye_2491.jpg_face_1,cerrado,B15,163.7509,0.048206,14.4682,35.407,100.0,11.4901,CRITICA,5.4009,0.232532,21.1128,78.3775,0.083374,0.111371,72.9545,131.0346,1,1,1621.008,nan
closed_eye_2491.jpg_face_1,cerrado,B25,163.7509,0.048206,24.4742,55.5393,86.4521,21.6779,CRITICA,6.9025,0.47014,17.3374,66.0831,0.083195,0.085327,72.5844,77.0076,1,1,1783.485,nan
closed_eye_2491.jpg_face_1,cerrado,B40,163.7509,0.048206,39.5127,83.0842,44.871,33.5442,BIEN,9.2045,0.695307,14.1735,49.2619,0.071172,0.067524,47.6428,40.0762,1,1,1585.54,nan
closed_eye_2495.jpg_face_1,cerrado,B5,181.2672,0.069288,4.2988,14.8206,100.0,3.1691,CRITICA,3.5214,0.105341,27.3864,91.8239,nan,nan,nan,nan,1,0,1199.472,nan
closed_eye_2495.jpg_face_1,cerrado,B10,181.2672,0.069288,9.3104,22.8091,100.0,4.6106,CRITICA,3.9251,0.166234,25.1664,87.4169,nan,nan,nan,nan,1,0,1303.101,nan
closed_eye_2495.jpg_face_1,cerrado,B15,181.2672,0.069288,14.3774,28.8528,100.0,6.8711,CRITICA,4.2478,0.220483,24.3025,84.0827,0.120881,0.130132,74.4617,87.8137,1,1,1360.174,nan
closed_eye_2495.jpg_face_1,cerrado,B25,181.2672,0.069288,24.497,47.027,98.3959,14.2921,CRITICA,5.3437,0.398403,19.945,74.0565,0.081499,0.094754,17.6236,36.7541,1,1,1397.624,nan
closed_eye_2495.jpg_face_1,cerrado,B40,181.2672,0.069288,39.4931,70.7656,65.3733,22.3066,CRITICA,6.9517,0.573951,16.9806,60.9606,0.073259,0.073378,5.7313,5.9034,1,1,1358.142,nan
closed_eye_2500.jpg_face_1,cerrado,B5,169.9372,0.091824,4.4942,16.2606,100.0,4.6671,CRITICA,3.7765,0.112146,26.2596,90.4314,0.170357,nan,85.5248,nan,1,1,1450.116,nan
closed_eye_2500.jpg_face_1,cerrado,B10,169.9372,0.091824,9.514,24.6481,100.0,7.1192,CRITICA,4.2171,0.175402,24.1014,85.4958,0.132907,0.174804,44.7407,90.3679,1,1,1052.41,nan
closed_eye_2500.jpg_face_1,cerrado,B15,169.9372,0.091824,14.4286,31.4386,100.0,10.1838,CRITICA,4.6279,0.24256,22.9143,81.4999,0.123257,0.163543,34.2311,78.1049,1,1,1819.505,nan
closed_eye_2500.jpg_face_1,cerrado,B25,169.9372,0.091824,24.5259,50.5264,93.6795,19.5022,CRITICA,5.9149,0.441455,18.8779,70.2676,0.141177,0.147594,53.7469,60.7353,1,1,1642.306,nan
closed_eye_2500.jpg_face_1,cerrado,B40,169.9372,0.091824,39.523,75.9833,51.3217,30.6801,CRITICA,7.8594,0.647563,15.7353,55.2874,0.107633,0.146318,17.2164,59.3462,1,1,1735.207,nan
closed_eye_2501.jpg_face_2,cerrado,B5,135.0347,0.076908,4.3651,17.7346,100.0,5.6389,CRITICA,5.485,0.156264,25.3108,86.8667,0.088756,0.183772,15.4046,138.9492,1,1,2242.655,nan
closed_eye_2501.jpg_face_2,cerrado,B10,135.0347,0.076908,9.4007,26.3011,100.0,10.2518,CRITICA,6.0984,0.243027,23.0255,80.5227,0.076098,0.091836,1.0542,19.4088,1,1,2247.696,nan
closed_eye_2501.jpg_face_2,cerrado,B15,135.0347,0.076908,14.4606,36.3355,99.555,17.0546,CRITICA,6.9186,0.361653,20.3384,73.0917,0.082089,0.077061,6.7364,0.1977,1,1,2054.232,nan
closed_eye_2501.jpg_face_2,cerrado,B25,135.0347,0.076908,24.5095,59.6066,73.7738,32.7432,CRITICA,9.0088,0.587321,15.7487,55.8583,0.073043,0.077666,5.0266,0.9845,1,1,2140.411,nan
closed_eye_2501.jpg_face_2,cerrado,B40,135.0347,0.076908,39.4881,83.7049,40.7893,45.5537,BIEN,11.7084,0.735758,13.7187,38.0123,0.070751,0.081639,8.0063,6.1514,1,1,2103.934,nan
closed_eye_2504.jpg_face_1,cerrado,B5,182.442,0.091014,4.2918,15.072,100.0,3.6267,CRITICA,3.3182,0.084689,27.1739,91.7388,0.226784,nan,149.1743,nan,1,1,1564.945,nan
closed_eye_2504.jpg_face_1,cerrado,B10,182.442,0.091014,9.4296,22.3234,100.0,5.0635,CRITICA,3.6845,0.137843,25.6301,87.7641,nan,nan,nan,nan,1,0,2479.544,nan
closed_eye_2504.jpg_face_1,cerrado,B15,182.442,0.091014,14.4303,28.2792,100.0,7.8198,CRITICA,4.0206,0.1915,24.6804,84.4996,0.13642,0.164023,49.888,80.2168,1,1,2366.864,nan
closed_eye_2504.jpg_face_1,cerrado,B25,182.442,0.091014,24.4551,46.2185,97.7119,16.152,CRITICA,5.1031,0.376165,20.2525,74.6668,0.134661,0.214046,47.9557,135.1784,1,1,2196.837,nan
closed_eye_2504.jpg_face_1,cerrado,B40,182.442,0.091014,39.4697,72.4429,62.1509,26.6975,CRITICA,6.8607,0.582291,16.4323,60.2926,0.123283,0.201885,35.455,121.8173,1,1,2210.433,nan
closed_eye_2506.jpg_face_1,cerrado,B5,143.0911,0.114048,4.4141,26.2192,100.0,6.187,CRITICA,5.548,0.090014,21.0971,81.6766,0.200972,nan,76.2172,nan,1,1,6389.776,nan
closed_eye_2506.jpg_face_1,cerrado,B10,143.0911,0.114048,9.3663,37.9431,99.6094,13.6798,CRITICA,6.4391,0.235553,18.4928,73.4832,0.194814,0.191867,70.818,68.2337,1,1,5571.031,nan
closed_eye_2506.jpg_face_1,cerrado,B15,143.0911,0.114048,14.4488,49.6476,91.9705,20.9327,CRITICA,7.4084,0.380475,16.4333,65.3035,0.140452,0.177383,23.1521,55.5336,1,1,6381.621,nan
closed_eye_2506.jpg_face_1,cerrado,B25,143.0911,0.114048,24.4575,70.6615,58.8108,33.4031,CRITICA,9.3602,0.615893,13.7881,50.6179,0.138582,0.178841,21.5124,56.8124,1,1,6464.124,nan
closed_eye_2506.jpg_face_1,cerrado,B40,143.0911,0.114048,39.4761,91.0751,39.6267,43.2588,BIEN,11.541,0.733164,12.6973,36.3517,0.159119,0.156433,39.5198,37.1641,1,1,6455.778,nan
closed_eye_2511.jpg_face_1,cerrado,B5,121.9924,0.133789,4.3823,24.604,100.0,5.9277,CRITICA,6.9729,0.142933,21.7837,79.8315,nan,nan,nan,nan,1,0,6176.653,nan
closed_eye_2511.jpg_face_1,cerrado,B10,121.9924,0.133789,9.4717,34.3909,99.9495,13.551,CRITICA,7.9289,0.300821,19.5635,71.809,0.205529,nan,53.6213,nan,1,1,5858.231,nan
closed_eye_2511.jpg_face_1,cerrado,B15,121.9924,0.133789,14.4268,45.5121,89.3434,22.869,CRITICA,9.1588,0.495594,17.1742,62.6927,0.168718,0.195209,26.1074,45.9076,1,1,5109.863,nan
closed_eye_2511.jpg_face_1,cerrado,B25,121.9924,0.133789,24.5434,64.5965,68.6364,34.8798,CRITICA,11.5401,0.715594,14.7021,47.0488,0.095443,0.166948,28.6615,24.7839,1,1,6090.134,nan
closed_eye_2511.jpg_face_1,cerrado,B40,121.9924,0.133789,39.4914,86.3303,49.3434,44.5072,BIEN,14.3702,0.784985,13.2509,29.2331,0.080573,0.132706,39.776,0.8097,1,1,6476.683,nan
closed_eye_2518.jpg_face_1,cerrado,B5,153.8036,0.069134,4.4062,16.4581,100.0,5.5318,CRITICA,4.3756,0.133565,26.0807,89.2993,0.110339,nan,59.6026,nan,1,1,1977.457,nan
closed_eye_2518.jpg_face_1,cerrado,B10,153.8036,0.069134,9.3859,24.0692,100.0,8.3776,CRITICA,4.8213,0.202673,24.31,84.3507,0.063188,0.111721,8.6003,61.6018,1,1,2269.632,nan
closed_eye_2518.jpg_face_1,cerrado,B15,153.8036,0.069134,14.3598,31.8481,100.0,12.5922,CRITICA,5.3377,0.279277,22.6035,79.293,0.063219,0.08738,8.5561,26.3932,1,1,2029.221,nan
closed_eye_2518.jpg_face_1,cerrado,B25,153.8036,0.069134,24.5117,50.5949,89.5042,23.2281,CRITICA,6.7261,0.472697,18.6805,67.1042,0.069592,0.066964,0.6631,3.1379,1,1,2058.884,nan
closed_eye_2518.jpg_face_1,cerrado,B40,153.8036,0.069134,39.4662,73.4033,50.347,34.8495,CRITICA,8.6102,0.64415,16.1024,52.2747,0.066442,0.057228,3.8933,17.2211,1,1,1745.81,nan
closed_eye_2530.jpg_face_1,cerrado,B5,150.8136,0.041113,4.332,17.5452,100.0,5.3613,CRITICA,4.7811,0.200895,25.4113,88.3663,0.112824,nan,174.4225,nan,1,1,669.703,nan
closed_eye_2530.jpg_face_1,cerrado,B10,150.8136,0.041113,9.2538,23.459,100.0,7.4058,CRITICA,5.1343,0.267853,24.6498,84.4451,0.045736,0.088442,11.2442,115.1181,1,1,799.936,nan
closed_eye_2530.jpg_face_1,cerrado,B15,150.8136,0.041113,14.4536,32.1737,100.0,11.7637,CRITICA,5.7426,0.368875,22.5231,78.6666,0.038295,0.044743,6.8542,8.8298,1,1,742.501,nan
closed_eye_2530.jpg_face_1,cerrado,B25,150.8136,0.041113,24.3932,49.5736,93.4735,21.0452,CRITICA,7.0707,0.54622,19.1659,67.1293,0.045204,0.031394,9.9512,23.6399,1,1,758.783,nan
closed_eye_2530.jpg_face_1,cerrado,B40,150.8136,0.041113,39.5137,70.525,54.1162,30.6454,CRITICA,8.8933,0.715687,17.1019,53.237,0.052467,0.031317,27.6155,23.828,1,1,799.361,nan
closed_eye_2534.jpg_face_1,cerrado,B5,105.2161,0.075382,4.3146,15.2493,100.0,4.6669,CRITICA,8.4797,0.182775,26.9264,85.5067,0.157762,nan,109.2824,nan,1,1,2646.203,nan
closed_eye_2534.jpg_face_1,cerrado,B10,105.2161,0.075382,9.5614,25.077,99.979,8.3523,CRITICA,9.484,0.324847,23.7166,76.1662,0.147357,nan,95.4796,nan,1,1,2824.859,nan
closed_eye_2534.jpg_face_1,cerrado,B15,105.2161,0.075382,14.4597,32.3123,98.8428,12.4124,CRITICA,10.3193,0.433388,22.2522,69.2896,0.11524,0.163693,52.8739,117.1513,1,1,3628.447,nan
closed_eye_2534.jpg_face_1,cerrado,B25,105.2161,0.075382,24.4333,50.5114,92.4153,19.6693,CRITICA,12.7884,0.67781,18.8531,51.9927,0.079512,0.104019,5.4789,37.9883,1,1,3318.951,nan
closed_eye_2534.jpg_face_1,cerrado,B40,105.2161,0.075382,39.4971,76.2339,61.4559,26.7862,CRITICA,17.7483,0.819358,16.0626,27.5454,0.098122,0.071226,30.1657,5.5134,1,1,3512.469,nan
closed_eye_2544.BMP_face_1,cerrado,B5,206.2478,0.046468,4.4219,14.4233,100.0,3.4843,CRITICA,2.2451,0.101437,27.7455,93.0068,0.134522,nan,189.496,nan,1,1,1126.253,nan
closed_eye_2544.BMP_face_1,cerrado,B10,206.2478,0.046468,9.4178,22.4966,100.0,4.8711,CRITICA,2.6062,0.161341,25.4014,89.0924,0.081073,0.18154,74.4711,290.6795,1,1,1358.511,nan
closed_eye_2544.BMP_face_1,cerrado,B15,206.2478,0.046468,14.4268,27.7521,100.0,6.5663,CRITICA,2.8515,0.200255,24.987,86.5443,0.080606,0.135229,73.466,191.0184,1,1,1285.512,nan
closed_eye_2544.BMP_face_1,cerrado,B25,206.2478,0.046468,24.4897,43.8057,99.4758,12.9509,CRITICA,3.6596,0.32924,21.2833,78.7606,0.061201,0.074032,31.7074,59.3201,1,1,1410.04,nan
closed_eye_2544.BMP_face_1,cerrado,B40,206.2478,0.046468,39.4853,65.129,80.7469,19.8988,CRITICA,4.8377,0.480637,18.5647,68.422,0.065435,0.064406,40.8174,38.6049,1,1,1241.311,nan
closed_eye_2547.jpg_face_1,cerrado,B5,175.7431,0.036848,4.3456,14.7457,100.0,3.5821,CRITICA,4.0015,0.106627,27.4944,91.6095,0.19681,nan,434.1088,nan,1,1,1585.037,nan
closed_eye_2547.jpg_face_1,cerrado,B10,175.7431,0.036848,9.3446,22.4997,100.0,4.3889,CRITICA,4.4164,0.175514,25.4487,87.1974,0.059987,0.186402,62.7957,405.8645,1,1,1530.222,nan
closed_eye_2547.jpg_face_1,cerrado,B15,175.7431,0.036848,14.5483,29.2399,100.0,7.1705,CRITICA,4.8342,0.241753,24.0664,83.3622,0.053296,0.124063,44.6373,236.6854,1,1,1717.623,nan
closed_eye_2547.jpg_face_1,cerrado,B25,175.7431,0.036848,24.5678,47.2762,99.045,14.3112,CRITICA,5.99,0.433679,20.0762,73.0992,0.030945,0.09726,16.0203,163.9467,1,1,1668.335,nan
closed_eye_2547.jpg_face_1,cerrado,B40,175.7431,0.036848,39.4616,71.0391,64.1522,21.8967,CRITICA,7.7367,0.632009,17.1187,59.5779,0.039787,0.058829,7.9741,59.6525,1,1,1518.834,nan
closed_eye_2557.jpg_face_1,cerrado,B5,130.6174,0.050473,4.3681,14.9961,100.0,3.4572,CRITICA,6.845,0.101391,27.2307,88.5191,0.175751,nan,248.2048,nan,1,1,5422.993,nan
closed_eye_2557.jpg_face_1,cerrado,B10,130.6174,0.050473,9.3775,23.5702,100.0,4.9467,CRITICA,7.4826,0.193241,24.7547,81.9548,0.099604,0.194776,97.3395,285.8977,1,1,5382.131,nan
closed_eye_2557.jpg_face_1,cerrado,B15,130.6174,0.050473,14.5714,29.8103,100.0,7.264,CRITICA,8.0193,0.285567,23.6761,77.1773,0.114209,0.132356,126.2744,162.2285,1,1,5521.811,nan
closed_eye_2557.jpg_face_1,cerrado,B25,130.6174,0.050473,24.4664,47.9649,98.0339,14.0757,CRITICA,9.7216,0.543674,19.8008,63.2783,0.092521,0.104485,83.3057,107.0103,1,1,5878.895,nan
closed_eye_2557.jpg_face_1,cerrado,B40,130.6174,0.050473,39.5057,70.9425,68.7538,22.0253,CRITICA,12.3524,0.718752,17.0653,45.6868,0.08626,0.063329,70.9017,25.4705,1,1,5470.46,nan
closed_eye_2562.jpg_face_1,cerrado,B5,69.2844,0.086793,4.463,23.3403,100.0,6.019,CRITICA,12.5814,0.288759,22.4175,66.3123,0.150223,0.198119,73.082,128.2669,1,1,5571.031,nan
closed_eye_2562.jpg_face_1,cerrado,B10,69.2844,0.086793,9.4972,30.3368,100.0,11.1364,CRITICA,13.8941,0.480481,21.2916,56.2141,0.089528,0.154202,3.1512,77.6676,1,1,6134.969,nan
closed_eye_2562.jpg_face_1,cerrado,B15,69.2844,0.086793,14.5073,41.3648,96.7505,19.6643,CRITICA,16.4161,0.703657,18.6482,40.2971,0.087837,0.151086,1.2036,74.0765,1,1,5924.17,nan
closed_eye_2562.jpg_face_1,cerrado,B25,69.2844,0.086793,24.4944,60.6579,68.4137,33.9172,CRITICA,21.8097,0.790811,15.5741,12.4508,0.089237,0.15323,2.8164,76.5471,1,1,5094.243,nan
closed_eye_2562.jpg_face_1,cerrado,B40,69.2844,0.086793,39.479,81.3201,51.2928,44.6195,BIEN,20.5183,0.69565,14.2083,17.3714,0.098874,0.110395,13.9195,27.1935,1,1,6042.296,nan
closed_eye_2568.jpg_face_1,cerrado,B5,128.4843,0.044192,4.2914,17.1186,100.0,5.1516,CRITICA,6.3943,0.253967,25.6942,86.6765,0.183634,nan,315.537,nan,1,1,885.426,nan
closed_eye_2568.jpg_face_1,cerrado,B10,128.4843,0.044192,9.3269,23.9124,100.0,8.3047,CRITICA,6.941,0.343674,24.1052,81.3888,0.159162,nan,260.1605,nan,1,1,796.432,nan
closed_eye_2568.jpg_face_1,cerrado,B15,128.4843,0.044192,14.6571,33.5134,100.0,12.9084,CRITICA,7.742,0.461358,21.8014,73.9164,0.127561,0.095145,188.6525,115.2984,1,1,800.705,nan
closed_eye_2568.jpg_face_1,cerrado,B25,128.4843,0.044192,24.5519,49.0788,90.9103,21.3333,CRITICA,9.19,0.623952,19.1291,61.8017,0.07672,0.08741,73.6067,97.7968,1,1,927.988,nan
closed_eye_2568.jpg_face_1,cerrado,B40,128.4843,0.044192,39.4867,68.6998,61.8517,30.756,CRITICA,11.4606,0.770169,17.4872,46.5305,0.088268,0.082802,99.7366,87.3688,1,1,876.732,nan
closed_eye_2574.jpg_face_1,cerrado,B5,130.7253,0.073115,4.3455,12.7235,100.0,4.0236,CRITICA,5.9085,0.086782,29.3093,90.267,0.17818,0.218295,143.6984,198.5633,1,1,3658.983,nan
closed_eye_2574.jpg_face_1,cerrado,B10,130.7253,0.073115,9.5046,20.1869,100.0,6.0333,CRITICA,6.4376,0.158852,27.2011,84.5577,0.087887,0.162929,20.204,122.8384,1,1,3617.945,nan
closed_eye_2574.jpg_face_1,cerrado,B15,130.7253,0.073115,14.4514,27.6664,100.0,9.4705,CRITICA,7.0393,0.247179,25.0955,78.8362,0.088928,0.108081,21.6272,47.8233,1,1,3998.401,nan
closed_eye_2574.jpg_face_1,cerrado,B25,130.7253,0.073115,24.5113,45.4555,95.6269,19.5485,CRITICA,8.6696,0.482803,20.6283,65.2282,0.098743,0.104921,35.0513,43.5017,1,1,3579.098,nan
closed_eye_2574.jpg_face_1,cerrado,B40,130.7253,0.073115,39.4805,68.195,58.6735,29.2931,CRITICA,11.2117,0.719649,17.891,47.8334,0.083879,0.088421,14.722,20.9336,1,1,3134.796,nan
closed_eye_2578.jpg_face_1,cerrado,B5,190.2384,0.078492,4.5599,17.9425,100.0,5.5319,CRITICA,2.5744,0.101032,25.2976,90.5684,0.116042,nan,47.8385,nan,1,1,3498.95,nan
closed_eye_2578.jpg_face_1,cerrado,B10,190.2384,0.078492,9.531,25.6233,100.0,8.7942,CRITICA,2.9485,0.14484,23.5195,86.531,0.068623,nan,12.5737,nan,1,1,3119.152,nan
closed_eye_2578.jpg_face_1,cerrado,B15,190.2384,0.078492,14.5129,34.7158,100.0,12.9543,CRITICA,3.4247,0.212894,21.4421,81.7514,0.071429,0.110431,8.9987,40.6908,1,1,3632.401,nan
closed_eye_2578.jpg_face_1,cerrado,B25,190.2384,0.078492,24.5332,53.9525,94.82,21.8425,CRITICA,4.5636,0.373799,18.0505,71.6395,0.096429,0.089329,22.8521,13.8058,1,1,3235.199,nan
closed_eye_2578.jpg_face_1,cerrado,B40,190.2384,0.078492,39.486,81.3477,28.98,34.5666,BIEN,6.4922,0.585421,14.9201,57.2391,0.072615,0.082887,7.4879,5.5994,1,1,3154.574,nan
closed_eye_2582.jpg_face_1,cerrado,B5,51.3463,0.05231,4.5438,19.732,100.0,7.5622,CRITICA,14.795,0.417379,24.123,61.5707,0.071846,0.138554,37.3471,164.8701,1,1,4821.601,nan
closed_eye_2582.jpg_face_1,cerrado,B10,51.3463,0.05231,9.5538,29.7478,99.9416,15.9311,CRITICA,17.3772,0.692019,21.2334,42.0643,0.057687,0.103526,10.2798,97.9084,1,1,5282.621,nan
closed_eye_2582.jpg_face_1,cerrado,B15,51.3463,0.05231,14.5362,40.1096,90.7949,25.5354,CRITICA,21.0222,0.837157,18.7313,21.8842,0.065087,0.086121,24.4253,64.6354,1,1,5494.506,nan
closed_eye_2582.jpg_face_1,cerrado,B25,51.3463,0.05231,24.5266,55.5456,70.1636,37.1302,CRITICA,24.6138,0.821991,16.9207,8.1784,0.064653,0.058958,23.5961,12.7081,1,1,5494.505,nan
closed_eye_2582.jpg_face_1,cerrado,B40,51.3463,0.05231,39.5532,73.033,59.1759,48.4201,CRITICA,19.2423,0.683177,16.1924,42.2362,0.044503,0.051656,14.9254,1.2513,1,1,4432.624,nan
closed_eye_2585.jpg_face_1,cerrado,B5,147.4437,0.045244,4.4266,17.71,100.0,4.5821,CRITICA,5.3278,0.090667,25.3715,87.9886,0.153755,nan,239.8326,nan,1,1,5500.55,nan
closed_eye_2585.jpg_face_1,cerrado,B10,147.4437,0.045244,9.3487,25.4407,100.0,7.527,CRITICA,5.8412,0.15332,23.5894,82.7455,0.055674,0.128563,23.0521,184.1512,1,1,3518.649,nan
closed_eye_2585.jpg_face_1,cerrado,B15,147.4437,0.045244,14.5072,33.8007,100.0,11.5424,CRITICA,6.4652,0.253505,21.7376,77.0755,0.083334,0.063695,84.1863,40.7806,1,1,5780.347,nan
closed_eye_2585.jpg_face_1,cerrado,B25,147.4437,0.045244,24.5132,52.6853,89.0653,21.3403,CRITICA,8.057,0.481234,18.2016,64.2675,0.058654,0.045825,29.6373,1.2831,1,1,5434.782,nan
closed_eye_2585.jpg_face_1,cerrado,B40,147.4437,0.045244,39.4795,73.8992,51.5495,30.2595,CRITICA,10.1248,0.65578,16.3594,49.8797,0.052738,0.041676,16.563,7.8862,1,1,5238.345,nan
closed_eye_2596.jpg_face_8,cerrado,B5,148.8637,0.071321,4.5602,14.4417,100.0,3.2783,CRITICA,4.5568,0.162343,27.6817,90.2987,nan,nan,nan,nan,1,0,730.514,nan
closed_eye_2596.jpg_face_8,cerrado,B10,148.8637,0.071321,9.5093,21.6832,100.0,4.6316,CRITICA,4.9814,0.24415,26.3023,85.4342,0.133809,nan,87.6159,nan,1,1,723.014,nan
closed_eye_2596.jpg_face_8,cerrado,B15,148.8637,0.071321,14.5186,27.1747,100.0,7.128,CRITICA,5.3818,0.311294,25.5468,81.7453,0.122282,0.179548,71.4535,151.7463,1,1,738.662,nan
closed_eye_2596.jpg_face_8,cerrado,B25,148.8637,0.071321,24.4812,42.7976,97.9162,14.3201,CRITICA,6.5574,0.478298,21.6598,71.2505,0.103303,0.157511,44.8422,120.848,1,1,674.627,nan
closed_eye_2596.jpg_face_8,cerrado,B40,148.8637,0.071321,39.5197,66.8617,73.4011,22.3526,CRITICA,8.6117,0.672776,18.0633,55.0853,0.092623,0.119572,29.8674,67.6534,1,1,701.656,nan
closed_eye_2597.jpg_face_1,cerrado,B5,89.7237,0.069413,4.4666,16.4141,100.0,6.7737,CRITICA,8.8775,0.312139,26.061,81.706,0.086807,nan,25.0593,nan,1,1,1584.033,nan
closed_eye_2597.jpg_face_1,cerrado,B10,89.7237,0.069413,9.4796,25.9938,100.0,12.0448,CRITICA,9.9615,0.459778,23.1319,71.0291,0.073346,0.105486,5.6666,51.9693,1,1,1626.281,nan
closed_eye_2597.jpg_face_1,cerrado,B15,89.7237,0.069413,14.5138,35.5648,98.0688,19.9204,CRITICA,11.3876,0.610694,20.5755,60.3619,0.065662,0.081038,5.4034,16.7475,1,1,1508.978,nan
closed_eye_2597.jpg_face_1,cerrado,B25,89.7237,0.069413,24.4495,53.7356,75.3884,33.5166,CRITICA,14.718,0.806887,17.214,40.1099,0.069654,0.077473,0.3478,11.6119,1,1,1502.855,nan
closed_eye_2597.jpg_face_1,cerrado,B40,89.7237,0.069413,39.4687,77.3496,50.7568,47.4346,CRITICA,20.1605,0.842595,14.8744,13.7914,0.064182,0.075754,7.5354,9.1355,1,1,1536.334,nan
closed_eye_2600.jpg_face_1,cerrado,B5,143.7705,0.020045,4.3456,15.9556,100.0,4.7281,CRITICA,5.3177,0.141462,26.4979,88.902,0.224383,nan,1019.4121,nan,1,1,1591.85,nan
closed_eye_2600.jpg_face_1,cerrado,B10,143.7705,0.020045,9.4464,24.3651,100.0,7.1017,CRITICA,5.8668,0.232374,24.2645,83.0528,0.096776,0.188184,382.8011,838.8183,1,1,1705.612,nan
closed_eye_2600.jpg_face_1,cerrado,B15,143.7705,0.020045,14.5388,32.0008,100.0,11.2189,CRITICA,6.443,0.324109,22.571,77.7417,0.063128,0.118003,214.9337,488.7002,1,1,1652.346,nan
closed_eye_2600.jpg_face_1,cerrado,B25,143.7705,0.020045,24.466,49.5117,90.3451,21.2936,CRITICA,7.935,0.534243,18.9517,65.562,0.053537,0.071271,167.0869,255.5577,1,1,1739.433,nan
closed_eye_2600.jpg_face_1,cerrado,B40,143.7705,0.020045,39.471,73.2314,62.0855,31.8637,CRITICA,10.2415,0.721298,16.18,49.0637,0.04977,0.041636,148.294,107.7149,1,1,1629.195,nan
closed_eye_2608.jpg_face_1,cerrado,B5,119.0192,0.07928,4.5212,12.9564,100.0,4.2168,CRITICA,6.6165,0.131425,29.087,89.114,nan,nan,nan,nan,1,0,4840.271,nan
closed_eye_2608.jpg_face_1,cerrado,B10,119.0192,0.07928,9.4185,21.6066,100.0,6.4205,CRITICA,7.2475,0.242679,26.1141,81.8461,0.141269,0.231576,78.1899,192.0978,1,1,5151.984,nan
closed_eye_2608.jpg_face_1,cerrado,B15,119.0192,0.07928,14.3929,26.8805,100.0,9.131,CRITICA,7.7473,0.309277,25.6905,77.415,0.134199,0.223178,69.2717,181.5053,1,1,5540.166,nan
closed_eye_2608.jpg_face_1,cerrado,B25,119.0192,0.07928,24.4845,40.4689,97.1598,16.2669,CRITICA,9.1045,0.51615,22.9945,65.998,0.088188,0.122909,11.236,55.0312,1,1,5235.602,nan
closed_eye_2608.jpg_face_1,cerrado,B40,119.0192,0.07928,39.4367,63.262,77.9408,24.661,CRITICA,11.7087,0.726408,19.5366,46.8472,0.059648,0.086776,24.7627,9.4548,1,1,5091.649,nan
closed_eye_2612.jpg_face_1,cerrado,B5,197.5829,0.096652,4.383,19.2337,100.0,3.711,CRITICA,2.8163,0.08795,24.4739,90.2655,0.238711,nan,146.9786,nan,1,1,5945.303,nan
closed_eye_2612.jpg_face_1,cerrado,B10,197.5829,0.096652,9.426,25.1451,100.0,5.0533,CRITICA,3.0729,0.125338,23.7051,87.2737,0.140914,0.186256,45.795,92.707,1,1,6285.356,nan
closed_eye_2612.jpg_face_1,cerrado,B15,197.5829,0.096652,14.5092,31.8246,100.0,7.4909,CRITICA,3.4122,0.17897,22.6781,83.893,0.073061,0.167,24.4086,72.7839,1,1,6215.04,nan
closed_eye_2612.jpg_face_1,cerrado,B25,197.5829,0.096652,24.5985,47.751,98.6926,13.4736,CRITICA,4.2626,0.320633,19.8479,75.8324,0.065981,0.108217,31.7336,11.9649,1,1,5681.818,nan
closed_eye_2612.jpg_face_1,cerrado,B40,197.5829,0.096652,39.5147,68.4563,71.8112,19.9843,CRITICA,5.43,0.462736,17.5233,65.3531,0.055868,0.082988,42.1966,14.1376,1,1,5534.034,nan
closed_eye_2627.jpg_face_1,cerrado,B5,127.1151,0.046158,4.4692,16.9146,100.0,5.5003,CRITICA,6.1751,0.214286,25.8654,86.6935,0.129655,nan,180.8922,nan,1,1,795.925,nan
closed_eye_2627.jpg_face_1,cerrado,B10,127.1151,0.046158,9.4709,25.0839,100.0,8.639,CRITICA,6.7816,0.310759,23.8084,80.2668,0.079484,0.126056,72.1976,173.0935,1,1,802.246,nan
closed_eye_2627.jpg_face_1,cerrado,B15,127.1151,0.046158,14.4457,33.8556,100.0,13.7922,CRITICA,7.536,0.419583,21.6496,73.3662,0.074307,0.118153,60.9821,155.972,1,1,820.614,nan
closed_eye_2627.jpg_face_1,cerrado,B25,127.1151,0.046158,24.4014,52.5013,84.5799,25.448,CRITICA,9.376,0.628809,17.9191,58.6978,0.059614,0.111267,29.1518,141.0541,1,1,861.252,nan
closed_eye_2627.jpg_face_1,cerrado,B40,127.1151,0.046158,39.4651,76.431,48.7596,38.5054,CRITICA,12.2485,0.790412,15.297,39.8726,0.068979,0.079119,49.4402,71.4069,1,1,798.658,nan
closed_eye_2629.jpg_face_1,cerrado,B5,102.1046,0.066652,4.4274,15.9359,100.0,5.655,CRITICA,7.8172,0.279635,26.5276,84.3926,0.166337,0.224541,149.5617,236.8871,1,1,480.169,nan
closed_eye_2629.jpg_face_1,cerrado,B10,102.1046,0.066652,9.446,23.1273,100.0,10.0379,CRITICA,8.5302,0.390807,24.528,77.3494,0.15574,0.194062,133.6627,191.1586,1,1,387.507,nan
closed_eye_2629.jpg_face_1,cerrado,B15,102.1046,0.066652,14.4665,32.4494,97.6857,16.7547,CRITICA,9.544,0.52556,21.594,68.2195,0.113943,0.175965,70.9524,164.0074,1,1,510.048,nan
closed_eye_2629.jpg_face_1,cerrado,B25,102.1046,0.066652,24.4942,49.8384,84.1851,29.9969,CRITICA,11.738,0.707606,17.8732,51.1889,0.066666,0.146226,0.0223,119.3884,1,1,487.876,nan
closed_eye_2629.jpg_face_1,cerrado,B40,102.1046,0.066652,39.4859,71.0266,60.5069,41.3065,CRITICA,14.8019,0.797719,15.8233,30.4375,0.05362,0.103015,19.5524,54.5573,1,1,452.591,nan
closed_eye_2634.jpg_face_1,cerrado,B5,194.3652,0.090613,4.3357,16.4061,100.0,4.1991,CRITICA,2.7115,0.065242,26.0817,91.5592,0.176473,nan,94.7543,nan,1,1,4990.02,nan
closed_eye_2634.jpg_face_1,cerrado,B10,194.3652,0.090613,9.3346,25.2282,100.0,6.5072,CRITICA,3.14,0.117816,23.6794,87.0202,0.112905,0.224474,24.6016,147.7284,1,1,5534.035,nan
closed_eye_2634.jpg_face_1,cerrado,B15,194.3652,0.090613,14.3703,31.8766,100.0,9.2163,CRITICA,3.4728,0.1606,22.5514,83.5996,0.08386,0.120439,7.453,32.9161,1,1,5807.201,nan
closed_eye_2634.jpg_face_1,cerrado,B25,194.3652,0.090613,24.4872,47.7611,97.5275,15.7581,CRITICA,4.3587,0.290387,19.7666,75.4271,0.051677,0.099343,42.9698,9.6347,1,1,4510.6,nan
closed_eye_2634.jpg_face_1,cerrado,B40,194.3652,0.090613,39.4816,70.4171,65.0094,23.3093,CRITICA,5.7831,0.46251,17.3038,63.7707,0.077177,0.079308,14.828,12.4766,1,1,5149.331,nan
closed_eye_2640.jpg_face_1,cerrado,B5,89.6416,0.058099,4.5748,17.3975,100.0,6.3725,CRITICA,9.7488,0.285359,25.5604,80.5921,0.089307,nan,53.7141,nan,1,1,1251.408,nan
closed_eye_2640.jpg_face_1,cerrado,B10,89.6416,0.058099,9.553,24.5551,100.0,10.2831,CRITICA,10.5845,0.383365,23.9442,72.6074,0.054826,0.090527,5.6346,55.8145,1,1,1029.442,nan
closed_eye_2640.jpg_face_1,cerrado,B15,89.6416,0.058099,14.5408,33.6455,100.0,16.2919,CRITICA,11.8753,0.509496,21.554,62.4666,0.051418,0.065785,11.5006,13.2287,1,1,1128.923,nan
closed_eye_2640.jpg_face_1,cerrado,B25,89.6416,0.058099,24.4956,56.207,74.6372,31.3854,CRITICA,15.728,0.698683,16.7633,37.2981,0.048529,0.064283,16.4725,10.6423,1,1,1107.297,nan
closed_eye_2640.jpg_face_1,cerrado,B40,89.6416,0.058099,39.4696,78.1003,42.4933,44.5003,CRITICA,20.3625,0.714959,14.9068,12.8749,0.053884,0.046313,7.2562,20.2872,1,1,1146.658,nan
closed_eye_2643.jpg_face_1,cerrado,B5,153.6384,0.082784,4.3569,22.4057,100.0,5.6501,CRITICA,5.3525,0.090523,22.7744,85.4166,nan,nan,nan,nan,1,0,3955.697,nan
closed_eye_2643.jpg_face_1,cerrado,B10,153.6384,0.082784,9.4579,31.1717,100.0,8.6648,CRITICA,5.9142,0.164162,20.9388,79.711,0.11657,0.150968,40.8118,82.3636,1,1,5271.481,nan
closed_eye_2643.jpg_face_1,cerrado,B15,153.6384,0.082784,14.4987,42.0512,99.7306,14.7275,CRITICA,6.7278,0.312472,18.6147,72.6298,0.131875,0.137604,59.3005,66.2202,1,1,6086.427,nan
closed_eye_2643.jpg_face_1,cerrado,B25,153.6384,0.082784,24.5098,63.7098,70.2694,27.2654,CRITICA,8.5689,0.582744,15.294,58.5327,nan,0.129469,nan,56.3944,1,0,5040.323,nan
closed_eye_2643.jpg_face_1,cerrado,B40,153.6384,0.082784,39.4963,84.4687,43.0303,37.192,BIEN,10.6462,0.72998,13.9045,45.0211,nan,0.118051,nan,42.6011,1,0,5711.022,nan
closed_eye_2644.bmp_face_4,cerrado,B5,162.4811,0.078743,4.4447,17.8984,100.0,5.168,CRITICA,4.2297,0.173024,25.2332,88.9843,0.091173,0.199124,15.7862,152.8796,1,1,466.374,nan
closed_eye_2644.bmp_face_4,cerrado,B10,162.4811,0.078743,9.4234,25.6241,100.0,7.9882,CRITICA,4.6781,0.249879,23.5211,84.2295,0.085682,0.094968,8.8132,20.6053,1,1,392.326,nan
closed_eye_2644.bmp_face_4,cerrado,B15,162.4811,0.078743,14.4056,33.8817,100.0,12.9234,CRITICA,5.2221,0.332276,21.5467,79.1473,0.081649,0.096804,3.6913,22.9371,1,1,310.839,nan
closed_eye_2644.bmp_face_4,cerrado,B25,162.4811,0.078743,24.5725,55.4281,81.1285,25.0818,CRITICA,6.7881,0.539421,17.1081,65.8864,0.086256,0.078288,9.5413,0.5776,1,1,405.351,nan
closed_eye_2644.bmp_face_4,cerrado,B40,162.4811,0.078743,39.462,78.919,48.9669,36.546,CRITICA,8.7345,0.71099,14.744,51.4289,0.092335,0.07212,17.262,8.4102,1,1,408.38,nan
closed_eye_2648.jpg_face_1,cerrado,B5,136.9677,0.062883,4.4256,16.6084,100.0,4.8773,CRITICA,5.8956,0.129003,26.0581,87.8742,0.162398,nan,158.2548,nan,1,1,3018.412,nan
closed_eye_2648.jpg_face_1,cerrado,B10,136.9677,0.062883,9.5469,25.8193,100.0,7.8504,CRITICA,6.5353,0.22438,23.543,81.1494,0.10152,0.166612,61.4435,164.9562,1,1,2945.508,nan
closed_eye_2648.jpg_face_1,cerrado,B15,136.9677,0.062883,14.4283,34.8508,99.9344,12.9249,CRITICA,7.2963,0.341197,21.1854,74.5555,0.056878,0.133164,9.5494,111.7658,1,1,2496.256,nan
closed_eye_2648.jpg_face_1,cerrado,B25,136.9677,0.062883,24.4563,58.2161,75.5376,26.7351,CRITICA,9.5572,0.612359,16.3641,57.4965,nan,0.092377,nan,46.9037,1,0,2475.247,nan
closed_eye_2648.jpg_face_1,cerrado,B40,136.9677,0.062883,39.512,85.5934,46.0399,36.9764,BIEN,12.9015,0.78558,13.7855,37.5083,nan,0.090501,nan,43.92,1,0,2477.701,nan
closed_eye_2651.jpg_face_1,cerrado,B5,122.0837,0.112999,4.4939,24.5853,100.0,7.5622,CRITICA,6.0094,0.109408,21.8484,79.8619,0.128309,0.216686,13.5482,91.7582,1,1,5592.841,nan
closed_eye_2651.jpg_face_1,cerrado,B10,122.0837,0.112999,9.4694,34.6331,100.0,14.848,CRITICA,6.8599,0.242267,19.6277,71.6317,0.122385,0.197467,8.3056,74.7508,1,1,6191.95,nan
closed_eye_2651.jpg_face_1,cerrado,B15,122.0837,0.112999,14.4759,44.9837,91.2653,23.1123,CRITICA,7.9045,0.391489,17.6442,63.1534,0.091372,0.144966,19.1398,28.2888,1,1,6172.84,nan
closed_eye_2651.jpg_face_1,cerrado,B25,122.0837,0.112999,24.4751,62.6563,64.9796,34.6839,CRITICA,9.7587,0.605503,15.4913,48.6776,0.120868,0.130523,6.9631,15.508,1,1,5482.456,nan
closed_eye_2651.jpg_face_1,cerrado,B40,122.0837,0.112999,39.4237,81.9824,50.1225,45.2983,BIEN,11.9908,0.749134,14.4698,32.8473,0.102864,0.123928,8.969,9.6717,1,1,6153.846,nan
closed_eye_2670.jpg_face_1,cerrado,B5,116.709,0.034415,4.3698,20.9841,100.0,5.8305,CRITICA,7.816,0.152836,23.4359,82.0202,0.167947,nan,388.0059,nan,1,1,6527.415,nan
closed_eye_2670.jpg_face_1,cerrado,B10,116.709,0.034415,9.458,28.9114,100.0,8.8364,CRITICA,8.5321,0.276501,21.8769,75.2278,0.074951,0.149736,117.7868,335.0901,1,1,5246.59,nan
closed_eye_2670.jpg_face_1,cerrado,B15,116.709,0.034415,14.4486,37.7522,98.8163,14.4624,CRITICA,9.4818,0.428552,19.9529,67.6527,0.085224,0.088,147.6382,155.7033,1,1,5305.04,nan
closed_eye_2670.jpg_face_1,cerrado,B25,116.709,0.034415,24.4706,57.74,79.6735,25.328,CRITICA,11.8466,0.698744,16.5219,50.5265,0.055395,0.065505,60.9619,90.3397,1,1,4655.494,nan
closed_eye_2670.jpg_face_1,cerrado,B40,116.709,0.034415,39.4959,81.4641,50.4082,35.0628,BIEN,15.204,0.796708,14.3821,30.199,0.052315,0.048126,52.0142,39.8405,1,1,5694.761,nan
closed_eye_2672.jpg_face_1,cerrado,B5,119.2104,0.067135,4.3004,16.9939,100.0,4.8605,CRITICA,6.8813,0.195327,25.8859,85.7446,0.119948,nan,78.6668,nan,1,1,2164.034,nan
closed_eye_2672.jpg_face_1,cerrado,B10,119.2104,0.067135,9.5386,24.6539,100.0,8.2319,CRITICA,7.5161,0.295895,24.001,79.319,0.093732,0.205809,39.6169,206.5594,1,1,2142.245,nan
closed_eye_2672.jpg_face_1,cerrado,B15,119.2104,0.067135,14.4553,33.8334,99.979,13.5174,CRITICA,8.3726,0.427334,21.5898,71.6188,0.082958,0.085767,23.5683,27.7526,1,1,2103.049,nan
closed_eye_2672.jpg_face_1,cerrado,B25,119.2104,0.067135,24.4699,55.3157,82.9343,27.0076,CRITICA,10.6204,0.670585,17.0575,53.5983,0.088488,0.078392,31.8058,16.7672,1,1,2163.566,nan
closed_eye_2672.jpg_face_1,cerrado,B40,119.2104,0.067135,39.5265,82.082,43.0214,40.6339,BIEN,14.1014,0.79815,14.1734,31.1453,0.087567,0.074115,30.4343,10.3972,1,1,1909.126,nan
closed_eye_2677.jpg_face_1,cerrado,B5,95.4697,0.120319,4.4819,17.9686,100.0,8.9151,CRITICA,8.0441,0.323083,24.8896,81.1788,0.152515,0.165435,26.7588,37.4968,1,1,882.768,nan
closed_eye_2677.jpg_face_1,cerrado,B10,95.4697,0.120319,9.5096,28.7491,98.9026,17.8205,CRITICA,9.2792,0.493137,21.2017,69.8867,0.189058,0.156626,57.1298,30.1755,1,1,839.419,nan
closed_eye_2677.jpg_face_1,cerrado,B15,95.4697,0.120319,14.4993,39.6045,87.9959,28.8925,CRITICA,10.8436,0.636338,18.2149,58.5162,0.19278,0.148866,60.2236,23.7253,1,1,869.792,nan
closed_eye_2677.jpg_face_1,cerrado,B25,95.4697,0.120319,24.4829,57.8872,71.0686,44.4245,CRITICA,13.9437,0.81929,15.4316,39.3659,0.169004,0.143961,40.4627,19.6492,1,1,883.08,nan
closed_eye_2677.jpg_face_1,cerrado,B40,95.4697,0.120319,39.4914,75.8114,60.7558,56.4619,CRITICA,17.233,0.882974,14.6459,20.5911,0.17647,0.130471,46.6677,8.4376,1,1,859.402,nan
closed_eye_2680.jpg_face_2,cerrado,B5,155.977,0.088632,4.4175,13.7148,100.0,3.1612,CRITICA,4.4615,0.082696,28.4068,91.2071,0.181826,nan,105.1472,nan,1,1,4269.855,nan
closed_eye_2680.jpg_face_2,cerrado,B10,155.977,0.088632,9.4837,20.5406,100.0,5.3099,CRITICA,4.8547,0.131638,27.0182,86.831,0.186839,nan,110.803,nan,1,1,4621.072,nan
closed_eye_2680.jpg_face_2,cerrado,B15,155.977,0.088632,14.4035,27.4898,100.0,7.8276,CRITICA,5.3028,0.205545,25.4743,82.3757,0.123343,0.173287,39.1623,95.5128,1,1,4096.682,nan
closed_eye_2680.jpg_face_2,cerrado,B25,155.977,0.088632,24.5245,43.1211,100.0,15.2607,CRITICA,6.4722,0.398539,21.9445,72.3542,0.092696,0.131755,4.5848,48.6539,1,1,3461.405,nan
closed_eye_2680.jpg_face_2,cerrado,B40,155.977,0.088632,39.485,63.4104,71.8277,23.378,CRITICA,8.1412,0.61152,19.514,59.3463,0.095393,0.097761,7.6281,10.2999,1,1,4332.755,nan
closed_eye_2688.jpg_face_4,cerrado,B5,156.8344,0.062148,4.3639,14.993,100.0,3.4791,CRITICA,4.8488,0.148617,27.3005,90.4403,0.244749,nan,293.8139,nan,1,1,745.768,nan
closed_eye_2688.jpg_face_4,cerrado,B10,156.8344,0.062148,9.3839,22.5343,100.0,4.9399,CRITICA,5.3125,0.22785,25.4514,85.6318,0.127402,nan,104.9967,nan,1,1,792.896,nan
closed_eye_2688.jpg_face_4,cerrado,B15,156.8344,0.062148,14.3674,28.6198,100.0,6.7159,CRITICA,5.698,0.294839,24.5668,81.7516,0.098255,0.183811,58.0978,195.7621,1,1,713.98,nan
closed_eye_2688.jpg_face_4,cerrado,B25,156.8344,0.062148,24.4968,46.866,99.2184,14.6883,CRITICA,7.0441,0.491966,20.2354,70.1175,0.059457,0.115742,4.3302,86.235,1,1,708.868,nan
closed_eye_2688.jpg_face_4,cerrado,B40,156.8344,0.062148,39.4833,71.9584,60.5582,24.2608,CRITICA,9.1541,0.68466,16.7552,54.1182,0.04241,0.078245,31.7599,25.9006,1,1,721.813,nan
closed_eye_2689.jpg_face_4,cerrado,B5,190.5924,0.063111,4.3529,14.3704,100.0,3.747,CRITICA,2.9716,0.063613,27.6837,92.4601,nan,nan,nan,nan,1,0,4310.345,nan
closed_eye_2689.jpg_face_4,cerrado,B10,190.5924,0.063111,9.3337,21.0627,100.0,4.3402,CRITICA,3.2908,0.100046,26.5765,88.9488,nan,nan,nan,nan,1,0,5313.496,nan
closed_eye_2689.jpg_face_4,cerrado,B15,190.5924,0.063111,14.4817,26.969,100.0,6.1591,CRITICA,3.6018,0.145831,25.6667,85.8499,nan,nan,nan,nan,1,0,4496.403,nan
closed_eye_2689.jpg_face_4,cerrado,B25,190.5924,0.063111,24.4547,43.9446,99.9763,12.4132,CRITICA,4.5555,0.302867,21.5613,76.9431,0.074303,0.120869,17.7355,91.5203,1,1,5241.09,nan
closed_eye_2689.jpg_face_4,cerrado,B40,190.5924,0.063111,39.4956,67.1325,70.7219,20.1239,CRITICA,6.0295,0.50549,18.4606,64.7769,0.077919,0.109819,23.4644,74.011,1,1,5252.101,nan
closed_eye_2693.jpg_face_1,cerrado,B5,122.5225,0.041585,4.5038,16.5348,100.0,5.7784,CRITICA,6.3488,0.178993,26.0285,86.5047,0.158334,0.203045,280.7486,388.2655,1,1,1278.936,nan
closed_eye_2693.jpg_face_1,cerrado,B10,122.5225,0.041585,9.4387,26.0839,100.0,11.2365,CRITICA,7.1196,0.291453,23.0472,78.7109,0.103068,0.141773,147.8491,240.9245,1,1,1538.698,nan
closed_eye_2693.jpg_face_1,cerrado,B15,122.5225,0.041585,14.437,35.7613,97.4805,17.9916,CRITICA,8.0437,0.429822,20.4425,70.8124,0.075847,0.126659,82.39,204.5793,1,1,1364.256,nan
closed_eye_2693.jpg_face_1,cerrado,B25,122.5225,0.041585,24.5156,56.143,76.6393,31.8978,CRITICA,10.2377,0.679891,16.5072,54.1774,0.081867,0.065963,96.8676,58.6233,1,1,1402.328,nan
closed_eye_2693.jpg_face_1,cerrado,B40,122.5225,0.041585,39.5002,79.9911,52.5904,45.049,CRITICA,13.2617,0.82695,14.2184,34.7131,0.080277,0.045665,93.044,9.8123,1,1,1385.042,nan
closed_eye_2694.jpg_face_1,cerrado,B5,184.9212,0.053145,4.3392,15.2842,100.0,2.9338,CRITICA,3.2488,0.114544,27.0607,91.7348,0.200653,nan,277.5612,nan,1,1,1058.873,nan
closed_eye_2694.jpg_face_1,cerrado,B10,184.9212,0.053145,9.3597,22.2633,100.0,4.5947,CRITICA,3.6006,0.171421,25.6697,87.9607,0.172501,nan,224.5884,nan,1,1,954.107,nan
closed_eye_2694.jpg_face_1,cerrado,B15,184.9212,0.053145,14.5466,28.7808,100.0,7.3172,CRITICA,3.9516,0.233261,24.4312,84.4362,0.077277,0.12049,45.4097,126.721,1,1,991.08,nan
closed_eye_2694.jpg_face_1,cerrado,B25,184.9212,0.053145,24.4482,47.4548,98.9625,14.861,CRITICA,5.0439,0.412078,19.927,74.3378,0.093799,0.061019,76.4982,14.8174,1,1,1032.951,nan
closed_eye_2694.jpg_face_1,cerrado,B40,184.9212,0.053145,39.5074,70.3206,64.9687,23.5789,CRITICA,6.5539,0.587874,17.1027,61.9727,0.049071,0.039853,7.6655,25.0096,1,1,1016.26,nan
closed_eye_2700.jpg_face_2,cerrado,B5,196.5961,0.065325,4.3801,14.8509,100.0,3.605,CRITICA,2.7056,0.109619,27.3691,92.446,0.091246,nan,39.6798,nan,1,1,1191.469,nan
closed_eye_2700.jpg_face_2,cerrado,B10,196.5961,0.065325,9.3627,22.0541,100.0,4.71,CRITICA,3.037,0.167929,25.6349,88.782,0.065974,0.098137,0.9935,50.2286,1,1,1083.424,nan
closed_eye_2700.jpg_face_2,cerrado,B15,196.5961,0.065325,14.4958,28.7717,100.0,6.8961,CRITICA,3.3728,0.22602,24.3568,85.3651,0.063908,0.078947,2.1692,20.8517,1,1,1033.699,nan
closed_eye_2700.jpg_face_2,cerrado,B25,196.5961,0.065325,24.457,45.8181,99.3297,13.3687,CRITICA,4.291,0.376601,20.5773,76.6943,0.075501,0.065402,15.5765,0.1166,1,1,1134.687,nan
closed_eye_2700.jpg_face_2,cerrado,B40,196.5961,0.065325,39.4601,69.0554,70.8956,20.7143,CRITICA,5.681,0.543802,17.5781,64.8745,0.076749,0.055141,17.487,15.5908,1,1,1098.539,nan
closed_eye_2708.jpg_face_1,cerrado,B5,141.36,0.061159,4.3791,16.9562,100.0,4.718,CRITICA,5.3119,0.133862,25.8768,88.0049,0.138262,nan,126.0719,nan,1,1,1544.64,nan
closed_eye_2708.jpg_face_1,cerrado,B10,141.36,0.061159,9.4981,24.5756,100.0,7.1285,CRITICA,5.8247,0.206121,24.1641,82.6149,0.055205,0.091481,9.7339,49.5808,1,1,1388.31,nan
closed_eye_2708.jpg_face_1,cerrado,B15,141.36,0.061159,14.4989,33.7066,100.0,11.3388,CRITICA,6.4897,0.313164,21.8542,76.1555,0.044812,0.080759,26.7285,32.0486,1,1,1647.175,nan
closed_eye_2708.jpg_face_1,cerrado,B25,141.36,0.061159,24.4926,54.0679,86.0877,22.635,CRITICA,8.2319,0.544759,17.6506,61.7516,0.062567,0.071386,2.3024,16.7222,1,1,1471.237,nan
closed_eye_2708.jpg_face_1,cerrado,B40,141.36,0.061159,39.4747,77.5289,49.4383,32.9168,CRITICA,10.6593,0.722527,15.2556,45.155,0.062904,0.065843,2.8539,7.6597,1,1,1458.576,nan
closed_eye_2715.jpg_face_1,cerrado,B5,123.6474,0.04336,4.3938,15.6078,100.0,5.5219,CRITICA,6.4563,0.123772,26.7669,87.3772,0.14807,nan,241.4855,nan,1,1,2621.232,nan
closed_eye_2715.jpg_face_1,cerrado,B10,123.6474,0.04336,9.4647,23.7658,100.0,9.6025,CRITICA,7.1234,0.220421,24.46,80.7794,0.055622,0.112328,28.2772,159.0569,1,1,2703.433,nan
closed_eye_2715.jpg_face_1,cerrado,B15,123.6474,0.04336,14.4751,33.3802,99.3908,15.0869,CRITICA,8.0152,0.358292,21.7293,73.0037,0.054224,0.09552,25.0534,120.2922,1,1,2478.929,nan
closed_eye_2715.jpg_face_1,cerrado,B25,123.6474,0.04336,24.4875,56.3396,73.9146,29.2561,CRITICA,10.5663,0.646541,16.8776,54.4352,0.03613,0.057649,16.6759,32.9533,1,1,2815.315,nan
closed_eye_2715.jpg_face_1,cerrado,B40,123.6474,0.04336,39.4489,82.1791,47.2409,41.8073,BIEN,14.4246,0.829365,14.3401,33.5376,0.059493,0.038675,37.2056,10.8054,1,1,2747.253,nan
closed_eye_2721.jpg_face_1,cerrado,B5,144.2799,0.051854,4.4854,16.7788,100.0,4.8885,CRITICA,5.1705,0.115369,26.027,88.3707,0.073132,0.159577,41.0341,207.7413,1,1,2077.275,nan
closed_eye_2721.jpg_face_1,cerrado,B10,144.2799,0.051854,9.4051,25.1268,100.0,7.9582,CRITICA,5.7136,0.195182,23.822,82.5847,0.05842,0.089626,12.6627,72.8423,1,1,1878.993,nan
closed_eye_2721.jpg_face_1,cerrado,B15,144.2799,0.051854,14.498,33.1641,100.0,12.2326,CRITICA,6.3195,0.290206,21.9169,77.0141,0.057205,0.080894,10.3182,56.0023,1,1,1925.669,nan
closed_eye_2721.jpg_face_1,cerrado,B25,144.2799,0.051854,24.4854,53.6638,82.6137,24.1327,CRITICA,8.0287,0.53376,17.5428,62.8058,0.05677,0.07785,9.4795,50.1318,1,1,2023.882,nan
closed_eye_2721.jpg_face_1,cerrado,B40,144.2799,0.051854,39.4888,80.5301,52.3717,36.4917,BIEN,10.6043,0.727991,14.441,44.1848,0.058881,0.067334,13.551,29.8529,1,1,1951.981,nan
closed_eye_2735.jpg_face_1,cerrado,B5,170.9088,0.102258,4.3676,17.5982,100.0,6.5025,CRITICA,3.5034,0.18297,25.2846,89.7031,0.174198,0.213719,70.3522,108.9999,1,1,1199.616,nan
closed_eye_2735.jpg_face_1,cerrado,B10,170.9088,0.102258,9.3777,24.7648,100.0,9.3453,CRITICA,3.885,0.247834,23.7491,85.5099,0.130739,0.165867,27.8527,62.205,1,1,1143.38,nan
closed_eye_2735.jpg_face_1,cerrado,B15,170.9088,0.102258,14.4816,33.3168,100.0,14.2629,CRITICA,4.3996,0.328416,21.707,80.5061,0.130779,0.168202,27.8915,64.4885,1,1,1145.344,nan
closed_eye_2735.jpg_face_1,cerrado,B25,170.9088,0.102258,24.5174,51.5086,86.1778,25.5886,CRITICA,5.6157,0.479782,18.2358,69.8619,0.129731,0.150808,26.8667,47.4779,1,1,1081.549,nan
closed_eye_2735.jpg_face_1,cerrado,B40,170.9088,0.102258,39.4843,71.9075,50.3385,36.0964,CRITICA,7.1453,0.623266,16.4681,57.9264,0.117021,0.141795,14.4369,38.664,1,1,1154.734,nan
closed_eye_2737.jpg_face_1,cerrado,B5,134.4726,0.05525,4.2893,16.1601,100.0,3.8272,CRITICA,6.1822,0.131302,26.4587,87.9826,0.104709,nan,89.5179,nan,1,1,2565.418,nan
closed_eye_2737.jpg_face_1,cerrado,B10,134.4726,0.05525,9.4521,23.5234,100.0,5.9118,CRITICA,6.7209,0.215079,24.7959,82.5069,0.089019,0.143821,61.1195,160.309,1,1,2407.318,nan
closed_eye_2737.jpg_face_1,cerrado,B15,134.4726,0.05525,14.5072,31.1675,100.0,9.6509,CRITICA,7.3367,0.321542,22.9887,76.8224,0.063404,0.105307,14.7581,90.5993,1,1,2486.944,nan
closed_eye_2737.jpg_face_1,cerrado,B25,134.4726,0.05525,24.5001,51.6412,91.2899,20.2316,CRITICA,9.1899,0.584292,18.284,61.5972,0.071153,0.065037,28.7834,17.7126,1,1,1886.792,nan
closed_eye_2737.jpg_face_1,cerrado,B40,134.4726,0.05525,39.5037,81.41,47.497,32.5516,BIEN,12.4121,0.767023,14.427,39.4598,0.072007,0.05605,30.3284,1.4483,1,1,2287.283,nan
closed_eye_2740.jpg_face_1,cerrado,B5,134.7242,0.116701,4.5038,16.7063,100.0,6.4336,CRITICA,5.5285,0.198492,25.9529,87.5996,0.246869,0.240271,111.5389,105.8856,1,1,1388.696,nan
closed_eye_2740.jpg_face_1,cerrado,B10,134.7242,0.116701,9.4483,24.4836,100.0,10.5612,CRITICA,6.0691,0.291202,23.8288,81.8269,0.153425,0.206597,31.4683,77.0306,1,1,1429.797,nan
closed_eye_2740.jpg_face_1,cerrado,B15,134.7242,0.116701,14.486,34.0523,99.8095,17.6244,CRITICA,6.8865,0.402137,21.1894,74.7245,0.139621,0.170608,19.6397,46.192,1,1,1447.178,nan
closed_eye_2740.jpg_face_1,cerrado,B25,134.7242,0.116701,24.5165,51.5364,79.0289,29.6318,CRITICA,8.4958,0.583854,17.9696,61.7467,0.355194,0.145281,204.3613,24.4897,1,1,1441.13,nan
closed_eye_2740.jpg_face_1,cerrado,B40,134.7242,0.116701,39.5157,74.228,55.4752,41.9441,CRITICA,10.9136,0.742085,15.764,44.9037,0.183585,0.149625,57.3119,28.2121,1,1,1560.793,nan
closed_eye_2746.BMP_face_2,cerrado,B5,113.5652,0.10665,4.4092,18.9529,100.0,6.5154,CRITICA,7.0664,0.190847,24.5838,83.311,0.163282,0.195564,53.1015,83.3705,1,1,2032.934,nan
closed_eye_2746.BMP_face_2,cerrado,B10,113.5652,0.10665,9.5749,28.0371,100.0,12.4774,CRITICA,7.8861,0.305022,22.0856,75.3119,0.117684,0.157629,10.3464,47.8003,1,1,2207.018,nan
closed_eye_2746.BMP_face_2,cerrado,B15,113.5652,0.10665,14.5095,38.9105,96.6667,21.069,CRITICA,9.036,0.459452,19.1573,65.7373,0.099262,0.154036,6.9275,44.4314,1,1,2322.341,nan
closed_eye_2746.BMP_face_2,cerrado,B25,113.5652,0.10665,24.5313,62.7379,66.1145,38.6483,CRITICA,11.8733,0.696041,14.7761,44.756,0.066971,0.110179,37.2052,3.3092,1,1,2102.607,nan
closed_eye_2746.BMP_face_2,cerrado,B40,113.5652,0.10665,39.5616,85.2449,47.1378,51.5725,BIEN,15.3093,0.784682,13.2042,24.9374,0.069549,0.093332,34.7873,12.487,1,1,2255.809,nan
closed_eye_2747.BMP_face_1,cerrado,B5,88.9237,0.080845,4.5166,17.8485,100.0,7.1654,CRITICA,9.0076,0.328591,25.2593,79.9283,0.090703,nan,12.1928,nan,1,1,850.629,nan
closed_eye_2747.BMP_face_1,cerrado,B10,88.9237,0.080845,9.4996,26.9575,100.0,12.3437,CRITICA,10.0426,0.453001,22.6654,69.6847,0.070092,0.10405,13.3005,28.703,1,1,1051.193,nan
closed_eye_2747.BMP_face_1,cerrado,B15,88.9237,0.080845,14.4878,37.5019,97.955,20.1951,CRITICA,11.5122,0.578711,19.8658,57.8268,0.06391,0.074068,20.9474,8.3824,1,1,1006.441,nan
closed_eye_2747.BMP_face_1,cerrado,B25,88.9237,0.080845,24.4767,58.5786,69.5618,34.8271,CRITICA,14.994,0.744441,16.1066,34.1249,0.078821,0.072531,2.5034,10.2838,1,1,953.652,nan
closed_eye_2747.BMP_face_1,cerrado,B40,88.9237,0.080845,39.4711,81.2734,46.8638,47.9071,BIEN,18.778,0.735525,14.2272,8.6031,0.087915,0.079351,8.7447,1.8481,1,1,902.69,nan
closed_eye_2749.jpg_face_2,cerrado,B5,132.3919,0.039239,4.4665,16.7955,100.0,4.417,CRITICA,5.8126,0.1514,26.2183,87.3138,0.115754,nan,194.993,nan,1,1,2380.386,nan
closed_eye_2749.jpg_face_2,cerrado,B10,132.3919,0.039239,9.491,23.6736,100.0,6.2487,CRITICA,6.3031,0.234101,24.6464,82.1185,0.07633,0.104719,94.5245,166.872,1,1,2562.788,nan
closed_eye_2749.jpg_face_2,cerrado,B15,132.3919,0.039239,14.4679,32.5993,100.0,10.3045,CRITICA,7.0005,0.356461,22.2281,75.3766,0.044336,0.059258,12.9892,51.0177,1,1,2348.521,nan
closed_eye_2749.jpg_face_2,cerrado,B25,132.3919,0.039239,24.5239,56.6256,85.286,21.9958,CRITICA,9.1171,0.6147,17.0063,57.2288,0.042245,0.046333,7.659,18.0778,1,1,2625.361,nan
closed_eye_2749.jpg_face_2,cerrado,B40,132.3919,0.039239,39.496,84.5847,41.125,34.0963,BIEN,12.2226,0.746861,13.9164,36.1104,0.036012,0.024149,8.224,38.4581,1,1,2363.507,nan
closed_eye_2752.jpg_face_1,cerrado,B5,112.1263,0.028647,4.3482,16.0547,100.0,4.7125,CRITICA,7.5818,0.160713,26.4453,85.6816,0.137542,nan,380.1256,nan,1,1,3895.598,nan
closed_eye_2752.jpg_face_1,cerrado,B10,112.1263,0.028647,9.6414,22.1773,100.0,7.313,CRITICA,8.1524,0.234966,25.5883,80.2211,0.137621,0.161064,380.401,462.2359,1,1,4330.879,nan
closed_eye_2752.jpg_face_1,cerrado,B15,112.1263,0.028647,14.5594,28.8078,100.0,10.148,CRITICA,8.7723,0.331327,24.282,74.3078,0.091069,0.114289,217.8997,298.9546,1,1,4923.683,nan
closed_eye_2752.jpg_face_1,cerrado,B25,112.1263,0.028647,24.4127,46.6063,97.551,19.1583,CRITICA,10.7889,0.57672,20.2746,58.4341,0.033079,0.081054,15.4695,182.9382,1,1,4970.179,nan
closed_eye_2752.jpg_face_1,cerrado,B40,112.1263,0.028647,39.5231,67.1396,59.6327,28.2337,CRITICA,13.9043,0.746655,18.2138,40.1215,0.037313,0.071379,30.2501,149.1667,1,1,4861.449,nan
closed_eye_2753.jpg_face_1,cerrado,B5,135.0543,0.036887,4.2922,15.5884,100.0,4.0773,CRITICA,5.9794,0.17403,26.7225,88.4577,0.157068,nan,325.8116,nan,1,1,1215.215,nan
closed_eye_2753.jpg_face_1,cerrado,B10,135.0543,0.036887,9.4995,23.4387,100.0,5.9998,CRITICA,6.5437,0.264526,24.7503,82.645,0.145052,0.160565,293.2367,335.2899,1,1,1190.334,nan
closed_eye_2753.jpg_face_1,cerrado,B15,135.0543,0.036887,14.4662,30.1848,100.0,8.8166,CRITICA,7.0635,0.348979,23.5501,77.6499,0.091952,0.133804,149.2808,262.7429,1,1,1018.537,nan
closed_eye_2753.jpg_face_1,cerrado,B25,135.0543,0.036887,24.4553,49.1157,95.2897,18.0443,CRITICA,8.7746,0.571171,19.2237,63.6326,0.064013,0.051504,73.5395,39.6282,1,1,978.569,nan
closed_eye_2753.jpg_face_1,cerrado,B40,135.0543,0.036887,39.5186,72.4741,60.7667,27.3975,CRITICA,11.3005,0.732521,16.4927,46.3371,0.060154,0.064033,63.0777,73.5937,1,1,1157.675,nan
closed_eye_2759.BMP_face_1,cerrado,B5,95.312,0.045975,4.5594,15.9779,100.0,5.0156,CRITICA,9.8755,0.269934,26.4938,83.2363,0.167444,0.239052,264.205,419.9581,1,1,864.23,nan
closed_eye_2759.BMP_face_1,cerrado,B10,95.312,0.045975,9.5748,24.5754,100.0,7.9622,CRITICA,10.8603,0.417903,24.1007,74.2158,0.119591,0.149493,160.1219,225.1593,1,1,895.496,nan
closed_eye_2759.BMP_face_1,cerrado,B15,95.312,0.045975,14.4931,32.7968,100.0,13.0385,CRITICA,11.9944,0.548588,21.9917,65.5901,0.096393,0.124684,109.6631,171.1986,1,1,852.588,nan
closed_eye_2759.BMP_face_1,cerrado,B25,95.312,0.045975,24.4914,52.3346,85.6594,24.1787,CRITICA,15.2891,0.762669,17.9976,45.0913,0.05404,0.115057,17.5407,150.2587,1,1,634.075,nan
closed_eye_2759.BMP_face_1,cerrado,B40,95.312,0.045975,39.5026,78.0662,53.2064,35.5495,CRITICA,21.1148,0.824501,15.1005,18.094,0.050881,0.070487,10.6712,53.3149,1,1,863.856,nan
closed_eye_2767.BMP_face_1,cerrado,B5,145.272,0.095005,4.4403,17.5171,100.0,6.1761,CRITICA,4.854,0.19445,25.3863,87.9419,0.129025,0.223665,35.808,135.4237,1,1,725.058,nan
closed_eye_2767.BMP_face_1,cerrado,B10,145.272,0.095005,9.3728,26.2192,100.0,11.1242,CRITICA,5.4472,0.282331,22.9856,81.9517,0.113737,0.171629,19.7162,80.6526,1,1,753.352,nan
closed_eye_2767.BMP_face_1,cerrado,B15,145.272,0.095005,14.4062,36.0883,99.8814,18.0705,CRITICA,6.2054,0.388548,20.3704,75.1581,0.123216,0.135175,29.6942,42.282,1,1,705.069,nan
closed_eye_2767.BMP_face_1,cerrado,B25,145.272,0.095005,24.4482,56.7808,72.554,32.2706,CRITICA,7.9894,0.600586,16.3971,60.9141,0.093925,0.136378,1.1367,43.5479,1,1,630.159,nan
closed_eye_2767.BMP_face_1,cerrado,B40,145.272,0.095005,39.4807,79.6561,50.6985,45.0017,CRITICA,10.276,0.758189,14.4233,45.1676,0.087283,0.103928,8.128,9.3921,1,1,748.951,nan
closed_eye_2769.jpg_face_1,cerrado,B5,121.1566,0.044812,4.464,16.911,100.0,5.1307,CRITICA,6.6258,0.209835,25.8968,86.042,0.09091,0.262075,102.8686,484.8265,1,1,1254.548,nan
closed_eye_2769.jpg_face_1,cerrado,B10,121.1566,0.044812,9.4747,24.9164,100.0,9.0093,CRITICA,7.2541,0.309115,23.9191,79.4346,0.057667,0.119093,28.6841,165.7579,1,1,1353.546,nan
closed_eye_2769.jpg_face_1,cerrado,B15,121.1566,0.044812,14.3757,33.8615,99.9766,14.315,CRITICA,8.095,0.435479,21.5196,72.0514,0.037018,0.092184,17.3937,105.7111,1,1,1402.525,nan
closed_eye_2769.jpg_face_1,cerrado,B25,121.1566,0.044812,24.4574,55.0481,81.084,27.4452,CRITICA,10.4012,0.677248,17.2226,54.5645,0.025583,0.041656,42.9118,7.0427,1,1,1453.911,nan
closed_eye_2769.jpg_face_1,cerrado,B40,121.1566,0.044812,39.4975,76.9776,48.3682,38.8503,CRITICA,13.2929,0.807067,15.2359,36.4643,0.033918,0.040293,24.3111,10.086,1,1,1402.525,nan
closed_eye_2770.jpg_face_1,cerrado,B5,149.4868,0.07375,4.4504,15.3392,100.0,3.5203,CRITICA,5.3337,0.140884,27.0212,89.7388,0.190021,nan,157.6569,nan,1,1,1003.613,nan
closed_eye_2770.jpg_face_1,cerrado,B10,149.4868,0.07375,9.4411,22.6557,100.0,4.662,CRITICA,5.7842,0.216524,25.4774,84.8443,0.107372,0.191224,45.5894,159.2884,1,1,994.629,nan
closed_eye_2770.jpg_face_1,cerrado,B15,149.4868,0.07375,14.4541,29.3975,100.0,7.2904,CRITICA,6.2632,0.294788,24.0729,80.3344,0.092532,0.144496,25.4677,95.9283,1,1,945.984,nan
closed_eye_2770.jpg_face_1,cerrado,B25,149.4868,0.07375,24.5064,47.7951,97.8601,15.5675,CRITICA,7.7145,0.511201,19.7431,68.0272,0.085112,0.112782,15.4068,52.9256,1,1,946.97,nan
closed_eye_2770.jpg_face_1,cerrado,B40,149.4868,0.07375,39.5003,72.0103,63.4682,24.0989,CRITICA,9.924,0.695186,16.685,51.8283,0.066957,0.096132,9.2109,30.3492,1,1,1046.572,nan
closed_eye_2773.jpg_face_1,cerrado,B5,91.4814,0.051991,4.5082,18.0946,100.0,8.1918,CRITICA,8.552,0.287927,24.9018,80.2204,0.116821,0.235091,124.6962,352.1791,1,1,1808.318,nan
closed_eye_2773.jpg_face_1,cerrado,B10,91.4814,0.051991,9.4899,28.8139,99.7073,16.6923,CRITICA,9.8203,0.459302,21.3092,68.503,0.094967,0.120647,82.6608,132.055,1,1,1675.042,nan
closed_eye_2773.jpg_face_1,cerrado,B15,91.4814,0.051991,14.5064,40.4737,87.9752,27.7263,CRITICA,11.484,0.627411,18.1447,55.7575,0.060308,0.086049,15.9983,65.5087,1,1,1774.623,nan
closed_eye_2773.jpg_face_1,cerrado,B25,91.4814,0.051991,24.5169,61.0703,70.1396,42.7367,CRITICA,14.8405,0.802683,15.0403,33.2429,0.06127,0.043263,17.8476,16.7864,1,1,1782.849,nan
closed_eye_2773.jpg_face_1,cerrado,B40,91.4814,0.051991,39.498,83.7139,51.7622,54.9539,BIEN,17.8723,0.799506,13.492,8.4907,0.149157,0.041109,186.8907,20.9298,1,1,1844.678,nan
closed_eye_2778.jpg_face_2,cerrado,B5,170.1918,0.060353,4.3645,16.3994,100.0,3.8926,CRITICA,4.0039,0.111706,26.2742,90.3642,0.112709,nan,86.7484,nan,1,1,1836.885,nan
closed_eye_2778.jpg_face_2,cerrado,B10,170.1918,0.060353,9.282,23.636,100.0,6.1478,CRITICA,4.4084,0.168076,24.6776,86.1121,0.061077,0.147159,1.1998,143.8301,1,1,1953.888,nan
closed_eye_2778.jpg_face_2,cerrado,B15,170.1918,0.060353,14.4641,31.2098,100.0,9.073,CRITICA,4.8717,0.242982,23.1433,81.662,0.07597,0.138887,25.876,130.1228,1,1,1838.573,nan
closed_eye_2778.jpg_face_2,cerrado,B25,170.1918,0.060353,24.4768,49.5689,95.6379,17.4722,CRITICA,6.1005,0.442518,19.2479,70.8747,0.079481,0.080491,31.693,33.3665,1,1,1478.197,nan
closed_eye_2778.jpg_face_2,cerrado,B40,170.1918,0.060353,39.5069,74.0957,54.7721,27.488,CRITICA,7.9546,0.640379,16.2186,56.4634,0.068691,0.069752,13.8151,15.5726,1,1,1523.229,nan
closed_eye_2780.jpg_face_1,cerrado,B5,161.0054,0.056895,4.4255,16.946,100.0,4.3454,CRITICA,4.3583,0.123439,25.9083,89.4749,0.102134,nan,79.5137,nan,1,1,1840.265,nan
closed_eye_2780.jpg_face_1,cerrado,B10,161.0054,0.056895,9.466,24.699,100.0,6.4225,CRITICA,4.7978,0.18964,24.2037,84.6595,0.058191,0.141961,2.2778,149.5153,1,1,1480.823,nan
closed_eye_2780.jpg_face_1,cerrado,B15,161.0054,0.056895,14.4862,31.9806,100.0,9.444,CRITICA,5.2735,0.268061,22.7731,80.1369,0.076934,0.099177,35.221,74.316,1,1,1868.81,nan
closed_eye_2780.jpg_face_1,cerrado,B25,161.0054,0.056895,24.48,50.4509,96.2579,18.259,CRITICA,6.602,0.465108,19.0061,68.6651,0.07548,0.077635,32.6656,36.4532,1,1,1548.947,nan
closed_eye_2780.jpg_face_1,cerrado,B40,161.0054,0.056895,39.4588,73.9742,52.6446,26.9604,CRITICA,8.5317,0.660965,16.4071,54.0548,0.073972,0.059448,30.0152,4.4878,1,1,1784.121,nan
closed_eye_2793.jpg_face_1,cerrado,B5,156.6787,0.081582,4.3806,16.1416,100.0,4.7845,CRITICA,4.638,0.117854,26.395,89.6976,nan,nan,nan,nan,1,0,2087.247,nan
closed_eye_2793.jpg_face_1,cerrado,B10,156.6787,0.081582,9.3229,22.9609,100.0,6.8688,CRITICA,5.0407,0.183692,24.9738,85.3452,0.086547,0.152773,6.0856,87.2628,1,1,2271.695,nan
closed_eye_2793.jpg_face_1,cerrado,B15,156.6787,0.081582,14.3439,30.5679,100.0,10.2692,CRITICA,5.5407,0.266967,23.2182,80.4901,0.085432,0.128878,4.7183,57.9733,1,1,2364.625,nan
closed_eye_2793.jpg_face_1,cerrado,B25,156.6787,0.081582,24.5083,48.9363,92.8937,19.9758,CRITICA,6.8789,0.468989,19.2022,68.7665,0.107624,0.088719,31.9208,8.7476,1,1,2142.245,nan
closed_eye_2793.jpg_face_1,cerrado,B40,156.6787,0.081582,39.527,74.5649,55.7062,31.7438,CRITICA,8.9697,0.666316,15.7808,52.4091,0.102037,0.082937,25.072,1.6599,1,1,2306.273,nan
closed_eye_2794.jpg_face_1,cerrado,B5,150.7771,0.049553,4.417,18.1901,100.0,6.0397,CRITICA,4.5022,0.135351,24.9978,87.9357,0.127734,0.191557,157.7721,286.569,1,1,1545.595,nan
closed_eye_2794.jpg_face_1,cerrado,B10,150.7771,0.049553,9.3899,27.4023,100.0,10.7145,CRITICA,5.086,0.22241,22.4463,81.826,0.053838,0.106057,8.6469,114.0271,1,1,1431.229,nan
closed_eye_2794.jpg_face_1,cerrado,B15,150.7771,0.049553,14.4553,37.9197,99.3498,17.4174,CRITICA,5.8543,0.336545,19.8367,74.8505,0.107779,0.072487,117.5017,46.2819,1,1,1514.922,nan
closed_eye_2794.jpg_face_1,cerrado,B25,150.7771,0.049553,24.4619,59.5304,71.5119,30.6189,CRITICA,7.6274,0.570515,15.9945,60.5176,0.035743,0.064181,27.8691,29.5192,1,1,1427.144,nan
closed_eye_2794.jpg_face_1,cerrado,B40,150.7771,0.049553,39.4626,84.5378,44.962,43.6854,BIEN,9.9548,0.744132,13.6547,43.9319,0.056922,0.044303,14.8706,10.5957,1,1,1507.386,nan
closed_eye_2798.jpg_face_1,cerrado,B5,172.9597,0.021361,4.3589,17.0128,100.0,4.1074,CRITICA,3.984,0.119459,25.8993,90.1637,0.086175,nan,303.4189,nan,1,1,864.006,nan
closed_eye_2798.jpg_face_1,cerrado,B10,172.9597,0.021361,9.3394,24.4367,100.0,5.7798,CRITICA,4.3852,0.183651,24.2347,85.8715,0.033765,0.092825,58.0666,334.5488,1,1,948.227,nan
closed_eye_2798.jpg_face_1,cerrado,B15,172.9597,0.021361,14.5487,31.7395,100.0,8.3535,CRITICA,4.817,0.257323,22.8073,81.6492,0.03939,0.078834,84.4006,269.0519,1,1,972.952,nan
closed_eye_2798.jpg_face_1,cerrado,B25,172.9597,0.021361,24.4854,50.5692,96.1542,16.5058,CRITICA,6.0232,0.4493,18.8989,70.7624,0.03508,0.047947,64.2244,124.458,1,1,1007.76,nan
closed_eye_2798.jpg_face_1,cerrado,B40,172.9597,0.021361,39.4877,75.7687,56.7715,26.9856,CRITICA,7.8505,0.645932,15.7258,56.1929,0.025542,0.026976,19.5736,26.2851,1,1,962.094,nan
closed_eye_2801.jpg_face_2,cerrado,B5,159.7048,0.026155,4.3649,16.4734,100.0,4.1293,CRITICA,4.768,0.126756,26.2653,89.6851,0.12004,nan,358.9558,nan,1,1,1424.501,nan
closed_eye_2801.jpg_face_2,cerrado,B10,159.7048,0.026155,9.4252,24.3314,100.0,7.0014,CRITICA,5.2417,0.200706,24.1104,84.7647,0.076938,0.105725,194.164,304.2252,1,1,1501.502,nan
closed_eye_2801.jpg_face_2,cerrado,B15,159.7048,0.026155,14.4928,33.1172,99.9905,10.9391,CRITICA,5.8276,0.300543,21.8252,79.2635,0.048442,0.068888,85.2125,163.3827,1,1,1487.431,nan
closed_eye_2801.jpg_face_2,cerrado,B25,159.7048,0.026155,24.4964,53.331,90.5189,20.409,CRITICA,7.3317,0.516554,17.9176,66.6065,0.04762,0.04925,82.0679,88.3002,1,1,1442.377,nan
closed_eye_2801.jpg_face_2,cerrado,B40,159.7048,0.026155,39.5425,78.1468,51.2277,30.9607,CRITICA,9.4819,0.706067,15.212,51.068,0.050036,0.040499,91.3061,54.8425,1,1,1498.352,nan
closed_eye_2803.jpg_face_1,cerrado,B5,194.4599,0.052848,4.3494,14.9712,100.0,3.2253,CRITICA,2.9966,0.117729,27.2362,92.3011,0.185509,nan,251.0236,nan,1,1,821.895,nan
closed_eye_2803.jpg_face_1,cerrado,B10,194.4599,0.052848,9.3047,21.7735,100.0,4.0897,CRITICA,3.3236,0.175093,25.8863,88.8031,0.074771,nan,41.4832,nan,1,1,747.217,nan
closed_eye_2803.jpg_face_1,cerrado,B15,194.4599,0.052848,14.3466,27.6563,100.0,5.9874,CRITICA,3.6154,0.226688,25.082,85.7779,0.076007,nan,43.8209,nan,1,1,769.764,nan
closed_eye_2803.jpg_face_1,cerrado,B25,194.4599,0.052848,24.5226,43.8961,99.5924,12.0889,CRITICA,4.5139,0.37912,21.2422,77.4267,0.069169,0.050011,30.8835,5.3684,1,1,695.943,nan
closed_eye_2803.jpg_face_1,cerrado,B40,194.4599,0.052848,39.4721,66.0617,76.5322,18.4965,CRITICA,5.8597,0.548617,18.3523,66.0281,0.071477,0.040532,35.2492,23.305,1,1,702.741,nan
closed_eye_2813.BMP_face_1,cerrado,B5,153.4052,0.046005,4.5143,16.863,100.0,4.3656,CRITICA,4.7297,0.119026,25.9316,89.0075,0.102948,nan,123.7767,nan,1,1,873.82,nan
closed_eye_2813.BMP_face_1,cerrado,B10,153.4052,0.046005,9.4662,24.999,100.0,7.177,CRITICA,5.2068,0.18383,24.0015,83.7039,0.06118,0.088313,32.9865,91.9656,1,1,878.117,nan
closed_eye_2813.BMP_face_1,cerrado,B15,153.4052,0.046005,14.4371,32.6296,100.0,10.4023,CRITICA,5.7251,0.259971,22.3412,78.7298,0.056756,0.059048,23.3697,28.3516,1,1,975.419,nan
closed_eye_2813.BMP_face_1,cerrado,B25,153.4052,0.046005,24.48,53.8475,88.3732,20.7818,CRITICA,7.3556,0.486033,17.8479,64.8985,0.07172,0.051917,55.8981,12.8505,1,1,867.002,nan
closed_eye_2813.BMP_face_1,cerrado,B40,153.4052,0.046005,39.4804,78.0515,47.9603,31.147,CRITICA,9.4795,0.67931,15.2427,49.1207,0.067764,0.050931,47.2984,10.7076,1,1,814.133,nan
closed_eye_2817.jpg_face_1,cerrado,B5,115.6957,0.038067,4.4224,17.3685,100.0,5.8699,CRITICA,7.0102,0.285156,25.5916,84.9878,0.079406,0.214837,108.5978,464.3739,1,1,713.725,nan
closed_eye_2817.jpg_face_1,cerrado,B10,115.6957,0.038067,9.4417,25.5855,100.0,9.7915,CRITICA,7.7014,0.399905,23.4369,77.8855,0.06919,0.114607,81.7608,201.07,1,1,824.538,nan
closed_eye_2817.jpg_face_1,cerrado,B15,115.6957,0.038067,14.5313,35.8283,99.979,16.5336,CRITICA,8.7346,0.52912,20.7093,69.0323,0.052373,0.077376,37.5839,103.2642,1,1,621.234,nan
closed_eye_2817.jpg_face_1,cerrado,B25,115.6957,0.038067,24.499,57.1108,74.0747,30.5715,CRITICA,11.1651,0.723894,16.5296,50.637,0.040137,0.060681,5.4381,59.409,1,1,720.929,nan
closed_eye_2817.jpg_face_1,cerrado,B40,115.6957,0.038067,39.4824,79.8623,47.121,43.622,CRITICA,14.2596,0.813733,14.4248,30.9722,0.068544,0.054288,80.0642,42.6137,1,1,583.26,nan
closed_eye_2847.jpg_face_2,cerrado,B5,71.9011,0.077284,4.5438,17.9886,100.0,6.622,CRITICA,11.9197,0.38435,25.1668,74.9815,0.0859,0.165775,11.1493,114.5026,1,1,466.962,nan
closed_eye_2847.jpg_face_2,cerrado,B10,71.9011,0.077284,9.5402,27.2046,100.0,11.7486,CRITICA,13.3941,0.550354,22.6027,62.1638,0.057747,0.113652,25.2796,47.0581,1,1,439.116,nan
closed_eye_2847.jpg_face_2,cerrado,B15,71.9011,0.077284,14.5392,38.0038,98.1308,19.3016,CRITICA,15.651,0.698517,19.7608,47.1444,0.064913,0.088269,16.0068,14.2144,1,1,414.852,nan
closed_eye_2847.jpg_face_2,cerrado,B25,71.9011,0.077284,24.5313,59.1007,71.6238,33.8155,CRITICA,21.5759,0.82403,15.9619,17.8027,0.056628,0.079197,26.727,2.4762,1,1,399.521,nan
closed_eye_2847.jpg_face_2,cerrado,B40,71.9011,0.077284,39.5329,82.7908,46.713,48.952,BIEN,21.0723,0.745365,13.7836,15.1455,0.052513,0.068136,32.051,11.8358,1,1,346.488,nan
a0068,abierto,B5,107.203,0.190392,4.4084,17.9859,100.0,7.8318,CRITICA,7.2285,0.271567,25.0009,83.2226,0.173183,0.212421,9.0385,11.5703,1,1,747.719,nan
a0068,abierto,B10,107.203,0.190392,9.4317,28.2766,100.0,15.8885,CRITICA,8.281,0.41086,21.6232,73.6233,0.165712,0.169948,12.9629,10.738,1,1,1079.914,nan
a0068,abierto,B15,107.203,0.190392,14.4623,39.3638,87.801,26.2812,CRITICA,9.6526,0.568797,18.581,63.281,0.17593,0.172338,7.5956,9.4824,1,1,1072.616,nan
a0068,abierto,B25,107.203,0.190392,24.4824,59.2047,71.5287,41.1752,CRITICA,12.4098,0.799044,15.4356,44.7733,0.163707,0.167549,14.0159,11.9979,1,1,875.044,nan
a0068,abierto,B40,107.203,0.190392,39.5061,82.9482,56.1664,53.5611,BIEN,16.0276,0.899064,13.6942,22.6251,0.178941,0.180297,6.0144,5.3022,1,1,1010.305,nan
a0205,abierto,B5,105.8826,0.215294,4.4091,17.9361,100.0,8.168,CRITICA,7.2553,0.285616,25.0215,83.0604,0.183374,0.221958,14.8264,3.0953,1,1,1102.657,nan
a0205,abierto,B10,105.8826,0.215294,9.4441,28.4049,99.8467,16.4314,CRITICA,8.336,0.430649,21.5395,73.1732,0.201208,0.187535,6.5425,12.8936,1,1,1095.53,nan
a0205,abierto,B15,105.8826,0.215294,14.4236,39.0064,87.18,26.7047,CRITICA,9.6648,0.580349,18.6376,63.1607,0.215244,0.195533,0.0233,9.1785,1,1,1096.852,nan
a0205,abierto,B25,105.8826,0.215294,24.4674,57.9525,73.4383,40.433,CRITICA,12.1925,0.801335,15.767,45.2673,0.210983,0.19846,2.0025,7.8192,1,1,1020.512,nan
a0205,abierto,B40,105.8826,0.215294,39.4978,81.2624,57.4977,53.1365,BIEN,15.7527,0.895485,14.0299,23.2524,0.201459,0.197347,6.4259,8.336,1,1,1045.369,nan
a0208,abierto,B5,106.9888,0.191685,4.3936,17.686,100.0,7.8876,CRITICA,7.0963,0.284723,25.1914,83.4693,0.17339,0.231818,9.5444,20.9368,1,1,1019.264,nan
a0208,abierto,B10,106.9888,0.191685,9.4398,27.549,100.0,15.8549,CRITICA,8.0983,0.41858,21.9503,74.2506,0.195572,0.183771,2.0276,4.129,1,1,1095.41,nan
a0208,abierto,B15,106.9888,0.191685,14.4609,38.2503,88.1348,26.0166,CRITICA,9.3909,0.572134,18.9545,64.2483,0.196456,0.174862,2.489,8.7763,1,1,892.22,nan
a0208,abierto,B25,106.9888,0.191685,24.4781,56.9448,73.446,39.7632,CRITICA,11.7862,0.791631,16.0105,46.775,0.186832,0.184493,2.5318,3.7521,1,1,961.908,nan
a0208,abierto,B40,106.9888,0.191685,39.4943,80.0585,57.9421,51.9922,BIEN,14.9974,0.891,14.2597,25.1711,0.194126,0.175154,1.2734,8.624,1,1,1007.354,nan
a0230,abierto,B5,101.1822,0.186551,4.4158,17.9657,100.0,8.2291,CRITICA,7.6675,0.296777,24.9936,82.2442,0.173257,0.225639,7.1265,20.9529,1,1,1065.19,nan
a0230,abierto,B10,101.1822,0.186551,9.4449,28.892,99.1267,17.1797,CRITICA,8.8633,0.455454,21.2473,71.4455,0.18507,0.17587,0.7941,5.7256,1,1,1046.792,nan
a0230,abierto,B15,101.1822,0.186551,14.4554,39.7345,86.6483,27.9536,CRITICA,10.3487,0.609435,18.2965,60.7298,0.186458,0.181971,0.0499,2.4555,1,1,802.246,nan
a0230,abierto,B25,101.1822,0.186551,24.4782,59.7267,73.4441,43.1152,CRITICA,13.3589,0.831988,15.2171,40.9711,0.179937,0.184009,3.5453,1.3627,1,1,1017.501,nan
a0230,abierto,B40,101.1822,0.186551,39.5009,81.6479,57.1659,54.1587,BIEN,16.9889,0.900494,13.9483,19.306,0.183641,0.189272,1.5603,1.4587,1,1,1041.667,nan
a0245,abierto,B5,111.1183,0.157348,4.4296,16.8192,100.0,7.4261,CRITICA,6.6288,0.281688,25.7462,84.8637,0.162661,0.173251,3.3768,10.107,1,1,1016.467,nan
a0245,abierto,B10,111.1183,0.157348,9.4202,26.2504,100.0,14.3234,CRITICA,7.46,0.416767,22.5475,76.3762,0.176659,0.160282,12.273,1.8649,1,1,1107.665,nan
a0245,abierto,B15,111.1183,0.157348,14.4879,36.4533,91.0943,24.6323,CRITICA,8.5682,0.55425,19.4285,67.1941,0.154999,0.160138,1.4925,1.7734,1,1,1047.559,nan
a0245,abierto,B25,111.1183,0.157348,24.4691,55.1416,76.3784,39.1467,CRITICA,10.6714,0.765472,16.1667,50.3757,0.161913,0.145667,2.9011,7.4233,1,1,1029.548,nan
a0245,abierto,B40,111.1183,0.157348,39.4774,76.7769,58.3768,50.2821,CRITICA,13.2761,0.874871,14.6836,30.9052,0.17133,0.164361,8.886,4.4572,1,1,996.314,nan
a0277,abierto,B5,112.8277,0.193745,4.4644,17.3637,100.0,7.5816,CRITICA,6.4879,0.272892,25.467,84.6105,0.190129,0.210296,1.8663,8.5424,1,1,1096.732,nan
a0277,abierto,B10,112.8277,0.193745,9.4594,27.0814,100.0,14.5614,CRITICA,7.3565,0.403717,22.3104,75.9976,0.192053,0.189705,0.8736,2.0854,1,1,1101.807,nan
a0277,abierto,B15,112.8277,0.193745,14.4218,36.9101,92.6391,23.8819,CRITICA,8.4249,0.53808,19.5778,67.2863,0.18754,0.178915,3.203,7.6546,1,1,795.798,nan
a0277,abierto,B25,112.8277,0.193745,24.5096,55.8538,72.9977,38.3818,CRITICA,10.5703,0.762092,16.2661,50.4964,0.196217,0.191563,1.2758,1.1264,1,1,1086.012,nan
a0277,abierto,B40,112.8277,0.193745,39.4768,78.5231,56.9951,50.2955,CRITICA,13.2536,0.875419,14.5197,30.4044,0.211522,0.180696,9.1754,6.7351,1,1,1037.667,nan
a0279,abierto,B5,115.3651,0.194289,4.484,17.312,100.0,7.4868,CRITICA,6.3129,0.262861,25.5196,84.9937,0.186468,0.218583,4.0257,12.5039,1,1,1125.746,nan
a0279,abierto,B10,115.3651,0.194289,9.51,26.7629,100.0,14.4619,CRITICA,7.1485,0.385669,22.4883,76.8016,0.188996,0.184193,2.7242,5.1968,1,1,1089.562,nan
a0279,abierto,B15,115.3651,0.194289,14.4856,36.3931,93.5027,23.6032,CRITICA,8.1733,0.517287,19.7687,68.454,0.186519,0.178645,3.9993,8.0523,1,1,955.566,nan
a0279,abierto,B25,115.3651,0.194289,24.4397,55.2079,74.3659,37.222,CRITICA,10.159,0.745361,16.4513,52.145,0.209896,0.177133,8.0325,8.8301,1,1,630.875,nan
a0279,abierto,B40,115.3651,0.194289,39.4639,78.4671,56.4983,49.8304,CRITICA,12.9192,0.870396,14.5287,31.9836,0.194624,0.183494,0.1725,5.5563,1,1,916.842,nan
a0371,abierto,B5,106.1452,0.179992,4.4272,17.6805,100.0,7.9255,CRITICA,7.1151,0.287123,25.2257,83.3431,0.171905,0.211128,4.4929,17.2988,1,1,917.431,nan
a0371,abierto,B10,106.1452,0.179992,9.4422,27.6816,99.9748,16.0629,CRITICA,8.146,0.41877,21.8962,73.921,0.168681,0.176015,6.2839,2.2093,1,1,1081.549,nan
a0371,abierto,B15,106.1452,0.179992,14.4352,37.8404,89.2837,25.9343,CRITICA,9.3923,0.56787,19.09,64.3503,0.169211,0.165741,5.9897,7.9173,1,1,994.233,nan
a0371,abierto,B25,106.1452,0.179992,24.4855,56.7403,73.7235,39.3635,CRITICA,11.7614,0.794087,16.0931,46.5446,0.182656,0.170741,1.4804,5.1396,1,1,1009.082,nan
a0371,abierto,B40,106.1452,0.179992,39.5211,80.1819,56.8301,51.6412,BIEN,14.8946,0.887516,14.2409,24.4602,0.200969,0.174118,11.6545,3.2632,1,1,1091.227,nan
a0372,abierto,B5,105.3966,0.202952,4.4534,17.9732,100.0,8.3939,CRITICA,7.2575,0.28515,24.9808,82.9471,0.186841,0.218722,7.9383,7.77,1,1,1141.422,nan
a0372,abierto,B10,105.3966,0.202952,9.4721,28.5781,99.8428,17.2917,CRITICA,8.3873,0.426706,21.3841,72.8852,0.183609,0.172716,9.5311,14.898,1,1,1123.722,nan
a0372,abierto,B15,105.3966,0.202952,14.46,38.5979,86.297,27.2608,CRITICA,9.6764,0.573321,18.697,63.3784,0.199576,0.184234,1.6636,9.223,1,1,1069.176,nan
a0372,abierto,B25,105.3966,0.202952,24.504,58.5514,73.5236,41.551,CRITICA,12.3722,0.806994,15.5638,44.4466,0.193596,0.185354,4.61,8.6711,1,1,1093.374,nan
a0372,abierto,B40,105.3966,0.202952,39.5336,82.2436,56.1587,53.6336,BIEN,15.7667,0.895948,13.8232,21.9675,0.199373,0.197919,1.7637,2.4798,1,1,1088.021,nan
a0374,abierto,B5,113.7246,0.189319,4.4706,17.6615,100.0,7.4848,CRITICA,6.5784,0.262106,25.2935,84.4699,0.185898,0.209393,1.8069,10.6033,1,1,942.241,nan
a0374,abierto,B10,113.7246,0.189319,9.4753,27.2773,100.0,14.9212,CRITICA,7.4742,0.382676,22.1473,76.0146,0.193305,0.171022,2.1055,9.6648,1,1,1086.72,nan
a0374,abierto,B15,113.7246,0.189319,14.4732,37.0954,92.7031,24.0908,CRITICA,8.5398,0.52158,19.4503,67.3813,0.18874,0.190436,0.306,0.5901,1,1,929.454,nan
a0374,abierto,B25,113.7246,0.189319,24.4697,56.5282,73.153,38.1234,CRITICA,10.6856,0.757331,16.0741,50.2938,0.18831,0.186395,0.5329,1.5446,1,1,1052.742,nan
a0374,abierto,B40,113.7246,0.189319,39.4459,79.626,56.6497,49.9552,CRITICA,13.4146,0.878602,14.2498,29.9835,0.196635,0.188556,3.8644,0.403,1,1,1105.339,nan
a0379,abierto,B5,109.6001,0.191517,4.4202,17.5862,100.0,7.5215,CRITICA,6.8312,0.276649,25.32,83.9543,0.180736,0.228444,5.6294,19.2809,1,1,952.653,nan
a0379,abierto,B10,109.6001,0.191517,9.4961,27.7162,100.0,15.5112,CRITICA,7.8212,0.406756,21.9698,74.7115,0.201023,0.192142,4.9634,0.3261,1,1,1113.214,nan
a0379,abierto,B15,109.6001,0.191517,14.4472,37.6208,92.2548,24.5766,CRITICA,8.9458,0.551209,19.3024,65.6745,0.202094,0.178696,5.5226,6.6946,1,1,906.947,nan
a0379,abierto,B25,109.6001,0.191517,24.4605,56.8682,73.3393,38.3925,CRITICA,11.2586,0.781909,16.123,48.113,0.200392,0.18257,4.6338,4.6716,1,1,1070.664,nan
a0379,abierto,B40,109.6001,0.191517,39.5172,80.3399,56.2596,50.7937,BIEN,14.2639,0.882646,14.2208,26.6972,0.199923,0.186401,4.3889,2.6715,1,1,880.592,nan
a0386,abierto,B5,99.5347,0.188042,4.4074,17.6232,100.0,8.3629,CRITICA,7.6275,0.315033,25.1802,82.2945,0.162954,0.215785,13.3415,14.7536,1,1,1010.816,nan
a0386,abierto,B10,99.5347,0.188042,9.4628,28.3805,99.2839,17.5363,CRITICA,8.8264,0.465544,21.4686,71.4868,0.190025,0.184927,1.0545,1.6566,1,1,1036.162,nan
a0386,abierto,B15,99.5347,0.188042,14.4606,38.5896,86.6367,27.1711,CRITICA,10.1812,0.619039,18.7896,61.23,0.180535,0.183288,3.9921,2.5279,1,1,960.43,nan
a0386,abierto,B25,99.5347,0.188042,24.5199,57.3029,73.2927,41.1391,CRITICA,12.8286,0.829249,15.9242,42.4292,0.187043,0.172291,0.5309,8.3764,1,1,1016.054,nan
a0386,abierto,B40,99.5347,0.188042,39.5355,80.5289,56.999,53.2878,BIEN,16.0269,0.890976,14.1605,19.0946,0.184568,0.165649,1.8475,11.9087,1,1,987.849,nan
a0418,abierto,B5,100.8038,0.183868,4.4063,17.5511,100.0,8.5352,CRITICA,7.5283,0.308213,25.1866,82.5888,0.17838,0.196566,2.9848,6.906,1,1,1141.813,nan
a0418,abierto,B10,100.8038,0.183868,9.4491,28.5411,99.379,17.3596,CRITICA,8.7114,0.466954,21.4313,71.6865,0.179742,0.182014,2.244,1.0083,1,1,1016.467,nan
a0418,abierto,B15,100.8038,0.183868,14.4459,38.3899,87.0151,27.124,CRITICA,10.025,0.608499,18.8306,61.9163,0.171743,0.172192,6.5946,6.3503,1,1,1028.172,nan
a0418,abierto,B25,100.8038,0.183868,24.4599,57.3654,72.7357,41.1006,CRITICA,12.6639,0.825622,15.9008,43.0921,0.174185,0.173232,5.2662,5.7848,1,1,946.342,nan
a0418,abierto,B40,100.8038,0.183868,39.5073,80.0465,57.3463,53.4187,BIEN,15.9326,0.894054,14.2405,20.5919,0.175047,0.161655,4.7974,12.0808,1,1,880.824,nan
a0487,abierto,B5,107.0182,0.177507,4.3928,17.5031,100.0,7.9888,CRITICA,7.0541,0.289491,25.264,83.6447,0.188814,0.210795,6.3702,18.7535,1,1,930.146,nan
a0487,abierto,B10,107.0182,0.177507,9.4413,27.9138,100.0,15.668,CRITICA,8.0647,0.434784,21.8345,73.9168,0.170411,0.184483,3.9976,3.9302,1,1,937.471,nan
a0487,abierto,B15,107.0182,0.177507,14.4603,38.2791,88.9072,25.864,CRITICA,9.3005,0.579698,18.9259,64.2312,0.183609,0.1765,3.4378,0.567,1,1,1021.346,nan
a0487,abierto,B25,107.0182,0.177507,24.4684,56.6852,73.0191,39.5177,CRITICA,11.5519,0.791448,16.0114,47.0322,0.18449,0.178481,3.934,0.5487,1,1,924.471,nan
a0487,abierto,B40,107.0182,0.177507,39.4874,78.9545,58.1459,51.1753,CRITICA,14.4588,0.88626,14.4079,26.2233,0.191372,0.174922,7.8111,1.4559,1,1,1023.541,nan
a0533,abierto,B5,99.5021,0.17882,4.4152,17.7366,100.0,8.5544,CRITICA,7.6113,0.319258,25.0805,82.1746,0.184077,0.208067,2.9401,16.3558,1,1,1074.46,nan
a0533,abierto,B10,99.5021,0.17882,9.461,28.256,99.1733,17.7973,CRITICA,8.7933,0.470085,21.4376,71.6026,0.179023,0.188806,0.1139,5.5844,1,1,1052.299,nan
a0533,abierto,B15,99.5021,0.17882,14.4587,39.0369,86.1418,28.1584,CRITICA,10.2292,0.625765,18.5145,60.7677,0.184031,0.16775,2.9141,6.1903,1,1,1128.413,nan
a0533,abierto,B25,99.5021,0.17882,24.5171,57.553,74.0748,42.4108,CRITICA,12.9204,0.828759,15.7453,42.159,0.181091,0.172956,1.27,3.2793,1,1,1021.033,nan
a0533,abierto,B40,99.5021,0.17882,39.5181,79.6647,59.4578,53.5194,CRITICA,16.2221,0.889168,14.3623,19.9367,0.171742,0.176494,3.9578,1.3004,1,1,862.664,nan
a0579,abierto,B5,108.9364,0.200394,4.4305,17.8144,100.0,8.1656,CRITICA,7.0409,0.277182,25.0776,83.647,0.219379,0.21247,9.4739,6.0261,1,1,1078.632,nan
a0579,abierto,B10,108.9364,0.200394,9.483,27.6813,100.0,15.9615,CRITICA,8.022,0.411431,21.8642,74.5894,0.214974,0.193821,7.2757,3.28,1,1,957.488,nan
a0579,abierto,B15,108.9364,0.200394,14.4542,38.0364,89.6039,25.6863,CRITICA,9.2244,0.560889,18.9806,65.0838,0.229019,0.214931,14.2846,7.2543,1,1,1002.506,nan
a0579,abierto,B25,108.9364,0.200394,24.469,56.5667,73.8827,39.7623,CRITICA,11.5712,0.780891,15.993,48.0737,0.211341,0.217053,5.4629,8.3132,1,1,1066.78,nan
a0579,abierto,B40,108.9364,0.200394,39.4917,79.4698,58.8678,51.6392,CRITICA,14.6524,0.887373,14.2786,27.0493,0.217857,0.217191,8.7143,8.3819,1,1,861.623,nan
a0705,abierto,B5,99.4831,0.188602,4.4158,17.9039,100.0,8.3982,CRITICA,7.7673,0.312285,25.0,82.0031,0.180754,0.215852,4.1612,14.4483,1,1,1066.894,nan
a0705,abierto,B10,99.4831,0.188602,9.4435,28.6705,99.214,17.7208,CRITICA,8.9991,0.468046,21.2479,71.1805,0.197992,0.180394,4.9786,4.3519,1,1,1101.443,nan
a0705,abierto,B15,99.4831,0.188602,14.4385,39.2579,85.9846,28.104,CRITICA,10.4395,0.62067,18.4015,60.5382,0.188356,0.181753,0.1307,3.6315,1,1,1064.623,nan
a0705,abierto,B25,99.4831,0.188602,24.5002,58.2529,74.3853,42.485,CRITICA,13.301,0.831393,15.5439,41.4445,0.173918,0.178399,7.7859,5.4099,1,1,1100.352,nan
a0705,abierto,B40,99.4831,0.188602,39.5158,79.9485,58.7359,53.0746,CRITICA,16.6182,0.894611,14.2586,19.6362,0.182812,0.179839,3.0699,4.6465,1,1,1040.691,nan
a0857,abierto,B5,100.7418,0.189863,4.3821,17.6973,100.0,7.8838,CRITICA,7.6316,0.304324,25.1915,82.433,0.183941,0.21783,3.1192,14.7298,1,1,1081.549,nan
a0857,abierto,B10,100.7418,0.189863,9.4254,28.3859,99.4256,16.6049,CRITICA,8.8017,0.45983,21.5354,71.8231,0.177423,0.184534,6.5523,2.8068,1,1,1031.14,nan
a0857,abierto,B15,100.7418,0.189863,14.4268,38.8615,87.378,27.1789,CRITICA,10.2181,0.608388,18.6221,61.4246,0.184008,0.181535,3.0839,4.3865,1,1,1049.208,nan
a0857,abierto,B25,100.7418,0.189863,24.4763,58.5073,73.7352,41.1138,CRITICA,12.9766,0.829733,15.6085,41.9236,0.189966,0.181645,0.0543,4.3284,1,1,963.67,nan
a0857,abierto,B40,100.7418,0.189863,39.4841,80.4634,57.0417,51.9916,BIEN,16.2378,0.891078,14.2255,20.1291,0.18286,0.169331,3.6888,10.8141,1,1,1051.193,nan
a0881,abierto,B5,102.0847,0.160364,4.3968,17.7953,100.0,7.9913,CRITICA,7.4836,0.303803,25.1351,82.5681,0.187904,0.213092,17.1733,32.8797,1,1,1100.231,nan
a0881,abierto,B10,102.0847,0.160364,9.4144,28.0101,99.9185,16.4329,CRITICA,8.5826,0.444565,21.7066,72.5619,0.176301,0.167853,9.9374,4.67,1,1,1055.855,nan
a0881,abierto,B15,102.0847,0.160364,14.4636,39.0422,87.0694,27.6653,CRITICA,10.0623,0.602487,18.5392,61.7552,0.150307,0.161227,6.2714,0.5375,1,1,1035.518,nan
a0881,abierto,B25,102.0847,0.160364,24.4516,58.5195,73.6149,41.774,CRITICA,12.8235,0.824301,15.5737,42.6755,0.161428,0.153615,0.6634,4.2091,1,1,1009.387,nan
a0881,abierto,B40,102.0847,0.160364,39.5031,82.3806,55.5687,54.5245,BIEN,16.5599,0.89342,13.8116,19.3018,0.177096,0.158515,10.4336,1.1532,1,1,1002.406,nan
a0947,abierto,B5,103.7651,0.178082,4.425,17.7566,100.0,8.1687,CRITICA,7.3977,0.298288,25.1357,82.8877,0.17842,0.219578,0.1899,23.3017,1,1,1102.414,nan
a0947,abierto,B10,103.7651,0.178082,9.4388,28.067,99.9709,16.6247,CRITICA,8.4938,0.444109,21.638,72.9514,0.183973,0.162794,3.3082,8.5847,1,1,1065.984,nan
a0947,abierto,B15,103.7651,0.178082,14.4358,38.4269,87.1994,26.6023,CRITICA,9.81,0.590407,18.8117,62.9674,0.19147,0.180003,7.5179,1.0785,1,1,967.867,nan
a0947,abierto,B25,103.7651,0.178082,24.4676,57.3553,73.9312,40.3606,CRITICA,12.3821,0.807835,15.8981,44.7259,0.187942,0.188807,5.5366,6.0226,1,1,1029.23,nan
a0947,abierto,B40,103.7651,0.178082,39.5103,80.0055,58.437,52.5546,BIEN,15.8369,0.893317,14.2711,22.8975,0.199096,0.177052,11.8005,0.5784,1,1,1056.636,nan
a0958,abierto,B5,100.0941,0.152446,4.39,17.5693,100.0,8.4248,CRITICA,7.6456,0.308127,25.1671,82.4472,0.151774,0.20966,0.4409,37.5303,1,1,1134.173,nan
a0958,abierto,B10,100.0941,0.152446,9.3967,28.4225,99.1849,17.4027,CRITICA,8.8406,0.468181,21.3825,71.6042,0.162427,0.166382,6.5473,9.1419,1,1,1080.497,nan
a0958,abierto,B15,100.0941,0.152446,14.4546,38.8682,86.3688,28.3655,CRITICA,10.2914,0.612482,18.4667,61.1683,0.134168,0.157085,11.99,3.0433,1,1,1107.052,nan
a0958,abierto,B25,100.0941,0.152446,24.3698,57.9249,74.3038,42.6331,CRITICA,13.1204,0.825134,15.5907,42.1296,0.134097,0.148346,12.0364,2.6893,1,1,1091.584,nan
a0958,abierto,B40,100.0941,0.152446,39.4469,79.99,59.0929,53.9121,CRITICA,16.6069,0.893976,14.2327,20.0852,0.163819,0.149626,7.4603,1.8502,1,1,1052.964,nan
a1009,abierto,B5,105.1595,0.197073,4.4037,17.5893,100.0,8.2368,CRITICA,7.3399,0.281979,25.1742,83.2737,0.218142,0.231087,10.6911,17.2595,1,1,993.345,nan
a1009,abierto,B10,105.1595,0.197073,9.4246,27.9613,99.868,16.5112,CRITICA,8.4233,0.428757,21.6657,73.4106,0.202413,0.197282,2.7095,0.1061,1,1,856.678,nan
a1009,abierto,B15,105.1595,0.197073,14.4017,38.508,87.9214,26.8662,CRITICA,9.7592,0.578349,18.6962,63.3813,0.217538,0.206422,10.3843,4.744,1,1,1024.066,nan
a1009,abierto,B25,105.1595,0.197073,24.468,57.5558,73.4324,41.0187,CRITICA,12.3446,0.799682,15.7326,45.268,0.207861,0.21473,5.4743,8.9596,1,1,921.319,nan
a1009,abierto,B40,105.1595,0.197073,39.4813,79.3998,59.9235,52.3624,CRITICA,15.5214,0.89153,14.2824,24.4958,0.21387,0.210781,8.5234,6.9555,1,1,1037.022,nan
a1021,abierto,B5,102.9079,0.21184,4.4462,17.8761,100.0,8.3819,CRITICA,7.4998,0.296743,25.0289,82.629,0.220506,0.207483,4.0909,2.0567,1,1,1083.306,nan
a1021,abierto,B10,102.9079,0.21184,9.4388,28.2364,100.0,16.7268,CRITICA,8.602,0.445283,21.5552,72.5614,0.201477,0.208321,4.8919,1.6609,1,1,1068.034,nan
a1021,abierto,B15,102.9079,0.21184,14.4448,39.0057,86.07,27.6359,CRITICA,10.0306,0.596657,18.5052,62.0965,0.212808,0.207853,0.4569,1.882,1,1,979.144,nan
a1021,abierto,B25,102.9079,0.21184,24.4587,57.7143,74.2339,41.4962,CRITICA,12.6619,0.81384,15.7009,43.9166,0.209256,0.209562,1.2198,1.0753,1,1,1104.972,nan
a1021,abierto,B40,102.9079,0.21184,39.4888,79.5469,59.712,52.4911,CRITICA,15.909,0.89417,14.3252,22.7009,0.210135,0.208951,0.8048,1.3634,1,1,1029.336,nan
a1035,abierto,B5,98.1878,0.202128,4.416,17.5885,100.0,8.5057,CRITICA,7.8504,0.307805,25.1397,82.0869,0.193943,0.211664,4.0496,4.7175,1,1,1110.494,nan
a1035,abierto,B10,98.1878,0.202128,9.4203,28.6699,98.7871,17.8476,CRITICA,9.1159,0.471709,21.2273,70.801,0.187762,0.197119,7.1076,2.4782,1,1,1063.151,nan
a1035,abierto,B15,98.1878,0.202128,14.4416,39.7133,86.2621,29.3468,CRITICA,10.6973,0.631063,18.114,59.5537,0.209182,0.19141,3.4896,5.3028,1,1,1083.072,nan
a1035,abierto,B25,98.1878,0.202128,24.4662,58.4634,74.3523,43.0455,CRITICA,13.6292,0.836498,15.476,40.4575,0.193303,0.191379,4.3659,5.3181,1,1,1050.641,nan
a1035,abierto,B40,98.1878,0.202128,39.4695,81.1178,59.6383,54.2757,BIEN,17.3491,0.890727,14.0495,17.385,0.193303,0.194603,4.3662,3.723,1,1,1030.291,nan
a1057,abierto,B5,105.0502,0.192477,4.4072,17.599,100.0,8.4344,CRITICA,7.2334,0.294995,25.157,83.247,0.181379,0.208743,5.7662,8.4506,1,1,1075.616,nan
a1057,abierto,B10,105.0502,0.192477,9.427,27.8294,100.0,16.3566,CRITICA,8.2584,0.44329,21.7606,73.5085,0.217685,0.184732,13.0962,4.024,1,1,954.107,nan
a1057,abierto,B15,105.0502,0.192477,14.3823,37.9576,89.305,26.4729,CRITICA,9.5071,0.587057,18.907,63.8672,0.20243,0.191493,5.1707,0.5116,1,1,910.996,nan
a1057,abierto,B25,105.0502,0.192477,24.4529,55.9085,74.4396,39.482,CRITICA,11.7811,0.795342,16.1929,46.7793,0.204546,0.183612,6.2703,4.6062,1,1,877.039,nan
a1057,abierto,B40,105.0502,0.192477,39.4954,78.3914,59.4442,51.6888,CRITICA,14.9136,0.884994,14.5114,25.3772,0.200866,0.196363,4.3582,2.0186,1,1,1051.857,nan
a1058,abierto,B5,105.9552,0.194015,4.4155,17.5795,100.0,8.298,CRITICA,7.1519,0.292199,25.1878,83.4085,0.189758,0.221916,2.1944,14.3804,1,1,1102.779,nan
a1058,abierto,B10,105.9552,0.194015,9.4429,27.6055,99.9515,16.1359,CRITICA,8.1483,0.437178,21.8637,73.946,0.206711,0.190157,6.5437,1.9886,1,1,1048.988,nan
a1058,abierto,B15,105.9552,0.194015,14.4219,37.8667,89.4914,26.2606,CRITICA,9.3759,0.582639,18.9407,64.2616,0.203437,0.188857,4.8561,2.6587,1,1,894.214,nan
a1058,abierto,B25,105.9552,0.194015,24.4592,55.7365,74.6667,39.3584,CRITICA,11.6114,0.789392,16.2171,47.3961,0.203474,0.192439,4.8751,0.8123,1,1,1007.76,nan
a1058,abierto,B40,105.9552,0.194015,39.5099,78.0598,59.3666,51.4061,CRITICA,14.6378,0.881864,14.5507,26.3276,0.202661,0.19605,4.456,1.0488,1,1,1078.283,nan
a1098,abierto,B5,105.2192,0.158763,4.4197,17.8645,100.0,8.4117,CRITICA,7.2524,0.297239,25.0245,83.0216,0.161478,0.222863,1.7105,40.3751,1,1,1149.161,nan
a1098,abierto,B10,105.2192,0.158763,9.4501,28.0716,99.9127,16.6347,CRITICA,8.3078,0.440386,21.6505,73.3208,0.160897,0.153284,1.3447,3.4508,1,1,921.065,nan
a1098,abierto,B15,105.2192,0.158763,14.4155,38.5035,87.7118,26.8691,CRITICA,9.6116,0.584491,18.7534,63.4064,0.155372,0.155671,2.1353,1.9475,1,1,1073.537,nan
a1098,abierto,B25,105.2192,0.158763,24.4645,56.9221,74.1097,40.1726,CRITICA,12.0233,0.797808,15.994,45.9014,0.147926,0.156854,6.8255,1.2024,1,1,911.162,nan
a1098,abierto,B40,105.2192,0.158763,39.5033,79.7591,58.7436,52.5295,CRITICA,15.3343,0.89004,14.2962,24.1972,0.154139,0.151099,2.9123,4.827,1,1,959.233,nan
a1099,abierto,B5,102.9369,0.170909,4.4347,17.625,100.0,8.4889,CRITICA,7.3524,0.302844,25.1541,82.8778,0.167661,0.216242,1.9006,26.5247,1,1,952.472,nan
a1099,abierto,B10,102.9369,0.170909,9.4423,28.2062,100.0,16.9014,CRITICA,8.4536,0.4543,21.5714,72.5986,0.180873,0.179921,5.8304,5.2733,1,1,1016.984,nan
a1099,abierto,B15,102.9369,0.170909,14.4464,38.8201,87.4944,27.6982,CRITICA,9.8396,0.601681,18.588,62.2875,0.180154,0.170749,5.4092,0.0938,1,1,1051.967,nan
a1099,abierto,B25,102.9369,0.170909,24.4597,57.1391,74.0787,41.6523,CRITICA,12.404,0.809464,15.8445,44.4911,0.172815,0.162225,1.1151,5.0807,1,1,973.236,nan
a1099,abierto,B40,102.9369,0.170909,39.5083,79.0914,60.0167,52.7588,CRITICA,15.6754,0.889974,14.484,23.1652,0.182632,0.164022,6.8593,4.0294,1,1,1113.958,nan
a1112,abierto,B5,100.1647,0.177751,4.3973,17.5399,100.0,8.3764,CRITICA,7.5807,0.307851,25.211,82.489,0.175738,0.226917,1.1322,27.6604,1,1,995.025,nan
a1112,abierto,B10,100.1647,0.177751,9.4233,28.6652,99.0064,17.5562,CRITICA,8.796,0.470821,21.3124,71.3819,0.177007,0.193774,0.4186,9.0143,1,1,1053.741,nan
a1112,abierto,B15,100.1647,0.177751,14.4452,39.1497,86.8753,28.2956,CRITICA,10.2246,0.616958,18.4276,60.9147,0.174608,0.172671,1.7681,2.8577,1,1,1079.68,nan
a1112,abierto,B25,100.1647,0.177751,24.3901,58.2047,74.2184,42.6128,CRITICA,13.0354,0.827462,15.5757,41.891,0.169274,0.17862,4.7688,0.4891,1,1,1004.823,nan
a1112,abierto,B40,100.1647,0.177751,39.4807,80.6724,58.6544,53.8677,BIEN,16.5153,0.893513,14.1744,19.4602,0.198456,0.180938,11.6484,1.7933,1,1,1092.18,nan
a1132,abierto,B5,103.1167,0.180875,4.4397,17.8325,100.0,8.404,CRITICA,7.4586,0.296333,25.0362,82.7064,0.19534,0.232501,7.9974,28.5424,1,1,1097.574,nan
a1132,abierto,B10,103.1167,0.180875,9.4434,28.4023,100.0,16.8863,CRITICA,8.5818,0.446641,21.4755,72.4562,0.18333,0.168336,1.3574,6.9323,1,1,1104.484,nan
a1132,abierto,B15,103.1167,0.180875,14.4509,39.0674,86.7259,27.6505,CRITICA,9.982,0.597022,18.4889,62.1134,0.18368,0.17733,1.5508,1.9596,1,1,1019.472,nan
a1132,abierto,B25,103.1167,0.180875,24.4741,58.0704,74.6065,41.9346,CRITICA,12.7126,0.814411,15.6137,43.6848,0.171779,0.186308,5.0288,3.004,1,1,1036.269,nan
a1132,abierto,B40,103.1167,0.180875,39.5037,80.9235,58.5593,53.9775,BIEN,16.2607,0.896002,14.0407,21.5224,0.17392,0.185133,3.8452,2.3545,1,1,1018.019,nan
a1147,abierto,B5,104.3383,0.180783,4.4342,17.8762,100.0,8.2413,CRITICA,7.4412,0.287468,25.0203,82.8671,0.175563,0.217598,2.887,20.3642,1,1,1086.72,nan
a1147,abierto,B10,104.3383,0.180783,9.4533,28.4883,99.9806,16.8126,CRITICA,8.5674,0.436072,21.4338,72.6962,0.182196,0.173913,0.7819,3.7999,1,1,1109.016,nan
a1147,abierto,B15,104.3383,0.180783,14.4637,39.1167,86.757,27.6124,CRITICA,9.9715,0.585865,18.4543,62.5097,0.168813,0.179701,6.621,0.5982,1,1,913.409,nan
a1147,abierto,B25,104.3383,0.180783,24.4702,58.7877,73.644,42.3607,CRITICA,12.7979,0.810889,15.4043,43.6566,0.179325,0.18836,0.8065,4.1912,1,1,1059.996,nan
a1147,abierto,B40,104.3383,0.180783,39.4947,81.3062,59.091,53.6551,BIEN,16.3186,0.897273,13.9652,22.0744,0.176338,0.194057,2.4588,7.3427,1,1,949.307,nan
a1204,abierto,B5,101.9485,0.178114,4.4262,17.8017,100.0,8.2886,CRITICA,7.5972,0.300327,25.0785,82.5386,0.167516,0.232955,5.9505,30.7893,1,1,1045.478,nan
a1204,abierto,B10,101.9485,0.178114,9.4556,28.5674,99.5498,16.9524,CRITICA,8.7579,0.4575,21.3999,71.9786,0.169094,0.171526,5.0644,3.699,1,1,1046.025,nan
a1204,abierto,B15,101.9485,0.178114,14.4616,39.0108,86.3048,27.4425,CRITICA,10.1626,0.604401,18.5383,61.7349,0.171745,0.180398,3.5763,1.282,1,1,1017.708,nan
a1204,abierto,B25,101.9485,0.178114,24.4844,58.2618,74.1427,41.5874,CRITICA,12.9326,0.820229,15.6128,42.8517,0.173356,0.173783,2.6717,2.4316,1,1,1127.777,nan
a1204,abierto,B40,101.9485,0.178114,39.5135,79.994,58.7203,52.1431,CRITICA,16.2116,0.893315,14.3128,21.5349,0.18467,0.175633,3.6806,1.3935,1,1,1203.225,nan
a1207,abierto,B5,105.6055,0.196503,4.3964,17.8802,100.0,8.2615,CRITICA,7.3602,0.285247,25.0005,83.0689,0.177518,0.238246,9.6617,21.2429,1,1,1111.358,nan
a1207,abierto,B10,105.6055,0.196503,9.4424,28.4946,99.8855,16.2169,CRITICA,8.4437,0.436373,21.5113,73.0179,0.189794,0.179782,3.4143,8.5096,1,1,1131.222,nan
a1207,abierto,B15,105.6055,0.196503,14.4212,38.8135,87.2693,26.5866,CRITICA,9.7629,0.582237,18.6567,63.2467,0.190058,0.192008,3.2799,2.2875,1,1,1085.776,nan
a1207,abierto,B25,105.6055,0.196503,24.481,57.9253,72.9958,40.3479,CRITICA,12.3096,0.802008,15.7233,45.1494,0.184967,0.191449,5.8707,2.5724,1,1,1078.283,nan
a1207,abierto,B40,105.6055,0.196503,39.5041,80.1051,58.5127,52.1224,BIEN,15.4968,0.888441,14.1699,24.1469,0.19789,0.188034,0.7055,4.3101,1,1,916.59,nan
a1215,abierto,B5,102.5043,0.190266,4.4069,17.8376,100.0,8.1928,CRITICA,7.5594,0.297148,25.056,82.5982,0.175482,0.22805,7.77,19.8589,1,1,931.793,nan
a1215,abierto,B10,102.5043,0.190266,9.4226,28.6189,100.0,16.7874,CRITICA,8.7178,0.452933,21.3837,72.0803,0.189361,0.173948,0.4756,8.5765,1,1,1158.078,nan
a1215,abierto,B15,102.5043,0.190266,14.4407,39.1319,86.101,27.4741,CRITICA,10.1315,0.599879,18.4927,61.8241,0.196968,0.189342,3.5225,0.4857,1,1,1066.667,nan
a1215,abierto,B25,102.5043,0.190266,24.469,58.4628,73.7973,41.4817,CRITICA,12.8804,0.818837,15.5738,42.9655,0.199266,0.183515,4.7303,3.5479,1,1,1046.353,nan
a1215,abierto,B40,102.5043,0.190266,39.5026,80.594,58.6214,52.8678,BIEN,16.2569,0.894366,14.1348,21.375,0.20065,0.195386,5.4576,2.6911,1,1,1000.901,nan
a1222,abierto,B5,101.9583,0.187731,4.4334,17.7419,100.0,8.2487,CRITICA,7.5771,0.299234,25.1149,82.5989,0.17313,0.233215,7.7772,24.2286,1,1,1021.346,nan
a1222,abierto,B10,101.9583,0.187731,9.4515,28.4811,99.641,16.8194,CRITICA,8.7295,0.455862,21.452,72.0659,0.196855,0.17191,4.8604,8.4275,1,1,1015.228,nan
a1222,abierto,B15,101.9583,0.187731,14.4609,39.0821,86.1903,27.4188,CRITICA,10.1472,0.604062,18.5274,61.6686,0.207152,0.187959,10.3452,0.1215,1,1,1100.473,nan
a1222,abierto,B25,101.9583,0.187731,24.4732,58.4241,74.1854,41.2065,CRITICA,12.9022,0.821044,15.6288,42.6981,0.190489,0.191665,1.4696,2.0956,1,1,1039.069,nan
a1222,abierto,B40,101.9583,0.187731,39.5219,80.1624,58.4273,52.1094,BIEN,16.1487,0.89188,14.2711,21.3773,0.201384,0.188599,7.2729,0.4626,1,1,1002.104,nan
a1231,abierto,B5,104.621,0.189049,4.447,17.8373,100.0,8.2918,CRITICA,7.286,0.293759,25.0747,82.9506,0.163781,0.227329,13.3657,20.2487,1,1,1092.18,nan
a1231,abierto,B10,104.621,0.189049,9.4698,28.4847,99.9263,17.0303,CRITICA,8.4014,0.440326,21.4485,72.7735,0.19856,0.174854,5.0312,7.5085,1,1,1082.954,nan
a1231,abierto,B15,104.621,0.189049,14.4845,38.6064,87.7855,27.089,CRITICA,9.692,0.584153,18.708,63.0989,0.179895,0.176166,4.8423,6.8144,1,1,1082.134,nan
a1231,abierto,B25,104.621,0.189049,24.463,58.1352,74.0263,41.4599,CRITICA,12.3725,0.808793,15.6551,44.4326,0.176218,0.183049,6.7872,3.1737,1,1,1057.977,nan
a1231,abierto,B40,104.621,0.189049,39.497,80.959,58.3303,53.1924,BIEN,15.7969,0.891475,14.1199,22.6169,0.19422,0.178842,2.7352,5.3992,1,1,832.917,nan
a1241,abierto,B5,103.3224,0.190162,4.4315,17.7438,100.0,8.0526,CRITICA,7.3882,0.296903,25.1571,82.8268,0.162866,0.22349,14.3539,17.5259,1,1,1072.846,nan
a1241,abierto,B10,103.3224,0.190162,9.4537,28.422,99.8913,16.6036,CRITICA,8.509,0.446963,21.5334,72.4919,0.188606,0.180615,0.8181,5.0206,1,1,1085.305,nan
a1241,abierto,B15,103.3224,0.190162,14.4536,39.0271,87.3275,27.8159,CRITICA,9.9201,0.593098,18.4764,62.2279,0.194584,0.173052,2.3254,8.9979,1,1,890.71,nan
a1241,abierto,B25,103.3224,0.190162,24.4697,58.7678,74.0146,42.3494,CRITICA,12.7296,0.817094,15.4584,43.1219,0.174744,0.180782,8.1079,4.9327,1,1,1015.847,nan
a1241,abierto,B40,103.3224,0.190162,39.5033,81.0135,58.4215,53.3133,BIEN,16.0091,0.892518,14.0851,21.5916,0.179054,0.179702,5.8415,5.5008,1,1,948.767,nan
b0045,abierto,B5,107.8492,0.197132,4.4405,14.6158,100.0,5.3317,CRITICA,7.8414,0.229584,27.5389,86.4479,0.234716,nan,19.0656,nan,1,1,1037.022,nan
b0045,abierto,B10,107.8492,0.197132,9.5458,22.7975,100.0,9.5567,CRITICA,8.6327,0.364517,24.7409,78.8617,0.213226,0.192434,8.1641,2.3831,1,1,1045.916,nan
b0045,abierto,B15,107.8492,0.197132,14.4906,30.5309,97.9022,15.5748,CRITICA,9.475,0.478621,22.5257,71.6912,0.223782,0.231394,13.519,17.3804,1,1,1037.883,nan
b0045,abierto,B25,107.8492,0.197132,24.4841,46.0935,88.6627,26.3639,CRITICA,11.3595,0.675614,19.2435,57.2612,0.21412,0.210236,8.6174,6.6472,1,1,1117.818,nan
b0045,abierto,B40,107.8492,0.197132,39.4968,69.9248,71.9381,35.7539,CRITICA,14.6207,0.827586,16.5724,35.1643,0.21554,0.212963,9.338,8.0308,1,1,1023.227,nan
b0049,abierto,B5,103.4307,0.212264,4.4566,15.0032,100.0,6.2807,CRITICA,8.3949,0.240545,27.0569,85.4944,0.229648,nan,8.1898,nan,1,1,935.279,nan
b0049,abierto,B10,103.4307,0.212264,9.5396,23.2925,100.0,10.4806,CRITICA,9.2656,0.379518,24.4249,77.4801,0.23153,nan,9.0767,nan,1,1,1057.53,nan
b0049,abierto,B15,103.4307,0.212264,14.4394,31.5504,98.6086,16.3496,CRITICA,10.2393,0.503312,22.1769,69.4961,0.211556,0.225248,0.3337,6.1169,1,1,1027.855,nan
b0049,abierto,B25,103.4307,0.212264,24.4836,47.1554,85.4664,26.6637,CRITICA,12.368,0.702976,19.1071,54.4087,0.217596,0.205083,2.5118,3.3829,1,1,1035.411,nan
b0049,abierto,B40,103.4307,0.212264,39.5091,70.0625,73.1704,34.039,CRITICA,15.8968,0.838659,16.8702,32.2614,0.218574,0.211782,2.9728,0.227,1,1,900.576,nan
b0113,abierto,B5,108.32,0.220511,4.4564,14.2619,100.0,4.9265,CRITICA,7.9977,0.237565,27.8784,86.8336,0.234029,nan,6.1303,nan,1,1,1084.011,nan
b0113,abierto,B10,108.32,0.220511,9.5138,22.188,100.0,8.177,CRITICA,8.7333,0.371984,25.3207,79.5163,0.225487,nan,2.2565,nan,1,1,1191.611,nan
b0113,abierto,B15,108.32,0.220511,14.4915,28.6068,99.6138,12.1697,CRITICA,9.3974,0.46504,24.0584,73.5904,0.231302,nan,4.8936,nan,1,1,1043.188,nan
b0113,abierto,B25,108.32,0.220511,24.5337,43.2496,91.8842,21.0779,CRITICA,11.104,0.656704,20.8821,60.0724,0.232663,0.239676,5.5109,8.6913,1,1,1087.311,nan
b0113,abierto,B40,108.32,0.220511,39.5041,66.3848,74.7463,29.1748,CRITICA,14.1186,0.810199,17.9429,38.7142,0.240733,0.228921,9.1704,3.8139,1,1,907.771,nan
b0155,abierto,B5,106.5512,0.222549,4.438,14.4032,100.0,4.8243,CRITICA,8.1744,0.241414,27.7898,86.4824,0.240886,nan,8.2393,nan,1,1,1096.611,nan
b0155,abierto,B10,106.5512,0.222549,9.5065,22.4857,100.0,7.7228,CRITICA,8.9274,0.380614,25.2423,78.8968,0.248643,nan,11.7247,nan,1,1,1097.695,nan
b0155,abierto,B15,106.5512,0.222549,14.4511,28.5849,99.3149,11.8427,CRITICA,9.5887,0.470705,24.1159,73.1726,0.232954,0.22902,4.6751,2.9075,1,1,999.9,nan
b0155,abierto,B25,106.5512,0.222549,24.5052,43.2661,92.6876,20.1882,CRITICA,11.3384,0.668097,21.0392,59.3941,0.223818,0.236177,0.5699,6.1234,1,1,1128.413,nan
b0155,abierto,B40,106.5512,0.222549,39.525,66.8609,75.5575,27.8166,CRITICA,14.5036,0.817217,17.9938,37.25,0.2394,0.237672,7.5716,6.795,1,1,1039.609,nan
b0256,abierto,B5,111.3167,0.217771,4.4118,14.0119,100.0,4.7468,CRITICA,7.8149,0.227609,28.1162,87.4126,0.255462,nan,17.3074,nan,1,1,1078.981,nan
b0256,abierto,B10,111.3167,0.217771,9.4866,21.8126,100.0,6.8208,CRITICA,8.4859,0.359392,25.769,80.4049,0.234285,nan,7.583,nan,1,1,1071.352,nan
b0256,abierto,B15,111.3167,0.217771,14.4784,27.4605,99.9981,10.447,CRITICA,9.0618,0.440487,25.0468,75.3312,nan,nan,nan,nan,1,0,899.604,nan
b0256,abierto,B25,111.3167,0.217771,24.5365,42.3487,93.2718,18.8165,CRITICA,10.7232,0.639194,21.6166,61.9565,0.21123,0.235384,3.0036,8.0875,1,1,1082.72,nan
b0256,abierto,B40,111.3167,0.217771,39.5039,66.2833,75.5419,26.6664,CRITICA,13.7031,0.804291,18.2167,40.4552,0.217769,0.220905,0.0013,1.4392,1,1,1036.377,nan
b0283,abierto,B5,112.5167,0.21094,4.4169,14.1145,100.0,4.8889,CRITICA,7.6886,0.225938,28.0057,87.4556,0.225277,nan,6.7965,nan,1,1,1037.344,nan
b0283,abierto,B10,112.5167,0.21094,9.4877,21.4877,100.0,7.1979,CRITICA,8.3207,0.350273,25.8767,80.9027,0.237824,nan,12.7446,nan,1,1,1044.932,nan
b0283,abierto,B15,112.5167,0.21094,14.4766,27.7524,99.9495,11.0135,CRITICA,8.9343,0.440325,24.7128,75.3348,0.214315,nan,1.5999,nan,1,1,978.474,nan
b0283,abierto,B25,112.5167,0.21094,24.4684,42.3856,93.3474,19.1412,CRITICA,10.5204,0.63485,21.4925,62.3295,0.205499,0.216991,2.5794,2.8683,1,1,947.149,nan
b0283,abierto,B40,112.5167,0.21094,39.5035,66.1275,74.9908,27.3226,CRITICA,13.3881,0.797164,18.1721,41.2287,0.217975,0.218138,3.3348,3.412,1,1,919.033,nan
b0299,abierto,B5,113.0913,0.213285,4.4389,14.0,100.0,4.8098,CRITICA,7.6282,0.222558,28.1044,87.6206,0.239101,nan,12.1039,nan,1,1,984.737,nan
b0299,abierto,B10,113.0913,0.213285,9.5142,21.8322,100.0,7.4499,CRITICA,8.2989,0.352087,25.6413,80.6951,0.242786,nan,13.8319,nan,1,1,1101.322,nan
b0299,abierto,B15,113.0913,0.213285,14.5073,27.9054,99.8991,11.4165,CRITICA,8.9046,0.437242,24.5774,75.3249,0.226252,nan,6.08,nan,1,1,991.67,nan
b0299,abierto,B25,113.0913,0.213285,24.5351,42.6355,92.8235,19.5838,CRITICA,10.5014,0.633,21.368,62.2999,0.217218,0.217216,1.8441,1.8435,1,1,867.378,nan
b0299,abierto,B40,113.0913,0.213285,39.5109,66.2508,74.7657,27.3906,CRITICA,13.325,0.794433,18.1225,41.4183,0.214285,0.209418,0.4691,1.8131,1,1,905.551,nan
b0457,abierto,B5,112.4892,0.174146,4.4495,14.8683,100.0,5.3282,CRITICA,7.5306,0.222113,27.3856,86.7824,0.220874,nan,26.8321,nan,1,1,1160.766,nan
b0457,abierto,B10,112.4892,0.174146,9.4871,23.2163,100.0,9.3545,CRITICA,8.2987,0.354405,24.5922,79.3613,0.185863,0.198342,6.7277,13.8938,1,1,1130.71,nan
b0457,abierto,B15,112.4892,0.174146,14.4793,30.6758,97.5839,15.3423,CRITICA,9.0894,0.459957,22.5554,72.73,0.19471,0.208607,11.808,19.7884,1,1,1076.079,nan
b0457,abierto,B25,112.4892,0.174146,24.5591,47.2678,88.5113,26.5777,CRITICA,11.0426,0.670532,18.9698,57.9802,0.190729,0.193191,9.522,10.9361,1,1,1097.695,nan
b0457,abierto,B40,112.4892,0.174146,39.4887,70.9807,69.8655,35.5998,CRITICA,14.2229,0.823091,16.4701,36.9,0.186136,0.189161,6.8849,8.6218,1,1,1069.404,nan
b0479,abierto,B5,114.0623,0.204017,4.4391,15.3129,100.0,6.1142,CRITICA,7.3983,0.217509,26.9317,86.575,0.224034,nan,9.8111,nan,1,1,1115.573,nan
b0479,abierto,B10,114.0623,0.204017,9.4888,24.4501,100.0,11.1559,CRITICA,8.2669,0.354933,23.7532,78.5642,0.201177,0.199655,1.3923,2.1385,1,1,1079.214,nan
b0479,abierto,B15,114.0623,0.204017,14.4615,32.7269,97.1201,17.7118,CRITICA,9.1829,0.467741,21.5493,71.3079,0.19743,0.200431,3.2286,1.7577,1,1,1071.926,nan
b0479,abierto,B25,114.0623,0.204017,24.4939,48.8963,83.4598,28.87,CRITICA,11.1763,0.66991,18.4586,57.1319,0.215402,0.196866,5.5803,3.5055,1,1,886.839,nan
b0479,abierto,B40,114.0623,0.204017,39.5091,72.9032,69.8597,37.4311,CRITICA,14.517,0.829047,16.13,36.0848,0.213236,0.2017,4.5186,1.1358,1,1,892.618,nan
c0029,abierto,B5,87.4683,0.30645,4.4534,17.5127,100.0,8.1142,CRITICA,9.1081,0.341975,25.2248,79.9782,0.296398,0.282891,3.2804,7.6877,1,1,900.252,nan
c0029,abierto,B10,87.4683,0.30645,9.4792,27.6961,99.7807,16.1395,CRITICA,10.4069,0.517085,21.8084,68.3359,0.299092,0.308688,2.4012,0.7303,1,1,905.469,nan
c0029,abierto,B15,87.4683,0.30645,14.5166,38.0685,91.0924,25.1801,CRITICA,12.009,0.674712,19.0804,56.4774,0.30706,0.303129,0.199,1.0839,1,1,981.354,nan
c0029,abierto,B25,87.4683,0.30645,24.555,56.3752,75.8039,38.3791,CRITICA,15.2926,0.857431,16.2703,35.5479,0.307488,0.31294,0.3386,2.1178,1,1,1067.806,nan
c0029,abierto,B40,87.4683,0.30645,39.4833,78.6177,56.5332,49.7906,CRITICA,18.5324,0.866183,14.548,10.1186,0.298517,0.30307,2.5889,1.1032,1,1,990.589,nan
c0050,abierto,B5,90.9132,0.301011,4.4337,17.2676,100.0,8.3621,CRITICA,8.6316,0.34201,25.3404,81.0065,0.30564,0.26412,1.5379,12.2558,1,1,1085.305,nan
c0050,abierto,B10,90.9132,0.301011,9.4693,27.6444,99.9418,16.1011,CRITICA,9.8612,0.516765,21.8838,69.5925,0.313493,0.296563,4.1466,1.4778,1,1,915.248,nan
c0050,abierto,B15,90.9132,0.301011,14.4719,37.2192,91.4999,24.4672,CRITICA,11.2109,0.662756,19.4451,59.0608,0.300155,0.332066,0.2846,10.3168,1,1,1064.056,nan
c0050,abierto,B25,90.9132,0.301011,24.4935,54.2833,75.9611,37.5899,CRITICA,14.0008,0.835748,16.7638,40.2911,0.301961,0.305629,0.3154,1.534,1,1,1092.538,nan
c0050,abierto,B40,90.9132,0.301011,39.4866,74.9782,59.2637,48.3893,CRITICA,17.1504,0.876395,15.2987,17.5277,0.315671,0.305426,4.8702,1.4667,1,1,1044.932,nan
c0207,abierto,B5,117.4915,0.250696,4.3667,16.0137,100.0,6.3845,CRITICA,6.2665,0.253958,26.3897,86.3703,0.259708,0.221876,3.5947,11.4961,1,1,1026.378,nan
c0207,abierto,B10,117.4915,0.250696,9.5543,24.7755,100.0,11.2228,CRITICA,6.9394,0.387224,23.6223,78.913,0.254282,0.260142,1.4302,3.7678,1,1,1009.693,nan
c0207,abierto,B15,117.4915,0.250696,14.47,33.783,97.0483,18.0617,CRITICA,7.7554,0.510007,21.1147,71.2465,0.256205,0.259166,2.1973,3.3783,1,1,1112.718,nan
c0207,abierto,B25,117.4915,0.250696,24.5162,50.7954,83.1202,29.7456,CRITICA,9.448,0.709879,17.9797,56.7668,0.247134,0.256648,1.4211,2.3741,1,1,1131.862,nan
c0207,abierto,B40,117.4915,0.250696,39.5221,73.5979,58.0935,40.3239,CRITICA,11.7971,0.842281,15.7576,37.359,0.249427,0.241387,0.5063,3.7133,1,1,1043.188,nan
c0268,abierto,B5,117.3226,0.269166,4.3676,16.9512,100.0,6.4191,CRITICA,6.686,0.227035,25.7369,85.5517,0.25942,0.252932,3.6211,6.0313,1,1,994.53,nan
c0268,abierto,B10,117.3226,0.269166,9.5139,25.6109,100.0,11.433,CRITICA,7.4163,0.352591,23.2052,78.1705,0.257931,0.264335,4.1742,1.7949,1,1,1023.856,nan
c0268,abierto,B15,117.3226,0.269166,14.4479,34.967,96.6427,17.9673,CRITICA,8.2982,0.487907,20.7278,70.1958,0.276741,0.263142,2.8142,2.2383,1,1,1054.852,nan
c0268,abierto,B25,117.3226,0.269166,24.5407,53.2026,81.2455,30.345,CRITICA,10.2638,0.715763,17.3379,54.6527,0.275242,0.262347,2.257,2.5335,1,1,1222.195,nan
c0268,abierto,B40,117.3226,0.269166,39.5256,77.3087,54.8177,41.9403,CRITICA,12.9948,0.85289,14.9011,34.1059,0.285385,0.265188,6.0255,1.478,1,1,1042.209,nan
c0292,abierto,B5,123.7112,0.33082,4.4136,15.8229,100.0,5.4981,CRITICA,6.0855,0.217295,26.6394,87.2098,0.259495,0.264694,21.5601,19.9883,1,1,977.804,nan
c0292,abierto,B10,123.7112,0.33082,9.5116,23.8937,100.0,9.9582,CRITICA,6.6876,0.332561,24.0923,80.6859,0.28021,0.289468,15.2984,12.4998,1,1,1075.731,nan
c0292,abierto,B15,123.7112,0.33082,14.4991,32.7525,97.6829,16.1786,CRITICA,7.4505,0.455616,21.586,73.525,0.294915,0.277625,10.8533,16.0797,1,1,907.359,nan
c0292,abierto,B25,123.7112,0.33082,24.5457,49.6982,86.3999,27.6945,CRITICA,9.0268,0.667708,18.223,59.8272,0.313893,0.291222,5.1167,11.9697,1,1,1015.022,nan
c0292,abierto,B40,123.7112,0.33082,39.5385,73.7879,56.8437,38.8637,CRITICA,11.3728,0.825029,15.5601,40.3547,0.311254,0.310503,5.9143,6.1411,1,1,1112.966,nan
c0296,abierto,B5,124.4156,0.334806,4.4298,16.0658,100.0,5.5856,CRITICA,5.988,0.221365,26.4726,87.087,0.256585,0.255153,23.363,23.7908,1,1,1085.658,nan
c0296,abierto,B10,124.4156,0.334806,9.5121,24.2246,100.0,10.1976,CRITICA,6.5923,0.336219,23.9147,80.5293,0.269789,0.28788,19.4193,14.0159,1,1,1160.901,nan
c0296,abierto,B15,124.4156,0.334806,14.4796,33.0208,97.6848,16.694,CRITICA,7.3518,0.455134,21.4341,73.4593,0.300265,0.300422,10.3168,10.27,1,1,1117.943,nan
c0296,abierto,B25,124.4156,0.334806,24.5937,50.2439,85.3539,28.4615,CRITICA,8.9494,0.668275,18.0518,59.6161,0.301737,0.288789,9.8769,13.7443,1,1,803.923,nan
c0296,abierto,B40,124.4156,0.334806,39.5088,73.7276,57.3463,39.2237,CRITICA,11.1992,0.823942,15.5657,40.7409,0.302164,0.300339,9.7495,10.2948,1,1,675.174,nan
c0337,abierto,B5,108.3967,0.325039,4.38,17.8949,100.0,7.6667,CRITICA,7.4315,0.246428,25.026,83.4913,0.299894,0.281221,7.736,13.4807,1,1,1034.447,nan
c0337,abierto,B10,108.3967,0.325039,9.5075,27.7172,100.0,14.7392,CRITICA,8.4314,0.389023,21.8982,74.4299,0.309997,0.306772,4.6277,5.6198,1,1,1096.852,nan
c0337,abierto,B15,108.3967,0.325039,14.4814,38.776,89.6951,23.9692,CRITICA,9.7592,0.547916,18.9008,64.2277,0.314384,0.298905,3.2779,8.04,1,1,1067.578,nan
c0337,abierto,B25,108.3967,0.325039,24.4713,58.5227,76.3395,38.1713,CRITICA,12.5421,0.780967,15.681,46.0107,0.313457,0.309673,3.5632,4.7274,1,1,1092.18,nan
c0337,abierto,B40,108.3967,0.325039,39.5226,81.8252,54.3616,49.6288,BIEN,16.1495,0.887242,13.9343,24.5132,0.311318,0.317759,4.2213,2.2396,1,1,1029.654,nan
c0358,abierto,B5,101.9,0.314931,4.3916,17.8384,100.0,7.9793,CRITICA,7.9063,0.2693,25.0267,82.4942,0.294885,0.285087,6.3653,9.4764,1,1,1058.425,nan
c0358,abierto,B10,101.9,0.314931,9.5181,27.8591,99.7729,15.7647,CRITICA,9.0099,0.42155,21.7199,72.6604,0.289814,0.2949,7.9752,6.3603,1,1,1100.231,nan
c0358,abierto,B15,101.9,0.314931,14.4886,38.343,90.4714,24.4762,CRITICA,10.3487,0.579117,18.9923,62.372,0.283403,0.294119,10.0109,6.6085,1,1,1024.485,nan
c0358,abierto,B25,101.9,0.314931,24.4995,57.7144,75.8544,38.6736,CRITICA,13.287,0.8024,15.8516,43.3618,0.315372,0.303658,0.1401,3.5793,1,1,903.261,nan
c0358,abierto,B40,101.9,0.314931,39.5215,81.2614,54.8371,50.6427,BIEN,17.2602,0.886784,14.0433,20.2538,0.277587,0.309172,11.8577,1.8287,1,1,1059.322,nan
c0374,abierto,B5,96.4715,0.304384,4.4319,17.954,100.0,8.5378,CRITICA,8.0809,0.303715,24.9478,81.3894,0.293811,0.265887,3.4736,12.6475,1,1,1080.38,nan
c0374,abierto,B10,96.4715,0.304384,9.5081,28.0321,99.41,17.6539,CRITICA,9.3073,0.459179,21.4551,70.9426,0.301272,0.293392,1.0225,3.6113,1,1,1046.463,nan
c0374,abierto,B15,96.4715,0.304384,14.4644,38.5306,88.6569,26.9605,CRITICA,10.7472,0.61772,18.748,60.0602,0.301628,0.29785,0.9057,2.1467,1,1,1046.135,nan
c0374,abierto,B25,96.4715,0.304384,24.5067,56.8912,75.1829,40.9973,CRITICA,13.7257,0.82433,15.9652,41.028,0.295553,0.300638,2.9014,1.2309,1,1,1047.779,nan
c0374,abierto,B40,96.4715,0.304384,39.4928,78.7985,58.3419,52.7663,CRITICA,17.6155,0.895995,14.5048,18.3195,0.30401,0.29167,0.1229,4.1773,1,1,847.386,nan
c0377,abierto,B5,94.5033,0.294371,4.4296,18.0474,100.0,8.4871,CRITICA,8.2948,0.31041,24.905,80.9029,0.275542,0.257172,6.3962,12.6365,1,1,821.018,nan
c0377,abierto,B10,94.5033,0.294371,9.4934,28.0693,98.8162,17.9065,CRITICA,9.5666,0.465715,21.3859,70.2981,0.305182,0.290253,3.6727,1.3987,1,1,1037.56,nan
c0377,abierto,B15,94.5033,0.294371,14.4843,38.8633,88.4395,27.5511,CRITICA,11.1063,0.630685,18.5794,58.8762,0.297427,0.297067,1.0384,0.9158,1,1,992.063,nan
c0377,abierto,B25,94.5033,0.294371,24.5011,57.6005,74.6259,41.8308,CRITICA,14.3069,0.837579,15.754,39.0492,0.276734,0.299929,5.9913,1.8883,1,1,1139.991,nan
c0377,abierto,B40,94.5033,0.294371,39.5121,79.8539,57.2008,53.652,CRITICA,18.5223,0.898131,14.3003,15.5014,0.297967,0.290211,1.2217,1.4129,1,1,1076.774,nan
c0417,abierto,B5,97.9939,0.29004,4.4497,17.9776,100.0,8.5519,CRITICA,7.9877,0.309168,24.8891,81.6544,0.274122,0.264848,5.4882,8.6856,1,1,1100.473,nan
c0417,abierto,B10,97.9939,0.29004,9.517,28.1469,99.7516,16.7016,CRITICA,9.1273,0.466979,21.5561,71.2768,0.2878,0.286463,0.7722,1.2333,1,1,1016.054,nan
c0417,abierto,B15,97.9939,0.29004,14.5239,38.3667,90.5102,25.3177,CRITICA,10.4235,0.621812,18.9579,60.8478,0.278481,0.293792,3.9853,1.2937,1,1,994.926,nan
c0417,abierto,B25,97.9939,0.29004,24.537,56.0457,75.4934,38.0194,CRITICA,12.9726,0.815439,16.3323,42.807,0.276207,0.282627,4.7691,2.5559,1,1,1112.718,nan
c0417,abierto,B40,97.9939,0.29004,39.5306,78.7321,55.4678,50.1461,CRITICA,16.3033,0.876328,14.5266,19.6561,0.284624,0.281359,1.8672,2.993,1,1,1039.393,nan
c0430,abierto,B5,95.1566,0.29651,4.4154,17.7876,100.0,8.4845,CRITICA,8.3354,0.309557,24.9847,81.3071,0.27342,0.273445,7.7874,7.779,1,1,1127.65,nan
c0430,abierto,B10,95.1566,0.29651,9.4712,28.1199,99.3266,16.6894,CRITICA,9.5422,0.474693,21.5327,70.4488,0.291259,0.280683,1.7711,5.3378,1,1,1048.438,nan
c0430,abierto,B15,95.1566,0.29651,14.5085,38.4125,90.2657,25.821,CRITICA,10.9777,0.628236,18.8701,59.6324,0.289605,0.294786,2.3289,0.5813,1,1,1072.501,nan
c0430,abierto,B25,95.1566,0.29651,24.5219,56.758,75.7748,39.0305,CRITICA,13.9152,0.828517,16.1119,40.3531,0.287072,0.283206,3.1831,4.4869,1,1,1094.451,nan
c0430,abierto,B40,95.1566,0.29651,39.518,78.9745,55.6832,49.9249,CRITICA,17.362,0.878966,14.5352,17.0058,0.299682,0.283436,1.0697,4.4093,1,1,1089.206,nan
d0006,abierto,B5,129.978,0.215322,4.4156,15.3099,100.0,4.7458,CRITICA,6.3489,0.174704,27.1208,88.2212,0.204855,nan,4.8612,nan,1,1,1005.935,nan
d0006,abierto,B10,129.978,0.215322,9.5375,23.5766,100.0,7.5801,CRITICA,6.9806,0.281778,24.6714,81.8611,0.210395,0.197226,2.2881,8.4041,1,1,1055.298,nan
d0006,abierto,B15,129.978,0.215322,14.4778,31.3853,99.9457,12.8462,CRITICA,7.6946,0.386208,22.5919,75.8534,0.20928,0.20297,2.8062,5.7365,1,1,1034.34,nan
d0006,abierto,B25,129.978,0.215322,24.4938,50.3512,86.2582,25.1738,CRITICA,9.6286,0.611864,18.2582,61.2618,0.208218,0.203356,3.2994,5.5572,1,1,968.148,nan
d0006,abierto,B40,129.978,0.215322,39.5309,74.7221,55.9374,36.3798,CRITICA,12.6114,0.7814,15.5096,42.5118,0.219085,0.211303,1.7474,1.8667,1,1,1096.732,nan
d0023,abierto,B5,134.7074,0.220061,4.3785,15.4508,100.0,4.9313,CRITICA,6.0348,0.168644,26.9732,88.5301,0.212136,nan,3.6012,nan,1,1,1066.439,nan
d0023,abierto,B10,134.7074,0.220061,9.5094,23.7354,100.0,7.7552,CRITICA,6.6455,0.271225,24.5383,82.3801,0.205009,0.196224,6.8398,10.8318,1,1,968.148,nan
d0023,abierto,B15,134.7074,0.220061,14.4741,31.8315,100.0,12.6069,CRITICA,7.3448,0.376819,22.4693,76.3699,0.202602,0.208368,7.9335,5.3134,1,1,1035.411,nan
d0023,abierto,B25,134.7074,0.220061,24.4917,51.0466,85.024,25.193,CRITICA,9.2219,0.600837,18.1062,62.1055,0.218891,0.208744,0.5315,5.1427,1,1,1085.069,nan
d0023,abierto,B40,134.7074,0.220061,39.5049,75.5128,54.4334,36.6102,CRITICA,12.0597,0.772571,15.3482,43.9431,0.22339,0.214741,1.513,2.4177,1,1,1070.435,nan
d0054,abierto,B5,130.7335,0.208247,4.3701,15.4152,100.0,5.0637,CRITICA,6.3138,0.177785,26.9633,88.2087,0.195944,0.204499,5.9078,1.8001,1,1,1002.808,nan
d0054,abierto,B10,130.7335,0.208247,9.4986,23.647,100.0,7.9199,CRITICA,6.9421,0.284688,24.5872,81.9121,0.183896,0.188924,11.6935,9.2789,1,1,896.298,nan
d0054,abierto,B15,130.7335,0.208247,14.4454,31.6151,99.9651,12.815,CRITICA,7.6588,0.390946,22.5168,75.8172,0.198619,0.194321,4.6237,6.6877,1,1,1150.748,nan
d0054,abierto,B25,130.7335,0.208247,24.4947,50.0887,85.6217,25.1635,CRITICA,9.5356,0.608567,18.3389,61.6864,0.208104,0.191376,0.0687,8.1018,1,1,1013.274,nan
d0054,abierto,B40,130.7335,0.208247,39.4878,74.6073,56.1237,36.8269,CRITICA,12.4522,0.777504,15.4595,42.9317,0.200562,0.20482,3.6904,1.6461,1,1,1166.861,nan
d0073,abierto,B5,133.7511,0.204412,4.3735,15.2853,100.0,4.8571,CRITICA,6.0872,0.171196,27.1139,88.5718,0.195649,nan,4.2867,nan,1,1,1056.747,nan
d0073,abierto,B10,133.7511,0.204412,9.5073,23.5072,100.0,7.4722,CRITICA,6.6885,0.274989,24.7141,82.4246,0.199235,0.182561,2.5326,10.6893,1,1,1060.895,nan
d0073,abierto,B15,133.7511,0.204412,14.4401,31.4582,100.0,12.1445,CRITICA,7.3765,0.379819,22.6785,76.48,0.198452,0.182819,2.9157,10.5635,1,1,1023.961,nan
d0073,abierto,B25,133.7511,0.204412,24.4948,50.4461,86.8715,24.3898,CRITICA,9.2352,0.603043,18.3487,62.2836,0.197944,0.200289,3.164,2.0169,1,1,856.751,nan
d0073,abierto,B40,133.7511,0.204412,39.502,75.5782,55.2815,36.2675,CRITICA,12.1582,0.779281,15.353,43.4934,0.190727,0.206039,6.6946,0.7961,1,1,1028.807,nan
d0115,abierto,B5,134.7699,0.179629,4.4003,15.1548,100.0,4.9224,CRITICA,6.0138,0.170757,27.1884,88.755,0.166043,0.2014,7.5629,12.1204,1,1,1090.156,nan
d0115,abierto,B10,134.7699,0.179629,9.5105,23.0966,100.0,7.5014,CRITICA,6.5957,0.271486,24.9373,82.8622,0.173895,0.180743,3.1922,0.6203,1,1,1201.201,nan
d0115,abierto,B15,134.7699,0.179629,14.4801,30.6629,100.0,11.8711,CRITICA,7.2381,0.370696,23.0797,77.248,0.169695,0.175879,5.5302,2.0874,1,1,1025.431,nan
d0115,abierto,B25,134.7699,0.179629,24.5017,48.7306,88.4453,23.6869,CRITICA,8.9732,0.583384,18.86,63.8416,0.168908,0.177478,5.9684,1.1971,1,1,1029.018,nan
d0115,abierto,B40,134.7699,0.179629,39.4973,72.7394,57.3599,34.9721,CRITICA,11.662,0.761416,15.9609,46.027,0.171093,0.178945,4.7517,0.3805,1,1,1044.714,nan
d0131,abierto,B5,133.0212,0.207191,4.3765,15.3773,100.0,5.0136,CRITICA,6.1534,0.172926,27.0099,88.4399,0.172113,0.202329,16.9304,2.3465,1,1,1050.641,nan
d0131,abierto,B10,133.0212,0.207191,9.5057,23.6645,100.0,7.7609,CRITICA,6.7695,0.27872,24.5825,82.21,0.182628,0.179241,11.8552,13.4898,1,1,947.777,nan
d0131,abierto,B15,133.0212,0.207191,14.4468,31.7727,100.0,12.3309,CRITICA,7.4698,0.386619,22.5229,76.1145,0.176905,0.173747,14.6173,16.1415,1,1,1038.098,nan
d0131,abierto,B25,133.0212,0.207191,24.4909,50.6602,85.8604,24.7112,CRITICA,9.3492,0.608036,18.2606,61.9157,0.188502,0.194624,9.0203,6.0655,1,1,1016.984,nan
d0131,abierto,B40,133.0212,0.207191,39.4969,74.9316,55.9258,36.1758,CRITICA,12.1921,0.778436,15.4771,43.6694,0.20323,0.193276,1.9119,6.7163,1,1,1006.239,nan
d0184,abierto,B5,137.2668,0.207389,4.3743,15.1885,100.0,4.8697,CRITICA,5.8694,0.167586,27.1616,88.935,0.176656,0.216015,14.8192,4.1594,1,1,1007.151,nan
d0184,abierto,B10,137.2668,0.207389,9.5043,23.1827,100.0,7.464,CRITICA,6.4443,0.267631,24.8806,83.1112,0.195543,0.192554,5.7121,7.1534,1,1,969.838,nan
d0184,abierto,B15,137.2668,0.207389,14.4433,30.8782,100.0,11.8311,CRITICA,7.0863,0.365523,22.9757,77.505,0.187067,0.17981,9.799,13.2982,1,1,1085.894,nan
d0184,abierto,B25,137.2668,0.207389,24.507,49.046,87.7952,23.6017,CRITICA,8.7903,0.577685,18.7755,64.2696,0.204174,0.195144,1.5504,5.9042,1,1,1075.963,nan
d0184,abierto,B40,137.2668,0.207389,39.4935,73.3561,57.1212,35.2536,CRITICA,11.4509,0.756944,15.7957,46.5595,0.203921,0.205891,1.6724,0.7222,1,1,1022.286,nan
d0342,abierto,B5,135.2343,0.21457,4.3668,15.4698,100.0,4.9466,CRITICA,6.0369,0.170686,26.945,88.5607,0.194314,0.202131,9.44,5.797,1,1,858.738,nan
d0342,abierto,B10,135.2343,0.21457,9.5166,23.5543,100.0,7.7199,CRITICA,6.637,0.27181,24.6278,82.5826,0.192462,0.180989,10.3034,15.6505,1,1,1124.606,nan
d0342,abierto,B15,135.2343,0.21457,14.405,31.8926,100.0,12.5571,CRITICA,7.3476,0.37943,22.4331,76.4168,0.187875,0.185365,12.4411,13.611,1,1,1136.88,nan
d0342,abierto,B25,135.2343,0.21457,24.4755,50.6475,85.5868,24.663,CRITICA,9.1784,0.598667,18.267,62.5483,0.198217,0.189611,7.6212,11.6322,1,1,1027.644,nan
d0342,abierto,B40,135.2343,0.21457,39.5214,74.7963,55.986,35.3751,CRITICA,11.9452,0.775007,15.5858,44.6913,0.206313,0.204253,3.8483,4.8083,1,1,1033.378,nan
d0374,abierto,B5,134.0837,0.201444,4.363,15.4499,100.0,4.9415,CRITICA,6.1148,0.171244,26.9545,88.4775,0.199853,0.213874,0.7901,6.1704,1,1,1045.26,nan
d0374,abierto,B10,134.0837,0.201444,9.5083,23.4525,100.0,7.868,CRITICA,6.7175,0.271366,24.6387,82.509,0.205275,0.183553,1.9013,8.8817,1,1,977.995,nan
d0374,abierto,B15,134.0837,0.201444,14.4255,31.7039,99.9981,12.8524,CRITICA,7.4315,0.378473,22.4539,76.3552,0.189819,0.197722,5.7712,1.8479,1,1,1134.687,nan
d0374,abierto,B25,134.0837,0.201444,24.4761,50.7873,84.3253,25.5884,CRITICA,9.3216,0.599569,18.095,62.1227,0.199315,0.196928,1.0572,2.2419,1,1,1094.331,nan
d0374,abierto,B40,134.0837,0.201444,39.5177,74.8823,55.5648,36.9109,CRITICA,12.1246,0.767123,15.401,44.1526,0.222054,0.213891,10.2307,6.1789,1,1,1144.165,nan
d0398,abierto,B5,135.0996,0.222484,4.3614,15.3035,100.0,4.9477,CRITICA,6.0308,0.169145,27.056,88.6724,0.200953,0.215221,9.6775,3.2645,1,1,1126.126,nan
d0398,abierto,B10,135.0996,0.222484,9.5073,23.5251,100.0,7.6624,CRITICA,6.6387,0.272,24.6356,82.5868,0.207622,0.189495,6.68,14.8276,1,1,1098.056,nan
d0398,abierto,B15,135.0996,0.222484,14.3884,31.6298,99.9728,12.6495,CRITICA,7.3352,0.376497,22.5088,76.5878,0.201461,0.190282,9.449,14.4735,1,1,1016.467,nan
d0398,abierto,B25,135.0996,0.222484,24.4806,50.4742,84.8241,25.3121,CRITICA,9.1763,0.593089,18.2016,62.6393,0.216472,0.202991,2.7021,8.7613,1,1,1053.741,nan
d0398,abierto,B40,135.0996,0.222484,39.5208,74.8479,56.1839,36.3049,CRITICA,11.9814,0.76789,15.4795,44.598,0.215366,0.210124,3.1991,5.5554,1,1,1079.331,nan
d0416,abierto,B5,134.9502,0.218655,4.3936,15.535,100.0,4.8336,CRITICA,6.0653,0.174202,26.9131,88.4883,0.203161,0.210229,7.0861,3.8536,1,1,1121.328,nan
d0416,abierto,B10,134.9502,0.218655,9.5313,23.4485,100.0,7.4988,CRITICA,6.652,0.274636,24.7248,82.6243,0.21008,0.187444,3.922,14.2745,1,1,1108.893,nan
d0416,abierto,B15,134.9502,0.218655,14.4773,31.4136,100.0,12.043,CRITICA,7.3295,0.376811,22.7402,76.7221,0.198495,0.189145,9.22,13.4962,1,1,1070.435,nan
d0416,abierto,B25,134.9502,0.218655,24.4771,50.0251,85.9011,24.2238,CRITICA,9.1415,0.593424,18.4551,62.9307,0.210203,0.200603,3.8658,8.2561,1,1,1071.008,nan
d0416,abierto,B40,134.9502,0.218655,39.5131,74.4982,56.4808,35.4453,CRITICA,11.9528,0.77067,15.6032,44.7958,0.213381,0.211041,2.4122,3.4825,1,1,1139.861,nan
d0417,abierto,B5,133.4991,0.212267,4.3628,15.2685,100.0,4.9574,CRITICA,6.1392,0.170647,27.0754,88.5628,0.187689,0.20402,11.579,3.8851,1,1,1110.988,nan
d0417,abierto,B10,133.4991,0.212267,9.5075,23.4836,100.0,7.8896,CRITICA,6.7578,0.274582,24.6329,82.4092,0.199742,0.188556,5.9008,11.1705,1,1,991.768,nan
d0417,abierto,B15,133.4991,0.212267,14.4419,31.9098,100.0,12.9207,CRITICA,7.4913,0.383033,22.3782,76.0973,0.199107,0.192992,6.1998,9.0807,1,1,931.532,nan
d0417,abierto,B25,133.4991,0.212267,24.4732,50.4876,83.9081,25.1885,CRITICA,9.3374,0.601289,18.2196,62.1813,0.209231,0.20893,1.4302,1.5719,1,1,1010.611,nan
d0417,abierto,B40,133.4991,0.212267,39.5191,74.3133,56.9621,36.0568,CRITICA,12.1195,0.77264,15.5892,44.3342,0.213686,0.204145,0.6686,3.8263,1,1,1055.52,nan
d0467,abierto,B5,133.9749,0.209164,4.3693,15.321,100.0,4.8986,CRITICA,6.1137,0.172126,27.0633,88.5643,0.193599,0.214472,7.4415,2.5375,1,1,1062.022,nan
d0467,abierto,B10,133.9749,0.209164,9.512,23.1956,100.0,7.71,CRITICA,6.7061,0.272204,24.83,82.6866,0.197514,0.188544,5.5698,9.8584,1,1,1049.648,nan
d0467,abierto,B15,133.9749,0.209164,14.4267,31.4473,99.9961,12.4738,CRITICA,7.4167,0.37873,22.6361,76.5274,0.194463,0.190481,7.0288,8.9324,1,1,1173.296,nan
d0467,abierto,B25,133.9749,0.209164,24.4719,49.78,86.3921,24.7501,CRITICA,9.2193,0.593737,18.4458,62.8438,0.197983,0.195315,5.3459,6.6214,1,1,1080.614,nan
d0467,abierto,B40,133.9749,0.209164,39.5239,74.2592,56.3217,36.0128,CRITICA,12.0504,0.769536,15.5988,44.5723,0.212437,0.205912,1.5646,1.5551,1,1,1039.825,nan
d0567,abierto,B5,131.7498,0.216509,4.3538,15.2574,100.0,4.9063,CRITICA,6.2676,0.176654,27.0971,88.4194,0.193574,0.207998,10.5931,3.931,1,1,1097.093,nan
d0567,abierto,B10,131.7498,0.216509,9.4995,23.1198,100.0,7.5742,CRITICA,6.8609,0.278747,24.902,82.4518,0.202484,0.18578,6.4781,14.1933,1,1,1028.807,nan
d0567,abierto,B15,131.7498,0.216509,14.4153,30.9259,99.9787,12.2038,CRITICA,7.5478,0.382668,22.8933,76.5268,0.188581,0.194344,12.8993,10.2375,1,1,1062.135,nan
d0567,abierto,B25,131.7498,0.216509,24.4595,49.4846,86.9452,24.3839,CRITICA,9.3925,0.602293,18.5604,62.4405,0.196195,0.192251,9.3827,11.2043,1,1,1054.296,nan
d0567,abierto,B40,131.7498,0.216509,39.5194,73.7101,56.964,35.4457,CRITICA,12.1968,0.774012,15.7266,44.0529,0.214913,0.202279,0.7372,6.5728,1,1,1072.961,nan
d0600,abierto,B5,132.3324,0.233118,4.3555,15.4793,100.0,4.963,CRITICA,6.2462,0.175487,26.9309,88.3027,0.20456,0.211567,12.2507,9.2449,1,1,873.897,nan
d0600,abierto,B10,132.3324,0.233118,9.5119,23.645,100.0,7.7456,CRITICA,6.865,0.279772,24.5851,82.1321,0.220538,0.200832,5.3963,13.8498,1,1,927.73,nan
d0600,abierto,B15,132.3324,0.233118,14.43,31.9129,100.0,12.8583,CRITICA,7.5992,0.3881,22.3824,75.8843,0.211564,0.205891,9.2459,11.6794,1,1,1129.05,nan
d0600,abierto,B25,132.3324,0.233118,24.4622,50.511,84.8784,24.9849,CRITICA,9.4627,0.607417,18.2486,61.8302,0.233595,0.212832,0.2046,8.7022,1,1,1022.286,nan
d0600,abierto,B40,132.3324,0.233118,39.5169,74.8374,56.1509,36.1489,CRITICA,12.3332,0.778662,15.4882,43.4474,0.228993,0.229027,1.7698,1.7548,1,1,1103.753,nan
d0767,abierto,B5,136.2842,0.204385,4.3718,15.0796,100.0,4.5718,CRITICA,5.9491,0.169461,27.2829,88.9352,0.187971,nan,8.0309,nan,1,1,1093.972,nan
d0767,abierto,B10,136.2842,0.204385,9.5076,23.2471,100.0,7.1434,CRITICA,6.5367,0.27117,24.863,82.9422,0.191088,0.180713,6.5062,11.582,1,1,1101.443,nan
d0767,abierto,B15,136.2842,0.204385,14.4473,30.7831,99.9884,11.543,CRITICA,7.1701,0.368465,23.0089,77.4126,0.191266,0.18822,6.4189,7.9093,1,1,998.303,nan
d0767,abierto,B25,136.2842,0.204385,24.5108,49.0335,89.635,22.8368,CRITICA,8.8786,0.583591,18.8435,64.0211,0.206983,0.184457,1.2713,9.7502,1,1,1086.838,nan
d0767,abierto,B40,136.2842,0.204385,39.5065,73.8074,56.997,33.371,CRITICA,11.5454,0.765326,15.8389,45.843,0.208068,0.197562,1.8019,3.3383,1,1,1062.925,nan
d0853,abierto,B5,135.4113,0.209141,4.3398,15.1727,100.0,4.6905,CRITICA,6.011,0.169343,27.2,88.7951,0.180809,0.216076,13.5468,3.3158,1,1,1117.568,nan
d0853,abierto,B10,135.4113,0.209141,9.5068,23.3994,100.0,7.3846,CRITICA,6.6096,0.272432,24.7641,82.7198,0.188317,0.187471,9.9569,10.3613,1,1,1120.825,nan
d0853,abierto,B15,135.4113,0.209141,14.4344,30.9558,99.9845,11.8281,CRITICA,7.2525,0.371529,22.8934,77.1394,0.182736,0.18511,12.6257,11.4904,1,1,1111.852,nan
d0853,abierto,B25,135.4113,0.209141,24.5187,49.7498,87.7622,23.9046,CRITICA,9.0427,0.591227,18.526,63.2603,0.188088,0.184996,10.0662,11.545,1,1,995.025,nan
d0853,abierto,B40,135.4113,0.209141,39.4795,74.4852,56.1761,35.4277,CRITICA,11.7856,0.768479,15.5353,44.9934,0.199494,0.198324,4.6128,5.1724,1,1,1057.53,nan
d0866,abierto,B5,136.9556,0.225879,4.3582,15.1147,100.0,4.7143,CRITICA,5.8875,0.167612,27.2551,88.9638,0.200824,nan,11.0921,nan,1,1,1119.946,nan
d0866,abierto,B10,136.9556,0.225879,9.518,23.3722,100.0,7.3899,CRITICA,6.4815,0.269886,24.7753,82.9345,0.204926,0.194739,9.276,13.7861,1,1,977.422,nan
d0866,abierto,B15,136.9556,0.225879,14.4302,31.1624,100.0,11.9515,CRITICA,7.131,0.369307,22.8002,77.2464,0.198269,0.191681,12.2234,15.1401,1,1,1091.822,nan
d0866,abierto,B25,136.9556,0.225879,24.4954,49.4281,88.9441,23.129,CRITICA,8.823,0.583191,18.7122,63.9094,0.210361,0.201477,6.8702,10.8033,1,1,1091.107,nan
d0866,abierto,B40,136.9556,0.225879,39.5096,74.2941,56.1451,34.1712,CRITICA,11.5119,0.765768,15.7054,45.7532,0.210639,0.203886,6.7469,9.7365,1,1,1016.26,nan
d0903,abierto,B5,135.564,0.204794,4.3532,15.2762,100.0,4.7459,CRITICA,5.9943,0.170812,27.1228,88.7313,0.183055,0.218643,10.615,6.7621,1,1,1100.11,nan
d0903,abierto,B10,135.564,0.204794,9.5124,23.203,100.0,7.4356,CRITICA,6.574,0.269514,24.8697,82.8841,0.190302,0.19331,7.0764,5.6079,1,1,1101.564,nan
d0903,abierto,B15,135.564,0.204794,14.4411,31.0225,99.9922,11.9658,CRITICA,7.2338,0.370899,22.8629,77.116,0.192178,0.188477,6.1607,7.9675,1,1,1022.704,nan
d0903,abierto,B25,135.564,0.204794,24.5022,49.4729,87.5992,23.9385,CRITICA,8.9905,0.587871,18.6013,63.5059,0.197085,0.195248,3.7646,4.6612,1,1,1039.285,nan
d0903,abierto,B40,135.564,0.204794,39.4947,74.3976,56.31,35.1533,CRITICA,11.7409,0.768531,15.6002,45.1199,0.202039,0.204385,1.3456,0.1996,1,1,1006.847,nan
d0929,abierto,B5,136.7708,0.182757,4.3466,15.0135,100.0,4.6061,CRITICA,5.9176,0.169479,27.3435,89.0229,0.154271,0.203865,15.5868,11.5495,1,1,1056.971,nan
d0929,abierto,B10,136.7708,0.182757,9.51,23.0745,100.0,7.1892,CRITICA,6.4988,0.270748,24.9718,83.129,0.137045,0.163506,25.0126,10.5338,1,1,1137.786,nan
d0929,abierto,B15,136.7708,0.182757,14.4357,30.5844,99.9981,11.54,CRITICA,7.124,0.367,23.1004,77.6382,0.153888,0.161479,15.7964,11.6428,1,1,1108.033,nan
d0929,abierto,B25,136.7708,0.182757,24.4939,48.6613,89.7514,22.9511,CRITICA,8.813,0.577083,18.9314,64.4213,0.151798,0.163908,16.9401,10.3136,1,1,1039.717,nan
d0929,abierto,B40,136.7708,0.182757,39.512,73.0361,59.0386,33.1497,CRITICA,11.4273,0.759726,16.0308,46.5996,0.161764,0.157428,11.4869,13.8593,1,1,1036.914,nan
d0974,abierto,B5,134.2066,0.208781,4.3504,15.0062,100.0,4.6504,CRITICA,6.0714,0.170419,27.342,88.8186,0.176268,0.214483,15.5728,2.7311,1,1,1148.897,nan
d0974,abierto,B10,134.2066,0.208781,9.5034,23.1657,100.0,7.3153,CRITICA,6.6679,0.273901,24.9085,82.7388,0.186483,0.184915,10.6803,11.4314,1,1,1031.885,nan
d0974,abierto,B15,134.2066,0.208781,14.4431,30.535,99.9825,11.7315,CRITICA,7.2992,0.371633,23.0911,77.2477,0.168913,0.173296,19.0959,16.9962,1,1,1074.922,nan
d0974,abierto,B25,134.2066,0.208781,24.5133,48.9378,88.9441,23.4323,CRITICA,9.0579,0.587862,18.7999,63.5354,0.177354,0.180577,15.0527,13.509,1,1,1012.556,nan
d0974,abierto,B40,134.2066,0.208781,39.485,73.7161,57.5016,34.3791,CRITICA,11.7839,0.766728,15.7679,45.0727,0.187531,0.190642,10.1781,8.6883,1,1,1009.999,nan
d1012,abierto,B5,134.735,0.205228,4.3656,15.0717,100.0,4.7654,CRITICA,6.0376,0.171447,27.2661,88.8138,0.194887,0.194523,5.039,5.2162,1,1,1061.684,nan
d1012,abierto,B10,134.735,0.205228,9.5058,23.331,100.0,7.5324,CRITICA,6.6417,0.275997,24.7696,82.6838,0.19798,0.196601,3.5319,4.2038,1,1,1097.454,nan
d1012,abierto,B15,134.735,0.205228,14.4739,31.0937,99.9767,12.0265,CRITICA,7.3005,0.377578,22.8107,76.9223,0.194966,0.183885,5.0003,10.3995,1,1,1007.861,nan
d1012,abierto,B25,134.735,0.205228,24.5024,49.2463,88.5055,23.5167,CRITICA,9.0217,0.591351,18.6883,63.4495,0.211386,0.197013,3.0006,4.0028,1,1,1082.837,nan
d1012,abierto,B40,134.735,0.205228,39.4901,74.0177,57.3037,34.335,CRITICA,11.7252,0.768764,15.7059,45.0642,0.196214,0.195752,4.3921,4.6175,1,1,1073.537,nan
e0058,abierto,B5,97.7452,0.304804,4.5153,16.1266,100.0,6.4955,CRITICA,8.3389,0.35411,26.3562,83.5014,0.23716,0.220527,22.1927,27.6495,1,1,1089.562,nan
e0058,abierto,B10,97.7452,0.304804,9.5117,23.6668,100.0,11.0223,CRITICA,9.0761,0.488728,24.31,75.7873,0.288304,0.272435,5.4132,10.6196,1,1,1062.248,nan
e0058,abierto,B15,97.7452,0.304804,14.5028,31.3142,99.9884,15.649,CRITICA,9.9114,0.594972,22.5433,67.9635,0.316733,0.289122,3.9136,5.145,1,1,1061.008,nan
e0058,abierto,B25,97.7452,0.304804,24.528,46.8231,85.2743,25.2848,CRITICA,11.8156,0.751701,19.7866,52.0968,0.284868,0.304093,6.5404,0.2332,1,1,987.557,nan
e0058,abierto,B40,97.7452,0.304804,39.522,68.5094,55.4018,37.6768,CRITICA,14.7891,0.8295,17.2213,29.9102,0.303242,0.301105,0.5126,1.2135,1,1,1050.972,nan
e0168,abierto,B5,94.2794,0.302774,4.528,16.2778,100.0,6.8829,CRITICA,8.6637,0.373893,26.1798,82.7345,0.236806,0.208551,21.7876,31.1197,1,1,1064.169,nan
e0168,abierto,B10,94.2794,0.302774,9.5005,23.7766,100.0,11.5723,CRITICA,9.4395,0.508503,24.1729,74.7807,0.287864,0.260787,4.9242,13.8673,1,1,989.511,nan
e0168,abierto,B15,94.2794,0.302774,14.5301,31.5259,99.9457,16.4884,CRITICA,10.3303,0.613299,22.3329,66.5612,0.292846,0.296154,3.2789,2.1862,1,1,1067.464,nan
e0168,abierto,B25,94.2794,0.302774,24.5206,47.2038,84.9036,26.1303,CRITICA,12.2888,0.760899,19.5333,49.932,0.3023,0.304643,0.1564,0.6174,1,1,1096.251,nan
e0168,abierto,B40,94.2794,0.302774,39.49,69.0197,55.0273,38.9162,CRITICA,15.3987,0.824358,16.9869,26.7924,0.31601,0.306715,4.3719,1.3019,1,1,1076.195,nan
e0202,abierto,B5,95.4639,0.309876,4.4855,16.4599,100.0,6.5456,CRITICA,8.5959,0.376973,26.1454,82.758,0.232234,0.22356,25.0558,27.855,1,1,1021.138,nan
e0202,abierto,B10,95.4639,0.309876,9.5039,23.1693,100.0,10.5821,CRITICA,9.2757,0.499056,24.6741,75.7298,0.288412,0.259913,6.9265,16.1237,1,1,1057.306,nan
e0202,abierto,B15,95.4639,0.309876,14.5374,30.8548,100.0,15.0515,CRITICA,10.1143,0.605401,22.8451,67.6791,0.304765,0.285875,1.6494,7.7453,1,1,1022.286,nan
e0202,abierto,B25,95.4639,0.309876,24.5276,46.4894,88.8587,25.0707,CRITICA,12.0793,0.753404,19.8847,51.3016,0.307162,0.309962,0.8759,0.0276,1,1,1103.266,nan
e0202,abierto,B40,95.4639,0.309876,39.5122,68.2914,54.0472,37.7107,CRITICA,15.0788,0.822156,17.1853,28.4636,0.304356,0.314602,1.7812,1.525,1,1,1011.225,nan
e0205,abierto,B5,98.4094,0.33,4.4491,16.3094,100.0,6.6552,CRITICA,8.3423,0.356043,26.2229,83.427,0.241892,0.20447,26.6995,38.0395,1,1,954.745,nan
e0205,abierto,B10,98.4094,0.33,9.515,23.264,100.0,10.7643,CRITICA,9.0169,0.481548,24.5506,76.36,0.299589,0.259134,9.2155,21.4746,1,1,1154.601,nan
e0205,abierto,B15,98.4094,0.33,14.5363,30.9112,100.0,15.5023,CRITICA,9.8246,0.586863,22.6782,68.5892,0.316652,0.29544,4.0451,10.4729,1,1,937.207,nan
e0205,abierto,B25,98.4094,0.33,24.5233,46.6615,88.8762,25.056,CRITICA,11.7008,0.739766,19.7701,52.5844,0.317163,0.323927,3.8901,1.8404,1,1,1117.069,nan
e0205,abierto,B40,98.4094,0.33,39.5083,68.5652,54.4858,37.9601,CRITICA,14.6203,0.816445,17.0445,30.3266,0.338835,0.313335,2.6771,5.05,1,1,1055.409,nan
e0278,abierto,B5,92.0341,0.302913,4.5315,15.9461,100.0,6.7883,CRITICA,8.8515,0.372395,26.3857,82.6737,0.23576,0.208646,22.1691,31.1202,1,1,1035.84,nan
e0278,abierto,B10,92.0341,0.302913,9.481,23.6716,100.0,11.5598,CRITICA,9.6694,0.51111,24.232,74.2795,0.283211,0.266746,6.5043,11.9397,1,1,887.784,nan
e0278,abierto,B15,92.0341,0.302913,14.5308,31.3589,99.9903,16.4566,CRITICA,10.5844,0.617354,22.4372,65.9268,0.300353,0.290651,0.8452,4.048,1,1,965.158,nan
e0278,abierto,B25,92.0341,0.302913,24.5301,46.9007,85.3713,25.8553,CRITICA,12.5944,0.764848,19.7299,49.0399,0.308331,0.310825,1.7885,2.6119,1,1,1095.89,nan
e0278,abierto,B40,92.0341,0.302913,39.4937,68.4514,55.5571,38.591,CRITICA,15.6905,0.82164,17.1414,25.6239,0.300993,0.300502,0.6338,0.7959,1,1,1104.24,nan
e0281,abierto,B5,90.3227,0.304354,4.4812,15.9302,100.0,6.5947,CRITICA,9.0007,0.383225,26.3947,82.363,0.247252,0.206851,18.7615,32.036,1,1,1094.212,nan
e0281,abierto,B10,90.3227,0.304354,9.4847,23.5015,100.0,11.6086,CRITICA,9.8239,0.519992,24.3051,73.9805,0.295587,0.266934,2.8805,12.2948,1,1,1066.553,nan
e0281,abierto,B15,90.3227,0.304354,14.4934,31.0029,99.9825,16.4176,CRITICA,10.7294,0.622639,22.5586,65.6754,0.306348,0.308665,0.6552,1.4163,1,1,940.999,nan
e0281,abierto,B25,90.3227,0.304354,24.5189,46.4513,85.8468,25.7939,CRITICA,12.7651,0.766507,19.8778,48.5719,0.302493,0.30627,0.6116,0.6295,1,1,1100.837,nan
e0281,abierto,B40,90.3227,0.304354,39.5185,68.6692,56.2829,38.9665,CRITICA,16.0239,0.817805,17.098,23.9735,0.312167,0.315039,2.567,3.5109,1,1,1067.236,nan
e0287,abierto,B5,94.9805,0.30329,4.5325,16.2722,100.0,6.6952,CRITICA,8.6051,0.372785,26.2537,82.8678,0.234869,0.211379,22.5597,30.3046,1,1,1012.248,nan
e0287,abierto,B10,94.9805,0.30329,9.5362,23.6107,100.0,11.3856,CRITICA,9.3629,0.50415,24.3081,75.1415,0.272763,0.262739,10.0654,13.3704,1,1,1102.293,nan
e0287,abierto,B15,94.9805,0.30329,14.5739,31.2837,100.0,15.9693,CRITICA,10.215,0.606941,22.5451,67.063,0.302314,0.293828,0.3218,3.1198,1,1,1072.961,nan
e0287,abierto,B25,94.9805,0.30329,24.5528,46.7974,85.4529,25.751,CRITICA,12.2004,0.754033,19.7746,50.7295,0.300366,0.309358,0.9642,2.0007,1,1,1170.686,nan
e0287,abierto,B40,94.9805,0.30329,39.5282,68.3962,54.8448,38.1156,CRITICA,15.2313,0.822196,17.2183,27.9892,0.304107,0.292158,0.2692,3.6704,1,1,1032.205,nan
e0300,abierto,B5,92.9129,0.311715,4.5467,16.13,100.0,6.6553,CRITICA,8.7962,0.375563,26.3297,82.6397,0.235487,0.212219,24.4543,31.919,1,1,970.874,nan
e0300,abierto,B10,92.9129,0.311715,9.5036,23.5113,100.0,11.1908,CRITICA,9.5697,0.506737,24.4001,74.6953,0.297812,0.259763,4.4602,16.6665,1,1,1042.862,nan
e0300,abierto,B15,92.9129,0.311715,14.5205,31.2028,99.9961,16.0539,CRITICA,10.4756,0.611292,22.6006,66.4172,0.306222,0.293144,1.7623,5.9577,1,1,1044.059,nan
e0300,abierto,B25,92.9129,0.311715,24.5209,46.4811,86.7104,25.3537,CRITICA,12.4176,0.755574,19.8921,49.9735,0.296715,0.305588,4.8121,1.9655,1,1,1100.715,nan
e0300,abierto,B40,92.9129,0.311715,39.5021,68.2046,55.495,38.1162,CRITICA,15.5686,0.819673,17.2542,26.593,0.311408,0.319042,0.0985,2.3506,1,1,1043.079,nan
e0322,abierto,B5,97.0838,0.301221,4.4385,16.2769,100.0,6.2874,CRITICA,8.4277,0.369862,26.3236,83.2342,0.237437,0.21501,21.175,28.6204,1,1,1118.693,nan
e0322,abierto,B10,97.0838,0.301221,9.4962,23.0303,100.0,10.6342,CRITICA,9.1151,0.487148,24.7437,76.2779,0.278742,0.256073,7.4626,14.9882,1,1,1117.194,nan
e0322,abierto,B15,97.0838,0.301221,14.5322,30.469,100.0,15.113,CRITICA,9.8838,0.591536,22.9078,68.6158,0.291584,0.283138,3.1993,6.0031,1,1,1086.72,nan
e0322,abierto,B25,97.0838,0.301221,24.5289,46.0558,89.1362,24.8088,CRITICA,11.7685,0.742267,19.9681,52.5608,0.308606,0.302331,2.452,0.3687,1,1,1085.541,nan
e0322,abierto,B40,97.0838,0.301221,39.521,67.6635,55.5027,37.3627,CRITICA,14.6285,0.813883,17.2786,30.304,0.304566,0.301368,1.1106,0.0488,1,1,1076.195,nan
e0374,abierto,B5,93.7322,0.309423,4.5277,16.3873,100.0,6.8522,CRITICA,8.7425,0.377986,26.116,82.5169,0.2314,0.200648,25.2157,35.1541,1,1,1104.362,nan
e0374,abierto,B10,93.7322,0.309423,9.505,23.2889,100.0,11.3645,CRITICA,9.4676,0.502678,24.4629,75.1538,0.297077,0.254141,3.9899,17.8663,1,1,1072.386,nan
e0374,abierto,B15,93.7322,0.309423,14.548,31.4334,100.0,16.2438,CRITICA,10.4112,0.611638,22.4956,66.4646,0.322153,0.274748,4.1141,11.2064,1,1,1124.733,nan
e0374,abierto,B25,93.7322,0.309423,24.5641,46.914,85.4121,25.8026,CRITICA,12.3597,0.755954,19.6927,49.9489,0.290447,0.30283,6.1326,2.1307,1,1,1024.17,nan
e0374,abierto,B40,93.7322,0.309423,39.5022,68.7017,54.1423,38.2603,CRITICA,15.3873,0.816986,17.0825,26.7043,0.302416,0.302094,2.2646,2.3685,1,1,945.269,nan
e0553,abierto,B5,97.4391,0.302765,4.5225,15.9693,100.0,6.4833,CRITICA,8.4014,0.352962,26.4678,83.6109,0.248154,0.202248,18.0377,33.1997,1,1,779.849,nan
e0553,abierto,B10,97.4391,0.302765,9.522,23.1469,100.0,10.5252,CRITICA,9.1016,0.483569,24.687,76.2447,0.298351,0.269283,1.458,11.0588,1,1,1089.562,nan
e0553,abierto,B15,97.4391,0.302765,14.5623,30.9064,100.0,15.0468,CRITICA,9.9586,0.592382,22.8973,68.2813,0.305209,0.299066,0.8072,1.2219,1,1,1136.493,nan
e0553,abierto,B25,97.4391,0.302765,24.5249,45.9202,89.439,24.4565,CRITICA,11.7735,0.74849,20.1326,52.8729,0.299136,0.318315,1.1987,5.136,1,1,1075.153,nan
e0553,abierto,B40,97.4391,0.302765,39.4982,68.0139,55.6638,37.1977,CRITICA,14.8238,0.829987,17.3393,30.1986,0.30863,0.308468,1.9369,1.8836,1,1,1124.101,nan
e0647,abierto,B5,97.3769,0.310426,4.444,16.4274,100.0,6.0597,CRITICA,8.4089,0.371163,26.2334,83.1301,0.236989,0.21496,23.6567,30.7532,1,1,1099.384,nan
e0647,abierto,B10,97.3769,0.310426,9.5042,23.0939,100.0,10.5719,CRITICA,9.0955,0.485809,24.6831,76.284,0.284951,0.253115,8.2065,18.4621,1,1,1080.964,nan
e0647,abierto,B15,97.3769,0.310426,14.5651,31.0654,99.9243,15.284,CRITICA,9.9127,0.594359,22.6105,68.0978,0.309537,0.287121,0.2861,7.5072,1,1,1016.88,nan
e0647,abierto,B25,97.3769,0.310426,24.526,46.2093,89.2061,24.7546,CRITICA,11.7412,0.73932,19.895,52.546,0.306387,0.298959,1.3009,3.6937,1,1,925.326,nan
e0647,abierto,B40,97.3769,0.310426,39.521,68.3051,55.2077,37.941,CRITICA,14.6829,0.811494,17.0627,29.855,0.307171,0.29663,1.0484,4.4442,1,1,1111.358,nan
e0680,abierto,B5,96.8882,0.30741,4.4513,16.7035,100.0,6.6178,CRITICA,8.5268,0.366376,25.9473,82.76,0.220534,0.197099,28.2605,35.8839,1,1,1042.862,nan
e0680,abierto,B10,96.8882,0.30741,9.4937,23.9307,100.0,11.2121,CRITICA,9.2667,0.492457,24.1336,75.3007,0.278863,0.244482,9.2864,20.4702,1,1,1086.13,nan
e0680,abierto,B15,96.8882,0.30741,14.5351,32.0181,100.0,16.3264,CRITICA,10.1415,0.602147,22.0672,66.9535,0.303417,0.280614,1.2989,8.7165,1,1,1020.2,nan
e0680,abierto,B25,96.8882,0.30741,24.5217,48.1504,84.7581,25.8991,CRITICA,12.0848,0.754881,19.1825,50.3032,0.309938,0.304066,0.8224,1.0878,1,1,1068.262,nan
e0680,abierto,B40,96.8882,0.30741,39.5018,70.3183,52.7509,38.8515,CRITICA,15.0595,0.820154,16.5731,27.4232,0.311425,0.305207,1.3062,0.7166,1,1,1015.847,nan
e0737,abierto,B5,93.8367,0.297349,4.5162,16.4208,100.0,7.1297,CRITICA,8.9186,0.364189,26.0503,82.5006,0.239616,0.204319,19.4157,31.2862,1,1,1090.75,nan
e0737,abierto,B10,93.8367,0.297349,9.4998,24.5419,100.0,11.609,CRITICA,9.7493,0.510292,23.756,73.8461,0.271548,0.244988,8.6768,17.6092,1,1,1090.75,nan
e0737,abierto,B15,93.8367,0.297349,14.5138,32.8052,99.9573,16.8891,CRITICA,10.7507,0.622569,21.767,65.0401,0.287531,0.266317,3.3018,10.4361,1,1,955.201,nan
e0737,abierto,B25,93.8367,0.297349,24.5177,48.9669,82.8892,27.0048,CRITICA,12.8677,0.774111,18.8932,47.8169,0.290152,0.270168,2.4204,9.1409,1,1,1096.371,nan
e0737,abierto,B40,93.8367,0.297349,39.5241,71.2099,52.0173,39.5241,CRITICA,16.003,0.833275,16.3778,24.113,0.287386,0.2749,3.3505,7.5494,1,1,1100.715,nan
e0758,abierto,B5,96.961,0.286294,4.4532,16.4379,100.0,6.7475,CRITICA,8.5509,0.362217,26.1074,83.0469,0.240729,0.196949,15.9156,31.2075,1,1,1103.996,nan
e0758,abierto,B10,96.961,0.286294,9.4967,24.1941,100.0,11.3838,CRITICA,9.34,0.498319,23.9995,75.0476,0.283073,0.237214,1.125,17.1432,1,1,1057.865,nan
e0758,abierto,B15,96.961,0.286294,14.5379,31.8659,100.0,16.4211,CRITICA,10.1739,0.604693,22.1032,67.1354,0.296097,0.266057,3.424,7.0687,1,1,1055.855,nan
e0758,abierto,B25,96.961,0.286294,24.5208,48.3145,83.7063,26.2459,CRITICA,12.2046,0.761444,19.1272,50.1712,0.295075,0.277496,3.0671,3.073,1,1,1028.172,nan
e0758,abierto,B40,96.961,0.286294,39.5139,70.5802,52.8887,38.9924,CRITICA,15.1929,0.827242,16.5123,27.2076,0.287445,0.294774,0.4021,2.962,1,1,1117.818,nan
e0831,abierto,B5,92.2407,0.301837,4.535,16.3932,100.0,6.8287,CRITICA,8.9139,0.381053,26.0749,82.2278,0.234638,0.193176,22.2634,35.9998,1,1,1124.353,nan
e0831,abierto,B10,92.2407,0.301837,9.4838,23.9926,100.0,11.7623,CRITICA,9.7281,0.515468,24.0219,73.9891,0.267575,0.249007,11.3511,17.5028,1,1,1071.582,nan
e0831,abierto,B15,92.2407,0.301837,14.523,32.1276,100.0,16.7717,CRITICA,10.6892,0.627171,22.0393,65.1698,0.289501,0.278514,4.0868,7.727,1,1,1049.318,nan
e0831,abierto,B25,92.2407,0.301837,24.519,47.7577,83.9683,26.5502,CRITICA,12.7126,0.77128,19.3186,48.2249,0.289939,0.297681,3.9418,1.3767,1,1,1025.326,nan
e0831,abierto,B40,92.2407,0.301837,39.5275,69.3366,54.2685,39.3538,CRITICA,15.8901,0.827689,16.8771,24.8307,0.300959,0.290154,0.291,3.8704,1,1,1069.748,nan
e0861,abierto,B5,93.7521,0.299382,4.5154,16.5079,100.0,6.6514,CRITICA,8.771,0.376742,26.0762,82.3919,0.232347,0.206879,22.3913,30.8981,1,1,1086.484,nan
e0861,abierto,B10,93.7521,0.299382,9.5092,23.6644,100.0,11.4252,CRITICA,9.5343,0.503166,24.2463,74.7586,0.270999,0.247885,9.4807,17.2011,1,1,1146.263,nan
e0861,abierto,B15,93.7521,0.299382,14.5171,32.0354,99.9981,16.5584,CRITICA,10.5148,0.613229,22.1908,65.8297,0.29212,0.279586,2.4258,6.6122,1,1,1074.46,nan
e0861,abierto,B25,93.7521,0.299382,24.5131,47.8792,84.0051,26.7123,CRITICA,12.5669,0.758137,19.294,48.93,0.312601,0.304167,4.4153,1.5983,1,1,1138.822,nan
e0861,abierto,B40,93.7521,0.299382,39.4876,69.3332,54.1753,38.7413,CRITICA,15.5853,0.816905,16.9204,26.0463,0.287124,0.30337,4.0944,1.3318,1,1,1008.065,nan
e0888,abierto,B5,88.4792,0.296254,4.4415,16.0447,100.0,6.6673,CRITICA,9.1618,0.39221,26.3776,81.8661,0.216172,0.224085,27.0316,24.3603,1,1,1101.079,nan
e0888,abierto,B10,88.4792,0.296254,9.4924,23.6535,100.0,11.979,CRITICA,9.9979,0.529409,24.156,73.2666,0.28359,0.264123,4.2744,10.8455,1,1,1048.988,nan
e0888,abierto,B15,88.4792,0.296254,14.5158,31.9514,99.3673,17.3904,CRITICA,11.0468,0.641429,22.0812,63.8883,0.302451,0.288951,2.0919,2.4649,1,1,1093.853,nan
e0888,abierto,B25,88.4792,0.296254,24.5372,47.974,83.7063,28.1608,CRITICA,13.2681,0.781207,19.1595,45.7793,0.300236,0.303678,1.3443,2.506,1,1,1167.679,nan
e0888,abierto,B40,88.4792,0.296254,39.5158,69.8992,56.0966,41.6901,CRITICA,16.5856,0.824505,16.6393,20.9992,0.296858,0.305194,0.2039,3.0179,1,1,1045.588,nan
e1060,abierto,B5,84.1714,0.326444,4.5399,16.1447,100.0,6.778,CRITICA,9.7881,0.406533,26.3204,80.8192,0.279517,nan,14.3751,nan,1,1,1123.091,nan
e1060,abierto,B10,84.1714,0.326444,9.494,24.2377,100.0,12.0466,CRITICA,10.7463,0.558151,23.8684,71.2043,0.305291,0.283344,6.4798,13.2028,1,1,1145.607,nan
e1060,abierto,B15,84.1714,0.326444,14.5311,32.3982,99.3441,17.7227,CRITICA,11.8731,0.678838,21.82,61.5093,0.309555,0.287059,5.1735,12.0648,1,1,1077.935,nan
e1060,abierto,B25,84.1714,0.326444,24.4833,48.0419,82.9727,28.1555,CRITICA,14.1822,0.821948,19.0514,42.9237,0.318795,0.301971,2.3431,7.4967,1,1,1111.605,nan
e1060,abierto,B40,84.1714,0.326444,39.5222,70.6731,58.5146,40.6473,CRITICA,17.5758,0.854695,16.5187,16.0366,0.319057,0.309967,2.2626,5.0473,1,1,1002.908,nan
e1065,abierto,B5,98.5042,0.315355,4.4376,15.7169,100.0,6.373,CRITICA,8.2957,0.345621,26.6933,84.0444,0.228262,nan,27.6174,nan,1,1,904.077,nan
e1065,abierto,B10,98.5042,0.315355,9.4619,23.0617,100.0,10.2322,CRITICA,8.9947,0.482442,24.7853,76.5881,0.294605,0.270648,6.5799,14.1767,1,1,1068.034,nan
e1065,abierto,B15,98.5042,0.315355,14.5081,30.1773,100.0,14.3094,CRITICA,9.7405,0.589235,23.1884,69.3644,0.319584,0.304123,1.341,3.5617,1,1,1079.914,nan
e1065,abierto,B25,98.5042,0.315355,24.5096,45.2583,90.9042,23.2755,CRITICA,11.5543,0.753635,20.4963,54.0544,0.297898,0.32105,5.5355,1.8058,1,1,1103.753,nan
e1065,abierto,B40,98.5042,0.315355,39.5068,67.3595,57.1232,35.8149,CRITICA,14.475,0.839854,17.5518,31.6176,0.305836,0.314215,3.0183,0.3615,1,1,1056.747,nan
g0075,abierto,B5,106.0066,0.266253,4.4684,16.5189,100.0,6.0838,CRITICA,7.7513,0.242225,26.0576,84.4171,0.247615,0.238987,7.0001,10.2407,1,1,1114.206,nan
g0075,abierto,B10,106.0066,0.266253,9.3725,25.8857,100.0,11.006,CRITICA,8.6475,0.382716,23.178,75.5811,0.260391,0.261995,2.2016,1.5993,1,1,1118.443,nan
g0075,abierto,B15,106.0066,0.266253,14.5165,35.749,99.2296,17.4287,CRITICA,9.7768,0.528904,20.5891,66.2766,0.257472,0.254874,3.2981,4.2739,1,1,1092.777,nan
g0075,abierto,B25,106.0066,0.266253,24.4884,55.01,74.2572,30.6894,CRITICA,12.4373,0.745302,16.9366,48.107,0.273995,0.263171,2.9077,1.1578,1,1,976.658,nan
g0075,abierto,B40,106.0066,0.266253,39.4958,77.6438,50.4493,43.4261,CRITICA,16.453,0.857742,14.8281,26.7557,0.268341,0.26718,0.7842,0.3482,1,1,879.275,nan
g0149,abierto,B5,105.3766,0.271718,4.4837,16.4104,100.0,5.9919,CRITICA,7.7375,0.248334,26.1513,84.4269,0.273547,0.256251,0.6733,5.6922,1,1,1150.88,nan
g0149,abierto,B10,105.3766,0.271718,9.3793,25.5396,100.0,11.1699,CRITICA,8.6253,0.383003,23.3424,75.7635,0.265449,0.276973,2.3069,1.9342,1,1,1148.501,nan
g0149,abierto,B15,105.3766,0.271718,14.4937,35.4111,99.1694,17.6753,CRITICA,9.7615,0.529115,20.6715,66.3957,0.268731,0.279653,1.099,2.9205,1,1,1068.148,nan
g0149,abierto,B25,105.3766,0.271718,24.4922,54.3803,75.214,30.8119,CRITICA,12.3946,0.739639,17.0615,48.3944,0.269492,0.284357,0.8191,4.6515,1,1,1032.738,nan
g0149,abierto,B40,105.3766,0.271718,39.5028,77.5329,50.1349,44.1297,CRITICA,16.548,0.856625,14.8065,26.4231,0.272802,0.284089,0.3991,4.5529,1,1,922.084,nan
h0047,abierto,B5,55.8931,0.215968,4.4933,17.5104,100.0,8.0689,CRITICA,13.413,0.479521,25.333,68.6717,0.223245,0.220411,3.3695,2.0574,1,1,1086.248,nan
h0047,abierto,B10,55.8931,0.215968,9.5523,26.9391,99.8098,14.7471,CRITICA,15.4039,0.662869,22.4288,51.8025,0.217887,0.23196,0.8888,7.405,1,1,1050.531,nan
h0047,abierto,B15,55.8931,0.215968,14.555,38.6105,94.3333,24.3125,CRITICA,18.8209,0.796253,19.1466,30.9207,0.215915,0.230543,0.0242,6.7488,1,1,1079.797,nan
h0047,abierto,B25,55.8931,0.215968,24.5364,60.0584,63.57,40.5091,CRITICA,23.782,0.806025,15.4152,7.4524,0.211435,0.220344,2.0987,2.0265,1,1,1106.195,nan
h0047,abierto,B40,55.8931,0.215968,39.5495,81.3486,47.5946,54.5962,BIEN,17.4646,0.680806,13.8683,45.5434,0.203864,0.217117,5.6042,0.5321,1,1,948.587,nan
h0223,abierto,B5,59.106,0.214156,4.4832,17.8025,100.0,8.1949,CRITICA,13.0074,0.46273,25.1024,69.8803,0.20877,0.231405,2.5152,8.0544,1,1,1125.113,nan
h0223,abierto,B10,59.106,0.214156,9.5398,27.1096,99.3732,14.9476,CRITICA,14.8491,0.639765,22.278,54.1339,0.212277,0.224238,0.8775,4.7074,1,1,1080.497,nan
h0223,abierto,B15,59.106,0.214156,14.5565,38.0943,94.8806,23.23,CRITICA,17.7486,0.779168,19.4224,35.5492,0.202465,0.220898,5.4595,3.1481,1,1,928.247,nan
h0223,abierto,B25,59.106,0.214156,24.5322,59.2188,67.6202,38.5237,CRITICA,23.3319,0.816325,15.7191,0.191,0.218915,0.222908,2.2222,4.0865,1,1,1108.77,nan
h0223,abierto,B40,59.106,0.214156,39.5502,81.9585,46.2458,52.972,BIEN,18.1066,0.697539,13.856,38.6636,0.209378,0.220934,2.2312,3.165,1,1,980.392,nan
h0256,abierto,B5,59.179,0.182587,4.4794,17.8165,100.0,8.4355,CRITICA,12.9863,0.467761,25.0572,69.894,0.189835,0.197331,3.9696,8.0751,1,1,1074.922,nan
h0256,abierto,B10,59.179,0.182587,9.5477,27.4267,99.6313,15.2971,CRITICA,14.907,0.650814,22.1112,53.6546,0.176082,0.191765,3.5627,5.0263,1,1,1063.603,nan
h0256,abierto,B15,59.179,0.182587,14.5526,38.4173,93.9646,23.7678,CRITICA,17.8463,0.785819,19.2666,35.0829,0.179236,0.18262,1.8356,0.0177,1,1,971.628,nan
h0256,abierto,B25,59.179,0.182587,24.5477,59.588,66.023,38.7465,CRITICA,23.4821,0.820817,15.6504,0.6911,0.17884,0.185339,2.0527,1.507,1,1,1082.603,nan
h0256,abierto,B40,59.179,0.182587,39.5443,81.3838,46.2322,52.6164,BIEN,18.3672,0.710474,13.9898,37.5214,0.178635,0.180927,2.1646,0.9095,1,1,1067.236,nan
h0261,abierto,B5,58.4707,0.189629,4.4958,17.8392,100.0,8.4848,CRITICA,13.0848,0.470402,25.0509,69.4903,0.200152,0.202444,5.5491,6.7581,1,1,1129.178,nan
h0261,abierto,B10,58.4707,0.189629,9.5318,27.4632,99.4062,15.4711,CRITICA,15.0469,0.652564,22.087,53.0308,0.193909,0.200162,2.257,5.5546,1,1,1080.964,nan
h0261,abierto,B15,58.4707,0.189629,14.5483,38.2943,94.0926,23.8191,CRITICA,18.0063,0.785498,19.3176,34.5068,0.19548,0.196417,3.0853,3.5793,1,1,1040.474,nan
h0261,abierto,B25,58.4707,0.189629,24.5353,59.8199,65.1711,39.4632,CRITICA,23.6774,0.81785,15.5631,2.3075,0.19001,0.191769,0.2009,1.1282,1,1,1048.878,nan
h0261,abierto,B40,58.4707,0.189629,39.5255,81.8824,46.2167,53.4469,BIEN,18.0182,0.697248,13.8673,40.04,0.191488,0.191019,0.98,0.7329,1,1,905.387,nan
h0300,abierto,B5,58.9475,0.189372,4.4834,17.8129,100.0,8.5015,CRITICA,13.0242,0.452255,25.059,69.7818,0.202027,0.197667,6.6827,4.3805,1,1,1070.091,nan
h0300,abierto,B10,58.9475,0.189372,9.5482,27.368,99.4003,15.4574,CRITICA,14.9452,0.632344,22.1176,53.5722,0.188489,0.199532,0.466,5.3656,1,1,1040.366,nan
h0300,abierto,B15,58.9475,0.189372,14.5509,38.1284,94.4808,23.7154,CRITICA,17.8325,0.770627,19.372,35.318,0.187201,0.195454,1.1461,3.212,1,1,977.231,nan
h0300,abierto,B25,58.9475,0.189372,24.533,59.7499,65.5573,39.285,CRITICA,23.4087,0.804877,15.5844,1.3612,0.186896,0.190725,1.3071,0.7145,1,1,1094.811,nan
h0300,abierto,B40,58.9475,0.189372,39.5338,82.0146,46.1779,53.3625,BIEN,18.0009,0.681951,13.8354,39.1317,0.188651,0.192807,0.3803,1.8139,1,1,860.807,nan
h0323,abierto,B5,55.9636,0.194831,4.4918,17.7145,100.0,8.3456,CRITICA,13.4491,0.484217,25.1685,68.3464,0.201204,0.202509,3.2712,3.941,1,1,1059.996,nan
h0323,abierto,B10,55.9636,0.194831,9.5543,27.1419,99.6216,15.17,CRITICA,15.4665,0.666683,22.2895,51.5008,0.182914,0.199677,6.1166,2.4874,1,1,1038.422,nan
h0323,abierto,B15,55.9636,0.194831,14.5396,38.3291,94.867,24.0008,CRITICA,18.6989,0.79413,19.2845,31.5108,0.196473,0.19855,0.8425,1.909,1,1,912.575,nan
h0323,abierto,B25,55.9636,0.194831,24.5318,59.9661,63.8165,40.3709,CRITICA,23.5117,0.803687,15.4437,7.1519,0.194318,0.191733,0.2633,1.5902,1,1,1029.866,nan
h0323,abierto,B40,55.9636,0.194831,39.5749,81.3015,47.2258,54.616,BIEN,17.442,0.678473,13.8777,45.2756,0.189977,0.189049,2.4915,2.9678,1,1,936.417,nan
h0329,abierto,B5,54.8175,0.195964,4.5201,17.8614,100.0,8.5849,CRITICA,13.5967,0.488932,25.0656,67.4165,0.205953,0.203984,5.0975,4.0926,1,1,888.573,nan
h0329,abierto,B10,54.8175,0.195964,9.5714,27.4953,99.3984,15.9062,CRITICA,15.7535,0.673439,22.0709,49.8421,0.194339,0.199149,0.8293,1.625,1,1,1057.418,nan
h0329,abierto,B15,54.8175,0.195964,14.5406,38.9758,93.8151,25.0663,CRITICA,19.217,0.798564,19.0107,28.8991,0.197388,0.204495,0.7266,4.3534,1,1,1083.072,nan
h0329,abierto,B25,54.8175,0.195964,24.5438,60.4144,62.3474,41.6161,CRITICA,23.5709,0.796617,15.3064,10.2101,0.191998,0.202185,2.0239,3.1746,1,1,1095.53,nan
h0329,abierto,B40,54.8175,0.195964,39.537,81.1126,48.1632,55.564,BIEN,17.262,0.66874,13.9009,47.9685,0.195703,0.198615,0.1332,1.353,1,1,1117.318,nan
h0407,abierto,B5,56.4454,0.201511,4.4918,17.7574,100.0,8.5476,CRITICA,13.4052,0.480381,25.098,68.5405,0.207819,0.211948,3.1302,5.1795,1,1,971.628,nan
h0407,abierto,B10,56.4454,0.201511,9.5364,26.9988,99.6584,15.358,CRITICA,15.3731,0.658381,22.3224,52.1683,0.199184,0.206738,1.1547,2.5939,1,1,1089.325,nan
h0407,abierto,B15,56.4454,0.201511,14.5427,38.3637,93.8035,24.3761,CRITICA,18.6456,0.793061,19.2399,32.0339,0.199104,0.207791,1.1947,3.1164,1,1,1017.708,nan
h0407,abierto,B25,56.4454,0.201511,24.5271,59.7002,64.1503,40.3558,CRITICA,23.7844,0.807311,15.5241,5.7662,0.196066,0.208975,2.7021,3.7042,1,1,1028.066,nan
h0407,abierto,B40,56.4454,0.201511,39.5425,81.2664,47.482,54.5734,BIEN,17.6083,0.682609,13.9098,43.9734,0.197531,0.198262,1.9753,1.6126,1,1,1020.825,nan
h0421,abierto,B5,56.8739,0.210762,4.4949,17.6731,100.0,8.4524,CRITICA,13.2799,0.471943,25.1578,68.9258,0.210651,0.20721,0.0526,1.6855,1,1,1005.733,nan
h0421,abierto,B10,56.8739,0.210762,9.5531,27.1832,99.5575,15.4536,CRITICA,15.2857,0.656742,22.217,52.2045,0.204501,0.212845,2.9707,0.9884,1,1,1018.953,nan
h0421,abierto,B15,56.8739,0.210762,14.5503,38.2312,94.0073,24.0059,CRITICA,18.393,0.789085,19.3168,32.7791,0.202231,0.206425,4.0475,2.0576,1,1,1061.797,nan
h0421,abierto,B25,56.8739,0.210762,24.5377,59.2868,65.3186,39.6639,CRITICA,23.6794,0.810058,15.6425,4.2426,0.199674,0.204781,5.261,2.8377,1,1,1123.974,nan
h0421,abierto,B40,56.8739,0.210762,39.5506,81.2276,47.3617,54.1509,BIEN,17.756,0.688005,13.9301,42.8205,0.198872,0.206453,5.6416,2.0445,1,1,1070.435,nan
h0503,abierto,B5,57.7477,0.204377,4.4833,17.5923,100.0,8.0073,CRITICA,13.2623,0.469623,25.2811,69.5359,0.190872,0.198267,6.608,2.9898,1,1,1045.478,nan
h0503,abierto,B10,57.7477,0.204377,9.5267,26.7223,99.6041,14.4919,CRITICA,15.1207,0.644547,22.5034,53.7258,0.192765,0.195679,5.6818,4.2558,1,1,1045.806,nan
h0503,abierto,B15,57.7477,0.204377,14.5467,37.9054,94.8806,23.0671,CRITICA,18.1667,0.782581,19.4744,34.3603,0.195368,0.199645,4.4082,2.3156,1,1,1101.807,nan
h0503,abierto,B25,57.7477,0.204377,24.5331,59.4998,66.1298,38.7511,CRITICA,23.5497,0.807697,15.6405,3.034,0.192482,0.197374,5.8204,3.4264,1,1,1127.904,nan
h0503,abierto,B40,57.7477,0.204377,39.5484,81.2752,46.4709,52.4545,BIEN,17.9605,0.687831,13.9921,40.7419,0.182682,0.197657,10.6153,3.2881,1,1,1058.201,nan
h0514,abierto,B5,57.3315,0.19472,4.497,17.7119,100.0,8.2972,CRITICA,13.3192,0.472668,25.1589,69.1061,0.196736,0.204109,1.0353,4.8218,1,1,944.733,nan
h0514,abierto,B10,57.3315,0.19472,9.5372,27.0182,99.6468,14.8808,CRITICA,15.2356,0.652078,22.348,52.8737,0.198262,0.198454,1.8193,1.9175,1,1,1082.954,nan
h0514,abierto,B15,57.3315,0.19472,14.5425,37.9835,94.5584,23.3727,CRITICA,18.281,0.784149,19.4342,33.7475,0.195123,0.204765,0.2073,5.1586,1,1,1124.986,nan
h0514,abierto,B25,57.3315,0.19472,24.5303,59.4504,65.5786,39.0366,CRITICA,23.7252,0.810209,15.6441,3.6959,0.199467,0.192106,2.4381,1.3421,1,1,1090.513,nan
h0514,abierto,B40,57.3315,0.19472,39.5508,80.8689,47.0609,52.6242,BIEN,17.9421,0.689513,14.0463,41.055,0.194856,0.188665,0.07,3.1093,1,1,1070.205,nan
h0583,abierto,B5,64.5145,0.201267,4.495,17.9539,100.0,8.45,CRITICA,12.2568,0.43869,24.9391,72.1707,0.211404,0.207115,5.0369,2.9059,1,1,1064.056,nan
h0583,abierto,B10,64.5145,0.201267,9.5172,27.4668,99.8234,15.6068,CRITICA,13.9922,0.616784,22.0047,57.4254,0.194543,0.209279,3.3409,3.9811,1,1,1055.186,nan
h0583,abierto,B15,64.5145,0.201267,14.5323,37.684,93.6288,23.1093,CRITICA,16.3593,0.757588,19.5421,41.5884,0.192088,0.197669,4.5604,1.7875,1,1,1025.641,nan
h0583,abierto,B25,64.5145,0.201267,24.5364,59.547,68.0374,37.6168,CRITICA,22.3636,0.835401,15.7652,7.6999,0.192493,0.199848,4.3591,0.7046,1,1,1105.828,nan
h0583,abierto,B40,64.5145,0.201267,39.5198,81.8506,45.0911,51.5056,BIEN,19.6165,0.742834,14.0,26.8715,0.190515,0.192559,5.3419,4.3263,1,1,1006.847,nan
i0008,abierto,B5,131.2395,0.184599,4.4043,14.2324,100.0,4.3272,CRITICA,6.168,0.193561,27.9631,89.1554,0.198505,nan,7.5333,nan,1,1,1075.847,nan
i0008,abierto,B10,131.2395,0.184599,9.4725,21.3151,100.0,6.5958,CRITICA,6.6784,0.293059,26.2035,83.7586,0.181475,nan,1.6922,nan,1,1,1144.951,nan
i0008,abierto,B15,131.2395,0.184599,14.4949,27.391,100.0,10.6552,CRITICA,7.201,0.36938,25.0053,79.129,0.176133,0.190656,4.5858,3.2813,1,1,1023.751,nan
i0008,abierto,B25,131.2395,0.184599,24.5384,42.511,94.3391,18.3712,CRITICA,8.5737,0.554858,21.6242,67.6081,0.175089,0.193222,5.1517,4.6715,1,1,993.739,nan
i0008,abierto,B40,131.2395,0.184599,39.5032,65.7494,73.7526,26.2403,CRITICA,10.8932,0.743904,18.389,49.9012,0.173431,0.18314,6.0499,0.7901,1,1,1034.447,nan
i0075,abierto,B5,131.3709,0.180086,4.4032,14.4044,100.0,4.259,CRITICA,6.16,0.194095,27.8312,89.0353,0.209118,nan,16.121,nan,1,1,1121.831,nan
i0075,abierto,B10,131.3709,0.180086,9.4957,21.778,100.0,6.4023,CRITICA,6.6879,0.296565,25.9553,83.4225,0.185824,nan,3.1865,nan,1,1,940.999,nan
i0075,abierto,B15,131.3709,0.180086,14.4803,27.7083,100.0,10.1908,CRITICA,7.1919,0.371638,24.9303,78.9083,0.184427,0.196312,2.4106,9.0103,1,1,1141.292,nan
i0075,abierto,B25,131.3709,0.180086,24.5247,42.7383,94.8844,17.6704,CRITICA,8.5532,0.559257,21.6607,67.4675,0.178369,0.183695,0.9535,2.0042,1,1,1005.935,nan
i0075,abierto,B40,131.3709,0.180086,39.5237,65.846,73.9525,24.9245,CRITICA,10.8337,0.746402,18.5145,49.8778,0.175016,0.183636,2.8156,1.9714,1,1,984.252,nan
i0078,abierto,B5,134.155,0.185468,4.4146,14.3552,100.0,4.487,CRITICA,5.9428,0.188445,27.857,89.2996,0.204408,nan,10.2123,nan,1,1,1121.831,nan
i0078,abierto,B10,134.155,0.185468,9.4631,21.6246,100.0,6.7822,CRITICA,6.4482,0.288032,25.9906,83.8809,0.185863,nan,0.2133,nan,1,1,1182.592,nan
i0078,abierto,B15,134.155,0.185468,14.5029,27.9258,100.0,10.9429,CRITICA,6.9742,0.365862,24.6395,79.184,0.17787,0.195613,4.0965,5.4704,1,1,1083.424,nan
i0078,abierto,B25,134.155,0.185468,24.5079,42.8109,93.5085,18.6634,CRITICA,8.2933,0.54782,21.4669,68.0885,0.18513,0.181167,0.1819,2.3189,1,1,963.577,nan
i0078,abierto,B40,134.155,0.185468,39.5283,66.1371,73.3412,26.4333,CRITICA,10.546,0.737668,18.3158,50.701,0.176848,0.1902,4.6476,2.5516,1,1,1062.473,nan
i0216,abierto,B5,139.02,0.178705,4.4118,14.4943,100.0,4.3299,CRITICA,5.6806,0.181515,27.7584,89.574,0.192084,nan,7.4865,nan,1,1,1105.094,nan
i0216,abierto,B10,139.02,0.178705,9.4776,21.6443,100.0,6.3823,CRITICA,6.1605,0.27639,25.9623,84.4308,0.187773,nan,5.0741,nan,1,1,1058.985,nan
i0216,abierto,B15,139.02,0.178705,14.4974,27.7223,100.0,10.4646,CRITICA,6.6477,0.349256,24.7681,80.0588,0.18986,0.201753,6.2421,12.8973,1,1,1132.246,nan
i0216,abierto,B25,139.02,0.178705,24.4621,42.8505,94.1179,17.5975,CRITICA,7.9004,0.53305,21.4628,69.1768,0.187831,0.19281,5.1068,7.8927,1,1,1067.122,nan
i0216,abierto,B40,139.02,0.178705,39.5035,66.7109,75.3731,25.6472,CRITICA,10.0894,0.72561,18.1314,52.0135,0.185177,0.184371,3.6215,3.1706,1,1,1097.093,nan
i0234,abierto,B5,138.2159,0.188528,4.4334,14.3815,100.0,4.4057,CRITICA,5.7016,0.182043,27.8453,89.5949,0.210856,nan,11.843,nan,1,1,1132.375,nan
i0234,abierto,B10,138.2159,0.188528,9.4834,21.482,100.0,6.3634,CRITICA,6.1781,0.277542,26.0904,84.4577,0.186674,nan,0.9836,nan,1,1,1097.936,nan
i0234,abierto,B15,138.2159,0.188528,14.4834,27.4924,100.0,10.3925,CRITICA,6.6603,0.349378,24.9103,80.1091,0.191935,0.207971,1.8072,10.3129,1,1,1074.229,nan
i0234,abierto,B25,138.2159,0.188528,24.4508,42.5331,94.3721,18.1192,CRITICA,7.9256,0.530961,21.527,69.2271,0.191507,0.194187,1.58,3.0017,1,1,1071.811,nan
i0234,abierto,B40,138.2159,0.188528,39.5177,66.705,75.3692,26.0322,CRITICA,10.1615,0.728142,18.1341,51.7385,0.198451,0.194288,5.2633,3.0551,1,1,1031.247,nan
i0249,abierto,B5,140.9356,0.165617,4.3922,14.5038,100.0,4.4863,CRITICA,5.5385,0.178835,27.6933,89.7089,0.187328,nan,13.1094,nan,1,1,1079.797,nan
i0249,abierto,B10,140.9356,0.165617,9.4332,21.6924,100.0,6.6163,CRITICA,6.0164,0.272891,25.8919,84.6083,0.174907,nan,5.6095,nan,1,1,505.97,nan
i0249,abierto,B15,140.9356,0.165617,14.4463,27.9148,99.835,11.0803,CRITICA,6.5131,0.344809,24.5273,80.1932,0.180947,0.195886,9.2563,18.2766,1,1,1062.248,nan
i0249,abierto,B25,140.9356,0.165617,24.4287,42.9075,94.0364,18.5511,CRITICA,7.7488,0.523653,21.3213,69.5552,0.17213,0.185329,3.9328,11.9022,1,1,960.43,nan
i0249,abierto,B40,140.9356,0.165617,39.4643,66.7511,74.7016,26.168,CRITICA,9.8945,0.718539,18.0891,52.6371,0.164505,0.172067,0.6715,3.8942,1,1,989.218,nan
i0284,abierto,B5,135.1494,0.174754,4.4133,14.4385,100.0,4.39,CRITICA,5.9035,0.18865,27.7712,89.3167,0.216828,nan,24.0762,nan,1,1,1065.871,nan
i0284,abierto,B10,135.1494,0.174754,9.4266,21.5317,100.0,6.3377,CRITICA,6.3897,0.28584,26.0283,84.0682,0.181187,nan,3.6813,nan,1,1,1125.873,nan
i0284,abierto,B15,135.1494,0.174754,14.4773,27.8224,100.0,11.0576,CRITICA,6.9221,0.360786,24.6183,79.4136,0.185161,0.191815,5.9553,9.7631,1,1,928.16,nan
i0284,abierto,B25,135.1494,0.174754,24.4964,42.9181,94.5351,17.8941,CRITICA,8.2112,0.546546,21.4586,68.2439,0.173334,0.186535,0.8126,6.7418,1,1,1086.484,nan
i0284,abierto,B40,135.1494,0.174754,39.4997,67.1083,74.8258,25.9274,CRITICA,10.5437,0.742598,18.0458,50.3451,0.180205,0.182328,3.1197,4.3345,1,1,987.459,nan
i0303,abierto,B5,129.4504,0.161292,4.3787,14.4489,100.0,4.4851,CRITICA,6.2782,0.19962,27.7307,88.8383,0.195314,nan,21.0929,nan,1,1,1088.85,nan
i0303,abierto,B10,129.4504,0.161292,9.4458,21.6915,100.0,6.8249,CRITICA,6.8023,0.303547,25.8735,83.2434,0.179025,nan,10.9943,nan,1,1,1041.233,nan
i0303,abierto,B15,129.4504,0.161292,14.5268,27.7019,100.0,10.9041,CRITICA,7.3208,0.379342,24.7472,78.6004,0.170655,0.184434,5.8048,14.3479,1,1,968.711,nan
i0303,abierto,B25,129.4504,0.161292,24.4911,42.8452,93.3727,18.9983,CRITICA,8.7289,0.565105,21.4037,66.9023,0.162049,0.178228,0.4691,10.4997,1,1,1114.952,nan
i0303,abierto,B40,129.4504,0.161292,39.5005,66.2718,73.6828,26.298,CRITICA,11.085,0.753026,18.2666,48.8053,0.164915,0.162424,2.246,0.7018,1,1,1101.322,nan
i0323,abierto,B5,131.2593,0.171237,4.3811,14.4729,100.0,4.5248,CRITICA,6.1428,0.195066,27.7338,88.9738,0.200467,nan,17.0701,nan,1,1,968.335,nan
i0323,abierto,B10,131.2593,0.171237,9.4583,21.5913,100.0,7.0004,CRITICA,6.6543,0.295862,25.9398,83.5506,0.185913,nan,8.5705,nan,1,1,1076.195,nan
i0323,abierto,B15,131.2593,0.171237,14.4532,27.7663,100.0,11.1337,CRITICA,7.177,0.373005,24.6356,78.8462,0.178892,0.185475,4.4703,8.315,1,1,1099.626,nan
i0323,abierto,B25,131.2593,0.171237,24.4555,42.9359,93.1281,19.2397,CRITICA,8.5603,0.559436,21.3191,67.2893,0.173672,0.189243,1.4222,10.5155,1,1,1106.439,nan
i0323,abierto,B40,131.2593,0.171237,39.5055,66.2294,72.2875,27.0198,CRITICA,10.8605,0.747795,18.2138,49.5431,0.164175,0.174218,4.1239,1.7411,1,1,1024.905,nan
i0338,abierto,B5,131.6569,0.186224,4.3882,14.2073,100.0,4.3628,CRITICA,6.1538,0.191569,27.9372,89.2089,0.199911,nan,7.3493,nan,1,1,1067.236,nan
i0338,abierto,B10,131.6569,0.186224,9.481,21.537,100.0,6.6005,CRITICA,6.6735,0.294427,26.0375,83.6416,0.184379,nan,0.9912,nan,1,1,1159.958,nan
i0338,abierto,B15,131.6569,0.186224,14.4694,27.7121,100.0,10.1874,CRITICA,7.1895,0.373075,24.8479,78.9513,0.179854,0.196252,3.4208,5.3845,1,1,1096.371,nan
i0338,abierto,B25,131.6569,0.186224,24.5132,42.5744,93.9393,17.9918,CRITICA,8.5361,0.555954,21.612,67.6626,0.176462,0.189635,5.2421,1.8315,1,1,1008.065,nan
i0338,abierto,B40,131.6569,0.186224,39.5046,66.5626,74.2572,25.5958,CRITICA,10.8981,0.749548,18.2116,49.4424,0.181718,0.183582,2.4199,1.4191,1,1,1106.439,nan
i0347,abierto,B5,131.2627,0.173278,4.3692,14.1387,100.0,4.2707,CRITICA,6.1999,0.191895,27.9797,89.2287,0.202835,nan,17.0573,nan,1,1,1064.056,nan
i0347,abierto,B10,131.2627,0.173278,9.4634,21.726,100.0,6.3912,CRITICA,6.7371,0.298455,25.9175,83.4485,0.192706,nan,11.2118,nan,1,1,1085.541,nan
i0347,abierto,B15,131.2627,0.173278,14.4669,27.5637,100.0,9.8264,CRITICA,7.2287,0.372757,24.9839,79.0011,0.176578,0.193709,1.9045,11.7906,1,1,930.579,nan
i0347,abierto,B25,131.2627,0.173278,24.4652,42.6989,94.8689,17.345,CRITICA,8.5962,0.561423,21.617,67.4707,0.169679,0.183959,2.0772,6.1641,1,1,922.424,nan
i0347,abierto,B40,131.2627,0.173278,39.5174,66.6483,73.3199,24.7053,CRITICA,10.9486,0.751123,18.214,49.2253,0.177936,0.18174,2.688,4.8832,1,1,1033.592,nan
i0363,abierto,B5,133.4917,0.162346,4.3978,14.5516,100.0,4.6307,CRITICA,6.0246,0.191307,27.6581,89.0992,0.208242,nan,28.2707,nan,1,1,986.972,nan
i0363,abierto,B10,133.4917,0.162346,9.4405,21.8867,100.0,7.16,CRITICA,6.5465,0.292078,25.7626,83.6044,0.170795,nan,5.2043,nan,1,1,1073.307,nan
i0363,abierto,B15,133.4917,0.162346,14.509,28.1642,100.0,11.4578,CRITICA,7.0798,0.369182,24.4157,78.9019,0.171353,0.194652,5.5482,19.8999,1,1,1099.626,nan
i0363,abierto,B25,133.4917,0.162346,24.4773,43.1957,92.9011,19.0564,CRITICA,8.4251,0.552955,21.2566,67.6417,0.168474,0.18515,3.7752,14.0466,1,1,1039.501,nan
i0363,abierto,B40,133.4917,0.162346,39.4882,67.3064,73.8827,27.1337,CRITICA,10.8044,0.745506,17.9645,49.5801,0.17044,0.173422,4.986,6.8228,1,1,1034.126,nan
i0365,abierto,B5,133.3032,0.178351,4.4141,14.5588,100.0,4.6524,CRITICA,6.0326,0.192277,27.6502,89.0784,0.205565,nan,15.2584,nan,1,1,1003.311,nan
i0365,abierto,B10,133.3032,0.178351,9.4486,21.7572,100.0,6.9421,CRITICA,6.5377,0.292173,25.8851,83.6784,0.17206,nan,3.5272,nan,1,1,1136.88,nan
i0365,abierto,B15,133.3032,0.178351,14.5091,27.8264,100.0,11.1712,CRITICA,7.0562,0.366779,24.6634,79.1255,0.174252,0.194848,2.2982,9.2498,1,1,1064.169,nan
i0365,abierto,B25,133.3032,0.178351,24.4907,42.7752,93.1592,18.914,CRITICA,8.3911,0.549748,21.4217,67.9114,0.184545,0.183992,3.4726,3.163,1,1,1045.369,nan
i0365,abierto,B40,133.3032,0.178351,39.5327,66.6259,73.9351,26.9915,CRITICA,10.7297,0.743593,18.1432,50.0193,0.175199,0.178224,1.7676,0.0715,1,1,1046.792,nan
i0441,abierto,B5,130.3481,0.174861,4.3805,14.4791,100.0,4.5072,CRITICA,6.2158,0.198043,27.7199,88.892,0.197736,nan,13.0818,nan,1,1,1012.863,nan
i0441,abierto,B10,130.3481,0.174861,9.4398,21.7696,100.0,6.9138,CRITICA,6.743,0.302032,25.8276,83.2989,0.183641,nan,5.021,nan,1,1,1088.732,nan
i0441,abierto,B15,130.3481,0.174861,14.5011,27.8022,100.0,11.0256,CRITICA,7.2601,0.377468,24.6756,78.6708,0.165368,0.188312,5.4289,7.6927,1,1,993.641,nan
i0441,abierto,B25,130.3481,0.174861,24.4922,42.6469,92.6799,19.0668,CRITICA,8.6238,0.560745,21.4079,67.2823,0.167444,0.182614,4.2419,4.4337,1,1,1078.632,nan
i0441,abierto,B40,130.3481,0.174861,39.5059,66.72,73.1588,27.246,CRITICA,11.0419,0.752236,18.0591,48.814,0.173989,0.178597,0.4985,2.1365,1,1,1073.077,nan
i0456,abierto,B5,128.4062,0.160253,4.3664,14.2842,100.0,4.3758,CRITICA,6.3548,0.195176,27.8934,88.8758,0.181963,nan,13.5474,nan,1,1,1056.189,nan
i0456,abierto,B10,128.4062,0.160253,9.4447,21.596,100.0,6.9748,CRITICA,6.8981,0.29894,25.9268,83.1815,0.171898,nan,7.2665,nan,1,1,1051.857,nan
i0456,abierto,B15,128.4062,0.160253,14.4967,27.8349,100.0,11.1556,CRITICA,7.4425,0.378939,24.5838,78.3228,0.172868,0.178894,7.8715,11.6318,1,1,1113.71,nan
i0456,abierto,B25,128.4062,0.160253,24.5343,43.1336,93.1514,18.969,CRITICA,8.8769,0.570731,21.2673,66.4085,0.168981,0.172204,5.4462,7.4577,1,1,1001.502,nan
i0456,abierto,B40,128.4062,0.160253,39.5137,66.9624,72.4854,27.0486,CRITICA,11.3689,0.758413,18.045,47.8511,0.165201,0.167913,3.0876,4.7798,1,1,1016.363,nan
i0484,abierto,B5,130.5161,0.177996,4.3736,14.3931,100.0,4.4565,CRITICA,6.1962,0.194884,27.8037,88.9721,0.20232,nan,13.6654,nan,1,1,1107.052,nan
i0484,abierto,B10,130.5161,0.177996,9.4606,21.5735,100.0,6.942,CRITICA,6.7139,0.295872,25.9762,83.4706,0.18149,nan,1.9625,nan,1,1,1093.016,nan
i0484,abierto,B15,130.5161,0.177996,14.4987,27.7941,100.0,10.8936,CRITICA,7.2449,0.374449,24.7082,78.7045,0.181137,0.19637,1.7645,10.3226,1,1,1021.45,nan
i0484,abierto,B25,130.5161,0.177996,24.511,42.99,92.4256,18.9608,CRITICA,8.638,0.561704,21.3322,67.0615,0.179293,0.191421,0.7287,7.5421,1,1,1118.068,nan
i0484,abierto,B40,130.5161,0.177996,39.529,66.6991,72.9104,26.9764,CRITICA,11.0191,0.750033,18.1,48.8959,0.176711,0.172805,0.7223,2.9166,1,1,983.381,nan
i0502,abierto,B5,129.0486,0.169086,4.351,14.3304,100.0,4.339,CRITICA,6.3408,0.196819,27.8268,88.8953,0.200996,nan,18.8718,nan,1,1,1139.212,nan
i0502,abierto,B10,129.0486,0.169086,9.4517,21.766,100.0,6.5675,CRITICA,6.8773,0.30294,25.8706,83.1335,0.176445,nan,4.352,nan,1,1,1106.929,nan
i0502,abierto,B15,129.0486,0.169086,14.5118,27.8639,100.0,10.566,CRITICA,7.4039,0.380953,24.6753,78.4082,0.174309,0.183009,3.0889,8.2343,1,1,937.822,nan
i0502,abierto,B25,129.0486,0.169086,24.5224,43.1335,93.6502,18.0443,CRITICA,8.8153,0.571138,21.392,66.5758,0.180235,0.183716,6.5934,8.6522,1,1,1081.432,nan
i0502,abierto,B40,129.0486,0.169086,39.5258,67.2426,73.3354,25.6578,CRITICA,11.2901,0.759983,18.0715,47.8936,0.172929,0.173854,2.273,2.8196,1,1,1099.505,nan
i0520,abierto,B5,130.1283,0.157734,4.3586,14.3425,100.0,4.291,CRITICA,6.2179,0.1961,27.8548,88.9782,0.204556,nan,29.6845,nan,1,1,1086.248,nan
i0520,abierto,B10,130.1283,0.157734,9.4302,21.6227,100.0,6.6588,CRITICA,6.7401,0.298954,25.9503,83.3836,0.172743,nan,9.5153,nan,1,1,1090.156,nan
i0520,abierto,B15,130.1283,0.157734,14.5223,27.7459,100.0,10.6487,CRITICA,7.2647,0.376908,24.7741,78.6781,0.171023,0.18765,8.4252,18.9661,1,1,989.805,nan
i0520,abierto,B25,130.1283,0.157734,24.4852,42.9105,93.6366,18.2633,CRITICA,8.6465,0.564776,21.4362,67.0244,0.162395,0.17962,2.9554,13.8755,1,1,1051.525,nan
i0520,abierto,B40,130.1283,0.157734,39.5107,66.8157,73.6381,26.0092,CRITICA,11.047,0.755015,18.1446,48.654,0.169699,0.165383,7.5857,4.8496,1,1,1085.776,nan
i0524,abierto,B5,130.0517,0.162432,4.3509,14.4384,100.0,4.4259,CRITICA,6.236,0.196404,27.7424,88.8979,0.19687,nan,21.2018,nan,1,1,993.641,nan
i0524,abierto,B10,130.0517,0.162432,9.421,21.5849,100.0,6.9269,CRITICA,6.7545,0.297357,25.9232,83.4028,0.173656,nan,6.9104,nan,1,1,1040.042,nan
i0524,abierto,B15,130.0517,0.162432,14.5106,27.8516,100.0,11.0661,CRITICA,7.2895,0.376738,24.5928,78.5842,0.175862,0.18257,8.2681,12.3979,1,1,1081.081,nan
i0524,abierto,B25,130.0517,0.162432,24.496,42.9572,93.0893,18.9587,CRITICA,8.6773,0.56311,21.3136,66.9691,0.172791,0.176572,6.3776,8.7053,1,1,1077.586,nan
i0524,abierto,B40,130.0517,0.162432,39.4863,66.9084,73.644,26.5316,CRITICA,11.096,0.753644,18.068,48.5524,0.163219,0.161637,0.4846,0.4896,1,1,999.6,nan
i0730,abierto,B5,126.2707,0.157908,4.4226,14.2933,100.0,4.4602,CRITICA,6.44,0.202761,27.9111,88.6804,0.176019,nan,11.4694,nan,1,1,1105.583,nan
i0730,abierto,B10,126.2707,0.157908,9.4386,21.7918,100.0,7.4117,CRITICA,7.0046,0.311795,25.7761,82.742,0.167591,nan,6.1317,nan,1,1,1064.056,nan
i0730,abierto,B15,126.2707,0.157908,14.5014,28.0282,100.0,10.9875,CRITICA,7.5444,0.393204,24.5751,77.8031,0.163297,0.18284,3.4129,15.7888,1,1,1097.454,nan
i0730,abierto,B25,126.2707,0.157908,24.5038,43.2673,92.3305,19.3964,CRITICA,8.9958,0.583387,21.2346,65.7345,0.161,0.173563,1.9579,9.9139,1,1,1134.301,nan
i0730,abierto,B40,126.2707,0.157908,39.4989,67.1239,71.614,27.7197,CRITICA,11.5065,0.766811,17.9821,46.8412,0.16071,0.169508,1.7746,7.3462,1,1,1022.39,nan
i0802,abierto,B5,124.8662,0.198388,4.4496,14.2469,100.0,4.5552,CRITICA,6.5147,0.204594,27.9622,88.5903,0.222403,nan,12.1052,nan,1,1,1098.901,nan
i0802,abierto,B10,124.8662,0.198388,9.4792,21.7125,100.0,7.586,CRITICA,7.0825,0.314821,25.8089,82.6114,0.19553,nan,1.4407,nan,1,1,1044.277,nan
i0802,abierto,B15,124.8662,0.198388,14.5108,28.2,100.0,11.3998,CRITICA,7.6473,0.401476,24.3887,77.4158,0.188224,0.212349,5.1233,7.0375,1,1,1138.563,nan
i0802,abierto,B25,124.8662,0.198388,24.5741,43.5098,91.8376,20.3747,CRITICA,9.1469,0.590374,21.0467,65.1549,0.207862,0.209959,4.7755,5.8328,1,1,1025.431,nan
i0802,abierto,B40,124.8662,0.198388,39.4922,67.8169,70.5525,29.1354,CRITICA,11.7393,0.772554,17.6713,45.6883,0.197802,0.193989,0.2952,2.2175,1,1,1052.189,nan
i0822,abierto,B5,124.973,0.162208,4.4582,14.2857,100.0,4.5322,CRITICA,6.5166,0.205039,27.9392,88.569,0.177964,nan,9.7136,nan,1,1,982.608,nan
i0822,abierto,B10,124.973,0.162208,9.4927,21.7909,100.0,7.5828,CRITICA,7.0862,0.315556,25.756,82.5635,0.170669,nan,5.2163,nan,1,1,996.81,nan
i0822,abierto,B15,124.973,0.162208,14.5275,28.1788,100.0,11.2935,CRITICA,7.6426,0.400824,24.4326,77.4521,0.16312,0.187191,0.562,15.4022,1,1,1106.929,nan
i0822,abierto,B25,124.973,0.162208,24.6057,43.5352,92.1151,20.1979,CRITICA,9.145,0.590504,21.082,65.1643,0.161642,0.174977,0.3488,7.8723,1,1,1037.667,nan
i0822,abierto,B40,124.973,0.162208,39.4949,67.2457,71.1987,28.5163,CRITICA,11.6618,0.771568,17.869,46.1918,0.161883,0.171272,0.2001,5.588,1,1,1106.072,nan
i0834,abierto,B5,125.2458,0.207497,4.4133,14.2641,100.0,4.3362,CRITICA,6.523,0.203565,27.9512,88.6111,0.223618,nan,7.769,nan,1,1,946.701,nan
i0834,abierto,B10,125.2458,0.207497,9.4707,21.8713,100.0,7.1961,CRITICA,7.0957,0.315506,25.7532,82.5373,0.19841,nan,4.3794,nan,1,1,1008.166,nan
i0834,abierto,B15,125.2458,0.207497,14.5369,28.0606,100.0,10.6835,CRITICA,7.6335,0.397857,24.5861,77.5956,0.192916,0.211975,7.0271,2.1578,1,1,1081.666,nan
i0834,abierto,B25,125.2458,0.207497,24.4513,43.3865,93.3358,18.8284,CRITICA,9.0989,0.592105,21.2011,65.3589,0.200079,0.209378,3.575,0.9065,1,1,952.381,nan
i0834,abierto,B40,125.2458,0.207497,39.517,68.2603,70.5156,27.7686,CRITICA,11.7504,0.776117,17.6403,45.4989,0.20991,0.196916,1.1625,5.0997,1,1,735.402,nan
i0909,abierto,B5,134.4207,0.176641,4.4098,14.6176,100.0,4.7376,CRITICA,5.9309,0.190814,27.5911,89.1255,0.206975,nan,17.173,nan,1,1,1106.439,nan
i0909,abierto,B10,134.4207,0.176641,9.4479,22.0248,100.0,7.0962,CRITICA,6.4478,0.292238,25.5779,83.615,0.18773,nan,6.2776,nan,1,1,1112.223,nan
i0909,abierto,B15,134.4207,0.176641,14.5123,28.7878,99.5886,12.4737,CRITICA,7.0294,0.372137,23.8532,78.5838,0.17767,0.19609,0.5828,11.0108,1,1,1092.657,nan
i0909,abierto,B25,134.4207,0.176641,24.5349,43.9002,91.3272,20.7647,CRITICA,8.3847,0.553963,20.692,67.3412,0.176589,0.188448,0.0292,6.6844,1,1,1092.18,nan
i0909,abierto,B40,134.4207,0.176641,39.5117,67.5441,73.7565,27.6417,CRITICA,10.661,0.742942,17.8242,49.7517,0.17821,0.176741,0.8881,0.0569,1,1,1059.547,nan
i0977,abierto,B5,131.6056,0.190217,4.377,14.6238,100.0,4.554,CRITICA,6.1409,0.196208,27.6087,88.8882,0.209843,nan,10.318,nan,1,1,1053.075,nan
i0977,abierto,B10,131.6056,0.190217,9.5124,21.9441,100.0,7.1772,CRITICA,6.6718,0.297524,25.6789,83.3259,0.202642,nan,6.5324,nan,1,1,805.542,nan
i0977,abierto,B15,131.6056,0.190217,14.4749,28.1804,99.6565,11.5252,CRITICA,7.2076,0.375022,24.377,78.5873,0.189288,0.194195,0.488,2.0914,1,1,1113.338,nan
i0977,abierto,B25,131.6056,0.190217,24.5363,43.4049,92.5983,20.2015,CRITICA,8.6074,0.55963,20.972,67.0189,0.191113,0.199136,0.4711,4.6889,1,1,969.368,nan
i0977,abierto,B40,131.6056,0.190217,39.4758,67.1375,73.3587,28.2574,CRITICA,10.9935,0.747467,17.8672,48.9858,0.193713,0.193062,1.838,1.4956,1,1,1083.306,nan
i1031,abierto,B5,133.1476,0.176096,4.359,14.1362,100.0,4.2202,CRITICA,6.1425,0.185797,27.9541,89.3831,0.184641,nan,4.8525,nan,1,1,1058.873,nan
i1031,abierto,B10,133.1476,0.176096,9.4781,21.8254,100.0,6.3474,CRITICA,6.6875,0.290915,25.8671,83.6082,0.182026,nan,3.3674,nan,1,1,1091.227,nan
i1031,abierto,B15,133.1476,0.176096,14.4839,27.7569,100.0,9.7057,CRITICA,7.1788,0.367517,24.8504,79.1533,0.191563,0.193569,8.7833,9.9224,1,1,983.188,nan
i1031,abierto,B25,133.1476,0.176096,24.4555,43.2776,95.4006,16.5372,CRITICA,8.538,0.560007,21.4355,67.4966,0.177937,0.189386,1.0454,7.5471,1,1,1100.11,nan
i1031,abierto,B40,133.1476,0.176096,39.5447,67.3231,74.1485,23.7722,CRITICA,10.9005,0.750083,18.0884,49.4373,0.178394,0.180893,1.3049,2.7245,1,1,1054.852,nan
j0071,abierto,B5,138.3835,0.146983,4.4356,14.6666,100.0,4.1819,CRITICA,5.8931,0.161932,27.5556,89.4015,0.166433,nan,13.2322,nan,1,1,1108.279,nan
j0071,abierto,B10,138.3835,0.146983,9.4544,22.9477,100.0,5.8945,CRITICA,6.456,0.266487,25.198,83.4173,0.139857,0.173438,4.8485,17.9985,1,1,1061.571,nan
j0071,abierto,B15,138.3835,0.146983,14.4972,29.7901,100.0,10.2987,CRITICA,7.0137,0.349649,23.5154,78.4728,0.1473,0.154033,0.2155,4.7959,1,1,1085.541,nan
j0071,abierto,B25,138.3835,0.146983,24.505,48.2973,91.7483,20.0821,CRITICA,8.6656,0.571233,19.1834,65.0989,0.137611,0.147842,6.3763,0.5839,1,1,995.124,nan
j0071,abierto,B40,138.3835,0.146983,39.5031,74.2573,62.6269,29.973,CRITICA,11.3595,0.754694,15.8444,46.3395,0.135078,0.145313,8.0996,1.1363,1,1,988.045,nan
j0077,abierto,B5,140.0625,0.175935,4.4326,14.8641,100.0,4.2845,CRITICA,5.7703,0.159989,27.3952,89.3875,0.182125,nan,3.5181,nan,1,1,1083.306,nan
j0077,abierto,B10,140.0625,0.175935,9.4131,23.0882,100.0,6.1015,CRITICA,6.3264,0.260257,25.0808,83.5158,0.172696,0.183972,1.8411,4.5678,1,1,983.187,nan
j0077,abierto,B15,140.0625,0.175935,14.4856,30.1266,100.0,10.7602,CRITICA,6.8968,0.345505,23.3302,78.4906,0.179608,0.183037,2.0875,4.0364,1,1,1111.482,nan
j0077,abierto,B25,140.0625,0.175935,24.502,48.8796,91.0051,20.7476,CRITICA,8.5537,0.571103,18.9823,65.1016,0.170532,0.183292,3.0712,4.1814,1,1,1091.107,nan
j0077,abierto,B40,140.0625,0.175935,39.4583,74.3339,62.0408,30.3255,CRITICA,11.1205,0.751824,15.8075,46.9281,0.176373,0.182336,0.2485,3.6378,1,1,976.372,nan
j0114,abierto,B5,139.4847,0.168142,4.4442,14.57,100.0,4.2536,CRITICA,5.8104,0.158494,27.6067,89.5544,0.184231,nan,9.5688,nan,1,1,1102.901,nan
j0114,abierto,B10,139.4847,0.168142,9.4418,22.9938,100.0,5.7397,CRITICA,6.3721,0.26334,25.1855,83.5152,0.192734,0.177411,14.6259,5.5125,1,1,1031.14,nan
j0114,abierto,B15,139.4847,0.168142,14.4899,29.8596,100.0,10.2327,CRITICA,6.926,0.347173,23.4875,78.5929,0.177814,0.17473,5.7524,3.9184,1,1,1078.865,nan
j0114,abierto,B25,139.4847,0.168142,24.5085,48.4308,91.7367,19.8992,CRITICA,8.5616,0.569584,19.1588,65.2788,0.168523,0.168506,0.227,0.2164,1,1,1091.107,nan
j0114,abierto,B40,139.4847,0.168142,39.4897,74.5521,61.9709,30.0176,CRITICA,11.2368,0.753237,15.7756,46.5518,0.17364,0.177299,3.2699,5.4459,1,1,922.084,nan
j0128,abierto,B5,136.2113,0.172362,4.4744,15.2635,100.0,4.4783,CRITICA,5.9807,0.168701,27.1,88.7942,0.183284,nan,6.3367,nan,1,1,1069.862,nan
j0128,abierto,B10,136.2113,0.172362,9.4529,23.3134,100.0,6.6052,CRITICA,6.5452,0.269416,24.9149,82.8844,0.166854,0.175123,3.1954,1.6023,1,1,1130.71,nan
j0128,abierto,B15,136.2113,0.172362,14.478,30.9922,99.8215,11.6029,CRITICA,7.1845,0.365757,22.8462,77.247,0.176239,0.170426,2.2496,1.123,1,1,1020.304,nan
j0128,abierto,B25,136.2113,0.172362,24.4907,49.9256,89.9455,21.9244,CRITICA,8.9408,0.593499,18.6258,63.347,0.156518,0.162666,9.1918,5.6254,1,1,1074.229,nan
j0128,abierto,B40,136.2113,0.172362,39.5133,76.0742,59.2754,31.9986,CRITICA,11.7036,0.771321,15.4116,44.1499,0.173134,0.175869,0.4484,2.035,1,1,869.49,nan
j0133,abierto,B5,139.491,0.147965,4.4394,14.612,100.0,4.2272,CRITICA,5.8219,0.160046,27.5982,89.5248,0.150632,nan,1.8025,nan,1,1,887.626,nan
j0133,abierto,B10,139.491,0.147965,9.4417,22.9079,100.0,5.8214,CRITICA,6.3818,0.262848,25.2358,83.5775,0.145625,0.154399,1.5813,4.3487,1,1,975.229,nan
j0133,abierto,B15,139.491,0.147965,14.4959,29.7789,100.0,10.2217,CRITICA,6.9374,0.346491,23.5588,78.6517,0.145307,0.154166,1.7961,4.1912,1,1,1102.657,nan
j0133,abierto,B25,139.491,0.147965,24.5056,48.056,91.9075,20.0595,CRITICA,8.5572,0.565416,19.2617,65.5491,0.147381,0.150628,0.3941,1.8004,1,1,1085.541,nan
j0133,abierto,B40,139.491,0.147965,39.488,73.8557,62.5376,29.6481,CRITICA,11.1903,0.750883,15.951,47.0535,0.143686,0.151555,2.8918,2.4265,1,1,1109.632,nan
j0178,abierto,B5,127.1424,0.173479,4.4671,14.7772,100.0,4.3225,CRITICA,6.618,0.183099,27.4485,88.3774,0.192419,nan,10.9175,nan,1,1,1116.819,nan
j0178,abierto,B10,127.1424,0.173479,9.4809,23.0674,100.0,6.3557,CRITICA,7.235,0.29795,25.0501,81.8571,0.171714,0.178332,1.0175,2.7974,1,1,1084.716,nan
j0178,abierto,B15,127.1424,0.173479,14.4623,30.1606,99.7788,10.6922,CRITICA,7.8603,0.394169,23.2774,76.2781,0.165602,0.17218,4.5404,0.7488,1,1,1040.474,nan
j0178,abierto,B25,127.1424,0.173479,24.4974,48.846,91.3408,20.7398,CRITICA,9.7142,0.621408,18.9542,61.5816,0.170174,0.17039,1.905,1.7807,1,1,1074.807,nan
j0178,abierto,B40,127.1424,0.173479,39.5086,75.075,61.511,31.1527,CRITICA,12.7865,0.78533,15.6012,40.952,0.171463,0.173588,1.1623,0.0627,1,1,959.601,nan
j0218,abierto,B5,127.5553,0.188667,4.4442,14.9525,100.0,4.4361,CRITICA,6.6126,0.182214,27.2945,88.2776,0.174623,nan,7.4435,nan,1,1,1107.297,nan
j0218,abierto,B10,127.5553,0.188667,9.4585,23.2878,100.0,6.3571,CRITICA,7.2322,0.297378,24.9337,81.743,0.173473,0.173333,8.0531,8.1272,1,1,1055.075,nan
j0218,abierto,B15,127.5553,0.188667,14.44,30.4047,99.8603,10.9974,CRITICA,7.8661,0.392909,23.1133,76.1635,0.170699,0.170961,9.5236,9.3844,1,1,1118.443,nan
j0218,abierto,B25,127.5553,0.188667,24.4859,49.6916,90.7605,21.517,CRITICA,9.7955,0.628172,18.6614,61.0431,0.166839,0.16841,11.5697,10.737,1,1,994.332,nan
j0218,abierto,B40,127.5553,0.188667,39.4968,76.2881,60.0128,32.2552,CRITICA,12.936,0.790358,15.3107,40.1922,0.173971,0.175032,7.7894,7.2269,1,1,1057.194,nan
j0466,abierto,B5,130.6139,0.17338,4.4788,15.2993,100.0,4.443,CRITICA,6.3549,0.178773,27.0716,88.2866,0.180162,nan,3.9118,nan,1,1,1154.201,nan
j0466,abierto,B10,130.6139,0.17338,9.4705,23.4084,100.0,6.7919,CRITICA,6.9526,0.286752,24.8335,82.0782,0.172896,0.172135,0.2793,0.7181,1,1,972.573,nan
j0466,abierto,B15,130.6139,0.17338,14.4765,31.2106,99.641,11.6205,CRITICA,7.6317,0.388455,22.7752,76.1047,0.183209,0.173683,5.6692,0.1747,1,1,934.929,nan
j0466,abierto,B25,130.6139,0.17338,24.4896,50.5372,89.5146,22.3687,CRITICA,9.5324,0.621352,18.4174,61.3079,0.162309,0.179038,6.3855,3.2634,1,1,1080.497,nan
j0466,abierto,B40,130.6139,0.17338,39.5001,76.4806,58.9066,32.3318,CRITICA,12.4692,0.785866,15.3184,41.4453,0.174569,0.177976,0.6858,2.651,1,1,1054.296,nan
j0475,abierto,B5,130.0301,0.18817,4.4546,15.1266,100.0,4.4915,CRITICA,6.4017,0.177389,27.1564,88.3668,0.19414,nan,3.1727,nan,1,1,980.2,nan
j0475,abierto,B10,130.0301,0.18817,9.4315,23.3522,100.0,6.6529,CRITICA,7.0045,0.287008,24.8642,82.0409,0.187113,0.191774,0.5618,1.9154,1,1,1081.9,nan
j0475,abierto,B15,130.0301,0.18817,14.4596,30.9808,99.7982,11.4437,CRITICA,7.6709,0.388172,22.8709,76.1741,0.184272,0.18696,2.0714,0.643,1,1,996.91,nan
j0475,abierto,B25,130.0301,0.18817,24.476,50.2922,90.2307,22.1328,CRITICA,9.5741,0.621182,18.493,61.3226,0.182045,0.192355,3.2553,2.2237,1,1,565.004,nan
j0475,abierto,B40,130.0301,0.18817,39.4735,76.5726,59.485,32.6837,CRITICA,12.588,0.787094,15.2603,41.1117,0.185683,0.189105,1.3216,0.4968,1,1,1074.691,nan
j0498,abierto,B5,130.5806,0.175506,4.4707,15.1823,100.0,4.5031,CRITICA,6.3559,0.177508,27.1428,88.3732,0.181622,nan,3.4848,nan,1,1,1005.733,nan
j0498,abierto,B10,130.5806,0.175506,9.4677,23.3954,100.0,6.8206,CRITICA,6.9625,0.285882,24.8484,82.0835,0.169669,0.179724,3.3259,2.4032,1,1,892.061,nan
j0498,abierto,B15,130.5806,0.175506,14.4746,30.9179,99.639,11.6981,CRITICA,7.6188,0.384663,22.8805,76.3228,0.177767,0.176198,1.2879,0.3943,1,1,1056.412,nan
j0498,abierto,B25,130.5806,0.175506,24.4804,50.1333,89.831,22.5961,CRITICA,9.5139,0.616605,18.4872,61.6074,0.169106,0.17469,3.6467,0.4653,1,1,1039.933,nan
j0498,abierto,B40,130.5806,0.175506,39.5066,76.3976,59.1938,32.934,CRITICA,12.4822,0.783942,15.2819,41.4939,0.170125,0.172676,3.0664,1.6126,1,1,1104.85,nan
j0531,abierto,B5,130.5303,0.184923,4.4777,15.1295,100.0,4.501,CRITICA,6.3594,0.176644,27.1719,88.4092,0.191221,nan,3.4055,nan,1,1,1064.283,nan
j0531,abierto,B10,130.5303,0.184923,9.4678,23.4212,100.0,6.7672,CRITICA,6.9697,0.287387,24.8273,82.0569,0.17059,0.178041,7.7508,3.7217,1,1,1074.922,nan
j0531,abierto,B15,130.5303,0.184923,14.4798,31.109,99.6973,11.5952,CRITICA,7.6367,0.387434,22.7998,76.1672,0.186252,0.184321,0.7182,0.3258,1,1,1045.041,nan
j0531,abierto,B25,130.5303,0.184923,24.4897,50.2241,89.3167,22.3063,CRITICA,9.5142,0.618237,18.4875,61.523,0.171171,0.179127,7.4365,3.1347,1,1,1100.11,nan
j0531,abierto,B40,130.5303,0.184923,39.4987,76.2238,59.7275,32.2404,CRITICA,12.4583,0.784689,15.365,41.6045,0.177281,0.176327,4.1327,4.6488,1,1,991.375,nan
j0551,abierto,B5,130.8086,0.192067,4.4747,15.139,100.0,4.4702,CRITICA,6.3315,0.175632,27.1838,88.4266,0.189277,nan,1.4525,nan,1,1,1097.695,nan
j0551,abierto,B10,130.8086,0.192067,9.4634,23.2356,100.0,6.7682,CRITICA,6.926,0.283566,24.9518,82.237,0.177579,0.179672,7.5431,6.4537,1,1,1074.576,nan
j0551,abierto,B15,130.8086,0.192067,14.4838,30.8541,99.6119,11.5051,CRITICA,7.5863,0.382968,22.9572,76.4128,0.181213,0.175384,5.6515,8.6862,1,1,981.065,nan
j0551,abierto,B25,130.8086,0.192067,24.4901,49.9073,89.2915,22.3036,CRITICA,9.4497,0.613087,18.582,61.8471,0.179172,0.180627,6.7137,5.9565,1,1,1056.078,nan
j0551,abierto,B40,130.8086,0.192067,39.5049,76.5773,59.3976,32.6522,CRITICA,12.4638,0.785427,15.2788,41.4585,0.174991,0.181049,8.8906,5.7365,1,1,987.849,nan
j0576,abierto,B5,129.4136,0.172484,4.4713,15.2566,100.0,4.4684,CRITICA,6.4287,0.179712,27.0903,88.211,0.184772,nan,7.1239,nan,1,1,1093.613,nan
j0576,abierto,B10,129.4136,0.172484,9.4555,23.3945,100.0,6.7804,CRITICA,7.0327,0.289855,24.8371,81.9227,0.165462,0.171088,4.0713,0.8094,1,1,1062.925,nan
j0576,abierto,B15,129.4136,0.172484,14.4664,31.2016,99.7729,11.6865,CRITICA,7.7205,0.392541,22.761,75.89,0.174695,0.17086,1.2818,0.9416,1,1,1046.353,nan
j0576,abierto,B25,129.4136,0.172484,24.4899,50.5022,89.5069,22.4127,CRITICA,9.6383,0.626101,18.4238,60.9761,0.171157,0.170936,0.7699,0.8979,1,1,1102.779,nan
j0576,abierto,B40,129.4136,0.172484,39.4944,76.2087,59.2327,32.3848,CRITICA,12.5936,0.788525,15.3704,41.1123,0.177597,0.173158,2.964,0.3906,1,1,1108.279,nan
j0647,abierto,B5,129.4053,0.178718,4.4578,15.184,100.0,4.3606,CRITICA,6.44,0.17951,27.1528,88.2663,0.178084,nan,0.355,nan,1,1,994.827,nan
j0647,abierto,B10,129.4053,0.178718,9.4549,23.3643,100.0,6.775,CRITICA,7.0518,0.288501,24.8573,81.9448,0.175828,0.175961,1.6172,1.5429,1,1,1056.859,nan
j0647,abierto,B15,129.4053,0.178718,14.4691,31.2292,99.7497,11.4862,CRITICA,7.739,0.392849,22.7682,75.8672,0.177723,0.172902,0.5569,3.2546,1,1,1058.649,nan
j0647,abierto,B25,129.4053,0.178718,24.4957,50.6188,89.6156,22.422,CRITICA,9.6809,0.627249,18.3959,60.8835,0.172807,0.175937,3.3072,1.5562,1,1,1082.134,nan
j0647,abierto,B40,129.4053,0.178718,39.5097,76.7418,59.256,32.7286,CRITICA,12.7176,0.791159,15.2553,40.6966,0.170706,0.17099,4.4833,4.324,1,1,1042.97,nan
j0656,abierto,B5,130.709,0.185198,4.4754,15.2737,100.0,4.5334,CRITICA,6.3464,0.178195,27.0708,88.3147,0.198791,nan,7.3398,nan,1,1,1075.384,nan
j0656,abierto,B10,130.709,0.185198,9.4703,23.6018,100.0,6.8863,CRITICA,6.9603,0.287481,24.7343,81.9432,0.181558,0.183068,1.9657,1.15,1,1,994.332,nan
j0656,abierto,B15,130.709,0.185198,14.4793,31.0555,99.5944,11.7816,CRITICA,7.6139,0.385386,22.8214,76.2407,0.186033,0.179998,0.4506,2.8077,1,1,1102.657,nan
j0656,abierto,B25,130.709,0.185198,24.4927,50.5074,89.4661,22.4134,CRITICA,9.5229,0.62092,18.4331,61.3589,0.179288,0.182214,3.1915,1.6111,1,1,988.728,nan
j0656,abierto,B40,130.709,0.185198,39.5085,76.3074,59.0231,32.3467,CRITICA,12.4271,0.787253,15.3562,41.6204,0.170701,0.179882,7.8278,2.8704,1,1,1041.45,nan
j0664,abierto,B5,129.3913,0.177044,4.468,15.1874,100.0,4.6265,CRITICA,6.4225,0.178008,27.1117,88.2624,0.187722,nan,6.0315,nan,1,1,944.287,nan
j0664,abierto,B10,129.3913,0.177044,9.4508,23.4348,100.0,7.0087,CRITICA,7.038,0.287164,24.8002,81.8884,0.171693,0.176182,3.022,0.4867,1,1,1055.743,nan
j0664,abierto,B15,129.3913,0.177044,14.4612,31.1407,99.674,11.8366,CRITICA,7.7168,0.389715,22.7846,75.933,0.175562,0.172729,0.8366,2.4368,1,1,1061.121,nan
j0664,abierto,B25,129.3913,0.177044,24.4975,50.5781,89.6369,22.9416,CRITICA,9.6638,0.62529,18.3646,60.9108,0.159337,0.17559,10.0014,0.8212,1,1,1083.424,nan
j0664,abierto,B40,129.3913,0.177044,39.5041,76.7906,58.7747,33.0725,CRITICA,12.693,0.791287,15.2369,40.6524,0.172454,0.176618,2.5921,0.2402,1,1,1028.172,nan
j0680,abierto,B5,129.2441,0.167715,4.4695,14.7675,100.0,4.3664,CRITICA,6.4354,0.176328,27.4531,88.574,0.179537,nan,7.0489,nan,1,1,1016.157,nan
j0680,abierto,B10,129.2441,0.167715,9.4562,23.2825,100.0,6.5903,CRITICA,7.0648,0.290742,24.9156,81.9857,0.168342,0.168558,0.3739,0.5028,1,1,933.794,nan
j0680,abierto,B15,129.2441,0.167715,14.4653,30.6746,99.7652,11.3032,CRITICA,7.7102,0.388423,23.0021,76.2662,0.180964,0.177309,7.9,5.7203,1,1,1112.595,nan
j0680,abierto,B25,129.2441,0.167715,24.494,49.8647,90.1725,21.9099,CRITICA,9.6075,0.620902,18.6025,61.4182,0.164456,0.174764,1.9429,4.2031,1,1,1101.686,nan
j0680,abierto,B40,129.2441,0.167715,39.498,76.0266,59.9371,32.1339,CRITICA,12.6212,0.785852,15.3904,41.176,0.178517,0.164629,6.4407,1.8396,1,1,1117.693,nan
j0682,abierto,B5,129.9006,0.182076,4.4788,15.1712,100.0,4.4286,CRITICA,6.4083,0.178206,27.1725,88.3209,0.17954,nan,1.3931,nan,1,1,994.431,nan
j0682,abierto,B10,129.9006,0.182076,9.486,23.436,100.0,6.8444,CRITICA,7.0214,0.28814,24.8174,81.9585,0.17375,0.172693,4.5727,5.1536,1,1,1059.098,nan
j0682,abierto,B15,129.9006,0.182076,14.4779,31.2418,99.6313,11.8418,CRITICA,7.71,0.390334,22.7153,75.9495,0.181849,0.179965,0.1248,1.1595,1,1,1001.001,nan
j0682,abierto,B25,129.9006,0.182076,24.4885,50.7057,89.2449,22.4708,CRITICA,9.6313,0.625917,18.3527,60.9658,0.170542,0.177584,6.3346,2.4672,1,1,1182.592,nan
j0682,abierto,B40,129.9006,0.182076,39.5106,75.9352,59.5742,32.0798,CRITICA,12.5093,0.786638,15.4351,41.5437,0.173379,0.172308,4.7766,5.3648,1,1,915.416,nan
k0064,abierto,B5,124.2506,0.268351,4.3986,14.302,100.0,4.1288,CRITICA,7.1708,0.179358,27.9007,88.4894,0.255836,nan,4.6636,nan,1,1,1042.97,nan
k0064,abierto,B10,124.2506,0.268351,9.3988,22.33,100.0,5.8563,CRITICA,7.8384,0.291494,25.5214,82.0283,0.251836,0.260807,6.1544,2.8112,1,1,1079.447,nan
k0064,abierto,B15,124.2506,0.268351,14.4673,28.2522,99.5634,9.8018,CRITICA,8.3967,0.375059,24.3457,77.2619,0.254534,0.255955,5.1488,4.6196,1,1,1038.529,nan
k0064,abierto,B25,124.2506,0.268351,24.397,46.2696,96.2196,19.5694,CRITICA,10.2673,0.604308,19.7125,62.761,0.259959,0.259397,3.1272,3.3367,1,1,1073.883,nan
k0064,abierto,B40,124.2506,0.268351,39.4904,69.1099,68.7438,26.1212,CRITICA,13.1423,0.777869,17.2641,44.3786,0.262715,0.266366,2.1004,0.7397,1,1,1067.35,nan
k0066,abierto,B5,123.5542,0.259527,4.3973,14.388,100.0,4.1205,CRITICA,7.2234,0.180935,27.838,88.3549,0.252285,nan,2.7905,nan,1,1,1066.098,nan
k0066,abierto,B10,123.5542,0.259527,9.387,22.1343,100.0,5.9442,CRITICA,7.8719,0.289546,25.6248,82.0854,0.239266,0.260034,7.8069,0.1955,1,1,1114.082,nan
k0066,abierto,B15,123.5542,0.259527,14.4565,28.2947,99.5692,9.9642,CRITICA,8.4536,0.376105,24.2888,77.0994,0.251174,0.255084,3.2187,1.712,1,1,1174.122,nan
k0066,abierto,B25,123.5542,0.259527,24.439,46.5308,96.109,19.932,CRITICA,10.369,0.60887,19.6012,62.3398,0.260193,0.261806,0.2568,0.878,1,1,1200.336,nan
k0066,abierto,B40,123.5542,0.259527,39.495,69.2991,67.886,26.748,CRITICA,13.2594,0.778784,17.151,43.912,0.260246,0.263834,0.2769,1.6597,1,1,987.947,nan
k0091,abierto,B5,123.0141,0.250777,4.389,14.2794,100.0,4.06,CRITICA,7.2549,0.182187,27.9209,88.3921,0.262769,nan,4.7816,nan,1,1,1032.205,nan
k0091,abierto,B10,123.0141,0.250777,9.388,22.0618,100.0,6.0703,CRITICA,7.9069,0.291023,25.6256,82.0656,0.238843,0.251827,4.759,0.4186,1,1,1083.072,nan
k0091,abierto,B15,123.0141,0.250777,14.4536,27.9562,99.4023,10.0384,CRITICA,8.4674,0.375477,24.4243,77.274,0.241868,0.25074,3.5529,0.0149,1,1,1055.409,nan
k0091,abierto,B25,123.0141,0.250777,24.4405,45.8078,95.7791,19.9276,CRITICA,10.3394,0.60304,19.7822,62.7622,0.249161,0.246001,0.6445,1.9047,1,1,997.407,nan
k0091,abierto,B40,123.0141,0.250777,39.4939,68.4005,70.5816,26.8525,CRITICA,13.1844,0.771916,17.3056,44.3962,0.256408,0.254167,2.2455,1.3516,1,1,1110.001,nan
k0106,abierto,B5,123.0286,0.278243,4.387,14.1936,100.0,4.0187,CRITICA,7.2489,0.182732,27.9945,88.4632,0.271382,nan,2.466,nan,1,1,1094.811,nan
k0106,abierto,B10,123.0286,0.278243,9.3861,21.8922,100.0,6.0528,CRITICA,7.8939,0.290692,25.742,82.2056,0.247654,0.264465,10.9937,4.9518,1,1,997.705,nan
k0106,abierto,B15,123.0286,0.278243,14.4517,27.7299,99.2296,10.0936,CRITICA,8.4481,0.374996,24.5173,77.4606,0.258738,0.251443,7.01,9.6321,1,1,1022.599,nan
k0106,abierto,B25,123.0286,0.278243,24.4426,45.6345,95.7985,19.7035,CRITICA,10.3116,0.604053,19.8444,62.9074,0.257293,0.256742,7.5295,7.7276,1,1,869.716,nan
k0106,abierto,B40,123.0286,0.278243,39.4926,68.3232,71.9517,26.5597,CRITICA,13.1807,0.773872,17.3566,44.4656,0.260694,0.263359,6.3071,5.3494,1,1,908.926,nan
k0107,abierto,B5,123.7871,0.232582,4.4012,14.3187,100.0,4.0776,CRITICA,7.2119,0.181345,27.8886,88.4328,0.258417,nan,11.1079,nan,1,1,1146.0,nan
k0107,abierto,B10,123.7871,0.232582,9.4005,21.878,100.0,5.8632,CRITICA,7.8401,0.286934,25.7939,82.3261,0.232117,0.250411,0.2001,7.6654,1,1,1075.616,nan
k0107,abierto,B15,123.7871,0.232582,14.4543,27.7417,99.5672,9.6993,CRITICA,8.3889,0.37067,24.5978,77.5892,0.229727,0.241284,1.2275,3.7414,1,1,1049.869,nan
k0107,abierto,B25,123.7871,0.232582,24.47,45.3949,96.0896,19.3622,CRITICA,10.2133,0.596738,19.9774,63.3283,0.239327,0.241935,2.8999,4.0214,1,1,1037.022,nan
k0107,abierto,B40,123.7871,0.232582,39.4995,68.2202,71.6955,26.1085,CRITICA,13.0589,0.77007,17.4264,44.8891,0.23546,0.244421,1.2374,5.0901,1,1,1027.432,nan
k0138,abierto,B5,123.7632,0.287397,4.3956,14.2606,100.0,4.1052,CRITICA,7.1978,0.180187,27.9344,88.4775,0.284167,nan,1.1238,nan,1,1,993.641,nan
k0138,abierto,B10,123.7632,0.287397,9.3954,21.8719,100.0,5.977,CRITICA,7.8311,0.286446,25.7781,82.3277,0.265691,0.262673,7.5525,8.6026,1,1,958.497,nan
k0138,abierto,B15,123.7632,0.287397,14.4526,27.9049,99.4605,10.0114,CRITICA,8.399,0.372515,24.4581,77.453,0.261783,0.270485,8.9121,5.8842,1,1,1007.151,nan
k0138,abierto,B25,123.7632,0.287397,24.4643,45.5915,95.9925,19.4871,CRITICA,10.228,0.599456,19.9159,63.1624,0.268811,0.279688,6.4669,2.6822,1,1,1052.964,nan
k0138,abierto,B40,123.7632,0.287397,39.4938,68.4775,70.6612,26.5877,CRITICA,13.0943,0.771287,17.3257,44.6706,0.270839,0.272204,5.7611,5.2863,1,1,995.322,nan
k0193,abierto,B5,122.8918,0.218824,4.3972,14.1737,100.0,4.0865,CRITICA,7.2432,0.184372,28.0099,88.4665,0.246261,nan,12.5387,nan,1,1,1121.705,nan
k0193,abierto,B10,122.8918,0.218824,9.3937,21.9431,100.0,6.2025,CRITICA,7.893,0.293891,25.6842,82.1444,0.221513,0.245886,1.2289,12.367,1,1,911.411,nan
k0193,abierto,B15,122.8918,0.218824,14.4498,27.8401,99.1985,10.3257,CRITICA,8.4523,0.379669,24.4109,77.3458,0.226602,0.23283,3.5544,6.4006,1,1,1065.53,nan
k0193,abierto,B25,122.8918,0.218824,24.4527,45.0615,95.5792,19.7337,CRITICA,10.2531,0.601292,20.0347,63.3323,0.223137,0.230357,1.971,5.2706,1,1,1052.189,nan
k0193,abierto,B40,122.8918,0.218824,39.4912,68.128,72.3204,26.6619,CRITICA,13.1472,0.776362,17.4038,44.5626,0.226612,0.228936,3.5594,4.6212,1,1,1077.238,nan
k0204,abierto,B5,123.1659,0.271748,4.3981,14.2696,100.0,4.1769,CRITICA,7.2308,0.179681,27.9166,88.4144,0.263339,nan,3.0944,nan,1,1,978.282,nan
k0204,abierto,B10,123.1659,0.271748,9.382,22.3511,100.0,6.0052,CRITICA,7.9083,0.293478,25.4806,81.8528,0.255861,0.262479,5.8461,3.4111,1,1,999.5,nan
k0204,abierto,B15,123.1659,0.271748,14.4575,28.3376,99.4256,10.2535,CRITICA,8.4837,0.377903,24.2187,76.9923,0.24932,0.258006,8.2534,5.0571,1,1,1119.821,nan
k0204,abierto,B25,123.1659,0.271748,24.4373,46.7554,95.7907,20.3956,CRITICA,10.4286,0.61219,19.4762,62.0387,0.259244,0.263837,4.6012,2.9114,1,1,1100.231,nan
k0204,abierto,B40,123.1659,0.271748,39.4767,69.4854,67.3795,27.3119,CRITICA,13.3468,0.780571,17.0671,43.5839,0.258494,0.255933,4.8775,5.8198,1,1,1017.605,nan
k0208,abierto,B5,123.0598,0.273248,4.4077,14.2521,100.0,4.1737,CRITICA,7.2435,0.179624,27.9278,88.4186,0.265466,nan,2.848,nan,1,1,1033.699,nan
k0208,abierto,B10,123.0598,0.273248,9.4018,22.4454,100.0,5.996,CRITICA,7.9283,0.295884,25.4237,81.7606,0.24983,0.257499,8.5701,5.7634,1,1,1096.371,nan
k0208,abierto,B15,123.0598,0.273248,14.4471,28.4305,99.4353,10.2175,CRITICA,8.5037,0.379735,24.1834,76.897,0.256529,0.255954,6.1186,6.329,1,1,1122.334,nan
k0208,abierto,B25,123.0598,0.273248,24.4566,46.7432,95.9324,19.8953,CRITICA,10.4373,0.612881,19.5696,62.0159,0.253423,0.257247,7.2553,5.8557,1,1,1097.695,nan
k0208,abierto,B40,123.0598,0.273248,39.5,69.6249,67.4106,26.7013,CRITICA,13.3799,0.782279,17.1138,43.4219,0.262998,0.266158,3.7512,2.5946,1,1,1058.089,nan
k0256,abierto,B5,121.78,0.277949,4.3922,14.3652,100.0,4.0707,CRITICA,7.3437,0.184299,27.8636,88.204,0.273316,nan,1.6668,nan,1,1,1084.952,nan
k0256,abierto,B10,121.78,0.277949,9.3973,22.074,100.0,6.0951,CRITICA,7.9975,0.293545,25.6296,81.8739,0.24586,0.263222,11.5447,5.2983,1,1,1035.84,nan
k0256,abierto,B15,121.78,0.277949,14.4473,28.0585,99.2781,10.4537,CRITICA,8.5782,0.379837,24.3005,76.9597,0.251567,0.266177,9.4917,4.2352,1,1,1062.586,nan
k0256,abierto,B25,121.78,0.277949,24.4423,46.3636,95.6316,20.4206,CRITICA,10.5312,0.612707,19.567,61.9284,0.260528,0.261523,6.2676,5.9096,1,1,1123.974,nan
k0256,abierto,B40,121.78,0.277949,39.4996,69.2693,68.8506,27.6977,CRITICA,13.4889,0.778993,17.0442,43.1194,0.258595,0.256019,6.9628,7.8898,1,1,1074.922,nan
k0312,abierto,B5,122.9681,0.265,4.4399,14.1532,100.0,4.3914,CRITICA,7.1897,0.183766,27.9604,88.4903,0.268401,nan,1.2835,nan,1,1,1124.101,nan
k0312,abierto,B10,122.9681,0.265,9.3853,22.0881,100.0,6.8011,CRITICA,7.858,0.295987,25.5222,82.0375,0.250852,0.262171,5.3386,1.0673,1,1,1126.38,nan
k0312,abierto,B15,122.9681,0.265,14.4851,28.3333,98.7754,11.849,CRITICA,8.4645,0.384525,23.9056,76.9588,0.24905,0.250467,6.0186,5.484,1,1,1026.905,nan
k0312,abierto,B25,122.9681,0.265,24.461,45.8948,94.114,22.2614,CRITICA,10.3287,0.60733,19.4577,62.6775,0.250537,0.263394,5.4575,0.6058,1,1,1001.101,nan
k0312,abierto,B40,122.9681,0.265,39.5059,68.2829,72.1516,28.9148,CRITICA,13.0995,0.774981,17.1644,44.4711,0.262807,0.258411,0.8274,2.4863,1,1,985.61,nan
k0448,abierto,B5,121.4131,0.229903,4.4089,13.9963,100.0,4.236,CRITICA,7.2985,0.184345,28.1276,88.4722,0.224111,nan,2.5191,nan,1,1,1004.016,nan
k0448,abierto,B10,121.4131,0.229903,9.3962,21.8543,100.0,6.6307,CRITICA,7.9684,0.29639,25.6861,82.0001,0.223867,0.234841,2.6252,2.1478,1,1,1092.299,nan
k0448,abierto,B15,121.4131,0.229903,14.4604,28.2056,98.6648,11.5151,CRITICA,8.5919,0.386982,24.0534,76.7689,0.230433,0.232642,0.2305,1.1914,1,1,1076.658,nan
k0448,abierto,B25,121.4131,0.229903,24.4619,46.1407,94.4051,22.2312,CRITICA,10.5338,0.614341,19.3966,61.9969,0.212288,0.219415,7.6616,4.5619,1,1,983.574,nan
k0448,abierto,B40,121.4131,0.229903,39.4853,68.1462,71.0668,28.9584,CRITICA,13.3498,0.776684,17.2005,43.8725,0.215728,0.227219,6.1653,1.1675,1,1,1082.134,nan
k0535,abierto,B5,120.7717,0.259805,4.4477,14.0834,100.0,4.1581,CRITICA,7.3739,0.188901,28.072,88.3388,0.262797,nan,1.1519,nan,1,1,950.57,nan
k0535,abierto,B10,120.7717,0.259805,9.4303,21.9,100.0,6.5058,CRITICA,8.0405,0.302212,25.6918,81.8666,0.251869,0.257831,3.0546,0.7598,1,1,898.15,nan
k0535,abierto,B15,120.7717,0.259805,14.478,27.8375,98.6183,11.6031,CRITICA,8.6346,0.387155,24.1867,76.9504,0.245687,0.252346,5.4341,2.8707,1,1,867.227,nan
k0535,abierto,B25,120.7717,0.259805,24.4626,45.0713,94.638,21.4422,CRITICA,10.4889,0.609615,19.7924,62.6806,0.245369,0.250462,5.5562,3.5961,1,1,1071.008,nan
k0535,abierto,B40,120.7717,0.259805,39.5699,66.7203,74.3213,27.7266,CRITICA,13.1965,0.77377,17.6089,44.755,0.25688,0.250952,1.1258,3.4074,1,1,975.419,nan
l0028,abierto,B5,117.7884,0.266936,4.5362,16.894,100.0,4.7031,CRITICA,7.4268,0.230283,25.9488,85.6574,0.260239,0.214025,2.5089,19.8217,1,1,995.718,nan
l0028,abierto,B10,117.7884,0.266936,9.4311,23.768,100.0,6.9967,CRITICA,7.994,0.324423,24.5037,79.8215,0.278146,0.266391,4.1993,0.2043,1,1,1035.84,nan
l0028,abierto,B15,117.7884,0.266936,14.4702,31.3379,100.0,10.3203,CRITICA,8.6937,0.43201,22.8356,73.3948,0.280858,0.273617,5.2152,2.5027,1,1,1021.555,nan
l0028,abierto,B25,117.7884,0.266936,24.4954,50.9426,92.9981,19.865,CRITICA,10.8365,0.66093,18.6464,56.7508,0.269151,0.278555,0.8298,4.3527,1,1,1103.387,nan
l0028,abierto,B40,117.7884,0.266936,39.5006,75.1231,52.9314,30.2971,CRITICA,14.0621,0.803283,15.8118,36.222,0.25417,0.270739,4.7826,1.4246,1,1,955.201,nan
l0039,abierto,B5,110.5708,0.25245,4.5091,16.9258,100.0,4.7274,CRITICA,7.9805,0.248924,25.9134,84.6924,0.247358,0.217516,2.0171,13.838,1,1,1137.268,nan
l0039,abierto,B10,110.5708,0.25245,9.4565,23.9686,100.0,7.243,CRITICA,8.609,0.352231,24.3699,78.3228,0.2523,0.248035,0.0595,1.749,1,1,1119.821,nan
l0039,abierto,B15,110.5708,0.25245,14.4576,31.8148,100.0,10.899,CRITICA,9.3877,0.467121,22.56,71.2267,0.240376,0.255665,4.7828,1.2735,1,1,1114.33,nan
l0039,abierto,B25,110.5708,0.25245,24.51,51.7789,91.4883,21.2375,CRITICA,11.7769,0.695493,18.2865,53.1713,0.226661,0.258368,10.2156,2.344,1,1,1075.963,nan
l0039,abierto,B40,110.5708,0.25245,39.5267,75.7226,51.7243,31.4761,CRITICA,15.2886,0.817799,15.6421,31.5166,0.238845,0.261211,5.3893,3.4704,1,1,1004.319,nan
l0047,abierto,B5,109.9283,0.279278,4.5292,17.1604,100.0,4.8172,CRITICA,8.0549,0.253439,25.7602,84.3895,0.258983,0.224757,7.2669,19.5219,1,1,1175.917,nan
l0047,abierto,B10,109.9283,0.279278,9.4949,24.11,100.0,7.3266,CRITICA,8.6827,0.355213,24.2955,78.0675,0.283276,0.270017,1.4316,3.3158,1,1,1043.079,nan
l0047,abierto,B15,109.9283,0.279278,14.4712,32.2521,100.0,10.9214,CRITICA,9.4934,0.473651,22.4017,70.6607,0.265659,0.26561,4.8762,4.8937,1,1,1115.822,nan
l0047,abierto,B25,109.9283,0.279278,24.5235,52.2374,91.0206,21.2668,CRITICA,11.9286,0.700607,18.1873,52.4804,0.263036,0.276085,5.8154,1.1432,1,1,899.847,nan
l0047,abierto,B40,109.9283,0.279278,39.5219,76.1377,50.3173,31.2573,CRITICA,15.5329,0.819934,15.6259,30.7388,0.266273,0.27832,4.6566,0.3429,1,1,990.491,nan
l0091,abierto,B5,96.6747,0.2421,4.4891,16.8432,100.0,5.5301,CRITICA,9.0096,0.299683,25.8852,82.5775,0.235341,0.229798,2.792,5.0815,1,1,1032.311,nan
l0091,abierto,B10,96.6747,0.2421,9.4748,24.8701,100.0,9.2887,CRITICA,9.8377,0.423142,23.749,74.2744,0.244476,0.249787,0.9814,3.1748,1,1,1008.471,nan
l0091,abierto,B15,96.6747,0.2421,14.497,33.4236,100.0,13.7349,CRITICA,10.8653,0.550323,21.7054,65.4268,0.247563,0.248002,2.2564,2.4376,1,1,906.701,nan
l0091,abierto,B25,96.6747,0.2421,24.4974,53.6331,85.3189,25.2298,CRITICA,13.7785,0.750175,17.6507,44.5221,0.244663,0.247161,1.0586,2.0903,1,1,1071.811,nan
l0091,abierto,B40,96.6747,0.2421,39.5018,77.1145,47.0415,35.705,CRITICA,17.8233,0.823415,15.3533,20.233,0.241841,0.252299,0.107,4.2125,1,1,1007.151,nan
l0109,abierto,B5,98.1978,0.235224,4.5186,16.8781,100.0,5.5111,CRITICA,8.9005,0.294167,25.8746,82.8122,0.213399,0.22064,9.2786,6.2001,1,1,1049.318,nan
l0109,abierto,B10,98.1978,0.235224,9.4874,24.7058,100.0,8.9036,CRITICA,9.6864,0.416208,23.9007,74.8408,0.230243,0.241798,2.1176,2.7949,1,1,1056.971,nan
l0109,abierto,B15,98.1978,0.235224,14.4938,33.0961,100.0,13.2563,CRITICA,10.6623,0.539839,21.8599,66.2965,0.237746,0.23911,1.072,1.6519,1,1,859.771,nan
l0109,abierto,B25,98.1978,0.235224,24.5087,52.8782,88.4104,24.2415,CRITICA,13.405,0.7419,17.8788,46.1514,0.241285,0.241022,2.5766,2.4651,1,1,1046.025,nan
l0109,abierto,B40,98.1978,0.235224,39.4961,76.0954,49.4052,34.7322,CRITICA,17.2884,0.821683,15.5504,22.5081,0.235793,0.24183,0.242,2.8084,1,1,1057.306,nan
l0196,abierto,B5,99.1985,0.252247,4.5313,16.8745,100.0,5.5003,CRITICA,8.8041,0.289628,25.8719,82.9892,0.264629,0.218894,4.9089,13.2222,1,1,1091.346,nan
l0196,abierto,B10,99.1985,0.252247,9.5119,24.6799,100.0,8.9071,CRITICA,9.5872,0.40971,23.8975,75.1206,0.261226,0.240595,3.5596,4.6192,1,1,1076.31,nan
l0196,abierto,B15,99.1985,0.252247,14.4641,32.9399,100.0,13.1257,CRITICA,10.521,0.532468,21.9271,66.7939,0.262835,0.254506,4.1973,0.8957,1,1,1048.988,nan
l0196,abierto,B25,99.1985,0.252247,24.5297,52.9903,88.3076,24.177,CRITICA,13.2855,0.738884,17.8717,46.5815,0.266726,0.252944,5.7401,0.2761,1,1,1096.972,nan
l0196,abierto,B40,99.1985,0.252247,39.5297,75.3885,50.1659,34.0874,CRITICA,17.0035,0.822455,15.7355,24.0023,0.260747,0.245986,3.3698,2.4822,1,1,928.678,nan
l0299,abierto,B5,100.5383,0.19278,4.5388,16.7985,100.0,5.3591,CRITICA,8.6818,0.287586,25.9511,83.2914,0.214016,0.213809,11.0159,10.9087,1,1,1046.463,nan
l0299,abierto,B10,100.5383,0.19278,9.4888,24.5604,100.0,8.5462,CRITICA,9.4482,0.405879,24.0363,75.5711,0.214319,0.21693,11.1731,12.5277,1,1,1083.658,nan
l0299,abierto,B15,100.5383,0.19278,14.4526,32.3201,100.0,12.6019,CRITICA,10.3118,0.522326,22.2435,67.8529,0.177918,0.215599,7.7091,11.8372,1,1,980.296,nan
l0299,abierto,B25,100.5383,0.19278,24.5033,51.6925,90.4209,23.567,CRITICA,12.8948,0.728552,18.2061,48.5843,0.198522,0.198723,2.9786,3.083,1,1,1060.221,nan
l0299,abierto,B40,100.5383,0.19278,39.5061,74.5862,50.8452,33.3322,CRITICA,16.5761,0.823261,15.9025,25.8132,0.206612,0.21001,7.175,8.9378,1,1,1013.685,nan
l0357,abierto,B5,100.8452,0.24459,4.5407,16.8316,100.0,5.3799,CRITICA,8.6592,0.28602,25.9234,83.3095,0.24105,0.227461,1.4476,7.0033,1,1,1080.731,nan
l0357,abierto,B10,100.8452,0.24459,9.4757,24.7337,100.0,8.5781,CRITICA,9.4368,0.406611,23.9375,75.4736,0.263803,0.242094,7.8551,1.0205,1,1,1028.489,nan
l0357,abierto,B15,100.8452,0.24459,14.4503,32.4891,100.0,12.6746,CRITICA,10.2995,0.5218,22.1706,67.7832,0.248001,0.252938,1.3945,3.4129,1,1,1052.853,nan
l0357,abierto,B25,100.8452,0.24459,24.4646,51.8987,90.1512,23.399,CRITICA,12.8677,0.727821,18.1601,48.5362,0.250123,0.260377,2.2618,6.4544,1,1,1069.176,nan
l0357,abierto,B40,100.8452,0.24459,39.4998,74.6895,51.2158,33.4025,CRITICA,16.5248,0.820641,15.8675,25.9365,0.255384,0.252718,4.4129,3.323,1,1,1064.736,nan
l0388,abierto,B5,98.0366,0.202026,4.5347,16.9736,100.0,5.5456,CRITICA,8.884,0.296027,25.8261,82.6864,0.216957,0.220009,7.3904,8.9013,1,1,1096.251,nan
l0388,abierto,B10,98.0366,0.202026,9.4725,25.0512,100.0,9.0286,CRITICA,9.7021,0.421146,23.7282,74.4471,0.217201,0.227895,7.5112,12.8046,1,1,1138.563,nan
l0388,abierto,B15,98.0366,0.202026,14.4794,33.597,100.0,13.6173,CRITICA,10.7105,0.547094,21.681,65.7301,0.201889,0.205724,0.0679,1.8307,1,1,1030.715,nan
l0388,abierto,B25,98.0366,0.202026,24.4963,53.7259,85.9147,24.9113,CRITICA,13.563,0.748792,17.6577,45.1981,0.206041,0.201532,1.9872,0.2444,1,1,1051.083,nan
l0388,abierto,B40,98.0366,0.202026,39.5182,77.12,45.5802,35.2005,CRITICA,17.675,0.828315,15.4155,21.3355,0.205489,0.197944,1.7142,2.0207,1,1,1121.453,nan
m0062,abierto,B5,98.9516,0.175608,4.4924,16.193,100.0,6.4356,CRITICA,8.661,0.258771,26.2517,83.6354,0.155036,nan,11.715,nan,1,1,1115.2,nan
m0062,abierto,B10,98.9516,0.175608,9.456,24.7856,99.9825,11.8924,CRITICA,9.6267,0.410436,23.459,74.9518,0.16773,0.187017,4.4865,6.497,1,1,1036.162,nan
m0062,abierto,B15,98.9516,0.175608,14.4487,33.9892,94.9,20.1124,CRITICA,10.8655,0.554007,20.6364,65.6507,0.164315,0.166239,6.4309,5.3352,1,1,1091.227,nan
m0062,abierto,B25,98.9516,0.175608,24.4669,51.154,85.3772,32.5175,CRITICA,13.5255,0.760777,17.4423,48.3041,0.169545,0.17092,3.4526,2.6697,1,1,1065.984,nan
m0062,abierto,B40,98.9516,0.175608,39.4977,74.405,65.0236,40.9921,CRITICA,17.5448,0.865833,15.4955,24.8067,0.16874,0.174793,3.9113,0.4642,1,1,1078.283,nan
m0103,abierto,B5,93.7486,0.204557,4.5224,15.8376,100.0,6.2568,CRITICA,9.2629,0.272156,26.5134,83.1063,0.188282,nan,7.9561,nan,1,1,1103.144,nan
m0103,abierto,B10,93.7486,0.204557,9.4366,25.0602,99.7089,12.0611,CRITICA,10.3884,0.43834,23.2916,73.2688,0.188617,0.193558,7.7925,5.3772,1,1,1069.633,nan
m0103,abierto,B15,93.7486,0.204557,14.4361,33.9613,94.3585,20.2706,CRITICA,11.7107,0.579245,20.5777,63.7741,0.196925,0.194516,3.7313,4.9088,1,1,1112.1,nan
m0103,abierto,B25,93.7486,0.204557,24.5146,51.4078,86.6075,31.8709,CRITICA,14.7119,0.784939,17.4592,45.1642,0.193781,0.20031,5.2682,2.0766,1,1,1017.708,nan
m0103,abierto,B40,93.7486,0.204557,39.4955,75.0151,66.8187,40.2924,CRITICA,19.3527,0.863263,15.4246,19.9827,0.201808,0.19393,1.3438,5.1955,1,1,1125.239,nan
m0111,abierto,B5,96.358,0.19892,4.527,15.9817,100.0,6.276,CRITICA,8.9581,0.262436,26.4141,83.4143,0.199055,nan,0.0678,nan,1,1,1091.346,nan
m0111,abierto,B10,96.358,0.19892,9.4349,25.0924,100.0,11.834,CRITICA,10.025,0.423296,23.3474,73.9592,0.19002,0.187157,4.4744,5.9136,1,1,1091.584,nan
m0111,abierto,B15,96.358,0.19892,14.4277,34.0386,94.4478,20.1121,CRITICA,11.3071,0.562421,20.6076,64.6749,0.184492,0.193911,7.2532,2.5185,1,1,1065.871,nan
m0111,abierto,B25,96.358,0.19892,24.4955,51.6566,85.6935,31.8393,CRITICA,14.2004,0.775403,17.4378,46.3909,0.175653,0.192987,11.697,2.9831,1,1,1057.082,nan
m0111,abierto,B40,96.358,0.19892,39.4915,75.6864,65.5825,40.9571,CRITICA,18.7644,0.862898,15.2664,21.453,0.199135,0.198763,0.1078,0.0793,1,1,1085.658,nan
m0136,abierto,B5,96.601,0.186263,4.5142,16.2119,100.0,6.511,CRITICA,8.876,0.262295,26.2327,83.2177,0.169161,nan,9.1814,nan,1,1,1041.992,nan
m0136,abierto,B10,96.601,0.186263,9.4488,25.7304,100.0,12.1867,CRITICA,9.9835,0.429598,23.0478,73.3643,0.171429,0.170566,7.964,8.4271,1,1,1104.85,nan
m0136,abierto,B15,96.601,0.186263,14.4297,34.9928,94.4439,20.703,CRITICA,11.3122,0.575039,20.2711,63.7759,0.181463,0.176929,2.5769,5.011,1,1,950.751,nan
m0136,abierto,B25,96.601,0.186263,24.4717,52.8681,83.4113,33.0896,CRITICA,14.3051,0.785374,17.1032,45.2717,0.176603,0.181867,5.1859,2.36,1,1,1060.67,nan
m0136,abierto,B40,96.601,0.186263,39.4956,76.1383,64.4123,42.2357,CRITICA,18.63,0.870139,15.1428,21.1827,0.184647,0.183041,0.8672,1.7296,1,1,974.564,nan
m0152,abierto,B5,94.4558,0.185047,4.5303,15.58,100.0,5.8973,CRITICA,9.1667,0.270709,26.7367,83.5055,0.175503,nan,5.1574,nan,1,1,972.763,nan
m0152,abierto,B10,94.4558,0.185047,9.4267,24.8048,99.7846,11.3988,CRITICA,10.2607,0.437212,23.5047,73.7393,0.177738,0.187748,3.9499,1.4597,1,1,1093.016,nan
m0152,abierto,B15,94.4558,0.185047,14.4132,33.4397,94.7971,19.4732,CRITICA,11.5252,0.572088,20.8417,64.5975,0.169328,0.178662,8.4945,3.4507,1,1,1123.217,nan
m0152,abierto,B25,94.4558,0.185047,24.4762,51.217,87.9078,30.6548,CRITICA,14.5024,0.782686,17.6186,45.7768,0.170658,0.178302,7.7759,3.6448,1,1,985.804,nan
m0152,abierto,B40,94.4558,0.185047,39.4748,74.9654,66.2384,38.647,CRITICA,19.16,0.865776,15.5424,20.6344,0.173219,0.177122,6.3917,4.2827,1,1,1004.722,nan
m0172,abierto,B5,94.178,0.187205,4.5094,15.8157,100.0,6.2282,CRITICA,9.1769,0.269093,26.5335,83.2066,0.169963,nan,9.2107,nan,1,1,1130.199,nan
m0172,abierto,B10,94.178,0.187205,9.4404,25.1422,99.6604,12.199,CRITICA,10.31,0.435514,23.2426,73.3035,0.17745,0.189891,5.2111,1.4347,1,1,1053.297,nan
m0172,abierto,B15,94.178,0.187205,14.4285,33.9682,94.0403,20.8307,CRITICA,11.6315,0.573695,20.4665,63.9319,0.182132,0.170398,2.7103,8.978,1,1,1061.797,nan
m0172,abierto,B25,94.178,0.187205,24.4924,51.8774,86.918,32.7774,CRITICA,14.6934,0.784567,17.2328,44.9156,0.182235,0.181587,2.6552,3.0013,1,1,1064.509,nan
m0172,abierto,B40,94.178,0.187205,39.4811,75.0685,66.9235,40.9717,CRITICA,19.3824,0.864321,15.3866,20.2909,0.173296,0.18475,7.4302,1.3117,1,1,1065.19,nan
m0193,abierto,B5,95.5645,0.175649,4.5198,15.4352,100.0,5.8265,CRITICA,9.0726,0.268323,26.8237,83.8484,0.187463,nan,6.726,nan,1,1,1108.156,nan
m0193,abierto,B10,95.5645,0.175649,9.436,24.4923,99.7302,11.532,CRITICA,10.1485,0.42766,23.6186,74.3709,0.178123,0.236479,1.4088,34.6317,1,1,972.006,nan
m0193,abierto,B15,95.5645,0.175649,14.4087,33.3005,94.6826,19.7378,CRITICA,11.4145,0.565673,20.813,65.1539,0.167817,0.167816,4.4588,4.4594,1,1,1091.941,nan
m0193,abierto,B25,95.5645,0.175649,24.4931,50.3423,87.9447,30.5243,CRITICA,14.2253,0.771474,17.8058,47.3211,0.166655,0.170834,5.1205,2.7413,1,1,1086.366,nan
m0193,abierto,B40,95.5645,0.175649,39.4809,74.0852,68.7982,38.2375,CRITICA,18.8658,0.865806,15.734,22.4762,0.158111,0.177703,9.9845,1.1696,1,1,1030.078,nan
m0201,abierto,B5,94.7959,0.157956,4.5271,15.9467,100.0,6.3495,CRITICA,9.0981,0.267831,26.4307,83.1778,0.151724,nan,3.9455,nan,1,1,1000.0,nan
m0201,abierto,B10,94.7959,0.157956,9.4469,25.1212,99.8021,12.3093,CRITICA,10.2102,0.431643,23.2459,73.4997,0.143576,0.148051,9.1035,6.2703,1,1,1014.816,nan
m0201,abierto,B15,94.7959,0.157956,14.4323,34.0997,93.8462,21.0142,CRITICA,11.5327,0.571894,20.4149,64.0283,0.142562,0.143433,9.7453,9.1939,1,1,1025.851,nan
m0201,abierto,B25,94.7959,0.157956,24.4655,51.4849,86.4018,32.8788,CRITICA,14.4881,0.778312,17.336,45.6887,0.147288,0.146592,6.7536,7.1943,1,1,1032.951,nan
m0201,abierto,B40,94.7959,0.157956,39.4862,74.8363,66.9196,40.8142,CRITICA,18.9309,0.863856,15.4479,21.0553,0.148006,0.141454,6.2989,10.4469,1,1,1083.072,nan
m0346,abierto,B5,91.9489,0.178742,4.5372,15.9669,100.0,6.3411,CRITICA,9.4131,0.277701,26.3953,82.635,0.180953,nan,1.2369,nan,1,1,1083.776,nan
m0346,abierto,B10,91.9489,0.178742,9.4529,25.3483,99.5769,12.3251,CRITICA,10.5925,0.448557,23.1272,72.4323,0.163622,0.174578,8.459,2.3293,1,1,1044.168,nan
m0346,abierto,B15,91.9489,0.178742,14.4303,33.9468,94.5662,20.0303,CRITICA,11.8866,0.586435,20.6368,63.0808,0.170071,0.170514,4.8509,4.6033,1,1,1073.537,nan
m0346,abierto,B25,91.9489,0.178742,24.4984,51.7635,86.6464,31.5937,CRITICA,15.0389,0.796345,17.4444,43.7041,0.171796,0.172025,3.8861,3.7575,1,1,934.23,nan
m0346,abierto,B40,91.9489,0.178742,39.4848,74.959,65.4408,40.0121,CRITICA,19.9344,0.870936,15.5135,18.4775,0.173413,0.179197,2.981,0.2547,1,1,1056.859,nan
m0443,abierto,B5,106.4978,0.15413,4.4688,15.5709,100.0,6.0352,CRITICA,7.8602,0.234658,26.7575,85.3792,0.182839,nan,18.6264,nan,1,1,967.867,nan
m0443,abierto,B10,106.4978,0.15413,9.509,24.2327,100.0,11.2303,CRITICA,8.7375,0.377023,23.8254,77.2458,0.16528,0.164375,7.2342,6.6465,1,1,1116.321,nan
m0443,abierto,B15,106.4978,0.15413,14.4635,33.2183,95.1678,19.1617,CRITICA,9.8197,0.51371,21.0422,68.8084,0.15193,0.18989,1.4275,23.201,1,1,1003.21,nan
m0443,abierto,B25,106.4978,0.15413,24.4933,49.7006,85.088,31.5152,CRITICA,12.0819,0.717363,17.8758,53.3318,0.155683,0.152825,1.0071,0.847,1,1,1029.866,nan
m0443,abierto,B40,106.4978,0.15413,39.5333,72.0297,70.4865,40.0686,CRITICA,15.5242,0.851708,16.0168,32.3651,0.149771,0.154662,2.8283,0.3451,1,1,1100.594,nan
m0457,abierto,B5,100.3348,0.170411,4.5039,16.3964,100.0,6.4142,CRITICA,8.4689,0.26724,26.1556,83.6584,0.159512,nan,6.3956,nan,1,1,1092.299,nan
m0457,abierto,B10,100.3348,0.170411,9.4089,25.0411,99.9398,12.0404,CRITICA,9.4172,0.417066,23.3464,75.0424,0.156476,0.158107,8.1777,7.2204,1,1,1045.26,nan
m0457,abierto,B15,100.3348,0.170411,14.4352,34.4763,94.8553,20.6605,CRITICA,10.6649,0.561594,20.4327,65.6388,0.163509,0.158512,4.0503,6.9828,1,1,1095.05,nan
m0457,abierto,B25,100.3348,0.170411,24.4633,51.2197,84.861,32.8638,CRITICA,13.1734,0.761657,17.4354,48.9513,0.168616,0.176149,1.0533,3.3667,1,1,1045.15,nan
m0457,abierto,B40,100.3348,0.170411,39.501,74.3491,63.1353,42.1882,CRITICA,17.0706,0.867283,15.4879,25.899,0.165192,0.1697,3.0628,0.4173,1,1,1082.72,nan
m0505,abierto,B5,99.606,0.159609,4.513,16.3333,100.0,6.4647,CRITICA,8.533,0.267499,26.2064,83.602,0.169327,nan,6.0883,nan,1,1,1106.684,nan
m0505,abierto,B10,99.606,0.159609,9.448,25.1876,99.9864,12.2677,CRITICA,9.5136,0.42204,23.2468,74.7128,0.157995,0.168149,1.0113,5.3505,1,1,1125.746,nan
m0505,abierto,B15,99.606,0.159609,14.4303,34.3947,94.8883,20.8251,CRITICA,10.7495,0.56405,20.4245,65.4693,0.172352,0.168648,7.9837,5.663,1,1,1071.352,nan
m0505,abierto,B25,99.606,0.159609,24.5386,50.7921,85.0861,32.7603,CRITICA,13.2451,0.762055,17.5551,49.007,0.157709,0.161134,1.191,0.9554,1,1,1022.913,nan
m0505,abierto,B40,99.606,0.159609,39.503,73.6026,65.4389,42.1567,CRITICA,17.1497,0.866202,15.6296,26.1062,0.163047,0.156894,2.1538,1.7014,1,1,875.58,nan
n0062,abierto,B5,137.7514,0.191702,4.3741,17.5449,100.0,5.7812,CRITICA,5.7309,0.191451,25.4741,87.2633,0.192327,0.211557,0.3259,10.3568,1,1,1103.509,nan
n0062,abierto,B10,137.7514,0.191702,9.3723,25.7856,100.0,9.2519,CRITICA,6.3203,0.283484,23.3678,81.281,0.191222,0.201578,0.2504,5.1515,1,1,1024.485,nan
n0062,abierto,B15,137.7514,0.191702,14.4606,35.4586,100.0,15.0928,CRITICA,7.1163,0.401318,20.8124,74.259,0.205924,0.203807,7.4186,6.3145,1,1,972.479,nan
n0062,abierto,B25,137.7514,0.191702,24.5484,56.7227,76.1843,28.1545,CRITICA,9.0714,0.634502,16.6979,58.8224,0.190282,0.201325,0.7409,5.0195,1,1,1103.631,nan
n0062,abierto,B40,137.7514,0.191702,39.5018,81.5185,45.5219,40.7871,BIEN,11.8605,0.791435,14.263,40.822,0.240991,0.196957,25.7111,2.7412,1,1,1075.616,nan
n0063,abierto,B5,137.2028,0.193722,4.3706,17.6327,100.0,5.7737,CRITICA,5.7819,0.193327,25.4295,87.1484,0.193965,0.207108,0.1251,6.9099,1,1,1007.963,nan
n0063,abierto,B10,137.2028,0.193722,9.3784,25.8186,100.0,9.4242,CRITICA,6.3726,0.285352,23.3277,81.1821,0.189188,0.207308,2.3406,7.0132,1,1,992.95,nan
n0063,abierto,B15,137.2028,0.193722,14.4399,35.7143,100.0,15.2767,CRITICA,7.1917,0.405612,20.7033,73.9697,0.190992,0.206139,1.4095,6.4094,1,1,1003.915,nan
n0063,abierto,B25,137.2028,0.193722,24.5401,56.7841,76.1591,28.1413,CRITICA,9.141,0.636664,16.689,58.613,0.154535,0.20114,20.2288,3.8289,1,1,1039.285,nan
n0063,abierto,B40,137.2028,0.193722,39.4965,81.0364,46.2322,40.7589,BIEN,11.9029,0.790177,14.3484,40.9368,0.258206,0.20343,33.2869,5.0114,1,1,916.674,nan
n0140,abierto,B5,136.69,0.208797,4.3515,17.6771,100.0,5.9368,CRITICA,5.7765,0.192282,25.3982,87.0678,0.191726,0.202074,8.1761,3.2199,1,1,1042.209,nan
n0140,abierto,B10,136.69,0.208797,9.3589,26.2616,100.0,9.784,CRITICA,6.4001,0.286904,23.0984,80.7875,0.194355,0.20076,6.9168,3.8494,1,1,1005.227,nan
n0140,abierto,B15,136.69,0.208797,14.4511,36.1569,100.0,16.0854,CRITICA,7.2385,0.407195,20.4972,73.5483,0.188364,0.199488,9.7864,4.4584,1,1,1111.729,nan
n0140,abierto,B25,136.69,0.208797,24.547,57.3476,74.0127,29.2404,CRITICA,9.2373,0.641915,16.5251,58.0455,0.19527,0.20093,6.4789,3.768,1,1,1073.883,nan
n0140,abierto,B40,136.69,0.208797,39.4988,80.8894,45.9644,41.3376,BIEN,11.8924,0.787206,14.373,40.8227,0.190623,0.202285,8.7043,3.119,1,1,1082.954,nan
n0202,abierto,B5,140.1217,0.180565,4.3634,17.8273,100.0,5.8546,CRITICA,5.5663,0.187792,25.2879,87.2773,0.18367,0.210901,1.7198,16.801,1,1,1065.417,nan
n0202,abierto,B10,140.1217,0.180565,9.3054,26.1486,100.0,9.5288,CRITICA,6.157,0.276795,23.1424,81.3387,0.185852,0.201282,2.9283,11.474,1,1,963.763,nan
n0202,abierto,B15,140.1217,0.180565,14.5006,35.6102,100.0,15.2757,CRITICA,6.918,0.390578,20.7482,74.5863,0.198318,0.194969,9.832,7.9774,1,1,949.758,nan
n0202,abierto,B25,140.1217,0.180565,24.5395,57.0677,74.9151,28.2094,CRITICA,8.8575,0.626346,16.6283,59.2728,nan,0.191731,nan,6.1842,1,0,993.838,nan
n0202,abierto,B40,140.1217,0.180565,39.4471,80.8039,46.0556,40.1938,BIEN,11.4563,0.780752,14.4227,42.3331,nan,0.190992,nan,5.7748,1,0,1053.963,nan
n0209,abierto,B5,139.173,0.193998,4.3526,17.7078,100.0,5.8613,CRITICA,5.5798,0.186028,25.3653,87.2764,0.176745,0.200499,8.8932,3.351,1,1,1112.347,nan
n0209,abierto,B10,139.173,0.193998,9.3554,26.1142,100.0,9.5379,CRITICA,6.1786,0.276092,23.1755,81.2361,0.19035,0.197283,1.8805,1.6935,1,1,1025.536,nan
n0209,abierto,B15,139.173,0.193998,14.4964,36.0733,100.0,15.5752,CRITICA,6.9877,0.397146,20.5739,74.0803,0.185097,0.19405,4.5883,0.0266,1,1,1080.497,nan
n0209,abierto,B25,139.173,0.193998,24.5298,57.0781,75.3382,28.6534,CRITICA,8.9001,0.629375,16.5819,58.9877,0.162034,0.20369,16.4763,4.9958,1,1,1071.582,nan
n0209,abierto,B40,139.173,0.193998,39.4951,81.3661,46.3351,41.0767,BIEN,11.5589,0.781478,14.2626,41.536,0.192071,0.191727,0.9935,1.1707,1,1,904.814,nan
n0212,abierto,B5,143.3717,0.210788,4.3717,17.7531,100.0,5.832,CRITICA,5.37,0.179743,25.3326,87.6174,0.187512,0.207555,11.0425,1.5341,1,1,959.785,nan
n0212,abierto,B10,143.3717,0.210788,9.3341,26.215,100.0,9.4311,CRITICA,5.9538,0.268373,23.1289,81.7154,0.191938,0.197638,8.9427,6.2385,1,1,1007.76,nan
n0212,abierto,B15,143.3717,0.210788,14.5064,35.728,100.0,15.2956,CRITICA,6.7026,0.379571,20.7042,75.0802,0.206917,0.199943,1.8367,5.1452,1,1,1107.297,nan
n0212,abierto,B25,143.3717,0.210788,24.5341,56.6508,76.1358,27.9239,CRITICA,8.5419,0.610265,16.7298,60.4868,0.180847,0.203215,14.2045,3.593,1,1,940.822,nan
n0212,abierto,B40,143.3717,0.210788,39.5038,81.1882,46.6883,40.3672,BIEN,11.1294,0.771328,14.3327,43.3722,0.181611,0.189351,13.842,10.17,1,1,1010.305,nan
n0303,abierto,B5,134.7758,0.190132,4.3698,17.9903,100.0,6.0626,CRITICA,5.8497,0.200346,25.2052,86.6517,0.20954,0.212522,10.2074,11.776,1,1,1039.825,nan
n0303,abierto,B10,134.7758,0.190132,9.3466,26.5953,100.0,9.9604,CRITICA,6.4879,0.298593,22.9055,80.267,0.194259,0.209961,2.1702,10.4288,1,1,1122.965,nan
n0303,abierto,B15,134.7758,0.190132,14.5464,36.5535,99.6216,16.3662,CRITICA,7.3384,0.421396,20.3668,72.8783,0.195661,0.200685,2.9079,5.55,1,1,1089.918,nan
n0303,abierto,B25,134.7758,0.190132,24.5451,57.7597,75.1596,29.564,CRITICA,9.3322,0.657922,16.3775,57.1438,0.215123,0.20107,13.1439,5.7525,1,1,1122.839,nan
n0303,abierto,B40,134.7758,0.190132,39.4886,81.7195,44.9242,41.5439,BIEN,12.0918,0.807284,14.2184,39.3664,0.210543,0.193142,10.735,1.583,1,1,977.135,nan
n0332,abierto,B5,133.3644,0.178417,4.3565,17.6594,100.0,6.0099,CRITICA,5.9741,0.199891,25.3782,86.7585,0.171595,0.199412,3.8238,11.7675,1,1,1002.607,nan
n0332,abierto,B10,133.3644,0.178417,9.3376,26.1992,100.0,9.8541,CRITICA,6.6174,0.296224,23.1017,80.3552,0.172427,0.186439,3.3574,4.4964,1,1,1024.275,nan
n0332,abierto,B15,133.3644,0.178417,14.5235,35.9607,100.0,16.1878,CRITICA,7.4629,0.418354,20.549,73.0358,0.18255,0.187008,2.3165,4.815,1,1,1038.206,nan
n0332,abierto,B25,133.3644,0.178417,24.4858,57.2416,73.5372,29.3593,CRITICA,9.5334,0.654903,16.5015,57.0788,0.196797,0.183396,10.3018,2.7905,1,1,1031.885,nan
n0332,abierto,B40,133.3644,0.178417,39.4559,81.4375,46.5796,41.7663,BIEN,12.4172,0.797468,14.2355,38.9361,0.21003,0.177483,17.7184,0.5237,1,1,1052.078,nan
n0340,abierto,B5,155.4676,0.196068,4.3923,17.5956,100.0,5.6356,CRITICA,4.7142,0.162245,25.4651,88.6822,0.183581,nan,6.3687,nan,1,1,1023.123,nan
n0340,abierto,B10,155.4676,0.196068,9.3538,25.9926,100.0,8.9658,CRITICA,5.2464,0.243766,23.2861,83.281,0.189213,0.211102,3.4963,7.6679,1,1,992.457,nan
n0340,abierto,B15,155.4676,0.196068,14.5195,34.8073,100.0,14.3853,CRITICA,5.8766,0.340054,21.1023,77.6112,0.214831,0.203858,9.5698,3.9732,1,1,1079.447,nan
n0340,abierto,B25,155.4676,0.196068,24.5578,55.7488,79.6406,26.467,CRITICA,7.5321,0.568472,17.0196,64.1412,0.213725,0.193463,9.0059,1.3285,1,1,1041.667,nan
n0340,abierto,B40,155.4676,0.196068,39.4823,80.2536,46.6398,37.771,BIEN,9.787,0.74568,14.6079,48.3792,0.222831,0.190994,13.65,2.5878,1,1,1072.731,nan
n0343,abierto,B5,173.5967,0.256543,4.4181,17.2998,100.0,5.3337,CRITICA,3.8673,0.141042,25.648,90.0345,0.190728,nan,25.6547,nan,1,1,1012.966,nan
n0343,abierto,B10,173.5967,0.256543,9.336,25.0562,100.0,8.0536,CRITICA,4.304,0.20733,23.7783,85.5664,0.200755,0.225194,21.7459,12.2197,1,1,1143.772,nan
n0343,abierto,B15,173.5967,0.256543,14.5943,33.304,100.0,12.6597,CRITICA,4.8187,0.288408,21.8407,80.8153,0.223168,0.201922,13.0096,21.2912,1,1,1065.417,nan
n0343,abierto,B25,173.5967,0.256543,24.51,53.8006,85.4587,23.2584,CRITICA,6.2078,0.500151,17.6391,69.0083,nan,0.201783,nan,21.3453,1,0,1015.125,nan
n0343,abierto,B40,173.5967,0.256543,39.4586,78.7143,45.9508,34.3313,CRITICA,8.1268,0.689616,14.9546,54.6568,nan,0.196957,nan,23.2264,1,0,1119.194,nan
n0624,abierto,B5,125.3377,0.168366,4.3556,18.178,100.0,6.5234,CRITICA,6.3299,0.218576,25.0495,85.4968,0.173564,0.195346,3.0874,16.0246,1,1,1072.386,nan
n0624,abierto,B10,125.3377,0.168366,9.3961,26.8568,100.0,10.8299,CRITICA,7.0278,0.32622,22.7357,78.5724,0.17924,0.183711,6.4586,9.1145,1,1,1065.303,nan
n0624,abierto,B15,125.3377,0.168366,14.5675,37.6712,99.0724,18.1208,CRITICA,8.0333,0.463538,19.9163,69.9442,0.181041,0.17999,7.5287,6.904,1,1,1031.566,nan
n0624,abierto,B25,125.3377,0.168366,24.4606,59.6539,68.9146,32.2768,CRITICA,10.3281,0.703237,15.8699,52.4055,0.182919,0.173303,8.6441,2.9326,1,1,897.827,nan
n0624,abierto,B40,125.3377,0.168366,39.4782,83.9044,43.5716,45.1612,BIEN,13.4008,0.830649,13.732,33.0573,0.16832,0.175252,0.027,4.0898,1,1,1054.519,nan
n0654,abierto,B5,121.6574,0.158622,4.3646,18.0094,100.0,6.7159,CRITICA,6.6196,0.227296,25.1196,85.1966,0.170673,nan,7.597,nan,1,1,947.867,nan
n0654,abierto,B10,121.6574,0.158622,9.3853,26.559,100.0,10.91,CRITICA,7.3179,0.337515,22.8707,78.169,0.174285,0.188924,9.8742,19.103,1,1,1024.695,nan
n0654,abierto,B15,121.6574,0.158622,14.5525,37.1675,98.8686,18.0416,CRITICA,8.3465,0.47352,20.0869,69.449,0.165337,0.176707,4.2332,11.401,1,1,903.506,nan
n0654,abierto,B25,121.6574,0.158622,24.5135,59.0845,70.2672,32.6848,CRITICA,10.729,0.709123,15.9637,51.4337,0.171139,0.17828,7.8908,12.393,1,1,1082.603,nan
n0654,abierto,B40,121.6574,0.158622,39.4753,81.9689,43.9364,45.4558,BIEN,13.7412,0.824067,14.0261,32.6232,0.165431,0.172622,4.2922,8.8257,1,1,1082.251,nan
n0658,abierto,B5,119.401,0.181857,4.3505,18.0481,100.0,6.7654,CRITICA,6.75,0.233047,25.0978,84.8844,0.196081,0.206562,7.8217,13.5852,1,1,1103.387,nan
n0658,abierto,B10,119.401,0.181857,9.4104,26.7406,100.0,11.1402,CRITICA,7.4704,0.34429,22.7826,77.6044,0.188876,0.195448,3.8598,7.4734,1,1,971.817,nan
n0658,abierto,B15,119.401,0.181857,14.5479,37.3614,98.7987,18.4954,CRITICA,8.5348,0.482751,19.992,68.7093,0.187727,0.19632,3.2278,7.953,1,1,1027.221,nan
n0658,abierto,B25,119.401,0.181857,24.5013,59.2675,69.293,33.3949,CRITICA,10.997,0.716873,15.9017,50.3627,0.20922,0.200316,15.0464,10.1503,1,1,960.984,nan
n0658,abierto,B40,119.401,0.181857,39.5025,81.9715,43.5599,46.388,BIEN,14.1114,0.826074,14.007,31.3477,0.208625,0.195411,14.7196,7.4532,1,1,1025.01,nan
n0662,abierto,B5,118.4714,0.192648,4.3477,17.9761,100.0,6.8936,CRITICA,6.7986,0.235004,25.131,84.8267,0.19192,0.209674,0.3781,8.8377,1,1,1060.558,nan
n0662,abierto,B10,118.4714,0.192648,9.4093,26.9146,100.0,11.4095,CRITICA,7.5486,0.350362,22.6921,77.2818,0.189677,0.195135,1.5424,1.2906,1,1,1088.258,nan
n0662,abierto,B15,118.4714,0.192648,14.5568,37.708,98.7289,18.9876,CRITICA,8.6438,0.491084,19.8445,68.1713,0.193048,0.200317,0.2072,3.9806,1,1,1006.847,nan
n0662,abierto,B25,118.4714,0.192648,24.5111,59.4752,68.8311,33.7292,CRITICA,11.1182,0.72231,15.8532,49.7979,0.198766,0.204579,3.1753,6.193,1,1,1074.691,nan
n0662,abierto,B40,118.4714,0.192648,39.4984,82.1871,43.5755,46.8496,BIEN,14.3067,0.829881,13.9728,30.6271,0.197495,0.198427,2.5156,2.9995,1,1,1048.328,nan
n0665,abierto,B5,124.1286,0.185859,4.3678,17.8103,100.0,6.5706,CRITICA,6.4601,0.218834,25.2425,85.6518,0.197577,0.2062,6.3044,10.9443,1,1,1062.473,nan
n0665,abierto,B10,124.1286,0.185859,9.3686,26.5266,100.0,10.7074,CRITICA,7.1582,0.329682,22.8958,78.6298,0.195883,0.199312,5.393,7.2382,1,1,1032.525,nan
n0665,abierto,B15,124.1286,0.185859,14.5489,36.8837,99.0995,17.6292,CRITICA,8.1384,0.460793,20.2026,70.2859,0.198781,0.213635,6.9521,14.9446,1,1,841.184,nan
n0665,abierto,B25,124.1286,0.185859,24.5324,58.7462,71.3346,31.8308,CRITICA,10.4385,0.698916,16.0888,52.6731,0.20056,0.204939,7.9098,10.2657,1,1,907.853,nan
n0665,abierto,B40,124.1286,0.185859,39.4728,81.7149,43.7715,44.507,BIEN,13.4188,0.822877,14.1225,34.1691,0.197053,0.197195,6.0224,6.0988,1,1,1077.586,nan
n0722,abierto,B5,121.8668,0.167628,4.3497,18.1146,100.0,7.0063,CRITICA,6.5522,0.229301,25.028,85.1357,0.165358,0.180115,1.3542,7.4492,1,1,940.026,nan
n0722,abierto,B10,121.8668,0.167628,9.425,27.2904,100.0,11.7982,CRITICA,7.3152,0.343913,22.4563,77.6064,0.161724,0.173132,3.5219,3.2839,1,1,978.474,nan
n0722,abierto,B15,121.8668,0.167628,14.5622,38.0902,98.7832,19.1566,CRITICA,8.3578,0.481857,19.6796,68.7444,0.164858,0.175679,1.6522,4.8032,1,1,832.362,nan
n0722,abierto,B25,121.8668,0.167628,24.5202,59.9961,68.8389,33.8291,CRITICA,10.7754,0.712209,15.7225,50.7691,0.168344,0.166545,0.4272,0.6461,1,1,1077.238,nan
n0722,abierto,B40,121.8668,0.167628,39.4848,82.7645,44.6215,46.4288,BIEN,13.7774,0.827497,13.8601,32.086,0.160222,0.17678,4.4179,5.46,1,1,1081.198,nan
n0738,abierto,B5,146.9977,0.213843,4.4042,17.4366,100.0,5.4563,CRITICA,5.2605,0.165689,25.5356,88.1382,0.218645,nan,2.2456,nan,1,1,1104.118,nan
n0738,abierto,B10,146.9977,0.213843,9.2996,25.7063,100.0,8.5013,CRITICA,5.8139,0.253341,23.4003,82.5124,0.200788,0.21231,6.1051,0.7172,1,1,1038.422,nan
n0738,abierto,B15,146.9977,0.213843,14.5371,35.0163,100.0,13.5118,CRITICA,6.5019,0.357596,21.0841,76.179,0.15895,0.2308,25.6697,7.9293,1,1,1081.432,nan
n0738,abierto,B25,146.9977,0.213843,24.4875,56.444,78.7168,25.1447,CRITICA,8.3177,0.594145,16.9251,61.6021,nan,0.233713,nan,9.2915,1,0,1084.716,nan
n0738,abierto,B40,146.9977,0.213843,39.4878,82.4458,43.7928,37.044,BIEN,10.9873,0.771179,14.2508,43.9135,0.257196,0.2166,20.2732,1.2892,1,1,1048.878,nan
n0774,abierto,B5,133.5917,0.166092,4.3952,17.5182,100.0,5.4834,CRITICA,6.0022,0.199445,25.5398,86.8868,nan,nan,nan,nan,1,0,832.848,nan
n0774,abierto,B10,133.5917,0.166092,9.3334,25.5671,100.0,9.0923,CRITICA,6.6059,0.290002,23.4467,80.8618,0.243444,0.217781,46.5714,31.1208,1,1,1031.247,nan
n0774,abierto,B15,133.5917,0.166092,14.5176,34.8262,99.9728,14.4187,CRITICA,7.3768,0.406274,21.1144,73.9309,nan,0.203258,nan,22.3769,1,0,1097.815,nan
n0774,abierto,B25,133.5917,0.166092,24.5297,57.0277,77.7426,27.7611,CRITICA,9.4729,0.650998,16.6243,57.3119,nan,0.187071,nan,12.6312,1,0,1073.422,nan
n0774,abierto,B40,133.5917,0.166092,39.4872,81.6903,44.2566,40.1829,BIEN,12.3956,0.797753,14.2478,38.8508,nan,0.177283,nan,6.7379,1,0,938.174,nan
n0777,abierto,B5,128.9759,0.197981,4.3843,17.5994,100.0,5.6834,CRITICA,6.2489,0.206198,25.4826,86.3545,0.172986,nan,12.6251,nan,1,1,1002.104,nan
n0777,abierto,B10,128.9759,0.197981,9.3729,25.612,100.0,9.5158,CRITICA,6.8719,0.299248,23.4166,80.142,0.177032,0.197207,10.5816,0.3912,1,1,1016.673,nan
n0777,abierto,B15,128.9759,0.197981,14.5342,35.3456,99.9476,15.3597,CRITICA,7.7292,0.426332,20.8801,72.5952,nan,0.193637,nan,2.1944,1,0,999.201,nan
n0777,abierto,B25,128.9759,0.197981,24.5307,57.3667,75.6099,29.1221,CRITICA,9.9328,0.666726,16.4998,55.5214,nan,0.183351,nan,7.3899,1,0,1015.95,nan
n0777,abierto,B40,128.9759,0.197981,39.4807,81.3131,45.2231,41.705,BIEN,12.9527,0.802751,14.2755,36.9548,nan,0.18232,nan,7.9107,1,0,1052.521,nan
n0807,abierto,B5,112.708,0.182411,4.3323,17.484,100.0,6.7929,CRITICA,7.1505,0.247143,25.4478,84.4874,0.20129,0.212064,10.3496,16.256,1,1,904.323,nan
n0807,abierto,B10,112.708,0.182411,9.477,26.4806,100.0,11.6258,CRITICA,7.9436,0.363611,22.872,76.5051,0.190065,0.201163,4.1958,10.28,1,1,1016.054,nan
n0807,abierto,B15,112.708,0.182411,14.5483,37.137,98.6338,19.2753,CRITICA,9.0697,0.509205,19.9779,67.0502,0.1917,0.200204,5.0922,9.7542,1,1,1046.025,nan
n0807,abierto,B25,112.708,0.182411,24.488,59.5917,68.2121,35.1211,CRITICA,11.8202,0.735989,15.7131,47.1273,0.18574,0.206021,1.825,12.9433,1,1,1054.852,nan
n0807,abierto,B40,112.708,0.182411,39.503,81.3103,45.4016,48.0485,BIEN,15.2558,0.830515,14.0844,27.8575,0.195612,0.204699,7.2369,12.2185,1,1,1052.078,nan
n0815,abierto,B5,137.8192,0.173399,4.3758,17.8456,100.0,5.5196,CRITICA,5.7153,0.186325,25.2882,87.0515,0.175992,nan,1.4953,nan,1,1,1054.407,nan
n0815,abierto,B10,137.8192,0.173399,9.3064,26.4859,100.0,9.6563,CRITICA,6.3346,0.286841,22.8844,80.7821,0.171464,0.197716,1.1156,14.0237,1,1,1106.562,nan
n0815,abierto,B15,137.8192,0.173399,14.5087,36.5883,99.511,15.5858,CRITICA,7.1543,0.407995,20.3309,73.4519,0.16826,0.169382,2.9634,2.3168,1,1,1065.53,nan
n0815,abierto,B25,137.8192,0.173399,24.5113,59.2264,74.8918,29.674,CRITICA,9.2238,0.657277,15.9545,57.026,0.169429,0.18151,2.2896,4.6778,1,1,975.61,nan
n0815,abierto,B40,137.8192,0.173399,39.5035,83.7115,45.2386,41.6452,BIEN,11.9118,0.808625,13.7738,39.2599,0.169474,0.176555,2.2636,1.8199,1,1,997.506,nan
n0826,abierto,B5,119.3938,0.194567,4.3613,17.3035,100.0,6.3936,CRITICA,6.7379,0.225262,25.6081,85.5072,0.183913,0.204396,5.4757,5.0514,1,1,1084.011,nan
n0826,abierto,B10,119.3938,0.194567,9.4149,26.1123,100.0,10.8254,CRITICA,7.4732,0.335571,23.0871,78.1293,0.191623,0.19776,1.5132,1.6409,1,1,1110.988,nan
n0826,abierto,B15,119.3938,0.194567,14.5524,36.568,99.1228,17.8522,CRITICA,8.5051,0.473662,20.2884,69.372,0.184787,0.20155,5.0265,3.5886,1,1,1086.484,nan
n0826,abierto,B25,119.3938,0.194567,24.5019,59.2368,69.4987,33.1321,CRITICA,11.0628,0.713987,15.8952,50.3854,0.20216,0.201197,3.9023,3.4075,1,1,1041.341,nan
n0826,abierto,B40,119.3938,0.194567,39.5022,81.5436,44.6448,45.8662,BIEN,14.3481,0.82702,14.1272,31.702,nan,0.20351,nan,4.5961,1,0,1022.39,nan
n0840,abierto,B5,116.1739,0.136367,4.352,17.4924,100.0,6.6666,CRITICA,6.9278,0.235411,25.469,84.9429,0.156044,0.196801,14.4296,44.3176,1,1,1124.733,nan
n0840,abierto,B10,116.1739,0.136367,9.4138,26.4205,100.0,11.3216,CRITICA,7.6903,0.349432,22.9029,77.2578,0.122926,0.157329,9.8564,15.3719,1,1,1087.311,nan
n0840,abierto,B15,116.1739,0.136367,14.5651,36.992,98.8104,18.682,CRITICA,8.7707,0.49151,20.0844,68.1581,0.134389,0.155773,1.4504,14.2311,1,1,1094.811,nan
n0840,abierto,B25,116.1739,0.136367,24.5031,59.7881,68.5284,34.554,CRITICA,11.4618,0.72738,15.7148,48.5357,0.125745,0.15025,7.7887,10.1809,1,1,1027.116,nan
n0840,abierto,B40,116.1739,0.136367,39.5003,82.2036,44.7651,47.9369,BIEN,14.9029,0.831408,13.936,29.241,0.125666,0.123806,7.8469,9.2109,1,1,878.349,nan
n0889,abierto,B5,121.0923,0.188755,4.3683,17.5898,100.0,6.1585,CRITICA,6.6482,0.222474,25.4571,85.474,0.183791,0.219189,2.6299,16.1235,1,1,1071.926,nan
n0889,abierto,B10,121.0923,0.188755,9.3951,26.471,100.0,10.4083,CRITICA,7.373,0.330845,22.9432,78.1398,0.195418,0.186432,3.5302,1.2308,1,1,851.354,nan
n0889,abierto,B15,121.0923,0.188755,14.5542,36.7033,99.2645,17.329,CRITICA,8.367,0.467179,20.2838,69.6898,0.187709,0.193828,0.5539,2.6879,1,1,912.159,nan
n0889,abierto,B25,121.0923,0.188755,24.5061,59.3092,72.0992,32.0063,CRITICA,10.8465,0.708386,15.9623,51.0215,0.194397,0.196201,2.9893,3.9451,1,1,1049.318,nan
n0889,abierto,B40,121.0923,0.188755,39.4784,82.8312,42.4014,45.2326,BIEN,14.1717,0.824984,13.9291,31.5966,0.183759,0.18606,2.6467,1.4279,1,1,1096.732,nan
n0909,abierto,B5,117.2269,0.195183,4.3509,17.4625,100.0,6.3958,CRITICA,6.8474,0.231521,25.5212,85.1037,0.178437,0.203947,8.5797,4.4906,1,1,970.214,nan
n0909,abierto,B10,117.2269,0.195183,9.4179,26.1848,100.0,10.9006,CRITICA,7.5861,0.341292,23.0427,77.6632,0.179084,0.194844,8.2481,0.1735,1,1,902.364,nan
n0909,abierto,B15,117.2269,0.195183,14.5512,36.6752,98.7619,18.3036,CRITICA,8.6476,0.482834,20.2105,68.7144,0.187142,0.192106,4.1195,1.5762,1,1,1064.169,nan
n0909,abierto,B25,117.2269,0.195183,24.5021,59.1646,69.7976,33.6342,CRITICA,11.2516,0.718854,15.8936,49.5299,0.200246,0.1894,2.5943,2.9626,1,1,1004.218,nan
n0909,abierto,B40,117.2269,0.195183,39.496,81.6775,45.2192,46.8361,BIEN,14.6679,0.828001,14.0716,30.3253,0.177722,0.185998,8.9456,4.7059,1,1,1021.346,nan
n0910,abierto,B5,121.7654,0.186287,4.3662,17.3495,100.0,6.1765,CRITICA,6.5927,0.218232,25.5983,85.7517,0.179427,0.201197,3.6822,8.0038,1,1,1050.751,nan
n0910,abierto,B10,121.7654,0.186287,9.3934,26.2933,100.0,10.5115,CRITICA,7.3248,0.327211,23.0222,78.4066,0.179561,0.187075,3.6104,0.4231,1,1,904.568,nan
n0910,abierto,B15,121.7654,0.186287,14.5608,36.6714,99.1578,17.382,CRITICA,8.3264,0.464416,20.3018,69.8835,0.188402,0.190949,1.1358,2.5027,1,1,1066.325,nan
n0910,abierto,B25,121.7654,0.186287,24.5062,59.3007,70.4264,32.2476,CRITICA,10.8123,0.705424,15.9486,51.2992,0.192374,0.195533,3.268,4.9638,1,1,872.905,nan
n0910,abierto,B40,121.7654,0.186287,39.4795,82.6449,43.4765,45.5546,BIEN,14.1079,0.823067,13.9317,32.1277,0.204896,0.195622,9.9897,5.0116,1,1,1029.654,nan
n0911,abierto,B5,121.2901,0.18353,4.3662,17.4242,100.0,6.1646,CRITICA,6.6269,0.219282,25.5477,85.6343,0.174951,0.225847,4.6745,23.0574,1,1,1029.23,nan
n0911,abierto,B10,121.2901,0.18353,9.3897,26.2959,100.0,10.4153,CRITICA,7.3494,0.328143,23.0113,78.3199,0.173533,0.167701,5.4468,8.6247,1,1,1038.314,nan
n0911,abierto,B15,121.2901,0.18353,14.5572,36.5453,99.1927,17.3757,CRITICA,8.3476,0.463934,20.3326,69.8695,0.180248,0.178638,1.7882,2.6651,1,1,953.562,nan
n0911,abierto,B25,121.2901,0.18353,24.5002,59.2801,71.1696,32.2405,CRITICA,10.8457,0.707077,15.9452,51.1254,0.180928,0.185209,1.4174,0.9149,1,1,1046.025,nan
n0911,abierto,B40,121.2901,0.18353,39.4819,82.5681,43.199,45.3879,BIEN,14.143,0.822963,13.9564,31.9251,nan,0.172677,nan,5.9131,1,0,1035.625,nan
n0915,abierto,B5,119.5064,0.179054,4.3723,17.4746,100.0,6.2459,CRITICA,6.7167,0.224614,25.5209,85.3777,0.180249,0.218561,0.6676,22.0642,1,1,1055.966,nan
n0915,abierto,B10,119.5064,0.179054,9.3992,26.1941,100.0,10.5578,CRITICA,7.4372,0.33279,23.0568,78.0814,0.182897,0.18261,2.1463,1.9859,1,1,1041.341,nan
n0915,abierto,B15,119.5064,0.179054,14.5509,36.3938,99.1325,17.5649,CRITICA,8.4467,0.469055,20.3762,69.5466,0.17744,0.188286,0.9012,5.1558,1,1,923.105,nan
n0915,abierto,B25,119.5064,0.179054,24.4993,59.2634,70.8087,32.6853,CRITICA,10.9995,0.712168,15.9296,50.4098,0.183869,0.191198,2.6892,6.7821,1,1,1051.083,nan
n0915,abierto,B40,119.5064,0.179054,39.4922,82.5153,44.1674,46.3094,BIEN,14.3926,0.826549,13.9218,30.9532,0.191033,0.183541,6.6904,2.5057,1,1,1024.17,nan
n0928,abierto,B5,129.4429,0.200518,4.3836,17.6833,100.0,5.9472,CRITICA,6.2055,0.207594,25.3878,86.3389,0.197284,0.213071,1.6128,6.2604,1,1,880.902,nan
n0928,abierto,B10,129.4429,0.200518,9.3357,26.2123,100.0,10.2184,CRITICA,6.8783,0.309331,23.0252,79.7499,0.203318,0.199952,1.3964,0.282,1,1,1068.833,nan
n0928,abierto,B15,129.4429,0.200518,14.5495,36.1543,100.0,16.3839,CRITICA,7.7497,0.438259,20.4586,72.0693,0.235924,0.210634,17.6573,5.045,1,1,1109.016,nan
n0928,abierto,B25,129.4429,0.200518,24.4967,58.5373,73.3548,29.9821,CRITICA,9.9952,0.682959,16.172,54.7775,0.2041,0.204516,1.7866,1.9942,1,1,963.577,nan
n0928,abierto,B40,129.4429,0.200518,39.4946,82.7754,45.5821,42.679,BIEN,13.0163,0.8178,13.9392,36.0526,0.187962,0.200283,6.2615,0.1173,1,1,925.241,nan
n0934,abierto,B5,121.8689,0.184681,4.3457,17.7215,100.0,6.2844,CRITICA,6.636,0.223229,25.3458,85.4586,0.194497,0.196979,5.3154,6.6589,1,1,1019.992,nan
n0934,abierto,B10,121.8689,0.184681,9.425,26.4004,100.0,10.6245,CRITICA,7.3559,0.330895,22.9652,78.3371,0.191065,0.193078,3.4569,4.5466,1,1,1068.262,nan
n0934,abierto,B15,121.8689,0.184681,14.548,36.6922,99.5168,17.5906,CRITICA,8.3472,0.466784,20.2301,69.8921,0.199829,0.19339,8.2025,4.716,1,1,1048.328,nan
n0934,abierto,B25,121.8689,0.184681,24.4992,58.8514,71.3637,31.8091,CRITICA,10.7746,0.704648,16.0512,51.7092,0.228325,0.192471,23.632,4.2182,1,1,1069.061,nan
n0934,abierto,B40,121.8689,0.184681,39.4955,81.6201,46.2477,44.0121,BIEN,13.9458,0.824914,14.1721,33.0263,0.216514,0.210869,17.2367,14.18,1,1,997.208,nan
n0967,abierto,B5,129.0396,0.198001,4.3707,17.6658,100.0,5.8857,CRITICA,6.2674,0.207285,25.4092,86.3098,0.189144,0.197798,4.4729,0.1024,1,1,1113.71,nan
n0967,abierto,B10,129.0396,0.198001,9.3738,25.9284,100.0,9.941,CRITICA,6.9158,0.303749,23.2195,79.9066,0.185033,0.184337,6.5494,6.9009,1,1,981.547,nan
n0967,abierto,B15,129.0396,0.198001,14.508,35.7736,99.9961,16.0205,CRITICA,7.7915,0.432334,20.642,72.277,0.201576,0.188523,1.8058,4.7865,1,1,1022.809,nan
n0967,abierto,B25,129.0396,0.198001,24.528,57.9378,72.693,29.7952,CRITICA,10.0314,0.675748,16.3356,55.1008,0.184824,0.188232,6.6548,4.9336,1,1,1111.976,nan
n0967,abierto,B40,129.0396,0.198001,39.4903,81.5909,46.4457,42.2374,BIEN,12.9973,0.80914,14.1892,36.7707,0.220795,0.210141,11.5123,6.1313,1,1,1015.125,nan
n1003,abierto,B5,124.3481,0.173736,4.346,17.6606,100.0,6.0134,CRITICA,6.5701,0.214018,25.3987,85.7975,nan,0.239517,nan,37.8626,1,0,1075.384,nan
n1003,abierto,B10,124.3481,0.173736,9.4327,25.9289,100.0,10.3057,CRITICA,7.2426,0.312123,23.1972,79.1481,0.16936,0.186089,2.519,7.1104,1,1,989.022,nan
n1003,abierto,B15,124.3481,0.173736,14.482,35.9028,99.8156,16.6789,CRITICA,8.1829,0.446149,20.5329,71.1272,nan,0.164982,nan,5.0388,1,0,830.634,nan
n1003,abierto,B25,124.3481,0.173736,24.5333,57.4072,74.2359,30.5958,CRITICA,10.4568,0.678308,16.3985,53.8335,0.183453,0.165525,5.5931,4.7263,1,1,1069.29,nan
n1003,abierto,B40,124.3481,0.173736,39.4918,80.3216,47.1269,42.9456,BIEN,13.5216,0.802104,14.4118,35.4058,nan,0.161602,nan,6.9842,1,0,1007.151,nan
n1031,abierto,B5,134.4414,0.167394,4.3737,17.5543,100.0,5.4479,CRITICA,6.003,0.193995,25.4972,86.9427,0.169814,nan,1.4455,nan,1,1,1095.53,nan
n1031,abierto,B10,134.4414,0.167394,9.3365,25.6294,100.0,9.1227,CRITICA,6.6081,0.283298,23.392,80.9364,0.152415,0.180243,8.9485,7.6758,1,1,1034.126,nan
n1031,abierto,B15,134.4414,0.167394,14.5068,35.5632,99.9787,14.5751,CRITICA,7.4327,0.407314,20.805,73.5475,nan,0.173984,nan,3.9368,1,0,903.914,nan
n1031,abierto,B25,134.4414,0.167394,24.5366,57.5999,76.0465,27.8631,CRITICA,9.5271,0.64978,16.4855,57.1561,nan,0.176323,nan,5.3339,1,0,1017.605,nan
n1031,abierto,B40,134.4414,0.167394,39.4962,83.4174,43.329,40.6383,BIEN,12.5677,0.796857,13.9217,37.9526,nan,0.183003,nan,9.3249,1,0,981.74,nan
n1042,abierto,B5,124.3439,0.191003,4.3971,17.832,100.0,5.9153,CRITICA,6.6208,0.218512,25.3003,85.6591,0.207735,0.213399,8.7602,11.7253,1,1,1000.3,nan
n1042,abierto,B10,124.3439,0.191003,9.3446,26.2861,100.0,10.3581,CRITICA,7.3272,0.322489,22.9853,78.8601,0.210867,0.213773,10.4,11.9215,1,1,1076.426,nan
n1042,abierto,B15,124.3439,0.191003,14.5136,36.4294,100.0,16.3121,CRITICA,8.2559,0.457053,20.3878,70.7027,0.231258,0.21243,21.0756,11.2181,1,1,893.655,nan
n1042,abierto,B25,124.3439,0.191003,24.5187,59.0428,71.7868,30.2447,CRITICA,10.6864,0.702272,16.0732,52.5166,0.177601,0.205664,7.0166,7.6757,1,1,1004.924,nan
n1042,abierto,B40,124.3439,0.191003,39.4884,82.712,45.5355,42.4009,BIEN,13.8361,0.825333,13.9941,33.4813,0.223984,0.203319,17.2674,6.4481,1,1,1050.751,nan
o0009,abierto,B5,98.6616,0.247376,4.4429,16.4255,100.0,7.0008,CRITICA,7.9069,0.313115,26.0934,83.3516,0.237625,0.196609,3.9419,20.5221,1,1,957.396,nan
o0009,abierto,B10,98.6616,0.247376,9.4314,24.37,100.0,11.8662,CRITICA,8.6952,0.444403,23.9117,75.2994,0.24464,0.239674,1.1062,3.1137,1,1,1079.797,nan
o0009,abierto,B15,98.6616,0.247376,14.4531,32.8401,98.4436,17.5137,CRITICA,9.6399,0.581134,21.8314,66.7145,0.239365,0.241006,3.2387,2.5753,1,1,1061.571,nan
o0009,abierto,B25,98.6616,0.247376,24.4904,49.7871,80.4984,28.5775,CRITICA,11.7366,0.779895,18.6681,49.5375,0.242167,0.24219,2.1057,2.0964,1,1,961.538,nan
o0009,abierto,B40,98.6616,0.247376,39.5197,72.5069,58.4525,41.4739,CRITICA,14.8201,0.867092,16.1153,26.5095,0.257312,0.246278,4.0163,0.4439,1,1,1092.538,nan
o0043,abierto,B5,88.0739,0.253944,4.4403,16.4983,100.0,6.8363,CRITICA,9.2506,0.334432,26.0747,81.2677,0.238343,0.200342,6.1432,21.1075,1,1,1058.425,nan
o0043,abierto,B10,88.0739,0.253944,9.4289,25.6048,99.969,13.1093,CRITICA,10.375,0.494392,23.1862,70.928,0.26789,0.245839,5.4919,3.1917,1,1,1061.571,nan
o0043,abierto,B15,88.0739,0.253944,14.4534,34.5319,98.3349,19.1735,CRITICA,11.6116,0.644884,21.0273,60.7922,0.268129,0.258526,5.5861,1.8045,1,1,796.876,nan
o0043,abierto,B25,88.0739,0.253944,24.4898,52.4524,77.0556,31.0358,CRITICA,14.4712,0.835969,17.7442,40.445,0.260984,0.253454,2.7723,0.1929,1,1,1073.883,nan
o0043,abierto,B40,88.0739,0.253944,39.4934,75.4862,57.8897,43.5233,CRITICA,18.4935,0.875591,15.4712,14.2922,0.257456,0.249068,1.3829,1.9201,1,1,934.143,nan
o0053,abierto,B5,90.3395,0.241034,4.4523,16.6039,100.0,6.9845,CRITICA,8.9361,0.331852,25.9579,81.6205,0.219604,0.207031,8.891,14.1071,1,1,1005.126,nan
o0053,abierto,B10,90.3395,0.241034,9.4179,25.4806,99.969,13.0401,CRITICA,9.9729,0.484834,23.2378,71.7946,0.243218,0.244212,0.9061,1.3182,1,1,1040.258,nan
o0053,abierto,B15,90.3395,0.241034,14.4319,34.1496,98.0671,18.8181,CRITICA,11.1071,0.630728,21.181,62.1986,0.243724,0.247298,1.1157,2.5986,1,1,1064.849,nan
o0053,abierto,B25,90.3395,0.241034,24.5003,51.6634,78.6101,29.8972,CRITICA,13.663,0.82494,18.0541,42.8119,0.238088,0.247857,1.2222,2.8305,1,1,1141.162,nan
o0053,abierto,B40,90.3395,0.241034,39.5036,74.8336,56.7874,42.8914,CRITICA,17.3342,0.873565,15.5802,17.164,0.251922,0.242896,4.5172,0.7722,1,1,1030.503,nan
o0056,abierto,B5,89.0746,0.249039,4.4613,16.4358,100.0,6.7126,CRITICA,9.1499,0.335934,26.1212,81.5482,0.219057,nan,12.0391,nan,1,1,925.412,nan
o0056,abierto,B10,89.0746,0.249039,9.4202,24.8091,100.0,12.1647,CRITICA,10.1342,0.485569,23.6812,72.148,0.253101,0.241393,1.631,3.0705,1,1,990.393,nan
o0056,abierto,B15,89.0746,0.249039,14.4562,33.4097,98.0729,17.7192,CRITICA,11.2771,0.630619,21.599,62.4925,0.239904,0.250178,3.6683,0.4573,1,1,821.085,nan
o0056,abierto,B25,89.0746,0.249039,24.4983,50.7825,80.8516,28.6933,CRITICA,13.8125,0.822072,18.32,42.9889,0.236414,0.250702,5.0694,0.6677,1,1,1104.118,nan
o0056,abierto,B40,89.0746,0.249039,39.5025,73.3816,57.6064,41.0305,CRITICA,17.5053,0.871325,15.9374,17.6178,0.244348,0.24907,1.8838,0.0122,1,1,1050.972,nan
o0070,abierto,B5,87.803,0.242814,4.4378,16.6624,100.0,6.7494,CRITICA,9.2708,0.342454,25.9558,81.023,0.216391,0.198455,10.8819,18.269,1,1,1023.123,nan
o0070,abierto,B10,87.803,0.242814,9.4264,25.5545,99.9884,13.1249,CRITICA,10.3844,0.496017,23.1972,70.8956,0.2549,0.240095,4.9772,1.1198,1,1,1103.631,nan
o0070,abierto,B15,87.803,0.242814,14.4663,34.4828,97.6926,19.1379,CRITICA,11.6228,0.646114,21.0567,60.7271,0.238586,0.242699,1.7413,0.0476,1,1,1068.148,nan
o0070,abierto,B25,87.803,0.242814,24.4845,52.1708,78.0842,30.3706,CRITICA,14.4084,0.835693,17.9015,40.582,0.249414,0.237302,2.7179,2.2702,1,1,1115.573,nan
o0070,abierto,B40,87.803,0.242814,39.5086,75.1504,57.8237,42.7128,CRITICA,18.3052,0.873678,15.5858,14.4102,0.240027,0.239994,1.148,1.1615,1,1,1092.538,nan
o0085,abierto,B5,89.791,0.242467,4.4805,16.6236,100.0,6.9156,CRITICA,9.0121,0.333941,25.9869,81.4863,0.212385,0.21311,12.4069,12.1077,1,1,1048.658,nan
o0085,abierto,B10,89.791,0.242467,9.4654,25.6624,99.9554,13.1225,CRITICA,10.089,0.489415,23.15,71.4198,0.240394,0.23017,0.8552,5.0716,1,1,954.29,nan
o0085,abierto,B15,89.791,0.242467,14.5129,34.5748,98.3175,19.0913,CRITICA,11.2758,0.638238,21.0223,61.4941,0.215924,0.236377,10.9471,2.5117,1,1,1104.972,nan
o0085,abierto,B25,89.791,0.242467,24.4842,52.0697,78.0803,30.291,CRITICA,13.9058,0.829054,17.9222,42.0101,0.225182,0.226575,7.129,6.5542,1,1,1038.745,nan
o0085,abierto,B40,89.791,0.242467,39.5181,75.2648,57.6316,43.2221,CRITICA,17.6732,0.874469,15.4955,16.1778,0.224966,0.230065,7.2179,5.1148,1,1,1098.539,nan
o0088,abierto,B5,89.9646,0.254009,4.486,16.6228,100.0,6.897,CRITICA,8.9692,0.336411,26.0054,81.5229,0.220778,0.185158,13.0827,27.1058,1,1,1008.573,nan
o0088,abierto,B10,89.9646,0.254009,9.4787,25.4071,99.9573,13.0279,CRITICA,10.0113,0.487981,23.3042,71.7588,0.246032,0.233416,3.1403,8.1072,1,1,1011.02,nan
o0088,abierto,B15,89.9646,0.254009,14.5369,34.1841,98.3485,18.8533,CRITICA,11.166,0.634364,21.2148,62.0027,0.237182,0.237954,6.6245,6.3208,1,1,1034.982,nan
o0088,abierto,B25,89.9646,0.254009,24.5125,51.7013,77.8668,30.2979,CRITICA,13.7868,0.826191,18.0207,42.5315,0.250008,0.233245,1.5752,8.1745,1,1,1036.699,nan
o0088,abierto,B40,89.9646,0.254009,39.5479,74.5199,57.292,42.6109,CRITICA,17.3993,0.873044,15.6844,17.1675,0.252001,0.236331,0.7903,6.9595,1,1,902.12,nan
o0102,abierto,B5,98.5535,0.250848,4.4588,16.6149,100.0,6.9898,CRITICA,7.9914,0.31876,25.9852,83.1412,0.236589,0.207867,5.6842,17.1344,1,1,1096.611,nan
o0102,abierto,B10,98.5535,0.250848,9.4389,23.9829,100.0,11.5369,CRITICA,8.7339,0.441544,24.1556,75.6651,0.252633,0.238844,0.7118,4.7852,1,1,1097.815,nan
o0102,abierto,B15,98.5535,0.250848,14.455,32.3367,98.7463,16.7083,CRITICA,9.6481,0.577836,22.1655,67.1887,0.252816,0.247889,0.7845,1.1795,1,1,1108.525,nan
o0102,abierto,B25,98.5535,0.250848,24.4849,49.0837,81.5191,27.8667,CRITICA,11.7287,0.773998,18.9085,50.1959,0.242175,0.246391,3.4575,1.7768,1,1,1084.834,nan
o0102,abierto,B40,98.5535,0.250848,39.5195,72.0216,57.4589,40.7576,CRITICA,14.8956,0.865621,16.2621,26.9213,0.253473,0.244585,1.0463,2.4968,1,1,1115.2,nan
o0177,abierto,B5,88.286,0.236426,4.4383,16.4623,100.0,6.8386,CRITICA,9.225,0.329657,26.0717,81.3535,0.237132,0.220378,0.2986,6.7881,1,1,1071.237,nan
o0177,abierto,B10,88.286,0.236426,9.4409,26.0965,99.934,13.5367,CRITICA,10.4169,0.496126,22.8801,70.4409,0.250689,0.246764,6.0327,4.3725,1,1,1147.842,nan
o0177,abierto,B15,88.286,0.236426,14.4604,35.1455,96.9668,19.9512,CRITICA,11.7042,0.64593,20.6928,60.1914,0.2441,0.243689,3.2458,3.0719,1,1,1100.837,nan
o0177,abierto,B25,88.286,0.236426,24.4848,53.0339,77.958,31.1027,CRITICA,14.562,0.837917,17.619,39.9295,0.250656,0.240393,6.0186,1.6778,1,1,1094.691,nan
o0177,abierto,B40,88.286,0.236426,39.5084,75.8516,57.5559,43.4246,CRITICA,18.4945,0.87574,15.4085,14.0842,0.248174,0.238828,4.9689,1.0157,1,1,1081.549,nan
o0179,abierto,B5,88.926,0.25477,4.4461,16.5098,100.0,6.8409,CRITICA,9.0965,0.332822,26.0406,81.4342,0.231668,0.211972,9.0678,16.7986,1,1,1044.932,nan
o0179,abierto,B10,88.926,0.25477,9.43,25.934,99.9321,13.5872,CRITICA,10.2526,0.493059,22.936,70.8364,0.246729,0.247186,3.1559,2.9767,1,1,1056.747,nan
o0179,abierto,B15,88.926,0.25477,14.461,34.999,97.1783,19.7702,CRITICA,11.4939,0.64429,20.771,60.6425,0.237416,0.252477,6.8113,0.8999,1,1,1101.928,nan
o0179,abierto,B25,88.926,0.25477,24.4967,52.5968,77.8067,30.8601,CRITICA,14.2025,0.833996,17.7439,40.8533,0.244289,0.242827,4.114,4.6877,1,1,1150.351,nan
o0179,abierto,B40,88.926,0.25477,39.5009,75.7996,57.2707,43.4924,CRITICA,18.1215,0.875026,15.4191,14.7611,0.252965,0.238612,0.7085,6.342,1,1,895.576,nan
o0195,abierto,B5,89.5158,0.25025,4.4569,16.5315,100.0,7.0415,CRITICA,9.0001,0.330687,26.0039,81.5323,0.242187,0.217471,3.2222,13.0986,1,1,1093.494,nan
o0195,abierto,B10,89.5158,0.25025,9.4523,25.9075,99.7846,13.8799,CRITICA,10.1437,0.489348,22.9109,71.0582,0.245242,0.23802,2.0013,4.8873,1,1,937.119,nan
o0195,abierto,B15,89.5158,0.25025,14.4806,34.8373,97.4597,20.0869,CRITICA,11.3508,0.638766,20.7885,61.0825,0.244336,0.244364,2.3635,2.352,1,1,1045.916,nan
o0195,abierto,B25,89.5158,0.25025,24.4923,52.1703,77.8047,31.1939,CRITICA,13.987,0.828868,17.8234,41.7195,0.245508,0.235158,1.8951,6.0308,1,1,1096.491,nan
o0195,abierto,B40,89.5158,0.25025,39.5186,75.4928,58.2914,44.3008,CRITICA,17.8017,0.874606,15.4005,15.6654,0.239161,0.234862,4.4313,6.1492,1,1,881.756,nan
o0196,abierto,B5,90.4231,0.248097,4.4548,16.6032,100.0,6.83,CRITICA,8.9522,0.328876,25.9864,81.6384,0.219967,0.21277,11.3382,14.239,1,1,1063.943,nan
o0196,abierto,B10,90.4231,0.248097,9.4151,25.8187,99.8933,13.3642,CRITICA,10.0592,0.484005,23.0256,71.4468,0.234953,0.244232,5.298,1.5578,1,1,1063.603,nan
o0196,abierto,B15,90.4231,0.248097,14.4294,34.835,97.8692,19.3886,CRITICA,11.2593,0.634165,20.8811,61.4755,0.230461,0.239738,7.1085,3.3691,1,1,1032.738,nan
o0196,abierto,B25,90.4231,0.248097,24.4948,52.6014,78.4432,30.578,CRITICA,13.9254,0.82764,17.7727,41.8275,0.234906,0.237836,5.3168,4.1357,1,1,1094.691,nan
o0196,abierto,B40,90.4231,0.248097,39.512,75.6517,56.1839,43.0551,CRITICA,17.6108,0.873963,15.432,16.3359,0.237839,0.234719,4.1346,5.392,1,1,1098.056,nan
o0205,abierto,B5,92.6489,0.244769,4.4453,16.7408,100.0,7.0771,CRITICA,8.6826,0.326246,25.8651,81.931,0.220124,0.209712,10.0689,14.3227,1,1,1125.746,nan
o0205,abierto,B10,92.6489,0.244769,9.4273,25.7119,99.9243,13.4216,CRITICA,9.7142,0.474455,23.0715,72.2481,0.243206,0.24181,0.6388,1.209,1,1,1071.352,nan
o0205,abierto,B15,92.6489,0.244769,14.4655,34.3279,97.9274,18.9382,CRITICA,10.795,0.620747,21.1088,62.9484,0.243398,0.236614,0.5603,3.3319,1,1,1084.952,nan
o0205,abierto,B25,92.6489,0.244769,24.4928,51.7268,78.4257,30.2537,CRITICA,13.2484,0.814587,17.9863,44.1691,0.246389,0.243994,0.6617,0.3165,1,1,1043.515,nan
o0205,abierto,B40,92.6489,0.244769,39.5032,74.5005,57.0358,42.7667,CRITICA,16.7274,0.87259,15.6387,19.5884,0.251149,0.236769,2.6065,3.2683,1,1,1005.733,nan
o0207,abierto,B5,92.6449,0.247266,4.4458,16.711,100.0,6.9436,CRITICA,8.663,0.327598,25.9016,81.9623,0.214965,0.208941,13.0633,15.4993,1,1,991.08,nan
o0207,abierto,B10,92.6449,0.247266,9.4291,25.6025,99.9495,13.2799,CRITICA,9.6842,0.47443,23.1433,72.3649,0.236404,0.239288,4.3929,3.2262,1,1,1056.412,nan
o0207,abierto,B15,92.6449,0.247266,14.4652,34.3217,98.1098,18.9334,CRITICA,10.7766,0.621064,21.1148,62.9535,0.242386,0.246672,1.9734,0.2402,1,1,1017.294,nan
o0207,abierto,B25,92.6449,0.247266,24.5139,51.8023,78.4219,30.3674,CRITICA,13.2458,0.815196,17.9666,44.0851,0.252123,0.237259,1.9644,4.047,1,1,1036.699,nan
o0207,abierto,B40,92.6449,0.247266,39.5011,74.7268,56.6458,42.9833,CRITICA,16.726,0.87216,15.5812,19.3406,0.252147,0.243555,1.974,1.5005,1,1,1021.764,nan
o0260,abierto,B5,94.7754,0.255353,4.4237,16.6256,100.0,6.8827,CRITICA,8.4207,0.31956,25.9741,82.4579,0.216027,0.20127,15.4008,21.1796,1,1,1134.816,nan
o0260,abierto,B10,94.7754,0.255353,9.4396,25.0679,100.0,12.6061,CRITICA,9.3451,0.459359,23.516,73.5502,0.243508,0.251456,4.6389,1.5262,1,1,1074.345,nan
o0260,abierto,B15,94.7754,0.255353,14.4593,33.4798,98.6939,17.6741,CRITICA,10.3312,0.602516,21.5749,64.6746,0.249491,0.243933,2.2956,4.4725,1,1,1108.279,nan
o0260,abierto,B25,94.7754,0.255353,24.5024,51.4011,78.8566,30.1138,CRITICA,12.8099,0.803081,18.0834,45.7654,0.24404,0.240061,4.4304,5.9885,1,1,1085.187,nan
o0260,abierto,B40,94.7754,0.255353,39.514,74.4928,57.4958,42.7646,CRITICA,16.2416,0.872394,15.6452,21.4008,0.249892,0.241591,2.1388,5.3893,1,1,571.265,nan
o0279,abierto,B5,91.4355,0.250783,4.4634,16.758,100.0,6.8969,CRITICA,8.8718,0.326283,25.8751,81.6723,0.223968,0.196176,10.6927,21.7746,1,1,1033.165,nan
o0279,abierto,B10,91.4355,0.250783,9.4302,25.8846,99.9476,13.2667,CRITICA,9.9451,0.479352,23.0131,71.6909,0.256933,0.245852,2.4524,1.9663,1,1,1125.999,nan
o0279,abierto,B15,91.4355,0.250783,14.47,34.8175,98.4708,18.9556,CRITICA,11.095,0.629707,20.9355,61.9212,0.242256,0.24722,3.4002,1.421,1,1,1084.128,nan
o0279,abierto,B25,91.4355,0.250783,24.5044,52.284,78.3306,30.1442,CRITICA,13.6756,0.821325,17.8776,42.8186,0.249939,0.244556,0.3366,2.4831,1,1,1010.101,nan
o0279,abierto,B40,91.4355,0.250783,39.4693,75.4919,57.8858,43.0501,CRITICA,17.4878,0.876386,15.4689,17.437,0.25865,0.238902,3.1367,4.7375,1,1,1005.935,nan
o0359,abierto,B5,95.2885,0.249409,4.389,16.4492,100.0,6.8083,CRITICA,8.2897,0.31832,26.0288,82.7374,0.2189,0.194299,12.2323,22.096,1,1,1049.759,nan
o0359,abierto,B10,95.2885,0.249409,9.409,24.9072,100.0,12.5977,CRITICA,9.2005,0.45707,23.5477,73.8612,0.241163,0.232135,3.3061,6.926,1,1,1093.733,nan
o0359,abierto,B15,95.2885,0.249409,14.467,33.5207,98.1583,18.0962,CRITICA,10.2157,0.601089,21.495,64.8219,0.244934,0.239805,1.7944,3.8505,1,1,1027.644,nan
o0359,abierto,B25,95.2885,0.249409,24.5052,50.9602,79.1457,30.228,CRITICA,12.5879,0.797297,18.1784,46.5201,0.254314,0.244419,1.9669,2.0005,1,1,1049.208,nan
o0359,abierto,B40,95.2885,0.249409,39.5139,73.3016,59.1628,42.307,CRITICA,15.8166,0.871007,15.909,23.074,0.250865,0.239494,0.5839,3.9752,1,1,1094.571,nan
o0394,abierto,B5,92.238,0.254526,4.4408,16.4539,100.0,6.7063,CRITICA,8.6765,0.321607,26.0863,82.1615,0.216422,0.214091,14.9707,15.8866,1,1,1083.893,nan
o0394,abierto,B10,92.238,0.254526,9.4354,25.5142,99.9767,13.3146,CRITICA,9.7339,0.470474,23.1609,72.3388,0.248566,0.228593,2.3417,10.1887,1,1,1079.68,nan
o0394,abierto,B15,92.238,0.254526,14.4702,34.3422,98.1622,19.1268,CRITICA,10.8564,0.619862,21.066,62.7679,0.244049,0.248137,4.1164,2.5102,1,1,1061.008,nan
o0394,abierto,B25,92.238,0.254526,24.4986,52.5281,76.6559,31.6877,CRITICA,13.5697,0.818457,17.6638,43.0515,0.237643,0.238691,6.6331,6.2214,1,1,1149.293,nan
o0394,abierto,B40,92.238,0.254526,39.5007,75.6823,58.7378,44.6825,CRITICA,17.3788,0.877103,15.3519,17.9489,0.255841,0.234823,0.5165,7.7411,1,1,999.4,nan
o0432,abierto,B5,99.1014,0.254954,4.459,16.3429,100.0,6.7415,CRITICA,7.9754,0.295433,26.1696,83.5089,0.2215,0.192652,13.1216,24.4368,1,1,1096.491,nan
o0432,abierto,B10,99.1014,0.254954,9.438,24.5745,100.0,11.7683,CRITICA,8.8044,0.431718,23.7809,75.2027,0.260374,0.242667,2.1257,4.8195,1,1,1046.682,nan
o0432,abierto,B15,99.1014,0.254954,14.4591,33.2172,98.7133,17.4042,CRITICA,9.7788,0.571643,21.6702,66.4816,0.25697,0.242385,0.7905,4.9302,1,1,1143.772,nan
o0432,abierto,B25,99.1014,0.254954,24.5053,50.5123,79.5319,28.6248,CRITICA,11.9767,0.777226,18.4231,49.0297,0.24797,0.241379,2.7393,5.3245,1,1,1057.641,nan
o0432,abierto,B40,99.1014,0.254954,39.5133,73.0676,59.7722,41.195,CRITICA,15.2328,0.868826,16.0131,26.2698,0.263464,0.247301,3.3376,3.002,1,1,1178.412,nan
o0444,abierto,B5,102.8091,0.253199,4.4561,16.3892,100.0,6.8066,CRITICA,7.4692,0.298231,26.1424,84.0586,0.230484,0.222007,8.9713,12.3191,1,1,1124.101,nan
o0444,abierto,B10,102.8091,0.253199,9.4635,24.2904,100.0,11.8524,CRITICA,8.2327,0.422519,23.9629,76.3733,0.251963,0.235265,0.488,7.0831,1,1,845.523,nan
o0444,abierto,B15,102.8091,0.253199,14.4405,32.5565,99.7089,17.1278,CRITICA,9.0918,0.555079,22.0324,68.3331,0.247463,0.241079,2.2655,4.7869,1,1,877.424,nan
o0444,abierto,B25,102.8091,0.253199,24.4921,49.4531,80.9331,28.1518,CRITICA,11.0664,0.757549,18.833,51.8982,0.251329,0.242794,0.7384,4.1093,1,1,1170.275,nan
o0444,abierto,B40,102.8091,0.253199,39.5207,71.882,59.0502,40.4276,CRITICA,13.9693,0.860517,16.3574,30.0821,0.254165,0.245587,0.3817,3.0063,1,1,1009.795,nan
o0470,abierto,B5,97.0544,0.233173,4.4254,16.2063,100.0,6.7856,CRITICA,8.3028,0.300579,26.214,83.3018,0.230162,0.199844,1.2914,14.2937,1,1,1026.694,nan
o0470,abierto,B10,97.0544,0.233173,9.4211,24.6444,99.9942,12.2258,CRITICA,9.1926,0.438443,23.6681,74.6076,0.243191,0.221899,4.2965,4.8353,1,1,1006.745,nan
o0470,abierto,B15,97.0544,0.233173,14.4683,32.6765,97.2889,17.4096,CRITICA,10.1337,0.572735,21.7943,66.3318,0.234396,0.224902,0.5247,3.5471,1,1,989.903,nan
o0470,abierto,B25,97.0544,0.233173,24.5034,50.2828,83.4365,28.7359,CRITICA,12.4838,0.780803,18.3998,48.1911,0.237453,0.218449,1.8355,6.3148,1,1,1065.871,nan
o0470,abierto,B40,97.0544,0.233173,39.5163,73.6176,56.5778,41.5326,CRITICA,15.9899,0.863838,15.795,24.1481,0.235101,0.231023,0.827,0.9223,1,1,977.899,nan
o0491,abierto,B5,87.9221,0.251637,4.4184,16.3595,100.0,7.0725,CRITICA,9.3702,0.320313,26.0985,81.3932,0.225284,0.198636,10.4726,21.0624,1,1,1105.583,nan
o0491,abierto,B10,87.9221,0.251637,9.4298,26.1277,99.9884,13.9604,CRITICA,10.6067,0.48956,22.7509,70.2832,0.233085,0.233197,7.3724,7.3279,1,1,1103.387,nan
o0491,abierto,B15,87.9221,0.251637,14.4525,34.8424,96.7805,19.7134,CRITICA,11.8653,0.637842,20.8049,60.3713,0.229466,0.229024,8.8107,8.9861,1,1,1048.328,nan
o0491,abierto,B25,87.9221,0.251637,24.4881,52.9786,78.4529,31.3549,CRITICA,14.9046,0.835993,17.5815,39.7437,0.225737,0.235071,10.2925,6.5832,1,1,1094.811,nan
o0491,abierto,B40,87.9221,0.251637,39.5235,75.9151,57.6025,43.2922,CRITICA,18.9541,0.874415,15.3587,13.6564,0.236744,0.234669,5.9183,6.7431,1,1,1081.198,nan
o0545,abierto,B5,94.6302,0.256123,4.432,15.2058,100.0,5.6082,CRITICA,8.5539,0.300887,27.0626,83.9313,0.251508,nan,1.802,nan,1,1,1095.53,nan
o0545,abierto,B10,94.6302,0.256123,9.3949,23.0001,100.0,10.3296,CRITICA,9.3578,0.440964,24.6057,75.6948,0.27218,0.264802,6.2694,3.3886,1,1,1133.144,nan
o0545,abierto,B15,94.6302,0.256123,14.452,30.5068,98.5581,14.5593,CRITICA,10.214,0.569911,22.8926,67.7621,0.276696,0.276098,8.0323,7.7991,1,1,1070.664,nan
o0545,abierto,B25,94.6302,0.256123,24.5039,47.3117,88.8645,24.9749,CRITICA,12.4392,0.77193,19.467,50.0036,0.256175,0.272966,0.0203,6.5761,1,1,1017.915,nan
o0545,abierto,B40,94.6302,0.256123,39.5008,69.9563,58.045,36.7385,CRITICA,15.6815,0.855701,16.675,26.0741,0.262888,0.263166,2.6411,2.75,1,1,1029.442,nan
o0564,abierto,B5,99.9729,0.266965,4.4726,16.6109,100.0,7.0235,CRITICA,7.9652,0.299647,25.9953,83.3846,0.217165,nan,18.654,nan,1,1,1109.385,nan
o0564,abierto,B10,99.9729,0.266965,9.4885,24.7264,100.0,11.9093,CRITICA,8.7759,0.432472,23.7461,75.2668,0.26007,0.235091,2.5828,11.9394,1,1,1177.024,nan
o0564,abierto,B15,99.9729,0.266965,14.4769,33.0626,98.8802,17.2719,CRITICA,9.7059,0.568132,21.7673,66.9284,0.258987,0.241881,2.9884,9.3958,1,1,1089.799,nan
o0564,abierto,B25,99.9729,0.266965,24.6214,50.407,80.3276,28.4611,CRITICA,11.8605,0.775166,18.4757,49.5793,0.253083,0.246814,5.1999,7.5481,1,1,1035.197,nan
o0564,abierto,B40,99.9729,0.266965,39.6084,72.9813,58.0489,41.0356,CRITICA,14.9991,0.864934,16.0065,26.9989,0.258356,0.245083,3.2249,8.1963,1,1,974.944,nan
o0570,abierto,B5,100.4596,0.258596,4.4518,16.7024,100.0,6.8632,CRITICA,7.904,0.302399,25.9503,83.374,0.217057,nan,16.0632,nan,1,1,894.775,nan
o0570,abierto,B10,100.4596,0.258596,9.4306,24.4892,100.0,11.7166,CRITICA,8.6833,0.428545,23.8524,75.6228,0.252132,0.243525,2.4994,5.828,1,1,1033.912,nan
o0570,abierto,B15,100.4596,0.258596,14.4578,33.1097,98.9404,16.9921,CRITICA,9.6189,0.568601,21.785,67.0418,0.249582,0.245573,3.4857,5.0358,1,1,953.107,nan
o0570,abierto,B25,100.4596,0.258596,24.4681,50.0167,81.2067,28.0907,CRITICA,11.7115,0.769924,18.5949,50.2121,0.251898,0.244056,2.5899,5.6224,1,1,1070.549,nan
o0570,abierto,B40,100.4596,0.258596,39.5136,72.9624,57.5753,40.7616,CRITICA,14.8128,0.8653,15.9964,27.3714,0.253342,0.246145,2.0317,4.8147,1,1,1033.378,nan
o0602,abierto,B5,98.0384,0.26177,4.4324,16.7629,100.0,7.1246,CRITICA,8.1718,0.306915,25.852,82.9017,0.231688,nan,11.4917,nan,1,1,1087.429,nan
o0602,abierto,B10,98.0384,0.26177,9.4277,25.1367,100.0,12.4676,CRITICA,9.0416,0.444582,23.4702,74.3603,0.252788,0.245394,3.431,6.2559,1,1,1081.432,nan
o0602,abierto,B15,98.0384,0.26177,14.4688,33.4674,98.3601,17.766,CRITICA,10.0056,0.581805,21.5542,65.8629,0.244876,0.243325,6.4535,7.046,1,1,1110.741,nan
o0602,abierto,B25,98.0384,0.26177,24.5115,50.507,79.8114,28.7175,CRITICA,12.21,0.784063,18.4286,48.4824,0.254073,0.248308,2.9402,5.1427,1,1,980.296,nan
o0602,abierto,B40,98.0384,0.26177,39.5252,73.5793,57.7772,41.6754,CRITICA,15.6292,0.870497,15.8926,24.9484,0.262174,0.248766,0.1544,4.9674,1,1,1034.982,nan
o0676,abierto,B5,100.7909,0.255754,4.4457,16.7588,100.0,6.9884,CRITICA,7.7624,0.308046,25.8744,83.3727,0.219633,0.209537,14.1233,18.071,1,1,1102.657,nan
o0676,abierto,B10,100.7909,0.255754,9.4401,24.6299,100.0,12.1986,CRITICA,8.5623,0.431729,23.7251,75.5633,0.240802,0.235199,5.846,8.0369,1,1,1110.371,nan
o0676,abierto,B15,100.7909,0.255754,14.445,33.3244,98.4727,17.7509,CRITICA,9.4943,0.571426,21.6082,66.937,0.246752,0.227396,3.5198,11.0881,1,1,1044.605,nan
o0676,abierto,B25,100.7909,0.255754,24.5013,50.2234,80.1782,28.6657,CRITICA,11.5656,0.770628,18.5572,50.1707,0.239004,0.235155,6.5491,8.0542,1,1,1067.464,nan
o0676,abierto,B40,100.7909,0.255754,39.5327,72.5237,59.025,40.6543,CRITICA,14.5832,0.867572,16.2085,28.0453,0.244827,0.237902,4.2723,6.9802,1,1,1086.366,nan
o0704,abierto,B5,99.297,0.169607,4.4571,16.5163,100.0,7.1037,CRITICA,7.8859,0.305651,26.0295,83.3667,0.220456,0.193378,29.9809,14.0154,1,1,1104.362,nan
o0704,abierto,B10,99.297,0.169607,9.4353,24.5848,100.0,12.6376,CRITICA,8.7228,0.434107,23.6683,75.2412,0.171377,0.198004,1.0439,16.7428,1,1,1093.613,nan
o0704,abierto,B15,99.297,0.169607,14.4609,33.6223,98.364,18.8056,CRITICA,9.7344,0.576444,21.3353,66.1396,0.172649,0.196958,1.7935,16.1264,1,1,1098.418,nan
o0704,abierto,B25,99.297,0.169607,24.5062,50.4527,79.1263,30.7509,CRITICA,11.9394,0.771376,18.2482,49.1901,0.164146,0.174289,3.2193,2.7608,1,1,1032.738,nan
o0704,abierto,B40,99.297,0.169607,39.5128,72.7199,60.9773,42.5683,CRITICA,15.0659,0.870176,16.035,26.7653,0.175863,0.169146,3.6884,0.2719,1,1,1077.354,nan
p0001,abierto,B5,112.7596,0.172124,4.3605,17.7776,100.0,6.0451,CRITICA,7.4247,0.226992,25.3213,84.2341,0.174561,0.191798,1.4156,11.4298,1,1,1013.993,nan
p0001,abierto,B10,112.7596,0.172124,9.4563,27.2009,100.0,12.4707,CRITICA,8.3637,0.3514,22.385,75.8771,0.16808,0.177364,2.3497,3.044,1,1,1033.271,nan
p0001,abierto,B15,112.7596,0.172124,14.4536,38.3498,96.1439,20.4077,CRITICA,9.6256,0.515987,19.3731,65.9897,0.176401,0.171059,2.4847,0.619,1,1,1112.718,nan
p0001,abierto,B25,112.7596,0.172124,24.4921,61.0625,69.2387,35.6006,CRITICA,12.7722,0.767558,15.3476,45.8471,0.165681,0.1757,3.7433,2.0775,1,1,981.065,nan
p0001,abierto,B40,112.7596,0.172124,39.4922,86.5788,45.3201,49.5322,BIEN,17.3625,0.876541,13.1141,23.2182,0.175654,0.178938,2.0507,3.9586,1,1,1085.541,nan
p0144,abierto,B5,112.3354,0.156036,4.3543,18.0744,100.0,6.2626,CRITICA,7.4081,0.227579,25.1316,83.9103,0.147222,0.174235,5.6489,11.6631,1,1,1122.586,nan
p0144,abierto,B10,112.3354,0.156036,9.4688,27.8034,100.0,12.9027,CRITICA,8.384,0.351991,22.107,75.2497,0.157618,0.162433,1.0138,4.0997,1,1,1049.979,nan
p0144,abierto,B15,112.3354,0.156036,14.4448,38.9084,94.5856,21.7653,CRITICA,9.6923,0.517741,19.0836,65.3641,0.156931,0.165025,0.5734,5.7611,1,1,1004.016,nan
p0144,abierto,B25,112.3354,0.156036,24.4894,61.5046,69.2096,37.2596,CRITICA,12.879,0.773515,15.1644,45.2491,0.156316,0.161817,0.1795,3.7047,1,1,1054.407,nan
p0144,abierto,B40,112.3354,0.156036,39.5039,86.9504,46.9871,51.7602,BIEN,17.7065,0.886708,12.9834,22.5975,0.160832,0.157403,3.0733,0.8759,1,1,1044.714,nan
p0165,abierto,B5,112.7736,0.154527,4.3431,17.9031,100.0,6.0476,CRITICA,7.3909,0.223614,25.2496,84.1248,0.144027,0.176108,6.7946,13.9656,1,1,1140.901,nan
p0165,abierto,B10,112.7736,0.154527,9.4707,27.4189,100.0,12.6182,CRITICA,8.3455,0.347922,22.2931,75.6867,0.144072,0.157049,6.7655,1.6324,1,1,1040.691,nan
p0165,abierto,B15,112.7736,0.154527,14.4348,38.7119,95.0183,21.1895,CRITICA,9.6495,0.515252,19.1938,65.6729,0.154777,0.156086,0.162,1.0091,1,1,1007.252,nan
p0165,abierto,B25,112.7736,0.154527,24.4819,61.1992,69.5899,36.4809,CRITICA,12.7736,0.769543,15.2642,45.7327,0.147382,0.152977,4.6235,1.003,1,1,1095.05,nan
p0165,abierto,B40,112.7736,0.154527,39.5013,86.9718,46.4787,50.733,BIEN,17.5493,0.883696,13.0231,22.8793,0.152535,0.162158,1.289,4.9383,1,1,1143.772,nan
p0215,abierto,B5,111.8995,0.148706,4.349,18.1037,100.0,6.444,CRITICA,7.427,0.230735,25.0879,83.8215,0.139199,0.158222,6.3928,6.3996,1,1,950.841,nan
p0215,abierto,B10,111.8995,0.148706,9.4588,27.9024,100.0,13.0917,CRITICA,8.41,0.355933,22.0457,75.0647,0.134307,0.149923,9.6825,0.8188,1,1,1094.451,nan
p0215,abierto,B15,111.8995,0.148706,14.4358,38.9418,94.4633,21.8924,CRITICA,9.7197,0.520286,19.0757,65.1993,0.14644,0.151012,1.5234,1.5512,1,1,872.829,nan
p0215,abierto,B25,111.8995,0.148706,24.4795,61.4429,69.262,37.6104,CRITICA,12.9062,0.774236,15.1515,45.091,0.142847,0.148029,3.9399,0.4551,1,1,1100.473,nan
p0215,abierto,B40,111.8995,0.148706,39.5067,87.2395,46.5,52.1596,BIEN,17.7896,0.88625,12.9303,22.0377,0.143661,0.14639,3.3923,1.5573,1,1,1008.573,nan
p0253,abierto,B5,112.013,0.16566,4.3408,17.9467,100.0,6.198,CRITICA,7.428,0.227961,25.2099,83.9781,0.144039,0.172325,13.0516,4.0232,1,1,998.004,nan
p0253,abierto,B10,112.013,0.16566,9.4465,27.6409,100.0,12.7665,CRITICA,8.3989,0.352759,22.1872,75.3235,0.149714,0.166932,9.6256,0.7679,1,1,1070.205,nan
p0253,abierto,B15,112.013,0.16566,14.4375,38.6367,94.6943,21.5007,CRITICA,9.6961,0.517586,19.1883,65.507,0.15934,0.152552,3.815,7.9126,1,1,1126.634,nan
p0253,abierto,B25,112.013,0.16566,24.4825,61.2116,69.8966,36.8799,CRITICA,12.8663,0.773547,15.2412,45.3531,0.149944,0.158126,9.4867,4.548,1,1,1090.988,nan
p0253,abierto,B40,112.013,0.16566,39.4719,86.8151,46.9561,51.3797,BIEN,17.6995,0.885017,13.0162,22.4955,0.154305,0.164554,6.8541,0.6678,1,1,991.179,nan
p0301,abierto,B5,112.8556,0.152421,4.3534,17.9691,100.0,6.1401,CRITICA,7.3749,0.225878,25.2031,84.0778,0.144232,0.168165,5.3731,10.3287,1,1,881.29,nan
p0301,abierto,B10,112.8556,0.152421,9.4698,27.5398,100.0,12.6708,CRITICA,8.3292,0.349639,22.2369,75.5973,0.147573,0.158468,3.1808,3.967,1,1,1080.847,nan
p0301,abierto,B15,112.8556,0.152421,14.4368,38.5549,95.5151,21.1387,CRITICA,9.603,0.51371,19.2512,65.8369,0.143929,0.155399,5.5716,1.9536,1,1,1014.199,nan
p0301,abierto,B25,112.8556,0.152421,24.4819,61.0964,69.3454,36.5932,CRITICA,12.7385,0.768524,15.2807,45.8632,0.14923,0.157342,2.0935,3.2282,1,1,994.827,nan
p0301,abierto,B40,112.8556,0.152421,39.5004,86.9162,46.6863,50.7248,BIEN,17.4698,0.881922,13.0382,22.9846,0.145662,0.156151,4.4349,2.4468,1,1,1085.541,nan
p0319,abierto,B5,111.8752,0.15976,4.3452,17.9836,100.0,6.2628,CRITICA,7.4368,0.227518,25.1802,83.9253,0.144146,0.174932,9.7736,9.4963,1,1,1066.098,nan
p0319,abierto,B10,111.8752,0.15976,9.4556,27.8168,100.0,13.0142,CRITICA,8.4288,0.353257,22.0862,75.1359,0.150775,0.158361,5.6243,0.8762,1,1,1029.124,nan
p0319,abierto,B15,111.8752,0.15976,14.4404,38.8008,94.246,21.7784,CRITICA,9.7299,0.518479,19.1102,65.3178,0.156146,0.158562,2.2624,0.7502,1,1,1095.17,nan
p0319,abierto,B25,111.8752,0.15976,24.4791,61.4445,69.6326,37.2599,CRITICA,12.9272,0.774718,15.1693,45.0777,0.154294,0.159545,3.4215,0.1349,1,1,1115.947,nan
p0319,abierto,B40,111.8752,0.15976,39.5164,86.6302,47.0648,51.5413,BIEN,17.7598,0.887311,13.0459,22.5653,0.157052,0.160851,1.6955,0.6825,1,1,940.645,nan
q0026,abierto,B5,94.755,0.190808,4.5093,16.6707,100.0,6.645,CRITICA,8.8573,0.275172,26.0138,82.4065,0.183181,0.20353,3.9974,6.6674,1,1,1096.131,nan
q0026,abierto,B10,94.755,0.190808,9.5056,26.6147,100.0,12.8806,CRITICA,9.974,0.44638,22.4687,71.9121,0.191909,0.19608,0.5769,2.7629,1,1,1077.354,nan
q0026,abierto,B15,94.755,0.190808,14.4669,37.8703,95.1736,21.3362,CRITICA,11.5383,0.61997,19.412,60.0335,0.187789,0.189348,1.5823,0.7652,1,1,866.401,nan
q0026,abierto,B25,94.755,0.190808,24.4828,57.9921,71.2744,35.7513,CRITICA,14.9307,0.821841,15.9213,38.7978,0.191814,0.194376,0.5272,1.8701,1,1,1084.599,nan
q0026,abierto,B40,94.755,0.190808,39.4895,81.6867,47.9128,48.5099,BIEN,19.1618,0.871385,13.8881,13.7917,0.192216,0.184394,0.7377,3.3615,1,1,1054.074,nan
q0044,abierto,B5,100.19,0.190232,4.4703,17.0124,100.0,6.5332,CRITICA,8.3323,0.269893,25.7603,83.0199,0.188491,0.193842,0.9152,1.8975,1,1,1046.135,nan
q0044,abierto,B10,100.19,0.190232,9.4576,26.4421,100.0,12.4942,CRITICA,9.3311,0.425063,22.5685,73.608,0.191837,0.200588,0.8438,5.4441,1,1,1122.586,nan
q0044,abierto,B15,100.19,0.190232,14.4682,38.0251,96.4117,20.7054,CRITICA,10.787,0.597895,19.4275,62.047,0.186776,0.192873,1.8169,1.3884,1,1,919.963,nan
q0044,abierto,B25,100.19,0.190232,24.4221,58.3787,71.2822,35.1703,CRITICA,13.9016,0.802863,15.8714,41.732,0.184223,0.190093,3.159,0.0728,1,1,1089.681,nan
q0044,abierto,B40,100.19,0.190232,39.4771,81.7605,46.8532,47.808,BIEN,17.9211,0.867963,13.9023,18.3945,0.193136,0.19901,1.5264,4.6145,1,1,1074.345,nan
q0071,abierto,B5,97.5499,0.188774,4.5069,16.9409,100.0,6.663,CRITICA,8.5984,0.270865,25.8039,82.6336,0.176389,0.195889,6.5604,3.7691,1,1,966.744,nan
q0071,abierto,B10,97.5499,0.188774,9.5093,26.7669,100.0,12.908,CRITICA,9.6745,0.435438,22.39,72.5608,0.182407,0.189313,3.3724,0.2857,1,1,1082.837,nan
q0071,abierto,B15,97.5499,0.188774,14.4494,38.3946,95.7868,21.1294,CRITICA,11.2092,0.609859,19.2937,60.641,0.180891,0.188836,4.1759,0.0333,1,1,989.511,nan
q0071,abierto,B25,97.5499,0.188774,24.4882,58.5419,70.6864,35.4094,CRITICA,14.471,0.814358,15.8583,39.9877,0.179004,0.186355,5.1755,1.2813,1,1,1107.052,nan
q0071,abierto,B40,97.5499,0.188774,39.5148,82.1469,47.0667,48.1356,BIEN,18.5804,0.869631,13.8326,15.7898,0.169434,0.18541,10.2449,1.7816,1,1,1004.52,nan
q0081,abierto,B5,96.6934,0.1863,4.4987,17.2231,100.0,6.7125,CRITICA,8.681,0.281963,25.6273,82.1879,0.181099,0.192028,2.7916,3.0744,1,1,801.989,nan
q0081,abierto,B10,96.6934,0.1863,9.4955,26.9797,100.0,13.0732,CRITICA,9.7699,0.445389,22.2806,72.0976,0.183694,0.19493,1.3986,4.6324,1,1,1072.501,nan
q0081,abierto,B15,96.6934,0.1863,14.4757,38.4865,95.6296,21.217,CRITICA,11.2935,0.619784,19.2604,60.1973,0.181067,0.183978,2.809,1.2465,1,1,1109.139,nan
q0081,abierto,B25,96.6934,0.1863,24.4967,58.5761,70.667,35.5196,CRITICA,14.5795,0.820794,15.8451,39.4208,0.186494,0.179882,0.1041,3.4451,1,1,1078.283,nan
q0081,abierto,B40,96.6934,0.1863,39.5005,82.4926,47.0648,48.3282,BIEN,18.7138,0.870508,13.7749,14.6864,0.178607,0.176356,4.1296,5.3376,1,1,1108.77,nan
q0105,abierto,B5,95.2862,0.184476,4.4891,16.9293,100.0,6.262,CRITICA,8.8052,0.28484,25.8671,82.2332,0.179591,0.190029,2.6479,3.0105,1,1,1057.53,nan
q0105,abierto,B10,95.2862,0.184476,9.5106,26.1879,100.0,12.5015,CRITICA,9.8596,0.441478,22.6955,72.5166,0.177197,0.186426,3.9458,1.0575,1,1,1002.406,nan
q0105,abierto,B15,95.2862,0.184476,14.4797,37.4813,95.9809,20.444,CRITICA,11.3665,0.618538,19.6313,60.6646,0.184698,0.177899,0.1206,3.5652,1,1,1026.483,nan
q0105,abierto,B25,95.2862,0.184476,24.4961,57.4377,72.8425,34.6977,CRITICA,14.6705,0.817521,16.1293,39.7209,0.169787,0.175382,7.9623,4.9294,1,1,994.233,nan
q0105,abierto,B40,95.2862,0.184476,39.4974,80.8364,48.0584,47.2396,BIEN,18.8389,0.866643,14.1048,15.1647,0.180251,0.173742,2.2902,5.8187,1,1,1083.189,nan
q0149,abierto,B5,93.8605,0.205051,4.5003,16.5884,100.0,6.4249,CRITICA,8.9212,0.283505,26.0915,82.3265,0.188003,0.210457,8.3139,2.6365,1,1,976.372,nan
q0149,abierto,B10,93.8605,0.205051,9.5079,26.3606,100.0,12.585,CRITICA,10.0223,0.454046,22.6048,71.9152,0.197371,0.198121,3.7452,3.3792,1,1,1090.75,nan
q0149,abierto,B15,93.8605,0.205051,14.4715,37.3989,95.7597,20.6764,CRITICA,11.5472,0.625711,19.6185,60.1548,0.199275,0.198204,2.8168,3.3388,1,1,1070.32,nan
q0149,abierto,B25,93.8605,0.205051,24.4842,57.2836,72.827,34.4622,CRITICA,14.8537,0.823587,16.1789,38.9694,0.194932,0.192607,4.9347,6.0683,1,1,975.229,nan
q0149,abierto,B40,93.8605,0.205051,39.5024,81.2416,47.6605,47.2475,BIEN,19.0759,0.868287,14.0384,13.4443,0.194733,0.200404,5.0317,2.266,1,1,826.651,nan
q0173,abierto,B5,93.1596,0.174553,4.5008,16.911,100.0,6.4671,CRITICA,9.0011,0.293887,25.872,81.8472,0.185642,0.196986,6.3527,12.8517,1,1,1134.43,nan
q0173,abierto,B10,93.1596,0.174553,9.5111,26.5594,100.0,12.8086,CRITICA,10.1207,0.460502,22.5024,71.4904,0.171052,0.181982,2.0058,4.2559,1,1,984.931,nan
q0173,abierto,B15,93.1596,0.174553,14.4695,37.6437,95.6219,20.9553,CRITICA,11.6692,0.632329,19.5294,59.5922,0.181574,0.17874,4.0222,2.3984,1,1,983.671,nan
q0173,abierto,B25,93.1596,0.174553,24.4933,57.254,72.6271,34.6622,CRITICA,14.9817,0.829004,16.1794,38.542,0.183392,0.176023,5.0633,0.8422,1,1,1086.484,nan
q0173,abierto,B40,93.1596,0.174553,39.5181,80.8682,47.8798,47.2699,BIEN,19.2833,0.871562,14.1224,13.1938,0.165742,0.168375,5.0479,3.5394,1,1,1045.806,nan
q0277,abierto,B5,94.0991,0.184032,4.5071,16.2104,100.0,6.3188,CRITICA,8.9095,0.27311,26.3887,82.773,0.186559,0.208971,1.3731,13.5512,1,1,990.491,nan
q0277,abierto,B10,94.0991,0.184032,9.5084,25.9841,100.0,11.986,CRITICA,9.9911,0.446205,22.8604,72.3865,0.196593,0.199961,6.8255,8.6556,1,1,1015.744,nan
q0277,abierto,B15,94.0991,0.184032,14.4691,36.4105,96.7416,19.6273,CRITICA,11.4191,0.611338,20.0485,61.3062,0.196896,0.185976,6.9899,1.0563,1,1,1068.49,nan
q0277,abierto,B25,94.0991,0.184032,24.4861,56.5934,73.8904,33.564,CRITICA,14.764,0.817512,16.3885,39.8576,0.189707,0.188826,3.0836,2.6051,1,1,867.83,nan
q0277,abierto,B40,94.0991,0.184032,39.5061,80.1517,48.1535,46.1961,BIEN,19.0218,0.866814,14.258,14.822,0.196319,0.189327,6.6762,2.8769,1,1,1056.301,nan
q0388,abierto,B5,94.236,0.197225,4.5159,16.6001,100.0,6.5078,CRITICA,8.9135,0.273579,26.0889,82.3845,0.178238,0.208205,9.6274,5.5671,1,1,1001.904,nan
q0388,abierto,B10,94.236,0.197225,9.5198,26.4617,100.0,12.5476,CRITICA,10.0254,0.44702,22.5838,71.9198,0.192153,0.199034,2.5721,0.9172,1,1,978.091,nan
q0388,abierto,B15,94.236,0.197225,14.4721,37.3266,95.7907,20.6007,CRITICA,11.5263,0.615276,19.6567,60.3903,0.195339,0.192478,0.9563,2.4069,1,1,1028.383,nan
q0388,abierto,B25,94.236,0.197225,24.481,57.4839,72.107,34.5089,CRITICA,14.9117,0.82024,16.1294,39.0001,0.185879,0.193251,5.7529,2.0151,1,1,1025.22,nan
q0388,abierto,B40,94.236,0.197225,39.5048,80.8885,47.9342,47.0693,BIEN,19.1521,0.867861,14.092,14.1639,0.186664,0.193219,5.3548,2.0313,1,1,1038.206,nan
q0416,abierto,B5,94.0412,0.183736,4.5094,16.5266,100.0,6.6042,CRITICA,8.9214,0.272786,26.1163,82.4262,0.173689,0.197452,5.4679,7.4649,1,1,1072.041,nan
q0416,abierto,B10,94.0412,0.183736,9.5072,26.4204,100.0,12.6901,CRITICA,10.0393,0.447776,22.5613,71.9055,0.190639,0.191887,3.757,4.4366,1,1,1082.603,nan
q0416,abierto,B15,94.0412,0.183736,14.4704,37.36,95.9188,20.6202,CRITICA,11.5456,0.617806,19.6419,60.2727,0.190378,0.1898,3.6148,3.3005,1,1,1072.961,nan
q0416,abierto,B25,94.0412,0.183736,24.4852,57.6494,71.911,34.7958,CRITICA,14.9758,0.821927,16.0677,38.6977,0.18036,0.198024,1.8374,7.7763,1,1,1027.327,nan
q0416,abierto,B40,94.0412,0.183736,39.5027,80.9579,47.6916,47.1317,BIEN,19.2492,0.870263,14.0852,13.9123,0.176793,0.188042,3.7788,2.3436,1,1,1073.653,nan
q0471,abierto,B5,94.6023,0.179443,4.502,16.3606,100.0,6.3389,CRITICA,8.8684,0.273569,26.2784,82.706,0.186771,0.205789,4.0839,14.6821,1,1,1108.525,nan
q0471,abierto,B10,94.6023,0.179443,9.5082,25.9914,100.0,11.9219,CRITICA,9.9275,0.444107,22.8544,72.5256,0.186436,0.198259,3.8972,10.4858,1,1,1120.951,nan
q0471,abierto,B15,94.6023,0.179443,14.48,36.5555,96.9241,19.5471,CRITICA,11.3513,0.60982,20.001,61.3588,0.180094,0.18577,0.3631,3.5261,1,1,981.354,nan
q0471,abierto,B25,94.6023,0.179443,24.493,56.4501,74.1893,33.2998,CRITICA,14.6056,0.813854,16.4274,40.329,0.188429,0.180229,5.0076,0.4381,1,1,1121.705,nan
q0471,abierto,B40,94.6023,0.179443,39.484,80.6138,48.07,46.1383,BIEN,18.7951,0.864636,14.16,14.7867,0.179584,0.17558,0.0786,2.153,1,1,1023.018,nan
q0480,abierto,B5,93.7476,0.179975,4.5051,16.3759,100.0,6.4179,CRITICA,8.9486,0.274208,26.2563,82.5319,0.185329,0.201834,2.9745,12.1455,1,1,1045.041,nan
q0480,abierto,B10,93.7476,0.179975,9.5124,26.1606,100.0,12.31,CRITICA,10.0519,0.448189,22.7448,72.0946,0.185565,0.191053,3.1056,6.1548,1,1,1052.632,nan
q0480,abierto,B15,93.7476,0.179975,14.501,37.0421,96.4156,20.1982,CRITICA,11.5492,0.617966,19.7952,60.4874,0.177287,0.185689,1.4936,3.1746,1,1,1090.394,nan
q0480,abierto,B25,93.7476,0.179975,24.5236,57.0634,72.6639,34.1607,CRITICA,14.93,0.819709,16.2482,39.1308,0.18613,0.185878,3.4196,3.2798,1,1,1043.623,nan
q0480,abierto,B40,93.7476,0.179975,39.5135,80.8151,47.9478,46.8692,BIEN,19.1945,0.867631,14.1071,13.795,0.185719,0.181063,3.1911,0.6042,1,1,1100.715,nan
q0482,abierto,B5,93.4989,0.180903,4.5016,16.5001,100.0,6.37,CRITICA,8.9767,0.279099,26.1723,82.3526,0.198557,0.196954,9.7584,8.8724,1,1,1075.5,nan
q0482,abierto,B10,93.4989,0.180903,9.5059,26.1071,100.0,12.174,CRITICA,10.0613,0.450327,22.7808,72.0777,0.185284,0.190558,2.4218,5.3371,1,1,1109.508,nan
q0482,abierto,B15,93.4989,0.180903,14.4792,37.0032,96.2856,20.0677,CRITICA,11.5607,0.620999,19.8097,60.4239,0.180379,0.183006,0.2898,1.1625,1,1,1034.768,nan
q0482,abierto,B25,93.4989,0.180903,24.4896,57.0198,73.0501,33.9328,CRITICA,14.9396,0.821996,16.275,39.0155,0.175125,0.181033,3.1942,0.0717,1,1,1029.866,nan
q0482,abierto,B40,93.4989,0.180903,39.4983,80.4158,47.973,46.2363,BIEN,19.1058,0.868131,14.2133,13.9928,0.178674,0.187825,1.2321,3.8264,1,1,939.496,nan
q0508,abierto,B5,91.3781,0.189298,4.4865,16.7414,100.0,6.464,CRITICA,9.1654,0.290391,25.986,81.6789,0.1877,0.204317,0.8442,7.934,1,1,1121.202,nan
q0508,abierto,B10,91.3781,0.189298,9.4871,26.6476,100.0,12.7507,CRITICA,10.3322,0.46449,22.476,70.8381,0.198514,0.201043,4.8683,6.2045,1,1,982.511,nan
q0508,abierto,B15,91.3781,0.189298,14.4769,37.6221,95.7558,20.6322,CRITICA,11.8928,0.637664,19.5642,58.8281,0.197657,0.196072,4.4156,3.5783,1,1,1069.519,nan
q0508,abierto,B25,91.3781,0.189298,24.4928,58.37,70.6573,35.0255,CRITICA,15.564,0.837295,15.9187,36.1225,0.196291,0.199979,3.6943,5.6424,1,1,1087.903,nan
q0508,abierto,B40,91.3781,0.189298,39.509,81.9945,47.8003,48.0443,BIEN,19.75,0.86911,13.8543,10.269,0.192912,0.199576,1.909,5.4292,1,1,986.68,nan
r0128,abierto,B5,134.8424,0.28059,4.3942,16.3908,100.0,5.2509,CRITICA,6.0254,0.166846,26.2383,87.8445,0.240717,0.241749,14.2105,13.8427,1,1,949.668,nan
r0128,abierto,B10,134.8424,0.28059,9.545,25.0043,100.0,9.3174,CRITICA,6.67,0.268641,23.6578,81.4567,0.261858,0.246139,6.6758,12.2782,1,1,1087.903,nan
r0128,abierto,B15,134.8424,0.28059,14.5467,34.3606,99.8991,15.2824,CRITICA,7.4922,0.388979,21.1174,74.518,0.263597,0.254669,6.0562,9.2382,1,1,992.26,nan
r0128,abierto,B25,134.8424,0.28059,24.5535,53.6737,78.156,29.3844,CRITICA,9.4143,0.607047,17.0346,60.1952,0.269738,0.261272,3.8675,6.8847,1,1,1019.264,nan
r0128,abierto,B40,134.8424,0.28059,39.5433,75.5455,54.5712,40.2441,CRITICA,11.9921,0.765364,15.1025,43.9749,0.268157,0.264406,4.4311,5.7678,1,1,1082.72,nan
r0130,abierto,B5,134.9341,0.27357,4.4087,16.2588,100.0,5.247,CRITICA,6.0146,0.164277,26.338,87.9506,0.255238,0.23767,6.7009,13.1227,1,1,910.332,nan
r0130,abierto,B10,134.9341,0.27357,9.5488,25.0526,100.0,9.1288,CRITICA,6.664,0.268535,23.6652,81.4334,0.258855,0.251148,5.3788,8.1959,1,1,1097.333,nan
r0130,abierto,B15,134.9341,0.27357,14.5565,34.2532,99.934,15.0593,CRITICA,7.4761,0.386392,21.1986,74.6149,0.270187,0.263801,1.2363,3.5707,1,1,925.84,nan
r0130,abierto,B25,134.9341,0.27357,24.5601,53.7356,78.4316,29.242,CRITICA,9.4143,0.606832,17.0399,60.1764,0.270527,0.258801,1.1123,5.3986,1,1,1092.777,nan
r0130,abierto,B40,134.9341,0.27357,39.5414,75.569,54.806,40.4363,CRITICA,11.9678,0.763717,15.0565,43.9956,0.270692,0.260771,1.0518,4.6785,1,1,1063.717,nan
r0193,abierto,B5,141.4881,0.277574,4.3903,16.0293,100.0,4.8064,CRITICA,5.5473,0.154229,26.5534,88.6709,0.261789,0.250965,5.6869,9.5863,1,1,1100.958,nan
r0193,abierto,B10,141.4881,0.277574,9.5199,24.534,100.0,8.0505,CRITICA,6.1346,0.249299,24.0236,82.66,0.268812,0.251042,3.1565,9.5586,1,1,1088.969,nan
r0193,abierto,B15,141.4881,0.277574,14.4919,33.1951,100.0,12.9537,CRITICA,6.8239,0.355843,21.8307,76.5386,0.273363,0.260278,1.5169,6.2311,1,1,1102.05,nan
r0193,abierto,B25,141.4881,0.277574,24.5385,52.6687,82.7321,25.9597,CRITICA,8.5759,0.576628,17.6137,62.7751,0.270299,0.277666,2.6209,0.0333,1,1,999.3,nan
r0193,abierto,B40,141.4881,0.277574,39.5356,76.5372,51.6699,38.2614,CRITICA,11.1313,0.753073,15.0403,45.9056,0.267085,0.27969,3.7787,0.7625,1,1,1068.49,nan
r0214,abierto,B5,145.9872,0.284584,4.3979,16.4601,100.0,4.8655,CRITICA,5.3056,0.154581,26.2497,88.725,0.267135,0.250189,6.1315,12.0861,1,1,1102.293,nan
r0214,abierto,B10,145.9872,0.284584,9.5491,24.8377,100.0,8.259,CRITICA,5.8755,0.245995,23.8639,82.9864,0.26693,0.261874,6.2033,7.9802,1,1,1095.65,nan
r0214,abierto,B15,145.9872,0.284584,14.4923,33.4971,100.0,13.4519,CRITICA,6.5438,0.348275,21.62,77.0547,0.278105,0.277818,2.2766,2.3775,1,1,1043.079,nan
r0214,abierto,B25,145.9872,0.284584,24.5488,53.4088,81.3348,26.5127,CRITICA,8.2843,0.565064,17.3943,63.4154,0.298712,0.272702,4.9644,4.1753,1,1,1053.408,nan
r0214,abierto,B40,145.9872,0.284584,39.5333,76.341,50.8781,38.5922,CRITICA,10.6076,0.733336,15.0104,47.707,0.281934,0.281452,0.9312,1.1007,1,1,1027.116,nan
r0292,abierto,B5,146.6444,0.227552,4.3936,16.4159,100.0,4.8797,CRITICA,5.3327,0.155393,26.2593,88.8057,0.197741,0.200621,13.101,11.8354,1,1,1060.333,nan
r0292,abierto,B10,146.6444,0.227552,9.5672,24.7443,100.0,8.3381,CRITICA,5.9049,0.244377,23.9092,83.1263,0.208288,0.211143,8.4659,7.2111,1,1,1115.449,nan
r0292,abierto,B15,146.6444,0.227552,14.4984,33.4893,100.0,13.6132,CRITICA,6.5813,0.346545,21.573,77.1629,0.202047,0.209126,11.2085,8.0978,1,1,1088.021,nan
r0292,abierto,B25,146.6444,0.227552,24.5655,52.8307,81.8859,26.7161,CRITICA,8.2678,0.557549,17.4469,63.9736,0.21716,0.219176,4.5671,3.6812,1,1,1086.012,nan
r0292,abierto,B40,146.6444,0.227552,39.5609,76.2742,51.6389,38.924,CRITICA,10.6298,0.729852,14.9398,47.987,0.204884,0.218118,9.9619,4.1459,1,1,969.556,nan
r0345,abierto,B5,142.6725,0.268186,4.398,16.2688,100.0,4.8841,CRITICA,5.5624,0.155083,26.3385,88.5971,0.247439,0.244905,7.7358,8.6807,1,1,1127.015,nan
r0345,abierto,B10,142.6725,0.268186,9.5622,25.1315,100.0,8.4399,CRITICA,6.1802,0.253363,23.6793,82.3852,0.256453,0.244661,4.3749,8.7717,1,1,1129.816,nan
r0345,abierto,B15,142.6725,0.268186,14.5031,33.9013,100.0,13.9935,CRITICA,6.8897,0.36023,21.3685,76.2384,0.259953,0.249634,3.0697,6.9174,1,1,909.422,nan
r0345,abierto,B25,142.6725,0.268186,24.5667,53.2454,80.7041,26.8701,CRITICA,8.637,0.578888,17.3484,62.68,0.267623,0.26437,0.2098,1.4229,1,1,1037.129,nan
r0345,abierto,B40,142.6725,0.268186,39.5101,75.8367,54.0123,37.9164,CRITICA,11.0151,0.745491,15.1301,46.8456,0.279674,0.265496,4.2838,1.0028,1,1,1047.998,nan
r0350,abierto,B5,142.7842,0.279956,4.4116,15.9984,100.0,4.7113,CRITICA,5.5311,0.157142,26.5744,88.7954,0.245958,0.244798,12.1441,12.5582,1,1,1114.827,nan
r0350,abierto,B10,142.7842,0.279956,9.5606,24.7841,100.0,7.907,CRITICA,6.1321,0.255371,23.906,82.6423,0.259606,0.244074,7.2691,12.8168,1,1,1087.311,nan
r0350,abierto,B15,142.7842,0.279956,14.514,33.4475,100.0,13.1571,CRITICA,6.8217,0.35893,21.648,76.5748,0.26973,0.252058,3.6525,9.9651,1,1,1083.189,nan
r0350,abierto,B25,142.7842,0.279956,24.5596,52.6064,82.994,25.6998,CRITICA,8.5247,0.571834,17.6032,63.1567,0.260809,0.264774,6.8393,5.4228,1,1,1024.275,nan
r0350,abierto,B40,142.7842,0.279956,39.5306,75.7563,53.9269,36.9662,CRITICA,10.9664,0.74295,15.2349,46.9435,0.261665,0.263628,6.5335,5.8321,1,1,1072.731,nan
r0513,abierto,B5,149.9615,0.197076,4.4098,15.8609,100.0,4.7266,CRITICA,5.1736,0.139952,26.6465,89.4233,0.198696,0.175102,0.8221,11.1501,1,1,981.547,nan
r0513,abierto,B10,149.9615,0.197076,9.5564,25.159,100.0,7.9607,CRITICA,5.7773,0.236696,23.6798,83.2231,0.194226,0.209242,1.4462,6.1734,1,1,1107.665,nan
r0513,abierto,B15,149.9615,0.197076,14.5759,33.6134,100.0,12.5174,CRITICA,6.4102,0.335854,21.6235,77.5853,0.191798,0.20917,2.6783,6.1367,1,1,975.229,nan
r0513,abierto,B25,149.9615,0.197076,24.6401,53.3938,83.0755,25.1417,CRITICA,8.0555,0.553943,17.4042,64.395,0.187219,0.206294,5.0016,4.6774,1,1,1078.981,nan
r0513,abierto,B40,149.9615,0.197076,39.5601,77.0954,53.4146,36.5611,CRITICA,10.4048,0.729998,14.9214,48.5899,0.186332,0.192432,5.4518,2.3563,1,1,1011.122,nan
s0045,abierto,B5,100.4343,0.183405,4.363,17.199,100.0,5.7796,CRITICA,8.3602,0.29289,25.709,82.8754,0.196869,0.211648,7.341,15.3989,1,1,1105.95,nan
s0045,abierto,B10,100.4343,0.183405,9.4219,26.4756,100.0,10.4604,CRITICA,9.3005,0.438476,22.9951,73.6388,0.186745,0.195565,1.8212,6.6302,1,1,1146.789,nan
s0045,abierto,B15,100.4343,0.183405,14.4651,36.3633,99.4683,17.6036,CRITICA,10.5536,0.59107,20.4367,63.7939,0.189178,0.185805,3.1475,1.3086,1,1,1114.827,nan
s0045,abierto,B25,100.4343,0.183405,24.4661,57.9362,71.0144,32.4962,CRITICA,13.8374,0.811346,16.2809,42.3143,0.18042,0.198301,1.6274,8.1219,1,1,1040.042,nan
s0045,abierto,B40,100.4343,0.183405,39.4828,80.1067,49.7021,43.6465,BIEN,17.9677,0.875248,14.584,20.2397,0.179697,0.192273,2.0216,4.8353,1,1,1064.736,nan
s0046,abierto,B5,100.8095,0.186833,4.3593,17.1374,100.0,5.6993,CRITICA,8.3349,0.290908,25.7573,83.0002,0.201858,0.204803,8.0424,9.6184,1,1,1092.777,nan
s0046,abierto,B10,100.8095,0.186833,9.4309,26.1753,100.0,10.2592,CRITICA,9.2453,0.433224,23.1435,74.0349,0.191791,0.192216,2.6538,2.8814,1,1,1196.315,nan
s0046,abierto,B15,100.8095,0.186833,14.4656,36.1686,99.4683,17.3312,CRITICA,10.498,0.587497,20.52,64.1218,0.188155,0.193382,0.7075,3.5055,1,1,1069.748,nan
s0046,abierto,B25,100.8095,0.186833,24.4841,57.4526,71.9148,31.8653,CRITICA,13.6658,0.807089,16.4108,43.0087,0.180821,0.195262,3.2179,4.5119,1,1,1036.592,nan
s0046,abierto,B40,100.8095,0.186833,39.4897,79.675,49.8515,43.2452,CRITICA,17.674,0.871904,14.6409,20.9647,0.176585,0.190563,5.4851,1.9968,1,1,1065.984,nan
s0059,abierto,B5,100.7484,0.186047,4.3574,17.156,100.0,5.6481,CRITICA,8.3296,0.290262,25.7434,82.9715,0.194548,0.210734,4.5691,13.2694,1,1,1057.194,nan
s0059,abierto,B10,100.7484,0.186047,9.4273,26.3093,100.0,10.2031,CRITICA,9.248,0.434187,23.0861,73.8861,0.191007,0.188997,2.6657,1.5858,1,1,992.063,nan
s0059,abierto,B15,100.7484,0.186047,14.469,36.0491,99.4857,17.12,CRITICA,10.4689,0.586325,20.5851,64.2187,0.194103,0.187745,4.3299,0.9127,1,1,1032.525,nan
s0059,abierto,B25,100.7484,0.186047,24.482,56.905,72.5805,31.4597,CRITICA,13.5487,0.80411,16.5501,43.5177,0.181303,0.195265,2.5498,4.9545,1,1,1109.632,nan
s0059,abierto,B40,100.7484,0.186047,39.492,79.6841,50.3503,42.9869,CRITICA,17.6168,0.872967,14.6461,20.9079,0.177529,0.197575,4.5785,6.1964,1,1,1069.176,nan
s0066,abierto,B5,99.2571,0.186376,4.3624,17.1957,100.0,5.7509,CRITICA,8.4343,0.297618,25.7175,82.6756,0.200911,0.201786,7.799,8.2686,1,1,1063.151,nan
s0066,abierto,B10,99.2571,0.186376,9.4327,26.1789,100.0,10.5005,CRITICA,9.359,0.440276,23.123,73.6251,0.184927,0.189114,0.7772,1.4693,1,1,1099.022,nan
s0066,abierto,B15,99.2571,0.186376,14.4789,36.4489,99.2917,17.6238,CRITICA,10.6587,0.600934,20.412,63.2783,0.183549,0.186643,1.5167,0.1435,1,1,1042.101,nan
s0066,abierto,B25,99.2571,0.186376,24.5073,57.1824,71.5908,32.2336,CRITICA,13.8121,0.813102,16.4511,42.3896,0.177194,0.189591,4.9262,1.7252,1,1,970.214,nan
s0066,abierto,B40,99.2571,0.186376,39.5053,79.4054,51.2507,43.3389,CRITICA,17.7511,0.87469,14.6923,20.0003,0.180552,0.187877,3.1245,0.8056,1,1,1061.008,nan
s0167,abierto,B5,108.3071,0.202088,4.3718,16.9679,100.0,5.4669,CRITICA,7.8378,0.265384,25.8992,84.3336,0.210376,0.21544,4.1012,6.6069,1,1,1069.404,nan
s0167,abierto,B10,108.3071,0.202088,9.4555,25.2992,100.0,9.3493,CRITICA,8.623,0.391629,23.6545,76.6413,0.203612,0.201217,0.7542,0.431,1,1,1063.49,nan
s0167,abierto,B15,108.3071,0.202088,14.48,35.1204,99.8661,15.1245,CRITICA,9.7014,0.540057,21.0657,67.5733,0.207829,0.209003,2.8412,3.4217,1,1,1003.11,nan
s0167,abierto,B25,108.3071,0.202088,24.5259,55.6574,76.1202,28.5525,CRITICA,12.41,0.764024,17.0052,48.6115,0.191042,0.204684,5.4657,1.2845,1,1,1100.594,nan
s0167,abierto,B40,108.3071,0.202088,39.4971,79.0551,49.9622,39.4184,CRITICA,16.2168,0.864746,14.9081,27.0083,0.194588,0.202801,3.7113,0.3529,1,1,1009.285,nan
s0206,abierto,B5,105.9662,0.193256,4.3546,17.1656,100.0,5.7226,CRITICA,7.9461,0.277252,25.7369,83.8009,0.213061,0.214085,10.2481,10.7783,1,1,1162.385,nan
s0206,abierto,B10,105.9662,0.193256,9.4413,25.9776,100.0,9.578,CRITICA,8.7711,0.414893,23.304,75.485,0.200799,0.203332,3.9032,5.214,1,1,990.982,nan
s0206,abierto,B15,105.9662,0.193256,14.457,35.7139,99.8021,16.1972,CRITICA,9.9095,0.560875,20.7738,66.2969,0.198956,0.203176,2.9499,5.1331,1,1,1054.741,nan
s0206,abierto,B25,105.9662,0.193256,24.505,56.6007,73.7235,29.6256,CRITICA,12.7125,0.781235,16.7567,46.5861,0.19902,0.20593,2.9826,6.5582,1,1,1025.536,nan
s0206,abierto,B40,105.9662,0.193256,39.5001,79.6947,49.9699,41.6942,CRITICA,16.6205,0.867985,14.6952,24.7924,0.189211,0.199456,2.093,3.2082,1,1,1074.345,nan
s0323,abierto,B5,104.119,0.195028,4.3489,17.2947,100.0,5.5392,CRITICA,7.979,0.291692,25.6832,83.3895,0.204507,0.210087,4.8605,7.7219,1,1,1129.944,nan
s0323,abierto,B10,104.119,0.195028,9.4326,25.8701,100.0,10.0367,CRITICA,8.8106,0.422119,23.3044,75.1534,0.20908,0.212127,7.2052,8.7678,1,1,1088.732,nan
s0323,abierto,B15,104.119,0.195028,14.4695,35.9948,99.4721,16.7698,CRITICA,9.9972,0.574786,20.6492,65.4291,0.20035,0.210327,2.7292,7.8449,1,1,1037.129,nan
s0323,abierto,B25,104.119,0.195028,24.5141,56.3762,73.9234,30.3081,CRITICA,12.7479,0.787727,16.7647,45.8541,0.198177,0.20034,1.6148,2.7238,1,1,983.865,nan
s0323,abierto,B40,104.119,0.195028,39.4992,79.7144,49.4983,42.0574,CRITICA,16.5866,0.869627,14.7037,23.4392,0.196355,0.196299,0.6807,0.6519,1,1,1041.992,nan
s0330,abierto,B5,103.6396,0.193052,4.3532,17.3421,100.0,5.5928,CRITICA,8.0032,0.294679,25.6451,83.2669,0.209288,0.218277,8.4101,13.0662,1,1,1053.741,nan
s0330,abierto,B10,103.6396,0.193052,9.4268,26.0715,100.0,10.1834,CRITICA,8.8591,0.426744,23.2076,74.8441,0.205193,0.20466,6.289,6.013,1,1,1077.354,nan
s0330,abierto,B15,103.6396,0.193052,14.4727,36.0513,99.3033,16.9668,CRITICA,10.0374,0.57709,20.626,65.2148,0.211202,0.204956,9.4013,6.166,1,1,1099.143,nan
s0330,abierto,B25,103.6396,0.193052,24.5043,56.5653,73.0889,30.868,CRITICA,12.865,0.790556,16.7037,45.4211,0.199619,0.206079,3.4015,6.7478,1,1,1095.29,nan
s0330,abierto,B40,103.6396,0.193052,39.4949,79.7359,49.737,42.682,CRITICA,16.673,0.87049,14.6767,23.0643,0.188159,0.197679,2.5348,2.3969,1,1,1029.23,nan
s0371,abierto,B5,103.8234,0.184494,4.3386,17.3725,100.0,5.6741,CRITICA,7.98,0.294431,25.6249,83.2673,0.197445,0.210627,7.02,14.1647,1,1,1154.335,nan
s0371,abierto,B10,103.8234,0.184494,9.4394,26.0708,100.0,10.5737,CRITICA,8.8474,0.423659,23.1788,74.8892,0.204856,0.204693,11.0365,10.9482,1,1,1068.604,nan
s0371,abierto,B15,103.8234,0.184494,14.4693,36.2372,99.3305,17.6335,CRITICA,10.0538,0.575748,20.4993,65.0973,0.190851,0.201977,3.4454,9.4764,1,1,1088.969,nan
s0371,abierto,B25,103.8234,0.184494,24.5087,56.6354,72.2875,31.6852,CRITICA,12.8943,0.788026,16.6323,45.4502,0.186203,0.196752,0.9263,6.6444,1,1,1082.72,nan
s0371,abierto,B40,103.8234,0.184494,39.5079,79.2787,49.8399,43.1062,CRITICA,16.7457,0.871722,14.7855,23.6408,0.192079,0.201187,4.1114,9.048,1,1,1094.331,nan
s0383,abierto,B5,109.1659,0.20014,4.3655,17.0829,100.0,5.4074,CRITICA,7.6128,0.265898,25.8081,84.3514,0.213191,nan,6.5211,nan,1,1,1034.447,nan
s0383,abierto,B10,109.1659,0.20014,9.4369,25.3992,100.0,9.549,CRITICA,8.3766,0.388513,23.5748,76.7334,0.20375,0.208692,1.8038,4.2733,1,1,1061.684,nan
s0383,abierto,B15,109.1659,0.20014,14.4957,35.2077,99.8253,15.2433,CRITICA,9.4305,0.537616,21.0485,67.7485,0.203337,0.204255,1.5974,2.0565,1,1,907.771,nan
s0383,abierto,B25,109.1659,0.20014,24.5036,55.5567,76.9431,28.4503,CRITICA,11.9963,0.760581,17.0634,49.108,0.197338,0.207939,1.3998,3.8972,1,1,1011.531,nan
s0383,abierto,B40,109.1659,0.20014,39.5049,79.2816,49.5469,40.0358,CRITICA,15.5671,0.864022,14.8226,27.3751,0.200178,0.201674,0.0192,0.7668,1,1,1147.842,nan
s0430,abierto,B5,103.445,0.189874,4.3545,17.2057,100.0,5.3696,CRITICA,8.0017,0.297289,25.7412,83.3673,0.216091,nan,13.8073,nan,1,1,1024.905,nan
s0430,abierto,B10,103.445,0.189874,9.428,25.4806,100.0,9.7349,CRITICA,8.8129,0.423346,23.5321,75.368,0.204375,0.204409,7.6368,7.6548,1,1,1036.592,nan
s0430,abierto,B15,103.445,0.189874,14.479,35.3739,99.6604,16.0391,CRITICA,9.9567,0.574144,20.968,65.8042,0.200684,0.207007,5.6932,9.023,1,1,1066.667,nan
s0430,abierto,B25,103.445,0.189874,24.5165,55.7134,75.3226,29.0703,CRITICA,12.6519,0.789982,17.0318,46.1421,0.19683,0.199577,3.6633,5.11,1,1,843.384,nan
s0430,abierto,B40,103.445,0.189874,39.5033,79.5273,49.4731,41.5099,CRITICA,16.4962,0.87,14.76,23.1212,0.20397,0.198419,7.4238,4.5003,1,1,1198.753,nan
u0020,abierto,B5,115.1051,0.193051,4.4082,17.0897,100.0,5.9443,CRITICA,7.2772,0.220866,25.7278,85.1529,0.207366,nan,7.4154,nan,1,1,1097.695,nan
u0020,abierto,B10,115.1051,0.193051,9.4534,25.4739,100.0,10.8018,CRITICA,8.0391,0.340143,23.314,77.869,0.21761,nan,12.7217,nan,1,1,982.125,nan
u0020,abierto,B15,115.1051,0.193051,14.4521,35.7105,99.0898,16.8295,CRITICA,9.0781,0.489928,20.5648,68.9757,0.21384,0.215568,10.7689,11.664,1,1,1094.092,nan
u0020,abierto,B25,115.1051,0.193051,24.4903,56.3643,75.7903,30.1389,CRITICA,11.6041,0.730342,16.6424,51.0323,0.228432,0.212552,18.3273,10.1015,1,1,1068.719,nan
u0020,abierto,B40,115.1051,0.193051,39.5017,79.8823,48.2699,42.06,CRITICA,15.0837,0.85615,14.468,30.6005,0.212766,0.214363,10.2126,11.0399,1,1,1010.305,nan
u0151,abierto,B5,115.143,0.20726,4.4076,17.4766,100.0,5.8795,CRITICA,7.2827,0.221922,25.4853,84.8218,0.229685,nan,10.8194,nan,1,1,1021.242,nan
u0151,abierto,B10,115.143,0.20726,9.4558,25.5255,100.0,10.6387,CRITICA,8.0267,0.33189,23.337,77.8315,0.219442,0.225782,5.8774,8.9365,1,1,1057.418,nan
u0151,abierto,B15,115.143,0.20726,14.4663,35.7641,99.282,16.4974,CRITICA,9.0579,0.486093,20.608,68.9394,0.210387,0.214428,1.5086,3.4581,1,1,960.154,nan
u0151,abierto,B25,115.143,0.20726,24.4945,56.9149,75.8874,30.1175,CRITICA,11.6522,0.73389,16.5405,50.5703,0.199944,0.215573,3.53,4.0107,1,1,1001.402,nan
u0151,abierto,B40,115.143,0.20726,39.505,80.3892,47.6528,42.2209,BIEN,15.1646,0.856196,14.3771,30.1831,0.21234,0.202018,2.4507,2.5296,1,1,1079.447,nan
u0180,abierto,B5,111.547,0.209392,4.4165,17.1249,100.0,5.5724,CRITICA,7.5475,0.232139,25.7412,84.6478,0.223449,nan,6.7135,nan,1,1,771.367,nan
u0180,abierto,B10,111.547,0.209392,9.4681,25.4126,100.0,10.4289,CRITICA,8.3365,0.349263,23.4205,77.218,0.217865,0.218543,4.0464,4.3702,1,1,1011.634,nan
u0180,abierto,B15,111.547,0.209392,14.4503,35.1659,99.7341,16.2066,CRITICA,9.355,0.501265,20.8248,68.4743,0.218508,0.209772,4.3536,0.1814,1,1,1112.595,nan
u0180,abierto,B25,111.547,0.209392,24.4743,56.2638,75.9475,29.7578,CRITICA,12.0135,0.745808,16.6803,49.5604,0.211583,0.223087,1.0465,6.5404,1,1,927.472,nan
u0180,abierto,B40,111.547,0.209392,39.5091,79.9177,48.5319,41.8471,CRITICA,15.7228,0.861054,14.4664,28.3551,0.20791,0.217834,0.7078,4.032,1,1,1004.319,nan
u0204,abierto,B5,113.8095,0.20017,4.4172,17.0892,100.0,5.6431,CRITICA,7.3864,0.22207,25.7539,84.9844,0.213863,nan,6.8405,nan,1,1,1054.407,nan
u0204,abierto,B10,113.8095,0.20017,9.4672,25.4286,100.0,10.2925,CRITICA,8.1529,0.339111,23.4232,77.6569,0.222745,0.224605,11.2776,12.2072,1,1,973.331,nan
u0204,abierto,B15,113.8095,0.20017,14.4597,35.3167,99.8312,16.1119,CRITICA,9.1681,0.48794,20.7824,68.9686,0.220778,0.216817,10.2952,8.3161,1,1,1032.098,nan
u0204,abierto,B25,113.8095,0.20017,24.4821,56.2934,76.8286,29.2459,CRITICA,11.7757,0.734333,16.7501,50.5372,0.217469,0.225863,8.6423,12.8356,1,1,1052.41,nan
u0204,abierto,B40,113.8095,0.20017,39.5043,79.9901,46.8474,41.2244,CRITICA,15.4283,0.859613,14.5232,29.7158,0.212727,0.217062,6.2731,8.4387,1,1,1047.998,nan
u0229,abierto,B5,115.3807,0.205445,4.3873,17.327,100.0,5.6256,CRITICA,7.3292,0.221958,25.6085,84.9828,0.227298,nan,10.637,nan,1,1,985.125,nan
u0229,abierto,B10,115.3807,0.205445,9.4776,25.5744,100.0,10.4127,CRITICA,8.0911,0.335926,23.3181,77.8348,0.209979,0.229832,2.2073,11.8707,1,1,1022.39,nan
u0229,abierto,B15,115.3807,0.205445,14.4537,35.4028,99.7244,16.0332,CRITICA,9.0761,0.484525,20.7213,69.3166,0.22038,0.21066,7.2697,2.5387,1,1,1082.954,nan
u0229,abierto,B25,115.3807,0.205445,24.5011,56.4628,77.7543,29.3843,CRITICA,11.6366,0.730103,16.654,51.0639,0.217297,0.223893,5.7692,8.9799,1,1,929.195,nan
u0229,abierto,B40,115.3807,0.205445,39.5237,80.2274,47.9051,41.288,BIEN,15.2255,0.857948,14.4401,30.4672,0.208394,0.209562,1.4358,2.0042,1,1,967.118,nan
u0233,abierto,B5,115.9589,0.198453,4.3885,17.4918,100.0,5.6574,CRITICA,7.2826,0.224126,25.5149,84.9155,0.211595,nan,6.6221,nan,1,1,1037.237,nan
u0233,abierto,B10,115.9589,0.198453,9.4732,25.6088,100.0,10.3107,CRITICA,8.0285,0.336217,23.3226,77.9156,0.204221,0.222389,2.9067,12.0615,1,1,1074.229,nan
u0233,abierto,B15,115.9589,0.198453,14.4565,35.4258,99.7264,15.8516,CRITICA,9.0027,0.484392,20.7468,69.4497,0.21014,0.207951,5.889,4.7862,1,1,1027.432,nan
u0233,abierto,B25,115.9589,0.198453,24.4812,55.9418,78.2685,28.9825,CRITICA,11.4562,0.724911,16.7849,51.7572,0.221753,0.208918,11.7407,5.2735,1,1,1103.753,nan
u0233,abierto,B40,115.9589,0.198453,39.5147,80.2326,48.169,41.4447,BIEN,15.0736,0.857396,14.4133,30.8094,0.211,0.212246,6.3223,6.9502,1,1,1080.731,nan
u0248,abierto,B5,114.6108,0.188595,4.4322,17.3141,100.0,5.6958,CRITICA,7.3098,0.221782,25.6185,84.8931,0.212803,nan,12.8363,nan,1,1,931.619,nan
u0248,abierto,B10,114.6108,0.188595,9.4726,25.4794,100.0,10.479,CRITICA,8.0666,0.334493,23.3846,77.7687,0.210251,0.228483,11.4829,21.1503,1,1,1101.079,nan
u0248,abierto,B15,114.6108,0.188595,14.4638,35.3539,99.7613,16.0155,CRITICA,9.0617,0.483338,20.8052,69.153,0.213219,0.216444,13.0566,14.7668,1,1,1102.901,nan
u0248,abierto,B25,114.6108,0.188595,24.4773,56.6198,76.0019,29.5789,CRITICA,11.6821,0.733148,16.6556,50.5982,0.212624,0.217104,12.7411,15.1165,1,1,1056.412,nan
u0248,abierto,B40,114.6108,0.188595,39.5133,80.3142,47.2841,41.9538,BIEN,15.2622,0.857044,14.4085,29.9244,0.2169,0.208957,15.0085,10.7969,1,1,1004.218,nan
u0282,abierto,B5,110.3973,0.213845,4.4365,17.3367,100.0,5.6329,CRITICA,7.6339,0.237125,25.5934,84.2961,0.211121,nan,1.2739,nan,1,1,1197.175,nan
u0282,abierto,B10,110.3973,0.213845,9.4706,25.3236,100.0,10.509,CRITICA,8.4035,0.351698,23.4545,77.0614,0.202737,0.210165,5.1947,1.7208,1,1,954.927,nan
u0282,abierto,B15,110.3973,0.213845,14.4313,35.5297,99.7555,16.1775,CRITICA,9.4782,0.509318,20.7339,67.8165,0.213059,0.216288,0.3679,1.1421,1,1,1095.65,nan
u0282,abierto,B25,110.3973,0.213845,24.4936,56.575,76.0038,29.7608,CRITICA,12.2041,0.75258,16.662,48.7533,0.20807,0.214578,2.7006,0.3426,1,1,1029.336,nan
u0282,abierto,B40,110.3973,0.213845,39.5077,79.7485,48.5086,41.7099,CRITICA,15.8381,0.864672,14.5297,27.7622,0.21876,0.21857,2.2984,2.2096,1,1,1088.139,nan
u0294,abierto,B5,111.1758,0.203591,4.4389,17.3593,100.0,5.6375,CRITICA,7.5542,0.231519,25.5946,84.3857,0.212949,nan,4.5965,nan,1,1,1033.485,nan
u0294,abierto,B10,111.1758,0.203591,9.453,25.4695,100.0,10.6269,CRITICA,8.3371,0.346537,23.391,77.0908,0.207598,0.21345,1.9681,4.8422,1,1,902.609,nan
u0294,abierto,B15,111.1758,0.203591,14.4499,35.5915,99.6332,16.5432,CRITICA,9.4004,0.501089,20.6832,67.9863,0.214903,0.205936,5.556,1.1516,1,1,1082.485,nan
u0294,abierto,B25,111.1758,0.203591,24.4664,56.542,75.2702,29.8738,CRITICA,12.1079,0.746136,16.683,49.1418,0.231897,0.213547,13.9034,4.8899,1,1,813.273,nan
u0294,abierto,B40,111.1758,0.203591,39.4975,80.1003,48.66,42.5605,BIEN,15.8174,0.862083,14.4216,27.9517,0.212656,0.214418,4.4526,5.3177,1,1,1075.269,nan
u0317,abierto,B5,112.2283,0.206947,4.425,17.054,100.0,5.7974,CRITICA,7.4773,0.222873,25.7726,84.8041,0.215984,nan,4.3666,nan,1,1,1086.957,nan
u0317,abierto,B10,112.2283,0.206947,9.4618,25.3964,100.0,10.5334,CRITICA,8.2602,0.341899,23.4399,77.3708,0.219926,0.218306,6.2715,5.4888,1,1,940.291,nan
u0317,abierto,B15,112.2283,0.206947,14.4746,35.2612,99.7361,16.3976,CRITICA,9.2885,0.491802,20.7983,68.5809,0.214519,0.207038,3.6587,0.0438,1,1,1045.041,nan
u0317,abierto,B25,112.2283,0.206947,24.4828,56.1039,76.3842,29.4614,CRITICA,11.9215,0.73863,16.794,50.0091,0.210749,0.21533,1.8371,4.0509,1,1,1064.056,nan
u0317,abierto,B40,112.2283,0.206947,39.507,79.396,48.5455,41.8937,CRITICA,15.5005,0.857889,14.5649,29.255,0.205904,0.234652,0.504,13.3875,1,1,1038.637,nan
u0433,abierto,B5,112.7143,0.231301,4.4442,17.4061,100.0,5.6378,CRITICA,7.3982,0.231788,25.5716,84.5573,0.215972,nan,6.6275,nan,1,1,1100.837,nan
u0433,abierto,B10,112.7143,0.231301,9.4714,25.3853,100.0,10.7942,CRITICA,8.1517,0.343888,23.3982,77.4782,0.225913,0.224535,2.3293,2.925,1,1,1085.776,nan
u0433,abierto,B15,112.7143,0.231301,14.4473,35.5483,98.987,16.7118,CRITICA,9.1986,0.498377,20.6668,68.4616,0.230874,0.21511,0.1844,6.9999,1,1,1096.371,nan
u0433,abierto,B25,112.7143,0.231301,24.4795,56.4759,77.2691,30.5392,CRITICA,11.8029,0.741018,16.6023,49.8947,0.236517,0.224553,2.255,2.9174,1,1,1125.239,nan
u0433,abierto,B40,112.7143,0.231301,39.515,78.7925,49.9311,42.0477,CRITICA,15.1297,0.858401,14.6614,30.0954,0.218111,0.2292,5.7025,0.9081,1,1,1068.262,nan
u0436,abierto,B5,110.8942,0.19642,4.4555,17.5062,100.0,5.7205,CRITICA,7.499,0.239254,25.4928,84.2136,0.211529,nan,7.692,nan,1,1,1126.761,nan
u0436,abierto,B10,110.8942,0.19642,9.4795,25.4838,100.0,11.2724,CRITICA,8.2824,0.348066,23.3067,77.0197,0.208109,0.2153,5.9512,9.612,1,1,1042.862,nan
u0436,abierto,B15,110.8942,0.19642,14.4449,35.7632,98.3815,17.4012,CRITICA,9.3702,0.507199,20.5452,67.7502,0.202523,0.209224,3.107,6.5187,1,1,1018.849,nan
u0436,abierto,B25,110.8942,0.19642,24.4843,57.1263,75.3692,31.5128,CRITICA,12.147,0.752335,16.4385,48.4858,0.215471,0.216978,9.6993,10.4666,1,1,1117.943,nan
u0436,abierto,B40,110.8942,0.19642,39.5127,80.6439,48.7958,44.2005,BIEN,15.8326,0.864615,14.26,27.2785,0.201649,0.210081,2.6619,6.955,1,1,1040.908,nan
u0513,abierto,B5,111.3155,0.197343,4.4281,17.4601,100.0,5.644,CRITICA,7.5531,0.23441,25.5184,84.3148,0.225802,nan,14.4211,nan,1,1,969.368,nan
u0513,abierto,B10,111.3155,0.197343,9.4684,25.6192,100.0,10.6577,CRITICA,8.3347,0.349627,23.3052,76.985,0.214981,0.222031,8.9378,12.5101,1,1,1096.131,nan
u0513,abierto,B15,111.3155,0.197343,14.4503,35.4034,99.5129,16.4161,CRITICA,9.357,0.502288,20.7353,68.1954,0.228336,0.209845,15.7054,6.3352,1,1,1084.716,nan
u0513,abierto,B25,111.3155,0.197343,24.4795,56.6082,75.639,30.1729,CRITICA,12.0355,0.746683,16.5759,49.1461,0.223108,0.211612,13.056,7.2306,1,1,1041.667,nan
u0513,abierto,B40,111.3155,0.197343,39.5038,80.449,48.0817,42.8691,BIEN,15.7982,0.859995,14.3191,27.7288,0.22671,0.214812,14.8813,8.8522,1,1,998.004,nan
u0519,abierto,B5,111.8987,0.200679,4.4312,17.4513,100.0,5.6614,CRITICA,7.5065,0.231947,25.5295,84.4044,0.206331,nan,2.8164,nan,1,1,1015.641,nan
u0519,abierto,B10,111.8987,0.200679,9.4622,25.467,100.0,10.5992,CRITICA,8.2707,0.345167,23.3827,77.2411,0.201958,0.222364,0.6371,10.8059,1,1,849.329,nan
u0519,abierto,B15,111.8987,0.200679,14.4613,35.4718,99.6196,16.3686,CRITICA,9.3124,0.498118,20.7344,68.3001,0.205875,0.19939,2.5889,0.6425,1,1,1027.961,nan
u0519,abierto,B25,111.8987,0.200679,24.4828,56.579,75.8757,29.7979,CRITICA,11.9595,0.74442,16.6366,49.4373,0.21012,0.203598,4.7044,1.4547,1,1,1035.09,nan
u0519,abierto,B40,111.8987,0.200679,39.5069,80.1692,47.6411,42.1849,BIEN,15.6899,0.860871,14.4387,28.3556,0.200667,0.208212,0.0059,3.7539,1,1,887.626,nan
v0046,abierto,B5,128.0446,0.172509,4.374,16.0944,100.0,4.4106,CRITICA,6.566,0.189195,26.4909,87.4306,0.175055,0.195989,1.4761,13.6108,1,1,1069.519,nan
v0046,abierto,B10,128.0446,0.172509,9.4578,24.4336,100.0,6.9549,CRITICA,7.1973,0.3003,24.2235,80.9179,0.171444,0.169201,0.6172,1.9175,1,1,1036.484,nan
v0046,abierto,B15,128.0446,0.172509,14.4955,32.3794,100.0,10.9565,CRITICA,7.8789,0.409273,22.3546,74.7124,0.170711,0.168912,1.0423,2.0852,1,1,1000.1,nan
v0046,abierto,B25,128.0446,0.172509,24.4968,52.4372,90.3317,20.3664,CRITICA,9.8001,0.656513,18.1854,59.0477,0.162309,0.174156,5.9125,0.9547,1,1,914.077,nan
v0046,abierto,B40,128.0446,0.172509,39.4935,77.9259,50.9732,31.0383,CRITICA,12.6893,0.801621,15.2077,39.1416,0.171216,0.178198,0.7495,3.2982,1,1,1075.269,nan
v0050,abierto,B5,128.3586,0.161235,4.3695,16.3994,100.0,4.5628,CRITICA,6.4916,0.195204,26.2988,87.2238,0.172176,0.187669,6.7859,16.3945,1,1,1061.571,nan
v0050,abierto,B10,128.3586,0.161235,9.4419,24.5482,100.0,7.2372,CRITICA,7.1039,0.304233,24.1247,80.8753,0.168885,0.164619,4.7447,2.0987,1,1,1075.847,nan
v0050,abierto,B15,128.3586,0.161235,14.4885,32.6917,99.9631,11.5416,CRITICA,7.8017,0.414844,22.1792,74.531,0.156792,0.162423,2.7555,0.7367,1,1,1103.875,nan
v0050,abierto,B25,128.3586,0.161235,24.4888,52.3017,89.8678,21.4216,CRITICA,9.671,0.656015,18.1455,59.2535,0.148052,0.167681,8.1761,3.9978,1,1,1064.169,nan
v0050,abierto,B40,128.3586,0.161235,39.4955,77.9989,49.4595,32.727,CRITICA,12.5835,0.803679,15.133,39.2336,0.158336,0.162697,1.7982,0.9066,1,1,1008.675,nan
v0062,abierto,B5,129.0402,0.161912,4.3764,16.1015,100.0,4.3187,CRITICA,6.4912,0.191664,26.4994,87.5221,0.187017,0.200265,15.5053,23.6878,1,1,1107.42,nan
v0062,abierto,B10,129.0402,0.161912,9.4565,24.2471,100.0,6.6368,CRITICA,7.097,0.300451,24.3702,81.2096,0.167269,0.167739,3.3086,3.5988,1,1,962.186,nan
v0062,abierto,B15,129.0402,0.161912,14.4935,32.141,100.0,10.4989,CRITICA,7.7613,0.408413,22.4935,75.0923,0.161171,0.167435,0.4575,3.4114,1,1,1011.634,nan
v0062,abierto,B25,129.0402,0.161912,24.4908,52.1617,91.3233,20.1403,CRITICA,9.6456,0.650513,18.2449,59.5772,0.160763,0.163772,0.7099,1.149,1,1,1016.88,nan
v0062,abierto,B40,129.0402,0.161912,39.5046,77.5594,51.1246,30.9424,CRITICA,12.5073,0.795859,15.2733,39.8952,0.164499,0.173421,1.5977,7.108,1,1,1085.305,nan
v0081,abierto,B5,128.3384,0.162069,4.3608,16.1362,100.0,4.3879,CRITICA,6.5398,0.190025,26.4549,87.4268,0.177077,0.203696,9.2607,25.6849,1,1,1109.632,nan
v0081,abierto,B10,128.3384,0.162069,9.4441,24.3185,100.0,7.1526,CRITICA,7.1616,0.298228,24.2418,81.0513,0.180636,0.159269,11.4567,1.7272,1,1,1062.135,nan
v0081,abierto,B15,128.3384,0.162069,14.4976,32.7034,100.0,11.3106,CRITICA,7.8784,0.410909,22.1446,74.5178,0.164965,0.156068,1.7871,3.7026,1,1,1093.853,nan
v0081,abierto,B25,128.3384,0.162069,24.4848,52.9417,88.8956,21.2003,CRITICA,9.831,0.655436,17.9616,58.7484,0.155645,0.166944,3.9632,3.0085,1,1,997.009,nan
v0081,abierto,B40,128.3384,0.162069,39.513,78.5356,50.7481,31.8634,CRITICA,12.738,0.799789,15.0351,38.8059,0.160825,0.163619,0.7671,0.9563,1,1,1106.195,nan
v0096,abierto,B5,127.329,0.16368,4.3843,16.1135,100.0,4.2692,CRITICA,6.6021,0.195194,26.4891,87.345,0.186087,0.196612,13.6898,20.12,1,1,1051.857,nan
v0096,abierto,B10,127.329,0.16368,9.4495,24.2001,100.0,6.6679,CRITICA,7.2142,0.305106,24.3793,80.994,0.166596,0.176037,1.7814,7.5494,1,1,1021.868,nan
v0096,abierto,B15,127.329,0.16368,14.5091,32.4727,100.0,10.5561,CRITICA,7.9158,0.418182,22.3482,74.497,0.162627,0.170883,0.6433,4.4007,1,1,1086.248,nan
v0096,abierto,B25,127.329,0.16368,24.4819,52.7126,90.8537,20.3985,CRITICA,9.8653,0.662892,18.0894,58.6013,0.161909,0.167145,1.0819,2.1168,1,1,933.445,nan
v0096,abierto,B40,127.329,0.16368,39.4973,78.3926,50.0573,31.4608,CRITICA,12.8404,0.803452,15.1004,38.4331,0.156375,0.181609,4.4632,10.9537,1,1,1104.24,nan
v0112,abierto,B5,125.5972,0.176121,4.381,16.3038,100.0,4.5508,CRITICA,6.747,0.19715,26.3364,87.019,0.187304,0.195233,6.3498,10.8514,1,1,1115.076,nan
v0112,abierto,B10,125.5972,0.176121,9.4589,24.6007,100.0,7.0897,CRITICA,7.3857,0.310357,24.1192,80.413,0.177552,0.177161,0.8126,0.5905,1,1,1058.089,nan
v0112,abierto,B15,125.5972,0.176121,14.5129,33.0793,99.9476,11.5869,CRITICA,8.1443,0.426612,22.0186,73.6624,0.173789,0.167693,1.3243,4.7853,1,1,1082.954,nan
v0112,abierto,B25,125.5972,0.176121,24.4978,53.7563,87.6128,21.9595,CRITICA,10.219,0.678266,17.744,57.1995,0.161845,0.169426,8.1059,3.8015,1,1,1015.847,nan
v0112,abierto,B40,125.5972,0.176121,39.5066,79.7259,48.3747,32.973,CRITICA,13.3241,0.813525,14.8106,36.5225,0.154129,0.170277,12.4868,3.3179,1,1,1072.156,nan
v0114,abierto,B5,126.5803,0.167152,4.3849,16.3483,100.0,4.4518,CRITICA,6.6765,0.195809,26.3381,87.0847,0.168682,0.200686,0.9155,20.0619,1,1,1084.011,nan
v0114,abierto,B10,126.5803,0.167152,9.4689,24.4829,100.0,6.8578,CRITICA,7.2963,0.307817,24.2241,80.6582,0.171689,0.166537,2.7141,0.3682,1,1,1045.806,nan
v0114,abierto,B15,126.5803,0.167152,14.5021,32.8233,99.9282,11.2897,CRITICA,8.033,0.421555,22.1662,74.0692,0.158598,0.1614,5.1177,3.4413,1,1,965.81,nan
v0114,abierto,B25,126.5803,0.167152,24.4891,52.995,89.992,21.1937,CRITICA,10.0103,0.668656,17.9959,58.1333,0.155171,0.171384,7.1681,2.5315,1,1,1062.248,nan
v0114,abierto,B40,126.5803,0.167152,39.4989,79.1695,47.8061,31.9889,CRITICA,13.0847,0.809804,14.9766,37.4551,0.159971,0.172184,4.2964,3.0105,1,1,1065.417,nan
v0140,abierto,B5,121.155,0.181939,4.3773,16.1159,100.0,4.8093,CRITICA,6.9644,0.205578,26.4636,86.6982,0.174627,0.197479,4.0193,8.5409,1,1,1012.658,nan
v0140,abierto,B10,121.155,0.181939,9.4606,24.8597,100.0,8.4668,CRITICA,7.6803,0.324826,23.8587,79.4811,0.152788,0.183323,16.0228,0.7606,1,1,1093.613,nan
v0140,abierto,B15,121.155,0.181939,14.4717,33.6142,99.903,13.8759,CRITICA,8.5227,0.447977,21.5251,72.2552,0.171587,0.169676,5.6897,6.7402,1,1,1077.586,nan
v0140,abierto,B25,121.155,0.181939,24.5081,54.1497,85.94,24.6741,CRITICA,10.7539,0.696147,17.4806,55.3054,0.182753,0.174381,0.4473,4.1543,1,1,1068.148,nan
v0140,abierto,B40,121.155,0.181939,39.4797,78.8728,53.0594,35.9678,CRITICA,13.9379,0.821251,14.8305,34.8992,0.17667,0.177043,2.8963,2.6911,1,1,1069.404,nan
v0201,abierto,B5,128.0771,0.174111,4.3774,15.6274,100.0,4.6348,CRITICA,6.5424,0.183152,26.7784,87.7984,0.181006,0.208204,3.9603,19.5811,1,1,1113.214,nan
v0201,abierto,B10,128.0771,0.174111,9.4559,24.6955,100.0,7.6443,CRITICA,7.2362,0.302467,24.0128,80.7183,0.173223,0.185515,0.5101,6.5498,1,1,1076.426,nan
v0201,abierto,B15,128.0771,0.174111,14.4843,32.6506,99.8273,12.5022,CRITICA,7.9456,0.411212,22.0355,74.5071,0.166413,0.173132,4.4212,0.5622,1,1,1058.313,nan
v0201,abierto,B25,128.0771,0.174111,24.5209,53.1797,87.7448,22.5822,CRITICA,9.999,0.660867,17.8396,58.4784,0.178939,0.168859,2.7733,3.0164,1,1,992.457,nan
v0201,abierto,B40,128.0771,0.174111,39.5155,78.3755,53.4864,33.3176,CRITICA,13.0049,0.806833,15.036,38.806,0.168817,0.168205,3.0405,3.392,1,1,975.039,nan
v0246,abierto,B5,125.4451,0.165658,4.3766,16.1919,100.0,4.491,CRITICA,6.7209,0.199108,26.4244,87.0925,0.195601,0.201219,18.0749,21.4666,1,1,1049.648,nan
v0246,abierto,B10,125.4451,0.165658,9.4495,24.534,100.0,6.9876,CRITICA,7.3578,0.314258,24.1734,80.4425,0.176602,0.183081,6.6065,10.5173,1,1,933.358,nan
v0246,abierto,B15,125.4451,0.165658,14.5033,32.5804,100.0,10.9416,CRITICA,8.0632,0.425941,22.2836,74.0281,0.161016,0.181189,2.8021,9.3755,1,1,1103.509,nan
v0246,abierto,B25,125.4451,0.165658,24.4791,52.7384,89.4351,21.0978,CRITICA,10.0577,0.670087,18.0495,57.959,0.155455,0.172103,6.1593,3.8902,1,1,1016.363,nan
v0246,abierto,B40,125.4451,0.165658,39.5106,78.6106,50.6977,32.4796,CRITICA,13.0681,0.806943,14.9929,37.3346,0.164852,0.164788,0.4867,0.5255,1,1,1062.248,nan
v0255,abierto,B5,125.0554,0.165601,4.3731,16.0288,100.0,4.6,CRITICA,6.7081,0.195639,26.4956,87.1826,0.168509,0.201715,1.7559,21.8076,1,1,1075.847,nan
v0255,abierto,B10,125.0554,0.165601,9.4249,24.5532,100.0,7.3941,CRITICA,7.3636,0.31117,24.1112,80.3662,0.169579,0.17482,2.4022,5.567,1,1,1078.4,nan
v0255,abierto,B15,125.0554,0.165601,14.487,32.7756,99.9049,11.791,CRITICA,8.0952,0.424563,22.0949,73.7912,0.16008,0.173555,3.3339,4.8031,1,1,784.621,nan
v0255,abierto,B25,125.0554,0.165601,24.3947,53.0089,87.9117,21.952,CRITICA,10.1216,0.671704,17.9039,57.6117,0.16361,0.162778,1.2026,1.7047,1,1,1053.63,nan
v0255,abierto,B40,125.0554,0.165601,39.502,78.6944,50.3095,32.7949,CRITICA,13.1472,0.810691,14.9957,37.0723,0.170057,0.166307,2.6908,0.426,1,1,1077.819,nan
v0429,abierto,B5,123.4169,0.172292,4.3753,16.2472,100.0,4.4649,CRITICA,6.9439,0.198631,26.3826,86.8355,0.191711,nan,11.2711,nan,1,1,1075.731,nan
v0429,abierto,B10,123.4169,0.172292,9.4464,24.9246,100.0,7.4432,CRITICA,7.6408,0.317594,23.8966,79.8045,0.173729,0.171222,0.8343,0.6212,1,1,1078.632,nan
v0429,abierto,B15,123.4169,0.172292,14.5061,33.2508,100.0,11.7483,CRITICA,8.4025,0.433609,21.8995,73.0581,0.166691,0.170568,3.2507,1.0005,1,1,1103.144,nan
v0429,abierto,B25,123.4169,0.172292,24.4917,53.8421,87.9175,21.6235,CRITICA,10.556,0.682063,17.7453,56.3738,0.167685,0.17449,2.674,1.2755,1,1,1013.993,nan
v0429,abierto,B40,123.4169,0.172292,39.5036,79.6178,50.3988,32.1962,CRITICA,13.7699,0.815511,14.8596,35.4887,0.173905,0.174296,0.9362,1.1629,1,1,1098.78,nan
v0432,abierto,B5,123.933,0.174357,4.3772,16.5754,100.0,4.6046,CRITICA,6.8926,0.200505,26.152,86.6255,0.190327,0.191239,9.1596,9.6829,1,1,1138.822,nan
v0432,abierto,B10,123.933,0.174357,9.4564,24.9756,100.0,7.4852,CRITICA,7.5648,0.315505,23.8993,79.8475,0.169397,0.166928,2.8443,4.2607,1,1,1061.909,nan
v0432,abierto,B15,123.933,0.174357,14.5067,33.7163,99.9398,12.0883,CRITICA,8.3615,0.436157,21.6947,72.7947,0.170418,0.173132,2.2592,0.7024,1,1,1122.209,nan
v0432,abierto,B25,123.933,0.174357,24.4912,54.3069,87.3411,22.0397,CRITICA,10.4957,0.684778,17.6152,56.1804,0.178011,0.171996,2.0959,1.354,1,1,1077.122,nan
v0432,abierto,B40,123.933,0.174357,39.5012,80.1179,48.7997,32.688,BIEN,13.7414,0.818589,14.7911,35.3539,0.173717,0.178242,0.3671,2.2284,1,1,1003.613,nan
v0487,abierto,B5,126.5951,0.176376,4.3984,16.381,100.0,4.4359,CRITICA,6.6663,0.195426,26.3204,87.0603,0.174108,0.201111,1.2857,14.0243,1,1,1135.847,nan
v0487,abierto,B10,126.5951,0.176376,9.4551,24.6714,100.0,6.9899,CRITICA,7.2993,0.308308,24.109,80.5116,0.182408,0.178045,3.42,0.9465,1,1,1010.714,nan
v0487,abierto,B15,126.5951,0.176376,14.4933,32.8148,99.8991,11.2829,CRITICA,8.0199,0.419563,22.1725,74.0789,0.183846,0.176245,4.2355,0.0742,1,1,981.451,nan
v0487,abierto,B25,126.5951,0.176376,24.4743,53.1846,89.9416,21.4108,CRITICA,10.034,0.668236,17.935,57.9884,0.168525,0.175893,4.4511,0.2739,1,1,1079.797,nan
v0487,abierto,B40,126.5951,0.176376,39.5023,79.2283,48.8191,32.2001,CRITICA,13.1262,0.812665,14.9565,37.4159,0.168488,0.171044,4.4724,3.0229,1,1,1034.019,nan
v0526,abierto,B5,125.8726,0.159417,4.3904,16.2254,100.0,4.4602,CRITICA,6.7356,0.195671,26.4014,87.1097,0.177702,nan,11.4695,nan,1,1,1050.31,nan
v0526,abierto,B10,125.8726,0.159417,9.4465,24.6794,100.0,7.1864,CRITICA,7.3922,0.310329,24.071,80.3934,0.169138,0.166921,6.0975,4.707,1,1,1032.631,nan
v0526,abierto,B15,125.8726,0.159417,14.4994,32.8964,99.8913,11.4735,CRITICA,8.1246,0.42271,22.0959,73.8653,0.162574,0.168615,1.9798,5.7694,1,1,1076.079,nan
v0526,abierto,B25,125.8726,0.159417,24.486,53.7552,88.4647,21.7702,CRITICA,10.2157,0.67402,17.7467,57.2939,0.155073,0.165179,2.7249,3.6143,1,1,1010.714,nan
v0526,abierto,B40,125.8726,0.159417,39.5013,79.6035,48.7143,32.1172,CRITICA,13.3591,0.814367,14.8963,36.7586,0.141662,0.163862,11.1378,2.7881,1,1,1114.33,nan
v0542,abierto,B5,118.3945,0.19687,4.3449,15.57,100.0,4.5118,CRITICA,7.1866,0.205945,26.8789,86.8491,0.187943,0.202702,4.5341,2.9624,1,1,1000.1,nan
v0542,abierto,B10,118.3945,0.19687,9.4555,24.4874,100.0,7.9321,CRITICA,7.9277,0.330151,24.1174,79.3172,0.182106,0.190349,7.4991,3.3123,1,1,913.242,nan
v0542,abierto,B15,118.3945,0.19687,14.488,32.7663,99.1713,13.2096,CRITICA,8.7422,0.453628,21.8898,72.3245,0.190795,0.1843,3.0857,6.3847,1,1,1004.621,nan
v0542,abierto,B25,118.3945,0.19687,24.5159,53.8897,87.3295,24.9656,CRITICA,11.1203,0.704494,17.4367,54.4829,0.186772,0.189234,5.1293,3.8783,1,1,1071.696,nan
v0542,abierto,B40,118.3945,0.19687,39.51,78.3659,54.2335,36.0517,CRITICA,14.3811,0.819172,14.8437,33.8096,0.18686,0.197335,5.0844,0.2362,1,1,1017.501,nan
v0796,abierto,B5,120.9772,0.171405,4.3662,15.8864,100.0,4.7438,CRITICA,7.02,0.200247,26.6099,86.8683,0.162732,0.205963,5.0604,20.161,1,1,1050.42,nan
v0796,abierto,B10,120.9772,0.171405,9.4795,24.8942,100.0,8.1419,CRITICA,7.7538,0.324712,23.8837,79.4224,0.164567,0.163701,3.9895,4.4947,1,1,1061.571,nan
v0796,abierto,B15,120.9772,0.171405,14.5095,33.6469,98.9909,14.0765,CRITICA,8.6172,0.44765,21.5116,72.1874,0.152678,0.160138,10.9261,6.5737,1,1,1157.14,nan
v0796,abierto,B25,120.9772,0.171405,24.5202,53.8955,86.4038,24.7623,CRITICA,10.8348,0.693113,17.5168,55.4499,0.166453,0.161617,2.8896,5.7104,1,1,1059.996,nan
v0796,abierto,B40,120.9772,0.171405,39.517,79.3128,51.1576,35.2778,CRITICA,14.1536,0.826627,14.8299,34.4399,0.173951,0.166502,1.4851,2.8607,1,1,1075.384,nan
v0811,abierto,B5,122.6361,0.154025,4.3666,15.1849,100.0,4.3699,CRITICA,6.9346,0.188611,27.1284,87.6179,0.199002,0.188389,29.2009,22.3107,1,1,965.158,nan
v0811,abierto,B10,122.6361,0.154025,9.4777,24.0284,100.0,7.2936,CRITICA,7.6336,0.31283,24.4092,80.4067,0.151481,0.183526,1.6519,19.153,1,1,1059.547,nan
v0811,abierto,B15,122.6361,0.154025,14.5187,32.3177,98.9967,12.9312,CRITICA,8.4294,0.430034,22.0921,73.6475,0.145176,0.16333,5.7455,6.0412,1,1,1097.574,nan
v0811,abierto,B25,122.6361,0.154025,24.5156,52.3312,88.5463,23.5462,CRITICA,10.5517,0.674435,17.8899,57.328,0.157735,0.150556,2.4086,2.2523,1,1,870.701,nan
v0811,abierto,B40,122.6361,0.154025,39.497,77.7978,56.6807,33.8843,CRITICA,13.7558,0.812495,15.0538,36.5621,0.159404,0.15296,3.4921,0.6916,1,1,1016.363,nan
v0876,abierto,B5,118.3589,0.169819,4.3666,16.2559,100.0,4.4844,CRITICA,7.2682,0.209154,26.3981,86.2656,0.159984,0.191269,5.7918,12.6309,1,1,1100.715,nan
v0876,abierto,B10,118.3589,0.169819,9.4619,24.958,100.0,7.8283,CRITICA,8.0055,0.332681,23.8887,78.9133,0.156913,0.167096,7.6001,1.6035,1,1,1078.167,nan
v0876,abierto,B15,118.3589,0.169819,14.5124,33.4237,99.2975,12.9342,CRITICA,8.8462,0.457007,21.7402,71.7607,0.150206,0.161609,11.5495,4.8347,1,1,1113.338,nan
v0876,abierto,B25,118.3589,0.169819,24.5171,54.4208,86.6172,24.1066,CRITICA,11.2422,0.710806,17.4606,54.0205,0.17055,0.157646,0.4302,7.1683,1,1,996.81,nan
v0876,abierto,B40,118.3589,0.169819,39.5038,79.7738,50.4687,34.7663,CRITICA,14.7057,0.831512,14.7668,32.6001,0.166334,0.152592,2.0525,10.1443,1,1,1010.407,nan
v0886,abierto,B5,120.1395,0.176712,4.3304,16.3462,100.0,4.6476,CRITICA,7.1624,0.208035,26.2715,86.394,0.186254,0.214392,5.3996,21.3229,1,1,932.488,nan
v0886,abierto,B10,120.1395,0.176712,9.4376,24.8574,100.0,8.0019,CRITICA,7.8661,0.328167,23.8505,79.3095,0.163439,0.166023,7.5112,6.0491,1,1,906.947,nan
v0886,abierto,B15,120.1395,0.176712,14.4502,33.6686,99.9185,12.8461,CRITICA,8.7087,0.452127,21.5747,71.9754,0.150858,0.158969,14.6306,10.0408,1,1,1112.842,nan
v0886,abierto,B25,120.1395,0.176712,24.5068,54.7586,86.5066,23.5244,CRITICA,11.0146,0.70471,17.3856,54.4208,0.167439,0.161146,5.2474,8.8089,1,1,1008.98,nan
v0886,abierto,B40,120.1395,0.176712,39.3889,80.4513,49.8224,34.7948,BIEN,14.4236,0.823931,14.5821,33.0351,0.17271,0.168997,2.2648,4.3661,1,1,1063.83,nan
v0894,abierto,B5,120.6339,0.172431,4.3516,16.2627,100.0,4.3869,CRITICA,7.1057,0.203666,26.3897,86.5189,0.17458,0.187119,1.246,8.518,1,1,957.396,nan
v0894,abierto,B10,120.6339,0.172431,9.4721,24.797,100.0,7.648,CRITICA,7.8158,0.321908,23.9934,79.4444,0.163456,0.166841,5.2053,3.242,1,1,834.864,nan
v0894,abierto,B15,120.6339,0.172431,14.4998,33.39,99.346,12.9524,CRITICA,8.6549,0.446155,21.7376,72.3212,0.157141,0.163367,8.8677,5.2568,1,1,1095.05,nan
v0894,abierto,B25,120.6339,0.172431,24.5042,54.3078,87.0617,23.2411,CRITICA,10.9558,0.701606,17.5658,54.9813,0.173641,0.168065,0.7016,2.532,1,1,1022.599,nan
v0894,abierto,B40,120.6339,0.172431,39.5286,79.9946,50.067,34.2237,CRITICA,14.4188,0.829859,14.7729,33.6881,0.162702,0.175998,5.6422,2.0683,1,1,990.688,nan
v0902,abierto,B5,122.6852,0.164131,4.3542,16.2921,100.0,4.6046,CRITICA,6.9856,0.199578,26.3443,86.7204,0.173318,0.205094,5.5976,24.9575,1,1,972.952,nan
v0902,abierto,B10,122.6852,0.164131,9.4693,25.216,100.0,7.7292,CRITICA,7.7073,0.322082,23.7333,79.4466,0.162259,0.166804,1.1406,1.6289,1,1,948.857,nan
v0902,abierto,B15,122.6852,0.164131,14.5136,33.9151,99.8913,12.697,CRITICA,8.5281,0.443594,21.5377,72.356,0.151319,0.169092,7.8058,3.0224,1,1,1054.741,nan
v0902,abierto,B25,122.6852,0.164131,24.5078,54.5055,86.3591,23.0275,CRITICA,10.7239,0.692114,17.4972,55.5729,0.162116,0.164495,1.2278,0.2219,1,1,1054.741,nan
v0902,abierto,B40,122.6852,0.164131,39.5026,80.6747,48.757,33.7303,BIEN,14.1233,0.82575,14.6497,34.2425,0.156861,0.165108,4.4296,0.5955,1,1,922.594,nan
v0945,abierto,B5,120.218,0.184261,4.3354,15.934,100.0,4.5131,CRITICA,7.1174,0.203765,26.5678,86.7457,0.16542,0.218274,10.2255,18.4587,1,1,1065.076,nan
v0945,abierto,B10,120.218,0.184261,9.4454,24.7677,100.0,7.6996,CRITICA,7.8343,0.326867,23.9412,79.3977,0.160272,0.159311,13.0191,13.5405,1,1,1079.447,nan
v0945,abierto,B15,120.218,0.184261,14.4576,33.2212,99.87,12.5518,CRITICA,8.6477,0.448154,21.7827,72.3659,0.159209,0.167793,13.5958,8.9373,1,1,1047.888,nan
v0945,abierto,B25,120.218,0.184261,24.5145,54.1194,87.0267,23.2195,CRITICA,10.923,0.7007,17.5548,54.9823,0.159817,0.159603,13.2659,13.3821,1,1,1048.218,nan
v0945,abierto,B40,120.218,0.184261,39.413,79.9743,50.3057,34.4085,CRITICA,14.354,0.825268,14.6979,33.4756,0.161666,0.169163,12.2628,8.1939,1,1,1103.266,nan
v0975,abierto,B5,118.7666,0.183548,4.3504,16.3229,100.0,4.5671,CRITICA,7.1535,0.213521,26.3603,86.2564,0.161597,0.196371,11.9589,6.9864,1,1,859.107,nan
v0975,abierto,B10,118.7666,0.183548,9.4681,24.9584,100.0,7.9941,CRITICA,7.8712,0.335388,23.8596,78.9853,0.168357,0.162446,8.276,11.4966,1,1,959.233,nan
v0975,abierto,B15,118.7666,0.183548,14.4924,33.9383,99.1364,13.5451,CRITICA,8.7562,0.464347,21.4713,71.4244,0.176255,0.164985,3.973,10.1132,1,1,1128.923,nan
v0975,abierto,B25,118.7666,0.183548,24.497,55.3511,85.1171,25.4047,CRITICA,11.1892,0.71577,17.1437,53.3951,0.175964,0.168792,4.132,8.0393,1,1,1116.196,nan
v0975,abierto,B40,118.7666,0.183548,39.5222,80.0882,49.6963,36.7922,BIEN,14.489,0.826646,14.5868,32.5667,0.187936,0.180976,2.3906,1.4009,1,1,1052.521,nan
v0994,abierto,B5,120.5479,0.169087,4.3662,16.1681,100.0,4.4597,CRITICA,7.0513,0.208152,26.4793,86.5878,0.155815,nan,7.8492,nan,1,1,982.222,nan
v0994,abierto,B10,120.5479,0.169087,9.468,24.6286,100.0,7.6659,CRITICA,7.7386,0.327918,24.0534,79.5695,0.148325,0.155562,12.2789,7.9986,1,1,1090.988,nan
v0994,abierto,B15,120.5479,0.169087,14.498,33.4729,99.1558,12.9877,CRITICA,8.5909,0.454071,21.6988,72.2327,0.164566,0.155717,2.6737,7.907,1,1,1026.694,nan
v0994,abierto,B25,120.5479,0.169087,24.5084,54.5185,86.037,24.5679,CRITICA,10.9128,0.703501,17.3742,54.7744,0.16484,0.162987,2.5118,3.6075,1,1,1130.327,nan
v0994,abierto,B40,120.5479,0.169087,39.5032,79.6311,50.4143,35.7046,CRITICA,14.1724,0.822966,14.7047,33.9424,0.156522,0.174207,7.4312,3.0282,1,1,1008.166,nan
v1005,abierto,B5,121.74,0.172586,4.3453,16.3251,100.0,4.5128,CRITICA,7.0167,0.208441,26.3271,86.5902,0.171826,nan,0.4403,nan,1,1,1132.759,nan
v1005,abierto,B10,121.74,0.172586,9.4761,24.8113,100.0,7.6888,CRITICA,7.7001,0.325942,23.9601,79.6194,0.167945,0.167667,2.6894,2.8501,1,1,1038.314,nan
v1005,abierto,B15,121.74,0.172586,14.4969,33.7328,99.5711,12.8656,CRITICA,8.5517,0.452322,21.5954,72.2912,0.169189,0.166152,1.9685,3.7285,1,1,1072.731,nan
v1005,abierto,B25,121.74,0.172586,24.511,54.6134,85.121,23.7867,CRITICA,10.8066,0.701493,17.4101,55.1393,0.177668,0.172892,2.9442,0.1769,1,1,1084.952,nan
v1005,abierto,B40,121.74,0.172586,39.5087,79.3747,51.1304,34.4703,CRITICA,14.0261,0.823464,14.8385,34.7999,0.161902,0.172916,6.1909,0.1912,1,1,1090.037,nan
w0035,abierto,B5,126.4828,0.259275,4.4669,15.5556,100.0,4.6279,CRITICA,6.5471,0.194269,27.0046,87.7014,0.268693,0.247392,3.6324,4.5833,1,1,834.655,nan
w0035,abierto,B10,126.4828,0.259275,9.5022,23.6826,100.0,7.6117,CRITICA,7.1897,0.304685,24.6506,81.2761,0.256894,0.277212,0.9186,6.9178,1,1,1009.184,nan
w0035,abierto,B15,126.4828,0.259275,14.477,31.3821,100.0,11.1959,CRITICA,7.8459,0.411083,22.9424,75.1887,0.261847,0.270851,0.992,4.4647,1,1,1034.126,nan
w0035,abierto,B25,126.4828,0.259275,24.4927,50.8767,88.3832,21.5972,CRITICA,9.7829,0.653064,18.664,59.7758,0.268844,0.260694,3.6904,0.547,1,1,1055.298,nan
w0035,abierto,B40,126.4828,0.259275,39.4999,75.5088,56.4614,32.5146,CRITICA,12.6587,0.806916,15.7411,40.3012,0.265424,0.25472,2.3714,1.757,1,1,1029.336,nan
w0048,abierto,B5,121.1413,0.304931,4.4087,15.8243,100.0,4.8077,CRITICA,6.8133,0.211868,26.7525,86.9373,0.303888,0.272172,0.3422,10.7432,1,1,1099.989,nan
w0048,abierto,B10,121.1413,0.304931,9.5176,23.7528,100.0,8.0496,CRITICA,7.4616,0.324953,24.6045,80.3925,0.317847,0.296944,4.2356,2.6194,1,1,1047.011,nan
w0048,abierto,B15,121.1413,0.304931,14.4944,31.9012,100.0,12.3833,CRITICA,8.1931,0.444892,22.6026,73.6661,0.295852,0.305893,2.9774,0.3155,1,1,1107.542,nan
w0048,abierto,B25,121.1413,0.304931,24.5207,50.4586,88.5171,22.3538,CRITICA,10.0825,0.677628,18.7404,58.3473,0.305295,0.307042,0.1194,0.6921,1,1,1050.862,nan
w0048,abierto,B40,121.1413,0.304931,39.5363,74.2027,56.9058,33.0252,CRITICA,12.8731,0.820116,16.015,38.747,0.300572,0.302064,1.4295,0.9403,1,1,1060.67,nan
w0061,abierto,B5,103.4809,0.247432,4.3736,16.2635,100.0,5.8603,CRITICA,8.2295,0.263333,26.3473,84.2836,0.259546,0.251917,4.8961,1.8126,1,1,1027.749,nan
w0061,abierto,B10,103.4809,0.247432,9.4946,25.106,100.0,10.7556,CRITICA,9.1528,0.405072,23.6313,75.7385,0.262867,0.276806,6.2383,11.8717,1,1,1040.799,nan
w0061,abierto,B15,103.4809,0.247432,14.4583,33.8428,97.4364,16.3195,CRITICA,10.1821,0.546012,21.4456,67.2956,0.27172,0.27152,9.8163,9.7354,1,1,1055.743,nan
w0061,abierto,B25,103.4809,0.247432,24.5105,53.6532,81.9752,28.7953,CRITICA,12.958,0.781013,17.4875,48.1516,0.270218,0.276505,9.2092,11.7502,1,1,1086.838,nan
w0061,abierto,B40,103.4809,0.247432,39.5293,78.1875,55.9627,40.1494,CRITICA,16.9076,0.866881,14.991,24.4426,0.268276,0.264008,8.4244,6.6993,1,1,924.3,nan
w0194,abierto,B5,131.7693,0.269848,4.4248,15.1512,100.0,4.643,CRITICA,5.7597,0.19518,27.2709,88.5017,0.300265,nan,11.272,nan,1,1,1078.632,nan
w0194,abierto,B10,131.7693,0.269848,9.4817,23.2144,100.0,7.0126,CRITICA,6.306,0.308859,24.9352,82.3825,0.304058,0.284359,12.6775,5.3777,1,1,958.957,nan
w0194,abierto,B15,131.7693,0.269848,14.5664,30.4335,100.0,10.4897,CRITICA,6.8658,0.404263,23.5582,76.904,0.293032,0.294978,8.5917,9.3125,1,1,894.214,nan
w0194,abierto,B25,131.7693,0.269848,24.5346,48.0182,93.9646,19.5882,CRITICA,8.3486,0.624157,19.6643,63.5589,0.284828,0.287971,5.5515,6.716,1,1,1056.859,nan
w0194,abierto,B40,131.7693,0.269848,39.5155,73.2162,55.4775,30.2845,CRITICA,10.6906,0.795799,16.2913,44.4361,0.287771,0.286715,6.642,6.2507,1,1,1000.2,nan
w0199,abierto,B5,116.9834,0.281658,4.3832,14.8673,100.0,4.741,CRITICA,6.4583,0.224923,27.4761,87.2911,0.280733,0.26207,0.3282,6.9544,1,1,1153.004,nan
w0199,abierto,B10,116.9834,0.281658,9.4301,23.0571,100.0,8.0172,CRITICA,7.0881,0.355198,24.9835,80.2903,0.312413,0.282125,10.9191,0.1657,1,1,1126.38,nan
w0199,abierto,B15,116.9834,0.281658,14.4537,31.0474,100.0,11.9746,CRITICA,7.7544,0.474644,23.1164,73.46,0.301612,0.285938,7.0844,1.5196,1,1,1094.092,nan
w0199,abierto,B25,116.9834,0.281658,24.5145,47.7662,91.6629,21.8075,CRITICA,9.3278,0.68544,19.6018,59.1684,0.298007,0.297518,5.8047,5.6311,1,1,858.811,nan
w0199,abierto,B40,116.9834,0.281658,39.546,72.9005,57.0223,32.9746,CRITICA,11.8339,0.830619,16.2614,37.6831,0.308053,0.295868,9.3713,5.0451,1,1,948.047,nan
w0206,abierto,B5,111.3296,0.266394,4.4338,15.3229,100.0,5.5124,CRITICA,6.9438,0.244308,27.0936,86.2365,0.2596,0.248864,2.5503,6.5806,1,1,1072.846,nan
w0206,abierto,B10,111.3296,0.266394,9.428,23.3289,100.0,9.2361,CRITICA,7.6144,0.374606,24.7497,79.0452,0.282403,0.27332,6.0095,2.5997,1,1,972.006,nan
w0206,abierto,B15,111.3296,0.266394,14.5064,32.2486,99.9864,14.2658,CRITICA,8.4658,0.508998,22.4878,71.0332,0.275784,0.282055,3.5248,5.8786,1,1,1118.193,nan
w0206,abierto,B25,111.3296,0.266394,24.5531,49.3206,84.8512,24.7056,CRITICA,10.2347,0.720242,19.0042,55.6986,0.287776,0.285208,8.0264,7.0623,1,1,1040.15,nan
w0206,abierto,B40,111.3296,0.266394,39.4869,74.1566,58.3807,36.2991,CRITICA,13.0996,0.845912,15.9824,33.3901,0.272249,0.281568,2.1976,5.6959,1,1,1075.616,nan
w0207,abierto,B5,120.4005,0.274033,4.4127,15.0432,100.0,5.0089,CRITICA,6.3307,0.218947,27.3396,87.5057,0.2706,0.241695,1.2528,11.8007,1,1,1031.672,nan
w0207,abierto,B10,120.4005,0.274033,9.5094,23.6523,100.0,8.7389,CRITICA,7.0003,0.349132,24.6288,80.3553,0.290023,0.277844,5.8348,1.3906,1,1,970.403,nan
w0207,abierto,B15,120.4005,0.274033,14.4225,31.2554,100.0,12.347,CRITICA,7.6316,0.459735,23.0052,74.0405,0.26813,0.277488,2.1541,1.2608,1,1,1081.9,nan
w0207,abierto,B25,120.4005,0.274033,24.4463,48.395,90.4791,22.0716,CRITICA,9.2185,0.673914,19.3838,59.805,0.29953,0.268893,9.3042,1.8759,1,1,1063.943,nan
w0207,abierto,B40,120.4005,0.274033,39.4271,73.3161,56.3294,33.4098,CRITICA,11.8033,0.822936,16.2047,39.1065,0.294896,0.280077,7.6132,2.2053,1,1,1026.905,nan
w0225,abierto,B5,128.0021,0.254221,4.4237,15.9701,100.0,4.5439,CRITICA,6.2094,0.19966,26.6213,87.5236,0.250086,0.244492,1.6266,3.8273,1,1,1025.431,nan
w0225,abierto,B10,128.0021,0.254221,9.4254,23.8086,100.0,7.4404,CRITICA,6.8012,0.304812,24.5193,81.3999,0.283031,0.257908,11.3326,1.4503,1,1,1109.878,nan
w0225,abierto,B15,128.0021,0.254221,14.432,32.1874,100.0,11.8805,CRITICA,7.4982,0.420412,22.4994,74.854,0.270916,0.254369,6.5669,0.0581,1,1,1206.855,nan
w0225,abierto,B25,128.0021,0.254221,24.4734,51.5571,86.1534,23.1876,CRITICA,9.3492,0.656001,18.3,59.7217,0.272278,0.273443,7.1027,7.561,1,1,1078.4,nan
w0225,abierto,B40,128.0021,0.254221,39.4537,76.3389,55.3843,34.073,CRITICA,12.0266,0.811469,15.4565,40.3612,0.255219,0.263894,0.3925,3.8049,1,1,1047.23,nan
w0363,abierto,B5,156.4791,0.305635,4.4734,15.5984,100.0,4.7325,CRITICA,4.4979,0.15362,26.9433,90.0316,0.300977,0.275506,1.5239,9.8578,1,1,1126.888,nan
w0363,abierto,B10,156.4791,0.305635,9.4402,23.2725,100.0,7.2941,CRITICA,4.963,0.238406,24.8449,85.1274,0.292173,0.297144,4.4046,2.7783,1,1,955.384,nan
w0363,abierto,B15,156.4791,0.305635,14.5391,30.8868,100.0,10.7479,CRITICA,5.4519,0.324497,23.1398,80.2614,0.305149,0.311987,0.1588,2.0783,1,1,1116.944,nan
w0363,abierto,B25,156.4791,0.305635,24.4638,48.7199,93.4192,19.6764,CRITICA,6.7373,0.526461,19.2852,68.8649,0.309531,0.301123,1.2746,1.4762,1,1,929.627,nan
w0363,abierto,B40,156.4791,0.305635,39.5695,73.4008,58.3768,28.9999,CRITICA,8.7227,0.718047,16.3142,53.0922,0.31687,0.308562,3.6759,0.9578,1,1,982.801,nan
w0414,abierto,B5,138.1425,0.259165,4.4659,15.9794,100.0,4.8301,CRITICA,5.5366,0.181081,26.6583,88.4327,0.264746,0.246237,2.1537,4.9882,1,1,963.113,nan
w0414,abierto,B10,138.1425,0.259165,9.4317,23.5855,100.0,7.3029,CRITICA,6.0528,0.276656,24.7066,82.9267,0.272865,0.266428,5.2865,2.8027,1,1,1093.374,nan
w0414,abierto,B15,138.1425,0.259165,14.4807,31.84,100.0,11.6729,CRITICA,6.6912,0.381788,22.6808,76.9513,0.278165,0.266685,7.3314,2.9019,1,1,1034.447,nan
w0414,abierto,B25,138.1425,0.259165,24.5451,50.5241,88.5909,22.0927,CRITICA,8.2917,0.605573,18.6921,63.4261,0.261636,0.276287,0.9534,6.6067,1,1,1003.311,nan
w0414,abierto,B40,138.1425,0.259165,39.47,74.8588,55.4697,31.9427,CRITICA,10.6317,0.781563,15.9028,45.8104,0.250717,0.267326,3.2594,3.1492,1,1,970.214,nan
w0509,abierto,B5,148.808,0.257881,4.4065,15.4097,100.0,4.4251,CRITICA,4.9931,0.15834,27.0654,89.6446,0.283295,0.233335,9.8549,9.5185,1,1,1127.904,nan
w0509,abierto,B10,148.808,0.257881,9.4325,22.9234,100.0,6.8032,CRITICA,5.4793,0.244924,25.1343,84.5953,0.281226,0.27242,9.0527,5.638,1,1,1070.893,nan
w0509,abierto,B15,148.808,0.257881,14.4908,30.9445,100.0,10.4693,CRITICA,6.0435,0.337844,23.1987,79.2051,0.28488,0.27323,10.4695,5.9518,1,1,1095.05,nan
w0509,abierto,B25,148.808,0.257881,24.455,48.6388,93.2368,19.3475,CRITICA,7.436,0.5425,19.4429,67.3144,0.285048,0.269037,10.5348,4.326,1,1,895.415,nan
w0509,abierto,B40,148.808,0.257881,39.5023,73.3948,59.058,29.3356,CRITICA,9.6777,0.73417,16.378,50.6782,0.283042,0.263834,9.7567,2.3083,1,1,1067.008,nan
w0529,abierto,B5,148.4513,0.237458,4.4183,15.6588,100.0,4.7561,CRITICA,5.0777,0.15751,26.8237,89.4519,0.259733,0.241675,9.3808,1.7761,1,1,1002.607,nan
w0529,abierto,B10,148.4513,0.237458,9.424,23.5866,100.0,7.4299,CRITICA,5.6061,0.245638,24.7131,84.1116,0.259839,0.25522,9.4255,7.4801,1,1,1126.888,nan
w0529,abierto,B15,148.4513,0.237458,14.4858,31.7056,100.0,12.0012,CRITICA,6.2046,0.341031,22.6426,78.6424,0.249044,0.256394,4.8791,7.9747,1,1,1143.249,nan
w0529,abierto,B25,148.4513,0.237458,24.4611,50.3583,88.2707,21.6973,CRITICA,7.7282,0.556277,18.7318,66.0776,0.258398,0.257889,8.8186,8.6041,1,1,1025.746,nan
w0529,abierto,B40,148.4513,0.237458,39.4794,74.7744,57.1581,31.9712,CRITICA,10.0483,0.744275,15.9323,49.6303,0.244102,0.263476,2.7979,10.9571,1,1,939.232,nan
w0580,abierto,B5,143.1415,0.268368,4.4199,16.2006,100.0,4.971,CRITICA,5.4609,0.165144,26.4128,88.6821,0.268629,0.255705,0.0974,4.7184,1,1,1096.131,nan
w0580,abierto,B10,143.1415,0.268368,9.3961,24.0629,100.0,7.6541,CRITICA,6.012,0.253124,24.3998,83.1894,0.27327,0.272761,1.8266,1.637,1,1,1090.394,nan
w0580,abierto,B15,143.1415,0.268368,14.5014,32.6353,100.0,13.1609,CRITICA,6.6914,0.357394,22.0743,77.2007,0.259251,0.272835,3.397,1.6646,1,1,1100.352,nan
w0580,abierto,B25,143.1415,0.268368,24.506,51.8424,85.5014,23.493,CRITICA,8.3797,0.582277,18.1867,63.7824,0.265946,0.2641,0.9025,1.5902,1,1,1062.361,nan
w0580,abierto,B40,143.1415,0.268368,39.502,75.9729,56.2499,34.0257,CRITICA,10.8478,0.759768,15.5538,46.9246,0.267629,0.269683,0.2753,0.4901,1,1,1076.195,nan
w0735,abierto,B5,148.1141,0.266217,4.4202,15.5736,100.0,4.8401,CRITICA,5.2473,0.152288,26.8666,89.4854,0.28455,0.240919,6.8864,9.503,1,1,1110.001,nan
w0735,abierto,B10,148.1141,0.266217,9.4,23.2457,100.0,7.2125,CRITICA,5.7645,0.237296,24.8576,84.3055,0.280508,0.2778,5.368,4.3506,1,1,1023.646,nan
w0735,abierto,B15,148.1141,0.266217,14.571,30.5547,100.0,11.3735,CRITICA,6.3105,0.325141,23.1938,79.3708,0.276136,0.290392,3.7259,9.0808,1,1,892.538,nan
w0735,abierto,B25,148.1141,0.266217,24.4903,49.3163,89.5709,22.1175,CRITICA,7.8878,0.542786,18.8444,66.7038,0.289582,0.273914,8.7766,2.8911,1,1,1059.996,nan
w0735,abierto,B40,148.1141,0.266217,39.4955,72.8499,60.8919,32.1994,CRITICA,10.192,0.728323,16.1703,50.815,0.296114,0.272653,11.2301,2.4174,1,1,856.091,nan
w0738,abierto,B5,152.7353,0.271904,4.3982,15.4877,100.0,4.7991,CRITICA,4.9881,0.146285,26.9156,89.8598,0.270548,0.250191,0.4987,7.9856,1,1,1109.139,nan
w0738,abierto,B10,152.7353,0.271904,9.3657,23.1704,100.0,6.987,CRITICA,5.4857,0.229647,24.9137,84.8297,0.290011,0.276102,6.6593,1.544,1,1,1120.323,nan
w0738,abierto,B15,152.7353,0.271904,14.5625,30.2894,100.0,10.9429,CRITICA,5.9993,0.311857,23.3389,80.1687,0.287546,0.287445,5.753,5.7157,1,1,1115.947,nan
w0738,abierto,B25,152.7353,0.271904,24.4693,49.4637,89.8562,21.3195,CRITICA,7.5357,0.531302,18.8745,67.6147,0.287958,0.275033,5.9045,1.151,1,1,1069.404,nan
w0738,abierto,B40,152.7353,0.271904,39.4638,73.5183,59.9585,31.6745,CRITICA,9.7768,0.719519,16.0381,51.8656,0.29073,0.286619,6.9239,5.4119,1,1,1035.304,nan
w0742,abierto,B5,153.4176,0.263825,4.4091,15.668,100.0,4.8269,CRITICA,4.9473,0.147403,26.8069,89.7874,0.274065,0.241854,3.8815,8.328,1,1,1057.53,nan
w0742,abierto,B10,153.4176,0.263825,9.3721,23.256,100.0,7.0933,CRITICA,5.4348,0.228302,24.8499,84.8413,0.279865,0.270557,6.0798,2.5515,1,1,1116.819,nan
w0742,abierto,B15,153.4176,0.263825,14.564,30.3734,100.0,11.0924,CRITICA,5.9463,0.311086,23.2697,80.2021,0.274029,0.28767,3.8677,9.0382,1,1,1046.353,nan
w0742,abierto,B25,153.4176,0.263825,24.478,49.8516,88.62,21.8767,CRITICA,7.5074,0.531915,18.725,67.5059,0.283692,0.285532,7.5302,8.2278,1,1,1041.992,nan
w0742,abierto,B40,153.4176,0.263825,39.4854,73.3497,59.2637,31.8962,CRITICA,9.6896,0.717043,16.0869,52.1895,0.269573,0.278008,2.1787,5.3758,1,1,1021.555,nan
w0810,abierto,B5,130.1075,0.28884,4.4105,15.7291,100.0,5.2077,CRITICA,6.3544,0.188836,26.7404,87.9107,0.287023,0.25128,0.629,13.0037,1,1,1119.695,nan
w0810,abierto,B10,130.1075,0.28884,9.391,23.6226,100.0,8.1779,CRITICA,6.9732,0.291996,24.5527,81.8438,0.295916,0.272299,2.45,5.7265,1,1,1072.386,nan
w0810,abierto,B15,130.1075,0.28884,14.5729,31.025,99.9651,12.15,CRITICA,7.6114,0.390112,22.9645,76.1543,0.313091,0.285679,8.3963,1.0941,1,1,1109.385,nan
w0810,abierto,B25,130.1075,0.28884,24.4659,50.7098,87.8748,22.8808,CRITICA,9.5437,0.625051,18.5467,61.0247,0.29236,0.296717,1.2188,2.7272,1,1,1080.964,nan
w0810,abierto,B40,130.1075,0.28884,39.4909,75.2095,54.3694,33.8342,CRITICA,12.4835,0.788375,15.7579,42.1943,0.304122,0.297057,5.2908,2.8449,1,1,1063.83,nan
x0020,abierto,B5,130.6882,0.187387,4.6115,15.6135,100.0,5.1258,CRITICA,6.2295,0.176156,26.8289,88.0528,0.201004,nan,7.2664,nan,1,1,1055.186,nan
x0020,abierto,B10,130.6882,0.187387,9.4779,23.9279,100.0,8.0574,CRITICA,6.8602,0.284018,24.4192,81.6908,0.189196,0.20992,0.9653,12.0245,1,1,967.024,nan
x0020,abierto,B15,130.6882,0.187387,14.4171,31.6319,100.0,12.6356,CRITICA,7.5329,0.381984,22.519,75.7959,0.188297,0.188853,0.4852,0.7819,1,1,1025.431,nan
x0020,abierto,B25,130.6882,0.187387,24.4896,49.7752,88.3231,23.1578,CRITICA,9.3251,0.600321,18.6595,61.913,0.188616,0.190542,0.6559,1.6835,1,1,1001.201,nan
x0020,abierto,B40,130.6882,0.187387,39.478,74.8942,58.6388,33.1801,CRITICA,12.2611,0.786951,15.7233,42.6924,0.187892,0.183092,0.2691,2.292,1,1,1062.135,nan
x0074,abierto,B5,128.8917,0.186744,4.5875,15.4824,100.0,5.3945,CRITICA,6.2603,0.174111,26.87,87.988,0.198561,nan,6.3275,nan,1,1,901.713,nan
x0074,abierto,B10,128.8917,0.186744,9.4389,23.7636,100.0,8.4215,CRITICA,6.8913,0.282564,24.4935,81.5632,0.194615,0.196009,4.2149,4.9612,1,1,1046.572,nan
x0074,abierto,B15,128.8917,0.186744,14.4258,31.7552,99.8234,13.0768,CRITICA,7.596,0.38854,22.4599,75.3629,0.191947,0.197786,2.7859,5.9129,1,1,932.923,nan
x0074,abierto,B25,128.8917,0.186744,24.4858,50.1191,86.9219,24.177,CRITICA,9.4429,0.610836,18.5108,61.1153,0.187003,0.195882,0.1387,4.8932,1,1,1001.703,nan
x0074,abierto,B40,128.8917,0.186744,39.4643,75.1672,58.5651,35.0284,CRITICA,12.4369,0.791956,15.5784,41.6819,0.182164,0.185102,2.4528,0.8793,1,1,1023.018,nan
x0099,abierto,B5,133.9731,0.167181,4.5784,15.6002,100.0,5.2037,CRITICA,5.962,0.167252,26.8335,88.3558,0.184514,nan,10.3675,nan,1,1,1115.698,nan
x0099,abierto,B10,133.9731,0.167181,9.5157,23.9278,100.0,8.1133,CRITICA,6.5746,0.272331,24.4201,82.1399,0.164104,0.177987,1.8408,6.4635,1,1,1134.687,nan
x0099,abierto,B15,133.9731,0.167181,14.3973,31.9381,100.0,12.7891,CRITICA,7.2455,0.371997,22.3916,76.1608,0.175766,0.163396,5.1352,2.264,1,1,1029.336,nan
x0099,abierto,B25,133.9731,0.167181,24.4977,50.1615,88.4842,23.4569,CRITICA,8.9903,0.588174,18.5679,62.5586,0.180648,0.167191,8.0552,0.0059,1,1,1122.965,nan
x0099,abierto,B40,133.9731,0.167181,39.4646,75.773,55.9103,34.19,CRITICA,11.8662,0.779386,15.505,43.4417,0.175735,0.160426,5.1164,4.0405,1,1,1055.075,nan
x0138,abierto,B5,143.367,0.172952,4.6334,15.3122,100.0,4.5305,CRITICA,5.3742,0.163773,27.1698,89.3196,0.191431,nan,10.6843,nan,1,1,948.857,nan
x0138,abierto,B10,143.367,0.172952,9.5215,23.0677,100.0,7.0883,CRITICA,5.9091,0.256633,24.9837,83.91,0.187894,0.249362,8.6396,44.1798,1,1,1216.249,nan
x0138,abierto,B15,143.367,0.172952,14.4008,30.4495,100.0,11.1397,CRITICA,6.4644,0.341928,23.2685,78.7611,0.175784,0.185179,1.6376,7.0696,1,1,1066.325,nan
x0138,abierto,B25,143.367,0.172952,24.5251,47.5855,92.9088,19.783,CRITICA,7.9025,0.542751,19.621,66.8086,0.181148,0.18045,4.7391,4.3355,1,1,1160.631,nan
x0138,abierto,B40,143.367,0.172952,39.4915,71.8233,62.0893,28.6379,CRITICA,10.2115,0.737236,16.5765,49.9025,0.173303,0.176931,0.2032,2.3006,1,1,1145.738,nan
x0178,abierto,B5,133.2848,0.165947,4.6279,15.5112,100.0,4.9298,CRITICA,6.0724,0.174968,26.921,88.3623,0.219776,nan,32.4379,nan,1,1,1001.001,nan
x0178,abierto,B10,133.2848,0.165947,9.4877,23.4524,100.0,7.3873,CRITICA,6.6521,0.278075,24.7478,82.4043,0.177818,0.261805,7.1535,57.7645,1,1,1133.53,nan
x0178,abierto,B15,133.2848,0.165947,14.401,30.6929,99.9748,11.3745,CRITICA,7.2617,0.369344,23.0994,76.9719,0.162462,0.163246,2.0998,1.6273,1,1,1067.464,nan
x0178,abierto,B25,133.2848,0.165947,24.5178,48.673,90.2521,22.056,CRITICA,8.9639,0.583533,19.0124,63.482,0.159487,0.160129,3.8925,3.5057,1,1,1000.3,nan
x0178,abierto,B40,133.2848,0.165947,39.5049,73.5563,61.3868,31.5732,CRITICA,11.7155,0.772174,16.0324,44.8127,0.167607,0.16205,1.0007,2.3482,1,1,1163.873,nan
x0267,abierto,B5,129.076,0.183049,4.6159,15.5474,100.0,5.0363,CRITICA,6.3293,0.179393,26.8788,87.9548,0.198284,nan,8.323,nan,1,1,1132.375,nan
x0267,abierto,B10,129.076,0.183049,9.4496,23.6371,100.0,7.7883,CRITICA,6.9418,0.286758,24.6113,81.6875,0.18685,0.220855,2.0763,20.6535,1,1,1117.443,nan
x0267,abierto,B15,129.076,0.183049,14.4216,31.1192,99.7128,12.1041,CRITICA,7.6029,0.384859,22.8126,75.8908,0.174822,0.179423,4.4946,1.981,1,1,1105.461,nan
x0267,abierto,B25,129.076,0.183049,24.4905,49.0873,88.6006,22.8762,CRITICA,9.3923,0.603436,18.8444,61.9702,0.178958,0.181519,2.2351,0.8357,1,1,1108.647,nan
x0267,abierto,B40,129.076,0.183049,39.4722,74.3127,60.9831,32.9825,CRITICA,12.3333,0.786331,15.8029,42.4272,0.184049,0.182517,0.5461,0.2905,1,1,1011.634,nan
x0292,abierto,B5,130.0428,0.18982,4.5899,15.5426,100.0,5.2026,CRITICA,6.2441,0.175058,26.8448,88.0481,0.19194,nan,1.1169,nan,1,1,1124.227,nan
x0292,abierto,B10,130.0428,0.18982,9.4169,23.7499,100.0,7.8764,CRITICA,6.8591,0.283349,24.5405,81.7368,0.213693,0.207201,12.5768,9.1571,1,1,1047.449,nan
x0292,abierto,B15,130.0428,0.18982,14.4089,31.4929,99.9961,12.3937,CRITICA,7.5398,0.382973,22.6404,75.7827,0.201968,0.202507,6.4,6.6839,1,1,1133.401,nan
x0292,abierto,B25,130.0428,0.18982,24.4848,49.851,89.0469,23.2389,CRITICA,9.357,0.603898,18.6409,61.6657,0.203799,0.209006,7.3644,10.1076,1,1,945.984,nan
x0292,abierto,B40,130.0428,0.18982,39.4524,75.0674,57.4492,33.4231,CRITICA,12.3041,0.787912,15.667,42.2749,0.197273,0.202437,3.9267,6.6472,1,1,1177.44,nan
x0306,abierto,B5,131.3261,0.203081,4.6074,15.5051,100.0,4.9768,CRITICA,6.161,0.175197,26.9191,88.1934,0.221089,nan,8.8677,nan,1,1,1057.53,nan
x0306,abierto,B10,131.3261,0.203081,9.4716,23.7979,100.0,7.6314,CRITICA,6.7773,0.283025,24.5461,81.8788,0.220176,0.216145,8.418,6.4331,1,1,1086.602,nan
x0306,abierto,B15,131.3261,0.203081,14.4152,31.3212,99.8506,12.3028,CRITICA,7.4339,0.378666,22.693,76.15,0.216085,0.201979,6.4037,0.5423,1,1,1027.855,nan
x0306,abierto,B25,131.3261,0.203081,24.486,49.5943,88.785,22.8817,CRITICA,9.206,0.597941,18.7118,62.2358,0.207473,0.218075,2.1631,7.3835,1,1,1117.818,nan
x0306,abierto,B40,131.3261,0.203081,39.4692,74.7311,59.5587,32.9124,CRITICA,12.0888,0.783816,15.7458,43.095,0.19517,0.213684,3.8951,5.2211,1,1,1125.999,nan
x0310,abierto,B5,131.4042,0.210139,4.5978,15.5259,100.0,5.066,CRITICA,6.1381,0.17338,26.8984,88.1846,0.223335,nan,6.2796,nan,1,1,1066.78,nan
x0310,abierto,B10,131.4042,0.210139,9.4778,23.6916,100.0,7.8445,CRITICA,6.7477,0.279015,24.5816,81.9704,0.218548,0.212287,4.0019,1.0222,1,1,1196.888,nan
x0310,abierto,B15,131.4042,0.210139,14.4228,31.5221,99.8642,12.4821,CRITICA,7.427,0.378236,22.6134,76.0114,0.212613,0.216788,1.1771,3.1641,1,1,1176.332,nan
x0310,abierto,B25,131.4042,0.210139,24.4982,49.7315,88.4842,23.338,CRITICA,9.2033,0.596601,18.6561,62.1538,0.204295,0.217997,2.7812,3.7394,1,1,1115.822,nan
x0310,abierto,B40,131.4042,0.210139,39.485,74.8453,57.9033,33.3845,CRITICA,12.0898,0.784573,15.7228,43.0419,0.206542,0.214298,1.7117,1.9791,1,1,1108.156,nan
x0369,abierto,B5,135.8283,0.133045,4.5945,15.5089,100.0,5.0241,CRITICA,5.8313,0.166279,26.921,88.582,0.197257,nan,48.2633,nan,1,1,1082.485,nan
x0369,abierto,B10,135.8283,0.133045,9.4874,23.5639,100.0,7.7244,CRITICA,6.4095,0.267021,24.6655,82.6517,0.140431,0.179939,5.5513,35.2465,1,1,1136.105,nan
x0369,abierto,B15,135.8283,0.133045,14.4289,30.9404,99.8971,12.1532,CRITICA,7.023,0.357439,22.9152,77.2209,0.141887,0.139361,6.6461,4.7472,1,1,1029.654,nan
x0369,abierto,B25,135.8283,0.133045,24.5011,49.5817,88.5463,23.1409,CRITICA,8.7524,0.576767,18.7053,63.4968,0.128511,0.141645,3.4078,6.4642,1,1,986.583,nan
x0369,abierto,B40,135.8283,0.133045,39.4806,74.5254,59.0192,33.436,CRITICA,11.4823,0.768194,15.7687,45.1327,0.143703,0.128018,8.0111,3.7786,1,1,1112.842,nan
x0382,abierto,B5,131.6936,0.159575,4.5868,15.4187,100.0,5.0103,CRITICA,6.1228,0.173755,26.973,88.292,0.188382,nan,18.0519,nan,1,1,1058.313,nan
x0382,abierto,B10,131.6936,0.159575,9.4715,23.5066,100.0,7.6911,CRITICA,6.724,0.278125,24.6982,82.1506,0.167506,0.19693,4.9702,23.4087,1,1,1124.986,nan
x0382,abierto,B15,131.6936,0.159575,14.4095,31.0424,99.6041,12.2983,CRITICA,7.3737,0.373804,22.8178,76.4283,0.166625,0.155947,4.4175,2.2739,1,1,1117.943,nan
x0382,abierto,B25,131.6936,0.159575,24.5021,48.9593,89.2332,22.941,CRITICA,9.1073,0.589252,18.8879,62.8233,0.165169,0.157509,3.5051,1.2948,1,1,790.139,nan
x0382,abierto,B40,131.6936,0.159575,39.4693,74.2191,59.3025,33.3398,CRITICA,11.9695,0.778312,15.8128,43.6426,0.158822,0.160092,0.4722,0.324,1,1,1075.616,nan
x0385,abierto,B5,132.1164,0.158644,4.5876,15.5357,100.0,5.065,CRITICA,6.1103,0.173742,26.8908,88.2409,0.190864,nan,20.3095,nan,1,1,1105.95,nan
x0385,abierto,B10,132.1164,0.158644,9.4713,23.7042,100.0,7.8006,CRITICA,6.7164,0.278669,24.5681,82.0581,0.174125,0.201384,9.7581,26.941,1,1,1161.98,nan
x0385,abierto,B15,132.1164,0.158644,14.4109,31.3092,99.8642,12.2823,CRITICA,7.369,0.375262,22.718,76.3018,0.17698,0.163741,11.5579,3.2126,1,1,1036.914,nan
x0385,abierto,B25,132.1164,0.158644,24.5021,49.419,88.8684,23.1082,CRITICA,9.1246,0.591988,18.7528,62.5943,0.17049,0.168597,7.467,6.2739,1,1,1107.91,nan
x0385,abierto,B40,132.1164,0.158644,39.4703,74.33,59.0037,33.4451,CRITICA,11.9502,0.777626,15.7847,43.739,0.16285,0.166973,2.6511,5.2499,1,1,907.276,nan
x0400,abierto,B5,132.9343,0.172476,4.6243,15.4028,100.0,4.8003,CRITICA,6.0964,0.175237,27.0224,88.4132,0.192824,nan,11.7978,nan,1,1,962.093,nan
x0400,abierto,B10,132.9343,0.172476,9.4768,23.3941,100.0,7.4109,CRITICA,6.6858,0.277844,24.7748,82.4017,0.189872,0.264333,10.0865,53.2581,1,1,1104.484,nan
x0400,abierto,B15,132.9343,0.172476,14.4044,30.6336,100.0,11.3382,CRITICA,7.2932,0.370654,23.1111,76.9559,0.181209,0.181178,5.0636,5.0458,1,1,1143.511,nan
x0400,abierto,B25,132.9343,0.172476,24.5051,48.6698,89.4972,21.8415,CRITICA,9.0157,0.586132,19.0459,63.388,0.186494,0.186429,8.128,8.09,1,1,1105.705,nan
x0400,abierto,B40,132.9343,0.172476,39.4753,73.7879,61.6294,31.4214,CRITICA,11.8116,0.775398,15.9925,44.493,0.18231,0.184892,5.7016,7.1987,1,1,1096.491,nan
x0437,abierto,B5,138.9058,0.169475,4.5687,15.5926,100.0,5.1979,CRITICA,5.6734,0.162182,26.8254,88.7747,0.208997,nan,23.3203,nan,1,1,1080.847,nan
x0437,abierto,B10,138.9058,0.169475,9.5102,23.4469,100.0,7.8007,CRITICA,6.2314,0.258326,24.6857,83.1203,0.178223,0.183809,5.1618,8.4577,1,1,1091.346,nan
x0437,abierto,B15,138.9058,0.169475,14.3861,31.0895,100.0,12.0004,CRITICA,6.8369,0.350105,22.8584,77.6183,0.182143,0.174645,7.4749,3.0505,1,1,1212.121,nan
x0437,abierto,B25,138.9058,0.169475,24.4952,49.322,90.0114,22.543,CRITICA,8.4816,0.562734,18.8336,64.4925,0.174339,0.183136,2.8699,8.0604,1,1,1000.3,nan
x0437,abierto,B40,138.9058,0.169475,39.4743,74.2699,58.045,32.6544,CRITICA,11.1015,0.758699,15.8509,46.5322,0.177432,0.178914,4.6949,5.5693,1,1,1124.354,nan
x0499,abierto,B5,137.4165,0.184393,4.6001,15.4905,100.0,5.0337,CRITICA,5.7543,0.164464,26.9289,88.7273,0.187693,nan,1.7899,nan,1,1,1115.325,nan
x0499,abierto,B10,137.4165,0.184393,9.5043,23.5103,100.0,7.6282,CRITICA,6.3266,0.262935,24.7017,82.8912,0.186949,0.218699,1.3862,18.6049,1,1,1105.828,nan
x0499,abierto,B15,137.4165,0.184393,14.402,30.9407,100.0,11.3984,CRITICA,6.9178,0.354963,23.0083,77.484,0.189596,0.182245,2.8215,1.165,1,1,1111.235,nan
x0499,abierto,B25,137.4165,0.184393,24.5419,49.1966,89.8232,22.0758,CRITICA,8.5895,0.569533,18.9306,64.1989,0.190389,0.19034,3.2518,3.225,1,1,1110.988,nan
x0499,abierto,B40,137.4165,0.184393,39.4764,74.4528,58.8387,32.4665,CRITICA,11.2912,0.765639,15.8186,45.8196,0.18175,0.186864,1.4333,1.3399,1,1,1048.328,nan
x0667,abierto,B5,135.4629,0.17225,4.6031,15.4596,100.0,4.9109,CRITICA,5.8875,0.169004,26.9629,88.5876,0.182866,nan,6.1632,nan,1,1,1105.217,nan
x0667,abierto,B10,135.4629,0.17225,9.4917,23.3571,100.0,7.3384,CRITICA,6.454,0.268874,24.8152,82.7576,0.191262,0.211742,11.0375,22.9274,1,1,895.015,nan
x0667,abierto,B15,135.4629,0.17225,14.4075,30.8711,100.0,11.5394,CRITICA,7.0731,0.362523,23.0207,77.2106,0.178772,0.17823,3.7865,3.4722,1,1,1195.029,nan
x0667,abierto,B25,135.4629,0.17225,24.5094,49.3191,89.3827,22.1811,CRITICA,8.791,0.581286,18.8771,63.5922,0.176172,0.186049,2.2772,8.0111,1,1,1171.921,nan
x0667,abierto,B40,135.4629,0.17225,39.4724,74.104,59.1647,32.2574,CRITICA,11.4561,0.767083,15.8708,45.2957,0.178278,0.174894,3.4997,1.5353,1,1,1027.644,nan
x0679,abierto,B5,135.9625,0.173583,4.6045,15.5026,100.0,4.9185,CRITICA,5.8553,0.168975,26.9335,88.5979,0.176984,nan,1.9595,nan,1,1,1130.199,nan
x0679,abierto,B10,135.9625,0.173583,9.503,23.4376,100.0,7.3818,CRITICA,6.4264,0.268567,24.7657,82.7617,0.186327,0.206284,7.3418,18.839,1,1,1131.094,nan
x0679,abierto,B15,135.9625,0.173583,14.4133,31.1891,99.9845,11.7577,CRITICA,7.0617,0.36378,22.8483,77.0605,0.180679,0.172496,4.0881,0.6265,1,1,1156.872,nan
x0679,abierto,B25,135.9625,0.173583,24.505,49.5252,89.2682,22.5224,CRITICA,8.7698,0.580456,18.7773,63.5743,0.182925,0.177158,5.3816,2.0593,1,1,1075.038,nan
x0679,abierto,B40,135.9625,0.173583,39.4994,74.1782,58.6349,32.3033,CRITICA,11.4187,0.767078,15.8731,45.4422,0.185489,0.178653,6.8591,2.9209,1,1,1118.193,nan
x0697,abierto,B5,126.3613,0.163707,4.6446,15.5867,100.0,5.0623,CRITICA,6.5488,0.187109,26.8584,87.665,0.19776,nan,20.8014,nan,1,1,1117.943,nan
x0697,abierto,B10,126.3613,0.163707,9.4481,23.6194,100.0,7.7483,CRITICA,7.1693,0.296247,24.6301,81.308,0.163961,0.251666,0.1553,53.7299,1,1,1124.227,nan
x0697,abierto,B15,126.3613,0.163707,14.4311,30.76,99.8506,12.1957,CRITICA,7.8267,0.391603,22.9365,75.6571,0.156405,0.165361,4.4602,1.0106,1,1,1134.044,nan
x0697,abierto,B25,126.3613,0.163707,24.4999,49.2199,88.8179,22.8367,CRITICA,9.7249,0.615788,18.8265,61.0482,0.148427,0.152403,9.3335,6.9048,1,1,1061.346,nan
x0697,abierto,B40,126.3613,0.163707,39.4819,74.4398,58.893,32.9951,CRITICA,12.803,0.793614,15.783,41.0897,0.156952,0.156261,4.1265,4.5484,1,1,1084.246,nan
x0716,abierto,B5,127.5169,0.157036,4.5946,15.5936,100.0,5.223,CRITICA,6.3874,0.179417,26.8378,87.7713,0.182006,nan,15.9005,nan,1,1,1135.074,nan
x0716,abierto,B10,127.5169,0.157036,9.441,24.1306,100.0,8.1647,CRITICA,7.0438,0.293117,24.3331,81.0765,0.160965,0.18998,2.5022,20.9783,1,1,1208.313,nan
x0716,abierto,B15,127.5169,0.157036,14.4058,31.8323,99.9534,13.3748,CRITICA,7.7545,0.393449,22.3441,75.0368,0.167368,0.159305,6.5792,1.4447,1,1,1074.46,nan
x0716,abierto,B25,127.5169,0.157036,24.4842,50.2775,86.4872,24.0748,CRITICA,9.6383,0.616936,18.4798,60.5719,0.164246,0.160344,4.5911,2.1062,1,1,1135.589,nan
x0716,abierto,B40,127.5169,0.157036,39.4806,75.3723,56.4265,34.5649,CRITICA,12.6901,0.795335,15.5689,40.8923,0.168836,0.159749,7.5142,1.7274,1,1,1060.445,nan
x0741,abierto,B5,123.2134,0.191021,4.5967,15.9281,100.0,5.6417,CRITICA,6.6614,0.187728,26.5591,87.0728,0.202045,nan,5.7713,nan,1,1,1138.693,nan
x0741,abierto,B10,123.2134,0.191021,9.4354,24.1845,100.0,8.7088,CRITICA,7.3194,0.299848,24.2981,80.3718,0.199389,0.193221,4.3808,1.1518,1,1,889.442,nan
x0741,abierto,B15,123.2134,0.191021,14.4563,32.4672,99.7167,13.7388,CRITICA,8.0988,0.414868,22.1373,73.6496,0.19735,0.203158,3.3131,6.3539,1,1,1172.47,nan
x0741,abierto,B25,123.2134,0.191021,24.498,51.0474,84.37,25.0108,CRITICA,10.0932,0.643635,18.2508,58.5699,0.198828,0.200088,4.0872,4.7466,1,1,1127.269,nan
x0741,abierto,B40,123.2134,0.191021,39.4942,75.9835,55.885,36.1957,CRITICA,13.2987,0.809657,15.3987,38.3317,0.200732,0.203268,5.084,6.4115,1,1,1142.204,nan
x0748,abierto,B5,125.0346,0.18076,4.5913,15.6386,100.0,5.2816,CRITICA,6.6069,0.184476,26.7846,87.4926,0.206044,nan,13.9874,nan,1,1,1037.344,nan
x0748,abierto,B10,125.0346,0.18076,9.4247,23.993,100.0,8.2005,CRITICA,7.2625,0.297539,24.4048,80.8109,0.188171,0.181205,4.0998,0.2462,1,1,1140.771,nan
x0748,abierto,B15,125.0346,0.18076,14.4332,31.7904,99.868,12.6183,CRITICA,7.9783,0.404007,22.4956,74.5747,0.18747,0.190689,3.7121,5.4928,1,1,1109.385,nan
x0748,abierto,B25,125.0346,0.18076,24.3945,50.221,86.4309,23.5845,CRITICA,9.9104,0.629749,18.5056,59.8343,0.184303,0.190578,1.96,5.4311,1,1,1077.818,nan
x0748,abierto,B40,125.0346,0.18076,39.4722,75.448,57.5385,34.0368,CRITICA,13.0656,0.800718,15.579,39.6583,0.180822,0.182134,0.0344,0.7597,1,1,1034.34,nan
x0774,abierto,B5,127.4073,0.167067,4.5759,15.8974,100.0,5.5045,CRITICA,6.4183,0.179897,26.5723,87.5224,0.175814,nan,5.2361,nan,1,1,1094.93,nan
x0774,abierto,B10,127.4073,0.167067,9.4372,24.4272,100.0,8.3585,CRITICA,7.0728,0.292145,24.1721,80.8274,0.176504,0.175545,5.6489,5.0751,1,1,1035.947,nan
x0774,abierto,B15,127.4073,0.167067,14.4552,32.3286,99.9321,13.4617,CRITICA,7.8015,0.396761,22.2002,74.6258,0.175888,0.168743,5.2801,1.0032,1,1,1105.583,nan
x0774,abierto,B25,127.4073,0.167067,24.4729,51.1708,86.1592,24.5928,CRITICA,9.7388,0.622828,18.2171,59.8368,0.18119,0.177013,8.4536,5.9535,1,1,1141.553,nan
x0774,abierto,B40,127.4073,0.167067,39.4892,76.5736,54.9555,35.1011,CRITICA,12.908,0.800029,15.3714,39.8985,0.177722,0.175567,6.3781,5.0883,1,1,1095.53,nan
x0802,abierto,B5,123.1937,0.183311,4.6306,15.5139,100.0,5.3573,CRITICA,6.7163,0.186648,26.8653,87.4069,0.185595,nan,1.246,nan,1,1,925.069,nan
x0802,abierto,B10,123.1937,0.183311,9.4394,24.0049,100.0,7.9957,CRITICA,7.3831,0.304432,24.4389,80.5145,0.190285,0.182879,3.8046,0.2357,1,1,1113.586,nan
x0802,abierto,B15,123.1937,0.183311,14.4443,31.5177,99.6352,12.4644,CRITICA,8.0895,0.408033,22.6321,74.4161,0.190727,0.18382,4.0455,0.2777,1,1,1080.264,nan
x0802,abierto,B25,123.1937,0.183311,24.4982,50.2434,87.3702,23.9318,CRITICA,10.0913,0.637223,18.4724,59.2159,0.19409,0.187109,5.8801,2.072,1,1,1089.443,nan
x0802,abierto,B40,123.1937,0.183311,39.4899,75.0533,57.2978,34.1894,CRITICA,13.2552,0.803091,15.6337,39.0769,0.189307,0.182858,3.2709,0.247,1,1,1107.052,nan
x0839,abierto,B5,121.8532,0.184723,4.6212,15.4703,100.0,5.2849,CRITICA,6.7981,0.189552,26.9209,87.3041,0.194017,nan,5.0309,nan,1,1,1122.209,nan
x0839,abierto,B10,121.8532,0.184723,9.4087,24.0212,100.0,8.1247,CRITICA,7.4767,0.309629,24.4297,80.2868,0.188518,0.193162,2.0544,4.5683,1,1,1122.46,nan
x0839,abierto,B15,121.8532,0.184723,14.4553,31.2943,99.7885,12.9248,CRITICA,8.1813,0.411155,22.6672,74.318,0.19204,0.184662,3.961,0.0333,1,1,1101.686,nan
x0839,abierto,B25,121.8532,0.184723,24.4906,50.3345,86.4057,24.483,CRITICA,10.2509,0.645744,18.4041,58.6926,0.181568,0.195543,1.7082,5.8573,1,1,1105.217,nan
x0839,abierto,B40,121.8532,0.184723,39.486,75.1436,58.6252,35.1437,CRITICA,13.4813,0.808278,15.5566,38.3327,0.180947,0.180927,2.0445,2.0551,1,1,1087.666,nan
x0878,abierto,B5,127.2371,0.176712,4.599,15.5877,100.0,5.3359,CRITICA,6.4359,0.179399,26.8089,87.7491,0.187604,nan,6.1633,nan,1,1,1155.535,nan
x0878,abierto,B10,127.2371,0.176712,9.4402,23.8357,100.0,8.1818,CRITICA,7.0721,0.289283,24.4757,81.2667,0.190979,0.184795,8.0732,4.5738,1,1,955.475,nan
x0878,abierto,B15,127.2371,0.176712,14.4231,31.6274,99.9612,12.7397,CRITICA,7.7737,0.392178,22.5403,75.143,0.185537,0.176857,4.9936,0.0818,1,1,1065.076,nan
x0878,abierto,B25,127.2371,0.176712,24.4855,50.0516,87.0073,23.6775,CRITICA,9.6559,0.615594,18.5601,60.6627,0.177943,0.183199,0.6964,3.6709,1,1,1121.579,nan
x0878,abierto,B40,127.2371,0.176712,39.477,75.2142,56.409,34.0144,CRITICA,12.7222,0.794055,15.631,40.8866,0.177297,0.177637,0.3307,0.523,1,1,1059.21,nan
x0995,abierto,B5,126.4858,0.170992,4.6198,15.6756,100.0,5.3727,CRITICA,6.4782,0.180744,26.7513,87.6069,0.190721,nan,11.5381,nan,1,1,1112.966,nan
x0995,abierto,B10,126.4858,0.170992,9.4413,24.0799,100.0,8.319,CRITICA,7.1298,0.29188,24.3556,80.9624,0.180477,0.178794,5.5473,4.5629,1,1,1105.95,nan
x0995,abierto,B15,126.4858,0.170992,14.4413,31.8204,99.6837,13.0665,CRITICA,7.8419,0.395493,22.4299,74.8428,0.184473,0.171303,7.8841,0.182,1,1,1128.159,nan
x0995,abierto,B25,126.4858,0.170992,24.4936,50.279,86.4445,24.089,CRITICA,9.7529,0.619647,18.4777,60.2493,0.180298,0.181865,5.4428,6.3589,1,1,1047.23,nan
x0995,abierto,B40,126.4858,0.170992,39.4847,75.819,56.3741,34.7226,CRITICA,12.9256,0.799094,15.4907,40.0573,0.177507,0.175397,3.8104,2.5764,1,1,1033.912,nan
x1011,abierto,B5,124.6125,0.17534,4.6386,15.6334,100.0,5.297,CRITICA,6.6233,0.185516,26.7866,87.4544,0.19511,nan,11.2753,nan,1,1,1191.469,nan
x1011,abierto,B10,124.6125,0.17534,9.4365,24.1161,100.0,8.1889,CRITICA,7.2895,0.30057,24.3528,80.6471,0.176946,0.185086,0.9164,5.5585,1,1,1043.95,nan
x1011,abierto,B15,124.6125,0.17534,14.4509,31.6007,99.6584,12.7335,CRITICA,7.9844,0.403,22.5441,74.6408,0.180639,0.179014,3.0224,2.0955,1,1,1106.072,nan
x1011,abierto,B25,124.6125,0.17534,24.5105,50.4499,86.7958,24.0781,CRITICA,9.967,0.631714,18.3949,59.5146,0.180915,0.185249,3.1796,5.6515,1,1,1120.323,nan
x1011,abierto,B40,124.6125,0.17534,39.4915,75.5363,57.7422,34.6958,CRITICA,13.1211,0.801956,15.4904,39.3831,0.175954,0.177096,0.3505,1.0015,1,1,1088.258,nan
x1149,abierto,B5,127.5279,0.185909,4.6175,15.5076,100.0,5.3197,CRITICA,6.3961,0.177621,26.8802,87.8399,0.204733,nan,10.1249,nan,1,1,1120.197,nan
x1149,abierto,B10,127.5279,0.185909,9.4422,23.9088,100.0,8.007,CRITICA,7.0332,0.290391,24.4948,81.2521,0.211317,0.199132,13.6669,7.1122,1,1,1157.006,nan
x1149,abierto,B15,127.5279,0.185909,14.4182,31.4427,99.7807,12.823,CRITICA,7.7237,0.390172,22.5984,75.3445,0.199328,0.194236,7.2176,4.4787,1,1,1222.494,nan
x1149,abierto,B25,127.5279,0.185909,24.4748,50.2659,86.6367,24.1667,CRITICA,9.6434,0.618416,18.4397,60.5844,0.202099,0.193873,8.7083,4.2837,1,1,1092.18,nan
x1149,abierto,B40,127.5279,0.185909,39.482,75.4023,58.2138,34.7466,CRITICA,12.7027,0.795065,15.5306,40.8738,0.194763,0.195837,4.7624,5.3398,1,1,1111.111,nan
x1260,abierto,B5,120.8458,0.179469,4.626,15.4864,100.0,5.4543,CRITICA,6.8724,0.189855,26.8752,87.185,0.184733,nan,2.933,nan,1,1,1131.35,nan
x1260,abierto,B10,120.8458,0.179469,9.4237,24.2052,100.0,8.3879,CRITICA,7.5734,0.312472,24.2857,79.9701,0.182076,0.185663,1.4525,3.4509,1,1,1112.347,nan
x1260,abierto,B15,120.8458,0.179469,14.4439,31.8057,99.6158,12.9925,CRITICA,8.3091,0.420135,22.4474,73.6808,0.186789,0.181569,4.0783,1.1699,1,1,1097.574,nan
x1260,abierto,B25,120.8458,0.179469,24.4824,50.7687,85.9535,24.8846,CRITICA,10.4075,0.6507,18.2507,57.9889,0.189504,0.185032,5.5913,3.0995,1,1,1119.946,nan
x1260,abierto,B40,120.8458,0.179469,39.497,75.5833,56.8981,35.5267,CRITICA,13.7015,0.812097,15.4608,37.4548,0.174828,0.179689,2.5865,0.1225,1,1,1064.736,nan
x1424,abierto,B5,127.2958,0.181274,4.6088,15.8784,100.0,5.5342,CRITICA,6.4055,0.180054,26.5893,87.5264,0.191433,nan,5.6042,nan,1,1,1152.605,nan
x1424,abierto,B10,127.2958,0.181274,9.4422,24.3274,100.0,8.524,CRITICA,7.0564,0.291148,24.2062,80.8891,0.193539,0.190946,6.7662,5.3358,1,1,1134.816,nan
x1424,abierto,B15,127.2958,0.181274,14.4472,32.2865,99.6487,13.4943,CRITICA,7.7863,0.396907,22.1954,74.6366,0.183211,0.185099,1.0685,2.1101,1,1,1207.292,nan
x1424,abierto,B25,127.2958,0.181274,24.4853,51.1524,85.1152,25.1835,CRITICA,9.7423,0.623317,18.137,59.8161,0.194289,0.185427,7.1797,2.291,1,1,987.362,nan
x1424,abierto,B40,127.2958,0.181274,39.4697,76.1991,55.9685,35.773,CRITICA,12.8295,0.799284,15.3405,40.1401,0.197738,0.187147,9.0826,3.24,1,1,1132.375,nan
y0059,abierto,B5,86.6476,0.216825,4.4441,18.1519,100.0,8.0263,CRITICA,8.9355,0.349689,24.9182,79.0508,0.216924,0.192753,0.0458,11.102,1,1,812.414,nan
y0059,abierto,B10,86.6476,0.216825,9.5095,28.0148,99.6216,14.7255,CRITICA,10.0796,0.519253,21.9061,67.6681,0.213546,0.188581,1.5121,13.0259,1,1,1106.929,nan
y0059,abierto,B15,86.6476,0.216825,14.5192,38.4437,94.3702,22.1737,CRITICA,11.461,0.676437,19.4125,55.6321,0.224636,0.198596,3.6023,8.4072,1,1,1098.177,nan
y0059,abierto,B25,86.6476,0.216825,24.5153,58.9957,70.6243,35.8976,CRITICA,14.4845,0.852264,15.9152,31.9131,0.226954,0.201132,4.6716,7.2374,1,1,1105.339,nan
y0059,abierto,B40,86.6476,0.216825,39.5353,83.4285,48.759,49.3465,BIEN,17.4163,0.840469,13.7573,3.7151,0.229576,0.210526,5.8807,2.9051,1,1,971.912,nan
y0134,abierto,B5,79.1287,0.221564,4.453,18.1777,100.0,8.9634,CRITICA,9.6036,0.394089,24.7706,77.0277,0.208708,0.193395,5.8023,12.7135,1,1,828.844,nan
y0134,abierto,B10,79.1287,0.221564,9.5271,28.2481,99.3654,16.5598,CRITICA,10.916,0.56935,21.6355,64.3011,0.207227,0.189299,6.4706,14.5622,1,1,1190.051,nan
y0134,abierto,B15,79.1287,0.221564,14.5114,38.2591,93.0272,24.0643,CRITICA,12.395,0.717152,19.35,51.6496,0.197897,0.189394,10.6816,14.5196,1,1,1115.449,nan
y0134,abierto,B25,79.1287,0.221564,24.5196,58.3009,69.9063,38.0522,CRITICA,15.6206,0.85335,15.9942,26.3214,0.201196,0.197146,9.1928,11.0205,1,1,1113.586,nan
y0134,abierto,B40,79.1287,0.221564,39.5377,81.8682,51.4021,51.3546,BIEN,17.9035,0.808786,14.0044,3.4621,0.230493,0.214213,4.03,3.3176,1,1,1109.016,nan
y0171,abierto,B5,84.9213,0.21876,4.4405,17.9931,100.0,7.9993,CRITICA,9.1576,0.367631,25.0184,78.8121,0.206481,0.194201,5.6132,11.2265,1,1,1129.178,nan
y0171,abierto,B10,84.9213,0.21876,9.5217,27.5712,99.5866,14.9228,CRITICA,10.3235,0.531936,22.0357,67.5332,0.211501,0.19187,3.3183,12.2921,1,1,1135.847,nan
y0171,abierto,B15,84.9213,0.21876,14.5168,37.4455,94.5274,21.9726,CRITICA,11.6667,0.679969,19.7337,55.9056,0.210207,0.189131,3.9096,13.5439,1,1,1045.588,nan
y0171,abierto,B25,84.9213,0.21876,24.5193,57.7994,73.0404,35.5822,CRITICA,14.761,0.848078,16.1824,31.9377,0.230353,0.19859,5.2994,9.2201,1,1,1080.03,nan
y0171,abierto,B40,84.9213,0.21876,39.5054,81.7771,49.5139,48.7261,BIEN,17.6195,0.836959,14.041,3.7025,0.228583,0.21058,4.4905,3.7392,1,1,953.562,nan
y0189,abierto,B5,85.4379,0.216046,4.4072,17.8958,100.0,8.0376,CRITICA,9.0344,0.364289,25.0532,79.0541,0.206373,0.195152,4.4771,9.6711,1,1,1123.848,nan
y0189,abierto,B10,85.4379,0.216046,9.5121,27.8084,99.6158,14.9484,CRITICA,10.2048,0.53164,21.9487,67.4519,0.203494,0.192545,5.8096,10.8778,1,1,1120.699,nan
y0189,abierto,B15,85.4379,0.216046,14.4965,37.8408,94.6826,22.2897,CRITICA,11.5661,0.680372,19.5961,55.7095,0.209762,0.195478,2.9083,9.5202,1,1,1118.318,nan
y0189,abierto,B25,85.4379,0.216046,24.5168,58.2531,71.5927,35.791,CRITICA,14.5735,0.846484,16.0812,31.8182,0.212318,0.197598,1.7254,8.539,1,1,1185.536,nan
y0189,abierto,B40,85.4379,0.216046,39.5069,83.1719,48.7822,49.7185,BIEN,17.5139,0.833048,13.7928,2.6522,0.219581,0.207517,1.6365,3.9478,1,1,1069.633,nan
y0271,abierto,B5,84.7407,0.211853,4.437,17.982,100.0,8.0129,CRITICA,9.1632,0.37177,25.0016,78.78,0.213848,0.19321,0.9416,8.8001,1,1,1128.032,nan
y0271,abierto,B10,84.7407,0.211853,9.5198,27.3679,99.707,14.6668,CRITICA,10.2867,0.534556,22.1596,67.704,0.197102,0.185515,6.9628,12.4325,1,1,1103.144,nan
y0271,abierto,B15,84.7407,0.211853,14.4997,37.3212,95.0222,21.9458,CRITICA,11.6273,0.68178,19.7235,55.9584,0.202021,0.186362,4.641,12.0327,1,1,1054.741,nan
y0271,abierto,B25,84.7407,0.211853,24.5161,57.4469,72.9104,35.3987,CRITICA,14.5857,0.84446,16.2179,32.2087,0.191631,0.192415,9.5454,9.1752,1,1,1103.144,nan
y0271,abierto,B40,84.7407,0.211853,39.5024,81.6912,49.6846,48.3633,BIEN,17.4573,0.832025,14.056,3.5987,0.210027,0.198011,0.8619,6.534,1,1,1121.328,nan
y0367,abierto,B5,92.7045,0.225932,4.4316,17.7931,100.0,7.5829,CRITICA,8.3355,0.339406,25.1252,80.8067,0.221829,0.18914,1.8163,16.2848,1,1,1166.453,nan
y0367,abierto,B10,92.7045,0.225932,9.5205,27.4274,99.8758,13.9298,CRITICA,9.3367,0.496801,22.2168,70.4142,0.194974,0.18617,13.7023,17.5991,1,1,1114.082,nan
y0367,abierto,B15,92.7045,0.225932,14.4719,37.3737,97.0618,20.9369,CRITICA,10.5267,0.64478,19.8211,59.6852,0.200252,0.191726,11.3663,15.1399,1,1,1024.275,nan
y0367,abierto,B25,92.7045,0.225932,24.5338,57.2682,72.7474,34.4312,CRITICA,13.1255,0.825372,16.2994,38.2251,0.201103,0.194636,10.9896,13.8521,1,1,1105.217,nan
y0367,abierto,B40,92.7045,0.225932,39.5187,81.1441,48.431,47.3268,BIEN,15.8411,0.844059,14.0724,12.4702,0.220546,0.202137,2.384,10.5322,1,1,1096.611,nan
y0387,abierto,B5,92.6325,0.222544,4.4363,17.7784,100.0,7.566,CRITICA,8.3371,0.333725,25.1553,80.8076,0.229604,0.192991,3.1725,13.2793,1,1,1076.079,nan
y0387,abierto,B10,92.6325,0.222544,9.4817,27.4434,99.8894,13.7749,CRITICA,9.3534,0.493276,22.2478,70.3739,0.204391,0.182169,8.1568,18.1422,1,1,1164.144,nan
y0387,abierto,B15,92.6325,0.222544,14.4707,37.4599,96.3555,20.9367,CRITICA,10.5782,0.642858,19.8361,59.5607,0.202063,0.199559,9.2028,10.3283,1,1,1083.306,nan
y0387,abierto,B25,92.6325,0.222544,24.5157,57.3231,72.6989,34.3011,CRITICA,13.1949,0.828431,16.3176,38.1177,0.220328,0.207035,0.9955,6.9689,1,1,1084.128,nan
y0387,abierto,B40,92.6325,0.222544,39.4926,80.8349,49.7157,47.1555,BIEN,15.8226,0.842853,14.1022,12.7359,0.209569,0.203047,5.8303,8.7608,1,1,1104.972,nan
y0408,abierto,B5,87.4822,0.211255,4.4503,18.0186,100.0,7.9417,CRITICA,8.9185,0.351873,24.967,79.4031,0.210067,0.189241,0.5621,10.4206,1,1,1050.089,nan
y0408,abierto,B10,87.4822,0.211255,9.5012,27.5848,99.903,14.1473,CRITICA,9.9956,0.520054,22.1235,68.4681,0.200176,0.194444,5.2443,7.9575,1,1,1095.77,nan
y0408,abierto,B15,87.4822,0.211255,14.5098,37.7848,95.7868,21.0948,CRITICA,11.3016,0.672646,19.704,56.8086,0.19843,0.190037,6.0706,10.0439,1,1,1093.613,nan
y0408,abierto,B25,87.4822,0.211255,24.5896,58.2297,71.8295,35.154,CRITICA,14.2032,0.84745,16.0707,33.4382,0.202851,0.191165,3.9779,9.5096,1,1,1120.825,nan
y0408,abierto,B40,87.4822,0.211255,39.5105,81.8535,49.0112,47.8991,BIEN,16.8555,0.842391,13.9733,6.434,0.214355,0.205,1.4677,2.9608,1,1,1120.574,nan
y0409,abierto,B5,86.7207,0.218419,4.4383,17.9906,100.0,8.0352,CRITICA,9.0127,0.352833,24.9712,79.2545,0.20447,0.188741,6.3865,13.5876,1,1,1062.586,nan
y0409,abierto,B10,86.7207,0.218419,9.4939,27.649,99.8525,14.3062,CRITICA,10.1213,0.522358,22.0821,68.1172,0.194767,0.189011,10.8285,13.4638,1,1,1074.345,nan
y0409,abierto,B15,86.7207,0.218419,14.4964,37.6569,95.4899,21.1516,CRITICA,11.4096,0.67558,19.7152,56.5768,0.206682,0.194906,5.3738,10.7651,1,1,1120.197,nan
y0409,abierto,B25,86.7207,0.218419,24.5382,58.0773,72.3612,35.1932,CRITICA,14.3684,0.850402,16.0818,33.0295,0.208045,0.192452,4.7496,11.8887,1,1,1145.475,nan
y0409,abierto,B40,86.7207,0.218419,39.4966,81.9582,48.5843,47.9242,BIEN,17.0195,0.842526,13.9569,5.4918,0.211274,0.206703,3.2711,5.3638,1,1,1073.883,nan
y0439,abierto,B5,85.8989,0.234269,4.4377,18.0774,100.0,8.0624,CRITICA,9.1065,0.358928,24.936,78.955,0.205077,0.190596,12.4609,18.6425,1,1,1026.589,nan
y0439,abierto,B10,85.8989,0.234269,9.5091,28.0227,99.6546,14.7383,CRITICA,10.2657,0.530369,21.8793,67.3771,0.196551,0.183686,16.1003,21.5919,1,1,1088.969,nan
y0439,abierto,B15,85.8989,0.234269,14.5067,37.9533,94.6632,22.1388,CRITICA,11.6103,0.682205,19.5133,55.8163,0.205986,0.18973,12.0729,19.0122,1,1,1122.586,nan
y0439,abierto,B25,85.8989,0.234269,24.5256,57.801,72.9085,35.3963,CRITICA,14.5587,0.851311,16.1659,32.7104,0.211297,0.194153,9.8058,17.1239,1,1,1065.417,nan
y0439,abierto,B40,85.8989,0.234269,39.5021,81.9497,49.2305,48.1141,BIEN,17.2866,0.841452,14.0006,4.5975,0.214174,0.203171,8.5778,13.2748,1,1,1025.746,nan
y0516,abierto,B5,90.8825,0.231382,4.4448,17.8289,100.0,7.5782,CRITICA,8.5035,0.334906,25.106,80.3824,0.225877,0.195182,2.3791,15.645,1,1,1087.075,nan
y0516,abierto,B10,90.8825,0.231382,9.4809,27.4949,99.8952,14.011,CRITICA,9.5519,0.498633,22.1772,69.7467,0.20637,0.194533,10.8099,15.9259,1,1,1203.08,nan
y0516,abierto,B15,90.8825,0.231382,14.4802,37.5996,96.3593,20.8395,CRITICA,10.7882,0.65206,19.7802,58.6283,0.198998,0.193948,13.9959,16.1786,1,1,1183.712,nan
y0516,abierto,B25,90.8825,0.231382,24.5316,57.5572,72.2622,34.2429,CRITICA,13.5515,0.837327,16.3002,36.6685,0.210746,0.204828,8.9188,11.4765,1,1,995.917,nan
y0516,abierto,B40,90.8825,0.231382,39.5108,81.4407,48.4853,46.9014,BIEN,16.3741,0.851396,14.1012,10.389,0.208979,0.215015,9.6825,7.0737,1,1,1078.865,nan
y0581,abierto,B5,84.7463,0.2171,4.4246,18.1477,100.0,8.5063,CRITICA,9.0644,0.374272,24.8543,78.5859,0.219836,0.194947,1.2601,10.2041,1,1,1027.538,nan
y0581,abierto,B10,84.7463,0.2171,9.5112,27.8867,99.5983,15.4755,CRITICA,10.2306,0.539001,21.8747,67.0938,0.205683,0.193989,5.2591,10.6453,1,1,1039.069,nan
y0581,abierto,B15,84.7463,0.2171,14.4912,37.9433,94.1761,22.8874,CRITICA,11.5785,0.687051,19.507,55.2272,0.205849,0.196345,5.1824,9.5603,1,1,1121.076,nan
y0581,abierto,B25,84.7463,0.2171,24.5111,58.1339,72.3049,36.6352,CRITICA,14.5479,0.84676,16.0468,31.4024,0.221624,0.202537,2.0839,6.7081,1,1,1114.703,nan
y0581,abierto,B40,84.7463,0.2171,39.4942,82.1778,49.9951,49.9564,BIEN,17.4117,0.833466,13.9651,3.0308,0.219332,0.210034,1.0282,3.2549,1,1,1097.695,nan
y0682,abierto,B5,85.0723,0.221911,4.4093,17.9138,100.0,8.1434,CRITICA,9.0941,0.3642,24.9996,78.9429,0.212127,0.190527,4.409,14.1428,1,1,1139.861,nan
y0682,abierto,B10,85.0723,0.221911,9.4926,28.0185,99.7729,15.3001,CRITICA,10.2904,0.537386,21.7886,67.0651,0.201527,0.187072,9.1859,15.6998,1,1,1103.631,nan
y0682,abierto,B15,85.0723,0.221911,14.4743,37.8948,94.3042,22.4635,CRITICA,11.6229,0.687701,19.5069,55.4557,0.199789,0.18944,9.969,14.6325,1,1,1158.48,nan
y0682,abierto,B25,85.0723,0.221911,24.5141,58.3607,71.2123,36.538,CRITICA,14.7169,0.852372,15.9977,31.3987,0.215303,0.195974,2.9777,11.688,1,1,1172.745,nan
y0682,abierto,B40,85.0723,0.221911,39.4914,81.4488,49.933,48.9058,BIEN,17.0884,0.833874,14.0238,4.2594,0.229363,0.203085,3.3581,8.4839,1,1,1058.649,nan
y0762,abierto,B5,86.4049,0.219225,4.4243,18.0748,100.0,8.0582,CRITICA,9.0207,0.360704,24.9212,79.0813,0.187397,0.187113,14.5184,14.6483,1,1,1038.206,nan
y0762,abierto,B10,86.4049,0.219225,9.5053,27.8665,99.6565,14.7712,CRITICA,10.1588,0.526599,21.9339,67.7489,0.212515,0.184685,3.0611,15.7559,1,1,1136.364,nan
y0762,abierto,B15,86.4049,0.219225,14.4764,37.7204,95.1348,22.1089,CRITICA,11.4794,0.677238,19.5852,56.3446,0.222655,0.188488,1.5645,14.021,1,1,1076.89,nan
y0762,abierto,B25,86.4049,0.219225,24.5209,57.7825,72.5863,35.7688,CRITICA,14.4474,0.846838,16.1319,33.1259,0.213554,0.196501,2.5871,10.3659,1,1,1111.482,nan
y0762,abierto,B40,86.4049,0.219225,39.5023,81.1957,49.3392,47.9321,BIEN,16.9823,0.837261,14.0881,6.0289,0.218679,0.208249,0.2495,5.0068,1,1,1100.231,nan
y0778,abierto,B5,87.7349,0.207935,4.4201,17.7142,100.0,7.5633,CRITICA,8.7584,0.353109,25.187,79.8094,0.199613,0.186424,4.0021,10.3447,1,1,1009.082,nan
y0778,abierto,B10,87.7349,0.207935,9.4996,27.5592,99.8234,14.0023,CRITICA,9.8451,0.519421,22.1475,68.5881,0.19066,0.187777,8.3078,9.6944,1,1,1113.09,nan
y0778,abierto,B15,87.7349,0.207935,14.488,37.6216,96.796,21.0327,CRITICA,11.1232,0.67005,19.7678,57.1191,0.206777,0.185662,0.5567,10.7113,1,1,1029.972,nan
y0778,abierto,B25,87.7349,0.207935,24.501,57.4045,71.9575,34.4563,CRITICA,13.7999,0.83892,16.266,34.5705,0.209012,0.19961,0.5181,4.0036,1,1,1120.699,nan
y0778,abierto,B40,87.7349,0.207935,39.5064,81.6359,48.103,47.361,BIEN,16.3328,0.836169,13.9974,6.9517,0.210675,0.203783,1.318,1.9968,1,1,1040.258,nan
y0808,abierto,B5,86.4364,0.222029,4.428,17.8922,100.0,7.9,CRITICA,8.9419,0.358135,25.0462,79.3002,0.190914,0.19112,14.0142,13.9213,1,1,1141.553,nan
y0808,abierto,B10,86.4364,0.222029,9.5071,27.8231,99.6701,14.5067,CRITICA,10.0709,0.526692,21.9909,67.8108,0.197807,0.184441,10.9094,16.9295,1,1,1064.396,nan
y0808,abierto,B15,86.4364,0.222029,14.4916,37.7466,96.1944,21.4839,CRITICA,11.3491,0.677782,19.6689,56.3302,0.215993,0.185955,2.7189,16.2475,1,1,1182.872,nan
y0808,abierto,B25,86.4364,0.222029,24.5267,57.9832,71.3831,35.386,CRITICA,14.1884,0.84301,16.0864,32.9181,0.212643,0.197563,4.2273,11.0192,1,1,939.85,nan
y0808,abierto,B40,86.4364,0.222029,39.5153,81.7528,48.9744,48.1761,BIEN,16.7012,0.834014,13.9599,5.4186,0.212375,0.205196,4.348,7.5816,1,1,1001.201,nan
y0845,abierto,B5,87.4015,0.222515,4.4328,17.9045,100.0,7.9812,CRITICA,8.8306,0.35849,25.0658,79.5147,0.208969,0.195608,6.0874,12.0923,1,1,1026.589,nan
y0845,abierto,B10,87.4015,0.222515,9.5013,27.2498,99.8855,14.0396,CRITICA,9.8736,0.517988,22.3041,68.8222,0.211675,0.193741,4.8714,12.931,1,1,1128.286,nan
y0845,abierto,B15,87.4015,0.222515,14.5,36.8109,96.7552,20.7251,CRITICA,11.097,0.664488,20.0961,57.883,0.213641,0.187634,3.988,15.6758,1,1,1071.696,nan
y0845,abierto,B25,87.4015,0.222515,24.5756,57.2387,73.5198,34.8232,CRITICA,14.0017,0.8412,16.3406,34.5106,0.218701,0.195486,1.7141,12.1471,1,1,1095.53,nan
y0845,abierto,B40,87.4015,0.222515,39.5099,81.6395,49.2926,48.1099,BIEN,16.8168,0.839558,14.0443,6.5925,0.223761,0.210208,0.5599,5.5309,1,1,1191.185,nan
y0902,abierto,B5,85.0592,0.220341,4.3955,17.7792,100.0,7.8991,CRITICA,9.1052,0.364289,25.1024,79.0978,0.211629,0.195444,3.9536,11.299,1,1,1104.484,nan
y0902,abierto,B10,85.0592,0.220341,9.4884,27.4382,99.7089,14.3993,CRITICA,10.2338,0.531558,22.1458,67.7423,0.199363,0.185455,9.5205,15.8326,1,1,1103.996,nan
y0902,abierto,B15,85.0592,0.220341,14.4717,37.2391,95.715,21.5815,CRITICA,11.5501,0.678065,19.79,56.2198,0.210759,0.191679,4.3485,13.0079,1,1,1131.99,nan
y0902,abierto,B25,85.0592,0.220341,24.5033,57.8461,72.2797,35.4604,CRITICA,14.553,0.844293,16.1213,31.9931,0.218882,0.199736,0.6621,9.3512,1,1,1085.423,nan
y0902,abierto,B40,85.0592,0.220341,39.4861,81.6211,49.1219,48.4272,BIEN,17.0959,0.828947,13.9848,4.042,0.220927,0.202874,0.2663,7.9272,1,1,955.657,nan
y0984,abierto,B5,78.2057,0.220977,4.4607,17.9115,100.0,8.52,CRITICA,9.7665,0.396875,24.9447,77.097,0.191841,0.190957,13.1851,13.5853,1,1,1021.346,nan
y0984,abierto,B10,78.2057,0.220977,9.5277,27.9447,99.5789,15.8786,CRITICA,11.0656,0.57162,21.7776,64.2676,0.200519,0.190689,9.2579,13.7063,1,1,1119.194,nan
y0984,abierto,B15,78.2057,0.220977,14.5168,38.3816,92.6604,23.9711,CRITICA,12.6249,0.721364,19.219,50.9222,0.214985,0.187693,2.7117,15.0625,1,1,1170.412,nan
y0984,abierto,B25,78.2057,0.220977,24.5182,58.4612,70.9756,37.8302,CRITICA,15.7298,0.84308,15.8639,25.2468,0.222358,0.194064,0.6248,12.1791,1,1,1081.432,nan
y0984,abierto,B40,78.2057,0.220977,39.5272,81.033,50.5424,50.0596,BIEN,17.5309,0.792942,14.0605,3.6152,0.223671,0.204159,1.2191,7.6107,1,1,1090.75,nan
y0995,abierto,B5,78.064,0.217922,4.4531,17.8724,100.0,8.5127,CRITICA,9.8257,0.399371,24.9798,77.1055,0.194806,0.188129,10.6075,13.6712,1,1,1127.904,nan
y0995,abierto,B10,78.064,0.217922,9.5272,27.8741,99.3305,15.754,CRITICA,11.1227,0.57317,21.8328,64.2932,0.199161,0.183739,8.6089,15.6855,1,1,1200.624,nan
y0995,abierto,B15,78.064,0.217922,14.4996,38.2252,92.7342,23.991,CRITICA,12.6965,0.719638,19.2563,51.0336,0.211385,0.192978,2.9996,11.4461,1,1,1099.989,nan
y0995,abierto,B25,78.064,0.217922,24.5231,58.0609,72.1206,37.2456,CRITICA,15.7523,0.841432,15.9901,25.624,0.225981,0.204666,3.6985,6.0829,1,1,1105.217,nan
y0995,abierto,B40,78.064,0.217922,39.5311,80.8906,50.3813,49.837,BIEN,17.5457,0.792184,14.0757,3.6209,0.22254,0.201487,2.1193,7.5416,1,1,1198.179,nan
y1076,abierto,B5,84.8034,0.223972,4.4411,18.03,100.0,8.057,CRITICA,9.1323,0.369071,24.9617,78.739,0.204003,0.189943,8.9161,15.1935,1,1,1134.559,nan
y1076,abierto,B10,84.8034,0.223972,9.519,27.8327,99.7749,14.8594,CRITICA,10.2866,0.538103,21.9023,67.1797,0.203139,0.19247,9.3016,14.0653,1,1,1117.693,nan
y1076,abierto,B15,84.8034,0.223972,14.4924,38.0443,94.5798,22.1015,CRITICA,11.6283,0.686718,19.4816,55.1382,0.199401,0.191188,10.9706,14.6376,1,1,1096.371,nan
y1076,abierto,B25,84.8034,0.223972,24.5052,58.4147,71.8217,36.093,CRITICA,14.5281,0.842825,15.9248,31.1175,0.213334,0.196607,4.7498,12.2182,1,1,911.079,nan
y1076,abierto,B40,84.8034,0.223972,39.4944,81.9242,49.1529,48.6016,BIEN,17.0528,0.827752,13.9452,3.3952,0.213021,0.208433,4.8894,6.9382,1,1,1087.311,nan
y1175,abierto,B5,79.8954,0.220209,4.4701,17.8486,100.0,8.2207,CRITICA,9.5951,0.389331,25.0534,77.66,0.220321,0.191468,0.0509,13.0518,1,1,1130.582,nan
y1175,abierto,B10,79.8954,0.220209,9.5732,27.9318,99.639,15.521,CRITICA,10.8844,0.563844,21.8606,65.0396,0.202307,0.193044,8.1298,12.3362,1,1,1071.696,nan
y1175,abierto,B15,79.8954,0.220209,14.5236,38.2512,94.0616,23.2564,CRITICA,12.3789,0.711682,19.3536,52.1234,0.202329,0.189816,8.1195,13.8022,1,1,1116.944,nan
y1175,abierto,B25,79.8954,0.220209,24.5261,58.365,69.9684,36.9736,CRITICA,15.4641,0.84394,15.9682,26.9483,0.219655,0.199032,0.2519,9.6167,1,1,1082.72,nan
y1175,abierto,B40,79.8954,0.220209,39.6973,81.6824,49.5294,49.8501,BIEN,17.4053,0.795496,13.9781,2.2367,0.214391,0.202304,2.6423,8.131,1,1,1105.583,nan
y1181,abierto,B5,81.804,0.215571,4.4332,17.8153,100.0,8.3755,CRITICA,9.3429,0.381485,25.0303,78.2219,0.208378,0.19413,3.3367,9.9462,1,1,1139.601,nan
y1181,abierto,B10,81.804,0.215571,9.5236,27.8178,99.4721,15.7135,CRITICA,10.5702,0.554018,21.8253,65.9946,0.200985,0.191594,6.7663,11.1226,1,1,1108.525,nan
y1181,abierto,B15,81.804,0.215571,14.5239,38.0398,93.9005,23.3448,CRITICA,11.9856,0.699648,19.3757,53.4989,0.2077,0.196549,3.651,8.824,1,1,1138.174,nan
y1181,abierto,B25,81.804,0.215571,24.5122,58.4295,70.3895,37.2873,CRITICA,15.0891,0.841003,15.9367,28.5737,0.222765,0.203662,3.3374,5.5242,1,1,1151.808,nan
y1181,abierto,B40,81.804,0.215571,39.4887,81.9012,49.5061,50.4059,BIEN,17.4662,0.808128,13.9508,0.1189,0.22637,0.210024,5.0095,2.5733,1,1,1073.192,nan
y1207,abierto,B5,79.7214,0.221448,4.4755,18.0064,100.0,8.3845,CRITICA,9.6653,0.390227,24.9359,77.4133,0.211232,0.189728,4.6131,14.324,1,1,1178.55,nan
y1207,abierto,B10,79.7214,0.221448,9.5601,28.0737,99.4547,15.4572,CRITICA,10.9353,0.563743,21.7982,64.7852,0.212371,0.191249,4.099,13.6367,1,1,1113.338,nan
y1207,abierto,B15,79.7214,0.221448,14.5142,38.2886,93.6463,23.3736,CRITICA,12.468,0.709515,19.3271,51.972,0.207374,0.196661,6.3554,11.1928,1,1,1119.194,nan
y1207,abierto,B25,79.7214,0.221448,24.5092,58.8003,71.2589,37.2547,CRITICA,15.6408,0.839912,15.8478,26.2428,0.207211,0.198224,6.4287,10.4871,1,1,1181.474,nan
y1207,abierto,B40,79.7214,0.221448,39.6034,82.156,49.3994,49.6851,BIEN,17.7846,0.794844,13.9587,3.0538,0.218975,0.202391,1.1166,8.6055,1,1,1104.484,nan
y1318,abierto,B5,81.3633,0.220553,4.468,17.9306,100.0,8.2306,CRITICA,9.3888,0.385609,25.0023,77.9623,0.199454,0.185415,9.5664,15.9318,1,1,1122.965,nan
y1318,abierto,B10,81.3633,0.220553,9.5484,27.7807,99.6507,15.3623,CRITICA,10.5926,0.550943,21.9127,65.8559,0.196289,0.18795,11.0012,14.7821,1,1,1121.831,nan
y1318,abierto,B15,81.3633,0.220553,14.5227,37.6922,95.4783,22.7838,CRITICA,11.9523,0.691334,19.5481,53.6742,0.208282,0.18165,5.5638,17.6388,1,1,1026.694,nan
y1318,abierto,B25,81.3633,0.220553,24.5163,57.8255,70.5195,36.5073,CRITICA,14.8295,0.821978,16.0574,28.9292,0.205716,0.198595,6.727,9.9559,1,1,1118.193,nan
y1318,abierto,B40,81.3633,0.220553,39.5043,80.9439,48.7842,49.6752,BIEN,16.8394,0.78476,14.0028,0.5154,0.220025,0.195436,0.2394,11.3883,1,1,1095.05,nan
y1342,abierto,B5,83.5402,0.223782,4.4405,18.0567,100.0,8.2412,CRITICA,9.3516,0.375455,24.9117,78.3856,0.203278,0.184813,9.1624,17.414,1,1,1064.056,nan
y1342,abierto,B10,83.5402,0.223782,9.5173,28.0411,99.8001,15.1499,CRITICA,10.5621,0.546487,21.8243,66.4341,0.185589,0.182007,17.0671,18.6676,1,1,1112.1,nan
y1342,abierto,B15,83.5402,0.223782,14.518,38.0189,95.3754,21.9171,CRITICA,11.9022,0.69273,19.5343,54.4903,0.190996,0.189618,14.6509,15.2665,1,1,1082.017,nan
y1342,abierto,B25,83.5402,0.223782,24.517,59.0788,69.2736,36.3112,CRITICA,15.0683,0.842949,15.8391,29.2811,0.209873,0.196616,6.2155,12.1394,1,1,1093.613,nan
y1342,abierto,B40,83.5402,0.223782,39.5032,82.914,48.0875,49.3591,BIEN,17.5691,0.813795,13.8073,0.7496,0.212747,0.198643,4.9313,11.2337,1,1,1102.657,nan
y1389,abierto,B5,86.9836,0.224348,4.4213,17.9274,100.0,8.1827,CRITICA,8.8679,0.359991,25.0244,79.3899,0.19784,0.189641,11.8154,15.47,1,1,1087.075,nan
y1389,abierto,B10,86.9836,0.224348,9.4982,27.5811,99.4974,15.085,CRITICA,9.9936,0.524215,22.0062,68.2917,0.195999,0.187856,12.6359,16.2658,1,1,1102.293,nan
y1389,abierto,B15,86.9836,0.224348,14.4962,37.8417,94.3818,22.6341,CRITICA,11.3548,0.674518,19.526,56.4956,0.209842,0.194146,6.4656,13.4621,1,1,942.507,nan
y1389,abierto,B25,86.9836,0.224348,24.4922,57.5275,73.7294,35.9656,CRITICA,14.2805,0.84541,16.2042,33.8639,0.21241,0.198784,5.3212,11.3946,1,1,1101.686,nan
y1389,abierto,B40,86.9836,0.224348,39.5055,81.857,49.9719,48.8166,BIEN,17.357,0.84668,14.0504,5.8938,0.22956,0.207862,2.3231,7.3481,1,1,1121.453,nan
y1421,abierto,B5,85.8297,0.222828,4.4153,17.9454,100.0,8.2252,CRITICA,9.0385,0.363792,24.9921,79.0918,0.213158,0.187357,4.3397,15.9186,1,1,1148.369,nan
y1421,abierto,B10,85.8297,0.222828,9.4982,27.5511,99.445,15.0679,CRITICA,10.182,0.528124,22.0049,67.9003,0.212222,0.18952,4.7597,14.948,1,1,1102.05,nan
y1421,abierto,B15,85.8297,0.222828,14.4794,37.6208,93.7763,22.722,CRITICA,11.5525,0.678688,19.5495,56.1681,0.225662,0.192711,1.2716,13.5158,1,1,1127.777,nan
y1421,abierto,B25,85.8297,0.222828,24.5008,57.032,74.8646,35.9209,CRITICA,14.4934,0.846528,16.2869,33.5522,0.215927,0.202285,3.097,9.2195,1,1,1123.595,nan
y1421,abierto,B40,85.8297,0.222828,39.4967,80.8154,50.7481,48.5623,BIEN,17.5595,0.848572,14.2166,5.8422,0.230982,0.209883,3.659,5.8095,1,1,1099.747,nan
y1511,abierto,B5,88.4603,0.23198,4.4188,17.9648,100.0,7.7765,CRITICA,8.7692,0.359353,25.0435,79.6917,0.198564,0.196343,14.4048,15.3622,1,1,1123.343,nan
y1511,abierto,B10,88.4603,0.23198,9.5106,27.2399,99.9942,13.7335,CRITICA,9.8075,0.515713,22.3563,69.2066,0.220088,0.196447,5.1265,15.3176,1,1,1185.818,nan
y1511,abierto,B15,88.4603,0.23198,14.4942,37.2581,96.893,20.6489,CRITICA,11.0728,0.661526,19.9732,57.8816,0.219477,0.190368,5.3899,17.938,1,1,1063.943,nan
y1511,abierto,B25,88.4603,0.23198,24.5253,57.826,71.0726,34.5272,CRITICA,13.903,0.83329,16.2212,34.6305,0.223859,0.203345,3.5008,12.3437,1,1,1044.605,nan
y1511,abierto,B40,88.4603,0.23198,39.498,82.2449,48.2621,48.1851,BIEN,16.8057,0.828293,13.9458,7.0263,0.223746,0.210078,3.5494,9.4417,1,1,1059.434,nan
za0001,abierto,B5,93.56,0.183563,4.5432,17.5726,100.0,7.7733,CRITICA,8.2626,0.267462,25.2704,81.2179,0.189662,0.190203,3.3227,3.6175,1,1,1149.029,nan
za0001,abierto,B10,93.56,0.183563,9.4945,28.3399,99.9534,15.4327,CRITICA,9.4932,0.43114,21.7628,69.7094,0.188035,0.189403,2.4362,3.1815,1,1,1064.169,nan
za0001,abierto,B15,93.56,0.183563,14.5246,40.387,88.9635,26.5511,CRITICA,11.2677,0.605676,18.3724,56.833,0.185992,0.184678,1.3234,0.6074,1,1,887.39,nan
za0001,abierto,B25,93.56,0.183563,24.5401,63.3349,63.8941,44.9366,CRITICA,15.522,0.813496,14.4542,32.3055,0.187418,0.194447,2.1003,5.9295,1,1,1051.304,nan
za0001,abierto,B40,93.56,0.183563,39.5279,85.6449,48.8676,59.1839,BIEN,20.0938,0.846331,12.9536,8.4599,0.178142,0.188523,2.953,2.7021,1,1,1012.966,nan
za0058,abierto,B5,91.5926,0.1701,4.5406,17.448,100.0,7.5831,CRITICA,8.5193,0.272757,25.3726,80.9504,0.194848,0.191317,14.5495,12.4734,1,1,1069.061,nan
za0058,abierto,B10,91.5926,0.1701,9.4861,27.8957,99.9418,15.1215,CRITICA,9.7565,0.434344,21.9742,69.5437,0.186232,0.197302,9.4838,15.992,1,1,1118.693,nan
za0058,abierto,B15,91.5926,0.1701,14.5059,39.8002,89.5243,26.1218,CRITICA,11.5588,0.610871,18.5552,56.5464,0.185278,0.189136,8.9232,11.191,1,1,1027.221,nan
za0058,abierto,B25,91.5926,0.1701,24.5555,62.7661,64.9188,44.2994,CRITICA,15.9644,0.816161,14.5876,31.4725,0.177844,0.192852,4.5525,13.3759,1,1,907.359,nan
za0058,abierto,B40,91.5926,0.1701,39.5211,85.4581,49.4091,58.7507,BIEN,20.5172,0.84412,12.9831,6.6976,0.180208,0.182978,5.9426,7.5711,1,1,1077.935,nan
za0074,abierto,B5,89.6818,0.185696,4.5603,17.5036,100.0,7.6509,CRITICA,8.6246,0.282557,25.3502,80.4825,0.195661,0.193765,5.3664,4.3455,1,1,1129.944,nan
za0074,abierto,B10,89.6818,0.185696,9.523,28.1143,99.901,15.8146,CRITICA,9.9313,0.445471,21.81,68.6511,0.195626,0.190582,5.3475,2.6313,1,1,1182.592,nan
za0074,abierto,B15,89.6818,0.185696,14.5502,40.2518,89.0042,27.0423,CRITICA,11.8147,0.622571,18.3543,55.1171,0.19556,0.192807,5.3119,3.8294,1,1,1180.777,nan
za0074,abierto,B25,89.6818,0.185696,24.538,63.231,64.1561,45.6039,CRITICA,16.4001,0.819912,14.4358,29.4941,0.182551,0.194619,1.6936,4.8053,1,1,1125.492,nan
za0074,abierto,B40,89.6818,0.185696,39.5393,84.5887,50.3173,59.5941,BIEN,20.6062,0.838319,13.0857,5.6791,0.190237,0.188221,2.4456,1.3599,1,1,1113.958,nan
za0108,abierto,B5,93.3356,0.184437,4.5433,17.3281,100.0,7.5796,CRITICA,8.2986,0.265628,25.4435,81.4346,0.178662,0.187487,3.1311,1.6539,1,1,1120.197,nan
za0108,abierto,B10,93.3356,0.184437,9.4864,28.0793,99.9185,15.2145,CRITICA,9.5293,0.429257,21.8759,69.9157,0.180904,0.181784,1.9156,1.4383,1,1,1049.869,nan
za0108,abierto,B15,93.3356,0.184437,14.5124,39.7798,89.3943,26.3297,CRITICA,11.2671,0.599843,18.5262,57.3798,0.178331,0.190233,3.3103,3.1427,1,1,1173.021,nan
za0108,abierto,B25,93.3356,0.184437,24.5256,63.307,64.6374,44.774,CRITICA,15.6033,0.814192,14.4561,32.1728,0.181476,0.186621,1.6054,1.1843,1,1,1102.05,nan
za0108,abierto,B40,93.3356,0.184437,39.4753,85.5336,49.7603,59.1676,BIEN,19.9947,0.844729,12.9289,8.3591,0.171445,0.183489,7.044,0.5141,1,1,1102.536,nan
za0114,abierto,B5,86.4767,0.175032,4.5483,17.6009,100.0,8.1487,CRITICA,8.7942,0.297556,25.233,79.6466,0.183615,0.177658,4.9037,1.5004,1,1,1096.251,nan
za0114,abierto,B10,86.4767,0.175032,9.529,28.554,99.8292,17.1481,CRITICA,10.2141,0.469677,21.4865,66.9807,0.169514,0.17616,3.1528,0.6443,1,1,1124.606,nan
za0114,abierto,B15,86.4767,0.175032,14.5284,40.8092,86.0098,29.1104,CRITICA,12.2477,0.644088,18.0096,52.8091,0.170032,0.174363,2.8564,0.3824,1,1,1114.206,nan
za0114,abierto,B25,86.4767,0.175032,24.5274,63.3108,64.1775,47.8421,CRITICA,16.9889,0.823417,14.2953,26.7887,0.162465,0.168962,7.1796,3.4677,1,1,1092.657,nan
za0114,abierto,B40,86.4767,0.175032,39.5354,83.3874,51.8077,61.9416,BIEN,20.6759,0.830122,13.1567,3.5724,0.159358,0.160054,8.955,8.5574,1,1,1094.212,nan
za0164,abierto,B5,88.815,0.174003,4.5504,17.6041,100.0,8.1371,CRITICA,8.5294,0.291129,25.232,80.1789,0.190984,0.18909,9.7586,8.6701,1,1,1077.238,nan
za0164,abierto,B10,88.815,0.174003,9.5276,28.5439,99.8195,17.2393,CRITICA,9.9076,0.456569,21.4755,67.8614,0.185064,0.189166,6.3564,8.7141,1,1,1104.484,nan
za0164,abierto,B15,88.815,0.174003,14.5401,40.9322,86.0972,29.2953,CRITICA,11.883,0.632315,17.9576,53.913,0.175681,0.186004,0.9641,6.8967,1,1,1165.773,nan
za0164,abierto,B25,88.815,0.174003,24.5357,63.7543,63.6418,48.3861,CRITICA,16.5019,0.819307,14.1828,28.2167,0.177342,0.182732,1.9189,5.0165,1,1,1067.692,nan
za0164,abierto,B40,88.815,0.174003,39.5383,83.6185,51.7786,62.1012,BIEN,20.3172,0.836046,13.1232,5.8509,0.172175,0.171751,1.0507,1.2945,1,1,1119.069,nan
za0166,abierto,B5,88.7219,0.176085,4.5584,17.4961,100.0,8.1279,CRITICA,8.5343,0.289257,25.2991,80.2799,0.187859,0.176911,6.6864,0.4689,1,1,1138.563,nan
za0166,abierto,B10,88.7219,0.176085,9.5268,28.5807,99.8215,17.2177,CRITICA,9.9246,0.456673,21.4637,67.7862,0.178166,0.179538,1.1816,1.961,1,1,1120.323,nan
za0166,abierto,B15,88.7219,0.176085,14.5363,40.8599,86.1263,29.2246,CRITICA,11.8927,0.631084,17.9824,53.9461,0.173387,0.179871,1.5323,2.1502,1,1,1123.848,nan
za0166,abierto,B25,88.7219,0.176085,24.5331,63.7011,63.6302,48.288,CRITICA,16.529,0.817551,14.198,28.2014,0.175607,0.170228,0.2713,3.3264,1,1,1011.122,nan
za0166,abierto,B40,88.7219,0.176085,39.5353,83.9589,51.5807,62.4728,BIEN,20.3522,0.8327,13.0399,5.3685,0.174191,0.17261,1.0756,1.9735,1,1,927.386,nan
za0205,abierto,B5,97.2995,0.18254,4.5423,17.3853,100.0,7.5014,CRITICA,7.9355,0.253055,25.4245,82.1322,0.189486,0.190215,3.8053,4.2045,1,1,1111.729,nan
za0205,abierto,B10,97.2995,0.18254,9.4821,27.9396,99.9282,14.9416,CRITICA,9.0858,0.407897,21.9647,71.285,0.190447,0.185351,4.3313,1.54,1,1,1199.472,nan
za0205,abierto,B15,97.2995,0.18254,14.5225,39.711,90.0735,25.764,CRITICA,10.7225,0.578716,18.6108,59.1868,0.177265,0.189356,2.8898,3.7336,1,1,1109.262,nan
za0205,abierto,B25,97.2995,0.18254,24.519,62.8233,64.8276,43.8961,CRITICA,14.7005,0.801136,14.5981,35.4331,0.190755,0.178197,4.5003,2.3794,1,1,1170.549,nan
za0205,abierto,B40,97.2995,0.18254,39.5273,85.5839,49.3314,58.4735,BIEN,19.0831,0.84806,12.9476,12.0407,0.181066,0.181337,0.8075,0.6594,1,1,1119.069,nan
za0244,abierto,B5,95.3272,0.181644,4.534,17.3981,100.0,7.5814,CRITICA,8.092,0.269107,25.3925,81.7491,0.189311,0.196871,4.2209,8.3829,1,1,1115.698,nan
za0244,abierto,B10,95.3272,0.181644,9.4842,27.9836,99.936,15.2091,CRITICA,9.2808,0.425957,21.9202,70.6447,0.188855,0.194963,3.9694,7.3324,1,1,1110.741,nan
za0244,abierto,B15,95.3272,0.181644,14.5041,39.9786,89.0799,26.2637,CRITICA,10.9942,0.598019,18.4988,58.0617,0.186682,0.190551,2.7732,4.9036,1,1,1100.715,nan
za0244,abierto,B25,95.3272,0.181644,24.5206,63.1148,64.42,44.3975,CRITICA,15.1179,0.813223,14.5358,33.7914,0.184329,0.192546,1.4781,6.0019,1,1,958.13,nan
za0244,abierto,B40,95.3272,0.181644,39.5364,85.4425,49.9466,58.9608,BIEN,19.3659,0.851541,12.9542,10.3693,0.188521,0.189139,3.7856,4.126,1,1,1098.056,nan
za0274,abierto,B5,88.1717,0.17149,4.5582,17.492,100.0,8.0958,CRITICA,8.6537,0.280836,25.3019,80.1615,0.181181,0.183116,5.651,6.7791,1,1,1152.339,nan
za0274,abierto,B10,88.1717,0.17149,9.5444,28.5078,99.8836,16.7928,CRITICA,10.027,0.450608,21.5452,67.6679,0.173115,0.170551,0.9478,0.5474,1,1,1088.969,nan
za0274,abierto,B15,88.1717,0.17149,14.5404,40.7239,86.4833,28.7893,CRITICA,12.0029,0.625601,18.0411,53.813,0.167021,0.170081,2.6059,0.8217,1,1,1084.716,nan
za0274,abierto,B25,88.1717,0.17149,24.5355,63.4183,64.1076,47.3156,CRITICA,16.6091,0.811513,14.3056,28.0741,0.157454,0.168962,8.1848,1.4744,1,1,1093.016,nan
za0274,abierto,B40,88.1717,0.17149,39.5325,83.8485,51.5438,61.5811,BIEN,20.5967,0.822496,13.106,4.9032,0.16373,0.171657,4.5251,0.0972,1,1,1109.878,nan
za0325,abierto,B5,92.1123,0.168959,4.5475,17.4079,100.0,7.8501,CRITICA,8.3336,0.274021,25.367,81.1015,0.176833,0.180087,4.6603,6.5861,1,1,1046.244,nan
za0325,abierto,B10,92.1123,0.168959,9.5108,28.2532,99.9321,15.7437,CRITICA,9.5899,0.438102,21.7582,69.3274,0.169663,0.177113,0.4168,4.826,1,1,1033.699,nan
za0325,abierto,B15,92.1123,0.168959,14.5262,39.959,88.1193,27.2245,CRITICA,11.3732,0.607348,18.3952,56.6192,0.174453,0.177174,3.2513,4.8619,1,1,1097.574,nan
za0325,abierto,B25,92.1123,0.168959,24.5226,63.1979,64.4957,45.9677,CRITICA,15.7305,0.812241,14.4036,31.3904,0.170266,0.175561,0.7736,3.9071,1,1,1081.783,nan
za0325,abierto,B40,92.1123,0.168959,39.5238,84.5286,50.5909,60.2082,BIEN,20.0285,0.836874,13.0491,8.2331,0.170579,0.165842,0.9586,1.8447,1,1,1095.29,nan
za0388,abierto,B5,95.2987,0.18743,4.5413,17.506,100.0,7.8288,CRITICA,7.9825,0.263397,25.2978,81.6303,0.203278,0.194124,8.4556,3.5719,1,1,1141.162,nan
za0388,abierto,B10,95.2987,0.18743,9.504,28.254,99.8952,15.7603,CRITICA,9.1871,0.422131,21.7534,70.3521,0.20336,0.193965,8.4994,3.4866,1,1,1100.715,nan
za0388,abierto,B15,95.2987,0.18743,14.5234,40.329,88.4628,27.0947,CRITICA,10.9088,0.594218,18.3262,57.6815,0.203045,0.193499,8.3315,3.2382,1,1,1101.2,nan
za0388,abierto,B25,95.2987,0.18743,24.5329,63.3072,64.0513,45.1968,CRITICA,14.9455,0.809804,14.457,33.5697,0.204158,0.198846,8.9252,6.0911,1,1,1037.883,nan
za0388,abierto,B40,95.2987,0.18743,39.5383,85.3012,50.2494,59.8992,BIEN,19.2963,0.851494,12.9533,10.4907,0.192042,0.189543,2.4608,1.1278,1,1,1107.052,nan
za0533,abierto,B5,92.6747,0.172255,4.5623,17.6151,100.0,8.0244,CRITICA,8.1153,0.276557,25.2321,80.9925,0.179303,0.17761,4.0917,3.1088,1,1,1139.601,nan
za0533,abierto,B10,92.6747,0.172255,9.5013,28.6007,99.8467,17.1341,CRITICA,9.4378,0.433787,21.4455,69.1386,0.170598,0.185921,0.9619,7.9336,1,1,1108.033,nan
za0533,abierto,B15,92.6747,0.172255,14.5376,41.0928,86.528,28.9599,CRITICA,11.2922,0.610304,17.9406,55.6591,0.168165,0.17674,2.3741,2.6038,1,1,1122.083,nan
za0533,abierto,B25,92.6747,0.172255,24.5375,63.8948,63.44,47.9127,CRITICA,15.6055,0.808862,14.1734,31.0548,0.173643,0.166331,0.8062,3.4387,1,1,1102.293,nan
za0533,abierto,B40,92.6747,0.172255,39.5387,84.1164,51.6195,61.9495,BIEN,19.572,0.838957,13.021,9.2348,0.167511,0.172454,2.7542,0.1157,1,1,1114.082,nan
za0595,abierto,B5,100.8139,0.179474,4.5572,17.5926,100.0,7.6183,CRITICA,7.5797,0.249392,25.2761,82.5494,0.197321,0.185196,9.9443,3.1883,1,1,1119.946,nan
za0595,abierto,B10,100.8139,0.179474,9.4772,28.0356,99.9961,15.2155,CRITICA,8.6895,0.392902,21.9022,72.1908,0.189832,0.187896,5.7716,4.6931,1,1,1104.24,nan
za0595,abierto,B15,100.8139,0.179474,14.5169,39.8995,89.3109,25.7941,CRITICA,10.2506,0.563355,18.5613,60.4227,0.187222,0.193709,4.3171,7.9316,1,1,1077.586,nan
za0595,abierto,B25,100.8139,0.179474,24.5087,63.175,63.4652,43.8867,CRITICA,14.0048,0.791042,14.5342,37.335,0.181553,0.172231,1.1588,4.0356,1,1,891.424,nan
za0595,abierto,B40,100.8139,0.179474,39.5319,84.8887,49.6555,57.9787,BIEN,18.213,0.848708,13.0752,15.7966,0.181068,0.171229,0.8884,4.5938,1,1,1096.371,nan
za0620,abierto,B5,98.6251,0.169515,4.5497,17.3313,100.0,7.5363,CRITICA,7.7647,0.251707,25.436,82.4271,0.172515,0.192268,1.7697,13.4222,1,1,1128.541,nan
za0620,abierto,B10,98.6251,0.169515,9.4864,27.6723,99.9942,14.8885,CRITICA,8.8739,0.398818,22.079,71.9419,0.166397,0.175628,1.8391,3.6062,1,1,1202.646,nan
za0620,abierto,B15,98.6251,0.169515,14.5205,39.5173,89.7184,25.8423,CRITICA,10.4847,0.568755,18.6338,59.9317,0.161754,0.16874,4.5786,0.4572,1,1,1121.579,nan
za0620,abierto,B25,98.6251,0.169515,24.5322,62.9276,64.5656,44.2984,CRITICA,14.4024,0.791872,14.5236,36.1952,0.175733,0.172257,3.6682,1.6175,1,1,1043.95,nan
za0620,abierto,B40,98.6251,0.169515,39.5357,85.4209,49.3353,58.6955,BIEN,18.8402,0.845324,12.9499,13.3882,0.167804,0.171067,1.0091,0.9153,1,1,1109.385,nan
za0637,abierto,B5,96.2564,0.169001,4.5508,17.5576,100.0,7.8492,CRITICA,7.8512,0.269955,25.282,81.7595,0.184937,0.184866,9.4295,9.3872,1,1,1126.761,nan
za0637,abierto,B10,96.2564,0.169001,9.4884,28.1603,99.934,16.1224,CRITICA,9.0486,0.420387,21.7495,70.7445,0.179784,0.185535,6.3801,9.7834,1,1,1117.443,nan
za0637,abierto,B15,96.2564,0.169001,14.5193,40.4401,87.8127,27.5934,CRITICA,10.7649,0.59262,18.2426,57.9871,0.17571,0.179623,3.9697,6.285,1,1,1123.091,nan
za0637,abierto,B25,96.2564,0.169001,24.5204,62.9171,64.2027,45.826,CRITICA,14.6631,0.798546,14.4737,34.6359,0.187786,0.179304,11.1153,6.0962,1,1,1067.578,nan
za0637,abierto,B40,96.2564,0.169001,39.5392,83.9895,50.7268,59.9765,BIEN,18.9749,0.845821,13.1641,12.744,0.171802,0.177395,1.6575,4.9665,1,1,1108.647,nan
za0676,abierto,B5,95.2918,0.173272,4.5489,17.6015,100.0,7.9625,CRITICA,7.9215,0.274873,25.2426,81.5289,0.186077,0.179653,7.3903,3.6827,1,1,1105.583,nan
za0676,abierto,B10,95.2918,0.173272,9.4923,28.2545,99.9243,16.4726,CRITICA,9.1459,0.426405,21.6652,70.3494,0.184933,0.180914,6.73,4.4101,1,1,1193.745,nan
za0676,abierto,B15,95.2918,0.173272,14.5251,40.4944,87.64,28.0176,CRITICA,10.887,0.597133,18.1946,57.5048,0.182888,0.178249,5.5496,2.8721,1,1,1151.278,nan
za0676,abierto,B25,95.2918,0.173272,24.537,63.086,64.0106,46.822,CRITICA,14.939,0.800726,14.3782,33.797,0.178407,0.180137,2.9632,3.9618,1,1,1094.331,nan
za0676,abierto,B40,95.2918,0.173272,39.5546,83.7492,51.1692,60.9655,BIEN,19.1853,0.843449,13.1446,12.1129,0.174424,0.168644,0.6647,2.6709,1,1,1161.305,nan
za0685,abierto,B5,90.7978,0.181153,4.5548,17.8348,100.0,8.1299,CRITICA,8.2883,0.294823,25.0991,80.3577,0.200389,0.198011,10.6183,9.3061,1,1,1149.029,nan
za0685,abierto,B10,90.7978,0.181153,9.5109,28.5541,99.8739,17.392,CRITICA,9.6269,0.453797,21.4523,68.552,0.197914,0.195776,9.2521,8.0723,1,1,1062.925,nan
za0685,abierto,B15,90.7978,0.181153,14.5267,40.7649,86.2019,29.0866,CRITICA,11.4916,0.62681,18.0351,55.1037,0.19207,0.20585,6.0265,13.633,1,1,1103.022,nan
za0685,abierto,B25,90.7978,0.181153,24.5337,62.7804,64.2318,47.4502,CRITICA,15.6701,0.812244,14.415,30.8569,0.187409,0.191089,3.4534,5.4847,1,1,1125.239,nan
za0685,abierto,B40,90.7978,0.181153,39.5323,82.3903,52.2444,61.2096,BIEN,19.5983,0.840629,13.3556,9.2595,0.181021,0.1859,0.0731,2.6201,1,1,1097.333,nan
za0688,abierto,B5,96.4758,0.164276,4.5587,17.3642,100.0,7.7964,CRITICA,7.8687,0.26575,25.3969,82.0015,0.176421,0.184879,7.393,12.5414,1,1,1094.691,nan
za0688,abierto,B10,96.4758,0.164276,9.5043,27.918,99.9437,15.6217,CRITICA,9.0342,0.418003,21.9011,71.0621,0.167208,0.174719,1.785,6.357,1,1,1122.839,nan
za0688,abierto,B15,96.4758,0.164276,14.5264,39.7954,88.9053,26.9375,CRITICA,10.7004,0.584114,18.464,58.7509,0.160467,0.173039,2.3184,5.3339,1,1,1070.32,nan
za0688,abierto,B25,96.4758,0.164276,24.5305,62.672,64.5365,45.6354,CRITICA,14.6979,0.79715,14.5051,35.0387,0.157788,0.16531,3.9496,0.6292,1,1,912.742,nan
za0688,abierto,B40,96.4758,0.164276,39.5331,83.5482,50.5366,59.4774,BIEN,18.9379,0.842175,13.2214,13.3998,0.170348,0.165539,3.6962,0.7688,1,1,1201.201,nan
za0719,abierto,B5,99.1851,0.171293,4.5464,17.5311,100.0,7.6568,CRITICA,7.6446,0.262407,25.3172,82.3249,0.179586,0.188003,4.8414,9.7557,1,1,1135.074,nan
za0719,abierto,B10,99.1851,0.171293,9.48,28.0474,99.9534,15.6768,CRITICA,8.789,0.40843,21.84,71.7221,0.174691,0.174907,1.9838,2.1102,1,1,1124.227,nan
za0719,abierto,B15,99.1851,0.171293,14.5158,39.8741,89.7184,26.5245,CRITICA,10.3702,0.574435,18.5072,59.7983,0.169833,0.176972,0.8519,3.3159,1,1,1194.03,nan
za0719,abierto,B25,99.1851,0.171293,24.5379,63.0343,63.9795,45.196,CRITICA,14.2012,0.791363,14.479,36.4479,0.166752,0.179284,2.6509,4.6655,1,1,1183.152,nan
za0719,abierto,B40,99.1851,0.171293,39.5359,84.6406,50.23,59.5459,BIEN,18.4087,0.846042,13.0514,14.664,0.172713,0.173641,0.8289,1.3709,1,1,1076.195,nan
za0738,abierto,B5,92.0626,0.157314,4.5492,17.5815,100.0,8.1536,CRITICA,8.1886,0.284169,25.2372,80.9027,0.179096,0.183453,13.8462,16.616,1,1,1109.385,nan
za0738,abierto,B10,92.0626,0.157314,9.5162,28.5701,99.901,16.9326,CRITICA,9.4944,0.446833,21.5028,68.9667,0.165889,0.175717,5.4507,11.6982,1,1,1073.077,nan
za0738,abierto,B15,92.0626,0.157314,14.5285,40.8184,86.3941,28.9809,CRITICA,11.3562,0.618835,18.0138,55.6624,0.169887,0.166639,7.9923,5.9274,1,1,1126.507,nan
za0738,abierto,B25,92.0626,0.157314,24.5358,63.1055,64.4356,47.5456,CRITICA,15.5485,0.810855,14.3395,31.4537,0.158623,0.17457,0.8321,10.9691,1,1,1094.811,nan
za0738,abierto,B40,92.0626,0.157314,39.5262,83.2781,51.6039,61.3899,BIEN,19.6095,0.838648,13.2067,9.5419,0.161205,0.168111,2.4736,6.8636,1,1,1075.384,nan
za0753,abierto,B5,96.2295,0.168514,4.5554,17.5926,100.0,8.0208,CRITICA,7.8744,0.269738,25.2386,81.7181,0.175803,0.185686,4.3253,10.1905,1,1,1118.819,nan
za0753,abierto,B10,96.2295,0.168514,9.4999,28.3842,99.8933,16.2642,CRITICA,9.082,0.424556,21.6443,70.5037,0.174187,0.176258,3.3664,4.5954,1,1,1144.165,nan
za0753,abierto,B15,96.2295,0.168514,14.523,40.4173,88.1096,27.8022,CRITICA,10.7893,0.592748,18.229,57.999,0.171721,0.171495,1.9034,1.7692,1,1,1124.48,nan
za0753,abierto,B25,96.2295,0.168514,24.5312,63.3056,63.8223,46.5815,CRITICA,14.8142,0.800197,14.3514,34.214,0.17218,0.174845,2.1755,3.7569,1,1,1060.221,nan
za0753,abierto,B40,96.2295,0.168514,39.5365,84.1058,50.6802,60.6141,BIEN,18.9096,0.841373,13.0879,12.5987,0.168741,0.181926,0.1348,7.9592,1,1,1167.27,nan
za0765,abierto,B5,97.5357,0.169601,4.543,17.4929,100.0,7.877,CRITICA,7.7755,0.263764,25.3147,82.0651,0.184588,0.191642,8.8366,12.9958,1,1,1093.374,nan
za0765,abierto,B10,97.5357,0.169601,9.4884,28.1304,99.9301,15.8516,CRITICA,8.9415,0.415569,21.7932,71.1589,0.179248,0.179014,5.6884,5.5503,1,1,1126.38,nan
za0765,abierto,B15,97.5357,0.169601,14.4861,40.2981,88.259,27.4402,CRITICA,10.6338,0.584387,18.2806,58.6838,0.173075,0.186925,2.0484,10.2145,1,1,1107.42,nan
za0765,abierto,B25,97.5357,0.169601,24.5338,63.1935,63.9679,45.8809,CRITICA,14.547,0.795861,14.4145,35.2099,0.171523,0.186859,1.1332,10.1756,1,1,1083.893,nan
za0765,abierto,B40,97.5357,0.169601,39.5348,84.3132,50.23,59.8692,BIEN,18.6067,0.842191,13.0876,13.5565,0.168359,0.182182,0.7324,7.4183,1,1,1083.541,nan
za0799,abierto,B5,101.4063,0.173412,4.5417,17.5316,100.0,7.5775,CRITICA,7.5269,0.249692,25.3247,82.7115,0.189055,0.187805,9.021,8.2999,1,1,1077.238,nan
za0799,abierto,B10,101.4063,0.173412,9.4726,28.1004,99.9476,15.0861,CRITICA,8.6303,0.398244,21.8892,72.2893,0.185473,0.182468,6.955,5.2223,1,1,1083.072,nan
za0799,abierto,B15,101.4063,0.173412,14.5012,39.8952,89.3652,25.933,CRITICA,10.1818,0.564061,18.5445,60.6581,0.193747,0.183084,11.7265,5.5776,1,1,1128.668,nan
za0799,abierto,B25,101.4063,0.173412,24.5044,63.1226,64.1134,44.0372,CRITICA,13.8925,0.792835,14.5355,37.7528,0.176449,0.181986,1.7512,4.9441,1,1,1034.982,nan
za0799,abierto,B40,101.4063,0.173412,39.5355,85.8109,49.0675,58.5644,BIEN,18.0807,0.849659,12.9099,15.3791,0.178046,0.191158,2.6723,10.2332,1,1,1107.174,nan
za0909,abierto,B5,100.5209,0.166874,4.5477,17.3645,100.0,7.4222,CRITICA,7.6683,0.252179,25.4311,82.7255,0.191276,0.190574,14.6231,14.2022,1,1,1131.99,nan
za0909,abierto,B10,100.5209,0.166874,9.4678,27.9967,99.9612,14.7036,CRITICA,8.7829,0.402185,21.9618,72.1484,0.183523,0.191972,9.9766,15.0398,1,1,1128.159,nan
za0909,abierto,B15,100.5209,0.166874,14.5032,39.4922,90.91,24.9783,CRITICA,10.3047,0.566341,18.7535,60.7124,0.187304,0.187558,12.2427,12.3949,1,1,1013.171,nan
za0909,abierto,B25,100.5209,0.166874,24.4967,62.5735,64.7014,42.5542,CRITICA,14.0183,0.79597,14.7298,37.7508,0.188087,0.193717,12.7117,16.0858,1,1,1106.562,nan
za0909,abierto,B40,100.5209,0.166874,39.5165,85.6851,48.9724,57.214,BIEN,18.3453,0.854368,12.979,14.7589,0.181165,0.191163,8.5638,14.5553,1,1,1104.362,nan
za0933,abierto,B5,92.5374,0.171821,4.5444,17.4839,100.0,8.0403,CRITICA,8.1826,0.282302,25.2953,81.1061,0.187687,0.184624,9.2337,7.4512,1,1,1109.755,nan
za0933,abierto,B10,92.5374,0.171821,9.5023,28.7112,99.8467,16.875,CRITICA,9.5126,0.447849,21.4402,68.9734,0.189996,0.188435,10.5776,9.6691,1,1,1108.647,nan
za0933,abierto,B15,92.5374,0.171821,14.5219,40.9323,86.4562,28.6695,CRITICA,11.3568,0.621171,18.0085,55.7667,0.171536,0.188266,0.1659,9.5708,1,1,1157.273,nan
za0933,abierto,B25,92.5374,0.171821,24.5332,63.7922,63.6515,47.4132,CRITICA,15.6793,0.818052,14.2273,31.0633,0.188084,0.176199,9.4649,2.5477,1,1,1165.909,nan
za0933,abierto,B40,92.5374,0.171821,39.5263,84.4248,51.0916,61.169,BIEN,19.5598,0.845083,13.0209,8.7668,0.181271,0.165484,5.4997,3.6881,1,1,1086.602,nan
za0938,abierto,B5,91.8112,0.182523,4.5483,17.5683,100.0,8.0763,CRITICA,8.2556,0.287244,25.2454,80.8648,0.203311,0.197234,11.3888,8.0598,1,1,1123.469,nan
za0938,abierto,B10,91.8112,0.182523,9.5127,28.7226,99.8583,16.8194,CRITICA,9.5858,0.453878,21.4506,68.7155,0.19165,0.201969,5.0002,10.6535,1,1,1135.203,nan
za0938,abierto,B15,91.8112,0.182523,14.5178,40.9503,86.4368,28.6724,CRITICA,11.4542,0.626283,18.0091,55.3973,0.200058,0.202663,9.6067,11.0338,1,1,1040.258,nan
za0938,abierto,B25,91.8112,0.182523,24.5312,63.1645,63.9776,46.8795,CRITICA,15.6845,0.819143,14.3807,31.2018,0.193317,0.195817,5.9135,7.2833,1,1,1059.21,nan
za0938,abierto,B40,91.8112,0.182523,39.5243,84.1052,51.3187,61.1033,BIEN,19.7061,0.845796,13.079,8.3934,0.184251,0.192304,0.9465,5.3582,1,1,985.125,nan
za0943,abierto,B5,92.5803,0.172894,4.5425,17.6057,100.0,8.0126,CRITICA,8.1961,0.284372,25.2261,80.9833,0.190849,0.184782,10.3854,6.8758,1,1,1117.693,nan
za0943,abierto,B10,92.5803,0.172894,9.5033,28.6972,99.8389,16.8611,CRITICA,9.5208,0.448602,21.443,69.0029,0.188015,0.194325,8.746,12.3956,1,1,1199.185,nan
za0943,abierto,B15,92.5803,0.172894,14.5218,41.0231,86.5027,28.5499,CRITICA,11.3659,0.622561,18.0003,55.6892,0.186585,0.195091,7.9186,12.8385,1,1,1098.901,nan
za0943,abierto,B25,92.5803,0.172894,24.5353,63.8994,63.8359,47.3297,CRITICA,15.7187,0.821406,14.2189,30.9795,0.191244,0.178502,10.6137,3.244,1,1,1181.335,nan
za0943,abierto,B40,92.5803,0.172894,39.5318,84.654,51.1168,61.2072,BIEN,19.6139,0.848408,12.9846,8.5615,0.18321,0.176564,5.9667,2.1225,1,1,1101.2,nan
za0996,abierto,B5,96.5311,0.171033,4.5491,17.4378,100.0,7.5881,CRITICA,7.9157,0.26366,25.3832,81.9356,0.190859,0.184066,11.5919,7.6206,1,1,1011.736,nan
za0996,abierto,B10,96.5311,0.171033,9.485,28.2533,99.9127,15.7815,CRITICA,9.1353,0.419757,21.739,70.7314,0.176144,0.180598,2.9886,5.5929,1,1,1116.196,nan
za0996,abierto,B15,96.5311,0.171033,14.5199,40.2944,89.0217,26.763,CRITICA,10.8184,0.591921,18.3605,58.2576,0.179251,0.183964,4.8049,7.561,1,1,1130.71,nan
za0996,abierto,B25,96.5311,0.171033,24.5267,63.3173,63.7059,45.3133,CRITICA,14.862,0.806594,14.4187,34.4074,0.180389,0.186598,5.4704,9.101,1,1,1152.339,nan
za0996,abierto,B40,96.5311,0.171033,39.5397,85.8978,50.0398,59.8332,BIEN,19.1946,0.853056,12.8496,11.0155,0.176807,0.180641,3.3761,5.6175,1,1,1103.022,nan
za1025,abierto,B5,92.9787,0.174656,4.55,17.5609,100.0,7.9161,CRITICA,8.1736,0.280596,25.2791,81.113,0.196694,0.18788,12.6179,7.5714,1,1,902.039,nan
za1025,abierto,B10,92.9787,0.174656,9.505,28.5944,99.8661,16.6738,CRITICA,9.4855,0.442417,21.5085,69.2462,0.192142,0.189503,10.0117,8.5004,1,1,1127.015,nan
za1025,abierto,B15,92.9787,0.174656,14.5349,40.7859,86.9452,28.2223,CRITICA,11.2994,0.615725,18.0988,56.1342,0.185093,0.195103,5.9757,11.707,1,1,1158.48,nan
za1025,abierto,B25,92.9787,0.174656,24.5354,63.4707,64.1542,46.9102,CRITICA,15.5736,0.816532,14.3155,31.7363,0.179401,0.192073,2.7168,9.972,1,1,1017.812,nan
za1025,abierto,B40,92.9787,0.174656,39.5285,83.9188,51.6117,60.8022,BIEN,19.489,0.846033,13.1006,9.7441,0.180773,0.183888,3.502,5.2858,1,1,1137.01,nan
zb0010,abierto,B5,99.2387,0.202711,4.4518,16.9469,100.0,6.4341,CRITICA,8.3535,0.276153,25.7713,82.9231,0.191027,0.20316,5.7639,0.2218,1,1,1176.055,nan
zb0010,abierto,B10,99.2387,0.202711,9.4399,26.9744,100.0,12.8039,CRITICA,9.4324,0.443549,22.4042,72.8187,0.203372,0.211125,0.3263,4.1507,1,1,1008.166,nan
zb0010,abierto,B15,99.2387,0.202711,14.4686,37.3124,94.7175,20.9148,CRITICA,10.7894,0.598402,19.6385,62.4014,0.200713,0.217382,0.9857,7.2372,1,1,1101.928,nan
zb0010,abierto,B25,99.2387,0.202711,24.4912,57.2941,75.9786,35.0605,CRITICA,13.8592,0.805088,16.1339,42.2663,0.208139,0.210899,2.6777,4.0393,1,1,1120.574,nan
zb0010,abierto,B40,99.2387,0.202711,39.503,81.3313,51.6098,46.6472,BIEN,18.1812,0.874424,14.1419,18.0447,0.204774,0.2023,1.0178,0.2025,1,1,1008.776,nan
zb0017,abierto,B5,100.7066,0.235455,4.4578,16.9717,100.0,6.2751,CRITICA,8.1839,0.269585,25.769,83.1473,0.23234,0.213433,1.3227,9.3527,1,1,1119.946,nan
zb0017,abierto,B10,100.7066,0.235455,9.4541,26.4437,100.0,12.4428,CRITICA,9.1719,0.425879,22.6637,73.7418,0.234068,0.243419,0.5891,3.3827,1,1,1004.319,nan
zb0017,abierto,B15,100.7066,0.235455,14.4857,36.8851,94.8417,20.6635,CRITICA,10.473,0.585636,19.7604,63.3737,0.241745,0.244037,2.6714,3.6452,1,1,1014.507,nan
zb0017,abierto,B25,100.7066,0.235455,24.4701,57.2796,76.8577,35.0069,CRITICA,13.4587,0.80099,16.1111,43.1223,0.240659,0.255918,2.2104,8.6911,1,1,1107.665,nan
zb0017,abierto,B40,100.7066,0.235455,39.5006,81.4612,52.5141,47.218,BIEN,17.5013,0.870776,14.0314,19.1104,0.235124,0.253326,0.1406,7.5903,1,1,1018.745,nan
zb0031,abierto,B5,105.0132,0.218471,4.4296,17.0144,100.0,6.4321,CRITICA,7.7001,0.253209,25.7119,83.7978,0.233231,0.225264,6.7557,3.1092,1,1,1129.305,nan
zb0031,abierto,B10,105.0132,0.218471,9.4382,27.0024,99.9981,13.065,CRITICA,8.6896,0.409957,22.3569,74.2867,0.224717,0.23248,2.8587,6.4121,1,1,1097.454,nan
zb0031,abierto,B15,105.0132,0.218471,14.3994,38.0311,94.5972,21.7293,CRITICA,9.9963,0.570963,19.2899,63.7845,0.224515,0.235715,2.7664,7.893,1,1,1116.445,nan
zb0031,abierto,B25,105.0132,0.218471,24.4635,57.6002,74.7385,35.5193,CRITICA,12.7276,0.78208,16.0251,45.1496,0.217051,0.233328,0.6502,6.8,1,1,1092.538,nan
zb0031,abierto,B40,105.0132,0.218471,39.4888,81.7001,52.1454,46.9453,BIEN,16.5839,0.871144,14.0585,22.2002,0.214866,0.22948,1.6504,5.0389,1,1,1005.328,nan
zb0046,abierto,B5,103.8882,0.209573,4.4528,17.1613,100.0,6.4653,CRITICA,7.8193,0.260025,25.6332,83.481,0.214379,0.214336,2.2929,2.2727,1,1,1051.193,nan
zb0046,abierto,B10,103.8882,0.209573,9.468,27.4788,100.0,13.4559,CRITICA,8.8643,0.422718,22.108,73.5497,0.221462,0.219421,5.6728,4.6989,1,1,1104.362,nan
zb0046,abierto,B15,103.8882,0.209573,14.4376,38.5018,93.5958,22.2353,CRITICA,10.2095,0.583516,19.1196,62.9392,0.220494,0.218847,5.2108,4.4249,1,1,1105.339,nan
zb0046,abierto,B25,103.8882,0.209573,24.4786,58.0982,75.0606,35.9721,CRITICA,13.0317,0.792005,15.9114,44.0762,0.218641,0.219749,4.3269,4.8555,1,1,1066.667,nan
zb0046,abierto,B40,103.8882,0.209573,39.5256,82.3543,50.9694,47.4337,BIEN,17.0515,0.876161,13.949,20.728,0.212406,0.228309,1.3519,8.9399,1,1,1086.72,nan
zb0066,abierto,B5,103.958,0.208799,4.4579,17.0705,100.0,6.5406,CRITICA,7.8646,0.256356,25.6858,83.5794,0.205682,0.211175,1.4925,1.1379,1,1,1098.056,nan
zb0066,abierto,B10,103.958,0.208799,9.4625,27.2794,100.0,13.1385,CRITICA,8.8881,0.419216,22.2435,73.7593,0.213457,0.215258,2.231,3.0938,1,1,1091.346,nan
zb0066,abierto,B15,103.958,0.208799,14.4504,38.2617,93.7608,22.1058,CRITICA,10.2418,0.579213,19.1995,63.195,0.210072,0.220592,0.61,5.6482,1,1,1176.747,nan
zb0066,abierto,B25,103.958,0.208799,24.483,58.4309,73.8439,36.7425,CRITICA,13.1762,0.791287,15.7574,43.7938,0.206495,0.213097,1.1035,2.0587,1,1,1136.622,nan
zb0066,abierto,B40,103.958,0.208799,39.5335,82.0173,53.0109,47.861,BIEN,17.1764,0.874027,13.9656,21.1053,0.202512,0.211645,3.0107,1.3634,1,1,1141.553,nan
zb0073,abierto,B5,103.0293,0.203002,4.4463,16.7074,100.0,6.5303,CRITICA,7.8858,0.257295,25.8771,83.7839,0.204724,0.212545,0.8481,4.701,1,1,1075.732,nan
zb0073,abierto,B10,103.0293,0.203002,9.4365,26.6427,100.0,13.0627,CRITICA,8.8804,0.416645,22.4832,74.1407,0.204645,0.213232,0.8092,5.0392,1,1,1108.525,nan
zb0073,abierto,B15,103.0293,0.203002,14.4474,37.6814,93.7084,22.1757,CRITICA,10.2292,0.579536,19.3183,63.4265,0.211284,0.213901,4.0797,5.3689,1,1,1099.263,nan
zb0073,abierto,B25,103.0293,0.203002,24.4738,57.7356,75.5148,36.6135,CRITICA,13.1115,0.791345,15.8724,43.962,0.212161,0.220074,4.5115,8.4098,1,1,1109.878,nan
zb0073,abierto,B40,103.0293,0.203002,39.5294,81.3732,53.9366,48.0567,BIEN,16.9192,0.867827,13.9995,21.0194,0.205649,0.220376,1.3037,8.5587,1,1,1050.862,nan
zb0117,abierto,B5,103.9668,0.195655,4.4856,17.1531,100.0,6.3804,CRITICA,7.8736,0.260941,25.6768,83.5014,0.197224,0.206393,0.802,5.4881,1,1,1123.217,nan
zb0117,abierto,B10,103.9668,0.195655,9.4845,27.4689,100.0,12.81,CRITICA,8.9059,0.423939,22.2041,73.5791,0.198143,0.205127,1.2713,4.8409,1,1,1130.582,nan
zb0117,abierto,B15,103.9668,0.195655,14.4707,38.4231,94.9194,21.256,CRITICA,10.2463,0.582544,19.2713,63.0429,0.193324,0.198688,1.1917,1.55,1,1,1160.497,nan
zb0117,abierto,B25,103.9668,0.195655,24.4912,58.7725,72.0682,35.4246,CRITICA,13.2057,0.794877,15.8387,43.4699,0.196654,0.192282,0.5107,1.7241,1,1,1107.788,nan
zb0117,abierto,B40,103.9668,0.195655,39.528,82.5149,50.587,46.4197,BIEN,17.2268,0.873754,13.9997,20.6334,0.194096,0.195008,0.7969,0.3308,1,1,980.969,nan
zb0124,abierto,B5,104.8241,0.228521,4.4821,16.8576,100.0,6.3338,CRITICA,7.7838,0.252187,25.8652,83.9182,0.218098,0.22578,4.5611,1.1993,1,1,1114.33,nan
zb0124,abierto,B10,104.8241,0.228521,9.4924,26.9997,100.0,12.5126,CRITICA,8.7765,0.412716,22.4456,74.2429,0.226859,0.237305,0.7273,3.8439,1,1,1112.595,nan
zb0124,abierto,B15,104.8241,0.228521,14.5297,38.0438,94.3391,21.4764,CRITICA,10.1137,0.572893,19.3452,63.707,0.243475,0.231449,6.544,1.2814,1,1,973.236,nan
zb0124,abierto,B25,104.8241,0.228521,24.479,57.7821,73.873,35.8431,CRITICA,12.9092,0.782961,15.9308,44.8771,0.234065,0.241842,2.4261,5.8292,1,1,1064.283,nan
zb0124,abierto,B40,104.8241,0.228521,39.5084,82.4191,53.2341,47.9684,BIEN,17.018,0.871959,13.8659,21.3739,0.237501,0.238646,3.9299,4.4308,1,1,1146.789,nan
zb0148,abierto,B5,109.7067,0.205483,4.4648,17.1656,100.0,6.4129,CRITICA,7.3443,0.246521,25.635,84.3532,0.218455,0.207412,6.3129,0.9389,1,1,1120.323,nan
zb0148,abierto,B10,109.7067,0.205483,9.492,27.1785,100.0,13.1516,CRITICA,8.3014,0.394459,22.2476,75.2262,0.208296,0.213959,1.3688,4.1247,1,1,1097.574,nan
zb0148,abierto,B15,109.7067,0.205483,14.4746,38.8049,93.6579,21.9841,CRITICA,9.6081,0.557443,19.0488,64.6285,0.207515,0.217661,0.9889,5.9266,1,1,1128.032,nan
zb0148,abierto,B25,109.7067,0.205483,24.4754,59.0651,73.0521,36.5624,CRITICA,12.3259,0.76999,15.6452,46.1609,0.207617,0.211903,1.0386,3.1242,1,1,1196.602,nan
zb0148,abierto,B40,109.7067,0.205483,39.4875,83.2114,52.1532,48.7208,BIEN,16.1223,0.869518,13.6938,24.151,0.200599,0.219217,2.377,6.6836,1,1,1017.812,nan
zb0152,abierto,B5,113.4229,0.188091,4.4242,17.0677,100.0,6.4062,CRITICA,7.0006,0.240365,25.6893,84.9522,0.204065,0.200669,8.4927,6.687,1,1,1138.434,nan
zb0152,abierto,B10,113.4229,0.188091,9.4481,26.6314,100.0,12.6168,CRITICA,7.8647,0.374823,22.5218,76.5202,0.178954,0.19595,4.8577,4.1783,1,1,1151.543,nan
zb0152,abierto,B15,113.4229,0.188091,14.4772,38.1114,94.9679,21.3011,CRITICA,9.0871,0.533827,19.3132,66.3989,0.189642,0.196064,0.8244,4.2391,1,1,1090.275,nan
zb0152,abierto,B25,113.4229,0.188091,24.4783,58.0321,74.8045,34.9864,CRITICA,11.5632,0.744497,15.9596,48.8356,0.198178,0.200301,5.3629,6.4913,1,1,1112.595,nan
zb0152,abierto,B40,113.4229,0.188091,39.4904,82.4156,51.2876,47.2318,BIEN,15.1523,0.859125,13.8904,27.3378,0.193495,0.195061,2.8728,3.7055,1,1,1096.131,nan
zb0273,abierto,B5,106.976,0.258905,4.4436,16.36,100.0,6.1783,CRITICA,7.5275,0.239665,26.1504,84.7069,0.252893,0.233812,2.3221,9.6919,1,1,1146.263,nan
zb0273,abierto,B10,106.976,0.258905,9.4322,26.1728,100.0,12.0668,CRITICA,8.4469,0.39409,22.7671,75.534,0.256495,0.260398,0.9308,0.577,1,1,1070.32,nan
zb0273,abierto,B15,106.976,0.258905,14.4697,36.7891,95.0494,20.5469,CRITICA,9.6532,0.550869,19.7351,65.61,0.252708,0.270147,2.3935,4.3422,1,1,1197.461,nan
zb0273,abierto,B25,106.976,0.258905,24.4643,56.5799,76.5957,34.6934,CRITICA,12.2362,0.765782,16.1942,47.1097,0.251628,0.26325,2.8104,1.6783,1,1,1030.291,nan
zb0273,abierto,B40,106.976,0.258905,39.504,80.8438,55.9685,46.6636,BIEN,15.7586,0.860687,14.0656,24.4281,0.251449,0.266672,2.8797,3.0,1,1,1182.033,nan
zb0276,abierto,B5,108.874,0.217509,4.4646,16.5123,100.0,6.1067,CRITICA,7.4264,0.238951,26.0614,84.8335,0.211096,0.222267,2.9485,2.1875,1,1,1151.676,nan
zb0276,abierto,B10,108.874,0.217509,9.4548,25.9794,100.0,12.014,CRITICA,8.3146,0.384543,22.8642,76.1381,0.219879,0.224373,1.0893,3.1553,1,1,834.934,nan
zb0276,abierto,B15,108.874,0.217509,14.4697,36.8608,95.2493,20.2925,CRITICA,9.5086,0.542799,19.7478,66.1436,0.220391,0.220945,1.3248,1.5796,1,1,1081.783,nan
zb0276,abierto,B25,108.874,0.217509,24.4687,57.2509,75.3052,34.83,CRITICA,12.1392,0.76082,16.0531,47.4155,0.223841,0.234912,2.911,8.001,1,1,1035.733,nan
zb0276,abierto,B40,108.874,0.217509,39.5065,81.0483,55.5493,46.64,BIEN,15.5905,0.856284,14.027,25.5577,0.221524,0.237849,1.8457,9.351,1,1,999.5,nan
zb0355,abierto,B5,108.453,0.225753,4.4538,16.5153,100.0,6.5542,CRITICA,7.3471,0.241346,26.0049,84.772,0.224468,0.215091,0.5694,4.7229,1,1,1065.53,nan
zb0355,abierto,B10,108.453,0.225753,9.4688,26.7789,100.0,12.8014,CRITICA,8.2993,0.398304,22.4438,75.3083,0.206593,0.218291,8.4873,3.3058,1,1,1132.503,nan
zb0355,abierto,B15,108.453,0.225753,14.5066,37.6781,94.3411,21.8601,CRITICA,9.5429,0.553281,19.3609,65.2586,0.217024,0.218229,3.8669,3.3332,1,1,1036.592,nan
zb0355,abierto,B25,108.453,0.225753,24.4492,57.6949,74.5522,35.9111,CRITICA,12.1569,0.765144,15.9375,46.802,0.215561,0.218635,4.5149,3.1532,1,1,1110.618,nan
zb0355,abierto,B40,108.453,0.225753,39.5087,81.639,53.3816,48.0275,BIEN,15.7293,0.86136,13.9381,24.724,0.216503,0.22649,4.0977,0.3264,1,1,1107.788,nan
zb0426,abierto,B5,106.7842,0.236501,4.4377,16.4869,100.0,6.1482,CRITICA,7.5453,0.243469,26.0573,84.5605,0.235053,0.237077,0.6121,0.2434,1,1,1128.159,nan
zb0426,abierto,B10,106.7842,0.236501,9.4279,26.2916,100.0,11.9003,CRITICA,8.4612,0.399437,22.7364,75.3788,0.234744,0.24027,0.743,1.5937,1,1,1130.199,nan
zb0426,abierto,B15,106.7842,0.236501,14.467,36.7792,95.1755,20.4338,CRITICA,9.6638,0.553161,19.7559,65.5574,0.225698,0.234624,4.5678,0.7935,1,1,1201.057,nan
zb0426,abierto,B25,106.7842,0.236501,24.4618,56.8281,75.6642,34.5935,CRITICA,12.2817,0.769796,16.1639,46.7823,0.220805,0.241193,6.6367,1.9841,1,1,1117.568,nan
zb0426,abierto,B40,106.7842,0.236501,39.4847,81.0866,54.6779,46.5552,BIEN,15.8077,0.859815,14.0399,24.065,0.242545,0.241213,2.5554,1.9922,1,1,1154.068,nan
zb0433,abierto,B5,107.6937,0.244056,4.4506,16.6198,100.0,6.174,CRITICA,7.4805,0.244789,25.9661,84.5675,0.248277,0.23387,1.7294,4.1737,1,1,1135.847,nan
zb0433,abierto,B10,107.6937,0.244056,9.4438,26.2339,100.0,12.0787,CRITICA,8.3804,0.394311,22.729,75.6403,0.245264,0.255047,0.495,4.5036,1,1,1074.691,nan
zb0433,abierto,B15,107.6937,0.244056,14.4966,36.8996,95.0183,20.5534,CRITICA,9.5718,0.550806,19.6854,65.7365,0.259046,0.25836,6.142,5.8611,1,1,1081.783,nan
zb0433,abierto,B25,107.6937,0.244056,24.4495,56.7749,76.4793,34.5822,CRITICA,12.1207,0.76413,16.1542,47.2812,0.243108,0.244014,0.3883,0.017,1,1,1107.42,nan
zb0433,abierto,B40,107.6937,0.244056,39.4921,81.2085,55.2621,46.352,BIEN,15.6168,0.859355,14.0175,24.5931,0.247588,0.248791,1.4472,1.9402,1,1,1111.235,nan
zb0457,abierto,B5,108.8249,0.242634,4.4636,16.4871,100.0,6.0751,CRITICA,7.4067,0.239667,26.0853,84.8499,0.234227,0.229976,3.4649,5.2167,1,1,1166.589,nan
zb0457,abierto,B10,108.8249,0.242634,9.4493,26.0131,100.0,11.7312,CRITICA,8.2848,0.386767,22.8831,76.0964,0.243462,0.24318,0.3412,0.2251,1,1,957.763,nan
zb0457,abierto,B15,108.8249,0.242634,14.4947,36.774,95.4783,20.1922,CRITICA,9.4757,0.5434,19.7827,66.2082,0.247808,0.258337,2.1325,6.4721,1,1,1126.253,nan
zb0457,abierto,B25,108.8249,0.242634,24.4559,56.8428,76.1164,34.2859,CRITICA,12.0314,0.760067,16.1786,47.7668,0.24288,0.252534,0.1016,4.0803,1,1,1112.471,nan
zb0457,abierto,B40,108.8249,0.242634,39.4992,80.6252,55.493,45.6629,BIEN,15.4039,0.855821,14.1559,25.913,0.249733,0.259106,2.9258,6.7889,1,1,1116.071,nan
zb0502,abierto,B5,104.7411,0.246133,4.4771,16.9091,100.0,6.6073,CRITICA,7.6893,0.257577,25.7487,83.8563,0.237115,0.236355,3.6638,3.9724,1,1,1016.363,nan
zb0502,abierto,B10,104.7411,0.246133,9.5064,27.1633,99.9651,13.2522,CRITICA,8.6902,0.419116,22.2391,74.0662,0.233394,0.240831,5.1757,2.1539,1,1,969.556,nan
zb0502,abierto,B15,104.7411,0.246133,14.5265,38.1411,93.2465,22.7153,CRITICA,10.003,0.577049,19.1075,63.5853,0.237803,0.246205,3.3841,0.0294,1,1,879.817,nan
zb0502,abierto,B25,104.7411,0.246133,24.4775,57.7725,74.9015,36.7979,CRITICA,12.7003,0.784191,15.819,44.8426,0.235592,0.240491,4.2827,2.292,1,1,1104.85,nan
zb0502,abierto,B40,104.7411,0.246133,39.5119,81.6163,53.7561,48.7392,BIEN,16.4409,0.868266,13.898,22.0781,0.218798,0.247399,11.1055,0.5144,1,1,1022.913,nan
zb0528,abierto,B5,107.1737,0.232927,4.4403,17.3351,100.0,6.554,CRITICA,7.549,0.253839,25.5084,83.8252,0.236124,0.225586,1.3724,3.1518,1,1,1076.426,nan
zb0528,abierto,B10,107.1737,0.232927,9.4537,27.7053,100.0,13.1152,CRITICA,8.5571,0.410853,22.0537,74.1492,0.229643,0.238645,1.41,2.455,1,1,1100.594,nan
zb0528,abierto,B15,107.1737,0.232927,14.4932,39.1879,94.0111,21.9825,CRITICA,9.9059,0.574184,18.9773,63.4352,0.223205,0.232714,4.174,0.0916,1,1,1073.192,nan
zb0528,abierto,B25,107.1737,0.232927,24.4818,59.5752,71.6043,36.2531,CRITICA,12.7596,0.784808,15.6257,44.4125,0.2251,0.236239,3.3601,1.4217,1,1,1081.081,nan
zb0528,abierto,B40,107.1737,0.232927,39.5158,83.1727,49.5119,47.7798,BIEN,16.6161,0.874957,13.8101,22.3945,0.225134,0.23457,3.3456,0.7055,1,1,1078.749,nan
zb0573,abierto,B5,108.6792,0.191063,4.4483,16.4574,100.0,6.2403,CRITICA,7.4178,0.238511,26.0713,84.8569,0.200382,0.214312,4.8774,12.1679,1,1,1124.986,nan
zb0573,abierto,B10,108.6792,0.191063,9.4518,26.5647,100.0,12.5763,CRITICA,8.3639,0.393312,22.5179,75.5567,0.193343,0.207673,1.1933,8.6931,1,1,1120.197,nan
zb0573,abierto,B15,108.6792,0.191063,14.498,37.4441,94.376,21.4761,CRITICA,9.5908,0.549758,19.4109,65.5462,0.189371,0.204206,0.8858,6.879,1,1,1192.464,nan
zb0573,abierto,B25,108.6792,0.191063,24.468,58.0559,75.2916,36.0367,CRITICA,12.2809,0.768331,15.7947,46.5805,0.185564,0.198602,2.878,3.9455,1,1,1071.811,nan
zb0573,abierto,B40,108.6792,0.191063,39.5046,81.7213,54.1132,47.1479,BIEN,15.7177,0.858109,13.9129,24.805,0.195395,0.198518,2.2671,3.9019,1,1,1177.44,nan
zb0593,abierto,B5,108.6036,0.221239,4.4489,16.4439,100.0,6.1638,CRITICA,7.3995,0.238897,26.086,84.8588,0.221744,0.221221,0.2285,0.008,1,1,1146.263,nan
zb0593,abierto,B10,108.6036,0.221239,9.4431,26.1857,100.0,12.2302,CRITICA,8.3055,0.38873,22.7256,75.8888,0.226663,0.226301,2.4518,2.288,1,1,958.957,nan
zb0593,abierto,B15,108.6036,0.221239,14.4914,36.9661,94.5875,20.9795,CRITICA,9.5054,0.544242,19.6001,65.9624,0.223407,0.223333,0.9798,0.9466,1,1,1162.385,nan
zb0593,abierto,B25,108.6036,0.221239,24.4679,56.9643,76.8732,35.3674,CRITICA,12.0685,0.759972,16.0341,47.5484,0.209654,0.231927,5.2366,4.8312,1,1,1210.507,nan
zb0593,abierto,B40,108.6036,0.221239,39.4839,81.3496,55.7472,47.2071,BIEN,15.5353,0.856447,13.9277,25.0949,0.217382,0.233372,1.7435,5.4843,1,1,1111.729,nan
zb0636,abierto,B5,109.0037,0.238648,4.4432,16.634,100.0,6.3369,CRITICA,7.3181,0.239135,25.9576,84.74,0.246565,0.236649,3.3174,0.8374,1,1,1124.48,nan
zb0636,abierto,B10,109.0037,0.238648,9.4536,26.7253,100.0,12.6004,CRITICA,8.2525,0.391968,22.4722,75.4822,0.242057,0.240279,1.4286,0.6837,1,1,1124.859,nan
zb0636,abierto,B15,109.0037,0.238648,14.4822,37.7041,94.5836,21.7907,CRITICA,9.4935,0.54814,19.3261,65.4103,0.233932,0.245235,1.9761,2.7603,1,1,989.903,nan
zb0636,abierto,B25,109.0037,0.238648,24.4797,58.5009,73.8671,36.4021,CRITICA,12.2099,0.76656,15.7248,46.3313,0.240732,0.244868,0.8735,2.6066,1,1,1113.09,nan
zb0636,abierto,B40,109.0037,0.238648,39.4995,82.4672,53.3583,48.4678,BIEN,15.7609,0.861877,13.7581,24.3446,0.244159,0.24596,2.3092,3.0639,1,1,1123.974,nan
zb0659,abierto,B5,106.7822,0.243459,4.4346,17.4937,100.0,6.4411,CRITICA,7.5872,0.258917,25.4139,83.6174,0.239505,0.230826,1.624,5.1886,1,1,1151.676,nan
zb0659,abierto,B10,106.7822,0.243459,9.447,27.8218,100.0,13.3812,CRITICA,8.6141,0.415005,21.9661,73.9453,0.242189,0.245975,0.5216,1.0335,1,1,1029.124,nan
zb0659,abierto,B15,106.7822,0.243459,14.4785,39.4298,93.3804,22.2599,CRITICA,9.9791,0.581062,18.8776,63.0746,0.231628,0.243503,4.8594,0.018,1,1,1132.631,nan
zb0659,abierto,B25,106.7822,0.243459,24.4788,60.0086,72.3437,36.8586,CRITICA,12.8879,0.791259,15.4918,43.8028,0.241173,0.243004,0.9387,0.1867,1,1,1078.981,nan
zb0659,abierto,B40,106.7822,0.243459,39.4888,83.9333,48.9511,49.018,BIEN,16.8098,0.87452,13.6065,21.3977,0.240997,0.246093,1.011,1.082,1,1,1043.732,nan
zb0732,abierto,B5,104.6682,0.238752,4.4821,17.1798,100.0,6.5991,CRITICA,7.6694,0.258145,25.6195,83.5864,0.232218,0.220688,2.7369,7.566,1,1,1134.301,nan
zb0732,abierto,B10,104.6682,0.238752,9.497,27.5305,100.0,13.565,CRITICA,8.6987,0.419511,22.0527,73.6974,0.231674,0.235991,2.9647,1.1566,1,1,1090.275,nan
zb0732,abierto,B15,104.6682,0.238752,14.5179,38.8181,93.1495,23.0001,CRITICA,10.0472,0.582825,18.9155,62.9132,0.229712,0.240648,3.7864,0.7943,1,1,1096.491,nan
zb0732,abierto,B25,104.6682,0.238752,24.4821,59.0711,73.4635,37.3919,CRITICA,12.8841,0.793703,15.5707,43.5635,0.236353,0.232441,1.0046,2.6435,1,1,1067.464,nan
zb0732,abierto,B40,104.6682,0.238752,39.5144,82.3628,52.1784,48.8346,BIEN,16.6236,0.872243,13.8333,21.3106,0.246289,0.241657,3.157,1.2167,1,1,1085.776,nan
zb0863,abierto,B5,103.6038,0.250429,4.4839,17.0184,100.0,6.345,CRITICA,7.7544,0.266289,25.7648,83.5736,0.24613,0.223823,1.7169,10.6242,1,1,1169.591,nan
zb0863,abierto,B10,103.6038,0.250429,9.4759,26.7534,100.0,13.1758,CRITICA,8.7446,0.419027,22.4165,74.1772,0.238162,0.24731,4.8986,1.2458,1,1,1094.571,nan
zb0863,abierto,B15,103.6038,0.250429,14.4789,37.8975,94.1897,21.9765,CRITICA,10.0603,0.58423,19.3143,63.4207,0.245396,0.244141,2.0101,2.5111,1,1,1109.755,nan
zb0863,abierto,B25,103.6038,0.250429,24.5017,57.8121,74.4202,36.6915,CRITICA,12.8537,0.789085,15.8613,44.1989,0.250497,0.251475,0.0269,0.4177,1,1,901.226,nan
zb0863,abierto,B40,103.6038,0.250429,39.5071,80.9784,54.2762,48.6886,BIEN,16.6545,0.869217,14.0496,21.8384,0.25224,0.251663,0.7231,0.4924,1,1,1168.497,nan
zb0867,abierto,B5,103.0673,0.256459,4.4871,17.057,100.0,6.4322,CRITICA,7.7996,0.268127,25.729,83.4507,0.240358,0.222918,6.2782,13.0787,1,1,1136.88,nan
zb0867,abierto,B10,103.0673,0.256459,9.4788,26.88,100.0,13.2355,CRITICA,8.7969,0.424011,22.3531,73.9199,0.245646,0.253208,4.2162,1.2679,1,1,954.472,nan
zb0867,abierto,B15,103.0673,0.256459,14.4769,37.9417,94.0829,22.2829,CRITICA,10.1252,0.586722,19.2567,63.1874,0.247686,0.260024,3.4211,1.3898,1,1,1093.255,nan
zb0867,abierto,B25,103.0673,0.256459,24.4996,57.6441,74.6143,36.8471,CRITICA,12.9042,0.790516,15.8725,44.0714,0.254328,0.251592,0.831,1.898,1,1,1112.966,nan
zb0867,abierto,B40,103.0673,0.256459,39.5037,80.4393,54.8565,48.7391,BIEN,16.6413,0.867707,14.1175,21.9546,0.258136,0.248003,0.6537,3.2974,1,1,962.742,nan
zb0883,abierto,B5,101.3866,0.227981,4.4599,17.1361,100.0,6.6056,CRITICA,8.0525,0.268766,25.6587,83.0983,0.237913,0.223551,4.3562,1.9434,1,1,928.505,nan
zb0883,abierto,B10,101.3866,0.227981,9.4872,27.822,100.0,13.3558,CRITICA,9.1523,0.439676,21.996,72.5585,0.233338,0.240963,2.3496,5.694,1,1,1125.873,nan
zb0883,abierto,B15,101.3866,0.227981,14.4603,38.8231,93.5027,22.5103,CRITICA,10.5732,0.598565,19.0065,61.7079,0.233015,0.242294,2.208,6.2781,1,1,1108.77,nan
zb0883,abierto,B25,101.3866,0.227981,24.4897,59.3393,72.1827,36.882,CRITICA,13.6649,0.809435,15.6118,41.4722,0.233983,0.244404,2.6323,7.2037,1,1,748.223,nan
zb0883,abierto,B40,101.3866,0.227981,39.5083,83.9681,48.7046,49.0187,BIEN,17.9625,0.878276,13.6213,17.1803,0.236493,0.245362,3.7337,7.6236,1,1,1101.079,nan
zb0917,abierto,B5,107.8587,0.218301,4.431,17.2374,100.0,6.4954,CRITICA,7.3813,0.256005,25.5814,84.0186,0.230454,0.214723,5.5668,1.6391,1,1,1141.944,nan
zb0917,abierto,B10,107.8587,0.218301,9.4705,26.9932,100.0,13.2536,CRITICA,8.3208,0.403917,22.3005,74.9735,0.218247,0.228262,0.0249,4.5629,1,1,1004.218,nan
zb0917,abierto,B15,107.8587,0.218301,14.4985,38.3614,93.6579,22.2406,CRITICA,9.6174,0.568216,19.1653,64.4336,0.217939,0.217701,0.1662,0.275,1,1,1080.964,nan
zb0917,abierto,B25,107.8587,0.218301,24.4852,57.7582,75.8932,36.5019,CRITICA,12.1919,0.772199,15.8976,46.4501,0.221124,0.221202,1.2932,1.3286,1,1,1121.076,nan
zb0917,abierto,B40,107.8587,0.218301,39.5108,81.1326,53.3098,48.4473,BIEN,15.7368,0.870639,14.028,24.7788,0.218263,0.225167,0.0175,3.1451,1,1,1079.797,nan
zb0940,abierto,B5,106.0814,0.207296,4.4683,17.4018,100.0,6.4183,CRITICA,7.62,0.26668,25.5127,83.5958,0.21358,0.201074,3.0313,3.0013,1,1,1142.857,nan
zb0940,abierto,B10,106.0814,0.207296,9.4683,27.2972,100.0,12.9868,CRITICA,8.5953,0.416483,22.2412,74.2677,0.213212,0.209059,2.8537,0.8507,1,1,1105.95,nan
zb0940,abierto,B15,106.0814,0.207296,14.4772,38.445,94.6302,21.6193,CRITICA,9.9042,0.578208,19.2424,63.759,0.20929,0.2158,0.9619,4.1024,1,1,1127.396,nan
zb0940,abierto,B25,106.0814,0.207296,24.484,59.2677,73.2073,37.1038,CRITICA,12.8402,0.789241,15.5937,44.1299,0.217705,0.216092,5.0212,4.2435,1,1,1075.963,nan
zb0940,abierto,B40,106.0814,0.207296,39.5132,82.1452,51.34,48.4396,BIEN,16.5815,0.870227,13.9268,22.564,0.20349,0.213385,1.8362,2.9372,1,1,1115.2,nan
zb0961,abierto,B5,103.0438,0.258311,4.493,17.1285,100.0,6.6103,CRITICA,7.7673,0.269945,25.6642,83.3775,0.247723,0.233896,4.0991,9.4519,1,1,1147.447,nan
zb0961,abierto,B10,103.0438,0.258311,9.4659,27.0382,100.0,13.47,CRITICA,8.7712,0.42633,22.2719,73.7605,0.257551,0.254876,0.2946,1.33,1,1,1073.192,nan
zb0961,abierto,B15,103.0438,0.258311,14.4655,37.9969,94.0131,22.4811,CRITICA,10.0975,0.587504,19.2453,63.1255,0.253358,0.260667,1.9178,0.912,1,1,1100.352,nan
zb0961,abierto,B25,103.0438,0.258311,24.4924,58.2385,74.001,37.1724,CRITICA,12.9645,0.797227,15.7843,43.4819,0.260765,0.259418,0.95,0.4283,1,1,975.134,nan
zb0961,abierto,B40,103.0438,0.258311,39.4894,81.1745,53.4282,49.3181,BIEN,16.7245,0.871822,14.0101,21.2234,0.248998,0.261785,3.6057,1.3445,1,1,1106.195,nan
zb0966,abierto,B5,103.4042,0.242165,4.4637,16.6793,100.0,6.7149,CRITICA,7.8212,0.259762,25.9079,83.8698,0.247027,0.236444,2.0077,2.3624,1,1,1076.195,nan
zb0966,abierto,B10,103.4042,0.242165,9.4798,26.9933,100.0,12.9989,CRITICA,8.8297,0.425344,22.3663,73.8953,0.243429,0.246479,0.5219,1.7814,1,1,1132.246,nan
zb0966,abierto,B15,103.4042,0.242165,14.4532,37.6899,93.5046,22.2279,CRITICA,10.1444,0.580503,19.3333,63.5509,0.237043,0.244951,2.1148,1.1507,1,1,1040.15,nan
zb0966,abierto,B25,103.4042,0.242165,24.4865,57.7056,73.675,36.9959,CRITICA,12.9641,0.788986,15.8399,44.1941,0.257643,0.247718,6.3916,2.2932,1,1,1112.471,nan
zb0966,abierto,B40,103.4042,0.242165,39.4987,81.5725,53.6766,48.7835,BIEN,16.767,0.868099,13.9325,21.113,0.245142,0.247272,1.2295,2.1092,1,1,1114.579,nan
zb0974,abierto,B5,103.382,0.246992,4.4577,16.6378,100.0,6.5795,CRITICA,7.8334,0.256462,25.9307,83.9065,0.253104,0.236454,2.4745,4.2665,1,1,994.036,nan
zb0974,abierto,B10,103.382,0.246992,9.4779,27.0245,100.0,12.657,CRITICA,8.8324,0.425176,22.386,73.8595,0.244056,0.245644,1.1888,0.5457,1,1,1102.171,nan
zb0974,abierto,B15,103.382,0.246992,14.4497,37.3359,94.0053,21.7065,CRITICA,10.1023,0.577618,19.4785,63.8855,0.255047,0.259977,3.2613,5.2571,1,1,1115.325,nan
zb0974,abierto,B25,103.382,0.246992,24.4757,57.4244,74.7133,36.4892,CRITICA,12.8926,0.788909,15.9064,44.4541,0.245582,0.259799,0.5709,5.1852,1,1,1005.025,nan
zb0974,abierto,B40,103.382,0.246992,39.4979,81.1248,54.1598,47.7488,BIEN,16.604,0.867769,14.0411,21.5291,0.258716,0.265752,4.7466,7.5952,1,1,1053.63,nan
zb0993,abierto,B5,102.0749,0.260266,4.4646,17.1119,100.0,6.5281,CRITICA,7.8617,0.272811,25.6753,83.236,0.249477,0.236152,4.1451,9.265,1,1,978.091,nan
zb0993,abierto,B10,102.0749,0.260266,9.4318,27.0855,100.0,13.5401,CRITICA,8.8869,0.432038,22.2402,73.4651,0.262882,0.262197,1.0053,0.7421,1,1,1033.271,nan
zb0993,abierto,B15,102.0749,0.260266,14.4757,38.0944,93.6347,22.7548,CRITICA,10.2447,0.595208,19.167,62.6799,0.264116,0.257585,1.4793,1.03,1,1,1130.071,nan
zb0993,abierto,B25,102.0749,0.260266,24.502,58.0722,73.675,37.3122,CRITICA,13.0891,0.800812,15.7835,43.1082,0.257175,0.266429,1.1874,2.3682,1,1,1128.286,nan
zb0993,abierto,B40,102.0749,0.260266,39.497,81.0258,53.4359,49.1565,BIEN,16.8565,0.872657,14.0359,20.6211,0.243522,0.262511,6.4333,0.8627,1,1,1040.583,nan
zb1020,abierto,B5,103.24,0.253662,4.4848,17.0192,100.0,6.4802,CRITICA,7.8112,0.267461,25.756,83.515,0.2558,0.235895,0.8425,7.0044,1,1,1124.859,nan
zb1020,abierto,B10,103.24,0.253662,9.4646,27.1054,100.0,13.1507,CRITICA,8.8285,0.426841,22.3058,73.7453,0.268624,0.255358,5.8982,0.6684,1,1,1016.467,nan
zb1020,abierto,B15,103.24,0.253662,14.4566,38.0259,94.1218,22.1513,CRITICA,10.1605,0.587989,19.286,63.1674,0.257683,0.259819,1.5852,2.427,1,1,1116.695,nan
zb1020,abierto,B25,103.24,0.253662,24.4906,57.921,74.0748,37.0076,CRITICA,12.9991,0.79477,15.8336,43.8967,0.250191,0.267559,1.3683,5.4786,1,1,1137.786,nan
zb1020,abierto,B40,103.24,0.253662,39.5033,81.2225,53.5931,48.6675,BIEN,16.8144,0.871376,14.0369,21.3265,0.265069,0.266609,4.4966,5.1038,1,1,1091.941,nan
zb1105,abierto,B5,100.6451,0.267974,4.4538,17.4464,100.0,6.3616,CRITICA,8.0796,0.280925,25.4893,82.6655,0.258421,0.240569,3.5648,10.2268,1,1,1089.443,nan
zb1105,abierto,B10,100.6451,0.267974,9.4587,27.4145,100.0,13.4453,CRITICA,9.146,0.440931,22.1382,72.7612,0.262306,0.258727,2.115,3.4506,1,1,1119.194,nan
zb1105,abierto,B15,100.6451,0.267974,14.4702,38.3661,94.2576,22.0706,CRITICA,10.5219,0.60586,19.2074,61.8798,0.254224,0.260577,5.1309,2.7602,1,1,1057.082,nan
zb1105,abierto,B25,100.6451,0.267974,24.454,58.8075,73.2869,36.6886,CRITICA,13.5544,0.813317,15.7362,41.5694,0.260158,0.273061,2.9165,1.8984,1,1,1109.508,nan
zb1105,abierto,B40,100.6451,0.267974,39.498,82.0575,51.4856,48.4071,BIEN,17.4185,0.875991,13.9397,18.4684,0.268292,0.273659,0.1189,2.1215,1,1,873.82,nan
zb1124,abierto,B5,104.5357,0.222079,4.4801,17.2013,100.0,6.5499,CRITICA,7.799,0.263282,25.6166,83.5451,0.216567,0.206221,2.482,7.1407,1,1,1110.371,nan
zb1124,abierto,B10,104.5357,0.222079,9.4525,27.9874,100.0,13.3966,CRITICA,8.8749,0.429492,21.9227,73.2269,0.21397,0.224175,3.6517,0.9438,1,1,1104.484,nan
zb1124,abierto,B15,104.5357,0.222079,14.4751,39.317,93.6851,22.2898,CRITICA,10.2648,0.59092,18.9147,62.3889,0.224106,0.220931,0.9125,0.517,1,1,1062.925,nan
zb1124,abierto,B25,104.5357,0.222079,24.4917,59.2807,71.5616,36.2952,CRITICA,13.1777,0.79787,15.685,43.2915,0.21804,0.228648,1.8187,2.958,1,1,1106.317,nan
zb1124,abierto,B40,104.5357,0.222079,39.4911,83.5471,49.1102,48.2174,BIEN,17.2832,0.878129,13.7342,20.0779,0.217026,0.231534,2.2755,4.2573,1,1,1100.715,nan
zb1144,abierto,B5,104.7685,0.234201,4.4777,16.0742,100.0,6.5165,CRITICA,7.6869,0.239769,26.3287,84.6574,0.241486,0.2315,3.1106,1.1531,1,1,1110.001,nan
zb1144,abierto,B10,104.7685,0.234201,9.5178,26.7729,100.0,12.6944,CRITICA,8.6942,0.41418,22.4561,74.4456,0.237646,0.246172,1.4712,5.1115,1,1,1174.536,nan
zb1144,abierto,B15,104.7685,0.234201,14.5309,37.3035,94.2595,21.9244,CRITICA,9.9588,0.56642,19.4351,64.3944,0.229228,0.241475,2.1233,3.1062,1,1,1027.116,nan
zb1144,abierto,B25,104.7685,0.234201,24.4787,56.5025,77.0401,36.1515,CRITICA,12.5658,0.77286,16.0728,46.0692,0.231552,0.241044,1.1307,2.9222,1,1,1102.293,nan
zb1144,abierto,B40,104.7685,0.234201,39.4842,80.0839,56.867,47.7138,BIEN,16.1445,0.86261,14.1422,23.5611,0.233617,0.229814,0.2492,1.8731,1,1,1119.946,nan
zb1179,abierto,B5,105.6491,0.246349,4.4648,16.1175,100.0,6.4474,CRITICA,7.6223,0.238488,26.2905,84.7443,0.249559,0.233562,1.3028,5.1908,1,1,1067.464,nan
zb1179,abierto,B10,105.6491,0.246349,9.4686,26.3053,100.0,12.6435,CRITICA,8.5898,0.402012,22.6236,75.1012,0.244577,0.252661,0.7194,2.5619,1,1,1110.371,nan
zb1179,abierto,B15,105.6491,0.246349,14.49,37.0972,94.3061,21.817,CRITICA,9.8542,0.558772,19.4674,64.8864,0.241177,0.24976,2.0995,1.3843,1,1,1117.443,nan
zb1179,abierto,B25,105.6491,0.246349,24.5023,56.7827,76.7432,36.2065,CRITICA,12.5042,0.770857,15.9981,46.2535,0.237369,0.253304,3.6453,2.8232,1,1,1113.462,nan
zb1179,abierto,B40,105.6491,0.246349,39.5103,80.3112,56.6322,47.7803,BIEN,16.0505,0.860326,14.0816,23.9831,0.232413,0.249363,5.6573,1.2234,1,1,1019.68,nan
zb1237,abierto,B5,105.8072,0.22614,4.4627,17.6229,100.0,6.5219,CRITICA,7.6809,0.260357,25.357,83.3444,0.222584,0.2139,1.5727,5.4126,1,1,1101.443,nan
zb1237,abierto,B10,105.8072,0.22614,9.4759,27.9502,99.967,13.4433,CRITICA,8.7134,0.418001,21.9117,73.5838,0.227984,0.228866,0.8151,1.2052,1,1,1110.494,nan
zb1237,abierto,B15,105.8072,0.22614,14.4788,39.4442,93.2756,22.4979,CRITICA,10.0842,0.584519,18.8425,62.7207,0.222346,0.224085,1.6781,0.9088,1,1,1124.101,nan
zb1237,abierto,B25,105.8072,0.22614,24.493,59.9413,72.8017,37.082,CRITICA,13.0101,0.794681,15.4712,43.3485,0.233969,0.237753,3.4619,5.1351,1,1,1005.126,nan
zb1237,abierto,B40,105.8072,0.22614,39.5076,83.8742,50.4667,48.8006,BIEN,16.9343,0.872742,13.631,20.7292,0.225059,0.231438,0.4784,2.3426,1,1,1107.91,nan
zb1246,abierto,B5,110.5984,0.236615,4.4343,17.6835,100.0,6.3383,CRITICA,7.2546,0.248837,25.3316,84.0111,0.242089,0.225481,2.3136,4.7054,1,1,1177.856,nan
zb1246,abierto,B10,110.5984,0.236615,9.4378,27.3844,100.0,13.0592,CRITICA,8.1828,0.389957,22.1549,75.2398,0.233498,0.243197,1.3172,2.7818,1,1,1173.985,nan
zb1246,abierto,B15,110.5984,0.236615,14.5163,39.4384,93.3416,22.2266,CRITICA,9.5174,0.558962,18.8534,64.3409,0.230845,0.252778,2.4383,6.8309,1,1,1103.631,nan
zb1246,abierto,B25,110.5984,0.236615,24.4858,59.5598,72.8347,36.1573,CRITICA,12.1515,0.770731,15.596,46.1476,0.229287,0.24823,3.0969,4.9091,1,1,1173.985,nan
zb1246,abierto,B40,110.5984,0.236615,39.5028,83.9384,50.1213,48.1661,BIEN,15.9248,0.871936,13.6418,24.1052,0.230744,0.248173,2.481,4.8848,1,1,1083.893,nan
zc0027,abierto,B5,107.2651,0.307631,4.4326,17.5493,100.0,5.6212,CRITICA,8.1989,0.260899,25.4801,83.6393,0.281513,0.285182,8.49,7.2974,1,1,1116.944,nan
zc0027,abierto,B10,107.2651,0.307631,9.4267,26.2346,100.0,9.5588,CRITICA,9.0536,0.391985,23.0835,75.5422,0.28967,0.307889,5.8386,0.0839,1,1,962.557,nan
zc0027,abierto,B15,107.2651,0.307631,14.4922,35.1589,99.4877,14.1056,CRITICA,10.019,0.524131,21.1332,67.2225,0.298674,0.304292,2.9116,1.0856,1,1,1195.886,nan
zc0027,abierto,B25,107.2651,0.307631,24.485,55.1201,85.0783,24.2698,CRITICA,12.6018,0.755659,17.4788,48.6132,0.312627,0.300137,1.6241,2.4362,1,1,1065.303,nan
zc0027,abierto,B40,107.2651,0.307631,39.5114,79.2943,43.5968,35.593,CRITICA,16.3756,0.844782,14.9866,26.0764,0.306757,0.299781,0.2842,2.5517,1,1,1107.911,nan
zc0102,abierto,B5,109.982,0.28996,4.4482,17.401,100.0,5.3615,CRITICA,7.9237,0.253839,25.628,84.1784,0.286465,0.279313,1.2052,3.6718,1,1,1103.875,nan
zc0102,abierto,B10,109.982,0.28996,9.4528,25.726,100.0,8.702,CRITICA,8.6963,0.377746,23.4523,76.6089,0.276644,0.300557,4.5925,3.6545,1,1,1200.192,nan
zc0102,abierto,B15,109.982,0.28996,14.5124,34.2111,100.0,13.2715,CRITICA,9.5726,0.501231,21.5676,68.8939,0.276296,0.294944,4.7123,1.7189,1,1,1096.491,nan
zc0102,abierto,B25,109.982,0.28996,24.4881,54.541,86.4212,23.6553,CRITICA,12.0239,0.741087,17.6254,50.4092,0.292824,0.289815,0.9876,0.0502,1,1,1119.821,nan
zc0102,abierto,B40,109.982,0.28996,39.5338,78.6892,43.492,34.6175,CRITICA,15.5186,0.839643,15.126,28.4527,0.288478,0.286027,0.5111,1.3566,1,1,1109.016,nan
zc0189,abierto,B5,107.0992,0.294965,4.4229,17.5262,100.0,5.593,CRITICA,8.2883,0.255535,25.4946,83.6355,0.286353,0.284944,2.9196,3.3972,1,1,1084.716,nan
zc0189,abierto,B10,107.0992,0.294965,9.4255,26.3874,100.0,9.6484,CRITICA,9.1713,0.388157,22.983,75.3617,0.287195,0.297757,2.6344,0.9464,1,1,1126.888,nan
zc0189,abierto,B15,107.0992,0.294965,14.4947,35.4175,98.6047,14.7332,CRITICA,10.1789,0.523151,20.8888,66.9302,0.283438,0.300822,3.9078,1.9856,1,1,1052.521,nan
zc0189,abierto,B25,107.0992,0.294965,24.5083,57.0465,82.4642,25.9341,CRITICA,13.1289,0.766345,16.8732,46.735,0.29163,0.305633,1.1308,3.6168,1,1,1119.069,nan
zc0189,abierto,B40,107.0992,0.294965,39.4907,81.7972,43.0263,37.0979,BIEN,17.3673,0.850161,14.4807,23.6248,0.295202,0.309055,0.0802,4.7767,1,1,1124.227,nan
zc0386,abierto,B5,109.7523,0.300409,4.4346,17.3762,100.0,5.4058,CRITICA,7.9507,0.251553,25.634,84.1678,0.306012,0.283366,1.8653,5.6733,1,1,1128.923,nan
zc0386,abierto,B10,109.7523,0.300409,9.4636,25.7428,100.0,9.2192,CRITICA,8.7467,0.374532,23.384,76.5446,0.291754,0.31433,2.8809,4.6342,1,1,1061.684,nan
zc0386,abierto,B15,109.7523,0.300409,14.4706,34.6913,99.4605,13.8877,CRITICA,9.6886,0.506379,21.3196,68.3913,0.301796,0.312465,0.4617,4.0133,1,1,1053.075,nan
zc0386,abierto,B25,109.7523,0.300409,24.5061,55.5188,84.3622,24.5731,CRITICA,12.2789,0.74943,17.3539,49.4145,0.304792,0.308239,1.4591,2.6065,1,1,1076.89,nan
zc0386,abierto,B40,109.7523,0.300409,39.4863,80.3916,42.3936,35.9093,BIEN,16.041,0.845079,14.7794,26.7518,0.308721,0.310063,2.767,3.2137,1,1,1069.633,nan
zc0442,abierto,B5,111.1873,0.304034,4.4144,17.4937,100.0,5.4463,CRITICA,7.8593,0.247998,25.5498,84.2665,0.28913,0.28015,4.9021,7.8556,1,1,1146.789,nan
zc0442,abierto,B10,111.1873,0.304034,9.4091,25.8322,100.0,9.0047,CRITICA,8.6374,0.371213,23.3547,76.767,0.29848,0.308422,1.8267,1.4432,1,1,1198.897,nan
zc0442,abierto,B15,111.1873,0.304034,14.486,34.9243,99.7477,14.0625,CRITICA,9.5988,0.502724,21.2244,68.5897,0.292051,0.304715,3.9413,0.224,1,1,1091.227,nan
zc0442,abierto,B25,111.1873,0.304034,24.5017,55.8153,83.5297,24.4268,CRITICA,12.1415,0.746324,17.2954,49.8006,0.301826,0.314313,0.7261,3.3809,1,1,1193.317,nan
zc0442,abierto,B40,111.1873,0.304034,39.481,80.5268,42.3393,35.4808,BIEN,15.7657,0.844771,14.7638,27.5756,0.29973,0.301338,1.4156,0.8868,1,1,905.059,nan
zc0507,abierto,B5,109.7088,0.298926,4.4283,17.5365,100.0,5.4594,CRITICA,7.9821,0.253436,25.5155,84.0155,0.276658,0.286226,7.4492,4.2486,1,1,934.842,nan
zc0507,abierto,B10,109.7088,0.298926,9.4619,25.653,100.0,9.0157,CRITICA,8.7516,0.374943,23.4417,76.6172,0.289039,0.309437,3.3074,3.5163,1,1,1104.728,nan
zc0507,abierto,B15,109.7088,0.298926,14.478,34.5868,100.0,13.2869,CRITICA,9.6817,0.506235,21.4309,68.474,0.297443,0.312275,0.496,4.4658,1,1,1099.747,nan
zc0507,abierto,B25,109.7088,0.298926,24.5123,55.4974,84.2205,24.2484,CRITICA,12.3018,0.750605,17.3993,49.414,0.296276,0.306458,0.8864,2.5198,1,1,1179.802,nan
zc0507,abierto,B40,109.7088,0.298926,39.4863,80.2569,43.0592,35.7551,BIEN,16.0372,0.843706,14.8112,26.8456,0.298885,0.304989,0.0137,2.0284,1,1,1117.943,nan
zc0686,abierto,B5,110.3356,0.300033,4.4081,17.3806,100.0,5.171,CRITICA,7.8606,0.248451,25.6605,84.2475,0.286316,0.289132,4.5718,3.6333,1,1,1227.747,nan
zc0686,abierto,B10,110.3356,0.300033,9.4382,25.7275,100.0,8.6311,CRITICA,8.6333,0.372691,23.4578,76.6825,0.290918,0.305138,3.0383,1.7014,1,1,983.187,nan
zc0686,abierto,B15,110.3356,0.300033,14.4769,34.731,100.0,13.1571,CRITICA,9.5568,0.505467,21.386,68.5224,0.288861,0.300644,3.7237,0.2034,1,1,1116.944,nan
zc0686,abierto,B25,110.3356,0.300033,24.4903,55.4645,83.945,23.9058,CRITICA,12.0626,0.748577,17.4056,49.7311,0.283416,0.299821,5.5385,0.0709,1,1,1110.618,nan
zc0686,abierto,B40,110.3356,0.300033,39.4985,80.3594,41.6814,35.3171,BIEN,15.7082,0.846208,14.8177,27.1682,0.286073,0.305188,4.6529,1.7181,1,1,1057.306,nan
zc0809,abierto,B5,110.6774,0.30899,4.4233,17.5662,100.0,5.5474,CRITICA,7.9267,0.25133,25.4918,84.1285,0.296388,0.295157,4.0787,4.477,1,1,1005.126,nan
zc0809,abierto,B10,110.6774,0.30899,9.458,25.9804,100.0,9.1564,CRITICA,8.7219,0.376031,23.2853,76.526,0.299171,0.308761,3.178,0.0742,1,1,1105.95,nan
zc0809,abierto,B15,110.6774,0.30899,14.4759,34.7007,99.8855,13.8648,CRITICA,9.6352,0.503601,21.3196,68.647,0.283673,0.319407,8.1936,3.3712,1,1,1104.362,nan
zc0809,abierto,B25,110.6774,0.30899,24.5001,55.3803,85.2025,23.966,CRITICA,12.1608,0.744766,17.4315,49.9624,0.292071,0.310713,5.4757,0.5574,1,1,1094.93,nan
zc0809,abierto,B40,110.6774,0.30899,39.4997,80.0741,42.2461,35.0655,BIEN,15.93,0.846458,14.9087,27.651,0.286391,0.297929,7.3141,3.5799,1,1,1011.941,nan
zc0813,abierto,B5,110.4157,0.2834,4.4187,17.5299,100.0,5.5828,CRITICA,7.9447,0.251173,25.5042,84.1237,0.26986,0.28129,4.7777,0.7445,1,1,1004.722,nan
zc0813,abierto,B10,110.4157,0.2834,9.4509,25.9772,100.0,9.3168,CRITICA,8.7482,0.376153,23.2647,76.4733,0.280331,0.298008,1.0828,5.1548,1,1,1129.943,nan
zc0813,abierto,B15,110.4157,0.2834,14.4768,34.8331,99.542,14.218,CRITICA,9.6869,0.506337,21.2264,68.4528,0.266608,0.294465,5.9252,3.9043,1,1,1104.24,nan
zc0813,abierto,B25,110.4157,0.2834,24.5006,55.6667,84.663,24.1772,CRITICA,12.2502,0.748827,17.3565,49.5845,0.264874,0.291679,6.5371,2.9213,1,1,1109.262,nan
zc0813,abierto,B40,110.4157,0.2834,39.5041,80.2446,42.4033,34.9915,BIEN,15.933,0.845887,14.8629,27.325,0.277646,0.27543,2.0302,2.8122,1,1,1196.888,nan
zc0842,abierto,B5,110.7705,0.312288,4.4322,17.4303,100.0,5.2919,CRITICA,7.8611,0.249621,25.619,84.2645,0.291592,0.292092,6.6272,6.4671,1,1,1130.838,nan
zc0842,abierto,B10,110.7705,0.312288,9.464,25.7233,100.0,8.7593,CRITICA,8.6326,0.373079,23.4681,76.7779,0.287338,0.306133,7.9892,1.9708,1,1,809.782,nan
zc0842,abierto,B15,110.7705,0.312288,14.4653,34.2941,100.0,13.303,CRITICA,9.5173,0.500124,21.5419,69.0404,0.276632,0.308232,11.4177,1.2987,1,1,1187.648,nan
zc0842,abierto,B25,110.7705,0.312288,24.4882,55.4228,84.727,23.8448,CRITICA,12.0666,0.744968,17.425,49.9662,0.290657,0.303125,6.9265,2.934,1,1,1114.454,nan
zc0842,abierto,B40,110.7705,0.312288,39.4958,79.9139,42.5333,34.7354,CRITICA,15.6232,0.845273,14.9208,27.8563,0.29108,0.295811,6.7911,5.276,1,1,1092.777,nan
zc0852,abierto,B5,109.0033,0.299491,4.4127,17.5912,100.0,5.5976,CRITICA,8.0704,0.251791,25.4568,83.8618,0.278931,0.292113,6.865,2.4635,1,1,1140.381,nan
zc0852,abierto,B10,109.0033,0.299491,9.4405,26.1049,100.0,9.5748,CRITICA,8.8975,0.377722,23.1398,76.0512,0.295007,0.30806,1.4972,2.861,1,1,1131.094,nan
zc0852,abierto,B15,109.0033,0.299491,14.5037,35.2383,99.1616,14.4789,CRITICA,9.878,0.512281,21.0313,67.6723,0.284426,0.300649,5.0304,0.3867,1,1,1163.602,nan
zc0852,abierto,B25,109.0033,0.299491,24.4895,56.6585,82.243,25.3603,CRITICA,12.6479,0.759931,17.0272,48.0213,0.303935,0.305579,1.4838,2.0328,1,1,1123.091,nan
zc0852,abierto,B40,109.0033,0.299491,39.4881,81.388,43.1272,36.8232,BIEN,16.5464,0.846405,14.5598,25.3344,0.308883,0.298032,3.1358,0.4873,1,1,1103.022,nan
zc1127,abierto,B5,110.4196,0.292988,4.4171,17.3508,100.0,5.2171,CRITICA,7.8716,0.251656,25.6808,84.2865,0.285806,0.286506,2.4513,2.2123,1,1,1141.292,nan
zc1127,abierto,B10,110.4196,0.292988,9.4387,25.4595,100.0,8.5451,CRITICA,8.6222,0.37358,23.6101,76.9429,0.291667,0.303738,0.4509,3.6692,1,1,1128.541,nan
zc1127,abierto,B15,110.4196,0.292988,14.483,34.2792,100.0,13.1797,CRITICA,9.5273,0.503561,21.5557,68.9555,0.279377,0.314306,4.6456,7.276,1,1,1105.339,nan
zc1127,abierto,B25,110.4196,0.292988,24.4856,55.0236,85.5615,23.6404,CRITICA,12.0182,0.744606,17.5315,50.1686,0.282415,0.307806,3.6088,5.0574,1,1,1060.558,nan
zc1127,abierto,B40,110.4196,0.292988,39.5023,79.6498,42.4518,34.9534,CRITICA,15.5271,0.843457,14.932,27.8662,0.301006,0.292099,2.7366,0.3036,1,1,1093.494,nan
zc1135,abierto,B5,110.3833,0.285628,4.4184,17.5301,100.0,5.3136,CRITICA,7.9061,0.254722,25.5512,84.1189,0.283288,0.290321,0.8193,1.6432,1,1,1069.862,nan
zc1135,abierto,B10,110.3833,0.285628,9.4357,25.7771,100.0,8.6179,CRITICA,8.6679,0.378625,23.447,76.6477,0.288677,0.299559,1.0677,4.8773,1,1,1094.451,nan
zc1135,abierto,B15,110.3833,0.285628,14.4786,34.4627,100.0,13.2563,CRITICA,9.5699,0.506072,21.4797,68.7791,0.280396,0.304095,1.8318,6.4654,1,1,1203.949,nan
zc1135,abierto,B25,110.3833,0.285628,24.4854,55.099,85.7828,23.647,CRITICA,12.0679,0.745878,17.518,50.0839,0.284542,0.295815,0.3802,3.5665,1,1,1001.904,nan
zc1135,abierto,B40,110.3833,0.285628,39.4971,79.1793,43.3368,34.4073,CRITICA,15.4839,0.843243,15.0472,28.2687,0.287392,0.283365,0.6177,0.7924,1,1,1117.194,nan
zc1176,abierto,B5,108.3552,0.303197,4.4183,17.3689,100.0,5.5308,CRITICA,8.0985,0.252034,25.6078,83.9704,0.284914,0.289102,6.0302,4.6488,1,1,1044.714,nan
zc1176,abierto,B10,108.3552,0.303197,9.4375,25.9679,100.0,9.7891,CRITICA,8.9483,0.37995,23.1847,76.0345,0.296887,0.311946,2.0814,2.8855,1,1,1042.862,nan
zc1176,abierto,B15,108.3552,0.303197,14.496,34.9621,99.0918,14.499,CRITICA,9.917,0.514664,21.144,67.7338,0.300416,0.311762,0.9174,2.8246,1,1,1129.433,nan
zc1176,abierto,B25,108.3552,0.303197,24.4512,56.0816,84.1992,24.9628,CRITICA,12.631,0.757329,17.1782,48.2428,0.293729,0.317014,3.1227,4.5569,1,1,1149.293,nan
zc1176,abierto,B40,108.3552,0.303197,39.5066,80.7037,43.9636,36.0949,BIEN,16.4078,0.846598,14.701,25.5193,0.306599,0.304937,1.122,0.5737,1,1,1112.471,nan
zc1181,abierto,B5,108.9787,0.295334,4.4288,17.5602,100.0,5.6399,CRITICA,8.0691,0.252635,25.4804,83.8866,0.301824,0.28902,2.1972,2.1381,1,1,1138.174,nan
zc1181,abierto,B10,108.9787,0.295334,9.4606,26.0441,100.0,9.6734,CRITICA,8.9005,0.379071,23.1809,76.1016,0.283206,0.31064,4.1067,5.1826,1,1,1106.562,nan
zc1181,abierto,B15,108.9787,0.295334,14.5022,35.1633,99.0316,14.6996,CRITICA,9.8827,0.51462,21.0511,67.7338,0.291926,0.309134,1.154,4.6726,1,1,1119.194,nan
zc1181,abierto,B25,108.9787,0.295334,24.5,56.2179,83.4404,24.957,CRITICA,12.5691,0.757839,17.1607,48.4139,0.291818,0.308395,1.1905,4.4224,1,1,1124.353,nan
zc1181,abierto,B40,108.9787,0.295334,39.4972,80.6901,44.0664,35.9059,BIEN,16.3427,0.848145,14.7274,25.9579,0.297171,0.292619,0.6218,0.9193,1,1,1125.746,nan
zc1316,abierto,B5,110.0777,0.290126,4.4006,17.5874,100.0,5.3735,CRITICA,7.959,0.25493,25.4933,84.0227,0.283002,0.284506,2.4556,1.9371,1,1,1074.576,nan
zc1316,abierto,B10,110.0777,0.290126,9.4042,25.7587,100.0,8.8415,CRITICA,8.7289,0.377402,23.4181,76.5995,0.291269,0.30218,0.3941,4.1547,1,1,1138.045,nan
zc1316,abierto,B15,110.0777,0.290126,14.4693,34.5576,100.0,13.5633,CRITICA,9.6507,0.507605,21.4099,68.6062,0.286345,0.306949,1.3032,5.7985,1,1,1019.68,nan
zc1316,abierto,B25,110.0777,0.290126,24.4694,55.3317,84.6747,23.8428,CRITICA,12.197,0.748683,17.4513,49.7339,0.280816,0.299798,3.209,3.3338,1,1,1121.579,nan
zc1316,abierto,B40,110.0777,0.290126,39.4653,79.4835,43.1718,34.5897,CRITICA,15.7554,0.845983,15.007,27.7933,0.291851,0.292898,0.5947,0.9555,1,1,1153.27,nan
zc1434,abierto,B5,108.27,0.312443,4.4258,17.4324,100.0,5.5272,CRITICA,8.1256,0.255046,25.5741,83.8991,0.277053,0.2895,11.3267,7.3431,1,1,1041.124,nan
zc1434,abierto,B10,108.27,0.312443,9.4331,25.8903,100.0,9.4977,CRITICA,8.955,0.381651,23.264,76.0873,0.284672,0.311738,8.8882,0.2256,1,1,1053.852,nan
zc1434,abierto,B15,108.27,0.312443,14.5146,35.0341,99.0044,14.4444,CRITICA,9.9497,0.517499,21.1351,67.6419,0.28552,0.300275,8.617,3.8944,1,1,1140.641,nan
zc1434,abierto,B25,108.27,0.312443,24.5048,55.8227,84.0944,24.5749,CRITICA,12.6191,0.757504,17.2932,48.4412,0.287829,0.299932,7.8777,4.004,1,1,1130.582,nan
zc1434,abierto,B40,108.27,0.312443,39.4975,80.6341,42.1588,35.838,BIEN,16.559,0.849188,14.7624,25.525,0.281906,0.294386,9.7735,5.7793,1,1,918.105,nan
zc1452,abierto,B5,109.2273,0.292933,4.4196,17.3661,100.0,5.4543,CRITICA,7.9984,0.256411,25.625,84.1009,0.277503,0.287866,5.2674,1.7296,1,1,1063.49,nan
zc1452,abierto,B10,109.2273,0.292933,9.4299,25.6992,100.0,8.7656,CRITICA,8.7792,0.382344,23.458,76.4718,0.301281,0.307963,2.8497,5.131,1,1,1114.951,nan
zc1452,abierto,B15,109.2273,0.292933,14.5179,34.435,99.9825,13.6161,CRITICA,9.706,0.510171,21.4713,68.474,0.28453,0.305763,2.8686,4.3798,1,1,908.1,nan
zc1452,abierto,B25,109.2273,0.292933,24.4861,54.669,85.2665,23.9026,CRITICA,12.153,0.746725,17.5677,49.9493,0.29029,0.302196,0.9024,3.1622,1,1,1089.087,nan
zc1452,abierto,B40,109.2273,0.292933,39.498,78.5038,44.8679,34.5033,CRITICA,15.5874,0.841143,15.1562,28.1281,0.297572,0.301923,1.5836,3.069,1,1,1100.352,nan
zc1490,abierto,B5,108.0737,0.295927,4.4218,17.5725,100.0,5.5384,CRITICA,8.1614,0.258473,25.4819,83.7403,0.282069,0.28779,4.683,2.7495,1,1,1006.137,nan
zc1490,abierto,B10,108.0737,0.295927,9.4244,26.1007,100.0,9.3715,CRITICA,8.9963,0.386507,23.1893,75.8492,0.27577,0.297264,6.8115,0.4517,1,1,1189.343,nan
zc1490,abierto,B15,108.0737,0.295927,14.515,35.0197,99.445,14.3448,CRITICA,9.9758,0.520554,21.1618,67.5965,0.281602,0.312058,4.8407,5.451,1,1,1127.396,nan
zc1490,abierto,B25,108.0737,0.295927,24.4805,56.015,83.0018,24.8159,CRITICA,12.693,0.761323,17.2235,48.1696,0.278168,0.302587,6.001,2.2506,1,1,1109.508,nan
zc1490,abierto,B40,108.0737,0.295927,39.4982,80.7662,42.0249,35.9914,BIEN,16.7005,0.852162,14.7445,25.2675,0.28822,0.291232,2.6044,1.5866,1,1,1192.606,nan
zc1576,abierto,B5,106.839,0.297967,4.4252,17.4402,100.0,5.5591,CRITICA,8.271,0.259167,25.5546,83.6762,0.289529,0.284153,2.8321,4.6363,1,1,1103.509,nan
zc1576,abierto,B10,106.839,0.297967,9.4495,26.0988,100.0,9.7282,CRITICA,9.1453,0.389393,23.1301,75.5718,0.281367,0.302546,5.5711,1.5365,1,1,1078.632,nan
zc1576,abierto,B15,106.839,0.297967,14.4845,35.2642,98.1991,14.853,CRITICA,10.1641,0.527505,20.9677,66.9931,0.275113,0.296607,7.6702,0.4567,1,1,1115.2,nan
zc1576,abierto,B25,106.839,0.297967,24.4885,56.196,83.1939,25.295,CRITICA,12.9332,0.764882,17.1156,47.4012,0.280076,0.300439,6.0045,0.8296,1,1,1103.022,nan
zc1576,abierto,B40,106.839,0.297967,39.507,80.6229,44.3265,36.4037,BIEN,16.8812,0.849774,14.6928,24.5379,0.295407,0.296035,0.8595,0.6484,1,1,1062.699,nan
zc1667,abierto,B5,108.0851,0.301011,4.4161,17.6341,100.0,5.569,CRITICA,8.1546,0.25873,25.4403,83.685,0.296898,0.287679,1.3663,4.4291,1,1,1024.59,nan
zc1667,abierto,B10,108.0851,0.301011,9.4295,26.1404,100.0,9.4738,CRITICA,8.9913,0.385277,23.1566,75.815,0.283188,0.305184,5.921,1.3863,1,1,1186.803,nan
zc1667,abierto,B15,108.0851,0.301011,14.5176,35.249,99.3169,14.4032,CRITICA,9.9828,0.520371,21.0705,67.3877,0.28262,0.299761,6.1097,0.4152,1,1,959.141,nan
zc1667,abierto,B25,108.0851,0.301011,24.4758,56.0686,83.1376,24.84,CRITICA,12.6681,0.7599,17.2032,48.1256,0.282679,0.309753,6.09,2.9042,1,1,1097.936,nan
zc1667,abierto,B40,108.0851,0.301011,39.4887,80.3355,42.283,35.6839,BIEN,16.5307,0.85029,14.8335,25.6739,0.281094,0.297545,6.6166,1.1514,1,1,1099.626,nan
