imagen_id,estado_ojo,nivel_brillo,brillo_ref,ear_ref,brillo_oscura,brillo_mejorada,darkpct_mejorada,std_mejorada,nivel_ilum,psnr_vs_ref,ssim_vs_ref,psnr_vs_oscura,error_brillo_pct,ear_mejorada,ear_oscura,ear_error_mej_pct,ear_error_osc_pct,deteccion_ref,deteccion_mejorada,fps,flops
closed_eye_0002.jpg_face_2,cerrado,B5,119.98,0.108019,4.4706,43.987,88.7765,25.269,CRITICA,9.3495,0.338063,15.0066,63.3381,0.111768,nan,3.4711,nan,1,1,0.752,113550336.0
closed_eye_0002.jpg_face_2,cerrado,B10,119.98,0.108019,9.5192,80.7331,53.3835,38.064,BIEN,14.1579,0.631018,10.3227,32.7112,0.076577,0.164268,29.1076,52.0735,1,1,53.787,113550336.0
closed_eye_0002.jpg_face_2,cerrado,B15,119.98,0.108019,14.5244,107.6494,25.9277,44.2178,BIEN,18.7735,0.731409,8.2099,10.2772,0.104257,0.144593,3.4823,33.8593,1,1,40.205,113550336.0
closed_eye_0002.jpg_face_2,cerrado,B25,119.98,0.108019,24.4995,143.8835,12.3127,48.5032,BIEN,17.0697,0.711604,6.2877,19.9229,0.078772,0.096339,27.0753,10.8133,1,1,46.176,113550336.0
closed_eye_0002.jpg_face_2,cerrado,B40,119.98,0.108019,39.649,138.3404,14.1169,49.0023,BIEN,18.3974,0.759005,7.9637,15.3029,0.070527,0.07431,34.7083,31.2062,1,1,23.858,113550336.0
closed_eye_0003.jpg_face_2,cerrado,B5,169.273,0.062583,4.4199,45.6233,100.0,14.7575,CRITICA,5.7422,0.300677,15.4811,73.0475,nan,nan,nan,nan,1,0,89.636,2073600.0
closed_eye_0003.jpg_face_2,cerrado,B10,169.273,0.062583,9.4163,84.0359,25.5259,23.0681,BIEN,8.9607,0.594856,10.2861,50.3548,nan,nan,nan,nan,1,0,309.234,2073600.0
closed_eye_0003.jpg_face_2,cerrado,B15,169.273,0.062583,14.5376,113.9306,13.172,28.1416,BIEN,12.2185,0.733918,7.9528,32.6942,nan,0.150599,nan,140.6366,1,0,322.601,2073600.0
closed_eye_0003.jpg_face_2,cerrado,B25,169.273,0.062583,24.4746,152.2918,6.0893,31.7514,BIEN,17.9871,0.803411,5.8332,10.0318,nan,nan,nan,nan,1,0,370.494,2073600.0
closed_eye_0003.jpg_face_2,cerrado,B40,169.273,0.062583,39.5072,145.8566,7.0009,31.716,BIEN,17.2052,0.819925,7.4456,13.8335,0.056163,0.08543,10.2595,36.5066,1,1,382.804,2073600.0
closed_eye_0007.jpg_face_1,cerrado,B5,148.5356,0.032973,4.3259,43.9408,100.0,23.8802,CRITICA,6.8057,0.338893,15.2246,70.4173,0.060531,nan,83.5783,nan,1,1,181.712,5308416.0
closed_eye_0007.jpg_face_1,cerrado,B10,148.5356,0.032973,9.5459,81.8095,32.2924,38.0288,BIEN,10.5008,0.662886,10.1983,44.9226,0.021644,0.093689,34.3598,184.1394,1,1,222.415,5308416.0
closed_eye_0007.jpg_face_1,cerrado,B15,148.5356,0.032973,14.4588,107.8473,25.6188,47.0136,BIEN,14.1393,0.788494,8.0419,27.3929,0.031808,0.065649,3.5344,99.1003,1,1,403.258,5308416.0
closed_eye_0007.jpg_face_1,cerrado,B25,148.5356,0.032973,24.474,142.7292,19.9514,56.4834,BIEN,19.2697,0.827642,6.1257,3.9091,0.02824,0.034492,14.3548,4.6054,1,1,394.68,5308416.0
closed_eye_0007.jpg_face_1,cerrado,B40,148.5356,0.032973,39.4854,137.4079,21.0675,55.6778,BIEN,19.2109,0.857696,7.7734,7.4916,0.028796,0.023524,12.6679,28.6564,1,1,370.425,5308416.0
closed_eye_0013.BMP_face_1,cerrado,B5,99.3546,0.100251,4.4353,41.9979,77.4322,34.7617,CRITICA,10.8334,0.394796,14.474,57.7293,0.075208,0.147124,24.9799,46.756,1,1,448.974,5308416.0
closed_eye_0013.BMP_face_1,cerrado,B10,99.3546,0.100251,9.4424,74.9909,54.6708,52.4537,CRITICA,16.4526,0.719536,10.1627,24.522,0.079803,0.088153,20.3972,12.0677,1,1,456.997,5308416.0
closed_eye_0013.BMP_face_1,cerrado,B15,99.3546,0.100251,14.4862,98.26,44.5489,61.9378,BIEN,20.4202,0.771875,8.3095,1.1018,0.081426,0.090263,18.7773,9.9627,1,1,324.37,5308416.0
closed_eye_0013.BMP_face_1,cerrado,B25,99.3546,0.100251,24.5244,129.685,30.4682,68.9052,BIEN,15.9098,0.691335,6.7361,30.5274,0.104646,0.077245,4.3838,22.9486,1,1,252.698,5308416.0
closed_eye_0013.BMP_face_1,cerrado,B40,99.3546,0.100251,39.4744,124.996,33.6466,69.6939,BIEN,17.0627,0.732395,8.5484,25.8079,0.078607,0.073886,21.5894,26.2993,1,1,411.117,5308416.0
closed_eye_0015.jpg_face_1,cerrado,B5,136.8367,0.044322,4.4336,45.1174,92.6339,20.9299,CRITICA,7.8527,0.374898,15.1302,67.0283,0.047387,0.151165,6.9157,241.0586,1,1,193.787,8294400.0
closed_eye_0015.jpg_face_1,cerrado,B10,136.8367,0.044322,9.4298,81.9361,37.291,33.0324,BIEN,12.0048,0.708799,10.231,40.1212,0.032995,0.120542,25.556,171.967,1,1,380.59,8294400.0
closed_eye_0015.jpg_face_1,cerrado,B15,136.8367,0.044322,14.4959,109.5042,20.6739,39.8818,BIEN,16.3915,0.825864,8.0079,19.9745,0.035688,0.104138,19.48,134.9564,1,1,357.028,8294400.0
closed_eye_0015.jpg_face_1,cerrado,B25,136.8367,0.044322,24.5149,145.5304,13.6302,46.0087,BIEN,19.2455,0.833764,6.0559,6.3533,0.021326,0.08159,51.8837,84.0833,1,1,354.597,8294400.0
closed_eye_0015.jpg_face_1,cerrado,B40,136.8367,0.044322,39.5172,139.9334,14.8065,45.788,BIEN,20.1888,0.86666,7.6961,2.2631,0.028393,0.063132,35.9387,42.4396,1,1,445.137,8294400.0
closed_eye_0019.jpg_face_1,cerrado,B5,133.3445,0.028059,4.5093,45.6232,100.0,11.4207,CRITICA,9.0552,0.434064,15.3307,65.7855,0.113445,nan,304.3145,nan,1,1,132.973,1327104.0
closed_eye_0019.jpg_face_1,cerrado,B10,133.3445,0.028059,9.4688,85.8914,27.9353,17.5613,BIEN,13.9567,0.727076,10.3704,35.5868,0.028739,nan,2.4239,nan,1,1,209.718,1327104.0
closed_eye_0019.jpg_face_1,cerrado,B15,133.3445,0.028059,14.4234,114.5114,8.1285,20.3997,BIEN,20.7724,0.843933,8.0055,14.1236,0.045182,0.138039,61.0267,391.9669,1,1,242.589,1327104.0
closed_eye_0019.jpg_face_1,cerrado,B25,133.3445,0.028059,24.5026,155.3953,0.231,22.1214,BIEN,19.962,0.855015,5.753,16.5367,0.043868,0.076689,56.3445,173.3156,1,1,230.91,1327104.0
closed_eye_0019.jpg_face_1,cerrado,B40,133.3445,0.028059,39.456,147.9977,1.1342,22.7883,BIEN,22.4504,0.882147,7.3597,10.989,0.023862,0.059347,14.9576,111.5118,1,1,332.568,1327104.0
closed_eye_0030.jpg_face_2,cerrado,B5,121.8991,0.057203,4.4935,45.739,99.959,19.2484,CRITICA,9.7753,0.452014,15.0454,62.478,0.074551,nan,30.3284,nan,1,1,29.889,84934656.0
closed_eye_0030.jpg_face_2,cerrado,B10,121.8991,0.057203,9.3998,82.5079,32.9689,30.6908,BIEN,14.9108,0.769603,10.3956,32.3146,0.061331,nan,7.217,nan,1,1,62.648,84934656.0
closed_eye_0030.jpg_face_2,cerrado,B15,121.8991,0.057203,14.4943,110.4789,16.3231,37.8551,BIEN,21.0344,0.850945,8.137,9.3685,0.062732,0.081073,9.6658,41.73,1,1,56.929,84934656.0
closed_eye_0030.jpg_face_2,cerrado,B25,121.8991,0.057203,24.4812,146.691,10.367,44.3618,BIEN,18.0822,0.829904,6.1801,20.3381,0.06423,0.064914,12.2846,13.4801,1,1,74.53,84934656.0
closed_eye_0030.jpg_face_2,cerrado,B40,121.8991,0.057203,39.4884,140.8773,11.1646,43.8137,BIEN,19.7678,0.867075,7.8237,15.5688,0.062695,0.06243,9.602,9.1382,1,1,74.329,84934656.0
closed_eye_0032.jpg_face_1,cerrado,B5,156.1175,0.03677,4.41,44.5942,99.9996,21.3269,CRITICA,6.4595,0.330308,15.2259,71.4355,0.027337,nan,25.6545,nan,1,1,50.412,79709184.0
closed_eye_0032.jpg_face_1,cerrado,B10,156.1175,0.03677,9.4211,82.1723,35.074,34.4948,BIEN,9.8855,0.599943,10.2514,47.3651,0.041689,0.114812,13.3777,212.2423,1,1,26.129,79709184.0
closed_eye_0032.jpg_face_1,cerrado,B15,156.1175,0.03677,14.4195,109.7089,24.1619,42.1342,BIEN,13.4141,0.721815,8.0283,29.7267,0.033227,0.066276,9.635,80.2435,1,1,24.427,79709184.0
closed_eye_0032.jpg_face_1,cerrado,B25,156.1175,0.03677,24.4474,147.0405,15.6954,48.371,BIEN,19.6508,0.785565,5.9976,5.8142,0.030754,0.061365,16.3617,66.8875,1,1,24.074,79709184.0
closed_eye_0032.jpg_face_1,cerrado,B40,156.1175,0.03677,39.4717,141.2652,17.3882,48.1204,BIEN,19.0984,0.815969,7.6159,9.5135,0.032915,0.031308,10.4855,14.855,1,1,23.355,79709184.0
closed_eye_0033.jpg_face_2,cerrado,B5,115.7202,0.103117,4.3792,44.2924,95.1613,20.4169,CRITICA,9.9295,0.398316,15.414,61.7246,0.173686,nan,68.4362,nan,1,1,126.062,746496.0
closed_eye_0033.jpg_face_2,cerrado,B10,115.7202,0.103117,9.436,81.7668,54.9411,30.3433,BIEN,15.5064,0.739951,10.374,29.341,0.096622,0.204285,6.2987,98.1104,1,1,211.909,746496.0
closed_eye_0033.jpg_face_2,cerrado,B15,115.7202,0.103117,14.4785,110.0776,20.9421,35.1455,BIEN,20.7277,0.814602,8.152,4.8761,0.092506,0.181718,10.2905,76.2255,1,1,498.679,746496.0
closed_eye_0033.jpg_face_2,cerrado,B25,115.7202,0.103117,24.4887,147.3372,4.1475,36.9617,BIEN,16.2043,0.766019,6.1421,27.3219,0.085067,0.147701,17.504,43.2361,1,1,507.537,746496.0
closed_eye_0033.jpg_face_2,cerrado,B40,115.7202,0.103117,39.5146,141.331,6.4004,38.1451,BIEN,17.6566,0.80597,7.8026,22.1317,0.076889,0.115627,25.4348,12.1323,1,1,515.703,746496.0
closed_eye_0053.jpg_face_3,cerrado,B5,148.0864,0.068393,4.4003,45.2941,100.0,15.1955,CRITICA,7.4707,0.415329,15.4443,69.4137,0.085221,nan,24.6046,nan,1,1,49.501,26873856.0
closed_eye_0053.jpg_face_3,cerrado,B10,148.0864,0.068393,9.4065,84.6957,33.3082,23.3176,BIEN,11.4932,0.724677,10.319,42.8066,0.090206,nan,31.8937,nan,1,1,51.692,26873856.0
closed_eye_0053.jpg_face_3,cerrado,B15,148.0864,0.068393,14.5445,113.8217,13.1672,27.7219,BIEN,16.1374,0.857322,7.9924,23.1383,0.076193,nan,11.4038,nan,1,1,50.327,26873856.0
closed_eye_0053.jpg_face_3,cerrado,B25,148.0864,0.068393,24.4206,153.0794,3.6305,30.9248,BIEN,22.1136,0.896915,5.8245,3.3717,0.079889,0.120849,16.8079,76.6974,1,1,49.86,26873856.0
closed_eye_0053.jpg_face_3,cerrado,B40,148.0864,0.068393,39.4449,146.342,4.7633,31.2379,BIEN,22.8532,0.918785,7.4264,1.178,0.072754,0.094047,6.3763,37.5093,1,1,49.33,26873856.0
closed_eye_0059.jpg_face_2,cerrado,B5,100.2889,0.10055,4.5156,45.0839,98.0834,21.7331,CRITICA,12.1936,0.559967,14.9538,55.046,0.126215,nan,25.5247,nan,1,1,37.665,33177600.0
closed_eye_0059.jpg_face_2,cerrado,B10,100.2889,0.10055,9.394,82.0402,43.9107,31.3361,BIEN,19.8328,0.829933,10.2654,18.1962,0.087578,0.185913,12.9009,84.8967,1,1,36.473,33177600.0
closed_eye_0059.jpg_face_2,cerrado,B15,100.2889,0.10055,14.4737,110.3465,31.6006,35.9719,BIEN,23.4126,0.853792,8.0137,10.0286,0.097325,0.139378,3.2073,38.616,1,1,35.271,33177600.0
closed_eye_0059.jpg_face_2,cerrado,B25,100.2889,0.10055,24.4416,148.2483,2.1875,38.3387,BIEN,14.1183,0.787457,5.9895,47.8211,0.084214,0.092954,16.2464,7.5545,1,1,35.611,33177600.0
closed_eye_0059.jpg_face_2,cerrado,B40,100.2889,0.10055,39.4951,141.9538,4.0102,39.7804,BIEN,15.2758,0.824683,7.6347,41.5448,0.08968,0.097539,10.8101,2.9939,1,1,35.707,33177600.0
closed_eye_0060.jpg_face_1,cerrado,B5,95.9278,0.047151,4.3218,43.8629,99.5386,24.4933,CRITICA,12.7992,0.541016,15.2003,54.2751,0.05098,0.235312,8.1226,399.0655,1,1,126.579,4064256.0
closed_eye_0060.jpg_face_1,cerrado,B10,95.9278,0.047151,9.4496,80.9103,36.832,38.42,BIEN,22.0146,0.861812,10.287,15.655,0.035443,0.105453,24.8299,123.6525,1,1,378.143,4064256.0
closed_eye_0060.jpg_face_1,cerrado,B15,95.9278,0.047151,14.5006,107.628,27.5826,46.6657,BIEN,23.5931,0.875369,8.1003,12.197,0.038488,0.076179,18.3725,61.5645,1,1,374.602,4064256.0
closed_eye_0060.jpg_face_1,cerrado,B25,95.9278,0.047151,24.4788,142.7066,19.4972,54.2049,BIEN,14.1481,0.779782,6.2174,48.7647,0.036278,0.041047,23.0598,12.9444,1,1,201.325,4064256.0
closed_eye_0060.jpg_face_1,cerrado,B40,95.9278,0.047151,39.5145,137.645,20.6474,53.3231,BIEN,15.1868,0.82244,7.8667,43.4882,0.041683,0.04361,11.596,7.508,1,1,313.48,4064256.0
closed_eye_0068.jpg_face_1,cerrado,B5,105.9201,0.047283,4.4441,45.8072,99.6644,16.1257,CRITICA,11.9491,0.538222,15.2977,56.7531,0.056883,nan,20.3036,nan,1,1,168.413,2985984.0
closed_eye_0068.jpg_face_1,cerrado,B10,105.9201,0.047283,9.4754,84.2659,35.2744,23.6844,BIEN,19.4723,0.847287,10.4346,20.4439,0.061567,0.178913,30.2108,278.389,1,1,176.18,2985984.0
closed_eye_0068.jpg_face_1,cerrado,B15,105.9201,0.047283,14.4941,112.5559,10.1497,27.5291,BIEN,24.8193,0.883157,8.1296,6.2649,0.062164,0.12003,31.4722,153.8549,1,1,185.281,2985984.0
closed_eye_0068.jpg_face_1,cerrado,B25,105.9201,0.047283,24.4923,151.1101,3.6916,30.037,BIEN,14.7728,0.826091,6.0525,42.6643,0.05806,0.076357,22.7931,61.4904,1,1,177.393,2985984.0
closed_eye_0068.jpg_face_1,cerrado,B40,105.9201,0.047283,39.4678,144.6399,4.517,30.4809,BIEN,16.0658,0.862762,7.673,36.5557,0.060148,0.058163,27.2096,23.0109,1,1,153.487,2985984.0
closed_eye_0077.jpg_face_1,cerrado,B5,121.1229,0.062263,4.3748,45.132,99.1995,20.6182,CRITICA,9.6573,0.445089,15.2386,62.7387,0.068881,nan,10.6294,nan,1,1,206.599,6718464.0
closed_eye_0077.jpg_face_1,cerrado,B10,121.1229,0.062263,9.5045,83.351,34.8428,33.3737,BIEN,15.3309,0.77024,10.171,31.1847,0.058485,0.081253,6.0685,30.4997,1,1,221.774,6718464.0
closed_eye_0077.jpg_face_1,cerrado,B15,121.1229,0.062263,14.4575,110.8342,17.6601,40.5264,BIEN,21.9817,0.866393,7.9869,8.4945,0.04892,0.056574,21.43,9.1377,1,1,368.27,6718464.0
closed_eye_0077.jpg_face_1,cerrado,B25,121.1229,0.062263,24.5046,147.717,11.4969,47.8342,BIEN,17.9107,0.841987,5.9555,21.9563,0.050567,0.054667,18.7854,12.1996,1,1,320.482,6718464.0
closed_eye_0077.jpg_face_1,cerrado,B40,121.1229,0.062263,39.5111,141.5357,12.4325,47.416,BIEN,19.7863,0.883855,7.5997,16.853,0.053803,0.05214,13.5876,16.2594,1,1,337.998,6718464.0
closed_eye_0086.jpg_face_2,cerrado,B5,78.7757,0.055506,4.5073,44.7371,93.5758,26.4987,CRITICA,16.0569,0.64191,14.6597,43.2095,0.072513,0.173146,30.6386,211.9381,1,1,43.607,23970816.0
closed_eye_0086.jpg_face_2,cerrado,B10,78.7757,0.055506,9.4776,79.7683,38.5543,41.8561,CRITICA,27.6556,0.857521,10.2089,1.26,0.053597,0.121148,3.4402,118.2593,1,1,42.191,23970816.0
closed_eye_0086.jpg_face_2,cerrado,B15,78.7757,0.055506,14.4917,104.9923,25.959,51.3057,BIEN,18.6727,0.821539,8.1624,33.28,0.049214,0.101621,11.3373,83.0805,1,1,35.784,23970816.0
closed_eye_0086.jpg_face_2,cerrado,B25,78.7757,0.055506,24.5081,138.5024,17.6901,61.3274,BIEN,11.985,0.706868,6.3656,75.8187,0.045005,0.071765,18.9199,29.2905,1,1,42.961,23970816.0
closed_eye_0086.jpg_face_2,cerrado,B40,78.7757,0.055506,39.5545,133.8085,18.781,59.8032,BIEN,12.7615,0.741589,8.0657,69.8601,0.043504,0.065491,21.6239,17.9874,1,1,46.081,23970816.0
closed_eye_0091.jpg_face_1,cerrado,B5,151.2539,0.050929,4.3123,45.3169,100.0,15.3262,CRITICA,7.1751,0.428262,15.6568,70.0392,0.045189,nan,11.2705,nan,1,1,18.585,47775744.0
closed_eye_0091.jpg_face_1,cerrado,B10,151.2539,0.050929,9.5863,85.1365,34.1195,23.1638,BIEN,11.187,0.751017,10.3269,43.7129,0.047621,0.09495,6.4944,86.4356,1,1,19.475,47775744.0
closed_eye_0091.jpg_face_1,cerrado,B15,151.2539,0.050929,14.4787,113.8713,14.6605,26.8537,BIEN,15.4225,0.880223,8.0376,24.7151,0.056679,0.091245,11.2907,79.1617,1,1,16.398,47775744.0
closed_eye_0091.jpg_face_1,cerrado,B25,151.2539,0.050929,24.5312,153.4172,1.9776,29.427,BIEN,21.1789,0.911932,5.8689,1.4303,0.041006,0.06996,19.4838,37.3684,1,1,16.444,47775744.0
closed_eye_0091.jpg_face_1,cerrado,B40,151.2539,0.050929,39.4957,146.1866,2.8019,29.8453,BIEN,21.587,0.933375,7.5039,3.3502,0.046968,0.05687,7.7775,11.6655,1,1,16.897,47775744.0
closed_eye_0093.jpg_face_1,cerrado,B5,143.424,0.078215,4.522,45.795,99.9983,19.588,CRITICA,7.2833,0.45188,14.8672,68.0702,0.104661,nan,33.8115,nan,1,1,8.716,95883264.0
closed_eye_0093.jpg_face_1,cerrado,B10,143.424,0.078215,9.3416,82.1919,41.7708,30.4737,BIEN,11.1086,0.749448,10.1029,42.6931,0.108934,nan,39.275,nan,1,1,11.059,95883264.0
closed_eye_0093.jpg_face_1,cerrado,B15,143.424,0.078215,14.5066,110.3775,25.2526,36.5407,BIEN,15.2581,0.851859,7.8799,23.0411,0.085575,0.10934,9.4093,39.7941,1,1,11.555,95883264.0
closed_eye_0093.jpg_face_1,cerrado,B25,143.424,0.078215,24.4806,146.7826,7.1978,41.1589,BIEN,19.8845,0.886711,5.9284,2.3417,0.073086,0.109746,6.5579,40.3127,1,1,11.097,95883264.0
closed_eye_0093.jpg_face_1,cerrado,B40,143.424,0.078215,39.4814,140.9558,9.6398,41.4995,BIEN,20.3492,0.915331,7.5686,1.7209,0.071941,0.103181,8.0218,31.9185,1,1,12.471,95883264.0
closed_eye_0095.jpg_face_1,cerrado,B5,146.3171,0.054832,4.5978,45.6918,100.0,16.0236,CRITICA,7.5983,0.385618,14.9419,68.7721,nan,nan,nan,nan,1,0,192.378,2073600.0
closed_eye_0095.jpg_face_1,cerrado,B10,146.3171,0.054832,9.4761,84.8712,27.6859,23.8864,BIEN,11.4622,0.671719,10.2179,41.995,nan,nan,nan,nan,1,0,228.087,2073600.0
closed_eye_0095.jpg_face_1,cerrado,B15,146.3171,0.054832,14.4323,112.7346,13.7104,28.263,BIEN,15.9404,0.794565,7.9407,22.9519,0.057402,0.108456,4.6865,97.7965,1,1,235.771,2073600.0
closed_eye_0095.jpg_face_1,cerrado,B25,146.3171,0.054832,24.4612,152.1476,5.113,32.5637,BIEN,21.8806,0.83264,5.7806,3.9848,0.055565,0.078273,1.3375,42.7504,1,1,216.422,2073600.0
closed_eye_0095.jpg_face_1,cerrado,B40,146.3171,0.054832,39.5056,145.7697,6.7668,32.6395,BIEN,22.5144,0.854611,7.3693,0.3741,0.04654,0.056681,15.1231,3.3712,1,1,240.935,2073600.0
closed_eye_0097.jpg_face_4,cerrado,B5,113.304,0.02637,4.4424,45.0376,100.0,21.8879,CRITICA,10.3219,0.447354,15.2035,60.2506,0.062629,nan,137.5027,nan,1,1,229.4,2073600.0
closed_eye_0097.jpg_face_4,cerrado,B10,113.304,0.02637,9.4404,81.7995,33.4884,32.3738,BIEN,16.4963,0.76064,10.2091,27.8053,0.053302,0.2,102.1331,658.4477,1,1,214.128,2073600.0
closed_eye_0097.jpg_face_4,cerrado,B15,113.304,0.02637,14.4772,109.7553,26.156,39.537,BIEN,23.8482,0.844931,8.0233,3.132,nan,0.151563,nan,474.7631,1,0,219.106,2073600.0
closed_eye_0097.jpg_face_4,cerrado,B25,113.304,0.02637,24.5026,146.636,13.6662,44.807,BIEN,16.6974,0.796885,6.029,29.4182,nan,0.076164,nan,188.8312,1,0,217.16,2073600.0
closed_eye_0097.jpg_face_4,cerrado,B40,113.304,0.02637,39.5265,140.817,16.6484,44.6281,BIEN,18.2675,0.834347,7.6848,24.2825,nan,0.052199,nan,97.9494,1,0,259.545,2073600.0
closed_eye_0105.jpg_face_2,cerrado,B5,84.8034,0.07693,4.4653,45.7714,100.0,12.6889,CRITICA,15.712,0.671755,15.4821,46.0264,0.142512,nan,85.2481,nan,1,1,366.838,5308416.0
closed_eye_0105.jpg_face_2,cerrado,B10,84.8034,0.07693,9.4702,85.1941,29.0096,18.9603,BIEN,31.789,0.905013,10.3567,0.4607,0.094702,0.174315,23.1008,126.589,1,1,359.635,5308416.0
closed_eye_0105.jpg_face_2,cerrado,B15,84.8034,0.07693,14.442,114.1525,7.8025,22.1273,BIEN,18.7312,0.876813,8.0325,34.6084,0.072638,0.14994,5.5794,94.9046,1,1,362.753,5308416.0
closed_eye_0105.jpg_face_2,cerrado,B25,84.8034,0.07693,24.4948,154.1211,2.2003,23.9742,BIEN,11.2749,0.776279,5.8093,81.7393,0.07763,0.093105,0.9094,21.0251,1,1,320.626,5308416.0
closed_eye_0105.jpg_face_2,cerrado,B40,84.8034,0.07693,39.503,147.3637,2.6502,24.59,BIEN,12.1672,0.81066,7.413,73.771,0.063951,0.086736,16.8708,12.7463,1,1,355.492,5308416.0
closed_eye_0139.jpg_face_1,cerrado,B5,124.8511,0.065564,4.3403,43.3728,99.6528,26.2199,CRITICA,8.8377,0.374654,15.1419,65.2604,0.060654,nan,7.4893,nan,1,1,346.416,746496.0
closed_eye_0139.jpg_face_1,cerrado,B10,124.8511,0.065564,9.2704,80.003,39.0191,42.1893,BIEN,13.6992,0.729875,10.2208,35.9213,0.060504,0.112436,7.7183,71.4898,1,1,441.657,746496.0
closed_eye_0139.jpg_face_1,cerrado,B15,124.8511,0.065564,14.3932,106.4688,30.4253,51.7554,BIEN,19.5995,0.836005,8.0091,14.7234,0.057537,0.09727,12.244,48.3579,1,1,461.084,746496.0
closed_eye_0139.jpg_face_1,cerrado,B25,124.8511,0.065564,24.6315,141.9701,23.5243,59.5705,BIEN,20.1753,0.829286,6.1358,13.7115,0.05509,0.061301,15.975,6.5032,1,1,496.426,746496.0
closed_eye_0139.jpg_face_1,cerrado,B40,124.8511,0.065564,39.4761,136.3082,25.9115,59.4347,BIEN,22.2812,0.869545,7.8092,9.1766,0.056011,0.055305,14.5711,15.6475,1,1,372.926,746496.0
closed_eye_0142.jpg_face_1,cerrado,B5,137.3445,0.039781,4.5626,45.2058,99.9977,24.5135,CRITICA,7.8521,0.290253,14.9218,67.0858,0.045444,0.149974,14.2346,276.997,1,1,10.82,11943936.0
closed_eye_0142.jpg_face_1,cerrado,B10,137.3445,0.039781,9.5487,80.939,30.6974,41.5961,BIEN,11.8692,0.511153,10.196,41.0686,0.040122,0.120699,0.8556,203.4072,1,1,264.964,11943936.0
closed_eye_0142.jpg_face_1,cerrado,B15,137.3445,0.039781,14.5439,107.29,22.9187,53.3105,BIEN,16.7094,0.615155,7.9224,21.8826,0.040363,0.067346,1.4631,69.2907,1,1,256.911,11943936.0
closed_eye_0142.jpg_face_1,cerrado,B25,137.3445,0.039781,24.553,140.5854,19.7786,66.7154,BIEN,22.5572,0.656766,6.0252,2.3597,0.040177,0.049171,0.9936,23.6028,1,1,261.746,11943936.0
closed_eye_0142.jpg_face_1,cerrado,B40,137.3445,0.039781,39.5509,135.5283,20.2195,64.8989,BIEN,23.196,0.69261,7.6534,1.3224,0.039173,0.053,1.5296,33.2289,1,1,233.924,11943936.0
closed_eye_0151.jpg_face_1,cerrado,B5,81.4116,0.052451,4.5377,45.7164,98.6806,19.7635,CRITICA,15.6569,0.655291,15.0458,43.8454,0.053561,nan,2.1153,nan,1,1,274.672,6718464.0
closed_eye_0151.jpg_face_1,cerrado,B10,81.4116,0.052451,9.4735,82.5546,32.6744,30.5013,BIEN,29.2451,0.885439,10.1379,1.404,0.047441,0.107524,9.5525,104.9978,1,1,251.168,6718464.0
closed_eye_0151.jpg_face_1,cerrado,B15,81.4116,0.052451,14.5075,110.5492,17.5584,36.8572,BIEN,18.5002,0.855729,7.9222,35.7905,0.048114,0.082218,8.269,56.751,1,1,310.049,6718464.0
closed_eye_0151.jpg_face_1,cerrado,B25,81.4116,0.052451,24.4636,147.9014,10.7743,42.9043,BIEN,11.4494,0.739505,5.9122,81.6711,0.045922,0.070573,12.4476,34.5487,1,1,304.488,6718464.0
closed_eye_0151.jpg_face_1,cerrado,B40,81.4116,0.052451,39.4701,141.9137,11.8791,42.569,BIEN,12.2567,0.775395,7.5487,74.3163,0.047649,0.057699,9.1557,10.0039,1,1,311.556,6718464.0
closed_eye_0151.jpg_face_2,cerrado,B5,92.7773,0.038325,4.5637,46.052,99.7273,16.4338,CRITICA,13.8174,0.605919,14.9649,50.3628,0.053177,0.199886,38.7519,421.5567,1,1,209.244,9123840.0
closed_eye_0151.jpg_face_2,cerrado,B10,92.7773,0.038325,9.4715,84.7939,33.6526,25.1773,BIEN,25.0832,0.862706,10.0788,8.6049,0.033686,0.129227,12.1041,237.1881,1,1,295.526,9123840.0
closed_eye_0151.jpg_face_2,cerrado,B15,92.7773,0.038325,14.4964,112.8004,12.4903,29.8028,BIEN,21.6118,0.87833,7.8567,21.5819,0.027507,0.093641,28.2276,144.3333,1,1,273.935,9123840.0
closed_eye_0151.jpg_face_2,cerrado,B25,92.7773,0.038325,24.4939,151.649,5.6656,33.7022,BIEN,12.6498,0.79752,5.7825,63.4549,0.031643,0.063501,17.4342,65.6921,1,1,256.509,9123840.0
closed_eye_0151.jpg_face_2,cerrado,B40,92.7773,0.038325,39.4896,145.0907,6.6266,33.7312,BIEN,13.6638,0.83404,7.4051,56.386,0.037986,0.029697,0.8836,22.5123,1,1,311.468,9123840.0
closed_eye_0161.jpg_face_1,cerrado,B5,77.1857,0.086532,4.4663,42.5261,90.6573,29.2312,CRITICA,14.5949,0.507714,14.3143,44.9042,0.077214,0.241197,10.7685,178.738,1,1,19.145,47775744.0
closed_eye_0161.jpg_face_1,cerrado,B10,77.1857,0.086532,9.4713,75.508,49.3912,42.9144,CRITICA,22.2137,0.791108,10.1409,2.1736,0.072255,0.144363,16.4984,66.8328,1,1,18.838,47775744.0
closed_eye_0161.jpg_face_1,cerrado,B15,77.1857,0.086532,14.4939,99.8506,35.5581,50.4463,BIEN,18.6911,0.751989,8.3133,29.3641,0.100329,0.111123,15.9447,28.4187,1,1,15.886,47775744.0
closed_eye_0161.jpg_face_1,cerrado,B25,77.1857,0.086532,24.5184,132.4268,25.0199,56.3651,BIEN,12.4828,0.616581,6.7167,71.5691,0.127069,0.094875,46.847,9.6416,1,1,18.966,47775744.0
closed_eye_0161.jpg_face_1,cerrado,B40,77.1857,0.086532,39.5288,127.5976,26.7965,56.4313,BIEN,13.2851,0.66689,8.5464,65.3124,0.168321,0.07738,94.5193,10.5756,1,1,20.46,47775744.0
closed_eye_0162.jpg_face_1,cerrado,B5,170.1527,0.03802,4.5282,45.499,100.0,17.2671,CRITICA,5.6386,0.309999,15.0265,73.2599,0.044117,0.212289,16.0369,458.3662,1,1,291.078,4064256.0
closed_eye_0162.jpg_face_1,cerrado,B10,170.1527,0.03802,9.4887,84.3344,28.8154,27.316,BIEN,8.6493,0.580146,10.1715,50.436,0.037685,0.105222,0.8801,176.7552,1,1,374.616,4064256.0
closed_eye_0162.jpg_face_1,cerrado,B15,170.1527,0.03802,14.4002,112.1352,12.314,33.1822,BIEN,11.7135,0.728679,7.9137,34.0973,0.042054,0.086822,10.6119,128.3606,1,1,349.004,4064256.0
closed_eye_0162.jpg_face_1,cerrado,B25,170.1527,0.03802,24.4842,150.7048,7.8512,39.6784,BIEN,17.6082,0.806614,5.7867,11.4297,0.047873,0.059136,25.9156,55.5403,1,1,318.644,4064256.0
closed_eye_0162.jpg_face_1,cerrado,B40,170.1527,0.03802,39.4835,144.3565,8.478,38.9456,BIEN,16.7004,0.82257,7.3987,15.1606,0.045757,0.04524,20.35,18.9899,1,1,356.544,4064256.0
closed_eye_0165.jpg_face_2,cerrado,B5,127.1762,0.092497,4.4297,45.3672,96.7908,19.3417,CRITICA,9.1245,0.424935,15.132,64.3273,0.134499,0.193373,45.4094,109.0599,1,1,362.976,6718464.0
closed_eye_0165.jpg_face_2,cerrado,B10,127.1762,0.092497,9.4339,82.7277,37.3274,29.9856,BIEN,13.8222,0.750172,10.4002,34.9503,0.110769,0.186082,19.7543,101.1772,1,1,291.894,6718464.0
closed_eye_0165.jpg_face_2,cerrado,B15,127.1762,0.092497,14.4981,110.2958,17.6775,35.9555,BIEN,19.1171,0.849689,8.1636,13.2733,0.092726,0.149225,0.2482,61.33,1,1,262.274,6718464.0
closed_eye_0165.jpg_face_2,cerrado,B25,127.1762,0.092497,24.5098,147.0086,8.8757,40.7386,BIEN,18.5554,0.83522,6.1984,15.5944,0.098596,0.116368,6.5942,25.8081,1,1,281.254,6718464.0
closed_eye_0165.jpg_face_2,cerrado,B40,127.1762,0.092497,39.4946,141.033,10.1167,40.6868,BIEN,20.1157,0.87279,7.8443,10.8957,0.105255,0.104143,13.7938,12.5915,1,1,314.337,6718464.0
closed_eye_0168.jpg_face_1,cerrado,B5,78.4385,0.063652,4.4891,45.1771,93.2351,24.2943,CRITICA,16.4608,0.63795,14.7404,42.4044,0.073558,0.160087,15.5634,151.5033,1,1,190.179,10036224.0
closed_eye_0168.jpg_face_1,cerrado,B10,78.4385,0.063652,9.4169,80.8421,47.2499,36.4493,BIEN,28.0886,0.864888,10.3119,3.0643,0.062805,0.12504,1.3309,96.4432,1,1,234.252,10036224.0
closed_eye_0168.jpg_face_1,cerrado,B15,78.4385,0.063652,14.5048,107.6017,25.3367,43.2559,BIEN,18.2626,0.805945,8.1631,37.1796,0.061203,0.104121,3.8469,63.5793,1,1,295.692,10036224.0
closed_eye_0168.jpg_face_1,cerrado,B25,78.4385,0.063652,24.4956,142.4804,11.8238,49.2776,BIEN,11.7718,0.673698,6.3327,81.6459,0.05506,0.075961,13.498,19.3383,1,1,281.539,10036224.0
closed_eye_0168.jpg_face_1,cerrado,B40,78.4385,0.063652,39.5419,137.3626,13.4733,49.1361,BIEN,12.5119,0.716741,8.002,75.1212,0.05449,0.068564,14.3938,7.7173,1,1,284.269,10036224.0
closed_eye_0171.jpg_face_1,cerrado,B5,153.9087,0.032013,4.3588,45.0573,99.9912,14.4271,CRITICA,6.9898,0.326346,15.7279,70.7246,0.085853,nan,168.1839,nan,1,1,133.906,2985984.0
closed_eye_0171.jpg_face_1,cerrado,B10,153.9087,0.032013,9.5095,84.6468,30.03,22.4132,BIEN,10.7585,0.623884,10.4468,45.0019,0.04386,0.164119,37.0076,412.6663,1,1,172.724,2985984.0
closed_eye_0171.jpg_face_1,cerrado,B15,153.9087,0.032013,14.459,113.6503,11.0563,26.1848,BIEN,14.7457,0.756644,8.1068,26.1573,0.02784,0.128314,13.0334,300.8223,1,1,166.353,2985984.0
closed_eye_0171.jpg_face_1,cerrado,B25,153.9087,0.032013,24.4875,153.3957,3.9058,28.9068,BIEN,20.4062,0.797399,5.8915,0.3333,0.030859,0.059986,3.6056,87.3818,1,1,161.778,2985984.0
closed_eye_0171.jpg_face_1,cerrado,B40,153.9087,0.032013,39.5007,146.3744,4.8757,29.3746,BIEN,20.5827,0.824967,7.5166,4.8952,0.026042,0.048746,18.6507,52.2689,1,1,179.85,2985984.0
closed_eye_0178.jpg_face_1,cerrado,B5,104.2226,0.135862,4.3444,43.6566,93.8544,22.551,CRITICA,11.6953,0.510076,15.5391,58.1122,0.127384,nan,6.2408,nan,1,1,174.295,2985984.0
closed_eye_0178.jpg_face_1,cerrado,B10,104.2226,0.135862,9.4695,81.6082,43.8005,33.9049,BIEN,18.7608,0.82493,10.5468,21.6982,0.150607,0.181785,10.8523,33.8005,1,1,164.371,2985984.0
closed_eye_0178.jpg_face_1,cerrado,B15,104.2226,0.135862,14.5047,109.1881,24.2498,38.946,BIEN,22.8782,0.861449,8.3554,4.7642,0.126913,0.180027,6.5869,32.5065,1,1,150.537,2985984.0
closed_eye_0178.jpg_face_1,cerrado,B25,104.2226,0.135862,24.4668,146.0405,10.1887,42.4883,BIEN,14.7743,0.785038,6.3288,40.1236,nan,0.157016,nan,15.5698,1,0,166.306,2985984.0
closed_eye_0178.jpg_face_1,cerrado,B40,104.2226,0.135862,39.4849,139.976,13.0728,43.1865,BIEN,16.0489,0.829084,7.9899,34.3048,nan,0.136338,nan,0.3502,1,0,179.582,2985984.0
closed_eye_0183.jpg_face_1,cerrado,B5,77.5475,0.041944,4.4831,43.5156,99.9167,27.3266,CRITICA,16.3455,0.647659,14.6722,43.8853,0.067745,0.190759,61.5123,354.79,1,1,307.986,746496.0
closed_eye_0183.jpg_face_1,cerrado,B10,77.5475,0.041944,9.4369,79.6269,38.7222,43.3472,CRITICA,28.9687,0.867992,10.1105,2.6815,0.046162,0.104931,10.0555,150.1675,1,1,270.856,746496.0
closed_eye_0183.jpg_face_1,cerrado,B15,77.5475,0.041944,14.4561,104.9656,31.1944,52.681,BIEN,18.6074,0.845052,8.061,35.3565,0.043776,0.068315,4.3661,62.8712,1,1,334.717,746496.0
closed_eye_0183.jpg_face_1,cerrado,B25,77.5475,0.041944,24.4692,138.9575,25.4444,61.3157,BIEN,11.8916,0.737472,6.2602,79.1902,0.037664,0.04764,10.2054,13.58,1,1,328.386,746496.0
closed_eye_0183.jpg_face_1,cerrado,B40,77.5475,0.041944,39.4794,134.3256,26.8056,60.3683,BIEN,12.5748,0.769036,7.933,73.2171,0.03598,0.034267,14.2189,18.3026,1,1,485.767,746496.0
closed_eye_0185.jpg_face_1,cerrado,B5,115.3764,0.027319,4.5548,45.218,99.4063,26.4186,CRITICA,9.929,0.367645,14.5253,60.8083,0.034193,0.184739,25.1604,576.2253,1,1,310.299,5308416.0
closed_eye_0185.jpg_face_1,cerrado,B10,115.3764,0.027319,9.5044,80.1801,35.7898,42.0132,BIEN,14.9545,0.649804,10.1554,30.5056,0.029574,0.062849,8.2555,130.0531,1,1,316.226,5308416.0
closed_eye_0185.jpg_face_1,cerrado,B15,115.3764,0.027319,14.5181,105.0911,27.7233,51.9522,BIEN,20.191,0.733236,8.0838,8.9146,0.030418,0.064518,11.3432,136.1624,1,1,325.362,5308416.0
closed_eye_0185.jpg_face_1,cerrado,B25,115.3764,0.027319,24.5555,138.3739,22.4837,62.5197,BIEN,17.6292,0.705271,6.2954,19.9325,0.041346,0.029391,51.3444,7.5855,1,1,343.95,5308416.0
closed_eye_0185.jpg_face_1,cerrado,B40,115.3764,0.027319,39.5572,133.5351,23.3497,61.4615,BIEN,18.99,0.747486,7.9804,15.7386,0.044462,0.0235,62.7513,13.9791,1,1,315.169,5308416.0
closed_eye_0189.jpg_face_1,cerrado,B5,141.9917,0.1466,4.4721,44.849,99.9927,23.9591,CRITICA,7.2886,0.360019,14.9092,68.4143,0.130714,nan,10.8363,nan,1,1,241.785,4064256.0
closed_eye_0189.jpg_face_1,cerrado,B10,141.9917,0.1466,9.4856,81.1693,39.1994,38.233,BIEN,11.0567,0.678061,10.1577,42.8351,0.121238,nan,17.3003,nan,1,1,363.332,4064256.0
closed_eye_0189.jpg_face_1,cerrado,B15,141.9917,0.1466,14.4945,107.3624,27.4381,46.6575,BIEN,14.8734,0.809001,8.0367,24.3882,0.142693,0.207375,2.6653,41.4566,1,1,367.796,4064256.0
closed_eye_0189.jpg_face_1,cerrado,B25,141.9917,0.1466,24.5084,142.4458,15.3116,54.5375,BIEN,19.2644,0.824273,6.1571,0.3198,0.113609,0.176966,22.5045,20.7132,1,1,222.951,4064256.0
closed_eye_0189.jpg_face_1,cerrado,B40,141.9917,0.1466,39.502,137.0471,17.1598,54.1294,BIEN,19.616,0.854406,7.8234,3.4823,0.121444,0.147838,17.1597,0.8441,1,1,256.377,4064256.0
closed_eye_0191.jpg_face_1,cerrado,B5,126.7679,0.094616,4.4954,45.6511,99.9939,14.1111,CRITICA,9.5746,0.483297,15.3826,63.9884,0.130555,nan,37.984,nan,1,1,15.897,56070144.0
closed_eye_0191.jpg_face_1,cerrado,B10,126.7679,0.094616,9.4457,85.3613,31.9242,21.3486,BIEN,15.0521,0.804297,10.3286,32.6633,0.105708,0.195727,11.7235,106.8652,1,1,17.362,56070144.0
closed_eye_0191.jpg_face_1,cerrado,B15,126.7679,0.094616,14.4246,114.0236,9.827,24.6833,BIEN,22.5473,0.891014,7.9988,10.0532,0.094786,0.206377,0.1795,118.1215,1,1,17.063,56070144.0
closed_eye_0191.jpg_face_1,cerrado,B25,126.7679,0.094616,24.5017,154.1572,2.9149,27.3932,BIEN,18.3932,0.893009,5.7889,21.6059,0.087719,0.171016,7.2896,80.7482,1,1,17.544,56070144.0
closed_eye_0191.jpg_face_1,cerrado,B40,126.7679,0.094616,39.5104,147.3008,3.788,27.5496,BIEN,20.3748,0.916442,7.3869,16.1973,0.102631,0.120326,8.4714,27.1733,1,1,18.659,56070144.0
closed_eye_0192.jpg_face_1,cerrado,B5,93.2502,0.061993,4.5649,45.4851,99.2585,21.2035,CRITICA,13.6665,0.631083,14.8086,51.2225,0.092391,0.178283,49.0331,187.5843,1,1,15.437,60466176.0
closed_eye_0192.jpg_face_1,cerrado,B10,93.2502,0.061993,9.4243,82.8786,38.4771,32.0339,BIEN,23.8896,0.883244,10.1753,11.1223,0.077631,0.116368,25.225,87.71,1,1,16.845,60466176.0
closed_eye_0192.jpg_face_1,cerrado,B15,93.2502,0.061993,14.4532,110.1908,18.35,38.3691,BIEN,22.4703,0.896112,7.9576,18.1669,0.055811,0.097444,9.973,57.1849,1,1,16.919,60466176.0
closed_eye_0192.jpg_face_1,cerrado,B25,93.2502,0.061993,24.4715,147.5928,10.5076,44.3487,BIEN,13.1767,0.811216,5.9489,58.2762,0.052273,0.079655,15.6789,28.4898,1,1,17.136,60466176.0
closed_eye_0192.jpg_face_1,cerrado,B40,93.2502,0.061993,39.49,141.6255,11.7082,44.2305,BIEN,14.1588,0.845534,7.5779,51.877,0.06681,0.079242,7.7698,27.8237,1,1,18.046,60466176.0
closed_eye_0195.jpg_face_1,cerrado,B5,101.2213,0.071417,4.4245,46.0119,99.3914,16.8709,CRITICA,12.9884,0.612445,15.5404,54.5432,0.092725,nan,29.8357,nan,1,1,216.127,8294400.0
closed_eye_0195.jpg_face_1,cerrado,B10,101.2213,0.071417,9.3965,83.3097,31.5007,26.5688,BIEN,21.8782,0.87529,10.629,17.6955,0.076328,0.127024,6.8757,77.8624,1,1,260.994,8294400.0
closed_eye_0195.jpg_face_1,cerrado,B15,101.2213,0.071417,14.4174,112.9444,13.9467,32.5592,BIEN,24.9305,0.915788,8.1668,11.5817,0.07114,0.115881,0.3874,62.2598,1,1,300.427,8294400.0
closed_eye_0195.jpg_face_1,cerrado,B25,101.2213,0.071417,24.5405,151.6067,7.1059,37.5933,BIEN,13.8101,0.8384,5.9891,49.7775,0.068764,0.094513,3.7143,32.3401,1,1,281.706,8294400.0
closed_eye_0195.jpg_face_1,cerrado,B40,101.2213,0.071417,39.5033,145.0327,8.0545,37.181,BIEN,15.0344,0.873972,7.6037,43.2828,0.06897,0.080957,3.4263,13.3574,1,1,348.214,8294400.0
closed_eye_0209.jpg_face_1,cerrado,B5,187.6045,0.068434,4.5001,46.4976,100.0,16.8646,CRITICA,4.7224,0.352553,15.0564,75.2151,0.060898,nan,11.0124,nan,1,1,33.963,33177600.0
closed_eye_0209.jpg_face_1,cerrado,B10,187.6045,0.068434,9.4944,84.9834,28.6483,26.5816,BIEN,7.4205,0.632473,10.1375,54.7008,0.068577,0.150923,0.2092,120.5374,1,1,33.489,33177600.0
closed_eye_0209.jpg_face_1,cerrado,B15,187.6045,0.068434,14.4884,113.5407,17.0756,31.9888,BIEN,10.0611,0.776479,7.8704,39.4787,0.080246,0.1216,17.2598,77.6892,1,1,32.193,33177600.0
closed_eye_0209.jpg_face_1,cerrado,B25,187.6045,0.068434,24.4622,152.4964,6.9067,36.6375,BIEN,15.1575,0.86548,5.7554,18.7139,0.084076,0.094252,22.8575,37.7265,1,1,33.582,33177600.0
closed_eye_0209.jpg_face_1,cerrado,B40,187.6045,0.068434,39.4969,145.731,8.3544,36.5506,BIEN,14.2212,0.871332,7.3604,22.3201,0.076322,0.066334,11.5262,3.0686,1,1,36.93,33177600.0
closed_eye_0212.jpg_face_1,cerrado,B5,155.0625,0.02427,4.2594,44.4953,100.0,20.4237,CRITICA,6.6036,0.332248,15.4809,71.3049,0.045484,nan,87.4079,nan,1,1,384.615,6718464.0
closed_eye_0212.jpg_face_1,cerrado,B10,155.0625,0.02427,9.5267,83.0715,27.7296,33.3918,BIEN,10.2577,0.654823,10.2682,46.4271,0.034845,0.132004,43.569,443.8914,1,1,330.732,6718464.0
closed_eye_0212.jpg_face_1,cerrado,B15,155.0625,0.02427,14.4334,110.6676,20.245,41.0903,BIEN,13.8678,0.783832,8.0443,28.6303,0.038899,0.123882,60.2754,410.4262,1,1,326.861,6718464.0
closed_eye_0212.jpg_face_1,cerrado,B25,155.0625,0.02427,24.4438,147.0439,16.2664,48.355,BIEN,19.6586,0.82963,6.0499,5.1712,0.038242,0.069225,57.5671,185.2267,1,1,351.89,6718464.0
closed_eye_0212.jpg_face_1,cerrado,B40,155.0625,0.02427,39.4643,141.2092,16.8933,47.6317,BIEN,19.2942,0.86421,7.6747,8.934,0.04227,0.048664,74.1646,100.5108,1,1,324.907,6718464.0
closed_eye_0228.jpg_face_2,cerrado,B5,140.9694,0.05744,4.3818,44.118,99.9155,18.9653,CRITICA,7.6865,0.359778,15.2776,68.7039,0.117398,0.207139,104.3828,260.615,1,1,330.961,4064256.0
closed_eye_0228.jpg_face_2,cerrado,B10,140.9694,0.05744,9.4851,83.1204,40.199,29.085,BIEN,11.8129,0.684522,10.2288,41.0366,0.118604,0.170541,106.4824,196.9006,1,1,307.427,4064256.0
closed_eye_0228.jpg_face_2,cerrado,B15,140.9694,0.05744,14.4725,111.5764,19.4654,34.6853,BIEN,16.4307,0.814292,7.9558,20.8506,0.077525,0.159404,34.9664,177.5124,1,1,324.517,4064256.0
closed_eye_0228.jpg_face_2,cerrado,B25,140.9694,0.05744,24.5068,149.8825,6.5687,38.5847,BIEN,20.6385,0.830072,5.89,6.3227,0.069414,0.135462,20.8445,135.8309,1,1,328.645,4064256.0
closed_eye_0228.jpg_face_2,cerrado,B40,140.9694,0.05744,39.4967,143.5433,8.2336,38.8386,BIEN,21.6379,0.8586,7.5149,1.8258,0.062447,0.109069,8.7158,89.8828,1,1,347.911,4064256.0
closed_eye_0238.jpg_face_2,cerrado,B5,123.6293,0.057296,4.4794,45.9274,100.0,11.6274,CRITICA,9.99,0.496339,15.4089,62.8507,0.074861,nan,30.6573,nan,1,1,318.218,6718464.0
closed_eye_0238.jpg_face_2,cerrado,B10,123.6293,0.057296,9.5339,86.0833,35.6386,17.026,BIEN,15.8743,0.799961,10.2993,30.3698,0.076936,nan,34.2789,nan,1,1,319.04,6718464.0
closed_eye_0238.jpg_face_2,cerrado,B15,123.6293,0.057296,14.4578,115.1983,3.3572,19.1503,BIEN,24.1287,0.891556,7.9631,6.8196,0.072208,0.170953,26.0271,198.369,1,1,269.114,6718464.0
closed_eye_0238.jpg_face_2,cerrado,B25,123.6293,0.057296,24.5051,155.4848,0.2383,20.2826,BIEN,17.3581,0.883477,5.7233,25.7669,0.065009,0.096986,13.4627,69.2733,1,1,328.062,6718464.0
closed_eye_0238.jpg_face_2,cerrado,B40,123.6293,0.057296,39.4937,148.4369,0.3657,20.742,BIEN,19.2642,0.909826,7.3263,20.0662,0.068401,0.074259,19.3822,29.6061,1,1,310.53,6718464.0
closed_eye_0241.jpg_face_1,cerrado,B5,128.7318,0.078336,4.5607,46.5728,100.0,9.474,CRITICA,9.624,0.481058,15.2282,63.8218,0.110703,nan,41.3184,nan,1,1,365.938,5308416.0
closed_eye_0241.jpg_face_1,cerrado,B10,128.7318,0.078336,9.4131,86.4831,22.6986,12.8205,BIEN,14.9914,0.786243,10.3134,32.8191,0.074831,nan,4.474,nan,1,1,341.787,5308416.0
closed_eye_0241.jpg_face_1,cerrado,B15,128.7318,0.078336,14.4731,115.878,4.1788,15.0334,BIEN,22.9825,0.869698,7.9243,9.985,0.072376,0.148969,7.6082,90.1664,1,1,327.493,5308416.0
closed_eye_0241.jpg_face_1,cerrado,B25,128.7318,0.078336,24.4744,156.3712,0.0848,15.5839,BIEN,18.5236,0.883124,5.6742,21.4706,0.082814,0.109694,5.7161,40.0295,1,1,306.016,5308416.0
closed_eye_0241.jpg_face_1,cerrado,B40,128.7318,0.078336,39.4784,149.451,0.1332,16.1518,BIEN,20.64,0.913433,7.2558,16.0949,0.070724,0.081976,9.7177,4.6465,1,1,382.526,5308416.0
closed_eye_0243.jpg_face_1,cerrado,B5,126.6932,0.087037,4.3383,45.0628,99.9908,14.0855,CRITICA,9.2502,0.406699,15.5327,64.4316,0.091916,nan,5.6057,nan,1,1,169.999,2985984.0
closed_eye_0243.jpg_face_1,cerrado,B10,126.6932,0.087037,9.4412,84.1364,34.7263,21.1412,BIEN,14.4777,0.732347,10.3808,33.5905,0.085606,0.135986,1.6438,56.2397,1,1,181.785,2985984.0
closed_eye_0243.jpg_face_1,cerrado,B15,126.6932,0.087037,14.4715,112.9099,10.2163,24.8244,BIEN,20.8025,0.830799,8.0578,10.8793,0.081287,0.122126,6.6062,40.3157,1,1,180.307,2985984.0
closed_eye_0243.jpg_face_1,cerrado,B25,126.6932,0.087037,24.4896,151.6835,2.8754,27.3959,BIEN,18.2417,0.817374,5.9598,19.725,0.079565,0.093464,8.5841,7.3849,1,1,166.312,2985984.0
closed_eye_0243.jpg_face_1,cerrado,B40,126.6932,0.087037,39.4666,145.1201,3.6428,27.9249,BIEN,20.08,0.853432,7.5807,14.5445,0.084506,0.088585,2.9082,1.7793,1,1,172.005,2985984.0
closed_eye_0243.jpg_face_2,cerrado,B5,128.6769,0.065808,4.3892,45.0874,100.0,14.8808,CRITICA,9.1729,0.41101,15.5896,64.9607,0.114973,nan,74.7101,nan,1,1,166.898,2985984.0
closed_eye_0243.jpg_face_2,cerrado,B10,128.6769,0.065808,9.4478,84.4781,33.1293,22.5718,BIEN,14.4988,0.742987,10.3278,34.3486,0.075768,0.202212,15.1348,207.2749,1,1,162.76,2985984.0
closed_eye_0243.jpg_face_2,cerrado,B15,128.6769,0.065808,14.4694,113.7661,13.9169,26.663,BIEN,21.0848,0.849539,8.0472,11.5877,0.075586,0.182408,14.8579,177.1816,1,1,169.165,2985984.0
closed_eye_0243.jpg_face_2,cerrado,B25,128.6769,0.065808,24.4842,153.0249,2.1732,28.5088,BIEN,18.6091,0.842905,5.8561,18.9218,0.090188,0.133527,37.0467,102.9035,1,1,175.701,2985984.0
closed_eye_0243.jpg_face_2,cerrado,B40,128.6769,0.065808,39.515,146.3542,4.3363,29.2084,BIEN,20.7009,0.874368,7.4786,13.7378,0.079829,0.111878,21.3054,70.0069,1,1,168.067,2985984.0
closed_eye_0248.jpg_face_1,cerrado,B5,117.0341,0.088974,4.4266,43.6391,93.6237,30.7164,CRITICA,9.2743,0.457812,14.5213,62.7125,0.092406,0.194348,3.8572,118.4309,1,1,10.672,74649600.0
closed_eye_0248.jpg_face_1,cerrado,B10,117.0341,0.088974,9.5105,79.0152,44.1613,46.7279,CRITICA,14.2307,0.819042,10.0017,32.4854,0.100734,0.137949,13.2165,55.043,1,1,13.651,74649600.0
closed_eye_0248.jpg_face_1,cerrado,B15,117.0341,0.088974,14.5081,102.0057,35.7794,57.8059,BIEN,19.0185,0.874202,8.0247,12.8411,0.068264,0.113872,23.2766,27.9829,1,1,13.54,74649600.0
closed_eye_0248.jpg_face_1,cerrado,B25,117.0341,0.088974,24.4958,133.6975,28.0628,67.1133,BIEN,17.9649,0.840958,6.3397,14.238,0.073073,0.109394,17.8717,22.9504,1,1,13.81,74649600.0
closed_eye_0248.jpg_face_1,cerrado,B40,117.0341,0.088974,39.5135,129.3928,29.5574,66.3398,BIEN,19.2786,0.881136,8.0572,10.5598,0.076177,0.082459,14.3831,7.3226,1,1,15.124,74649600.0
closed_eye_0249.JPG_face_1,cerrado,B5,129.7765,0.081528,4.522,45.634,99.9669,20.6244,CRITICA,8.5055,0.368479,15.0479,64.8364,nan,nan,nan,nan,1,0,312.764,746496.0
closed_eye_0249.JPG_face_1,cerrado,B10,129.7765,0.081528,9.4783,82.1831,38.6777,32.521,BIEN,13.0052,0.678988,10.2198,36.6733,nan,nan,nan,nan,1,0,374.153,746496.0
closed_eye_0249.JPG_face_1,cerrado,B15,129.7765,0.081528,14.443,109.0119,20.7603,39.201,BIEN,17.9246,0.786324,8.0518,16.0003,nan,0.113541,nan,39.2664,1,0,391.435,746496.0
closed_eye_0249.JPG_face_1,cerrado,B25,129.7765,0.081528,24.4889,146.278,14.4793,44.3193,BIEN,18.9195,0.778732,6.0525,12.7153,nan,0.14242,nan,74.6888,1,0,401.574,746496.0
closed_eye_0249.JPG_face_1,cerrado,B40,129.7765,0.081528,39.5058,140.5081,15.6364,44.369,BIEN,20.2582,0.811356,7.6994,8.2693,nan,nan,nan,nan,1,0,358.77,746496.0
closed_eye_0251.jpg_face_1,cerrado,B5,132.4035,0.114122,4.4007,45.7881,99.9792,18.357,CRITICA,8.7395,0.37127,15.3655,65.4177,0.102937,0.1586,9.8011,38.9739,1,1,160.408,14017536.0
closed_eye_0251.jpg_face_1,cerrado,B10,132.4035,0.114122,9.5277,84.4237,29.461,30.0883,BIEN,13.7038,0.667606,10.211,36.2376,0.098372,0.157381,13.8011,37.9064,1,1,229.437,14017536.0
closed_eye_0251.jpg_face_1,cerrado,B15,132.4035,0.114122,14.537,112.1891,16.4455,36.8198,BIEN,19.5764,0.781426,7.9926,15.2673,0.108029,0.120842,5.3387,5.8884,1,1,220.585,14017536.0
closed_eye_0251.jpg_face_1,cerrado,B25,132.4035,0.114122,24.5321,150.0845,12.7912,43.7308,BIEN,20.1887,0.794286,5.9046,13.3538,0.09712,0.110319,14.8979,3.3319,1,1,223.534,14017536.0
closed_eye_0251.jpg_face_1,cerrado,B40,132.4035,0.114122,39.494,143.2951,13.2743,43.3111,BIEN,22.5214,0.851571,7.5473,8.226,0.097961,0.087618,14.161,23.2239,1,1,199.231,14017536.0
closed_eye_0260.jpg_face_1,cerrado,B5,204.5392,0.037491,4.401,45.6325,100.0,11.7595,CRITICA,3.9021,0.276606,15.5427,77.6901,0.05734,nan,52.9447,nan,1,1,303.757,8294400.0
closed_eye_0260.jpg_face_1,cerrado,B10,204.5392,0.037491,9.4784,85.6769,24.1799,17.4916,BIEN,6.3918,0.523155,10.2999,58.1123,0.051554,0.120081,37.5106,220.2917,1,1,283.881,8294400.0
closed_eye_0260.jpg_face_1,cerrado,B15,204.5392,0.037491,14.4149,115.4605,6.6047,20.637,BIEN,8.7623,0.674041,7.9336,43.5509,0.039464,0.094852,5.2626,152.9993,1,1,307.267,8294400.0
closed_eye_0260.jpg_face_1,cerrado,B25,204.5392,0.037491,24.5066,156.0532,2.729,23.8137,BIEN,13.5132,0.791316,5.662,23.705,0.033055,0.058589,11.8323,56.2744,1,1,314.505,8294400.0
closed_eye_0260.jpg_face_1,cerrado,B40,204.5392,0.037491,39.4444,149.0269,3.2552,23.4932,BIEN,12.5458,0.795337,7.2527,27.1402,0.040749,0.051181,8.69,36.5147,1,1,368.528,8294400.0
closed_eye_0261.jpg_face_1,cerrado,B5,170.5944,0.037971,4.4316,45.9031,100.0,10.7479,CRITICA,6.0123,0.315881,15.5918,73.0923,0.047754,0.209702,25.7647,452.266,1,1,350.152,8294400.0
closed_eye_0261.jpg_face_1,cerrado,B10,170.5944,0.037971,9.4187,85.662,30.3054,16.4365,BIEN,9.2508,0.599384,10.4046,49.7861,0.026685,0.116715,29.7222,207.3785,1,1,284.633,8294400.0
closed_eye_0261.jpg_face_1,cerrado,B15,170.5944,0.037971,14.3897,115.5303,5.133,19.2523,BIEN,12.7853,0.744861,7.9761,32.2777,0.020378,0.094769,46.333,149.5805,1,1,270.139,8294400.0
closed_eye_0261.jpg_face_1,cerrado,B25,170.5944,0.037971,24.494,156.2364,1.4417,21.3202,BIEN,20.8438,0.81918,5.6871,8.4164,0.026322,0.051392,30.6795,35.3452,1,1,281.539,8294400.0
closed_eye_0261.jpg_face_1,cerrado,B40,170.5944,0.037971,39.4731,149.1585,1.7406,21.5441,BIEN,19.3411,0.834388,7.2687,12.5654,0.035978,0.043343,5.2481,14.1465,1,1,297.08,8294400.0
closed_eye_0271.jpg_face_1,cerrado,B5,201.4902,0.046168,4.3802,45.363,100.0,13.6544,CRITICA,4.0893,0.337195,15.7112,77.4862,0.058547,nan,26.8118,nan,1,1,11.23,79709184.0
closed_eye_0271.jpg_face_1,cerrado,B10,201.4902,0.046168,9.3364,84.9969,21.0624,21.7007,BIEN,6.6108,0.628172,10.46,57.8159,0.050604,nan,9.6075,nan,1,1,10.474,79709184.0
closed_eye_0271.jpg_face_1,cerrado,B15,201.4902,0.046168,14.4294,114.5355,11.6879,26.7875,BIEN,9.1138,0.773174,8.0105,43.1558,0.056755,0.138907,22.9305,200.8724,1,1,10.024,79709184.0
closed_eye_0271.jpg_face_1,cerrado,B25,201.4902,0.046168,24.5103,154.3406,5.1084,31.2766,BIEN,13.9391,0.887267,5.7714,23.4005,0.05039,0.083174,9.1444,80.1534,1,1,12.09,79709184.0
closed_eye_0271.jpg_face_1,cerrado,B40,201.4902,0.046168,39.5508,147.7211,6.0329,30.809,BIEN,13.0047,0.890733,7.355,26.6857,0.060621,0.075468,31.3053,63.4624,1,1,12.919,79709184.0
closed_eye_0272.jpg_face_1,cerrado,B5,196.8279,0.068621,4.3827,46.0673,100.0,11.3484,CRITICA,4.3832,0.37337,15.7149,76.5951,0.06525,nan,4.9121,nan,1,1,7.028,139428864.0
closed_eye_0272.jpg_face_1,cerrado,B10,196.8279,0.068621,9.1546,84.7993,20.0759,17.0347,BIEN,6.9278,0.664315,10.5568,56.917,0.064306,nan,6.2879,nan,1,1,12.472,139428864.0
closed_eye_0272.jpg_face_1,cerrado,B15,196.8279,0.068621,14.57,116.0358,4.9513,21.5119,BIEN,9.7731,0.80821,7.9238,41.0471,0.06468,0.137312,5.7437,100.1017,1,1,13.069,139428864.0
closed_eye_0272.jpg_face_1,cerrado,B25,196.8279,0.068621,24.496,155.9444,3.4476,25.0067,BIEN,15.0604,0.923395,5.6968,20.7712,0.045406,0.091726,33.8311,33.67,1,1,13.466,139428864.0
closed_eye_0272.jpg_face_1,cerrado,B40,196.8279,0.068621,39.5659,149.4226,3.6862,24.5504,BIEN,14.0189,0.920029,7.264,24.0847,0.063712,0.064161,7.1541,6.4995,1,1,14.783,139428864.0
closed_eye_0282.jpg_face_1,cerrado,B5,170.0237,0.098176,4.3395,44.7036,100.0,16.8291,CRITICA,5.6455,0.373512,15.3862,73.7074,0.116721,nan,18.8896,nan,1,1,30.068,40144896.0
closed_eye_0282.jpg_face_1,cerrado,B10,170.0237,0.098176,9.3934,83.9055,36.4417,26.1581,BIEN,8.7625,0.677453,10.2832,50.6507,0.089956,0.181811,8.3734,85.1883,1,1,30.464,40144896.0
closed_eye_0282.jpg_face_1,cerrado,B15,170.0237,0.098176,14.5174,113.2674,19.6868,30.438,BIEN,11.9445,0.815225,7.9563,33.3814,0.08555,0.132636,12.8613,35.0999,1,1,29.001,40144896.0
closed_eye_0282.jpg_face_1,cerrado,B25,170.0237,0.098176,24.4498,152.2295,2.6342,33.3174,BIEN,17.7983,0.894715,5.8434,10.4657,0.088679,0.100958,9.6736,2.8331,1,1,28.755,40144896.0
closed_eye_0282.jpg_face_1,cerrado,B40,170.0237,0.098176,39.4755,145.6102,4.2839,33.9466,BIEN,16.9726,0.907703,7.4522,14.3589,0.088479,0.095473,9.8778,2.7535,1,1,31.521,40144896.0
closed_eye_0288.jpg_face_1,cerrado,B5,157.2491,0.025711,4.4028,44.8328,100.0,22.6369,CRITICA,6.1899,0.439716,15.1164,71.4893,0.048831,nan,89.9205,nan,1,1,29.008,40144896.0
closed_eye_0288.jpg_face_1,cerrado,B10,157.2491,0.025711,9.3861,81.5971,28.4547,39.2808,BIEN,9.5571,0.704802,10.1449,48.1096,0.041963,0.06704,63.209,160.7381,1,1,27.262,40144896.0
closed_eye_0288.jpg_face_1,cerrado,B15,157.2491,0.025711,14.5145,108.2704,21.5053,50.5704,BIEN,13.1498,0.827425,7.881,31.1472,0.048881,0.076152,90.1145,196.1778,1,1,26.558,40144896.0
closed_eye_0288.jpg_face_1,cerrado,B25,157.2491,0.025711,24.5248,142.5951,17.0196,63.8237,BIEN,20.1408,0.899667,5.9441,9.319,0.038738,0.052664,50.6649,104.8285,1,1,27.114,40144896.0
closed_eye_0288.jpg_face_1,cerrado,B40,157.2491,0.025711,39.5432,137.64,17.5045,61.9569,BIEN,19.1968,0.923632,7.5608,12.4701,0.044142,0.047106,71.6806,83.2113,1,1,28.212,40144896.0
closed_eye_0296.jpg_face_3,cerrado,B5,154.2362,0.06445,4.319,43.9102,100.0,17.4637,CRITICA,6.7653,0.308824,15.4837,71.5305,0.11373,nan,76.4621,nan,1,1,358.5,746496.0
closed_eye_0296.jpg_face_3,cerrado,B10,154.2362,0.06445,9.4725,83.2682,32.6525,27.5001,BIEN,10.4469,0.600185,10.2956,46.0125,0.071275,nan,10.589,nan,1,1,404.989,746496.0
closed_eye_0296.jpg_face_3,cerrado,B15,154.2362,0.06445,14.4596,112.4633,19.2153,33.3541,BIEN,14.3731,0.748094,8.011,27.0837,0.08052,0.122134,24.9348,89.5019,1,1,421.408,746496.0
closed_eye_0296.jpg_face_3,cerrado,B25,154.2362,0.06445,24.4203,150.8818,7.4711,37.4376,BIEN,21.4393,0.78222,5.8841,2.1749,0.067073,0.089069,4.0703,38.1984,1,1,411.913,746496.0
closed_eye_0296.jpg_face_3,cerrado,B40,154.2362,0.06445,39.5214,144.9003,9.2717,37.3961,BIEN,20.9432,0.804194,7.4794,6.053,0.065084,0.078242,0.9833,21.3993,1,1,387.657,746496.0
closed_eye_0312.jpg_face_2,cerrado,B5,136.6702,0.057643,4.3748,44.4995,99.9679,22.1611,CRITICA,7.9978,0.374783,15.2535,67.4402,0.058742,0.167254,1.9052,190.1526,1,1,56.548,18662400.0
closed_eye_0312.jpg_face_2,cerrado,B10,136.6702,0.057643,9.4963,81.8763,32.7181,36.7984,BIEN,12.361,0.692025,10.2221,40.0921,0.046258,0.108066,19.7519,87.4739,1,1,55.255,18662400.0
closed_eye_0312.jpg_face_2,cerrado,B15,136.6702,0.057643,14.4835,108.4809,22.7711,45.7039,BIEN,17.1802,0.817096,8.0436,20.6258,0.045034,0.110505,21.8746,91.7045,1,1,53.838,18662400.0
closed_eye_0312.jpg_face_2,cerrado,B25,136.6702,0.057643,24.4889,144.0004,16.1976,54.7534,BIEN,21.4723,0.843698,6.0971,5.3634,0.049863,0.075999,13.4968,31.8423,1,1,54.576,18662400.0
closed_eye_0312.jpg_face_2,cerrado,B40,136.6702,0.057643,39.4796,138.4714,17.2193,53.4822,BIEN,22.6415,0.879808,7.7392,1.3179,0.048509,0.068793,15.8465,19.3431,1,1,54.166,18662400.0
closed_eye_0334.BMP_face_1,cerrado,B5,143.2184,0.080599,4.4568,43.9946,99.997,30.6457,CRITICA,6.6551,0.416876,14.6027,69.2815,0.094536,0.205163,17.2928,154.549,1,1,37.427,21233664.0
closed_eye_0334.BMP_face_1,cerrado,B10,143.2184,0.080599,9.4948,78.147,38.0403,50.7591,CRITICA,10.1705,0.682668,9.9505,45.4351,0.090246,0.143675,11.9703,78.2596,1,1,47.117,21233664.0
closed_eye_0334.BMP_face_1,cerrado,B15,143.2184,0.080599,14.5218,101.6993,33.0332,63.6884,BIEN,13.6255,0.799112,7.9519,28.9901,0.080403,0.114991,0.2421,42.6707,1,1,49.082,21233664.0
closed_eye_0334.BMP_face_1,cerrado,B25,143.2184,0.080599,24.5586,131.5983,29.4287,78.0217,BIEN,19.192,0.82794,6.2978,8.1136,0.083523,0.094482,3.6278,17.226,1,1,49.231,21233664.0
closed_eye_0334.BMP_face_1,cerrado,B40,143.2184,0.080599,39.5506,127.6816,30.0154,76.5587,BIEN,18.8604,0.864626,7.9959,10.8483,0.08142,0.092258,1.0189,14.466,1,1,49.994,21233664.0
closed_eye_0335.jpg_face_1,cerrado,B5,166.9147,0.137731,4.3451,43.9879,100.0,19.0773,CRITICA,5.5382,0.241673,15.2726,73.6465,0.135993,nan,1.2615,nan,1,1,194.179,2073600.0
closed_eye_0335.jpg_face_1,cerrado,B10,166.9147,0.137731,9.589,83.0704,31.4856,31.0861,BIEN,8.6974,0.500362,10.0861,50.2318,0.122055,nan,11.3812,nan,1,1,165.84,2073600.0
closed_eye_0335.jpg_face_1,cerrado,B15,166.9147,0.137731,14.4996,111.1488,18.5768,38.1212,BIEN,11.6609,0.622,7.8933,33.4098,0.117592,nan,14.6219,nan,1,1,179.144,2073600.0
closed_eye_0335.jpg_face_1,cerrado,B25,166.9147,0.137731,24.4742,148.805,11.6604,44.4974,BIEN,17.031,0.692366,5.8539,10.8497,0.129869,nan,5.7082,nan,1,1,184.362,2073600.0
closed_eye_0335.jpg_face_1,cerrado,B40,166.9147,0.137731,39.5194,142.8629,13.221,43.8275,BIEN,16.3178,0.711488,7.4686,14.4096,0.121294,0.145713,11.9336,5.7958,1,1,195.027,2073600.0
closed_eye_0341.jpg_face_2,cerrado,B5,123.898,0.108515,4.3864,44.5126,100.0,23.6727,CRITICA,8.8795,0.312116,15.2075,64.0732,0.210976,nan,94.4214,nan,1,1,225.83,331776.0
closed_eye_0341.jpg_face_2,cerrado,B10,123.898,0.108515,9.4379,80.6136,32.5253,39.8039,BIEN,13.9076,0.604836,10.122,34.9355,nan,nan,nan,nan,1,0,448.712,331776.0
closed_eye_0341.jpg_face_2,cerrado,B15,123.898,0.108515,14.5025,107.2121,22.6263,49.6068,BIEN,19.2098,0.709073,8.0053,13.4674,nan,0.209598,nan,93.1513,1,0,374.967,331776.0
closed_eye_0341.jpg_face_2,cerrado,B25,123.898,0.108515,24.4707,141.4662,17.4242,59.1741,BIEN,18.9732,0.687952,6.1307,14.1796,nan,0.200267,nan,84.5526,1,0,390.915,331776.0
closed_eye_0341.jpg_face_2,cerrado,B40,123.898,0.108515,39.5086,136.6081,17.9798,57.853,BIEN,20.4173,0.726389,7.7839,10.2585,0.202098,0.174897,86.2402,61.1728,1,1,248.663,331776.0
closed_eye_0342.jpg_face_2,cerrado,B5,144.0439,0.047956,4.2458,44.28,100.0,17.2517,CRITICA,7.606,0.344376,15.7622,69.2594,0.114995,nan,139.7933,nan,1,1,249.769,4064256.0
closed_eye_0342.jpg_face_2,cerrado,B10,144.0439,0.047956,9.5305,83.5754,29.0705,27.5901,BIEN,11.8113,0.67944,10.4156,41.9792,0.034401,nan,28.2663,nan,1,1,332.027,4064256.0
closed_eye_0342.jpg_face_2,cerrado,B15,144.0439,0.047956,14.4675,111.9427,14.6968,33.8211,BIEN,16.2771,0.796919,8.1228,22.2857,0.056729,0.166973,18.2949,248.18,1,1,230.91,4064256.0
closed_eye_0342.jpg_face_2,cerrado,B25,144.0439,0.047956,24.4825,149.5131,7.9563,39.6791,BIEN,20.6109,0.818725,6.0446,3.7969,0.043566,0.114069,9.1542,137.8615,1,1,315.876,4064256.0
closed_eye_0342.jpg_face_2,cerrado,B40,144.0439,0.047956,39.4603,143.384,9.0028,39.3399,BIEN,21.5132,0.849357,7.661,0.4581,0.034663,0.063199,27.7189,31.7847,1,1,410.122,4064256.0
closed_eye_0344.jpg_face_2,cerrado,B5,81.6926,0.08469,4.4132,44.8789,98.0678,18.9228,CRITICA,15.9614,0.665724,15.3142,45.0637,0.114404,0.197776,35.0848,133.5293,1,1,346.416,4064256.0
closed_eye_0344.jpg_face_2,cerrado,B10,81.6926,0.08469,9.4683,83.2355,40.6659,27.6291,BIEN,28.7876,0.881966,10.3848,1.8886,0.117283,0.182,38.4841,114.9009,1,1,205.601,4064256.0
closed_eye_0344.jpg_face_2,cerrado,B15,81.6926,0.08469,14.4411,111.2008,21.9976,31.3704,BIEN,18.4129,0.852356,8.1651,36.121,0.090948,0.156619,7.3893,84.9314,1,1,370.92,4064256.0
closed_eye_0344.jpg_face_2,cerrado,B25,81.6926,0.08469,24.4747,149.9596,2.6605,33.2727,BIEN,11.3534,0.738103,6.0547,83.5656,0.091384,0.145542,7.9034,71.8523,1,1,342.548,4064256.0
closed_eye_0344.jpg_face_2,cerrado,B40,81.6926,0.08469,39.4788,143.4406,4.838,34.1723,BIEN,12.2334,0.780033,7.6998,75.5858,0.082892,0.127227,2.1239,50.226,1,1,377.858,4064256.0
closed_eye_0346.jpg_face_1,cerrado,B5,157.8397,0.087208,4.4886,45.9954,100.0,14.4796,CRITICA,6.9281,0.348064,15.3836,70.8594,0.120192,nan,37.8227,nan,1,1,347.935,1327104.0
closed_eye_0346.jpg_face_1,cerrado,B10,157.8397,0.087208,9.4747,85.0153,29.6576,22.6674,BIEN,10.5916,0.650091,10.3275,46.1382,0.09136,nan,4.7608,nan,1,1,411.489,1327104.0
closed_eye_0346.jpg_face_1,cerrado,B15,157.8397,0.087208,14.5476,114.2497,13.8416,26.8671,BIEN,14.7357,0.77498,7.9847,27.6166,0.076131,nan,12.7014,nan,1,1,224.78,1327104.0
closed_eye_0346.jpg_face_1,cerrado,B25,157.8397,0.087208,24.4667,154.0187,3.2556,29.2747,BIEN,23.1558,0.826678,5.8046,2.4208,0.101682,0.121504,16.5976,39.3266,1,1,329.218,1327104.0
closed_eye_0346.jpg_face_1,cerrado,B40,157.8397,0.087208,39.461,147.1794,5.398,29.9642,BIEN,22.3942,0.847075,7.4014,6.7539,0.076495,0.089313,12.2839,2.414,1,1,237.688,1327104.0
closed_eye_0353.jpg_face_1,cerrado,B5,104.2997,0.052032,4.5061,45.0353,89.1795,23.7403,CRITICA,11.6449,0.56802,14.8514,56.8213,0.057362,0.181974,10.2445,249.7342,1,1,196.371,6718464.0
closed_eye_0353.jpg_face_1,cerrado,B10,104.2997,0.052032,9.4941,81.8019,52.3757,35.2843,BIEN,18.514,0.866437,10.2123,21.5703,0.067311,0.128849,29.3648,147.6338,1,1,354.988,6718464.0
closed_eye_0353.jpg_face_1,cerrado,B15,104.2997,0.052032,14.5064,109.1655,29.6552,40.7211,BIEN,23.308,0.896795,8.0813,4.6652,0.062405,0.101881,19.9367,95.8054,1,1,322.217,6718464.0
closed_eye_0353.jpg_face_1,cerrado,B25,104.2997,0.052032,24.4942,146.3587,6.9156,43.176,BIEN,14.9262,0.8088,6.1217,40.3251,0.056798,0.06464,9.1596,24.2313,1,1,247.696,6718464.0
closed_eye_0353.jpg_face_1,cerrado,B40,104.2997,0.052032,39.4955,139.8635,10.1974,44.6012,BIEN,16.2886,0.846479,7.8045,34.0978,0.064684,0.06794,24.3155,30.5728,1,1,310.82,6718464.0
closed_eye_0360.jpg_face_1,cerrado,B5,80.6434,0.088965,4.413,44.0918,97.1001,22.9426,CRITICA,15.4826,0.637629,14.9397,45.3249,0.114066,nan,28.2143,nan,1,1,48.529,21233664.0
closed_eye_0360.jpg_face_1,cerrado,B10,80.6434,0.088965,9.4437,80.4993,49.9722,35.0471,BIEN,25.9223,0.866558,10.3427,0.1787,0.085313,0.154396,4.1056,73.5462,1,1,47.902,21233664.0
closed_eye_0360.jpg_face_1,cerrado,B15,80.6434,0.088965,14.4822,106.7824,23.2356,41.3443,BIEN,18.8508,0.819879,8.28,32.4132,0.086013,0.145007,3.3184,62.9924,1,1,48.73,21233664.0
closed_eye_0360.jpg_face_1,cerrado,B25,80.6434,0.088965,24.4868,142.8945,13.7507,45.9574,BIEN,11.9814,0.688373,6.3872,77.1932,0.076428,0.100714,14.092,13.2056,1,1,49.72,21233664.0
closed_eye_0360.jpg_face_1,cerrado,B40,80.6434,0.088965,39.4708,136.9658,15.2321,46.4617,BIEN,12.8586,0.735125,8.0996,69.8413,0.08568,0.089326,3.6926,0.4051,1,1,50.034,21233664.0
closed_eye_0361.jpg_face_3,cerrado,B5,145.2973,0.051823,4.5246,45.37,100.0,18.922,CRITICA,7.5624,0.430326,14.9907,68.7744,0.062113,nan,19.8569,nan,1,1,255.389,10036224.0
closed_eye_0361.jpg_face_3,cerrado,B10,145.2973,0.051823,9.4485,84.1862,29.0635,28.8022,BIEN,11.4946,0.743503,10.2,42.0594,0.052749,0.17945,1.7871,246.275,1,1,302.352,10036224.0
closed_eye_0361.jpg_face_3,cerrado,B15,145.2973,0.051823,14.4375,112.0574,21.3908,33.4292,BIEN,15.9501,0.862999,7.9426,22.8771,0.038111,0.143974,26.4586,177.8193,1,1,259.114,10036224.0
closed_eye_0361.jpg_face_3,cerrado,B25,145.2973,0.051823,24.4814,150.4848,9.0811,38.2469,BIEN,21.7122,0.89334,5.8711,3.5702,0.044539,0.09835,14.0555,89.7802,1,1,283.97,10036224.0
closed_eye_0361.jpg_face_3,cerrado,B40,145.2973,0.051823,39.4908,143.9343,13.0606,38.8986,BIEN,22.3306,0.915486,7.4825,0.9381,0.060004,0.061542,15.7859,18.7548,1,1,275.376,10036224.0
closed_eye_0365.jpg_face_2,cerrado,B5,93.1172,0.067712,4.4768,43.3288,81.9155,30.5301,CRITICA,12.5527,0.509059,14.6317,53.4685,0.078815,0.198596,16.3982,193.296,1,1,52.402,18662400.0
closed_eye_0365.jpg_face_2,cerrado,B10,93.1172,0.067712,9.5205,77.7177,52.5084,46.816,CRITICA,20.1147,0.819318,10.2113,16.5378,0.058706,0.123876,13.3003,82.9451,1,1,53.696,18662400.0
closed_eye_0365.jpg_face_2,cerrado,B15,93.1172,0.067712,14.5015,101.3493,41.4265,55.17,BIEN,22.5955,0.833103,8.356,8.8405,0.061491,0.086324,9.1872,27.4871,1,1,55.178,18662400.0
closed_eye_0365.jpg_face_2,cerrado,B25,93.1172,0.067712,24.5228,133.0531,24.3546,62.4333,BIEN,14.9779,0.715836,6.7263,42.8878,0.074041,0.076339,9.3469,12.7404,1,1,37.334,18662400.0
closed_eye_0365.jpg_face_2,cerrado,B40,93.1172,0.067712,39.5442,128.5411,27.1225,62.6091,BIEN,16.0412,0.760318,8.4892,38.0422,0.064868,0.077028,4.1992,13.7586,1,1,55.832,18662400.0
closed_eye_0372.jpg_face_5,cerrado,B5,129.3001,0.024208,4.3234,43.6063,99.5322,26.0023,CRITICA,8.4254,0.381451,15.0706,66.2751,0.029926,nan,23.6199,nan,1,1,4.669,329204736.0
closed_eye_0372.jpg_face_5,cerrado,B10,129.3001,0.024208,9.5105,80.5693,37.0203,42.2862,BIEN,13.0761,0.691265,10.1314,37.6882,0.023119,0.090031,4.4971,271.9106,1,1,15.32,329204736.0
closed_eye_0372.jpg_face_5,cerrado,B15,129.3001,0.024208,14.4259,106.2059,27.6025,51.6156,BIEN,18.046,0.80173,8.0532,17.861,0.020711,0.061864,14.4455,155.5571,1,1,10.689,329204736.0
closed_eye_0372.jpg_face_5,cerrado,B25,129.3001,0.024208,24.4879,141.0012,22.4156,60.7371,BIEN,20.5285,0.804391,6.1798,9.0495,0.026715,0.036749,10.3574,51.8053,1,1,5.208,329204736.0
closed_eye_0372.jpg_face_5,cerrado,B40,129.3001,0.024208,39.4807,135.823,23.2831,59.4696,BIEN,21.9527,0.849516,7.8466,5.0448,0.028161,0.027382,16.3303,13.1122,1,1,6.779,329204736.0
closed_eye_0382.jpg_face_1,cerrado,B5,126.7899,0.035068,4.5696,45.9809,99.9762,22.3709,CRITICA,8.8709,0.427975,14.8012,63.7346,0.04139,0.168931,18.0277,381.7206,1,1,359.454,10036224.0
closed_eye_0382.jpg_face_1,cerrado,B10,126.7899,0.035068,9.525,81.851,30.8624,36.3766,BIEN,13.4959,0.713912,10.1633,35.4435,0.037056,0.107351,5.6682,206.12,1,1,305.278,10036224.0
closed_eye_0382.jpg_face_1,cerrado,B15,126.7899,0.035068,14.4786,106.9974,21.2313,45.1463,BIEN,18.6141,0.82894,8.0816,15.6105,0.032322,0.086139,7.8302,145.6304,1,1,312.549,10036224.0
closed_eye_0382.jpg_face_1,cerrado,B25,126.7899,0.035068,24.4886,141.9722,15.6896,55.0295,BIEN,19.5251,0.828642,6.1937,11.9744,0.029335,0.055644,16.3491,58.6728,1,1,295.377,10036224.0
closed_eye_0382.jpg_face_1,cerrado,B40,126.7899,0.035068,39.4909,136.7438,16.5004,53.5274,BIEN,21.0341,0.865818,7.8602,7.8507,0.027995,0.028224,20.1712,19.5173,1,1,337.007,10036224.0
closed_eye_0386.jpg_face_1,cerrado,B5,117.0555,0.173106,4.5106,44.0176,93.0276,30.8265,CRITICA,8.8165,0.421394,14.3559,62.3959,0.198792,nan,14.8383,nan,1,1,192.241,10036224.0
closed_eye_0386.jpg_face_1,cerrado,B10,117.0555,0.173106,9.5372,76.8805,43.7726,50.2265,CRITICA,13.3744,0.702093,9.9368,34.3213,0.17867,nan,3.2141,nan,1,1,304.952,10036224.0
closed_eye_0386.jpg_face_1,cerrado,B15,117.0555,0.173106,14.5659,99.519,37.8035,61.8724,BIEN,17.6273,0.791586,8.0585,14.9813,0.187799,nan,8.4877,nan,1,1,261.404,10036224.0
closed_eye_0386.jpg_face_1,cerrado,B25,117.0555,0.173106,24.5859,128.7333,32.2195,74.0547,BIEN,18.4839,0.764252,6.5244,9.9763,0.16983,0.153393,1.8925,11.388,1,1,352.846,10036224.0
closed_eye_0386.jpg_face_1,cerrado,B40,117.0555,0.173106,39.6293,124.9883,33.0706,73.0906,BIEN,19.53,0.805393,8.2867,6.777,0.196375,0.158483,13.442,8.4476,1,1,306.373,10036224.0
closed_eye_0402.jpg_face_1,cerrado,B5,149.4001,0.058494,4.6368,46.398,100.0,14.4605,CRITICA,7.4801,0.367569,14.9614,68.9438,0.120149,nan,105.4041,nan,1,1,251.522,746496.0
closed_eye_0402.jpg_face_1,cerrado,B10,149.4001,0.058494,9.4731,85.1637,25.177,22.5486,BIEN,11.2695,0.646977,10.2296,42.9962,0.083161,nan,42.1706,nan,1,1,414.834,746496.0
closed_eye_0402.jpg_face_1,cerrado,B15,149.4001,0.058494,14.3915,113.1976,10.5879,26.9111,BIEN,15.7141,0.776638,7.932,24.2319,0.079478,0.149376,35.8751,155.3716,1,1,453.968,746496.0
closed_eye_0402.jpg_face_1,cerrado,B25,149.4001,0.058494,24.5008,153.4241,6.0018,31.2804,BIEN,23.036,0.811958,5.7385,2.6934,0.054464,0.084469,6.8886,44.4062,1,1,472.277,746496.0
closed_eye_0402.jpg_face_1,cerrado,B40,149.4001,0.058494,39.4389,146.6257,7.0175,31.0689,BIEN,23.3988,0.836825,7.3331,1.857,0.064745,0.079716,10.6872,36.2816,1,1,418.848,746496.0
closed_eye_0406.jpg_face_1,cerrado,B5,145.7813,0.05546,4.3856,45.1341,99.9745,15.5114,CRITICA,7.4404,0.347121,15.4848,69.0399,nan,nan,nan,nan,1,0,250.614,2073600.0
closed_eye_0406.jpg_face_1,cerrado,B10,145.7813,0.05546,9.4336,83.9396,31.7543,24.4315,BIEN,11.5075,0.666607,10.305,42.4209,0.054379,0.114639,1.9494,106.7046,1,1,235.782,2073600.0
closed_eye_0406.jpg_face_1,cerrado,B15,145.7813,0.05546,14.5368,113.2469,12.4617,29.4717,BIEN,16.0471,0.800798,7.9796,22.3172,0.056386,0.08941,1.6686,61.2143,1,1,239.504,2073600.0
closed_eye_0406.jpg_face_1,cerrado,B25,145.7813,0.05546,24.5195,151.0452,6.3585,34.1096,BIEN,20.9673,0.832764,5.8887,3.6108,0.061574,0.063782,11.0239,15.0047,1,1,220.96,2073600.0
closed_eye_0406.jpg_face_1,cerrado,B40,145.7813,0.05546,39.5024,144.7836,7.3417,33.8315,BIEN,21.7828,0.859262,7.5126,0.6844,0.0626,0.056312,12.8739,1.5346,1,1,246.488,2073600.0
closed_eye_0411.jpg_face_1,cerrado,B5,163.701,0.039924,4.3679,44.7201,100.0,16.7394,CRITICA,6.0864,0.351146,15.3675,72.6818,nan,nan,nan,nan,1,0,45.313,26873856.0
closed_eye_0411.jpg_face_1,cerrado,B10,163.701,0.039924,9.4832,84.2693,39.5114,26.2353,BIEN,9.3841,0.6359,10.2654,48.5224,0.04178,0.184171,4.6469,361.2996,1,1,44.098,26873856.0
closed_eye_0411.jpg_face_1,cerrado,B15,163.701,0.039924,14.4984,113.015,14.6299,30.9404,BIEN,12.7067,0.780109,7.998,30.9626,0.040726,0.126773,2.008,217.5324,1,1,45.892,26873856.0
closed_eye_0411.jpg_face_1,cerrado,B25,163.701,0.039924,24.429,151.9822,3.8774,32.9528,BIEN,18.1691,0.843825,5.8676,7.1586,0.038409,0.09184,3.7966,130.0363,1,1,44.468,26873856.0
closed_eye_0411.jpg_face_1,cerrado,B40,163.701,0.039924,39.5351,145.3513,6.542,33.934,BIEN,17.7041,0.862317,7.4878,11.2093,0.042336,0.066377,6.0414,66.2575,1,1,33.233,26873856.0
closed_eye_0421.jpg_face_1,cerrado,B5,161.4677,0.105119,4.6425,47.6785,100.0,17.3371,CRITICA,6.2445,0.417081,14.4703,70.4718,0.098564,nan,6.2352,nan,1,1,61.478,18662400.0
closed_eye_0421.jpg_face_1,cerrado,B10,161.4677,0.105119,9.7383,86.1119,19.9799,28.2798,BIEN,9.6049,0.707136,9.7652,46.6693,0.119728,0.150079,13.8975,42.7704,1,1,60.898,18662400.0
closed_eye_0421.jpg_face_1,cerrado,B15,161.4677,0.105119,14.4963,113.1522,11.9607,35.5136,BIEN,13.0593,0.813509,7.6548,29.9227,0.118415,0.112348,12.6487,6.8775,1,1,56.713,18662400.0
closed_eye_0421.jpg_face_1,cerrado,B25,161.4677,0.105119,24.3637,150.3253,8.6362,43.6268,BIEN,19.8049,0.890352,5.6688,6.9007,0.112483,0.109548,7.0054,4.2138,1,1,57.142,18662400.0
closed_eye_0421.jpg_face_1,cerrado,B40,161.4677,0.105119,39.5709,144.6399,9.1657,42.6026,BIEN,19.0165,0.9065,7.264,10.4218,0.112582,0.111724,7.0995,6.2839,1,1,54.44,18662400.0
closed_eye_0423.jpg_face_1,cerrado,B5,173.5427,0.029733,4.442,46.2868,100.0,12.7331,CRITICA,5.7822,0.385821,15.517,73.3283,0.03667,nan,23.3312,nan,1,1,12.153,69755904.0
closed_eye_0423.jpg_face_1,cerrado,B10,173.5427,0.029733,9.4639,85.7981,26.3505,19.0106,BIEN,8.9643,0.672683,10.3442,50.5608,0.030429,0.102997,2.342,246.4102,1,1,13.373,69755904.0
closed_eye_0423.jpg_face_1,cerrado,B15,173.5427,0.029733,14.4977,114.975,7.6883,22.6879,BIEN,12.2724,0.821341,7.9972,33.7483,0.037449,0.064253,25.9531,116.102,1,1,13.65,69755904.0
closed_eye_0423.jpg_face_1,cerrado,B25,173.5427,0.029733,24.4665,155.2258,2.6146,25.3569,BIEN,19.3125,0.896757,5.7492,10.5547,0.042067,0.046333,41.4832,55.8316,1,1,12.688,69755904.0
closed_eye_0423.jpg_face_1,cerrado,B40,173.5427,0.029733,39.4844,148.0368,3.1864,25.613,BIEN,18.0547,0.909349,7.3609,14.6972,0.035286,0.031395,18.6761,5.5899,1,1,14.375,69755904.0
closed_eye_0424.jpg_face_1,cerrado,B5,120.7839,0.054862,4.3,43.8841,98.6501,23.046,CRITICA,9.4213,0.41649,15.3084,63.6672,nan,nan,nan,nan,1,0,26.254,36578304.0
closed_eye_0424.jpg_face_1,cerrado,B10,120.7839,0.054862,9.4398,81.3424,39.1117,36.0476,BIEN,14.724,0.744187,10.301,32.6546,0.053744,nan,2.0376,nan,1,1,27.551,36578304.0
closed_eye_0424.jpg_face_1,cerrado,B15,120.7839,0.054862,14.4764,108.596,23.808,43.7022,BIEN,20.6213,0.830055,8.1031,10.0907,0.056006,0.10323,2.0854,88.1644,1,1,28.313,36578304.0
closed_eye_0424.jpg_face_1,cerrado,B25,120.7839,0.054862,24.4833,144.7284,15.5577,49.2142,BIEN,18.0051,0.804766,6.1703,19.8242,0.05794,0.067417,5.6108,22.885,1,1,27.715,36578304.0
closed_eye_0424.jpg_face_1,cerrado,B40,120.7839,0.054862,39.4762,139.1148,16.9894,49.168,BIEN,19.6316,0.844239,7.8251,15.1766,0.055984,0.063749,2.046,16.1992,1,1,29.177,36578304.0
closed_eye_0427.jpg_face_1,cerrado,B5,140.063,0.024017,4.3664,44.2801,99.974,20.4902,CRITICA,7.6413,0.409571,15.1442,68.3856,0.050856,nan,111.7507,nan,1,1,27.184,36578304.0
closed_eye_0427.jpg_face_1,cerrado,B10,140.063,0.024017,9.5032,83.0322,49.2731,30.7202,BIEN,11.7068,0.710851,10.1975,40.7179,0.033051,0.092275,37.6142,284.2104,1,1,25.531,36578304.0
closed_eye_0427.jpg_face_1,cerrado,B15,140.063,0.024017,14.3905,110.4497,18.9073,36.2514,BIEN,15.863,0.821374,8.0428,21.1428,0.025987,0.073241,8.2017,204.9544,1,1,25.526,36578304.0
closed_eye_0427.jpg_face_1,cerrado,B25,140.063,0.024017,24.4609,148.1481,6.7702,39.7356,BIEN,19.4288,0.840185,6.0187,5.7725,0.026699,0.04653,11.1678,93.7379,1,1,17.747,36578304.0
closed_eye_0427.jpg_face_1,cerrado,B40,140.063,0.024017,39.4404,141.7564,8.5064,40.6232,BIEN,20.3533,0.874069,7.6723,1.2091,0.021449,0.0321,10.6914,33.6555,1,1,23.777,36578304.0
closed_eye_0441.jpg_face_1,cerrado,B5,138.4336,0.038961,4.2732,43.7341,99.8929,21.6891,CRITICA,7.8912,0.354436,15.5723,68.4079,0.045916,nan,17.8499,nan,1,1,274.371,5308416.0
closed_eye_0441.jpg_face_1,cerrado,B10,138.4336,0.038961,9.4883,81.9823,40.4592,33.7794,BIEN,12.1351,0.668828,10.4199,40.7786,0.046228,0.194735,18.6522,399.819,1,1,282.478,5308416.0
closed_eye_0441.jpg_face_1,cerrado,B15,138.4336,0.038961,14.485,109.774,28.9541,40.0848,BIEN,16.6557,0.796236,8.1804,20.7028,0.040029,0.108041,2.7405,177.3042,1,1,317.491,5308416.0
closed_eye_0441.jpg_face_1,cerrado,B25,138.4336,0.038961,24.4981,147.0729,9.9745,43.967,BIEN,19.8119,0.799917,6.1643,6.2408,0.042858,0.09581,10.0011,145.9106,1,1,350.582,5308416.0
closed_eye_0441.jpg_face_1,cerrado,B40,138.4336,0.038961,39.5014,140.9865,12.4745,44.3947,BIEN,20.8357,0.835433,7.8061,1.8442,0.043348,0.055483,11.259,42.4064,1,1,276.602,5308416.0
closed_eye_0460.jpg_face_1,cerrado,B5,105.4238,0.197631,4.4916,44.0696,85.7243,29.5255,CRITICA,10.8717,0.459671,14.5244,58.1977,0.174192,0.208749,11.86,5.6259,1,1,46.38,21233664.0
closed_eye_0460.jpg_face_1,cerrado,B10,105.4238,0.197631,9.4836,78.9006,45.6641,44.8351,CRITICA,16.7016,0.747074,10.1045,25.1586,0.190234,0.185131,3.7426,6.3248,1,1,37.253,21233664.0
closed_eye_0460.jpg_face_1,cerrado,B15,105.4238,0.197631,14.4757,104.1779,33.9548,52.8185,BIEN,21.253,0.782776,8.1362,1.1818,0.161123,0.165675,18.4726,16.1695,1,1,49.302,21233664.0
closed_eye_0460.jpg_face_1,cerrado,B25,105.4238,0.197631,24.4818,138.5,25.8153,58.5026,BIEN,15.8938,0.700613,6.3788,31.3745,0.165228,0.180784,16.3958,8.5244,1,1,41.252,21233664.0
closed_eye_0460.jpg_face_1,cerrado,B40,105.4238,0.197631,39.4959,133.054,27.6184,58.986,BIEN,17.1631,0.74374,8.1047,26.2086,0.174995,0.183758,11.4537,7.0194,1,1,48.071,21233664.0
closed_eye_0464.jpg_face_1,cerrado,B5,59.5533,0.151623,4.488,39.3536,71.2958,46.243,CRITICA,18.7885,0.613968,13.6166,33.9187,0.224104,0.223414,47.8032,47.3482,1,1,29.255,26873856.0
closed_eye_0464.jpg_face_1,cerrado,B10,59.5533,0.151623,9.6336,66.5919,62.1355,67.5476,CRITICA,25.5303,0.790252,10.0388,11.8191,0.147719,0.190747,2.5748,25.8029,1,1,34.131,26873856.0
closed_eye_0464.jpg_face_1,cerrado,B15,59.5533,0.151623,14.6238,84.0973,58.5739,78.4724,BIEN,17.9649,0.706161,8.7044,41.2136,0.133754,0.15484,11.7856,2.1216,1,1,36.825,26873856.0
closed_eye_0464.jpg_face_1,cerrado,B25,59.5533,0.151623,24.5359,105.4035,54.573,88.3964,BIEN,12.9699,0.573224,7.8583,76.9904,0.114521,0.147718,24.4698,2.576,1,1,36.611,26873856.0
closed_eye_0464.jpg_face_1,cerrado,B40,59.5533,0.151623,39.5976,103.5068,55.2568,88.6892,BIEN,13.3483,0.613224,9.9952,73.8055,0.116002,0.147259,23.4934,2.8784,1,1,39.118,26873856.0
closed_eye_0466.jpg_face_1,cerrado,B5,169.8196,0.022594,4.5435,46.9193,100.0,15.7036,CRITICA,6.0029,0.398127,15.0456,72.3711,0.022874,nan,1.2403,nan,1,1,266.262,10036224.0
closed_eye_0466.jpg_face_1,cerrado,B10,169.8196,0.022594,9.5302,85.7049,28.347,23.8766,BIEN,9.2029,0.678398,10.141,49.5318,0.023994,0.097739,6.1933,332.5861,1,1,237.338,10036224.0
closed_eye_0466.jpg_face_1,cerrado,B15,169.8196,0.022594,14.4951,114.3618,15.3956,28.7183,BIEN,12.5783,0.808561,7.8619,32.6569,0.03162,0.073222,39.9486,224.0764,1,1,278.629,10036224.0
closed_eye_0466.jpg_face_1,cerrado,B25,169.8196,0.022594,24.5065,153.851,5.3843,32.5704,BIEN,19.8923,0.875285,5.7173,9.4033,0.021187,0.040574,6.229,79.5766,1,1,212.184,10036224.0
closed_eye_0466.jpg_face_1,cerrado,B40,169.8196,0.022594,39.4777,146.7132,7.7691,32.7627,BIEN,18.5343,0.883235,7.3257,13.6064,0.017014,0.023727,24.6991,5.0154,1,1,216.75,10036224.0
closed_eye_0476.jpg_face_1,cerrado,B5,187.8479,0.08296,4.4508,46.0726,100.0,17.1287,CRITICA,4.6226,0.340527,15.109,75.4734,0.111495,nan,34.3963,nan,1,1,56.67,17418240.0
closed_eye_0476.jpg_face_1,cerrado,B10,187.8479,0.08296,9.4895,84.8415,31.4627,27.9376,BIEN,7.3259,0.615375,10.1122,54.835,0.090624,0.15765,9.2381,90.0321,1,1,60.468,17418240.0
closed_eye_0476.jpg_face_1,cerrado,B15,187.8479,0.08296,14.5292,113.3107,14.5119,34.4782,BIEN,9.9504,0.764155,7.8398,39.6796,0.085771,0.140875,3.3888,69.8114,1,1,51.278,17418240.0
closed_eye_0476.jpg_face_1,cerrado,B25,187.8479,0.08296,24.4372,151.5428,7.9655,40.6643,BIEN,14.8481,0.85955,5.7572,19.3269,0.09467,0.112022,14.1151,35.0316,1,1,45.882,17418240.0
closed_eye_0476.jpg_face_1,cerrado,B40,187.8479,0.08296,39.5169,145.0718,8.6419,40.1709,BIEN,13.9987,0.866015,7.3601,22.7717,0.089886,0.090369,8.3484,8.9306,1,1,57.83,17418240.0
closed_eye_0481.jpg_face_1,cerrado,B5,162.9311,0.093866,4.447,45.8856,99.9992,17.8173,CRITICA,6.6197,0.311684,15.5516,71.8374,0.123206,0.199483,31.2572,112.5187,1,1,7.148,126157824.0
closed_eye_0481.jpg_face_1,cerrado,B10,162.9311,0.093866,9.4477,83.8095,34.4603,27.2563,BIEN,9.8564,0.588591,10.6513,48.5614,0.126814,0.193306,35.1015,105.9381,1,1,13.379,126157824.0
closed_eye_0481.jpg_face_1,cerrado,B15,162.9311,0.093866,14.483,112.4798,15.7555,33.3368,BIEN,13.3336,0.72841,8.2991,30.9648,0.134552,0.164352,43.3451,75.0927,1,1,15.071,126157824.0
closed_eye_0481.jpg_face_1,cerrado,B25,162.9311,0.093866,24.5014,150.5833,7.0441,38.3558,BIEN,19.146,0.798548,6.1746,7.5785,0.10711,0.142535,14.1097,51.8492,1,1,14.81,126157824.0
closed_eye_0481.jpg_face_1,cerrado,B40,162.9311,0.093866,39.4892,144.1649,8.358,38.3516,BIEN,18.6607,0.84855,7.7946,11.5179,0.126565,0.140692,34.8364,49.886,1,1,16.451,126157824.0
closed_eye_0486.jpg_face_2,cerrado,B5,162.7457,0.085675,4.4738,46.344,100.0,9.9834,CRITICA,6.6351,0.405246,15.5668,71.5237,0.096427,nan,12.5498,nan,1,1,26.16,60466176.0
closed_eye_0486.jpg_face_2,cerrado,B10,162.7457,0.085675,9.4187,85.661,22.7723,15.1072,BIEN,10.1531,0.67534,10.4015,47.3651,0.085656,nan,0.0227,nan,1,1,16.885,60466176.0
closed_eye_0486.jpg_face_2,cerrado,B15,162.7457,0.085675,14.4133,115.793,4.9937,18.1488,BIEN,14.2623,0.808518,7.9443,28.8504,0.086627,0.107912,1.1114,25.955,1,1,14.512,60466176.0
closed_eye_0486.jpg_face_2,cerrado,B25,162.7457,0.085675,24.3632,156.4984,1.7398,20.5145,BIEN,24.435,0.877341,5.6535,3.8387,0.083561,0.098267,2.4678,14.6975,1,1,13.643,60466176.0
closed_eye_0486.jpg_face_2,cerrado,B40,162.7457,0.085675,39.4293,149.4689,2.2374,20.7338,BIEN,22.73,0.890582,7.2381,8.158,0.08654,0.095042,1.0096,10.9331,1,1,17.163,60466176.0
closed_eye_0492.jpg_face_1,cerrado,B5,67.8778,0.095285,4.6138,41.2105,74.6634,43.7726,CRITICA,16.185,0.689082,13.5728,39.2873,0.121652,0.188987,27.6718,98.3389,1,1,239.074,6718464.0
closed_eye_0492.jpg_face_1,cerrado,B10,67.8778,0.095285,9.5754,68.6748,59.8921,64.7885,CRITICA,24.4055,0.844716,9.9992,1.1742,0.087942,0.127172,7.7062,33.465,1,1,254.078,6718464.0
closed_eye_0492.jpg_face_1,cerrado,B15,67.8778,0.095285,14.5734,87.1441,54.3792,76.194,BIEN,19.2203,0.777453,8.5603,28.3838,0.099695,0.115755,4.6279,21.4826,1,1,346.945,6718464.0
closed_eye_0492.jpg_face_1,cerrado,B25,67.8778,0.095285,24.5796,110.758,41.2877,87.046,BIEN,13.4898,0.632929,7.5339,63.1727,0.109191,0.10697,14.5938,12.2637,1,1,330.306,6718464.0
closed_eye_0492.jpg_face_1,cerrado,B40,67.8778,0.095285,39.5851,107.9867,43.5858,86.9876,BIEN,14.1134,0.672508,9.6073,59.0898,0.104076,0.097925,9.2258,2.7708,1,1,328.72,6718464.0
closed_eye_0493.jpg_face_1,cerrado,B5,190.8912,0.067975,4.3893,45.5791,100.0,14.0328,CRITICA,4.5735,0.338561,15.5721,76.123,nan,nan,nan,nan,1,0,20.493,47775744.0
closed_eye_0493.jpg_face_1,cerrado,B10,190.8912,0.067975,9.423,85.1997,28.5089,22.8076,BIEN,7.3152,0.623797,10.3244,55.3674,0.10508,nan,54.5857,nan,1,1,20.298,47775744.0
closed_eye_0493.jpg_face_1,cerrado,B15,190.8912,0.067975,14.4846,113.9487,9.8968,27.3407,BIEN,9.9115,0.784655,8.009,40.307,0.079835,0.136342,17.4477,100.5756,1,1,19.609,47775744.0
closed_eye_0493.jpg_face_1,cerrado,B25,190.8912,0.067975,24.4996,153.6367,3.858,32.458,BIEN,15.0704,0.890607,5.775,19.5161,0.094562,0.147579,39.1123,117.1071,1,1,17.605,47775744.0
closed_eye_0493.jpg_face_1,cerrado,B40,190.8912,0.067975,39.507,146.871,4.2585,31.8233,BIEN,14.0871,0.897569,7.3822,23.0603,0.079678,0.107021,17.2168,57.4411,1,1,20.459,47775744.0
closed_eye_0501.jpg_face_2,cerrado,B5,161.776,0.041603,4.3081,45.3042,100.0,11.8118,CRITICA,6.5589,0.383636,15.83,71.9957,0.100491,nan,141.5462,nan,1,1,11.205,79709184.0
closed_eye_0501.jpg_face_2,cerrado,B10,161.776,0.041603,9.5151,85.6959,34.1224,16.9044,BIEN,10.1909,0.692986,10.4318,47.028,0.04077,nan,2.0025,nan,1,1,10.246,79709184.0
closed_eye_0501.jpg_face_2,cerrado,B15,161.776,0.041603,14.4106,114.7562,4.1953,19.7456,BIEN,13.9414,0.828725,8.103,29.0647,0.029761,0.128938,28.4646,209.9252,1,1,11.743,79709184.0
closed_eye_0501.jpg_face_2,cerrado,B25,161.776,0.041603,24.4837,155.1448,0.625,21.4312,BIEN,21.0289,0.885092,5.837,4.099,0.032306,0.127421,22.3479,206.2774,1,1,10.59,79709184.0
closed_eye_0501.jpg_face_2,cerrado,B40,161.776,0.041603,39.4963,148.0196,0.7878,22.0443,BIEN,20.4157,0.90423,7.4475,8.5034,0.030341,0.105521,27.0703,153.6372,1,1,12.865,79709184.0
closed_eye_0503.jpg_face_1,cerrado,B5,162.7098,0.063022,4.4256,45.7938,100.0,13.4556,CRITICA,6.4649,0.351307,15.4962,71.8555,0.0647,nan,2.6623,nan,1,1,241.949,10036224.0
closed_eye_0503.jpg_face_1,cerrado,B10,162.7098,0.063022,9.3623,85.008,42.5071,20.0243,BIEN,9.8602,0.646004,10.4209,47.7548,0.068966,0.134189,9.4309,112.9229,1,1,227.951,10036224.0
closed_eye_0503.jpg_face_1,cerrado,B15,162.7098,0.063022,14.4328,114.7328,6.2337,23.0884,BIEN,13.6475,0.769763,7.9957,29.4862,0.057681,0.091903,8.4757,45.826,1,1,271.872,10036224.0
closed_eye_0503.jpg_face_1,cerrado,B25,162.7098,0.063022,24.5109,155.0887,2.3194,24.9432,BIEN,20.8746,0.844232,5.753,4.6838,0.065532,0.062425,3.983,0.9475,1,1,233.727,10036224.0
closed_eye_0503.jpg_face_1,cerrado,B40,162.7098,0.063022,39.5275,148.3047,2.6966,25.3037,BIEN,20.1009,0.861719,7.341,8.8532,0.060089,0.0583,4.6544,7.4929,1,1,296.314,10036224.0
closed_eye_0505.jpg_face_1,cerrado,B5,56.4032,0.09708,4.5057,44.3879,96.7008,27.1751,CRITICA,24.0939,0.788684,14.7183,21.3026,0.101512,nan,4.5654,nan,1,1,15.705,60466176.0
closed_eye_0505.jpg_face_1,cerrado,B10,56.4032,0.09708,9.5175,79.2483,40.3693,43.9338,CRITICA,19.9351,0.830088,10.1949,40.5031,0.098385,0.083992,1.3439,13.4815,1,1,13.266,60466176.0
closed_eye_0505.jpg_face_1,cerrado,B15,56.4032,0.09708,14.5417,103.6998,27.8339,53.901,BIEN,13.9013,0.740941,8.2434,83.8545,0.097713,0.098319,0.6524,1.2764,1,1,12.679,60466176.0
closed_eye_0505.jpg_face_1,cerrado,B25,56.4032,0.09708,24.5185,135.8678,20.4711,65.7535,BIEN,9.4694,0.620774,6.4866,140.8866,0.099836,0.096256,2.8386,0.8483,1,1,15.17,60466176.0
closed_eye_0505.jpg_face_1,cerrado,B40,56.4032,0.09708,39.545,131.2917,21.236,64.2615,BIEN,10.0034,0.653748,8.2061,132.7734,0.107541,0.105326,10.7762,8.4937,1,1,14.086,60466176.0
closed_eye_0523.jpg_face_2,cerrado,B5,137.9996,0.056262,4.5138,45.4982,99.9942,23.5298,CRITICA,7.9919,0.445732,14.7733,67.0302,0.07079,0.200189,25.8226,255.8156,1,1,44.701,16257024.0
closed_eye_0523.jpg_face_2,cerrado,B10,137.9996,0.056262,9.502,82.218,38.6404,37.3328,BIEN,12.1523,0.760601,10.0691,40.4216,0.054757,0.096251,2.6758,71.076,1,1,61.278,16257024.0
closed_eye_0523.jpg_face_2,cerrado,B15,137.9996,0.056262,14.4976,109.1587,26.2939,45.0954,BIEN,16.758,0.867255,7.9436,20.8993,0.067625,0.073572,20.1965,30.7665,1,1,44.59,16257024.0
closed_eye_0523.jpg_face_2,cerrado,B25,137.9996,0.056262,24.4617,145.017,17.4892,52.144,BIEN,21.4098,0.874624,6.0342,5.0851,0.075313,0.066219,33.8606,17.6969,1,1,65.445,16257024.0
closed_eye_0523.jpg_face_2,cerrado,B40,137.9996,0.056262,39.49,139.3224,19.1387,51.8849,BIEN,22.4265,0.900493,7.6791,0.9586,0.062007,0.052641,10.2115,6.4357,1,1,64.97,16257024.0
closed_eye_0539.jpg_face_1,cerrado,B5,67.6832,0.062235,4.4495,44.8565,81.9808,24.022,CRITICA,19.4309,0.721526,14.7045,33.7258,0.062852,0.205362,0.9904,229.9768,1,1,45.676,21233664.0
closed_eye_0539.jpg_face_1,cerrado,B10,67.6832,0.062235,9.5407,79.3078,62.214,32.9706,CRITICA,25.3523,0.846813,10.4919,17.1751,0.083084,0.116791,33.4991,87.6602,1,1,48.358,21233664.0
closed_eye_0539.jpg_face_1,cerrado,B15,67.6832,0.062235,14.4476,104.3392,22.417,37.8761,BIEN,16.7829,0.757229,8.5964,54.1582,0.058233,0.08656,6.4317,39.0851,1,1,45.794,21233664.0
closed_eye_0539.jpg_face_1,cerrado,B25,67.6832,0.062235,24.4589,139.4043,8.4033,40.6152,BIEN,11.0943,0.6182,6.8002,105.9659,0.062686,0.065873,0.7237,5.8446,1,1,46.745,21233664.0
closed_eye_0539.jpg_face_1,cerrado,B40,67.6832,0.062235,39.5303,133.8858,10.0178,41.6063,BIEN,11.7793,0.665158,8.5466,97.8124,0.069648,0.058163,11.9102,6.5436,1,1,23.723,21233664.0
closed_eye_0544.jpg_face_1,cerrado,B5,162.8625,0.101855,4.4602,46.4249,100.0,12.4177,CRITICA,6.6,0.395238,15.3129,71.4944,0.111577,nan,9.5457,nan,1,1,17.775,43877376.0
closed_eye_0544.jpg_face_1,cerrado,B10,162.8625,0.101855,9.4211,85.4472,33.1534,19.0567,BIEN,10.0669,0.661571,10.2861,47.5342,0.107422,0.18408,5.4656,80.7279,1,1,22.427,43877376.0
closed_eye_0544.jpg_face_1,cerrado,B15,162.8625,0.101855,14.3794,114.7125,8.4411,22.4385,BIEN,13.9148,0.784915,7.94,29.5648,0.104961,0.145116,3.0503,42.4738,1,1,23.337,43877376.0
closed_eye_0544.jpg_face_1,cerrado,B25,162.8625,0.101855,24.3882,155.158,1.4612,24.6005,BIEN,22.4823,0.847442,5.7078,4.7307,0.114382,0.121615,12.2994,19.4006,1,1,17.011,43877376.0
closed_eye_0544.jpg_face_1,cerrado,B40,162.8625,0.101855,39.2982,148.532,2.0492,24.9516,BIEN,21.1758,0.869386,7.3093,8.7991,0.119557,0.118409,17.3797,16.253,1,1,23.67,43877376.0
closed_eye_0548.jpg_face_1,cerrado,B5,102.3339,0.100794,4.5477,42.7288,71.1436,39.0315,CRITICA,10.2142,0.511547,13.8275,58.2456,0.093376,nan,7.3597,nan,1,1,13.868,69755904.0
closed_eye_0548.jpg_face_1,cerrado,B10,102.3339,0.100794,9.4855,72.5957,54.3749,60.2354,CRITICA,15.3452,0.78051,9.8818,29.0599,0.103742,0.086259,2.9247,14.4205,1,1,12.045,69755904.0
closed_eye_0548.jpg_face_1,cerrado,B15,102.3339,0.100794,14.4698,93.1119,45.9749,72.1485,BIEN,19.799,0.850416,8.2387,9.0116,0.108543,0.074279,7.6875,26.3065,1,1,12.769,69755904.0
closed_eye_0548.jpg_face_1,cerrado,B25,102.3339,0.100794,24.3831,119.2221,37.7835,83.9456,BIEN,18.1052,0.788131,6.9692,16.503,0.100395,0.087686,0.3958,13.0054,1,1,13.655,69755904.0
closed_eye_0548.jpg_face_1,cerrado,B40,102.3339,0.100794,39.4188,116.2812,39.3382,83.2368,BIEN,19.2998,0.833222,8.8498,13.6293,0.103373,0.097881,2.5581,2.8908,1,1,11.979,69755904.0
closed_eye_0557.jpg_face_1,cerrado,B5,113.8603,0.056271,4.3791,45.3011,97.748,18.152,CRITICA,10.4958,0.46671,15.3732,60.2134,0.083193,nan,47.8441,nan,1,1,168.186,2985984.0
closed_eye_0557.jpg_face_1,cerrado,B10,113.8603,0.056271,9.4824,83.3223,26.0241,28.9769,BIEN,16.7269,0.790483,10.3457,26.8206,0.051849,0.161728,7.8585,187.41,1,1,155.424,2985984.0
closed_eye_0557.jpg_face_1,cerrado,B15,113.8603,0.056271,14.4831,110.8913,15.6766,35.29,BIEN,23.9743,0.866816,8.0584,2.6076,0.047817,0.113652,15.0236,101.9726,1,1,181.689,2985984.0
closed_eye_0557.jpg_face_1,cerrado,B25,113.8603,0.056271,24.5017,148.4967,12.716,41.1701,BIEN,16.3443,0.82481,6.0096,30.4201,0.055272,0.090172,1.7752,60.2461,1,1,192.734,2985984.0
closed_eye_0557.jpg_face_1,cerrado,B40,113.8603,0.056271,39.4858,142.3861,13.3178,40.944,BIEN,17.8924,0.85948,7.6462,25.0533,0.054546,0.062744,3.0651,11.5036,1,1,176.763,2985984.0
closed_eye_0559.jpg_face_1,cerrado,B5,83.4456,0.072296,4.5054,45.1955,91.3834,27.3411,CRITICA,15.3084,0.639184,14.5293,45.8383,0.075763,0.185241,4.795,156.2244,1,1,52.636,21233664.0
closed_eye_0559.jpg_face_1,cerrado,B10,83.4456,0.072296,9.4971,80.9216,44.2551,42.4068,BIEN,27.6152,0.869652,9.9952,3.0247,0.075073,0.118595,3.8405,64.0402,1,1,52.304,21233664.0
closed_eye_0559.jpg_face_1,cerrado,B15,83.4456,0.072296,14.4936,106.7558,30.4474,51.0782,BIEN,19.6991,0.834596,7.9632,27.9346,0.066461,0.094616,8.0707,30.8732,1,1,44.562,21233664.0
closed_eye_0559.jpg_face_1,cerrado,B25,83.4456,0.072296,24.4882,141.1933,19.0689,58.9122,BIEN,12.3728,0.714735,6.1554,69.2041,0.077091,0.081231,6.6325,12.3581,1,1,48.901,21233664.0
closed_eye_0559.jpg_face_1,cerrado,B40,83.4456,0.072296,39.4972,135.6769,21.0281,58.636,BIEN,13.2324,0.753629,7.8406,62.5933,0.071267,0.073537,1.4234,1.7165,1,1,47.628,21233664.0
closed_eye_0565.jpg_face_1,cerrado,B5,113.6516,0.073688,4.5903,45.3494,99.9167,21.493,CRITICA,10.4499,0.531105,14.648,60.0979,0.085093,nan,15.4767,nan,1,1,255.63,4064256.0
closed_eye_0565.jpg_face_1,cerrado,B10,113.6516,0.073688,9.4284,83.759,24.9444,32.6329,BIEN,16.8873,0.854912,9.8589,26.3019,0.077534,0.192765,5.2187,161.5943,1,1,246.725,4064256.0
closed_eye_0565.jpg_face_1,cerrado,B15,113.6516,0.073688,14.5171,111.2174,18.4722,39.3911,BIEN,25.8331,0.915608,7.7015,2.1418,0.083066,0.153693,12.7259,108.5716,1,1,379.262,4064256.0
closed_eye_0565.jpg_face_1,cerrado,B25,113.6516,0.073688,24.4772,147.0532,16.4375,48.5316,BIEN,17.1902,0.878088,5.7712,29.3895,0.078508,0.132273,6.5403,79.5034,1,1,284.204,4064256.0
closed_eye_0565.jpg_face_1,cerrado,B40,113.6516,0.073688,39.4608,141.3436,16.9861,47.7842,BIEN,18.7838,0.906425,7.3996,24.3657,nan,0.099012,nan,34.366,1,0,378.774,4064256.0
closed_eye_0566.jpg_face_1,cerrado,B5,90.5657,0.10032,4.5302,43.7861,93.232,29.0693,CRITICA,13.292,0.536442,14.6775,51.6527,0.132612,0.207448,32.1887,106.7851,1,1,220.614,14017536.0
closed_eye_0566.jpg_face_1,cerrado,B10,90.5657,0.10032,9.4737,78.0518,40.6507,46.5481,CRITICA,21.3845,0.801817,10.3021,13.8175,0.104039,0.154654,3.7066,54.1603,1,1,154.813,14017536.0
closed_eye_0566.jpg_face_1,cerrado,B15,90.5657,0.10032,14.4668,100.9208,32.4832,55.8008,BIEN,22.6319,0.838499,8.4794,11.4338,0.10994,0.140399,9.5891,39.9502,1,1,86.54,14017536.0
closed_eye_0566.jpg_face_1,cerrado,B25,90.5657,0.10032,24.4692,133.153,24.7064,65.4925,BIEN,14.5408,0.728629,6.7949,47.0237,0.072434,0.10994,27.7972,9.5892,1,1,194.224,14017536.0
closed_eye_0566.jpg_face_1,cerrado,B40,90.5657,0.10032,39.4889,128.7466,26.074,64.3968,BIEN,15.5826,0.777795,8.5574,42.1583,0.092139,0.10074,8.1549,0.4185,1,1,173.488,14017536.0
closed_eye_0578.jpg_face_1,cerrado,B5,138.0701,0.117313,4.4486,44.4125,99.9828,25.9369,CRITICA,7.89,0.36734,15.1634,67.8333,0.149208,0.225705,27.1877,92.3952,1,1,162.8,10036224.0
closed_eye_0578.jpg_face_1,cerrado,B10,138.0701,0.117313,9.4289,79.9421,37.7763,41.7191,CRITICA,11.7704,0.6628,10.4525,42.1003,0.118056,0.224402,0.6334,91.2848,1,1,198.177,10036224.0
closed_eye_0578.jpg_face_1,cerrado,B15,138.0701,0.117313,14.4344,105.9178,26.8295,51.6854,BIEN,16.0101,0.786017,8.2848,23.287,0.113643,0.207196,3.1287,76.6182,1,1,296.745,10036224.0
closed_eye_0578.jpg_face_1,cerrado,B25,138.0701,0.117313,24.4679,139.7103,21.1244,61.9726,BIEN,20.6776,0.801574,6.4301,1.1879,0.116495,0.186705,0.6978,59.1506,1,1,180.894,10036224.0
closed_eye_0578.jpg_face_1,cerrado,B40,138.0701,0.117313,39.5376,134.9487,21.9995,60.8315,BIEN,21.1437,0.837547,8.0859,2.2608,0.110704,0.154565,5.6338,31.7545,1,1,184.39,10036224.0
closed_eye_0593.jpg_face_1,cerrado,B5,180.8049,0.208663,4.4529,45.6313,100.0,14.65,CRITICA,5.1112,0.313062,15.4206,74.7621,0.260378,nan,24.7845,nan,1,1,7.228,101606400.0
closed_eye_0593.jpg_face_1,cerrado,B10,180.8049,0.208663,9.5008,85.2603,30.8355,21.7265,BIEN,8.0246,0.57051,10.2754,52.844,0.246861,0.20281,18.3066,2.8047,1,1,54.856,101606400.0
closed_eye_0593.jpg_face_1,cerrado,B15,180.8049,0.208663,14.4803,113.9374,13.6349,26.7153,BIEN,10.9053,0.705801,7.9612,36.9832,0.23656,0.232079,13.3696,11.222,1,1,54.672,101606400.0
closed_eye_0593.jpg_face_1,cerrado,B25,180.8049,0.208663,24.4575,153.3512,2.5758,29.5264,BIEN,16.4199,0.797373,5.7909,15.1842,0.247216,0.248858,18.4763,19.2633,1,1,57.623,101606400.0
closed_eye_0593.jpg_face_1,cerrado,B40,180.8049,0.208663,39.511,146.7363,3.9191,29.9518,BIEN,15.4873,0.809874,7.3879,18.8427,0.245404,0.255168,17.608,22.2875,1,1,54.164,101606400.0
closed_eye_0597.jpg_face_2,cerrado,B5,73.5876,0.053396,4.4485,43.8877,96.9178,24.5065,CRITICA,17.1495,0.624748,14.8614,40.3598,0.067623,0.156054,26.6452,192.2588,1,1,73.447,56070144.0
closed_eye_0597.jpg_face_2,cerrado,B10,73.5876,0.053396,9.4547,79.3137,43.3619,38.6948,CRITICA,26.9421,0.819701,10.279,7.7814,0.056476,0.093236,5.7692,74.613,1,1,96.226,56070144.0
closed_eye_0597.jpg_face_2,cerrado,B15,73.5876,0.053396,14.5076,105.2288,28.0471,47.1784,BIEN,17.3837,0.763657,8.2175,42.9981,0.06251,0.069816,17.0686,30.752,1,1,91.159,56070144.0
closed_eye_0597.jpg_face_2,cerrado,B25,73.5876,0.053396,24.4954,138.7413,16.7128,55.281,BIEN,11.3658,0.642349,6.4271,88.5391,0.068206,0.071416,27.7359,33.7487,1,1,45.678,56070144.0
closed_eye_0597.jpg_face_2,cerrado,B40,73.5876,0.053396,39.4713,133.5771,18.397,54.8473,BIEN,12.1015,0.697024,8.1394,81.5213,0.066894,0.062803,25.2792,17.6181,1,1,47.697,56070144.0
closed_eye_0602.jpg_face_1,cerrado,B5,92.8185,0.107936,4.6508,44.6431,77.6565,35.9485,CRITICA,12.3208,0.712908,13.8615,51.9027,0.109459,nan,1.4115,nan,1,1,52.53,33177600.0
closed_eye_0602.jpg_face_1,cerrado,B10,92.8185,0.107936,9.6463,75.8885,43.5536,58.6031,CRITICA,20.3195,0.897248,9.6687,18.2399,0.113718,0.145018,5.3574,34.3557,1,1,52.666,33177600.0
closed_eye_0602.jpg_face_1,cerrado,B15,92.8185,0.107936,14.6443,96.856,37.7607,72.9284,BIEN,25.7341,0.907773,7.8945,4.3499,0.105089,0.134182,2.6373,24.317,1,1,59.394,33177600.0
closed_eye_0602.jpg_face_1,cerrado,B25,92.8185,0.107936,24.6531,122.303,34.8478,89.1428,BIEN,16.4354,0.845394,6.5153,31.7657,0.118921,0.11794,10.1781,9.2688,1,1,56.722,33177600.0
closed_eye_0602.jpg_face_1,cerrado,B40,92.8185,0.107936,39.655,119.2009,35.3076,87.6099,BIEN,17.3933,0.868818,8.2959,28.4237,0.104125,0.107458,3.5308,0.4423,1,1,51.858,33177600.0
closed_eye_0603.jpg_face_1,cerrado,B5,95.3061,0.054804,4.2897,43.292,96.1566,23.9713,CRITICA,12.6766,0.505644,15.3215,54.5759,0.060794,0.164125,10.9316,199.4776,1,1,33.556,51840000.0
closed_eye_0603.jpg_face_1,cerrado,B10,95.3061,0.054804,9.4617,81.018,38.0404,37.4857,BIEN,21.6137,0.786099,10.2976,14.9918,0.051203,0.104997,6.5696,91.5872,1,1,34.123,51840000.0
closed_eye_0603.jpg_face_1,cerrado,B15,95.3061,0.054804,14.4142,107.7878,26.9105,45.0047,BIEN,23.1114,0.800024,8.1322,13.0964,0.063804,0.087867,16.4227,60.3305,1,1,31.771,51840000.0
closed_eye_0603.jpg_face_1,cerrado,B25,95.3061,0.054804,24.4626,143.9178,18.337,51.4317,BIEN,13.8671,0.721286,6.1716,51.0058,0.048316,0.085352,11.8371,55.7407,1,1,31.878,51840000.0
closed_eye_0603.jpg_face_1,cerrado,B40,95.3061,0.054804,39.478,138.2198,19.8591,51.4352,BIEN,14.9478,0.76051,7.8377,45.0272,0.0523,0.079532,4.5682,45.1212,1,1,31.92,51840000.0
closed_eye_0607.jpg_face_1,cerrado,B5,109.1589,0.047953,4.4375,45.6712,98.8766,19.8695,CRITICA,11.1876,0.492737,15.1827,58.1608,0.055358,nan,15.443,nan,1,1,158.471,1658880.0
closed_eye_0607.jpg_face_1,cerrado,B10,109.1589,0.047953,9.4422,83.3505,48.0063,30.5964,BIEN,17.8802,0.785785,10.2797,23.643,0.059327,0.104151,23.7204,117.1938,1,1,312.198,1658880.0
closed_eye_0607.jpg_face_1,cerrado,B15,109.1589,0.047953,14.5155,111.7258,25.4589,35.3639,BIEN,23.9931,0.847738,7.9987,2.3516,0.061395,0.096997,28.0327,102.2756,1,1,311.74,1658880.0
closed_eye_0607.jpg_face_1,cerrado,B25,109.1589,0.047953,24.5285,149.6649,1.2342,37.8262,BIEN,15.1681,0.806562,5.9392,37.1074,0.058318,0.060647,21.6159,26.4723,1,1,303.278,1658880.0
closed_eye_0607.jpg_face_1,cerrado,B40,109.1589,0.047953,39.5104,142.8342,4.5728,39.4699,BIEN,16.7024,0.846883,7.5999,30.8498,0.06237,0.059706,30.0653,24.509,1,1,251.908,1658880.0
closed_eye_0619.jpg_face_1,cerrado,B5,77.5804,0.10316,4.4171,43.1144,87.4234,26.7466,CRITICA,15.4967,0.572579,14.8353,44.4261,0.121494,0.190255,17.7729,84.4273,1,1,416.927,1327104.0
closed_eye_0619.jpg_face_1,cerrado,B10,77.5804,0.10316,9.4631,78.1432,51.5856,39.973,CRITICA,23.9718,0.8243,10.4372,0.7255,0.071369,0.213343,30.8175,106.8077,1,1,437.292,1327104.0
closed_eye_0619.jpg_face_1,cerrado,B15,77.5804,0.10316,14.4923,103.0562,30.1081,46.7423,BIEN,18.706,0.779334,8.5178,32.838,0.092865,0.19564,9.9797,89.6478,1,1,423.747,1327104.0
closed_eye_0619.jpg_face_1,cerrado,B25,77.5804,0.10316,24.4957,137.3557,16.2162,52.1208,BIEN,12.2542,0.636051,6.7587,77.0495,0.076751,0.126406,25.6002,22.5343,1,1,453.371,1327104.0
closed_eye_0619.jpg_face_1,cerrado,B40,77.5804,0.10316,39.4809,132.0681,18.4144,52.1862,BIEN,13.074,0.682836,8.5241,70.2339,0.091059,0.120641,11.7302,16.9459,1,1,335.177,1327104.0
closed_eye_0622.jpg_face_1,cerrado,B5,115.9572,0.111137,4.5518,44.3618,99.874,23.9835,CRITICA,10.0531,0.403882,15.1525,61.7429,0.164663,nan,48.1627,nan,1,1,370.384,746496.0
closed_eye_0622.jpg_face_1,cerrado,B10,115.9572,0.111137,9.5742,80.773,38.6747,38.7784,BIEN,15.367,0.759178,10.4417,30.3424,0.123086,0.158223,10.752,42.3678,1,1,229.605,746496.0
closed_eye_0622.jpg_face_1,cerrado,B15,115.9572,0.111137,14.4815,105.9209,26.4802,47.3978,BIEN,20.6232,0.829689,8.406,8.6552,0.126719,0.148464,14.0214,33.5866,1,1,455.436,746496.0
closed_eye_0622.jpg_face_1,cerrado,B25,115.9572,0.111137,24.5349,140.1386,15.7722,57.2111,BIEN,17.4437,0.770432,6.5065,20.8537,0.133469,0.119232,20.0946,7.284,1,1,417.171,746496.0
closed_eye_0622.jpg_face_1,cerrado,B40,115.9572,0.111137,39.518,135.1413,17.284,56.4532,BIEN,18.9076,0.809089,8.1924,16.5442,0.130918,0.113169,17.7993,1.8285,1,1,443.459,746496.0
closed_eye_0625.jpg_face_2,cerrado,B5,149.5639,0.049821,4.3873,45.1138,100.0,17.3795,CRITICA,7.1355,0.261215,15.4065,69.8364,nan,nan,nan,nan,1,0,308.119,331776.0
closed_eye_0625.jpg_face_2,cerrado,B10,149.5639,0.049821,9.4646,83.5447,31.417,27.152,BIEN,10.8308,0.550938,10.3963,44.1411,0.053105,nan,6.5902,nan,1,1,317.038,331776.0
closed_eye_0625.jpg_face_2,cerrado,B15,149.5639,0.049821,14.5273,111.9286,15.0407,33.3581,BIEN,14.6976,0.660005,8.0764,25.1634,nan,0.14308,nan,187.1866,1,0,341.974,331776.0
closed_eye_0625.jpg_face_2,cerrado,B25,149.5639,0.049821,24.482,149.1469,9.7561,38.7867,BIEN,19.0869,0.702879,6.0523,0.2788,nan,0.071469,nan,43.4509,1,0,435.996,331776.0
closed_eye_0625.jpg_face_2,cerrado,B40,149.5639,0.049821,39.4866,143.1614,10.453,38.7121,BIEN,19.3298,0.728603,7.6663,4.2807,nan,0.066812,nan,34.1029,1,0,458.758,331776.0
closed_eye_0627.jpg_face_1,cerrado,B5,128.3333,0.058276,4.4893,45.6965,100.0,14.1577,CRITICA,9.1445,0.424876,15.084,64.3924,0.092884,nan,59.3853,nan,1,1,202.487,2073600.0
closed_eye_0627.jpg_face_1,cerrado,B10,128.3333,0.058276,9.512,84.5161,31.7371,23.3844,BIEN,14.2226,0.711419,10.1579,34.1433,0.069561,0.159369,19.3642,173.4721,1,1,199.88,2073600.0
closed_eye_0627.jpg_face_1,cerrado,B15,128.3333,0.058276,14.4698,112.5427,19.0512,28.8265,BIEN,21.1585,0.822343,7.8543,12.3044,0.056133,0.1068,3.6785,83.2643,1,1,209.784,2073600.0
closed_eye_0627.jpg_face_1,cerrado,B25,128.3333,0.058276,24.5467,151.1579,5.6811,33.7891,BIEN,19.6005,0.824836,5.7451,17.7855,0.054035,0.082167,7.278,40.9954,1,1,223.294,2073600.0
closed_eye_0627.jpg_face_1,cerrado,B40,128.3333,0.058276,39.4877,144.4488,7.6889,33.4995,BIEN,21.8935,0.858351,7.3633,12.5576,0.058555,0.086183,0.4785,47.8865,1,1,195.244,2073600.0
closed_eye_0639.jpg_face_2,cerrado,B5,209.4695,0.043456,4.3871,45.9219,100.0,8.1166,CRITICA,3.7406,0.31641,15.546,78.077,0.052374,nan,20.5234,nan,1,1,74.427,16257024.0
closed_eye_0639.jpg_face_2,cerrado,B10,209.4695,0.043456,9.3187,85.5123,21.6503,11.9558,BIEN,6.1191,0.565673,10.3676,59.1767,0.056643,0.175003,30.3459,302.7173,1,1,72.951,16257024.0
closed_eye_0639.jpg_face_2,cerrado,B15,209.4695,0.043456,14.3884,116.0848,2.9093,13.8377,BIEN,8.5218,0.706163,7.8913,44.5815,0.042579,0.155893,2.0175,258.7407,1,1,76.925,16257024.0
closed_eye_0639.jpg_face_2,cerrado,B25,209.4695,0.043456,24.5216,157.5241,0.4367,15.2254,BIEN,13.289,0.823044,5.5895,24.7986,0.035122,0.055644,19.1767,28.0485,1,1,64.009,16257024.0
closed_eye_0639.jpg_face_2,cerrado,B40,209.4695,0.043456,39.5048,150.4574,0.5595,15.3336,BIEN,12.2846,0.820182,7.1753,28.1722,0.037971,0.045351,12.6218,4.3613,1,1,72.476,16257024.0
closed_eye_0641.jpg_face_1,cerrado,B5,209.7663,0.021436,4.2875,45.0264,100.0,6.1715,CRITICA,3.7493,0.293515,15.8851,78.535,nan,nan,nan,nan,1,0,293.617,9123840.0
closed_eye_0641.jpg_face_1,cerrado,B10,209.7663,0.021436,9.3029,85.984,15.3409,8.7873,BIEN,6.1902,0.542993,10.4774,59.0096,0.069423,nan,223.8582,nan,1,1,327.783,9123840.0
closed_eye_0641.jpg_face_1,cerrado,B15,209.7663,0.021436,14.5166,117.3198,1.3279,10.2346,BIEN,8.7196,0.696481,7.8975,44.0712,0.049233,0.168019,129.6696,683.806,1,1,230.139,9123840.0
closed_eye_0641.jpg_face_1,cerrado,B25,209.7663,0.021436,24.4338,158.099,0.4416,11.3541,BIEN,13.5215,0.820017,5.6191,24.6309,0.023113,0.110807,7.822,416.9154,1,1,253.762,9123840.0
closed_eye_0641.jpg_face_1,cerrado,B40,209.7663,0.021436,39.5023,151.0327,0.6266,11.6597,BIEN,12.5358,0.823919,7.1842,27.9996,0.017044,0.067952,20.491,216.994,1,1,324.507,9123840.0
closed_eye_0653.jpg_face_2,cerrado,B5,185.9241,0.079739,4.4728,46.4256,100.0,11.2559,CRITICA,5.2078,0.355732,15.6556,75.0298,nan,nan,nan,nan,1,0,35.068,29942784.0
closed_eye_0653.jpg_face_2,cerrado,B10,185.9241,0.079739,9.4995,85.9021,27.5746,16.4446,BIEN,8.0702,0.631554,10.4929,53.7972,0.07332,nan,8.0499,nan,1,1,34.072,29942784.0
closed_eye_0653.jpg_face_2,cerrado,B15,185.9241,0.079739,14.5155,115.8064,8.6584,19.306,BIEN,11.0481,0.780334,8.0679,37.7131,0.071744,nan,10.0258,nan,1,1,28.962,29942784.0
closed_eye_0653.jpg_face_2,cerrado,B25,185.9241,0.079739,24.5199,155.9494,0.3336,21.5923,BIEN,17.3503,0.875418,5.8101,16.122,0.07906,nan,0.8516,nan,1,1,31.597,29942784.0
closed_eye_0653.jpg_face_2,cerrado,B40,185.9241,0.079739,39.4973,148.8662,0.7512,21.8761,BIEN,16.0483,0.887463,7.4017,19.9317,0.073223,0.066406,8.1718,16.7206,1,1,34.676,29942784.0
closed_eye_0657.jpg_face_1,cerrado,B5,165.9157,0.032275,4.3923,44.5002,100.0,23.1473,CRITICA,5.5756,0.323001,14.9369,73.179,0.086148,nan,166.917,nan,1,1,190.938,4644864.0
closed_eye_0657.jpg_face_1,cerrado,B10,165.9157,0.032275,9.5103,82.3788,31.0655,37.2857,BIEN,8.6631,0.625718,10.0404,50.349,0.035062,0.155137,8.6332,380.6686,1,1,309.693,4644864.0
closed_eye_0657.jpg_face_1,cerrado,B15,165.9157,0.032275,14.4787,109.2651,24.514,45.8692,BIEN,11.6598,0.769476,7.8794,34.1442,0.032144,0.110866,0.4053,243.5016,1,1,327.772,4644864.0
closed_eye_0657.jpg_face_1,cerrado,B25,165.9157,0.032275,24.4753,145.1007,18.3686,53.9458,BIEN,17.0367,0.840733,5.96,12.5455,0.046423,0.078866,43.8363,144.3545,1,1,319.244,4644864.0
closed_eye_0657.jpg_face_1,cerrado,B40,165.9157,0.032275,39.484,139.4526,19.8327,53.1252,BIEN,16.2969,0.859235,7.5909,15.9497,0.039644,0.050464,22.8307,56.3562,1,1,324.475,4644864.0
closed_eye_0658.jpg_face_2,cerrado,B5,144.1252,0.072656,4.3946,45.2579,99.9676,15.5353,CRITICA,7.7429,0.393043,15.3857,68.5982,0.049055,nan,32.483,nan,1,1,241.926,6718464.0
closed_eye_0658.jpg_face_2,cerrado,B10,144.1252,0.072656,9.4165,84.2822,42.1306,23.7819,BIEN,11.8511,0.694248,10.304,41.5216,0.084163,0.144467,15.8383,98.8376,1,1,104.206,6718464.0
closed_eye_0658.jpg_face_2,cerrado,B15,144.1252,0.072656,14.4915,113.5626,10.8612,28.2222,BIEN,16.6487,0.817214,7.9544,21.2056,0.067388,0.123275,7.2507,69.6704,1,1,318.522,6718464.0
closed_eye_0658.jpg_face_2,cerrado,B25,144.1252,0.072656,24.524,153.1878,2.5175,31.0571,BIEN,21.1163,0.853306,5.7903,6.288,0.076564,0.081491,5.3791,12.1601,1,1,196.14,6718464.0
closed_eye_0658.jpg_face_2,cerrado,B40,144.1252,0.072656,39.4782,146.3568,3.1422,31.649,BIEN,22.3614,0.876099,7.4034,1.5484,0.069246,0.069029,4.6929,4.9922,1,1,352.609,6718464.0
closed_eye_0665.jpg_face_1,cerrado,B5,165.9209,0.077106,4.3913,44.7455,100.0,12.7752,CRITICA,6.1714,0.236316,15.7677,73.032,0.097776,nan,26.808,nan,1,1,307.844,746496.0
closed_eye_0665.jpg_face_1,cerrado,B10,165.9209,0.077106,9.3578,84.6145,39.0944,19.5842,BIEN,9.486,0.524934,10.5204,49.0031,0.117426,0.21693,52.2913,181.3408,1,1,423.352,746496.0
closed_eye_0665.jpg_face_1,cerrado,B15,165.9209,0.077106,14.4703,114.111,7.0472,22.1047,BIEN,12.9502,0.673433,8.1093,31.2257,0.079682,0.135671,3.3407,75.9544,1,1,437.867,746496.0
closed_eye_0665.jpg_face_1,cerrado,B25,165.9209,0.077106,24.4994,154.6913,0.7334,23.6786,BIEN,19.1448,0.729719,5.8362,6.768,0.090331,0.107113,17.1512,38.9161,1,1,471.076,746496.0
closed_eye_0665.jpg_face_1,cerrado,B40,165.9209,0.077106,39.5596,147.5944,1.148,24.3998,BIEN,18.4512,0.755898,7.4501,11.0453,0.083926,0.089721,8.8456,16.3601,1,1,468.801,746496.0
closed_eye_0668.jpg_face_1,cerrado,B5,124.8896,0.049592,4.4496,45.6271,99.9947,20.266,CRITICA,9.2946,0.452305,14.979,63.4661,0.064557,0.210086,30.1753,323.6284,1,1,210.722,11943936.0
closed_eye_0668.jpg_face_1,cerrado,B10,124.8896,0.049592,9.5465,83.55,34.7327,30.5962,BIEN,14.2796,0.776078,10.2156,33.1009,0.058892,0.155036,18.7523,212.6229,1,1,219.626,11943936.0
closed_eye_0668.jpg_face_1,cerrado,B15,124.8896,0.049592,14.4132,109.7627,21.6176,36.1967,BIEN,19.9252,0.876968,8.0638,12.1123,0.050319,0.124842,1.4654,151.7373,1,1,200.461,11943936.0
closed_eye_0668.jpg_face_1,cerrado,B25,124.8896,0.049592,24.5523,147.6565,10.8832,41.7391,BIEN,18.3513,0.850646,6.0449,18.2296,0.050711,0.087089,2.2572,75.6116,1,1,191.058,11943936.0
closed_eye_0668.jpg_face_1,cerrado,B40,124.8896,0.049592,39.4697,141.2331,12.8414,42.0234,BIEN,20.1379,0.887946,7.7039,13.0863,0.050805,0.069591,2.4462,40.3262,1,1,211.519,11943936.0
closed_eye_0670.jpg_face_1,cerrado,B5,93.8061,0.077601,4.4843,41.4831,72.2031,40.0933,CRITICA,11.1293,0.487793,13.9621,55.7778,0.134791,0.1896,73.6971,144.3272,1,1,47.419,21233664.0
closed_eye_0670.jpg_face_1,cerrado,B10,93.8061,0.077601,9.5062,71.2763,58.0732,60.0792,CRITICA,16.8305,0.729617,10.0266,24.0174,0.082493,0.149012,6.3038,92.0228,1,1,47.494,21233664.0
closed_eye_0670.jpg_face_1,cerrado,B15,93.8061,0.077601,14.513,91.3454,50.5354,71.0445,BIEN,20.678,0.767945,8.4432,2.6231,0.081473,0.137402,4.9896,77.0619,1,1,47.129,21233664.0
closed_eye_0670.jpg_face_1,cerrado,B25,93.8061,0.077601,24.5075,117.0205,42.6749,80.6839,BIEN,16.9915,0.688047,7.2627,24.7473,0.07966,0.113593,2.6534,46.3807,1,1,45.287,21233664.0
closed_eye_0670.jpg_face_1,cerrado,B40,93.8061,0.077601,39.502,114.0196,44.085,80.883,BIEN,18.0751,0.745368,9.2061,21.5482,0.076708,0.09642,1.1502,24.2507,1,1,48.568,21233664.0
closed_eye_0675.jpg_face_1,cerrado,B5,111.8943,0.148832,4.6309,44.0928,72.6075,36.0254,CRITICA,9.4198,0.603874,13.9984,60.5943,0.154355,0.190238,3.7109,27.8206,1,1,43.534,23970816.0
closed_eye_0675.jpg_face_1,cerrado,B10,111.8943,0.148832,9.6323,75.1158,44.5511,58.2308,CRITICA,14.2803,0.829977,9.8455,32.8689,0.142734,0.156596,4.0974,5.2168,1,1,40.886,23970816.0
closed_eye_0675.jpg_face_1,cerrado,B15,111.8943,0.148832,14.6281,96.3068,39.6279,72.0537,BIEN,19.4477,0.88937,8.0303,13.9305,0.136044,0.152102,8.5923,2.1973,1,1,40.337,23970816.0
closed_eye_0675.jpg_face_1,cerrado,B25,111.8943,0.148832,24.6314,122.422,34.7034,87.3973,BIEN,20.3287,0.858404,6.6127,9.4086,0.144238,0.141857,3.0869,4.6867,1,1,42.459,23970816.0
closed_eye_0675.jpg_face_1,cerrado,B40,111.8943,0.148832,39.6188,119.409,35.4382,86.047,BIEN,21.551,0.8846,8.3887,6.7159,0.135223,0.137984,9.1438,7.2888,1,1,41.84,23970816.0
closed_eye_0682.jpg_face_3,cerrado,B5,175.014,0.04641,4.4467,44.8821,100.0,20.995,CRITICA,5.2754,0.323602,15.3284,74.3551,0.098265,nan,111.7297,nan,1,1,242.289,6718464.0
closed_eye_0682.jpg_face_3,cerrado,B10,175.014,0.04641,9.5138,83.0803,40.8161,31.4378,BIEN,8.197,0.604157,10.2929,52.5293,0.048347,0.153094,4.1732,229.8697,1,1,288.617,6718464.0
closed_eye_0682.jpg_face_3,cerrado,B15,175.014,0.04641,14.4969,111.2525,21.5853,36.849,BIEN,10.9755,0.750237,8.064,36.4322,0.041068,0.12675,11.5112,173.1056,1,1,320.02,6718464.0
closed_eye_0682.jpg_face_3,cerrado,B25,175.014,0.04641,24.4359,148.8839,10.655,42.1564,BIEN,15.9777,0.830179,5.9798,14.9303,0.029904,0.096047,35.5667,106.9507,1,1,308.394,6718464.0
closed_eye_0682.jpg_face_3,cerrado,B40,175.014,0.04641,39.4998,142.7366,12.7424,42.2713,BIEN,15.2774,0.847556,7.5978,18.4427,0.036838,0.059443,20.6252,28.0813,1,1,288.525,6718464.0
closed_eye_0685.jpg_face_2,cerrado,B5,120.9633,0.152504,4.5237,46.1418,98.558,23.6645,CRITICA,9.3606,0.534767,14.6839,61.8547,0.282489,nan,85.2332,nan,1,1,42.332,18662400.0
closed_eye_0685.jpg_face_2,cerrado,B10,120.9633,0.152504,9.5806,82.6397,43.4811,35.8531,BIEN,14.5453,0.822343,9.9573,31.682,0.187776,0.227448,23.1282,49.1422,1,1,52.224,18662400.0
closed_eye_0685.jpg_face_2,cerrado,B15,120.9633,0.152504,14.6144,109.8441,34.4145,41.9026,BIEN,19.8718,0.888699,7.8641,9.1922,0.186752,0.206701,22.4571,35.538,1,1,35.676,18662400.0
closed_eye_0685.jpg_face_2,cerrado,B25,120.9633,0.152504,24.5427,146.1082,5.9719,44.9552,BIEN,17.6654,0.850032,6.0121,20.7872,0.089809,0.173655,41.1105,13.8688,1,1,51.031,18662400.0
closed_eye_0685.jpg_face_2,cerrado,B40,120.9633,0.152504,39.4416,139.8477,11.8836,46.1519,BIEN,19.3453,0.886624,7.6987,15.6117,0.132503,0.146027,13.115,4.2475,1,1,45.631,18662400.0
closed_eye_0686.jpg_face_1,cerrado,B5,174.164,0.073765,4.3821,45.0178,100.0,13.914,CRITICA,5.6131,0.309681,15.635,74.1521,0.088398,nan,19.8376,nan,1,1,215.406,10036224.0
closed_eye_0686.jpg_face_1,cerrado,B10,174.164,0.073765,9.3033,84.4952,34.7008,20.2458,BIEN,8.6405,0.592851,10.4891,51.4852,0.120683,0.172451,63.6056,133.786,1,1,276.007,10036224.0
closed_eye_0686.jpg_face_1,cerrado,B15,174.164,0.073765,14.3932,114.2879,9.2742,23.3941,BIEN,11.8373,0.735576,8.046,34.3791,0.073035,0.174938,0.989,137.1578,1,1,279.033,10036224.0
closed_eye_0686.jpg_face_1,cerrado,B25,174.164,0.073765,24.4818,154.5335,1.6066,25.9801,BIEN,18.102,0.824446,5.7925,11.2713,0.078527,0.134491,6.4558,82.3249,1,1,284.519,10036224.0
closed_eye_0686.jpg_face_1,cerrado,B40,174.164,0.073765,39.4897,147.8308,1.9224,26.3198,BIEN,17.0999,0.835674,7.385,15.1198,0.088948,0.130962,20.584,77.5405,1,1,290.782,10036224.0
closed_eye_0690.jpg_face_1,cerrado,B5,142.17,0.150732,4.5437,45.5904,99.9984,17.8903,CRITICA,7.8085,0.461734,15.0083,67.9325,0.24411,nan,61.9495,nan,1,1,24.074,40144896.0
closed_eye_0690.jpg_face_1,cerrado,B10,142.17,0.150732,9.4008,84.1471,38.8455,26.7333,BIEN,11.7905,0.764189,10.2714,40.8124,0.162423,0.195983,7.7562,30.0205,1,1,23.536,40144896.0
closed_eye_0690.jpg_face_1,cerrado,B15,142.17,0.150732,14.4005,112.0353,18.5988,30.9655,BIEN,16.3555,0.885983,7.9915,21.1963,0.132676,0.162675,11.9792,7.9228,1,1,20.014,40144896.0
closed_eye_0690.jpg_face_1,cerrado,B25,142.17,0.150732,24.5,151.2305,3.4042,33.8044,BIEN,20.5731,0.911738,5.873,6.373,0.147032,0.160971,2.4547,6.7925,1,1,23.465,40144896.0
closed_eye_0690.jpg_face_1,cerrado,B40,142.17,0.150732,39.4794,144.7458,5.5694,34.5157,BIEN,21.5847,0.93276,7.4856,1.8118,0.139658,0.170515,7.3471,13.1242,1,1,25.476,40144896.0
closed_eye_0695.jpg_face_2,cerrado,B5,83.6808,0.103247,4.5575,42.4682,74.2714,36.7887,CRITICA,13.6032,0.547322,14.262,49.2498,0.100454,0.192292,2.7054,86.2451,1,1,252.22,10036224.0
closed_eye_0695.jpg_face_2,cerrado,B10,83.6808,0.103247,9.4789,72.3017,58.0141,52.7914,CRITICA,20.0641,0.773335,10.5616,13.5982,0.07435,0.141879,27.9886,37.4171,1,1,275.376,10036224.0
closed_eye_0695.jpg_face_2,cerrado,B15,83.6808,0.103247,14.4769,93.6267,51.3778,61.381,BIEN,20.6932,0.778713,8.9379,11.8855,0.085199,0.118652,17.4804,14.9209,1,1,254.143,10036224.0
closed_eye_0695.jpg_face_2,cerrado,B25,83.6808,0.103247,24.483,121.6361,36.3513,68.5117,BIEN,14.8518,0.658103,7.6023,45.3572,0.076208,0.109598,26.189,6.1509,1,1,239.2,10036224.0
closed_eye_0695.jpg_face_2,cerrado,B40,83.6808,0.103247,39.4608,117.8485,39.5006,69.1566,BIEN,15.7962,0.717827,9.5308,40.831,0.088093,0.111435,14.6774,7.9307,1,1,311.013,10036224.0
closed_eye_0698.jpg_face_1,cerrado,B5,127.8524,0.097811,4.3501,44.001,99.5949,17.2035,CRITICA,9.1187,0.342828,15.4964,65.5846,0.17327,nan,77.1476,nan,1,1,321.844,1327104.0
closed_eye_0698.jpg_face_1,cerrado,B10,127.8524,0.097811,9.3924,83.6721,36.9406,26.0144,BIEN,14.0341,0.635065,10.4252,34.5557,nan,0.185578,nan,89.7316,1,0,398.915,1327104.0
closed_eye_0698.jpg_face_1,cerrado,B15,127.8524,0.097811,14.4948,112.8744,16.2809,30.4046,BIEN,20.0154,0.733733,8.0293,11.7151,nan,0.142836,nan,46.0324,1,0,328.558,1327104.0
closed_eye_0698.jpg_face_1,cerrado,B25,127.8524,0.097811,24.5172,152.0957,6.2693,33.4892,BIEN,18.1014,0.731237,5.8718,18.9619,0.120285,0.132145,22.9768,35.1025,1,1,295.264,1327104.0
closed_eye_0698.jpg_face_1,cerrado,B40,127.8524,0.097811,39.5309,145.3679,8.777,33.8919,BIEN,19.7693,0.766866,7.4869,13.6997,0.097951,0.11872,0.1432,21.3773,1,1,385.951,1327104.0
closed_eye_0713.jpg_face_1,cerrado,B5,169.6823,0.051631,4.3686,44.5502,100.0,16.4728,CRITICA,5.7464,0.31408,15.4418,73.7449,0.086757,nan,68.034,nan,1,1,142.442,2985984.0
closed_eye_0713.jpg_face_1,cerrado,B10,169.6823,0.051631,9.3984,84.2215,46.2932,24.6503,BIEN,8.8285,0.606209,10.3773,50.3652,0.074468,0.210516,44.2326,307.7353,1,1,167.403,2985984.0
closed_eye_0713.jpg_face_1,cerrado,B15,169.6823,0.051631,14.4807,113.6496,10.4019,28.5319,BIEN,12.0922,0.76291,7.9669,33.0221,0.086498,0.151585,67.5331,193.5954,1,1,166.984,2985984.0
closed_eye_0713.jpg_face_1,cerrado,B25,169.6823,0.051631,24.4613,152.7387,3.7068,30.8602,BIEN,17.6818,0.836151,5.8293,9.9855,0.068814,0.108867,33.2808,110.8568,1,1,170.002,2985984.0
closed_eye_0713.jpg_face_1,cerrado,B40,169.6823,0.051631,39.5062,146.2477,4.7376,31.5351,BIEN,16.9875,0.849668,7.4281,13.8109,0.052429,0.073728,1.5461,42.799,1,1,167.684,2985984.0
closed_eye_0717.jpg_face_4,cerrado,B5,116.3901,0.091851,4.4727,45.3587,99.9936,16.8459,CRITICA,10.4275,0.500139,15.269,61.0287,0.071181,nan,22.5042,nan,1,1,309.282,4064256.0
closed_eye_0717.jpg_face_4,cerrado,B10,116.3901,0.091851,9.397,83.7649,36.8129,23.855,BIEN,16.5442,0.800222,10.2999,28.0309,0.077909,0.142917,15.1788,55.5969,1,1,275.839,4064256.0
closed_eye_0717.jpg_face_4,cerrado,B15,116.3901,0.091851,14.5342,113.1406,15.7355,28.2293,BIEN,24.283,0.872013,7.9783,2.7919,0.072256,0.122277,21.3329,33.1252,1,1,344.911,4064256.0
closed_eye_0717.jpg_face_4,cerrado,B25,116.3901,0.091851,24.4816,151.9963,2.1871,30.1624,BIEN,16.3753,0.848896,5.8522,30.5921,0.078693,0.099329,14.3251,8.1417,1,1,310.26,4064256.0
closed_eye_0717.jpg_face_4,cerrado,B40,116.3901,0.091851,39.5023,145.4432,3.1226,31.0861,BIEN,17.9925,0.88193,7.4712,24.9618,0.083038,0.087466,9.595,4.7737,1,1,353.769,4064256.0
closed_eye_0721.jpg_face_4,cerrado,B5,166.9159,0.068403,4.3645,45.3041,100.0,15.4499,CRITICA,6.0755,0.309135,15.6629,72.8581,0.098625,0.223137,44.1827,226.2095,1,1,236.183,11943936.0
closed_eye_0721.jpg_face_4,cerrado,B10,166.9159,0.068403,9.4043,84.3372,30.0954,23.7425,BIEN,9.3801,0.593634,10.4325,49.4732,0.07222,0.17821,5.5798,160.5301,1,1,207.93,11943936.0
closed_eye_0721.jpg_face_4,cerrado,B15,166.9159,0.068403,14.5843,113.7612,13.8319,28.3115,BIEN,12.8865,0.756597,8.0487,31.8452,0.084831,0.143917,24.0162,110.3952,1,1,248.114,11943936.0
closed_eye_0721.jpg_face_4,cerrado,B25,166.9159,0.068403,24.5114,153.205,4.914,32.0608,BIEN,19.4626,0.824382,5.856,8.2143,0.071819,0.091029,4.9933,33.0775,1,1,230.388,11943936.0
closed_eye_0721.jpg_face_4,cerrado,B40,166.9159,0.068403,39.4851,146.22,5.9599,31.8741,BIEN,18.529,0.844042,7.4786,12.399,0.066527,0.070103,2.7424,2.4857,1,1,244.762,11943936.0
closed_eye_0727.jpg_face_1,cerrado,B5,134.5152,0.074029,4.3487,44.6883,99.5335,17.6288,CRITICA,8.4585,0.35448,15.5036,66.7783,0.136742,0.20592,84.7134,178.1609,1,1,311.711,6718464.0
closed_eye_0727.jpg_face_1,cerrado,B10,134.5152,0.074029,9.4976,83.641,40.5209,26.4038,BIEN,12.9826,0.669681,10.3959,37.8204,0.100045,0.172691,35.1427,133.2744,1,1,270.11,6718464.0
closed_eye_0727.jpg_face_1,cerrado,B15,134.5152,0.074029,14.4566,112.2017,13.6192,30.7097,BIEN,17.9884,0.787072,8.1166,16.5881,0.055934,0.153761,24.4437,107.7039,1,1,327.536,6718464.0
closed_eye_0727.jpg_face_1,cerrado,B25,134.5152,0.074029,24.4848,151.1012,4.5438,33.6535,BIEN,19.2387,0.794344,5.9919,12.3302,0.082551,0.143943,11.5113,94.4414,1,1,311.662,6718464.0
closed_eye_0727.jpg_face_1,cerrado,B40,134.5152,0.074029,39.4912,144.4851,5.8582,34.2215,BIEN,20.7994,0.826609,7.6203,7.4117,0.076253,0.110379,3.0039,49.1028,1,1,294.325,6718464.0
closed_eye_0735.jpg_face_4,cerrado,B5,101.8221,0.092897,4.6494,46.6102,99.9426,15.7502,CRITICA,12.4263,0.613439,14.9247,54.2239,0.105494,nan,13.5603,nan,1,1,41.695,23970816.0
closed_eye_0735.jpg_face_4,cerrado,B10,101.8221,0.092897,9.3904,84.1516,29.3149,23.9381,BIEN,20.8337,0.873092,10.1842,17.3543,0.099912,0.14412,7.5515,55.14,1,1,41.93,23970816.0
closed_eye_0735.jpg_face_4,cerrado,B15,101.8221,0.092897,14.5128,112.4502,11.6708,28.9619,BIEN,25.3354,0.90907,7.8569,10.438,0.094205,0.114197,1.4079,22.9294,1,1,41.556,23970816.0
closed_eye_0735.jpg_face_4,cerrado,B25,101.8221,0.092897,24.4769,151.3768,6.4229,33.556,BIEN,14.0925,0.847047,5.7735,48.668,0.095633,0.095045,2.9457,2.3122,1,1,41.462,23970816.0
closed_eye_0735.jpg_face_4,cerrado,B40,101.8221,0.092897,39.4658,145.0801,7.5029,33.4585,BIEN,15.2297,0.878239,7.3752,42.4839,0.099428,0.103027,7.0303,10.9048,1,1,44.441,23970816.0
closed_eye_0745.jpg_face_2,cerrado,B5,138.3415,0.063277,4.3205,45.0985,100.0,17.5779,CRITICA,8.1826,0.382936,15.6285,67.4006,0.081537,nan,28.8569,nan,1,1,191.538,3483648.0
closed_eye_0745.jpg_face_2,cerrado,B10,138.3415,0.063277,9.369,83.9059,34.4595,27.1026,BIEN,12.677,0.703679,10.3938,39.3487,0.054813,0.131069,13.3768,107.1352,1,1,385.847,3483648.0
closed_eye_0745.jpg_face_2,cerrado,B15,138.3415,0.063277,14.5561,112.8741,18.9833,32.6198,BIEN,18.1208,0.845086,8.0455,18.4091,0.054904,0.087777,13.2321,38.7192,1,1,293.488,3483648.0
closed_eye_0745.jpg_face_2,cerrado,B25,138.3415,0.063277,24.4933,151.6097,5.7835,35.9846,BIEN,20.6911,0.859983,5.9303,9.5909,0.064184,0.082821,1.434,30.8868,1,1,347.899,3483648.0
closed_eye_0745.jpg_face_2,cerrado,B40,138.3415,0.063277,39.4927,144.8088,8.0116,36.2805,BIEN,22.6204,0.891517,7.5618,4.6749,0.056299,0.060204,11.0286,4.8571,1,1,358.141,3483648.0
closed_eye_0754.jpg_face_1,cerrado,B5,153.0647,0.024022,4.3077,44.7781,100.0,16.5387,CRITICA,6.9945,0.293696,15.7495,70.7456,0.05599,nan,133.0813,nan,1,1,389.045,746496.0
closed_eye_0754.jpg_face_1,cerrado,B10,153.0647,0.024022,9.5329,83.9327,30.9911,25.6618,BIEN,10.7574,0.603476,10.464,45.1652,0.043136,0.139322,79.57,479.9795,1,1,346.296,746496.0
closed_eye_0754.jpg_face_1,cerrado,B15,153.0647,0.024022,14.5422,113.2023,13.1287,31.1615,BIEN,14.8606,0.757218,8.0894,26.0429,0.051179,0.102374,113.0512,326.1711,1,1,420.628,746496.0
closed_eye_0754.jpg_face_1,cerrado,B25,153.0647,0.024022,24.466,151.699,6.7308,35.1798,BIEN,20.7964,0.798452,5.9672,0.8923,nan,0.069348,nan,188.6855,1,0,399.202,746496.0
closed_eye_0754.jpg_face_1,cerrado,B40,153.0647,0.024022,39.4867,145.047,8.284,35.0951,BIEN,20.7786,0.822496,7.5841,5.2381,0.032171,0.039435,33.9259,64.1628,1,1,454.174,746496.0
closed_eye_0767.jpg_face_2,cerrado,B5,137.3077,0.075354,4.2917,44.9258,100.0,18.3511,CRITICA,8.0997,0.337128,15.6015,67.281,0.12393,nan,64.4631,nan,1,1,357.756,746496.0
closed_eye_0767.jpg_face_2,cerrado,B10,137.3077,0.075354,9.4575,83.5477,32.3785,29.0689,BIEN,12.589,0.675539,10.3442,39.1529,0.094499,0.159508,25.4056,111.6773,1,1,457.834,746496.0
closed_eye_0767.jpg_face_2,cerrado,B15,137.3077,0.075354,14.5321,112.224,19.8351,35.1135,BIEN,17.6129,0.79571,8.0403,18.2683,0.096732,0.153837,28.3695,104.1514,1,1,439.232,746496.0
closed_eye_0767.jpg_face_2,cerrado,B25,137.3077,0.075354,24.5312,149.7821,10.1128,39.7458,BIEN,19.7839,0.819514,5.999,9.085,0.076153,0.107347,1.0599,42.4562,1,1,432.882,746496.0
closed_eye_0767.jpg_face_2,cerrado,B40,137.3077,0.075354,39.5,143.3524,11.9358,40.1525,BIEN,21.4118,0.861081,7.635,4.4023,0.083343,0.072161,10.6008,4.2379,1,1,380.431,746496.0
closed_eye_0770.jpg_face_1,cerrado,B5,142.9968,0.042949,4.5598,46.0755,100.0,17.2254,CRITICA,7.7408,0.43588,15.0089,67.7787,0.070232,nan,63.5229,nan,1,1,14.754,60466176.0
closed_eye_0770.jpg_face_1,cerrado,B10,142.9968,0.042949,9.4088,84.0836,33.9724,25.1173,BIEN,11.679,0.742186,10.2678,41.199,0.04219,0.146862,1.7674,241.9452,1,1,15.015,60466176.0
closed_eye_0770.jpg_face_1,cerrado,B15,142.9968,0.042949,14.4948,112.5583,15.9332,29.6231,BIEN,16.2575,0.863683,7.9622,21.2861,0.048131,0.098318,12.0642,128.9183,1,1,14.916,60466176.0
closed_eye_0770.jpg_face_1,cerrado,B25,142.9968,0.042949,24.4964,151.4349,4.1532,32.9251,BIEN,20.6645,0.893104,5.88,5.9009,0.038682,0.069642,9.9346,62.1509,1,1,13.821,60466176.0
closed_eye_0770.jpg_face_1,cerrado,B40,142.9968,0.042949,39.4723,144.9394,5.6839,33.4679,BIEN,21.638,0.916096,7.4951,1.3585,0.03634,0.053603,15.3877,24.8047,1,1,16.141,60466176.0
closed_eye_0773.jpg_face_2,cerrado,B5,151.389,0.037229,4.2366,44.7588,100.0,9.9631,CRITICA,7.1921,0.393336,15.9407,70.4346,0.043485,nan,16.8033,nan,1,1,188.359,14017536.0
closed_eye_0773.jpg_face_2,cerrado,B10,151.389,0.037229,9.4738,85.4096,21.902,15.2731,BIEN,11.2801,0.716011,10.4134,43.5827,0.040335,nan,8.3426,nan,1,1,201.175,14017536.0
closed_eye_0773.jpg_face_2,cerrado,B15,151.389,0.037229,14.3911,114.9097,4.937,18.1771,BIEN,15.7088,0.848973,8.0525,24.0964,0.042259,nan,13.5091,nan,1,1,191.589,14017536.0
closed_eye_0773.jpg_face_2,cerrado,B25,151.389,0.037229,24.471,155.1665,1.4061,20.5153,BIEN,21.8121,0.894132,5.7889,2.4952,0.040235,0.039605,8.0718,6.3796,1,1,183.043,14017536.0
closed_eye_0773.jpg_face_2,cerrado,B40,151.389,0.037229,39.5139,148.1908,1.7565,20.6929,BIEN,22.5884,0.914575,7.3962,2.1126,0.042416,0.036982,13.9306,0.6648,1,1,156.914,14017536.0
closed_eye_0778.jpg_face_1,cerrado,B5,142.004,0.032034,4.3031,44.2826,100.0,15.8398,CRITICA,7.6884,0.278009,15.9519,68.8159,0.033621,nan,4.9542,nan,1,1,318.117,746496.0
closed_eye_0778.jpg_face_1,cerrado,B10,142.004,0.032034,9.4846,83.4198,33.1901,26.2142,BIEN,11.9088,0.619288,10.5076,41.2553,0.035058,0.123589,9.4396,285.803,1,1,421.283,746496.0
closed_eye_0778.jpg_face_1,cerrado,B15,142.004,0.032034,14.4588,111.8988,16.9917,31.5401,BIEN,16.3218,0.748822,8.1902,21.2002,0.026469,0.068514,17.3713,113.8794,1,1,387.868,746496.0
closed_eye_0778.jpg_face_1,cerrado,B25,142.004,0.032034,24.5177,150.9689,7.2397,35.5552,BIEN,19.6587,0.780773,6.0101,6.3132,0.027483,0.052251,14.206,63.1096,1,1,352.286,746496.0
closed_eye_0778.jpg_face_1,cerrado,B40,142.004,0.032034,39.482,144.3342,8.9587,35.4277,BIEN,20.7191,0.805423,7.6478,1.641,0.031876,0.023783,0.4925,25.7588,1,1,417.188,746496.0
closed_eye_0804.jpg_face_1,cerrado,B5,179.3319,0.064031,4.4521,45.568,100.0,13.7025,CRITICA,5.3081,0.316084,15.3873,74.5901,0.088152,nan,37.6698,nan,1,1,351.469,5308416.0
closed_eye_0804.jpg_face_1,cerrado,B10,179.3319,0.064031,9.4608,85.5154,37.4409,19.4199,BIEN,8.2481,0.602311,10.3156,52.3144,0.047642,0.217815,25.5952,240.1711,1,1,319.152,5308416.0
closed_eye_0804.jpg_face_1,cerrado,B15,179.3319,0.064031,14.5164,114.652,7.4872,22.9053,BIEN,11.2057,0.74094,7.985,36.0671,0.059673,0.12838,6.8065,100.4969,1,1,311.274,5308416.0
closed_eye_0804.jpg_face_1,cerrado,B25,179.3319,0.064031,24.4656,154.6087,0.6629,24.3102,BIEN,16.8566,0.832187,5.776,13.7863,0.058903,0.076274,8.0096,19.1195,1,1,347.754,5308416.0
closed_eye_0804.jpg_face_1,cerrado,B40,179.3319,0.064031,39.4635,147.5842,1.3361,25.1071,BIEN,15.886,0.842191,7.3773,17.7033,0.058253,0.045989,9.0234,28.1766,1,1,355.151,5308416.0
closed_eye_0811.jpg_face_2,cerrado,B5,153.359,0.05285,4.3685,45.5487,100.0,11.9844,CRITICA,7.2341,0.370338,15.6344,70.2993,nan,nan,nan,nan,1,0,162.288,11943936.0
closed_eye_0811.jpg_face_2,cerrado,B10,153.359,0.05285,9.4379,85.1412,32.1386,17.9539,BIEN,11.102,0.66944,10.4191,44.4825,0.051575,0.126269,2.4114,138.92,1,1,225.073,11943936.0
closed_eye_0811.jpg_face_2,cerrado,B15,153.359,0.05285,14.4294,114.7572,6.2899,21.0263,BIEN,15.5472,0.79879,8.0251,25.1709,0.061674,0.094508,16.6976,78.8248,1,1,218.055,11943936.0
closed_eye_0811.jpg_face_2,cerrado,B25,153.359,0.05285,24.4558,155.1109,1.9413,22.9722,BIEN,22.8333,0.849977,5.7791,1.1423,0.059115,0.068569,11.8545,29.744,1,1,235.76,11943936.0
closed_eye_0811.jpg_face_2,cerrado,B40,153.359,0.05285,39.4389,148.1919,2.4922,23.34,BIEN,23.0771,0.873359,7.3706,3.3693,0.060831,0.069592,15.1009,31.6791,1,1,220.872,11943936.0
closed_eye_0820.BMP_face_1,cerrado,B5,123.0721,0.092876,4.4684,45.7518,99.9982,14.6527,CRITICA,9.8552,0.495459,15.315,62.8252,0.110973,nan,19.4855,nan,1,1,61.516,16257024.0
closed_eye_0820.BMP_face_1,cerrado,B10,123.0721,0.092876,9.4309,84.6924,35.7977,22.4645,BIEN,15.5026,0.804336,10.318,31.1847,0.105105,0.142952,13.1674,53.918,1,1,65.211,16257024.0
closed_eye_0820.BMP_face_1,cerrado,B15,123.0721,0.092876,14.444,113.2362,12.1059,27.1255,BIEN,23.4334,0.891827,7.9981,7.992,0.098492,0.13646,6.0469,46.9275,1,1,58.633,16257024.0
closed_eye_0820.BMP_face_1,cerrado,B25,123.0721,0.092876,24.4796,152.2501,3.6116,30.3238,BIEN,17.9165,0.87676,5.8533,23.708,0.093449,0.110337,0.6168,18.8008,1,1,61.265,16257024.0
closed_eye_0820.BMP_face_1,cerrado,B40,123.0721,0.092876,39.5142,145.72,4.4677,30.6111,BIEN,19.8523,0.907372,7.4635,18.4021,0.102789,0.106415,10.6739,14.5783,1,1,62.279,16257024.0
closed_eye_0825.jpg_face_1,cerrado,B5,104.3867,0.087334,4.2652,45.0878,99.8797,12.9048,CRITICA,12.2966,0.558102,15.9144,56.807,0.088691,nan,1.5543,nan,1,1,41.351,23970816.0
closed_eye_0825.jpg_face_1,cerrado,B10,104.3867,0.087334,9.5271,85.5155,34.3512,20.6231,BIEN,21.0406,0.846667,10.5483,18.0782,0.096925,nan,10.9826,nan,1,1,42.025,23970816.0
closed_eye_0825.jpg_face_1,cerrado,B15,104.3867,0.087334,14.4735,114.0603,8.681,22.91,BIEN,24.6735,0.872927,8.2677,9.267,0.090827,0.120101,3.9995,37.5192,1,1,42.008,23970816.0
closed_eye_0825.jpg_face_1,cerrado,B25,104.3867,0.087334,24.4732,152.7461,0.9497,24.5047,BIEN,14.2925,0.811352,6.1129,46.3271,0.097768,0.108454,11.9479,24.1836,1,1,40.353,23970816.0
closed_eye_0825.jpg_face_1,cerrado,B40,104.3867,0.087334,39.4786,146.1351,1.598,25.3676,BIEN,15.5799,0.850283,7.7273,39.994,0.091712,0.091683,5.0132,4.9798,1,1,41.195,23970816.0
closed_eye_0827.jpg_face_1,cerrado,B5,115.2769,0.04965,4.4264,45.2927,100.0,16.0853,CRITICA,10.6378,0.481025,15.4266,60.7096,0.068917,nan,38.8061,nan,1,1,251.585,4064256.0
closed_eye_0827.jpg_face_1,cerrado,B10,115.2769,0.04965,9.4788,84.2947,30.5803,25.9126,BIEN,17.5077,0.807136,10.2154,26.8763,0.060063,0.166776,20.9724,235.9015,1,1,262.847,4064256.0
closed_eye_0827.jpg_face_1,cerrado,B15,115.2769,0.04965,14.4937,112.4908,13.5378,31.9011,BIEN,26.9135,0.895551,7.9922,2.4169,0.063057,0.085659,27.0021,72.5256,1,1,253.44,4064256.0
closed_eye_0827.jpg_face_1,cerrado,B25,115.2769,0.04965,24.5045,151.0377,9.4082,37.0693,BIEN,16.4036,0.854818,5.8398,31.0216,0.056143,0.058899,13.0781,18.6283,1,1,136.203,4064256.0
closed_eye_0827.jpg_face_1,cerrado,B40,115.2769,0.04965,39.4993,144.5508,9.8319,36.6432,BIEN,18.0909,0.886536,7.4626,25.3944,0.069119,0.055582,39.2127,11.9481,1,1,305.362,4064256.0
closed_eye_0836.jpg_face_1,cerrado,B5,158.0414,0.030709,4.3854,44.4268,100.0,15.0128,CRITICA,6.63,0.284235,15.5809,71.8892,0.094354,nan,207.2566,nan,1,1,350.116,746496.0
closed_eye_0836.jpg_face_1,cerrado,B10,158.0414,0.030709,9.3166,83.9878,32.3595,23.7256,BIEN,10.0729,0.574928,10.4971,46.8571,0.05109,0.206162,66.3695,571.3467,1,1,410.762,746496.0
closed_eye_0836.jpg_face_1,cerrado,B15,158.0414,0.030709,14.5203,113.7237,13.0547,28.2824,BIEN,14.15,0.700705,7.9913,28.0418,nan,0.113752,nan,270.4231,1,0,388.154,746496.0
closed_eye_0836.jpg_face_1,cerrado,B25,158.0414,0.030709,24.4593,153.1283,5.5473,31.8646,BIEN,20.9306,0.752161,5.8341,3.1087,nan,0.068063,nan,121.6423,1,0,183.996,746496.0
closed_eye_0836.jpg_face_1,cerrado,B40,158.0414,0.030709,39.4985,146.3857,6.6198,31.9925,BIEN,20.4123,0.776334,7.4313,7.3751,nan,0.04139,nan,34.7817,1,0,363.24,746496.0
closed_eye_0843.jpg_face_1,cerrado,B5,90.0246,0.055886,4.4589,44.2105,94.0769,20.9247,CRITICA,14.0745,0.518662,15.7115,50.8907,0.078107,0.179664,39.7621,221.4856,1,1,330.513,1327104.0
closed_eye_0843.jpg_face_1,cerrado,B10,90.0246,0.055886,9.4944,81.794,49.7375,31.3961,BIEN,23.5213,0.855477,10.7692,9.1426,0.093842,0.143388,67.9169,156.5741,1,1,336.621,1327104.0
closed_eye_0843.jpg_face_1,cerrado,B15,90.0246,0.055886,14.4335,108.5799,25.5619,35.9608,BIEN,21.3315,0.853187,8.6272,20.6114,0.059073,0.115944,5.703,107.4658,1,1,404.318,1327104.0
closed_eye_0843.jpg_face_1,cerrado,B25,90.0246,0.055886,24.4709,145.9059,2.5835,38.1775,BIEN,13.17,0.722254,6.5876,62.0734,0.065921,0.084923,17.956,51.9591,1,1,388.576,1327104.0
closed_eye_0843.jpg_face_1,cerrado,B40,90.0246,0.055886,39.4388,139.8074,5.314,39.3614,BIEN,14.1902,0.765968,8.2608,55.2991,0.056039,0.067537,0.2749,20.8481,1,1,435.332,1327104.0
closed_eye_0851.jpg_face_2,cerrado,B5,109.0344,0.055124,4.3283,44.6095,99.9651,20.8642,CRITICA,10.9093,0.484474,15.3943,59.0868,0.081741,nan,48.2864,nan,1,1,144.317,2985984.0
closed_eye_0851.jpg_face_2,cerrado,B10,109.0344,0.055124,9.4009,81.9298,31.2866,33.3538,BIEN,17.8341,0.808662,10.2798,24.8588,0.067072,0.124551,21.6742,125.947,1,1,166.536,2985984.0
closed_eye_0851.jpg_face_2,cerrado,B15,109.0344,0.055124,14.4756,109.5725,19.8969,41.5111,BIEN,25.6509,0.887754,8.0107,0.4935,0.064756,0.084329,17.4731,52.9816,1,1,156.458,2985984.0
closed_eye_0851.jpg_face_2,cerrado,B25,109.0344,0.055124,24.4888,145.8451,14.9795,49.0113,BIEN,15.9781,0.825053,6.0458,33.7606,0.070802,0.071422,28.4409,29.5666,1,1,154.088,2985984.0
closed_eye_0851.jpg_face_2,cerrado,B40,109.0344,0.055124,39.4692,140.2792,15.8966,48.0726,BIEN,17.4297,0.863983,7.6913,28.6558,0.069133,0.073905,25.4144,34.0709,1,1,173.877,2985984.0
closed_eye_0855.jpg_face_1,cerrado,B5,120.95,0.055206,4.3921,42.943,95.7747,32.9808,CRITICA,8.6399,0.363985,14.5155,64.4953,0.056398,0.195787,2.1603,254.6482,1,1,303.177,5308416.0
closed_eye_0855.jpg_face_1,cerrado,B10,120.95,0.055206,9.4235,76.1263,42.6056,52.7907,CRITICA,13.134,0.693799,10.0392,37.0597,0.041032,0.093691,25.6741,69.7115,1,1,290.537,5308416.0
closed_eye_0855.jpg_face_1,cerrado,B15,120.95,0.055206,14.4937,99.7318,39.6152,63.9322,BIEN,17.7857,0.809099,8.0965,17.543,0.059653,0.069707,8.0555,26.2675,1,1,288.659,5308416.0
closed_eye_0855.jpg_face_1,cerrado,B25,120.95,0.055206,24.5035,130.0741,34.7451,74.3977,BIEN,19.9638,0.774997,6.5449,7.5437,0.050411,0.049641,8.6851,10.0798,1,1,236.2,5308416.0
closed_eye_0855.jpg_face_1,cerrado,B40,120.95,0.055206,39.4684,126.2056,35.9601,73.7734,BIEN,21.018,0.823501,8.2812,4.3452,0.04912,0.055523,11.0231,0.5741,1,1,322.155,5308416.0
closed_eye_0860.jpg_face_1,cerrado,B5,127.8948,0.06724,4.2425,44.5048,100.0,12.4492,CRITICA,9.1852,0.387078,15.9908,65.202,0.064299,nan,4.3734,nan,1,1,385.609,1327104.0
closed_eye_0860.jpg_face_1,cerrado,B10,127.8948,0.06724,9.4883,84.6473,35.674,19.6236,BIEN,14.6094,0.738906,10.4808,33.8149,nan,0.127466,nan,89.5706,1,0,377.458,1327104.0
closed_eye_0860.jpg_face_1,cerrado,B15,127.8948,0.06724,14.4662,113.9139,7.9678,23.5665,BIEN,21.3445,0.841601,8.0792,10.9316,0.048544,0.080597,27.8037,19.8647,1,1,402.285,1327104.0
closed_eye_0860.jpg_face_1,cerrado,B25,127.8948,0.06724,24.4724,153.1847,3.1187,25.8614,BIEN,18.298,0.835744,5.907,19.774,0.060174,0.072787,10.5078,8.2496,1,1,389.15,1327104.0
closed_eye_0860.jpg_face_1,cerrado,B40,127.8948,0.06724,39.4954,146.6441,3.8229,26.2019,BIEN,20.2724,0.865049,7.5143,14.6599,0.055639,0.066227,17.2533,1.5053,1,1,426.203,1327104.0
closed_eye_0862.jpg_face_1,cerrado,B5,138.7966,0.068396,4.5165,46.511,100.0,16.0781,CRITICA,8.4064,0.452107,15.0961,66.4898,0.078456,nan,14.7076,nan,1,1,267.373,10036224.0
closed_eye_0862.jpg_face_1,cerrado,B10,138.7966,0.068396,9.4976,85.0171,33.7731,24.7236,BIEN,12.8842,0.761282,10.1886,38.747,0.073688,0.117884,7.7377,72.3547,1,1,248.047,10036224.0
closed_eye_0862.jpg_face_1,cerrado,B15,138.7966,0.068396,14.4838,113.7345,16.9726,29.4543,BIEN,18.4042,0.869598,7.9103,18.0567,0.070655,0.113146,3.3026,65.427,1,1,295.744,10036224.0
closed_eye_0862.jpg_face_1,cerrado,B25,138.7966,0.068396,24.4884,153.0551,2.2189,32.4381,BIEN,21.3053,0.876803,5.7733,10.273,0.063874,0.088292,6.611,29.0895,1,1,268.969,10036224.0
closed_eye_0862.jpg_face_1,cerrado,B40,138.7966,0.068396,39.4945,146.1367,3.7948,32.9522,BIEN,23.3828,0.899143,7.3848,5.2884,0.063882,0.093147,6.5996,36.1879,1,1,289.084,10036224.0
closed_eye_0865.jpg_face_1,cerrado,B5,138.9431,0.051582,4.4288,45.3168,99.8264,20.1101,CRITICA,7.9571,0.349665,15.2285,67.3846,0.10257,nan,98.8481,nan,1,1,444.721,746496.0
closed_eye_0865.jpg_face_1,cerrado,B10,138.9431,0.051582,9.3342,82.9978,49.1753,31.411,BIEN,12.0658,0.688545,10.3607,40.2649,0.061391,0.188457,19.0169,265.3536,1,1,281.619,746496.0
closed_eye_0865.jpg_face_1,cerrado,B15,138.9431,0.051582,14.3468,110.8824,20.7031,36.6929,BIEN,16.529,0.810789,8.129,20.1959,0.058812,0.116294,14.017,125.4538,1,1,364.14,746496.0
closed_eye_0865.jpg_face_1,cerrado,B25,138.9431,0.051582,24.4996,149.6124,7.7691,39.98,BIEN,19.6506,0.819526,6.0244,7.6789,0.04336,0.067247,15.9404,30.3694,1,1,339.939,746496.0
closed_eye_0865.jpg_face_1,cerrado,B40,138.9431,0.051582,39.5273,143.0903,8.5069,40.8416,BIEN,20.82,0.86055,7.6565,2.9848,0.041666,0.049403,19.2235,4.2245,1,1,444.306,746496.0
closed_eye_0870.jpg_face_1,cerrado,B5,164.4725,0.076239,4.3799,44.9681,99.997,20.0812,CRITICA,5.9564,0.368554,15.2932,72.6592,0.064062,0.202032,15.9721,164.9995,1,1,47.371,21233664.0
closed_eye_0870.jpg_face_1,cerrado,B10,164.4725,0.076239,9.4668,83.2024,27.8097,32.5257,BIEN,9.2295,0.673642,10.221,49.4126,0.060503,0.161387,20.6402,111.6861,1,1,44.872,21233664.0
closed_eye_0870.jpg_face_1,cerrado,B15,164.4725,0.076239,14.5456,111.0812,19.7899,39.6832,BIEN,12.4951,0.832584,7.9919,32.4621,0.056732,0.12765,25.5866,67.4342,1,1,47.856,21233664.0
closed_eye_0870.jpg_face_1,cerrado,B25,164.4725,0.076239,24.4846,148.3992,15.1342,46.3317,BIEN,18.386,0.88908,5.9395,9.7726,0.0572,0.082709,24.9726,8.4871,1,1,47.516,21233664.0
closed_eye_0870.jpg_face_1,cerrado,B40,164.4725,0.076239,39.4895,142.016,16.5286,45.7752,BIEN,17.6183,0.910045,7.5842,13.6536,0.058863,0.058232,22.7914,23.6186,1,1,33.843,21233664.0
closed_eye_0873.jpg_face_1,cerrado,B5,157.3608,0.02819,4.2797,45.4531,100.0,10.9902,CRITICA,6.772,0.368269,15.7707,71.1153,nan,nan,nan,nan,1,0,173.178,14017536.0
closed_eye_0873.jpg_face_1,cerrado,B10,157.3608,0.02819,9.4712,85.3333,26.5079,16.4625,BIEN,10.457,0.695052,10.464,45.7722,0.045816,nan,62.5285,nan,1,1,158.642,14017536.0
closed_eye_0873.jpg_face_1,cerrado,B15,157.3608,0.02819,14.5012,114.6286,6.5245,19.8566,BIEN,14.463,0.83551,8.0534,27.1555,0.028364,0.117745,0.6183,317.6895,1,1,206.59,14017536.0
closed_eye_0873.jpg_face_1,cerrado,B25,157.3608,0.02819,24.4896,153.975,1.4867,21.6571,BIEN,20.1187,0.879269,5.9023,2.1516,0.029351,0.081835,4.1198,190.3021,1,1,203.293,14017536.0
closed_eye_0873.jpg_face_1,cerrado,B40,157.3608,0.02819,39.4993,147.305,2.2119,22.1142,BIEN,20.0735,0.898607,7.5022,6.3903,0.026875,0.050053,4.6653,77.5596,1,1,200.433,14017536.0
closed_eye_0882.jpg_face_1,cerrado,B5,135.0537,0.017135,4.3622,44.6533,99.9781,18.6665,CRITICA,8.3828,0.37949,15.3457,66.9367,0.03868,nan,125.7284,nan,1,1,302.151,6718464.0
closed_eye_0882.jpg_face_1,cerrado,B10,135.0537,0.017135,9.4519,82.9322,34.038,29.0809,BIEN,12.7841,0.728347,10.4042,38.5931,0.029274,0.131792,70.8411,669.1175,1,1,340.449,6718464.0
closed_eye_0882.jpg_face_1,cerrado,B15,135.0537,0.017135,14.4717,111.3865,18.565,35.2254,BIEN,17.5891,0.827512,8.148,17.5243,0.017457,0.064046,1.8795,273.766,1,1,292.92,6718464.0
closed_eye_0882.jpg_face_1,cerrado,B25,135.0537,0.017135,24.4832,148.042,10.0917,39.7112,BIEN,19.4029,0.83052,6.1584,9.6171,0.021823,0.040547,27.3585,136.6241,1,1,280.536,6718464.0
closed_eye_0882.jpg_face_1,cerrado,B40,135.0537,0.017135,39.4838,142.1628,11.1969,39.5987,BIEN,20.7058,0.865069,7.7923,5.2639,0.026809,0.02335,56.4517,36.2655,1,1,300.517,6718464.0
closed_eye_0886.jpg_face_1,cerrado,B5,115.9603,0.044637,4.3699,44.3923,93.983,22.1322,CRITICA,10.2521,0.476356,15.406,61.7177,0.057742,0.177067,29.359,296.6854,1,1,226.552,11943936.0
closed_eye_0886.jpg_face_1,cerrado,B10,115.9603,0.044637,9.5149,82.2029,35.5553,33.994,BIEN,16.0824,0.801944,10.425,29.1111,0.026414,0.134701,40.8236,201.7721,1,1,238.317,11943936.0
closed_eye_0886.jpg_face_1,cerrado,B15,115.9603,0.044637,14.4897,109.4227,22.6569,40.4493,BIEN,22.2995,0.873858,8.2535,5.6378,0.022345,0.109239,49.941,144.7294,1,1,219.491,11943936.0
closed_eye_0886.jpg_face_1,cerrado,B25,115.9603,0.044637,24.4855,145.8071,14.1156,45.4477,BIEN,17.1487,0.827704,6.288,25.7388,0.037938,0.094339,15.0068,111.3488,1,1,225.678,11943936.0
closed_eye_0886.jpg_face_1,cerrado,B40,115.9603,0.044637,39.5065,140.0088,15.9673,45.5511,BIEN,18.7339,0.869288,7.9393,20.7385,0.030401,0.051746,31.8915,15.9262,1,1,180.177,11943936.0
closed_eye_0887.jpg_face_1,cerrado,B5,170.795,0.075546,4.4319,45.4872,100.0,15.2183,CRITICA,5.7778,0.304826,15.4481,73.3674,0.087647,nan,16.0186,nan,1,1,170.631,2985984.0
closed_eye_0887.jpg_face_1,cerrado,B10,170.795,0.075546,9.5131,85.0928,29.15,23.2625,BIEN,8.9904,0.595255,10.277,50.1784,0.074747,0.141295,1.0574,87.0328,1,1,167.785,2985984.0
closed_eye_0887.jpg_face_1,cerrado,B15,170.795,0.075546,14.4814,113.5579,10.6985,27.8984,BIEN,12.1078,0.738674,8.0391,33.5122,0.062242,0.097371,17.6099,28.8907,1,1,168.401,2985984.0
closed_eye_0887.jpg_face_1,cerrado,B25,170.795,0.075546,24.5157,153.0984,6.4696,31.8572,BIEN,18.3763,0.810535,5.8158,10.3613,0.067517,0.085381,10.6269,13.0197,1,1,179.029,2985984.0
closed_eye_0887.jpg_face_1,cerrado,B40,170.795,0.075546,39.5321,146.2852,6.943,31.7218,BIEN,17.3927,0.827806,7.4387,14.3504,0.067198,0.073974,11.0504,2.0797,1,1,168.336,2985984.0
closed_eye_0888.BMP_face_1,cerrado,B5,108.4231,0.053805,4.5241,45.2785,99.9851,14.729,CRITICA,11.2987,0.428256,15.1826,58.239,0.123838,nan,130.1617,nan,1,1,276.595,4064256.0
closed_eye_0888.BMP_face_1,cerrado,B10,108.4231,0.053805,9.4672,84.7814,39.0606,20.9348,BIEN,18.5017,0.700735,10.1491,21.805,0.07366,0.194736,36.9029,261.9319,1,1,332.182,4064256.0
closed_eye_0888.BMP_face_1,cerrado,B15,108.4231,0.053805,14.5709,114.1313,9.3341,22.928,BIEN,24.4996,0.762911,7.8093,5.2648,0.062645,0.136987,16.4312,154.5999,1,1,326.19,4064256.0
closed_eye_0888.BMP_face_1,cerrado,B25,108.4231,0.053805,24.4858,153.5664,0.0,24.4787,BIEN,14.726,0.734796,5.686,41.6362,0.068336,0.115072,27.0073,113.8693,1,1,355.973,4064256.0
closed_eye_0888.BMP_face_1,cerrado,B40,108.4231,0.053805,39.5004,146.8227,0.0,25.5081,BIEN,16.0601,0.774065,7.2943,35.4164,0.059448,0.079144,10.4893,47.0941,1,1,355.429,4064256.0
closed_eye_0890.jpg_face_1,cerrado,B5,151.4908,0.055394,4.3662,44.631,99.9383,20.6461,CRITICA,6.8007,0.350889,15.3042,70.5388,0.109366,nan,97.4313,nan,1,1,189.065,14017536.0
closed_eye_0890.jpg_face_1,cerrado,B10,151.4908,0.055394,9.4543,82.7586,40.5982,30.9976,BIEN,10.3839,0.666825,10.3105,45.3705,0.043722,0.138118,21.0721,149.3358,1,1,191.34,14017536.0
closed_eye_0890.jpg_face_1,cerrado,B15,151.4908,0.055394,14.503,110.7897,22.3435,36.7441,BIEN,14.0454,0.806809,8.0815,26.867,0.054217,0.112613,2.1263,103.2927,1,1,198.114,14017536.0
closed_eye_0890.jpg_face_1,cerrado,B25,151.4908,0.055394,24.518,148.4215,7.9019,40.6606,BIEN,18.9148,0.836425,6.0516,2.0261,0.041609,0.085276,24.8861,53.9436,1,1,189.955,14017536.0
closed_eye_0890.jpg_face_1,cerrado,B40,151.4908,0.055394,39.5037,141.9829,10.862,41.098,BIEN,18.9044,0.869904,7.7022,6.2762,0.065689,0.079147,18.5842,42.8791,1,1,156.73,14017536.0
closed_eye_0899.jpg_face_1,cerrado,B5,101.303,0.103857,4.4844,44.8214,89.7203,24.0084,CRITICA,12.1004,0.555618,14.8578,55.7551,0.122532,0.186474,17.9815,79.5492,1,1,229.674,11943936.0
closed_eye_0899.jpg_face_1,cerrado,B10,101.303,0.103857,9.4928,81.8712,51.4297,35.2512,BIEN,19.5198,0.846157,10.2046,19.1819,0.100212,0.178036,3.5097,71.4248,1,1,214.707,11943936.0
closed_eye_0899.jpg_face_1,cerrado,B15,101.303,0.103857,14.4822,109.128,28.0349,40.6103,BIEN,23.3323,0.872185,8.0831,7.7243,0.115132,0.132177,10.8567,27.2689,1,1,221.18,11943936.0
closed_eye_0899.jpg_face_1,cerrado,B25,101.303,0.103857,24.4974,146.5763,7.0526,42.8587,BIEN,14.4417,0.782465,6.1126,44.6909,0.116994,0.152547,12.6493,46.8817,1,1,234.929,11943936.0
closed_eye_0899.jpg_face_1,cerrado,B40,101.303,0.103857,39.4953,140.0284,12.2092,44.3152,BIEN,15.7356,0.820461,7.7959,38.2273,0.123196,0.127073,18.6207,22.3544,1,1,237.051,11943936.0
closed_eye_0902.jpg_face_1,cerrado,B5,130.6937,0.095417,4.3403,44.7143,100.0,13.4877,CRITICA,8.9736,0.473625,15.4762,65.787,0.130265,nan,36.521,nan,1,1,189.71,14017536.0
closed_eye_0902.jpg_face_1,cerrado,B10,130.6937,0.095417,9.5941,85.1099,28.4917,21.5014,BIEN,14.294,0.784932,10.1485,34.8784,0.094589,nan,0.8686,nan,1,1,188.2,14017536.0
closed_eye_0902.jpg_face_1,cerrado,B15,130.6937,0.095417,14.4879,114.5156,8.8015,25.9401,BIEN,21.291,0.884012,7.8561,12.3787,0.108788,0.137934,14.013,44.5583,1,1,120.446,14017536.0
closed_eye_0902.jpg_face_1,cerrado,B25,130.6937,0.095417,24.4822,154.1707,4.1536,29.5764,BIEN,19.7308,0.891376,5.6823,17.9634,0.090896,0.113864,4.7382,19.3326,1,1,196.375,14017536.0
closed_eye_0902.jpg_face_1,cerrado,B40,130.6937,0.095417,39.5135,147.3274,4.7368,29.4138,BIEN,22.108,0.91544,7.2856,12.7272,0.100806,0.124753,5.6477,30.7442,1,1,145.157,14017536.0
closed_eye_0903.jpg_face_1,cerrado,B5,118.3219,0.065012,4.3568,45.5247,98.9538,15.5233,CRITICA,10.3875,0.532922,15.548,61.5247,0.119559,nan,83.9027,nan,1,1,19.29,40144896.0
closed_eye_0903.jpg_face_1,cerrado,B10,118.3219,0.065012,9.4981,84.8192,38.3848,23.6355,BIEN,16.6509,0.833352,10.3629,28.3149,0.100097,nan,53.9671,nan,1,1,20.518,40144896.0
closed_eye_0903.jpg_face_1,cerrado,B15,118.3219,0.065012,14.5351,113.7328,9.5701,27.7948,BIEN,24.5506,0.910839,8.049,3.8785,0.073819,0.131217,13.5469,101.836,1,1,19.941,40144896.0
closed_eye_0903.jpg_face_1,cerrado,B25,118.3219,0.065012,24.5067,152.8666,3.0036,30.9186,BIEN,16.5255,0.87364,5.8925,29.1955,0.085436,0.120434,31.4161,85.2498,1,1,17.791,40144896.0
closed_eye_0903.jpg_face_1,cerrado,B40,118.3219,0.065012,39.5036,145.8128,3.5248,31.146,BIEN,18.3434,0.908373,7.528,23.234,0.072491,0.088041,11.5037,35.4229,1,1,20.951,40144896.0
closed_eye_0912.jpg_face_1,cerrado,B5,96.374,0.058151,4.4936,45.2752,99.8712,18.0784,CRITICA,13.3299,0.562665,15.3213,53.0214,0.069664,0.226294,19.7993,289.1528,1,1,235.855,8294400.0
closed_eye_0912.jpg_face_1,cerrado,B10,96.374,0.058151,9.4273,83.1798,43.475,26.3583,BIEN,22.3645,0.865844,10.5227,13.6907,0.071216,0.180059,22.4682,209.643,1,1,297.194,8294400.0
closed_eye_0912.jpg_face_1,cerrado,B15,96.374,0.058151,14.5033,111.6831,16.0077,30.9757,BIEN,22.3846,0.870472,8.2664,15.8851,0.082045,0.133294,41.091,129.2225,1,1,352.262,8294400.0
closed_eye_0912.jpg_face_1,cerrado,B25,96.374,0.058151,24.4994,149.3851,5.5896,33.8375,BIEN,13.4463,0.785651,6.2002,55.0056,0.069598,0.074528,19.6855,28.1637,1,1,322.04,8294400.0
closed_eye_0912.jpg_face_1,cerrado,B40,96.374,0.058151,39.4791,143.0671,6.9605,34.283,BIEN,14.5641,0.824035,7.8428,48.4498,0.067905,0.061732,16.7746,6.159,1,1,304.405,8294400.0
closed_eye_0918.jpg_face_4,cerrado,B5,97.9489,0.147616,4.506,44.8615,100.0,18.9498,CRITICA,12.9011,0.540561,15.1285,54.1991,nan,nan,nan,nan,1,0,356.366,746496.0
closed_eye_0918.jpg_face_4,cerrado,B10,97.9489,0.147616,9.3721,82.98,35.0262,29.2531,BIEN,22.2201,0.836818,10.2525,15.2824,0.209734,nan,42.0809,nan,1,1,389.484,746496.0
closed_eye_0918.jpg_face_4,cerrado,B15,97.9489,0.147616,14.5097,111.3256,14.6507,36.0701,BIEN,24.057,0.865465,7.9988,13.6568,nan,0.241201,nan,63.3977,1,0,417.327,746496.0
closed_eye_0918.jpg_face_4,cerrado,B25,97.9489,0.147616,24.4657,148.928,9.1413,42.1209,BIEN,13.6567,0.793167,5.9089,52.0466,0.206672,0.244436,40.0061,65.5889,1,1,371.581,746496.0
closed_eye_0918.jpg_face_4,cerrado,B40,97.9489,0.147616,39.4629,142.8695,9.7261,42.0047,BIEN,14.7417,0.828763,7.5284,45.8612,0.209589,0.199029,41.9822,34.8287,1,1,527.649,746496.0
closed_eye_0919.jpg_face_2,cerrado,B5,168.187,0.066996,4.5796,48.4011,100.0,4.9408,CRITICA,6.1984,0.430979,14.9887,71.2219,nan,nan,nan,nan,1,0,256.852,8294400.0
closed_eye_0919.jpg_face_2,cerrado,B10,168.187,0.066996,9.7071,88.5537,8.7923,6.466,BIEN,9.7842,0.748726,9.8634,47.3481,0.108232,nan,61.5495,nan,1,1,291.503,8294400.0
closed_eye_0919.jpg_face_2,cerrado,B15,168.187,0.066996,14.6424,118.1575,0.0,7.6706,BIEN,13.5686,0.843431,7.5869,29.7464,0.09576,nan,42.934,nan,1,1,265.88,8294400.0
closed_eye_0919.jpg_face_2,cerrado,B25,168.187,0.066996,24.3875,157.6535,0.0,8.1051,BIEN,23.1672,0.929717,5.4813,6.263,0.085943,nan,28.2804,nan,1,1,294.551,8294400.0
closed_eye_0919.jpg_face_2,cerrado,B40,168.187,0.066996,39.5274,151.0815,0.0,8.196,BIEN,20.964,0.933533,7.0556,10.1705,0.085728,0.175219,27.9599,161.5364,1,1,249.234,8294400.0
closed_eye_0919.jpg_face_3,cerrado,B5,166.0357,0.170347,4.3849,45.962,100.0,8.7356,CRITICA,6.1507,0.422449,15.43,72.318,0.178528,nan,4.8027,nan,1,1,174.84,14017536.0
closed_eye_0919.jpg_face_3,cerrado,B10,166.0357,0.170347,9.5467,86.4395,24.9689,13.0797,BIEN,9.678,0.706829,10.107,47.9392,0.197867,nan,16.1555,nan,1,1,210.775,14017536.0
closed_eye_0919.jpg_face_3,cerrado,B15,166.0357,0.170347,14.5412,116.7241,3.0438,15.1464,BIEN,13.5277,0.836583,7.7185,29.6994,0.188005,0.203195,10.366,19.2831,1,1,181.521,14017536.0
closed_eye_0919.jpg_face_3,cerrado,B25,166.0357,0.170347,24.5213,157.3331,0.0,15.864,BIEN,22.4516,0.902463,5.5316,5.2414,0.189525,0.237461,11.2581,39.3983,1,1,117.089,14017536.0
closed_eye_0919.jpg_face_3,cerrado,B40,166.0357,0.170347,39.4693,149.8826,0.0,16.2344,BIEN,20.6537,0.914603,7.1356,9.7287,0.183582,0.190739,7.7694,11.971,1,1,195.404,14017536.0
closed_eye_0927.jpg_face_1,cerrado,B5,131.7272,0.084139,4.2593,44.4826,99.9773,19.8601,CRITICA,8.4909,0.449913,15.5899,66.2313,0.064972,nan,22.7804,nan,1,1,46.938,21233664.0
closed_eye_0927.jpg_face_1,cerrado,B10,131.7272,0.084139,9.6179,83.1272,29.0466,33.8571,BIEN,13.4334,0.76938,10.2449,36.8945,0.07619,0.07367,9.4478,12.4423,1,1,49.235,21233664.0
closed_eye_0927.jpg_face_1,cerrado,B15,131.7272,0.084139,14.4465,110.049,17.1676,42.3568,BIEN,18.8291,0.87256,8.0473,16.4569,0.083422,0.075813,0.8519,9.8957,1,1,48.836,21233664.0
closed_eye_0927.jpg_face_1,cerrado,B25,131.7272,0.084139,24.5215,146.0931,12.5013,52.6062,BIEN,20.3535,0.868141,6.0309,10.9057,0.084227,0.063721,0.1038,24.2669,1,1,46.312,21233664.0
closed_eye_0927.jpg_face_1,cerrado,B40,131.7272,0.084139,39.4953,140.2303,13.1947,51.3855,BIEN,22.1367,0.895667,7.6636,6.455,0.082259,0.073882,2.2347,12.1903,1,1,49.667,21233664.0
closed_eye_0948.jpg_face_2,cerrado,B5,98.5756,0.046127,4.3939,44.3823,99.9143,22.8265,CRITICA,12.4478,0.538141,15.1867,54.9764,0.064785,nan,40.4488,nan,1,1,170.509,2985984.0
closed_eye_0948.jpg_face_2,cerrado,B10,98.5756,0.046127,9.5228,82.0201,32.9561,37.0233,BIEN,21.3442,0.846711,10.2016,16.7947,0.045944,0.12325,0.3985,167.1947,1,1,163.172,2985984.0
closed_eye_0948.jpg_face_2,cerrado,B15,98.5756,0.046127,14.4422,108.4665,21.6907,45.312,BIEN,24.6207,0.882512,8.0353,10.0338,0.054436,0.100204,18.012,117.2325,1,1,160.818,2985984.0
closed_eye_0948.jpg_face_2,cerrado,B25,98.5756,0.046127,24.4951,144.4622,17.8584,53.4211,BIEN,14.2985,0.806063,6.0622,46.5496,0.046387,0.064885,0.5629,40.6648,1,1,169.924,2985984.0
closed_eye_0948.jpg_face_2,cerrado,B40,98.5756,0.046127,39.4811,138.6542,18.8529,53.0039,BIEN,15.4453,0.842448,7.7111,40.6577,0.026035,0.060984,43.5588,32.2084,1,1,124.891,2985984.0
closed_eye_0957.JPG_face_1,cerrado,B5,158.9926,0.042141,4.383,44.9675,100.0,18.5861,CRITICA,6.4572,0.374497,15.4562,71.7172,0.081674,nan,93.8104,nan,1,1,4.126,215737344.0
closed_eye_0957.JPG_face_1,cerrado,B10,158.9926,0.042141,9.446,84.2301,37.122,28.7786,BIEN,10.0128,0.667542,10.2569,47.0226,0.052079,0.147646,23.5823,250.3632,1,1,28.036,215737344.0
closed_eye_0957.JPG_face_1,cerrado,B15,158.9926,0.042141,14.5096,111.8975,24.0853,34.7472,BIEN,13.5016,0.805903,8.083,29.621,0.05161,0.12088,22.4711,186.8469,1,1,27.192,215737344.0
closed_eye_0957.JPG_face_1,cerrado,B25,158.9926,0.042141,24.4532,150.3171,5.3256,38.9252,BIEN,19.5719,0.859169,5.941,5.4566,0.052039,0.088762,23.4886,110.6321,1,1,29.1,215737344.0
closed_eye_0957.JPG_face_1,cerrado,B40,158.9926,0.042141,39.4821,143.6561,7.4033,39.6781,BIEN,19.2258,0.888218,7.5857,9.646,0.062868,0.065845,49.1856,56.2488,1,1,11.274,215737344.0
closed_eye_0985.jpg_face_1,cerrado,B5,86.7947,0.052583,4.5484,44.3317,96.7978,25.3635,CRITICA,14.4644,0.599182,15.0865,48.9234,0.084248,0.147509,60.2192,180.527,1,1,256.99,2073600.0
closed_eye_0985.jpg_face_1,cerrado,B10,86.7947,0.052583,9.5111,80.0964,43.6343,39.1813,BIEN,24.1931,0.847578,10.4982,7.7174,0.049916,0.096243,5.0723,83.0312,1,1,268.882,2073600.0
closed_eye_0985.jpg_face_1,cerrado,B15,86.7947,0.052583,14.5033,105.8657,33.6399,45.9451,BIEN,21.0623,0.824338,8.469,21.9726,0.053945,0.097005,2.5899,84.4801,1,1,297.177,2073600.0
closed_eye_0985.jpg_face_1,cerrado,B25,86.7947,0.052583,24.5054,141.1939,22.1274,51.0882,BIEN,13.1115,0.709663,6.5764,62.6758,0.057365,0.068651,9.0955,30.5576,1,1,299.079,2073600.0
closed_eye_0985.jpg_face_1,cerrado,B40,86.7947,0.052583,39.4798,135.5814,25.2632,51.8253,BIEN,14.0855,0.754063,8.2849,56.2093,0.045796,0.062421,12.9076,18.7102,1,1,307.977,2073600.0
closed_eye_1008.jpeg_face_1,cerrado,B5,133.9743,0.042615,4.4428,44.9096,99.9924,24.8915,CRITICA,7.925,0.42167,14.9265,66.4789,0.041889,0.113809,1.7035,167.0615,1,1,29.707,60466176.0
closed_eye_1008.jpeg_face_1,cerrado,B10,133.9743,0.042615,9.4784,80.7089,29.8821,42.7852,BIEN,12.3884,0.674213,9.9603,39.7579,0.051129,0.067351,19.9788,58.044,1,1,31.029,60466176.0
closed_eye_1008.jpeg_face_1,cerrado,B15,133.9743,0.042615,14.5072,106.5721,23.7276,54.2299,BIEN,17.0946,0.792983,7.8844,20.4533,0.036031,0.041283,15.4502,3.1262,1,1,20.307,60466176.0
closed_eye_1008.jpeg_face_1,cerrado,B25,133.9743,0.042615,24.4812,139.1407,20.2556,67.0204,BIEN,21.5083,0.842407,6.047,3.8563,0.052659,0.039909,23.5684,6.3502,1,1,19.56,60466176.0
closed_eye_1008.jpeg_face_1,cerrado,B40,133.9743,0.042615,39.4878,134.6756,20.7506,64.7488,BIEN,22.5763,0.892309,7.706,0.5235,0.053452,0.046032,25.429,8.0173,1,1,21.231,60466176.0
closed_eye_1056.jpg_face_1,cerrado,B5,118.0756,0.073647,4.4441,44.304,100.0,21.3127,CRITICA,10.068,0.474955,14.9836,62.4783,0.08124,nan,10.3093,nan,1,1,213.074,2985984.0
closed_eye_1056.jpg_face_1,cerrado,B10,118.0756,0.073647,9.4914,82.7338,31.0074,34.8896,BIEN,15.7328,0.785945,10.1959,29.9315,0.069951,0.142349,5.019,93.2855,1,1,209.679,2985984.0
closed_eye_1056.jpg_face_1,cerrado,B15,118.0756,0.073647,14.3825,109.8716,22.0475,42.0295,BIEN,23.9336,0.875669,7.9615,6.9481,0.073678,0.104984,0.0417,42.5504,1,1,224.537,2985984.0
closed_eye_1056.jpg_face_1,cerrado,B25,118.0756,0.073647,24.4579,146.8271,16.38,49.3052,BIEN,18.269,0.847077,5.9505,24.3501,0.065034,0.080791,11.6951,9.7004,1,1,207.207,2985984.0
closed_eye_1056.jpg_face_1,cerrado,B40,118.0756,0.073647,39.5099,141.094,17.3382,48.329,BIEN,19.948,0.878472,7.566,19.4947,0.058882,0.066789,20.048,9.3117,1,1,214.202,2985984.0
closed_eye_1073.jpg_face_2,cerrado,B5,130.2073,0.064921,4.4971,45.5416,99.2041,14.6527,CRITICA,8.7414,0.427429,15.1163,65.0238,0.060948,nan,6.1198,nan,1,1,233.836,11943936.0
closed_eye_1073.jpg_face_2,cerrado,B10,130.2073,0.064921,9.4583,82.5367,42.8863,21.9345,BIEN,13.0556,0.723743,10.4772,36.6113,0.069701,0.105612,7.3626,62.6771,1,1,252.118,11943936.0
closed_eye_1073.jpg_face_2,cerrado,B15,130.2073,0.064921,14.4988,109.2312,14.4507,24.8337,BIEN,17.3806,0.823535,8.4325,16.1097,0.054689,0.067923,15.7608,4.6239,1,1,282.302,11943936.0
closed_eye_1073.jpg_face_2,cerrado,B25,130.2073,0.064921,24.4795,146.5717,0.0,26.2497,BIEN,18.5343,0.804157,6.5044,12.568,0.070551,0.058078,8.6715,10.5402,1,1,237.231,11943936.0
closed_eye_1073.jpg_face_2,cerrado,B40,130.2073,0.064921,39.5083,140.3935,0.034,27.1003,BIEN,19.76,0.852267,8.1824,7.8231,0.066033,0.054531,1.7125,16.0033,1,1,270.416,11943936.0
closed_eye_1077.jpg_face_3,cerrado,B5,162.1144,0.058245,4.5155,45.7144,100.0,10.5907,CRITICA,6.5398,0.30646,15.3837,71.8011,0.174382,nan,199.3942,nan,1,1,265.823,6718464.0
closed_eye_1077.jpg_face_3,cerrado,B10,162.1144,0.058245,9.4585,85.8264,32.5788,15.5219,BIEN,10.0349,0.591836,10.3104,47.0581,0.117672,nan,102.0296,nan,1,1,278.629,6718464.0
closed_eye_1077.jpg_face_3,cerrado,B15,162.1144,0.058245,14.4268,114.9106,3.8348,18.3063,BIEN,13.7884,0.719604,7.9712,29.1176,0.107879,0.186159,85.2156,219.6143,1,1,284.827,6718464.0
closed_eye_1077.jpg_face_3,cerrado,B25,162.1144,0.058245,24.4454,155.2378,0.4848,19.4694,BIEN,20.9787,0.787875,5.7382,4.2418,0.09306,0.14725,59.774,152.8129,1,1,355.038,6718464.0
closed_eye_1077.jpg_face_3,cerrado,B40,162.1144,0.058245,39.4932,148.3886,0.6406,20.0146,BIEN,20.1856,0.811676,7.3298,8.4667,0.081917,0.127345,40.6429,118.6375,1,1,285.413,6718464.0
closed_eye_1079.jpg_face_1,cerrado,B5,191.7689,0.065828,4.326,44.3694,100.0,16.9168,CRITICA,4.3348,0.297483,15.5517,76.8631,0.044854,nan,31.8619,nan,1,1,340.055,5308416.0
closed_eye_1079.jpg_face_1,cerrado,B10,191.7689,0.065828,9.3286,83.4038,22.8752,28.3092,BIEN,6.9561,0.557942,10.3455,56.5082,0.062645,nan,4.8362,nan,1,1,355.379,5308416.0
closed_eye_1079.jpg_face_1,cerrado,B15,191.7689,0.065828,14.3114,112.2408,14.0796,35.7633,BIEN,9.5391,0.714885,7.9685,41.4708,0.057067,nan,13.3098,nan,1,1,314.031,5308416.0
closed_eye_1079.jpg_face_1,cerrado,B25,191.7689,0.065828,24.4741,150.9026,11.0069,43.5366,BIEN,14.7147,0.824227,5.7801,21.3102,0.064033,0.114982,2.7275,74.669,1,1,279.994,5308416.0
closed_eye_1079.jpg_face_1,cerrado,B40,191.7689,0.065828,39.5141,144.9471,11.5336,42.3032,BIEN,13.7466,0.83056,7.3679,24.4158,0.061793,0.065008,6.1295,1.2464,1,1,366.448,5308416.0
closed_eye_1101.jpg_face_2,cerrado,B5,147.5879,0.091769,4.3821,43.8107,99.9906,22.8789,CRITICA,6.9904,0.363142,15.3567,70.3155,0.119358,0.181867,30.0634,98.1786,1,1,309.914,6718464.0
closed_eye_1101.jpg_face_2,cerrado,B10,147.5879,0.091769,9.4339,81.6481,48.6018,35.0814,BIEN,10.6664,0.676677,10.3283,44.6783,0.084683,0.150678,7.7216,64.1915,1,1,343.666,6718464.0
closed_eye_1101.jpg_face_2,cerrado,B15,147.5879,0.091769,14.4707,109.133,25.7109,41.012,BIEN,14.3011,0.801495,8.1485,26.0556,0.092288,0.130086,0.5651,41.7534,1,1,310.174,6718464.0
closed_eye_1101.jpg_face_2,cerrado,B25,147.5879,0.091769,24.4692,146.4158,13.0657,44.7601,BIEN,18.679,0.828203,6.1199,0.7942,0.08735,0.113266,4.8161,23.4245,1,1,316.606,6718464.0
closed_eye_1101.jpg_face_2,cerrado,B40,147.5879,0.091769,39.4813,140.3972,15.3755,45.4227,BIEN,18.9089,0.859978,7.7682,4.8721,0.087578,0.107406,4.5671,17.0388,1,1,308.356,6718464.0
closed_eye_1113.jpg_face_3,cerrado,B5,87.9982,0.06354,4.4866,44.6026,92.0676,28.3363,CRITICA,14.158,0.61047,14.6464,49.3142,0.052813,0.159896,16.8831,151.6442,1,1,57.689,21233664.0
closed_eye_1113.jpg_face_3,cerrado,B10,87.9982,0.06354,9.4335,79.2873,41.8167,43.8233,CRITICA,23.9224,0.868655,10.245,9.899,0.065306,0.09449,2.7792,48.7081,1,1,57.22,21233664.0
closed_eye_1113.jpg_face_3,cerrado,B15,87.9982,0.06354,14.5157,104.9018,31.517,53.239,BIEN,21.473,0.866399,8.1761,19.209,0.077708,0.060086,22.2965,5.437,1,1,50.053,21233664.0
closed_eye_1113.jpg_face_3,cerrado,B25,87.9982,0.06354,24.4767,137.7286,23.1879,62.0337,BIEN,13.4848,0.764913,6.4316,56.5129,0.078155,0.056642,23.0007,10.8563,1,1,51.918,21233664.0
closed_eye_1113.jpg_face_3,cerrado,B40,87.9982,0.06354,39.5477,133.177,24.8214,61.2469,BIEN,14.3733,0.80367,8.1239,51.3406,0.065538,0.060519,3.1447,4.7555,1,1,55.311,21233664.0
closed_eye_1117.jpg_face_1,cerrado,B5,104.8559,0.052401,4.4123,45.7956,99.1753,10.4402,CRITICA,12.4514,0.482567,15.5902,56.3252,nan,nan,nan,nan,1,0,427.991,746496.0
closed_eye_1117.jpg_face_1,cerrado,B10,104.8559,0.052401,9.3294,85.8446,31.25,14.8653,BIEN,21.1617,0.788936,10.4696,18.1309,nan,nan,nan,nan,1,0,386.608,746496.0
closed_eye_1117.jpg_face_1,cerrado,B15,104.8559,0.052401,14.5551,116.1766,1.9531,16.8031,BIEN,24.8556,0.845142,7.988,10.7965,nan,nan,nan,nan,1,0,331.994,746496.0
closed_eye_1117.jpg_face_1,cerrado,B25,104.8559,0.052401,24.4583,156.5755,0.9983,17.9658,BIEN,13.6716,0.816483,5.7234,49.3245,0.088512,0.144335,68.9129,175.4419,1,1,384.763,746496.0
closed_eye_1117.jpg_face_1,cerrado,B40,104.8559,0.052401,39.5534,149.7153,1.2587,18.3688,BIEN,14.9133,0.856812,7.3083,42.7819,0.085271,0.103738,62.7276,97.9677,1,1,315.428,746496.0
closed_eye_1118.jpg_face_1,cerrado,B5,120.1329,0.078878,4.5756,44.7881,99.7673,28.4212,CRITICA,9.3287,0.48826,14.4222,62.7179,0.079209,nan,0.4205,nan,1,1,39.479,26873856.0
closed_eye_1118.jpg_face_1,cerrado,B10,120.1329,0.078878,9.5022,79.9253,33.6048,47.4292,CRITICA,14.4481,0.750842,9.9037,33.4693,0.064563,0.218358,18.1484,176.8308,1,1,37.128,26873856.0
closed_eye_1118.jpg_face_1,cerrado,B15,120.1329,0.078878,14.3812,103.4531,28.5657,59.1979,BIEN,20.5975,0.828434,7.9081,13.8845,0.051443,0.157875,34.781,100.1518,1,1,38.484,26873856.0
closed_eye_1118.jpg_face_1,cerrado,B25,120.1329,0.078878,24.5261,135.9146,25.8543,72.7728,BIEN,20.8532,0.844936,6.1419,13.1369,0.05985,0.113948,24.1233,44.4613,1,1,38.129,26873856.0
closed_eye_1118.jpg_face_1,cerrado,B40,120.1329,0.078878,39.4184,131.3314,26.3487,70.9128,BIEN,22.674,0.890335,7.8167,9.3218,0.049941,0.080766,36.6853,2.3943,1,1,38.426,26873856.0
closed_eye_1119.jpg_face_1,cerrado,B5,158.9357,0.063286,4.3681,44.0854,100.0,22.5713,CRITICA,6.1889,0.330823,15.2528,72.2621,0.078851,nan,24.5954,nan,1,1,64.751,16257024.0
closed_eye_1119.jpg_face_1,cerrado,B10,158.9357,0.063286,9.3749,81.8301,36.8281,35.4891,BIEN,9.5094,0.638619,10.2573,48.5137,0.068422,0.16634,8.1161,162.8399,1,1,62.886,16257024.0
closed_eye_1119.jpg_face_1,cerrado,B15,158.9357,0.063286,14.5082,109.4693,26.2199,42.5633,BIEN,12.8496,0.783778,8.0453,31.1235,0.061077,0.113871,3.4899,79.932,1,1,60.644,16257024.0
closed_eye_1119.jpg_face_1,cerrado,B25,158.9357,0.063286,24.4842,146.7043,16.1953,48.3296,BIEN,18.4859,0.84327,6.0204,7.6959,0.064677,0.083674,2.1979,32.2159,1,1,66.116,16257024.0
closed_eye_1119.jpg_face_1,cerrado,B40,158.9357,0.063286,39.5054,140.6499,18.3864,48.4544,BIEN,17.9655,0.869821,7.6635,11.5052,0.066538,0.07756,5.1398,22.5561,1,1,68.477,16257024.0
closed_eye_1120.jpg_face_1,cerrado,B5,121.486,0.035495,4.3512,45.4527,97.0712,16.2445,CRITICA,10.1052,0.498977,15.6492,62.5861,0.106304,nan,199.4936,nan,1,1,25.854,36578304.0
closed_eye_1120.jpg_face_1,cerrado,B10,121.486,0.035495,9.4623,84.4704,40.6052,24.5933,BIEN,15.7617,0.776932,10.5651,30.469,0.03463,0.200473,2.4367,464.7979,1,1,26.411,36578304.0
closed_eye_1120.jpg_face_1,cerrado,B15,121.486,0.035495,14.5345,112.6285,12.2335,29.0049,BIEN,22.2534,0.84225,8.2927,7.2909,0.026179,0.166335,26.2449,368.6211,1,1,26.486,36578304.0
closed_eye_1120.jpg_face_1,cerrado,B25,121.486,0.035495,24.4885,150.3459,2.429,31.6929,BIEN,17.68,0.828162,6.2474,23.7558,0.019507,0.094793,45.0419,167.0634,1,1,21.293,36578304.0
closed_eye_1120.jpg_face_1,cerrado,B40,121.486,0.035495,39.4965,143.9244,3.0662,32.3037,BIEN,19.4274,0.868484,7.8767,18.47,0.022479,0.043071,36.6692,21.3441,1,1,28.215,36578304.0
closed_eye_1126.jpg_face_1,cerrado,B5,107.8697,0.065477,4.516,44.6694,99.5002,23.7498,CRITICA,10.8758,0.467143,14.9387,58.5895,0.131007,nan,100.0795,nan,1,1,389.014,746496.0
closed_eye_1126.jpg_face_1,cerrado,B10,107.8697,0.065477,9.3879,80.9908,36.4091,35.6884,BIEN,17.3426,0.781666,10.1739,24.9179,0.085007,0.152647,29.8262,133.1298,1,1,405.564,746496.0
closed_eye_1126.jpg_face_1,cerrado,B15,107.8697,0.065477,14.4802,108.213,26.4514,44.0278,BIEN,24.4575,0.847705,7.9939,0.3183,0.092662,0.159649,41.5176,143.8236,1,1,343.477,746496.0
closed_eye_1126.jpg_face_1,cerrado,B25,107.8697,0.065477,24.466,143.8116,16.3783,51.1468,BIEN,16.2608,0.797427,6.0833,33.3198,0.069427,0.099888,6.0317,52.5541,1,1,493.535,746496.0
closed_eye_1126.jpg_face_1,cerrado,B40,107.8697,0.065477,39.5075,138.5671,18.1469,50.9963,BIEN,17.5638,0.83055,7.7314,28.4579,0.076769,0.084593,17.2449,29.1946,1,1,389.985,746496.0
closed_eye_1127.jpg_face_1,cerrado,B5,143.5473,0.030132,4.4332,45.145,99.4358,17.2836,CRITICA,7.7981,0.354687,15.185,68.5505,0.159909,nan,430.7014,nan,1,1,427.204,746496.0
closed_eye_1127.jpg_face_1,cerrado,B10,143.5473,0.030132,9.4249,84.7478,47.0052,24.9857,BIEN,11.8212,0.69054,10.3005,40.9617,nan,0.180225,nan,498.1244,1,0,433.839,746496.0
closed_eye_1127.jpg_face_1,cerrado,B15,143.5473,0.030132,14.4197,113.2361,12.717,28.3103,BIEN,16.3244,0.805392,7.9941,21.1158,0.086139,0.159284,185.8749,428.6251,1,1,434.48,746496.0
closed_eye_1127.jpg_face_1,cerrado,B25,143.5473,0.030132,24.5117,152.9831,0.9549,29.7839,BIEN,19.88,0.836915,5.8523,6.5733,0.06446,0.139949,113.9276,364.4563,1,1,433.99,746496.0
closed_eye_1127.jpg_face_1,cerrado,B40,143.5473,0.030132,39.4731,145.8832,2.3003,30.9422,BIEN,20.9857,0.87094,7.4747,1.6273,0.057296,0.102213,90.1533,239.2204,1,1,281.92,746496.0
closed_eye_1139.BMP_face_1,cerrado,B5,191.8365,0.087193,4.3747,45.1286,100.0,11.9796,CRITICA,4.4842,0.353989,15.4105,76.4755,0.118952,nan,36.4234,nan,1,1,65.951,16257024.0
closed_eye_1139.BMP_face_1,cerrado,B10,191.8365,0.087193,9.6321,86.7039,20.1498,19.2162,BIEN,7.2128,0.627218,10.182,54.8032,0.078167,nan,10.3518,nan,1,1,59.141,16257024.0
closed_eye_1139.BMP_face_1,cerrado,B15,191.8365,0.087193,14.4143,115.1687,7.9218,23.0523,BIEN,9.8167,0.778344,7.8879,39.9652,0.082841,nan,4.9921,nan,1,1,60.964,16257024.0
closed_eye_1139.BMP_face_1,cerrado,B25,191.8365,0.087193,24.4615,154.917,4.316,26.6493,BIEN,15.1859,0.879834,5.6628,19.2453,0.071171,0.121302,18.3753,39.1188,1,1,62.959,16257024.0
closed_eye_1139.BMP_face_1,cerrado,B40,191.8365,0.087193,39.479,148.0423,4.6459,26.2683,BIEN,14.1337,0.885695,7.2528,22.8289,0.069179,0.094364,20.6605,8.2237,1,1,60.181,16257024.0
closed_eye_1152.jpg_face_1,cerrado,B5,193.0995,0.073798,4.3648,45.5288,100.0,12.8321,CRITICA,4.4972,0.303824,15.4899,76.4221,0.082068,nan,11.2058,nan,1,1,178.965,14017536.0
closed_eye_1152.jpg_face_1,cerrado,B10,193.0995,0.073798,9.387,85.7311,29.0472,19.9366,BIEN,7.1634,0.578285,10.3305,55.6026,0.067765,0.168327,8.1749,128.0899,1,1,215.253,14017536.0
closed_eye_1152.jpg_face_1,cerrado,B15,193.0995,0.073798,14.4702,115.2052,8.2447,23.3271,BIEN,9.8137,0.722111,7.9339,40.3389,0.075948,0.113309,2.9127,53.5389,1,1,220.99,14017536.0
closed_eye_1152.jpg_face_1,cerrado,B25,193.0995,0.073798,24.5098,155.2787,2.568,26.8129,BIEN,14.992,0.841553,5.7174,19.5861,0.07871,0.075179,6.6562,1.8714,1,1,201.082,14017536.0
closed_eye_1152.jpg_face_1,cerrado,B40,193.0995,0.073798,39.4724,148.391,2.9655,26.7496,BIEN,13.9932,0.851181,7.3006,23.1531,0.065186,0.079788,11.6706,8.1159,1,1,217.165,14017536.0
closed_eye_1153.jpg_face_1,cerrado,B5,227.012,0.030307,4.4925,46.5396,100.0,8.984,CRITICA,2.8641,0.305236,15.5518,79.4991,0.038283,nan,26.3167,nan,1,1,37.956,23970816.0
closed_eye_1153.jpg_face_1,cerrado,B10,227.012,0.030307,9.4465,86.2251,11.5617,14.4263,BIEN,5.0271,0.546255,10.3137,62.0174,0.028406,0.200033,6.2744,560.016,1,1,43.419,23970816.0
closed_eye_1153.jpg_face_1,cerrado,B15,227.012,0.030307,14.3542,115.8667,4.9432,17.0305,BIEN,7.0719,0.691381,7.8886,48.9601,0.029361,0.146927,3.1232,384.7916,1,1,42.542,23970816.0
closed_eye_1153.jpg_face_1,cerrado,B25,227.012,0.030307,24.4028,156.973,2.8342,19.8867,BIEN,10.9094,0.819066,5.618,30.8525,0.028317,0.081258,6.5668,168.1138,1,1,42.198,23970816.0
closed_eye_1153.jpg_face_1,cerrado,B40,227.012,0.030307,39.4447,150.1451,3.2123,19.6579,BIEN,10.1852,0.820395,7.1741,33.8603,0.031561,0.046436,4.1353,53.2176,1,1,42.117,23970816.0
closed_eye_1181.jpg_face_1,cerrado,B5,138.8238,0.148451,4.4157,43.9424,99.9922,24.8303,CRITICA,7.6032,0.315821,15.0298,68.3466,0.148277,0.222221,0.1169,49.6933,1,1,348.347,4064256.0
closed_eye_1181.jpg_face_1,cerrado,B10,138.8238,0.148451,9.4883,81.2431,33.31,40.1352,BIEN,11.711,0.632415,10.108,41.4776,0.130231,0.173485,12.2733,16.8638,1,1,315.338,4064256.0
closed_eye_1181.jpg_face_1,cerrado,B15,138.8238,0.148451,14.4578,107.3207,26.1295,49.4258,BIEN,15.9547,0.745106,8.0016,22.6929,0.143127,0.17568,3.5861,18.342,1,1,288.525,4064256.0
closed_eye_1181.jpg_face_1,cerrado,B25,138.8238,0.148451,24.515,142.5368,20.7654,58.5163,BIEN,20.9946,0.759066,6.0791,2.6746,0.109667,0.161209,26.1258,8.5943,1,1,371.002,4064256.0
closed_eye_1181.jpg_face_1,cerrado,B40,138.8238,0.148451,39.5029,137.1972,21.7435,57.5521,BIEN,21.5448,0.796643,7.7332,1.1717,0.115023,0.146351,22.518,1.4144,1,1,255.702,4064256.0
closed_eye_1193.jpg_face_1,cerrado,B5,176.1661,0.042686,4.4358,45.917,100.0,8.7304,CRITICA,5.605,0.349402,15.4353,73.9354,0.051465,nan,20.5681,nan,1,1,46.52,21233664.0
closed_eye_1193.jpg_face_1,cerrado,B10,176.1661,0.042686,9.5187,86.8246,25.9259,12.4726,BIEN,8.6716,0.609318,10.3079,50.7144,0.037928,nan,11.1456,nan,1,1,48.187,21233664.0
closed_eye_1193.jpg_face_1,cerrado,B15,176.1661,0.042686,14.3651,115.6843,2.353,14.6186,BIEN,11.9458,0.751315,7.9106,34.3323,0.029085,0.142617,31.8628,234.1085,1,1,47.669,21233664.0
closed_eye_1193.jpg_face_1,cerrado,B25,176.1661,0.042686,24.4673,156.7274,0.106,15.7773,BIEN,19.2338,0.827085,5.6389,11.0343,0.047975,0.104716,12.3921,145.3183,1,1,34.657,21233664.0
closed_eye_1193.jpg_face_1,cerrado,B40,176.1661,0.042686,39.4355,149.4024,0.2175,16.311,BIEN,17.7861,0.842245,7.2211,15.1923,0.047714,0.057881,11.7786,35.5967,1,1,49.062,21233664.0
closed_eye_1194.jpg_face_3,cerrado,B5,191.0719,0.050284,4.4106,46.078,100.0,9.451,CRITICA,4.7055,0.307901,15.6048,75.8845,0.081949,nan,62.9732,nan,1,1,26.255,36578304.0
closed_eye_1194.jpg_face_3,cerrado,B10,191.0719,0.050284,9.4521,86.2277,22.5958,14.4768,BIEN,7.4775,0.570962,10.3587,54.8716,0.043835,0.188588,12.8252,275.0467,1,1,26.537,36578304.0
closed_eye_1194.jpg_face_3,cerrado,B15,191.0719,0.050284,14.5151,115.6797,4.3441,17.3476,BIEN,10.2239,0.722152,7.9763,39.4575,0.036848,0.100347,26.7206,99.5605,1,1,25.855,36578304.0
closed_eye_1194.jpg_face_3,cerrado,B25,191.0719,0.050284,24.4796,156.2129,1.2565,19.7814,BIEN,15.7493,0.818491,5.7159,18.2439,0.046263,0.096613,7.9956,92.1347,1,1,26.5,36578304.0
closed_eye_1194.jpg_face_3,cerrado,B40,191.0719,0.050284,39.4834,148.8821,1.6047,19.8516,BIEN,14.6415,0.827713,7.3169,22.0806,0.035891,0.067067,28.6237,33.3766,1,1,28.266,36578304.0
closed_eye_1199.jpg_face_1,cerrado,B5,188.476,0.059254,4.3707,45.2852,100.0,11.9181,CRITICA,4.7766,0.268685,15.6789,75.973,0.05738,nan,3.1622,nan,1,1,25.84,36578304.0
closed_eye_1199.jpg_face_1,cerrado,B10,188.476,0.059254,9.3394,85.0637,26.0247,18.2715,BIEN,7.535,0.513168,10.4381,54.8676,0.022845,0.140381,61.4456,136.914,1,1,26.735,36578304.0
closed_eye_1199.jpg_face_1,cerrado,B15,188.476,0.059254,14.5001,115.1247,8.1508,22.0143,BIEN,10.3895,0.655926,7.9768,38.9181,0.02824,0.125384,52.3413,111.6034,1,1,26.467,36578304.0
closed_eye_1199.jpg_face_1,cerrado,B25,188.476,0.059254,24.4606,155.188,2.321,25.3081,BIEN,15.9717,0.75428,5.7423,17.6617,0.016742,0.096468,71.7451,62.8046,1,1,21.097,36578304.0
closed_eye_1199.jpg_face_1,cerrado,B40,188.476,0.059254,39.4906,148.3104,2.8247,25.2568,BIEN,14.9105,0.766419,7.3289,21.3107,0.030568,0.053404,48.4117,9.8735,1,1,27.65,36578304.0
closed_eye_1205.jpg_face_2,cerrado,B5,185.0702,0.026475,4.3118,44.5251,100.0,14.7973,CRITICA,4.842,0.321042,15.579,75.9415,0.022685,nan,14.3143,nan,1,1,63.852,16257024.0
closed_eye_1205.jpg_face_2,cerrado,B10,185.0702,0.026475,9.314,84.073,22.4926,24.1308,BIEN,7.6376,0.589574,10.3623,54.5724,0.01836,0.121649,30.6487,359.4946,1,1,64.04,16257024.0
closed_eye_1205.jpg_face_2,cerrado,B15,185.0702,0.026475,14.4701,113.6587,13.3436,30.0048,BIEN,10.5373,0.744526,7.9332,38.5862,0.022425,0.078603,15.2944,196.8991,1,1,64.139,16257024.0
closed_eye_1205.jpg_face_2,cerrado,B25,185.0702,0.026475,24.4931,152.9524,7.5506,35.6324,BIEN,16.3215,0.848884,5.7629,17.3544,0.014512,0.050534,45.1838,90.8782,1,1,63.205,16257024.0
closed_eye_1205.jpg_face_2,cerrado,B40,185.0702,0.026475,39.4949,146.4464,8.3524,34.8523,BIEN,15.1926,0.855477,7.3556,20.8698,0.010933,0.028211,58.7041,6.5605,1,1,63.835,16257024.0
closed_eye_1219.jpg_face_1,cerrado,B5,138.7718,0.097395,4.5393,46.3156,100.0,16.0512,CRITICA,8.012,0.414328,15.2399,66.6246,nan,nan,nan,nan,1,0,166.425,2985984.0
closed_eye_1219.jpg_face_1,cerrado,B10,138.7718,0.097395,9.3902,83.5431,27.092,24.4225,BIEN,12.3613,0.728766,10.2269,39.7982,0.15046,nan,54.4849,nan,1,1,171.265,2985984.0
closed_eye_1219.jpg_face_1,cerrado,B15,138.7718,0.097395,14.4713,112.5905,9.9261,30.9284,BIEN,17.5819,0.84573,7.9026,18.8664,0.131774,0.199736,35.2985,105.0794,1,1,161.585,2985984.0
closed_eye_1219.jpg_face_1,cerrado,B25,138.7718,0.097395,24.4753,151.0156,7.1991,36.8991,BIEN,20.8032,0.86133,5.7933,8.823,0.113108,0.173925,16.1341,78.5775,1,1,172.631,2985984.0
closed_eye_1219.jpg_face_1,cerrado,B40,138.7718,0.097395,39.509,144.9151,7.5237,36.0654,BIEN,22.315,0.888817,7.4043,4.4269,0.107799,0.148842,10.6824,52.8239,1,1,157.327,2985984.0
closed_eye_1220.jpg_face_1,cerrado,B5,156.7839,0.07684,4.5256,44.8954,100.0,25.364,CRITICA,6.1818,0.371281,15.092,71.3648,0.068839,0.193033,10.4123,151.214,1,1,28.773,33177600.0
closed_eye_1220.jpg_face_1,cerrado,B10,156.7839,0.07684,9.5118,80.9137,33.2973,43.4649,BIEN,9.5593,0.650416,10.1237,48.3916,0.067551,0.10339,12.089,34.5524,1,1,29.332,33177600.0
closed_eye_1220.jpg_face_1,cerrado,B15,156.7839,0.07684,14.5284,106.1841,23.7848,54.9654,BIEN,12.8189,0.766128,8.0038,32.2736,0.063111,0.08611,17.8669,12.0635,1,1,29.82,33177600.0
closed_eye_1220.jpg_face_1,cerrado,B25,156.7839,0.07684,24.4995,139.2926,20.5355,68.9491,BIEN,18.9338,0.828661,6.0948,11.1563,0.081531,0.071711,6.1049,6.6745,1,1,30.17,33177600.0
closed_eye_1220.jpg_face_1,cerrado,B40,156.7839,0.07684,39.5824,135.0987,21.0235,65.8408,BIEN,18.2102,0.896521,7.7329,13.8313,0.067117,0.069091,12.6532,10.0849,1,1,29.233,33177600.0
closed_eye_1228.jpg_face_2,cerrado,B5,159.8569,0.116543,4.5129,46.3624,100.0,19.5864,CRITICA,6.4833,0.379422,14.9501,70.9976,0.121389,nan,4.1575,nan,1,1,318.228,5308416.0
closed_eye_1228.jpg_face_2,cerrado,B10,159.8569,0.116543,9.5174,84.4039,25.6094,31.8225,BIEN,9.9189,0.668091,10.0903,47.2003,0.11181,0.197841,4.0618,69.7575,1,1,288.401,5308416.0
closed_eye_1228.jpg_face_2,cerrado,B15,159.8569,0.116543,14.513,112.0501,15.7549,39.6668,BIEN,13.6383,0.807449,7.8481,29.906,0.134055,0.171193,15.0257,46.8922,1,1,299.949,5308416.0
closed_eye_1228.jpg_face_2,cerrado,B25,159.8569,0.116543,24.4686,149.2732,12.3337,48.1015,BIEN,21.9246,0.87025,5.7953,6.6207,0.137014,0.165035,17.5647,41.6083,1,1,319.173,5308416.0
closed_eye_1228.jpg_face_2,cerrado,B40,159.8569,0.116543,39.5749,143.531,12.96,46.5485,BIEN,20.5679,0.887027,7.3906,10.2129,0.133198,0.128552,14.2905,10.3038,1,1,318.35,5308416.0
closed_eye_1232.jpg_face_2,cerrado,B5,113.6298,0.088487,4.6373,45.1188,99.958,24.2226,CRITICA,10.3575,0.517489,14.7002,60.2932,0.08218,nan,7.1276,nan,1,1,14.548,60466176.0
closed_eye_1232.jpg_face_2,cerrado,B10,113.6298,0.088487,9.5521,80.8859,36.1408,39.1424,BIEN,15.7809,0.79014,10.2416,28.8163,0.090442,0.109026,2.2097,23.212,1,1,13.566,60466176.0
closed_eye_1232.jpg_face_2,cerrado,B15,113.6298,0.088487,14.47,104.6778,27.5689,47.1919,BIEN,20.8845,0.868001,8.3702,7.8782,0.086546,0.08253,2.1936,6.732,1,1,14.794,60466176.0
closed_eye_1232.jpg_face_2,cerrado,B25,113.6298,0.088487,24.5171,138.8067,20.2474,56.6666,BIEN,17.5765,0.826882,6.5489,22.1569,0.082445,0.076226,6.8276,13.856,1,1,15.022,60466176.0
closed_eye_1232.jpg_face_2,cerrado,B40,113.6298,0.088487,39.4985,133.7009,21.0159,55.6546,BIEN,19.085,0.872305,8.2622,17.6636,0.084265,0.090762,4.7709,2.5713,1,1,15.387,60466176.0
closed_eye_1236.jpg_face_1,cerrado,B5,108.1607,0.06963,4.4645,45.5198,99.8295,14.9615,CRITICA,11.8368,0.513599,15.5269,57.9147,0.134516,nan,93.1857,nan,1,1,52.271,18662400.0
closed_eye_1236.jpg_face_1,cerrado,B10,108.1607,0.06963,9.498,84.4525,36.1783,22.0176,BIEN,19.1662,0.858783,10.5794,21.9194,0.081689,0.166913,17.3183,139.7136,1,1,53.645,18662400.0
closed_eye_1236.jpg_face_1,cerrado,B15,108.1607,0.06963,14.4886,112.7924,9.7248,25.9346,BIEN,25.4997,0.889166,8.3322,4.2822,0.062853,0.159996,9.7326,129.7792,1,1,50.099,18662400.0
closed_eye_1236.jpg_face_1,cerrado,B25,108.1607,0.06963,24.4885,150.6728,3.4028,28.6051,BIEN,15.3467,0.822733,6.2627,39.3046,0.053782,0.126133,22.7611,81.1464,1,1,53.801,18662400.0
closed_eye_1236.jpg_face_1,cerrado,B40,108.1607,0.06963,39.4919,144.2266,4.2567,29.152,BIEN,16.7614,0.865171,7.8928,33.3447,0.051042,0.085395,26.6961,22.6403,1,1,53.515,18662400.0
closed_eye_1237.jpg_face_1,cerrado,B5,163.3592,0.040925,4.4944,46.333,100.0,12.2211,CRITICA,6.5015,0.34778,15.2889,71.6374,0.071441,nan,74.5675,nan,1,1,331.653,5308416.0
closed_eye_1237.jpg_face_1,cerrado,B10,163.3592,0.040925,9.4453,85.7455,23.4975,18.6423,BIEN,10.0033,0.653582,10.246,47.5111,0.054218,0.175859,32.4826,329.716,1,1,300.571,5308416.0
closed_eye_1237.jpg_face_1,cerrado,B15,163.3592,0.040925,14.465,114.746,7.4478,21.9434,BIEN,13.7005,0.780343,7.9579,29.7585,0.038969,0.103952,4.7777,154.0089,1,1,303.104,5308416.0
closed_eye_1237.jpg_face_1,cerrado,B25,163.3592,0.040925,24.4652,155.0313,3.4965,25.0436,BIEN,21.7354,0.854384,5.7221,5.0979,0.04464,0.077096,9.0791,88.3857,1,1,354.258,5308416.0
closed_eye_1237.jpg_face_1,cerrado,B40,163.3592,0.040925,39.5071,148.1995,4.2496,24.9378,BIEN,20.5359,0.871579,7.3116,9.28,0.045213,0.044181,10.4794,7.9566,1,1,369.181,5308416.0
closed_eye_1237.jpg_face_2,cerrado,B5,134.6662,0.082437,4.3521,45.8279,100.0,13.2788,CRITICA,8.5527,0.420618,15.6942,65.9692,0.109172,nan,32.4304,nan,1,1,249.545,8294400.0
closed_eye_1237.jpg_face_2,cerrado,B10,134.6662,0.082437,9.42,84.26,30.8574,19.9605,BIEN,13.4252,0.734273,10.3552,37.4305,0.089816,0.166612,8.9503,102.108,1,1,258.947,8294400.0
closed_eye_1237.jpg_face_2,cerrado,B15,134.6662,0.082437,14.5518,114.5447,10.9367,24.5879,BIEN,19.4177,0.860687,7.9976,14.9417,0.082243,0.117895,0.2357,43.0119,1,1,278.785,8294400.0
closed_eye_1237.jpg_face_2,cerrado,B25,134.6662,0.082437,24.5173,153.4652,1.5082,26.298,BIEN,19.5109,0.863055,5.8472,13.9597,0.085771,0.113528,4.0443,37.7141,1,1,329.804,8294400.0
closed_eye_1237.jpg_face_2,cerrado,B40,134.6662,0.082437,39.5183,146.6233,3.6558,26.8747,BIEN,21.6209,0.892755,7.4753,8.879,0.085485,0.09553,3.697,15.882,1,1,164.823,8294400.0
closed_eye_1240.jpg_face_2,cerrado,B5,135.6346,0.055554,4.3973,44.8619,99.654,18.5461,CRITICA,8.4072,0.459573,15.3204,66.9245,0.04683,nan,15.7039,nan,1,1,29.341,33177600.0
closed_eye_1240.jpg_face_2,cerrado,B10,135.6346,0.055554,9.4042,83.3997,31.4965,29.5304,BIEN,12.9361,0.774715,10.3028,38.5115,0.054713,0.174312,1.513,213.7725,1,1,29.507,33177600.0
closed_eye_1240.jpg_face_2,cerrado,B15,135.6346,0.055554,14.4141,111.8602,19.9091,35.7855,BIEN,18.6149,0.888152,7.9887,17.5283,0.044987,0.103552,19.0202,86.4002,1,1,30.241,33177600.0
closed_eye_1240.jpg_face_2,cerrado,B25,135.6346,0.055554,24.4831,150.2508,10.0317,40.6037,BIEN,21.2951,0.897999,5.8877,10.7762,0.033258,0.089466,40.1332,61.0438,1,1,29.588,33177600.0
closed_eye_1240.jpg_face_2,cerrado,B40,135.6346,0.055554,39.4858,143.9885,12.0312,40.5705,BIEN,23.2627,0.924532,7.4962,6.1592,0.035524,0.045076,36.0549,18.8599,1,1,30.952,33177600.0
closed_eye_1242.jpg_face_1,cerrado,B5,132.6519,0.074251,4.2649,44.9188,100.0,15.7502,CRITICA,8.6842,0.466893,15.7641,66.1378,0.082495,nan,11.1029,nan,1,1,20.813,43877376.0
closed_eye_1242.jpg_face_1,cerrado,B10,132.6519,0.074251,9.4745,83.9651,25.0804,25.452,BIEN,13.7378,0.79014,10.3534,36.7027,0.064302,0.171803,13.3992,131.3816,1,1,21.064,43877376.0
closed_eye_1242.jpg_face_1,cerrado,B15,132.6519,0.074251,14.5006,113.3067,11.4252,31.8813,BIEN,20.0726,0.916358,8.0008,14.5834,0.058507,0.13415,21.2042,80.6715,1,1,21.006,43877376.0
closed_eye_1242.jpg_face_1,cerrado,B25,132.6519,0.074251,24.5177,151.4208,7.4882,37.8584,BIEN,19.912,0.911022,5.888,14.1489,0.064184,0.099769,13.5586,34.3672,1,1,20.928,43877376.0
closed_eye_1242.jpg_face_1,cerrado,B40,132.6519,0.074251,39.4817,144.7782,7.8988,37.0437,BIEN,22.2247,0.93874,7.5186,9.1414,0.062541,0.083499,15.7705,12.4548,1,1,21.741,43877376.0
closed_eye_1243.jpg_face_4,cerrado,B5,127.932,0.061135,4.3161,44.5474,100.0,23.495,CRITICA,8.7109,0.415052,15.1459,65.1788,0.073494,nan,20.2148,nan,1,1,262.206,8294400.0
closed_eye_1243.jpg_face_4,cerrado,B10,127.932,0.061135,9.4508,81.4505,30.4258,38.7022,BIEN,13.5226,0.749084,10.1877,36.3329,0.052259,0.166754,14.5191,172.7613,1,1,359.079,8294400.0
closed_eye_1243.jpg_face_4,cerrado,B15,127.932,0.061135,14.4864,108.1937,23.5078,48.044,BIEN,18.9348,0.850102,7.9886,15.4287,0.054396,0.110103,11.0237,80.097,1,1,321.11,8294400.0
closed_eye_1243.jpg_face_4,cerrado,B25,127.932,0.061135,24.4761,142.613,18.8438,57.529,BIEN,19.6371,0.841564,6.1218,11.4757,0.046814,0.062629,23.4251,2.4425,1,1,335.3,8294400.0
closed_eye_1243.jpg_face_4,cerrado,B40,127.932,0.061135,39.5055,137.5644,19.9375,56.2638,BIEN,21.2082,0.882206,7.7644,7.5294,0.055404,0.055719,9.3752,8.8591,1,1,328.515,8294400.0
closed_eye_1249.jpg_face_1,cerrado,B5,139.4056,0.065092,4.2308,44.6522,100.0,11.6124,CRITICA,8.0732,0.304504,16.1334,67.9696,nan,nan,nan,nan,1,0,408.697,331776.0
closed_eye_1249.jpg_face_1,cerrado,B10,139.4056,0.065092,9.4389,84.339,31.4524,17.3098,BIEN,12.7213,0.607386,10.4816,39.501,0.116116,nan,78.3881,nan,1,1,384.911,331776.0
closed_eye_1249.jpg_face_1,cerrado,B15,139.4056,0.065092,14.5227,114.8404,5.1804,20.8411,BIEN,18.1952,0.744536,8.0503,17.6214,0.13793,0.164252,111.902,152.3399,1,1,451.753,331776.0
closed_eye_1249.jpg_face_1,cerrado,B25,139.4056,0.065092,24.5444,154.494,1.6189,22.6217,BIEN,20.0022,0.74567,5.8679,10.8233,0.121793,0.116154,87.1111,78.4472,1,1,261.253,331776.0
closed_eye_1249.jpg_face_1,cerrado,B40,139.4056,0.065092,39.4806,147.2382,1.8501,23.2083,BIEN,21.9325,0.780726,7.4929,5.6185,0.108084,0.087391,66.0496,34.2582,1,1,458.821,331776.0
closed_eye_1253.jpg_face_1,cerrado,B5,124.4409,0.105741,4.3613,45.7207,99.974,12.1444,CRITICA,9.7427,0.463116,15.6677,63.2591,0.151416,nan,43.1957,nan,1,1,313.696,6718464.0
closed_eye_1253.jpg_face_1,cerrado,B10,124.4409,0.105741,9.486,85.0122,28.0514,18.994,BIEN,15.401,0.792652,10.4561,31.6847,0.14124,nan,33.5718,nan,1,1,330.175,6718464.0
closed_eye_1253.jpg_face_1,cerrado,B15,124.4409,0.105741,14.5039,114.3822,7.6437,22.3302,BIEN,22.8795,0.876689,8.0648,8.0831,0.110541,0.152099,4.5395,43.8415,1,1,341.204,6718464.0
closed_eye_1253.jpg_face_1,cerrado,B25,124.4409,0.105741,24.4987,153.6946,2.1685,24.3094,BIEN,17.7557,0.855184,5.9198,23.5081,0.117162,0.132266,10.8015,25.085,1,1,281.46,6718464.0
closed_eye_1253.jpg_face_1,cerrado,B40,124.4409,0.105741,39.4939,146.8725,3.2592,24.8745,BIEN,19.6573,0.887841,7.527,18.0259,0.118146,0.1244,11.7321,17.6464,1,1,318.542,6718464.0
closed_eye_1255.jpg_face_2,cerrado,B5,93.0388,0.072963,4.4872,45.2497,98.4714,12.1528,CRITICA,14.0033,0.613984,15.341,51.3647,0.111929,nan,53.4062,nan,1,1,363.332,1327104.0
closed_eye_1255.jpg_face_2,cerrado,B10,93.0388,0.072963,9.5148,85.3064,28.6654,17.1161,BIEN,25.2343,0.850547,10.2655,8.311,0.079276,nan,8.6532,nan,1,1,328.85,1327104.0
closed_eye_1255.jpg_face_2,cerrado,B15,93.0388,0.072963,14.4349,114.9461,5.5062,19.5001,BIEN,20.6875,0.857168,7.8602,23.5464,0.067452,nan,7.5528,nan,1,1,404.531,1327104.0
closed_eye_1255.jpg_face_2,cerrado,B25,93.0388,0.072963,24.4987,155.2733,0.3616,20.3541,BIEN,12.1198,0.785531,5.6428,66.891,0.069877,0.108212,4.2296,48.3117,1,1,342.419,1327104.0
closed_eye_1255.jpg_face_2,cerrado,B40,93.0388,0.072963,39.4619,148.0191,1.0519,21.1191,BIEN,13.1707,0.820707,7.2541,59.0939,0.065385,0.092989,10.3854,27.4477,1,1,301.714,1327104.0
closed_eye_1265.jpg_face_2,cerrado,B5,107.9289,0.018896,4.4301,46.3599,100.0,12.0685,CRITICA,11.5552,0.556158,15.5817,57.0459,0.03567,nan,88.7686,nan,1,1,217.061,10036224.0
closed_eye_1265.jpg_face_2,cerrado,B10,107.9289,0.018896,9.435,84.6454,28.911,17.934,BIEN,19.3924,0.851818,10.3623,21.573,0.032086,0.115524,69.8031,511.3606,1,1,254.978,10036224.0
closed_eye_1265.jpg_face_2,cerrado,B15,107.9289,0.018896,14.5128,114.2051,10.6722,22.1673,BIEN,26.8223,0.909688,7.9967,5.8151,0.031761,0.066252,68.0798,250.6114,1,1,266.361,10036224.0
closed_eye_1265.jpg_face_2,cerrado,B25,107.9289,0.018896,24.4991,153.0982,1.4303,24.6041,BIEN,14.885,0.855655,5.8795,41.851,0.031694,0.038014,67.7276,101.1716,1,1,249.277,10036224.0
closed_eye_1265.jpg_face_2,cerrado,B40,107.9289,0.018896,39.4938,146.3916,2.3232,24.8794,BIEN,16.3033,0.889958,7.5007,35.637,0.028503,0.031724,50.8377,67.8845,1,1,243.469,10036224.0
closed_eye_1266.jpg_face_1,cerrado,B5,131.1072,0.062737,4.366,45.586,99.9938,10.6059,CRITICA,9.3813,0.471448,15.8704,65.23,0.079967,nan,27.4638,nan,1,1,32.177,29942784.0
closed_eye_1266.jpg_face_1,cerrado,B10,131.1072,0.062737,9.362,85.439,25.9728,15.9636,BIEN,14.6486,0.78977,10.5897,34.8328,0.066674,0.161974,6.2764,158.1807,1,1,26.339,29942784.0
closed_eye_1266.jpg_face_1,cerrado,B15,131.1072,0.062737,14.5703,115.5771,6.6383,19.0456,BIEN,22.575,0.898814,8.097,11.8454,0.063594,0.112447,1.3663,79.236,1,1,26.786,29942784.0
closed_eye_1266.jpg_face_1,cerrado,B25,131.1072,0.062737,24.4807,155.8348,0.5167,20.6064,BIEN,18.9922,0.902772,5.842,18.8606,0.077203,0.090815,23.0589,44.7557,1,1,28.443,29942784.0
closed_eye_1266.jpg_face_1,cerrado,B40,131.1072,0.062737,39.491,148.5553,1.3416,20.996,BIEN,21.4142,0.927948,7.4476,13.3082,0.066503,0.076412,6.0033,21.7979,1,1,26.237,29942784.0
closed_eye_1269.jpg_face_1,cerrado,B5,179.8139,0.113236,4.4238,45.7735,100.0,13.6434,CRITICA,5.2928,0.32013,15.5887,74.544,nan,nan,nan,nan,1,0,285.771,8294400.0
closed_eye_1269.jpg_face_1,cerrado,B10,179.8139,0.113236,9.495,85.6096,27.6183,21.1696,BIEN,8.3279,0.615957,10.3113,52.3899,0.142861,nan,26.1624,nan,1,1,280.938,8294400.0
closed_eye_1269.jpg_face_1,cerrado,B15,179.8139,0.113236,14.542,114.2566,10.1332,25.3301,BIEN,11.2118,0.774591,8.0496,36.4584,0.09006,nan,20.4666,nan,1,1,276.947,8294400.0
closed_eye_1269.jpg_face_1,cerrado,B25,179.8139,0.113236,24.5243,154.2476,4.3013,28.655,BIEN,17.1405,0.860239,5.79,14.2182,0.087713,nan,22.539,nan,1,1,302.343,8294400.0
closed_eye_1269.jpg_face_1,cerrado,B40,179.8139,0.113236,39.4985,147.191,5.0595,28.593,BIEN,16.0469,0.869384,7.4101,18.1426,0.103081,0.135157,8.9681,19.3592,1,1,308.024,8294400.0
closed_eye_1270.jpg_face_1,cerrado,B5,90.5272,0.089427,4.5079,43.5675,83.7207,29.1463,CRITICA,13.1667,0.525717,14.6814,51.8736,0.094472,nan,5.6409,nan,1,1,247.274,5308416.0
closed_eye_1270.jpg_face_1,cerrado,B10,90.5272,0.089427,9.458,78.137,54.1296,44.0991,CRITICA,21.1166,0.820782,10.2635,13.6867,0.091401,0.150808,2.2071,68.6373,1,1,351.531,5308416.0
closed_eye_1270.jpg_face_1,cerrado,B15,90.5272,0.089427,14.4631,102.8631,30.2233,51.0119,BIEN,21.3811,0.836086,8.356,13.6268,0.087229,0.141518,2.4583,58.2493,1,1,307.73,5308416.0
closed_eye_1270.jpg_face_1,cerrado,B25,90.5272,0.089427,24.4802,136.6593,18.6546,57.6166,BIEN,13.9003,0.706014,6.595,50.9595,0.073437,0.115861,17.8812,29.5588,1,1,312.373,5308416.0
closed_eye_1270.jpg_face_1,cerrado,B40,90.5272,0.089427,39.4656,131.5463,20.221,57.6953,BIEN,14.9426,0.755466,8.3434,45.3114,0.08573,0.089999,4.1342,0.6393,1,1,384.172,5308416.0
closed_eye_1274.jpg_face_1,cerrado,B5,85.3267,0.129129,4.4224,44.7361,93.8039,18.6773,CRITICA,14.7205,0.61563,15.4348,47.5708,nan,nan,nan,nan,1,0,421.941,746496.0
closed_eye_1274.jpg_face_1,cerrado,B10,85.3267,0.129129,9.3973,82.4247,43.4118,27.4443,BIEN,25.7164,0.889143,10.4288,3.401,nan,nan,nan,nan,1,0,360.946,746496.0
closed_eye_1274.jpg_face_1,cerrado,B15,85.3267,0.129129,14.4976,111.2129,13.6078,31.3538,BIEN,19.2272,0.859108,8.1518,30.3378,0.110804,0.183636,14.1914,42.2116,1,1,364.977,746496.0
closed_eye_1274.jpg_face_1,cerrado,B25,85.3267,0.129129,24.4553,148.7788,4.6275,33.5567,BIEN,11.8525,0.740403,6.0717,74.3638,0.158264,0.179826,22.563,39.2611,1,1,262.0,746496.0
closed_eye_1274.jpg_face_1,cerrado,B40,85.3267,0.129129,39.5047,142.742,6.549,34.3343,BIEN,12.7581,0.777534,7.7159,67.2888,0.137531,0.138604,6.5072,7.338,1,1,342.29,746496.0
closed_eye_1276.jpg_face_6,cerrado,B5,92.0804,0.088142,4.5115,44.5618,96.1746,28.8804,CRITICA,13.1993,0.560065,14.4227,51.6056,0.083718,nan,5.0188,nan,1,1,162.745,2985984.0
closed_eye_1276.jpg_face_6,cerrado,B10,92.0804,0.088142,9.5296,79.2969,38.8889,45.2118,CRITICA,21.8769,0.841864,10.0572,13.883,0.068209,0.155109,22.6149,75.9765,1,1,174.177,2985984.0
closed_eye_1276.jpg_face_6,cerrado,B15,92.0804,0.088142,14.4742,103.3521,31.3533,54.6086,BIEN,22.8065,0.852999,8.0862,12.2411,0.069058,0.132575,21.6508,50.4114,1,1,153.29,2985984.0
closed_eye_1276.jpg_face_6,cerrado,B25,92.0804,0.088142,24.5124,136.3241,25.519,64.5847,BIEN,14.281,0.754633,6.3628,48.0489,0.076238,0.105671,13.5053,19.8873,1,1,139.95,2985984.0
closed_eye_1276.jpg_face_6,cerrado,B40,92.0804,0.088142,39.4764,131.7588,26.4994,63.5014,BIEN,15.2449,0.794007,8.0657,43.091,0.07504,0.095657,14.8647,8.5261,1,1,173.461,2985984.0
closed_eye_1278.jpg_face_3,cerrado,B5,125.1862,0.106663,4.3597,44.5597,99.3117,16.9339,CRITICA,9.3776,0.455262,15.5673,64.4053,0.16535,0.207,55.02,94.0683,1,1,285.453,8294400.0
closed_eye_1278.jpg_face_3,cerrado,B10,125.1862,0.106663,9.4187,83.6619,43.4061,24.5532,BIEN,14.6796,0.776737,10.3978,33.17,0.11705,0.204134,9.7374,91.3815,1,1,263.456,8294400.0
closed_eye_1278.jpg_face_3,cerrado,B15,125.1862,0.106663,14.4721,112.8924,12.3526,28.5613,BIEN,21.0697,0.875356,8.0597,9.8204,0.097138,0.195083,8.9303,82.8962,1,1,210.699,8294400.0
closed_eye_1278.jpg_face_3,cerrado,B25,125.1862,0.106663,24.4462,151.8706,2.3088,30.3078,BIEN,17.6999,0.862244,5.9136,21.3158,0.109888,0.162442,3.0233,52.2938,1,1,257.885,8294400.0
closed_eye_1278.jpg_face_3,cerrado,B40,125.1862,0.106663,39.503,145.365,3.4315,31.0732,BIEN,19.4105,0.893595,7.529,16.1191,0.119436,0.145609,11.9751,36.5128,1,1,297.389,8294400.0
closed_eye_1281.jpg_face_1,cerrado,B5,89.3347,0.078774,4.4384,43.7949,99.661,22.1874,CRITICA,14.2279,0.609249,15.0234,50.9766,0.115424,nan,46.5251,nan,1,1,375.22,746496.0
closed_eye_1281.jpg_face_1,cerrado,B10,89.3347,0.078774,9.424,82.0887,36.2712,34.3412,BIEN,26.0152,0.886354,10.2243,8.1111,0.09703,0.149878,23.1753,90.2635,1,1,248.472,746496.0
closed_eye_1281.jpg_face_1,cerrado,B15,89.3347,0.078774,14.4867,109.5766,25.9887,41.1591,BIEN,21.4461,0.89051,8.0678,22.6584,0.081526,0.138797,3.4937,76.1972,1,1,268.991,746496.0
closed_eye_1281.jpg_face_1,cerrado,B25,89.3347,0.078774,24.4562,146.2215,14.0113,46.0792,BIEN,12.8025,0.790116,6.0673,63.6782,0.064134,0.095402,18.5842,21.1084,1,1,452.1,746496.0
closed_eye_1281.jpg_face_1,cerrado,B40,89.3347,0.078774,39.4576,140.4449,16.8079,46.2003,BIEN,13.7605,0.825635,7.7168,57.212,0.06535,0.090681,17.0415,15.116,1,1,308.632,746496.0
closed_eye_1286.jpg_face_2,cerrado,B5,124.1956,0.065061,4.4412,45.5503,100.0,12.9411,CRITICA,9.9359,0.402773,15.5792,63.3237,0.112117,nan,72.3276,nan,1,1,208.247,2073600.0
closed_eye_1286.jpg_face_2,cerrado,B10,124.1956,0.065061,9.4401,84.8821,31.661,20.7862,BIEN,15.6587,0.723574,10.4541,31.6545,0.098344,0.169673,51.1568,160.7925,1,1,179.814,2073600.0
closed_eye_1286.jpg_face_2,cerrado,B15,124.1956,0.065061,14.4787,113.9205,9.3112,23.8858,BIEN,23.3721,0.815857,8.1238,8.2733,0.079177,0.147432,21.6975,126.6065,1,1,188.398,2073600.0
closed_eye_1286.jpg_face_2,cerrado,B25,124.1956,0.065061,24.4575,153.8622,2.8912,26.6653,BIEN,17.7205,0.81547,5.8763,23.8871,0.079918,0.106978,22.8356,64.4284,1,1,209.991,2073600.0
closed_eye_1286.jpg_face_2,cerrado,B40,124.1956,0.065061,39.5135,147.1651,3.373,26.868,BIEN,19.6063,0.844415,7.4765,18.4946,0.074447,0.081266,14.4267,24.9089,1,1,190.328,2073600.0
closed_eye_1291.jpg_face_3,cerrado,B5,133.4583,0.086892,4.53,44.8225,99.9874,19.4101,CRITICA,8.54,0.36708,14.9929,66.4146,0.104141,nan,19.8514,nan,1,1,198.633,2073600.0
closed_eye_1291.jpg_face_3,cerrado,B10,133.4583,0.086892,9.4323,83.2892,30.9431,30.3964,BIEN,12.9714,0.678647,10.2415,37.5916,0.06656,0.156132,23.3992,79.685,1,1,183.732,2073600.0
closed_eye_1291.jpg_face_3,cerrado,B15,133.4583,0.086892,14.4422,110.9333,16.8792,36.9433,BIEN,18.3028,0.785727,7.9717,16.8779,0.082793,0.134266,4.7173,54.5203,1,1,174.859,2073600.0
closed_eye_1291.jpg_face_3,cerrado,B25,133.4583,0.086892,24.48,148.8212,10.7815,43.7331,BIEN,20.2767,0.797335,5.9054,11.5114,0.066225,0.096404,23.7841,10.9474,1,1,204.495,2073600.0
closed_eye_1291.jpg_face_3,cerrado,B40,133.4583,0.086892,39.4628,142.784,11.4758,43.0928,BIEN,21.8327,0.826185,7.5171,6.9877,0.071733,0.07721,17.4461,11.1425,1,1,189.383,2073600.0
closed_eye_1295.jpg_face_2,cerrado,B5,106.11,0.0784,4.5512,46.6132,99.9307,16.4131,CRITICA,11.7791,0.561239,15.0782,56.0709,0.085273,nan,8.766,nan,1,1,34.014,29942784.0
closed_eye_1295.jpg_face_2,cerrado,B10,106.11,0.0784,9.3785,83.9769,30.5142,24.6211,BIEN,19.5545,0.857394,10.1985,20.8586,0.05935,0.136024,24.2983,73.5002,1,1,34.837,29942784.0
closed_eye_1295.jpg_face_2,cerrado,B15,106.11,0.0784,14.4635,113.0046,11.5575,30.0117,BIEN,26.248,0.892083,7.8947,6.4976,0.070737,0.078624,9.7745,0.2862,1,1,34.161,29942784.0
closed_eye_1295.jpg_face_2,cerrado,B25,106.11,0.0784,24.4545,151.4912,6.3182,34.4155,BIEN,14.7206,0.852092,5.8022,42.7681,0.076668,0.064694,2.2088,17.482,1,1,27.066,29942784.0
closed_eye_1295.jpg_face_2,cerrado,B40,106.11,0.0784,39.4719,145.0842,6.9306,34.3606,BIEN,16.0129,0.886686,7.4128,36.7301,0.073028,0.068458,6.8517,12.6806,1,1,36.308,29942784.0
closed_eye_1297.jpg_face_2,cerrado,B5,101.8191,0.083769,4.421,43.5918,89.5818,24.9209,CRITICA,11.5276,0.491728,14.7881,57.187,0.135421,nan,61.6593,nan,1,1,280.56,8294400.0
closed_eye_1297.jpg_face_2,cerrado,B10,101.8191,0.083769,9.4721,79.1179,47.0859,37.5454,CRITICA,17.9971,0.830727,10.3027,22.2956,0.113967,0.169534,36.049,102.3816,1,1,274.507,8294400.0
closed_eye_1297.jpg_face_2,cerrado,B15,101.8191,0.083769,14.483,104.834,24.7793,44.0741,BIEN,22.3326,0.857717,8.3535,2.961,0.101524,0.153191,21.1942,82.8726,1,1,289.201,8294400.0
closed_eye_1297.jpg_face_2,cerrado,B25,101.8191,0.083769,24.4667,139.5487,17.4473,49.2452,BIEN,15.5819,0.772308,6.5762,37.0555,0.077348,0.126792,7.6651,51.3583,1,1,285.372,8294400.0
closed_eye_1297.jpg_face_2,cerrado,B40,101.8191,0.083769,39.4562,134.1319,18.7304,49.4323,BIEN,16.8714,0.818567,8.3096,31.7354,0.092548,0.122855,10.479,46.6592,1,1,323.614,8294400.0
closed_eye_1304.jpg_face_2,cerrado,B5,130.9919,0.057373,4.3591,44.7083,99.9671,13.465,CRITICA,9.0746,0.44151,15.5408,65.8694,0.077705,nan,35.4366,nan,1,1,310.193,5308416.0
closed_eye_1304.jpg_face_2,cerrado,B10,130.9919,0.057373,9.4185,84.8955,32.1536,20.7213,BIEN,14.146,0.767587,10.3842,35.1903,0.081517,0.146068,42.0818,154.5913,1,1,404.155,5308416.0
closed_eye_1304.jpg_face_2,cerrado,B15,130.9919,0.057373,14.4875,114.7807,10.9081,24.1096,BIEN,21.34,0.875481,7.9533,12.3757,0.059012,0.103132,2.8562,79.755,1,1,256.706,5308416.0
closed_eye_1304.jpg_face_2,cerrado,B25,130.9919,0.057373,24.459,154.4362,0.5048,25.8083,BIEN,19.5325,0.882937,5.7707,17.8975,0.065502,0.100082,14.1681,74.4397,1,1,287.745,5308416.0
closed_eye_1304.jpg_face_2,cerrado,B40,130.9919,0.057373,39.4785,147.6774,1.7339,26.2716,BIEN,21.6689,0.906131,7.3574,12.7378,0.07512,0.087586,30.9323,52.6597,1,1,377.401,5308416.0
closed_eye_1305.jpg_face_1,cerrado,B5,165.7221,0.160787,4.4303,46.0005,100.0,10.4003,CRITICA,6.3857,0.422517,15.565,72.2424,0.199062,nan,23.8049,nan,1,1,21.002,43877376.0
closed_eye_1305.jpg_face_1,cerrado,B10,165.7221,0.160787,9.4027,85.4858,28.1844,15.6404,BIEN,9.7966,0.712987,10.3869,48.4161,0.170118,nan,5.8033,nan,1,1,17.908,43877376.0
closed_eye_1305.jpg_face_1,cerrado,B15,165.7221,0.160787,14.4344,115.5267,6.356,18.5333,BIEN,13.647,0.846287,7.9542,30.2889,0.180784,0.217739,12.4368,35.4208,1,1,20.954,43877376.0
closed_eye_1305.jpg_face_1,cerrado,B25,165.7221,0.160787,24.4783,156.4333,0.4184,20.063,BIEN,22.6365,0.918851,5.6801,5.605,0.174013,0.187609,8.2256,16.682,1,1,21.112,43877376.0
closed_eye_1305.jpg_face_1,cerrado,B40,165.7221,0.160787,39.4722,149.4259,0.734,20.4927,BIEN,21.1037,0.931694,7.2655,9.8334,0.161363,0.190558,0.3582,18.516,1,1,22.964,43877376.0
closed_eye_1312.jpg_face_2,cerrado,B5,142.1116,0.057039,4.4629,45.7244,100.0,11.6373,CRITICA,7.9309,0.4485,15.348,67.825,0.101673,nan,78.2506,nan,1,1,37.338,26873856.0
closed_eye_1312.jpg_face_2,cerrado,B10,142.1116,0.057039,9.5093,85.0634,37.3662,17.6776,BIEN,11.9923,0.793037,10.4239,40.1433,0.063802,nan,11.8552,nan,1,1,36.354,26873856.0
closed_eye_1312.jpg_face_2,cerrado,B15,142.1116,0.057039,14.4554,112.1379,5.9013,20.431,BIEN,15.8759,0.872964,8.3273,21.0917,0.065055,nan,14.0532,nan,1,1,36.841,26873856.0
closed_eye_1312.jpg_face_2,cerrado,B25,142.1116,0.057039,24.5059,151.0653,0.5743,22.429,BIEN,18.6777,0.891951,6.2105,6.3005,0.080227,nan,40.652,nan,1,1,37.791,26873856.0
closed_eye_1312.jpg_face_2,cerrado,B40,142.1116,0.057039,39.4754,144.3071,0.9049,22.8853,BIEN,19.6978,0.921704,7.8713,1.5449,0.063142,0.076471,10.6991,34.0678,1,1,38.174,26873856.0
closed_eye_1315.jpg_face_2,cerrado,B5,97.8597,0.049177,4.3423,44.3485,98.2465,20.6155,CRITICA,12.5856,0.55972,15.3042,54.6816,0.054437,nan,10.6966,nan,1,1,152.267,14017536.0
closed_eye_1315.jpg_face_2,cerrado,B10,97.8597,0.049177,9.445,81.9602,38.925,31.7326,BIEN,20.7222,0.857456,10.4255,16.2473,0.049516,0.105888,0.6894,115.3186,1,1,177.623,14017536.0
closed_eye_1315.jpg_face_2,cerrado,B15,97.8597,0.049177,14.5144,109.4877,21.8042,38.5322,BIEN,22.2926,0.865837,8.1898,11.8823,0.050883,0.068703,3.4679,39.7052,1,1,180.125,14017536.0
closed_eye_1315.jpg_face_2,cerrado,B25,97.8597,0.049177,24.4985,145.893,7.9531,43.8057,BIEN,13.8671,0.786432,6.2241,49.0839,0.057998,0.041732,17.9375,15.1397,1,1,167.185,14017536.0
closed_eye_1315.jpg_face_2,cerrado,B40,97.8597,0.049177,39.497,139.9894,9.0108,43.7486,BIEN,14.9922,0.830381,7.8817,43.0511,0.052064,0.040806,5.8694,17.0226,1,1,178.454,14017536.0
closed_eye_1318.jpg_face_2,cerrado,B5,139.809,0.051229,4.5187,46.2639,100.0,12.2799,CRITICA,8.436,0.435831,15.3111,66.9092,0.064105,nan,25.133,nan,1,1,47.906,16257024.0
closed_eye_1318.jpg_face_2,cerrado,B10,139.809,0.051229,9.5107,85.9441,26.5428,18.5564,BIEN,13.0436,0.757986,10.2741,38.5275,0.04704,0.144783,8.1778,182.6182,1,1,63.942,16257024.0
closed_eye_1318.jpg_face_2,cerrado,B15,139.809,0.051229,14.4676,114.7673,6.7351,22.0968,BIEN,18.6533,0.864703,7.9985,17.9114,0.061621,0.118919,20.2846,132.1305,1,1,63.526,16257024.0
closed_eye_1318.jpg_face_2,cerrado,B25,139.809,0.051229,24.4743,154.6072,2.6882,24.1146,BIEN,21.3978,0.886188,5.7619,10.5846,0.045409,0.079937,11.361,56.0369,1,1,64.484,16257024.0
closed_eye_1318.jpg_face_2,cerrado,B40,139.809,0.051229,39.5165,147.9113,3.2598,24.3465,BIEN,23.6057,0.908347,7.3582,5.7953,0.050358,0.074947,1.7014,46.2971,1,1,65.323,16257024.0
closed_eye_1319.jpg_face_1,cerrado,B5,107.7161,0.084641,4.4383,45.7082,99.9572,18.7338,CRITICA,11.3312,0.557381,14.9073,57.5661,0.097132,nan,14.7582,nan,1,1,25.957,36578304.0
closed_eye_1319.jpg_face_1,cerrado,B10,107.7161,0.084641,9.5185,83.4434,33.3317,28.3158,BIEN,18.1385,0.843871,10.1859,22.5339,0.077841,0.159684,8.0334,88.6616,1,1,25.654,36578304.0
closed_eye_1319.jpg_face_1,cerrado,B15,107.7161,0.084641,14.4789,110.1519,20.3109,33.6342,BIEN,23.6587,0.893856,8.0537,2.2613,0.060562,0.126235,28.4485,49.1429,1,1,25.873,36578304.0
closed_eye_1319.jpg_face_1,cerrado,B25,107.7161,0.084641,24.5033,147.6997,8.6561,38.3148,BIEN,15.4295,0.831406,6.0824,37.1195,0.072726,0.086269,14.0761,1.9237,1,1,25.717,36578304.0
closed_eye_1319.jpg_face_1,cerrado,B40,107.7161,0.084641,39.4854,141.2656,10.6791,38.6419,BIEN,16.8322,0.872427,7.7431,31.1463,0.075338,0.079828,10.9902,5.6852,1,1,27.217,36578304.0
closed_eye_1324.jpg_face_1,cerrado,B5,78.864,0.093391,4.461,45.3297,99.7687,19.8172,CRITICA,16.7185,0.681163,15.0321,42.5216,0.120947,0.179439,29.5056,92.1371,1,1,232.051,6718464.0
closed_eye_1324.jpg_face_1,cerrado,B10,78.864,0.093391,9.4866,82.8573,32.895,30.1748,BIEN,29.1135,0.890377,10.3131,5.0636,0.107432,0.132866,15.0345,42.2686,1,1,259.067,6718464.0
closed_eye_1324.jpg_face_1,cerrado,B15,78.864,0.093391,14.4641,109.9401,19.8349,35.6981,BIEN,17.9379,0.845076,8.1427,39.4048,0.091779,0.106422,1.7259,13.9527,1,1,325.722,6718464.0
closed_eye_1324.jpg_face_1,cerrado,B25,78.864,0.093391,24.5013,147.7428,11.4457,40.3893,BIEN,11.269,0.727493,6.1246,87.3388,0.077183,0.086736,17.3547,7.1264,1,1,295.727,6718464.0
closed_eye_1324.jpg_face_1,cerrado,B40,78.864,0.093391,39.5208,141.6065,12.9557,40.3863,BIEN,12.0845,0.765952,7.7769,79.5579,0.085794,0.081864,8.1353,12.3433,1,1,278.676,6718464.0
closed_eye_1327.jpg_face_1,cerrado,B5,94.0171,0.057932,4.4786,45.663,99.8067,22.4103,CRITICA,13.4418,0.617878,14.861,51.4312,0.101593,nan,75.3653,nan,1,1,51.974,18662400.0
closed_eye_1327.jpg_face_1,cerrado,B10,94.0171,0.057932,9.4838,82.3243,32.5931,36.969,BIEN,23.4846,0.860855,10.1533,12.4369,0.066232,nan,14.3267,nan,1,1,50.708,18662400.0
closed_eye_1327.jpg_face_1,cerrado,B15,94.0171,0.057932,14.469,108.4186,18.5489,46.1493,BIEN,22.6226,0.879126,7.9734,15.3179,0.059086,0.104817,1.9918,80.9315,1,1,55.158,18662400.0
closed_eye_1327.jpg_face_1,cerrado,B25,94.0171,0.057932,24.5358,143.6775,14.314,56.7494,BIEN,13.5184,0.818824,6.0572,52.8205,0.065643,0.061072,13.3103,5.4201,1,1,53.608,18662400.0
closed_eye_1327.jpg_face_1,cerrado,B40,94.0171,0.057932,39.5275,138.1897,14.8322,55.0755,BIEN,14.5599,0.859095,7.7109,46.9835,0.056774,0.063081,1.9988,8.888,1,1,52.309,18662400.0
closed_eye_1333.jpg_face_10,cerrado,B5,105.5831,0.047066,4.2977,44.5828,99.9351,16.0137,CRITICA,11.7743,0.468314,15.7768,57.7747,0.113835,nan,141.864,nan,1,1,188.065,746496.0
closed_eye_1333.jpg_face_10,cerrado,B10,105.5831,0.047066,9.5127,83.849,32.0779,25.144,BIEN,19.7042,0.791793,10.4882,20.5848,0.059178,0.148548,25.7361,215.6195,1,1,332.69,746496.0
closed_eye_1333.jpg_face_10,cerrado,B15,105.5831,0.047066,14.5325,112.7841,18.961,30.0478,BIEN,24.857,0.838213,8.1418,6.8202,0.049619,0.115154,5.4245,144.6672,1,1,372.204,746496.0
closed_eye_1333.jpg_face_10,cerrado,B25,105.5831,0.047066,24.4958,151.0769,3.1818,33.1793,BIEN,14.6489,0.785701,6.0454,43.0882,0.051069,0.068422,8.5069,45.377,1,1,332.347,746496.0
closed_eye_1333.jpg_face_10,cerrado,B40,105.5831,0.047066,39.4808,144.6052,6.7208,33.653,BIEN,15.9303,0.822931,7.6608,36.9586,0.036458,0.046753,22.5377,0.6641,1,1,357.27,746496.0
closed_eye_1336.jpg_face_2,cerrado,B5,107.9543,0.06104,4.4346,45.5038,98.2755,19.2723,CRITICA,11.4665,0.599125,15.0303,57.849,0.066022,nan,8.1626,nan,1,1,15.043,47775744.0
closed_eye_1336.jpg_face_2,cerrado,B10,107.9543,0.06104,9.482,83.5413,29.445,31.6137,BIEN,18.9327,0.867501,10.0904,22.6142,0.065993,0.113255,8.1153,85.5422,1,1,18.877,47775744.0
closed_eye_1336.jpg_face_2,cerrado,B15,107.9543,0.06104,14.5139,111.4649,16.1501,39.6024,BIEN,26.9973,0.910618,7.8497,3.2519,0.060515,0.073022,0.8602,19.6291,1,1,19.39,47775744.0
closed_eye_1336.jpg_face_2,cerrado,B25,107.9543,0.06104,24.5064,148.7197,11.29,48.2412,BIEN,15.4398,0.865474,5.8169,37.7617,0.05684,0.073199,6.8808,19.92,1,1,19.163,47775744.0
closed_eye_1336.jpg_face_2,cerrado,B40,107.9543,0.06104,39.5032,142.5682,12.0006,47.3143,BIEN,16.8113,0.895879,7.4364,32.0635,0.056753,0.065088,7.0234,6.6322,1,1,20.458,47775744.0
closed_eye_1338.jpg_face_1,cerrado,B5,122.0475,0.076069,4.5326,45.5079,99.8174,19.6138,CRITICA,9.6918,0.482718,14.8138,62.7129,0.110669,nan,45.4855,nan,1,1,36.909,26873856.0
closed_eye_1338.jpg_face_1,cerrado,B10,122.0475,0.076069,9.4759,84.0044,30.3141,30.4462,BIEN,15.1135,0.767303,10.0437,31.1708,0.081139,0.169525,6.6651,122.8565,1,1,36.144,26873856.0
closed_eye_1338.jpg_face_1,cerrado,B15,122.0475,0.076069,14.4369,111.6636,18.1733,36.9459,BIEN,22.2612,0.86245,7.8409,8.5081,0.077768,0.152961,2.2341,101.0821,1,1,27.926,26873856.0
closed_eye_1338.jpg_face_1,cerrado,B25,122.0475,0.076069,24.4916,149.4467,11.3935,42.6378,BIEN,18.4214,0.849562,5.8156,22.4496,0.086382,0.113193,13.5581,48.8036,1,1,37.254,26873856.0
closed_eye_1338.jpg_face_1,cerrado,B40,122.0475,0.076069,39.4959,143.2616,12.7679,42.2597,BIEN,20.2898,0.88751,7.4377,17.3818,0.079135,0.08614,4.0303,13.2395,1,1,38.493,26873856.0
closed_eye_1343.jpg_face_1,cerrado,B5,67.0575,0.062435,4.4113,44.7978,97.8105,19.873,CRITICA,19.8002,0.704974,15.0576,33.1949,0.112202,nan,79.7096,nan,1,1,178.377,7464960.0
closed_eye_1343.jpg_face_1,cerrado,B10,67.0575,0.062435,9.4681,82.3441,38.239,29.5136,BIEN,23.5692,0.823404,10.3247,22.7964,0.083953,0.15198,34.4644,143.4209,1,1,281.16,7464960.0
closed_eye_1343.jpg_face_1,cerrado,B15,67.0575,0.062435,14.4785,109.6772,24.9057,34.3836,BIEN,15.4401,0.739287,8.2222,63.5571,0.070321,0.141505,12.6303,126.6436,1,1,294.308,7464960.0
closed_eye_1343.jpg_face_1,cerrado,B25,67.0575,0.062435,24.4612,147.0159,6.1399,37.6431,BIEN,10.0374,0.617165,6.2284,119.2387,0.076923,0.105209,23.2047,68.5089,1,1,265.118,7464960.0
closed_eye_1343.jpg_face_1,cerrado,B40,67.0575,0.062435,39.4715,140.5987,9.6619,38.4056,BIEN,10.7647,0.664407,7.9181,109.669,0.073898,0.076529,18.3598,22.5731,1,1,338.719,7464960.0
closed_eye_1344.jpg_face_1,cerrado,B5,77.0793,0.134669,4.4182,43.9527,97.0414,20.5457,CRITICA,16.3272,0.635786,15.0024,42.9773,0.186287,nan,38.3297,nan,1,1,317.813,1327104.0
closed_eye_1344.jpg_face_1,cerrado,B10,77.0793,0.134669,9.4537,80.6471,39.0059,32.4134,BIEN,26.2882,0.844772,10.3372,4.6288,0.194031,0.142589,44.0797,5.8808,1,1,396.228,1327104.0
closed_eye_1344.jpg_face_1,cerrado,B15,77.0793,0.134669,14.4996,107.8331,20.2367,38.8541,BIEN,17.7476,0.798714,8.2013,39.899,0.179883,0.123272,33.5741,8.4631,1,1,409.232,1327104.0
closed_eye_1344.jpg_face_1,cerrado,B25,77.0793,0.134669,24.5072,144.4783,13.2544,44.3314,BIEN,11.344,0.671465,6.2662,87.4412,0.19498,0.167132,44.7843,24.1054,1,1,433.595,1327104.0
closed_eye_1344.jpg_face_1,cerrado,B40,77.0793,0.134669,39.4895,138.5799,14.0118,44.3195,BIEN,12.1408,0.715903,7.9538,79.7887,0.176738,0.159286,31.2388,18.2795,1,1,378.472,1327104.0
closed_eye_1346.jpg_face_3,cerrado,B5,145.9614,0.088475,4.4939,45.6664,99.9951,18.7332,CRITICA,7.2045,0.345082,14.9418,68.7134,0.113354,nan,28.1193,nan,1,1,53.601,18662400.0
closed_eye_1346.jpg_face_3,cerrado,B10,145.9614,0.088475,9.5036,83.3718,41.6424,28.9692,BIEN,10.9295,0.635448,10.1693,42.8809,0.085558,nan,3.2968,nan,1,1,55.735,18662400.0
closed_eye_1346.jpg_face_3,cerrado,B15,145.9614,0.088475,14.4838,110.3007,19.2625,34.5199,BIEN,14.7674,0.760439,8.0121,24.4316,0.114851,0.167042,29.8117,88.8012,1,1,55.365,18662400.0
closed_eye_1346.jpg_face_3,cerrado,B25,145.9614,0.088475,24.4815,147.7892,7.3682,38.9351,BIEN,19.2972,0.796451,6.0201,1.2522,0.084107,0.178421,4.9369,101.6614,1,1,53.944,18662400.0
closed_eye_1346.jpg_face_3,cerrado,B40,145.9614,0.088475,39.4872,141.7579,8.5244,39.1258,BIEN,19.5953,0.830314,7.66,2.8799,0.09887,0.088731,11.749,0.289,1,1,51.956,18662400.0
closed_eye_1353.jpg_face_1,cerrado,B5,119.2564,0.062818,4.2872,43.4612,99.8348,23.6209,CRITICA,9.5568,0.451011,15.2909,63.5565,0.053934,nan,14.1422,nan,1,1,42.795,23970816.0
closed_eye_1353.jpg_face_1,cerrado,B10,119.2564,0.062818,9.4941,81.5772,33.4253,36.9162,BIEN,15.1737,0.78801,10.2091,31.5952,0.073446,0.101282,16.9187,61.2294,1,1,42.245,23970816.0
closed_eye_1353.jpg_face_1,cerrado,B15,119.2564,0.062818,14.4614,108.6901,26.8988,44.586,BIEN,21.5193,0.864541,8.0625,8.8602,0.061477,0.065475,2.1348,4.2286,1,1,41.788,23970816.0
closed_eye_1353.jpg_face_1,cerrado,B25,119.2564,0.062818,24.484,144.2686,19.4713,51.5756,BIEN,18.2128,0.83964,6.1216,20.9734,0.065714,0.062197,4.6099,0.9898,1,1,43.391,23970816.0
closed_eye_1353.jpg_face_1,cerrado,B40,119.2564,0.062818,39.521,138.765,21.5747,51.0385,BIEN,19.9481,0.878263,7.7786,16.3585,0.061919,0.056482,1.4312,10.0871,1,1,42.687,23970816.0
closed_eye_1358.jpg_face_1,cerrado,B5,195.8891,0.033744,4.4217,45.6304,100.0,14.514,CRITICA,4.2832,0.287844,15.394,76.706,0.078712,nan,133.2645,nan,1,1,205.914,14017536.0
closed_eye_1358.jpg_face_1,cerrado,B10,195.8891,0.033744,9.4802,85.321,38.6303,21.6563,BIEN,6.8404,0.53115,10.3224,56.4442,0.079543,nan,135.7249,nan,1,1,116.147,14017536.0
closed_eye_1358.jpg_face_1,cerrado,B15,195.8891,0.033744,14.4799,114.3795,10.542,24.8655,BIEN,9.3001,0.679919,7.9826,41.6101,0.061449,0.147347,82.1044,336.6647,1,1,195.164,14017536.0
closed_eye_1358.jpg_face_1,cerrado,B25,195.8891,0.033744,24.4963,154.2357,1.7244,27.2966,BIEN,13.8725,0.781716,5.7934,21.2638,0.078915,0.134565,133.8648,298.7829,1,1,202.881,14017536.0
closed_eye_1358.jpg_face_1,cerrado,B40,195.8891,0.033744,39.5716,147.3699,2.0848,27.9432,BIEN,13.071,0.789453,7.3941,24.7687,0.072309,0.114179,114.2876,238.37,1,1,224.633,14017536.0
closed_eye_1360.jpg_face_1,cerrado,B5,171.4585,0.057886,4.3611,45.4978,100.0,16.8939,CRITICA,5.6685,0.3233,15.452,73.4642,0.045055,nan,22.1664,nan,1,1,287.936,8294400.0
closed_eye_1360.jpg_face_1,cerrado,B10,171.4585,0.057886,9.4742,84.0307,35.9805,27.3988,BIEN,8.7379,0.611081,10.374,50.9906,0.044992,0.147065,22.2751,154.0575,1,1,274.333,8294400.0
closed_eye_1360.jpg_face_1,cerrado,B15,171.4585,0.057886,14.4938,112.3449,16.1758,33.698,BIEN,11.8274,0.764387,8.0792,34.4769,0.042242,0.113648,27.0259,96.3288,1,1,300.969,8294400.0
closed_eye_1360.jpg_face_1,cerrado,B25,171.4585,0.057886,24.5048,149.9715,8.1836,39.5556,BIEN,17.517,0.840147,6.0009,12.5319,0.044243,0.077525,23.5688,33.9264,1,1,249.147,8294400.0
closed_eye_1360.jpg_face_1,cerrado,B40,171.4585,0.057886,39.5214,143.5721,9.375,39.5846,BIEN,16.7094,0.866799,7.6197,16.2642,0.043646,0.074338,24.6008,28.4197,1,1,332.734,8294400.0
closed_eye_1362.BMP_face_3,cerrado,B5,108.3897,0.058376,4.4578,45.5341,99.7837,19.6035,CRITICA,11.2291,0.487366,15.1361,57.9904,0.084526,0.206536,44.7975,253.8049,1,1,193.994,2073600.0
closed_eye_1362.BMP_face_3,cerrado,B10,108.3897,0.058376,9.4693,82.9988,33.1801,29.6913,BIEN,18.0736,0.798659,10.2736,23.4256,0.065543,0.110095,12.2785,88.5973,1,1,192.064,2073600.0
closed_eye_1362.BMP_face_3,cerrado,B15,108.3897,0.058376,14.4481,110.4801,19.0103,35.0301,BIEN,24.8066,0.863828,8.0597,1.9286,0.050015,0.091462,14.3224,56.678,1,1,203.973,2073600.0
closed_eye_1362.BMP_face_3,cerrado,B25,108.3897,0.058376,24.4792,148.1593,9.0319,40.3778,BIEN,15.5447,0.810903,6.026,36.6913,0.055043,0.07533,5.7088,29.044,1,1,198.224,2073600.0
closed_eye_1362.BMP_face_3,cerrado,B40,108.3897,0.058376,39.4881,142.1677,10.0595,40.1406,BIEN,16.9029,0.84696,7.6596,31.1635,0.054622,0.06529,6.4297,11.8446,1,1,202.122,2073600.0
closed_eye_1363.jpg_face_1,cerrado,B5,124.8388,0.056803,4.3217,44.7376,100.0,19.1821,CRITICA,9.343,0.422638,15.4764,64.1637,0.049629,0.156543,12.6298,175.5895,1,1,197.11,14017536.0
closed_eye_1363.jpg_face_1,cerrado,B10,124.8388,0.056803,9.4133,82.8754,29.4429,30.6075,BIEN,14.66,0.753734,10.3568,33.6141,0.048561,0.118644,14.5104,108.8688,1,1,203.591,14017536.0
closed_eye_1363.jpg_face_1,cerrado,B15,124.8388,0.056803,14.4691,110.9049,17.7554,37.7223,BIEN,21.2192,0.853598,8.0605,11.1615,0.057839,0.08617,1.824,51.6988,1,1,165.18,14017536.0
closed_eye_1363.jpg_face_1,cerrado,B25,124.8388,0.056803,24.5498,148.4119,11.637,43.9479,BIEN,18.5222,0.834752,6.0191,18.8828,0.05464,0.062247,3.8088,9.5844,1,1,174.764,14017536.0
closed_eye_1363.jpg_face_1,cerrado,B40,124.8388,0.056803,39.5049,142.3119,12.7984,43.4586,BIEN,20.3932,0.870516,7.6517,13.9965,0.045736,0.045073,19.4825,20.6499,1,1,211.113,14017536.0
closed_eye_1365.jpg_face_1,cerrado,B5,144.6432,0.072276,4.4259,44.853,99.9121,23.0323,CRITICA,7.1416,0.401418,15.0201,68.9906,0.079476,0.224326,9.9626,210.376,1,1,19.203,47775744.0
closed_eye_1365.jpg_face_1,cerrado,B10,144.6432,0.072276,9.5168,82.1093,35.587,37.8462,BIEN,10.976,0.688612,10.0989,43.2332,0.072451,0.142938,0.2425,97.7671,1,1,19.342,47775744.0
closed_eye_1365.jpg_face_1,cerrado,B15,144.6432,0.072276,14.5577,108.573,23.0201,47.4416,BIEN,14.9396,0.815336,7.9534,24.9374,0.068297,0.130149,5.5044,80.0724,1,1,18.195,47775744.0
closed_eye_1365.jpg_face_1,cerrado,B25,144.6432,0.072276,24.5127,143.3181,16.4849,57.7565,BIEN,20.3825,0.839254,6.0335,0.9161,0.078015,0.110504,7.9405,52.8917,1,1,18.47,47775744.0
closed_eye_1365.jpg_face_1,cerrado,B40,144.6432,0.072276,39.5172,137.7673,17.4092,56.7662,BIEN,20.4859,0.866644,7.6819,4.7537,0.078596,0.092839,8.7453,28.4505,1,1,18.31,47775744.0
closed_eye_1368.jpg_face_1,cerrado,B5,151.4488,0.047923,4.4077,44.4886,100.0,19.8859,CRITICA,6.8302,0.36861,15.0477,70.6247,0.097952,0.263386,104.3946,449.6045,1,1,306.316,5308416.0
closed_eye_1368.jpg_face_1,cerrado,B10,151.4488,0.047923,9.5611,83.8208,34.375,30.8626,BIEN,10.4232,0.656004,10.1475,44.654,0.05304,0.115357,10.6771,140.7134,1,1,344.839,5308416.0
closed_eye_1368.jpg_face_1,cerrado,B15,151.4488,0.047923,14.4544,111.6423,22.741,36.0734,BIEN,14.2473,0.792412,7.928,26.2838,0.070288,0.111709,46.6681,133.1024,1,1,348.833,5308416.0
closed_eye_1368.jpg_face_1,cerrado,B25,151.4488,0.047923,24.4818,149.4365,9.3205,40.7232,BIEN,20.4346,0.841014,5.8735,1.3287,0.064283,0.080792,34.1377,68.5865,1,1,348.809,5308416.0
closed_eye_1368.jpg_face_1,cerrado,B40,151.4488,0.047923,39.4634,143.0047,12.2335,41.3555,BIEN,20.2589,0.869426,7.4982,5.5755,0.046091,0.06646,3.8229,38.6819,1,1,319.57,5308416.0
closed_eye_1369.BMP_face_1,cerrado,B5,98.9544,0.041704,4.3416,44.6581,96.8824,21.0021,CRITICA,12.5004,0.547281,15.1827,54.87,0.051921,0.182336,24.4985,337.2171,1,1,35.995,26873856.0
closed_eye_1369.BMP_face_1,cerrado,B10,98.9544,0.041704,9.4852,82.4604,46.4543,31.2387,BIEN,20.637,0.846874,10.3712,16.6683,0.047221,0.097175,13.2286,133.012,1,1,35.449,26873856.0
closed_eye_1369.BMP_face_1,cerrado,B15,98.9544,0.041704,14.5174,109.8108,20.876,36.2299,BIEN,23.1222,0.872951,8.1714,10.9711,0.045614,0.090467,9.377,116.9272,1,1,38.023,26873856.0
closed_eye_1369.BMP_face_1,cerrado,B25,98.9544,0.041704,24.5165,146.8806,6.6934,39.4849,BIEN,14.1663,0.78822,6.2189,48.4326,0.045297,0.081912,8.6171,96.4135,1,1,36.859,26873856.0
closed_eye_1369.BMP_face_1,cerrado,B40,98.9544,0.041704,39.4681,140.6435,8.9087,40.4215,BIEN,15.3402,0.8273,7.8796,42.1296,0.050927,0.05708,22.1173,36.8704,1,1,38.964,26873856.0
closed_eye_1376.jpg_face_2,cerrado,B5,220.1253,0.054911,4.4879,45.6152,100.0,4.8233,CRITICA,3.4423,0.257673,16.3048,79.2776,nan,nan,nan,nan,1,0,26.965,36578304.0
closed_eye_1376.jpg_face_2,cerrado,B10,220.1253,0.054911,9.4806,87.4568,14.7079,7.2618,BIEN,5.9029,0.497759,10.5296,60.2696,0.071748,nan,30.6634,nan,1,1,26.508,36578304.0
closed_eye_1376.jpg_face_2,cerrado,B15,220.1253,0.054911,14.4804,116.8833,0.0316,7.7594,BIEN,8.0878,0.623169,8.1287,46.9015,0.115939,0.234776,111.1395,327.5589,1,1,26.744,36578304.0
closed_eye_1376.jpg_face_2,cerrado,B25,220.1253,0.054911,24.3995,157.7121,0.0,7.6709,BIEN,12.4937,0.737208,5.7449,28.3535,0.108656,nan,97.8779,nan,1,1,21.773,36578304.0
closed_eye_1376.jpg_face_2,cerrado,B40,220.1253,0.054911,39.3956,150.9133,0.0,7.8664,BIEN,11.6343,0.74483,7.3037,31.4421,0.065863,nan,19.9452,nan,1,1,27.599,36578304.0
closed_eye_1381.jpg_face_1,cerrado,B5,131.9357,0.026541,4.3972,44.7016,99.9725,19.774,CRITICA,8.6534,0.429943,15.287,66.1187,0.044359,0.157641,67.1372,493.9616,1,1,5.822,146313216.0
closed_eye_1381.jpg_face_1,cerrado,B10,131.9357,0.026541,9.4445,83.2586,37.1086,31.0338,BIEN,13.4243,0.736907,10.2684,36.8946,0.036605,0.080014,37.9227,201.4772,1,1,38.509,146313216.0
closed_eye_1381.jpg_face_1,cerrado,B15,131.9357,0.026541,14.4688,111.2024,23.4143,36.5316,BIEN,18.9913,0.849093,8.054,15.7147,0.036287,0.054736,36.7229,106.2359,1,1,47.923,146313216.0
closed_eye_1381.jpg_face_1,cerrado,B25,131.9357,0.026541,24.5077,149.3978,9.1287,40.6659,BIEN,20.0282,0.856558,5.9792,13.2353,0.04168,0.040782,57.041,53.6579,1,1,33.244,146313216.0
closed_eye_1381.jpg_face_1,cerrado,B40,131.9357,0.026541,39.4974,142.9512,11.8079,40.8628,BIEN,21.8929,0.888341,7.6158,8.3492,0.035597,0.03401,34.1235,28.1443,1,1,41.769,146313216.0
closed_eye_1386.jpg_face_2,cerrado,B5,125.0801,0.063998,4.3905,45.1795,100.0,15.0064,CRITICA,9.5775,0.503051,15.6005,63.8796,0.080758,nan,26.188,nan,1,1,43.113,43877376.0
closed_eye_1386.jpg_face_2,cerrado,B10,125.0801,0.063998,9.4667,84.5787,27.844,24.0749,BIEN,15.3579,0.820113,10.296,32.3804,0.069872,0.13675,9.1788,113.6795,1,1,44.593,43877376.0
closed_eye_1386.jpg_face_2,cerrado,B15,125.0801,0.063998,14.5327,113.7739,11.7603,30.1497,BIEN,23.2791,0.91334,7.9819,9.0392,0.078179,0.105418,22.1588,64.7216,1,1,37.996,43877376.0
closed_eye_1386.jpg_face_2,cerrado,B25,125.0801,0.063998,24.4219,151.7251,6.6482,34.9445,BIEN,18.3066,0.903342,5.8496,21.3024,0.06915,0.095414,8.0498,49.0899,1,1,38.369,43877376.0
closed_eye_1386.jpg_face_2,cerrado,B40,125.0801,0.063998,39.5313,145.5887,7.2376,34.4002,BIEN,20.3278,0.928636,7.4569,16.3964,0.07013,0.076279,9.5816,19.19,1,1,39.919,43877376.0
closed_eye_1387.BMP_face_1,cerrado,B5,79.7067,0.119057,4.4183,43.33,98.271,29.0853,CRITICA,15.4066,0.590538,14.5654,45.6383,0.138189,0.214665,16.07,80.3043,1,1,77.982,23970816.0
closed_eye_1387.BMP_face_1,cerrado,B10,79.7067,0.119057,9.4481,77.8531,40.1225,45.7625,CRITICA,26.5291,0.845105,10.1092,2.3255,0.106069,0.178757,10.9092,50.1443,1,1,76.818,23970816.0
closed_eye_1387.BMP_face_1,cerrado,B15,79.7067,0.119057,14.4756,102.2613,32.5399,55.3803,BIEN,19.5361,0.81883,8.2009,28.297,0.091468,0.18093,23.1729,51.969,1,1,74.635,23970816.0
closed_eye_1387.BMP_face_1,cerrado,B25,79.7067,0.119057,24.467,134.9467,26.8523,65.228,BIEN,12.5154,0.70599,6.4817,69.3041,0.083095,0.141511,30.2056,18.8595,1,1,68.701,23970816.0
closed_eye_1387.BMP_face_1,cerrado,B40,79.7067,0.119057,39.561,130.5699,27.9513,64.2466,BIEN,13.2713,0.743047,8.207,63.8129,0.088249,0.13518,25.877,13.5424,1,1,63.62,23970816.0
closed_eye_1388.jpg_face_2,cerrado,B5,118.1376,0.070058,4.3436,44.4856,99.8891,19.2167,CRITICA,9.844,0.380952,15.533,62.3443,0.177003,nan,152.6513,nan,1,1,404.907,746496.0
closed_eye_1388.jpg_face_2,cerrado,B10,118.1376,0.070058,9.4723,82.8166,33.0251,29.3366,BIEN,15.724,0.711771,10.2929,29.8982,0.133052,0.208128,89.9158,197.0781,1,1,397.614,746496.0
closed_eye_1388.jpg_face_2,cerrado,B15,118.1376,0.070058,14.4926,110.97,17.9734,35.9131,BIEN,22.6398,0.806631,8.0375,6.0671,0.140914,0.181057,101.1382,158.4377,1,1,266.184,746496.0
closed_eye_1388.jpg_face_2,cerrado,B25,118.1376,0.070058,24.5055,148.3606,10.5769,41.3997,BIEN,17.1977,0.766852,6.0005,25.5829,nan,0.13928,nan,98.8066,1,0,473.283,746496.0
closed_eye_1388.jpg_face_2,cerrado,B40,118.1376,0.070058,39.5026,142.1587,12.0932,41.2085,BIEN,18.9241,0.80235,7.648,20.3331,0.104456,0.116241,49.0988,65.9205,1,1,467.202,746496.0
closed_eye_1393.jpg_face_1,cerrado,B5,141.66,0.087462,4.4058,43.6737,99.905,27.5693,CRITICA,7.2009,0.377877,14.9974,69.17,0.143772,nan,64.383,nan,1,1,81.443,16257024.0
closed_eye_1393.jpg_face_1,cerrado,B10,141.66,0.087462,9.5273,79.8872,49.1234,42.0742,CRITICA,10.8227,0.689644,10.2914,43.6064,0.107858,0.214129,23.3199,144.8257,1,1,87.402,16257024.0
closed_eye_1393.jpg_face_1,cerrado,B15,141.66,0.087462,14.4908,105.5145,39.8678,50.0148,BIEN,14.3311,0.813927,8.2315,25.5157,0.097133,0.193373,11.0579,121.0953,1,1,83.993,16257024.0
closed_eye_1393.jpg_face_1,cerrado,B25,141.66,0.087462,24.5358,140.0471,18.1989,55.5947,BIEN,18.1982,0.833329,6.4311,1.1385,0.085907,0.159074,1.7771,81.879,1,1,95.318,16257024.0
closed_eye_1393.jpg_face_1,cerrado,B40,141.66,0.087462,39.5129,134.5043,21.6342,56.4042,BIEN,18.4982,0.869834,8.1284,5.0513,0.088262,0.131435,0.9156,50.2776,1,1,54.578,16257024.0
closed_eye_1394.jpg_face_1,cerrado,B5,148.5881,0.08042,4.4995,45.1682,100.0,19.8368,CRITICA,7.115,0.278567,15.2864,69.6017,0.068139,nan,15.2714,nan,1,1,416.858,746496.0
closed_eye_1394.jpg_face_1,cerrado,B10,148.5881,0.08042,9.5458,81.9788,39.7081,32.3616,BIEN,10.6514,0.614917,10.4596,44.8282,0.04658,0.110848,42.0792,37.8358,1,1,450.877,746496.0
closed_eye_1394.jpg_face_1,cerrado,B15,148.5881,0.08042,14.5658,108.5689,21.4798,39.129,BIEN,14.0529,0.749247,8.328,26.933,0.063788,0.122281,20.6821,52.0525,1,1,237.603,746496.0
closed_eye_1394.jpg_face_1,cerrado,B25,148.5881,0.08042,24.5353,143.8738,12.1864,46.3979,BIEN,18.1354,0.777469,6.3644,3.1727,nan,0.130544,nan,62.3273,1,0,460.426,746496.0
closed_eye_1394.jpg_face_1,cerrado,B40,148.5881,0.08042,39.5576,138.1905,13.6457,46.1821,BIEN,18.3097,0.804792,8.0278,6.9976,nan,nan,nan,nan,1,0,404.514,746496.0
closed_eye_1394.jpg_face_3,cerrado,B5,114.8489,0.03946,4.5264,44.4243,89.1912,25.6572,CRITICA,9.5826,0.387013,14.6649,61.3194,0.0298,0.177151,24.4798,348.94,1,1,474.586,1327104.0
closed_eye_1394.jpg_face_3,cerrado,B10,114.8489,0.03946,9.5708,78.2267,51.6607,40.2446,CRITICA,14.2216,0.733145,10.2861,31.8873,0.030728,0.097105,22.1291,146.0863,1,1,426.967,1327104.0
closed_eye_1394.jpg_face_3,cerrado,B15,114.8489,0.03946,14.5678,102.222,35.0535,48.3267,BIEN,18.2994,0.810855,8.38,10.9944,0.014558,0.072742,63.1079,84.3441,1,1,451.814,1327104.0
closed_eye_1394.jpg_face_3,cerrado,B25,114.8489,0.03946,24.5596,134.2518,17.4892,56.2218,BIEN,17.3318,0.738033,6.7119,16.8943,0.01411,0.059216,64.243,50.0663,1,1,362.634,1327104.0
closed_eye_1394.jpg_face_3,cerrado,B40,114.8489,0.03946,39.5703,129.4656,19.9099,56.1805,BIEN,18.5681,0.783206,8.4722,12.7268,0.012054,0.04713,69.4518,19.4372,1,1,311.983,1327104.0
closed_eye_1395.BMP_face_1,cerrado,B5,156.7177,0.051027,4.5341,45.5533,99.9707,24.7977,CRITICA,6.1976,0.343499,14.6711,70.9329,0.052399,0.196076,2.6873,284.2567,1,1,194.594,14017536.0
closed_eye_1395.BMP_face_1,cerrado,B10,156.7177,0.051027,9.5415,81.8823,38.3164,40.316,BIEN,9.4495,0.621055,9.9828,47.7517,0.04834,0.085107,5.2655,66.7882,1,1,164.46,14017536.0
closed_eye_1395.BMP_face_1,cerrado,B15,156.7177,0.051027,14.5437,108.1566,23.9607,49.7775,BIEN,12.6459,0.749791,7.8798,30.9864,0.049533,0.065047,2.9288,27.4751,1,1,192.519,14017536.0
closed_eye_1395.BMP_face_1,cerrado,B25,156.7177,0.051027,24.538,142.8231,17.1857,59.8821,BIEN,17.9059,0.799081,6.0037,8.866,0.059491,0.057271,16.5874,12.2361,1,1,193.371,14017536.0
closed_eye_1395.BMP_face_1,cerrado,B40,156.7177,0.051027,39.5459,137.2703,18.0682,58.7948,BIEN,17.4073,0.825143,7.6576,12.4092,0.057135,0.061397,11.9692,20.3219,1,1,208.511,14017536.0
closed_eye_1396.jpg_face_1,cerrado,B5,77.8765,0.063954,4.4568,44.6498,99.7224,22.509,CRITICA,16.1519,0.676397,14.9958,42.6659,0.10778,0.17828,68.5282,178.7652,1,1,365.925,4064256.0
closed_eye_1396.jpg_face_1,cerrado,B10,77.8765,0.063954,9.4377,81.1389,40.7261,33.0638,BIEN,28.6708,0.878651,10.1804,4.1892,0.067474,0.147791,5.5049,131.0911,1,1,372.926,4064256.0
closed_eye_1396.jpg_face_1,cerrado,B15,77.8765,0.063954,14.513,108.9154,28.0809,38.359,BIEN,17.8961,0.842337,7.9916,39.8565,0.076187,0.130407,19.1282,103.9095,1,1,362.621,4064256.0
closed_eye_1396.jpg_face_1,cerrado,B25,77.8765,0.063954,24.516,146.2411,12.2215,43.0314,BIEN,11.1809,0.723567,6.0081,87.7858,0.064962,0.096345,1.5761,50.6476,1,1,356.901,4064256.0
closed_eye_1396.jpg_face_1,cerrado,B40,77.8765,0.063954,39.4817,139.9635,15.7718,43.9913,BIEN,11.9935,0.762308,7.6837,79.7248,0.066074,0.07621,3.3162,19.1643,1,1,364.325,4064256.0
closed_eye_1426.jpg_face_1,cerrado,B5,132.6377,0.029558,4.52,46.3762,100.0,14.7141,CRITICA,8.9694,0.516088,15.1677,65.0354,0.163723,nan,453.9069,nan,1,1,8.354,101606400.0
closed_eye_1426.jpg_face_1,cerrado,B10,132.6377,0.029558,9.4446,85.127,26.4391,22.1235,BIEN,13.8227,0.795295,10.2558,35.8199,0.053821,nan,82.0865,nan,1,1,10.155,101606400.0
closed_eye_1426.jpg_face_1,cerrado,B15,132.6377,0.029558,14.4426,114.0402,10.5,27.2262,BIEN,20.4738,0.891783,7.8977,14.0213,0.035799,0.144362,21.1142,388.4032,1,1,11.012,101606400.0
closed_eye_1426.jpg_face_1,cerrado,B25,132.6377,0.029558,24.5118,153.4136,4.4739,31.4247,BIEN,20.0526,0.908168,5.726,15.6637,0.033305,0.072234,12.6785,144.3827,1,1,11.646,101606400.0
closed_eye_1426.jpg_face_1,cerrado,B40,132.6377,0.029558,39.4817,146.7272,4.9142,31.223,BIEN,22.4135,0.936302,7.3299,10.6226,0.035965,0.050344,21.6774,70.3222,1,1,12.691,101606400.0
closed_eye_1427.jpg_face_2,cerrado,B5,75.7853,0.064703,4.5745,41.516,75.1004,41.4945,CRITICA,13.7118,0.587046,13.3229,45.2189,0.089654,0.152359,38.5619,135.4741,1,1,69.963,18662400.0
closed_eye_1427.jpg_face_2,cerrado,B10,75.7853,0.064703,9.5112,69.9096,56.5767,63.129,CRITICA,21.1082,0.760055,9.6555,7.7531,0.09731,0.121263,50.3949,87.4152,1,1,72.262,18662400.0
closed_eye_1427.jpg_face_2,cerrado,B15,75.7853,0.064703,14.4808,88.6018,49.502,74.9613,BIEN,20.2713,0.74502,8.229,16.9116,0.076405,0.094608,18.0856,46.2183,1,1,66.518,18662400.0
closed_eye_1427.jpg_face_2,cerrado,B25,75.7853,0.064703,24.4535,100.2132,46.2602,80.7107,BIEN,17.3412,0.735814,8.3566,32.2331,0.078043,0.097818,20.6165,51.18,1,1,72.77,18662400.0
closed_eye_1427.jpg_face_2,cerrado,B40,75.7853,0.064703,39.5416,111.093,43.4667,85.129,BIEN,15.0724,0.690962,9.2345,46.5891,0.073819,0.098437,14.0892,52.1367,1,1,61.412,18662400.0
closed_eye_1431.jpg_face_2,cerrado,B5,153.1188,0.142153,4.4013,44.1952,100.0,22.3893,CRITICA,6.5965,0.346476,15.0379,71.1366,nan,nan,nan,nan,1,0,57.688,18662400.0
closed_eye_1431.jpg_face_2,cerrado,B10,153.1188,0.142153,9.4862,82.4059,33.8089,36.1954,BIEN,10.099,0.657864,10.1513,46.1817,0.143875,nan,1.2116,nan,1,1,70.157,18662400.0
closed_eye_1431.jpg_face_2,cerrado,B15,153.1188,0.142153,14.4541,109.4738,24.0859,43.8797,BIEN,13.758,0.798422,7.9433,28.5041,0.13182,nan,7.2692,nan,1,1,71.602,18662400.0
closed_eye_1431.jpg_face_2,cerrado,B25,153.1188,0.142153,24.5087,146.2193,15.4641,51.4658,BIEN,19.9487,0.849631,5.9698,4.506,nan,nan,nan,nan,1,0,73.908,18662400.0
closed_eye_1431.jpg_face_2,cerrado,B40,153.1188,0.142153,39.4824,140.244,16.7864,50.4908,BIEN,19.4251,0.872857,7.6025,8.4084,nan,0.144069,nan,1.3475,1,0,71.976,18662400.0
closed_eye_1434.jpg_face_1,cerrado,B5,156.0084,0.034614,4.5045,45.745,100.0,18.5241,CRITICA,6.7076,0.390433,15.0316,70.6779,0.110296,nan,218.6441,nan,1,1,62.329,21233664.0
closed_eye_1434.jpg_face_1,cerrado,B10,156.0084,0.034614,9.4678,84.2818,27.4897,30.4988,BIEN,10.2517,0.692168,10.1574,45.9761,0.064047,nan,85.0322,nan,1,1,63.753,21233664.0
closed_eye_1434.jpg_face_1,cerrado,B15,156.0084,0.034614,14.3907,111.626,13.912,37.8763,BIEN,14.1705,0.839307,7.8783,28.4487,0.049101,0.111571,41.8514,222.326,1,1,65.432,21233664.0
closed_eye_1434.jpg_face_1,cerrado,B25,156.0084,0.034614,24.5262,149.7644,10.4298,46.139,BIEN,21.8502,0.901797,5.8,4.0023,0.048224,0.071645,39.3184,106.9825,1,1,65.626,21233664.0
closed_eye_1434.jpg_face_1,cerrado,B40,156.0084,0.034614,39.4771,143.3039,11.0241,44.8077,BIEN,20.9221,0.917632,7.4149,8.1435,0.049306,0.049914,42.4454,44.2002,1,1,67.646,21233664.0
closed_eye_1435.png_face_1,cerrado,B5,82.48,0.031091,4.4418,45.5589,96.1276,16.6805,CRITICA,15.7376,0.632103,15.4277,44.7636,0.048401,0.177868,55.676,472.0919,1,1,160.12,2985984.0
closed_eye_1435.png_face_1,cerrado,B10,82.48,0.031091,9.457,83.858,33.7736,24.3742,BIEN,28.5858,0.852813,10.3463,1.6707,0.033777,0.107075,8.641,244.394,1,1,169.359,2985984.0
closed_eye_1435.png_face_1,cerrado,B15,82.48,0.031091,14.5331,112.8612,13.2525,28.5181,BIEN,18.3059,0.83215,8.0507,36.8347,0.028518,0.083096,8.276,167.2683,1,1,170.306,2985984.0
closed_eye_1435.png_face_1,cerrado,B25,82.48,0.031091,24.4913,151.3939,4.7799,31.0359,BIEN,11.2724,0.721766,5.9307,83.5523,0.034433,0.049153,10.7488,58.0966,1,1,176.591,2985984.0
closed_eye_1435.png_face_1,cerrado,B40,82.48,0.031091,39.4947,144.8876,6.5858,31.5225,BIEN,12.159,0.76332,7.5639,75.664,0.033928,0.038343,9.1267,23.3261,1,1,179.562,2985984.0
closed_eye_1445.jpg_face_1,cerrado,B5,64.304,0.124929,4.4788,43.9884,99.36,19.6793,CRITICA,20.7241,0.720245,15.2917,31.5931,0.159588,nan,27.7427,nan,1,1,360.646,746496.0
closed_eye_1445.jpg_face_1,cerrado,B10,64.304,0.124929,9.4972,82.6432,42.8,29.9709,BIEN,22.4597,0.832959,10.5101,28.5195,0.137064,0.210141,9.7132,68.2081,1,1,394.929,746496.0
closed_eye_1445.jpg_face_1,cerrado,B15,64.304,0.124929,14.504,108.6628,25.4,33.4122,BIEN,15.2602,0.734201,8.4712,68.983,0.162122,0.20519,29.7712,64.2451,1,1,430.571,746496.0
closed_eye_1445.jpg_face_1,cerrado,B25,64.304,0.124929,24.4736,146.172,4.0,36.1144,BIEN,10.0075,0.582172,6.461,127.314,0.162566,0.165879,30.1263,32.7783,1,1,381.345,746496.0
closed_eye_1445.jpg_face_1,cerrado,B40,64.304,0.124929,39.508,140.0628,8.12,36.9055,BIEN,10.6897,0.629069,8.1491,117.8135,0.118676,0.148512,5.0055,18.8765,1,1,428.266,746496.0
closed_eye_1462.jpg_face_2,cerrado,B5,139.9947,0.083356,4.4999,45.1618,100.0,17.2847,CRITICA,8.014,0.369659,15.1088,67.7404,0.107758,nan,29.2743,nan,1,1,312.256,5308416.0
closed_eye_1462.jpg_face_2,cerrado,B10,139.9947,0.083356,9.5086,84.3545,37.1591,27.3713,BIEN,12.1563,0.66633,10.2661,39.7445,0.071803,0.190614,13.8592,128.675,1,1,334.896,5308416.0
closed_eye_1462.jpg_face_2,cerrado,B15,139.9947,0.083356,14.4176,112.1973,14.2244,32.6798,BIEN,17.0662,0.791799,7.966,19.856,0.08137,0.148866,2.3824,78.5909,1,1,323.771,5308416.0
closed_eye_1462.jpg_face_2,cerrado,B25,139.9947,0.083356,24.53,151.1975,6.0184,37.6636,BIEN,20.8979,0.81864,5.8411,8.0023,0.066149,0.100413,20.6429,20.4633,1,1,297.15,5308416.0
closed_eye_1462.jpg_face_2,cerrado,B40,139.9947,0.083356,39.554,144.716,6.9474,37.3574,BIEN,22.1537,0.842355,7.4463,3.3725,0.063087,0.079212,24.3161,4.9712,1,1,286.131,5308416.0
closed_eye_1463.jpg_face_1,cerrado,B5,91.9519,0.049833,4.5174,45.1456,96.5387,16.2713,CRITICA,13.8378,0.576814,15.2791,50.903,0.103837,nan,108.3711,nan,1,1,181.812,2073600.0
closed_eye_1463.jpg_face_1,cerrado,B10,91.9519,0.049833,9.4551,83.9968,42.3337,23.5217,BIEN,23.6331,0.852425,10.3403,8.6514,0.066191,0.149124,32.8257,199.2476,1,1,196.951,2073600.0
closed_eye_1463.jpg_face_1,cerrado,B15,91.9519,0.049833,14.5008,112.7651,11.4116,27.0054,BIEN,20.5699,0.850195,8.0478,22.635,0.030401,0.112859,38.995,126.4743,1,1,193.311,2073600.0
closed_eye_1463.jpg_face_1,cerrado,B25,91.9519,0.049833,24.4804,151.5905,1.2169,28.5682,BIEN,12.3953,0.75754,5.9004,64.8585,0.029896,0.087649,40.0076,75.8852,1,1,182.678,2073600.0
closed_eye_1463.jpg_face_1,cerrado,B40,91.9519,0.049833,39.4789,145.1675,1.8253,29.3453,BIEN,13.3876,0.793852,7.523,57.8734,0.040794,0.072648,18.1382,45.7827,1,1,174.92,2073600.0
closed_eye_1465.jpg_face_1,cerrado,B5,136.6949,0.073765,4.3418,45.4498,99.9939,14.8963,CRITICA,8.2625,0.449417,15.5662,66.7509,nan,nan,nan,nan,1,0,23.405,40144896.0
closed_eye_1465.jpg_face_1,cerrado,B10,136.6949,0.073765,9.3741,83.794,32.8165,22.3125,BIEN,12.8585,0.760955,10.3457,38.7,0.085345,nan,15.6989,nan,1,1,22.798,40144896.0
closed_eye_1465.jpg_face_1,cerrado,B15,136.6949,0.073765,14.5064,113.5196,11.0868,27.4925,BIEN,18.3732,0.882111,7.9972,16.954,0.063262,0.141867,14.2389,92.3221,1,1,18.212,40144896.0
closed_eye_1465.jpg_face_1,cerrado,B25,136.6949,0.073765,24.5049,151.8406,3.8697,30.7077,BIEN,20.1365,0.889301,5.9172,11.0799,0.05632,0.099557,23.6489,34.9656,1,1,23.735,40144896.0
closed_eye_1465.jpg_face_1,cerrado,B40,136.6949,0.073765,39.5124,145.3357,5.5415,31.0022,BIEN,21.9503,0.918161,7.543,6.3212,0.06,0.064398,18.6604,12.698,1,1,24.712,40144896.0
closed_eye_1467.jpg_face_1,cerrado,B5,69.2492,0.077625,4.473,44.4573,88.1587,22.9097,CRITICA,18.0009,0.699466,14.355,35.8009,0.076665,0.222989,1.2364,187.2656,1,1,16.329,56070144.0
closed_eye_1467.jpg_face_1,cerrado,B10,69.2492,0.077625,9.5396,79.1279,59.1381,33.7987,CRITICA,25.8112,0.828624,9.963,14.2656,0.058757,0.093049,24.3062,19.8701,1,1,16.196,56070144.0
closed_eye_1467.jpg_face_1,cerrado,B15,69.2492,0.077625,14.4995,104.6737,30.3959,38.9127,BIEN,16.6101,0.747245,8.0309,51.1552,0.070275,0.1018,9.4677,31.1438,1,1,16.371,56070144.0
closed_eye_1467.jpg_face_1,cerrado,B25,69.2492,0.077625,24.487,139.0587,6.4644,41.6631,BIEN,10.8652,0.622384,6.3055,100.8093,0.059181,0.126858,23.7598,63.4257,1,1,16.327,56070144.0
closed_eye_1467.jpg_face_1,cerrado,B40,69.2492,0.077625,39.4632,133.2397,9.2213,42.8587,BIEN,11.5762,0.67084,8.0656,92.4062,0.140651,0.084808,81.1943,9.2547,1,1,17.276,56070144.0
closed_eye_1479.jpg_face_1,cerrado,B5,73.6764,0.077797,4.3878,43.2231,87.1667,28.4956,CRITICA,16.874,0.652321,15.0279,41.3339,0.164949,nan,112.0251,nan,1,1,315.547,746496.0
closed_eye_1479.jpg_face_1,cerrado,B10,73.6764,0.077797,9.4789,78.5342,49.25,43.3341,CRITICA,26.915,0.87765,10.3831,6.5934,0.123497,0.181717,58.7428,133.5793,1,1,200.008,746496.0
closed_eye_1479.jpg_face_1,cerrado,B15,73.6764,0.077797,14.5381,104.3897,34.4444,51.3084,BIEN,17.7168,0.804271,8.3318,41.6868,0.082195,0.151871,5.6536,95.2145,1,1,245.333,746496.0
closed_eye_1479.jpg_face_1,cerrado,B25,73.6764,0.077797,24.5364,138.9956,22.0278,56.3177,BIEN,11.516,0.647132,6.5284,88.6569,0.083301,0.133372,7.0753,71.4359,1,1,417.99,746496.0
closed_eye_1479.jpg_face_1,cerrado,B40,73.6764,0.077797,39.5414,133.5764,24.9444,56.8184,BIEN,12.2691,0.68836,8.2573,81.3015,0.094119,0.108977,20.9806,40.0785,1,1,310.52,746496.0
closed_eye_1480.jpg_face_4,cerrado,B5,70.3054,0.068268,4.3589,43.9746,92.0222,20.6611,CRITICA,17.7937,0.710495,15.3759,37.452,0.10611,nan,55.432,nan,1,1,423.908,746496.0
closed_eye_1480.jpg_face_4,cerrado,B10,70.3054,0.068268,9.4164,81.524,54.7925,29.2367,BIEN,23.5802,0.862743,10.5515,15.9569,0.140037,nan,105.1285,nan,1,1,340.785,746496.0
closed_eye_1480.jpg_face_4,cerrado,B15,70.3054,0.068268,14.5114,110.3334,12.2151,32.2396,BIEN,15.7605,0.781064,8.2806,56.9346,0.067882,0.168939,0.5659,147.4649,1,1,292.903,746496.0
closed_eye_1480.jpg_face_4,cerrado,B25,70.3054,0.068268,24.4889,148.78,2.9223,32.846,BIEN,10.1147,0.640117,6.1706,111.6196,0.066815,0.12982,2.1289,90.1623,1,1,437.733,746496.0
closed_eye_1480.jpg_face_4,cerrado,B40,70.3054,0.068268,39.4959,141.9912,3.4191,34.3451,BIEN,10.9155,0.679171,7.8642,101.9635,0.053209,0.080765,22.0591,18.3063,1,1,319.377,746496.0
closed_eye_1488.jpg_face_1,cerrado,B5,169.4402,0.072767,4.4204,45.1191,100.0,18.9335,CRITICA,5.5295,0.286671,15.1537,73.3717,0.140738,nan,93.4104,nan,1,1,314.951,1327104.0
closed_eye_1488.jpg_face_1,cerrado,B10,169.4402,0.072767,9.3136,82.3347,30.3195,31.7514,BIEN,8.5052,0.565098,10.2305,51.4078,0.103271,0.169695,41.9206,133.2046,1,1,326.318,1327104.0
closed_eye_1488.jpg_face_1,cerrado,B15,169.4402,0.072767,14.244,110.2189,16.7101,39.701,BIEN,11.5411,0.709394,7.9501,34.9511,0.086263,0.140272,18.5473,92.7697,1,1,367.62,1327104.0
closed_eye_1488.jpg_face_1,cerrado,B25,169.4402,0.072767,24.4693,148.3254,11.3609,48.6411,BIEN,17.7522,0.77992,5.8078,12.4615,0.09182,0.108004,26.1846,48.4247,1,1,371.678,1327104.0
closed_eye_1488.jpg_face_1,cerrado,B40,169.4402,0.072767,39.6547,142.6121,12.1183,47.7484,BIEN,16.838,0.794665,7.4094,15.8334,0.085491,0.090673,17.486,24.6082,1,1,358.847,1327104.0
closed_eye_1490.jpg_face_1,cerrado,B5,124.7172,0.081158,4.3521,45.0296,99.989,17.5711,CRITICA,9.4695,0.456228,15.5605,63.8946,0.107643,nan,32.633,nan,1,1,253.209,8294400.0
closed_eye_1490.jpg_face_1,cerrado,B10,124.7172,0.081158,9.4912,83.6194,39.9559,27.2898,BIEN,14.9396,0.789328,10.3729,32.9528,0.10006,0.157828,23.2894,94.4685,1,1,312.081,8294400.0
closed_eye_1490.jpg_face_1,cerrado,B15,124.7172,0.081158,14.4874,112.076,16.3049,32.788,BIEN,21.9834,0.880205,8.0702,10.1359,0.094028,0.128962,15.8569,58.9011,1,1,283.64,8294400.0
closed_eye_1490.jpg_face_1,cerrado,B25,124.7172,0.081158,24.5469,150.6421,7.6217,36.7591,BIEN,18.328,0.860194,5.9571,20.7869,0.094929,0.107878,16.9681,32.923,1,1,315.746,8294400.0
closed_eye_1490.jpg_face_1,cerrado,B40,124.7172,0.081158,39.4945,143.8954,8.9366,37.2505,BIEN,20.3969,0.895765,7.592,15.3774,0.082059,0.093113,1.1095,14.7295,1,1,249.501,8294400.0
closed_eye_1493.jpg_face_1,cerrado,B5,53.1351,0.222966,4.4531,44.963,96.6464,21.8276,CRITICA,26.7165,0.775461,15.0157,15.3798,0.218528,0.227847,1.9905,2.1893,1,1,49.048,21233664.0
closed_eye_1493.jpg_face_1,cerrado,B10,53.1351,0.222966,9.4762,81.982,43.0892,32.928,BIEN,18.468,0.792124,10.2731,54.2896,0.227031,0.223112,1.8235,0.0658,1,1,49.316,21233664.0
closed_eye_1493.jpg_face_1,cerrado,B15,53.1351,0.222966,14.4734,108.6847,22.5847,39.8417,BIEN,12.923,0.677943,8.159,104.544,0.227704,0.220309,2.1253,1.1913,1,1,47.698,21233664.0
closed_eye_1493.jpg_face_1,cerrado,B25,53.1351,0.222966,24.4608,144.8687,10.3045,44.8303,BIEN,8.6973,0.53597,6.2381,172.642,0.221134,0.219828,0.8217,1.407,1,1,48.534,21233664.0
closed_eye_1493.jpg_face_1,cerrado,B40,53.1351,0.222966,39.469,139.0297,11.6898,44.9297,BIEN,9.2537,0.568852,7.9131,161.6531,0.225129,0.220006,0.9702,1.3274,1,1,49.994,21233664.0
closed_eye_1496.jpg_face_1,cerrado,B5,146.9738,0.060272,4.365,45.1739,100.0,12.6972,CRITICA,7.7116,0.364492,15.761,69.264,0.111637,nan,85.2217,nan,1,1,109.409,2985984.0
closed_eye_1496.jpg_face_1,cerrado,B10,146.9738,0.060272,9.2759,84.3526,43.2609,18.9668,BIEN,11.7144,0.690092,10.5991,42.607,0.102475,0.210424,70.0217,249.1248,1,1,171.388,2985984.0
closed_eye_1496.jpg_face_1,cerrado,B15,146.9738,0.060272,14.5449,114.7392,5.2342,22.277,BIEN,16.8415,0.821305,8.0788,21.9322,0.07798,0.114857,29.3806,90.5643,1,1,153.05,2985984.0
closed_eye_1496.jpg_face_1,cerrado,B25,146.9738,0.060272,24.4221,154.8716,0.7346,23.3204,BIEN,21.6331,0.853307,5.8285,5.3737,0.073991,0.093127,22.7626,54.5108,1,1,160.3,2985984.0
closed_eye_1496.jpg_face_1,cerrado,B40,146.9738,0.060272,39.5025,148.1446,1.0509,24.0227,BIEN,22.9481,0.876516,7.4162,0.7966,0.076214,0.078913,26.4504,30.9284,1,1,155.872,2985984.0
closed_eye_1497.jpg_face_1,cerrado,B5,125.73,0.068564,4.3924,44.1685,99.662,24.2249,CRITICA,8.7382,0.368613,15.1544,64.8704,0.088627,0.184193,29.262,168.6452,1,1,208.733,2073600.0
closed_eye_1497.jpg_face_1,cerrado,B10,125.73,0.068564,9.4166,80.7508,43.172,37.5825,BIEN,13.479,0.723053,10.253,35.7744,0.063469,0.140059,7.4301,104.2767,1,1,189.487,2073600.0
closed_eye_1497.jpg_face_1,cerrado,B15,125.73,0.068564,14.5157,107.9004,26.3115,45.3387,BIEN,18.5168,0.818801,8.0847,14.1809,0.071369,0.121521,4.0913,77.2382,1,1,198.969,2073600.0
closed_eye_1497.jpg_face_1,cerrado,B25,125.73,0.068564,24.4828,143.1671,14.9676,52.2367,BIEN,18.8074,0.804692,6.1933,13.8687,0.0674,0.085125,1.6967,24.1542,1,1,206.058,2073600.0
closed_eye_1497.jpg_face_1,cerrado,B40,125.73,0.068564,39.4938,137.7769,16.4278,51.9088,BIEN,20.2279,0.839243,7.8628,9.5816,0.068803,0.07355,0.3489,7.2728,1,1,183.352,2073600.0
closed_eye_1497.jpg_face_3,cerrado,B5,143.2551,0.044016,4.5159,45.2366,99.9884,16.9381,CRITICA,7.7133,0.348939,15.1966,68.4224,0.064484,nan,46.4992,nan,1,1,192.485,2073600.0
closed_eye_1497.jpg_face_3,cerrado,B10,143.2551,0.044016,9.4647,84.0967,36.4898,26.1317,BIEN,11.7647,0.661759,10.2678,41.2959,0.048718,0.094625,10.6823,114.9763,1,1,166.077,2073600.0
closed_eye_1497.jpg_face_3,cerrado,B15,143.2551,0.044016,14.4505,112.3189,14.7878,31.0374,BIEN,16.1924,0.779507,8.0172,21.5952,0.058107,0.075417,32.0131,71.3383,1,1,201.576,2073600.0
closed_eye_1497.jpg_face_3,cerrado,B25,143.2551,0.044016,24.4653,150.9193,6.151,34.8093,BIEN,20.5433,0.816841,5.8896,5.3501,0.054101,0.059626,22.9107,35.4644,1,1,172.482,2073600.0
closed_eye_1497.jpg_face_3,cerrado,B40,143.2551,0.044016,39.4737,144.5944,7.3303,35.0394,BIEN,21.4069,0.840051,7.5042,0.9349,0.049523,0.049783,12.5104,13.1014,1,1,191.311,2073600.0
closed_eye_1502.jpg_face_1,cerrado,B5,87.9582,0.061661,4.397,44.7493,99.7341,18.7184,CRITICA,14.5156,0.610078,15.3959,49.1244,0.076652,nan,24.313,nan,1,1,189.538,2073600.0
closed_eye_1502.jpg_face_1,cerrado,B10,87.9582,0.061661,9.4899,83.3893,31.7008,29.4584,BIEN,27.8612,0.877012,10.2296,5.1945,0.083566,0.134765,35.5259,118.5601,1,1,108.672,2073600.0
closed_eye_1502.jpg_face_1,cerrado,B15,87.9582,0.061661,14.5125,111.583,17.7839,36.527,BIEN,20.2355,0.873732,7.9892,26.8591,0.066954,0.108959,8.5856,76.7082,1,1,200.594,2073600.0
closed_eye_1502.jpg_face_1,cerrado,B25,87.9582,0.061661,24.4903,148.7419,10.0277,43.1182,BIEN,12.173,0.769192,5.9245,69.1052,0.063263,0.082163,2.599,33.2505,1,1,188.501,2073600.0
closed_eye_1502.jpg_face_1,cerrado,B40,87.9582,0.061661,39.5577,142.8155,11.036,42.5951,BIEN,13.0931,0.804491,7.551,62.3674,0.053941,0.058701,12.5199,4.7991,1,1,168.359,2073600.0
closed_eye_1502.jpg_face_2,cerrado,B5,119.0954,0.065611,4.4364,45.0211,100.0,19.0594,CRITICA,9.9551,0.455245,15.2652,62.1974,0.118745,0.201056,80.9832,206.4359,1,1,222.806,5308416.0
closed_eye_1502.jpg_face_2,cerrado,B10,119.0954,0.065611,9.4193,83.1338,37.3945,29.046,BIEN,15.7601,0.782182,10.2561,30.1957,0.10821,0.171597,64.9269,161.5374,1,1,236.485,5308416.0
closed_eye_1502.jpg_face_2,cerrado,B15,119.0954,0.065611,14.5388,111.7058,19.6004,35.1022,BIEN,22.9704,0.86598,8.0115,6.2048,0.076833,0.167322,17.1038,155.0214,1,1,250.419,5308416.0
closed_eye_1502.jpg_face_2,cerrado,B25,119.0954,0.065611,24.5147,149.5259,7.541,39.6766,BIEN,17.3229,0.840027,5.9456,25.5513,0.067023,0.1245,2.1525,89.7552,1,1,310.655,5308416.0
closed_eye_1502.jpg_face_2,cerrado,B40,119.0954,0.065611,39.5061,143.1251,9.0523,39.8234,BIEN,19.1309,0.873415,7.5886,20.1768,0.061075,0.086981,6.9142,32.5713,1,1,365.444,5308416.0
closed_eye_1508.jpg_face_3,cerrado,B5,71.0092,0.190472,4.3799,42.0808,88.5426,28.6615,CRITICA,16.7406,0.695546,14.6475,40.739,0.246743,nan,29.543,nan,1,1,383.966,1327104.0
closed_eye_1508.jpg_face_3,cerrado,B10,71.0092,0.190472,9.5055,76.7974,50.7682,39.6277,CRITICA,23.674,0.847245,10.5199,8.1513,0.231197,0.083412,21.381,56.2076,1,1,345.363,1327104.0
closed_eye_1508.jpg_face_3,cerrado,B15,71.0092,0.190472,14.4917,101.8527,43.2836,45.7301,BIEN,17.553,0.755176,8.6559,43.4359,0.209666,0.203833,10.0774,7.0148,1,1,358.076,1327104.0
closed_eye_1508.jpg_face_3,cerrado,B25,71.0092,0.190472,24.4677,135.7957,10.6234,49.6788,BIEN,11.6369,0.60237,6.933,91.2367,0.235575,nan,23.6795,nan,1,1,379.708,1327104.0
closed_eye_1508.jpg_face_3,cerrado,B40,71.0092,0.190472,39.4923,130.3255,17.0764,50.7023,BIEN,12.4277,0.646589,8.763,83.5332,0.236629,0.178142,24.2333,6.4735,1,1,397.772,1327104.0
closed_eye_1509.jpg_face_6,cerrado,B5,95.4481,0.106404,4.4425,46.3434,99.9951,12.894,CRITICA,13.3583,0.621644,15.6042,51.4465,0.108109,nan,1.6017,nan,1,1,12.793,65028096.0
closed_eye_1509.jpg_face_6,cerrado,B10,95.4481,0.106404,9.3898,84.2319,35.1533,18.654,BIEN,24.5676,0.873197,10.3357,11.7511,0.107793,0.193238,1.3047,81.6073,1,1,13.542,65028096.0
closed_eye_1509.jpg_face_6,cerrado,B15,95.4481,0.106404,14.4952,114.396,7.1476,22.0024,BIEN,22.2414,0.887367,7.9872,19.8516,0.113265,0.172589,6.4479,62.2011,1,1,16.267,65028096.0
closed_eye_1509.jpg_face_6,cerrado,B25,95.4481,0.106404,24.5014,153.5713,1.3658,23.7838,BIEN,12.7422,0.812219,5.8168,60.8952,0.099733,0.154965,6.2696,45.6376,1,1,15.013,65028096.0
closed_eye_1509.jpg_face_6,cerrado,B40,95.4481,0.106404,39.5248,146.7882,2.5644,24.5583,BIEN,13.8716,0.846257,7.4438,53.7886,0.107027,0.135567,0.5847,27.4073,1,1,17.452,65028096.0
closed_eye_1512.jpg_face_1,cerrado,B5,164.3232,0.019524,4.361,43.8642,100.0,22.7225,CRITICA,5.7065,0.318886,15.2446,73.3062,0.034632,nan,77.3838,nan,1,1,162.551,8294400.0
closed_eye_1512.jpg_face_1,cerrado,B10,164.3232,0.019524,9.3543,81.6031,29.9329,37.6455,BIEN,8.8409,0.613637,10.2293,50.3399,0.026037,0.102393,33.361,424.4527,1,1,246.767,8294400.0
closed_eye_1512.jpg_face_1,cerrado,B15,164.3232,0.019524,14.4534,108.7832,24.6122,46.6632,BIEN,12.0496,0.762338,7.9582,33.7993,0.023803,0.064567,21.9162,230.7089,1,1,156.855,8294400.0
closed_eye_1512.jpg_face_1,cerrado,B25,164.3232,0.019524,24.5153,144.5983,18.5232,55.9772,BIEN,17.9107,0.843118,6.0025,12.0038,0.0268,0.039934,37.2666,104.5418,1,1,345.006,8294400.0
closed_eye_1512.jpg_face_1,cerrado,B40,164.3232,0.019524,39.4971,139.1825,19.811,54.8325,BIEN,17.0677,0.86017,7.6251,15.2996,0.027207,0.037325,39.3536,91.1764,1,1,233.77,8294400.0
closed_eye_1531.jpg_face_1,cerrado,B5,132.2357,0.111754,4.4671,45.0822,100.0,18.9499,CRITICA,8.4443,0.372249,15.2488,65.9077,0.10641,nan,4.7814,nan,1,1,212.265,2073600.0
closed_eye_1531.jpg_face_1,cerrado,B10,132.2357,0.111754,9.452,82.7957,43.7537,28.7439,BIEN,12.9731,0.688825,10.2895,37.3878,0.146078,0.198469,30.7145,77.5956,1,1,100.554,2073600.0
closed_eye_1531.jpg_face_1,cerrado,B15,132.2357,0.111754,14.4532,111.1863,19.4378,32.8879,BIEN,18.0073,0.80712,8.0548,15.9181,0.100101,0.143166,10.427,28.1089,1,1,207.104,2073600.0
closed_eye_1531.jpg_face_1,cerrado,B25,132.2357,0.111754,24.4903,149.265,5.2499,35.9324,BIEN,19.012,0.812089,5.9849,12.878,0.107081,0.12919,4.1814,15.6029,1,1,204.939,2073600.0
closed_eye_1531.jpg_face_1,cerrado,B40,132.2357,0.111754,39.4844,142.8883,6.8858,36.5085,BIEN,20.562,0.845472,7.6329,8.0558,0.088439,0.118922,20.8623,6.4146,1,1,215.063,2073600.0
closed_eye_1533.jpg_face_2,cerrado,B5,151.011,0.10905,4.4019,44.7988,100.0,18.4586,CRITICA,7.0064,0.3457,15.3461,70.3341,0.109087,nan,0.0344,nan,1,1,308.89,8294400.0
closed_eye_1533.jpg_face_2,cerrado,B10,151.011,0.10905,9.3261,83.0549,35.7901,28.5534,BIEN,10.6587,0.655812,10.3472,45.0008,0.070835,0.154734,35.0432,41.8929,1,1,189.466,8294400.0
closed_eye_1533.jpg_face_2,cerrado,B15,151.011,0.10905,14.5455,112.1436,18.2977,34.9474,BIEN,14.8809,0.802095,7.9712,25.7381,0.075734,0.127433,30.5514,16.8577,1,1,319.438,8294400.0
closed_eye_1533.jpg_face_2,cerrado,B25,151.011,0.10905,24.4612,150.4036,7.5593,40.1073,BIEN,21.0011,0.852831,5.8794,0.4023,0.07735,0.098511,29.0688,9.6642,1,1,317.965,8294400.0
closed_eye_1533.jpg_face_2,cerrado,B40,151.011,0.10905,39.5067,144.1409,8.9843,40.0346,BIEN,21.057,0.872989,7.4943,4.5494,0.082563,0.08723,24.289,20.0086,1,1,305.736,8294400.0
closed_eye_1543.jpg_face_1,cerrado,B5,199.0291,0.161176,4.3956,45.6627,100.0,11.2043,CRITICA,4.2144,0.332373,15.5868,77.0573,0.212585,nan,31.896,nan,1,1,49.954,18662400.0
closed_eye_1543.jpg_face_1,cerrado,B10,199.0291,0.161176,9.2875,85.1208,31.9747,16.0455,BIEN,6.7282,0.599641,10.4403,57.232,0.134601,0.227806,16.4885,41.3396,1,1,39.571,18662400.0
closed_eye_1543.jpg_face_1,cerrado,B15,199.0291,0.161176,14.5449,116.1351,4.7432,19.3672,BIEN,9.3992,0.751142,7.9019,41.6492,0.196567,0.274761,21.9577,70.4725,1,1,53.725,18662400.0
closed_eye_1543.jpg_face_1,cerrado,B25,199.0291,0.161176,24.5199,156.3099,1.2113,21.1816,BIEN,14.3458,0.869163,5.6865,21.4638,0.15549,0.244321,3.5283,51.5862,1,1,54.485,18662400.0
closed_eye_1543.jpg_face_1,cerrado,B40,199.0291,0.161176,39.5621,149.2906,1.519,21.2932,BIEN,13.3749,0.870174,7.2626,24.9906,0.207934,0.255536,29.0102,58.5442,1,1,52.68,18662400.0
closed_eye_1550.BMP_face_2,cerrado,B5,105.3375,0.02454,4.5158,44.1692,87.4499,30.0529,CRITICA,10.9213,0.393873,14.4553,58.0689,0.036771,0.151549,49.8405,517.5561,1,1,179.093,14017536.0
closed_eye_1550.BMP_face_2,cerrado,B10,105.3375,0.02454,9.5101,78.6296,43.9344,47.6586,CRITICA,17.1183,0.663584,9.9804,25.3546,0.017172,0.100317,30.0266,308.7849,1,1,195.986,14017536.0
closed_eye_1550.BMP_face_2,cerrado,B15,105.3375,0.02454,14.496,103.1104,33.5088,58.2022,BIEN,23.0385,0.72598,8.0108,2.1143,0.025504,0.076868,3.929,213.2335,1,1,175.432,14017536.0
closed_eye_1550.BMP_face_2,cerrado,B25,105.3375,0.02454,24.5124,135.6039,25.2032,68.1239,BIEN,16.7536,0.666417,6.3093,28.7328,0.027131,0.055681,10.558,126.8974,1,1,194.235,14017536.0
closed_eye_1550.BMP_face_2,cerrado,B40,105.3375,0.02454,39.5077,130.8722,26.4463,67.298,BIEN,18.0767,0.711522,8.0201,24.2408,0.02321,0.036939,5.4199,50.5245,1,1,210.664,14017536.0
closed_eye_1558.jpg_face_1,cerrado,B5,62.9436,0.060293,4.4706,45.6288,99.3259,19.3955,CRITICA,21.9939,0.787521,15.0904,27.5085,0.120286,nan,99.5033,nan,1,1,186.748,2073600.0
closed_eye_1558.jpg_face_1,cerrado,B10,62.9436,0.060293,9.5238,83.2398,39.3001,29.6773,BIEN,21.7575,0.854274,10.3406,32.245,0.073773,0.195491,22.3578,224.2362,1,1,199.872,2073600.0
closed_eye_1558.jpg_face_1,cerrado,B15,62.9436,0.060293,14.4842,110.2285,19.4062,34.749,BIEN,14.4546,0.756939,8.1588,75.1225,0.079378,0.132077,31.6541,119.0585,1,1,196.363,2073600.0
closed_eye_1558.jpg_face_1,cerrado,B25,62.9436,0.060293,24.4852,147.9943,7.2719,39.1201,BIEN,9.4508,0.622308,6.1229,135.1219,0.075972,0.102764,26.0054,70.4405,1,1,180.187,2073600.0
closed_eye_1558.jpg_face_1,cerrado,B40,62.9436,0.060293,39.4855,141.8388,8.4337,39.2918,BIEN,10.1017,0.658749,7.7756,125.3425,0.073904,0.070815,22.5753,17.4519,1,1,213.652,2073600.0
closed_eye_1560.jpg_face_1,cerrado,B5,111.2415,0.069268,4.5348,45.7484,100.0,14.2297,CRITICA,11.358,0.584276,15.0768,58.8747,0.087146,nan,25.8107,nan,1,1,191.179,8294400.0
closed_eye_1560.jpg_face_1,cerrado,B10,111.2415,0.069268,9.4845,85.2441,31.0865,20.8112,BIEN,18.4434,0.834664,10.1844,23.3702,0.091323,0.145007,31.84,109.3424,1,1,259.067,8294400.0
closed_eye_1560.jpg_face_1,cerrado,B15,111.2415,0.069268,14.4674,114.5379,10.391,24.7268,BIEN,27.9142,0.913197,7.8412,2.9633,0.06246,0.145064,9.8282,109.4239,1,1,259.781,8294400.0
closed_eye_1560.jpg_face_1,cerrado,B25,111.2415,0.069268,24.5319,154.0303,3.2907,26.8649,BIEN,15.3452,0.876205,5.6819,38.4647,0.071045,0.098752,2.5649,42.5661,1,1,310.424,8294400.0
closed_eye_1560.jpg_face_1,cerrado,B40,111.2415,0.069268,39.494,147.1648,4.0796,27.3762,BIEN,16.8408,0.90679,7.2889,32.2931,0.068574,0.076164,1.0025,9.956,1,1,267.187,8294400.0
closed_eye_1561.jpg_face_1,cerrado,B5,176.6524,0.015317,4.4439,45.3553,100.0,13.9857,CRITICA,5.2793,0.306842,15.232,74.3251,0.18264,nan,1092.372,nan,1,1,301.686,6718464.0
closed_eye_1561.jpg_face_1,cerrado,B10,176.6524,0.015317,9.4596,84.6217,24.6061,22.6701,BIEN,8.2281,0.589831,10.2179,52.097,0.072091,nan,370.6451,nan,1,1,284.616,6718464.0
closed_eye_1561.jpg_face_1,cerrado,B15,176.6524,0.015317,14.4205,112.7953,17.2568,27.4411,BIEN,11.2596,0.743789,7.8864,36.1484,0.028303,0.189887,84.7773,1139.6853,1,1,148.302,6718464.0
closed_eye_1561.jpg_face_1,cerrado,B25,176.6524,0.015317,24.5381,151.8524,5.0641,32.7538,BIEN,17.3617,0.832664,5.747,14.0388,0.036498,0.07389,138.2809,382.395,1,1,303.859,6718464.0
closed_eye_1561.jpg_face_1,cerrado,B40,176.6524,0.015317,39.5015,145.1147,8.5959,32.0786,BIEN,16.2239,0.839216,7.3491,17.8529,0.033709,0.037675,120.0697,145.9622,1,1,271.939,6718464.0
closed_eye_1567.jpg_face_1,cerrado,B5,81.6125,0.092958,4.5643,44.1998,79.929,31.6408,CRITICA,14.2207,0.636245,13.9462,45.8419,0.149335,0.195396,60.6479,110.1983,1,1,296.331,1327104.0
closed_eye_1567.jpg_face_1,cerrado,B10,81.6125,0.092958,9.533,77.7759,51.4083,47.8275,CRITICA,22.9105,0.855171,9.7015,4.7011,0.089684,0.191576,3.5219,106.0891,1,1,406.157,1327104.0
closed_eye_1567.jpg_face_1,cerrado,B15,81.6125,0.092958,14.5032,101.152,38.1065,56.7668,BIEN,19.5003,0.8267,7.8616,23.9417,0.085789,0.172689,7.7115,85.7718,1,1,437.216,1327104.0
closed_eye_1567.jpg_face_1,cerrado,B25,81.6125,0.092958,24.4978,115.4864,33.2781,61.0339,BIEN,16.0045,0.796089,7.6427,41.5057,0.086954,0.153277,6.4583,64.8892,1,1,393.314,1327104.0
closed_eye_1567.jpg_face_1,cerrado,B40,81.6125,0.092958,39.5096,128.1512,30.1065,64.8175,BIEN,13.5847,0.755834,8.0517,57.024,0.08388,0.152679,9.766,64.2459,1,1,417.728,1327104.0
closed_eye_1570.jpg_face_1,cerrado,B5,164.9794,0.080732,4.3956,45.5997,100.0,16.9011,CRITICA,6.1022,0.436831,15.1975,72.3604,0.065465,nan,18.9109,nan,1,1,7.252,113550336.0
closed_eye_1570.jpg_face_1,cerrado,B10,164.9794,0.080732,9.4303,84.4037,27.2984,26.5463,BIEN,9.4201,0.736596,10.1555,48.8399,0.075401,nan,6.6034,nan,1,1,9.618,113550336.0
closed_eye_1570.jpg_face_1,cerrado,B15,164.9794,0.080732,14.4975,113.2417,12.7854,33.1322,BIEN,12.9915,0.85911,7.8343,31.3601,0.079625,nan,1.3711,nan,1,1,9.554,113550336.0
closed_eye_1570.jpg_face_1,cerrado,B25,164.9794,0.080732,24.5022,152.1116,9.0431,39.2928,BIEN,20.8047,0.924224,5.7177,7.7997,0.082081,0.09033,1.6719,11.8887,1,1,16.985,113550336.0
closed_eye_1570.jpg_face_1,cerrado,B40,164.9794,0.080732,39.493,145.6176,9.3805,38.5861,BIEN,19.4353,0.936543,7.3225,11.7359,0.078141,0.075144,3.2087,6.9215,1,1,17.911,113550336.0
closed_eye_1579.BMP_face_1,cerrado,B5,145.7049,0.046211,4.4545,45.4778,100.0,12.3006,CRITICA,7.871,0.355008,15.5595,68.7877,0.083037,nan,79.6894,nan,1,1,259.081,5308416.0
closed_eye_1579.BMP_face_1,cerrado,B10,145.7049,0.046211,9.381,85.1931,29.9691,18.4854,BIEN,12.041,0.663968,10.4532,41.5304,0.084368,0.160397,82.5706,247.0966,1,1,317.904,5308416.0
closed_eye_1579.BMP_face_1,cerrado,B15,145.7049,0.046211,14.4558,114.5918,8.8107,21.4017,BIEN,17.1911,0.788858,8.044,21.3535,0.073893,0.150045,59.9033,224.6933,1,1,309.262,5308416.0
closed_eye_1579.BMP_face_1,cerrado,B25,145.7049,0.046211,24.4811,155.247,1.148,23.3352,BIEN,22.3871,0.826874,5.7808,6.549,0.048958,0.118326,5.9448,156.0554,1,1,414.405,5308416.0
closed_eye_1579.BMP_face_1,cerrado,B40,145.7049,0.046211,39.4811,148.1271,2.0337,23.8193,BIEN,24.0803,0.851412,7.3762,1.6625,0.057232,0.088887,23.8481,92.3496,1,1,432.507,5308416.0
closed_eye_1581.jpg_face_1,cerrado,B5,130.704,0.057077,4.4374,44.2226,99.8613,26.3184,CRITICA,8.3623,0.368707,15.1273,66.1659,0.096392,nan,68.8825,nan,1,1,271.857,6718464.0
closed_eye_1581.jpg_face_1,cerrado,B10,130.704,0.057077,9.4345,80.024,47.0067,40.6809,BIEN,12.5857,0.693804,10.3835,38.7746,0.064998,0.15227,13.8789,166.7809,1,1,380.055,6718464.0
closed_eye_1581.jpg_face_1,cerrado,B15,130.704,0.057077,14.5774,106.6047,34.1074,48.82,BIEN,17.1719,0.817183,8.2513,18.4381,0.052979,0.114351,7.1799,100.3459,1,1,377.017,6718464.0
closed_eye_1581.jpg_face_1,cerrado,B25,130.704,0.057077,24.54,141.7218,18.0045,55.0684,BIEN,19.4264,0.790095,6.3902,8.4296,0.056,0.091727,1.8867,60.7076,1,1,370.137,6718464.0
closed_eye_1581.jpg_face_1,cerrado,B40,130.704,0.057077,39.4961,135.9828,20.7383,55.3979,BIEN,20.6531,0.834519,8.083,4.0387,0.049259,0.079794,13.6964,39.8018,1,1,330.393,6718464.0
closed_eye_1594.jpg_face_1,cerrado,B5,145.2425,0.039908,4.5757,45.772,100.0,18.77,CRITICA,7.5136,0.414841,14.9439,68.4858,nan,nan,nan,nan,1,0,68.524,26873856.0
closed_eye_1594.jpg_face_1,cerrado,B10,145.2425,0.039908,9.392,83.6578,29.6182,28.2667,BIEN,11.3891,0.739211,10.1963,42.4013,0.025136,nan,37.0147,nan,1,1,69.918,26873856.0
closed_eye_1594.jpg_face_1,cerrado,B15,145.2425,0.039908,14.4959,111.929,17.5738,34.5269,BIEN,15.8287,0.849136,7.9267,22.9364,0.020171,0.07626,49.4566,91.0867,1,1,73.871,26873856.0
closed_eye_1594.jpg_face_1,cerrado,B25,145.2425,0.039908,24.461,149.7233,9.5138,39.8853,BIEN,21.4523,0.889422,5.8602,3.085,0.019981,0.036311,49.9331,9.0151,1,1,68.8,26873856.0
closed_eye_1594.jpg_face_1,cerrado,B40,145.2425,0.039908,39.4763,143.7266,10.5127,39.7948,BIEN,21.9787,0.910009,7.4633,1.0437,0.028525,0.044815,28.5244,12.2936,1,1,74.951,26873856.0
closed_eye_1613.BMP_face_1,cerrado,B5,112.7075,0.130112,4.5565,44.4575,85.5971,32.2164,CRITICA,9.7768,0.452632,14.2189,60.555,0.115767,nan,11.0249,nan,1,1,40.732,21233664.0
closed_eye_1613.BMP_face_1,cerrado,B10,112.7075,0.130112,9.5376,77.7242,44.2479,51.8294,CRITICA,15.0299,0.694079,9.8543,31.039,0.1204,nan,7.4647,nan,1,1,50.787,21233664.0
closed_eye_1613.BMP_face_1,cerrado,B15,112.7075,0.130112,14.527,100.9866,35.3739,63.9277,BIEN,20.6715,0.75915,7.9554,10.3993,0.108871,0.135165,16.3254,3.8839,1,1,48.55,21233664.0
closed_eye_1613.BMP_face_1,cerrado,B25,112.7075,0.130112,24.5091,130.7949,28.6897,76.7187,BIEN,19.0609,0.738042,6.3741,16.0481,0.100722,0.118437,22.5881,8.9732,1,1,47.736,21233664.0
closed_eye_1613.BMP_face_1,cerrado,B40,112.7075,0.130112,39.5198,126.9272,30.0863,75.1665,BIEN,20.4661,0.784369,8.0996,12.6165,0.113881,0.123796,12.4747,4.8547,1,1,49.172,21233664.0
closed_eye_1622.jpg_face_2,cerrado,B5,129.1017,0.07446,4.4484,44.0828,100.0,25.3561,CRITICA,8.4928,0.394791,14.7935,65.8542,0.107295,0.196857,44.0968,164.3789,1,1,245.333,6718464.0
closed_eye_1622.jpg_face_2,cerrado,B10,129.1017,0.07446,9.5184,80.9474,37.4543,40.9531,BIEN,13.0689,0.719734,10.0547,37.2995,0.092137,0.146085,23.7403,96.1911,1,1,342.395,6718464.0
closed_eye_1622.jpg_face_2,cerrado,B15,129.1017,0.07446,14.4274,106.7195,31.2728,49.4613,BIEN,18.1109,0.822918,7.9998,17.3368,0.069205,0.138107,7.0582,85.4769,1,1,297.876,6718464.0
closed_eye_1622.jpg_face_2,cerrado,B25,129.1017,0.07446,24.471,141.9657,22.279,56.9547,BIEN,20.8006,0.812029,6.1345,9.9642,0.083478,0.101722,12.1102,36.612,1,1,267.308,6718464.0
closed_eye_1622.jpg_face_2,cerrado,B40,129.1017,0.07446,39.48,136.7082,24.1965,56.6024,BIEN,22.2539,0.847093,7.7933,5.8918,0.083072,0.085671,11.5651,15.0554,1,1,358.796,6718464.0
closed_eye_1627.jpg_face_1,cerrado,B5,150.4714,0.061348,4.3598,44.1368,100.0,22.0301,CRITICA,6.8575,0.308771,15.4754,70.6677,0.062759,nan,2.2999,nan,1,1,164.558,2985984.0
closed_eye_1627.jpg_face_1,cerrado,B10,150.4714,0.061348,9.2976,81.4247,35.8131,35.6728,BIEN,10.4864,0.610651,10.3826,45.8869,0.063101,0.156405,2.8574,154.9464,1,1,172.126,2985984.0
closed_eye_1627.jpg_face_1,cerrado,B15,150.4714,0.061348,14.5242,109.2967,24.2983,44.1973,BIEN,14.4623,0.747708,8.0739,27.3638,0.069382,0.104913,13.0954,71.012,1,1,144.034,2985984.0
closed_eye_1627.jpg_face_1,cerrado,B25,150.4714,0.061348,24.5085,145.8203,13.8601,52.257,BIEN,20.525,0.790874,6.049,3.091,0.065225,0.074939,6.3193,22.1541,1,1,108.762,2985984.0
closed_eye_1627.jpg_face_1,cerrado,B40,150.4714,0.061348,39.4809,140.1489,15.148,51.1388,BIEN,20.2689,0.815787,7.6876,6.8601,0.060733,0.070567,1.0022,15.0277,1,1,170.78,2985984.0
closed_eye_1630.jpg_face_1,cerrado,B5,133.762,0.108688,4.3673,44.0579,99.8309,23.1045,CRITICA,8.1663,0.3659,15.2553,67.0624,0.102135,0.174227,6.0286,60.3004,1,1,320.123,4064256.0
closed_eye_1630.jpg_face_1,cerrado,B10,133.762,0.108688,9.4974,81.6554,33.6173,37.0002,BIEN,12.6538,0.699034,10.2126,38.9547,0.100766,0.160313,7.2884,47.4988,1,1,316.566,4064256.0
closed_eye_1630.jpg_face_1,cerrado,B15,133.762,0.108688,14.4428,108.6147,25.852,44.8624,BIEN,17.4521,0.815529,8.0621,18.8,0.094132,0.130824,13.3918,20.367,1,1,345.03,4064256.0
closed_eye_1630.jpg_face_1,cerrado,B25,133.762,0.108688,24.4798,144.8269,18.8931,51.8582,BIEN,20.4665,0.813796,6.0888,8.2721,0.099309,0.107956,8.6289,0.6735,1,1,312.617,4064256.0
closed_eye_1630.jpg_face_1,cerrado,B40,133.762,0.108688,39.4969,139.2032,20.2653,51.1864,BIEN,21.7273,0.84551,7.7384,4.0678,0.09339,0.08159,14.0748,24.932,1,1,354.246,4064256.0
closed_eye_1631.jpg_face_1,cerrado,B5,138.0103,0.062508,4.2823,43.9402,100.0,18.7447,CRITICA,7.9603,0.328948,15.6063,68.1616,0.077851,nan,24.5454,nan,1,1,205.17,2073600.0
closed_eye_1631.jpg_face_1,cerrado,B10,138.0103,0.062508,9.5626,83.0082,43.7669,29.2066,BIEN,12.2529,0.680791,10.4319,39.8536,0.077819,0.165517,24.4949,164.7939,1,1,198.413,2073600.0
closed_eye_1631.jpg_face_1,cerrado,B15,138.0103,0.062508,14.4415,110.3533,20.8356,34.4757,BIEN,16.6054,0.80123,8.242,20.0398,0.061533,0.108987,1.5598,74.3568,1,1,206.292,2073600.0
closed_eye_1631.jpg_face_1,cerrado,B25,138.0103,0.062508,24.5041,147.6447,6.2331,38.3197,BIEN,19.731,0.806292,6.2418,6.9809,0.062066,0.086077,0.7066,37.7059,1,1,193.364,2073600.0
closed_eye_1631.jpg_face_1,cerrado,B40,138.0103,0.062508,39.5065,141.4738,7.9367,38.8963,BIEN,20.7833,0.837641,7.8908,2.5096,0.066352,0.075419,6.1498,20.6561,1,1,193.177,2073600.0
closed_eye_1640.jpg_face_1,cerrado,B5,188.3279,0.082286,4.3246,45.2193,100.0,10.9408,CRITICA,4.8437,0.326144,15.8578,75.989,0.121877,nan,48.1132,nan,1,1,42.568,23970816.0
closed_eye_1640.jpg_face_1,cerrado,B10,188.3279,0.082286,9.427,85.697,29.0865,16.3385,BIEN,7.6987,0.6195,10.4606,54.4958,0.10248,0.176132,24.5409,114.047,1,1,42.219,23970816.0
closed_eye_1640.jpg_face_1,cerrado,B15,188.3279,0.082286,14.5277,115.5011,9.4756,19.2168,BIEN,10.5212,0.773766,8.0436,38.6702,0.052382,0.158675,36.3422,92.8321,1,1,43.083,23970816.0
closed_eye_1640.jpg_face_1,cerrado,B25,188.3279,0.082286,24.4876,155.9391,0.0089,20.4563,BIEN,15.9853,0.867242,5.7812,17.1981,0.064817,0.125409,21.2297,52.4058,1,1,43.477,23970816.0
closed_eye_1640.jpg_face_1,cerrado,B40,188.3279,0.082286,39.4795,148.6952,0.1051,20.9691,BIEN,14.9437,0.875521,7.3911,21.0445,0.063587,0.097687,22.7248,18.7153,1,1,45.189,23970816.0
closed_eye_1641.jpg_face_2,cerrado,B5,146.3724,0.03533,4.1852,43.4384,100.0,15.7344,CRITICA,7.3116,0.268984,16.1084,70.3234,0.077651,nan,119.7875,nan,1,1,397.156,746496.0
closed_eye_1641.jpg_face_2,cerrado,B10,146.3724,0.03533,9.5017,83.5003,36.0606,25.1606,BIEN,11.3998,0.567198,10.5288,42.9535,0.050788,0.152468,43.7513,331.5522,1,1,442.419,746496.0
closed_eye_1641.jpg_face_2,cerrado,B15,146.3724,0.03533,14.3983,112.098,14.0404,30.0048,BIEN,15.4944,0.679774,8.1996,23.4159,0.049744,0.116665,40.7963,230.2143,1,1,412.099,746496.0
closed_eye_1641.jpg_face_2,cerrado,B25,146.3724,0.03533,24.4545,151.1707,3.8047,33.9905,BIEN,19.6239,0.715874,6.0123,3.2782,0.038462,0.065722,8.8653,86.0213,1,1,357.066,746496.0
closed_eye_1641.jpg_face_2,cerrado,B40,146.3724,0.03533,39.4919,144.7919,4.6801,34.0982,BIEN,20.3567,0.745907,7.6241,1.0798,0.045112,0.041525,27.687,17.535,1,1,381.986,746496.0
closed_eye_1648.jpg_face_2,cerrado,B5,95.5884,0.06717,4.4631,45.2202,94.8486,19.2167,CRITICA,13.1237,0.562601,15.1009,52.6928,0.094644,nan,40.903,nan,1,1,260.6,1327104.0
closed_eye_1648.jpg_face_2,cerrado,B10,95.5884,0.06717,9.4514,83.8484,40.4053,26.8945,BIEN,21.7868,0.834051,10.254,12.2818,0.097587,0.171344,45.2853,155.0912,1,1,376.209,1327104.0
closed_eye_1648.jpg_face_2,cerrado,B15,95.5884,0.06717,14.5068,112.3694,14.5996,30.9373,BIEN,21.2477,0.848886,8.007,17.5555,0.064428,0.147792,4.0809,120.0288,1,1,429.83,1327104.0
closed_eye_1648.jpg_face_2,cerrado,B25,95.5884,0.06717,24.4446,150.6614,4.1016,32.8189,BIEN,12.9325,0.777253,5.9267,57.6147,0.055136,0.10913,17.9157,62.4702,1,1,388.561,1327104.0
closed_eye_1648.jpg_face_2,cerrado,B40,95.5884,0.06717,39.4988,144.1587,5.835,33.7561,BIEN,14.0062,0.822802,7.5602,50.8119,0.055833,0.102092,16.877,51.9915,1,1,426.876,1327104.0
closed_eye_1649.jpg_face_1,cerrado,B5,166.2251,0.067621,4.5472,46.0917,100.0,13.2755,CRITICA,6.2238,0.399367,15.1182,72.2715,0.107734,nan,59.3196,nan,1,1,310.887,8294400.0
closed_eye_1649.jpg_face_1,cerrado,B10,166.2251,0.067621,9.5152,86.0943,26.1831,19.4201,BIEN,9.4482,0.682226,10.2698,48.2062,0.117114,nan,73.1911,nan,1,1,245.387,8294400.0
closed_eye_1649.jpg_face_1,cerrado,B15,166.2251,0.067621,14.3427,114.2939,12.3648,21.9478,BIEN,12.9521,0.83005,7.9388,31.2415,0.107668,nan,59.2226,nan,1,1,303.988,8294400.0
closed_eye_1649.jpg_face_1,cerrado,B25,166.2251,0.067621,24.4818,154.92,0.7572,24.6129,BIEN,20.2729,0.897217,5.7232,6.8011,nan,0.147684,nan,118.3982,1,0,275.961,8294400.0
closed_eye_1649.jpg_face_1,cerrado,B40,166.2251,0.067621,39.447,147.7362,1.4771,24.9695,BIEN,19.1504,0.91105,7.3126,11.1228,nan,0.10456,nan,54.6267,1,0,290.048,8294400.0
closed_eye_1652.jpg_face_1,cerrado,B5,95.0616,0.041888,4.3571,43.4592,99.0002,26.2096,CRITICA,12.8282,0.534588,15.0415,54.2831,0.064704,0.195366,54.468,366.4003,1,1,323.081,6718464.0
closed_eye_1652.jpg_face_1,cerrado,B10,95.0616,0.041888,9.4337,80.3301,35.4354,42.263,BIEN,22.6637,0.863838,10.1257,15.4968,0.05316,0.148809,26.9093,255.2538,1,1,342.173,6718464.0
closed_eye_1652.jpg_face_1,cerrado,B15,95.0616,0.041888,14.4758,106.3694,28.5059,52.0263,BIEN,24.6755,0.890302,8.0293,11.8953,0.055364,0.139607,32.1703,233.2846,1,1,326.052,6718464.0
closed_eye_1652.jpg_face_1,cerrado,B25,95.0616,0.041888,24.4657,140.7184,22.9138,61.0771,BIEN,14.3092,0.798142,6.1626,48.0287,0.036728,0.08594,12.3194,105.1643,1,1,317.128,6718464.0
closed_eye_1652.jpg_face_1,cerrado,B40,95.0616,0.041888,39.5095,135.8529,23.7924,59.9376,BIEN,15.312,0.834053,7.8145,42.9104,0.050477,0.05696,20.5054,35.9823,1,1,352.97,6718464.0
closed_eye_1655.BMP_face_1,cerrado,B5,117.9555,0.07645,4.518,45.3412,99.9797,20.7368,CRITICA,10.1305,0.483347,14.9577,61.5607,0.066392,nan,13.1561,nan,1,1,63.078,16257024.0
closed_eye_1655.BMP_face_1,cerrado,B10,117.9555,0.07645,9.4991,83.3223,31.9678,33.6631,BIEN,16.1177,0.793418,10.0931,29.3613,0.067638,0.202301,11.5275,164.6181,1,1,48.858,16257024.0
closed_eye_1655.BMP_face_1,cerrado,B15,117.9555,0.07645,14.4408,110.0876,18.3481,41.0612,BIEN,23.6922,0.874151,7.9507,6.6703,0.068856,0.080257,9.934,4.9791,1,1,65.077,16257024.0
closed_eye_1655.BMP_face_1,cerrado,B25,117.9555,0.07645,24.4901,146.9771,13.8997,49.144,BIEN,17.6229,0.854052,5.9177,24.6039,0.063407,0.058863,17.0612,23.0054,1,1,65.309,16257024.0
closed_eye_1655.BMP_face_1,cerrado,B40,117.9555,0.07645,39.522,141.1079,14.6273,48.2282,BIEN,19.3728,0.886721,7.5518,19.628,0.065483,0.060394,14.346,21.0023,1,1,65.967,16257024.0
closed_eye_1659.jpg_face_1,cerrado,B5,126.4383,0.052764,4.3697,45.5955,100.0,14.4905,CRITICA,9.5891,0.489005,15.5614,63.9386,0.055025,nan,4.2839,nan,1,1,164.493,10036224.0
closed_eye_1659.jpg_face_1,cerrado,B10,126.4383,0.052764,9.5465,85.2404,32.7112,21.4735,BIEN,15.1538,0.801968,10.3711,32.5834,0.059133,0.14045,12.0707,166.1831,1,1,225.652,10036224.0
closed_eye_1659.jpg_face_1,cerrado,B15,126.4383,0.052764,14.4808,114.036,7.1034,25.4339,BIEN,22.6148,0.903199,8.0559,9.809,0.050587,0.089814,4.127,70.2165,1,1,253.081,10036224.0
closed_eye_1659.jpg_face_1,cerrado,B25,126.4383,0.052764,24.5362,153.9894,3.0399,27.8841,BIEN,18.1065,0.888097,5.8363,21.7901,0.061444,0.065046,16.4488,23.2761,1,1,277.616,10036224.0
closed_eye_1659.jpg_face_1,cerrado,B40,126.4383,0.052764,39.4881,146.678,3.5548,27.9715,BIEN,20.3679,0.918904,7.4715,16.0076,0.055151,0.055296,4.5237,4.7981,1,1,286.377,10036224.0
closed_eye_1660.jpg_face_1,cerrado,B5,141.1087,0.063143,4.3203,44.3749,100.0,18.7374,CRITICA,7.696,0.430903,15.2742,68.5527,0.098232,nan,55.57,nan,1,1,65.299,16257024.0
closed_eye_1660.jpg_face_1,cerrado,B10,141.1087,0.063143,9.5365,83.3873,30.3836,30.9774,BIEN,12.082,0.730818,10.0507,40.9056,0.081584,nan,29.2056,nan,1,1,39.46,16257024.0
closed_eye_1660.jpg_face_1,cerrado,B15,141.1087,0.063143,14.5684,111.6524,17.7677,38.5029,BIEN,17.0123,0.850294,7.8325,20.8749,0.06211,0.120362,1.6366,90.6183,1,1,62.077,16257024.0
closed_eye_1660.jpg_face_1,cerrado,B25,141.1087,0.063143,24.4397,149.1487,10.7832,46.0222,BIEN,22.8208,0.887388,5.7863,5.6977,0.051059,0.1156,19.1375,83.0767,1,1,63.245,16257024.0
closed_eye_1660.jpg_face_1,cerrado,B40,141.1087,0.063143,39.4987,143.0688,11.8701,45.1336,BIEN,24.189,0.911572,7.3984,1.3891,0.057619,0.080996,8.748,28.2743,1,1,67.556,16257024.0
closed_eye_1666.jpg_face_1,cerrado,B5,203.6868,0.020094,4.3813,45.7796,100.0,11.8987,CRITICA,3.9783,0.268953,15.6029,77.5245,0.073333,nan,264.9523,nan,1,1,299.392,8294400.0
closed_eye_1666.jpg_face_1,cerrado,B10,203.6868,0.020094,9.3327,85.6527,23.3672,18.1477,BIEN,6.4503,0.537608,10.412,57.9488,0.023394,0.148704,16.4252,640.0485,1,1,341.787,8294400.0
closed_eye_1666.jpg_face_1,cerrado,B15,203.6868,0.020094,14.403,115.2812,8.5156,22.0935,BIEN,8.8949,0.684591,7.9744,43.4027,0.025443,0.132871,26.6194,561.2543,1,1,356.354,8294400.0
closed_eye_1666.jpg_face_1,cerrado,B25,203.6868,0.020094,24.5393,155.7263,2.9805,25.4771,BIEN,13.641,0.808588,5.7096,23.5462,0.021562,0.111316,7.3077,453.9816,1,1,317.491,8294400.0
closed_eye_1666.jpg_face_1,cerrado,B40,203.6868,0.020094,39.5257,148.6309,4.1523,25.7725,BIEN,12.708,0.820043,7.3076,27.0297,0.026116,0.040907,29.9696,103.5808,1,1,395.617,8294400.0
closed_eye_1667.jpg_face_1,cerrado,B5,202.1052,0.088927,4.3942,45.3766,100.0,9.96,CRITICA,4.1027,0.280456,15.7561,77.548,nan,nan,nan,nan,1,0,327.482,5308416.0
closed_eye_1667.jpg_face_1,cerrado,B10,202.1052,0.088927,9.3295,85.6707,21.3964,13.8068,BIEN,6.6226,0.550267,10.4818,57.6109,0.073036,nan,17.8706,nan,1,1,324.981,5308416.0
closed_eye_1667.jpg_face_1,cerrado,B15,202.1052,0.088927,14.4202,116.145,4.3114,15.5479,BIEN,9.2129,0.690957,7.956,42.5324,0.068508,nan,22.9615,nan,1,1,335.852,5308416.0
closed_eye_1667.jpg_face_1,cerrado,B25,202.1052,0.088927,24.4822,156.9284,0.5745,17.4894,BIEN,14.2566,0.8128,5.6837,22.3531,nan,0.071812,nan,19.2463,1,0,361.141,5308416.0
closed_eye_1667.jpg_face_1,cerrado,B40,202.1052,0.088927,39.508,149.9679,1.0041,17.6818,BIEN,13.2532,0.813706,7.2483,25.7971,0.080124,0.070679,9.8996,20.521,1,1,358.757,5308416.0
closed_eye_1670.jpg_face_1,cerrado,B5,170.3394,0.034984,4.4991,46.0142,100.0,12.7505,CRITICA,5.9523,0.384747,15.2862,72.9867,0.050887,nan,45.4567,nan,1,1,24.33,40144896.0
closed_eye_1670.jpg_face_1,cerrado,B10,170.3394,0.034984,9.4042,85.6224,28.8076,19.2603,BIEN,9.0938,0.689554,10.3456,49.7342,0.043177,0.168139,23.4166,380.6109,1,1,23.911,40144896.0
closed_eye_1670.jpg_face_1,cerrado,B15,170.3394,0.034984,14.4363,114.6101,9.9765,21.852,BIEN,12.5334,0.834035,7.9373,32.7166,0.036888,0.155022,5.441,343.1164,1,1,24.32,40144896.0
closed_eye_1670.jpg_face_1,cerrado,B25,170.3394,0.034984,24.5013,155.1453,1.8321,24.7857,BIEN,19.5166,0.913031,5.7373,8.9199,0.021087,0.072176,39.724,106.3103,1,1,21.243,40144896.0
closed_eye_1670.jpg_face_1,cerrado,B40,170.3394,0.034984,39.4902,147.9043,2.8121,25.0484,BIEN,18.3093,0.921139,7.3351,13.1708,0.035388,0.059035,1.1535,68.7472,1,1,24.715,40144896.0
closed_eye_1670.jpg_face_2,cerrado,B5,150.1762,0.033619,4.4422,45.865,99.9994,14.2038,CRITICA,7.3646,0.422586,15.3917,69.4592,0.103469,nan,207.7657,nan,1,1,19.187,47775744.0
closed_eye_1670.jpg_face_2,cerrado,B10,150.1762,0.033619,9.3681,84.7982,30.0938,21.663,BIEN,11.2793,0.744326,10.3414,43.5342,0.048605,0.184744,44.5747,449.5188,1,1,18.851,47775744.0
closed_eye_1670.jpg_face_2,cerrado,B15,150.1762,0.033619,14.527,114.2994,11.2489,25.5279,BIEN,15.7167,0.869332,8.0102,23.8898,0.062395,0.186042,85.5938,453.3772,1,1,19.26,47775744.0
closed_eye_1670.jpg_face_2,cerrado,B25,150.1762,0.033619,24.4235,153.213,3.4081,28.476,BIEN,21.7039,0.912088,5.847,2.0221,0.0514,0.12588,52.8883,274.4277,1,1,19.499,47775744.0
closed_eye_1670.jpg_face_2,cerrado,B40,150.1762,0.033619,39.4875,146.5699,4.2372,28.9727,BIEN,22.2378,0.929805,7.4533,2.4014,0.040235,0.08494,19.6794,152.6515,1,1,20.726,47775744.0
closed_eye_1671.jpg_face_1,cerrado,B5,180.4022,0.123128,4.3287,45.4008,100.0,16.5573,CRITICA,5.0951,0.307345,15.4756,74.8336,0.150731,nan,22.4182,nan,1,1,26.162,36578304.0
closed_eye_1671.jpg_face_1,cerrado,B10,180.4022,0.123128,9.4764,84.541,31.1855,26.0499,BIEN,7.996,0.57449,10.3056,53.1375,0.14145,0.223651,14.8809,81.6413,1,1,21.858,36578304.0
closed_eye_1671.jpg_face_1,cerrado,B15,180.4022,0.123128,14.4674,113.2104,16.1509,31.4982,BIEN,10.8233,0.728024,7.9978,37.2456,0.122531,0.213734,0.4845,73.5875,1,1,26.422,36578304.0
closed_eye_1671.jpg_face_1,cerrado,B25,180.4022,0.123128,24.5203,152.0406,6.7119,35.7294,BIEN,16.0898,0.823954,5.8662,15.7213,0.11294,0.15369,8.2744,24.8213,1,1,26.317,36578304.0
closed_eye_1671.jpg_face_1,cerrado,B40,180.4022,0.123128,39.4971,145.2879,9.2439,35.9583,BIEN,15.2284,0.844398,7.4816,19.4644,0.098203,0.14587,20.2426,18.4702,1,1,27.612,36578304.0
closed_eye_1674.BMP_face_1,cerrado,B5,85.7963,0.078228,4.6175,44.3027,78.9115,34.5577,CRITICA,13.6918,0.602509,14.04,48.3629,0.070207,0.162329,10.2537,107.5068,1,1,179.247,14017536.0
closed_eye_1674.BMP_face_1,cerrado,B10,85.7963,0.078228,9.6112,76.3764,45.2496,55.669,CRITICA,23.3386,0.828857,9.7914,10.9794,0.059415,0.098331,24.0492,25.6971,1,1,199.74,14017536.0
closed_eye_1674.BMP_face_1,cerrado,B15,85.7963,0.078228,14.6197,98.3781,38.3855,68.6869,BIEN,22.7554,0.825833,7.9748,14.6648,0.055372,0.065844,29.217,15.8314,1,1,186.63,14017536.0
closed_eye_1674.BMP_face_1,cerrado,B25,85.7963,0.078228,24.6163,125.8244,32.7875,82.723,BIEN,14.5517,0.724986,6.5288,46.6548,0.07629,0.063152,2.4773,19.2718,1,1,197.344,14017536.0
closed_eye_1674.BMP_face_1,cerrado,B40,85.7963,0.078228,39.6134,122.1706,33.7375,81.6681,BIEN,15.3582,0.760315,8.3027,42.3962,0.071679,0.048055,8.3718,38.5711,1,1,213.895,14017536.0
closed_eye_1679.BMP_face_1,cerrado,B5,125.9071,0.06694,4.4349,44.3792,99.9308,24.4986,CRITICA,8.8184,0.404746,14.8517,64.7524,0.056403,0.182185,15.7417,172.1602,1,1,308.404,8294400.0
closed_eye_1679.BMP_face_1,cerrado,B10,125.9071,0.06694,9.4769,81.2653,40.7958,38.726,BIEN,13.5728,0.717164,10.0762,35.4561,0.063579,0.14506,5.0219,116.7008,1,1,293.35,8294400.0
closed_eye_1679.BMP_face_1,cerrado,B15,125.9071,0.06694,14.5113,108.0956,30.4394,46.7279,BIEN,18.9784,0.81068,7.9581,14.1466,0.040589,0.10792,39.3649,61.2187,1,1,273.067,8294400.0
closed_eye_1679.BMP_face_1,cerrado,B25,125.9071,0.06694,24.5071,143.8061,16.6401,53.8914,BIEN,19.8102,0.795259,6.078,14.216,0.042712,0.078871,36.1935,17.8226,1,1,284.625,8294400.0
closed_eye_1679.BMP_face_1,cerrado,B40,125.9071,0.06694,39.5031,138.0718,19.7578,54.1264,BIEN,21.5735,0.831366,7.741,9.6616,0.05636,0.060928,15.806,8.9824,1,1,329.251,8294400.0
closed_eye_1680.jpg_face_1,cerrado,B5,42.4963,0.110913,4.4646,42.3357,86.6145,29.7269,CRITICA,30.3571,0.87882,14.3082,0.3778,0.1072,nan,3.3483,nan,1,1,361.873,746496.0
closed_eye_1680.jpg_face_1,cerrado,B10,42.4963,0.110913,9.5119,75.2773,50.3382,44.6806,CRITICA,16.573,0.724427,10.1906,77.1387,nan,0.161798,nan,45.8776,1,0,382.468,746496.0
closed_eye_1680.jpg_face_1,cerrado,B15,42.4963,0.110913,14.5568,98.8871,37.6291,52.9232,BIEN,12.1621,0.572396,8.3957,132.6961,nan,0.130715,nan,17.8533,1,0,421.585,746496.0
closed_eye_1680.jpg_face_1,cerrado,B25,42.4963,0.110913,24.4988,129.8982,26.5931,60.5008,BIEN,8.6042,0.432401,6.8634,205.6697,nan,0.114774,nan,3.4809,1,0,344.792,746496.0
closed_eye_1680.jpg_face_1,cerrado,B40,42.4963,0.110913,39.5016,125.4977,28.1595,60.2295,BIEN,9.017,0.458043,8.702,195.3146,nan,0.128465,nan,15.8246,1,0,392.326,746496.0
closed_eye_1690.jpg_face_1,cerrado,B5,129.3817,0.03062,4.2118,44.0851,99.9752,15.7736,CRITICA,8.8628,0.39573,15.9736,65.9263,0.041506,nan,35.5521,nan,1,1,148.597,2985984.0
closed_eye_1690.jpg_face_1,cerrado,B10,129.3817,0.03062,9.5562,83.7893,36.2645,25.289,BIEN,14.0615,0.734802,10.4476,35.2386,0.030774,0.097039,0.5025,216.9098,1,1,162.501,2985984.0
closed_eye_1690.jpg_face_1,cerrado,B15,129.3817,0.03062,14.4171,112.2717,13.4959,30.6071,BIEN,20.099,0.849271,8.1334,13.2244,0.03813,0.067502,24.5265,120.4502,1,1,180.421,2985984.0
closed_eye_1690.jpg_face_1,cerrado,B25,129.3817,0.03062,24.4921,151.0571,5.1818,35.2865,BIEN,18.961,0.844685,5.9755,16.7531,0.022038,0.047161,28.0287,54.0194,1,1,177.724,2985984.0
closed_eye_1690.jpg_face_1,cerrado,B40,129.3817,0.03062,39.474,144.3265,6.4711,35.1892,BIEN,21.0131,0.875982,7.6099,11.551,0.030851,0.041273,0.7529,34.7896,1,1,180.44,2985984.0
closed_eye_1691.jpg_face_3,cerrado,B5,139.2967,0.150871,4.309,45.0198,99.9869,16.8515,CRITICA,8.1182,0.447177,15.521,67.6806,0.134378,nan,10.9314,nan,1,1,12.154,74649600.0
closed_eye_1691.jpg_face_3,cerrado,B10,139.2967,0.150871,9.4562,83.934,34.5638,25.8014,BIEN,12.4383,0.773183,10.4284,39.7444,0.170974,0.186168,13.3251,23.3958,1,1,11.392,74649600.0
closed_eye_1691.jpg_face_3,cerrado,B15,139.2967,0.150871,14.5487,112.8543,18.5601,30.7803,BIEN,17.2242,0.880598,8.1224,18.9828,0.132728,0.178182,12.0256,18.1024,1,1,12.931,74649600.0
closed_eye_1691.jpg_face_3,cerrado,B25,139.2967,0.150871,24.4402,150.3732,5.0374,33.3299,BIEN,19.6284,0.895204,6.0888,7.9518,0.139218,0.176576,7.7237,17.0382,1,1,12.904,74649600.0
closed_eye_1691.jpg_face_3,cerrado,B40,139.2967,0.150871,39.4868,144.0222,6.7675,34.1546,BIEN,20.9248,0.924641,7.7127,3.3924,0.143417,0.169962,4.9404,12.6541,1,1,12.549,74649600.0
closed_eye_1693.jpg_face_1,cerrado,B5,166.3063,0.061935,4.3412,44.5056,100.0,15.7439,CRITICA,5.9894,0.32653,15.5591,73.2388,0.065279,nan,5.3996,nan,1,1,205.893,14017536.0
closed_eye_1693.jpg_face_1,cerrado,B10,166.3063,0.061935,9.3768,84.1264,37.7042,24.1915,BIEN,9.2436,0.619471,10.3943,49.4148,0.067862,0.178106,9.5695,187.569,1,1,155.142,14017536.0
closed_eye_1693.jpg_face_1,cerrado,B15,166.3063,0.061935,14.4563,113.629,14.4423,28.6233,BIEN,12.7271,0.764186,7.9941,31.6748,0.063784,0.148135,2.9859,139.1783,1,1,204.78,14017536.0
closed_eye_1693.jpg_face_1,cerrado,B25,166.3063,0.061935,24.4685,153.0629,2.5133,30.9358,BIEN,19.0727,0.840284,5.8361,7.9632,0.059968,0.073074,3.1756,17.9847,1,1,193.528,14017536.0
closed_eye_1693.jpg_face_1,cerrado,B40,166.3063,0.061935,39.4931,146.4764,3.6706,31.5311,BIEN,18.286,0.856168,7.434,11.9237,0.058308,0.06861,5.856,10.7775,1,1,227.666,14017536.0
closed_eye_1702.BMP_face_1,cerrado,B5,148.8246,0.097039,4.3742,44.3556,100.0,19.1556,CRITICA,7.1294,0.3648,15.3683,70.196,0.1437,nan,48.0846,nan,1,1,363.095,4064256.0
closed_eye_1702.BMP_face_1,cerrado,B10,148.8246,0.097039,9.3294,82.7523,40.6712,29.6527,BIEN,10.7738,0.678046,10.4192,44.3961,0.148823,0.218558,53.3641,125.2261,1,1,328.828,4064256.0
closed_eye_1702.BMP_face_1,cerrado,B15,148.8246,0.097039,14.4076,111.3979,24.9886,35.0339,BIEN,14.8991,0.806801,8.0511,25.1482,0.137589,0.216503,41.7873,123.1083,1,1,325.193,4064256.0
closed_eye_1702.BMP_face_1,cerrado,B25,148.8246,0.097039,24.4817,150.0719,4.2563,37.8753,BIEN,19.9939,0.843931,5.9547,0.8381,0.112735,0.167818,16.175,72.938,1,1,239.745,4064256.0
closed_eye_1702.BMP_face_1,cerrado,B40,148.8246,0.097039,39.4831,143.7561,6.415,38.53,BIEN,20.2625,0.865747,7.5703,3.4057,0.136075,0.152155,40.2266,56.7974,1,1,359.221,4064256.0
closed_eye_1702.BMP_face_2,cerrado,B5,169.0847,0.113295,4.4306,44.9802,100.0,18.9374,CRITICA,5.6959,0.336566,15.2604,73.3978,0.126149,nan,11.3455,nan,1,1,339.616,4064256.0
closed_eye_1702.BMP_face_2,cerrado,B10,169.0847,0.113295,9.3541,82.8973,37.7262,29.0323,BIEN,8.6844,0.621874,10.3568,50.9729,0.123483,0.211365,8.9928,86.5617,1,1,392.788,4064256.0
closed_eye_1702.BMP_face_2,cerrado,B15,169.0847,0.113295,14.437,111.7805,22.6587,34.8922,BIEN,11.8222,0.763661,8.0183,33.8908,0.129353,0.168213,14.1738,48.4739,1,1,360.269,4064256.0
closed_eye_1702.BMP_face_2,cerrado,B25,169.0847,0.113295,24.4467,150.3752,7.268,38.2027,BIEN,17.2695,0.826748,5.9128,11.0652,0.118214,0.151184,4.3415,33.4428,1,1,341.332,4064256.0
closed_eye_1702.BMP_face_2,cerrado,B40,169.0847,0.113295,39.4832,144.2036,8.5823,38.505,BIEN,16.5682,0.844584,7.5203,14.7152,0.109174,0.124535,3.637,9.9209,1,1,400.705,4064256.0
closed_eye_1705.jpg_face_1,cerrado,B5,146.151,0.037706,4.4839,46.0057,100.0,15.044,CRITICA,7.7051,0.429981,15.2068,68.5218,0.151881,nan,302.8077,nan,1,1,344.258,8294400.0
closed_eye_1705.jpg_face_1,cerrado,B10,146.151,0.037706,9.5213,85.7332,23.2178,23.3445,BIEN,11.8895,0.747373,10.1824,41.3393,0.109218,nan,189.66,nan,1,1,252.099,8294400.0
closed_eye_1705.jpg_face_1,cerrado,B15,146.151,0.037706,14.4365,113.893,9.9915,27.9511,BIEN,16.7234,0.863668,7.903,22.0717,0.069072,nan,83.1884,nan,1,1,263.47,8294400.0
closed_eye_1705.jpg_face_1,cerrado,B25,146.151,0.037706,24.5134,153.4773,5.0383,32.9885,BIEN,22.7527,0.903175,5.7366,5.0128,0.11001,0.126757,191.7619,236.1752,1,1,305.511,8294400.0
closed_eye_1705.jpg_face_1,cerrado,B40,146.151,0.037706,39.4844,146.5446,6.0091,32.4484,BIEN,23.8316,0.922686,7.3436,0.2693,0.070583,0.091843,87.1945,143.5809,1,1,327.514,8294400.0
closed_eye_1711.jpg_face_1,cerrado,B5,114.8169,0.069844,4.5034,45.0892,95.8027,26.2632,CRITICA,10.2088,0.554414,14.6309,60.7295,0.084892,nan,21.544,nan,1,1,199.529,14017536.0
closed_eye_1711.jpg_face_1,cerrado,B10,114.8169,0.069844,9.497,81.2151,42.4643,40.2268,BIEN,15.8802,0.862046,10.0597,29.2655,0.080294,0.150153,14.9614,114.9826,1,1,192.764,14017536.0
closed_eye_1711.jpg_face_1,cerrado,B15,114.8169,0.069844,14.4984,107.5644,33.6705,47.8381,BIEN,22.3738,0.914174,8.0012,6.3165,0.078356,0.124258,12.1868,77.907,1,1,197.192,14017536.0
closed_eye_1711.jpg_face_1,cerrado,B25,114.8169,0.069844,24.4925,143.0105,18.1978,53.5913,BIEN,17.6762,0.854779,6.1531,24.5554,0.085444,0.083704,22.3355,19.8434,1,1,149.703,14017536.0
closed_eye_1711.jpg_face_1,cerrado,B40,114.8169,0.069844,39.4888,137.1101,22.0143,54.1486,BIEN,19.3458,0.889058,7.8326,19.4163,0.076836,0.075167,10.0108,7.6213,1,1,201.033,14017536.0
closed_eye_1730.jpg_face_1,cerrado,B5,65.6412,0.099633,4.5426,43.1642,85.884,32.3661,CRITICA,18.5061,0.790985,14.4397,34.2421,0.085059,0.165864,14.6276,66.4753,1,1,426.639,746496.0
closed_eye_1730.jpg_face_1,cerrado,B10,65.6412,0.099633,9.5604,76.7006,51.7121,48.7046,CRITICA,23.5924,0.914856,10.1717,16.8483,nan,0.161319,nan,61.914,1,0,380.344,746496.0
closed_eye_1730.jpg_face_1,cerrado,B15,65.6412,0.099633,14.5475,100.4326,34.731,57.4231,BIEN,16.2413,0.802892,8.3135,53.0024,nan,0.143102,nan,43.6298,1,0,442.223,746496.0
closed_eye_1730.jpg_face_1,cerrado,B25,65.6412,0.099633,24.5412,132.1761,23.7247,65.7828,BIEN,10.9102,0.635269,6.6606,101.3616,nan,0.127936,nan,28.4077,1,0,441.209,746496.0
closed_eye_1730.jpg_face_1,cerrado,B40,65.6412,0.099633,39.5461,127.2502,25.5416,65.7045,BIEN,11.5682,0.667376,8.4715,93.8573,nan,0.113466,nan,13.8838,1,0,464.382,746496.0
closed_eye_1740.jpg_face_1,cerrado,B5,200.6218,0.069925,4.4403,46.2578,100.0,9.2932,CRITICA,4.2177,0.335027,15.4717,76.9428,0.080403,nan,14.9841,nan,1,1,12.882,60466176.0
closed_eye_1740.jpg_face_1,cerrado,B10,200.6218,0.069925,9.3643,86.1522,23.712,12.6563,BIEN,6.7189,0.5815,10.3978,57.0574,0.050368,nan,27.9689,nan,1,1,15.0,60466176.0
closed_eye_1740.jpg_face_1,cerrado,B15,200.6218,0.069925,14.5637,116.8359,2.8526,15.2431,BIEN,9.3926,0.723688,7.8691,41.7631,0.061734,0.10283,11.7146,47.0573,1,1,15.084,60466176.0
closed_eye_1740.jpg_face_1,cerrado,B25,200.6218,0.069925,24.4842,157.381,0.5314,16.0884,BIEN,14.3608,0.828048,5.6454,21.5534,0.058734,0.06737,16.0043,3.6536,1,1,14.865,60466176.0
closed_eye_1740.jpg_face_1,cerrado,B40,200.6218,0.069925,39.4658,149.7343,0.7916,16.2468,BIEN,13.3151,0.83281,7.2393,25.3649,0.056754,0.059815,18.8365,14.4581,1,1,13.185,60466176.0
closed_eye_1745.jpg_face_3,cerrado,B5,159.1975,0.078266,4.2707,45.5061,100.0,10.6449,CRITICA,6.6004,0.333172,15.8616,71.4153,nan,nan,nan,nan,1,0,312.705,5308416.0
closed_eye_1745.jpg_face_3,cerrado,B10,159.1975,0.078266,9.432,85.1686,26.1204,17.2031,BIEN,10.3068,0.637098,10.407,46.5013,nan,nan,nan,nan,1,0,314.07,5308416.0
closed_eye_1745.jpg_face_3,cerrado,B15,159.1975,0.078266,14.4869,115.3017,4.4029,21.0352,BIEN,14.2844,0.777511,7.9909,27.5732,0.068411,nan,12.5927,nan,1,1,273.83,5308416.0
closed_eye_1745.jpg_face_3,cerrado,B25,159.1975,0.078266,24.5047,154.6105,2.5921,24.1842,BIEN,20.5601,0.83843,5.8085,2.8813,nan,nan,nan,nan,1,0,323.196,5308416.0
closed_eye_1745.jpg_face_3,cerrado,B40,159.1975,0.078266,39.4838,147.7236,2.7556,23.9921,BIEN,20.3674,0.866426,7.4179,7.2073,0.070478,0.069053,9.9507,11.7722,1,1,371.347,5308416.0
closed_eye_1750.jpg_face_2,cerrado,B5,165.1803,0.04887,4.353,45.0897,100.0,18.5933,CRITICA,6.1293,0.34696,15.6335,72.7027,0.045437,nan,7.0242,nan,1,1,303.961,6718464.0
closed_eye_1750.jpg_face_2,cerrado,B10,165.1803,0.04887,9.4621,83.0112,31.0436,29.9035,BIEN,9.3594,0.641844,10.5042,49.7451,0.062953,0.105637,28.8161,116.1593,1,1,278.676,6718464.0
closed_eye_1750.jpg_face_2,cerrado,B15,165.1803,0.04887,14.464,111.989,17.9812,37.0189,BIEN,12.793,0.799361,8.1332,32.2019,0.064887,0.066141,32.7754,35.341,1,1,343.43,6718464.0
closed_eye_1750.jpg_face_2,cerrado,B25,165.1803,0.04887,24.5093,149.4707,12.067,42.5622,BIEN,18.7498,0.852801,6.0392,9.5106,0.071571,0.037672,46.4518,22.913,1,1,290.529,6718464.0
closed_eye_1750.jpg_face_2,cerrado,B40,165.1803,0.04887,39.4792,143.1591,12.8868,42.1034,BIEN,17.9498,0.872993,7.6596,13.3316,0.065139,0.038314,33.2911,21.6012,1,1,333.7,6718464.0
closed_eye_1756.jpg_face_1,cerrado,B5,125.9161,0.058276,4.3869,45.5573,99.9903,16.8785,CRITICA,9.4189,0.436452,15.2774,63.8193,0.063467,0.181589,8.9061,211.5986,1,1,48.996,21233664.0
closed_eye_1756.jpg_face_1,cerrado,B10,125.9161,0.058276,9.5076,84.2088,36.3193,25.3091,BIEN,14.4954,0.756557,10.3788,33.1231,0.056335,0.129023,3.3312,121.3977,1,1,47.207,21233664.0
closed_eye_1756.jpg_face_1,cerrado,B15,125.9161,0.058276,14.4897,112.1753,17.4454,29.0333,BIEN,20.3096,0.853218,8.1084,10.9127,0.056355,0.102838,3.2978,76.4651,1,1,48.632,21233664.0
closed_eye_1756.jpg_face_1,cerrado,B25,125.9161,0.058276,24.5083,150.9731,3.503,32.0369,BIEN,17.9038,0.835577,6.0331,19.8998,0.054185,0.074209,7.0215,27.339,1,1,31.616,21233664.0
closed_eye_1756.jpg_face_1,cerrado,B40,125.9161,0.058276,39.4743,144.145,4.5138,32.618,BIEN,19.697,0.870659,7.6745,14.477,0.05092,0.063581,12.6234,9.1032,1,1,49.553,21233664.0
closed_eye_1761.jpg_face_1,cerrado,B5,92.7539,0.176928,4.5464,44.5581,86.6234,26.9227,CRITICA,12.59,0.547709,14.3637,51.9609,0.178271,nan,0.7593,nan,1,1,377.472,746496.0
closed_eye_1761.jpg_face_1,cerrado,B10,92.7539,0.176928,9.4643,80.0718,51.1688,40.0291,BIEN,20.2511,0.814046,9.9515,13.6729,0.166076,0.204981,6.1333,15.8557,1,1,434.367,746496.0
closed_eye_1761.jpg_face_1,cerrado,B15,92.7539,0.176928,14.4682,106.1026,27.4675,46.9266,BIEN,21.5621,0.824003,7.9485,14.3915,0.170062,0.186936,3.8804,5.6564,1,1,437.713,746496.0
closed_eye_1761.jpg_face_1,cerrado,B25,92.7539,0.176928,24.4812,141.4195,17.1753,52.0521,BIEN,13.8502,0.741674,6.1774,52.4674,0.168264,0.177944,4.8967,0.5741,1,1,427.058,746496.0
closed_eye_1761.jpg_face_1,cerrado,B40,92.7539,0.176928,39.4916,135.8474,18.4091,52.6698,BIEN,14.8896,0.781196,7.9027,46.46,0.149901,0.144522,15.2756,18.3157,1,1,419.094,746496.0
closed_eye_1766.jpg_face_2,cerrado,B5,111.7188,0.01997,4.5372,44.9107,96.8646,29.6345,CRITICA,10.2391,0.475204,14.3717,59.8003,0.038695,0.118268,93.7662,492.2246,1,1,222.499,11943936.0
closed_eye_1766.jpg_face_2,cerrado,B10,111.7188,0.01997,9.484,78.7376,36.511,47.9451,CRITICA,15.6944,0.768357,10.0297,29.5216,0.020675,0.087765,3.5309,339.4815,1,1,206.139,11943936.0
closed_eye_1766.jpg_face_2,cerrado,B15,111.7188,0.01997,14.5185,102.6716,30.6857,59.2271,BIEN,21.4468,0.851531,8.0329,8.0982,0.026406,0.054332,32.2253,172.0646,1,1,196.568,11943936.0
closed_eye_1766.jpg_face_2,cerrado,B25,111.7188,0.01997,24.5083,133.8422,26.1081,71.8853,BIEN,17.977,0.814783,6.3633,19.8028,0.020414,0.033023,2.2252,65.3622,1,1,236.502,11943936.0
closed_eye_1766.jpg_face_2,cerrado,B40,111.7188,0.01997,39.4711,129.732,26.5231,70.0284,BIEN,19.3622,0.862053,8.068,16.1237,0.017534,0.032163,12.1966,61.0557,1,1,218.948,11943936.0
closed_eye_1776.jpg_face_3,cerrado,B5,187.8641,0.113083,4.3089,45.1813,100.0,8.2916,CRITICA,4.892,0.376642,15.6981,75.95,0.183816,nan,62.5496,nan,1,1,25.967,36578304.0
closed_eye_1776.jpg_face_3,cerrado,B10,187.8641,0.113083,9.4275,85.842,27.8602,11.9849,BIEN,7.7769,0.639924,10.3156,54.3064,0.18063,nan,59.7322,nan,1,1,26.012,36578304.0
closed_eye_1776.jpg_face_3,cerrado,B15,187.8641,0.113083,14.5198,116.6119,0.0057,13.9605,BIEN,10.7474,0.785467,7.8768,37.9275,0.13592,nan,20.1949,nan,1,1,26.902,36578304.0
closed_eye_1776.jpg_face_3,cerrado,B25,187.8641,0.113083,24.4761,157.3988,0.0,15.1304,BIEN,17.0917,0.889848,5.6164,16.2167,0.147415,0.215257,30.3599,90.3529,1,1,26.78,36578304.0
closed_eye_1776.jpg_face_3,cerrado,B40,187.8641,0.113083,39.4759,150.1831,0.0,15.669,BIEN,15.7367,0.896288,7.2039,20.0576,0.139903,0.176794,23.7172,56.34,1,1,27.673,36578304.0
closed_eye_1777.jpg_face_1,cerrado,B5,129.1791,0.043959,4.3545,44.564,100.0,22.3322,CRITICA,8.61,0.461546,15.2185,65.5021,0.054464,nan,23.8956,nan,1,1,23.626,36578304.0
closed_eye_1777.jpg_face_1,cerrado,B10,129.1791,0.043959,9.3778,81.5093,33.8188,34.5695,BIEN,13.3355,0.77736,10.2359,36.9021,0.062481,0.160609,42.134,265.3574,1,1,26.291,36578304.0
closed_eye_1777.jpg_face_1,cerrado,B15,129.1791,0.043959,14.5109,109.6754,26.2571,42.3065,BIEN,18.8375,0.897598,8.0069,15.0982,0.042374,0.092297,3.6061,109.9601,1,1,21.248,36578304.0
closed_eye_1777.jpg_face_1,cerrado,B25,129.1791,0.043959,24.4982,145.6637,16.5135,48.1733,BIEN,19.534,0.88788,6.0801,12.761,0.034057,0.076864,22.5255,74.8525,1,1,26.397,36578304.0
closed_eye_1777.jpg_face_1,cerrado,B40,129.1791,0.043959,39.5176,139.9459,18.9976,48.124,BIEN,21.2227,0.920962,7.7357,8.3348,0.037952,0.057719,13.6662,31.3017,1,1,27.574,36578304.0
closed_eye_1789.jpg_face_1,cerrado,B5,118.0812,0.055401,4.4874,45.4527,100.0,14.6907,CRITICA,10.2988,0.452096,15.4162,61.5072,nan,nan,nan,nan,1,0,197.683,2073600.0
closed_eye_1789.jpg_face_1,cerrado,B10,118.0812,0.055401,9.3887,84.0069,34.2668,21.4976,BIEN,16.3428,0.78164,10.3771,28.8566,0.082309,nan,48.5688,nan,1,1,158.018,2073600.0
closed_eye_1789.jpg_face_1,cerrado,B15,118.0812,0.055401,14.4544,113.4828,13.1587,25.5309,BIEN,24.5105,0.864101,8.011,3.8942,0.051674,0.188716,6.7276,240.6355,1,1,198.728,2073600.0
closed_eye_1789.jpg_face_1,cerrado,B25,118.0812,0.055401,24.4851,153.2915,1.7615,27.1287,BIEN,16.5792,0.832083,5.8197,29.8188,0.111755,0.212207,101.7198,283.0355,1,1,175.883,2073600.0
closed_eye_1789.jpg_face_1,cerrado,B40,118.0812,0.055401,39.4902,146.622,2.8154,27.8372,BIEN,18.2385,0.865297,7.4277,24.1705,0.068455,0.16829,23.5616,203.7654,1,1,204.428,2073600.0
closed_eye_1796.jpg_face_1,cerrado,B5,124.9891,0.097125,4.4168,44.8575,100.0,23.3487,CRITICA,9.0342,0.399123,15.0582,64.1109,0.093137,nan,4.1056,nan,1,1,318.36,1327104.0
closed_eye_1796.jpg_face_1,cerrado,B10,124.9891,0.097125,9.39,81.1376,34.3814,36.76,BIEN,13.8692,0.708979,10.2609,35.0843,0.06411,0.144289,33.9918,48.5608,1,1,351.481,1327104.0
closed_eye_1796.jpg_face_1,cerrado,B15,124.9891,0.097125,14.5021,108.0349,26.9993,45.1023,BIEN,19.4388,0.817715,8.0583,13.5645,0.073144,0.138425,24.6907,42.5231,1,1,333.145,1327104.0
closed_eye_1796.jpg_face_1,cerrado,B25,124.9891,0.097125,24.589,143.758,22.2146,51.4647,BIEN,18.9412,0.799975,6.1785,15.0165,0.073093,0.087234,24.7437,10.1835,1,1,412.967,1327104.0
closed_eye_1796.jpg_face_1,cerrado,B40,124.9891,0.097125,39.4906,138.1482,24.1456,51.2144,BIEN,20.5622,0.841716,7.8433,10.5282,0.066686,0.104314,31.3403,7.4019,1,1,365.097,1327104.0
closed_eye_1804.jpg_face_1,cerrado,B5,113.3976,0.079045,4.4366,45.3976,99.3056,19.3776,CRITICA,10.7668,0.447836,15.209,59.966,0.134678,nan,70.3818,nan,1,1,365.017,746496.0
closed_eye_1804.jpg_face_1,cerrado,B10,113.3976,0.079045,9.4661,83.9097,41.059,28.8991,BIEN,17.2372,0.794899,10.2439,26.0039,0.116715,0.19274,47.656,143.8363,1,1,250.394,746496.0
closed_eye_1804.jpg_face_1,cerrado,B15,113.3976,0.079045,14.5082,112.217,16.9271,34.252,BIEN,24.4634,0.885673,8.0069,1.0411,0.108331,0.140676,37.0496,77.9699,1,1,435.787,746496.0
closed_eye_1804.jpg_face_1,cerrado,B25,113.3976,0.079045,24.5,150.3082,6.5972,37.8625,BIEN,16.0436,0.845343,5.9344,32.5497,0.079226,0.099642,0.2296,26.0573,1,1,319.632,746496.0
closed_eye_1804.jpg_face_1,cerrado,B40,113.3976,0.079045,39.48,143.8043,7.1615,38.0927,BIEN,17.6423,0.887795,7.5672,26.8142,0.073232,0.089021,7.3534,12.6212,1,1,200.016,746496.0
closed_eye_1806.jpg_face_1,cerrado,B5,85.3218,0.050461,4.4641,44.2311,96.6446,21.5901,CRITICA,14.1805,0.501817,14.9482,48.1597,nan,nan,nan,nan,1,0,410.694,331776.0
closed_eye_1806.jpg_face_1,cerrado,B10,85.3218,0.050461,9.4792,79.8284,45.3686,32.6212,CRITICA,22.1105,0.755223,10.4865,6.4384,nan,0.153403,nan,204.0041,1,0,443.262,331776.0
closed_eye_1806.jpg_face_1,cerrado,B15,85.3218,0.050461,14.5095,105.9244,24.5747,38.5753,BIEN,19.7564,0.743644,8.4692,24.1469,nan,0.106126,nan,110.3135,1,0,290.368,331776.0
closed_eye_1806.jpg_face_1,cerrado,B25,85.3218,0.050461,24.5033,141.8072,8.6957,43.4259,BIEN,12.7886,0.628044,6.5986,66.2027,nan,0.085057,nan,68.5596,1,0,404.924,331776.0
closed_eye_1806.jpg_face_1,cerrado,B40,85.3218,0.050461,39.4802,135.9088,10.3025,43.5963,BIEN,13.7591,0.670781,8.3398,59.2896,nan,0.082398,nan,63.2915,1,0,309.023,331776.0
closed_eye_1807.jpg_face_1,cerrado,B5,152.4319,0.057893,4.3633,44.2999,100.0,21.9842,CRITICA,6.5578,0.290789,15.3753,70.9379,0.153128,nan,164.5011,nan,1,1,274.296,746496.0
closed_eye_1807.jpg_face_1,cerrado,B10,152.4319,0.057893,9.4386,81.649,31.04,35.4574,BIEN,10.1373,0.576717,10.25,46.4357,0.101007,0.198769,74.4714,243.3385,1,1,377.572,746496.0
closed_eye_1807.jpg_face_1,cerrado,B15,152.4319,0.057893,14.4579,109.0876,24.9664,43.5238,BIEN,13.7156,0.710359,8.0386,28.4352,0.086484,0.149099,49.386,157.5418,1,1,380.474,746496.0
closed_eye_1807.jpg_face_1,cerrado,B25,152.4319,0.057893,24.5026,145.3418,17.5759,50.8245,BIEN,19.1717,0.744787,6.0533,4.6513,0.072493,0.107006,25.2194,84.8339,1,1,437.197,746496.0
closed_eye_1807.jpg_face_1,cerrado,B40,152.4319,0.057893,39.4692,139.7119,19.484,50.1594,BIEN,18.859,0.771699,7.6963,8.3447,0.072275,0.095394,24.8427,64.7764,1,1,423.388,746496.0
closed_eye_1808.jpg_face_1,cerrado,B5,121.1732,0.027062,4.3548,43.7182,97.9524,26.0952,CRITICA,9.2369,0.419067,15.035,63.9209,0.049874,0.172179,84.299,536.2476,1,1,226.101,10036224.0
closed_eye_1808.jpg_face_1,cerrado,B10,121.1732,0.027062,9.4291,79.8618,42.0593,40.9658,CRITICA,14.1677,0.748142,10.2786,34.0929,0.035965,0.107259,32.9009,296.3511,1,1,255.872,10036224.0
closed_eye_1808.jpg_face_1,cerrado,B15,121.1732,0.027062,14.4566,106.0106,34.6504,48.9117,BIEN,19.4176,0.82513,8.1582,12.5132,0.022411,0.059099,17.1843,118.3879,1,1,274.967,10036224.0
closed_eye_1808.jpg_face_1,cerrado,B25,121.1732,0.027062,24.45,141.3855,20.9548,54.266,BIEN,18.3945,0.793816,6.3224,16.6805,0.02332,0.038351,13.8247,41.7172,1,1,283.599,10036224.0
closed_eye_1808.jpg_face_1,cerrado,B40,121.1732,0.027062,39.4521,136.1738,23.7338,54.5244,BIEN,19.8405,0.833823,7.9943,12.3795,0.035418,0.039216,30.8777,44.9129,1,1,214.151,10036224.0
closed_eye_1810.jpg_face_1,cerrado,B5,160.9389,0.050376,4.3929,44.6935,100.0,14.5892,CRITICA,6.3256,0.24961,15.5573,72.2295,nan,nan,nan,nan,1,0,410.29,331776.0
closed_eye_1810.jpg_face_1,cerrado,B10,160.9389,0.050376,9.4178,84.1779,32.4581,22.9108,BIEN,9.7284,0.513415,10.3751,47.6957,nan,nan,nan,nan,1,0,382.555,331776.0
closed_eye_1810.jpg_face_1,cerrado,B15,160.9389,0.050376,14.4975,113.5143,15.7537,27.4801,BIEN,13.2064,0.647981,8.0456,29.4675,nan,0.146996,nan,191.7993,1,0,387.297,331776.0
closed_eye_1810.jpg_face_1,cerrado,B25,160.9389,0.050376,24.4559,152.2843,2.354,30.1722,BIEN,18.7319,0.697832,5.8945,5.3776,nan,0.068239,nan,35.4609,1,0,424.791,331776.0
closed_eye_1810.jpg_face_1,cerrado,B40,160.9389,0.050376,39.4943,145.8809,3.4405,30.6725,BIEN,18.358,0.723125,7.5024,9.3563,nan,0.055396,nan,9.9658,1,0,293.884,331776.0
closed_eye_1820.jpg_face_1,cerrado,B5,173.7922,0.091552,4.4073,44.5083,100.0,21.5926,CRITICA,5.1292,0.26828,15.1873,74.39,0.097718,nan,6.7347,nan,1,1,374.294,4064256.0
closed_eye_1820.jpg_face_1,cerrado,B10,173.7922,0.091552,9.3695,81.6473,29.8039,36.526,BIEN,7.985,0.520001,10.2184,53.0201,0.124917,0.171515,36.4427,87.3404,1,1,243.049,4064256.0
closed_eye_1820.jpg_face_1,cerrado,B15,173.7922,0.091552,14.4081,109.1959,21.0224,45.2005,BIEN,10.7939,0.676383,7.97,37.1687,0.066255,0.159375,27.6315,74.0803,1,1,331.796,4064256.0
closed_eye_1820.jpg_face_1,cerrado,B25,173.7922,0.091552,24.4649,145.5606,15.8753,55.2798,BIEN,16.0713,0.755554,5.9481,16.2444,0.081987,0.160994,10.4482,75.8485,1,1,339.778,4064256.0
closed_eye_1820.jpg_face_1,cerrado,B40,173.7922,0.091552,39.5115,140.1567,16.7367,54.1456,BIEN,15.2693,0.773388,7.5567,19.3539,0.071179,0.108825,22.2538,18.8666,1,1,241.127,4064256.0
closed_eye_1841.jpg_face_1,cerrado,B5,164.3924,0.076392,4.3823,44.7874,100.0,15.2851,CRITICA,6.1268,0.321951,15.4791,72.7558,0.079336,nan,3.8543,nan,1,1,278.087,10036224.0
closed_eye_1841.jpg_face_1,cerrado,B10,164.3924,0.076392,9.3938,84.0783,29.9861,24.8464,BIEN,9.4446,0.622641,10.3413,48.8551,0.077177,0.183627,1.0276,140.3749,1,1,265.71,10036224.0
closed_eye_1841.jpg_face_1,cerrado,B15,164.3924,0.076392,14.3522,112.7688,14.3918,30.2934,BIEN,13.0125,0.767447,7.9728,31.4027,0.086648,0.117686,13.4255,54.0549,1,1,259.242,10036224.0
closed_eye_1841.jpg_face_1,cerrado,B25,164.3924,0.076392,24.5011,151.9657,5.9573,35.6284,BIEN,20.4357,0.831389,5.7968,7.5592,0.085662,0.080187,12.1343,4.9678,1,1,231.39,10036224.0
closed_eye_1841.jpg_face_1,cerrado,B40,164.3924,0.076392,39.4825,145.6027,7.2899,35.1659,BIEN,19.2946,0.849508,7.386,11.4298,0.07636,0.081511,0.0424,6.7014,1,1,246.372,10036224.0
closed_eye_1842.jpg_face_1,cerrado,B5,119.142,0.075988,4.5388,45.0349,94.5666,23.0794,CRITICA,9.5199,0.459776,14.8976,62.2006,0.147732,0.1866,94.4137,145.5639,1,1,194.511,14017536.0
closed_eye_1842.jpg_face_1,cerrado,B10,119.142,0.075988,9.4296,81.6542,49.3659,33.2472,BIEN,14.5902,0.789282,10.2112,31.4648,0.076864,0.170544,1.1527,124.4349,1,1,188.75,14017536.0
closed_eye_1842.jpg_face_1,cerrado,B15,119.142,0.075988,14.446,108.582,30.7828,39.7437,BIEN,19.9671,0.864916,8.0856,8.8633,0.068172,0.146091,10.2861,92.2546,1,1,185.017,14017536.0
closed_eye_1842.jpg_face_1,cerrado,B25,119.142,0.075988,24.4801,145.3554,7.2535,43.173,BIEN,17.3519,0.828459,6.1333,22.0019,0.078597,0.134604,3.4328,77.1382,1,1,157.592,14017536.0
closed_eye_1842.jpg_face_1,cerrado,B40,119.142,0.075988,39.5037,139.5379,10.3284,43.9384,BIEN,18.8598,0.864657,7.8055,17.119,0.070355,0.096416,7.4141,26.8822,1,1,187.484,14017536.0
closed_eye_1843.jpg_face_1,cerrado,B5,134.8597,0.03002,4.2881,44.7101,97.2897,19.3175,CRITICA,8.4511,0.453609,15.5671,66.847,0.043599,nan,45.2327,nan,1,1,23.405,40144896.0
closed_eye_1843.jpg_face_1,cerrado,B10,134.8597,0.03002,9.5752,83.6748,32.7746,30.7244,BIEN,13.1435,0.769277,10.3552,37.9542,0.025301,0.106781,15.7197,255.699,1,1,23.579,40144896.0
closed_eye_1843.jpg_face_1,cerrado,B15,134.8597,0.03002,14.5516,111.6361,16.953,36.4464,BIEN,18.1656,0.87966,8.1412,17.2206,0.025194,0.075967,16.0775,153.0549,1,1,23.365,40144896.0
closed_eye_1843.jpg_face_1,cerrado,B25,134.8597,0.03002,24.5043,148.6254,9.9301,41.7408,BIEN,19.8617,0.881321,6.1185,10.2075,0.025573,0.056998,14.8133,89.8673,1,1,22.478,40144896.0
closed_eye_1843.jpg_face_1,cerrado,B40,134.8597,0.03002,39.5068,142.51,10.9,41.6723,BIEN,21.4419,0.911951,7.7472,5.6728,0.032675,0.030544,8.8443,1.7436,1,1,25.132,40144896.0
closed_eye_1849.jpg_face_1,cerrado,B5,141.4833,0.077106,4.2917,44.3975,100.0,21.4576,CRITICA,7.7243,0.365673,15.4892,68.62,0.065679,nan,14.82,nan,1,1,259.659,6718464.0
closed_eye_1849.jpg_face_1,cerrado,B10,141.4833,0.077106,9.4628,81.9847,34.338,34.3896,BIEN,11.8447,0.669621,10.3839,42.0534,0.080454,0.146106,4.3426,89.4883,1,1,249.165,6718464.0
closed_eye_1849.jpg_face_1,cerrado,B15,141.4833,0.077106,14.5295,110.4568,22.5189,41.9082,BIEN,16.4908,0.803217,8.0805,21.9295,0.085495,0.080216,10.8798,4.0333,1,1,332.712,6718464.0
closed_eye_1849.jpg_face_1,cerrado,B25,141.4833,0.077106,24.4948,146.8199,14.8768,48.6604,BIEN,21.1238,0.831673,6.0885,3.7719,0.087923,0.072517,14.0291,5.9519,1,1,292.458,6718464.0
closed_eye_1849.jpg_face_1,cerrado,B40,141.4833,0.077106,39.4832,140.666,16.3364,47.9901,BIEN,21.9663,0.863361,7.7315,0.5777,0.081221,0.072699,5.3373,5.7148,1,1,239.487,6718464.0
closed_eye_1850.jpg_face_1,cerrado,B5,86.8038,0.037534,4.5612,43.3051,90.3905,29.2522,CRITICA,13.9942,0.589909,14.3956,50.1115,0.038387,nan,2.2715,nan,1,1,254.149,1327104.0
closed_eye_1850.jpg_face_1,cerrado,B10,86.8038,0.037534,9.4443,78.9475,40.6864,45.3546,CRITICA,24.4132,0.882547,9.9721,9.0507,0.037404,0.091844,0.3478,144.6915,1,1,374.195,1327104.0
closed_eye_1850.jpg_face_1,cerrado,B15,86.8038,0.037534,14.475,104.0663,33.2544,53.9678,BIEN,21.965,0.872112,7.9916,19.8868,0.0331,0.050479,11.8155,34.4881,1,1,168.586,1327104.0
closed_eye_1850.jpg_face_1,cerrado,B25,86.8038,0.037534,24.5143,137.977,26.7456,61.7255,BIEN,13.4549,0.753325,6.2445,58.9528,0.029327,0.026266,21.8658,30.0217,1,1,371.416,1327104.0
closed_eye_1850.jpg_face_1,cerrado,B40,86.8038,0.037534,39.4736,132.9858,28.4024,61.6263,BIEN,14.3093,0.792043,7.9462,53.2028,0.042757,0.031159,13.9133,16.9858,1,1,442.341,1327104.0
closed_eye_1856.jpg_face_1,cerrado,B5,61.3679,0.09655,4.4598,45.2064,98.9965,18.8964,CRITICA,22.774,0.800739,15.3511,26.3354,0.105337,0.193485,9.1006,100.3978,1,1,62.575,16257024.0
closed_eye_1856.jpg_face_1,cerrado,B10,61.3679,0.09655,9.4169,82.7406,48.5156,27.9069,BIEN,21.4241,0.857699,10.5819,34.8273,0.089112,0.114952,7.7046,19.0595,1,1,66.065,16257024.0
closed_eye_1856.jpg_face_1,cerrado,B15,61.3679,0.09655,14.4803,111.1467,13.7896,32.7013,BIEN,14.3042,0.734723,8.3425,81.1155,0.093575,0.102339,3.0821,5.995,1,1,61.926,16257024.0
closed_eye_1856.jpg_face_1,cerrado,B25,61.3679,0.09655,24.4276,148.3394,7.123,35.6147,BIEN,9.453,0.599553,6.3068,141.7215,0.096564,0.098669,0.0139,2.1941,1,1,65.72,16257024.0
closed_eye_1856.jpg_face_1,cerrado,B40,61.3679,0.09655,39.4697,142.1646,7.84,36.1641,BIEN,10.0948,0.638839,7.9603,131.6597,0.100076,0.096773,3.6514,0.2309,1,1,66.859,16257024.0
closed_eye_1858.jpg_face_2,cerrado,B5,120.0534,0.067334,4.4358,43.9795,99.7791,23.7521,CRITICA,9.614,0.430987,14.9837,63.3667,0.093369,nan,38.6644,nan,1,1,158.208,2985984.0
closed_eye_1858.jpg_face_2,cerrado,B10,120.0534,0.067334,9.4164,81.18,31.2329,38.7658,BIEN,15.1034,0.761636,10.1335,32.3801,0.058735,0.161635,12.7715,140.0488,1,1,169.116,2985984.0
closed_eye_1858.jpg_face_2,cerrado,B15,120.0534,0.067334,14.4434,108.0184,23.5115,47.7856,BIEN,22.0079,0.845948,7.9784,10.0247,0.07476,0.137919,11.0282,104.8272,1,1,180.982,2985984.0
closed_eye_1858.jpg_face_2,cerrado,B25,120.0534,0.067334,24.4798,143.4716,18.988,56.8143,BIEN,18.8638,0.818291,6.03,19.5064,0.065544,0.113409,2.6586,68.4271,1,1,174.535,2985984.0
closed_eye_1858.jpg_face_2,cerrado,B40,120.0534,0.067334,39.3724,137.8166,19.7139,56.0353,BIEN,20.7606,0.853279,7.6818,14.7961,0.064887,0.092806,3.6343,37.8285,1,1,184.781,2985984.0
closed_eye_1866.jpg_face_1,cerrado,B5,181.9552,0.069788,4.4591,45.2779,100.0,21.9538,CRITICA,4.7756,0.326257,15.0914,75.1159,0.111859,nan,60.2833,nan,1,1,148.987,6718464.0
closed_eye_1866.jpg_face_1,cerrado,B10,181.9552,0.069788,9.3814,82.3501,24.5593,35.4449,BIEN,7.4724,0.603912,10.2069,54.7416,0.125908,nan,80.4154,nan,1,1,326.947,6718464.0
closed_eye_1866.jpg_face_1,cerrado,B15,181.9552,0.069788,14.3585,109.4685,20.6398,44.9467,BIEN,10.1284,0.766695,7.9589,39.8377,0.105948,nan,51.8134,nan,1,1,283.399,6718464.0
closed_eye_1866.jpg_face_1,cerrado,B25,181.9552,0.069788,24.4184,146.1645,17.6913,54.6517,BIEN,15.3406,0.856251,5.9156,19.6701,0.093365,0.129029,33.7834,84.8866,1,1,303.905,6718464.0
closed_eye_1866.jpg_face_1,cerrado,B40,181.9552,0.069788,39.4843,140.8,18.2237,53.389,BIEN,14.4465,0.866497,7.5206,22.6183,0.111746,0.082413,60.1215,18.0898,1,1,333.533,6718464.0
closed_eye_1868.jpg_face_1,cerrado,B5,119.7518,0.022748,4.3818,44.2027,99.4412,25.4186,CRITICA,9.4589,0.431691,15.1202,63.0881,nan,nan,nan,nan,1,0,401.865,1327104.0
closed_eye_1868.jpg_face_1,cerrado,B10,119.7518,0.022748,9.5643,81.3287,38.9546,39.914,BIEN,15.0387,0.768962,10.1023,32.0856,0.0283,0.131553,24.4062,478.3106,1,1,296.569,1327104.0
closed_eye_1868.jpg_face_1,cerrado,B15,119.7518,0.022748,14.455,107.2467,29.2242,48.0952,BIEN,21.1835,0.864097,8.0658,10.4425,0.038834,0.067199,70.7147,195.407,1,1,425.333,1327104.0
closed_eye_1868.jpg_face_1,cerrado,B25,119.7518,0.022748,24.5168,142.3762,19.165,55.8146,BIEN,18.8164,0.819462,6.1618,18.8928,0.066285,0.039644,191.3887,74.274,1,1,294.646,1327104.0
closed_eye_1868.jpg_face_1,cerrado,B40,119.7518,0.022748,39.61,137.1635,20.973,55.12,BIEN,20.5911,0.853122,7.8347,14.5399,0.030481,0.023823,33.9956,4.7258,1,1,204.466,1327104.0
closed_eye_1869.jpg_face_1,cerrado,B5,154.5844,0.054075,4.2649,44.4936,100.0,16.6498,CRITICA,6.7088,0.342709,15.7679,71.2173,0.070704,nan,30.7514,nan,1,1,224.326,5308416.0
closed_eye_1869.jpg_face_1,cerrado,B10,154.5844,0.054075,9.443,83.653,26.7835,26.4914,BIEN,10.4791,0.655781,10.364,45.8852,0.065568,0.15857,21.2548,193.242,1,1,331.389,5308416.0
closed_eye_1869.jpg_face_1,cerrado,B15,154.5844,0.054075,14.4798,112.8897,14.151,32.5937,BIEN,14.4041,0.795401,8.0267,26.9721,0.055167,0.127284,2.0205,135.3846,1,1,373.566,5308416.0
closed_eye_1869.jpg_face_1,cerrado,B25,154.5844,0.054075,24.491,151.0176,8.8017,37.8333,BIEN,20.4933,0.846322,5.902,2.3073,0.064752,0.08985,19.7459,66.1586,1,1,315.996,5308416.0
closed_eye_1869.jpg_face_1,cerrado,B40,154.5844,0.054075,39.5103,144.6192,9.5956,37.3982,BIEN,20.3397,0.868352,7.5252,6.4465,0.04598,0.07879,14.9692,45.7059,1,1,345.817,5308416.0
closed_eye_1878.jpg_face_1,cerrado,B5,149.4026,0.081636,4.3231,44.6698,100.0,14.3519,CRITICA,7.3408,0.40107,15.5336,70.101,0.109077,nan,33.6141,nan,1,1,181.676,11943936.0
closed_eye_1878.jpg_face_1,cerrado,B10,149.4026,0.081636,9.4839,84.7757,31.1625,22.8653,BIEN,11.3883,0.695662,10.2633,43.2569,0.067706,0.175618,17.0634,115.1235,1,1,203.766,11943936.0
closed_eye_1878.jpg_face_1,cerrado,B15,149.4026,0.081636,14.4585,114.3939,10.99,27.3475,BIEN,16.0473,0.83126,7.9298,23.4325,0.064129,0.142777,21.4446,74.8949,1,1,213.648,11943936.0
closed_eye_1878.jpg_face_1,cerrado,B25,149.4026,0.081636,24.3766,153.3508,4.795,30.9033,BIEN,23.3307,0.874831,5.7553,2.6426,0.055189,0.11754,32.396,43.981,1,1,176.233,11943936.0
closed_eye_1878.jpg_face_1,cerrado,B40,149.4026,0.081636,39.4444,146.9295,5.715,31.0986,BIEN,23.9903,0.899201,7.3438,1.6554,0.063347,0.104583,22.403,28.1089,1,1,184.536,11943936.0
closed_eye_1889.jpg_face_1,cerrado,B5,122.9097,0.023191,4.3232,45.1525,99.1854,15.025,CRITICA,9.7143,0.477494,15.6601,63.2636,0.042581,nan,83.6069,nan,1,1,55.035,18662400.0
closed_eye_1889.jpg_face_1,cerrado,B10,122.9097,0.023191,9.3961,83.9298,30.5143,23.1923,BIEN,15.3415,0.7998,10.4495,31.7142,0.020751,0.082301,10.523,254.879,1,1,54.302,18662400.0
closed_eye_1889.jpg_face_1,cerrado,B15,122.9097,0.023191,14.4642,113.1867,12.3337,27.6043,BIEN,22.6092,0.891967,8.0705,7.9107,0.030583,0.065112,31.8732,180.7606,1,1,43.402,18662400.0
closed_eye_1889.jpg_face_1,cerrado,B25,122.9097,0.023191,24.4905,152.0502,4.2008,30.685,BIEN,17.5347,0.869027,5.9363,23.7089,0.028243,0.04837,21.7847,108.5686,1,1,54.679,18662400.0
closed_eye_1889.jpg_face_1,cerrado,B40,122.9097,0.023191,39.4768,145.5244,4.9919,30.8752,BIEN,19.3558,0.901503,7.5533,18.3995,0.026394,0.028578,13.8088,23.2269,1,1,55.042,18662400.0
closed_eye_1890.jpg_face_1,cerrado,B5,96.1736,0.059359,4.374,44.9416,95.1087,18.4887,CRITICA,13.087,0.569276,15.4942,53.2703,0.04292,nan,27.6944,nan,1,1,321.719,4064256.0
closed_eye_1890.jpg_face_1,cerrado,B10,96.1736,0.059359,9.4439,83.1423,51.0939,26.6562,BIEN,21.7246,0.852688,10.5363,13.5497,0.056763,0.116921,4.3732,96.9727,1,1,297.921,4064256.0
closed_eye_1890.jpg_face_1,cerrado,B15,96.1736,0.059359,14.5445,111.9777,10.9393,30.2507,BIEN,21.5614,0.865842,8.222,16.4329,0.033851,0.097587,42.9724,64.4013,1,1,269.172,4064256.0
closed_eye_1890.jpg_face_1,cerrado,B25,96.1736,0.059359,24.4951,150.5291,1.3352,30.7381,BIEN,13.0916,0.77419,6.1139,56.5182,0.047875,0.087614,19.3471,47.6003,1,1,358.487,4064256.0
closed_eye_1890.jpg_face_1,cerrado,B40,96.1736,0.059359,39.5143,143.7554,2.9876,32.3708,BIEN,14.2489,0.816594,7.7711,49.475,0.034079,0.072693,42.5878,22.4632,1,1,375.601,4064256.0
closed_eye_1906.jpg_face_1,cerrado,B5,154.7517,0.066919,4.4323,45.8901,100.0,13.2125,CRITICA,7.0773,0.421992,15.5283,70.346,0.141395,nan,111.2945,nan,1,1,23.191,40144896.0
closed_eye_1906.jpg_face_1,cerrado,B10,154.7517,0.066919,9.445,85.5954,32.1713,20.7127,BIEN,10.9624,0.752644,10.323,44.6886,0.087105,nan,30.1652,nan,1,1,24.047,40144896.0
closed_eye_1906.jpg_face_1,cerrado,B15,154.7517,0.066919,14.4671,114.4081,8.6998,23.6561,BIEN,15.0621,0.879445,8.0473,26.0699,0.079414,0.152861,18.673,128.4278,1,1,23.443,40144896.0
closed_eye_1906.jpg_face_1,cerrado,B25,154.7517,0.066919,24.4565,154.458,2.7244,26.2609,BIEN,21.8991,0.933872,5.7982,0.1898,0.069936,0.117155,4.5093,75.0713,1,1,20.411,40144896.0
closed_eye_1906.jpg_face_1,cerrado,B40,154.7517,0.066919,39.494,147.6042,3.4435,26.5051,BIEN,21.8712,0.947226,7.4084,4.6187,0.073814,0.099259,10.3037,48.3278,1,1,24.499,40144896.0
closed_eye_1924.jpg_face_1,cerrado,B5,219.5265,0.048303,4.4627,46.2054,100.0,7.7286,CRITICA,3.2914,0.300384,15.6576,78.9522,0.116205,nan,140.5736,nan,1,1,274.952,10036224.0
closed_eye_1924.jpg_face_1,cerrado,B10,219.5265,0.048303,9.3371,85.9374,16.7854,11.3592,BIEN,5.5361,0.538348,10.4417,60.8533,0.125052,nan,158.8892,nan,1,1,250.031,10036224.0
closed_eye_1924.jpg_face_1,cerrado,B15,219.5265,0.048303,14.3767,116.3219,2.8249,14.0734,BIEN,7.757,0.691061,7.9553,47.0124,0.052096,0.155677,7.8516,222.2907,1,1,218.871,10036224.0
closed_eye_1924.jpg_face_1,cerrado,B25,219.5265,0.048303,24.3755,157.2251,1.268,16.3853,BIEN,12.015,0.821986,5.6422,28.3799,0.045111,0.119508,6.6094,147.412,1,1,251.086,10036224.0
closed_eye_1924.jpg_face_1,cerrado,B40,219.5265,0.048303,39.5105,150.3461,1.4349,16.3469,BIEN,11.1854,0.823767,7.203,31.5135,0.035428,0.078206,26.6543,61.9068,1,1,272.042,10036224.0
closed_eye_1934.png_face_1,cerrado,B5,125.5037,0.051812,4.2833,44.0853,99.9592,16.8258,CRITICA,9.2434,0.352066,15.8801,64.8733,0.149505,nan,188.5503,nan,1,1,408.664,746496.0
closed_eye_1934.png_face_1,cerrado,B10,125.5037,0.051812,9.5539,83.6584,40.6531,25.9803,BIEN,14.6118,0.688789,10.4702,33.3419,0.118871,0.174991,129.4262,237.7399,1,1,196.974,746496.0
closed_eye_1934.png_face_1,cerrado,B15,125.5037,0.051812,14.462,112.329,13.2653,31.0878,BIEN,20.8568,0.791981,8.1454,10.4975,0.087809,0.134314,69.4743,159.2319,1,1,277.523,746496.0
closed_eye_1934.png_face_1,cerrado,B25,125.5037,0.051812,24.5429,151.2682,3.102,35.4199,BIEN,17.9782,0.774382,5.9744,20.5289,0.087295,0.108283,68.4838,108.9915,1,1,295.194,746496.0
closed_eye_1934.png_face_1,cerrado,B40,125.5037,0.051812,39.5029,144.2335,4.2041,35.8432,BIEN,19.9194,0.811063,7.6176,14.9237,0.085672,0.076963,65.3497,48.5425,1,1,438.116,746496.0
closed_eye_1935.jpg_face_1,cerrado,B5,38.9993,0.087591,4.4623,44.6203,93.4028,21.72,CRITICA,28.5396,0.810479,14.9419,14.4132,0.144546,0.227597,65.0248,159.8414,1,1,179.969,995328.0
closed_eye_1935.jpg_face_1,cerrado,B10,38.9993,0.087591,9.4529,80.5218,45.5605,32.8972,BIEN,15.194,0.634183,10.3459,106.4702,0.08253,0.160752,5.7778,83.5265,1,1,409.316,995328.0
closed_eye_1935.jpg_face_1,cerrado,B15,38.9993,0.087591,14.4896,107.4826,22.247,38.907,BIEN,11.0339,0.498749,8.2398,175.6018,0.075764,0.112905,13.5024,28.9007,1,1,438.116,995328.0
closed_eye_1935.jpg_face_1,cerrado,B25,38.9993,0.087591,24.4695,143.9211,10.2183,43.4665,BIEN,7.5144,0.384869,6.3296,269.0356,0.080125,0.105052,8.5235,19.9356,1,1,403.275,995328.0
closed_eye_1935.jpg_face_1,cerrado,B40,38.9993,0.087591,39.4204,138.1736,11.5327,42.9969,BIEN,7.9835,0.410991,8.0275,254.2981,0.069087,0.087527,21.1257,0.0729,1,1,323.478,995328.0
closed_eye_1942.jpg_face_2,cerrado,B5,102.0185,0.047859,4.4851,44.4845,98.1994,26.1804,CRITICA,11.8791,0.533214,14.7299,56.3956,0.060864,nan,27.1751,nan,1,1,414.456,746496.0
closed_eye_1942.jpg_face_2,cerrado,B10,102.0185,0.047859,9.477,80.3502,40.0967,41.5289,BIEN,19.4454,0.846877,10.0844,21.2396,0.067425,0.180169,40.883,276.461,1,1,417.484,746496.0
closed_eye_1942.jpg_face_2,cerrado,B15,102.0185,0.047859,14.4929,106.7428,31.2013,49.9956,BIEN,25.9328,0.885827,7.9922,4.6308,0.050784,0.122154,6.1123,155.2398,1,1,331.532,746496.0
closed_eye_1942.jpg_face_2,cerrado,B25,102.0185,0.047859,24.4897,141.4953,20.3171,58.214,BIEN,15.5515,0.798246,6.1457,38.6957,0.062354,0.068908,30.2874,43.9813,1,1,264.054,746496.0
closed_eye_1942.jpg_face_2,cerrado,B40,102.0185,0.047859,39.5009,136.143,23.0314,57.6123,BIEN,16.7897,0.833314,7.8167,33.4492,0.059734,0.050711,24.8143,5.9596,1,1,436.491,746496.0
closed_eye_1944.jpg_face_1,cerrado,B5,111.1135,0.09411,4.4695,45.1325,98.8029,16.4152,CRITICA,11.3285,0.520545,15.3776,59.3816,0.076321,nan,18.9021,nan,1,1,338.983,5308416.0
closed_eye_1944.jpg_face_1,cerrado,B10,111.1135,0.09411,9.4254,84.423,30.7252,24.4474,BIEN,18.5325,0.837588,10.3531,24.0209,0.091012,0.154803,3.2928,64.4911,1,1,332.392,5308416.0
closed_eye_1944.jpg_face_1,cerrado,B15,111.1135,0.09411,14.452,113.046,14.8739,28.8738,BIEN,26.8506,0.891338,8.056,1.7392,0.085769,0.10599,8.863,12.6229,1,1,340.82,5308416.0
closed_eye_1944.jpg_face_1,cerrado,B25,111.1135,0.09411,24.4556,152.2603,5.7368,31.9382,BIEN,15.4311,0.850276,5.8818,37.0314,0.071579,0.087373,23.9414,7.1594,1,1,346.596,5308416.0
closed_eye_1944.jpg_face_1,cerrado,B40,111.1135,0.09411,39.4808,145.6723,10.2533,32.413,BIEN,16.8887,0.884192,7.4911,31.1023,0.065209,0.0655,30.7104,30.4011,1,1,364.91,5308416.0
closed_eye_1952.jpg_face_1,cerrado,B5,162.3641,0.043724,4.3792,44.7596,100.0,12.3089,CRITICA,6.5411,0.2832,15.7875,72.4326,0.214145,nan,389.7658,nan,1,1,417.502,746496.0
closed_eye_1952.jpg_face_1,cerrado,B10,162.3641,0.043724,9.4469,85.1425,34.903,17.6463,BIEN,10.0053,0.567552,10.5247,47.5608,0.136593,0.214166,212.3997,389.8136,1,1,224.065,746496.0
closed_eye_1952.jpg_face_1,cerrado,B15,162.3641,0.043724,14.55,115.378,4.7399,20.0616,BIEN,13.9015,0.71132,8.0516,28.9388,0.05354,0.185078,22.4499,323.2872,1,1,217.761,746496.0
closed_eye_1952.jpg_face_1,cerrado,B25,162.3641,0.043724,24.5186,155.5337,0.0308,21.0314,BIEN,20.6925,0.770559,5.7946,4.2068,0.066685,0.111489,52.5134,154.9852,1,1,422.726,746496.0
closed_eye_1952.jpg_face_1,cerrado,B40,162.3641,0.043724,39.5008,148.3367,0.0616,21.8063,BIEN,20.1096,0.791541,7.3894,8.6395,0.07285,0.063198,66.6134,44.5394,1,1,429.719,746496.0
closed_eye_1956.jpg_face_1,cerrado,B5,167.5765,0.034512,4.4005,44.887,100.0,14.3388,CRITICA,5.8844,0.371289,15.3134,73.214,0.041321,nan,19.7269,nan,1,1,65.307,16257024.0
closed_eye_1956.jpg_face_1,cerrado,B10,167.5765,0.034512,9.5422,85.3291,30.1691,22.4378,BIEN,9.1599,0.664069,10.1714,49.0805,0.044748,0.144859,29.6585,319.73,1,1,63.373,16257024.0
closed_eye_1956.jpg_face_1,cerrado,B15,167.5765,0.034512,14.4884,114.2922,11.7256,26.6911,BIEN,12.5168,0.806542,7.8769,31.797,0.046265,0.09073,34.0524,162.8911,1,1,63.719,16257024.0
closed_eye_1956.jpg_face_1,cerrado,B25,167.5765,0.034512,24.4548,153.2817,3.3943,30.1782,BIEN,19.3379,0.879018,5.7221,8.5303,0.036597,0.061229,6.0409,77.4123,1,1,63.639,16257024.0
closed_eye_1956.jpg_face_1,cerrado,B40,167.5765,0.034512,39.4917,146.6708,3.9244,30.2881,BIEN,18.2925,0.893221,7.3222,12.4753,0.039536,0.047668,14.5568,38.1176,1,1,66.412,16257024.0
closed_eye_1959.jpg_face_2,cerrado,B5,152.2245,0.051129,4.42,45.5466,100.0,17.1121,CRITICA,7.1571,0.301758,15.62,70.0793,0.075707,nan,48.0698,nan,1,1,149.777,2985984.0
closed_eye_1959.jpg_face_2,cerrado,B10,152.2245,0.051129,9.3557,83.1736,41.92,25.6789,BIEN,10.7394,0.60738,10.6133,45.3612,0.038427,0.138843,24.844,171.552,1,1,151.734,2985984.0
closed_eye_1959.jpg_face_2,cerrado,B15,152.2245,0.051129,14.5073,112.5243,18.64,30.5517,BIEN,14.8236,0.754567,8.2174,26.08,0.048945,0.093945,4.2729,83.7387,1,1,169.725,2985984.0
closed_eye_1959.jpg_face_2,cerrado,B25,152.2245,0.051129,24.5214,151.8936,2.27,32.7196,BIEN,20.1035,0.789952,6.0356,0.2174,0.050036,0.065409,2.138,27.9287,1,1,176.165,2985984.0
closed_eye_1959.jpg_face_2,cerrado,B40,152.2245,0.051129,39.4862,145.0538,4.03,33.6534,BIEN,20.3738,0.818379,7.6735,4.7106,0.045658,0.061184,10.7008,19.6654,1,1,178.872,2985984.0
closed_eye_1963.jpg_face_1,cerrado,B5,183.8016,0.047815,4.2758,45.0134,100.0,13.0016,CRITICA,4.9981,0.295947,15.7501,75.5098,0.072461,nan,51.5445,nan,1,1,65.235,16257024.0
closed_eye_1963.jpg_face_1,cerrado,B10,183.8016,0.047815,9.3344,84.7675,21.9266,21.5385,BIEN,7.8937,0.56981,10.4147,53.881,0.043179,nan,9.6952,nan,1,1,66.186,16257024.0
closed_eye_1963.jpg_face_1,cerrado,B15,183.8016,0.047815,14.5405,114.7104,9.4603,26.7706,BIEN,10.9298,0.72329,7.9497,37.5901,0.054892,0.108576,14.7999,127.0752,1,1,67.988,16257024.0
closed_eye_1963.jpg_face_1,cerrado,B25,183.8016,0.047815,24.4523,154.0031,5.6786,32.1045,BIEN,16.9213,0.826747,5.7585,16.2123,0.043457,0.085741,9.114,79.3183,1,1,66.476,16257024.0
closed_eye_1963.jpg_face_1,cerrado,B40,183.8016,0.047815,39.516,147.3335,6.4206,31.6496,BIEN,15.7945,0.845117,7.3497,19.841,0.040202,0.054002,15.9214,12.9395,1,1,68.376,16257024.0
closed_eye_1964.jpg_face_1,cerrado,B5,170.0893,0.088621,4.3005,44.4404,100.0,16.3548,CRITICA,5.7357,0.296715,15.6892,73.8723,0.089986,nan,1.5411,nan,1,1,153.875,11943936.0
closed_eye_1964.jpg_face_1,cerrado,B10,170.0893,0.088621,9.2667,83.2595,32.195,26.1005,BIEN,8.8434,0.59396,10.4909,51.0496,0.087731,0.128661,1.004,45.1813,1,1,217.789,11943936.0
closed_eye_1964.jpg_face_1,cerrado,B15,170.0893,0.088621,14.4705,112.6314,15.3275,31.7329,BIEN,12.1472,0.744603,8.0681,33.781,0.090264,0.120314,1.855,35.7627,1,1,218.503,11943936.0
closed_eye_1964.jpg_face_1,cerrado,B25,170.0893,0.088621,24.4955,151.8039,6.7625,36.5869,BIEN,18.3502,0.825665,5.8899,10.7505,0.083113,0.123044,6.2143,38.8433,1,1,248.441,11943936.0
closed_eye_1964.jpg_face_1,cerrado,B40,170.0893,0.088621,39.5059,145.2867,7.785,36.4712,BIEN,17.4604,0.84238,7.5055,14.5821,0.081771,0.073711,7.7285,16.8241,1,1,235.538,11943936.0
closed_eye_1972.jpg_face_1,cerrado,B5,134.484,0.052081,4.3872,45.3747,100.0,13.9499,CRITICA,8.7345,0.395248,15.695,66.2602,nan,nan,nan,nan,1,0,303.15,10036224.0
closed_eye_1972.jpg_face_1,cerrado,B10,134.484,0.052081,9.3257,84.3063,34.8914,21.8526,BIEN,13.501,0.712763,10.4975,37.3113,0.059023,0.147069,13.3293,182.3843,1,1,278.373,10036224.0
closed_eye_1972.jpg_face_1,cerrado,B15,134.484,0.052081,14.5939,113.9604,12.9845,26.0018,BIEN,19.8319,0.826308,8.072,15.261,0.068054,0.110339,30.6696,111.8602,1,1,276.342,10036224.0
closed_eye_1972.jpg_face_1,cerrado,B25,134.484,0.052081,24.4229,153.5215,1.1299,28.7294,BIEN,19.913,0.833517,5.8593,14.1559,0.065528,0.06541,25.8197,25.5932,1,1,262.055,10036224.0
closed_eye_1972.jpg_face_1,cerrado,B40,134.484,0.052081,39.4904,146.8125,1.7106,28.9495,BIEN,22.073,0.862975,7.4653,9.1673,0.061397,0.068987,17.8869,32.4598,1,1,333.433,10036224.0
closed_eye_2015.jpg_face_1,cerrado,B5,134.3565,0.023687,4.3629,43.4921,99.9553,27.8915,CRITICA,7.758,0.360795,14.913,67.6293,0.032395,0.172271,36.7601,627.2746,1,1,11.604,65028096.0
closed_eye_2015.jpg_face_1,cerrado,B10,134.3565,0.023687,9.4177,79.3567,39.9015,43.8973,CRITICA,11.9233,0.681369,10.0955,40.9357,0.027537,0.086273,16.2527,264.217,1,1,13.411,65028096.0
closed_eye_2015.jpg_face_1,cerrado,B15,134.3565,0.023687,14.4656,105.2259,35.1847,52.9783,BIEN,16.1409,0.808903,8.0738,21.6816,0.021493,0.043384,9.263,83.1545,1,1,13.365,65028096.0
closed_eye_2015.jpg_face_1,cerrado,B25,134.3565,0.023687,24.5048,139.4242,24.8878,60.587,BIEN,20.2567,0.818059,6.2665,3.7719,0.021684,0.036916,8.4579,55.8473,1,1,13.565,65028096.0
closed_eye_2015.jpg_face_1,cerrado,B40,134.3565,0.023687,39.5045,134.4541,27.5554,60.0922,BIEN,20.9851,0.857746,7.9536,0.0727,0.023403,0.021413,1.1981,9.6028,1,1,14.916,65028096.0
closed_eye_2024.jpg_face_1,cerrado,B5,113.5415,0.064028,4.4419,44.0716,98.885,26.6681,CRITICA,10.009,0.43182,14.9334,61.1846,0.100394,nan,56.7951,nan,1,1,316.266,1327104.0
closed_eye_2024.jpg_face_1,cerrado,B10,113.5415,0.064028,9.4403,79.5782,36.4828,43.4054,CRITICA,15.8447,0.757806,10.0991,29.9126,0.056894,0.128811,11.1425,101.1783,1,1,330.753,1327104.0
closed_eye_2024.jpg_face_1,cerrado,B15,113.5415,0.064028,14.4977,105.8038,28.5603,52.9472,BIEN,22.5073,0.835765,8.0249,6.8148,0.058675,0.101853,8.3618,59.0742,1,1,432.563,1327104.0
closed_eye_2024.jpg_face_1,cerrado,B25,113.5415,0.064028,24.4589,139.1899,24.9218,62.684,BIEN,18.0694,0.787293,6.2132,22.5895,0.06237,0.053929,2.5902,15.7729,1,1,329.859,1327104.0
closed_eye_2024.jpg_face_1,cerrado,B40,113.5415,0.064028,39.5223,134.502,25.6064,61.6726,BIEN,19.5378,0.825372,7.8817,18.4606,0.062736,0.064596,2.0187,0.8862,1,1,432.751,1327104.0
closed_eye_2035.jpg_face_1,cerrado,B5,144.0364,0.093174,4.4026,45.5181,100.0,12.5082,CRITICA,7.9674,0.364043,15.7486,68.3982,0.076082,nan,18.3441,nan,1,1,309.789,1327104.0
closed_eye_2035.jpg_face_1,cerrado,B10,144.0364,0.093174,9.5063,85.5283,26.8679,19.419,BIEN,12.4512,0.702273,10.3844,40.6204,0.099172,0.176945,6.4374,89.909,1,1,420.133,1327104.0
closed_eye_2035.jpg_face_1,cerrado,B15,144.0364,0.093174,14.4476,114.478,9.5294,22.5838,BIEN,17.6363,0.840995,8.0705,20.5215,0.083091,0.130064,10.8212,39.5931,1,1,467.552,1327104.0
closed_eye_2035.jpg_face_1,cerrado,B25,144.0364,0.093174,24.5163,154.7323,2.3107,25.4758,BIEN,21.9902,0.870392,5.7942,7.4258,0.089092,0.089636,4.3806,3.7963,1,1,351.37,1327104.0
closed_eye_2035.jpg_face_1,cerrado,B40,144.0364,0.093174,39.449,147.6492,3.407,25.3105,BIEN,23.9547,0.890703,7.4155,2.5082,0.091936,0.094948,1.3282,1.9047,1,1,392.912,1327104.0
closed_eye_2038.jpg_face_2,cerrado,B5,56.679,0.098737,4.4694,45.6654,99.3056,19.8572,CRITICA,24.0179,0.788115,14.3382,19.4314,0.131994,nan,33.6833,nan,1,1,169.127,2073600.0
closed_eye_2038.jpg_face_2,cerrado,B10,56.679,0.098737,9.4984,82.0467,39.1112,30.6128,BIEN,19.3024,0.81059,9.7543,44.7569,0.186061,0.110659,88.4411,12.0749,1,1,206.684,2073600.0
closed_eye_2038.jpg_face_2,cerrado,B15,56.679,0.098737,14.4879,108.9724,26.4613,36.9297,BIEN,13.186,0.710283,7.7017,92.2625,0.16431,0.088427,66.4124,10.4413,1,1,105.712,2073600.0
closed_eye_2038.jpg_face_2,cerrado,B25,56.679,0.098737,24.4932,125.2294,18.7729,39.6048,BIEN,10.941,0.664193,7.3351,120.9451,0.093389,0.081677,5.4161,17.278,1,1,198.827,2073600.0
closed_eye_2038.jpg_face_2,cerrado,B40,56.679,0.098737,39.4584,139.6338,13.0539,41.8713,BIEN,9.3392,0.625039,7.5699,146.3591,0.151132,0.111375,53.0653,12.7995,1,1,191.461,2073600.0
closed_eye_2041.jpg_face_1,cerrado,B5,148.8622,0.042874,4.392,44.5019,100.0,23.2676,CRITICA,6.9025,0.363752,15.1336,70.1053,0.037902,nan,11.5974,nan,1,1,17.14,51840000.0
closed_eye_2041.jpg_face_1,cerrado,B10,148.8622,0.042874,9.526,82.3281,36.2157,36.9098,BIEN,10.6732,0.679519,10.141,44.6951,0.034796,0.0762,18.8405,77.729,1,1,17.556,51840000.0
closed_eye_2041.jpg_face_1,cerrado,B15,148.8622,0.042874,14.4495,108.8992,27.018,44.3183,BIEN,14.2914,0.820498,8.0618,26.8456,0.038891,0.059728,9.2906,39.3095,1,1,17.23,51840000.0
closed_eye_2041.jpg_face_1,cerrado,B25,148.8622,0.042874,24.4865,145.3023,16.5889,50.9741,BIEN,19.7917,0.864385,6.0865,2.3914,0.050834,0.039994,18.5645,6.7182,1,1,17.486,51840000.0
closed_eye_2041.jpg_face_1,cerrado,B40,148.8622,0.042874,39.4965,139.3794,18.7941,50.7922,BIEN,19.7084,0.892117,7.7476,6.3702,0.043802,0.033337,2.1638,22.2455,1,1,17.528,51840000.0
closed_eye_2051.jpg_face_1,cerrado,B5,129.7065,0.085478,4.5519,44.8018,99.5738,22.4099,CRITICA,8.4019,0.523659,14.6848,65.4591,0.084933,0.172787,0.6379,102.142,1,1,5.472,160579584.0
closed_eye_2051.jpg_face_1,cerrado,B10,129.7065,0.085478,9.5132,83.6117,41.8768,33.4525,BIEN,13.0217,0.828142,9.8808,35.5377,0.081247,0.127533,4.9502,49.1988,1,1,38.409,160579584.0
closed_eye_2051.jpg_face_1,cerrado,B15,129.7065,0.085478,14.4792,109.8887,24.5397,39.4142,BIEN,17.882,0.910733,7.8191,15.2789,0.081599,0.107825,4.5377,26.1427,1,1,31.258,160579584.0
closed_eye_2051.jpg_face_1,cerrado,B25,129.7065,0.085478,24.4954,146.595,10.5134,44.2148,BIEN,19.2086,0.901058,5.9046,13.0205,0.088011,0.090295,2.9625,5.6348,1,1,30.907,160579584.0
closed_eye_2051.jpg_face_1,cerrado,B40,129.7065,0.085478,39.4885,140.5405,12.826,44.6548,BIEN,20.7216,0.931368,7.5677,8.3527,0.086016,0.0847,0.629,0.9103,1,1,35.397,160579584.0
closed_eye_2054.jpg_face_1,cerrado,B5,97.6104,0.090406,4.6158,45.3811,97.7834,20.1973,CRITICA,13.0474,0.559357,14.9729,53.508,0.116156,0.197497,28.4819,118.4545,1,1,32.148,65028096.0
closed_eye_2054.jpg_face_1,cerrado,B10,97.6104,0.090406,9.4819,81.8879,45.5631,29.8975,BIEN,20.6434,0.826012,10.5642,16.1074,0.087847,0.14945,2.831,65.3098,1,1,29.48,65028096.0
closed_eye_2054.jpg_face_1,cerrado,B15,97.6104,0.090406,14.4648,107.7708,21.1395,34.7349,BIEN,23.4981,0.84353,8.5308,10.4092,0.085954,0.131185,4.9243,45.106,1,1,33.277,65028096.0
closed_eye_2054.jpg_face_1,cerrado,B25,97.6104,0.090406,24.4762,144.7568,7.0798,38.2443,BIEN,14.4827,0.751487,6.5631,48.3006,0.088199,0.106014,2.4416,17.2643,1,1,26.088,65028096.0
closed_eye_2054.jpg_face_1,cerrado,B40,97.6104,0.090406,39.4793,138.8477,8.8057,38.8514,BIEN,15.6623,0.802988,8.249,42.2469,0.087453,0.098843,3.2664,9.3315,1,1,30.433,65028096.0
closed_eye_2062.jpg_face_2,cerrado,B5,121.1701,0.049401,4.3556,45.0151,99.9869,17.2437,CRITICA,9.9095,0.520272,15.5142,62.8497,0.042453,0.188921,14.0643,282.4231,1,1,61.968,33177600.0
closed_eye_2062.jpg_face_2,cerrado,B10,121.1701,0.049401,9.5151,84.3215,33.308,26.841,BIEN,15.9164,0.834006,10.2912,30.4106,0.04655,0.080925,5.7722,63.8126,1,1,58.786,33177600.0
closed_eye_2062.jpg_face_2,cerrado,B15,121.1701,0.049401,14.4743,112.8204,16.8158,31.8794,BIEN,23.6491,0.921912,8.0351,6.8909,0.048199,0.0617,2.4323,24.8961,1,1,54.416,33177600.0
closed_eye_2062.jpg_face_2,cerrado,B25,121.1701,0.049401,24.507,151.3781,7.0421,35.4933,BIEN,17.4795,0.891045,5.9061,24.9302,0.041945,0.046369,15.0922,6.138,1,1,51.615,33177600.0
closed_eye_2062.jpg_face_2,cerrado,B40,121.1701,0.049401,39.4952,144.6706,9.058,35.7025,BIEN,19.4089,0.921872,7.5413,19.3946,0.045809,0.04556,7.2714,7.7757,1,1,30.349,33177600.0
closed_eye_2065.jpg_face_1,cerrado,B5,135.203,0.03833,4.3016,43.3254,91.3408,25.8311,CRITICA,7.7667,0.351336,15.1283,67.9553,0.054761,nan,42.8669,nan,1,1,237.332,5308416.0
closed_eye_2065.jpg_face_1,cerrado,B10,135.203,0.03833,9.4091,79.8904,38.0572,40.467,CRITICA,11.8184,0.694019,10.2676,40.9107,0.04939,0.079621,28.8559,107.7243,1,1,380.952,5308416.0
closed_eye_2065.jpg_face_1,cerrado,B15,135.203,0.03833,14.4613,106.3034,29.7593,48.9871,BIEN,15.9545,0.813143,8.1167,21.375,0.036275,0.084651,5.3613,120.849,1,1,310.337,5308416.0
closed_eye_2065.jpg_face_1,cerrado,B25,135.203,0.03833,24.5008,141.3031,20.6165,55.6795,BIEN,19.0307,0.814784,6.2795,4.5118,0.032543,0.054842,15.097,43.0786,1,1,308.861,5308416.0
closed_eye_2065.jpg_face_1,cerrado,B40,135.203,0.03833,39.4839,136.3152,22.5978,55.2985,BIEN,19.7454,0.851538,7.9429,0.8226,0.052017,0.060281,35.7082,57.2685,1,1,344.78,5308416.0
closed_eye_2071.jpg_face_1,cerrado,B5,96.7557,0.042346,4.4559,45.1511,94.5646,16.8482,CRITICA,12.9774,0.527196,15.3897,53.335,nan,nan,nan,nan,1,0,224.497,746496.0
closed_eye_2071.jpg_face_1,cerrado,B10,96.7557,0.042346,9.4448,83.2534,49.8247,24.6523,BIEN,21.6488,0.833074,10.4571,13.9551,nan,nan,nan,nan,1,0,506.098,746496.0
closed_eye_2071.jpg_face_1,cerrado,B15,96.7557,0.042346,14.4819,111.8822,12.5365,27.4159,BIEN,21.9333,0.846044,8.1633,15.6337,0.063562,0.153131,50.101,261.6178,1,1,494.878,746496.0
closed_eye_2071.jpg_face_1,cerrado,B25,96.7557,0.042346,24.4857,150.4953,0.0877,27.983,BIEN,13.1915,0.758111,6.0397,55.5416,0.050363,0.096918,18.9315,128.8701,1,1,375.615,746496.0
closed_eye_2071.jpg_face_1,cerrado,B40,96.7557,0.042346,39.4863,144.0839,0.1169,29.1562,BIEN,14.3026,0.802012,7.6771,48.9151,0.060265,0.062626,42.3149,47.8914,1,1,455.353,746496.0
closed_eye_2074.jpg_face_3,cerrado,B5,117.1715,0.044932,4.2739,44.1027,98.4064,18.9117,CRITICA,10.1659,0.413788,15.7081,62.3605,0.043519,0.167347,3.1451,272.447,1,1,74.261,18662400.0
closed_eye_2074.jpg_face_3,cerrado,B10,117.1715,0.044932,9.5625,82.9966,36.1121,30.6621,BIEN,16.2677,0.730057,10.4199,29.1666,0.032623,0.114407,27.395,154.6243,1,1,74.92,18662400.0
closed_eye_2074.jpg_face_3,cerrado,B15,117.1715,0.044932,14.4533,110.8324,19.2346,36.3515,BIEN,22.9542,0.816424,8.1773,5.4101,0.037193,0.092675,17.2232,106.2578,1,1,63.581,18662400.0
closed_eye_2074.jpg_face_3,cerrado,B25,117.1715,0.044932,24.4975,148.9411,8.8221,41.3276,BIEN,16.865,0.785378,6.0803,27.1137,0.033,0.060618,26.5551,34.9103,1,1,58.313,18662400.0
closed_eye_2074.jpg_face_3,cerrado,B40,117.1715,0.044932,39.4855,142.5787,10.403,41.2036,BIEN,18.5284,0.823011,7.7174,21.6838,0.028096,0.045478,37.4697,1.2156,1,1,74.621,18662400.0
closed_eye_2079.jpg_face_1,cerrado,B5,133.7519,0.120764,4.4439,44.1614,99.9942,25.3528,CRITICA,8.0582,0.375619,14.9592,66.9826,0.15659,0.236129,29.6657,95.5287,1,1,386.638,5308416.0
closed_eye_2079.jpg_face_1,cerrado,B10,133.7519,0.120764,9.4644,80.7504,40.8601,40.1581,BIEN,12.335,0.691289,10.1598,39.6267,0.124053,0.171151,2.723,41.723,1,1,379.32,5308416.0
closed_eye_2079.jpg_face_1,cerrado,B15,133.7519,0.120764,14.4472,106.9972,35.3884,47.4887,BIEN,16.672,0.804659,8.1103,20.0032,0.100672,0.175388,16.6374,45.232,1,1,402.35,5308416.0
closed_eye_2079.jpg_face_1,cerrado,B25,133.7519,0.120764,24.4654,142.6945,20.2028,53.6729,BIEN,20.1864,0.809699,6.2062,6.686,0.122604,0.16257,1.5234,34.6178,1,1,383.656,5308416.0
closed_eye_2079.jpg_face_1,cerrado,B40,133.7519,0.120764,39.4699,137.3389,23.7981,53.5675,BIEN,21.1145,0.840756,7.8704,2.6819,0.137506,0.145416,13.8627,20.4128,1,1,348.663,5308416.0
closed_eye_2093.jpg_face_2,cerrado,B5,130.6919,0.118338,4.506,45.4524,100.0,21.2703,CRITICA,8.7896,0.472795,14.991,65.2217,0.116508,nan,1.5459,nan,1,1,42.424,29942784.0
closed_eye_2093.jpg_face_2,cerrado,B10,130.6919,0.118338,9.5013,83.2781,32.5514,34.3845,BIEN,13.5722,0.78576,10.1547,36.2791,0.104878,0.210408,11.3743,77.8026,1,1,41.065,29942784.0
closed_eye_2093.jpg_face_2,cerrado,B15,130.6919,0.118338,14.3979,109.7711,21.8195,41.4616,BIEN,19.242,0.892264,8.0164,16.0077,0.119937,0.201943,1.3513,70.6494,1,1,39.73,29942784.0
closed_eye_2093.jpg_face_2,cerrado,B25,130.6919,0.118338,24.4728,147.0193,16.0368,48.6581,BIEN,20.7758,0.889236,5.9985,12.493,0.10504,0.143269,11.237,21.0675,1,1,40.594,29942784.0
closed_eye_2093.jpg_face_2,cerrado,B40,130.6919,0.118338,39.4726,141.0637,17.1276,48.0214,BIEN,22.7234,0.921401,7.63,7.9361,0.096735,0.128536,18.2551,8.618,1,1,40.759,29942784.0
closed_eye_2094.jpg_face_1,cerrado,B5,118.626,0.036144,4.5367,45.8961,99.6528,18.3549,CRITICA,10.1389,0.430374,15.0175,61.3103,0.098293,nan,171.9507,nan,1,1,457.352,995328.0
closed_eye_2094.jpg_face_1,cerrado,B10,118.626,0.036144,9.5002,83.0863,28.5962,28.86,BIEN,15.6083,0.764597,10.3251,29.9594,0.055208,0.173872,52.7468,381.0568,1,1,423.944,995328.0
closed_eye_2094.jpg_face_1,cerrado,B15,118.626,0.036144,14.5389,110.7073,15.997,35.2242,BIEN,21.0753,0.834341,8.1613,6.6753,0.068728,0.109513,90.1527,202.9946,1,1,407.598,995328.0
closed_eye_2094.jpg_face_1,cerrado,B25,118.626,0.036144,24.5017,147.5754,10.5159,41.7237,BIEN,17.0171,0.807774,6.1675,24.4039,nan,0.077518,nan,114.4719,1,0,417.903,995328.0
closed_eye_2094.jpg_face_1,cerrado,B40,118.626,0.036144,39.5134,141.5273,11.3591,40.7932,BIEN,18.5567,0.845875,7.8159,19.3055,0.065257,0.057832,80.5491,60.0048,1,1,434.613,995328.0
closed_eye_2097.jpg_face_1,cerrado,B5,168.8044,0.097005,4.3533,44.7694,100.0,12.1538,CRITICA,6.0566,0.32792,15.7744,73.4785,0.129681,nan,33.6843,nan,1,1,250.973,4064256.0
closed_eye_2097.jpg_face_1,cerrado,B10,168.8044,0.097005,9.2908,84.7158,32.5859,18.5877,BIEN,9.2957,0.637457,10.5454,49.8142,0.113282,0.185776,16.7795,91.5115,1,1,305.055,4064256.0
closed_eye_2097.jpg_face_1,cerrado,B15,168.8044,0.097005,14.3436,114.7544,6.386,22.1042,BIEN,12.9512,0.788448,8.0286,32.0193,0.10988,0.167663,13.2718,72.8389,1,1,313.136,4064256.0
closed_eye_2097.jpg_face_1,cerrado,B25,168.8044,0.097005,24.4821,155.3041,2.2882,24.568,BIEN,20.7105,0.859816,5.7554,7.9976,0.124684,0.140871,28.5329,45.22,1,1,266.638,4064256.0
closed_eye_2097.jpg_face_1,cerrado,B40,168.8044,0.097005,39.4999,148.5656,2.4915,24.677,BIEN,19.41,0.872898,7.3363,11.9895,0.119507,0.120157,23.1969,23.8667,1,1,397.235,4064256.0
closed_eye_2098.jpg_face_2,cerrado,B5,152.9146,0.082869,4.4588,45.5971,100.0,20.0994,CRITICA,6.9059,0.385794,15.0253,70.1813,0.090669,nan,9.4124,nan,1,1,34.626,21233664.0
closed_eye_2098.jpg_face_2,cerrado,B10,152.9146,0.082869,9.4535,82.879,31.7885,30.9017,BIEN,10.2994,0.713057,10.364,45.8004,0.096415,0.1912,16.3465,130.7264,1,1,53.193,21233664.0
closed_eye_2098.jpg_face_2,cerrado,B15,152.9146,0.082869,14.5119,110.4964,19.9734,37.2651,BIEN,13.8432,0.83937,8.1399,27.7398,0.09436,0.115666,13.866,39.5775,1,1,52.706,21233664.0
closed_eye_2098.jpg_face_2,cerrado,B25,152.9146,0.082869,24.5088,147.3869,11.5459,42.7434,BIEN,18.4959,0.879929,6.1651,3.6149,0.091856,0.095573,10.8453,15.3306,1,1,48.665,21233664.0
closed_eye_2098.jpg_face_2,cerrado,B40,152.9146,0.082869,39.4832,141.2239,14.1035,42.546,BIEN,18.4268,0.909778,7.8137,7.6452,0.093007,0.093679,12.2344,13.0451,1,1,49.891,21233664.0
closed_eye_2100.jpg_face_1,cerrado,B5,53.8694,0.085845,4.5203,41.2156,82.1821,35.272,CRITICA,21.2221,0.640435,13.8908,23.4899,0.084777,0.119638,1.2444,39.364,1,1,28.603,26873856.0
closed_eye_2100.jpg_face_1,cerrado,B10,53.8694,0.085845,9.4974,69.4263,60.4587,51.6357,CRITICA,21.1319,0.700702,10.3849,28.8789,0.079865,0.095467,6.9661,11.2078,1,1,37.527,26873856.0
closed_eye_2100.jpg_face_1,cerrado,B15,53.8694,0.085845,14.4881,89.5857,48.8964,60.5341,BIEN,15.5073,0.608429,8.9066,66.3015,0.075694,0.100799,11.8258,17.4196,1,1,38.405,26873856.0
closed_eye_2100.jpg_face_1,cerrado,B25,53.8694,0.085845,24.5209,116.5674,30.464,68.6396,BIEN,11.1406,0.454759,7.712,116.3886,0.063177,0.086955,26.4057,1.2927,1,1,39.136,26873856.0
closed_eye_2100.jpg_face_1,cerrado,B40,53.8694,0.085845,39.5173,113.0647,32.6373,68.3776,BIEN,11.651,0.512816,9.7553,109.8866,0.059197,0.084734,31.0424,1.2946,1,1,39.305,26873856.0
closed_eye_2111.jpg_face_1,cerrado,B5,120.8831,0.156689,4.4534,42.9433,82.4265,31.3928,CRITICA,8.6655,0.370379,14.7341,64.4753,0.1713,0.243145,9.325,55.1774,1,1,191.92,2073600.0
closed_eye_2111.jpg_face_1,cerrado,B10,120.8831,0.156689,9.4961,77.0168,49.2303,48.89,CRITICA,13.0387,0.734862,10.2017,36.2882,0.167693,0.194148,7.0229,23.907,1,1,148.188,2073600.0
closed_eye_2111.jpg_face_1,cerrado,B15,120.8831,0.156689,14.4935,101.2335,36.4274,58.685,BIEN,17.1849,0.828861,8.2436,16.255,0.141242,0.189128,9.8584,20.7031,1,1,179.404,2073600.0
closed_eye_2111.jpg_face_1,cerrado,B25,120.8831,0.156689,24.5085,133.595,26.3374,67.2698,BIEN,18.0285,0.763445,6.5467,10.5159,0.135769,0.18022,13.351,15.0179,1,1,212.73,2073600.0
closed_eye_2111.jpg_face_1,cerrado,B40,120.8831,0.156689,39.5208,129.0776,28.1512,67.042,BIEN,19.0811,0.809267,8.2843,6.7788,0.124744,0.165983,20.3875,5.932,1,1,200.646,2073600.0
closed_eye_2123.jpg_face_2,cerrado,B5,106.8468,0.089449,4.3555,45.2016,99.9748,13.5959,CRITICA,11.8667,0.437365,15.7069,57.695,0.161244,nan,80.264,nan,1,1,207.969,746496.0
closed_eye_2123.jpg_face_2,cerrado,B10,106.8468,0.089449,9.4749,84.3356,30.4359,21.26,BIEN,19.5881,0.747083,10.5443,21.0687,0.134622,0.195589,50.5019,118.6595,1,1,496.968,746496.0
closed_eye_2123.jpg_face_2,cerrado,B15,106.8468,0.089449,14.5052,113.7342,7.8105,25.3766,BIEN,24.8841,0.800976,8.1546,6.446,0.094766,0.210769,5.9447,135.6311,1,1,435.711,746496.0
closed_eye_2123.jpg_face_2,cerrado,B25,106.8468,0.089449,24.4696,152.4507,4.6863,28.7803,BIEN,14.6231,0.754227,6.0107,42.6816,0.099091,0.192299,10.7793,114.9823,1,1,428.009,746496.0
closed_eye_2123.jpg_face_2,cerrado,B40,106.8468,0.089449,39.5019,146.0393,5.0139,28.6023,BIEN,15.8962,0.793177,7.6109,36.681,0.062351,0.14271,30.2944,59.5441,1,1,317.319,746496.0
closed_eye_2125.jpg_face_2,cerrado,B5,189.2151,0.09132,4.3735,46.0373,100.0,10.0562,CRITICA,4.8671,0.34401,15.7966,75.6693,0.101311,nan,10.9408,nan,1,1,21.769,40144896.0
closed_eye_2125.jpg_face_2,cerrado,B10,189.2151,0.09132,9.5193,86.2099,25.8078,14.9583,BIEN,7.7418,0.632278,10.4072,54.4382,0.100198,0.183756,9.7228,101.2233,1,1,22.847,40144896.0
closed_eye_2125.jpg_face_2,cerrado,B15,189.2151,0.09132,14.4769,115.759,3.6832,17.5163,BIEN,10.4967,0.777104,8.0518,38.8215,0.09207,0.163243,0.8215,78.7607,1,1,21.377,40144896.0
closed_eye_2125.jpg_face_2,cerrado,B25,189.2151,0.09132,24.4827,155.8617,1.2458,19.8005,BIEN,16.1347,0.876948,5.7949,17.6273,0.083821,0.104261,8.2112,14.1716,1,1,21.552,40144896.0
closed_eye_2125.jpg_face_2,cerrado,B40,189.2151,0.09132,39.5035,148.7246,1.5601,20.0951,BIEN,15.0035,0.886949,7.3973,21.3992,0.075559,0.094797,17.2582,3.8078,1,1,25.373,40144896.0
closed_eye_2128.BMP_face_1,cerrado,B5,154.021,0.062077,4.3045,44.5415,100.0,23.0038,CRITICA,6.6759,0.340171,15.3214,71.0809,0.068557,nan,10.4383,nan,1,1,216.408,14017536.0
closed_eye_2128.BMP_face_1,cerrado,B10,154.021,0.062077,9.4659,82.411,33.0714,37.667,BIEN,10.2112,0.637368,10.2996,46.4937,0.068008,0.141651,9.5541,128.1859,1,1,211.051,14017536.0
closed_eye_2128.BMP_face_1,cerrado,B15,154.021,0.062077,14.4784,108.8995,23.4907,46.0273,BIEN,13.6461,0.778786,8.1307,29.2957,0.053234,0.107896,14.2451,73.8105,1,1,216.596,14017536.0
closed_eye_2128.BMP_face_1,cerrado,B25,154.021,0.062077,24.4986,144.2048,17.1158,54.5604,BIEN,18.8578,0.833823,6.1935,6.3733,0.054527,0.079223,12.1624,27.6212,1,1,217.737,14017536.0
closed_eye_2128.BMP_face_1,cerrado,B40,154.021,0.062077,39.4816,138.6821,18.1999,53.5335,BIEN,18.589,0.870454,7.839,9.9589,0.053234,0.06437,14.2444,3.6943,1,1,227.583,14017536.0
closed_eye_2132.jpg_face_3,cerrado,B5,72.1913,0.038611,4.4425,43.6123,92.6312,25.8851,CRITICA,17.4568,0.663284,14.8372,39.5879,0.072873,0.186747,88.7348,383.6598,1,1,305.941,4064256.0
closed_eye_2132.jpg_face_3,cerrado,B10,72.1913,0.038611,9.4737,79.2887,44.7526,39.4308,CRITICA,26.3855,0.877831,10.2732,9.8313,0.039762,0.12261,2.9802,217.5494,1,1,370.549,4064256.0
closed_eye_2132.jpg_face_3,cerrado,B15,72.1913,0.038611,14.5126,104.8393,31.5442,46.8939,BIEN,17.2368,0.800072,8.2965,45.2243,0.038899,0.11402,0.7454,195.3027,1,1,376.336,4064256.0
closed_eye_2132.jpg_face_3,cerrado,B25,72.1913,0.038611,24.513,139.4068,18.5232,53.5648,BIEN,11.2541,0.653498,6.4902,93.1075,0.028609,0.078909,25.9049,104.3692,1,1,328.299,4064256.0
closed_eye_2132.jpg_face_3,cerrado,B40,72.1913,0.038611,39.5058,133.9223,20.5472,53.6198,BIEN,12.0078,0.694145,8.2282,85.5103,0.023864,0.060453,38.1947,56.5678,1,1,351.865,4064256.0
closed_eye_2137.jpg_face_1,cerrado,B5,119.3972,0.051671,4.4674,44.6714,99.9907,20.5467,CRITICA,9.9958,0.466924,15.063,62.5859,0.087211,0.211186,68.7838,308.7159,1,1,26.199,36578304.0
closed_eye_2137.jpg_face_1,cerrado,B10,119.3972,0.051671,9.4302,83.0106,36.8872,32.2385,BIEN,15.6055,0.785081,10.2687,30.4752,0.062782,0.108473,21.5054,109.9327,1,1,26.459,36578304.0
closed_eye_2137.jpg_face_1,cerrado,B15,119.3972,0.051671,14.4203,110.5429,24.6407,38.2428,BIEN,23.2346,0.877136,8.0191,7.4159,0.063204,0.088779,22.3204,71.8174,1,1,27.235,36578304.0
closed_eye_2137.jpg_face_1,cerrado,B25,119.3972,0.051671,24.5162,148.4917,10.1041,43.5504,BIEN,18.0179,0.847043,5.9856,24.3678,0.061124,0.064561,18.2963,24.9481,1,1,26.884,36578304.0
closed_eye_2137.jpg_face_1,cerrado,B40,119.3972,0.051671,39.4767,142.2807,12.2466,43.2932,BIEN,19.747,0.881332,7.6108,19.1659,0.064146,0.064374,24.1436,24.5859,1,1,28.474,36578304.0
closed_eye_2144.jpg_face_2,cerrado,B5,150.7278,0.090372,4.3742,45.1312,99.9976,16.345,CRITICA,7.1317,0.372965,15.4669,70.0578,0.10496,nan,16.1413,nan,1,1,230.017,11943936.0
closed_eye_2144.jpg_face_2,cerrado,B10,150.7278,0.090372,9.5576,84.8805,31.8916,25.443,BIEN,11.1011,0.699092,10.2319,43.6863,0.106061,0.166101,17.3602,83.7965,1,1,237.507,11943936.0
closed_eye_2144.jpg_face_2,cerrado,B15,150.7278,0.090372,14.4555,112.8627,16.0227,30.5978,BIEN,15.2047,0.835526,8.0201,25.1215,0.085275,0.151159,5.6405,67.2631,1,1,221.626,11943936.0
closed_eye_2144.jpg_face_2,cerrado,B25,150.7278,0.090372,24.4962,151.4324,5.5556,35.0944,BIEN,21.5509,0.878289,5.8981,0.4675,0.081779,0.119987,9.5083,32.7693,1,1,209.45,11943936.0
closed_eye_2144.jpg_face_2,cerrado,B40,150.7278,0.090372,39.4886,144.8179,6.9589,35.0596,BIEN,21.6352,0.899601,7.5192,3.9209,0.075455,0.106485,16.5067,17.8296,1,1,245.254,11943936.0
closed_eye_2145.jpg_face_4,cerrado,B5,138.2971,0.060937,4.3489,43.6814,99.4065,23.1873,CRITICA,7.6961,0.360954,15.0603,68.4148,0.074703,nan,22.5896,nan,1,1,180.904,2985984.0
closed_eye_2145.jpg_face_4,cerrado,B10,138.2971,0.060937,9.5284,81.2448,35.3394,37.6303,BIEN,11.8958,0.669716,10.0771,41.2534,0.079275,0.148696,30.093,144.0159,1,1,180.453,2985984.0
closed_eye_2145.jpg_face_4,cerrado,B15,138.2971,0.060937,14.5076,108.4664,27.2178,45.5921,BIEN,16.3079,0.787387,7.957,21.57,0.071003,0.114873,16.5189,88.511,1,1,177.123,2985984.0
closed_eye_2145.jpg_face_4,cerrado,B25,138.2971,0.060937,24.4616,144.7898,16.2849,52.5661,BIEN,21.1201,0.806329,6.0283,4.6948,0.070317,0.088222,15.3923,44.7752,1,1,180.861,2985984.0
closed_eye_2145.jpg_face_4,cerrado,B40,138.2971,0.060937,39.4908,139.2183,18.284,52.1468,BIEN,22.0049,0.835716,7.6695,0.6662,0.061952,0.074582,1.6657,22.3922,1,1,181.163,2985984.0
closed_eye_2146.jpg_face_1,cerrado,B5,123.7683,0.084317,4.5108,46.0219,99.9921,17.3136,CRITICA,9.7168,0.476968,15.1053,62.8161,0.092658,nan,9.8924,nan,1,1,13.293,69755904.0
closed_eye_2146.jpg_face_1,cerrado,B10,123.7683,0.084317,9.4779,84.8381,31.1065,27.5895,BIEN,15.3695,0.790802,10.1576,31.4541,0.097676,0.163523,15.8429,93.9371,1,1,13.34,69755904.0
closed_eye_2146.jpg_face_1,cerrado,B15,123.7683,0.084317,14.4566,112.7614,14.2729,33.1582,BIEN,22.7163,0.881589,7.9482,8.8932,0.093686,0.136588,11.1113,61.993,1,1,13.824,69755904.0
closed_eye_2146.jpg_face_1,cerrado,B25,123.7683,0.084317,24.4785,150.8986,7.139,38.8508,BIEN,18.2782,0.876198,5.844,21.9203,0.08329,0.09503,1.218,12.7052,1,1,13.88,69755904.0
closed_eye_2146.jpg_face_1,cerrado,B40,123.7683,0.084317,39.5142,144.5767,8.2394,38.8113,BIEN,20.2451,0.911959,7.4601,16.8124,0.075582,0.082329,10.3603,2.3576,1,1,14.587,69755904.0
closed_eye_2161.jpg_face_1,cerrado,B5,116.4475,0.066513,4.2702,43.446,99.6204,23.9541,CRITICA,9.864,0.464024,15.338,62.6905,0.103693,nan,55.8991,nan,1,1,53.644,18662400.0
closed_eye_2161.jpg_face_1,cerrado,B10,116.4475,0.066513,9.5171,81.3844,40.1272,37.3941,BIEN,15.7851,0.807393,10.2263,30.1106,0.052408,0.156994,21.2067,136.0363,1,1,56.348,18662400.0
closed_eye_2161.jpg_face_1,cerrado,B15,116.4475,0.066513,14.458,108.4589,27.7602,44.8842,BIEN,22.5877,0.893233,8.0851,6.8603,0.061995,0.149589,6.7918,124.9023,1,1,58.086,18662400.0
closed_eye_2161.jpg_face_1,cerrado,B25,116.4475,0.066513,24.5005,144.5592,18.3021,50.589,BIEN,17.6961,0.850384,6.1468,24.1411,0.062076,0.109918,6.6701,65.2582,1,1,51.334,18662400.0
closed_eye_2161.jpg_face_1,cerrado,B40,116.4475,0.066513,39.5054,138.5405,19.8691,50.9037,BIEN,19.4792,0.888224,7.8192,18.9725,0.060427,0.09948,9.1503,49.5658,1,1,58.389,18662400.0
closed_eye_2164.jpg_face_1,cerrado,B5,104.5468,0.12596,4.4325,43.3914,89.0617,27.5325,CRITICA,10.8225,0.441193,14.9986,58.4958,0.159519,0.214209,26.6423,70.0604,1,1,187.399,2073600.0
closed_eye_2164.jpg_face_1,cerrado,B10,104.5468,0.12596,9.4595,79.1438,49.8765,41.6318,CRITICA,16.7273,0.766093,10.3061,24.2982,0.143234,0.186534,13.7138,48.0893,1,1,213.986,2073600.0
closed_eye_2164.jpg_face_1,cerrado,B15,104.5468,0.12596,14.4851,105.1458,35.6543,48.7941,BIEN,20.9602,0.821088,8.2604,0.573,0.126294,0.177193,0.2646,40.674,1,1,205.719,2073600.0
closed_eye_2164.jpg_face_1,cerrado,B25,104.5468,0.12596,24.4681,139.6515,15.6296,54.5848,BIEN,15.5534,0.738213,6.4414,33.578,0.127464,0.171719,1.1939,36.3278,1,1,201.066,2073600.0
closed_eye_2164.jpg_face_1,cerrado,B40,104.5468,0.12596,39.4936,134.4194,19.1358,54.9761,BIEN,16.7275,0.781935,8.1479,28.5734,0.115246,0.145075,8.5063,15.1751,1,1,190.299,2073600.0
closed_eye_2165.jpg_face_1,cerrado,B5,109.6088,0.133331,4.195,44.1153,99.8119,16.0959,CRITICA,11.2328,0.481102,15.9537,59.752,0.206087,nan,54.5677,nan,1,1,175.494,2985984.0
closed_eye_2165.jpg_face_1,cerrado,B10,109.6088,0.133331,9.5785,84.3287,44.3267,23.4625,BIEN,18.6424,0.834953,10.4869,23.0639,0.112697,0.191875,15.4761,43.9086,1,1,191.417,2985984.0
closed_eye_2165.jpg_face_1,cerrado,B15,109.6088,0.133331,14.4357,112.6481,12.099,27.3976,BIEN,25.0433,0.888672,8.2279,2.7729,0.126752,0.178117,4.9346,33.5897,1,1,187.199,2985984.0
closed_eye_2165.jpg_face_1,cerrado,B25,109.6088,0.133331,24.5646,152.045,0.9802,28.7377,BIEN,15.1492,0.812088,6.0596,38.7161,0.116884,0.15855,12.3357,18.9146,1,1,188.331,2985984.0
closed_eye_2165.jpg_face_1,cerrado,B40,109.6088,0.133331,39.5124,145.0086,1.7723,29.9749,BIEN,16.6665,0.854698,7.7027,32.2965,0.138344,0.152307,3.7594,14.2318,1,1,180.832,2985984.0
closed_eye_2169.jpg_face_1,cerrado,B5,155.1685,0.050424,4.2814,44.9929,100.0,12.7183,CRITICA,6.9633,0.330262,15.8463,71.0038,0.066178,nan,31.2408,nan,1,1,352.113,4064256.0
closed_eye_2169.jpg_face_1,cerrado,B10,155.1685,0.050424,9.4981,85.3002,35.7696,18.4921,BIEN,10.7977,0.649497,10.4463,45.0274,0.071811,0.143708,42.4131,184.9955,1,1,384.956,4064256.0
closed_eye_2169.jpg_face_1,cerrado,B15,155.1685,0.050424,14.5194,114.7002,5.7088,21.2924,BIEN,14.9401,0.796018,8.0753,26.0803,0.068204,0.119402,35.2599,136.7941,1,1,375.263,4064256.0
closed_eye_2169.jpg_face_1,cerrado,B25,155.1685,0.050424,24.508,155.153,0.768,22.6396,BIEN,21.049,0.835152,5.8338,0.01,0.071233,0.080953,41.2671,60.5437,1,1,341.717,4064256.0
closed_eye_2169.jpg_face_1,cerrado,B40,155.1685,0.050424,39.4972,147.6417,0.9792,23.501,BIEN,21.2854,0.864109,7.4629,4.8508,0.0602,0.071518,19.3869,41.8326,1,1,414.422,4064256.0
closed_eye_2181.jpg_face_1,cerrado,B5,128.9069,0.082769,4.4757,45.822,99.9926,10.5658,CRITICA,9.5637,0.446157,15.4231,64.4534,0.084313,nan,1.8653,nan,1,1,355.164,4064256.0
closed_eye_2181.jpg_face_1,cerrado,B10,128.9069,0.082769,9.4738,86.3008,28.6712,14.894,BIEN,15.0436,0.757268,10.332,33.0518,0.084242,nan,1.7798,nan,1,1,333.078,4064256.0
closed_eye_2181.jpg_face_1,cerrado,B15,128.9069,0.082769,14.4405,115.3834,5.5886,16.5645,BIEN,22.7526,0.844284,8.0034,10.4909,0.099468,0.11943,20.1748,44.293,1,1,390.915,4064256.0
closed_eye_2181.jpg_face_1,cerrado,B25,128.9069,0.082769,24.4612,156.19,0.0,17.3999,BIEN,18.5064,0.852758,5.724,21.1649,0.096721,0.092868,16.856,12.2008,1,1,403.975,4064256.0
closed_eye_2181.jpg_face_1,cerrado,B40,128.9069,0.082769,39.5019,149.0855,0.0,17.9989,BIEN,20.6681,0.881397,7.321,15.6536,0.093584,0.076719,13.0661,7.3103,1,1,361.428,4064256.0
closed_eye_2183.jpg_face_1,cerrado,B5,148.3629,0.095608,4.3848,45.0215,100.0,18.2287,CRITICA,7.2314,0.368157,15.3826,69.6544,0.109861,nan,14.9081,nan,1,1,33.604,29942784.0
closed_eye_2183.jpg_face_1,cerrado,B10,148.3629,0.095608,9.5202,83.9158,35.2554,29.1175,BIEN,11.2189,0.682378,10.2251,43.4388,0.108668,0.173526,13.6605,81.4972,1,1,33.59,29942784.0
closed_eye_2183.jpg_face_1,cerrado,B15,148.3629,0.095608,14.4648,111.6833,16.9975,34.869,BIEN,15.3356,0.819392,8.0245,24.7228,0.0829,0.145475,13.2918,52.1575,1,1,32.925,29942784.0
closed_eye_2183.jpg_face_1,cerrado,B25,148.3629,0.095608,24.4907,149.7432,8.5511,40.9737,BIEN,21.1096,0.853133,5.8998,0.9304,0.100524,0.105895,5.1421,10.7601,1,1,34.393,29942784.0
closed_eye_2183.jpg_face_1,cerrado,B40,148.3629,0.095608,39.4963,143.3397,10.1968,40.4581,BIEN,21.4099,0.880079,7.5319,3.3858,0.099942,0.102743,4.5336,7.4624,1,1,35.29,29942784.0
closed_eye_2191.jpg_face_1,cerrado,B5,100.5231,0.058981,4.3218,44.0177,99.4899,21.8349,CRITICA,12.2069,0.495238,15.3363,56.2113,0.066444,0.156302,12.6519,165.0016,1,1,334.975,6718464.0
closed_eye_2191.jpg_face_1,cerrado,B10,100.5231,0.058981,9.4929,82.0007,40.9351,33.6827,BIEN,20.3547,0.832126,10.3635,18.426,0.057592,0.086217,2.356,46.176,1,1,342.806,6718464.0
closed_eye_2191.jpg_face_1,cerrado,B15,100.5231,0.058981,14.517,109.3148,24.4027,40.5331,BIEN,24.0416,0.86607,8.1933,8.746,0.067425,0.070186,14.3158,18.9972,1,1,314.386,6718464.0
closed_eye_2191.jpg_face_1,cerrado,B25,100.5231,0.058981,24.466,144.2803,11.5839,46.5516,BIEN,14.8079,0.780914,6.3003,43.5295,0.059273,0.066029,0.4941,11.9489,1,1,336.157,6718464.0
closed_eye_2191.jpg_face_1,cerrado,B40,100.5231,0.058981,39.4914,138.9741,13.1141,46.2689,BIEN,15.9507,0.819826,7.947,38.2509,0.062028,0.057443,5.1656,2.6091,1,1,293.867,6718464.0
closed_eye_2192.jpg_face_1,cerrado,B5,126.5422,0.040182,4.3091,45.0107,98.1389,15.9353,CRITICA,9.2614,0.449344,15.5642,64.4303,nan,nan,nan,nan,1,0,202.844,14017536.0
closed_eye_2192.jpg_face_1,cerrado,B10,126.5422,0.040182,9.4671,84.0629,36.9669,24.3929,BIEN,14.4582,0.784514,10.4106,33.5692,0.045839,nan,14.0781,nan,1,1,179.856,14017536.0
closed_eye_2192.jpg_face_1,cerrado,B15,126.5422,0.040182,14.5363,113.2007,13.8265,28.8967,BIEN,20.3303,0.856387,8.0959,10.5431,0.045246,0.098645,12.6007,145.4925,1,1,206.194,14017536.0
closed_eye_2192.jpg_face_1,cerrado,B25,126.5422,0.040182,24.4858,150.5796,3.9352,31.6645,BIEN,18.2089,0.844256,6.0735,18.9956,0.051552,0.047593,28.2951,18.441,1,1,203.343,14017536.0
closed_eye_2192.jpg_face_1,cerrado,B40,126.5422,0.040182,39.4866,144.3144,4.6416,32.3334,BIEN,19.9171,0.881315,7.6954,14.0445,0.050463,0.044354,25.5852,10.3825,1,1,210.371,14017536.0
closed_eye_2200.jpg_face_1,cerrado,B5,81.9793,0.043975,4.4234,45.2347,99.155,17.8766,CRITICA,15.8096,0.673511,15.2219,44.8218,0.043222,nan,1.7132,nan,1,1,26.503,36578304.0
closed_eye_2200.jpg_face_1,cerrado,B10,81.9793,0.043975,9.5201,83.8391,42.1458,28.4862,BIEN,29.8948,0.859794,10.1404,2.2687,0.020851,0.176954,52.5846,302.3926,1,1,26.048,36578304.0
closed_eye_2200.jpg_face_1,cerrado,B15,81.9793,0.043975,14.5047,112.0905,13.6103,34.483,BIEN,18.2538,0.828034,7.8961,36.7304,0.01716,0.136887,60.9777,211.2801,1,1,26.902,36578304.0
closed_eye_2200.jpg_face_1,cerrado,B25,81.9793,0.043975,24.5065,150.4185,6.5827,39.5717,BIEN,11.2728,0.72963,5.8408,83.4836,0.045649,0.095061,3.8048,116.1685,1,1,27.283,36578304.0
closed_eye_2200.jpg_face_1,cerrado,B40,81.9793,0.043975,39.4978,143.9183,7.8595,39.5544,BIEN,12.1301,0.773911,7.475,75.5545,0.048801,0.068619,10.9745,56.039,1,1,28.533,36578304.0
closed_eye_2215.jpg_face_1,cerrado,B5,118.5646,0.189879,4.543,45.9002,99.9995,16.0322,CRITICA,10.587,0.535641,15.5843,61.2868,0.15887,nan,16.331,nan,1,1,14.511,60466176.0
closed_eye_2215.jpg_face_1,cerrado,B10,118.5646,0.189879,9.5004,84.4437,35.8399,24.8959,BIEN,16.9263,0.834906,10.4631,28.7784,0.216758,0.22065,14.1561,16.2058,1,1,14.855,60466176.0
closed_eye_2215.jpg_face_1,cerrado,B15,118.5646,0.189879,14.5243,113.2847,14.3394,29.7615,BIEN,26.336,0.905465,8.1104,4.4533,0.161934,0.216936,14.7171,14.2498,1,1,14.89,60466176.0
closed_eye_2215.jpg_face_1,cerrado,B25,118.5646,0.189879,24.5143,152.6066,4.6274,33.4359,BIEN,16.7468,0.878796,5.8969,28.7117,0.164441,0.20732,13.3969,9.1854,1,1,14.972,60466176.0
closed_eye_2215.jpg_face_1,cerrado,B40,118.5646,0.189879,39.4967,145.9425,5.8266,33.5808,BIEN,18.512,0.908511,7.5032,23.0911,0.157557,0.188218,17.0222,0.8746,1,1,16.246,60466176.0
closed_eye_2217.jpg_face_1,cerrado,B5,122.9346,0.063938,4.4143,45.4281,98.614,21.0342,CRITICA,9.5497,0.423864,15.05,63.0469,nan,nan,nan,nan,1,0,22.108,43877376.0
closed_eye_2217.jpg_face_1,cerrado,B10,122.9346,0.063938,9.4233,82.7398,35.7448,32.2227,BIEN,14.5901,0.721883,10.3389,32.6961,0.057017,0.101023,10.8237,58.0018,1,1,21.908,43877376.0
closed_eye_2217.jpg_face_1,cerrado,B15,122.9346,0.063938,14.4773,110.3253,20.0474,38.7598,BIEN,20.2594,0.809201,8.1132,10.257,0.054116,0.055157,15.3618,13.7326,1,1,21.942,43877376.0
closed_eye_2217.jpg_face_1,cerrado,B25,122.9346,0.063938,24.49,146.8576,13.0036,43.4495,BIEN,17.9835,0.793464,6.177,19.4599,0.063722,0.060255,0.3374,5.7596,1,1,21.873,43877376.0
closed_eye_2217.jpg_face_1,cerrado,B40,122.9346,0.063938,39.4903,140.9086,14.75,43.5046,BIEN,19.6127,0.847247,7.8231,14.6207,0.058847,0.069834,7.9628,9.2211,1,1,21.889,43877376.0
closed_eye_2218.jpg_face_1,cerrado,B5,131.955,0.048385,4.4589,45.1302,99.9882,23.2692,CRITICA,8.4656,0.402562,14.9148,65.7988,0.067059,nan,38.5947,nan,1,1,317.43,5308416.0
closed_eye_2218.jpg_face_1,cerrado,B10,131.955,0.048385,9.5128,82.0087,32.7041,36.7459,BIEN,12.7997,0.728029,10.2317,37.851,0.04494,0.099224,7.1198,105.0737,1,1,362.858,5308416.0
closed_eye_2218.jpg_face_1,cerrado,B15,131.955,0.048385,14.4598,107.9934,24.3669,44.4856,BIEN,17.4347,0.837617,8.0917,18.1589,0.047568,0.072346,1.6871,49.5214,1,1,382.848,5308416.0
closed_eye_2218.jpg_face_1,cerrado,B25,131.955,0.048385,24.5175,144.047,16.7692,52.5567,BIEN,19.3171,0.829881,6.1619,9.1638,0.045801,0.050438,5.3402,4.2435,1,1,346.2,5308416.0
closed_eye_2218.jpg_face_1,cerrado,B40,131.955,0.048385,39.4748,138.4498,18.0178,51.7482,BIEN,20.5628,0.865029,7.8179,4.922,0.047166,0.043737,2.5182,9.6067,1,1,344.187,5308416.0
closed_eye_2222.jpg_face_1,cerrado,B5,141.5344,0.074394,4.4769,45.0329,100.0,14.3882,CRITICA,7.7021,0.292888,15.2644,68.1824,0.089538,nan,20.3567,nan,1,1,429.535,1327104.0
closed_eye_2222.jpg_face_1,cerrado,B10,141.5344,0.074394,9.5205,83.2935,40.0947,22.9144,BIEN,11.6039,0.640466,10.394,41.1497,0.083851,0.167672,12.7119,125.3846,1,1,367.458,1327104.0
closed_eye_2222.jpg_face_1,cerrado,B15,141.5344,0.074394,14.5276,110.577,12.568,26.9386,BIEN,15.3817,0.761152,8.2708,21.8727,0.092511,0.154415,24.353,107.5649,1,1,445.692,1327104.0
closed_eye_2222.jpg_face_1,cerrado,B25,141.5344,0.074394,24.5191,147.8462,3.716,30.975,BIEN,18.4755,0.769094,6.2502,4.4595,0.095642,0.154759,28.5623,108.0268,1,1,446.907,1327104.0
closed_eye_2222.jpg_face_1,cerrado,B40,141.5344,0.074394,39.5219,141.7697,4.5207,30.9343,BIEN,19.2298,0.807101,7.913,0.1662,0.083594,0.093443,12.3667,25.6058,1,1,320.646,1327104.0
closed_eye_2234.jpg_face_1,cerrado,B5,169.8625,0.109596,4.4711,44.8147,100.0,17.117,CRITICA,5.7785,0.269662,15.6154,73.617,0.113602,nan,3.6553,nan,1,1,442.615,1327104.0
closed_eye_2234.jpg_face_1,cerrado,B10,169.8625,0.109596,9.4252,83.7305,35.5831,26.7012,BIEN,8.8999,0.550426,10.4592,50.7069,nan,nan,nan,nan,1,0,364.06,1327104.0
closed_eye_2234.jpg_face_1,cerrado,B15,169.8625,0.109596,14.3685,112.2062,14.8301,32.2909,BIEN,12.081,0.688431,8.1204,33.9429,nan,0.191471,nan,74.7056,1,0,382.658,1327104.0
closed_eye_2234.jpg_face_1,cerrado,B25,169.8625,0.109596,24.3528,151.2266,8.9532,36.5377,BIEN,18.2368,0.754948,5.9374,10.9712,nan,0.158779,nan,44.876,1,0,468.274,1327104.0
closed_eye_2234.jpg_face_1,cerrado,B40,169.8625,0.109596,39.444,145.1637,9.2746,36.6405,BIEN,17.3529,0.768637,7.5164,14.5405,nan,0.128836,nan,17.555,1,0,352.199,1327104.0
closed_eye_2234.jpg_face_2,cerrado,B5,141.5498,0.092124,4.4367,44.1645,99.9228,21.4904,CRITICA,7.6001,0.319473,15.5138,68.7993,0.134225,nan,45.6995,nan,1,1,296.463,1327104.0
closed_eye_2234.jpg_face_2,cerrado,B10,141.5498,0.092124,9.3885,82.1937,47.5887,32.9995,BIEN,11.5845,0.645896,10.4353,41.933,0.098991,0.150463,7.4541,63.3267,1,1,368.256,1327104.0
closed_eye_2234.jpg_face_2,cerrado,B15,141.5498,0.092124,14.3544,109.1782,19.5602,39.1712,BIEN,15.5924,0.770177,8.271,22.8694,0.092015,0.131018,0.1184,42.2188,1,1,408.898,1327104.0
closed_eye_2234.jpg_face_2,cerrado,B25,141.5498,0.092124,24.4099,147.8248,10.7253,43.3867,BIEN,19.242,0.778812,6.1317,4.4331,0.086239,0.124991,6.3881,35.6762,1,1,346.428,1327104.0
closed_eye_2234.jpg_face_2,cerrado,B40,141.5498,0.092124,39.4763,141.7,11.3812,43.7445,BIEN,20.0007,0.809102,7.7684,0.1062,0.088177,0.103423,4.2846,12.2644,1,1,462.856,1327104.0
closed_eye_2243.jpg_face_2,cerrado,B5,123.0546,0.137512,4.415,45.1387,97.2355,14.21,CRITICA,9.8346,0.493782,15.4126,63.3182,0.139083,nan,1.1425,nan,1,1,352.547,4064256.0
closed_eye_2243.jpg_face_2,cerrado,B10,123.0546,0.137512,9.4883,85.1329,33.1349,21.4587,BIEN,15.5038,0.80633,10.3123,30.817,0.136516,nan,0.7237,nan,1,1,390.259,4064256.0
closed_eye_2243.jpg_face_2,cerrado,B15,123.0546,0.137512,14.4028,113.9938,12.8906,23.6339,BIEN,23.037,0.898173,7.9693,7.3632,0.133659,0.169451,2.8018,23.2271,1,1,396.715,4064256.0
closed_eye_2243.jpg_face_2,cerrado,B25,123.0546,0.137512,24.5024,154.4551,0.0,24.7429,BIEN,17.2668,0.880114,5.7469,25.5175,nan,0.149272,nan,8.5525,1,0,387.868,4064256.0
closed_eye_2243.jpg_face_2,cerrado,B40,123.0546,0.137512,39.5095,147.3718,0.0078,25.662,BIEN,19.0732,0.910677,7.3512,19.7613,nan,nan,nan,nan,1,0,397.551,4064256.0
closed_eye_2249.jpg_face_1,cerrado,B5,93.7601,0.108118,4.391,45.2075,99.8398,14.5848,CRITICA,13.8356,0.581411,15.586,51.7839,0.179367,0.204229,65.8993,88.8946,1,1,402.933,1327104.0
closed_eye_2249.jpg_face_1,cerrado,B10,93.7601,0.108118,9.49,84.4873,35.9558,21.2884,BIEN,24.6898,0.86721,10.4999,9.89,0.147628,0.184995,36.5436,71.1049,1,1,304.748,1327104.0
closed_eye_2249.jpg_face_1,cerrado,B15,93.7601,0.108118,14.4621,113.1003,11.3443,23.9349,BIEN,21.4969,0.870076,8.1635,20.6273,0.131527,0.177208,21.6513,63.9026,1,1,365.711,1327104.0
closed_eye_2249.jpg_face_1,cerrado,B25,93.7601,0.108118,24.4809,152.8619,0.2884,25.5289,BIEN,12.6265,0.78897,5.9765,63.035,0.102192,0.148943,5.4813,37.76,1,1,416.667,1327104.0
closed_eye_2249.jpg_face_1,cerrado,B40,93.7601,0.108118,39.5039,146.1623,1.394,26.2307,BIEN,13.6854,0.82532,7.5966,55.8896,0.116826,0.136483,8.0545,26.2357,1,1,454.277,1327104.0
closed_eye_2255.jpg_face_1,cerrado,B5,131.8768,0.10617,4.2674,44.039,99.9971,21.7697,CRITICA,8.3422,0.461263,15.3828,66.606,0.08138,nan,23.349,nan,1,1,13.027,65028096.0
closed_eye_2255.jpg_face_1,cerrado,B10,131.8768,0.10617,9.5089,82.1715,36.9749,34.3547,BIEN,12.9568,0.787339,10.2691,37.6907,0.100054,0.129355,5.7606,21.8375,1,1,13.906,65028096.0
closed_eye_2255.jpg_face_1,cerrado,B15,131.8768,0.10617,14.4288,109.305,27.1252,41.3752,BIEN,17.8972,0.887043,8.0776,17.1158,0.096896,0.104425,8.735,1.6438,1,1,14.008,65028096.0
closed_eye_2255.jpg_face_1,cerrado,B25,131.8768,0.10617,24.4792,145.9615,15.0908,46.6923,BIEN,19.44,0.88162,6.1019,10.6802,0.098682,0.078389,7.0531,26.1663,1,1,14.042,65028096.0
closed_eye_2255.jpg_face_1,cerrado,B40,131.8768,0.10617,39.4765,140.0476,17.3023,46.9666,BIEN,20.9307,0.915003,7.7492,6.1958,0.098283,0.103738,7.429,2.2909,1,1,13.687,65028096.0
closed_eye_2256.jpg_face_1,cerrado,B5,131.5673,0.038476,4.1931,43.7727,100.0,18.338,CRITICA,8.5709,0.37861,15.8186,66.7298,0.104931,nan,172.7209,nan,1,1,170.332,2985984.0
closed_eye_2256.jpg_face_1,cerrado,B10,131.5673,0.038476,9.5468,83.1872,37.1716,28.5169,BIEN,13.4666,0.72184,10.4184,36.7721,0.052032,0.149306,35.2328,288.0539,1,1,176.835,2985984.0
closed_eye_2256.jpg_face_1,cerrado,B15,131.5673,0.038476,14.4478,111.4712,18.7533,33.9208,BIEN,18.8914,0.842646,8.1382,15.2744,0.049189,0.107591,27.8447,179.6353,1,1,181.984,2985984.0
closed_eye_2256.jpg_face_1,cerrado,B25,131.5673,0.038476,24.498,149.6643,6.736,38.0378,BIEN,19.3812,0.831508,6.0587,13.7549,0.038336,0.072159,0.3636,87.5449,1,1,103.128,2985984.0
closed_eye_2256.jpg_face_1,cerrado,B40,131.5673,0.038476,39.4795,143.0783,9.6015,38.4921,BIEN,21.1938,0.862794,7.695,8.7492,0.035994,0.055465,6.4495,44.1552,1,1,180.444,2985984.0
closed_eye_2259.jpg_face_1,cerrado,B5,98.6708,0.056768,4.3455,43.647,99.7781,27.8913,CRITICA,12.014,0.48922,14.92,55.7651,0.061339,0.198313,8.0516,249.3391,1,1,244.876,11943936.0
closed_eye_2259.jpg_face_1,cerrado,B10,98.6708,0.056768,9.4536,79.5314,35.4509,44.0481,CRITICA,20.1958,0.850564,10.1013,19.3972,0.061439,0.134982,8.2288,137.7783,1,1,240.079,11943936.0
closed_eye_2259.jpg_face_1,cerrado,B15,98.6708,0.056768,14.4835,104.7442,28.5495,55.3992,BIEN,25.6151,0.892015,8.0159,6.1552,0.050315,0.095223,11.3671,67.7402,1,1,231.166,11943936.0
closed_eye_2259.jpg_face_1,cerrado,B25,98.6708,0.056768,24.5116,138.2537,25.9425,64.5687,BIEN,15.2992,0.800536,6.2453,40.1161,0.054275,0.066715,4.3923,17.5223,1,1,213.963,11943936.0
closed_eye_2259.jpg_face_1,cerrado,B40,98.6708,0.056768,39.489,133.4266,26.2523,63.7842,BIEN,16.416,0.838858,7.9225,35.224,0.05244,0.053462,7.6249,5.8239,1,1,240.183,11943936.0
closed_eye_2261.jpg_face_3,cerrado,B5,156.3343,0.133277,4.3816,46.0338,100.0,12.7072,CRITICA,6.8019,0.365494,15.4643,70.5543,0.117306,nan,11.9832,nan,1,1,264.012,10036224.0
closed_eye_2261.jpg_face_3,cerrado,B10,156.3343,0.133277,9.4675,85.0597,31.6424,18.4988,BIEN,10.3959,0.673423,10.3905,45.5911,nan,0.197956,nan,48.5304,1,0,275.74,10036224.0
closed_eye_2261.jpg_face_3,cerrado,B15,156.3343,0.133277,14.4735,113.9027,8.0443,21.6185,BIEN,14.2459,0.816863,8.0503,27.1416,0.131607,0.183751,1.2528,37.8719,1,1,265.28,10036224.0
closed_eye_2261.jpg_face_3,cerrado,B25,156.3343,0.133277,24.4554,152.9776,1.2949,23.7142,BIEN,19.5942,0.860308,5.92,2.1471,0.120446,0.149688,9.6269,12.3136,1,1,260.532,10036224.0
closed_eye_2261.jpg_face_3,cerrado,B40,156.3343,0.133277,39.4612,146.4268,1.9598,24.0687,BIEN,19.5199,0.885237,7.5249,6.3374,0.122489,0.140455,8.0941,5.3863,1,1,323.353,10036224.0
closed_eye_2288.jpg_face_1,cerrado,B5,171.3805,0.05587,4.4096,44.9807,100.0,15.3831,CRITICA,5.7458,0.32221,15.5036,73.7539,0.066571,nan,19.1533,nan,1,1,340.194,6718464.0
closed_eye_2288.jpg_face_1,cerrado,B10,171.3805,0.05587,9.4472,84.4782,34.3825,23.3958,BIEN,8.8767,0.612319,10.3676,50.7072,0.056663,0.115861,1.4202,107.3771,1,1,292.791,6718464.0
closed_eye_2288.jpg_face_1,cerrado,B15,171.3805,0.05587,14.4841,113.6954,13.3643,28.4262,BIEN,12.1568,0.767469,7.9958,33.6591,0.063628,0.085626,13.8871,53.2597,1,1,299.643,6718464.0
closed_eye_2288.jpg_face_1,cerrado,B25,171.3805,0.05587,24.5015,153.2529,3.3884,32.33,BIEN,18.8262,0.846868,5.801,10.5774,0.055053,0.05856,1.4621,4.8149,1,1,355.796,6718464.0
closed_eye_2288.jpg_face_1,cerrado,B40,171.3805,0.05587,39.5221,146.5733,4.4892,32.5138,BIEN,17.7349,0.860653,7.4001,14.4749,0.061611,0.066789,10.2756,19.5446,1,1,355.91,6718464.0
closed_eye_2295.jpg_face_1,cerrado,B5,136.5331,0.045818,4.3647,44.9265,99.0221,20.6457,CRITICA,7.9688,0.391663,15.2221,67.0948,0.060508,0.199413,32.0598,335.2264,1,1,234.538,11943936.0
closed_eye_2295.jpg_face_1,cerrado,B10,136.5331,0.045818,9.4547,82.3027,43.3156,32.286,BIEN,12.177,0.709938,10.2951,39.7196,0.044525,0.135682,2.8231,196.1301,1,1,247.207,11943936.0
closed_eye_2295.jpg_face_1,cerrado,B15,136.5331,0.045818,14.4924,109.9225,17.6681,38.7263,BIEN,16.6724,0.831771,8.0619,19.4903,0.027894,0.11826,39.1209,158.1072,1,1,222.677,11943936.0
closed_eye_2295.jpg_face_1,cerrado,B25,136.5331,0.045818,24.4984,146.541,9.4303,44.3742,BIEN,19.2021,0.839439,6.1057,7.3301,0.024583,0.066585,46.3472,45.3235,1,1,243.849,11943936.0
closed_eye_2295.jpg_face_1,cerrado,B40,136.5331,0.045818,39.4909,140.5968,10.5253,44.3181,BIEN,20.3085,0.874639,7.7557,2.9764,0.02399,0.051191,47.6409,11.7271,1,1,213.538,11943936.0
closed_eye_2301.jpg_face_1,cerrado,B5,43.1758,0.048715,4.4119,41.9205,93.2596,30.9923,CRITICA,28.508,0.749243,14.5508,2.9074,0.04651,nan,4.5264,nan,1,1,169.082,2985984.0
closed_eye_2301.jpg_face_1,cerrado,B10,43.1758,0.048715,9.5075,75.449,46.9779,43.7902,CRITICA,16.9617,0.695471,10.4575,74.7485,0.051968,0.108981,6.6784,123.712,1,1,155.819,2985984.0
closed_eye_2301.jpg_face_1,cerrado,B15,43.1758,0.048715,14.516,99.2762,31.0729,50.4919,BIEN,12.5056,0.546254,8.6673,129.9352,0.047001,0.077821,3.5176,59.7479,1,1,145.031,2985984.0
closed_eye_2301.jpg_face_1,cerrado,B25,43.1758,0.048715,24.489,132.11,21.1057,56.3005,BIEN,8.7561,0.408864,7.0103,205.9819,0.054308,0.060206,11.4808,23.5878,1,1,181.706,2985984.0
closed_eye_2301.jpg_face_1,cerrado,B40,43.1758,0.048715,39.4855,127.0171,22.8419,56.3339,BIEN,9.2209,0.437628,8.8398,194.1862,0.057396,0.049544,17.8191,1.7014,1,1,169.368,2985984.0
closed_eye_2303.jpg_face_1,cerrado,B5,154.6067,0.029491,4.1972,44.4886,100.0,14.7423,CRITICA,6.9168,0.389441,15.9217,71.2247,0.020356,nan,30.9767,nan,1,1,28.193,33177600.0
closed_eye_2303.jpg_face_1,cerrado,B10,154.6067,0.029491,9.5622,84.9521,27.3242,24.1718,BIEN,10.8094,0.708567,10.4124,45.0528,0.013441,0.105009,54.4228,256.0729,1,1,30.317,33177600.0
closed_eye_2303.jpg_face_1,cerrado,B15,154.6067,0.029491,14.4729,113.1218,11.6268,29.3073,BIEN,14.6133,0.835586,8.1729,26.8325,0.023588,0.060644,20.0159,105.6389,1,1,30.376,33177600.0
closed_eye_2303.jpg_face_1,cerrado,B25,154.6067,0.029491,24.4627,151.3574,6.3368,33.8932,BIEN,20.4636,0.884939,6.0404,2.1016,0.020427,0.037895,30.7344,28.4971,1,1,29.876,33177600.0
closed_eye_2303.jpg_face_1,cerrado,B40,154.6067,0.029491,39.4834,145.035,7.2911,33.7274,BIEN,20.4345,0.906907,7.6478,6.191,0.033887,0.01953,14.9061,33.7772,1,1,28.767,33177600.0
closed_eye_2303.jpg_face_2,cerrado,B5,157.8703,0.061307,4.1835,44.5105,100.0,13.3349,CRITICA,6.7179,0.377003,16.0021,71.8057,0.140336,nan,128.9051,nan,1,1,38.699,26873856.0
closed_eye_2303.jpg_face_2,cerrado,B10,157.8703,0.061307,9.5916,85.3763,24.845,21.2453,BIEN,10.5404,0.692062,10.4224,45.9199,0.047439,nan,22.6204,nan,1,1,27.406,26873856.0
closed_eye_2303.jpg_face_2,cerrado,B15,157.8703,0.061307,14.431,113.5836,8.9187,25.6245,BIEN,14.2245,0.812876,8.1755,28.0526,0.034388,0.1079,43.9093,75.9983,1,1,37.867,26873856.0
closed_eye_2303.jpg_face_2,cerrado,B25,157.8703,0.061307,24.4569,152.5761,4.5733,29.3019,BIEN,20.4649,0.865851,5.9926,3.3535,0.038023,0.077269,37.9801,26.0356,1,1,28.584,26873856.0
closed_eye_2303.jpg_face_2,cerrado,B40,157.8703,0.061307,39.4951,146.2471,5.1333,29.2583,BIEN,20.2159,0.888582,7.5884,7.3625,0.042347,0.057696,30.9261,5.8905,1,1,39.376,26873856.0
closed_eye_2304.jpg_face_16,cerrado,B5,114.0628,0.097198,4.4476,44.6213,99.7809,17.6475,CRITICA,10.6969,0.439589,15.1436,60.8801,0.078941,0.190266,18.7837,95.7505,1,1,427.259,1327104.0
closed_eye_2304.jpg_face_16,cerrado,B10,114.0628,0.097198,9.4876,83.9836,31.5741,27.1496,BIEN,16.9268,0.739443,10.2514,26.3708,0.070569,0.140409,27.3974,44.4564,1,1,444.919,1327104.0
closed_eye_2304.jpg_face_16,cerrado,B15,114.0628,0.097198,14.3981,112.3212,15.431,32.7804,BIEN,25.1169,0.832011,7.9291,1.5269,0.092563,0.123976,4.7689,27.549,1,1,369.045,1327104.0
closed_eye_2304.jpg_face_16,cerrado,B25,114.0628,0.097198,24.4929,151.1698,8.0716,37.2243,BIEN,16.2246,0.788824,5.8113,32.5321,0.070275,0.100148,27.6991,3.0351,1,1,377.487,1327104.0
closed_eye_2304.jpg_face_16,cerrado,B40,114.0628,0.097198,39.5057,144.7361,9.149,37.0638,BIEN,17.7538,0.824592,7.425,26.8916,0.070919,0.107554,27.0373,10.6536,1,1,463.07,1327104.0
closed_eye_2313.jpg_face_1,cerrado,B5,129.9658,0.137139,4.4418,44.9304,100.0,17.7679,CRITICA,8.9931,0.439889,15.1356,65.4291,0.115145,nan,16.0373,nan,1,1,53.72,18662400.0
closed_eye_2313.jpg_face_1,cerrado,B10,129.9658,0.137139,9.5349,84.3851,29.0688,28.4335,BIEN,13.9165,0.734569,10.2092,35.0713,0.110029,0.149848,19.7681,9.2676,1,1,54.954,18662400.0
closed_eye_2313.jpg_face_1,cerrado,B15,129.9658,0.137139,14.4006,112.2456,16.8904,34.1548,BIEN,20.431,0.854801,7.9335,13.6345,0.126501,0.144542,7.7567,5.3985,1,1,55.699,18662400.0
closed_eye_2313.jpg_face_1,cerrado,B25,129.9658,0.137139,24.4906,150.7632,8.9296,39.4622,BIEN,20.2062,0.858324,5.8303,16.0022,0.116349,0.122348,15.1597,10.7852,1,1,56.156,18662400.0
closed_eye_2313.jpg_face_1,cerrado,B40,129.9658,0.137139,39.5012,144.438,10.2517,39.0045,BIEN,22.3096,0.887192,7.4351,11.1353,0.108614,0.126129,20.8001,8.0282,1,1,57.066,18662400.0
closed_eye_2313.jpg_face_2,cerrado,B5,107.6707,0.090695,4.5309,45.1178,99.8463,20.0041,CRITICA,11.5003,0.524047,14.8995,58.0965,0.089864,nan,0.9158,nan,1,1,54.838,18662400.0
closed_eye_2313.jpg_face_2,cerrado,B10,107.6707,0.090695,9.46,83.2732,32.7467,31.7244,BIEN,18.5038,0.798681,10.2024,22.6594,0.100374,0.133338,10.6725,47.0183,1,1,55.333,18662400.0
closed_eye_2313.jpg_face_2,cerrado,B15,107.6707,0.090695,14.4126,110.4967,18.4943,38.3295,BIEN,26.0435,0.861647,7.9639,2.6246,0.094496,0.127133,4.1909,40.1766,1,1,53.708,18662400.0
closed_eye_2313.jpg_face_2,cerrado,B25,107.6707,0.090695,24.4951,148.2872,10.3857,44.9223,BIEN,15.513,0.816025,5.9214,37.7229,0.07986,0.112781,11.947,24.3526,1,1,53.232,18662400.0
closed_eye_2313.jpg_face_2,cerrado,B40,107.6707,0.090695,39.484,142.2804,11.8448,44.2908,BIEN,16.819,0.850277,7.5387,32.144,0.07505,0.101362,17.2495,11.7615,1,1,54.013,18662400.0
closed_eye_2317.jpg_face_1,cerrado,B5,116.3069,0.079537,4.3566,42.8474,86.8837,29.697,CRITICA,9.3569,0.421276,14.9006,63.1601,0.106119,0.182953,33.4211,130.0236,1,1,195.057,14017536.0
closed_eye_2317.jpg_face_1,cerrado,B10,116.3069,0.079537,9.4999,78.5411,50.2292,45.4577,CRITICA,14.421,0.752463,10.188,32.4708,0.136863,0.177051,72.0745,122.602,1,1,199.199,14017536.0
closed_eye_2317.jpg_face_1,cerrado,B15,116.3069,0.079537,14.4654,103.6618,39.4513,53.5398,BIEN,19.2218,0.840149,8.2136,10.8722,0.100193,0.157792,25.9703,98.3891,1,1,209.696,14017536.0
closed_eye_2317.jpg_face_1,cerrado,B25,116.3069,0.079537,24.5223,137.6934,21.2509,59.8781,BIEN,17.7399,0.785829,6.4412,18.388,0.140497,0.128846,76.6439,61.9956,1,1,200.61,14017536.0
closed_eye_2317.jpg_face_1,cerrado,B40,116.3069,0.079537,39.4977,132.4306,26.2104,60.1056,BIEN,19.1685,0.829836,8.1739,13.8631,0.13382,0.125268,68.2488,57.4972,1,1,217.993,14017536.0
closed_eye_2338.jpg_face_1,cerrado,B5,163.5271,0.048344,4.4379,45.2197,100.0,13.3662,CRITICA,6.3947,0.331648,15.5123,72.3473,0.051652,nan,6.8436,nan,1,1,296.569,8294400.0
closed_eye_2338.jpg_face_1,cerrado,B10,163.5271,0.048344,9.3457,84.8676,32.1139,19.8817,BIEN,9.7679,0.636668,10.4367,48.1018,0.057246,0.121222,18.415,150.7516,1,1,273.538,8294400.0
closed_eye_2338.jpg_face_1,cerrado,B15,163.5271,0.048344,14.4562,114.3308,8.382,23.2795,BIEN,13.5374,0.778571,8.0081,30.0845,0.036414,0.080663,24.6776,66.8547,1,1,274.499,8294400.0
closed_eye_2338.jpg_face_1,cerrado,B25,163.5271,0.048344,24.4626,154.563,2.0496,25.5131,BIEN,20.7713,0.846164,5.7807,5.4817,0.036785,0.067447,23.9083,39.5171,1,1,319.448,8294400.0
closed_eye_2338.jpg_face_1,cerrado,B40,163.5271,0.048344,39.5041,147.8212,2.9238,25.7683,BIEN,19.8556,0.862735,7.3653,9.6045,0.044167,0.048282,8.639,0.1265,1,1,330.371,8294400.0
closed_eye_2339.jpg_face_1,cerrado,B5,47.3516,0.070317,4.4429,43.9536,92.2777,23.7781,CRITICA,29.4441,0.7101,15.0207,7.1761,0.114865,0.184982,63.3543,163.07,1,1,49.538,21233664.0
closed_eye_2339.jpg_face_1,cerrado,B10,47.3516,0.070317,9.4846,80.1234,47.2467,36.1355,BIEN,17.2222,0.686757,10.3834,69.2094,0.125609,0.166901,78.6337,137.3568,1,1,49.733,21233664.0
closed_eye_2339.jpg_face_1,cerrado,B15,47.3516,0.070317,14.5025,106.3712,25.7188,41.8463,BIEN,12.3562,0.572712,8.334,124.6411,0.08589,0.158527,22.1479,125.4475,1,1,39.607,21233664.0
closed_eye_2339.jpg_face_1,cerrado,B25,47.3516,0.070317,24.5016,142.2563,12.6664,46.7623,BIEN,8.3735,0.454278,6.4222,200.4254,0.086516,0.110046,23.0382,56.5001,1,1,49.729,21233664.0
closed_eye_2339.jpg_face_1,cerrado,B40,47.3516,0.070317,39.4823,136.5699,13.9979,46.928,BIEN,8.8875,0.492731,8.1253,188.4164,0.097535,0.089584,38.7081,27.4014,1,1,51.539,21233664.0
closed_eye_2356.jpg_face_1,cerrado,B5,99.2505,0.024313,4.3084,43.8882,100.0,24.7254,CRITICA,12.176,0.542795,15.3093,55.7803,0.079182,nan,225.6859,nan,1,1,167.093,2985984.0
closed_eye_2356.jpg_face_1,cerrado,B10,99.2505,0.024313,9.5111,80.7459,35.3399,40.5681,BIEN,20.8907,0.854416,10.2538,18.6443,0.01507,0.131442,38.0156,440.6346,1,1,169.425,2985984.0
closed_eye_2356.jpg_face_1,cerrado,B15,99.2505,0.024313,14.4785,106.6742,29.0418,50.3088,BIEN,25.6174,0.890451,8.1005,7.4798,0.015099,0.088559,37.8982,264.251,1,1,150.752,2985984.0
closed_eye_2356.jpg_face_1,cerrado,B25,99.2505,0.024313,24.553,141.8151,19.1237,59.4436,BIEN,14.8367,0.802514,6.1972,42.8861,0.025429,0.04721,4.591,94.1781,1,1,182.712,2985984.0
closed_eye_2356.jpg_face_1,cerrado,B40,99.2505,0.024313,39.5007,136.2798,21.4414,58.5525,BIEN,16.042,0.841461,7.8654,37.309,0.027616,0.028664,13.5881,17.8966,1,1,194.424,2985984.0
closed_eye_2358.jpg_face_2,cerrado,B5,154.2831,0.062112,4.3834,45.3096,100.0,14.8105,CRITICA,6.9381,0.36555,15.5327,70.6321,0.108076,nan,74.0036,nan,1,1,49.558,21233664.0
closed_eye_2358.jpg_face_2,cerrado,B10,154.2831,0.062112,9.5207,85.0798,31.1087,23.2603,BIEN,10.7771,0.681873,10.2891,44.8548,0.064176,0.190011,3.3238,205.918,1,1,48.363,21233664.0
closed_eye_2358.jpg_face_2,cerrado,B15,154.2831,0.062112,14.4619,113.5882,13.6989,27.1858,BIEN,14.7359,0.818912,8.0357,26.3768,0.068369,0.148881,10.0748,139.6999,1,1,49.717,21233664.0
closed_eye_2358.jpg_face_2,cerrado,B25,154.2831,0.062112,24.4724,152.8762,4.3362,30.6781,BIEN,21.1701,0.870742,5.8593,0.9119,0.068072,0.105027,9.5956,69.0945,1,1,49.695,21233664.0
closed_eye_2358.jpg_face_2,cerrado,B40,154.2831,0.062112,39.5116,145.9902,5.3869,31.0303,BIEN,21.081,0.893322,7.4798,5.3751,0.063071,0.064249,1.5451,3.4408,1,1,51.859,21233664.0
closed_eye_2363.jpg_face_1,cerrado,B5,100.1597,0.11565,4.4675,45.5256,97.7647,13.6287,CRITICA,12.874,0.51376,15.3816,54.547,0.160003,nan,38.3513,nan,1,1,341.18,8294400.0
closed_eye_2363.jpg_face_1,cerrado,B10,100.1597,0.11565,9.3697,83.3498,50.7361,20.8247,BIEN,21.0711,0.825237,10.6483,16.7831,0.172409,0.221469,49.0786,91.4997,1,1,306.56,8294400.0
closed_eye_2363.jpg_face_1,cerrado,B15,100.1597,0.11565,14.5064,112.9596,1.94,22.7831,BIEN,23.4253,0.836282,8.3111,12.7795,0.10072,0.199144,12.9099,72.1961,1,1,273.396,8294400.0
closed_eye_2363.jpg_face_1,cerrado,B25,100.1597,0.11565,24.4295,150.3519,0.0038,24.2092,BIEN,14.1312,0.757953,6.2717,50.1122,0.13664,0.175438,18.1502,51.6972,1,1,321.73,8294400.0
closed_eye_2363.jpg_face_1,cerrado,B40,100.1597,0.11565,39.4374,144.0285,0.0153,25.043,BIEN,15.3376,0.806447,7.91,43.7989,0.097871,0.145339,15.3726,25.6715,1,1,294.369,8294400.0
closed_eye_2367.jpg_face_1,cerrado,B5,121.3948,0.128038,4.6588,46.4355,99.9835,14.1695,CRITICA,10.0527,0.483841,14.9937,61.7484,0.161687,nan,26.2797,nan,1,1,161.447,2985984.0
closed_eye_2367.jpg_face_1,cerrado,B10,121.3948,0.128038,9.4123,84.7845,40.8678,20.5383,BIEN,15.5808,0.783867,10.2614,30.158,0.164491,0.195291,28.4701,52.5254,1,1,167.49,2985984.0
closed_eye_2367.jpg_face_1,cerrado,B15,121.3948,0.128038,14.4741,113.4788,8.7521,23.9343,BIEN,23.0169,0.867334,7.9596,6.5209,0.152863,0.175538,19.3885,37.0983,1,1,173.509,2985984.0
closed_eye_2367.jpg_face_1,cerrado,B25,121.3948,0.128038,24.5179,153.2153,0.4215,25.3826,BIEN,17.3005,0.852654,5.7858,26.2124,0.108274,0.158052,15.4362,23.4408,1,1,168.819,2985984.0
closed_eye_2367.jpg_face_1,cerrado,B40,121.3948,0.128038,39.4921,146.5455,0.9339,26.1508,BIEN,19.0568,0.882624,7.3962,20.7181,0.106193,0.147448,17.0613,15.1589,1,1,185.429,2985984.0
closed_eye_2372.jpg_face_1,cerrado,B5,85.7308,0.13536,4.4558,44.9617,100.0,23.7254,CRITICA,14.7385,0.603598,14.9883,47.5548,0.099662,nan,26.3727,nan,1,1,373.678,746496.0
closed_eye_2372.jpg_face_1,cerrado,B10,85.7308,0.13536,9.4339,81.6489,31.4167,36.1834,BIEN,26.9587,0.864365,10.2224,4.7613,0.092805,0.177797,31.4383,31.3517,1,1,246.36,746496.0
closed_eye_2372.jpg_face_1,cerrado,B15,85.7308,0.13536,14.4478,108.2703,25.6667,43.2415,BIEN,20.2517,0.855361,8.0502,26.2909,0.099929,0.163032,26.1751,20.4438,1,1,441.228,746496.0
closed_eye_2372.jpg_face_1,cerrado,B25,85.7308,0.13536,24.5092,144.5239,19.8889,50.363,BIEN,12.4254,0.760358,6.1105,68.5787,0.103168,0.159799,23.782,18.0554,1,1,354.988,746496.0
closed_eye_2372.jpg_face_1,cerrado,B40,85.7308,0.13536,39.4394,138.6747,21.3889,50.176,BIEN,13.323,0.793961,7.7727,61.7559,0.086411,0.135549,36.162,0.1402,1,1,462.15,746496.0
closed_eye_2372.jpg_face_2,cerrado,B5,92.6805,0.150862,4.4752,46.0665,100.0,12.4014,CRITICA,13.8686,0.536156,15.6032,50.2954,nan,nan,nan,nan,1,0,368.026,746496.0
closed_eye_2372.jpg_face_2,cerrado,B10,92.6805,0.150862,9.3672,83.8332,28.9628,17.7311,BIEN,25.2318,0.826093,10.4523,9.5461,0.1572,nan,4.2015,nan,1,1,423.191,746496.0
closed_eye_2372.jpg_face_2,cerrado,B15,92.6805,0.150862,14.4574,113.8381,8.8643,21.1605,BIEN,21.2917,0.835463,8.0523,22.8285,nan,0.21385,nan,41.7523,1,0,447.808,746496.0
closed_eye_2372.jpg_face_2,cerrado,B25,92.6805,0.150862,24.4685,153.4469,1.6313,23.4276,BIEN,12.4657,0.766689,5.8726,65.5654,nan,0.198069,nan,31.2918,1,0,384.364,746496.0
closed_eye_2372.jpg_face_2,cerrado,B40,92.6805,0.150862,39.4749,146.7467,2.6777,23.7897,BIEN,13.4693,0.797519,7.4804,58.3361,0.135961,0.18118,9.8774,20.0967,1,1,469.836,746496.0
closed_eye_2377.jpg_face_2,cerrado,B5,80.971,0.036359,4.5173,45.2329,97.4836,17.3841,CRITICA,15.6939,0.463791,15.2719,44.1369,0.032788,0.154832,9.8199,325.8428,1,1,15.043,60466176.0
closed_eye_2377.jpg_face_2,cerrado,B10,80.971,0.036359,9.4832,81.8057,46.5921,25.6971,BIEN,24.3154,0.648174,10.7504,1.0309,0.032886,0.113069,9.5522,210.9796,1,1,15.204,60466176.0
closed_eye_2377.jpg_face_2,cerrado,B15,80.971,0.036359,14.5041,109.1563,16.4847,29.5674,BIEN,18.6188,0.643313,8.6199,34.8092,0.033663,0.072802,7.4149,100.2306,1,1,15.204,60466176.0
closed_eye_2377.jpg_face_2,cerrado,B25,80.971,0.036359,24.4726,146.341,2.6716,31.9019,BIEN,11.9397,0.560405,6.6193,80.7326,0.029312,0.046437,19.3813,27.7177,1,1,15.329,60466176.0
closed_eye_2377.jpg_face_2,cerrado,B40,80.971,0.036359,39.5004,140.0503,3.7448,32.8786,BIEN,12.8453,0.611686,8.3197,72.9636,0.035107,0.033786,3.4442,7.0765,1,1,16.789,60466176.0
closed_eye_2379.jpg_face_1,cerrado,B5,147.3346,0.062132,4.3916,43.9974,99.9861,24.8302,CRITICA,6.9463,0.408816,15.0968,70.1378,0.071167,nan,14.5414,nan,1,1,2.45,1135420416.0
closed_eye_2379.jpg_face_1,cerrado,B10,147.3346,0.062132,9.3736,80.9679,38.8781,38.5483,BIEN,10.5837,0.720287,10.2158,45.0449,0.041724,0.149431,32.8466,140.5045,1,1,2.887,1135420416.0
closed_eye_2379.jpg_face_1,cerrado,B15,147.3346,0.062132,14.5008,108.638,30.7301,45.3954,BIEN,14.3929,0.845337,8.0163,26.2645,0.051698,0.11371,16.7931,83.0131,1,1,2.703,1135420416.0
closed_eye_2379.jpg_face_1,cerrado,B25,147.3346,0.062132,24.4944,143.2132,24.4529,53.4559,BIEN,19.664,0.861102,6.0932,2.7973,0.062418,0.082838,0.4594,33.3258,1,1,2.743,1135420416.0
closed_eye_2379.jpg_face_1,cerrado,B40,147.3346,0.062132,39.4534,137.563,26.4451,53.3451,BIEN,19.6553,0.895316,7.7499,6.6322,0.049854,0.057097,19.7621,8.1035,1,1,2.751,1135420416.0
closed_eye_2383.jpg_face_2,cerrado,B5,144.3658,0.075292,4.3662,45.6022,100.0,14.9904,CRITICA,7.6466,0.386198,15.6405,68.412,0.089465,0.219939,18.8242,192.1158,1,1,76.049,16257024.0
closed_eye_2383.jpg_face_2,cerrado,B10,144.3658,0.075292,9.3975,83.5911,29.405,23.655,BIEN,11.7779,0.697086,10.4254,42.0977,0.092237,0.157876,22.5056,109.6852,1,1,102.667,16257024.0
closed_eye_2383.jpg_face_2,cerrado,B15,144.3658,0.075292,14.4762,113.4696,13.1602,29.2786,BIEN,16.6695,0.83478,8.0197,21.4013,0.064379,0.142052,14.4943,88.6686,1,1,95.045,16257024.0
closed_eye_2383.jpg_face_2,cerrado,B25,144.3658,0.075292,24.5289,151.9529,4.8762,33.506,BIEN,20.864,0.856205,5.8913,5.2555,0.074312,0.107615,1.3008,42.9307,1,1,106.077,16257024.0
closed_eye_2383.jpg_face_2,cerrado,B40,144.3658,0.075292,39.4936,145.3121,6.4778,33.3303,BIEN,22.0204,0.883426,7.5196,0.6555,0.079726,0.097894,5.8889,30.0201,1,1,101.926,16257024.0
closed_eye_2384.jpg_face_1,cerrado,B5,104.523,0.062131,4.3567,43.4074,95.8119,27.8525,CRITICA,10.967,0.459523,15.0048,58.4709,0.065762,0.168634,5.8442,171.4182,1,1,269.505,2073600.0
closed_eye_2384.jpg_face_1,cerrado,B10,104.523,0.062131,9.4633,78.8877,42.9787,43.8786,CRITICA,17.5174,0.790231,10.2175,24.526,0.067263,0.099333,8.2605,59.8775,1,1,210.54,2073600.0
closed_eye_2384.jpg_face_1,cerrado,B15,104.523,0.062131,14.4894,104.5148,34.6809,53.0434,BIEN,23.5468,0.846251,8.1427,0.0078,0.067422,0.101539,8.5166,63.4283,1,1,231.906,2073600.0
closed_eye_2384.jpg_face_1,cerrado,B25,104.523,0.062131,24.5018,138.0239,24.4905,61.0754,BIEN,16.3431,0.76576,6.3776,32.0512,0.070371,0.083139,13.2632,33.8126,1,1,225.637,2073600.0
closed_eye_2384.jpg_face_1,cerrado,B40,104.523,0.062131,39.4662,133.0336,26.8645,60.918,BIEN,17.656,0.807643,8.0806,27.2769,0.067615,0.068948,8.8269,10.972,1,1,302.682,2073600.0
closed_eye_2386.jpg_face_1,cerrado,B5,99.11,0.074554,4.4295,44.1128,96.8975,26.7618,CRITICA,11.906,0.523329,14.849,55.4911,0.126046,0.198648,69.067,166.4482,1,1,194.814,2073600.0
closed_eye_2386.jpg_face_1,cerrado,B10,99.11,0.074554,9.4783,79.9121,42.0388,42.1617,CRITICA,19.276,0.846307,10.1906,19.3703,0.087358,0.149362,17.1737,100.34,1,1,239.687,2073600.0
closed_eye_2386.jpg_face_1,cerrado,B15,99.11,0.074554,14.5014,105.1977,31.5679,50.9839,BIEN,23.7124,0.87722,8.1284,6.1423,0.061933,0.129486,16.9291,73.6801,1,1,191.49,2073600.0
closed_eye_2386.jpg_face_1,cerrado,B25,99.11,0.074554,24.5291,139.3235,19.6565,58.928,BIEN,15.0738,0.783006,6.3187,40.5746,0.045862,0.082149,38.4852,10.1871,1,1,193.188,2073600.0
closed_eye_2386.jpg_face_1,cerrado,B40,99.11,0.074554,39.5087,134.1161,22.8033,58.8252,BIEN,16.2397,0.822611,8.0165,35.3204,0.04574,0.090103,38.6481,20.8556,1,1,243.825,2073600.0
closed_eye_2395.jpg_face_1,cerrado,B5,108.3073,0.090225,4.3963,44.5211,99.697,24.6453,CRITICA,10.7765,0.490944,15.1147,58.8938,0.097688,nan,8.2711,nan,1,1,269.513,5308416.0
closed_eye_2395.jpg_face_1,cerrado,B10,108.3073,0.090225,9.4145,80.4122,35.9653,38.3109,BIEN,17.53,0.802807,10.1491,25.7555,0.121331,0.194083,34.4761,115.1096,1,1,256.562,5308416.0
closed_eye_2395.jpg_face_1,cerrado,B15,108.3073,0.090225,14.5006,107.5834,26.5253,48.0471,BIEN,25.3404,0.877485,7.9915,0.6684,0.0922,0.157584,2.189,74.6565,1,1,264.131,5308416.0
closed_eye_2395.jpg_face_1,cerrado,B25,108.3073,0.090225,24.5228,142.4871,19.4161,56.1154,BIEN,16.4637,0.827337,6.1132,31.5581,0.1015,0.133102,12.4963,47.5219,1,1,382.336,5308416.0
closed_eye_2395.jpg_face_1,cerrado,B40,108.3073,0.090225,39.4977,137.1295,21.071,55.4786,BIEN,17.929,0.867265,7.7812,26.6115,0.091515,0.122141,1.4297,35.3741,1,1,400.064,5308416.0
closed_eye_2395.jpg_face_2,cerrado,B5,130.6033,0.051108,4.3861,45.4458,100.0,14.4636,CRITICA,8.9847,0.441375,15.5558,65.2032,0.132773,nan,159.7923,nan,1,1,380.967,5308416.0
closed_eye_2395.jpg_face_2,cerrado,B10,130.6033,0.051108,9.4232,84.2776,31.845,21.7013,BIEN,14.0953,0.773235,10.3542,35.4706,0.069602,nan,36.188,nan,1,1,334.896,5308416.0
closed_eye_2395.jpg_face_2,cerrado,B15,130.6033,0.051108,14.5525,114.3726,9.3148,26.2474,BIEN,20.6958,0.881913,8.005,12.4275,0.061433,0.190986,20.2036,273.6953,1,1,312.813,5308416.0
closed_eye_2395.jpg_face_2,cerrado,B25,130.6033,0.051108,24.5066,152.8811,3.8408,29.478,BIEN,19.2702,0.87878,5.8624,17.0576,0.060622,0.151185,18.6175,195.8171,1,1,358.616,5308416.0
closed_eye_2395.jpg_face_2,cerrado,B40,130.6033,0.051108,39.4931,146.1773,4.4751,29.5823,BIEN,21.459,0.906342,7.4833,11.9246,0.075368,0.102616,47.4691,100.7845,1,1,346.632,5308416.0
closed_eye_2403.jpg_face_1,cerrado,B5,152.9531,0.06349,4.355,45.1635,100.0,15.9587,CRITICA,6.922,0.351704,15.5129,70.4724,0.102488,nan,61.4234,nan,1,1,157.322,2985984.0
closed_eye_2403.jpg_face_1,cerrado,B10,152.9531,0.06349,9.4096,83.9244,30.0018,23.7367,BIEN,10.598,0.657417,10.3966,45.1307,0.09119,0.155889,43.6276,145.5312,1,1,183.692,2985984.0
closed_eye_2403.jpg_face_1,cerrado,B15,152.9531,0.06349,14.5276,113.2699,14.9871,29.0435,BIEN,14.6443,0.804604,8.019,25.9447,0.083276,0.125113,31.1636,97.058,1,1,174.246,2985984.0
closed_eye_2403.jpg_face_1,cerrado,B25,152.9531,0.06349,24.4938,151.222,6.3887,32.8487,BIEN,19.7315,0.840637,5.9367,1.1318,0.075318,0.103521,18.6281,63.0492,1,1,179.724,2985984.0
closed_eye_2403.jpg_face_1,cerrado,B40,152.9531,0.06349,39.4637,144.7999,7.6923,33.2184,BIEN,19.9004,0.867453,7.5574,5.3305,0.073628,0.078465,15.9665,23.5851,1,1,192.6,2985984.0
closed_eye_2413.jpg_face_1,cerrado,B5,181.2258,0.098434,4.3263,45.0768,100.0,10.7217,CRITICA,5.1335,0.332444,15.5779,75.1267,0.182504,nan,85.4079,nan,1,1,188.398,11943936.0
closed_eye_2413.jpg_face_1,cerrado,B10,181.2258,0.098434,9.495,85.5441,26.4205,16.1836,BIEN,8.1416,0.601776,10.2269,52.797,0.178869,nan,81.7151,nan,1,1,244.672,11943936.0
closed_eye_2413.jpg_face_1,cerrado,B15,181.2258,0.098434,14.5189,115.5173,4.5871,19.2874,BIEN,11.1827,0.739708,7.8482,36.2578,0.144292,nan,46.5877,nan,1,1,245.399,11943936.0
closed_eye_2413.jpg_face_1,cerrado,B25,181.2258,0.098434,24.4917,156.2489,1.4022,21.6561,BIEN,17.766,0.83037,5.6081,13.7822,0.14909,0.186459,51.4627,89.4261,1,1,236.726,11943936.0
closed_eye_2413.jpg_face_1,cerrado,B40,181.2258,0.098434,39.4847,149.1315,1.5949,21.9325,BIEN,16.4625,0.840838,7.1992,17.7096,0.138543,0.169446,40.7476,72.1426,1,1,224.835,11943936.0
closed_eye_2413.jpg_face_3,cerrado,B5,172.0687,0.040913,4.3219,44.5759,100.0,13.0984,CRITICA,5.5721,0.336074,15.4987,74.0941,0.121774,nan,197.6376,nan,1,1,169.222,14017536.0
closed_eye_2413.jpg_face_3,cerrado,B10,172.0687,0.040913,9.5835,85.3448,27.7118,20.7013,BIEN,8.8369,0.621847,10.1307,50.4007,0.066674,nan,62.9642,nan,1,1,214.124,14017536.0
closed_eye_2413.jpg_face_3,cerrado,B15,172.0687,0.040913,14.4874,114.4237,10.631,25.1509,BIEN,12.0476,0.754186,7.8507,33.5011,0.047712,nan,16.6173,nan,1,1,182.879,14017536.0
closed_eye_2413.jpg_face_3,cerrado,B25,172.0687,0.040913,24.4831,154.3992,3.2925,28.5177,BIEN,19.0114,0.837157,5.6612,10.2689,0.049067,0.100126,19.9298,144.7269,1,1,211.986,14017536.0
closed_eye_2413.jpg_face_3,cerrado,B40,172.0687,0.040913,39.5103,147.3867,3.8379,28.4633,BIEN,17.7489,0.850007,7.2642,14.3442,0.044153,0.054927,7.9177,34.2527,1,1,198.059,14017536.0
closed_eye_2440.jpg_face_1,cerrado,B5,114.7499,0.048612,4.481,44.1779,99.8739,23.9582,CRITICA,10.2136,0.436153,14.8093,61.5007,0.059902,nan,23.2245,nan,1,1,303.499,10036224.0
closed_eye_2440.jpg_face_1,cerrado,B10,114.7499,0.048612,9.4706,81.4654,41.2763,37.8375,BIEN,15.9353,0.749042,10.152,29.0062,0.049446,0.203945,1.7155,319.5319,1,1,280.71,10036224.0
closed_eye_2440.jpg_face_1,cerrado,B15,114.7499,0.048612,14.353,107.7395,29.5579,44.7546,BIEN,23.0563,0.836427,8.0226,6.1093,0.097209,0.09289,99.9676,91.0829,1,1,301.951,10036224.0
closed_eye_2440.jpg_face_1,cerrado,B25,114.7499,0.048612,24.4996,145.0199,14.8022,50.2743,BIEN,17.4162,0.791533,6.035,26.3791,0.05104,0.072863,4.9941,49.8857,1,1,284.406,10036224.0
closed_eye_2440.jpg_face_1,cerrado,B40,114.7499,0.048612,39.5316,139.2605,16.9842,50.2038,BIEN,18.9619,0.826986,7.6798,21.36,0.059341,0.070131,22.0696,44.2657,1,1,292.663,10036224.0
closed_eye_2448.jpg_face_1,cerrado,B5,194.4485,0.025297,4.4057,45.4795,100.0,12.296,CRITICA,4.4535,0.224964,15.6925,76.611,0.078854,nan,211.7111,nan,1,1,432.694,746496.0
closed_eye_2448.jpg_face_1,cerrado,B10,194.4485,0.025297,9.3199,85.0795,24.2761,18.3352,BIEN,7.0723,0.479482,10.4807,56.2458,0.041276,0.235164,63.166,829.6045,1,1,223.989,746496.0
closed_eye_2448.jpg_face_1,cerrado,B15,194.4485,0.025297,14.5539,115.2727,8.0808,20.764,BIEN,9.7465,0.624447,8.0056,40.7181,0.049242,0.110428,94.6531,336.5229,1,1,442.165,746496.0
closed_eye_2448.jpg_face_1,cerrado,B25,194.4485,0.025297,24.4215,155.4276,1.6162,23.2047,BIEN,14.7773,0.724071,5.7529,20.0675,0.039056,0.083646,54.3869,230.6516,1,1,432.432,746496.0
closed_eye_2448.jpg_face_1,cerrado,B40,194.4485,0.025297,39.5013,148.7721,2.2222,23.6267,BIEN,13.8698,0.733049,7.3309,23.4902,0.041361,0.044905,63.5018,77.5082,1,1,289.99,746496.0
closed_eye_2461.jpg_face_1,cerrado,B5,164.8005,0.135761,4.3448,45.5565,100.0,12.6557,CRITICA,6.2747,0.30785,15.7486,72.3566,0.145677,nan,7.3041,nan,1,1,170.672,2073600.0
closed_eye_2461.jpg_face_1,cerrado,B10,164.8005,0.135761,9.5264,85.415,34.766,19.024,BIEN,9.7578,0.625053,10.3896,48.1706,0.121905,nan,10.2058,nan,1,1,202.696,2073600.0
closed_eye_2461.jpg_face_1,cerrado,B15,164.8005,0.135761,14.552,114.6394,8.2609,22.3498,BIEN,13.2906,0.775886,8.0709,30.4375,0.11632,0.146717,14.32,8.0701,1,1,206.633,2073600.0
closed_eye_2461.jpg_face_1,cerrado,B25,164.8005,0.135761,24.5251,154.9139,0.7621,23.8657,BIEN,19.7628,0.837371,5.8187,5.9991,0.132838,0.121285,2.1533,10.6629,1,1,192.89,2073600.0
closed_eye_2461.jpg_face_1,cerrado,B40,164.8005,0.135761,39.4829,147.3871,1.3565,24.449,BIEN,19.0628,0.861596,7.4564,10.5663,0.133285,0.120219,1.8241,11.4478,1,1,212.431,2073600.0
closed_eye_2463.jpg_face_2,cerrado,B5,179.9869,0.104842,4.4997,46.0976,100.0,15.4001,CRITICA,5.0036,0.334623,15.0888,74.3883,0.08732,0.16421,16.7126,56.627,1,1,48.315,16257024.0
closed_eye_2463.jpg_face_2,cerrado,B10,179.9869,0.104842,9.5652,85.1688,21.4547,25.7551,BIEN,7.9058,0.605813,10.0569,52.6806,0.089509,0.122712,14.6247,17.0449,1,1,66.247,16257024.0
closed_eye_2463.jpg_face_2,cerrado,B15,179.9869,0.104842,14.5393,113.4524,11.0784,32.6617,BIEN,10.7854,0.75068,7.7835,36.9663,0.089561,0.107604,14.575,2.6349,1,1,64.4,16257024.0
closed_eye_2463.jpg_face_2,cerrado,B25,179.9869,0.104842,24.5224,151.7719,7.7505,40.6493,BIEN,16.7035,0.841417,5.6759,15.6761,0.087707,0.094583,16.3435,9.7848,1,1,65.087,16257024.0
closed_eye_2463.jpg_face_2,cerrado,B40,179.9869,0.104842,39.5636,145.4204,8.2179,39.4207,BIEN,15.5654,0.852566,7.2777,19.205,0.084788,0.091755,19.1271,12.4821,1,1,67.479,16257024.0
closed_eye_2464.jpg_face_2,cerrado,B5,71.9415,0.058709,4.4733,45.2369,93.3488,19.816,CRITICA,18.4977,0.724481,15.2121,37.1199,0.085509,nan,45.6483,nan,1,1,191.553,2073600.0
closed_eye_2464.jpg_face_2,cerrado,B10,71.9415,0.058709,9.4636,83.215,47.2068,28.4805,BIEN,25.6059,0.867329,10.4053,15.6703,0.082201,0.133399,40.0125,127.2184,1,1,205.419,2073600.0
closed_eye_2464.jpg_face_2,cerrado,B15,71.9415,0.058709,14.481,111.2596,21.0648,31.9265,BIEN,16.1326,0.792139,8.1969,54.6528,0.058954,0.104573,0.4166,78.1188,1,1,175.055,2073600.0
closed_eye_2464.jpg_face_2,cerrado,B25,71.9415,0.058709,24.4901,149.5733,1.25,33.3248,BIEN,10.2919,0.668436,6.1134,107.9096,0.055348,0.082869,5.7257,41.151,1,1,196.252,2073600.0
closed_eye_2464.jpg_face_2,cerrado,B40,71.9415,0.058709,39.5321,143.0901,2.4537,34.4632,BIEN,11.0667,0.706532,7.7729,98.8979,0.052781,0.063747,10.0975,8.5801,1,1,201.853,2073600.0
closed_eye_2466.jpg_face_1,cerrado,B5,138.7548,0.066253,4.3995,45.0425,99.9911,17.4983,CRITICA,8.0017,0.390497,15.4098,67.5381,0.070682,nan,6.6846,nan,1,1,214.869,14017536.0
closed_eye_2466.jpg_face_1,cerrado,B10,138.7548,0.066253,9.4595,83.7225,30.6871,27.6144,BIEN,12.4537,0.715863,10.2367,39.6616,0.068297,0.107471,3.0861,62.2142,1,1,216.385,14017536.0
closed_eye_2466.jpg_face_1,cerrado,B15,138.7548,0.066253,14.4773,112.3218,15.3257,33.5553,BIEN,17.3971,0.829267,7.9989,19.0502,0.066667,0.087601,0.6245,32.2221,1,1,209.459,14017536.0
closed_eye_2466.jpg_face_1,cerrado,B25,138.7548,0.066253,24.4774,150.4661,9.0624,38.0965,BIEN,20.4547,0.840233,5.895,8.4403,0.066008,0.078646,0.3701,18.7055,1,1,195.5,14017536.0
closed_eye_2466.jpg_face_1,cerrado,B40,138.7548,0.066253,39.5156,144.1671,10.2216,38.0896,BIEN,21.955,0.870651,7.5237,3.9006,0.05653,0.064075,14.6759,3.2864,1,1,224.25,14017536.0
closed_eye_2476.jpg_face_1,cerrado,B5,132.222,0.095415,4.3896,44.2273,100.0,23.7255,CRITICA,8.4289,0.411393,14.9796,66.5508,0.098348,nan,3.074,nan,1,1,30.991,29942784.0
closed_eye_2476.jpg_face_1,cerrado,B10,132.222,0.095415,9.3483,81.3738,30.1114,38.586,BIEN,12.8917,0.735941,10.1906,38.4567,0.08783,0.157777,7.95,65.3585,1,1,33.898,29942784.0
closed_eye_2476.jpg_face_1,cerrado,B15,132.222,0.095415,14.4726,108.6413,24.4682,47.7953,BIEN,18.7358,0.861423,7.9008,17.8342,0.088646,0.100602,7.0945,5.4358,1,1,32.884,29942784.0
closed_eye_2476.jpg_face_1,cerrado,B25,132.222,0.095415,24.5448,144.5631,20.1871,56.3854,BIEN,22.1568,0.85897,5.9928,9.3336,0.092215,0.095004,3.3537,0.4308,1,1,33.839,29942784.0
closed_eye_2476.jpg_face_1,cerrado,B40,132.222,0.095415,39.481,138.8555,21.0042,54.9615,BIEN,23.9482,0.894508,7.6269,5.017,0.077538,0.087342,18.7365,8.4607,1,1,36.17,29942784.0
closed_eye_2481.jpg_face_1,cerrado,B5,188.0671,0.075312,4.3961,45.0121,100.0,10.9899,CRITICA,4.8483,0.219079,15.5715,76.066,0.156944,nan,108.3912,nan,1,1,427.716,331776.0
closed_eye_2481.jpg_face_1,cerrado,B10,188.0671,0.075312,9.3725,85.2198,32.8502,15.3643,BIEN,7.5088,0.473381,10.5229,54.6865,0.12834,0.198208,70.4104,163.1826,1,1,440.315,331776.0
closed_eye_2481.jpg_face_1,cerrado,B15,188.0671,0.075312,14.4691,115.6087,4.3478,17.5045,BIEN,10.4381,0.602499,7.9587,38.528,0.095834,0.150382,27.2497,99.6788,1,1,442.243,331776.0
closed_eye_2481.jpg_face_1,cerrado,B25,188.0671,0.075312,24.4309,155.9725,0.0,18.4213,BIEN,15.9711,0.691234,5.7199,17.0655,0.096691,0.13891,28.3871,84.4457,1,1,487.591,331776.0
closed_eye_2481.jpg_face_1,cerrado,B40,188.0671,0.075312,39.4879,149.0464,0.0,19.0989,BIEN,14.93,0.706274,7.2954,20.7483,0.112563,0.122808,49.4625,63.0661,1,1,440.373,331776.0
closed_eye_2488.jpg_face_1,cerrado,B5,166.3644,0.055689,4.4201,45.4983,100.0,13.7245,CRITICA,6.1467,0.298023,15.5748,72.6514,0.238441,nan,328.165,nan,1,1,373.204,4064256.0
closed_eye_2488.jpg_face_1,cerrado,B10,166.3644,0.055689,9.4985,85.3148,32.5269,19.8042,BIEN,9.4958,0.588049,10.3706,48.7181,0.06897,0.160938,23.8485,188.9953,1,1,315.388,4064256.0
closed_eye_2488.jpg_face_1,cerrado,B15,166.3644,0.055689,14.4783,114.3209,9.6971,23.2278,BIEN,12.9097,0.730864,8.0559,31.2829,0.061844,0.136,11.0518,144.2131,1,1,342.912,4064256.0
closed_eye_2488.jpg_face_1,cerrado,B25,166.3644,0.055689,24.478,154.3779,1.1933,25.1097,BIEN,19.2444,0.791838,5.8272,7.205,0.084082,0.10102,50.9843,81.4,1,1,366.703,4064256.0
closed_eye_2488.jpg_face_1,cerrado,B40,166.3644,0.055689,39.4999,147.2413,1.8752,25.7846,BIEN,18.4819,0.814026,7.4462,11.4947,0.071191,0.087372,27.8371,56.8927,1,1,352.572,4064256.0
closed_eye_2491.jpg_face_1,cerrado,B5,163.7509,0.048206,4.4734,45.1951,100.0,16.0164,CRITICA,6.2033,0.257193,15.2866,72.4001,0.093735,0.199545,94.4479,313.9472,1,1,310.791,8294400.0
closed_eye_2491.jpg_face_1,cerrado,B10,163.7509,0.048206,9.4986,84.8416,36.7836,24.0995,BIEN,9.5527,0.53282,10.2404,48.1886,0.062679,0.174331,30.0247,261.6403,1,1,230.595,8294400.0
closed_eye_2491.jpg_face_1,cerrado,B15,163.7509,0.048206,14.4682,113.3134,11.5412,28.5495,BIEN,12.8984,0.666051,7.9926,30.8014,0.057682,0.111371,19.6591,131.0346,1,1,309.588,8294400.0
closed_eye_2491.jpg_face_1,cerrado,B25,163.7509,0.048206,24.4742,152.3029,3.91,31.924,BIEN,18.8967,0.728524,5.8388,6.9911,0.056542,0.085327,17.2933,77.0076,1,1,320.605,8294400.0
closed_eye_2491.jpg_face_1,cerrado,B40,163.7509,0.048206,39.5127,145.8274,4.7263,32.0162,BIEN,18.2207,0.753394,7.4519,10.9456,0.059935,0.067524,24.3318,40.0762,1,1,339.225,8294400.0
closed_eye_2495.jpg_face_1,cerrado,B5,181.2672,0.069288,4.2988,44.8717,100.0,10.9114,CRITICA,5.2603,0.319493,15.7558,75.2455,0.089963,nan,29.839,nan,1,1,251.997,10036224.0
closed_eye_2495.jpg_face_1,cerrado,B10,181.2672,0.069288,9.3104,85.199,20.3074,17.438,BIEN,8.1825,0.596534,10.4961,52.9981,0.076022,nan,9.7186,nan,1,1,280.67,10036224.0
closed_eye_2495.jpg_face_1,cerrado,B15,181.2672,0.069288,14.3774,115.4318,6.7047,21.6164,BIEN,11.392,0.734351,7.9638,36.3195,0.081518,0.130132,17.6515,87.8137,1,1,181.163,10036224.0
closed_eye_2495.jpg_face_1,cerrado,B25,181.2672,0.069288,24.497,155.5941,2.8219,25.8467,BIEN,18.3273,0.831399,5.6988,14.1631,0.078916,0.094754,13.8965,36.7541,1,1,261.213,10036224.0
closed_eye_2495.jpg_face_1,cerrado,B40,181.2672,0.069288,39.4931,148.8791,2.9898,25.7086,BIEN,16.9122,0.839282,7.2694,17.8676,0.071317,0.073378,2.9287,5.9034,1,1,297.708,10036224.0
closed_eye_2500.jpg_face_1,cerrado,B5,169.9372,0.091824,4.4942,44.8036,100.0,18.3024,CRITICA,5.659,0.318388,15.1854,73.6352,0.144879,nan,57.7783,nan,1,1,311.546,8294400.0
closed_eye_2500.jpg_face_1,cerrado,B10,169.9372,0.091824,9.514,84.1591,32.1783,28.6446,BIEN,8.7128,0.607362,10.2416,50.4764,0.079935,0.174804,12.9481,90.3679,1,1,289.477,8294400.0
closed_eye_2500.jpg_face_1,cerrado,B15,169.9372,0.091824,14.4286,111.575,17.1703,35.1824,BIEN,11.8243,0.760986,7.9633,34.3434,0.096726,0.163543,5.3384,78.1049,1,1,326.381,8294400.0
closed_eye_2500.jpg_face_1,cerrado,B25,169.9372,0.091824,24.5259,150.3829,8.3996,41.0215,BIEN,17.7953,0.834942,5.851,11.5068,0.075074,0.147594,18.2415,60.7353,1,1,307.825,8294400.0
closed_eye_2500.jpg_face_1,cerrado,B40,169.9372,0.091824,39.523,143.9301,9.9636,40.5693,BIEN,16.8695,0.850716,7.4605,15.304,0.076238,0.146318,16.9741,59.3462,1,1,329.196,8294400.0
closed_eye_2501.jpg_face_2,cerrado,B5,135.0347,0.076908,4.3651,43.6793,100.0,26.0135,CRITICA,7.8018,0.382316,15.1393,67.6533,0.081846,0.183772,6.4206,138.9492,1,1,350.238,5308416.0
closed_eye_2501.jpg_face_2,cerrado,B10,135.0347,0.076908,9.4007,80.0847,38.7207,42.0494,BIEN,11.9658,0.709501,10.2127,40.6932,0.082802,0.091836,7.6627,19.4088,1,1,314.199,5308416.0
closed_eye_2501.jpg_face_2,cerrado,B15,135.0347,0.076908,14.4606,105.9928,29.0039,51.8526,BIEN,16.4133,0.836113,8.0761,21.507,0.079586,0.077061,3.4817,0.1977,1,1,294.977,5308416.0
closed_eye_2501.jpg_face_2,cerrado,B25,135.0347,0.076908,24.5095,140.6364,19.8885,61.5411,BIEN,20.4974,0.842582,6.1902,4.1483,0.084549,0.077666,9.9348,0.9845,1,1,349.993,5308416.0
closed_eye_2501.jpg_face_2,cerrado,B40,135.0347,0.076908,39.4881,135.4653,21.3702,60.5086,BIEN,21.3431,0.87647,7.8588,0.3189,0.084022,0.081639,9.2488,6.1514,1,1,365.137,5308416.0
closed_eye_2504.jpg_face_1,cerrado,B5,182.442,0.091014,4.2918,44.8197,100.0,12.8946,CRITICA,4.9988,0.278549,15.7315,75.4335,0.223943,nan,146.0528,nan,1,1,226.045,5308416.0
closed_eye_2504.jpg_face_1,cerrado,B10,182.442,0.091014,9.4296,84.9838,26.6118,20.9619,BIEN,7.9354,0.549257,10.358,53.4187,0.222012,nan,143.9304,nan,1,1,347.705,5308416.0
closed_eye_2504.jpg_face_1,cerrado,B15,182.442,0.091014,14.4303,114.1952,9.1632,25.0768,BIEN,10.7967,0.692434,8.0018,37.4074,0.126755,0.164023,39.2693,80.2168,1,1,343.891,5308416.0
closed_eye_2504.jpg_face_1,cerrado,B25,182.442,0.091014,24.4551,154.0354,3.3306,28.8742,BIEN,16.3191,0.778216,5.7886,15.5702,0.10662,0.214046,17.1463,135.1784,1,1,367.958,5308416.0
closed_eye_2504.jpg_face_1,cerrado,B40,182.442,0.091014,39.4697,147.0224,3.9451,28.752,BIEN,15.3406,0.794276,7.4039,19.4142,0.125043,0.201885,37.3883,121.8173,1,1,366.703,5308416.0
closed_eye_2506.jpg_face_1,cerrado,B5,143.0911,0.114048,4.4141,44.7144,99.349,23.8868,CRITICA,7.3479,0.329879,14.9664,68.7511,0.155943,nan,36.735,nan,1,1,337.621,746496.0
closed_eye_2506.jpg_face_1,cerrado,B10,143.0911,0.114048,9.3663,81.8485,40.3212,37.5745,BIEN,11.1538,0.682955,10.1792,42.7997,0.143124,0.191867,25.4947,68.2337,1,1,387.102,746496.0
closed_eye_2506.jpg_face_1,cerrado,B15,143.0911,0.114048,14.4488,108.7604,25.0868,45.7744,BIEN,15.1828,0.812474,7.9923,23.9922,0.138516,0.177383,21.4544,55.5336,1,1,462.278,746496.0
closed_eye_2506.jpg_face_1,cerrado,B25,143.0911,0.114048,24.4575,144.8611,14.974,53.2469,BIEN,20.0716,0.850881,6.0574,1.2369,0.140047,0.178841,22.7964,56.8124,1,1,376.138,746496.0
closed_eye_2506.jpg_face_1,cerrado,B40,143.0911,0.114048,39.4761,139.0226,16.4497,52.9906,BIEN,20.4839,0.879545,7.6927,2.8433,0.123376,0.156433,8.1788,37.1641,1,1,395.476,746496.0
closed_eye_2511.jpg_face_1,cerrado,B5,121.9924,0.133789,4.3823,43.4,95.0505,21.9479,CRITICA,9.1549,0.383355,15.1075,64.424,0.226342,nan,69.1776,nan,1,1,353.382,331776.0
closed_eye_2511.jpg_face_1,cerrado,B10,121.9924,0.133789,9.4717,81.4333,46.0101,32.9957,BIEN,14.0611,0.707243,10.2381,33.2472,0.114993,nan,14.0491,nan,1,1,362.398,331776.0
closed_eye_2511.jpg_face_1,cerrado,B15,121.9924,0.133789,14.4268,109.3025,23.0808,38.1337,BIEN,19.2539,0.794125,8.0105,10.4022,0.159096,0.195209,18.9154,45.9076,1,1,472.456,331776.0
closed_eye_2511.jpg_face_1,cerrado,B25,121.9924,0.133789,24.5434,147.6126,9.0404,41.4083,BIEN,17.2658,0.757624,5.9629,21.0015,0.120122,0.166948,10.2158,24.7839,1,1,435.502,331776.0
closed_eye_2511.jpg_face_1,cerrado,B40,121.9924,0.133789,39.4914,141.1576,10.9596,42.3934,BIEN,18.8493,0.798367,7.6347,15.7101,0.127291,0.132706,4.8572,0.8097,1,1,370.096,331776.0
closed_eye_2518.jpg_face_1,cerrado,B5,153.8036,0.069134,4.4062,43.9542,100.0,23.7108,CRITICA,6.4548,0.326064,15.0503,71.4219,0.05844,nan,15.4684,nan,1,1,300.689,6718464.0
closed_eye_2518.jpg_face_1,cerrado,B10,153.8036,0.069134,9.3859,81.2349,33.4368,38.9537,BIEN,9.8793,0.62301,10.1711,47.1827,0.059991,0.111721,13.2247,61.6018,1,1,309.655,6718464.0
closed_eye_2518.jpg_face_1,cerrado,B15,153.8036,0.069134,14.3598,107.7175,24.3015,48.0059,BIEN,13.3919,0.769169,7.9936,29.9643,0.062883,0.08738,9.0415,26.3932,1,1,313.126,6718464.0
closed_eye_2518.jpg_face_1,cerrado,B25,153.8036,0.069134,24.5117,143.8797,20.1242,57.0057,BIEN,19.988,0.825173,6.0196,6.4523,0.060066,0.066964,13.1166,3.1379,1,1,322.956,6718464.0
closed_eye_2518.jpg_face_1,cerrado,B40,153.8036,0.069134,39.4662,138.4116,20.8272,55.9895,BIEN,19.2609,0.8473,7.6528,10.0076,0.061384,0.057228,11.21,17.2211,1,1,361.494,6718464.0
closed_eye_2530.jpg_face_1,cerrado,B5,150.8136,0.041113,4.332,43.94,100.0,22.185,CRITICA,6.807,0.395943,15.2938,70.8647,0.039619,nan,3.6339,nan,1,1,21.609,43877376.0
closed_eye_2530.jpg_face_1,cerrado,B10,150.8136,0.041113,9.2538,81.2929,34.8201,35.7238,BIEN,10.348,0.700419,10.3563,46.0971,0.037,0.088442,10.0056,115.1181,1,1,19.065,43877376.0
closed_eye_2530.jpg_face_1,cerrado,B15,150.8136,0.041113,14.4536,109.3513,30.4142,43.8306,BIEN,14.4038,0.843455,8.022,27.4925,0.041803,0.044743,1.679,8.8298,1,1,21.327,43877376.0
closed_eye_2530.jpg_face_1,cerrado,B25,150.8136,0.041113,24.3932,146.0001,14.9356,50.0067,BIEN,20.9223,0.900122,6.0544,3.1917,0.043991,0.031394,6.9998,23.6399,1,1,21.641,43877376.0
closed_eye_2530.jpg_face_1,cerrado,B40,150.8136,0.041113,39.5137,140.6774,17.2181,49.686,BIEN,20.5432,0.919598,7.6599,6.7211,0.045543,0.031317,10.7747,23.828,1,1,23.771,43877376.0
closed_eye_2534.jpg_face_1,cerrado,B5,105.2161,0.075382,4.3146,44.5138,96.4654,13.7102,CRITICA,11.8668,0.558184,15.5417,57.693,0.09105,nan,20.7841,nan,1,1,186.675,2985984.0
closed_eye_2534.jpg_face_1,cerrado,B10,105.2161,0.075382,9.5614,85.0146,35.0305,19.8134,BIEN,19.8938,0.827516,10.2383,19.2,0.074958,nan,0.5631,nan,1,1,184.06,2985984.0
closed_eye_2534.jpg_face_1,cerrado,B15,105.2161,0.075382,14.4597,114.3386,5.5859,22.1224,BIEN,23.8936,0.876989,7.944,8.6703,0.07438,0.163693,1.3299,117.1513,1,1,176.625,2985984.0
closed_eye_2534.jpg_face_1,cerrado,B25,105.2161,0.075382,24.4333,154.5828,0.6522,22.5482,BIEN,13.9542,0.832065,5.7288,46.9194,0.081067,0.104019,7.5419,37.9883,1,1,186.449,2985984.0
closed_eye_2534.jpg_face_1,cerrado,B40,105.2161,0.075382,39.4971,147.6086,1.3044,23.5133,BIEN,15.2084,0.864463,7.3331,40.2909,0.070582,0.071226,6.3682,5.5134,1,1,180.453,2985984.0
closed_eye_2544.BMP_face_1,cerrado,B5,206.2478,0.046468,4.4219,45.964,100.0,11.825,CRITICA,3.8332,0.307349,15.4647,77.7142,0.070608,nan,51.9507,nan,1,1,245.14,11943936.0
closed_eye_2544.BMP_face_1,cerrado,B10,206.2478,0.046468,9.4178,85.5457,19.2773,19.4711,BIEN,6.2674,0.549078,10.2987,58.5229,0.049239,0.18154,5.9632,290.6795,1,1,240.523,11943936.0
closed_eye_2544.BMP_face_1,cerrado,B15,206.2478,0.046468,14.4268,115.2816,6.3142,24.4051,BIEN,8.6545,0.690938,7.8988,44.1053,0.049309,0.135229,6.1139,191.0184,1,1,246.567,11943936.0
closed_eye_2544.BMP_face_1,cerrado,B25,206.2478,0.046468,24.4897,155.5003,3.7953,29.4591,BIEN,13.3679,0.803631,5.6498,24.6051,0.060656,0.074032,30.5339,59.3201,1,1,155.475,11943936.0
closed_eye_2544.BMP_face_1,cerrado,B40,206.2478,0.046468,39.4853,148.6127,3.9652,28.425,BIEN,12.4086,0.804865,7.2334,27.9446,0.042084,0.064406,9.4347,38.6049,1,1,240.999,11943936.0
closed_eye_2547.jpg_face_1,cerrado,B5,175.7431,0.036848,4.3456,46.1553,100.0,9.6281,CRITICA,5.8105,0.33635,15.8914,73.7371,0.039301,nan,6.6568,nan,1,1,285.6,8294400.0
closed_eye_2547.jpg_face_1,cerrado,B10,175.7431,0.036848,9.3446,85.2059,29.7612,14.2504,BIEN,8.8962,0.62284,10.6317,51.5168,0.036376,0.186402,1.2813,405.8645,1,1,310.771,8294400.0
closed_eye_2547.jpg_face_1,cerrado,B15,175.7431,0.036848,14.5483,115.9797,2.4567,16.1992,BIEN,12.3568,0.784799,8.096,34.0062,0.015534,0.124063,57.8438,236.6854,1,1,317.058,8294400.0
closed_eye_2547.jpg_face_1,cerrado,B25,175.7431,0.036848,24.5678,156.6366,0.3806,17.4732,BIEN,19.2134,0.860682,5.8073,10.8719,0.020996,0.09726,43.0203,163.9467,1,1,300.58,8294400.0
closed_eye_2547.jpg_face_1,cerrado,B40,175.7431,0.036848,39.4616,148.9636,0.5087,18.0771,BIEN,17.9868,0.875019,7.4308,15.2379,0.0315,0.058829,14.5144,59.6525,1,1,358.783,8294400.0
closed_eye_2557.jpg_face_1,cerrado,B5,130.6174,0.050473,4.3681,45.3327,100.0,9.3641,CRITICA,9.355,0.389528,16.0353,65.2935,0.144894,nan,187.0697,nan,1,1,333.522,746496.0
closed_eye_2557.jpg_face_1,cerrado,B10,130.6174,0.050473,9.3775,85.4952,24.0774,13.6552,BIEN,14.7003,0.70986,10.6055,34.5453,0.068154,0.194776,35.0284,285.8977,1,1,364.751,746496.0
closed_eye_2557.jpg_face_1,cerrado,B15,130.6174,0.050473,14.5714,115.7169,3.9625,15.9683,BIEN,22.5719,0.82742,8.1089,11.4077,nan,0.132356,nan,162.2285,1,0,394.633,746496.0
closed_eye_2557.jpg_face_1,cerrado,B25,130.6174,0.050473,24.4664,156.3872,0.0302,17.1836,BIEN,18.6816,0.835466,5.811,19.7292,nan,0.104485,nan,107.0103,1,0,357.003,746496.0
closed_eye_2557.jpg_face_1,cerrado,B40,130.6174,0.050473,39.5057,149.16,0.121,17.6338,BIEN,20.9876,0.864967,7.4098,14.1962,0.058059,0.063329,15.0283,25.4705,1,1,372.675,746496.0
closed_eye_2562.jpg_face_1,cerrado,B5,69.2844,0.086793,4.463,44.0884,97.7987,24.9032,CRITICA,18.0517,0.683856,14.8905,36.3661,0.187046,0.198119,115.5084,128.2669,1,1,380.315,746496.0
closed_eye_2562.jpg_face_1,cerrado,B10,69.2844,0.086793,9.4972,80.5388,44.8987,36.5794,BIEN,24.9604,0.843201,10.1365,16.2437,nan,0.154202,nan,77.6676,1,0,412.252,746496.0
closed_eye_2562.jpg_face_1,cerrado,B15,69.2844,0.086793,14.5073,107.1164,33.1936,42.7946,BIEN,16.1027,0.783392,8.0397,54.6038,nan,0.151086,nan,74.0765,1,0,362.345,746496.0
closed_eye_2562.jpg_face_1,cerrado,B25,69.2844,0.086793,24.4944,143.1642,15.1642,47.5774,BIEN,10.4117,0.654725,6.136,106.6326,nan,0.15323,nan,76.5471,1,0,463.006,746496.0
closed_eye_2562.jpg_face_1,cerrado,B40,69.2844,0.086793,39.479,137.1202,19.5667,48.7258,BIEN,11.1283,0.701006,7.8447,97.9091,nan,0.110395,nan,27.1935,1,0,468.121,746496.0
closed_eye_2568.jpg_face_1,cerrado,B5,128.4843,0.044192,4.2914,44.062,100.0,20.0012,CRITICA,8.8678,0.457874,15.5455,65.7063,0.056462,nan,27.7659,nan,1,1,52.515,21233664.0
closed_eye_2568.jpg_face_1,cerrado,B10,128.4843,0.044192,9.3269,81.7263,28.6798,32.4328,BIEN,13.7443,0.802474,10.4203,36.392,0.072961,nan,65.0997,nan,1,1,52.738,21233664.0
closed_eye_2568.jpg_face_1,cerrado,B15,128.4843,0.044192,14.6571,111.335,19.7223,42.2429,BIEN,19.5065,0.890922,8.1179,13.3474,0.071131,0.095145,60.9594,115.2984,1,1,40.699,21233664.0
closed_eye_2568.jpg_face_1,cerrado,B25,128.4843,0.044192,24.5519,145.9064,17.6142,48.528,BIEN,18.971,0.868555,6.2188,13.5597,0.064227,0.08741,45.3361,97.7968,1,1,50.581,21233664.0
closed_eye_2568.jpg_face_1,cerrado,B40,128.4843,0.044192,39.4867,140.152,17.9431,47.8545,BIEN,20.8003,0.901695,7.8767,9.081,0.068916,0.082802,55.9474,87.3688,1,1,42.411,21233664.0
closed_eye_2574.jpg_face_1,cerrado,B5,130.7253,0.073115,4.3455,44.4201,99.9868,19.3406,CRITICA,8.5934,0.382079,15.4829,66.0203,0.112834,0.218295,54.324,198.5633,1,1,195.114,2073600.0
closed_eye_2574.jpg_face_1,cerrado,B10,130.7253,0.073115,9.5046,82.8342,44.9597,30.2843,BIEN,13.3082,0.713866,10.3471,36.6349,0.074638,0.162929,2.0823,122.8384,1,1,213.151,2073600.0
closed_eye_2574.jpg_face_1,cerrado,B15,130.7253,0.073115,14.4514,110.7477,19.527,35.069,BIEN,18.2977,0.829144,8.1432,15.2822,0.083394,0.108081,14.0589,47.8233,1,1,207.715,2073600.0
closed_eye_2574.jpg_face_1,cerrado,B25,130.7253,0.073115,24.5113,148.9371,6.1699,38.6263,BIEN,18.6247,0.82325,6.0491,13.9313,0.083149,0.104921,13.724,43.5017,1,1,211.229,2073600.0
closed_eye_2574.jpg_face_1,cerrado,B40,130.7253,0.073115,39.4805,142.3817,7.5439,39.171,BIEN,20.2874,0.855539,7.7098,8.9167,0.075453,0.088421,3.1977,20.9336,1,1,198.815,2073600.0
closed_eye_2578.jpg_face_1,cerrado,B5,190.2384,0.078492,4.5599,46.4125,100.0,21.5562,CRITICA,4.2379,0.29813,14.7803,75.603,0.083437,nan,6.3,nan,1,1,175.159,2985984.0
closed_eye_2578.jpg_face_1,cerrado,B10,190.2384,0.078492,9.531,83.3199,25.42,36.2759,BIEN,6.7699,0.550284,9.9895,56.2024,0.065877,nan,16.0714,nan,1,1,176.389,2985984.0
closed_eye_2578.jpg_face_1,cerrado,B15,190.2384,0.078492,14.5129,110.2394,19.33,45.8798,BIEN,9.1641,0.691104,7.8049,42.052,0.069556,0.110431,11.3849,40.6908,1,1,177.198,2985984.0
closed_eye_2578.jpg_face_1,cerrado,B25,190.2384,0.078492,24.5332,146.0757,15.56,57.2388,BIEN,13.6307,0.792263,5.824,23.2144,0.080125,0.089329,2.0802,13.8058,1,1,182.835,2985984.0
closed_eye_2578.jpg_face_1,cerrado,B40,190.2384,0.078492,39.486,140.2363,16.24,55.483,BIEN,12.8159,0.796439,7.4445,26.2839,0.060151,0.082887,23.3672,5.5994,1,1,173.983,2985984.0
closed_eye_2582.jpg_face_1,cerrado,B5,51.3463,0.05231,4.5438,42.3682,76.8556,34.5689,CRITICA,25.6967,0.821174,14.4968,17.4854,0.067304,0.138554,28.6634,164.8701,1,1,375.912,746496.0
closed_eye_2582.jpg_face_1,cerrado,B10,51.3463,0.05231,9.5538,75.206,54.0035,52.9123,CRITICA,19.2265,0.806869,10.2666,46.4683,0.062636,0.103526,19.7393,97.9084,1,1,369.672,746496.0
closed_eye_2582.jpg_face_1,cerrado,B15,51.3463,0.05231,14.5362,97.18,44.8568,62.6259,BIEN,13.8514,0.659793,8.5068,89.2639,0.054469,0.086121,4.1273,64.6354,1,1,344.875,746496.0
closed_eye_2582.jpg_face_1,cerrado,B25,51.3463,0.05231,24.5266,126.3814,28.8428,72.6778,BIEN,9.7199,0.497016,6.9752,146.1353,0.063674,0.058958,21.7242,12.7081,1,1,497.785,746496.0
closed_eye_2582.jpg_face_1,cerrado,B40,51.3463,0.05231,39.5532,122.5313,30.4793,72.1868,BIEN,10.1843,0.52716,8.8114,138.637,0.06388,0.051656,22.1174,1.2513,1,1,344.875,746496.0
closed_eye_2585.jpg_face_1,cerrado,B5,147.4437,0.045244,4.4266,44.9725,100.0,17.829,CRITICA,7.3842,0.316621,15.6191,69.4985,0.098047,nan,116.7052,nan,1,1,442.693,746496.0
closed_eye_2585.jpg_face_1,cerrado,B10,147.4437,0.045244,9.3487,82.8559,33.4341,29.1898,BIEN,11.2379,0.621813,10.4882,43.8051,0.054889,0.128563,21.3172,184.1512,1,1,431.22,746496.0
closed_eye_2585.jpg_face_1,cerrado,B15,147.4437,0.045244,14.5072,111.5291,18.9468,35.5638,BIEN,15.5917,0.758944,8.1494,24.3582,0.038961,0.063695,13.887,40.7806,1,1,444.82,746496.0
closed_eye_2585.jpg_face_1,cerrado,B25,147.4437,0.045244,24.5132,149.9965,7.3066,41.3181,BIEN,21.2087,0.790489,6.0058,1.7314,0.042097,0.045825,6.9562,1.2831,1,1,392.111,746496.0
closed_eye_2585.jpg_face_1,cerrado,B40,147.4437,0.045244,39.4795,143.4404,9.2467,41.1643,BIEN,21.7639,0.821056,7.6406,2.7151,0.046575,0.041676,2.9415,7.8862,1,1,447.989,746496.0
closed_eye_2596.jpg_face_8,cerrado,B5,148.8637,0.071321,4.5602,45.478,100.0,12.1164,CRITICA,6.8662,0.478999,14.9725,69.4499,0.127865,nan,79.282,nan,1,1,33.31,29942784.0
closed_eye_2596.jpg_face_8,cerrado,B10,148.8637,0.071321,9.5093,86.3186,37.7036,17.5635,BIEN,10.9197,0.755627,9.737,42.015,0.094153,nan,32.0135,nan,1,1,34.245,29942784.0
closed_eye_2596.jpg_face_8,cerrado,B15,148.8637,0.071321,14.5186,115.2901,5.1727,20.5935,BIEN,15.3051,0.876813,7.4941,22.5533,0.070736,0.179548,0.8198,151.7463,1,1,34.454,29942784.0
closed_eye_2596.jpg_face_8,cerrado,B25,148.8637,0.071321,24.4812,131.6519,2.062,21.0992,BIEN,18.6562,0.920117,7.034,11.5621,0.074914,0.157511,5.0381,120.848,1,1,34.75,29942784.0
closed_eye_2596.jpg_face_8,cerrado,B40,148.8637,0.071321,39.5197,147.3083,0.9532,22.2749,BIEN,21.7005,0.936312,7.1014,1.0449,0.080756,0.119572,13.2288,67.6534,1,1,28.689,29942784.0
closed_eye_2597.jpg_face_1,cerrado,B5,89.7237,0.069413,4.4666,43.0976,89.0808,28.8053,CRITICA,13.16,0.559237,14.4905,51.9663,0.077215,nan,11.2399,nan,1,1,300.391,8294400.0
closed_eye_2597.jpg_face_1,cerrado,B10,89.7237,0.069413,9.4796,78.8169,47.3521,44.5521,CRITICA,22.5475,0.850104,9.9154,12.156,0.078866,0.105486,13.6184,51.9693,1,1,310.936,8294400.0
closed_eye_2597.jpg_face_1,cerrado,B15,89.7237,0.069413,14.5138,104.9551,31.2072,53.6424,BIEN,22.3449,0.878908,7.8775,16.9759,0.064047,0.081038,7.7299,16.7475,1,1,331.818,8294400.0
closed_eye_2597.jpg_face_1,cerrado,B25,89.7237,0.069413,24.4495,138.1326,19.3926,62.2621,BIEN,13.7809,0.768748,6.1786,53.9533,0.063629,0.077473,8.3324,11.6119,1,1,263.651,8294400.0
closed_eye_2597.jpg_face_1,cerrado,B40,89.7237,0.069413,39.4687,133.1734,20.6823,61.3243,BIEN,14.7594,0.804191,7.8988,48.4261,0.071063,0.075754,2.3772,9.1355,1,1,322.196,8294400.0
closed_eye_2600.jpg_face_1,cerrado,B5,143.7705,0.020045,4.3456,44.825,99.9646,17.325,CRITICA,7.5051,0.372235,15.5236,68.8219,0.223091,nan,1012.9637,nan,1,1,307.664,8294400.0
closed_eye_2600.jpg_face_1,cerrado,B10,143.7705,0.020045,9.4464,83.3321,36.9544,26.481,BIEN,11.619,0.693362,10.3122,42.0381,0.046909,0.188184,134.0219,838.8183,1,1,295.386,8294400.0
closed_eye_2600.jpg_face_1,cerrado,B15,143.7705,0.020045,14.5388,112.5548,15.5187,31.8132,BIEN,16.0366,0.823165,8.0275,21.7121,0.042907,0.118003,114.0572,488.7002,1,1,319.673,8294400.0
closed_eye_2600.jpg_face_1,cerrado,B25,143.7705,0.020045,24.466,150.1851,5.9807,35.8812,BIEN,20.0242,0.847776,5.9617,4.4617,0.043948,0.071271,119.2492,255.5577,1,1,353.27,8294400.0
closed_eye_2600.jpg_face_1,cerrado,B40,143.7705,0.020045,39.471,143.7352,6.8948,36.2059,BIEN,20.8878,0.875072,7.5955,0.0245,0.036489,0.041636,82.0399,107.7149,1,1,310.916,8294400.0
closed_eye_2608.jpg_face_1,cerrado,B5,119.0192,0.07928,4.5212,45.0118,86.6509,18.1254,CRITICA,9.7643,0.505213,15.0587,62.181,0.112491,nan,41.8908,nan,1,1,262.805,1327104.0
closed_eye_2608.jpg_face_1,cerrado,B10,119.0192,0.07928,9.4185,83.2002,54.5325,25.8468,BIEN,14.7991,0.772122,10.3479,30.0951,0.100063,0.231576,26.214,192.0978,1,1,354.534,1327104.0
closed_eye_2608.jpg_face_1,cerrado,B15,119.0192,0.07928,14.3929,111.1799,9.6331,28.5935,BIEN,19.8404,0.867973,8.0787,6.5866,0.081959,0.223178,3.3789,181.5053,1,1,362.568,1327104.0
closed_eye_2608.jpg_face_1,cerrado,B25,119.0192,0.07928,24.4845,150.8007,0.0,28.2972,BIEN,15.942,0.840257,5.9407,26.7029,0.072271,0.122909,8.8416,55.0312,1,1,349.162,1327104.0
closed_eye_2608.jpg_face_1,cerrado,B40,119.0192,0.07928,39.4367,144.0729,0.0237,29.9216,BIEN,17.3704,0.877887,7.5894,21.0502,0.063852,0.086776,19.4606,9.4548,1,1,403.894,1327104.0
closed_eye_2612.jpg_face_1,cerrado,B5,197.5829,0.096652,4.383,45.7277,100.0,12.6758,CRITICA,4.2402,0.266821,15.5396,76.8565,nan,nan,nan,nan,1,0,412.831,746496.0
closed_eye_2612.jpg_face_1,cerrado,B10,197.5829,0.096652,9.426,85.2117,32.1429,17.2523,BIEN,6.7948,0.508413,10.3779,56.8729,0.142187,0.186256,47.112,92.707,1,1,497.339,746496.0
closed_eye_2612.jpg_face_1,cerrado,B15,197.5829,0.096652,14.5092,115.0893,5.7717,21.2798,BIEN,9.288,0.671197,8.0057,41.7514,0.089612,0.167,7.2841,72.7839,1,1,373.176,746496.0
closed_eye_2612.jpg_face_1,cerrado,B25,197.5829,0.096652,24.5985,155.3737,1.5306,23.3764,BIEN,13.9619,0.776411,5.7697,21.3628,0.066444,0.108217,31.2543,11.9649,1,1,369.358,746496.0
closed_eye_2612.jpg_face_1,cerrado,B40,197.5829,0.096652,39.5147,147.9362,2.0408,23.4621,BIEN,13.0351,0.780286,7.3925,25.127,0.068268,0.082988,29.3679,14.1376,1,1,369.495,746496.0
closed_eye_2627.jpg_face_1,cerrado,B5,127.1151,0.046158,4.4692,45.1911,99.9963,24.2534,CRITICA,8.9752,0.44024,14.7561,64.4487,0.067745,nan,46.7668,nan,1,1,36.512,23970816.0
closed_eye_2627.jpg_face_1,cerrado,B10,127.1151,0.046158,9.4709,81.9233,34.5824,38.8088,BIEN,13.8709,0.757494,10.0267,35.5519,0.08157,0.126056,76.7173,173.0935,1,1,42.402,23970816.0
closed_eye_2627.jpg_face_1,cerrado,B15,127.1151,0.046158,14.4457,108.5292,25.2805,47.6261,BIEN,19.9951,0.859443,7.9001,14.6213,0.061263,0.118153,32.7241,155.972,1,1,37.033,23970816.0
closed_eye_2627.jpg_face_1,cerrado,B25,127.1151,0.046158,24.4014,143.9541,18.0492,56.6588,BIEN,21.259,0.840943,5.9822,13.2471,0.057333,0.111267,24.2098,141.0541,1,1,42.161,23970816.0
closed_eye_2627.jpg_face_1,cerrado,B40,127.1151,0.046158,39.4651,138.9425,19.0759,55.3212,BIEN,22.9283,0.867903,7.5894,9.3045,0.066105,0.079119,43.2124,71.4069,1,1,42.896,23970816.0
closed_eye_2629.jpg_face_1,cerrado,B5,102.1046,0.066652,4.4274,44.4427,94.8349,23.3524,CRITICA,11.4799,0.55624,14.7632,56.4734,0.089318,0.224541,34.0072,236.8871,1,1,6.526,132710400.0
closed_eye_2629.jpg_face_1,cerrado,B10,102.1046,0.066652,9.446,80.8128,56.388,34.0277,BIEN,18.0232,0.820673,10.2348,20.853,0.074646,0.194062,11.9946,191.1586,1,1,13.259,132710400.0
closed_eye_2629.jpg_face_1,cerrado,B15,102.1046,0.066652,14.4665,107.1755,35.5794,38.5837,BIEN,21.7118,0.838541,8.1849,4.9663,0.100801,0.175965,51.2349,164.0074,1,1,14.294,132710400.0
closed_eye_2629.jpg_face_1,cerrado,B25,102.1046,0.066652,24.4942,143.783,0.9961,40.5123,BIEN,14.8449,0.771419,6.3175,40.8192,0.072582,0.146226,8.8981,119.3884,1,1,13.236,132710400.0
closed_eye_2629.jpg_face_1,cerrado,B40,102.1046,0.066652,39.4859,137.5533,3.4409,42.057,BIEN,16.0987,0.813793,8.0306,34.7179,0.068458,0.103015,2.7096,54.5573,1,1,15.048,132710400.0
closed_eye_2634.jpg_face_1,cerrado,B5,194.3652,0.090613,4.3357,44.6119,100.0,14.2059,CRITICA,4.2692,0.248102,15.5466,77.0474,0.134214,nan,48.1179,nan,1,1,507.975,746496.0
closed_eye_2634.jpg_face_1,cerrado,B10,194.3652,0.090613,9.3346,84.1698,27.627,22.7212,BIEN,6.8076,0.502023,10.4081,56.695,0.078299,0.224474,13.59,147.7284,1,1,447.547,746496.0
closed_eye_2634.jpg_face_1,cerrado,B15,194.3652,0.090613,14.3703,113.6488,11.9592,27.7398,BIEN,9.3728,0.652107,7.9727,41.5282,0.095339,0.120439,5.2161,32.9161,1,1,370.165,746496.0
closed_eye_2634.jpg_face_1,cerrado,B25,194.3652,0.090613,24.4872,153.4856,5.6436,31.996,BIEN,14.239,0.762694,5.7624,21.0324,0.072807,0.099343,19.6511,9.6347,1,1,325.744,746496.0
closed_eye_2634.jpg_face_1,cerrado,B40,194.3652,0.090613,39.4816,146.7949,6.3155,31.7017,BIEN,13.3374,0.765068,7.3556,24.4747,0.051369,0.079308,43.3099,12.4766,1,1,474.541,746496.0
closed_eye_2640.jpg_face_1,cerrado,B5,89.6416,0.058099,4.5748,45.0124,98.7096,26.7539,CRITICA,14.0892,0.54745,14.9903,49.7863,0.047089,nan,18.9518,nan,1,1,277.508,11943936.0
closed_eye_2640.jpg_face_1,cerrado,B10,89.6416,0.058099,9.553,80.1478,33.9461,45.0973,BIEN,25.4519,0.759046,10.2351,10.5909,0.048167,0.090527,17.0959,55.8145,1,1,302.975,11943936.0
closed_eye_2640.jpg_face_1,cerrado,B15,89.6416,0.058099,14.5408,105.0009,26.0669,57.0683,BIEN,22.2416,0.777686,8.1108,17.1341,0.053352,0.065785,8.1707,13.2287,1,1,273.134,11943936.0
closed_eye_2640.jpg_face_1,cerrado,B25,89.6416,0.058099,24.4956,136.8482,21.9411,71.266,BIEN,13.5559,0.721313,6.2779,52.6615,0.046812,0.064283,19.4281,10.6423,1,1,320.02,11943936.0
closed_eye_2640.jpg_face_1,cerrado,B40,89.6416,0.058099,39.4696,132.4633,22.5058,69.4611,BIEN,14.4408,0.76271,7.9295,47.7699,0.056214,0.046313,3.2457,20.2872,1,1,188.683,11943936.0
closed_eye_2643.jpg_face_1,cerrado,B5,153.6384,0.082784,4.3569,44.3232,100.0,17.6075,CRITICA,6.9915,0.256453,15.8356,71.1509,0.118078,nan,42.6342,nan,1,1,413.052,746496.0
closed_eye_2643.jpg_face_1,cerrado,B10,153.6384,0.082784,9.4579,83.1141,35.0505,27.2808,BIEN,10.5533,0.544286,10.6509,45.9027,nan,0.150968,nan,82.3636,1,0,385.877,746496.0
closed_eye_2643.jpg_face_1,cerrado,B15,153.6384,0.082784,14.4987,111.5667,17.5084,33.5639,BIEN,14.3104,0.698788,8.3002,27.3836,0.104982,0.137604,26.8142,66.2202,1,1,418.866,746496.0
closed_eye_2643.jpg_face_1,cerrado,B25,153.6384,0.082784,24.5098,149.57,7.8114,38.2065,BIEN,19.3344,0.740666,6.1702,2.648,0.108466,0.129469,31.0229,56.3944,1,1,400.737,746496.0
closed_eye_2643.jpg_face_1,cerrado,B40,153.6384,0.082784,39.4963,143.1848,9.1919,38.3692,BIEN,19.3523,0.767663,7.8051,6.804,0.113528,0.118051,37.1374,42.6011,1,1,512.636,746496.0
closed_eye_2644.bmp_face_4,cerrado,B5,162.4811,0.078743,4.4447,45.7007,99.9996,20.1189,CRITICA,6.1601,0.370723,15.0911,71.8732,0.070899,0.199124,9.9607,152.8796,1,1,6.702,153363456.0
closed_eye_2644.bmp_face_4,cerrado,B10,162.4811,0.078743,9.4234,83.7285,32.031,31.5868,BIEN,9.428,0.662431,10.1896,48.4688,0.08468,0.094968,7.5402,20.6053,1,1,48.151,153363456.0
closed_eye_2644.bmp_face_4,cerrado,B15,162.4811,0.078743,14.4056,111.5646,19.9515,38.4274,BIEN,12.8008,0.808644,7.9501,31.3369,0.053872,0.096804,31.585,22.9371,1,1,45.707,153363456.0
closed_eye_2644.bmp_face_4,cerrado,B25,162.4811,0.078743,24.5725,149.6155,12.6466,44.9025,BIEN,19.3673,0.876971,5.8745,7.9182,0.073156,0.078288,7.0947,0.5776,1,1,47.281,153363456.0
closed_eye_2644.bmp_face_4,cerrado,B40,162.4811,0.078743,39.462,143.0813,14.0211,44.8672,BIEN,18.4969,0.904828,7.4946,11.9398,0.063687,0.07212,19.1196,8.4102,1,1,48.205,153363456.0
closed_eye_2648.jpg_face_1,cerrado,B5,136.9677,0.062883,4.4256,44.944,100.0,17.5309,CRITICA,8.2702,0.371177,15.3685,67.1864,0.119469,nan,89.987,nan,1,1,446.548,4064256.0
closed_eye_2648.jpg_face_1,cerrado,B10,136.9677,0.062883,9.5469,84.4603,43.8434,26.1816,BIEN,12.7917,0.706128,10.2813,38.3356,0.086658,0.166612,37.8096,164.9562,1,1,465.398,4064256.0
closed_eye_2648.jpg_face_1,cerrado,B15,136.9677,0.062883,14.4283,112.0251,16.883,30.4742,BIEN,17.4979,0.811906,8.1292,18.2106,0.087364,0.133164,38.9309,111.7658,1,1,465.224,4064256.0
closed_eye_2648.jpg_face_1,cerrado,B25,136.9677,0.062883,24.4563,150.749,2.6882,32.8519,BIEN,19.6562,0.819964,5.9947,10.0616,0.05641,0.092377,10.2941,46.9037,1,1,309.54,4064256.0
closed_eye_2648.jpg_face_1,cerrado,B40,136.9677,0.062883,39.512,144.171,3.8552,33.913,BIEN,21.1839,0.848843,7.6296,5.2591,0.060882,0.090501,3.1816,43.92,1,1,387.702,4064256.0
closed_eye_2651.jpg_face_1,cerrado,B5,122.0837,0.112999,4.4939,43.4714,81.0612,31.058,CRITICA,8.3117,0.35672,14.4716,64.3921,0.158372,0.216686,40.1526,91.7582,1,1,473.597,746496.0
closed_eye_2651.jpg_face_1,cerrado,B10,122.0837,0.112999,9.4694,77.4939,49.6327,48.6303,CRITICA,12.5497,0.662689,9.9858,36.524,0.17533,0.197467,55.1603,74.7508,1,1,475.919,746496.0
closed_eye_2651.jpg_face_1,cerrado,B15,122.0837,0.112999,14.4759,101.9955,41.2245,57.7301,BIEN,16.6071,0.750284,8.0505,16.4544,0.165906,0.144966,46.8202,28.2888,1,1,462.877,746496.0
closed_eye_2651.jpg_face_1,cerrado,B25,122.0837,0.112999,24.4751,134.3237,27.4694,65.4356,BIEN,18.1778,0.722901,6.4378,10.0259,0.168888,0.130523,49.4592,15.508,1,1,503.702,746496.0
closed_eye_2651.jpg_face_1,cerrado,B40,122.0837,0.112999,39.4237,129.7335,30.3265,65.72,BIEN,19.0536,0.756611,8.1893,6.266,0.167366,0.123928,48.112,9.6717,1,1,547.226,746496.0
closed_eye_2670.jpg_face_1,cerrado,B5,116.709,0.034415,4.3698,45.0947,96.6939,15.7823,CRITICA,10.3,0.41231,15.5835,61.3614,0.056138,nan,63.1207,nan,1,1,522.139,746496.0
closed_eye_2670.jpg_face_1,cerrado,B10,116.709,0.034415,9.458,83.9563,40.4082,22.962,BIEN,16.1733,0.751834,10.4907,28.0635,nan,0.149736,nan,335.0901,1,0,265.456,746496.0
closed_eye_2670.jpg_face_1,cerrado,B15,116.709,0.034415,14.4486,112.4298,10.9796,26.1542,BIEN,22.4045,0.843121,8.1657,3.6665,0.045417,0.088,31.9695,155.7033,1,1,514.774,746496.0
closed_eye_2670.jpg_face_1,cerrado,B25,116.709,0.034415,24.4706,151.3747,1.4286,27.7691,BIEN,16.1782,0.802373,6.04,29.7027,0.03205,0.065505,6.873,90.3397,1,1,498.008,746496.0
closed_eye_2670.jpg_face_1,cerrado,B40,116.709,0.034415,39.4959,145.0367,2.2857,28.2625,BIEN,17.6787,0.835481,7.6621,24.2721,0.036613,0.048126,6.3863,39.8405,1,1,576.469,746496.0
closed_eye_2672.jpg_face_1,cerrado,B5,119.2104,0.067135,4.3004,44.008,99.979,23.3472,CRITICA,9.667,0.438746,15.311,63.0838,0.065712,nan,2.12,nan,1,1,301.996,5308416.0
closed_eye_2672.jpg_face_1,cerrado,B10,119.2104,0.067135,9.5386,81.5074,34.8614,38.5101,BIEN,15.2857,0.766059,10.2441,31.6273,0.071536,0.205809,6.5559,206.5594,1,1,421.674,5308416.0
closed_eye_2672.jpg_face_1,cerrado,B15,119.2104,0.067135,14.4553,107.7316,23.493,47.3128,BIEN,21.3931,0.852882,8.1057,9.6291,0.067713,0.085767,0.86,27.7526,1,1,458.989,5308416.0
closed_eye_2672.jpg_face_1,cerrado,B25,119.2104,0.067135,24.4699,142.7602,16.7664,56.317,BIEN,18.1815,0.828286,6.1796,19.7548,0.079593,0.078392,18.5566,16.7672,1,1,377.159,5308416.0
closed_eye_2672.jpg_face_1,cerrado,B40,119.2104,0.067135,39.5265,137.7543,17.7379,55.2004,BIEN,19.7833,0.862307,7.8218,15.5556,0.076412,0.074115,13.8181,10.3972,1,1,405.055,5308416.0
closed_eye_2677.jpg_face_1,cerrado,B5,95.4697,0.120319,4.4819,43.0154,77.9465,33.9045,CRITICA,11.8551,0.610031,14.2795,54.9434,0.150822,0.165435,25.3514,37.4968,1,1,100.447,21233664.0
closed_eye_2677.jpg_face_1,cerrado,B10,95.4697,0.120319,9.5096,76.7576,56.7311,49.8381,CRITICA,18.3491,0.886317,10.0944,19.6001,0.06962,0.156626,42.1372,30.1755,1,1,105.203,21233664.0
closed_eye_2677.jpg_face_1,cerrado,B15,95.4697,0.120319,14.4993,100.5129,46.7915,58.0151,BIEN,21.7207,0.878787,8.2791,5.2825,0.073209,0.148866,39.1544,23.7253,1,1,104.867,21233664.0
closed_eye_2677.jpg_face_1,cerrado,B25,95.4697,0.120319,24.4829,132.6655,28.0878,63.6071,BIEN,15.2669,0.752864,6.7014,38.9609,0.05891,0.143961,51.0386,19.6492,1,1,104.639,21233664.0
closed_eye_2677.jpg_face_1,cerrado,B40,95.4697,0.120319,39.4914,127.5856,32.893,64.572,BIEN,16.4514,0.795347,8.5111,33.6399,0.079572,0.130471,33.8664,8.4376,1,1,101.057,21233664.0
closed_eye_2680.jpg_face_2,cerrado,B5,155.977,0.088632,4.4175,44.5593,100.0,17.0437,CRITICA,6.6909,0.334851,15.2315,71.4321,0.185895,nan,109.7381,nan,1,1,422.494,1327104.0
closed_eye_2680.jpg_face_2,cerrado,B10,155.977,0.088632,9.4837,84.2257,26.1506,27.812,BIEN,10.1957,0.635862,10.2742,46.0012,0.117076,nan,32.0924,nan,1,1,480.607,1327104.0
closed_eye_2680.jpg_face_2,cerrado,B15,155.977,0.088632,14.4035,112.4413,14.6614,33.8335,BIEN,14.1618,0.769936,7.9347,27.9116,0.089507,0.173287,0.9865,95.5128,1,1,498.206,1327104.0
closed_eye_2680.jpg_face_2,cerrado,B25,155.977,0.088632,24.5245,151.1594,10.8153,39.3638,BIEN,21.9116,0.811989,5.8071,3.0886,0.097181,0.131755,9.6455,48.6539,1,1,471.542,1327104.0
closed_eye_2680.jpg_face_2,cerrado,B40,155.977,0.088632,39.485,144.6892,11.259,38.8127,BIEN,21.0377,0.834735,7.4162,7.2368,0.090008,0.097761,1.5519,10.2999,1,1,498.157,1327104.0
closed_eye_2688.jpg_face_4,cerrado,B5,156.8344,0.062148,4.3639,45.2074,100.0,12.6859,CRITICA,6.9139,0.400697,15.6939,71.175,0.176558,nan,184.0908,nan,1,1,72.271,25380864.0
closed_eye_2688.jpg_face_4,cerrado,B10,156.8344,0.062148,9.3839,85.2937,30.2059,20.0157,BIEN,10.6941,0.708164,10.3881,45.6155,0.07532,nan,21.1946,nan,1,1,76.65,25380864.0
closed_eye_2688.jpg_face_4,cerrado,B15,156.8344,0.062148,14.3674,114.787,8.6842,23.9887,BIEN,14.9374,0.845917,8.0069,26.8101,0.084351,0.183811,35.7258,195.7621,1,1,73.335,25380864.0
closed_eye_2688.jpg_face_4,cerrado,B25,156.8344,0.062148,24.4968,155.1467,3.6513,26.8665,BIEN,23.5614,0.905566,5.7408,1.0761,0.069379,0.115742,11.6351,86.235,1,1,74.312,25380864.0
closed_eye_2688.jpg_face_4,cerrado,B40,156.8344,0.062148,39.4833,148.2849,4.5345,27.1057,BIEN,23.0701,0.924495,7.328,5.4513,0.064383,0.078245,3.5949,25.9006,1,1,71.402,25380864.0
closed_eye_2689.jpg_face_4,cerrado,B5,190.5924,0.063111,4.3529,44.8828,100.0,12.6506,CRITICA,4.632,0.244013,15.6846,76.4509,nan,nan,nan,nan,1,0,401.945,1327104.0
closed_eye_2689.jpg_face_4,cerrado,B10,190.5924,0.063111,9.3337,84.836,25.7041,19.7455,BIEN,7.31,0.509735,10.483,55.4883,0.113773,nan,80.2757,nan,1,1,466.984,1327104.0
closed_eye_2689.jpg_face_4,cerrado,B15,190.5924,0.063111,14.4817,114.4748,9.4911,23.6218,BIEN,10.0635,0.6538,8.024,39.9374,nan,nan,nan,nan,1,0,452.55,1327104.0
closed_eye_2689.jpg_face_4,cerrado,B25,190.5924,0.063111,24.4547,154.6878,3.574,26.7332,BIEN,15.3749,0.748685,5.7725,18.8384,0.068843,0.120869,9.0829,91.5203,1,1,479.639,1327104.0
closed_eye_2689.jpg_face_4,cerrado,B40,190.5924,0.063111,39.4956,147.974,4.6154,26.8965,BIEN,14.3882,0.763101,7.3609,22.361,0.061797,0.109819,2.0811,74.011,1,1,494.78,1327104.0
closed_eye_2693.jpg_face_1,cerrado,B5,122.5225,0.041585,4.5038,44.2241,88.6785,24.3894,CRITICA,9.2004,0.456161,14.785,63.9053,0.076068,0.203045,82.9219,388.2655,1,1,357.219,10036224.0
closed_eye_2693.jpg_face_1,cerrado,B10,122.5225,0.041585,9.4387,81.3651,43.3778,35.7464,BIEN,13.8159,0.768776,10.2383,33.5917,0.045241,0.141773,8.7912,240.9245,1,1,355.278,10036224.0
closed_eye_2693.jpg_face_1,cerrado,B15,122.5225,0.041585,14.437,108.0537,28.4588,41.3122,BIEN,18.5081,0.851978,8.1118,11.8091,0.050723,0.126659,21.9747,204.5793,1,1,325.341,10036224.0
closed_eye_2693.jpg_face_1,cerrado,B25,122.5225,0.041585,24.5156,145.481,11.5046,44.5594,BIEN,17.2332,0.821259,6.15,18.7382,0.043902,0.065963,5.5719,58.6233,1,1,354.271,10036224.0
closed_eye_2693.jpg_face_1,cerrado,B40,122.5225,0.041585,39.5002,139.3647,14.671,45.3228,BIEN,18.5649,0.858099,7.8229,13.7462,0.044048,0.045665,5.9242,9.8123,1,1,375.488,10036224.0
closed_eye_2694.jpg_face_1,cerrado,B5,184.9212,0.053145,4.3392,44.9564,100.0,12.6911,CRITICA,4.9308,0.322954,15.6511,75.6889,0.077041,nan,44.9659,nan,1,1,100.086,16257024.0
closed_eye_2694.jpg_face_1,cerrado,B10,184.9212,0.053145,9.3597,85.141,21.7794,19.7131,BIEN,7.7878,0.598957,10.3872,53.9582,0.043287,nan,18.5486,nan,1,1,94.486,16257024.0
closed_eye_2694.jpg_face_1,cerrado,B15,184.9212,0.053145,14.5466,114.9596,13.0878,23.7693,BIEN,10.7257,0.75191,7.9563,37.8332,0.051437,0.12049,3.2126,126.721,1,1,96.611,16257024.0
closed_eye_2694.jpg_face_1,cerrado,B25,184.9212,0.053145,24.4482,154.4943,2.3698,26.9165,BIEN,16.385,0.853536,5.768,16.4539,0.050038,0.061019,5.846,14.8174,1,1,98.894,16257024.0
closed_eye_2694.jpg_face_1,cerrado,B40,184.9212,0.053145,39.5074,147.6701,4.7899,27.1836,BIEN,15.3311,0.860553,7.3566,20.1443,0.039928,0.039853,24.8686,25.0096,1,1,97.473,16257024.0
closed_eye_2700.jpg_face_2,cerrado,B5,196.5961,0.065325,4.3801,45.9418,100.0,11.8874,CRITICA,4.3204,0.324382,15.5746,76.6314,0.057986,nan,11.2351,nan,1,1,275.824,14017536.0
closed_eye_2700.jpg_face_2,cerrado,B10,196.5961,0.065325,9.3627,85.1866,19.1886,18.0317,BIEN,6.8992,0.596605,10.4048,56.6692,0.062863,0.098137,3.7699,50.2286,1,1,275.816,14017536.0
closed_eye_2700.jpg_face_2,cerrado,B15,196.5961,0.065325,14.4958,115.1806,7.4274,22.1846,BIEN,9.5127,0.754141,7.9681,41.4126,0.066358,0.078947,1.581,20.8517,1,1,238.55,14017536.0
closed_eye_2700.jpg_face_2,cerrado,B25,196.5961,0.065325,24.457,155.0856,3.4372,25.9495,BIEN,14.4729,0.858872,5.7392,21.1146,0.066307,0.065402,1.5026,0.1166,1,1,228.922,14017536.0
closed_eye_2700.jpg_face_2,cerrado,B40,196.5961,0.065325,39.4601,148.0052,4.0174,25.4462,BIEN,13.481,0.86363,7.3441,24.7161,0.063428,0.055141,2.9039,15.5908,1,1,240.31,14017536.0
closed_eye_2708.jpg_face_1,cerrado,B5,141.36,0.061159,4.3791,45.486,100.0,15.7983,CRITICA,7.6086,0.374341,15.1014,67.8226,0.053886,nan,11.8906,nan,1,1,206.629,9123840.0
closed_eye_2708.jpg_face_1,cerrado,B10,141.36,0.061159,9.4981,84.2766,33.8994,24.8101,BIEN,11.8619,0.673519,10.0198,40.3816,0.051356,0.091481,16.0279,49.5808,1,1,213.333,9123840.0
closed_eye_2708.jpg_face_1,cerrado,B15,141.36,0.061159,14.4989,112.573,17.0292,30.4767,BIEN,16.6394,0.799551,7.7772,20.3643,0.04286,0.080759,29.9198,32.0486,1,1,330.929,9123840.0
closed_eye_2708.jpg_face_1,cerrado,B25,141.36,0.061159,24.4926,150.8921,5.3149,34.8758,BIEN,21.3435,0.829711,5.7316,6.7431,0.06738,0.071386,10.1734,16.7222,1,1,351.741,9123840.0
closed_eye_2708.jpg_face_1,cerrado,B40,141.36,0.061159,39.4747,144.2889,7.3799,34.6377,BIEN,22.5185,0.863454,7.3637,2.0719,0.056094,0.065843,8.2803,7.6597,1,1,322.851,9123840.0
closed_eye_2715.jpg_face_1,cerrado,B5,123.6474,0.04336,4.3938,44.3193,98.8375,22.5682,CRITICA,9.1761,0.40651,15.2448,64.1567,0.049093,nan,13.2204,nan,1,1,380.04,4064256.0
closed_eye_2715.jpg_face_1,cerrado,B10,123.6474,0.04336,9.4647,81.739,43.5854,35.2417,BIEN,14.1889,0.732592,10.3009,33.8935,0.057835,0.112328,33.3807,159.0569,1,1,383.142,4064256.0
closed_eye_2715.jpg_face_1,cerrado,B15,123.6474,0.04336,14.4751,108.9902,27.458,41.5334,BIEN,19.7063,0.835437,8.1291,11.854,0.033955,0.09552,21.6904,120.2922,1,1,366.878,4064256.0
closed_eye_2715.jpg_face_1,cerrado,B25,123.6474,0.04336,24.4875,146.2337,14.7759,45.8447,BIEN,18.2207,0.808557,6.1279,18.2667,0.024738,0.057649,42.9485,32.9533,1,1,233.836,4064256.0
closed_eye_2715.jpg_face_1,cerrado,B40,123.6474,0.04336,39.4489,139.9328,17.437,46.3321,BIEN,19.9023,0.844482,7.7957,13.1709,0.03212,0.038675,25.9228,10.8054,1,1,329.685,4064256.0
closed_eye_2721.jpg_face_1,cerrado,B5,144.2799,0.051854,4.4854,45.351,100.0,18.7085,CRITICA,7.4169,0.357602,15.1594,68.5673,0.076438,0.159577,47.4105,207.7413,1,1,341.88,6718464.0
closed_eye_2721.jpg_face_1,cerrado,B10,144.2799,0.051854,9.4051,82.8905,39.1689,28.5045,BIEN,11.302,0.67278,10.2528,42.5488,0.076191,0.089626,46.9329,72.8423,1,1,342.501,6718464.0
closed_eye_2721.jpg_face_1,cerrado,B15,144.2799,0.051854,14.498,111.5644,17.2983,34.1426,BIEN,15.4658,0.800855,8.0154,22.675,0.06059,0.080894,16.8467,56.0023,1,1,358.526,6718464.0
closed_eye_2721.jpg_face_1,cerrado,B25,144.2799,0.051854,24.4854,149.2614,7.7098,38.885,BIEN,19.8438,0.8305,5.9511,3.4527,0.061976,0.07785,19.52,50.1318,1,1,354.962,6718464.0
closed_eye_2721.jpg_face_1,cerrado,B40,144.2799,0.051854,39.4888,143.0158,8.9592,39.1659,BIEN,20.5134,0.857154,7.5913,0.8761,0.055118,0.067334,6.2941,29.8529,1,1,294.256,6718464.0
closed_eye_2735.jpg_face_1,cerrado,B5,170.9088,0.102258,4.3676,44.0266,100.0,25.2183,CRITICA,5.2457,0.31798,15.2097,74.2397,0.11299,0.213719,10.4952,108.9999,1,1,200.377,14017536.0
closed_eye_2735.jpg_face_1,cerrado,B10,170.9088,0.102258,9.3777,80.7087,32.8326,40.0283,BIEN,8.1616,0.605656,10.2431,52.7768,0.095764,0.165867,6.3506,62.205,1,1,202.77,14017536.0
closed_eye_2735.jpg_face_1,cerrado,B15,170.9088,0.102258,14.4816,107.5784,27.8212,49.6771,BIEN,11.0068,0.75726,8.0247,37.0551,0.089216,0.168202,12.7543,64.4885,1,1,210.917,14017536.0
closed_eye_2735.jpg_face_1,cerrado,B25,170.9088,0.102258,24.5174,142.6118,23.4125,59.0042,BIEN,16.0272,0.848173,6.1086,16.5568,0.088107,0.150808,13.8382,47.4779,1,1,190.65,14017536.0
closed_eye_2735.jpg_face_1,cerrado,B40,170.9088,0.102258,39.4843,137.2934,24.4825,57.9049,BIEN,15.2826,0.874482,7.7498,19.6686,0.084775,0.141795,17.097,38.664,1,1,221.857,14017536.0
closed_eye_2737.jpg_face_1,cerrado,B5,134.4726,0.05525,4.2893,44.6859,99.9882,14.5115,CRITICA,8.5034,0.388794,15.8072,66.7695,0.06571,nan,18.931,nan,1,1,330.0,5308416.0
closed_eye_2737.jpg_face_1,cerrado,B10,134.4726,0.05525,9.4521,83.9498,34.5858,23.056,BIEN,13.3382,0.724553,10.4304,37.5711,0.060932,0.143821,10.2837,160.309,1,1,397.994,5308416.0
closed_eye_2737.jpg_face_1,cerrado,B15,134.4726,0.05525,14.5072,113.6951,12.6509,26.9211,BIEN,19.0593,0.845322,8.0708,15.4511,0.053574,0.105307,3.034,90.5993,1,1,360.049,5308416.0
closed_eye_2737.jpg_face_1,cerrado,B25,134.4726,0.05525,24.5001,152.4154,3.1893,29.6717,BIEN,19.6904,0.852786,5.9221,13.3431,0.050047,0.065037,9.418,17.7126,1,1,378.115,5308416.0
closed_eye_2737.jpg_face_1,cerrado,B40,134.4726,0.05525,39.5037,145.7171,4.3254,30.1581,BIEN,21.7234,0.882576,7.5465,8.3619,0.056146,0.05605,1.6209,1.4483,1,1,351.84,5308416.0
closed_eye_2740.jpg_face_1,cerrado,B5,134.7242,0.116701,4.5038,44.8501,94.5216,26.7489,CRITICA,7.9767,0.413532,14.9901,66.7097,0.207484,0.240271,77.7907,105.8856,1,1,297.796,10036224.0
closed_eye_2740.jpg_face_1,cerrado,B10,134.7242,0.116701,9.4483,80.2053,51.9176,41.1301,BIEN,11.8667,0.713044,10.3809,40.4671,0.133065,0.206597,14.022,77.0306,1,1,273.388,10036224.0
closed_eye_2740.jpg_face_1,cerrado,B15,134.7242,0.116701,14.486,106.4688,36.0343,48.9451,BIEN,15.8488,0.824974,8.2448,20.9728,0.144653,0.170608,23.9513,46.192,1,1,145.728,10036224.0
closed_eye_2740.jpg_face_1,cerrado,B25,134.7242,0.116701,24.5165,141.6944,10.8213,55.2198,BIEN,18.2997,0.828366,6.3687,5.1737,0.141201,0.145281,20.9938,24.4897,1,1,263.186,10036224.0
closed_eye_2740.jpg_face_1,cerrado,B40,134.7242,0.116701,39.5157,136.0766,11.6574,55.5441,BIEN,19.2003,0.871172,8.0528,1.0039,0.176407,0.149625,51.1607,28.2121,1,1,298.24,10036224.0
closed_eye_2746.BMP_face_2,cerrado,B5,113.5652,0.10665,4.4092,44.0647,96.1601,27.2676,CRITICA,9.899,0.437008,14.9346,61.1988,0.093284,0.195564,12.5323,83.3705,1,1,314.802,5308416.0
closed_eye_2746.BMP_face_2,cerrado,B10,113.5652,0.10665,9.5749,80.1014,37.8267,44.6088,BIEN,15.5689,0.759192,10.0868,29.4666,0.092863,0.157629,12.9269,47.8003,1,1,353.157,5308416.0
closed_eye_2746.BMP_face_2,cerrado,B15,113.5652,0.10665,14.5095,104.8468,29.6657,54.6859,BIEN,21.3598,0.845109,8.0659,7.677,0.088371,0.154036,17.1388,44.4314,1,1,285.837,5308416.0
closed_eye_2746.BMP_face_2,cerrado,B25,113.5652,0.10665,24.5313,137.9407,21.8794,65.3639,BIEN,17.8172,0.805063,6.2708,21.4639,0.111416,0.110179,4.4691,3.3092,1,1,342.983,5308416.0
closed_eye_2746.BMP_face_2,cerrado,B40,113.5652,0.10665,39.5616,133.1651,23.2725,64.1062,BIEN,19.3136,0.841574,7.9631,17.2588,0.118725,0.093332,11.3227,12.487,1,1,310.337,5308416.0
closed_eye_2747.BMP_face_1,cerrado,B5,88.9237,0.080845,4.5166,44.1376,84.5456,30.5221,CRITICA,13.4773,0.490573,14.3219,50.3646,0.063992,nan,20.8467,nan,1,1,33.99,29942784.0
closed_eye_2747.BMP_face_1,cerrado,B10,88.9237,0.080845,9.4996,78.0158,45.5005,46.9707,CRITICA,21.7889,0.730077,10.0937,12.2666,0.075324,0.10405,6.8299,28.703,1,1,26.605,29942784.0
closed_eye_2747.BMP_face_1,cerrado,B15,88.9237,0.080845,14.4878,101.8385,32.9369,55.9855,BIEN,21.6734,0.75297,8.1911,14.5235,0.079194,0.074068,2.0424,8.3824,1,1,33.343,29942784.0
closed_eye_2747.BMP_face_1,cerrado,B25,88.9237,0.080845,24.4767,133.95,24.2046,65.5285,BIEN,14.0471,0.672242,6.5381,50.6348,0.070611,0.072531,12.6596,10.2838,1,1,33.898,29942784.0
closed_eye_2747.BMP_face_1,cerrado,B40,88.9237,0.080845,39.4711,129.4774,25.568,64.7032,BIEN,14.9772,0.714542,8.279,45.6052,0.074367,0.079351,8.0132,1.8481,1,1,35.19,29942784.0
closed_eye_2749.jpg_face_2,cerrado,B5,132.3919,0.039239,4.4665,46.0526,100.0,16.4601,CRITICA,8.4927,0.422843,14.896,65.2149,0.062212,nan,58.5452,nan,1,1,350.668,4064256.0
closed_eye_2749.jpg_face_2,cerrado,B10,132.3919,0.039239,9.491,83.2912,29.9257,25.438,BIEN,12.8776,0.724923,10.1864,37.0874,0.048685,0.104719,24.0725,166.872,1,1,372.703,4064256.0
closed_eye_2749.jpg_face_2,cerrado,B15,132.3919,0.039239,14.4679,110.2678,16.8997,30.3939,BIEN,17.2245,0.823725,8.0675,16.7111,0.035464,0.059258,9.6219,51.0177,1,1,379.334,4064256.0
closed_eye_2749.jpg_face_2,cerrado,B25,132.3919,0.039239,24.5239,148.6222,7.4263,35.2601,BIEN,18.3382,0.828199,6.0476,12.2593,0.044567,0.046333,13.5776,18.0778,1,1,375.615,4064256.0
closed_eye_2749.jpg_face_2,cerrado,B40,132.3919,0.039239,39.496,142.0861,8.5538,35.0115,BIEN,19.6581,0.86021,7.7101,7.3223,0.044449,0.024149,13.2763,38.4581,1,1,382.453,4064256.0
closed_eye_2752.jpg_face_1,cerrado,B5,112.1263,0.028647,4.3482,44.1484,100.0,20.3,CRITICA,10.7585,0.536136,15.171,60.6262,0.096141,nan,235.604,nan,1,1,476.077,1327104.0
closed_eye_2752.jpg_face_1,cerrado,B10,112.1263,0.028647,9.6414,83.3541,32.449,31.5394,BIEN,17.8138,0.830038,10.0283,25.6606,0.057833,0.161064,101.8818,462.2359,1,1,383.73,1327104.0
closed_eye_2752.jpg_face_1,cerrado,B15,112.1263,0.028647,14.5594,111.5157,26.3265,37.4977,BIEN,27.04,0.889497,7.8922,0.5446,0.034376,0.114289,19.9973,298.9546,1,1,413.993,1327104.0
closed_eye_2752.jpg_face_1,cerrado,B25,112.1263,0.028647,24.4127,148.918,11.3673,42.8179,BIEN,16.6632,0.873376,5.8761,32.8127,0.038994,0.081054,36.1189,182.9382,1,1,432.807,1327104.0
closed_eye_2752.jpg_face_1,cerrado,B40,112.1263,0.028647,39.5231,142.7978,14.8571,43.1568,BIEN,18.1238,0.897367,7.4805,27.3544,0.03844,0.071379,34.1837,149.1667,1,1,452.223,1327104.0
closed_eye_2753.jpg_face_1,cerrado,B5,135.0543,0.036887,4.2922,44.3572,100.0,15.0878,CRITICA,8.4404,0.472865,15.4528,67.156,0.09189,nan,149.1147,nan,1,1,214.661,14017536.0
closed_eye_2753.jpg_face_1,cerrado,B10,135.0543,0.036887,9.4995,84.3686,26.9335,24.474,BIEN,13.3282,0.785264,10.1488,37.5299,0.057576,0.160565,56.0879,335.2899,1,1,198.377,14017536.0
closed_eye_2753.jpg_face_1,cerrado,B15,135.0543,0.036887,14.4662,113.5815,11.63,29.5425,BIEN,19.6259,0.887306,7.8393,15.8994,0.036499,0.133804,1.0505,262.7429,1,1,189.004,14017536.0
closed_eye_2753.jpg_face_1,cerrado,B25,135.0543,0.036887,24.4553,153.0353,7.3847,33.8054,BIEN,21.5766,0.904039,5.685,13.3139,0.02924,0.051504,20.7302,39.6282,1,1,190.342,14017536.0
closed_eye_2753.jpg_face_1,cerrado,B40,135.0543,0.036887,39.5186,146.537,8.5395,33.6129,BIEN,24.186,0.927015,7.2786,8.5023,0.037397,0.064033,1.3818,73.5937,1,1,217.708,14017536.0
closed_eye_2759.BMP_face_1,cerrado,B5,95.312,0.045975,4.5594,45.6638,99.9889,16.8518,CRITICA,13.8374,0.63282,15.6405,52.0902,0.080317,0.239052,74.696,419.9581,1,1,49.389,21233664.0
closed_eye_2759.BMP_face_1,cerrado,B10,95.312,0.045975,9.5748,84.5568,41.1548,26.1732,BIEN,25.0896,0.886082,10.5247,11.2842,0.053327,0.149493,15.9899,225.1593,1,1,40.08,21233664.0
closed_eye_2759.BMP_face_1,cerrado,B15,95.312,0.045975,14.4931,112.9992,15.3222,29.6812,BIEN,22.2267,0.890771,8.2069,18.5571,0.043497,0.124684,5.3912,171.1986,1,1,48.88,21233664.0
closed_eye_2759.BMP_face_1,cerrado,B25,95.312,0.045975,24.4914,152.2506,2.6593,31.952,BIEN,12.8149,0.805575,5.9816,59.7391,0.035332,0.115057,23.1495,150.2587,1,1,42.57,21233664.0
closed_eye_2759.BMP_face_1,cerrado,B40,95.312,0.045975,39.5026,145.5281,3.5295,32.9094,BIEN,13.8974,0.843163,7.5908,52.686,0.043504,0.070487,5.375,53.3149,1,1,51.229,21233664.0
closed_eye_2767.BMP_face_1,cerrado,B5,145.272,0.095005,4.4403,43.9017,99.9765,26.3401,CRITICA,6.9921,0.353454,15.0762,69.7796,0.079546,0.223665,16.2715,135.4237,1,1,38.416,26873856.0
closed_eye_2767.BMP_face_1,cerrado,B10,145.272,0.095005,9.3728,80.0549,44.3888,41.5381,BIEN,10.5901,0.661803,10.2759,44.8931,0.0848,0.171629,10.7422,80.6526,1,1,38.686,26873856.0
closed_eye_2767.BMP_face_1,cerrado,B15,145.272,0.095005,14.4062,106.3415,31.1484,49.6551,BIEN,14.2151,0.792326,8.149,26.7983,0.063738,0.135175,32.9106,42.282,1,1,38.014,26873856.0
closed_eye_2767.BMP_face_1,cerrado,B25,145.272,0.095005,24.4482,141.9261,21.1441,56.7065,BIEN,19.0828,0.814526,6.2405,2.3032,0.075911,0.136378,20.0983,43.5479,1,1,38.093,26873856.0
closed_eye_2767.BMP_face_1,cerrado,B40,145.272,0.095005,39.4807,136.5143,23.3073,56.5353,BIEN,19.1437,0.847169,7.9032,6.0285,0.061286,0.103928,35.4916,9.3921,1,1,39.785,26873856.0
closed_eye_2769.jpg_face_1,cerrado,B5,121.1566,0.044812,4.464,44.3274,99.9942,24.6417,CRITICA,9.5232,0.45562,14.8872,63.4131,0.052025,0.262075,16.0958,484.8265,1,1,311.352,10036224.0
closed_eye_2769.jpg_face_1,cerrado,B10,121.1566,0.044812,9.4747,81.5019,38.2235,38.9134,BIEN,14.8046,0.7804,10.1487,32.7301,0.050869,0.119093,13.5158,165.7579,1,1,196.92,10036224.0
closed_eye_2769.jpg_face_1,cerrado,B15,121.1566,0.044812,14.3757,107.517,29.1074,46.1618,BIEN,20.9451,0.873127,8.0777,11.2578,0.056417,0.092184,25.8957,105.7111,1,1,273.0,10036224.0
closed_eye_2769.jpg_face_1,cerrado,B25,121.1566,0.044812,24.4574,143.9777,17.8875,53.0551,BIEN,18.9727,0.85049,6.1227,18.8361,0.043727,0.041656,2.4223,7.0427,1,1,286.903,10036224.0
closed_eye_2769.jpg_face_1,cerrado,B40,121.1566,0.044812,39.4975,138.3693,20.0789,52.7853,BIEN,20.6438,0.882056,7.7704,14.207,0.040677,0.040293,9.2287,10.086,1,1,278.87,10036224.0
closed_eye_2770.jpg_face_1,cerrado,B5,149.4868,0.07375,4.4504,45.7801,100.0,11.071,CRITICA,7.5512,0.38783,15.5366,69.3752,0.100383,nan,36.1136,nan,1,1,63.766,16257024.0
closed_eye_2770.jpg_face_1,cerrado,B10,149.4868,0.07375,9.4411,85.8661,30.8814,16.4451,BIEN,11.6176,0.703476,10.3779,42.5594,0.075609,0.191224,2.5212,159.2884,1,1,64.933,16257024.0
closed_eye_2770.jpg_face_1,cerrado,B15,149.4868,0.07375,14.4541,115.0304,5.5447,19.0711,BIEN,16.4423,0.831643,7.9985,23.0498,0.065009,0.144496,11.8514,95.9283,1,1,66.818,16257024.0
closed_eye_2770.jpg_face_1,cerrado,B25,149.4868,0.07375,24.5064,155.8786,0.2702,20.3344,BIEN,22.8534,0.878712,5.7442,4.2759,0.061376,0.112782,16.7784,52.9256,1,1,65.898,16257024.0
closed_eye_2770.jpg_face_1,cerrado,B40,149.4868,0.07375,39.5003,148.5154,0.4366,21.2121,BIEN,24.086,0.900953,7.3485,0.6498,0.067309,0.096132,8.7335,30.3492,1,1,66.228,16257024.0
closed_eye_2773.jpg_face_1,cerrado,B5,91.4814,0.051991,4.5082,43.1029,82.0458,31.4239,CRITICA,12.4894,0.516744,14.4941,52.8834,0.045788,0.235091,11.9296,352.1791,1,1,139.764,6718464.0
closed_eye_2773.jpg_face_1,cerrado,B10,91.4814,0.051991,9.4899,76.2763,52.3793,47.7434,CRITICA,19.3213,0.815309,10.2528,16.621,0.049298,0.120647,5.1786,132.055,1,1,335.909,6718464.0
closed_eye_2773.jpg_face_1,cerrado,B15,91.4814,0.051991,14.5064,99.6337,34.8641,56.3657,BIEN,21.1956,0.823105,8.4394,8.9115,0.053125,0.086049,2.181,65.5087,1,1,296.49,6718464.0
closed_eye_2773.jpg_face_1,cerrado,B25,91.4814,0.051991,24.5169,131.0841,23.219,64.4548,BIEN,14.6417,0.701487,6.8328,43.2905,0.063497,0.043263,22.1305,16.7864,1,1,343.289,6718464.0
closed_eye_2773.jpg_face_1,cerrado,B40,91.4814,0.051991,39.498,126.4674,25.1177,64.3724,BIEN,15.697,0.749795,8.6376,38.2439,0.060261,0.041109,15.9063,20.9298,1,1,310.251,6718464.0
closed_eye_2778.jpg_face_2,cerrado,B5,170.1918,0.060353,4.3645,44.815,100.0,15.6145,CRITICA,5.8056,0.313833,15.5635,73.668,0.103198,nan,70.9894,nan,1,1,309.406,6718464.0
closed_eye_2778.jpg_face_2,cerrado,B10,170.1918,0.060353,9.282,83.7955,29.8855,24.2067,BIEN,8.9049,0.607537,10.4651,50.7641,0.054903,0.147159,9.0301,143.8301,1,1,254.239,6718464.0
closed_eye_2778.jpg_face_2,cerrado,B15,170.1918,0.060353,14.4641,113.5577,13.2945,29.0,BIEN,12.3088,0.746451,8.0079,33.2767,0.064061,0.138887,6.1429,130.1228,1,1,352.746,6718464.0
closed_eye_2778.jpg_face_2,cerrado,B25,170.1918,0.060353,24.4768,153.0599,5.5858,32.6726,BIEN,18.8614,0.823214,5.8232,10.0663,0.053538,0.080491,11.293,33.3665,1,1,330.918,6718464.0
closed_eye_2778.jpg_face_2,cerrado,B40,170.1918,0.060353,39.5069,146.6189,6.5432,32.7192,BIEN,17.8568,0.838022,7.4155,13.8508,0.04721,0.069752,21.778,15.5726,1,1,355.935,6718464.0
closed_eye_2780.jpg_face_1,cerrado,B5,161.0054,0.056895,4.4255,45.1417,100.0,16.9247,CRITICA,6.3049,0.339179,15.3062,71.9626,0.065643,nan,15.376,nan,1,1,320.976,8294400.0
closed_eye_2780.jpg_face_1,cerrado,B10,161.0054,0.056895,9.466,84.2196,31.7156,26.5637,BIEN,9.7185,0.633653,10.2394,47.6915,0.055153,0.141961,3.0608,149.5153,1,1,307.872,8294400.0
closed_eye_2780.jpg_face_1,cerrado,B15,161.0054,0.056895,14.4862,112.3774,17.9275,32.3334,BIEN,13.2589,0.78435,7.9769,30.2027,0.06102,0.099177,7.2498,74.316,1,1,313.568,8294400.0
closed_eye_2780.jpg_face_1,cerrado,B25,161.0054,0.056895,24.48,151.0432,6.7821,37.1438,BIEN,19.8135,0.842866,5.8544,6.1875,0.058116,0.077635,2.1462,36.4532,1,1,319.387,8294400.0
closed_eye_2780.jpg_face_1,cerrado,B40,161.0054,0.056895,39.4588,144.2578,8.7188,37.3323,BIEN,19.0723,0.863929,7.4811,10.4019,0.057741,0.059448,1.4871,4.4878,1,1,327.654,8294400.0
closed_eye_2793.jpg_face_1,cerrado,B5,156.6787,0.081582,4.3806,44.3858,100.0,18.684,CRITICA,6.6271,0.331831,15.5453,71.6708,0.085785,nan,5.1516,nan,1,1,349.394,5308416.0
closed_eye_2793.jpg_face_1,cerrado,B10,156.6787,0.081582,9.3229,83.0195,39.0508,29.2222,BIEN,10.1441,0.648976,10.4298,47.0129,0.076756,0.152773,5.9162,87.2628,1,1,304.971,5308416.0
closed_eye_2793.jpg_face_1,cerrado,B15,156.6787,0.081582,14.3439,111.3721,23.3787,34.6775,BIEN,13.8597,0.784372,8.1194,28.9169,0.077205,0.128878,5.3659,57.9733,1,1,308.509,5308416.0
closed_eye_2793.jpg_face_1,cerrado,B25,156.6787,0.081582,24.5083,150.6134,8.2035,38.6548,BIEN,20.4284,0.834298,5.9469,3.8712,0.068148,0.088719,16.4671,8.7476,1,1,343.265,5308416.0
closed_eye_2793.jpg_face_1,cerrado,B40,156.6787,0.081582,39.527,144.2347,9.7045,39.2057,BIEN,20.0023,0.858881,7.5597,7.9424,0.0731,0.082937,10.3974,1.6599,1,1,360.998,5308416.0
closed_eye_2794.jpg_face_1,cerrado,B5,150.7771,0.049553,4.417,44.3309,99.9115,23.8001,CRITICA,6.5381,0.303874,14.9682,70.5984,0.068223,0.191557,37.6764,286.569,1,1,249.501,10036224.0
closed_eye_2794.jpg_face_1,cerrado,B10,150.7771,0.049553,9.3899,80.9584,43.9761,36.8099,BIEN,9.9037,0.598008,10.2094,46.3059,0.047132,0.106057,4.8857,114.0271,1,1,293.221,10036224.0
closed_eye_2794.jpg_face_1,cerrado,B15,150.7771,0.049553,14.4553,107.8982,27.2489,44.4115,BIEN,13.2918,0.743161,8.0447,28.4386,0.05274,0.072487,6.4319,46.2819,1,1,282.654,10036224.0
closed_eye_2794.jpg_face_1,cerrado,B25,150.7771,0.049553,24.4619,143.4772,14.6943,50.7302,BIEN,17.939,0.787556,6.1525,4.8415,0.041624,0.064181,16.0009,29.5192,1,1,264.41,10036224.0
closed_eye_2794.jpg_face_1,cerrado,B40,150.7771,0.049553,39.4626,138.0078,16.9867,50.6274,BIEN,17.8011,0.816412,7.8143,8.469,0.033113,0.044303,33.1758,10.5957,1,1,278.831,10036224.0
closed_eye_2798.jpg_face_1,cerrado,B5,172.9597,0.021361,4.3589,45.49,100.0,14.4065,CRITICA,5.7019,0.311541,15.7215,73.6991,0.02148,nan,0.557,nan,1,1,52.147,18662400.0
closed_eye_2798.jpg_face_1,cerrado,B10,172.9597,0.021361,9.3394,84.0585,32.3269,22.1467,BIEN,8.7659,0.59538,10.5277,51.4,0.027739,0.092825,29.8586,334.5488,1,1,55.137,18662400.0
closed_eye_2798.jpg_face_1,cerrado,B15,172.9597,0.021361,14.5487,114.4234,12.648,25.8985,BIEN,12.0808,0.750324,8.0629,33.8439,0.019526,0.078834,8.5891,269.0519,1,1,55.203,18662400.0
closed_eye_2798.jpg_face_1,cerrado,B25,172.9597,0.021361,24.4854,153.3997,2.8337,29.2347,BIEN,18.2511,0.836212,5.9006,11.309,0.014412,0.047947,32.53,124.458,1,1,54.225,18662400.0
closed_eye_2798.jpg_face_1,cerrado,B40,172.9597,0.021361,39.4877,146.5714,4.2104,29.8553,BIEN,17.2929,0.850698,7.5074,15.2569,0.011457,0.026976,46.365,26.2851,1,1,41.869,18662400.0
closed_eye_2801.jpg_face_2,cerrado,B5,159.7048,0.026155,4.3649,45.5322,100.0,16.167,CRITICA,6.7652,0.344993,15.6488,71.4898,0.04358,nan,66.6217,nan,1,1,292.689,10036224.0
closed_eye_2801.jpg_face_2,cerrado,B10,159.7048,0.026155,9.4252,83.9783,31.6216,24.1809,BIEN,10.165,0.627807,10.6146,47.4165,0.036507,0.105725,39.5799,304.2252,1,1,256.931,10036224.0
closed_eye_2801.jpg_face_2,cerrado,B15,159.7048,0.026155,14.4928,113.5181,14.7361,29.8709,BIEN,13.9691,0.784051,8.198,28.92,0.044257,0.068888,69.2089,163.3827,1,1,266.297,10036224.0
closed_eye_2801.jpg_face_2,cerrado,B25,159.7048,0.026155,24.4964,151.8139,5.8768,32.9546,BIEN,20.0951,0.841777,6.0693,4.9409,0.041309,0.04925,57.939,88.3002,1,1,254.939,10036224.0
closed_eye_2801.jpg_face_2,cerrado,B40,159.7048,0.026155,39.5425,145.4245,7.1456,32.8328,BIEN,19.5924,0.864557,7.668,8.9417,0.03742,0.040499,43.0708,54.8425,1,1,240.975,10036224.0
closed_eye_2803.jpg_face_1,cerrado,B5,194.4599,0.052848,4.3494,45.3204,100.0,7.7144,CRITICA,4.5736,0.338983,15.8727,76.6942,0.059377,nan,12.355,nan,1,1,23.68,40144896.0
closed_eye_2803.jpg_face_1,cerrado,B10,194.4599,0.052848,9.3047,85.8348,23.6832,11.6846,BIEN,7.2863,0.615237,10.4985,55.8599,0.05378,nan,1.7626,nan,1,1,21.327,40144896.0
closed_eye_2803.jpg_face_1,cerrado,B15,194.4599,0.052848,14.3466,116.2024,2.0687,13.4843,BIEN,10.0936,0.754093,7.9793,40.2435,0.043204,nan,18.2488,nan,1,1,24.138,40144896.0
closed_eye_2803.jpg_face_1,cerrado,B25,194.4599,0.052848,24.5226,157.3613,0.7686,15.2748,BIEN,16.0668,0.873104,5.655,19.0777,0.042488,0.050011,19.6033,5.3684,1,1,24.388,40144896.0
closed_eye_2803.jpg_face_1,cerrado,B40,194.4599,0.052848,39.4721,150.3783,0.9172,15.2139,BIEN,14.8024,0.875277,7.2274,22.6687,0.046732,0.040532,11.5722,23.305,1,1,21.332,40144896.0
closed_eye_2813.BMP_face_1,cerrado,B5,153.4052,0.046005,4.5143,45.2401,99.9991,18.2459,CRITICA,6.8881,0.292601,15.0262,70.5094,0.057459,nan,24.8992,nan,1,1,29.821,33177600.0
closed_eye_2813.BMP_face_1,cerrado,B10,153.4052,0.046005,9.4662,84.0085,29.9789,29.5165,BIEN,10.4457,0.53337,10.2132,45.2375,0.049448,0.088313,7.4844,91.9656,1,1,29.57,33177600.0
closed_eye_2813.BMP_face_1,cerrado,B15,153.4052,0.046005,14.4371,111.7392,17.3414,35.7487,BIEN,14.3027,0.646575,7.9571,27.1607,0.045541,0.059048,1.0069,28.3516,1,1,30.478,33177600.0
closed_eye_2813.BMP_face_1,cerrado,B25,153.4052,0.046005,24.48,149.8509,10.032,42.0484,BIEN,20.8306,0.70604,5.8695,2.3169,0.054394,0.051917,18.2367,12.8505,1,1,30.588,33177600.0
closed_eye_2813.BMP_face_1,cerrado,B40,153.4052,0.046005,39.4804,143.6656,11.3284,41.4481,BIEN,20.4566,0.743134,7.4771,6.3489,0.053335,0.050931,15.9336,10.7076,1,1,29.453,33177600.0
closed_eye_2817.jpg_face_1,cerrado,B5,115.6957,0.038067,4.4224,44.3828,99.806,25.4633,CRITICA,9.9905,0.476437,14.9463,61.6384,0.049384,0.214837,29.7315,464.3739,1,1,12.173,74649600.0
closed_eye_2817.jpg_face_1,cerrado,B10,115.6957,0.038067,9.4417,80.4124,40.0945,40.5327,BIEN,15.4566,0.788713,10.2484,30.4967,0.023341,0.114607,38.6849,201.07,1,1,12.766,74649600.0
closed_eye_2817.jpg_face_1,cerrado,B15,115.6957,0.038067,14.5313,106.8789,26.6928,49.9392,BIEN,21.2479,0.864124,8.1102,7.6207,0.025443,0.077376,33.1621,103.2642,1,1,12.797,74649600.0
closed_eye_2817.jpg_face_1,cerrado,B25,115.6957,0.038067,24.499,140.7014,17.8005,58.1787,BIEN,17.4331,0.834121,6.286,21.6133,0.025576,0.060681,32.8125,59.409,1,1,12.585,74649600.0
closed_eye_2817.jpg_face_1,cerrado,B40,115.6957,0.038067,39.4824,135.5695,18.9959,57.3657,BIEN,18.9674,0.875878,7.9656,17.1776,0.025463,0.054288,33.1099,42.6137,1,1,13.421,74649600.0
closed_eye_2847.jpg_face_2,cerrado,B5,71.9011,0.077284,4.5438,45.4269,93.7217,26.6634,CRITICA,18.5164,0.775032,14.5497,36.8202,0.077677,0.165775,0.5096,114.5026,1,1,9.411,101606400.0
closed_eye_2847.jpg_face_2,cerrado,B10,71.9011,0.077284,9.5402,80.9342,40.7069,43.0534,BIEN,26.8806,0.893876,9.9641,12.5632,0.075848,0.113652,1.8581,47.0581,1,1,9.3,101606400.0
closed_eye_2847.jpg_face_2,cerrado,B15,71.9011,0.077284,14.5392,106.4887,26.9947,53.1621,BIEN,16.5103,0.838336,7.9078,48.1044,0.079784,0.088269,3.2354,14.2144,1,1,10.601,101606400.0
closed_eye_2847.jpg_face_2,cerrado,B25,71.9011,0.077284,24.5313,140.0342,17.6878,64.2395,BIEN,10.7575,0.722868,6.0878,94.7596,0.054507,0.079197,29.4715,2.4762,1,1,9.768,101606400.0
closed_eye_2847.jpg_face_2,cerrado,B40,71.9011,0.077284,39.5329,134.7717,18.8593,63.1622,BIEN,11.4323,0.760155,7.7614,87.4405,0.082264,0.068136,6.4439,11.8358,1,1,12.959,101606400.0
a0068,abierto,B5,107.203,0.190392,4.4084,43.7717,80.8108,30.0965,CRITICA,10.4475,0.516806,14.5717,59.1693,0.194432,0.212421,2.122,11.5703,1,1,89.144,16257024.0
a0068,abierto,B10,107.203,0.190392,9.4317,78.286,56.0869,44.5882,CRITICA,15.7031,0.857149,10.221,26.9741,0.175452,0.169948,7.8469,10.738,1,1,96.181,16257024.0
a0068,abierto,B15,107.203,0.190392,14.4623,103.2807,33.6277,51.7647,BIEN,19.579,0.888158,8.289,3.6588,0.180132,0.172338,5.3886,9.4824,1,1,95.109,16257024.0
a0068,abierto,B25,107.203,0.190392,24.4824,137.2284,17.9705,56.6892,BIEN,15.7321,0.770766,6.5514,28.008,0.1776,0.167549,6.7187,11.9979,1,1,70.756,16257024.0
a0068,abierto,B40,107.203,0.190392,39.5061,131.8591,20.0256,57.5534,BIEN,17.0131,0.812098,8.3166,22.9995,0.17838,0.180297,6.3089,5.3022,1,1,93.813,16257024.0
a0205,abierto,B5,105.8826,0.215294,4.4091,43.5783,79.9763,31.1794,CRITICA,10.5169,0.521287,14.5278,58.8428,0.20496,0.221958,4.7999,3.0953,1,1,95.766,16257024.0
a0205,abierto,B10,105.8826,0.215294,9.4441,77.8031,57.5113,45.8061,CRITICA,15.7591,0.859801,10.2297,26.5195,0.209745,0.187535,2.5772,12.8936,1,1,96.626,16257024.0
a0205,abierto,B15,105.8826,0.215294,14.4236,102.3317,34.9687,53.0851,BIEN,19.458,0.886903,8.3357,3.3537,0.205064,0.195533,4.7518,9.1785,1,1,68.531,16257024.0
a0205,abierto,B25,105.8826,0.215294,24.4674,136.075,18.5876,57.7934,BIEN,15.6319,0.764634,6.6237,28.5149,0.205322,0.19846,4.632,7.8192,1,1,91.054,16257024.0
a0205,abierto,B40,105.8826,0.215294,39.4978,130.757,20.765,58.7358,BIEN,16.9036,0.807075,8.4054,23.4924,0.217483,0.197347,1.0167,8.336,1,1,91.992,16257024.0
a0208,abierto,B5,106.9888,0.191685,4.3936,43.4711,79.3243,31.3438,CRITICA,10.3335,0.51617,14.5089,59.3686,0.174002,0.231818,9.2252,20.9368,1,1,87.113,16257024.0
a0208,abierto,B10,106.9888,0.191685,9.4398,77.6194,57.9693,46.3302,CRITICA,15.4542,0.856463,10.217,27.4509,0.193219,0.183771,0.8001,4.129,1,1,89.94,16257024.0
a0208,abierto,B15,106.9888,0.191685,14.4609,102.1334,35.6789,53.7214,BIEN,19.2175,0.88755,8.3287,4.5382,0.202635,0.174862,5.7122,8.7763,1,1,93.229,16257024.0
a0208,abierto,B25,106.9888,0.191685,24.4781,135.5149,19.6045,58.712,BIEN,15.8138,0.768872,6.6402,26.6627,0.205324,0.184493,7.115,3.7521,1,1,97.186,16257024.0
a0208,abierto,B40,106.9888,0.191685,39.4943,130.2468,21.6402,59.6555,BIEN,17.0858,0.810895,8.4263,21.7387,0.201285,0.175154,5.0083,8.624,1,1,91.719,16257024.0
a0230,abierto,B5,101.1822,0.186551,4.4158,43.612,80.9816,31.3916,CRITICA,11.1449,0.542122,14.4926,56.8975,0.189961,0.225639,1.8278,20.9529,1,1,99.347,16257024.0
a0230,abierto,B10,101.1822,0.186551,9.4449,77.5973,56.9349,46.0285,CRITICA,16.773,0.869314,10.2355,23.3093,0.192708,0.17587,3.3004,5.7256,1,1,89.161,16257024.0
a0230,abierto,B15,101.1822,0.186551,14.4554,102.2493,34.1672,53.1292,BIEN,20.0195,0.880413,8.3411,1.0547,0.179304,0.181971,3.8846,2.4555,1,1,96.58,16257024.0
a0230,abierto,B25,101.1822,0.186551,24.4782,135.7085,18.9951,58.3639,BIEN,15.0848,0.747896,6.6341,34.1228,0.181835,0.184009,2.5281,1.3627,1,1,93.428,16257024.0
a0230,abierto,B40,101.1822,0.186551,39.5009,130.4622,20.9494,58.9963,BIEN,16.3079,0.790267,8.4219,28.9379,0.181412,0.189272,2.7551,1.4587,1,1,53.962,16257024.0
a0245,abierto,B5,111.1183,0.157348,4.4296,43.7518,77.0479,32.1525,CRITICA,9.8565,0.505622,14.4323,60.6259,0.147313,0.173251,6.3772,10.107,1,1,94.169,16257024.0
a0245,abierto,B10,111.1183,0.157348,9.4202,77.3543,57.847,46.9977,CRITICA,14.5942,0.847998,10.2136,30.3857,0.154337,0.160282,1.9133,1.8649,1,1,91.72,16257024.0
a0245,abierto,B15,111.1183,0.157348,14.4879,101.9254,41.008,54.5625,BIEN,18.5283,0.893457,8.3207,8.2731,0.151148,0.160138,3.9401,1.7734,1,1,96.415,16257024.0
a0245,abierto,B25,111.1183,0.157348,24.4691,134.9142,19.9655,59.5955,BIEN,16.3819,0.789248,6.6585,21.415,0.151978,0.145667,3.4124,7.4233,1,1,92.309,16257024.0
a0245,abierto,B40,111.1183,0.157348,39.4774,129.7308,22.1623,60.5852,BIEN,17.6485,0.829142,8.4455,16.7502,0.157789,0.164361,0.2806,4.4572,1,1,83.881,16257024.0
a0277,abierto,B5,112.8277,0.193745,4.4644,43.7897,78.0745,32.1164,CRITICA,9.5893,0.50032,14.4173,61.1889,0.191762,0.210296,1.0233,8.5424,1,1,68.463,16257024.0
a0277,abierto,B10,112.8277,0.193745,9.4594,77.5068,58.8077,46.77,CRITICA,14.1753,0.845056,10.1886,31.3051,0.196352,0.189705,1.3456,2.0854,1,1,68.349,16257024.0
a0277,abierto,B15,112.8277,0.193745,14.4218,101.866,38.1513,54.1963,BIEN,17.8879,0.894244,8.3178,9.7154,0.195158,0.178915,0.7292,7.6546,1,1,61.795,16257024.0
a0277,abierto,B25,112.8277,0.193745,24.5096,135.2014,20.6796,59.4461,BIEN,16.3465,0.793785,6.642,19.8299,0.200011,0.191563,3.2341,1.1264,1,1,69.005,16257024.0
a0277,abierto,B40,112.8277,0.193745,39.4768,130.0844,22.6882,60.2933,BIEN,17.552,0.833197,8.429,15.2947,0.207288,0.180696,6.9902,6.7351,1,1,72.116,16257024.0
a0279,abierto,B5,115.3651,0.194289,4.484,43.7435,77.7776,31.6194,CRITICA,9.3128,0.488683,14.4754,62.0825,0.18242,0.218583,6.109,12.5039,1,1,70.738,16257024.0
a0279,abierto,B10,115.3651,0.194289,9.51,77.8677,58.3012,46.4218,CRITICA,13.8195,0.839297,10.1767,32.5033,0.188146,0.184193,3.1622,5.1968,1,1,64.027,16257024.0
a0279,abierto,B15,115.3651,0.194289,14.4856,102.4833,37.278,53.7122,BIEN,17.5788,0.895757,8.2873,11.1661,0.193422,0.178645,0.4464,8.0523,1,1,65.516,16257024.0
a0279,abierto,B25,115.3651,0.194289,24.4397,135.8993,20.0528,58.5473,BIEN,16.4942,0.801754,6.6035,17.7993,0.185207,0.177133,4.6745,8.8301,1,1,66.035,16257024.0
a0279,abierto,B40,115.3651,0.194289,39.4639,130.6431,22.2923,59.541,BIEN,17.6964,0.840843,8.3855,13.2432,0.180229,0.183494,7.2366,5.5563,1,1,65.004,16257024.0
a0371,abierto,B5,106.1452,0.179992,4.4272,43.4654,80.5779,31.4918,CRITICA,10.3848,0.528181,14.4914,59.051,0.181066,0.211128,0.5966,17.2988,1,1,63.504,16257024.0
a0371,abierto,B10,106.1452,0.179992,9.4422,77.588,58.9474,46.049,CRITICA,15.4869,0.866575,10.2248,26.9039,0.189463,0.176015,5.262,2.2093,1,1,64.078,16257024.0
a0371,abierto,B15,106.1452,0.179992,14.4352,102.1172,35.4169,53.0629,BIEN,19.033,0.891346,8.3445,3.7948,0.184322,0.165741,2.4056,7.9173,1,1,65.529,16257024.0
a0371,abierto,B25,106.1452,0.179992,24.4855,135.8817,19.5172,57.3156,BIEN,15.537,0.769556,6.6451,28.0149,0.193565,0.170741,7.5411,5.1396,1,1,48.068,16257024.0
a0371,abierto,B40,106.1452,0.179992,39.5211,130.4761,21.9702,58.5022,BIEN,16.8026,0.812345,8.4391,22.9223,0.199161,0.174118,10.6501,3.2632,1,1,63.535,16257024.0
a0372,abierto,B5,105.3966,0.202952,4.4534,43.6781,81.2397,31.5608,CRITICA,10.552,0.53558,14.4623,58.5584,0.188949,0.218722,6.8997,7.77,1,1,66.189,16257024.0
a0372,abierto,B10,105.3966,0.202952,9.4721,77.7894,58.6563,45.6516,CRITICA,15.7468,0.869749,10.2182,26.1936,0.195657,0.172716,3.5944,14.898,1,1,64.584,16257024.0
a0372,abierto,B15,105.3966,0.202952,14.46,102.2994,34.3399,52.6544,BIEN,19.2945,0.89285,8.3408,2.9386,0.201177,0.184234,0.8745,9.223,1,1,66.282,16257024.0
a0372,abierto,B25,105.3966,0.202952,24.504,136.2982,19.4182,56.7534,BIEN,15.4257,0.768644,6.6217,29.3193,0.200731,0.185354,1.0944,8.6711,1,1,66.496,16257024.0
a0372,abierto,B40,105.3966,0.202952,39.5336,130.9316,21.516,57.8563,BIEN,16.6741,0.810743,8.4063,24.2275,0.204117,0.197919,0.5741,2.4798,1,1,64.182,16257024.0
a0374,abierto,B5,113.7246,0.189319,4.4706,44.0826,79.5358,30.9515,CRITICA,9.6394,0.498086,14.488,61.2374,0.192697,0.209393,1.7841,10.6033,1,1,55.09,16257024.0
a0374,abierto,B10,113.7246,0.189319,9.4753,78.3283,57.1503,45.0506,CRITICA,14.3053,0.843455,10.1977,31.1245,0.203463,0.171022,7.4713,9.6648,1,1,64.437,16257024.0
a0374,abierto,B15,113.7246,0.189319,14.4732,103.2044,34.9628,52.1405,BIEN,18.1364,0.893164,8.2849,9.2506,0.199241,0.190436,5.2408,0.5901,1,1,63.242,16257024.0
a0374,abierto,B25,113.7246,0.189319,24.4697,137.087,18.3916,56.948,BIEN,16.3119,0.79609,6.5584,20.5429,0.202368,0.186395,6.8924,1.5446,1,1,66.058,16257024.0
a0374,abierto,B40,113.7246,0.189319,39.4459,131.7021,20.9688,57.8736,BIEN,17.5569,0.835231,8.3273,15.8079,0.202445,0.188556,6.9336,0.403,1,1,64.769,16257024.0
a0379,abierto,B5,109.6001,0.191517,4.4202,43.7814,80.2635,31.1036,CRITICA,10.0174,0.517391,14.4646,60.0535,0.189499,0.228444,1.0539,19.2809,1,1,64.654,16257024.0
a0379,abierto,B10,109.6001,0.191517,9.4961,78.1002,57.9285,45.8365,CRITICA,14.9328,0.857159,10.1828,28.7408,0.191895,0.192142,0.1969,0.3261,1,1,66.68,16257024.0
a0379,abierto,B15,109.6001,0.191517,14.4472,102.5177,34.9085,52.8096,BIEN,18.578,0.891819,8.3098,6.462,0.196433,0.178696,2.5669,6.6946,1,1,66.203,16257024.0
a0379,abierto,B25,109.6001,0.191517,24.4605,136.1362,19.5987,57.7844,BIEN,15.9256,0.78243,6.6068,24.2117,0.200606,0.18257,4.7454,4.6716,1,1,48.697,16257024.0
a0379,abierto,B40,109.6001,0.191517,39.5172,130.8037,21.8576,58.6956,BIEN,17.1888,0.823726,8.3935,19.3463,0.191158,0.186401,0.1874,2.6715,1,1,65.631,16257024.0
a0386,abierto,B5,99.5347,0.188042,4.4074,43.1698,80.7545,32.4806,CRITICA,11.1642,0.554844,14.4407,56.6284,0.176653,0.215785,6.0564,14.7536,1,1,66.42,16257024.0
a0386,abierto,B10,99.5347,0.188042,9.4628,76.8492,59.8828,47.4357,CRITICA,16.7151,0.880225,10.2404,22.7916,0.192159,0.184927,2.1895,1.6566,1,1,63.209,16257024.0
a0386,abierto,B15,99.5347,0.188042,14.4606,100.8651,37.8098,54.7319,BIEN,19.7352,0.880447,8.4018,1.3366,0.180578,0.183288,3.9695,2.5279,1,1,65.119,16257024.0
a0386,abierto,B25,99.5347,0.188042,24.5199,134.194,20.8252,59.0633,BIEN,14.9715,0.74088,6.737,34.8214,0.196091,0.172291,4.2803,8.3764,1,1,63.759,16257024.0
a0386,abierto,B40,99.5347,0.188042,39.5355,128.7403,23.4101,60.3093,BIEN,16.2084,0.786121,8.563,29.3421,0.190019,0.165649,1.0516,11.9087,1,1,65.084,16257024.0
a0418,abierto,B5,100.8038,0.183868,4.4063,43.199,80.2946,32.7292,CRITICA,11.029,0.543511,14.4169,57.1455,0.173227,0.196566,5.7872,6.906,1,1,48.233,16257024.0
a0418,abierto,B10,100.8038,0.183868,9.4491,76.7425,59.6887,47.7165,CRITICA,16.4945,0.875779,10.2348,23.8695,0.186788,0.182014,1.588,1.0083,1,1,66.847,16257024.0
a0418,abierto,B15,100.8038,0.183868,14.4459,100.8933,37.6681,54.8023,BIEN,19.7162,0.883572,8.3933,0.0888,0.178603,0.172192,2.8638,6.3503,1,1,66.106,16257024.0
a0418,abierto,B25,100.8038,0.183868,24.4599,133.7861,21.5335,59.7053,BIEN,15.2269,0.74953,6.7425,32.7193,0.182348,0.173232,0.8266,5.7848,1,1,63.939,16257024.0
a0418,abierto,B40,100.8038,0.183868,39.5073,128.7372,23.8002,60.5244,BIEN,16.423,0.7925,8.5526,27.7106,0.17772,0.161655,3.3438,12.0808,1,1,64.979,16257024.0
a0487,abierto,B5,107.0182,0.177507,4.3928,43.4072,78.2569,31.8254,CRITICA,10.315,0.514447,14.4818,59.4394,0.187468,0.210795,5.612,18.7535,1,1,65.09,16257024.0
a0487,abierto,B10,107.0182,0.177507,9.4413,77.3886,58.2798,46.962,CRITICA,15.4225,0.858092,10.2118,27.6865,0.188282,0.184483,6.0703,3.9302,1,1,63.27,16257024.0
a0487,abierto,B15,107.0182,0.177507,14.4603,101.7723,37.4508,54.4334,BIEN,19.2253,0.890168,8.3338,4.9019,0.192211,0.1765,8.284,0.567,1,1,66.515,16257024.0
a0487,abierto,B25,107.0182,0.177507,24.4684,134.9278,19.7889,59.5178,BIEN,15.9131,0.771941,6.6611,26.0793,0.189759,0.178481,6.9025,0.5487,1,1,65.678,16257024.0
a0487,abierto,B40,107.0182,0.177507,39.4874,129.7412,22.4902,60.4757,BIEN,17.1878,0.813693,8.4507,21.2328,0.182925,0.174922,3.0523,1.4559,1,1,64.495,16257024.0
a0533,abierto,B5,99.5021,0.17882,4.4152,43.1887,79.6969,32.7553,CRITICA,11.1464,0.556497,14.4132,56.5952,0.181548,0.208067,1.5258,16.3558,1,1,67.095,16257024.0
a0533,abierto,B10,99.5021,0.17882,9.461,76.7237,60.8434,47.7421,CRITICA,16.6734,0.878258,10.2352,22.8924,0.190737,0.188806,6.6647,5.5844,1,1,56.051,16257024.0
a0533,abierto,B15,99.5021,0.17882,14.4587,100.6637,38.3648,55.0765,BIEN,19.7146,0.877758,8.4066,1.1674,0.184911,0.16775,3.4066,6.1903,1,1,63.723,16257024.0
a0533,abierto,B25,99.5021,0.17882,24.5171,133.8817,20.5496,59.3519,BIEN,15.0104,0.737693,6.7531,34.5516,0.181855,0.172956,1.6975,3.2793,1,1,66.397,16257024.0
a0533,abierto,B40,99.5021,0.17882,39.5181,128.4494,23.0899,60.646,BIEN,16.2539,0.783182,8.5843,29.0921,0.180833,0.176494,1.1261,1.3004,1,1,62.066,16257024.0
a0579,abierto,B5,108.9364,0.200394,4.4305,43.8021,79.5979,30.8341,CRITICA,10.2041,0.516012,14.5258,59.7911,0.223238,0.21247,11.3997,6.0261,1,1,64.79,16257024.0
a0579,abierto,B10,108.9364,0.200394,9.483,78.2668,56.7971,45.3752,CRITICA,15.2649,0.854893,10.2127,28.1537,0.214711,0.193821,7.1445,3.28,1,1,63.899,16257024.0
a0579,abierto,B15,108.9364,0.200394,14.4542,102.945,36.8414,52.4229,BIEN,19.0644,0.888576,8.3111,5.4999,0.220447,0.214931,10.0067,7.2543,1,1,65.298,16257024.0
a0579,abierto,B25,108.9364,0.200394,24.469,136.6098,17.625,57.2293,BIEN,15.9345,0.776714,6.5921,25.4033,0.222986,0.217053,11.2739,8.3132,1,1,54.344,16257024.0
a0579,abierto,B40,108.9364,0.200394,39.4917,131.3097,20.4739,58.1715,BIEN,17.215,0.817724,8.3637,20.538,0.217427,0.217191,8.4998,8.3819,1,1,65.841,16257024.0
a0705,abierto,B5,99.4831,0.188602,4.4158,43.5418,80.3179,31.6966,CRITICA,11.3162,0.55546,14.4626,56.2319,0.183006,0.215852,2.9671,14.4483,1,1,66.702,16257024.0
a0705,abierto,B10,99.4831,0.188602,9.4435,77.47,58.0993,46.2731,CRITICA,17.0625,0.877673,10.2261,22.1275,0.188065,0.180394,0.2846,4.3519,1,1,66.135,16257024.0
a0705,abierto,B15,99.4831,0.188602,14.4385,101.7789,36.7754,53.543,BIEN,20.1628,0.877265,8.3581,2.3077,0.189362,0.181753,0.4031,3.6315,1,1,63.357,16257024.0
a0705,abierto,B25,99.4831,0.188602,24.5002,135.4808,19.0223,57.8861,BIEN,14.9387,0.737112,6.6626,36.1847,0.182505,0.178399,3.2329,5.4099,1,1,64.237,16257024.0
a0705,abierto,B40,99.4831,0.188602,39.5158,129.9581,21.7373,59.0997,BIEN,16.1856,0.782213,8.4688,30.6333,0.186256,0.179839,1.244,4.6465,1,1,64.09,16257024.0
a0857,abierto,B5,100.7418,0.189863,4.3821,43.5144,80.4906,31.5966,CRITICA,11.1669,0.549012,14.4703,56.806,0.184456,0.21783,2.8479,14.7298,1,1,48.323,16257024.0
a0857,abierto,B10,100.7418,0.189863,9.4254,77.3977,58.3749,46.3174,CRITICA,16.8226,0.875823,10.2276,23.1722,0.187862,0.184534,1.0541,2.8068,1,1,63.74,16257024.0
a0857,abierto,B15,100.7418,0.189863,14.4268,101.8763,34.2021,53.4046,BIEN,20.1084,0.882962,8.3537,1.1261,0.190376,0.181535,0.2701,4.3865,1,1,66.366,16257024.0
a0857,abierto,B25,100.7418,0.189863,24.4763,135.2218,20.6563,58.493,BIEN,15.1451,0.749261,6.6633,34.226,0.191336,0.181645,0.7756,4.3284,1,1,64.781,16257024.0
a0857,abierto,B40,100.7418,0.189863,39.4841,130.0713,22.6843,59.137,BIEN,16.3539,0.791619,8.4545,29.1135,0.18874,0.169331,0.5914,10.8141,1,1,55.996,16257024.0
a0881,abierto,B5,102.0847,0.160364,4.3968,43.4887,80.9719,31.8037,CRITICA,10.9351,0.545494,14.4591,57.3994,0.174653,0.213092,8.9101,32.8797,1,1,62.66,16257024.0
a0881,abierto,B10,102.0847,0.160364,9.4144,77.2511,58.5612,46.218,CRITICA,16.3208,0.873119,10.2419,24.3265,0.164946,0.167853,2.8569,4.67,1,1,64.666,16257024.0
a0881,abierto,B15,102.0847,0.160364,14.4636,101.8465,34.2953,53.4779,BIEN,19.6711,0.887821,8.3582,0.2334,0.167048,0.161227,4.1678,0.5375,1,1,45.527,16257024.0
a0881,abierto,B25,102.0847,0.160364,24.4516,135.3065,20.2352,58.197,BIEN,15.1773,0.757036,6.6664,32.5433,0.166071,0.153615,3.5587,4.2091,1,1,65.385,16257024.0
a0881,abierto,B40,102.0847,0.160364,39.5031,130.0572,22.4961,58.9749,BIEN,16.3877,0.798972,8.4638,27.4012,0.162057,0.158515,1.0557,1.1532,1,1,63.56,16257024.0
a0947,abierto,B5,103.7651,0.178082,4.425,43.5968,79.9259,31.5937,CRITICA,10.7766,0.536605,14.4822,57.9851,0.193524,0.219578,8.6713,23.3017,1,1,65.716,16257024.0
a0947,abierto,B10,103.7651,0.178082,9.4388,77.6486,57.9654,46.1982,CRITICA,16.1532,0.865695,10.2241,25.1688,0.178001,0.162794,0.0457,8.5847,1,1,62.298,16257024.0
a0947,abierto,B15,103.7651,0.178082,14.4358,102.0756,36.1233,53.3304,BIEN,19.7056,0.885162,8.3441,1.6282,0.180095,0.180003,1.1303,1.0785,1,1,64.794,16257024.0
a0947,abierto,B25,103.7651,0.178082,24.4676,135.5888,19.1795,58.2793,BIEN,15.4343,0.75805,6.6446,30.669,0.185322,0.188807,4.0659,6.0226,1,1,66.656,16257024.0
a0947,abierto,B40,103.7651,0.178082,39.5103,130.3103,21.5451,59.1609,BIEN,16.6885,0.800784,8.4336,25.582,0.181792,0.177052,2.0833,0.5784,1,1,64.368,16257024.0
a0958,abierto,B5,100.0941,0.152446,4.39,43.1742,80.3994,32.1113,CRITICA,11.1684,0.545654,14.4686,56.8664,0.141919,0.20966,6.9053,37.5303,1,1,64.271,16257024.0
a0958,abierto,B10,100.0941,0.152446,9.3967,76.8309,59.1123,46.9499,CRITICA,16.7727,0.872244,10.2495,23.2414,0.150548,0.166382,1.2447,9.1419,1,1,64.461,16257024.0
a0958,abierto,B15,100.0941,0.152446,14.4546,101.3883,35.5994,54.1278,BIEN,19.9496,0.880661,8.3714,1.293,0.149455,0.157085,1.962,3.0433,1,1,63.514,16257024.0
a0958,abierto,B25,100.0941,0.152446,24.3698,134.2266,20.3691,59.1996,BIEN,15.1339,0.746447,6.7096,34.1004,0.139504,0.148346,8.4897,2.6893,1,1,65.971,16257024.0
a0958,abierto,B40,100.0941,0.152446,39.4469,129.2911,22.6882,59.9242,BIEN,16.2965,0.78809,8.5026,29.1695,0.150372,0.149626,1.3607,1.8502,1,1,65.477,16257024.0
a1009,abierto,B5,105.1595,0.197073,4.4037,43.4856,80.1063,30.8468,CRITICA,10.6407,0.527434,14.5595,58.648,0.20756,0.231087,5.3212,17.2595,1,1,63.735,16257024.0
a1009,abierto,B10,105.1595,0.197073,9.4246,77.8893,57.3366,45.3295,CRITICA,15.9972,0.860425,10.2362,25.9322,0.209868,0.197282,6.4925,0.1061,1,1,63.006,16257024.0
a1009,abierto,B15,105.1595,0.197073,14.4017,102.3162,37.2974,52.5076,BIEN,19.7231,0.886991,8.3442,2.7038,0.213661,0.206422,8.4172,4.744,1,1,48.879,16257024.0
a1009,abierto,B25,105.1595,0.197073,24.468,136.4889,17.332,57.0099,BIEN,15.5169,0.761585,6.6018,29.7923,0.211161,0.21473,7.1487,8.9596,1,1,62.841,16257024.0
a1009,abierto,B40,105.1595,0.197073,39.4813,131.1233,19.6142,57.9583,BIEN,16.7912,0.803562,8.3791,24.6899,0.205459,0.210781,4.2551,6.9555,1,1,66.785,16257024.0
a1021,abierto,B5,102.9079,0.21184,4.4462,43.6797,80.3295,31.4881,CRITICA,10.9047,0.540732,14.4773,57.5546,0.206071,0.207483,2.7231,2.0567,1,1,62.221,16257024.0
a1021,abierto,B10,102.9079,0.21184,9.4388,77.672,58.0625,45.9017,CRITICA,16.3364,0.865329,10.232,24.5228,0.21007,0.208321,0.8354,1.6609,1,1,66.504,16257024.0
a1021,abierto,B15,102.9079,0.21184,14.4448,102.1818,37.016,53.0373,BIEN,19.8011,0.88259,8.3461,0.7056,0.219538,0.207853,3.6341,1.882,1,1,65.311,16257024.0
a1021,abierto,B25,102.9079,0.21184,24.4587,135.7576,18.1393,57.6953,BIEN,15.2877,0.751432,6.64,31.9214,0.207277,0.209562,2.1536,1.0753,1,1,61.215,16257024.0
a1021,abierto,B40,102.9079,0.21184,39.4888,130.4163,20.6001,58.6602,BIEN,16.5415,0.7949,8.4314,26.7311,0.216671,0.208951,2.2806,1.3634,1,1,64.794,16257024.0
a1035,abierto,B5,98.1878,0.202128,4.416,43.3463,81.001,31.5354,CRITICA,11.4454,0.568479,14.4784,55.8537,0.196594,0.211664,2.7381,4.7175,1,1,64.011,16257024.0
a1035,abierto,B10,98.1878,0.202128,9.4203,77.2275,59.7411,46.1754,CRITICA,17.2569,0.878154,10.2378,21.3471,0.201923,0.197119,0.1017,2.4782,1,1,65.994,16257024.0
a1035,abierto,B15,98.1878,0.202128,14.4416,101.619,34.1788,53.4333,BIEN,20.1191,0.874335,8.3644,3.4946,0.200263,0.19141,0.9227,5.3028,1,1,62.638,16257024.0
a1035,abierto,B25,98.1878,0.202128,24.4662,135.1222,19.4376,57.9334,BIEN,14.7739,0.73291,6.6755,37.6162,0.2008,0.191379,0.657,5.3181,1,1,67.345,16257024.0
a1035,abierto,B40,98.1878,0.202128,39.4695,129.743,21.3103,59.0086,BIEN,15.9793,0.777685,8.4808,32.1377,0.20972,0.194603,3.7558,3.723,1,1,65.082,16257024.0
a1057,abierto,B5,105.0502,0.192477,4.4072,43.3363,78.6004,31.9902,CRITICA,10.5371,0.526963,14.4767,58.747,0.201769,0.208743,4.8271,8.4506,1,1,67.532,16257024.0
a1057,abierto,B10,105.0502,0.192477,9.427,77.2035,59.0891,47.02,CRITICA,15.7842,0.861791,10.219,26.508,0.199335,0.184732,3.563,4.024,1,1,64.634,16257024.0
a1057,abierto,B15,105.0502,0.192477,14.3823,101.2213,39.5156,54.4301,BIEN,19.5143,0.889214,8.365,3.6449,0.201607,0.191493,4.7433,0.5116,1,1,63.805,16257024.0
a1057,abierto,B25,105.0502,0.192477,24.4529,134.7786,19.5657,59.1935,BIEN,15.7046,0.76403,6.6736,28.2992,0.202176,0.183612,5.0386,4.6062,1,1,64.535,16257024.0
a1057,abierto,B40,105.0502,0.192477,39.4954,129.6116,21.5646,60.1567,BIEN,16.9683,0.80623,8.4663,23.3806,0.207865,0.196363,7.9944,2.0186,1,1,63.762,16257024.0
a1058,abierto,B5,105.9552,0.194015,4.4155,43.4839,78.2297,31.8474,CRITICA,10.4385,0.525182,14.4622,58.9601,0.208965,0.221916,7.7056,14.3804,1,1,65.96,16257024.0
a1058,abierto,B10,105.9552,0.194015,9.4429,77.4179,58.7708,46.9241,CRITICA,15.627,0.860157,10.2015,26.9333,0.207194,0.190157,6.7927,1.9886,1,1,57.547,16257024.0
a1058,abierto,B15,105.9552,0.194015,14.4219,101.5886,38.8053,54.4137,BIEN,19.3806,0.889185,8.3371,4.1211,0.197072,0.188857,1.5752,2.6587,1,1,66.82,16257024.0
a1058,abierto,B25,105.9552,0.194015,24.4592,134.8744,19.4822,59.3127,BIEN,15.8205,0.768187,6.6641,27.2939,0.203887,0.192439,5.088,0.8123,1,1,64.925,16257024.0
a1058,abierto,B40,105.9552,0.194015,39.5099,129.7014,21.615,60.2547,BIEN,17.0891,0.810011,8.454,22.4116,0.200863,0.19605,3.5293,1.0488,1,1,66.047,16257024.0
a1098,abierto,B5,105.2192,0.158763,4.4197,43.4549,79.6095,31.813,CRITICA,10.5377,0.528559,14.488,58.7006,0.149627,0.222863,5.7545,40.3751,1,1,64.934,16257024.0
a1098,abierto,B10,105.2192,0.158763,9.4501,77.4863,58.6233,46.505,CRITICA,15.7451,0.864384,10.2283,26.3573,0.163262,0.153284,2.8338,3.4508,1,1,62.095,16257024.0
a1098,abierto,B15,105.2192,0.158763,14.4155,101.6329,37.4546,53.7655,BIEN,19.3548,0.89007,8.367,3.4084,0.159366,0.155671,0.38,1.9475,1,1,62.986,16257024.0
a1098,abierto,B25,105.2192,0.158763,24.4645,135.3764,18.8515,58.2734,BIEN,15.5518,0.764778,6.6621,28.6613,0.167782,0.156854,5.6811,1.2024,1,1,66.2,16257024.0
a1098,abierto,B40,105.2192,0.158763,39.5033,130.0997,21.2346,59.2821,BIEN,16.8092,0.80679,8.4537,23.6463,0.166231,0.151099,4.704,4.827,1,1,63.501,16257024.0
a1099,abierto,B5,102.9369,0.170909,4.4347,43.4238,79.5804,32.4533,CRITICA,10.7655,0.539254,14.4169,57.8152,0.166377,0.216242,2.6514,26.5247,1,1,67.086,16257024.0
a1099,abierto,B10,102.9369,0.170909,9.4423,77.0221,59.9332,47.2338,CRITICA,16.0393,0.866346,10.2255,25.1754,0.174973,0.179921,2.3778,5.2733,1,1,62.623,16257024.0
a1099,abierto,B15,102.9369,0.170909,14.4464,101.2673,36.2786,54.5557,BIEN,19.467,0.884522,8.3703,1.622,0.177389,0.170749,3.7916,0.0938,1,1,52.872,16257024.0
a1099,abierto,B25,102.9369,0.170909,24.4597,134.3758,20.3808,59.4169,BIEN,15.3777,0.753313,6.7043,30.5419,0.184394,0.162225,7.89,5.0807,1,1,66.503,16257024.0
a1099,abierto,B40,102.9369,0.170909,39.5083,129.1341,22.5504,60.3858,BIEN,16.6214,0.797407,8.5138,25.4497,0.185619,0.164022,8.6071,4.0294,1,1,64.052,16257024.0
a1112,abierto,B5,100.1647,0.177751,4.3973,43.0835,80.4207,32.3842,CRITICA,11.0939,0.547846,14.4493,56.9873,0.171371,0.226917,3.5892,27.6604,1,1,54.552,16257024.0
a1112,abierto,B10,100.1647,0.177751,9.4233,76.6733,60.17,47.34,CRITICA,16.6136,0.872819,10.2461,23.4528,0.18771,0.193774,5.6032,9.0143,1,1,66.25,16257024.0
a1112,abierto,B15,100.1647,0.177751,14.4452,101.0997,35.3393,54.4391,BIEN,19.7057,0.880346,8.3836,0.9334,0.191969,0.172671,7.9991,2.8577,1,1,67.825,16257024.0
a1112,abierto,B25,100.1647,0.177751,24.3901,133.8441,20.7048,59.489,BIEN,15.1107,0.74623,6.7324,33.624,0.183501,0.17862,3.2351,0.4891,1,1,64.729,16257024.0
a1112,abierto,B40,100.1647,0.177751,39.4807,128.9321,22.6377,60.2211,BIEN,16.2685,0.78775,8.5339,28.7201,0.198159,0.180938,11.4814,1.7933,1,1,47.96,16257024.0
a1132,abierto,B5,103.1167,0.180875,4.4397,43.646,80.6478,31.5529,CRITICA,10.8573,0.538925,14.4735,57.6732,0.190503,0.232501,5.323,28.5424,1,1,67.061,16257024.0
a1132,abierto,B10,103.1167,0.180875,9.4434,77.6103,57.8936,46.0221,CRITICA,16.2474,0.8641,10.2288,24.7354,0.205215,0.168336,13.4569,6.9323,1,1,63.146,16257024.0
a1132,abierto,B15,103.1167,0.180875,14.4509,102.1279,35.7682,53.197,BIEN,19.7006,0.881415,8.3451,0.9589,0.197592,0.17733,9.2427,1.9596,1,1,63.504,16257024.0
a1132,abierto,B25,103.1167,0.180875,24.4741,135.6993,18.704,58.037,BIEN,15.3008,0.750544,6.6405,31.5979,0.188447,0.186308,4.1867,3.004,1,1,62.175,16257024.0
a1132,abierto,B40,103.1167,0.180875,39.5037,130.3512,21.1842,58.9723,BIEN,16.5542,0.794521,8.4326,26.4114,0.189177,0.185133,4.59,2.3545,1,1,63.31,16257024.0
a1147,abierto,B5,104.3383,0.180783,4.4342,43.7537,80.9253,30.8757,CRITICA,10.792,0.535618,14.5272,58.0656,0.187999,0.217598,3.9917,20.3642,1,1,63.054,16257024.0
a1147,abierto,B10,104.3383,0.180783,9.4533,78.0821,57.0242,45.1426,CRITICA,16.2151,0.86463,10.2317,25.1645,0.187078,0.173913,3.4822,3.7999,1,1,48.189,16257024.0
a1147,abierto,B15,104.3383,0.180783,14.4637,102.886,34.2273,52.0805,BIEN,19.8287,0.88454,8.3225,1.3919,0.185904,0.179701,2.8327,0.5982,1,1,66.968,16257024.0
a1147,abierto,B25,104.3383,0.180783,24.4702,136.6935,17.8036,56.9446,BIEN,15.4022,0.758949,6.5938,31.0099,0.183476,0.18836,1.49,4.1912,1,1,66.218,16257024.0
a1147,abierto,B40,104.3383,0.180783,39.4947,131.3189,19.9247,57.8487,BIEN,16.6633,0.801085,8.3693,25.8588,0.191867,0.194057,6.1311,7.3427,1,1,67.942,16257024.0
a1204,abierto,B5,101.9485,0.178114,4.4262,43.6217,80.3645,31.4761,CRITICA,11.0527,0.543503,14.4954,57.212,0.178167,0.232955,0.0295,30.7893,1,1,65.789,16257024.0
a1204,abierto,B10,101.9485,0.178114,9.4556,77.7174,57.6879,46.0433,CRITICA,16.6132,0.868799,10.2371,23.768,0.178739,0.171526,0.3508,3.699,1,1,65.351,16257024.0
a1204,abierto,B15,101.9485,0.178114,14.4616,102.2613,35.5528,53.154,BIEN,19.9896,0.882561,8.3486,0.3068,0.195107,0.180398,9.5405,1.282,1,1,63.793,16257024.0
a1204,abierto,B25,101.9485,0.178114,24.4844,135.7174,18.1529,58.1094,BIEN,15.2051,0.751574,6.6452,33.1234,0.181928,0.173783,2.1413,2.4316,1,1,39.666,16257024.0
a1204,abierto,B40,101.9485,0.178114,39.5135,130.487,20.6777,58.8974,BIEN,16.4416,0.79404,8.4331,27.993,0.182106,0.175633,2.2411,1.3935,1,1,62.554,16257024.0
a1207,abierto,B5,105.6055,0.196503,4.3964,43.5965,79.7764,30.8629,CRITICA,10.6418,0.523324,14.556,58.7176,0.190272,0.238246,3.1709,21.2429,1,1,65.887,16257024.0
a1207,abierto,B10,105.6055,0.196503,9.4424,78.0513,56.6128,45.3629,CRITICA,16.0105,0.860775,10.235,26.0916,0.198727,0.179782,1.1317,8.5096,1,1,65.313,16257024.0
a1207,abierto,B15,105.6055,0.196503,14.4212,102.6159,35.4267,52.7007,BIEN,19.8144,0.889395,8.3278,2.831,0.1944,0.192008,1.0704,2.2875,1,1,64.88,16257024.0
a1207,abierto,B25,105.6055,0.196503,24.481,136.5726,17.4407,57.5294,BIEN,15.6303,0.766574,6.5941,29.3234,0.186784,0.191449,4.9461,2.5724,1,1,64.464,16257024.0
a1207,abierto,B40,105.6055,0.196503,39.5041,131.2747,19.7539,58.3753,BIEN,16.9139,0.808342,8.3657,24.3066,0.189046,0.188034,3.7949,4.3101,1,1,66.624,16257024.0
a1215,abierto,B5,102.5043,0.190266,4.4069,43.5144,80.3625,31.2891,CRITICA,10.9737,0.537949,14.5246,57.5488,0.19554,0.22805,2.7723,19.8589,1,1,64.382,16257024.0
a1215,abierto,B10,102.5043,0.190266,9.4226,77.6452,57.6219,45.794,CRITICA,16.4991,0.867248,10.2457,24.2517,0.206587,0.173948,8.578,8.5765,1,1,51.682,16257024.0
a1215,abierto,B15,102.5043,0.190266,14.4407,102.2724,35.0832,53.0215,BIEN,20.0078,0.884656,8.3451,0.2262,0.208165,0.189342,9.4076,0.4857,1,1,63.418,16257024.0
a1215,abierto,B25,102.5043,0.190266,24.469,135.8902,18.0656,57.9923,BIEN,15.2802,0.753782,6.6324,32.5702,0.200841,0.183515,5.5579,3.5479,1,1,65.168,16257024.0
a1215,abierto,B40,102.5043,0.190266,39.5026,130.6214,20.4273,58.7553,BIEN,16.5212,0.796346,8.4164,27.4302,0.203953,0.195386,7.1938,2.6911,1,1,42.804,16257024.0
a1222,abierto,B5,101.9583,0.187731,4.4334,43.6573,80.4964,31.4221,CRITICA,11.0396,0.544596,14.4801,57.1812,0.193922,0.233215,3.2979,24.2286,1,1,63.904,16257024.0
a1222,abierto,B10,101.9583,0.187731,9.4515,77.744,57.5424,45.9438,CRITICA,16.5913,0.86918,10.2254,23.7492,0.202532,0.17191,7.8846,8.4275,1,1,66.277,16257024.0
a1222,abierto,B15,101.9583,0.187731,14.4609,102.2979,34.9803,53.0535,BIEN,19.9563,0.882324,8.3365,0.333,0.19163,0.187959,2.0769,0.1215,1,1,66.289,16257024.0
a1222,abierto,B25,101.9583,0.187731,24.4732,135.7633,18.1956,57.9824,BIEN,15.1917,0.75162,6.6357,33.1557,0.19265,0.191665,2.6206,2.0956,1,1,64.117,16257024.0
a1222,abierto,B40,101.9583,0.187731,39.5219,130.5145,20.666,58.7594,BIEN,16.4287,0.794,8.4247,28.0077,0.185094,0.188599,1.4044,0.4626,1,1,68.601,16257024.0
a1231,abierto,B5,104.621,0.189049,4.447,43.6789,80.3024,31.8247,CRITICA,10.626,0.535838,14.4536,58.2504,0.193355,0.227329,2.2776,20.2487,1,1,62.28,16257024.0
a1231,abierto,B10,104.621,0.189049,9.4698,77.521,58.6835,46.3458,CRITICA,15.8461,0.867255,10.2268,25.9031,0.188465,0.174854,0.3088,7.5085,1,1,57.17,16257024.0
a1231,abierto,B15,104.621,0.189049,14.4845,102.1526,34.1982,53.2934,BIEN,19.3158,0.88766,8.3448,2.3594,0.190959,0.176166,1.0101,6.8144,1,1,62.455,16257024.0
a1231,abierto,B25,104.621,0.189049,24.463,135.4577,19.4182,58.2222,BIEN,15.4421,0.762325,6.6552,29.4746,0.184236,0.183049,2.5458,3.1737,1,1,62.725,16257024.0
a1231,abierto,B40,104.621,0.189049,39.497,130.1419,21.5296,59.2214,BIEN,16.7001,0.805204,8.4513,24.3936,0.18048,0.178842,4.5326,5.3992,1,1,65.601,16257024.0
a1241,abierto,B5,103.3224,0.190162,4.4315,43.6256,80.5896,31.8294,CRITICA,10.8033,0.538979,14.4583,57.7772,0.19066,0.22349,0.262,17.5259,1,1,60.487,16257024.0
a1241,abierto,B10,103.3224,0.190162,9.4537,77.4881,58.3652,46.2562,CRITICA,16.123,0.869042,10.2321,25.0036,0.185809,0.180615,2.2892,5.0206,1,1,62.914,16257024.0
a1241,abierto,B15,103.3224,0.190162,14.4536,101.9664,34.1109,53.4384,BIEN,19.5468,0.887938,8.3561,1.3124,0.185686,0.173052,2.3538,8.9979,1,1,63.907,16257024.0
a1241,abierto,B25,103.3224,0.190162,24.4697,135.4666,19.7869,58.3132,BIEN,15.3058,0.758171,6.6577,31.1105,0.181036,0.180782,4.7993,4.9327,1,1,64.892,16257024.0
a1241,abierto,B40,103.3224,0.190162,39.5033,130.1801,21.778,59.196,BIEN,16.5408,0.80105,8.4522,25.994,0.180807,0.179702,4.9193,5.5008,1,1,64.663,16257024.0
b0045,abierto,B5,107.8492,0.197132,4.4405,45.847,87.3101,20.5526,CRITICA,11.4349,0.641727,15.0663,57.4897,0.215948,nan,9.545,nan,1,1,66.468,16257024.0
b0045,abierto,B10,107.8492,0.197132,9.5458,83.2844,58.5961,28.8474,BIEN,17.7495,0.912468,10.3434,22.777,0.212595,0.192434,7.844,2.3831,1,1,63.793,16257024.0
b0045,abierto,B15,107.8492,0.197132,14.4906,111.2384,11.7701,31.9661,BIEN,21.4493,0.937156,8.1448,3.1425,0.21266,0.231394,7.8768,17.3804,1,1,64.158,16257024.0
b0045,abierto,B25,107.8492,0.197132,24.4841,149.5726,1.1333,31.9893,BIEN,14.412,0.857656,6.057,38.6867,0.206636,0.210236,4.8212,6.6472,1,1,58.593,16257024.0
b0045,abierto,B40,107.8492,0.197132,39.4968,142.7711,1.8766,33.8749,BIEN,15.7936,0.887118,7.731,32.3802,0.20259,0.212963,2.7686,8.0308,1,1,67.403,16257024.0
b0049,abierto,B5,103.4307,0.212264,4.4566,45.882,89.6777,19.607,CRITICA,12.1188,0.663753,15.1011,55.6398,0.214817,nan,1.2028,nan,1,1,63.519,16257024.0
b0049,abierto,B10,103.4307,0.212264,9.5396,83.5455,56.2712,27.2583,BIEN,19.1773,0.925141,10.3393,19.2256,0.222775,nan,4.9518,nan,1,1,63.432,16257024.0
b0049,abierto,B15,103.4307,0.212264,14.4394,111.5898,9.907,30.0513,BIEN,21.7303,0.936685,8.1226,7.8884,0.215523,0.225248,1.5353,6.1169,1,1,62.71,16257024.0
b0049,abierto,B25,103.4307,0.212264,24.4836,150.4646,0.6462,29.7913,BIEN,13.7654,0.849117,6.0031,45.4738,0.21487,0.205083,1.2278,3.3829,1,1,66.456,16257024.0
b0049,abierto,B40,103.4307,0.212264,39.5091,143.6018,1.1993,31.6299,BIEN,15.0628,0.878666,7.6676,38.8386,0.216415,0.211782,1.9557,0.227,1,1,64.355,16257024.0
b0113,abierto,B5,108.32,0.220511,4.4564,46.367,88.4939,18.8032,CRITICA,11.6265,0.658391,15.2218,57.1945,0.235628,nan,6.8556,nan,1,1,63.074,16257024.0
b0113,abierto,B10,108.32,0.220511,9.5138,83.8333,52.4772,26.3933,BIEN,18.0954,0.924535,10.4425,22.6059,0.225475,nan,2.251,nan,1,1,64.971,16257024.0
b0113,abierto,B15,108.32,0.220511,14.4915,112.0351,7.6268,28.7448,BIEN,21.6433,0.948708,8.2054,3.4297,0.228821,nan,3.7683,nan,1,1,66.89,16257024.0
b0113,abierto,B25,108.32,0.220511,24.5337,150.8317,0.1203,28.3268,BIEN,14.2792,0.872255,6.057,39.2464,0.22427,0.239676,1.7045,8.6913,1,1,64.672,16257024.0
b0113,abierto,B40,108.32,0.220511,39.5041,143.8248,0.5046,30.266,BIEN,15.6929,0.900695,7.7246,32.7777,0.217917,0.228921,1.1766,3.8139,1,1,64.027,16257024.0
b0155,abierto,B5,106.5512,0.222549,4.438,46.3888,89.7669,18.6124,CRITICA,11.8708,0.665128,15.2374,56.4633,0.240025,nan,7.8525,nan,1,1,65.1,16257024.0
b0155,abierto,B10,106.5512,0.222549,9.5065,83.9528,48.6018,25.6428,BIEN,18.6031,0.927909,10.4354,21.209,0.228126,nan,2.5057,nan,1,1,66.586,16257024.0
b0155,abierto,B15,106.5512,0.222549,14.4511,112.0613,7.062,28.0813,BIEN,21.8232,0.950724,8.2042,5.1714,0.22834,0.22902,2.6019,2.9075,1,1,63.107,16257024.0
b0155,abierto,B25,106.5512,0.222549,24.5052,151.0318,0.1223,27.4949,BIEN,14.0585,0.868224,6.0459,41.7458,0.219965,0.236177,1.1611,6.1234,1,1,62.679,16257024.0
b0155,abierto,B40,106.5512,0.222549,39.525,144.1559,0.3144,29.3266,BIEN,15.4053,0.896246,7.7014,35.2926,0.216873,0.237672,2.5504,6.795,1,1,65.321,16257024.0
b0256,abierto,B5,111.3167,0.217771,4.4118,46.5802,89.7844,18.2215,CRITICA,11.3465,0.645961,15.2655,58.1552,0.223325,nan,2.55,nan,1,1,63.246,16257024.0
b0256,abierto,B10,111.3167,0.217771,9.4866,83.9798,46.0129,24.7636,BIEN,17.5221,0.920012,10.4807,24.5577,0.218929,nan,0.5318,nan,1,1,63.491,16257024.0
b0256,abierto,B15,111.3167,0.217771,14.4784,112.2357,6.0529,26.9667,BIEN,21.7641,0.95205,8.2256,0.8256,0.211421,nan,2.9159,nan,1,1,61.961,16257024.0
b0256,abierto,B25,111.3167,0.217771,24.5365,151.4462,0.1048,26.5406,BIEN,14.6498,0.885666,6.0435,36.0499,0.218689,0.235384,0.4215,8.0875,1,1,64.745,16257024.0
b0256,abierto,B40,111.3167,0.217771,39.5039,144.4826,0.3144,28.3679,BIEN,16.0998,0.91234,7.6984,29.7942,0.212027,0.220905,2.6378,1.4392,1,1,63.882,16257024.0
b0283,abierto,B5,112.5167,0.21094,4.4169,46.3345,88.4318,18.9109,CRITICA,11.1471,0.637369,15.2742,58.8199,0.221254,nan,4.8894,nan,1,1,65.466,16257024.0
b0283,abierto,B10,112.5167,0.21094,9.4877,83.7264,49.3683,25.9043,BIEN,17.1291,0.916379,10.4945,25.5876,0.208172,nan,1.3124,nan,1,1,54.83,16257024.0
b0283,abierto,B15,112.5167,0.21094,14.4766,111.739,6.9941,28.2165,BIEN,21.4873,0.953445,8.2607,0.6912,0.225291,nan,6.803,nan,1,1,61.145,16257024.0
b0283,abierto,B25,112.5167,0.21094,24.4684,150.7498,0.1067,27.5999,BIEN,14.8434,0.888048,6.0847,33.98,0.213165,0.216991,1.0548,2.8683,1,1,65.81,16257024.0
b0283,abierto,B40,112.5167,0.21094,39.5035,144.0101,0.2833,29.4216,BIEN,16.2672,0.913898,7.7343,27.9901,0.215097,0.218138,1.9704,3.412,1,1,63.218,16257024.0
b0299,abierto,B5,113.0913,0.213285,4.4389,46.4925,88.5987,18.6864,CRITICA,11.0907,0.636573,15.2392,58.8894,0.22795,nan,6.8758,nan,1,1,50.103,16257024.0
b0299,abierto,B10,113.0913,0.213285,9.5142,83.9044,49.3159,25.8026,BIEN,17.0541,0.915013,10.4705,25.8083,0.221903,nan,4.0405,nan,1,1,66.172,16257024.0
b0299,abierto,B15,113.0913,0.213285,14.5073,112.0393,6.9553,28.1212,BIEN,21.5401,0.952542,8.2293,0.9303,0.214139,nan,0.4007,nan,1,1,64.93,16257024.0
b0299,abierto,B25,113.0913,0.213285,24.5351,151.1272,0.1184,27.5579,BIEN,14.899,0.888168,6.0592,33.6329,0.218307,0.217216,2.3548,1.8435,1,1,62.449,16257024.0
b0299,abierto,B40,113.0913,0.213285,39.5109,144.1125,0.2989,29.4237,BIEN,16.3894,0.914827,7.7209,27.4302,0.212449,0.209418,0.3918,1.8131,1,1,66.429,16257024.0
b0457,abierto,B5,112.4892,0.174146,4.4495,46.0206,87.5701,20.445,CRITICA,10.9233,0.612958,15.1001,59.0889,0.187492,nan,7.6637,nan,1,1,62.717,16257024.0
b0457,abierto,B10,112.4892,0.174146,9.4871,83.3259,56.735,28.553,BIEN,16.7286,0.896187,10.3983,25.9254,0.181245,0.198342,4.0762,13.8938,1,1,63.93,16257024.0
b0457,abierto,B15,112.4892,0.174146,14.4793,111.3047,11.7041,31.7242,BIEN,21.1467,0.932944,8.1917,1.053,0.178379,0.208607,2.4306,19.7884,1,1,66.611,16257024.0
b0457,abierto,B25,112.4892,0.174146,24.5591,149.9078,1.1625,31.7906,BIEN,15.0005,0.863356,6.0841,33.2642,0.176065,0.193191,1.1017,10.9361,1,1,66.32,16257024.0
b0457,abierto,B40,112.4892,0.174146,39.4887,142.9055,1.8805,33.676,BIEN,16.5017,0.893289,7.7656,27.0393,0.171516,0.189161,1.5105,8.6218,1,1,65.44,16257024.0
b0479,abierto,B5,114.0623,0.204017,4.4391,45.8191,87.5856,20.7171,CRITICA,10.6393,0.598505,15.0798,59.8298,0.21639,nan,6.0643,nan,1,1,64.811,16257024.0
b0479,abierto,B10,114.0623,0.204017,9.4888,83.2119,58.1556,28.9228,BIEN,16.2459,0.887804,10.3718,27.047,0.204327,0.199655,0.152,2.1385,1,1,56.125,16257024.0
b0479,abierto,B15,114.0623,0.204017,14.4615,111.116,11.6168,32.2278,BIEN,20.7952,0.930228,8.1783,2.583,0.205949,0.200431,0.9466,1.7577,1,1,66.475,16257024.0
b0479,abierto,B25,114.0623,0.204017,24.4939,149.6552,1.2071,32.1883,BIEN,15.2357,0.861733,6.083,31.2048,0.2051,0.196866,0.5307,3.5055,1,1,67.524,16257024.0
b0479,abierto,B40,114.0623,0.204017,39.5091,142.8136,1.9581,34.0533,BIEN,16.7214,0.891254,7.7605,25.2067,0.197413,0.2017,3.2372,1.1358,1,1,66.582,16257024.0
c0029,abierto,B5,87.4683,0.30645,4.4534,43.8035,79.6891,30.7052,CRITICA,13.4949,0.638349,14.4552,49.9208,0.310626,0.282891,1.3626,7.6877,1,1,57.677,16257024.0
c0029,abierto,B10,87.4683,0.30645,9.4792,77.9468,58.5922,45.2687,CRITICA,21.4763,0.907372,10.1886,10.8856,0.299455,0.308688,2.2828,0.7303,1,1,64.745,16257024.0
c0029,abierto,B15,87.4683,0.30645,14.5166,102.6327,36.4067,52.4784,BIEN,20.9844,0.865878,8.3009,17.337,0.305488,0.303129,0.314,1.0839,1,1,64.532,16257024.0
c0029,abierto,B25,87.4683,0.30645,24.555,136.3882,17.6774,57.3178,BIEN,13.6109,0.710227,6.6113,55.9287,0.301679,0.31294,1.557,2.1178,1,1,65.938,16257024.0
c0029,abierto,B40,87.4683,0.30645,39.4833,130.8098,20.1556,58.3645,BIEN,14.6675,0.753553,8.4064,49.551,0.302044,0.30307,1.4378,1.1032,1,1,64.747,16257024.0
c0050,abierto,B5,90.9132,0.301011,4.4337,43.5588,77.7077,31.7622,CRITICA,12.7791,0.61993,14.4041,52.0874,0.323703,0.26412,7.5386,12.2558,1,1,67.053,16257024.0
c0050,abierto,B10,90.9132,0.301011,9.4693,77.3248,61.0336,46.6878,CRITICA,20.1088,0.902253,10.1781,14.9466,0.32658,0.296563,8.4942,1.4778,1,1,62.672,16257024.0
c0050,abierto,B15,90.9132,0.301011,14.4719,101.6369,40.6198,54.0459,BIEN,21.696,0.875838,8.3222,11.7956,0.318527,0.332066,5.819,10.3168,1,1,62.68,16257024.0
c0050,abierto,B25,90.9132,0.301011,24.4935,134.8518,18.3217,58.5017,BIEN,14.3802,0.72666,6.6865,48.3303,0.324182,0.305629,7.6977,1.534,1,1,66.337,16257024.0
c0050,abierto,B40,90.9132,0.301011,39.4866,129.5908,21.388,59.6543,BIEN,15.4804,0.769655,8.4863,42.5434,0.3152,0.305426,4.7137,1.4667,1,1,64.781,16257024.0
c0207,abierto,B5,117.4915,0.250696,4.3667,44.5529,77.9774,28.8829,CRITICA,9.3604,0.53178,14.5469,62.0799,0.256813,0.221876,2.4401,11.4961,1,1,66.245,16257024.0
c0207,abierto,B10,117.4915,0.250696,9.5543,79.3163,58.1013,43.0108,CRITICA,13.9891,0.855636,10.168,32.4919,0.258683,0.260142,3.186,3.7678,1,1,39.931,16257024.0
c0207,abierto,B15,117.4915,0.250696,14.47,104.5242,34.6737,50.0584,BIEN,18.1483,0.918743,8.2235,11.0368,0.253339,0.259166,1.0543,3.3783,1,1,63.438,16257024.0
c0207,abierto,B25,117.4915,0.250696,24.5162,138.7799,12.7288,55.0882,BIEN,16.9805,0.847356,6.4819,18.1191,0.242287,0.256648,3.3545,2.3741,1,1,66.714,16257024.0
c0207,abierto,B40,117.4915,0.250696,39.5221,133.2938,15.1623,55.879,BIEN,18.305,0.88034,8.2289,13.4497,0.244362,0.241387,2.5268,3.7133,1,1,64.774,16257024.0
c0268,abierto,B5,117.3226,0.269166,4.3676,44.7368,83.5976,25.6797,CRITICA,9.6798,0.52582,14.7978,61.8685,0.256165,0.252932,4.8303,6.0313,1,1,65.733,16257024.0
c0268,abierto,B10,117.3226,0.269166,9.5139,80.6885,51.7922,38.5901,BIEN,14.6239,0.85525,10.238,31.2251,0.267883,0.264335,0.4767,1.7949,1,1,66.968,16257024.0
c0268,abierto,B15,117.3226,0.269166,14.4479,107.0055,28.6285,44.8265,BIEN,19.1969,0.915063,8.1879,8.7938,0.27051,0.263142,0.4992,2.2383,1,1,65.887,16257024.0
c0268,abierto,B25,117.3226,0.269166,24.5407,142.8703,11.6536,48.8993,BIEN,16.753,0.841626,6.3166,21.7756,0.272611,0.262347,1.2799,2.5335,1,1,65.105,16257024.0
c0268,abierto,B40,117.3226,0.269166,39.5256,136.9513,13.5768,49.7746,BIEN,18.1691,0.874264,8.0256,16.7305,0.273001,0.265188,1.4247,1.478,1,1,67.207,16257024.0
c0292,abierto,B5,123.7112,0.33082,4.4136,45.2336,81.1291,26.4678,CRITICA,9.0511,0.509736,14.7151,63.4361,0.309266,0.264694,6.5151,19.9883,1,1,63.465,16257024.0
c0292,abierto,B10,123.7112,0.33082,9.5116,80.7035,53.498,38.8816,BIEN,13.5012,0.839113,10.2393,34.7646,0.335475,0.289468,1.4074,12.4998,1,1,64.38,16257024.0
c0292,abierto,B15,123.7112,0.33082,14.4991,107.0398,27.7824,45.2305,BIEN,17.82,0.91674,8.1902,13.4761,0.33963,0.277625,2.6631,16.0797,1,1,52.566,16257024.0
c0292,abierto,B25,123.7112,0.33082,24.5457,142.7914,11.4926,49.5114,BIEN,17.4428,0.862487,6.3311,15.4231,0.342248,0.291222,3.4546,11.9697,1,1,62.357,16257024.0
c0292,abierto,B40,123.7112,0.33082,39.5385,136.9325,13.2372,50.5326,BIEN,18.7961,0.892432,8.035,10.6872,0.34493,0.310503,4.2652,6.1411,1,1,66.237,16257024.0
c0296,abierto,B5,124.4156,0.334806,4.4298,45.2231,80.7642,27.019,CRITICA,8.9214,0.505717,14.6627,63.6516,0.304511,0.255153,9.0485,23.7908,1,1,66.313,16257024.0
c0296,abierto,B10,124.4156,0.334806,9.5121,80.5035,53.401,39.9207,BIEN,13.3026,0.835639,10.2066,35.2947,0.333447,0.28788,0.406,14.0159,1,1,64.903,16257024.0
c0296,abierto,B15,124.4156,0.334806,14.4796,106.534,29.0555,46.4559,BIEN,17.5163,0.915152,8.1814,14.3725,0.324178,0.300422,3.1743,10.27,1,1,65.99,16257024.0
c0296,abierto,B25,124.4156,0.334806,24.5937,142.208,12.7947,51.0217,BIEN,17.4887,0.862947,6.3334,14.3007,0.34048,0.288789,1.6946,13.7443,1,1,62.805,16257024.0
c0296,abierto,B40,124.4156,0.334806,39.5088,136.2754,14.4715,51.9605,BIEN,18.7969,0.893214,8.045,9.5324,0.333538,0.300339,0.3788,10.2948,1,1,65.17,16257024.0
c0337,abierto,B5,108.3967,0.325039,4.38,44.6092,86.2155,26.8883,CRITICA,10.6476,0.549059,14.6932,58.8463,0.311496,0.281221,4.1663,13.4807,1,1,65.229,16257024.0
c0337,abierto,B10,108.3967,0.325039,9.5075,80.1749,54.2646,40.0911,BIEN,16.2532,0.872751,10.2167,26.0357,0.331917,0.306772,2.116,5.6198,1,1,66.253,16257024.0
c0337,abierto,B15,108.3967,0.325039,14.4814,106.1686,30.1985,46.5615,BIEN,20.6955,0.90522,8.2044,2.0555,0.327714,0.298905,0.823,8.04,1,1,63.563,16257024.0
c0337,abierto,B25,108.3967,0.325039,24.4713,141.3581,12.492,50.9445,BIEN,15.8441,0.802572,6.3829,30.4081,0.319771,0.309673,1.6208,4.7274,1,1,40.37,16257024.0
c0337,abierto,B40,108.3967,0.325039,39.5226,135.7149,14.5801,51.7749,BIEN,17.1926,0.840249,8.106,25.202,0.320266,0.317759,1.4684,2.2396,1,1,67.258,16257024.0
c0358,abierto,B5,101.9,0.314931,4.3916,44.3071,84.6805,28.3834,CRITICA,11.4005,0.569232,14.6201,56.519,0.299167,0.285087,5.0055,9.4764,1,1,67.006,16257024.0
c0358,abierto,B10,101.9,0.314931,9.5181,79.3287,54.9225,42.0325,CRITICA,17.5307,0.881908,10.2163,22.1505,0.311254,0.2949,1.1676,6.3603,1,1,66.913,16257024.0
c0358,abierto,B15,101.9,0.314931,14.4886,104.7877,31.9995,48.8651,BIEN,21.2796,0.894798,8.2473,2.8338,0.304002,0.294119,3.4701,6.6085,1,1,64.192,16257024.0
c0358,abierto,B25,101.9,0.314931,24.4995,139.5028,15.139,53.6438,BIEN,15.1509,0.774237,6.4625,36.9016,0.302026,0.303658,4.0975,3.5793,1,1,66.844,16257024.0
c0358,abierto,B40,101.9,0.314931,39.5215,133.9425,17.5241,54.4092,BIEN,16.4169,0.813965,8.2081,31.445,0.30686,0.309172,2.5627,1.8287,1,1,64.222,16257024.0
c0374,abierto,B5,96.4715,0.304384,4.4319,43.6383,80.7798,31.5515,CRITICA,11.7995,0.590934,14.437,54.7656,0.297738,0.265887,2.1836,12.6475,1,1,48.094,16257024.0
c0374,abierto,B10,96.4715,0.304384,9.5081,77.6182,58.6311,46.3403,CRITICA,18.0034,0.889515,10.1914,19.5429,0.314698,0.293392,3.3883,3.6113,1,1,66.56,16257024.0
c0374,abierto,B15,96.4715,0.304384,14.4644,102.173,37.9611,53.5482,BIEN,20.7423,0.879889,8.3126,5.91,0.304579,0.29785,0.0638,2.1467,1,1,66.414,16257024.0
c0374,abierto,B25,96.4715,0.304384,24.5067,135.6878,19.719,58.3006,BIEN,14.709,0.742199,6.6304,40.6506,0.289811,0.300638,4.7878,1.2309,1,1,64.519,16257024.0
c0374,abierto,B40,96.4715,0.304384,39.4928,130.3909,22.9715,59.2753,BIEN,15.878,0.78453,8.4213,35.16,0.296223,0.29167,2.6812,4.1773,1,1,50.332,16257024.0
c0377,abierto,B5,94.5033,0.294371,4.4296,43.6576,80.9874,31.4101,CRITICA,12.1085,0.605203,14.4512,53.803,0.284441,0.257172,3.3732,12.6365,1,1,66.089,16257024.0
c0377,abierto,B10,94.5033,0.294371,9.4934,77.5515,58.0333,46.1902,CRITICA,18.5444,0.892806,10.2034,17.9377,0.304061,0.290253,3.2918,1.3987,1,1,66.908,16257024.0
c0377,abierto,B15,94.5033,0.294371,14.4843,102.1924,37.8874,53.4535,BIEN,20.837,0.876151,8.3159,8.1364,0.293384,0.297067,0.3353,0.9158,1,1,66.248,16257024.0
c0377,abierto,B25,94.5033,0.294371,24.5011,135.7552,19.9868,58.1471,BIEN,14.4371,0.732959,6.6275,43.6513,0.29408,0.299929,0.0987,1.8883,1,1,63.771,16257024.0
c0377,abierto,B40,94.5033,0.294371,39.5121,130.4692,23.1792,59.1417,BIEN,15.5761,0.775944,8.4191,38.0579,0.295824,0.290211,0.4937,1.4129,1,1,65.336,16257024.0
c0417,abierto,B5,97.9939,0.29004,4.4497,43.8455,79.0875,31.416,CRITICA,11.6567,0.581543,14.414,55.2569,0.281703,0.264848,2.8742,8.6856,1,1,66.329,16257024.0
c0417,abierto,B10,97.9939,0.29004,9.517,77.7554,58.5806,46.4077,CRITICA,17.8912,0.890059,10.1554,20.6528,0.295342,0.286463,1.8283,1.2333,1,1,53.491,16257024.0
c0417,abierto,B15,97.9939,0.29004,14.5239,102.1192,37.0762,54.1253,BIEN,21.1992,0.890075,8.2771,4.2098,0.296112,0.293792,2.0938,1.2937,1,1,65.401,16257024.0
c0417,abierto,B25,97.9939,0.29004,24.537,135.3633,19.6879,59.4459,BIEN,15.0918,0.760361,6.609,38.1344,0.286403,0.282627,1.254,2.5559,1,1,66.827,16257024.0
c0417,abierto,B40,97.9939,0.29004,39.5306,130.1771,22.1176,60.3009,BIEN,16.2959,0.800824,8.3941,32.8421,0.27806,0.281359,4.1304,2.993,1,1,68.356,16257024.0
c0430,abierto,B5,95.1566,0.29651,4.4154,43.7216,80.9001,30.6864,CRITICA,12.1515,0.59721,14.487,54.053,0.28652,0.273445,3.3692,7.779,1,1,63.942,16257024.0
c0430,abierto,B10,95.1566,0.29651,9.4712,77.9438,58.2953,45.2184,CRITICA,18.8336,0.896337,10.1884,18.0889,0.294262,0.280683,0.7582,5.3378,1,1,65.925,16257024.0
c0430,abierto,B15,95.1566,0.29651,14.5085,102.7523,35.5217,52.4936,BIEN,21.3369,0.885102,8.2803,7.9823,0.292859,0.294786,1.2311,0.5813,1,1,64.936,16257024.0
c0430,abierto,B25,95.1566,0.29651,24.5219,136.4638,18.083,57.5102,BIEN,14.5524,0.747412,6.5756,43.4097,0.309921,0.283206,4.523,4.4869,1,1,64.317,16257024.0
c0430,abierto,B40,95.1566,0.29651,39.518,131.1729,20.5768,58.3196,BIEN,15.7073,0.788823,8.3531,37.8494,0.287349,0.283436,3.0896,4.4093,1,1,62.495,16257024.0
d0006,abierto,B5,129.978,0.215322,4.4156,46.5924,99.9515,16.0456,CRITICA,9.17,0.530186,15.0946,64.1536,0.211978,nan,1.5532,nan,1,1,65.714,16257024.0
d0006,abierto,B10,129.978,0.215322,9.5375,85.0282,43.8122,23.6768,BIEN,14.0916,0.837223,10.2192,34.5826,0.230091,0.197226,6.8589,8.4041,1,1,65.961,16257024.0
d0006,abierto,B15,129.978,0.215322,14.4778,113.3514,15.3777,27.4591,BIEN,19.852,0.920239,7.9796,12.7919,0.22211,0.20297,3.1527,5.7365,1,1,64.81,16257024.0
d0006,abierto,B25,129.978,0.215322,24.4938,152.5105,0.2387,28.8474,BIEN,18.4032,0.900856,5.8589,17.3356,0.219806,0.203356,2.0824,5.5572,1,1,64.649,16257024.0
d0006,abierto,B40,129.978,0.215322,39.5309,145.7053,0.4425,30.0497,BIEN,20.3071,0.92312,7.4912,12.1,0.218958,0.211303,1.6887,1.8667,1,1,64.339,16257024.0
d0023,abierto,B5,134.7074,0.220061,4.3785,46.5726,99.9903,16.0249,CRITICA,8.7072,0.510639,15.1222,65.4269,0.21549,nan,2.0771,nan,1,1,67.191,16257024.0
d0023,abierto,B10,134.7074,0.220061,9.5094,84.7766,44.311,23.8327,BIEN,13.268,0.816818,10.2553,37.0662,0.22991,0.196224,4.4756,10.8318,1,1,65.784,16257024.0
d0023,abierto,B15,134.7074,0.220061,14.4741,113.4697,16.0512,27.5495,BIEN,18.5468,0.909951,7.9873,15.7658,0.222079,0.208368,0.9169,5.3134,1,1,62.02,16257024.0
d0023,abierto,B25,134.7074,0.220061,24.4917,152.4181,0.2406,29.1609,BIEN,19.0552,0.901159,5.8728,13.1475,0.217252,0.208744,1.2764,5.1427,1,1,65.151,16257024.0
d0023,abierto,B40,134.7074,0.220061,39.5049,145.5788,0.4444,30.3395,BIEN,20.866,0.922395,7.5078,8.0704,0.216479,0.214741,1.6278,2.4177,1,1,62.823,16257024.0
d0054,abierto,B5,130.7335,0.208247,4.3701,46.4872,99.9864,16.0934,CRITICA,9.0841,0.530139,15.1303,64.4413,0.205824,0.204499,1.1639,1.8001,1,1,50.758,16257024.0
d0054,abierto,B10,130.7335,0.208247,9.4986,84.7845,45.4055,23.8386,BIEN,13.9138,0.835609,10.2532,35.1471,0.219863,0.188924,5.5777,9.2789,1,1,66.786,16257024.0
d0054,abierto,B15,130.7335,0.208247,14.4454,113.2512,14.2017,27.4218,BIEN,19.5082,0.918722,8.0031,13.3724,0.214024,0.194321,2.7738,6.6877,1,1,64.266,16257024.0
d0054,abierto,B25,130.7335,0.208247,24.4947,152.5016,0.1455,28.6299,BIEN,18.381,0.899657,5.8735,16.6508,0.211647,0.191376,1.6322,8.1018,1,1,64.938,16257024.0
d0054,abierto,B40,130.7335,0.208247,39.4878,145.6102,0.2736,29.9318,BIEN,20.2759,0.922454,7.5121,11.3794,0.206399,0.20482,0.8874,1.6461,1,1,67.755,16257024.0
d0073,abierto,B5,133.7511,0.204412,4.3735,46.461,99.9709,16.038,CRITICA,8.7881,0.516064,15.1352,65.2631,0.20761,nan,1.5647,nan,1,1,62.596,16257024.0
d0073,abierto,B10,133.7511,0.204412,9.5073,84.7953,44.2236,23.8053,BIEN,13.4226,0.822124,10.2522,36.6021,0.213621,0.182561,4.5055,10.6893,1,1,66.688,16257024.0
d0073,abierto,B15,133.7511,0.204412,14.4401,113.2295,16.1715,27.6163,BIEN,18.7776,0.913793,8.0003,15.3431,0.203101,0.182819,0.641,10.5635,1,1,49.555,16257024.0
d0073,abierto,B25,133.7511,0.204412,24.4948,152.4238,0.2581,29.0699,BIEN,18.9382,0.902416,5.8725,13.9608,0.201561,0.200289,1.3946,2.0169,1,1,65.59,16257024.0
d0073,abierto,B40,133.7511,0.204412,39.502,145.5813,0.4871,30.2716,BIEN,20.7828,0.923801,7.5079,8.8449,0.204629,0.206039,0.1064,0.7961,1,1,64.902,16257024.0
d0115,abierto,B5,134.7699,0.179629,4.4003,46.6413,99.9903,15.7928,CRITICA,8.7107,0.519943,15.1087,65.3919,0.1859,0.2014,3.4914,12.1204,1,1,65.815,16257024.0
d0115,abierto,B10,134.7699,0.179629,9.5105,84.9154,44.1848,23.4564,BIEN,13.2869,0.823011,10.2401,36.9924,0.196208,0.180743,9.23,0.6203,1,1,63.731,16257024.0
d0115,abierto,B15,134.7699,0.179629,14.4801,113.6845,14.126,26.9742,BIEN,18.6015,0.914492,7.9713,15.6455,0.199355,0.175879,10.9818,2.0874,1,1,66.076,16257024.0
d0115,abierto,B25,134.7699,0.179629,24.5017,152.6786,0.1805,28.4659,BIEN,19.0749,0.906039,5.8555,13.2883,0.179567,0.177478,0.034,1.1971,1,1,64.383,16257024.0
d0115,abierto,B40,134.7699,0.179629,39.4973,145.8209,0.3532,29.6666,BIEN,20.9021,0.926806,7.489,8.1999,0.184354,0.178945,2.6305,0.3805,1,1,62.453,16257024.0
d0131,abierto,B5,133.0212,0.207191,4.3765,46.5156,99.9709,15.9669,CRITICA,8.8648,0.520713,15.1324,65.0315,0.210553,0.202329,1.6228,2.3465,1,1,64.758,16257024.0
d0131,abierto,B10,133.0212,0.207191,9.5057,84.8156,45.0969,23.702,BIEN,13.5488,0.825743,10.2513,36.239,0.206639,0.179241,0.2667,13.4898,1,1,66.294,16257024.0
d0131,abierto,B15,133.0212,0.207191,14.4468,113.378,14.8402,27.3514,BIEN,18.9797,0.914774,7.9928,14.7669,0.20724,0.173747,0.0236,16.1415,1,1,65.285,16257024.0
d0131,abierto,B25,133.0212,0.207191,24.4909,152.4949,0.1747,28.796,BIEN,18.8062,0.902166,5.8693,14.6395,0.194529,0.194624,6.1112,6.0655,1,1,52.268,16257024.0
d0131,abierto,B40,133.0212,0.207191,39.4969,145.6542,0.3571,30.0085,BIEN,20.6699,0.923485,7.5042,9.497,0.190597,0.193276,8.0092,6.7163,1,1,64.055,16257024.0
d0184,abierto,B5,137.2668,0.207389,4.3743,46.6001,99.9884,15.5254,CRITICA,8.4952,0.510182,15.1434,66.0515,0.204066,0.216015,1.6024,4.1594,1,1,57.011,16257024.0
d0184,abierto,B10,137.2668,0.207389,9.5043,84.9684,44.4002,23.0466,BIEN,12.9411,0.816647,10.2521,38.0998,0.217624,0.192554,4.9351,7.1534,1,1,62.754,16257024.0
d0184,abierto,B15,137.2668,0.207389,14.4433,113.6368,12.1349,26.4381,BIEN,18.0287,0.911186,7.9878,17.2147,0.213504,0.17981,2.9483,13.2982,1,1,66.622,16257024.0
d0184,abierto,B25,137.2668,0.207389,24.507,153.0134,0.0621,27.5631,BIEN,19.3254,0.907685,5.8479,11.4715,0.195988,0.195144,5.4973,5.9042,1,1,64.341,16257024.0
d0184,abierto,B40,137.2668,0.207389,39.4935,146.0809,0.1902,28.8371,BIEN,21.0729,0.927846,7.4816,6.4211,0.199715,0.205891,3.7003,0.7222,1,1,64.983,16257024.0
d0342,abierto,B5,135.2343,0.21457,4.3668,46.4073,99.9942,15.8238,CRITICA,8.6796,0.510712,15.1698,65.6838,0.211259,0.202131,1.543,5.797,1,1,65.691,16257024.0
d0342,abierto,B10,135.2343,0.21457,9.5166,84.8871,44.2489,23.4656,BIEN,13.2544,0.818604,10.2626,37.2296,0.211259,0.180989,1.543,15.6505,1,1,65.901,16257024.0
d0342,abierto,B15,135.2343,0.21457,14.405,113.3281,15.1817,27.1439,BIEN,18.5234,0.912259,8.0086,16.1987,0.2104,0.185365,1.9434,13.611,1,1,63.483,16257024.0
d0342,abierto,B25,135.2343,0.21457,24.4755,152.7463,0.13,28.4157,BIEN,19.143,0.903835,5.8634,12.9494,0.204241,0.189611,4.8136,11.6322,1,1,63.698,16257024.0
d0342,abierto,B40,135.2343,0.21457,39.5214,145.8862,0.3707,29.6319,BIEN,20.9686,0.924679,7.4946,7.8766,0.20682,0.204253,3.612,4.8083,1,1,47.747,16257024.0
d0374,abierto,B5,134.0837,0.201444,4.363,46.4747,99.9845,15.8399,CRITICA,8.796,0.513758,15.1601,65.3391,0.210611,0.213874,4.5504,6.1704,1,1,65.795,16257024.0
d0374,abierto,B10,134.0837,0.201444,9.5083,84.8568,45.2561,23.4456,BIEN,13.4316,0.82045,10.2669,36.7136,0.201298,0.183553,0.0729,8.8817,1,1,62.754,16257024.0
d0374,abierto,B15,134.0837,0.201444,14.4255,113.4684,14.619,27.0199,BIEN,18.8157,0.912377,8.0027,15.375,0.198937,0.197722,1.2445,1.8479,1,1,66.499,16257024.0
d0374,abierto,B25,134.0837,0.201444,24.4761,152.7791,0.0796,28.2442,BIEN,18.9276,0.901595,5.8628,13.943,0.200954,0.196928,0.2432,2.2419,1,1,55.126,16257024.0
d0374,abierto,B40,134.0837,0.201444,39.5177,145.8604,0.2892,29.5262,BIEN,20.804,0.923092,7.4978,8.7831,0.202494,0.213891,0.521,6.1789,1,1,65.123,16257024.0
d0398,abierto,B5,135.0996,0.222484,4.3614,46.3649,99.9942,15.8755,CRITICA,8.6871,0.512393,15.1737,65.6809,0.204116,0.215221,8.2558,3.2645,1,1,66.124,16257024.0
d0398,abierto,B10,135.0996,0.222484,9.5073,84.8116,44.2489,23.5847,BIEN,13.2608,0.818606,10.2685,37.2229,0.224283,0.189495,0.8087,14.8276,1,1,64.122,16257024.0
d0398,abierto,B15,135.0996,0.222484,14.3884,113.2342,15.6029,27.3114,BIEN,18.5319,0.911831,8.0134,16.1847,0.225396,0.190282,1.309,14.4735,1,1,64.318,16257024.0
d0398,abierto,B25,135.0996,0.222484,24.4806,152.6981,0.2096,28.6488,BIEN,19.1229,0.90329,5.8644,13.0263,0.211518,0.202991,4.9285,8.7613,1,1,67.497,16257024.0
d0398,abierto,B40,135.0996,0.222484,39.5208,145.8427,0.4192,29.8206,BIEN,20.9439,0.924246,7.4961,7.952,0.216711,0.210124,2.5946,5.5554,1,1,64.121,16257024.0
d0416,abierto,B5,134.9502,0.218655,4.3936,46.66,99.9864,15.5569,CRITICA,8.7332,0.519498,15.132,65.4243,0.213826,0.210229,2.2089,3.8536,1,1,48.622,16257024.0
d0416,abierto,B10,134.9502,0.218655,9.5313,85.0716,43.8569,23.068,BIEN,13.3388,0.824479,10.2447,36.9608,0.227116,0.187444,3.8695,14.2745,1,1,65.59,16257024.0
d0416,abierto,B15,134.9502,0.218655,14.4773,113.9294,13.0334,26.4475,BIEN,18.7183,0.915616,7.9689,15.5767,0.21979,0.189145,0.5191,13.4962,1,1,61.973,16257024.0
d0416,abierto,B25,134.9502,0.218655,24.4771,153.0017,0.0796,27.7882,BIEN,19.1003,0.907309,5.8461,13.3764,0.21654,0.200603,0.9677,8.2561,1,1,64.961,16257024.0
d0416,abierto,B40,134.9502,0.218655,39.5131,146.0664,0.2329,29.0167,BIEN,20.9763,0.9278,7.48,8.2372,0.218681,0.211041,0.0115,3.4825,1,1,54.276,16257024.0
d0417,abierto,B5,133.4991,0.212267,4.3628,46.4384,99.9825,15.7858,CRITICA,8.8426,0.518323,15.1552,65.2144,0.211059,0.20402,0.5691,3.8851,1,1,63.647,16257024.0
d0417,abierto,B10,133.4991,0.212267,9.5075,84.8984,44.8155,23.3167,BIEN,13.5246,0.825193,10.2559,36.4053,0.220666,0.188556,3.9566,11.1705,1,1,65.181,16257024.0
d0417,abierto,B15,133.4991,0.212267,14.4419,113.5712,13.5205,26.8154,BIEN,18.9732,0.914405,7.9897,14.9274,0.207603,0.192992,2.1972,9.0807,1,1,66.627,16257024.0
d0417,abierto,B25,133.4991,0.212267,24.4732,152.8355,0.0757,28.0344,BIEN,18.8594,0.903406,5.8556,14.4843,0.202804,0.20893,4.4581,1.5719,1,1,49.741,16257024.0
d0417,abierto,B40,133.4991,0.212267,39.5191,145.9112,0.2639,29.3283,BIEN,20.7528,0.92476,7.4902,9.2975,0.206466,0.204145,2.7329,3.8263,1,1,64.662,16257024.0
d0467,abierto,B5,133.9749,0.209164,4.3693,46.4944,99.9787,15.7775,CRITICA,8.809,0.51838,15.1525,65.2962,0.211594,0.214472,1.1615,2.5375,1,1,64.439,16257024.0
d0467,abierto,B10,133.9749,0.209164,9.512,84.9602,44.3575,23.3403,BIEN,13.4672,0.82386,10.2545,36.585,0.215366,0.188544,2.965,9.8584,1,1,63.857,16257024.0
d0467,abierto,B15,133.9749,0.209164,14.4267,113.4899,14.8091,26.972,BIEN,18.8786,0.914429,7.9963,15.2902,0.205337,0.190481,1.83,8.9324,1,1,63.2,16257024.0
d0467,abierto,B25,133.9749,0.209164,24.4719,152.7907,0.132,28.2455,BIEN,18.9606,0.903299,5.859,14.0442,0.199275,0.195315,4.7281,6.6214,1,1,66.369,16257024.0
d0467,abierto,B40,133.9749,0.209164,39.5239,145.9024,0.293,29.4749,BIEN,20.8453,0.924854,7.4922,8.9027,0.202062,0.205912,3.3957,1.5551,1,1,65.783,16257024.0
d0567,abierto,B5,131.7498,0.216509,4.3538,46.4328,99.9825,15.966,CRITICA,9.0193,0.528915,15.1714,64.7568,0.209461,0.207998,3.2555,3.931,1,1,66.537,16257024.0
d0567,abierto,B10,131.7498,0.216509,9.4995,84.7774,45.9198,23.6222,BIEN,13.8011,0.83358,10.2784,35.6527,0.206463,0.18578,4.6403,14.1933,1,1,66.677,16257024.0
d0567,abierto,B15,131.7498,0.216509,14.4153,113.3858,13.6486,27.1628,BIEN,19.3591,0.91931,8.0176,13.9385,0.207638,0.194344,4.0974,10.2375,1,1,66.218,16257024.0
d0567,abierto,B25,131.7498,0.216509,24.4595,152.6261,0.1979,28.4061,BIEN,18.546,0.902847,5.8822,15.8454,0.19966,0.192251,7.7822,11.2043,1,1,66.081,16257024.0
d0567,abierto,B40,131.7498,0.216509,39.5194,145.7405,0.4095,29.6601,BIEN,20.4363,0.924632,7.5179,10.6192,0.207096,0.202279,4.348,6.5728,1,1,65.437,16257024.0
d0600,abierto,B5,132.3324,0.233118,4.3555,46.4786,99.9806,15.8818,CRITICA,8.9675,0.523419,15.1675,64.8774,0.228298,0.211567,2.0678,9.2449,1,1,64.796,16257024.0
d0600,abierto,B10,132.3324,0.233118,9.5119,84.832,45.2308,23.5392,BIEN,13.7161,0.829393,10.2738,35.8948,0.236303,0.200832,1.366,13.8498,1,1,64.509,16257024.0
d0600,abierto,B15,132.3324,0.233118,14.43,113.4217,14.5801,27.1389,BIEN,19.2501,0.91693,8.0115,14.2903,0.227251,0.205891,2.5168,11.6794,1,1,65.926,16257024.0
d0600,abierto,B25,132.3324,0.233118,24.4622,152.6951,0.1436,28.3673,BIEN,18.6518,0.901824,5.8726,15.3876,0.228739,0.212832,1.8785,8.7022,1,1,48.975,16257024.0
d0600,abierto,B40,132.3324,0.233118,39.5169,145.7918,0.3804,29.6415,BIEN,20.5536,0.923569,7.5083,10.1709,0.226934,0.229027,2.6529,1.7548,1,1,64.641,16257024.0
d0767,abierto,B5,136.2842,0.204385,4.3718,46.5651,99.9767,15.2008,CRITICA,8.6079,0.512212,15.1765,65.8323,0.210637,nan,3.0586,nan,1,1,62.571,16257024.0
d0767,abierto,B10,136.2842,0.204385,9.5076,84.9535,44.179,22.5829,BIEN,13.1239,0.818134,10.2726,37.6645,0.222378,0.180713,8.8035,11.582,1,1,62.014,16257024.0
d0767,abierto,B15,136.2842,0.204385,14.4473,113.7084,10.8269,25.9189,BIEN,18.3625,0.912607,7.9961,16.5652,0.204758,0.18822,0.1826,7.9093,1,1,66.2,16257024.0
d0767,abierto,B25,136.2842,0.204385,24.5108,153.0762,0.0815,27.1533,BIEN,19.2732,0.907698,5.8531,12.3213,0.203625,0.184457,0.3722,9.7502,1,1,66.83,16257024.0
d0767,abierto,B40,136.2842,0.204385,39.5065,146.1898,0.1921,28.3455,BIEN,21.0707,0.927491,7.4827,7.2684,0.207936,0.197562,1.7373,3.3383,1,1,63.49,16257024.0
d0853,abierto,B5,135.4113,0.209141,4.3398,46.4838,99.9748,15.5322,CRITICA,8.6788,0.513763,15.1796,65.6721,0.205626,0.216076,1.6807,3.3158,1,1,48.776,16257024.0
d0853,abierto,B10,135.4113,0.209141,9.5068,84.9245,44.474,22.8812,BIEN,13.2406,0.819996,10.2726,37.284,0.202498,0.187471,3.1763,10.3613,1,1,66.169,16257024.0
d0853,abierto,B15,135.4113,0.209141,14.4344,113.5366,10.6581,26.3548,BIEN,18.5033,0.912547,8.0089,16.1543,0.211551,0.18511,1.1521,11.4904,1,1,67.125,16257024.0
d0853,abierto,B25,135.4113,0.209141,24.5187,152.9358,0.1358,27.4948,BIEN,19.0823,0.904719,5.8634,12.9417,0.201212,0.184996,3.7911,11.545,1,1,66.704,16257024.0
d0853,abierto,B40,135.4113,0.209141,39.4795,146.0229,0.3726,28.7135,BIEN,20.9063,0.925768,7.4967,7.8366,0.208625,0.198324,0.2467,5.1724,1,1,48.236,16257024.0
d0866,abierto,B5,136.9556,0.225879,4.3582,46.5934,99.9787,15.68,CRITICA,8.5278,0.509351,15.1586,65.9792,0.219731,nan,2.7217,nan,1,1,67.569,16257024.0
d0866,abierto,B10,136.9556,0.225879,9.518,84.9051,45.2056,23.2,BIEN,12.9789,0.81599,10.2698,38.0054,0.218648,0.194739,3.2014,13.7861,1,1,65.226,16257024.0
d0866,abierto,B15,136.9556,0.225879,14.4302,113.5197,12.6492,26.6535,BIEN,18.061,0.911193,8.007,17.1121,0.214339,0.191681,5.109,15.1401,1,1,66.391,16257024.0
d0866,abierto,B25,136.9556,0.225879,24.4954,152.8023,0.1048,27.8881,BIEN,19.2653,0.906876,5.8687,11.5707,0.21067,0.201477,6.7334,10.8033,1,1,64.029,16257024.0
d0866,abierto,B40,136.9556,0.225879,39.5096,145.9272,0.2736,29.1113,BIEN,20.9884,0.927074,7.5012,6.5507,0.208573,0.203886,7.6618,9.7365,1,1,68.387,16257024.0
d0903,abierto,B5,135.564,0.204794,4.3532,46.5398,99.9884,15.7516,CRITICA,8.6566,0.513651,15.1605,65.6695,0.216186,0.218643,5.5628,6.7621,1,1,63.62,16257024.0
d0903,abierto,B10,135.564,0.204794,9.5124,84.8437,44.8796,23.2104,BIEN,13.1877,0.819761,10.2727,37.4143,0.212405,0.19331,3.7165,5.6079,1,1,65.616,16257024.0
d0903,abierto,B15,135.564,0.204794,14.4411,113.5007,11.7526,26.7486,BIEN,18.4167,0.913477,8.0056,16.2752,0.208926,0.188477,2.0176,7.9675,1,1,65.987,16257024.0
d0903,abierto,B25,135.564,0.204794,24.5022,152.8041,0.1242,27.9109,BIEN,19.0876,0.90582,5.8684,12.7173,0.204848,0.195248,0.0261,4.6612,1,1,66.739,16257024.0
d0903,abierto,B40,135.564,0.204794,39.4947,145.9068,0.3629,29.1372,BIEN,20.8785,0.926425,7.502,7.6295,0.207243,0.204385,1.1957,0.1996,1,1,65.684,16257024.0
d0929,abierto,B5,136.7708,0.182757,4.3466,46.6193,99.9825,15.3716,CRITICA,8.5733,0.514306,15.1747,65.9143,0.171629,0.203865,6.0889,11.5495,1,1,49.731,16257024.0
d0929,abierto,B10,136.7708,0.182757,9.51,84.9371,45.4307,22.6962,BIEN,13.0498,0.819316,10.2823,37.8982,0.181506,0.163506,0.6849,10.5338,1,1,65.963,16257024.0
d0929,abierto,B15,136.7708,0.182757,14.4357,113.6413,10.8618,25.979,BIEN,18.1955,0.913379,8.0111,16.9111,0.178896,0.161479,2.1127,11.6428,1,1,66.198,16257024.0
d0929,abierto,B25,136.7708,0.182757,24.4939,152.9807,0.0815,27.2006,BIEN,19.275,0.908521,5.8669,11.8519,0.168227,0.163908,7.9508,10.3136,1,1,60.894,16257024.0
d0929,abierto,B40,136.7708,0.182757,39.512,146.1411,0.229,28.3602,BIEN,21.0211,0.928329,7.496,6.8511,0.169712,0.157428,7.1378,13.8593,1,1,65.844,16257024.0
d0974,abierto,B5,134.2066,0.208781,4.3504,46.51,99.9787,15.6784,CRITICA,8.7852,0.519671,15.1654,65.3445,0.205017,0.214483,1.8031,2.7311,1,1,66.365,16257024.0
d0974,abierto,B10,134.2066,0.208781,9.5034,84.8634,45.5181,23.1377,BIEN,13.4076,0.824965,10.2728,36.7666,0.20543,0.184915,1.6051,11.4314,1,1,66.165,16257024.0
d0974,abierto,B15,134.2066,0.208781,14.4431,113.497,10.7803,26.5299,BIEN,18.7535,0.915455,8.0086,15.4311,0.200896,0.173296,3.7766,16.9962,1,1,65.02,16257024.0
d0974,abierto,B25,134.2066,0.208781,24.5133,152.8009,0.1358,27.7668,BIEN,18.9085,0.904837,5.8697,13.855,0.188526,0.180577,9.7014,13.509,1,1,66.097,16257024.0
d0974,abierto,B40,134.2066,0.208781,39.485,145.9199,0.3784,28.9828,BIEN,20.7515,0.925987,7.5038,8.7278,0.189123,0.190642,9.4159,8.6883,1,1,64.611,16257024.0
d1012,abierto,B5,134.735,0.205228,4.3656,46.6304,99.969,15.6029,CRITICA,8.7404,0.520143,15.1486,65.391,0.205234,0.194523,0.003,5.2162,1,1,64.821,16257024.0
d1012,abierto,B10,134.735,0.205228,9.5058,84.8411,45.0465,23.0799,BIEN,13.315,0.824078,10.2734,37.0311,0.198828,0.196601,3.1187,4.2038,1,1,43.324,16257024.0
d1012,abierto,B15,134.735,0.205228,14.4739,113.6792,10.6445,26.4407,BIEN,18.6213,0.91596,7.996,15.6276,0.209635,0.183885,2.1472,10.3995,1,1,62.412,16257024.0
d1012,abierto,B25,134.735,0.205228,24.5024,152.7741,0.13,27.8008,BIEN,18.9845,0.906654,5.8705,13.3886,0.204356,0.197013,0.4248,4.0028,1,1,64.14,16257024.0
d1012,abierto,B40,134.735,0.205228,39.4901,145.9219,0.3299,29.0017,BIEN,20.7974,0.927283,7.5025,8.3029,0.20558,0.195752,0.1714,4.6175,1,1,64.966,16257024.0
e0058,abierto,B5,97.7452,0.304804,4.5153,44.559,73.5159,30.3491,CRITICA,12.3923,0.620275,14.7249,54.4131,0.317861,0.220527,4.2838,27.6495,1,1,65.859,16257024.0
e0058,abierto,B10,97.7452,0.304804,9.5117,78.7401,56.1431,44.6034,CRITICA,19.5825,0.919694,10.3845,19.4435,0.303443,0.272435,0.4466,10.6196,1,1,65.981,16257024.0
e0058,abierto,B15,97.7452,0.304804,14.5028,103.587,41.9628,51.9552,BIEN,23.8906,0.922703,8.4498,5.9766,0.302472,0.289122,0.7649,5.145,1,1,66.701,16257024.0
e0058,abierto,B25,97.7452,0.304804,24.528,137.49,20.7359,56.3035,BIEN,15.5431,0.794904,6.738,40.6617,0.299828,0.304093,1.6326,0.2332,1,1,65.65,16257024.0
e0058,abierto,B40,97.7452,0.304804,39.522,132.2607,24.5939,57.5146,BIEN,16.7674,0.832393,8.4782,35.3117,0.297299,0.301105,2.4622,1.2135,1,1,65.692,16257024.0
e0168,abierto,B5,94.2794,0.302774,4.528,44.5384,71.8644,30.781,CRITICA,12.9148,0.636094,14.6925,52.7591,0.30335,0.208551,0.1904,31.1197,1,1,64.851,16257024.0
e0168,abierto,B10,94.2794,0.302774,9.5005,78.3708,56.2887,45.3642,CRITICA,20.7043,0.920559,10.3799,16.8739,0.303305,0.260787,0.1757,13.8673,1,1,65.134,16257024.0
e0168,abierto,B15,94.2794,0.302774,14.5301,103.2229,43.3251,52.9123,BIEN,23.8231,0.913985,8.4539,9.4863,0.295968,0.296154,2.2478,2.1862,1,1,51.586,16257024.0
e0168,abierto,B25,94.2794,0.302774,24.5206,136.6813,21.9721,57.3551,BIEN,15.1391,0.782028,6.775,44.9748,0.31058,0.304643,2.5784,0.6174,1,1,66.174,16257024.0
e0168,abierto,B40,94.2794,0.302774,39.49,131.4286,26.2182,58.6589,BIEN,16.2955,0.819996,8.5264,39.4034,0.299239,0.306715,1.1674,1.3019,1,1,65.333,16257024.0
e0202,abierto,B5,95.4639,0.309876,4.4855,44.5556,72.2215,30.5763,CRITICA,12.776,0.625055,14.7137,53.3273,0.309312,0.22356,0.1821,27.855,1,1,60.57,16257024.0
e0202,abierto,B10,95.4639,0.309876,9.5039,78.6091,55.3455,45.1369,CRITICA,20.5054,0.916265,10.3699,17.6557,0.306697,0.259913,1.026,16.1237,1,1,63.907,16257024.0
e0202,abierto,B15,95.4639,0.309876,14.5374,103.5078,42.6828,52.6315,BIEN,24.1088,0.917825,8.4351,8.4261,0.304346,0.285875,1.7846,7.7453,1,1,62.389,16257024.0
e0202,abierto,B25,95.4639,0.309876,24.5276,137.1351,22.2768,57.2694,BIEN,15.2755,0.789159,6.7388,43.6512,0.300475,0.309962,3.034,0.0276,1,1,62.605,16257024.0
e0202,abierto,B40,95.4639,0.309876,39.5122,131.852,26.0727,58.526,BIEN,16.4514,0.826383,8.4806,38.1171,0.308546,0.314602,0.4293,1.525,1,1,66.164,16257024.0
e0205,abierto,B5,98.4094,0.33,4.4491,44.3072,75.5536,29.8024,CRITICA,12.306,0.618296,14.7608,54.9767,0.325982,0.20447,1.2178,38.0395,1,1,65.95,16257024.0
e0205,abierto,B10,98.4094,0.33,9.515,78.8414,54.2471,45.0589,CRITICA,19.6642,0.916868,10.3464,19.8843,0.327618,0.259134,0.7219,21.4746,1,1,63.497,16257024.0
e0205,abierto,B15,98.4094,0.33,14.5363,103.7399,42.1374,52.7577,BIEN,24.5408,0.92492,8.3992,5.4167,0.329753,0.29544,0.0749,10.4729,1,1,64.605,16257024.0
e0205,abierto,B25,98.4094,0.33,24.5233,137.3743,22.8861,57.8525,BIEN,15.7605,0.804263,6.6976,39.5946,0.329192,0.323927,0.2449,1.8404,1,1,65.302,16257024.0
e0205,abierto,B40,98.4094,0.33,39.5083,132.1095,26.6025,58.9343,BIEN,17.0064,0.84084,8.4338,34.2448,0.331234,0.313335,0.374,5.05,1,1,67.032,16257024.0
e0278,abierto,B5,92.0341,0.302913,4.5315,44.3398,72.6892,30.7738,CRITICA,13.2689,0.64973,14.6967,51.8224,0.296084,0.208646,2.2545,31.1202,1,1,64.219,16257024.0
e0278,abierto,B10,92.0341,0.302913,9.481,78.2327,56.7874,45.4944,CRITICA,21.4613,0.92261,10.3948,14.9959,0.291339,0.266746,3.821,11.9397,1,1,65.386,16257024.0
e0278,abierto,B15,92.0341,0.302913,14.5308,103.0931,43.7016,52.7491,BIEN,23.3669,0.909666,8.4761,12.0163,0.305391,0.290651,0.818,4.048,1,1,63.418,16257024.0
e0278,abierto,B25,92.0341,0.302913,24.5301,136.4999,21.8964,57.1498,BIEN,14.7861,0.771716,6.8004,48.3145,0.295427,0.310825,2.4713,2.6119,1,1,62.611,16257024.0
e0278,abierto,B40,92.0341,0.302913,39.4937,131.1615,25.7253,58.5749,BIEN,15.9076,0.809883,8.5612,42.5141,0.305737,0.300502,0.9322,0.7959,1,1,64.789,16257024.0
e0281,abierto,B5,90.3227,0.304354,4.4812,43.9448,73.5955,30.7804,CRITICA,13.5037,0.650015,14.7272,51.3468,0.301262,0.206851,1.0158,32.036,1,1,66.485,16257024.0
e0281,abierto,B10,90.3227,0.304354,9.4847,77.9225,57.653,45.7058,CRITICA,22.0,0.921433,10.4169,13.7288,0.303976,0.266934,0.1241,12.2948,1,1,60.061,16257024.0
e0281,abierto,B15,90.3227,0.304354,14.4934,102.585,43.8239,53.0074,BIEN,23.1383,0.905477,8.5159,13.5761,0.306821,0.308665,0.8106,1.4163,1,1,62.072,16257024.0
e0281,abierto,B25,90.3227,0.304354,24.5189,136.2805,21.3375,56.7731,BIEN,14.5562,0.762658,6.8384,50.8818,0.316863,0.30627,4.1099,0.6295,1,1,64.571,16257024.0
e0281,abierto,B40,90.3227,0.304354,39.5185,130.9821,25.4478,58.2453,BIEN,15.6351,0.801456,8.6039,45.0157,0.311184,0.315039,2.2442,3.5109,1,1,64.125,16257024.0
e0287,abierto,B5,94.9805,0.30329,4.5325,44.8133,72.0158,30.7186,CRITICA,12.8502,0.639532,14.6667,52.8184,0.317297,0.211379,4.6182,30.3046,1,1,62.331,16257024.0
e0287,abierto,B10,94.9805,0.30329,9.5362,78.6607,55.9607,45.3843,CRITICA,20.6003,0.918846,10.3572,17.1822,0.30991,0.262739,2.1826,13.3704,1,1,65.72,16257024.0
e0287,abierto,B15,94.9805,0.30329,14.5739,103.4314,43.2067,52.938,BIEN,23.9766,0.915685,8.4353,8.8976,0.297566,0.293828,1.8875,3.1198,1,1,61.446,16257024.0
e0287,abierto,B25,94.9805,0.30329,24.5528,136.8207,22.3311,57.6492,BIEN,15.2447,0.786395,6.7573,44.0514,0.293285,0.309358,3.2989,2.0007,1,1,66.194,16257024.0
e0287,abierto,B40,94.9805,0.30329,39.5282,131.5361,25.9349,58.9641,BIEN,16.4242,0.824181,8.5062,38.4876,0.305194,0.292158,0.6277,3.6704,1,1,64.747,16257024.0
e0300,abierto,B5,92.9129,0.311715,4.5467,44.4993,72.2467,30.7778,CRITICA,13.1632,0.644944,14.6946,52.1064,0.301378,0.212219,3.3162,31.919,1,1,64.247,16257024.0
e0300,abierto,B10,92.9129,0.311715,9.5036,78.3741,56.4963,45.2965,CRITICA,21.2426,0.918581,10.3879,15.6478,0.322067,0.259763,3.3211,16.6665,1,1,66.328,16257024.0
e0300,abierto,B15,92.9129,0.311715,14.5205,103.2592,42.968,52.658,BIEN,23.5966,0.909344,8.4643,11.1355,0.31381,0.293144,0.6722,5.9577,1,1,51.378,16257024.0
e0300,abierto,B25,92.9129,0.311715,24.5209,136.6104,22.172,57.3381,BIEN,14.9245,0.777403,6.7844,47.0305,0.294111,0.305588,5.6474,1.9655,1,1,65.787,16257024.0
e0300,abierto,B40,92.9129,0.311715,39.5021,131.379,25.8282,58.5548,BIEN,16.0441,0.814695,8.5358,41.4001,0.29812,0.319042,4.3614,2.3506,1,1,64.914,16257024.0
e0322,abierto,B5,97.0838,0.301221,4.4385,44.3346,75.0742,30.1489,CRITICA,12.4918,0.617775,14.7475,54.3337,0.304981,0.21501,1.2482,28.6204,1,1,68.271,16257024.0
e0322,abierto,B10,97.0838,0.301221,9.4962,78.6703,54.4509,45.4613,CRITICA,20.0434,0.915647,10.3468,18.9666,0.286356,0.256073,4.9349,14.9882,1,1,66.025,16257024.0
e0322,abierto,B15,97.0838,0.301221,14.5322,103.5119,42.7779,53.1299,BIEN,24.4861,0.922153,8.4081,6.6212,0.290933,0.283138,3.4154,6.0031,1,1,64.136,16257024.0
e0322,abierto,B25,97.0838,0.301221,24.5289,136.9142,22.8939,58.4111,BIEN,15.6002,0.797343,6.7174,41.0268,0.294422,0.302331,2.257,0.3687,1,1,66.819,16257024.0
e0322,abierto,B40,97.0838,0.301221,39.521,131.7716,26.5501,59.3382,BIEN,16.8004,0.834066,8.4545,35.7298,0.284136,0.301368,5.6719,0.0488,1,1,63.695,16257024.0
e0374,abierto,B5,93.7322,0.309423,4.5277,44.6424,72.1691,30.8955,CRITICA,13.0472,0.64141,14.6728,52.3724,0.296948,0.200648,4.0316,35.1541,1,1,62.646,16257024.0
e0374,abierto,B10,93.7322,0.309423,9.505,78.3627,55.9471,45.5853,CRITICA,21.0301,0.920892,10.3695,16.3972,0.298285,0.254141,3.5996,17.8663,1,1,65.746,16257024.0
e0374,abierto,B15,93.7322,0.309423,14.548,103.2517,43.2475,53.1323,BIEN,23.8594,0.913206,8.4424,10.1561,0.314459,0.274748,1.6274,11.2064,1,1,61.262,16257024.0
e0374,abierto,B25,93.7322,0.309423,24.5641,136.6566,22.3563,57.8702,BIEN,15.0546,0.782058,6.7643,45.7947,0.310693,0.30283,0.4105,2.1307,1,1,41.164,16257024.0
e0374,abierto,B40,93.7322,0.309423,39.5022,131.3043,26.2105,59.2041,BIEN,16.2175,0.820743,8.5174,40.0845,0.311409,0.302094,0.6417,2.3685,1,1,67.084,16257024.0
e0553,abierto,B5,97.4391,0.302765,4.5225,44.6806,73.8827,29.9916,CRITICA,12.4833,0.622106,14.7482,54.1451,0.310889,0.202248,2.6832,33.1997,1,1,67.259,16257024.0
e0553,abierto,B10,97.4391,0.302765,9.522,78.9346,55.8093,43.9962,CRITICA,19.7653,0.921209,10.3981,18.9908,0.318666,0.269283,5.2518,11.0588,1,1,62.431,16257024.0
e0553,abierto,B15,97.4391,0.302765,14.5623,104.1566,41.7978,51.1738,BIEN,23.7961,0.921949,8.441,6.8941,0.331363,0.299066,9.4454,1.2219,1,1,50.414,16257024.0
e0553,abierto,B25,97.4391,0.302765,24.5249,137.9153,20.3652,55.5314,BIEN,15.4263,0.794499,6.7278,41.5401,0.323135,0.318315,6.7278,5.136,1,1,62.913,16257024.0
e0553,abierto,B40,97.4391,0.302765,39.4982,132.5813,24.1844,56.8501,BIEN,16.6572,0.832228,8.4675,36.0659,0.327611,0.308468,8.2061,1.8836,1,1,65.019,16257024.0
e0647,abierto,B5,97.3769,0.310426,4.444,44.3662,77.568,29.9116,CRITICA,12.465,0.618657,14.748,54.4387,0.311745,0.21496,0.4249,30.7532,1,1,64.809,16257024.0
e0647,abierto,B10,97.3769,0.310426,9.5042,78.7941,54.3092,45.2105,CRITICA,19.9908,0.915131,10.3457,19.0834,0.305052,0.253115,1.7311,18.4621,1,1,65.24,16257024.0
e0647,abierto,B15,97.3769,0.310426,14.5651,103.7229,42.1025,52.8699,BIEN,24.4776,0.920928,8.3972,6.517,0.313603,0.287121,1.0237,7.5072,1,1,67.197,16257024.0
e0647,abierto,B25,97.3769,0.310426,24.526,137.0773,23.1132,58.2457,BIEN,15.6364,0.799427,6.7088,40.7698,0.29538,0.298959,4.8467,3.6937,1,1,63.511,16257024.0
e0647,abierto,B40,97.3769,0.310426,39.521,131.9091,26.5714,59.2464,BIEN,16.8423,0.836516,8.4438,35.4624,0.289344,0.29663,6.7912,4.4442,1,1,67.669,16257024.0
e0680,abierto,B5,96.8882,0.30741,4.4513,44.5563,74.2339,29.8734,CRITICA,12.5775,0.626174,14.7607,54.0126,0.325111,0.197099,5.7583,35.8839,1,1,61.598,16257024.0
e0680,abierto,B10,96.8882,0.30741,9.4937,78.9136,53.6436,44.7528,CRITICA,20.178,0.919158,10.3649,18.5518,0.315311,0.244482,2.5702,20.4702,1,1,65.984,16257024.0
e0680,abierto,B15,96.8882,0.30741,14.5351,103.8922,41.5436,52.2857,BIEN,24.2819,0.921885,8.4183,7.229,0.311335,0.280614,1.277,8.7165,1,1,66.903,16257024.0
e0680,abierto,B25,96.8882,0.30741,24.5217,137.4942,22.1623,57.3121,BIEN,15.4432,0.797789,6.7102,41.9102,0.300583,0.304066,2.2209,1.0878,1,1,39.749,16257024.0
e0680,abierto,B40,96.8882,0.30741,39.5018,132.2769,26.0669,58.3008,BIEN,16.6385,0.834311,8.4445,36.5253,0.299595,0.305207,2.5423,0.7166,1,1,67.128,16257024.0
e0737,abierto,B5,93.8367,0.297349,4.5162,44.8107,74.1874,29.5195,CRITICA,13.1767,0.643125,14.7859,52.2461,0.289991,0.204319,2.4745,31.2862,1,1,62.354,16257024.0
e0737,abierto,B10,93.8367,0.297349,9.4998,79.1584,53.6804,43.4372,CRITICA,21.32,0.921617,10.4178,15.6423,0.298421,0.244988,0.3608,17.6092,1,1,64.944,16257024.0
e0737,abierto,B15,93.8367,0.297349,14.5138,104.3204,40.7188,50.6064,BIEN,23.5661,0.91584,8.4568,11.1723,0.294614,0.266317,0.9195,10.4361,1,1,66.097,16257024.0
e0737,abierto,B25,93.8367,0.297349,24.5177,138.4804,19.6821,54.8355,BIEN,14.7561,0.783177,6.7139,47.576,0.290035,0.270168,2.4597,9.1409,1,1,63.82,16257024.0
e0737,abierto,B40,93.8367,0.297349,39.5241,133.1356,23.9904,56.036,BIEN,15.8772,0.819958,8.4445,41.8801,0.293153,0.2749,1.4111,7.5494,1,1,63.824,16257024.0
e0758,abierto,B5,96.961,0.286294,4.4532,44.6292,75.1829,29.5164,CRITICA,12.603,0.626912,14.7828,53.972,0.307751,0.196949,7.4946,31.2075,1,1,48.125,16257024.0
e0758,abierto,B10,96.961,0.286294,9.4967,79.1197,53.696,44.3048,CRITICA,20.2394,0.918328,10.3746,18.4005,0.288762,0.237214,0.8619,17.1432,1,1,67.525,16257024.0
e0758,abierto,B15,96.961,0.286294,14.5379,104.1974,41.2059,51.6887,BIEN,24.2677,0.920896,8.4195,7.4633,0.29176,0.266057,1.9092,7.0687,1,1,63.686,16257024.0
e0758,abierto,B25,96.961,0.286294,24.5208,137.9869,21.6791,56.6096,BIEN,15.3793,0.797579,6.6963,42.3117,0.296234,0.277496,3.4718,3.073,1,1,63.677,16257024.0
e0758,abierto,B40,96.961,0.286294,39.5139,132.6835,25.3003,57.581,BIEN,16.5833,0.834907,8.43,36.8421,0.295555,0.294774,3.2346,2.962,1,1,63.392,16257024.0
e0831,abierto,B5,92.2407,0.301837,4.535,44.4735,73.0928,30.5114,CRITICA,13.2821,0.64695,14.7167,51.7854,0.302958,0.193176,0.3713,35.9998,1,1,65.102,16257024.0
e0831,abierto,B10,92.2407,0.301837,9.4838,78.4775,55.6774,45.0542,CRITICA,21.5037,0.922816,10.4023,14.921,0.287803,0.249007,4.6493,17.5028,1,1,63.326,16257024.0
e0831,abierto,B15,92.2407,0.301837,14.523,103.3251,42.9079,52.2417,BIEN,23.3737,0.910544,8.4743,12.0168,0.305269,0.278514,1.1372,7.727,1,1,50.988,16257024.0
e0831,abierto,B25,92.2407,0.301837,24.519,136.9832,21.8925,56.6116,BIEN,14.7427,0.772563,6.7819,48.5062,0.303826,0.297681,0.659,1.3767,1,1,63.771,16257024.0
e0831,abierto,B40,92.2407,0.301837,39.5275,131.6029,25.8689,57.9968,BIEN,15.8609,0.810347,8.536,42.6734,0.295606,0.290154,2.0643,3.8704,1,1,67.163,16257024.0
e0861,abierto,B5,93.7521,0.299382,4.5154,44.5575,73.9816,30.6518,CRITICA,13.0586,0.640417,14.7024,52.4731,0.308436,0.206879,3.024,30.8981,1,1,66.98,16257024.0
e0861,abierto,B10,93.7521,0.299382,9.5092,78.4489,54.6682,45.3914,CRITICA,21.1266,0.918261,10.3704,16.3231,0.301723,0.247885,0.7819,17.2011,1,1,48.981,16257024.0
e0861,abierto,B15,93.7521,0.299382,14.5171,103.1854,42.5062,53.1138,BIEN,23.9801,0.913783,8.4416,10.0619,0.296167,0.279586,1.0739,6.6122,1,1,65.507,16257024.0
e0861,abierto,B25,93.7521,0.299382,24.5131,136.5884,23.2005,58.1204,BIEN,15.0673,0.784725,6.7557,45.691,0.29585,0.304167,1.1799,1.5983,1,1,65.533,16257024.0
e0861,abierto,B40,93.7521,0.299382,39.4876,131.5144,26.6704,59.2217,BIEN,16.1771,0.821336,8.4951,40.2789,0.289615,0.30337,3.2626,1.3318,1,1,67.8,16257024.0
e0888,abierto,B5,88.4792,0.296254,4.4415,43.8978,75.3207,31.2066,CRITICA,13.7591,0.661824,14.703,50.3862,0.308806,0.224085,4.2371,24.3603,1,1,64.755,16257024.0
e0888,abierto,B10,88.4792,0.296254,9.4924,77.8259,57.4085,46.0428,CRITICA,22.4109,0.92952,10.4246,12.0404,0.293545,0.264123,0.9143,10.8455,1,1,66.418,16257024.0
e0888,abierto,B15,88.4792,0.296254,14.5158,102.4128,44.3187,53.1359,BIEN,22.5078,0.900246,8.5375,15.7479,0.29542,0.288951,0.2813,2.4649,1,1,66.279,16257024.0
e0888,abierto,B25,88.4792,0.296254,24.5372,135.6068,21.5316,57.041,BIEN,14.3406,0.751276,6.8875,53.2641,0.293254,0.303678,1.0125,2.506,1,1,48.332,16257024.0
e0888,abierto,B40,88.4792,0.296254,39.5158,130.3667,26.259,58.5698,BIEN,15.3791,0.78916,8.6629,47.3417,0.291914,0.305194,1.4646,3.0179,1,1,65.835,16257024.0
e1060,abierto,B5,84.1714,0.326444,4.5399,44.2418,77.4282,30.1981,CRITICA,14.7231,0.710218,14.7855,47.4384,0.31671,nan,2.9817,nan,1,1,65.836,16257024.0
e1060,abierto,B10,84.1714,0.326444,9.494,78.4606,58.6272,44.0724,CRITICA,24.3392,0.937473,10.4933,6.7847,0.322885,0.283344,1.0902,13.2028,1,1,63.616,16257024.0
e1060,abierto,B15,84.1714,0.326444,14.5311,103.4059,40.614,50.2923,BIEN,21.0623,0.881664,8.5811,22.8517,0.324766,0.287059,0.514,12.0648,1,1,62.482,16257024.0
e1060,abierto,B25,84.1714,0.326444,24.4833,137.6105,15.7872,53.3197,BIEN,13.4,0.722612,6.8559,63.4885,0.317383,0.301971,2.7754,7.4967,1,1,65.504,16257024.0
e1060,abierto,B40,84.1714,0.326444,39.5222,132.0444,19.9208,54.9621,BIEN,14.378,0.76283,8.6304,56.8757,0.314553,0.309967,3.6425,5.0473,1,1,65.844,16257024.0
e1065,abierto,B5,98.5042,0.315355,4.4376,44.4559,72.6639,29.5461,CRITICA,12.287,0.621102,14.8125,54.869,0.314236,nan,0.3548,nan,1,1,65.34,16257024.0
e1065,abierto,B10,98.5042,0.315355,9.4619,79.0809,56.4129,43.8878,CRITICA,19.5259,0.923608,10.3875,19.7182,0.3101,0.270648,1.6662,14.1767,1,1,66.122,16257024.0
e1065,abierto,B15,98.5042,0.315355,14.5081,104.2632,41.8095,51.1197,BIEN,24.0703,0.924648,8.4233,5.8465,0.312144,0.304123,1.0182,3.5617,1,1,65.968,16257024.0
e1065,abierto,B25,98.5042,0.315355,24.5096,138.4216,18.6575,55.3989,BIEN,15.5524,0.798841,6.6893,40.5236,0.319459,0.32105,1.3014,1.8058,1,1,63.691,16257024.0
e1065,abierto,B40,98.5042,0.315355,39.5068,132.9491,23.4683,56.7414,BIEN,16.8246,0.836695,8.4291,34.968,0.313769,0.314215,0.5028,0.3615,1,1,48.38,16257024.0
g0075,abierto,B5,106.0066,0.266253,4.4684,45.3313,92.1345,23.4887,CRITICA,11.3121,0.619213,14.6696,57.2372,0.27163,0.238987,2.0194,10.2407,1,1,66.971,16257024.0
g0075,abierto,B10,106.0066,0.266253,9.3725,81.8849,46.3195,35.4326,BIEN,18.0288,0.911415,10.0563,22.7549,0.271958,0.261995,2.1426,1.5993,1,1,63.357,16257024.0
g0075,abierto,B15,106.0066,0.266253,14.5165,108.6028,30.7904,41.5618,BIEN,23.6269,0.939153,7.9692,2.4491,0.262216,0.254874,1.5164,4.2739,1,1,64.771,16257024.0
g0075,abierto,B25,106.0066,0.266253,24.4884,145.2488,9.2395,45.2112,BIEN,15.4117,0.85237,6.0602,37.0186,0.265139,0.263171,0.4185,1.1578,1,1,65.583,16257024.0
g0075,abierto,B40,106.0066,0.266253,39.4958,139.1047,14.6636,46.3082,BIEN,16.8235,0.883233,7.7472,31.2226,0.265258,0.26718,0.3738,0.3482,1,1,63.979,16257024.0
g0149,abierto,B5,105.3766,0.271718,4.4837,45.3026,91.3292,23.905,CRITICA,11.347,0.625117,14.6106,57.0089,0.286568,0.256251,5.4653,5.6922,1,1,64.617,16257024.0
g0149,abierto,B10,105.3766,0.271718,9.3793,81.8569,45.5472,36.0647,BIEN,18.1602,0.91414,10.0019,22.3197,0.285475,0.276973,5.0632,1.9342,1,1,44.024,16257024.0
g0149,abierto,B15,105.3766,0.271718,14.4937,108.3383,31.85,42.448,BIEN,23.8262,0.940409,7.9362,2.8105,0.277311,0.279653,2.0586,2.9205,1,1,65.909,16257024.0
g0149,abierto,B25,105.3766,0.271718,24.4922,145.0058,10.1322,46.0786,BIEN,15.3716,0.852944,6.0372,37.6071,0.27174,0.284357,0.0082,4.6515,1,1,65.588,16257024.0
g0149,abierto,B40,105.3766,0.271718,39.5028,138.9171,15.467,47.1542,BIEN,16.7613,0.883804,7.7248,31.8292,0.273034,0.284089,0.4847,4.5529,1,1,65.947,16257024.0
h0047,abierto,B5,55.8931,0.215968,4.4933,44.0211,84.6979,31.8276,CRITICA,24.0017,0.859198,13.9438,21.2406,0.21795,0.220411,0.9179,2.0574,1,1,63.567,16257024.0
h0047,abierto,B10,55.8931,0.215968,9.5523,76.5825,45.9392,50.2085,CRITICA,20.1136,0.884149,9.7506,37.0161,0.217526,0.23196,0.7214,7.405,1,1,64.014,16257024.0
h0047,abierto,B15,55.8931,0.215968,14.555,99.5624,35.1026,61.1837,BIEN,13.9562,0.764769,7.934,78.1302,0.214789,0.230543,0.5456,6.7488,1,1,64.973,16257024.0
h0047,abierto,B25,55.8931,0.215968,24.5364,129.3408,28.9138,72.8351,BIEN,9.6342,0.609599,6.412,131.4076,0.210453,0.220344,2.5535,2.0265,1,1,38.893,16257024.0
h0047,abierto,B40,55.8931,0.215968,39.5495,125.2949,29.8414,71.8969,BIEN,10.1125,0.631193,8.2006,124.169,0.209864,0.217117,2.8263,0.5321,1,1,68.024,16257024.0
h0223,abierto,B5,59.106,0.214156,4.4832,44.1686,88.3755,30.8925,CRITICA,22.2289,0.845793,14.0767,25.2722,0.222314,0.231405,3.8092,8.0544,1,1,62.932,16257024.0
h0223,abierto,B10,59.106,0.214156,9.5398,77.1245,45.1338,48.5378,CRITICA,21.3699,0.898735,9.8507,30.4852,0.213619,0.224238,0.2511,4.7074,1,1,62.545,16257024.0
h0223,abierto,B15,59.106,0.214156,14.5565,100.5179,33.9789,59.0545,BIEN,14.5828,0.780076,8.0048,70.064,0.21709,0.220898,1.3697,3.1481,1,1,61.647,16257024.0
h0223,abierto,B25,59.106,0.214156,24.5322,130.9077,27.0003,70.3623,BIEN,9.9809,0.621502,6.4372,121.4798,0.219844,0.222908,2.656,4.0865,1,1,66.287,16257024.0
h0223,abierto,B40,59.106,0.214156,39.5502,126.6993,28.1143,69.4003,BIEN,10.5016,0.6439,8.2148,114.3597,0.222088,0.220934,3.7037,3.165,1,1,63.965,16257024.0
h0256,abierto,B5,59.179,0.182587,4.4794,44.1776,88.8102,30.9483,CRITICA,22.1755,0.845845,14.0543,25.3493,0.186332,0.197331,2.0509,8.0751,1,1,65.674,16257024.0
h0256,abierto,B10,59.179,0.182587,9.5477,77.0753,45.1629,48.7317,CRITICA,21.3654,0.898421,9.8255,30.241,0.175912,0.191765,3.6559,5.0263,1,1,65.018,16257024.0
h0256,abierto,B15,59.179,0.182587,14.5526,100.3767,33.6723,59.3208,BIEN,14.5749,0.782355,7.9817,69.6153,0.178253,0.18262,2.3737,0.0177,1,1,65.994,16257024.0
h0256,abierto,B25,59.179,0.182587,24.5477,130.6396,26.8121,70.8915,BIEN,9.9632,0.625838,6.4131,120.7533,0.175026,0.185339,4.1414,1.507,1,1,67.268,16257024.0
h0256,abierto,B40,59.179,0.182587,39.5443,126.4475,27.8639,69.86,BIEN,10.4873,0.648182,8.1913,113.6695,0.180019,0.180927,1.4068,0.9095,1,1,51.881,16257024.0
h0261,abierto,B5,58.4707,0.189629,4.4958,44.0657,88.2823,31.501,CRITICA,22.4959,0.843127,14.0246,24.6363,0.195102,0.202444,2.8862,6.7581,1,1,63.566,16257024.0
h0261,abierto,B10,58.4707,0.189629,9.5318,76.8084,45.2502,49.4797,CRITICA,21.1095,0.896137,9.814,31.3622,0.202515,0.200162,6.7952,5.5546,1,1,65.733,16257024.0
h0261,abierto,B15,58.4707,0.189629,14.5483,100.0211,34.2953,60.1614,BIEN,14.4595,0.777156,7.9788,71.0619,0.206165,0.196417,8.72,3.5793,1,1,66.317,16257024.0
h0261,abierto,B25,58.4707,0.189629,24.5353,130.1132,27.4447,71.8503,BIEN,9.9134,0.619327,6.4255,122.5272,0.192315,0.191769,1.4166,1.1282,1,1,49.276,16257024.0
h0261,abierto,B40,58.4707,0.189629,39.5255,126.0038,28.483,70.7327,BIEN,10.4281,0.641225,8.2079,115.499,0.183077,0.191019,3.4554,0.7329,1,1,60.875,16257024.0
h0300,abierto,B5,58.9475,0.189372,4.4834,44.0991,88.8917,31.2105,CRITICA,22.2319,0.844858,14.0772,25.1891,0.182323,0.197667,3.7222,4.3805,1,1,66.598,16257024.0
h0300,abierto,B10,58.9475,0.189372,9.5482,76.8336,45.4501,49.0561,CRITICA,21.3718,0.897513,9.8682,30.3426,0.188333,0.199532,0.5483,5.3656,1,1,63.219,16257024.0
h0300,abierto,B15,58.9475,0.189372,14.5509,100.0129,34.3069,59.6735,BIEN,14.6166,0.780436,8.0329,69.6644,0.185135,0.195454,2.2369,3.212,1,1,66.428,16257024.0
h0300,abierto,B25,58.9475,0.189372,24.533,130.2127,27.402,71.139,BIEN,10.0125,0.619361,6.4718,120.8962,0.18684,0.190725,1.3366,0.7145,1,1,66.657,16257024.0
h0300,abierto,B40,58.9475,0.189372,39.5338,126.052,28.4849,70.1418,BIEN,10.5354,0.640774,8.2559,113.8378,0.186596,0.192807,1.4657,1.8139,1,1,65.337,16257024.0
h0323,abierto,B5,55.9636,0.194831,4.4918,44.015,86.4406,31.8708,CRITICA,23.8753,0.854475,13.9691,21.3506,0.198904,0.202509,2.0903,3.941,1,1,54.568,16257024.0
h0323,abierto,B10,55.9636,0.194831,9.5543,76.5415,45.6015,50.2176,CRITICA,20.1499,0.881034,9.7823,36.7701,0.186169,0.199677,4.4458,2.4874,1,1,66.418,16257024.0
h0323,abierto,B15,55.9636,0.194831,14.5396,99.3899,35.2986,61.1247,BIEN,14.016,0.765012,7.9748,77.5974,0.195563,0.19855,0.3755,1.909,1,1,63.365,16257024.0
h0323,abierto,B25,55.9636,0.194831,24.5318,129.2123,28.5761,72.8678,BIEN,9.6725,0.608294,6.447,130.8863,0.192992,0.191733,0.9441,1.5902,1,1,66.35,16257024.0
h0323,abierto,B40,55.9636,0.194831,39.5749,125.2321,29.5542,71.8786,BIEN,10.1493,0.628454,8.236,123.7742,0.183509,0.189049,5.8113,2.9678,1,1,55.148,16257024.0
h0329,abierto,B5,54.8175,0.195964,4.5201,44.0866,84.63,32.5324,CRITICA,24.4674,0.871514,13.9043,19.5757,0.193007,0.203984,1.509,4.0926,1,1,63.837,16257024.0
h0329,abierto,B10,54.8175,0.195964,9.5714,76.1108,46.4787,51.0295,CRITICA,19.8256,0.875454,9.7781,38.844,0.198029,0.199149,1.0535,1.625,1,1,66.903,16257024.0
h0329,abierto,B15,54.8175,0.195964,14.5406,98.6631,36.4086,62.0172,BIEN,13.8772,0.752996,7.9912,79.9847,0.191059,0.204495,2.503,4.3534,1,1,64.711,16257024.0
h0329,abierto,B25,54.8175,0.195964,24.5438,128.0455,29.9191,73.7821,BIEN,9.6169,0.596476,6.4904,133.5852,0.194019,0.202185,0.9926,3.1746,1,1,67.108,16257024.0
h0329,abierto,B40,54.8175,0.195964,39.537,124.0158,30.9457,72.9067,BIEN,10.0927,0.617991,8.2979,126.234,0.194006,0.198615,0.9991,1.353,1,1,67.799,16257024.0
h0407,abierto,B5,56.4454,0.201511,4.4918,43.9317,86.5183,32.088,CRITICA,23.5456,0.851801,14.0111,22.1695,0.203161,0.211948,0.8189,5.1795,1,1,67.629,16257024.0
h0407,abierto,B10,56.4454,0.201511,9.5364,76.4351,45.9858,50.3478,CRITICA,20.4183,0.884939,9.827,35.4143,0.199065,0.206738,1.214,2.5939,1,1,50.154,16257024.0
h0407,abierto,B15,56.4454,0.201511,14.5427,99.2902,35.6033,61.2757,BIEN,14.1609,0.767432,8.0157,75.9048,0.199929,0.207791,0.785,3.1164,1,1,63.42,16257024.0
h0407,abierto,B25,56.4454,0.201511,24.5271,129.1015,28.8769,72.8728,BIEN,9.7737,0.60915,6.4882,128.7193,0.200776,0.208975,0.3648,3.7042,1,1,64.212,16257024.0
h0407,abierto,B40,56.4454,0.201511,39.5425,125.0938,29.855,71.8449,BIEN,10.2621,0.63009,8.2809,121.6191,0.203313,0.198262,0.8939,1.6126,1,1,65.333,16257024.0
h0421,abierto,B5,56.8739,0.210762,4.4949,44.0326,86.8385,31.8099,CRITICA,23.3216,0.856169,13.9681,22.5785,0.211992,0.20721,0.5835,1.6855,1,1,63.673,16257024.0
h0421,abierto,B10,56.8739,0.210762,9.5531,76.5883,45.6811,50.0155,CRITICA,20.5033,0.890218,9.7786,34.6634,0.196466,0.212845,6.7829,0.9884,1,1,63.577,16257024.0
h0421,abierto,B15,56.8739,0.210762,14.5503,99.5412,35.1414,60.7633,BIEN,14.1763,0.767681,7.9636,75.0209,0.203426,0.206425,3.4808,2.0576,1,1,65.812,16257024.0
h0421,abierto,B25,56.8739,0.210762,24.5377,129.4181,28.516,72.3341,BIEN,9.7563,0.609749,6.4295,127.5528,0.200807,0.204781,4.7234,2.8377,1,1,66.344,16257024.0
h0421,abierto,B40,56.8739,0.210762,39.5506,125.3248,29.4747,71.4026,BIEN,10.2504,0.632369,8.2199,120.3557,0.20183,0.206453,4.2378,2.0445,1,1,66.726,16257024.0
h0503,abierto,B5,57.7477,0.204377,4.4833,44.181,88.0397,30.9009,CRITICA,23.0881,0.850997,14.0958,23.4931,0.196604,0.198267,3.8034,2.9898,1,1,67.795,16257024.0
h0503,abierto,B10,57.7477,0.204377,9.5267,77.1089,44.9339,48.6848,CRITICA,20.8219,0.891956,9.8699,33.5271,0.190548,0.195679,6.7665,4.2558,1,1,66.169,16257024.0
h0503,abierto,B15,57.7477,0.204377,14.5467,100.4572,33.5772,59.3629,BIEN,14.3261,0.774565,8.0258,73.9587,0.188298,0.199645,7.8675,2.3156,1,1,57.833,16257024.0
h0503,abierto,B25,57.7477,0.204377,24.5331,130.8958,26.8509,70.8751,BIEN,9.8352,0.616134,6.4565,126.6683,0.189127,0.197374,7.4616,3.4264,1,1,65.957,16257024.0
h0503,abierto,B40,57.7477,0.204377,39.5484,126.6795,27.8193,69.846,BIEN,10.3437,0.638131,8.2333,119.3671,0.1888,0.197657,7.6218,3.2881,1,1,63.952,16257024.0
h0514,abierto,B5,57.3315,0.19472,4.497,44.1807,88.325,31.048,CRITICA,23.2415,0.854217,14.0521,22.9382,0.201567,0.204109,3.5167,4.8218,1,1,63.968,16257024.0
h0514,abierto,B10,57.3315,0.19472,9.5372,77.013,45.095,49.0073,CRITICA,20.6316,0.890043,9.8351,34.3293,0.197411,0.198454,1.382,1.9175,1,1,66.065,16257024.0
h0514,abierto,B15,57.3315,0.19472,14.5425,100.1811,33.7887,59.7383,BIEN,14.2385,0.773304,8.0018,74.7401,0.200855,0.204765,3.1508,5.1586,1,1,63.749,16257024.0
h0514,abierto,B25,57.3315,0.19472,24.5303,130.4804,26.9441,71.3868,BIEN,9.7797,0.617017,6.4394,127.5894,0.195065,0.192106,0.1775,1.3421,1,1,66.042,16257024.0
h0514,abierto,B40,57.3315,0.19472,39.5508,126.2894,27.8833,70.3716,BIEN,10.2836,0.63815,8.2201,120.2793,0.20173,0.188665,3.6001,3.1093,1,1,42.866,16257024.0
h0583,abierto,B5,64.5145,0.201267,4.495,44.2862,90.0425,30.3451,CRITICA,19.8591,0.814066,14.1856,31.3548,0.194282,0.207115,3.4705,2.9059,1,1,66.338,16257024.0
h0583,abierto,B10,64.5145,0.201267,9.5172,77.5131,43.7598,47.5121,CRITICA,23.5632,0.912657,9.9089,20.1483,0.208867,0.209279,3.7761,3.9811,1,1,67.107,16257024.0
h0583,abierto,B15,64.5145,0.201267,14.5323,101.1366,32.1896,57.7402,BIEN,15.6427,0.81304,8.031,56.7655,0.203991,0.197669,1.3538,1.7875,1,1,63.593,16257024.0
h0583,abierto,B25,64.5145,0.201267,24.5364,132.3922,24.9219,68.4646,BIEN,10.5152,0.656567,6.4018,105.213,0.20133,0.199848,0.0313,0.7046,1,1,66.115,16257024.0
h0583,abierto,B40,64.5145,0.201267,39.5198,127.8934,25.8068,67.621,BIEN,11.1128,0.683536,8.1678,98.2396,0.193674,0.192559,3.7725,4.3263,1,1,67.527,16257024.0
i0008,abierto,B5,131.2395,0.184599,4.4043,46.5314,91.6416,16.4805,CRITICA,8.9907,0.562392,15.1777,64.5446,0.174798,nan,5.309,nan,1,1,63.56,16257024.0
i0008,abierto,B10,131.2395,0.184599,9.4725,84.6066,49.9039,23.8105,BIEN,13.6324,0.86042,10.3255,35.5327,0.180317,nan,2.3193,nan,1,1,63.673,16257024.0
i0008,abierto,B15,131.2395,0.184599,14.4949,113.1656,6.6506,26.6359,BIEN,18.5574,0.93911,8.0807,13.7717,0.183668,0.190656,0.5044,3.2813,1,1,63.574,16257024.0
i0008,abierto,B25,131.2395,0.184599,24.5384,152.4018,0.0,26.5592,BIEN,17.6048,0.92006,5.9443,16.125,0.180731,0.193222,2.0954,4.6715,1,1,66.428,16257024.0
i0008,abierto,B40,131.2395,0.184599,39.5032,145.3256,0.0,28.1673,BIEN,19.2513,0.940909,7.5991,10.7331,0.176637,0.18314,4.3127,0.7901,1,1,64.936,16257024.0
i0075,abierto,B5,131.3709,0.180086,4.4032,46.5514,90.9294,16.5511,CRITICA,8.97,0.558898,15.1775,64.5649,0.180571,nan,0.2692,nan,1,1,64.463,16257024.0
i0075,abierto,B10,131.3709,0.180086,9.4957,84.6076,50.4376,23.8438,BIEN,13.5954,0.858676,10.3275,35.5964,0.192107,nan,6.6753,nan,1,1,66.573,16257024.0
i0075,abierto,B15,131.3709,0.180086,14.4803,113.0645,6.5187,26.5989,BIEN,18.4525,0.937887,8.0934,13.9349,0.185578,0.196312,3.0497,9.0103,1,1,54.138,16257024.0
i0075,abierto,B25,131.3709,0.180086,24.5247,152.2666,0.0,26.5035,BIEN,17.6058,0.918471,5.9574,15.9058,0.180943,0.183695,0.4758,2.0042,1,1,67.476,16257024.0
i0075,abierto,B40,131.3709,0.180086,39.5237,145.3107,0.0,28.0209,BIEN,19.2051,0.938996,7.6092,10.611,0.183347,0.183636,1.8106,1.9714,1,1,36.961,16257024.0
i0078,abierto,B5,134.155,0.185468,4.4146,46.6232,90.2075,17.2735,CRITICA,8.6944,0.547178,15.1379,65.2467,0.176436,nan,4.8697,nan,1,1,66.093,16257024.0
i0078,abierto,B10,134.155,0.185468,9.4631,84.4629,50.5502,24.6105,BIEN,13.0865,0.848734,10.3349,37.0408,0.184146,nan,0.7123,nan,1,1,66.331,16257024.0
i0078,abierto,B15,134.155,0.185468,14.5029,112.8193,8.4069,27.6651,BIEN,17.774,0.933573,8.0963,15.9038,0.185215,0.195613,0.1365,5.4704,1,1,64.386,16257024.0
i0078,abierto,B25,134.155,0.185468,24.5079,151.9363,0.0,27.7504,BIEN,17.8917,0.920312,5.973,13.2543,0.177129,0.181167,4.4963,2.3189,1,1,63.303,16257024.0
i0078,abierto,B40,134.155,0.185468,39.5283,145.0323,0.0,29.4331,BIEN,19.4246,0.940596,7.6241,8.108,0.177954,0.1902,4.0514,2.5516,1,1,68.2,16257024.0
i0216,abierto,B5,139.02,0.178705,4.4118,46.8632,89.3361,16.9539,CRITICA,8.3306,0.530848,15.1368,66.2903,0.187824,nan,5.1028,nan,1,1,67.234,16257024.0
i0216,abierto,B10,139.02,0.178705,9.4776,84.7178,47.3462,23.7683,BIEN,12.507,0.833577,10.3407,39.0607,0.194915,nan,9.0706,nan,1,1,65.004,16257024.0
i0216,abierto,B15,139.02,0.178705,14.4974,113.3843,7.1688,26.3212,BIEN,16.9634,0.929435,8.0848,18.4403,0.182488,0.201753,2.1169,12.8973,1,1,63.089,16257024.0
i0216,abierto,B25,139.02,0.178705,24.4621,152.6629,0.0,26.3756,BIEN,18.3409,0.928297,5.9435,9.8137,0.17764,0.19281,0.5964,7.8927,1,1,65.048,16257024.0
i0216,abierto,B40,139.02,0.178705,39.5035,145.7088,0.2096,27.9692,BIEN,19.6974,0.946117,7.5864,4.8114,0.180649,0.184371,1.0876,3.1706,1,1,64.559,16257024.0
i0234,abierto,B5,138.2159,0.188528,4.4334,46.9246,88.9829,17.1907,CRITICA,8.3826,0.536199,15.1054,66.0498,0.194885,nan,3.3718,nan,1,1,63.769,16257024.0
i0234,abierto,B10,138.2159,0.188528,9.4834,84.7403,47.513,24.1369,BIEN,12.5815,0.836918,10.3233,38.6899,0.193457,nan,2.6144,nan,1,1,65.579,16257024.0
i0234,abierto,B15,138.2159,0.188528,14.4834,113.1622,7.4638,26.7757,BIEN,17.0079,0.930256,8.0878,18.1265,0.185363,0.207971,1.679,10.3129,1,1,66.653,16257024.0
i0234,abierto,B25,138.2159,0.188528,24.4508,152.4273,0.0,26.8901,BIEN,18.2136,0.927983,5.9492,10.282,0.18962,0.194187,0.5793,3.0017,1,1,64.93,16257024.0
i0234,abierto,B40,138.2159,0.188528,39.5177,145.5038,0.1242,28.5994,BIEN,19.6202,0.946176,7.5946,5.2728,0.194453,0.194288,3.143,3.0551,1,1,61.464,16257024.0
i0249,abierto,B5,140.9356,0.165617,4.3922,46.5137,94.2479,16.3039,CRITICA,8.0811,0.52327,15.2315,66.9964,0.164996,nan,0.3751,nan,1,1,60.686,16257024.0
i0249,abierto,B10,140.9356,0.165617,9.4332,84.5542,48.8075,23.566,BIEN,12.1599,0.828939,10.3527,40.005,0.174398,nan,5.3022,nan,1,1,63.117,16257024.0
i0249,abierto,B15,140.9356,0.165617,14.4463,113.2487,7.3823,26.4636,BIEN,16.4825,0.92612,8.0843,19.6451,0.177589,0.195886,7.2289,18.2766,1,1,63.251,16257024.0
i0249,abierto,B25,140.9356,0.165617,24.4287,152.5458,0.0,26.8228,BIEN,18.4702,0.929463,5.941,8.238,0.176599,0.185329,6.6311,11.9022,1,1,62.91,16257024.0
i0249,abierto,B40,140.9356,0.165617,39.4643,145.592,0.1553,28.3875,BIEN,19.7102,0.947227,7.5851,3.304,0.1719,0.172067,3.7934,3.8942,1,1,66.089,16257024.0
i0284,abierto,B5,135.1494,0.174754,4.4133,46.6656,90.2851,16.6852,CRITICA,8.6263,0.546705,15.1495,65.4711,0.166774,nan,4.5663,nan,1,1,66.365,16257024.0
i0284,abierto,B10,135.1494,0.174754,9.4266,84.4946,48.3941,23.3867,BIEN,12.9791,0.847108,10.3359,37.4806,0.175501,nan,0.4277,nan,1,1,66.686,16257024.0
i0284,abierto,B15,135.1494,0.174754,14.4773,113.0183,6.6991,26.5029,BIEN,17.6941,0.935233,8.085,16.3753,0.183054,0.191815,4.7497,9.7631,1,1,61.865,16257024.0
i0284,abierto,B25,135.1494,0.174754,24.4964,152.4061,0.0,26.2647,BIEN,18.0111,0.926259,5.9418,12.7686,0.174293,0.186535,0.2638,6.7418,1,1,63.713,16257024.0
i0284,abierto,B40,135.1494,0.174754,39.4997,145.4875,0.0311,27.9036,BIEN,19.5337,0.945488,7.5855,7.6494,0.176421,0.182328,0.9543,4.3345,1,1,63.247,16257024.0
i0303,abierto,B5,129.4504,0.161292,4.3787,46.3629,90.5083,16.9504,CRITICA,9.1172,0.568697,15.1926,64.1848,0.164784,nan,2.1649,nan,1,1,66.478,16257024.0
i0303,abierto,B10,129.4504,0.161292,9.4458,84.303,48.9491,24.5914,BIEN,13.8202,0.866649,10.3435,34.8762,0.166653,nan,3.3238,nan,1,1,47.354,16257024.0
i0303,abierto,B15,129.4504,0.161292,14.5268,112.7994,8.4418,27.6929,BIEN,18.7926,0.943458,8.0963,12.8629,0.165579,0.184434,2.6575,14.3479,1,1,65.794,16257024.0
i0303,abierto,B25,129.4504,0.161292,24.4911,151.8815,0.0,27.7502,BIEN,17.3549,0.920957,5.9741,17.3279,0.160424,0.178228,0.5383,10.4997,1,1,64.654,16257024.0
i0303,abierto,B40,129.4504,0.161292,39.5005,144.9257,0.1455,29.2972,BIEN,18.9652,0.941376,7.6276,11.9546,0.166337,0.162424,3.1276,0.7018,1,1,63.604,16257024.0
i0323,abierto,B5,131.2593,0.171237,4.3811,46.3629,90.06,17.4424,CRITICA,8.9392,0.558206,15.1728,64.6784,0.163982,nan,4.2365,nan,1,1,66.609,16257024.0
i0323,abierto,B10,131.2593,0.171237,9.4583,84.2731,50.0999,25.2974,BIEN,13.5326,0.859489,10.334,35.7965,0.168504,nan,1.5959,nan,1,1,66.184,16257024.0
i0323,abierto,B15,131.2593,0.171237,14.4532,112.5879,9.5422,28.3991,BIEN,18.3123,0.939503,8.11,14.2248,0.165254,0.185475,3.494,8.315,1,1,66.425,16257024.0
i0323,abierto,B25,131.2593,0.171237,24.4555,151.6386,0.0,28.5264,BIEN,17.5837,0.920098,5.9859,15.5259,0.169645,0.189243,0.9293,10.5155,1,1,66.195,16257024.0
i0323,abierto,B40,131.2593,0.171237,39.5055,144.7391,0.2775,30.0819,BIEN,19.1512,0.940285,7.6388,10.2696,0.170934,0.174218,0.1767,1.7411,1,1,62.959,16257024.0
i0338,abierto,B5,131.6569,0.186224,4.3882,46.6379,90.9682,16.4502,CRITICA,8.9708,0.562115,15.1836,64.5762,0.177239,nan,4.8249,nan,1,1,66.575,16257024.0
i0338,abierto,B10,131.6569,0.186224,9.481,84.6832,46.1992,23.84,BIEN,13.6089,0.861047,10.325,35.6788,0.189538,nan,1.7794,nan,1,1,62.564,16257024.0
i0338,abierto,B15,131.6569,0.186224,14.4694,113.2047,7.4541,26.5471,BIEN,18.5025,0.94062,8.0842,14.0153,0.186731,0.196252,0.2718,5.3845,1,1,65.995,16257024.0
i0338,abierto,B25,131.6569,0.186224,24.5132,152.4946,0.0,26.6589,BIEN,17.6606,0.923819,5.9439,15.8273,0.177273,0.189635,4.8067,1.8315,1,1,65.954,16257024.0
i0338,abierto,B40,131.6569,0.186224,39.5046,145.4553,0.0679,28.1911,BIEN,19.2962,0.943739,7.594,10.4806,0.187484,0.183582,0.6766,1.4191,1,1,63.965,16257024.0
i0347,abierto,B5,131.2627,0.173278,4.3692,46.5385,91.3757,16.0202,CRITICA,9.0213,0.563129,15.2207,64.5456,0.182448,nan,5.292,nan,1,1,66.427,16257024.0
i0347,abierto,B10,131.2627,0.173278,9.4634,84.7333,45.9275,23.172,BIEN,13.713,0.862082,10.3334,35.4476,0.177483,nan,2.4267,nan,1,1,43.423,16257024.0
i0347,abierto,B15,131.2627,0.173278,14.4669,113.2513,6.4701,25.8589,BIEN,18.698,0.942404,8.0883,13.7217,0.177869,0.193709,2.6494,11.7906,1,1,67.518,16257024.0
i0347,abierto,B25,131.2627,0.173278,24.4652,152.6328,0.0,25.8086,BIEN,17.6614,0.925058,5.9367,16.2804,0.171253,0.183959,1.1688,6.1641,1,1,64.446,16257024.0
i0347,abierto,B40,131.2627,0.173278,39.5174,145.6761,0.0854,27.2923,BIEN,19.3072,0.944505,7.5818,10.9805,0.173302,0.18174,0.0139,4.8832,1,1,66.574,16257024.0
i0363,abierto,B5,133.4917,0.162346,4.3978,46.639,89.8484,17.082,CRITICA,8.7725,0.551733,15.1562,65.0622,0.173848,nan,7.0849,nan,1,1,50.672,16257024.0
i0363,abierto,B10,133.4917,0.162346,9.4405,84.4722,47.1307,24.3962,BIEN,13.2211,0.852256,10.3405,36.721,0.174655,nan,7.582,nan,1,1,65.493,16257024.0
i0363,abierto,B15,133.4917,0.162346,14.509,113.0504,8.0615,27.2699,BIEN,17.9681,0.936903,8.0877,15.3128,0.172749,0.194652,6.4082,19.8999,1,1,66.71,16257024.0
i0363,abierto,B25,133.4917,0.162346,24.4773,152.1182,0.0,27.3829,BIEN,17.8231,0.923165,5.9622,13.9533,0.160073,0.18515,1.4001,14.0466,1,1,64.827,16257024.0
i0363,abierto,B40,133.4917,0.162346,39.4882,145.1702,0.1863,29.0134,BIEN,19.3764,0.943102,7.6122,8.7485,0.162774,0.173422,0.2635,6.8228,1,1,66.688,16257024.0
i0365,abierto,B5,133.3032,0.178351,4.4141,46.7208,89.8096,17.1057,CRITICA,8.7911,0.555056,15.1381,64.9515,0.168788,nan,5.3617,nan,1,1,64.647,16257024.0
i0365,abierto,B10,133.3032,0.178351,9.4486,84.5334,47.5014,24.5004,BIEN,13.2448,0.853419,10.3317,36.5856,0.181655,nan,1.8525,nan,1,1,65.206,16257024.0
i0365,abierto,B15,133.3032,0.178351,14.5091,113.001,8.2323,27.4027,BIEN,17.9767,0.937476,8.0872,15.2301,0.184057,0.194848,3.1992,9.2498,1,1,65.261,16257024.0
i0365,abierto,B25,133.3032,0.178351,24.4907,152.1526,0.0,27.4946,BIEN,17.757,0.922565,5.9588,14.1402,0.178481,0.183992,0.0729,3.163,1,1,63.523,16257024.0
i0365,abierto,B40,133.3032,0.178351,39.5327,145.2261,0.1902,29.1336,BIEN,19.3079,0.942581,7.6083,8.9442,0.175114,0.178224,1.8149,0.0715,1,1,67.694,16257024.0
i0441,abierto,B5,130.3481,0.174861,4.3805,46.3892,90.4733,17.1661,CRITICA,9.0327,0.564179,15.1862,64.4113,0.170487,nan,2.5014,nan,1,1,61.017,16257024.0
i0441,abierto,B10,130.3481,0.174861,9.4398,84.1522,49.6691,24.8873,BIEN,13.6599,0.862999,10.3574,35.4404,0.174814,nan,0.0268,nan,1,1,62.475,16257024.0
i0441,abierto,B15,130.3481,0.174861,14.5011,112.8074,8.273,27.8302,BIEN,18.552,0.941049,8.1022,13.4568,0.181533,0.188312,3.8154,7.6927,1,1,66.932,16257024.0
i0441,abierto,B25,130.3481,0.174861,24.4922,151.9127,0.0,27.7414,BIEN,17.4081,0.919701,5.9764,16.5439,0.175533,0.182614,0.3845,4.4337,1,1,66.265,16257024.0
i0441,abierto,B40,130.3481,0.174861,39.5059,144.9076,0.0679,29.4008,BIEN,19.0211,0.94055,7.6353,11.1697,0.176507,0.178597,0.9413,2.1365,1,1,64.725,16257024.0
i0456,abierto,B5,128.4062,0.160253,4.3664,46.3247,91.4689,16.5785,CRITICA,9.2342,0.567157,15.2011,63.9233,0.159014,nan,0.7732,nan,1,1,49.344,16257024.0
i0456,abierto,B10,128.4062,0.160253,9.4447,84.3711,47.1676,24.0104,BIEN,14.0238,0.865906,10.3428,34.2936,0.1693,nan,5.6454,nan,1,1,65.416,16257024.0
i0456,abierto,B15,128.4062,0.160253,14.4967,112.8355,7.9082,27.0484,BIEN,19.086,0.941134,8.0961,12.1262,0.163533,0.178894,2.0465,11.6318,1,1,66.042,16257024.0
i0456,abierto,B25,128.4062,0.160253,24.5343,152.0525,0.0,27.1895,BIEN,17.2598,0.91623,5.9646,18.4152,0.161336,0.172204,0.6757,7.4577,1,1,66.273,16257024.0
i0456,abierto,B40,128.4062,0.160253,39.5137,145.1165,0.0524,28.7485,BIEN,18.9026,0.937655,7.616,13.0136,0.163203,0.167913,1.8406,4.7798,1,1,50.238,16257024.0
i0484,abierto,B5,130.5161,0.177996,4.3736,46.4166,90.419,17.0681,CRITICA,9.0161,0.56021,15.1794,64.4361,0.170084,nan,4.4451,nan,1,1,63.41,16257024.0
i0484,abierto,B10,130.5161,0.177996,9.4606,84.3136,48.4174,24.7875,BIEN,13.6558,0.86082,10.3399,35.3998,0.184166,nan,3.4662,nan,1,1,65.009,16257024.0
i0484,abierto,B15,130.5161,0.177996,14.4987,112.7665,8.6223,27.8402,BIEN,18.541,0.939276,8.1023,13.5995,0.180515,0.19637,1.4151,10.3226,1,1,63.574,16257024.0
i0484,abierto,B25,130.5161,0.177996,24.511,151.8806,0.0,27.8481,BIEN,17.4734,0.91871,5.9758,16.3692,0.18313,0.191421,2.8839,7.5421,1,1,65.527,16257024.0
i0484,abierto,B40,130.5161,0.177996,39.529,144.9099,0.0505,29.4421,BIEN,19.0857,0.939813,7.6332,11.0284,0.179223,0.172805,0.6894,2.9166,1,1,64.727,16257024.0
i0502,abierto,B5,129.0486,0.169086,4.351,46.4026,91.2399,16.2893,CRITICA,9.1972,0.567127,15.2219,64.0425,0.161392,nan,4.5502,nan,1,1,66.521,16257024.0
i0502,abierto,B10,129.0486,0.169086,9.4517,84.4184,46.5214,23.5975,BIEN,13.9634,0.86586,10.3555,34.584,0.181302,nan,7.2247,nan,1,1,65.844,16257024.0
i0502,abierto,B15,129.0486,0.169086,14.5118,113.0473,7.0892,26.5256,BIEN,19.0463,0.942288,8.0976,12.3994,0.174143,0.183009,2.9908,8.2343,1,1,65.798,16257024.0
i0502,abierto,B25,129.0486,0.169086,24.5224,152.2838,0.0,26.544,BIEN,17.3361,0.919957,5.9605,18.005,0.177831,0.183716,5.1719,8.6522,1,1,64.713,16257024.0
i0502,abierto,B40,129.0486,0.169086,39.5258,145.3185,0.1203,28.1059,BIEN,18.9945,0.940685,7.6115,12.6076,0.181974,0.173854,7.6222,2.8196,1,1,64.467,16257024.0
i0520,abierto,B5,130.1283,0.157734,4.3586,46.3544,90.4384,16.83,CRITICA,9.0488,0.562609,15.1919,64.3779,0.165525,nan,4.9396,nan,1,1,50.06,16257024.0
i0520,abierto,B10,130.1283,0.157734,9.4302,84.1829,48.5668,24.3689,BIEN,13.6934,0.862616,10.3551,35.3077,0.174093,nan,10.3713,nan,1,1,63.937,16257024.0
i0520,abierto,B15,130.1283,0.157734,14.5223,112.9111,7.5317,27.361,BIEN,18.6309,0.941394,8.0951,13.2309,0.172257,0.18765,9.2075,18.9661,1,1,63.77,16257024.0
i0520,abierto,B25,130.1283,0.157734,24.4852,151.984,0.0,27.1675,BIEN,17.3856,0.920111,5.9712,16.7955,0.170491,0.17962,8.0878,13.8755,1,1,64.327,16257024.0
i0520,abierto,B40,130.1283,0.157734,39.5107,145.0263,0.0834,28.7883,BIEN,18.9907,0.940989,7.6275,11.4487,0.175304,0.165383,11.139,4.8496,1,1,45.184,16257024.0
i0524,abierto,B5,130.0517,0.162432,4.3509,46.3232,90.549,16.768,CRITICA,9.058,0.562707,15.1978,64.381,0.166488,nan,2.4974,nan,1,1,61.204,16257024.0
i0524,abierto,B10,130.0517,0.162432,9.421,84.1768,48.2311,24.3158,BIEN,13.7109,0.862757,10.3576,35.2743,0.165149,nan,1.6727,nan,1,1,65.885,16257024.0
i0524,abierto,B15,130.0517,0.162432,14.5106,112.888,7.6792,27.2883,BIEN,18.668,0.941477,8.0958,13.1976,0.165954,0.18257,2.1686,12.3979,1,1,65.583,16257024.0
i0524,abierto,B25,130.0517,0.162432,24.496,151.9981,0.0,27.1848,BIEN,17.406,0.920184,5.9708,16.8752,0.168384,0.176572,3.6646,8.7053,1,1,48.994,16257024.0
i0524,abierto,B40,130.0517,0.162432,39.4863,145.0048,0.1029,28.74,BIEN,19.0116,0.940977,7.6265,11.4978,0.166127,0.161637,2.2747,0.4896,1,1,67.159,16257024.0
i0730,abierto,B5,126.2707,0.157908,4.4226,46.4339,89.9105,18.7198,CRITICA,9.4137,0.576223,15.1183,63.2267,0.164527,nan,4.1918,nan,1,1,62.217,16257024.0
i0730,abierto,B10,126.2707,0.157908,9.4386,83.9171,52.1609,26.4173,BIEN,14.2489,0.874513,10.3477,33.5419,0.169027,nan,7.0411,nan,1,1,66.467,16257024.0
i0730,abierto,B15,126.2707,0.157908,14.5014,112.1622,10.7299,29.4815,BIEN,19.2131,0.944588,8.1252,11.1732,0.165555,0.18284,4.8426,15.7888,1,1,62.77,16257024.0
i0730,abierto,B25,126.2707,0.157908,24.5038,150.9967,0.0291,29.6146,BIEN,16.955,0.912875,6.0173,19.5818,0.166328,0.173563,5.3319,9.9139,1,1,65.207,16257024.0
i0730,abierto,B40,126.2707,0.157908,39.4989,144.1216,0.8617,31.375,BIEN,18.5963,0.935752,7.6773,14.1371,0.16301,0.169508,3.231,7.3462,1,1,65.911,16257024.0
i0802,abierto,B5,124.8662,0.198388,4.4496,46.6358,89.9261,19.2324,CRITICA,9.5586,0.585196,15.0552,62.6513,0.198,nan,0.1953,nan,1,1,49.344,16257024.0
i0802,abierto,B10,124.8662,0.198388,9.4792,83.8832,50.2338,26.9388,BIEN,14.4492,0.879432,10.3348,32.8215,0.213363,nan,7.5484,nan,1,1,66.443,16257024.0
i0802,abierto,B15,124.8662,0.198388,14.5108,111.9664,11.3528,30.0981,BIEN,19.3921,0.945823,8.1288,10.3309,0.19483,0.212349,1.7932,7.0375,1,1,65.9,16257024.0
i0802,abierto,B25,124.8662,0.198388,24.5741,150.9508,0.3183,30.3935,BIEN,16.7365,0.90982,6.0194,20.8901,0.206036,0.209959,3.8552,5.8328,1,1,66.164,16257024.0
i0802,abierto,B40,124.8662,0.198388,39.4922,143.8373,1.3759,32.2556,BIEN,18.4262,0.933766,7.6929,15.1932,0.204815,0.193989,3.2398,2.2175,1,1,56.102,16257024.0
i0822,abierto,B5,124.973,0.162208,4.4582,46.7121,89.7281,19.0455,CRITICA,9.5586,0.586167,15.0508,62.6222,0.160076,nan,1.3142,nan,1,1,64.741,16257024.0
i0822,abierto,B10,124.973,0.162208,9.4927,84.0137,50.0844,26.6086,BIEN,14.4531,0.879521,10.3276,32.7745,0.165721,nan,2.1657,nan,1,1,56.599,16257024.0
i0822,abierto,B15,124.973,0.162208,14.5275,112.1336,10.9414,29.6661,BIEN,19.3852,0.945785,8.1214,10.2737,0.158275,0.187191,2.4246,15.4022,1,1,67.616,16257024.0
i0822,abierto,B25,124.973,0.162208,24.6057,151.172,0.1591,29.8749,BIEN,16.7081,0.910157,6.0094,20.9637,0.163168,0.174977,0.592,7.8723,1,1,65.527,16257024.0
i0822,abierto,B40,124.973,0.162208,39.4949,144.0124,1.1372,31.7204,BIEN,18.3941,0.933796,7.6833,15.2348,0.159786,0.171272,1.4932,5.588,1,1,67.414,16257024.0
i0834,abierto,B5,125.2458,0.207497,4.4133,46.5013,90.5315,18.513,CRITICA,9.5394,0.580835,15.1088,62.872,0.199125,nan,4.035,nan,1,1,66.836,16257024.0
i0834,abierto,B10,125.2458,0.207497,9.4707,84.1012,48.693,25.8564,BIEN,14.4851,0.877962,10.3296,32.851,0.21119,nan,1.7794,nan,1,1,63.104,16257024.0
i0834,abierto,B15,125.2458,0.207497,14.5369,112.3734,9.711,28.8601,BIEN,19.5526,0.946682,8.108,10.2777,0.210316,0.211975,1.3585,2.1578,1,1,64.858,16257024.0
i0834,abierto,B25,125.2458,0.207497,24.4513,150.9343,0.3823,29.1994,BIEN,16.9246,0.913825,6.0129,20.5105,0.202998,0.209378,2.1683,0.9065,1,1,62.912,16257024.0
i0834,abierto,B40,125.2458,0.207497,39.517,144.3603,1.0383,30.7888,BIEN,18.5103,0.935449,7.6581,15.2616,0.201837,0.196916,2.7282,5.0997,1,1,53.489,16257024.0
i0909,abierto,B5,134.4207,0.176641,4.4098,46.6602,87.4711,17.0842,CRITICA,8.656,0.54817,15.1272,65.2879,0.183157,nan,3.6891,nan,1,1,52.628,16257024.0
i0909,abierto,B10,134.4207,0.176641,9.4479,84.3545,50.4609,23.9536,BIEN,12.9687,0.847059,10.3497,37.2459,0.192803,nan,9.15,nan,1,1,54.52,16257024.0
i0909,abierto,B15,134.4207,0.176641,14.5123,113.1316,6.0471,27.0098,BIEN,17.5931,0.934098,8.0866,15.8377,0.172104,0.19609,2.5683,11.0108,1,1,57.623,16257024.0
i0909,abierto,B25,134.4207,0.176641,24.5349,152.2207,0.0,26.8815,BIEN,17.7192,0.921709,5.9663,13.242,0.169609,0.188448,3.9811,6.6844,1,1,46.834,16257024.0
i0909,abierto,B40,134.4207,0.176641,39.5117,145.2281,0.0505,28.4931,BIEN,19.1796,0.941894,7.6198,8.04,0.175141,0.176741,0.849,0.0569,1,1,37.248,16257024.0
i0977,abierto,B5,131.6056,0.190217,4.377,46.4426,90.0522,16.8178,CRITICA,8.9149,0.55787,15.1838,64.7108,0.188573,nan,0.8642,nan,1,1,55.623,16257024.0
i0977,abierto,B10,131.6056,0.190217,9.5124,84.5039,50.2591,24.4732,BIEN,13.4943,0.857685,10.3355,35.79,0.196881,nan,3.5034,nan,1,1,55.656,16257024.0
i0977,abierto,B15,131.6056,0.190217,14.4749,112.9376,7.0116,26.9946,BIEN,18.1818,0.93776,8.105,14.1848,0.196881,0.194195,3.5036,2.0914,1,1,56.893,16257024.0
i0977,abierto,B25,131.6056,0.190217,24.5363,152.1512,0.0,27.0525,BIEN,17.4886,0.91918,5.9717,15.6115,0.18671,0.199136,1.8437,4.6889,1,1,54.174,16257024.0
i0977,abierto,B40,131.6056,0.190217,39.4758,145.1334,0.0078,28.6268,BIEN,19.0338,0.939744,7.628,10.2791,0.194291,0.193062,2.142,1.4956,1,1,69.4,16257024.0
i1031,abierto,B5,133.1476,0.176096,4.359,46.7549,91.9502,15.0147,CRITICA,8.9286,0.556632,15.2375,64.885,0.175564,nan,0.3021,nan,1,1,67.194,16257024.0
i1031,abierto,B10,133.1476,0.176096,9.4781,85.2379,39.9678,21.7726,BIEN,13.5893,0.856823,10.327,35.9824,0.184734,nan,4.9053,nan,1,1,45.586,16257024.0
i1031,abierto,B15,133.1476,0.176096,14.4839,113.9007,4.873,23.958,BIEN,18.6184,0.940361,8.066,14.4553,0.184525,0.193569,4.7867,9.9224,1,1,66.881,16257024.0
i1031,abierto,B25,133.1476,0.176096,24.4555,153.5148,0.0155,23.9263,BIEN,17.9303,0.928162,5.8987,15.2967,0.180545,0.189386,2.5268,7.5471,1,1,65.337,16257024.0
i1031,abierto,B40,133.1476,0.176096,39.5447,146.4941,0.3299,25.4379,BIEN,19.6303,0.947204,7.5388,10.0238,0.176399,0.180893,0.172,2.7245,1,1,65.627,16257024.0
j0071,abierto,B5,138.3835,0.146983,4.4356,47.0165,97.5354,12.3023,CRITICA,8.5448,0.505704,15.2083,66.0245,0.155141,nan,5.5497,nan,1,1,66.577,16257024.0
j0071,abierto,B10,138.3835,0.146983,9.4544,85.6799,33.9013,17.9993,BIEN,13.0614,0.814249,10.2633,38.0852,0.164289,0.173438,11.7735,17.9985,1,1,66.609,16257024.0
j0071,abierto,B15,138.3835,0.146983,14.4972,114.7551,5.2592,20.4931,BIEN,18.4484,0.912393,7.9607,17.0746,0.153795,0.154033,4.6342,4.7959,1,1,65.807,16257024.0
j0071,abierto,B25,138.3835,0.146983,24.505,154.5849,0.229,21.3487,BIEN,19.812,0.913367,5.7817,11.7076,0.147567,0.147842,0.3971,0.5839,1,1,49.872,16257024.0
j0071,abierto,B40,138.3835,0.146983,39.5031,147.5747,0.4308,22.2664,BIEN,21.7367,0.932008,7.4003,6.6418,0.156743,0.145313,6.6399,1.1363,1,1,64.462,16257024.0
j0077,abierto,B5,140.0625,0.175935,4.4326,46.7974,96.4641,12.8425,CRITICA,8.3536,0.493011,15.2229,66.5882,0.185102,nan,5.2101,nan,1,1,67.341,16257024.0
j0077,abierto,B10,140.0625,0.175935,9.4131,85.3045,37.2082,18.6945,BIEN,12.7112,0.803236,10.2933,39.0954,0.197163,0.183972,12.0653,4.5678,1,1,65.031,16257024.0
j0077,abierto,B15,140.0625,0.175935,14.4856,114.5124,5.6124,21.237,BIEN,17.8395,0.905401,7.9771,18.2419,0.199361,0.183037,13.315,4.0364,1,1,67.058,16257024.0
j0077,abierto,B25,140.0625,0.175935,24.502,154.3274,0.3454,22.0515,BIEN,19.8558,0.908309,5.7992,10.1846,0.179744,0.183292,2.1649,4.1814,1,1,67.097,16257024.0
j0077,abierto,B40,140.0625,0.175935,39.4583,147.2193,0.5667,23.0367,BIEN,21.6183,0.927426,7.4258,5.1097,0.189959,0.182336,7.9711,3.6378,1,1,66.998,16257024.0
j0114,abierto,B5,139.4847,0.168142,4.4442,47.0251,97.4422,12.2753,CRITICA,8.441,0.500733,15.2058,66.2866,0.180595,nan,7.4064,nan,1,1,49.767,16257024.0
j0114,abierto,B10,139.4847,0.168142,9.4418,85.6007,34.1322,17.9716,BIEN,12.872,0.809109,10.2726,38.6308,0.180185,0.177411,7.1627,5.5125,1,1,66.508,16257024.0
j0114,abierto,B15,139.4847,0.168142,14.4899,114.7424,5.5619,20.5817,BIEN,18.1402,0.910125,7.9628,17.7384,0.18383,0.17473,9.3305,3.9184,1,1,67.328,16257024.0
j0114,abierto,B25,139.4847,0.168142,24.5085,154.5202,0.326,21.4757,BIEN,19.9351,0.912791,5.7883,10.7793,0.184464,0.168506,9.7076,0.2164,1,1,64.319,16257024.0
j0114,abierto,B40,139.4847,0.168142,39.4897,147.4704,0.5453,22.4037,BIEN,21.8001,0.931511,7.4103,5.7251,0.182143,0.177299,8.3271,5.4459,1,1,66.059,16257024.0
j0128,abierto,B5,136.2113,0.172362,4.4744,46.8272,95.9887,13.6558,CRITICA,8.6417,0.503919,15.1425,65.6216,0.172735,nan,0.2164,nan,1,1,67.593,16257024.0
j0128,abierto,B10,136.2113,0.172362,9.4529,85.2685,38.7762,19.8906,BIEN,13.1649,0.812496,10.2551,37.3998,0.180066,0.175123,4.4697,1.6023,1,1,66.485,16257024.0
j0128,abierto,B15,136.2113,0.172362,14.478,114.0845,6.5846,22.737,BIEN,18.4219,0.908838,7.9749,16.2445,0.186069,0.170426,7.9525,1.123,1,1,41.282,16257024.0
j0128,abierto,B25,136.2113,0.172362,24.4907,153.5789,0.5608,23.7264,BIEN,19.1808,0.901851,5.8256,12.7505,0.173399,0.162666,0.602,5.6254,1,1,67.161,16257024.0
j0128,abierto,B40,136.2113,0.172362,39.5133,146.6769,0.85,24.7838,BIEN,20.9886,0.92285,7.4507,7.6833,0.177459,0.175869,2.9575,2.035,1,1,67.243,16257024.0
j0133,abierto,B5,139.491,0.147965,4.4394,47.0075,97.2132,12.2171,CRITICA,8.4487,0.50135,15.2138,66.3007,0.161047,nan,8.8415,nan,1,1,66.029,16257024.0
j0133,abierto,B10,139.491,0.147965,9.4417,85.6519,34.8406,17.7842,BIEN,12.887,0.809343,10.2743,38.5968,0.15161,0.154399,2.4637,4.3487,1,1,58.47,16257024.0
j0133,abierto,B15,139.491,0.147965,14.4959,114.8038,5.0379,20.2812,BIEN,18.1582,0.910033,7.9641,17.6981,0.157373,0.154166,6.3585,4.1912,1,1,67.413,16257024.0
j0133,abierto,B25,139.491,0.147965,24.5056,154.6442,0.1979,21.0025,BIEN,19.8991,0.912333,5.7843,10.8632,0.153643,0.150628,3.8374,1.8004,1,1,67.201,16257024.0
j0133,abierto,B40,139.491,0.147965,39.488,147.568,0.3532,21.9837,BIEN,21.7732,0.931173,7.4063,5.7903,0.158468,0.151555,7.0986,2.4265,1,1,54.13,16257024.0
j0178,abierto,B5,127.1424,0.173479,4.4671,46.8003,97.7605,12.7711,CRITICA,9.558,0.548685,15.1628,63.1906,0.182287,nan,5.0773,nan,1,1,65.427,16257024.0
j0178,abierto,B10,127.1424,0.173479,9.4809,85.3425,34.1458,18.7771,BIEN,14.7836,0.853539,10.2514,32.8765,0.171449,0.178332,1.1701,2.7974,1,1,67.14,16257024.0
j0178,abierto,B15,127.1424,0.173479,14.4623,114.0847,6.2256,21.601,BIEN,21.122,0.930453,7.979,10.2701,0.176098,0.17218,1.5099,0.7488,1,1,67.543,16257024.0
j0178,abierto,B25,127.1424,0.173479,24.4974,153.6838,0.4502,22.6264,BIEN,17.8266,0.903488,5.8266,20.8753,0.178433,0.17039,2.8558,1.7807,1,1,54.61,16257024.0
j0178,abierto,B40,127.1424,0.173479,39.5086,146.712,0.786,23.5345,BIEN,19.7607,0.926359,7.4553,15.3919,0.171825,0.173588,0.9536,0.0627,1,1,66.897,16257024.0
j0218,abierto,B5,127.5553,0.188667,4.4442,46.6619,97.5257,12.7949,CRITICA,9.505,0.543013,15.2025,63.4183,0.17275,nan,8.4365,nan,1,1,67.016,16257024.0
j0218,abierto,B10,127.5553,0.188667,9.4585,85.1846,35.4791,18.9878,BIEN,14.6821,0.849322,10.2761,33.2175,0.189025,0.173333,0.19,8.1272,1,1,46.921,16257024.0
j0218,abierto,B15,127.5553,0.188667,14.44,113.952,6.5614,21.8202,BIEN,20.9375,0.927985,7.9963,10.6647,0.189086,0.170961,0.2225,9.3844,1,1,67.529,16257024.0
j0218,abierto,B25,127.5553,0.188667,24.4859,153.6489,0.4502,22.7842,BIEN,17.8669,0.901721,5.8334,20.4566,0.195725,0.16841,3.7411,10.737,1,1,67.236,16257024.0
j0218,abierto,B40,127.5553,0.188667,39.4968,146.7085,0.7355,23.7109,BIEN,19.7987,0.924753,7.4622,15.0156,0.193659,0.175032,2.6463,7.2269,1,1,67.685,16257024.0
j0466,abierto,B5,130.6139,0.17338,4.4788,46.6464,96.761,13.6136,CRITICA,9.1497,0.526434,15.142,64.2868,0.183123,nan,5.6196,nan,1,1,65.736,16257024.0
j0466,abierto,B10,130.6139,0.17338,9.4705,85.1645,38.4638,20.169,BIEN,14.0705,0.835109,10.2358,34.7968,0.182256,0.172135,5.1196,0.7181,1,1,67.279,16257024.0
j0466,abierto,B15,130.6139,0.17338,14.4765,113.9322,6.8951,23.0355,BIEN,19.9054,0.919236,7.9653,12.7718,0.183107,0.173683,5.6105,0.1747,1,1,67.127,16257024.0
j0466,abierto,B25,130.6139,0.17338,24.4896,153.3801,0.6016,24.0134,BIEN,18.3834,0.899757,5.821,17.4302,0.176745,0.179038,1.9407,3.2634,1,1,66.678,16257024.0
j0466,abierto,B40,130.6139,0.17338,39.5001,146.4359,0.8946,25.0004,BIEN,20.3046,0.922492,7.4525,12.1136,0.17452,0.177976,0.6575,2.651,1,1,68.483,16257024.0
j0475,abierto,B5,130.0301,0.18817,4.4546,46.4464,96.9396,13.4885,CRITICA,9.2032,0.526589,15.1846,64.2803,0.195284,nan,3.7806,nan,1,1,67.134,16257024.0
j0475,abierto,B10,130.0301,0.18817,9.4315,84.9162,38.5298,19.9653,BIEN,14.1497,0.836177,10.2686,34.695,0.198961,0.191774,5.7344,1.9154,1,1,67.002,16257024.0
j0475,abierto,B15,130.0301,0.18817,14.4596,113.8472,7.1222,22.9072,BIEN,20.107,0.921419,7.9764,12.4455,0.197878,0.18696,5.1592,0.643,1,1,51.511,16257024.0
j0475,abierto,B25,130.0301,0.18817,24.476,153.3685,0.5104,23.9104,BIEN,18.3197,0.90025,5.828,17.9484,0.192086,0.192355,2.0812,2.2237,1,1,66.572,16257024.0
j0475,abierto,B40,130.0301,0.18817,39.4735,146.4121,0.8966,24.8703,BIEN,20.2556,0.922999,7.4587,12.5986,0.195033,0.189105,3.6471,0.4968,1,1,66.738,16257024.0
j0498,abierto,B5,130.5806,0.175506,4.4707,46.6379,96.5903,13.6828,CRITICA,9.1583,0.526203,15.1472,64.2842,0.183366,nan,4.4781,nan,1,1,66.125,16257024.0
j0498,abierto,B10,130.5806,0.175506,9.4677,85.1502,38.39,20.2344,BIEN,14.0754,0.834564,10.2444,34.7911,0.18782,0.179724,7.0161,2.4032,1,1,65.475,16257024.0
j0498,abierto,B15,130.5806,0.175506,14.4746,113.9322,7.0737,23.1096,BIEN,19.8999,0.918968,7.9717,12.7496,0.186943,0.176198,6.5165,0.3943,1,1,65.413,16257024.0
j0498,abierto,B25,130.5806,0.175506,24.4804,153.3617,0.4987,24.0384,BIEN,18.3619,0.89878,5.8287,17.446,0.185254,0.17469,5.554,0.4653,1,1,67.445,16257024.0
j0498,abierto,B40,130.5806,0.175506,39.5066,146.4475,0.8966,25.0566,BIEN,20.2706,0.921747,7.459,12.151,0.184506,0.172676,5.1276,1.6126,1,1,65.537,16257024.0
j0531,abierto,B5,130.5303,0.184923,4.4777,46.6689,96.7727,13.5503,CRITICA,9.1673,0.52772,15.1452,64.2467,0.181635,nan,1.7781,nan,1,1,66.889,16257024.0
j0531,abierto,B10,130.5303,0.184923,9.4678,85.1703,38.1688,20.0879,BIEN,14.0986,0.836016,10.2399,34.7505,0.190611,0.178041,3.0758,3.7217,1,1,68.167,16257024.0
j0531,abierto,B15,130.5303,0.184923,14.4798,113.9436,6.9708,22.967,BIEN,19.9705,0.920638,7.9664,12.7072,0.193907,0.184321,4.8579,0.3258,1,1,66.539,16257024.0
j0531,abierto,B25,130.5303,0.184923,24.4897,153.4664,0.5531,23.9024,BIEN,18.3647,0.90071,5.8178,17.5715,0.189396,0.179127,2.4186,3.1347,1,1,66.078,16257024.0
j0531,abierto,B40,130.5303,0.184923,39.4987,146.4948,0.8811,24.9125,BIEN,20.3071,0.923344,7.45,12.2304,0.193799,0.176327,4.7998,4.6488,1,1,68.349,16257024.0
j0551,abierto,B5,130.8086,0.192067,4.4747,46.6408,96.5379,13.6904,CRITICA,9.1281,0.525563,15.1448,64.3443,0.172205,nan,10.3414,nan,1,1,65.95,16257024.0
j0551,abierto,B10,130.8086,0.192067,9.4634,85.1682,38.9451,20.2298,BIEN,14.0266,0.834039,10.2387,34.8909,0.195163,0.179672,1.6119,6.4537,1,1,65.94,16257024.0
j0551,abierto,B15,130.8086,0.192067,14.4838,113.9403,6.9689,23.1927,BIEN,19.8358,0.919894,7.9659,12.8954,0.187559,0.175384,2.347,8.6862,1,1,65.791,16257024.0
j0551,abierto,B25,130.8086,0.192067,24.4901,153.3864,0.5395,24.0975,BIEN,18.3922,0.900552,5.8236,17.2602,0.186033,0.180627,3.1418,5.9565,1,1,66.826,16257024.0
j0551,abierto,B40,130.8086,0.192067,39.5049,146.4409,0.8539,25.0753,BIEN,20.2974,0.922991,7.4546,11.9505,0.189725,0.181049,1.2193,5.7365,1,1,63.734,16257024.0
j0576,abierto,B5,129.4136,0.172484,4.4713,46.5439,96.8134,13.6644,CRITICA,9.2497,0.529152,15.1514,64.0348,0.174333,nan,1.0717,nan,1,1,56.746,16257024.0
j0576,abierto,B10,129.4136,0.172484,9.4555,85.0158,38.7491,20.2506,BIEN,14.2288,0.837844,10.2481,34.3069,0.184861,0.171088,7.1753,0.8094,1,1,66.478,16257024.0
j0576,abierto,B15,129.4136,0.172484,14.4664,113.8071,7.2289,23.3001,BIEN,20.1687,0.921425,7.9715,12.0594,0.183885,0.17086,6.6097,0.9416,1,1,66.475,16257024.0
j0576,abierto,B25,129.4136,0.172484,24.4899,153.1968,0.5706,24.3434,BIEN,18.209,0.89849,5.8326,18.3777,0.186619,0.170936,8.1945,0.8979,1,1,65.485,16257024.0
j0576,abierto,B40,129.4136,0.172484,39.4944,146.2858,1.0091,25.2953,BIEN,20.1126,0.921377,7.4635,13.0374,0.184547,0.173158,6.9936,0.3906,1,1,65.256,16257024.0
j0647,abierto,B5,129.4053,0.178718,4.4578,46.5614,96.8426,13.5059,CRITICA,9.2673,0.529782,15.1677,64.0189,0.181008,nan,1.2815,nan,1,1,66.573,16257024.0
j0647,abierto,B10,129.4053,0.178718,9.4549,85.0918,38.2076,20.0337,BIEN,14.264,0.837619,10.2535,34.244,0.184953,0.175961,3.4886,1.5429,1,1,67.077,16257024.0
j0647,abierto,B15,129.4053,0.178718,14.4691,113.8924,7.1998,23.0622,BIEN,20.2356,0.921692,7.9735,11.9879,0.185955,0.172902,4.0494,3.2546,1,1,51.506,16257024.0
j0647,abierto,B25,129.4053,0.178718,24.4957,153.3859,0.5958,24.0384,BIEN,18.1687,0.898601,5.8271,18.5314,0.173781,0.175937,2.7625,1.5562,1,1,66.214,16257024.0
j0647,abierto,B40,129.4053,0.178718,39.5097,146.4482,0.9296,25.0122,BIEN,20.0871,0.921695,7.4582,13.1701,0.183048,0.17099,2.4225,4.324,1,1,68.195,16257024.0
j0656,abierto,B5,130.709,0.185198,4.4754,46.6278,96.371,13.7624,CRITICA,9.1365,0.524909,15.144,64.327,0.185389,nan,0.1033,nan,1,1,66.469,16257024.0
j0656,abierto,B10,130.709,0.185198,9.4703,85.1322,38.6229,20.3412,BIEN,14.0301,0.833375,10.2445,34.8689,0.195623,0.183068,5.6291,1.15,1,1,66.977,16257024.0
j0656,abierto,B15,130.709,0.185198,14.4793,113.8947,6.967,23.2297,BIEN,19.7914,0.917805,7.9747,12.8639,0.195302,0.179998,5.4558,2.8077,1,1,67.537,16257024.0
j0656,abierto,B25,130.709,0.185198,24.4927,153.2986,0.5123,24.1404,BIEN,18.3401,0.898005,5.8331,17.2823,0.185793,0.182214,0.3211,1.6111,1,1,66.863,16257024.0
j0656,abierto,B40,130.709,0.185198,39.5085,146.3759,0.8714,25.1656,BIEN,20.2348,0.921005,7.4648,11.9861,0.181658,0.179882,1.9118,2.8704,1,1,64.668,16257024.0
j0664,abierto,B5,129.3913,0.177044,4.468,46.498,96.2642,13.8578,CRITICA,9.2402,0.526644,15.1573,64.064,0.176504,nan,0.3046,nan,1,1,66.768,16257024.0
j0664,abierto,B10,129.3913,0.177044,9.4508,85.002,39.2827,20.4783,BIEN,14.2069,0.835891,10.2519,34.3063,0.192764,0.176182,8.8796,0.4867,1,1,66.95,16257024.0
j0664,abierto,B15,129.3913,0.177044,14.4612,113.7361,7.3046,23.5205,BIEN,20.0709,0.91939,7.9789,12.0992,0.175654,0.172729,0.7849,2.4368,1,1,67.56,16257024.0
j0664,abierto,B25,129.3913,0.177044,24.4975,153.1704,0.5822,24.4642,BIEN,18.1355,0.895684,5.8377,18.3776,0.173414,0.17559,2.0501,0.8212,1,1,51.912,16257024.0
j0664,abierto,B40,129.3913,0.177044,39.5041,146.2586,0.98,25.4612,BIEN,20.0211,0.919027,7.4703,13.0358,0.180086,0.176618,1.7184,0.2402,1,1,65.42,16257024.0
j0680,abierto,B5,129.2441,0.167715,4.4695,46.6407,97.2404,13.2683,CRITICA,9.3035,0.534892,15.1577,63.9127,0.170388,nan,1.5939,nan,1,1,65.72,16257024.0
j0680,abierto,B10,129.2441,0.167715,9.4562,85.1517,37.7089,19.6538,BIEN,14.3351,0.84213,10.2478,34.1156,0.181352,0.168558,8.1313,0.5028,1,1,65.961,16257024.0
j0680,abierto,B15,129.2441,0.167715,14.4653,113.9874,6.9417,22.611,BIEN,20.4079,0.924082,7.966,11.8046,0.181356,0.177309,8.1336,5.7203,1,1,65.826,16257024.0
j0680,abierto,B25,129.2441,0.167715,24.494,153.507,0.5667,23.6285,BIEN,18.1962,0.901705,5.8184,18.7729,0.18119,0.174764,8.0349,4.2031,1,1,66.674,16257024.0
j0680,abierto,B40,129.2441,0.167715,39.498,146.5608,0.8636,24.5629,BIEN,20.1411,0.924539,7.4482,13.3984,0.18044,0.164629,7.5877,1.8396,1,1,67.065,16257024.0
j0682,abierto,B5,129.9006,0.182076,4.4788,46.7633,96.7339,13.5337,CRITICA,9.2377,0.530565,15.1374,64.0007,0.177397,nan,2.5697,nan,1,1,48.578,16257024.0
j0682,abierto,B10,129.9006,0.182076,9.486,85.3376,38.2717,20.0318,BIEN,14.219,0.837132,10.2324,34.3055,0.181096,0.172693,0.5381,5.1536,1,1,66.048,16257024.0
j0682,abierto,B15,129.9006,0.182076,14.4779,113.9756,7.0077,23.0036,BIEN,20.1137,0.919949,7.97,12.2594,0.181147,0.179965,0.5104,1.1595,1,1,63.766,16257024.0
j0682,abierto,B25,129.9006,0.182076,24.4885,153.4103,0.5628,23.957,BIEN,18.2536,0.898524,5.8276,18.0982,0.177497,0.177584,2.5152,2.4672,1,1,67.017,16257024.0
j0682,abierto,B40,129.9006,0.182076,39.5106,146.5016,0.8946,24.9515,BIEN,20.1632,0.921385,7.4567,12.7798,0.174138,0.172308,4.3596,5.3648,1,1,66.287,16257024.0
k0064,abierto,B5,124.2506,0.268351,4.3986,47.159,98.5659,10.3189,CRITICA,10.2533,0.572717,15.3972,62.0453,0.259821,nan,3.1786,nan,1,1,65.249,16257024.0
k0064,abierto,B10,124.2506,0.268351,9.3988,86.5283,29.8162,15.0558,BIEN,16.1823,0.867639,10.3381,30.3598,0.273505,0.260807,1.9207,2.8112,1,1,63.057,16257024.0
k0064,abierto,B15,124.2506,0.268351,14.4673,116.0405,2.9789,17.2016,BIEN,24.7,0.939285,7.9649,6.6077,0.267541,0.255955,0.3021,4.6196,1,1,65.379,16257024.0
k0064,abierto,B25,124.2506,0.268351,24.397,156.3576,0.0233,17.7803,BIEN,17.1272,0.912056,5.7251,25.8405,0.259627,0.259397,3.2509,3.3367,1,1,66.541,16257024.0
k0064,abierto,B40,124.2506,0.268351,39.4904,149.3127,0.0737,18.6292,BIEN,19.0525,0.93256,7.3229,20.1706,0.265158,0.266366,1.1899,0.7397,1,1,65.684,16257024.0
k0066,abierto,B5,123.5542,0.259527,4.3973,47.1838,98.5232,10.4104,CRITICA,10.3264,0.574507,15.3853,61.8112,0.248038,nan,4.4268,nan,1,1,64.883,16257024.0
k0066,abierto,B10,123.5542,0.259527,9.387,86.4571,29.8628,15.2254,BIEN,16.3062,0.868702,10.3395,30.025,0.26127,0.260034,0.6714,0.1955,1,1,63.489,16257024.0
k0066,abierto,B15,123.5542,0.259527,14.4565,115.9422,3.1574,17.3428,BIEN,24.8427,0.938912,7.9696,6.1609,0.262838,0.255084,1.2759,1.712,1,1,64.052,16257024.0
k0066,abierto,B25,123.5542,0.259527,24.439,156.4462,0.0349,17.9264,BIEN,16.9466,0.90913,5.721,26.6215,0.254029,0.261806,2.1185,0.878,1,1,68.076,16257024.0
k0066,abierto,B40,123.5542,0.259527,39.495,149.2615,0.0834,18.7735,BIEN,18.8726,0.931124,7.3253,20.8065,0.251352,0.263834,3.15,1.6597,1,1,68.611,16257024.0
k0091,abierto,B5,123.0141,0.250777,4.389,47.0967,98.4184,10.3827,CRITICA,10.3724,0.577401,15.4013,61.7143,0.250776,nan,0.0004,nan,1,1,64.431,16257024.0
k0091,abierto,B10,123.0141,0.250777,9.388,86.4281,30.9729,15.1312,BIEN,16.4051,0.869959,10.3431,29.7413,0.251572,0.251827,0.3167,0.4186,1,1,65.25,16257024.0
k0091,abierto,B15,123.0141,0.250777,14.4536,115.9112,2.5985,17.161,BIEN,24.938,0.940284,7.9733,5.774,0.251848,0.25074,0.4271,0.0149,1,1,67.341,16257024.0
k0091,abierto,B25,123.0141,0.250777,24.4405,156.4431,0.0175,17.6672,BIEN,16.836,0.908934,5.7245,27.175,0.246908,0.246001,1.5428,1.9047,1,1,65.133,16257024.0
k0091,abierto,B40,123.0141,0.250777,39.4939,149.2517,0.066,18.5149,BIEN,18.7255,0.930541,7.3281,21.3289,0.252266,0.254167,0.5935,1.3516,1,1,68.845,16257024.0
k0106,abierto,B5,123.0286,0.278243,4.387,47.1012,98.4572,10.3014,CRITICA,10.3755,0.579875,15.3977,61.7153,0.257385,nan,7.4964,nan,1,1,67.482,16257024.0
k0106,abierto,B10,123.0286,0.278243,9.3861,86.4662,30.4372,15.0176,BIEN,16.4205,0.87156,10.3386,29.7186,0.272335,0.264465,2.1235,4.9518,1,1,67.316,16257024.0
k0106,abierto,B15,123.0286,0.278243,14.4517,115.9431,2.649,17.0056,BIEN,25.0286,0.941253,7.9696,5.7592,0.275244,0.251443,1.078,9.6321,1,1,68.014,16257024.0
k0106,abierto,B25,123.0286,0.278243,24.4426,156.4958,0.0019,17.5431,BIEN,16.8448,0.910691,5.7198,27.2028,0.272679,0.256742,1.9997,7.7276,1,1,67.956,16257024.0
k0106,abierto,B40,123.0286,0.278243,39.4926,149.2988,0.0291,18.3797,BIEN,18.7396,0.932109,7.3232,21.3529,0.270606,0.263359,2.7448,5.3494,1,1,68.446,16257024.0
k0107,abierto,B5,123.7871,0.232582,4.4012,47.206,98.5465,10.2652,CRITICA,10.3141,0.57585,15.3902,61.8652,0.247181,nan,6.2767,nan,1,1,66.047,16257024.0
k0107,abierto,B10,123.7871,0.232582,9.4005,86.5362,30.6429,14.9001,BIEN,16.2954,0.868853,10.338,30.0928,0.241843,0.250411,3.9817,7.6654,1,1,51.12,16257024.0
k0107,abierto,B15,123.7871,0.232582,14.4543,116.0176,2.5093,16.9124,BIEN,24.8944,0.939866,7.9682,6.2765,0.237373,0.241284,2.0597,3.7414,1,1,66.788,16257024.0
k0107,abierto,B25,123.7871,0.232582,24.47,156.6318,0.0058,17.4988,BIEN,16.9809,0.911122,5.7148,26.5332,0.233005,0.241935,0.1817,4.0214,1,1,67.723,16257024.0
k0107,abierto,B40,123.7871,0.232582,39.4995,149.3909,0.0446,18.2697,BIEN,18.9241,0.932341,7.3201,20.6837,0.236416,0.244421,1.6484,5.0901,1,1,65.77,16257024.0
k0138,abierto,B5,123.7632,0.287397,4.3956,47.1954,98.4669,10.3487,CRITICA,10.3047,0.575754,15.3802,61.8664,0.268438,nan,6.5967,nan,1,1,67.02,16257024.0
k0138,abierto,B10,123.7632,0.287397,9.3954,86.4993,29.9598,15.0468,BIEN,16.2672,0.868482,10.3356,30.109,0.291251,0.262673,1.3412,8.6026,1,1,66.305,16257024.0
k0138,abierto,B15,123.7632,0.287397,14.4526,115.9725,2.8372,17.0523,BIEN,24.7802,0.939707,7.9658,6.2948,0.296804,0.270485,3.2735,5.8842,1,1,68.285,16257024.0
k0138,abierto,B25,123.7632,0.287397,24.4643,156.5625,0.0019,17.6536,BIEN,16.9775,0.91096,5.7152,26.5017,0.291236,0.279688,1.3358,2.6822,1,1,53.639,16257024.0
k0138,abierto,B40,123.7632,0.287397,39.4938,149.3215,0.0136,18.4264,BIEN,18.9162,0.932245,7.3213,20.6509,0.292396,0.272204,1.7394,5.2863,1,1,67.426,16257024.0
k0193,abierto,B5,122.8918,0.218824,4.3972,47.1703,98.1816,10.5945,CRITICA,10.3828,0.582736,15.3729,61.6164,0.234864,nan,7.3304,nan,1,1,65.608,16257024.0
k0193,abierto,B10,122.8918,0.218824,9.3937,86.4617,31.6385,15.3456,BIEN,16.4053,0.872366,10.3338,29.644,0.237817,0.245886,8.6796,12.367,1,1,67.429,16257024.0
k0193,abierto,B15,122.8918,0.218824,14.4498,115.9188,2.4763,17.2968,BIEN,24.771,0.940809,7.9683,5.6741,0.235797,0.23283,7.7567,6.4006,1,1,62.551,16257024.0
k0193,abierto,B25,122.8918,0.218824,24.4527,156.436,0.0078,17.7514,BIEN,16.7782,0.90973,5.7234,27.2958,0.223825,0.230357,2.2857,5.2706,1,1,66.904,16257024.0
k0193,abierto,B40,122.8918,0.218824,39.4912,149.2149,0.0543,18.6396,BIEN,18.662,0.931457,7.3293,21.4198,0.225687,0.228936,3.1365,4.6212,1,1,66.483,16257024.0
k0204,abierto,B5,123.1659,0.271748,4.3981,47.1665,98.2689,10.5011,CRITICA,10.3505,0.575499,15.3809,61.7049,0.263939,nan,2.8738,nan,1,1,65.67,16257024.0
k0204,abierto,B10,123.1659,0.271748,9.382,86.4572,30.0142,15.31,BIEN,16.3481,0.868649,10.3354,29.8042,0.277509,0.262479,2.1199,3.4111,1,1,65.667,16257024.0
k0204,abierto,B15,123.1659,0.271748,14.4575,115.9269,3.0235,17.4669,BIEN,24.7857,0.939314,7.9658,5.8774,0.268065,0.258006,1.3554,5.0571,1,1,66.942,16257024.0
k0204,abierto,B25,123.1659,0.271748,24.4373,156.3625,0.0233,17.9903,BIEN,16.865,0.908512,5.7235,26.9527,0.276919,0.263837,1.9027,2.9114,1,1,66.267,16257024.0
k0204,abierto,B40,123.1659,0.271748,39.4767,149.1753,0.0834,18.8384,BIEN,18.7614,0.930089,7.328,21.1174,0.270266,0.255933,0.5456,5.8198,1,1,67.713,16257024.0
k0208,abierto,B5,123.0598,0.273248,4.4077,47.1537,98.2903,10.5252,CRITICA,10.3664,0.576597,15.3857,61.6822,0.265805,nan,2.7239,nan,1,1,66.48,16257024.0
k0208,abierto,B10,123.0598,0.273248,9.4018,86.3763,30.7206,15.3851,BIEN,16.3728,0.869282,10.3425,29.8095,0.272107,0.257499,0.4174,5.7634,1,1,65.765,16257024.0
k0208,abierto,B15,123.0598,0.273248,14.4471,115.8699,3.2234,17.5138,BIEN,24.8183,0.939367,7.9732,5.8426,0.271481,0.255954,0.6465,6.329,1,1,67.178,16257024.0
k0208,abierto,B25,123.0598,0.273248,24.4566,156.3785,0.0097,18.0244,BIEN,16.8378,0.908482,5.7259,27.0753,0.281994,0.257247,3.2009,5.8557,1,1,48.955,16257024.0
k0208,abierto,B40,123.0598,0.273248,39.5,149.2217,0.064,18.8741,BIEN,18.7176,0.930112,7.3286,21.2595,0.278188,0.266158,1.8078,2.5946,1,1,68.626,16257024.0
k0256,abierto,B5,121.78,0.277949,4.3922,47.1737,98.2709,10.5288,CRITICA,10.5076,0.582933,15.371,61.2632,0.269042,nan,3.2044,nan,1,1,66.428,16257024.0
k0256,abierto,B10,121.78,0.277949,9.3973,86.5247,28.6751,15.3189,BIEN,16.6675,0.873979,10.326,28.95,0.26844,0.263222,3.4212,5.2983,1,1,68.087,16257024.0
k0256,abierto,B15,121.78,0.277949,14.4473,115.8899,3.1283,17.4291,BIEN,25.2402,0.941777,7.9674,4.8367,0.262052,0.266177,5.7193,4.2352,1,1,66.007,16257024.0
k0256,abierto,B25,121.78,0.277949,24.4423,156.3579,0.0252,17.9488,BIEN,16.5892,0.906813,5.7224,28.3937,0.266979,0.261523,3.9466,5.9096,1,1,67.409,16257024.0
k0256,abierto,B40,121.78,0.277949,39.4996,149.2055,0.0893,18.795,BIEN,18.4231,0.929001,7.3262,22.5205,0.267653,0.256019,3.7043,7.8898,1,1,66.648,16257024.0
k0312,abierto,B5,122.9681,0.265,4.4399,47.2533,97.1045,11.423,CRITICA,10.3128,0.582414,15.3543,61.5728,0.257068,nan,2.9929,nan,1,1,44.402,16257024.0
k0312,abierto,B10,122.9681,0.265,9.3853,86.2492,32.0771,16.5587,BIEN,16.1822,0.870931,10.3473,29.8605,0.271607,0.262171,2.4935,1.0673,1,1,65.694,16257024.0
k0312,abierto,B15,122.9681,0.265,14.4851,115.6719,3.5281,18.5357,BIEN,23.748,0.938256,7.9877,5.9335,0.272687,0.250467,2.9009,5.484,1,1,65.825,16257024.0
k0312,abierto,B25,122.9681,0.265,24.461,155.9355,0.0427,18.8977,BIEN,16.7051,0.90446,5.7574,26.8097,0.260156,0.263394,1.8277,0.6058,1,1,66.608,16257024.0
k0312,abierto,B40,122.9681,0.265,39.5059,148.7976,0.1223,19.8662,BIEN,18.5373,0.926816,7.3669,21.005,0.254552,0.258411,3.9425,2.4863,1,1,67.25,16257024.0
k0448,abierto,B5,121.4131,0.229903,4.4089,47.1343,97.318,11.2384,CRITICA,10.4864,0.58759,15.3558,61.1786,0.215871,nan,6.1033,nan,1,1,66.131,16257024.0
k0448,abierto,B10,121.4131,0.229903,9.3962,86.3341,30.2606,16.1174,BIEN,16.5452,0.87356,10.3352,28.8923,0.232005,0.234841,0.9145,2.1478,1,1,67.305,16257024.0
k0448,abierto,B15,121.4131,0.229903,14.4604,115.6087,2.779,18.1928,BIEN,24.315,0.939193,7.9884,4.7807,0.229163,0.232642,0.3219,1.1914,1,1,66.003,16257024.0
k0448,abierto,B25,121.4131,0.229903,24.4619,156.0953,0.0427,18.4299,BIEN,16.4005,0.901777,5.7443,28.5654,0.222623,0.219415,3.1663,4.5619,1,1,65.748,16257024.0
k0448,abierto,B40,121.4131,0.229903,39.4853,148.824,0.1126,19.4162,BIEN,18.2247,0.925138,7.3605,22.5766,0.220644,0.227219,4.0272,1.1675,1,1,68.437,16257024.0
k0535,abierto,B5,120.7717,0.259805,4.4477,47.3165,97.3588,10.9438,CRITICA,10.5907,0.595357,15.3467,60.8215,0.246025,nan,5.3039,nan,1,1,66.915,16257024.0
k0535,abierto,B10,120.7717,0.259805,9.4303,86.5306,26.7713,15.7371,BIEN,16.7486,0.878941,10.3299,28.3519,0.270662,0.257831,4.179,0.7598,1,1,51.483,16257024.0
k0535,abierto,B15,120.7717,0.259805,14.478,115.7401,2.9692,17.7765,BIEN,24.58,0.941425,7.986,4.1662,0.265788,0.252346,2.3029,2.8707,1,1,65.813,16257024.0
k0535,abierto,B25,120.7717,0.259805,24.4626,156.1085,0.0194,17.9677,BIEN,16.2842,0.902967,5.7489,29.2591,0.260876,0.250462,0.4124,3.5961,1,1,67.304,16257024.0
k0535,abierto,B40,120.7717,0.259805,39.5699,149.0801,0.1029,18.9343,BIEN,18.0199,0.92545,7.3525,23.4396,0.257348,0.250952,0.9455,3.4074,1,1,68.112,16257024.0
l0028,abierto,B5,117.7884,0.266936,4.5362,46.5813,100.0,17.9272,CRITICA,10.6157,0.581797,14.994,60.4535,0.27748,0.214025,3.9498,19.8217,1,1,66.55,16257024.0
l0028,abierto,B10,117.7884,0.266936,9.4311,84.4456,28.9468,28.708,BIEN,16.9728,0.888541,10.1383,28.3074,0.276067,0.266391,3.4208,0.2043,1,1,65.786,16257024.0
l0028,abierto,B15,117.7884,0.266936,14.4702,112.6661,16.9419,35.4834,BIEN,27.1667,0.952944,7.8749,4.3487,0.26054,0.273617,2.396,2.5027,1,1,67.266,16257024.0
l0028,abierto,B25,117.7884,0.266936,24.4954,150.782,8.8474,42.265,BIEN,17.1939,0.903776,5.792,28.0109,0.265304,0.278555,0.6114,4.3527,1,1,68.007,16257024.0
l0028,abierto,B40,117.7884,0.266936,39.5006,144.4321,10.1651,41.7054,BIEN,18.99,0.926313,7.4047,22.6199,0.259914,0.270739,2.6308,1.4246,1,1,67.366,16257024.0
l0039,abierto,B5,110.5708,0.25245,4.5091,46.272,100.0,18.8234,CRITICA,11.4454,0.611155,14.9717,58.1517,0.253836,0.217516,0.5489,13.838,1,1,66.95,16257024.0
l0039,abierto,B10,110.5708,0.25245,9.4565,84.1936,30.1112,30.458,BIEN,18.8612,0.910491,10.1026,23.8555,0.242443,0.248035,3.9639,1.749,1,1,66.173,16257024.0
l0039,abierto,B15,110.5708,0.25245,14.4576,112.0336,18.2829,37.4008,BIEN,29.0208,0.955295,7.8761,1.3229,0.241028,0.255665,4.5243,1.2735,1,1,51.705,16257024.0
l0039,abierto,B25,110.5708,0.25245,24.51,149.8058,9.9886,44.7446,BIEN,15.8232,0.887155,5.8172,35.484,0.241137,0.258368,4.4813,2.344,1,1,66.934,16257024.0
l0039,abierto,B40,110.5708,0.25245,39.5267,143.6139,11.4246,44.1013,BIEN,17.3111,0.911677,7.434,29.8841,0.2428,0.261211,3.8226,3.4704,1,1,67.396,16257024.0
l0047,abierto,B5,109.9283,0.279278,4.5292,46.4225,100.0,18.8783,CRITICA,11.5444,0.615393,14.9498,57.7701,0.276673,0.224757,0.9324,19.5219,1,1,66.152,16257024.0
l0047,abierto,B10,109.9283,0.279278,9.4949,84.3965,29.8764,30.5519,BIEN,19.0862,0.91241,10.0899,23.2259,0.274948,0.270017,1.5501,3.3158,1,1,67.371,16257024.0
l0047,abierto,B15,109.9283,0.279278,14.4712,112.0157,18.3838,37.7514,BIEN,28.9918,0.953562,7.877,1.8989,0.268359,0.26561,3.9097,4.8937,1,1,65.652,16257024.0
l0047,abierto,B25,109.9283,0.279278,24.5235,149.6136,10.2175,45.1914,BIEN,15.7284,0.884204,5.827,36.1011,0.269468,0.276085,3.5125,1.1432,1,1,66.772,16257024.0
l0047,abierto,B40,109.9283,0.279278,39.5219,143.4581,11.6944,44.5245,BIEN,17.1926,0.909017,7.4444,30.5016,0.270708,0.27832,3.0684,0.3429,1,1,69.552,16257024.0
l0091,abierto,B5,96.6747,0.2421,4.4891,45.7296,100.0,23.3703,CRITICA,13.2082,0.655874,14.8048,52.6974,0.257988,0.229798,6.5622,5.0815,1,1,65.595,16257024.0
l0091,abierto,B10,96.6747,0.2421,9.4748,82.0926,36.1525,37.74,BIEN,23.1113,0.932955,10.1039,15.0837,0.238234,0.249787,1.5969,3.1748,1,1,67.955,16257024.0
l0091,abierto,B15,96.6747,0.2421,14.497,108.6149,24.6618,46.5965,BIEN,24.6189,0.941476,7.9691,12.3509,0.237193,0.248002,2.027,2.4376,1,1,68.144,16257024.0
l0091,abierto,B25,96.6747,0.2421,24.4974,143.9499,16.3869,55.7203,BIEN,14.1231,0.8322,6.0534,48.9012,0.232057,0.247161,4.1483,2.0903,1,1,38.778,16257024.0
l0091,abierto,B40,96.6747,0.2421,39.5018,138.4136,17.5823,54.9139,BIEN,15.2183,0.860733,7.7003,43.1745,0.23731,0.252299,1.9785,4.2125,1,1,69.679,16257024.0
l0109,abierto,B5,98.1978,0.235224,4.5186,46.0247,100.0,23.0241,CRITICA,13.033,0.653317,14.7953,53.1306,0.237124,0.22064,0.8077,6.2001,1,1,66.838,16257024.0
l0109,abierto,B10,98.1978,0.235224,9.4874,82.4346,34.8367,37.0169,BIEN,22.6135,0.93156,10.0982,16.0525,0.243064,0.241798,3.333,2.7949,1,1,66.784,16257024.0
l0109,abierto,B15,98.1978,0.235224,14.4938,108.9585,24.4154,45.8924,BIEN,25.237,0.943039,7.9581,10.9582,0.229754,0.23911,2.3256,1.6519,1,1,66.997,16257024.0
l0109,abierto,B25,98.1978,0.235224,24.5087,144.5718,15.8105,54.8493,BIEN,14.2953,0.838403,6.0264,47.2251,0.230931,0.241022,1.8251,2.4651,1,1,67.508,16257024.0
l0109,abierto,B40,98.1978,0.235224,39.4961,138.9159,16.9846,54.0405,BIEN,15.4376,0.867146,7.6723,41.4653,0.233757,0.24183,0.6237,2.8084,1,1,67.85,16257024.0
l0196,abierto,B5,99.1985,0.252247,4.5313,46.0354,100.0,22.8539,CRITICA,12.8749,0.650718,14.7957,53.5927,0.259895,0.218894,3.0318,13.2222,1,1,51.851,16257024.0
l0196,abierto,B10,99.1985,0.252247,9.5119,82.603,34.5592,36.8551,BIEN,22.2419,0.931167,10.0829,16.7295,0.247733,0.240595,1.7897,4.6192,1,1,66.467,16257024.0
l0196,abierto,B15,99.1985,0.252247,14.4641,109.0917,23.8623,45.697,BIEN,25.6901,0.945133,7.9433,9.9732,0.245362,0.254506,2.7294,0.8957,1,1,66.063,16257024.0
l0196,abierto,B25,99.1985,0.252247,24.5297,144.8908,15.6029,54.6567,BIEN,14.4209,0.844,6.0016,46.0615,0.246378,0.252944,2.3267,0.2761,1,1,65.882,16257024.0
l0196,abierto,B40,99.1985,0.252247,39.5297,139.2112,16.8235,53.9231,BIEN,15.5769,0.871929,7.6434,40.336,0.257635,0.245986,2.1359,2.4822,1,1,69.202,16257024.0
l0299,abierto,B5,100.5383,0.19278,4.5388,46.0577,100.0,22.5897,CRITICA,12.6842,0.643929,14.8038,54.1889,0.208416,0.213809,8.1111,10.9087,1,1,67.103,16257024.0
l0299,abierto,B10,100.5383,0.19278,9.4888,82.7101,33.9867,36.4612,BIEN,21.7456,0.926449,10.0823,17.7327,0.192014,0.21693,0.3971,12.5277,1,1,65.815,16257024.0
l0299,abierto,B15,100.5383,0.19278,14.4526,109.279,23.5731,44.8963,BIEN,26.2825,0.948174,7.944,8.6939,0.180557,0.215599,6.3405,11.8372,1,1,51.504,16257024.0
l0299,abierto,B25,100.5383,0.19278,24.5033,145.1362,15.3506,54.1964,BIEN,14.6321,0.851812,5.9924,44.3591,0.177642,0.198723,7.8525,3.083,1,1,66.258,16257024.0
l0299,abierto,B40,100.5383,0.19278,39.5061,139.526,16.4296,53.0891,BIEN,15.8223,0.877763,7.6325,38.7789,0.180801,0.21001,6.2135,8.9378,1,1,66.696,16257024.0
l0357,abierto,B5,100.8452,0.24459,4.5407,45.9745,100.0,22.4631,CRITICA,12.6241,0.642022,14.823,54.4109,0.243322,0.227461,0.5186,7.0033,1,1,66.669,16257024.0
l0357,abierto,B10,100.8452,0.24459,9.4757,82.6679,33.4239,36.3103,BIEN,21.5835,0.923892,10.0885,18.0249,0.250563,0.242094,2.4419,1.0205,1,1,51.092,16257024.0
l0357,abierto,B15,100.8452,0.24459,14.4503,109.3555,23.3228,44.8961,BIEN,26.42,0.94853,7.9359,8.4389,0.253545,0.252938,3.6611,3.4129,1,1,66.155,16257024.0
l0357,abierto,B25,100.8452,0.24459,24.4646,145.1277,15.207,54.1344,BIEN,14.6827,0.85263,5.987,43.9113,0.253101,0.260377,3.4795,6.4544,1,1,66.48,16257024.0
l0357,abierto,B40,100.8452,0.24459,39.4998,139.5854,16.3054,53.1047,BIEN,15.8717,0.879355,7.6233,38.4155,0.250117,0.252718,2.2595,3.323,1,1,67.556,16257024.0
l0388,abierto,B5,98.0366,0.202026,4.5347,45.9038,100.0,23.267,CRITICA,13.0024,0.652088,14.7739,53.1769,0.202012,0.220009,0.007,8.9013,1,1,64.9,16257024.0
l0388,abierto,B10,98.0366,0.202026,9.4725,82.2331,35.3471,37.3844,BIEN,22.5182,0.930712,10.085,16.12,0.204254,0.227895,1.1026,12.8046,1,1,66.838,16257024.0
l0388,abierto,B15,98.0366,0.202026,14.4794,108.764,24.8773,46.3162,BIEN,25.2292,0.942576,7.9492,10.9422,0.205092,0.205724,1.5176,1.8307,1,1,67.953,16257024.0
l0388,abierto,B25,98.0366,0.202026,24.4963,144.265,16.1618,55.2011,BIEN,14.3231,0.836933,6.03,47.1542,0.206657,0.201532,2.2925,0.2444,1,1,59.178,16257024.0
l0388,abierto,B40,98.0366,0.202026,39.5182,138.7104,17.3106,54.4729,BIEN,15.4487,0.865832,7.676,41.4884,0.207264,0.197944,2.5925,2.0207,1,1,67.079,16257024.0
m0062,abierto,B5,98.9516,0.175608,4.4924,45.5747,89.7727,21.6509,CRITICA,12.5156,0.658601,14.9292,53.9425,0.169374,nan,3.5499,nan,1,1,66.289,16257024.0
m0062,abierto,B10,98.9516,0.175608,9.456,82.6851,57.1154,31.498,BIEN,20.158,0.911472,10.2305,16.4389,0.188455,0.187017,7.3155,6.497,1,1,67.919,16257024.0
m0062,abierto,B15,98.9516,0.175608,14.4487,110.3839,17.4834,35.8696,BIEN,21.8021,0.909084,8.0643,11.5534,0.169389,0.166239,3.5412,5.3352,1,1,54.1,16257024.0
m0062,abierto,B25,98.9516,0.175608,24.4669,147.9718,3.0915,37.7007,BIEN,13.6463,0.804712,6.0572,49.5395,0.169879,0.17092,3.2626,2.6697,1,1,67.977,16257024.0
m0062,abierto,B40,98.9516,0.175608,39.4977,141.4536,5.1427,39.1163,BIEN,14.8596,0.838781,7.7353,42.9523,0.170705,0.174793,2.7921,0.4642,1,1,66.84,16257024.0
m0103,abierto,B5,93.7486,0.204557,4.5224,45.9546,90.8556,19.8514,CRITICA,13.4901,0.701925,14.9639,50.981,0.195521,nan,4.4177,nan,1,1,50.431,16257024.0
m0103,abierto,B10,93.7486,0.204557,9.4366,83.4214,52.5685,28.3789,BIEN,22.0972,0.92795,10.24,11.0158,0.212258,0.193558,3.7644,5.3772,1,1,66.543,16257024.0
m0103,abierto,B15,93.7486,0.204557,14.4361,111.4022,11.3878,31.9698,BIEN,20.5451,0.910177,8.0459,18.8308,0.211999,0.194516,3.6379,4.9088,1,1,66.609,16257024.0
m0103,abierto,B25,93.7486,0.204557,24.5146,149.8386,1.9542,33.0628,BIEN,12.663,0.796788,5.9825,59.8302,0.210282,0.20031,2.7987,2.0766,1,1,66.201,16257024.0
m0103,abierto,B40,93.7486,0.204557,39.4955,143.0106,2.8547,34.4726,BIEN,13.7884,0.830803,7.6578,52.547,0.204542,0.19393,0.0075,5.1955,1,1,51.424,16257024.0
m0111,abierto,B5,96.358,0.19892,4.527,45.7037,90.2055,20.2529,CRITICA,12.9818,0.681266,14.9642,52.5688,0.193954,nan,2.4967,nan,1,1,66.822,16257024.0
m0111,abierto,B10,96.358,0.19892,9.4349,83.2499,56.9485,28.9038,BIEN,21.0621,0.922085,10.2313,13.6036,0.204225,0.187157,2.6667,5.9136,1,1,65.65,16257024.0
m0111,abierto,B15,96.358,0.19892,14.4277,111.0607,11.8749,32.475,BIEN,21.0851,0.912511,8.0512,15.2584,0.209415,0.193911,5.2759,2.5185,1,1,67.41,16257024.0
m0111,abierto,B25,96.358,0.19892,24.4955,149.4346,1.8378,33.5404,BIEN,13.0465,0.803337,5.9913,55.0827,0.203919,0.192987,2.5128,2.9831,1,1,65.736,16257024.0
m0111,abierto,B40,96.358,0.19892,39.4915,142.7369,2.8353,35.0141,BIEN,14.2059,0.836925,7.6645,48.1318,0.198156,0.198763,0.3843,0.0793,1,1,67.32,16257024.0
m0136,abierto,B5,96.601,0.186263,4.5142,45.6589,89.4778,21.4945,CRITICA,12.8671,0.671761,14.9096,52.7345,0.171995,nan,7.6601,nan,1,1,67.399,16257024.0
m0136,abierto,B10,96.601,0.186263,9.4488,82.8001,54.6294,31.0581,BIEN,20.7539,0.917129,10.2296,14.2865,0.18797,0.170566,0.9168,8.4271,1,1,37.057,16257024.0
m0136,abierto,B15,96.601,0.186263,14.4297,110.2485,16.9555,35.2359,BIEN,21.2799,0.907383,8.0826,14.1277,0.18263,0.176929,1.9502,5.011,1,1,66.747,16257024.0
m0136,abierto,B25,96.601,0.186263,24.4717,148.0869,3.1148,36.8836,BIEN,13.2709,0.794331,6.0613,53.2975,0.180176,0.181867,3.2676,2.36,1,1,66.548,16257024.0
m0136,abierto,B40,96.601,0.186263,39.4956,141.5173,4.5314,38.2955,BIEN,14.4399,0.829646,7.7437,46.4968,0.178155,0.183041,4.3527,1.7296,1,1,67.8,16257024.0
m0152,abierto,B5,94.4558,0.185047,4.5303,45.995,91.4242,19.1923,CRITICA,13.3878,0.703756,14.9598,51.3053,0.168432,nan,8.9786,nan,1,1,68.24,16257024.0
m0152,abierto,B10,94.4558,0.185047,9.4267,83.5438,52.1008,27.4357,BIEN,21.9903,0.930592,10.2186,11.5525,0.194646,0.187748,5.1874,1.4597,1,1,63.145,16257024.0
m0152,abierto,B15,94.4558,0.185047,14.4132,111.6394,10.6833,30.847,BIEN,20.7143,0.915934,8.018,18.1922,0.191772,0.178662,3.6341,3.4507,1,1,66.595,16257024.0
m0152,abierto,B25,94.4558,0.185047,24.4762,150.1928,1.6243,31.8367,BIEN,12.7245,0.806939,5.9485,59.0086,0.189445,0.178302,2.3769,3.6448,1,1,66.819,16257024.0
m0152,abierto,B40,94.4558,0.185047,39.4748,143.4103,2.5131,33.217,BIEN,13.8455,0.839543,7.616,51.8279,0.17855,0.177122,3.5111,4.2827,1,1,68.014,16257024.0
m0172,abierto,B5,94.178,0.187205,4.5094,45.7892,90.9042,19.9763,CRITICA,13.3582,0.69702,14.9563,51.3801,0.198545,nan,6.0574,nan,1,1,66.135,16257024.0
m0172,abierto,B10,94.178,0.187205,9.4404,83.293,53.8008,28.5922,BIEN,21.8283,0.926323,10.2272,11.5579,0.203359,0.189891,8.6289,1.4347,1,1,65.386,16257024.0
m0172,abierto,B15,94.178,0.187205,14.4285,111.2131,12.2242,32.173,BIEN,20.6394,0.91102,8.0415,18.0882,0.195294,0.170398,4.3208,8.978,1,1,50.738,16257024.0
m0172,abierto,B25,94.178,0.187205,24.4924,149.6154,1.9154,33.336,BIEN,12.738,0.799316,5.9804,58.8644,0.190655,0.181587,1.8428,3.0013,1,1,65.196,16257024.0
m0172,abierto,B40,94.178,0.187205,39.4811,142.8565,2.9071,34.741,BIEN,13.8598,0.832777,7.6544,51.6877,0.185532,0.18475,0.8942,1.3117,1,1,68.177,16257024.0
m0193,abierto,B5,95.5645,0.175649,4.5198,45.9855,91.5659,18.9057,CRITICA,13.2325,0.700762,14.9908,51.8801,0.164755,nan,6.2019,nan,1,1,66.418,16257024.0
m0193,abierto,B10,95.5645,0.175649,9.436,83.7685,54.0763,26.7769,BIEN,21.7003,0.93124,10.2253,12.3435,0.179969,0.236479,2.4599,34.6317,1,1,66.91,16257024.0
m0193,abierto,B15,95.5645,0.175649,14.4087,111.879,8.6864,29.9473,BIEN,20.9017,0.919517,8.0198,17.0717,0.167766,0.167816,4.4879,4.4594,1,1,65.912,16257024.0
m0193,abierto,B25,95.5645,0.175649,24.4931,150.6502,1.1295,30.6389,BIEN,12.8076,0.811979,5.9333,57.6425,0.170452,0.170834,2.9584,2.7413,1,1,66.767,16257024.0
m0193,abierto,B40,95.5645,0.175649,39.4809,143.7849,1.8417,32.0811,BIEN,13.9564,0.844593,7.6,50.4585,0.173047,0.177703,1.4812,1.1696,1,1,67.21,16257024.0
m0201,abierto,B5,94.7959,0.157956,4.5271,45.9679,90.4772,20.4299,CRITICA,13.2455,0.692684,14.9244,51.5085,0.136294,nan,13.7136,nan,1,1,66.503,16257024.0
m0201,abierto,B10,94.7959,0.157956,9.4469,83.1809,53.3602,29.3348,BIEN,21.4575,0.923614,10.2394,12.2526,0.162552,0.148051,2.9098,6.2703,1,1,65.651,16257024.0
m0201,abierto,B15,94.7959,0.157956,14.4323,110.8738,13.2877,33.1615,BIEN,20.7874,0.909431,8.0687,16.9605,0.152504,0.143433,3.4515,9.1939,1,1,65.971,16257024.0
m0201,abierto,B25,94.7959,0.157956,24.4655,149.0645,2.2395,34.4967,BIEN,12.8886,0.797073,6.0207,57.2478,0.146438,0.146592,7.2915,7.1943,1,1,50.302,16257024.0
m0201,abierto,B40,94.7959,0.157956,39.4862,142.4206,3.3942,35.8931,BIEN,14.0152,0.831059,7.6962,50.2392,0.154705,0.141454,2.0577,10.4469,1,1,68.1,16257024.0
m0346,abierto,B5,91.9489,0.178742,4.5372,45.8467,91.1409,20.1424,CRITICA,13.7514,0.71147,14.9273,50.139,0.173845,nan,2.7396,nan,1,1,66.842,16257024.0
m0346,abierto,B10,91.9489,0.178742,9.4529,83.2783,49.9544,28.9834,BIEN,22.666,0.933097,10.2144,9.4298,0.18256,0.174578,2.1365,2.3293,1,1,66.938,16257024.0
m0346,abierto,B15,91.9489,0.178742,14.4303,111.0295,14.355,32.7946,BIEN,20.3016,0.910236,8.0454,20.7512,0.175634,0.170514,1.7388,4.6033,1,1,57.19,16257024.0
m0346,abierto,B25,91.9489,0.178742,24.4984,149.3331,2.517,34.1006,BIEN,12.5134,0.791899,5.9953,62.4087,0.178369,0.172025,0.2086,3.7575,1,1,66.651,16257024.0
m0346,abierto,B40,91.9489,0.178742,39.4848,142.6104,3.0701,35.4209,BIEN,13.5948,0.825166,7.6709,55.0974,0.171103,0.179197,4.2736,0.2547,1,1,68.077,16257024.0
m0443,abierto,B5,106.4978,0.15413,4.4688,45.6238,92.0705,21.5803,CRITICA,11.4037,0.627166,14.9138,57.1599,0.144143,nan,6.4798,nan,1,1,55.378,16257024.0
m0443,abierto,B10,106.4978,0.15413,9.509,82.8789,59.417,31.3705,BIEN,17.9354,0.893468,10.2032,22.1778,0.166588,0.164375,8.0826,6.6465,1,1,65.713,16257024.0
m0443,abierto,B15,106.4978,0.15413,14.4635,110.4371,16.7401,35.6511,BIEN,22.09,0.915972,8.0515,3.6989,0.152948,0.18989,0.7672,23.201,1,1,67.368,16257024.0
m0443,abierto,B25,106.4978,0.15413,24.4933,148.2221,1.9795,37.1339,BIEN,14.6495,0.826571,6.035,39.1786,0.145468,0.152825,5.62,0.847,1,1,66.307,16257024.0
m0443,abierto,B40,106.4978,0.15413,39.5333,141.6453,3.4699,38.6702,BIEN,16.0304,0.860677,7.7145,33.003,0.147111,0.154662,4.5538,0.3451,1,1,50.196,16257024.0
m0457,abierto,B5,100.3348,0.170411,4.5039,45.3786,89.2779,23.4284,CRITICA,12.2568,0.643229,14.8843,54.7728,0.172642,nan,1.3092,nan,1,1,66.142,16257024.0
m0457,abierto,B10,100.3348,0.170411,9.4089,81.9265,57.5424,34.31,BIEN,19.5179,0.904719,10.2679,18.3469,0.179848,0.158107,5.5375,7.2204,1,1,66.374,16257024.0
m0457,abierto,B15,100.3348,0.170411,14.4352,109.1879,21.0348,39.3204,BIEN,22.1806,0.90516,8.1353,8.8235,0.175596,0.158512,3.0422,6.9828,1,1,66.819,16257024.0
m0457,abierto,B25,100.3348,0.170411,24.4633,145.9587,6.0451,42.1658,BIEN,14.153,0.800555,6.1767,45.4717,0.161724,0.176149,5.0977,3.3667,1,1,51.01,16257024.0
m0457,abierto,B40,100.3348,0.170411,39.501,139.8218,8.0401,43.2854,BIEN,15.3714,0.8355,7.8578,39.3552,0.169544,0.1697,0.5088,0.4173,1,1,68.673,16257024.0
m0505,abierto,B5,99.606,0.159609,4.513,45.5717,89.437,23.0862,CRITICA,12.3607,0.654477,14.874,54.2481,0.169387,nan,6.1262,nan,1,1,65.205,16257024.0
m0505,abierto,B10,99.606,0.159609,9.448,82.2854,58.5418,33.7364,BIEN,19.6885,0.906035,10.248,17.3891,0.159119,0.168149,0.307,5.3505,1,1,49.199,16257024.0
m0505,abierto,B15,99.606,0.159609,14.4303,109.2743,20.4526,38.8473,BIEN,22.0029,0.904049,8.1326,9.7065,0.166216,0.168648,4.1395,5.663,1,1,66.474,16257024.0
m0505,abierto,B25,99.606,0.159609,24.5386,146.6212,4.6828,41.0596,BIEN,13.9139,0.797363,6.1467,47.2011,0.159365,0.161134,0.1529,0.9554,1,1,68.189,16257024.0
m0505,abierto,B40,99.606,0.159609,39.503,140.0207,6.9553,42.5989,BIEN,15.1999,0.83436,7.848,40.5745,0.158001,0.156894,1.0075,1.7014,1,1,69.188,16257024.0
n0062,abierto,B5,137.7514,0.191702,4.3741,45.8511,99.9903,22.0042,CRITICA,8.2094,0.446702,14.982,66.7146,0.186401,0.211557,2.7653,10.3568,1,1,56.752,16257024.0
n0062,abierto,B10,137.7514,0.191702,9.3723,82.7302,38.0077,34.6719,BIEN,12.4171,0.774421,10.2308,39.9423,0.182849,0.201578,4.6182,5.1515,1,1,67.824,16257024.0
n0062,abierto,B15,137.7514,0.191702,14.4606,109.5505,22.5912,42.0096,BIEN,17.0621,0.889346,8.0721,20.4723,0.168785,0.203807,11.9549,6.3145,1,1,64.634,16257024.0
n0062,abierto,B25,137.7514,0.191702,24.5484,145.8147,14.1707,48.949,BIEN,20.5865,0.889392,6.0906,5.8536,0.1799,0.201325,6.1568,5.0195,1,1,65.703,16257024.0
n0062,abierto,B40,137.7514,0.191702,39.5018,140.0395,15.403,48.6161,BIEN,21.7648,0.910501,7.7339,1.661,0.180193,0.196957,6.0039,2.7412,1,1,67.375,16257024.0
n0063,abierto,B5,137.2028,0.193722,4.3706,45.8104,99.9922,22.0331,CRITICA,8.2634,0.448499,14.9969,66.6111,0.189818,0.207108,2.0155,6.9099,1,1,66.718,16257024.0
n0063,abierto,B10,137.2028,0.193722,9.3784,82.6692,38.1203,34.7818,BIEN,12.4985,0.776108,10.2424,39.7467,0.206194,0.207308,6.4378,7.0132,1,1,66.649,16257024.0
n0063,abierto,B15,137.2028,0.193722,14.4399,109.478,22.6688,42.1336,BIEN,17.1782,0.890176,8.0841,20.2071,0.192743,0.206139,0.5055,6.4094,1,1,65.36,16257024.0
n0063,abierto,B25,137.2028,0.193722,24.5401,145.8047,14.1047,48.7815,BIEN,20.4778,0.888202,6.1026,6.2695,0.194474,0.20114,0.3878,3.8289,1,1,65.537,16257024.0
n0063,abierto,B40,137.2028,0.193722,39.4965,139.9077,15.5175,48.7598,BIEN,21.7602,0.910931,7.7492,1.9715,0.191555,0.20343,1.1187,5.0114,1,1,67.115,16257024.0
n0140,abierto,B5,136.69,0.208797,4.3515,45.6473,99.7768,22.7895,CRITICA,8.2582,0.450898,14.9788,66.6052,0.196732,0.202074,5.7786,3.2199,1,1,67.081,16257024.0
n0140,abierto,B10,136.69,0.208797,9.3589,82.2189,38.5919,35.8931,BIEN,12.4557,0.777237,10.2566,39.8501,0.200653,0.20076,3.9007,3.8494,1,1,67.966,16257024.0
n0140,abierto,B15,136.69,0.208797,14.4511,109.0059,24.0952,43.4464,BIEN,17.0604,0.890725,8.1031,20.2532,0.179734,0.199488,13.9193,4.4584,1,1,67.375,16257024.0
n0140,abierto,B25,136.69,0.208797,24.547,145.0279,15.3254,50.3973,BIEN,20.3265,0.886932,6.1412,6.0999,0.191774,0.20093,8.1532,3.768,1,1,67.271,16257024.0
n0140,abierto,B40,136.69,0.208797,39.4988,139.2467,16.546,50.2769,BIEN,21.5168,0.909375,7.7908,1.8705,0.180287,0.202285,13.6546,3.119,1,1,68.02,16257024.0
n0202,abierto,B5,140.1217,0.180565,4.3634,45.7053,99.9651,22.0127,CRITICA,7.9588,0.438899,14.9851,67.3818,0.1835,0.210901,1.6256,16.801,1,1,67.178,16257024.0
n0202,abierto,B10,140.1217,0.180565,9.3054,82.5011,37.4546,34.8205,BIEN,12.0259,0.761993,10.2274,41.1219,0.181737,0.201282,0.6494,11.474,1,1,67.989,16257024.0
n0202,abierto,B15,140.1217,0.180565,14.5006,109.6432,22.5349,42.2044,BIEN,16.5154,0.882616,8.0471,21.7515,0.176252,0.194969,2.3882,7.9774,1,1,66.782,16257024.0
n0202,abierto,B25,140.1217,0.180565,24.5395,145.9712,14.5724,49.1526,BIEN,20.7136,0.887961,6.0674,4.1745,0.179254,0.191731,0.7255,6.1842,1,1,50.816,16257024.0
n0202,abierto,B40,140.1217,0.180565,39.4471,140.023,15.8319,48.9577,BIEN,21.6657,0.909262,7.7146,0.0704,0.178767,0.190992,0.9956,5.7748,1,1,67.985,16257024.0
n0209,abierto,B5,139.173,0.193998,4.3526,45.717,99.6953,22.1379,CRITICA,8.0138,0.440307,14.9505,67.151,0.193162,0.200499,0.4308,3.351,1,1,66.234,16257024.0
n0209,abierto,B10,139.173,0.193998,9.3554,82.5772,40.2298,34.6439,BIEN,12.0975,0.766661,10.219,40.6658,0.186594,0.197283,3.8164,1.6935,1,1,66.715,16257024.0
n0209,abierto,B15,139.173,0.193998,14.4964,109.4344,22.857,41.8693,BIEN,16.516,0.88204,8.0673,21.3681,0.178253,0.19405,8.1162,0.0266,1,1,65.339,16257024.0
n0209,abierto,B25,139.173,0.193998,24.5298,145.6649,13.9029,48.348,BIEN,20.3364,0.88199,6.101,4.6646,0.180906,0.20369,6.7488,4.9958,1,1,67.534,16257024.0
n0209,abierto,B40,139.173,0.193998,39.4951,139.8264,15.4457,48.2729,BIEN,21.3233,0.903912,7.7496,0.4695,0.182896,0.191727,5.7228,1.1707,1,1,66.151,16257024.0
n0212,abierto,B5,143.3717,0.210788,4.3717,45.7887,100.0,21.6012,CRITICA,7.6926,0.431285,15.0111,68.0629,0.20378,0.207555,3.3246,1.5341,1,1,46.576,16257024.0
n0212,abierto,B10,143.3717,0.210788,9.3341,82.7971,36.9947,34.239,BIEN,11.6227,0.753007,10.2276,42.25,0.191961,0.197638,8.9316,6.2385,1,1,63.039,16257024.0
n0212,abierto,B15,143.3717,0.210788,14.5064,109.8863,22.1196,41.5727,BIEN,15.8775,0.875516,8.0484,23.3556,0.199307,0.199943,5.4469,5.1452,1,1,65.338,16257024.0
n0212,abierto,B25,143.3717,0.210788,24.5341,146.323,14.1202,48.4283,BIEN,20.7018,0.888246,6.0598,2.0585,0.191648,0.203215,9.0801,3.593,1,1,66.982,16257024.0
n0212,abierto,B40,143.3717,0.210788,39.5038,140.4326,15.4457,48.1954,BIEN,21.308,0.907672,7.7022,2.05,0.189301,0.189351,10.1935,10.17,1,1,57.807,16257024.0
n0303,abierto,B5,134.7758,0.190132,4.3698,45.7373,98.7483,22.8125,CRITICA,8.3664,0.456964,14.8989,66.0641,0.204643,0.212522,7.6317,11.776,1,1,67.216,16257024.0
n0303,abierto,B10,134.7758,0.190132,9.3466,82.2047,40.0299,35.8778,BIEN,12.6365,0.782522,10.2041,39.0063,0.20126,0.209961,5.8526,10.4288,1,1,67.32,16257024.0
n0303,abierto,B15,134.7758,0.190132,14.5464,109.0948,23.5925,43.2644,BIEN,17.3696,0.893638,8.0518,19.0546,0.195885,0.200685,3.0255,5.55,1,1,66.895,16257024.0
n0303,abierto,B25,134.7758,0.190132,24.5451,144.9139,15.1604,50.084,BIEN,20.1082,0.882568,6.1141,7.5222,0.182131,0.20107,4.2085,5.7525,1,1,67.997,16257024.0
n0303,abierto,B40,134.7758,0.190132,39.4886,139.14,16.5305,50.0064,BIEN,21.3937,0.906059,7.7672,3.2381,0.189913,0.193142,0.1152,1.583,1,1,69.272,16257024.0
n0332,abierto,B5,133.3644,0.178417,4.3565,45.7037,99.7826,22.4584,CRITICA,8.5438,0.465793,14.932,65.7302,0.175274,0.199412,1.7615,11.7675,1,1,68.157,16257024.0
n0332,abierto,B10,133.3644,0.178417,9.3376,82.388,38.8131,35.481,BIEN,12.9717,0.790534,10.2005,38.2234,0.173613,0.186439,2.6928,4.4964,1,1,56.998,16257024.0
n0332,abierto,B15,133.3644,0.178417,14.5235,109.2538,23.0957,42.9356,BIEN,17.9789,0.899177,8.0466,18.0787,0.183664,0.187008,2.9411,4.815,1,1,65.892,16257024.0
n0332,abierto,B25,133.3644,0.178417,24.4858,145.1925,14.6034,50.0707,BIEN,20.3298,0.886085,6.093,8.869,0.172401,0.183396,3.372,2.7905,1,1,67.567,16257024.0
n0332,abierto,B40,133.3644,0.178417,39.4559,139.396,15.6417,49.8674,BIEN,21.859,0.909974,7.7422,4.5226,0.1684,0.177483,5.6143,0.5237,1,1,67.328,16257024.0
n0340,abierto,B5,155.4676,0.196068,4.3923,46.1065,100.0,20.4408,CRITICA,6.834,0.39841,15.0594,70.3433,0.181803,nan,7.2754,nan,1,1,67.994,16257024.0
n0340,abierto,B10,155.4676,0.196068,9.3538,83.5219,35.9273,31.8136,BIEN,10.3069,0.715543,10.2565,46.277,0.181859,0.211102,7.2467,7.6679,1,1,66.435,16257024.0
n0340,abierto,B15,155.4676,0.196068,14.5195,110.956,20.3594,38.4464,BIEN,13.9193,0.850513,8.052,28.6308,0.180757,0.203858,7.8089,3.9732,1,1,66.407,16257024.0
n0340,abierto,B25,155.4676,0.196068,24.5578,148.2477,11.9855,44.3486,BIEN,19.7027,0.88764,6.012,4.644,0.183702,0.193463,6.3066,1.3285,1,1,44.514,16257024.0
n0340,abierto,B40,155.4676,0.196068,39.4823,142.0613,13.6001,44.2704,BIEN,19.3426,0.902795,7.647,8.6232,0.19041,0.190994,2.8854,2.5878,1,1,66.454,16257024.0
n0343,abierto,B5,173.5967,0.256543,4.4181,46.5715,100.0,17.8617,CRITICA,5.7339,0.367349,15.1954,73.1726,0.214379,nan,16.4353,nan,1,1,66.668,16257024.0
n0343,abierto,B10,173.5967,0.256543,9.336,84.413,32.0887,27.729,BIEN,8.7143,0.664848,10.3255,51.3741,0.215631,0.225194,15.9473,12.2197,1,1,67.486,16257024.0
n0343,abierto,B15,173.5967,0.256543,14.5943,112.8155,16.0143,33.9665,BIEN,11.7955,0.813635,8.0307,35.0129,0.156314,0.201922,39.0689,21.2912,1,1,66.462,16257024.0
n0343,abierto,B25,173.5967,0.256543,24.51,150.8066,8.9367,39.0867,BIEN,17.4315,0.883501,5.9318,13.1282,0.154048,0.201783,39.9522,21.3453,1,1,66.431,16257024.0
n0343,abierto,B40,173.5967,0.256543,39.4586,144.3786,10.0138,39.0245,BIEN,16.5363,0.89168,7.5495,16.831,0.147368,0.196957,42.5564,23.2264,1,1,68.667,16257024.0
n0624,abierto,B5,125.3377,0.168366,4.3556,45.3555,92.2781,25.0763,CRITICA,9.0761,0.487797,14.7495,63.8133,0.17135,0.195346,1.7728,16.0246,1,1,66.315,16257024.0
n0624,abierto,B10,125.3377,0.168366,9.3961,81.1855,44.8873,38.9442,BIEN,13.7671,0.816289,10.1503,35.2266,0.161954,0.183711,3.8083,9.1145,1,1,64.529,16257024.0
n0624,abierto,B15,125.3377,0.168366,14.5675,107.284,25.6768,46.8652,BIEN,18.8358,0.909952,8.0714,14.404,0.157332,0.17999,6.5532,6.904,1,1,66.968,16257024.0
n0624,abierto,B25,125.3377,0.168366,24.4606,142.1005,16.1773,54.3679,BIEN,18.9417,0.875999,6.2051,13.3742,0.160423,0.173303,4.7177,2.9326,1,1,65.57,16257024.0
n0624,abierto,B40,125.3377,0.168366,39.4782,136.8095,17.2447,53.9809,BIEN,20.4244,0.901066,7.8742,9.1527,0.161677,0.175252,3.9725,4.0898,1,1,50.972,16257024.0
n0654,abierto,B5,121.6574,0.158622,4.3646,45.348,93.6269,26.0205,CRITICA,9.491,0.496251,14.7358,62.7248,0.168108,nan,5.9802,nan,1,1,62.15,16257024.0
n0654,abierto,B10,121.6574,0.158622,9.3853,80.8778,40.0687,41.0564,BIEN,14.495,0.818559,10.1404,33.5201,0.159678,0.188924,0.6654,19.103,1,1,66.958,16257024.0
n0654,abierto,B15,121.6574,0.158622,14.5525,106.6504,27.8484,49.9343,BIEN,20.085,0.909883,8.0689,12.3355,0.160883,0.176707,1.4253,11.401,1,1,66.596,16257024.0
n0654,abierto,B25,121.6574,0.158622,24.5135,141.0916,19.1989,58.4393,BIEN,18.8147,0.872818,6.2148,15.9746,0.155254,0.17828,2.1236,12.393,1,1,66.163,16257024.0
n0654,abierto,B40,121.6574,0.158622,39.4753,135.7275,20.2604,58.1138,BIEN,20.4593,0.900937,7.889,11.5654,0.164976,0.172622,4.0054,8.8257,1,1,66.663,16257024.0
n0658,abierto,B5,119.401,0.181857,4.3505,45.1668,92.4935,26.4726,CRITICA,9.6771,0.502775,14.7257,62.1722,0.192401,0.206562,5.7979,13.5852,1,1,66.99,16257024.0
n0658,abierto,B10,119.401,0.181857,9.4104,80.5779,41.1031,41.6446,BIEN,14.8065,0.828432,10.1456,32.5149,0.187964,0.195448,3.3585,7.4734,1,1,42.126,16257024.0
n0658,abierto,B15,119.401,0.181857,14.5479,106.2545,28.9585,50.511,BIEN,20.4772,0.913064,8.0854,11.0104,0.197387,0.19632,8.5401,7.953,1,1,67.019,16257024.0
n0658,abierto,B25,119.401,0.181857,24.5013,140.2979,19.948,59.3699,BIEN,18.5128,0.867536,6.2501,17.5014,0.191518,0.200316,5.3127,10.1503,1,1,68.221,16257024.0
n0658,abierto,B40,119.401,0.181857,39.5025,135.2248,21.0619,58.6271,BIEN,20.1021,0.89416,7.9288,13.2526,0.184835,0.195411,1.6376,7.4532,1,1,68.174,16257024.0
n0662,abierto,B5,118.4714,0.192648,4.3477,45.0869,91.9521,26.7856,CRITICA,9.7563,0.504079,14.7089,61.9428,0.196463,0.209674,1.9801,8.8377,1,1,65.437,16257024.0
n0662,abierto,B10,118.4714,0.192648,9.4093,80.3991,41.4951,42.1268,BIEN,14.9419,0.829168,10.1399,32.1363,0.189907,0.195135,1.4229,1.2906,1,1,67.646,16257024.0
n0662,abierto,B15,118.4714,0.192648,14.5568,105.9886,29.5465,51.1176,BIEN,20.6506,0.913051,8.0869,10.5366,0.198189,0.200317,2.8758,3.9806,1,1,67.812,16257024.0
n0662,abierto,B25,118.4714,0.192648,24.5111,139.9461,20.1634,59.9059,BIEN,18.3816,0.865195,6.2625,18.1264,0.191228,0.204579,0.7375,6.193,1,1,67.189,16257024.0
n0662,abierto,B40,118.4714,0.192648,39.4984,134.8365,21.3783,59.2943,BIEN,19.9832,0.8929,7.9464,13.8136,0.187804,0.198427,2.5146,2.9995,1,1,65.421,16257024.0
n0665,abierto,B5,124.1286,0.185859,4.3678,45.4041,95.4259,25.4526,CRITICA,9.2663,0.490141,14.7754,63.4217,0.202302,0.2062,8.8469,10.9443,1,1,65.181,16257024.0
n0665,abierto,B10,124.1286,0.185859,9.3686,81.1553,38.9567,40.3316,BIEN,14.1352,0.814234,10.147,34.6199,0.198362,0.199312,6.727,7.2382,1,1,66.45,16257024.0
n0665,abierto,B15,124.1286,0.185859,14.5489,107.108,27.0003,49.1149,BIEN,19.6081,0.908594,8.0596,13.712,0.192469,0.213635,3.556,14.9446,1,1,48.815,16257024.0
n0665,abierto,B25,124.1286,0.185859,24.5324,141.8869,18.6109,57.5074,BIEN,19.1677,0.878246,6.1843,14.3064,0.187678,0.204939,0.9783,10.2657,1,1,67.259,16257024.0
n0665,abierto,B40,124.1286,0.185859,39.4728,136.4134,19.9344,57.1988,BIEN,20.8275,0.904832,7.8537,9.8969,0.18965,0.197195,2.0393,6.0988,1,1,68.71,16257024.0
n0722,abierto,B5,121.8668,0.167628,4.3497,45.2294,91.2729,26.012,CRITICA,9.3902,0.496775,14.7158,62.8862,0.155307,0.180115,7.3503,7.4492,1,1,68.608,16257024.0
n0722,abierto,B10,121.8668,0.167628,9.425,80.5972,43.6531,40.7013,BIEN,14.269,0.819828,10.1506,33.8645,0.160795,0.173132,4.0763,3.2839,1,1,51.68,16257024.0
n0722,abierto,B15,121.8668,0.167628,14.5622,106.4127,27.6349,49.3055,BIEN,19.597,0.910148,8.0822,12.6812,0.160528,0.175679,4.2351,4.8032,1,1,67.028,16257024.0
n0722,abierto,B25,121.8668,0.167628,24.5202,140.8645,18.1374,57.2219,BIEN,18.6259,0.868178,6.2412,15.5889,0.160014,0.166545,4.5418,0.6461,1,1,66.435,16257024.0
n0722,abierto,B40,121.8668,0.167628,39.4848,135.4709,19.327,57.0565,BIEN,20.2001,0.897004,7.9236,11.1631,0.165794,0.17678,1.0937,5.46,1,1,59.633,16257024.0
n0738,abierto,B5,146.9977,0.213843,4.4042,46.3101,100.0,19.3088,CRITICA,7.5498,0.437529,15.0529,68.4961,0.239423,nan,11.9618,nan,1,1,67.27,16257024.0
n0738,abierto,B10,146.9977,0.213843,9.2996,83.8428,33.781,30.8371,BIEN,11.4512,0.757365,10.2078,42.9632,0.228413,0.21231,6.8131,0.7172,1,1,66.915,16257024.0
n0738,abierto,B15,146.9977,0.213843,14.5371,111.5573,18.4032,37.6964,BIEN,15.7921,0.88106,7.9788,24.1095,0.217284,0.2308,1.6088,7.9293,1,1,68.079,16257024.0
n0738,abierto,B25,146.9977,0.213843,24.4875,148.9872,10.6523,44.2182,BIEN,21.5355,0.906174,5.9265,1.3534,0.213629,0.233713,0.1,9.2915,1,1,66.8,16257024.0
n0738,abierto,B40,146.9977,0.213843,39.4878,142.7978,11.7448,43.8688,BIEN,22.0005,0.921895,7.554,2.8571,0.224861,0.2166,5.1524,1.2892,1,1,67.8,16257024.0
n0774,abierto,B5,133.5917,0.166092,4.3952,45.9681,99.967,21.7894,CRITICA,8.6009,0.468601,14.9463,65.5906,0.175937,nan,5.9276,nan,1,1,65.612,16257024.0
n0774,abierto,B10,133.5917,0.166092,9.3334,82.7005,36.692,34.7879,BIEN,13.0867,0.790905,10.1954,38.0946,0.192453,0.217781,15.871,31.1208,1,1,66.638,16257024.0
n0774,abierto,B15,133.5917,0.166092,14.5176,109.7035,21.4656,42.2729,BIEN,18.2779,0.901269,8.0258,17.8815,0.179337,0.203258,7.9742,22.3769,1,1,64.311,16257024.0
n0774,abierto,B25,133.5917,0.166092,24.5297,145.9266,13.5225,49.8021,BIEN,20.5986,0.892757,6.0452,9.2333,0.18518,0.187071,11.4923,12.6312,1,1,67.418,16257024.0
n0774,abierto,B40,133.5917,0.166092,39.4872,140.0891,14.5355,49.412,BIEN,22.2616,0.91532,7.688,4.8636,0.185504,0.177283,11.6872,6.7379,1,1,69.08,16257024.0
n0777,abierto,B5,128.9759,0.197981,4.3843,45.8036,99.9515,22.8113,CRITICA,8.9638,0.484489,14.8878,64.4867,0.179338,nan,9.4169,nan,1,1,48.902,16257024.0
n0777,abierto,B10,128.9759,0.197981,9.3729,82.2102,39.7388,36.1897,BIEN,13.664,0.805909,10.1833,36.2593,0.192251,0.197207,2.8946,0.3912,1,1,66.876,16257024.0
n0777,abierto,B15,128.9759,0.197981,14.5342,108.9027,22.859,44.0588,BIEN,19.1135,0.905785,8.0426,15.5636,0.205299,0.193637,3.6959,2.1944,1,1,66.612,16257024.0
n0777,abierto,B25,128.9759,0.197981,24.5307,144.5903,14.3705,51.7176,BIEN,19.888,0.885257,6.1014,12.1064,0.192038,0.183351,3.0022,7.3899,1,1,67.168,16257024.0
n0777,abierto,B40,128.9759,0.197981,39.4807,138.871,15.2904,51.3574,BIEN,21.6575,0.909399,7.7543,7.672,0.190053,0.18232,4.0044,7.9107,1,1,68.175,16257024.0
n0807,abierto,B5,112.708,0.182411,4.3323,44.9687,92.2063,27.4217,CRITICA,10.3569,0.52771,14.6495,60.1016,0.199643,0.212064,9.4468,16.256,1,1,66.325,16257024.0
n0807,abierto,B10,112.708,0.182411,9.477,80.0185,42.153,43.3897,BIEN,16.0614,0.844127,10.1028,29.0036,0.198626,0.201163,8.8891,10.28,1,1,66.518,16257024.0
n0807,abierto,B15,112.708,0.182411,14.5483,105.1368,30.2936,52.9056,BIEN,22.2787,0.91463,8.0776,6.7175,0.183168,0.200204,0.4146,9.7542,1,1,67.35,16257024.0
n0807,abierto,B25,112.708,0.182411,24.488,138.4457,21.1648,62.3608,BIEN,17.6775,0.854206,6.2901,22.8358,0.187319,0.206021,2.6902,12.9433,1,1,66.227,16257024.0
n0807,abierto,B40,112.708,0.182411,39.503,133.6165,22.3796,61.577,BIEN,19.1755,0.883627,7.9771,18.5511,0.194865,0.204699,6.8272,12.2185,1,1,68.08,16257024.0
n0815,abierto,B5,137.8192,0.173399,4.3758,45.8767,99.2917,21.8994,CRITICA,8.1812,0.464239,14.9752,66.7124,0.17539,nan,1.1483,nan,1,1,66.403,16257024.0
n0815,abierto,B10,137.8192,0.173399,9.3064,82.8485,38.097,34.2901,BIEN,12.3673,0.792331,10.2234,39.8861,0.174983,0.197716,0.9135,14.0237,1,1,59.216,16257024.0
n0815,abierto,B15,137.8192,0.173399,14.5087,109.9405,22.238,41.4667,BIEN,16.9427,0.902155,8.0552,20.2284,0.165164,0.169382,4.7492,2.3168,1,1,67.116,16257024.0
n0815,abierto,B25,137.8192,0.173399,24.5113,146.6356,11.1665,48.1415,BIEN,20.1259,0.89906,6.0583,6.3971,0.174515,0.18151,0.6438,4.6778,1,1,66.209,16257024.0
n0815,abierto,B40,137.8192,0.173399,39.5035,140.6784,12.6647,47.8931,BIEN,21.3272,0.920314,7.7039,2.0746,0.169862,0.176555,2.0395,1.8199,1,1,66.504,16257024.0
n0826,abierto,B5,119.3938,0.194567,4.3613,45.3202,94.9795,25.7537,CRITICA,9.7329,0.504455,14.7386,62.0414,0.20335,0.204396,4.5137,5.0514,1,1,61.69,16257024.0
n0826,abierto,B10,119.3938,0.194567,9.4149,80.9723,40.4161,40.7719,BIEN,14.9568,0.827812,10.1293,32.1804,0.20226,0.19776,3.9539,1.6409,1,1,65.89,16257024.0
n0826,abierto,B15,119.3938,0.194567,14.5524,106.7527,27.829,49.6236,BIEN,20.8835,0.911707,8.0568,10.5877,0.194626,0.20155,0.0304,3.5886,1,1,68.184,16257024.0
n0826,abierto,B25,119.3938,0.194567,24.5019,141.0377,18.9,58.5709,BIEN,18.5584,0.867576,6.2026,18.1282,0.19462,0.201197,0.0271,3.4075,1,1,67.092,16257024.0
n0826,abierto,B40,119.3938,0.194567,39.5022,135.9023,20.0256,57.7918,BIEN,20.2008,0.894039,7.8737,13.827,0.187284,0.20351,3.7433,4.5961,1,1,68.911,16257024.0
n0840,abierto,B5,116.1739,0.136367,4.352,45.1005,93.1922,26.9795,CRITICA,10.014,0.513292,14.686,61.1784,0.125674,0.196801,7.8412,44.3176,1,1,66.68,16257024.0
n0840,abierto,B10,116.1739,0.136367,9.4138,80.3022,41.4699,42.6179,BIEN,15.4214,0.833899,10.1243,30.8776,0.106749,0.157329,21.7189,15.3719,1,1,66.248,16257024.0
n0840,abierto,B15,116.1739,0.136367,14.5651,105.7646,29.1467,51.9146,BIEN,21.4625,0.912469,8.0723,8.9601,0.096721,0.155773,29.073,14.2311,1,1,42.54,16257024.0
n0840,abierto,B25,116.1739,0.136367,24.5031,139.4599,20.5244,61.1581,BIEN,18.1581,0.860648,6.2596,20.044,0.122206,0.15025,10.3839,10.1809,1,1,66.424,16257024.0
n0840,abierto,B40,116.1739,0.136367,39.5003,134.4082,21.6907,60.5301,BIEN,19.7574,0.889469,7.9424,15.6956,0.119105,0.123806,12.6581,9.2109,1,1,67.989,16257024.0
n0889,abierto,B5,121.0923,0.188755,4.3683,45.3754,96.2545,25.2872,CRITICA,9.5824,0.500363,14.7518,62.5283,0.194875,0.219189,3.2426,16.1235,1,1,66.899,16257024.0
n0889,abierto,B10,121.0923,0.188755,9.3951,81.1745,39.9969,40.1528,BIEN,14.7152,0.821691,10.123,32.9648,0.194154,0.186432,2.8605,1.2308,1,1,66.943,16257024.0
n0889,abierto,B15,121.0923,0.188755,14.5542,107.0435,26.6374,49.0199,BIEN,20.59,0.908587,8.0404,11.6017,0.191335,0.193828,1.3671,2.6879,1,1,66.735,16257024.0
n0889,abierto,B25,121.0923,0.188755,24.5061,141.7239,18.1199,57.5775,BIEN,18.7835,0.871794,6.1703,17.0379,0.180798,0.196201,4.2157,3.9451,1,1,67.017,16257024.0
n0889,abierto,B40,121.0923,0.188755,39.4784,136.2881,19.4881,57.2249,BIEN,20.4997,0.900218,7.8398,12.549,0.19246,0.18606,1.9628,1.4279,1,1,42.568,16257024.0
n0909,abierto,B5,117.2269,0.195183,4.3509,45.1894,94.2634,26.2828,CRITICA,9.9092,0.512405,14.6972,61.4514,0.1845,0.203947,5.4734,4.4906,1,1,67.28,16257024.0
n0909,abierto,B10,117.2269,0.195183,9.4179,80.6098,42.054,41.5959,BIEN,15.2549,0.833028,10.1149,31.2361,0.182141,0.194844,6.6817,0.1735,1,1,68.511,16257024.0
n0909,abierto,B15,117.2269,0.195183,14.5512,106.1631,28.6033,50.6857,BIEN,21.2717,0.912071,8.0577,9.4379,0.186359,0.192106,4.521,1.5762,1,1,67.871,16257024.0
n0909,abierto,B25,117.2269,0.195183,24.5021,140.1651,19.129,59.6702,BIEN,18.2608,0.86225,6.2301,19.5674,0.174362,0.1894,10.6674,2.9626,1,1,61.427,16257024.0
n0909,abierto,B40,117.2269,0.195183,39.496,135.0426,20.7456,59.0574,BIEN,19.8875,0.890423,7.9097,15.1977,0.178006,0.185998,8.8005,4.7059,1,1,65.917,16257024.0
n0910,abierto,B5,121.7654,0.186287,4.3662,45.3813,96.5864,25.147,CRITICA,9.516,0.499585,14.7644,62.7305,0.190386,0.201197,2.2003,8.0038,1,1,67.048,16257024.0
n0910,abierto,B10,121.7654,0.186287,9.3934,81.2309,39.6476,40.0108,BIEN,14.6035,0.819645,10.1262,33.289,0.185089,0.187075,0.6431,0.4231,1,1,67.003,16257024.0
n0910,abierto,B15,121.7654,0.186287,14.5608,107.1705,26.8024,48.7979,BIEN,20.4194,0.907526,8.0401,11.986,0.181802,0.190949,2.4074,2.5027,1,1,66.874,16257024.0
n0910,abierto,B25,121.7654,0.186287,24.5062,141.8798,17.9743,57.3598,BIEN,18.8921,0.87373,6.1669,16.519,0.182862,0.195533,1.8386,4.9638,1,1,67.627,16257024.0
n0910,abierto,B40,121.7654,0.186287,39.4795,136.4571,19.4395,57.0094,BIEN,20.595,0.901371,7.8337,12.0656,0.188636,0.195622,1.2613,5.0116,1,1,68.388,16257024.0
n0911,abierto,B5,121.2901,0.18353,4.3662,45.3666,96.6388,25.1888,CRITICA,9.5619,0.501453,14.7622,62.5966,0.180594,0.225847,1.5993,23.0574,1,1,60.901,16257024.0
n0911,abierto,B10,121.2901,0.18353,9.3897,81.2044,39.9697,40.0852,BIEN,14.6854,0.822195,10.1254,33.0494,0.185192,0.167701,0.9059,8.6247,1,1,68.184,16257024.0
n0911,abierto,B15,121.2901,0.18353,14.5572,107.1061,26.6258,48.9208,BIEN,20.5487,0.908804,8.0401,11.6943,0.18464,0.178638,0.6049,2.6651,1,1,65.186,16257024.0
n0911,abierto,B25,121.2901,0.18353,24.5002,141.7943,17.9996,57.4495,BIEN,18.8181,0.872839,6.1697,16.9051,0.17045,0.185209,7.1269,0.9149,1,1,66.942,16257024.0
n0911,abierto,B40,121.2901,0.18353,39.4819,136.3719,19.4454,57.1178,BIEN,20.5262,0.901042,7.8377,12.4345,0.177385,0.172677,3.3478,5.9131,1,1,67.458,16257024.0
n0915,abierto,B5,119.5064,0.179054,4.3723,45.3379,95.5326,25.651,CRITICA,9.707,0.506431,14.7248,62.0624,0.183624,0.218561,2.5525,22.0642,1,1,66.904,16257024.0
n0915,abierto,B10,119.5064,0.179054,9.3992,80.9961,40.5927,40.6648,BIEN,14.9172,0.827341,10.1154,32.2245,0.179828,0.18261,0.4325,1.9859,1,1,63.995,16257024.0
n0915,abierto,B15,119.5064,0.179054,14.5509,106.7627,27.6019,49.574,BIEN,20.8211,0.910292,8.0443,10.6636,0.185413,0.188286,3.5514,5.1558,1,1,50.451,16257024.0
n0915,abierto,B25,119.5064,0.179054,24.4993,141.0358,18.5604,58.6237,BIEN,18.5918,0.867704,6.1928,18.0153,0.175928,0.191198,1.746,6.7821,1,1,66.379,16257024.0
n0915,abierto,B40,119.5064,0.179054,39.4922,135.9136,19.9887,57.805,BIEN,20.2089,0.89407,7.8615,13.7292,0.174107,0.183541,2.7631,2.5057,1,1,68.051,16257024.0
n0928,abierto,B5,129.4429,0.200518,4.3836,45.7383,99.8447,22.6007,CRITICA,8.8855,0.47883,14.8751,64.6653,0.206714,0.213071,3.0904,6.2604,1,1,65.819,16257024.0
n0928,abierto,B10,129.4429,0.200518,9.3357,82.2957,39.6864,35.7196,BIEN,13.5623,0.803418,10.1579,36.4231,0.198104,0.199952,1.2039,0.282,1,1,64.467,16257024.0
n0928,abierto,B15,129.4429,0.200518,14.5495,109.0353,23.4237,43.5613,BIEN,18.9998,0.903867,8.0107,15.7657,0.198154,0.210634,1.1787,5.045,1,1,66.892,16257024.0
n0928,abierto,B25,129.4429,0.200518,24.4967,144.8602,14.029,50.8387,BIEN,19.9724,0.884178,6.0676,11.9105,0.193666,0.204516,3.4171,1.9942,1,1,65.887,16257024.0
n0928,abierto,B40,129.4429,0.200518,39.4946,139.1789,15.1274,50.4955,BIEN,21.7188,0.908752,7.7177,7.5215,0.195172,0.200283,2.6662,0.1173,1,1,68.098,16257024.0
n0934,abierto,B5,121.8689,0.184681,4.3457,45.3972,98.1389,24.3455,CRITICA,9.5261,0.498618,14.7855,62.7491,0.204943,0.196979,10.9716,6.6589,1,1,65.487,16257024.0
n0934,abierto,B10,121.8689,0.184681,9.425,81.508,42.1568,38.5922,BIEN,14.6264,0.821456,10.1342,33.1183,0.201776,0.193078,9.2564,4.5466,1,1,65.394,16257024.0
n0934,abierto,B15,121.8689,0.184681,14.548,107.583,26.0436,46.8852,BIEN,20.4575,0.908486,8.0419,11.7224,0.199762,0.19339,8.1663,4.716,1,1,65.412,16257024.0
n0934,abierto,B25,121.8689,0.184681,24.4992,142.6107,16.1268,54.6549,BIEN,18.7839,0.868594,6.1577,17.0198,0.193155,0.192471,4.5882,4.2182,1,1,41.821,16257024.0
n0934,abierto,B40,121.8689,0.184681,39.4955,137.0954,17.266,54.4471,BIEN,20.5034,0.896911,7.8241,12.4942,0.190049,0.210869,2.9065,14.18,1,1,66.807,16257024.0
n0967,abierto,B5,129.0396,0.198001,4.3707,45.746,99.9845,22.8789,CRITICA,8.9605,0.479953,14.9062,64.5489,0.202892,0.197798,2.4704,0.1024,1,1,65.684,16257024.0
n0967,abierto,B10,129.0396,0.198001,9.3738,82.2249,39.1449,36.3175,BIEN,13.6624,0.80307,10.1913,36.2793,0.205238,0.184337,3.6549,6.9009,1,1,67.0,16257024.0
n0967,abierto,B15,129.0396,0.198001,14.508,108.8117,23.6158,44.2498,BIEN,19.0922,0.903539,8.0535,15.6757,0.202092,0.188523,2.0662,4.7865,1,1,67.52,16257024.0
n0967,abierto,B25,129.0396,0.198001,24.528,144.5786,14.6655,51.8473,BIEN,19.878,0.883338,6.1058,12.042,0.191119,0.188232,3.4754,4.9336,1,1,66.111,16257024.0
n0967,abierto,B40,129.0396,0.198001,39.4903,138.8963,15.795,51.4672,BIEN,21.6275,0.908096,7.7573,7.6385,0.19952,0.210141,0.7674,6.1313,1,1,65.489,16257024.0
n1003,abierto,B5,124.3481,0.173736,4.346,45.4512,99.6584,23.6252,CRITICA,9.3824,0.498788,14.9231,63.4484,0.166865,0.239517,3.955,37.8626,1,1,46.327,16257024.0
n1003,abierto,B10,124.3481,0.173736,9.4327,81.6579,41.2059,37.6886,BIEN,14.3454,0.822402,10.2307,34.3312,0.159521,0.186089,8.1818,7.1104,1,1,66.916,16257024.0
n1003,abierto,B15,124.3481,0.173736,14.482,107.9257,25.3236,45.8358,BIEN,20.0608,0.911633,8.1171,13.2068,0.175731,0.164982,1.1486,5.0388,1,1,66.568,16257024.0
n1003,abierto,B25,124.3481,0.173736,24.5333,143.2067,15.0634,53.4632,BIEN,19.2089,0.875734,6.206,15.166,0.172243,0.165525,0.8591,4.7263,1,1,66.961,16257024.0
n1003,abierto,B40,124.3481,0.173736,39.4918,137.5692,16.645,53.3641,BIEN,20.9863,0.902465,7.8678,10.6323,0.17542,0.161602,0.9691,6.9842,1,1,67.128,16257024.0
n1031,abierto,B5,134.4414,0.167394,4.3737,45.9852,99.967,21.1262,CRITICA,8.5672,0.46912,15.0074,65.7954,0.175701,nan,4.9624,nan,1,1,66.238,16257024.0
n1031,abierto,B10,134.4414,0.167394,9.3365,82.9095,36.1932,33.837,BIEN,13.0313,0.790516,10.2281,38.3304,0.182636,0.180243,9.1057,7.6758,1,1,65.781,16257024.0
n1031,abierto,B15,134.4414,0.167394,14.5068,110.0797,21.027,41.0567,BIEN,18.1862,0.899602,8.047,18.1207,0.18587,0.173984,11.0376,3.9368,1,1,66.352,16257024.0
n1031,abierto,B25,134.4414,0.167394,24.5366,146.5439,12.5716,48.3556,BIEN,20.684,0.893752,6.0504,9.0021,0.175131,0.176323,4.6223,5.3339,1,1,67.361,16257024.0
n1031,abierto,B40,134.4414,0.167394,39.4962,140.6432,13.7534,48.0096,BIEN,22.3288,0.915382,7.6897,4.613,0.180746,0.183003,7.9762,9.3249,1,1,68.163,16257024.0
n1042,abierto,B5,124.3439,0.191003,4.3971,45.7548,99.9379,22.8192,CRITICA,9.4407,0.498101,14.8847,63.203,0.209181,0.213399,9.5174,11.7253,1,1,66.752,16257024.0
n1042,abierto,B10,124.3439,0.191003,9.3446,82.1822,39.2789,36.2534,BIEN,14.5181,0.822015,10.17,33.9073,0.194858,0.213773,2.0183,11.9215,1,1,51.297,16257024.0
n1042,abierto,B15,124.3439,0.191003,14.5136,108.8155,23.7827,44.1381,BIEN,20.602,0.912234,8.0321,12.4883,0.204521,0.21243,7.0773,11.2181,1,1,64.686,16257024.0
n1042,abierto,B25,124.3439,0.191003,24.5187,144.6917,14.256,51.2947,BIEN,19.1985,0.881276,6.0906,16.3641,0.199251,0.205664,4.3185,7.6757,1,1,66.675,16257024.0
n1042,abierto,B40,124.3439,0.191003,39.4884,138.939,15.3234,51.2283,BIEN,21.0625,0.907167,7.7409,11.7377,0.191576,0.203319,0.3001,6.4481,1,1,67.33,16257024.0
o0009,abierto,B5,98.6616,0.247376,4.4429,44.1944,80.2228,29.7833,CRITICA,11.7328,0.645809,14.538,55.206,0.250523,0.196609,1.2719,20.5221,1,1,66.753,16257024.0
o0009,abierto,B10,98.6616,0.247376,9.4314,78.644,58.272,42.8625,CRITICA,17.8323,0.92473,10.2466,20.2892,0.249483,0.239674,0.8516,3.1137,1,1,67.491,16257024.0
o0009,abierto,B15,98.6616,0.247376,14.4531,103.9964,33.8062,49.0365,BIEN,20.5518,0.916277,8.3042,5.4072,0.242562,0.241006,1.9462,2.5753,1,1,67.13,16257024.0
o0009,abierto,B25,98.6616,0.247376,24.4904,138.6591,17.07,52.002,BIEN,14.4808,0.795085,6.5265,40.54,0.24569,0.24219,0.6816,2.0964,1,1,51.159,16257024.0
o0009,abierto,B40,98.6616,0.247376,39.5197,132.8988,20.4758,53.5278,BIEN,15.6984,0.832028,8.297,34.7017,0.241594,0.246278,2.3376,0.4439,1,1,67.699,16257024.0
o0043,abierto,B5,88.0739,0.253944,4.4403,44.4896,85.7323,28.0186,CRITICA,13.7324,0.714736,14.6513,49.4861,0.269234,0.200342,6.021,21.1075,1,1,67.777,16257024.0
o0043,abierto,B10,88.0739,0.253944,9.4289,79.4211,54.2704,40.364,CRITICA,21.7541,0.942386,10.2776,9.8246,0.25144,0.245839,0.9858,3.1917,1,1,65.726,16257024.0
o0043,abierto,B15,88.0739,0.253944,14.4534,105.2141,32.1101,45.8777,BIEN,20.237,0.897396,8.2867,19.4611,0.262871,0.258526,3.5155,1.8045,1,1,65.935,16257024.0
o0043,abierto,B25,88.0739,0.253944,24.4898,140.6436,13.3556,48.6113,BIEN,12.9818,0.756668,6.4421,59.6881,0.262484,0.253454,3.363,0.1929,1,1,66.015,16257024.0
o0043,abierto,B40,88.0739,0.253944,39.4934,134.6515,17.1185,50.1459,BIEN,14.0359,0.79419,8.197,52.8847,0.261376,0.249068,2.927,1.9201,1,1,68.702,16257024.0
o0053,abierto,B5,90.3395,0.241034,4.4523,44.199,83.9256,28.8253,CRITICA,13.2291,0.692204,14.632,51.0746,0.247553,0.207031,2.7045,14.1071,1,1,53.16,16257024.0
o0053,abierto,B10,90.3395,0.241034,9.4179,78.9551,55.6405,41.4537,CRITICA,20.7687,0.937982,10.2773,12.6018,0.244676,0.244212,1.5109,1.3182,1,1,66.615,16257024.0
o0053,abierto,B15,90.3395,0.241034,14.4319,104.4558,33.0358,47.2458,BIEN,20.6732,0.903679,8.3087,15.6259,0.248128,0.247298,2.9431,2.5986,1,1,67.169,16257024.0
o0053,abierto,B25,90.3395,0.241034,24.5003,139.932,14.5452,49.88,BIEN,13.345,0.763957,6.4715,54.8956,0.241995,0.247857,0.3985,2.8305,1,1,64.821,16257024.0
o0053,abierto,B40,90.3395,0.241034,39.5036,134.0389,18.5158,51.3638,BIEN,14.4346,0.801405,8.2311,48.3724,0.246633,0.242896,2.3228,0.7722,1,1,42.029,16257024.0
o0056,abierto,B5,89.0746,0.249039,4.4613,44.5743,84.0051,28.1601,CRITICA,13.5997,0.710624,14.6457,49.9585,0.25355,nan,1.8113,nan,1,1,64.593,16257024.0
o0056,abierto,B10,89.0746,0.249039,9.4202,79.5321,54.3228,40.4584,CRITICA,21.6447,0.942353,10.2623,10.7129,0.245798,0.241393,1.3014,3.0705,1,1,68.363,16257024.0
o0056,abierto,B15,89.0746,0.249039,14.4562,105.2663,32.6651,46.2137,BIEN,20.5986,0.902538,8.2697,18.1777,0.247456,0.250178,0.6358,0.4573,1,1,66.533,16257024.0
o0056,abierto,B25,89.0746,0.249039,24.4983,140.6415,14.1881,49.1949,BIEN,13.153,0.765564,6.4281,57.8918,0.24196,0.250702,2.8425,0.6677,1,1,66.457,16257024.0
o0056,abierto,B40,89.0746,0.249039,39.5025,134.7097,18.0772,50.6831,BIEN,14.2127,0.801212,8.1759,51.2325,0.242665,0.24907,2.5595,0.0122,1,1,65.735,16257024.0
o0070,abierto,B5,87.803,0.242814,4.4378,44.4458,85.3267,28.136,CRITICA,13.7633,0.715457,14.6432,49.3801,0.249499,0.198455,2.7529,18.269,1,1,68.366,16257024.0
o0070,abierto,B10,87.803,0.242814,9.4264,79.3679,54.643,40.4793,CRITICA,21.7881,0.942349,10.2715,9.6068,0.238078,0.240095,1.9507,1.1198,1,1,45.722,16257024.0
o0070,abierto,B15,87.803,0.242814,14.4663,105.1475,32.2304,46.0342,BIEN,20.1763,0.896444,8.2832,19.7539,0.254834,0.242699,4.9503,0.0476,1,1,67.005,16257024.0
o0070,abierto,B25,87.803,0.242814,24.4845,140.4791,13.897,48.8679,BIEN,12.9588,0.755961,6.444,59.9934,0.250453,0.237302,3.1457,2.2702,1,1,66.042,16257024.0
o0070,abierto,B40,87.803,0.242814,39.5086,134.634,17.2466,50.2423,BIEN,13.9877,0.792519,8.1934,53.3364,0.247935,0.239994,2.1088,1.1615,1,1,65.253,16257024.0
o0085,abierto,B5,89.791,0.242467,4.4805,44.5602,84.4204,28.3738,CRITICA,13.3641,0.706839,14.616,50.3734,0.230118,0.21311,5.093,12.1077,1,1,66.593,16257024.0
o0085,abierto,B10,89.791,0.242467,9.4654,79.5268,54.9399,40.6824,CRITICA,20.9618,0.939747,10.2535,11.4312,0.228781,0.23017,5.6444,5.0716,1,1,66.418,16257024.0
o0085,abierto,B15,89.791,0.242467,14.5129,105.2634,32.1004,46.2735,BIEN,20.3519,0.9,8.2716,17.2317,0.237767,0.236377,1.9383,2.5117,1,1,67.662,16257024.0
o0085,abierto,B25,89.791,0.242467,24.4842,140.2251,14.029,49.2672,BIEN,13.2336,0.764044,6.4563,56.1684,0.235042,0.226575,3.0622,6.5542,1,1,45.19,16257024.0
o0085,abierto,B40,89.791,0.242467,39.5181,134.3374,17.7997,50.7588,BIEN,14.3082,0.800693,8.2121,49.6112,0.229288,0.230065,5.4352,5.1148,1,1,67.085,16257024.0
o0088,abierto,B5,89.9646,0.254009,4.486,44.6195,83.8305,28.6826,CRITICA,13.3261,0.705233,14.5886,50.4032,0.24514,0.185158,3.4915,27.1058,1,1,65.493,16257024.0
o0088,abierto,B10,89.9646,0.254009,9.4787,79.5093,54.612,41.1541,CRITICA,20.8992,0.939311,10.2391,11.6215,0.246768,0.233416,2.8504,8.1072,1,1,66.903,16257024.0
o0088,abierto,B15,89.9646,0.254009,14.5369,105.1935,32.6049,46.8338,BIEN,20.3958,0.900084,8.2662,16.9277,0.253291,0.237954,0.2825,6.3208,1,1,66.024,16257024.0
o0088,abierto,B25,89.9646,0.254009,24.5125,139.9788,14.5161,49.8961,BIEN,13.2875,0.763493,6.4651,55.5933,0.236416,0.233245,6.9261,8.1745,1,1,66.104,16257024.0
o0088,abierto,B40,89.9646,0.254009,39.5479,134.1117,18.4556,51.3777,BIEN,14.3652,0.800517,8.2242,49.0717,0.239424,0.236331,5.7418,6.9595,1,1,69.4,16257024.0
o0102,abierto,B5,98.5535,0.250848,4.4588,44.3326,78.5868,29.7757,CRITICA,11.8383,0.644761,14.5358,55.0167,0.262358,0.207867,4.5883,17.1344,1,1,45.325,16257024.0
o0102,abierto,B10,98.5535,0.250848,9.4389,78.8234,57.5656,42.9641,CRITICA,18.1541,0.924105,10.2267,20.0196,0.25331,0.238844,0.9814,4.7852,1,1,67.132,16257024.0
o0102,abierto,B15,98.5535,0.250848,14.455,104.142,34.4097,49.307,BIEN,21.0485,0.916592,8.2781,5.6705,0.247467,0.247889,1.3477,1.1795,1,1,67.102,16257024.0
o0102,abierto,B25,98.5535,0.250848,24.4849,138.7003,17.4542,52.5661,BIEN,14.6031,0.79594,6.5065,40.7361,0.257214,0.246391,2.5379,1.7768,1,1,67.103,16257024.0
o0102,abierto,B40,98.5535,0.250848,39.5195,132.9946,20.6777,54.0765,BIEN,15.8333,0.832459,8.2694,34.9466,0.255874,0.244585,2.0036,2.4968,1,1,53.771,16257024.0
o0177,abierto,B5,88.286,0.236426,4.4383,44.6383,86.7453,27.5203,CRITICA,13.6899,0.718552,14.6443,49.439,0.244374,0.220378,3.3616,6.7881,1,1,65.812,16257024.0
o0177,abierto,B10,88.286,0.236426,9.4409,79.6564,53.6494,39.758,CRITICA,21.5717,0.942671,10.2668,9.7746,0.249308,0.246764,5.4482,4.3725,1,1,67.467,16257024.0
o0177,abierto,B15,88.286,0.236426,14.4604,105.4823,31.6036,45.1377,BIEN,20.1029,0.89872,8.2762,19.4779,0.253178,0.243689,7.0855,3.0719,1,1,66.8,16257024.0
o0177,abierto,B25,88.286,0.236426,24.4848,141.0615,12.7074,47.6505,BIEN,12.9221,0.758502,6.4193,59.7778,0.246404,0.240393,4.22,1.6778,1,1,67.111,16257024.0
o0177,abierto,B40,88.286,0.236426,39.5084,135.0804,16.4238,49.2008,BIEN,13.9678,0.795277,8.1685,53.0032,0.249873,0.238828,5.6875,1.0157,1,1,69.249,16257024.0
o0179,abierto,B5,88.926,0.25477,4.4461,44.4991,85.839,28.0768,CRITICA,13.5061,0.711805,14.6287,49.9594,0.247903,0.211972,2.6953,16.7986,1,1,67.232,16257024.0
o0179,abierto,B10,88.926,0.25477,9.43,79.3762,54.4858,40.4214,CRITICA,21.1934,0.94158,10.269,10.739,0.249012,0.247186,2.2598,2.9767,1,1,42.459,16257024.0
o0179,abierto,B15,88.926,0.25477,14.461,105.1063,32.1372,45.952,BIEN,20.2261,0.899676,8.286,18.1953,0.254511,0.252477,0.1017,0.8999,1,1,66.231,16257024.0
o0179,abierto,B25,88.926,0.25477,24.4967,140.425,13.8543,48.7483,BIEN,13.0785,0.760469,6.4485,57.9122,0.24807,0.242827,2.6297,4.6877,1,1,65.07,16257024.0
o0179,abierto,B40,88.926,0.25477,39.5009,134.4718,17.6619,50.259,BIEN,14.1362,0.79697,8.2034,51.2176,0.250155,0.238612,1.8111,6.342,1,1,68.721,16257024.0
o0195,abierto,B5,89.5158,0.25025,4.4569,44.4995,85.5382,28.4272,CRITICA,13.3478,0.7068,14.6104,50.2886,0.23938,0.217471,4.3438,13.0986,1,1,66.496,16257024.0
o0195,abierto,B10,89.5158,0.25025,9.4523,79.3042,54.579,40.8482,CRITICA,20.8307,0.939393,10.2652,11.4076,0.249556,0.23802,0.2773,4.8873,1,1,65.095,16257024.0
o0195,abierto,B15,89.5158,0.25025,14.4806,104.9622,32.5778,46.4006,BIEN,20.2294,0.898573,8.2922,17.2555,0.255648,0.244364,2.157,2.352,1,1,66.776,16257024.0
o0195,abierto,B25,89.5158,0.25025,24.4923,140.0321,14.291,49.328,BIEN,13.1818,0.760087,6.4701,56.4328,0.250126,0.235158,0.0495,6.0308,1,1,50.983,16257024.0
o0195,abierto,B40,89.5158,0.25025,39.5186,134.1308,18.05,50.8077,BIEN,14.25,0.797212,8.2305,49.8404,0.248408,0.234862,0.736,6.1492,1,1,67.597,16257024.0
o0196,abierto,B5,90.4231,0.248097,4.4548,44.44,85.1035,28.3043,CRITICA,13.2545,0.696778,14.6324,50.8533,0.234726,0.21277,5.3895,14.239,1,1,66.902,16257024.0
o0196,abierto,B10,90.4231,0.248097,9.4151,79.1958,54.6236,40.6732,CRITICA,20.7683,0.939398,10.2762,12.4165,0.246857,0.244232,0.4997,1.5578,1,1,67.017,16257024.0
o0196,abierto,B15,90.4231,0.248097,14.4294,104.8824,32.4283,46.3842,BIEN,20.566,0.904452,8.2917,15.9907,0.256258,0.239738,3.2897,3.3691,1,1,57.283,16257024.0
o0196,abierto,B25,90.4231,0.248097,24.4948,140.4885,13.6001,48.9239,BIEN,13.2768,0.76633,6.4436,55.3679,0.242969,0.237836,2.067,4.1357,1,1,67.853,16257024.0
o0196,abierto,B40,90.4231,0.248097,39.512,134.5666,17.4698,50.3787,BIEN,14.3575,0.803067,8.1966,48.8188,0.252644,0.234719,1.8328,5.392,1,1,68.184,16257024.0
o0205,abierto,B5,92.6489,0.244769,4.4453,44.2656,83.5452,28.7415,CRITICA,12.8038,0.681263,14.6217,52.2223,0.249469,0.209712,1.9202,14.3227,1,1,45.057,16257024.0
o0205,abierto,B10,92.6489,0.244769,9.4273,79.1304,56.1955,41.4282,CRITICA,19.9489,0.935495,10.2596,14.5911,0.249903,0.24181,2.0972,1.209,1,1,67.21,16257024.0
o0205,abierto,B15,92.6489,0.244769,14.4655,104.7259,32.9154,47.1679,BIEN,20.752,0.906715,8.2911,13.0351,0.249192,0.236614,1.807,3.3319,1,1,64.261,16257024.0
o0205,abierto,B25,92.6489,0.244769,24.4928,139.8432,14.8868,50.091,BIEN,13.6426,0.773918,6.4716,50.9388,0.239362,0.243994,2.2091,0.3165,1,1,63.948,16257024.0
o0205,abierto,B40,92.6489,0.244769,39.5032,133.9269,18.8244,51.6526,BIEN,14.7739,0.811183,8.2327,44.553,0.243552,0.236769,0.4974,3.2683,1,1,49.749,16257024.0
o0207,abierto,B5,92.6449,0.247266,4.4458,44.2201,83.551,28.8464,CRITICA,12.7924,0.679786,14.6168,52.2693,0.245964,0.208941,0.5263,15.4993,1,1,67.331,16257024.0
o0207,abierto,B10,92.6449,0.247266,9.4291,79.0662,56.3586,41.5484,CRITICA,19.9157,0.935074,10.2585,14.6567,0.245426,0.239288,0.7439,3.2262,1,1,66.096,16257024.0
o0207,abierto,B15,92.6449,0.247266,14.4652,104.6785,33.0785,47.2935,BIEN,20.7216,0.906651,8.2905,12.989,0.24045,0.246672,2.7563,0.2402,1,1,66.728,16257024.0
o0207,abierto,B25,92.6449,0.247266,24.5139,139.7817,15.0362,50.2245,BIEN,13.6385,0.773785,6.4734,50.879,0.237312,0.237259,4.0256,4.047,1,1,66.283,16257024.0
o0207,abierto,B40,92.6449,0.247266,39.5011,133.8441,18.9408,51.7566,BIEN,14.775,0.811121,8.2366,44.47,0.233263,0.243555,5.6632,1.5005,1,1,67.016,16257024.0
o0260,abierto,B5,94.7754,0.255353,4.4237,44.2739,82.5186,28.4117,CRITICA,12.4133,0.673591,14.6276,53.2855,0.244486,0.20127,4.2558,21.1796,1,1,66.491,16257024.0
o0260,abierto,B10,94.7754,0.255353,9.4396,79.1292,56.4944,41.4888,CRITICA,19.2146,0.931873,10.2579,16.5087,0.246304,0.251456,3.5438,1.5262,1,1,56.816,16257024.0
o0260,abierto,B15,94.7754,0.255353,14.4593,104.6752,33.0823,47.4394,BIEN,20.8389,0.910556,8.286,10.4456,0.25643,0.243933,0.4216,4.4725,1,1,66.504,16257024.0
o0260,abierto,B25,94.7754,0.255353,24.5024,139.7398,15.2652,50.3879,BIEN,13.9216,0.782742,6.4737,47.4431,0.250864,0.240061,1.758,5.9885,1,1,64.161,16257024.0
o0260,abierto,B40,94.7754,0.255353,39.514,133.8545,19.0728,51.877,BIEN,15.0875,0.819818,8.2362,41.2333,0.251796,0.241591,1.3931,5.3893,1,1,68.554,16257024.0
o0279,abierto,B5,91.4355,0.250783,4.4634,44.5246,84.8668,28.0914,CRITICA,13.0863,0.693587,14.6432,51.3049,0.248449,0.196176,0.9306,21.7746,1,1,66.183,16257024.0
o0279,abierto,B10,91.4355,0.250783,9.4302,79.4349,54.9613,40.3795,CRITICA,20.46,0.937085,10.2691,13.1246,0.249387,0.245852,0.5566,1.9663,1,1,65.809,16257024.0
o0279,abierto,B15,91.4355,0.250783,14.47,105.2399,31.98,45.9616,BIEN,20.5803,0.905419,8.278,15.0974,0.256156,0.24722,2.1423,1.421,1,1,66.418,16257024.0
o0279,abierto,B25,91.4355,0.250783,24.5044,140.7178,13.3905,48.5394,BIEN,13.3746,0.771258,6.4337,53.8984,0.257101,0.244556,2.5192,2.4831,1,1,51.388,16257024.0
o0279,abierto,B40,91.4355,0.250783,39.4693,134.6353,17.5726,50.1935,BIEN,14.4966,0.808393,8.1907,47.2462,0.262814,0.238902,4.7973,4.7375,1,1,62.258,16257024.0
o0359,abierto,B5,95.2885,0.249409,4.389,43.871,82.6389,29.0129,CRITICA,12.2593,0.66059,14.6249,53.9598,0.2567,0.194299,2.9234,22.096,1,1,65.532,16257024.0
o0359,abierto,B10,95.2885,0.249409,9.409,78.7605,57.8703,42.0723,CRITICA,18.8937,0.930594,10.2633,17.3452,0.240119,0.232135,3.7249,6.926,1,1,68.703,16257024.0
o0359,abierto,B15,95.2885,0.249409,14.467,104.3134,33.2298,47.9949,BIEN,20.7273,0.91047,8.3002,9.4711,0.257774,0.239805,3.3539,3.8505,1,1,64.685,16257024.0
o0359,abierto,B25,95.2885,0.249409,24.5052,139.2846,15.434,50.793,BIEN,14.0057,0.781736,6.5003,46.1715,0.243537,0.244419,2.3544,2.0005,1,1,66.797,16257024.0
o0359,abierto,B40,95.2885,0.249409,39.5139,133.4469,19.2746,52.2544,BIEN,15.1791,0.819469,8.2691,40.0451,0.244431,0.239494,1.996,3.9752,1,1,67.402,16257024.0
o0394,abierto,B5,92.238,0.254526,4.4408,44.3663,84.696,28.5127,CRITICA,12.8757,0.684935,14.6207,51.9002,0.24829,0.214091,2.45,15.8866,1,1,65.383,16257024.0
o0394,abierto,B10,92.238,0.254526,9.4354,79.1795,55.559,41.1357,CRITICA,20.0357,0.934981,10.2668,14.1574,0.241222,0.228593,5.2269,10.1887,1,1,67.121,16257024.0
o0394,abierto,B15,92.238,0.254526,14.4702,104.82,33.0377,46.7998,BIEN,20.6449,0.905442,8.2944,13.6408,0.253631,0.248137,0.3515,2.5102,1,1,66.442,16257024.0
o0394,abierto,B25,92.238,0.254526,24.4986,140.0127,14.0892,49.5602,BIEN,13.5527,0.770878,6.4705,51.795,0.252666,0.238691,0.7308,6.2214,1,1,67.641,16257024.0
o0394,abierto,B40,92.238,0.254526,39.5007,134.0839,18.1684,51.0968,BIEN,14.6763,0.808273,8.2317,45.3673,0.24804,0.234823,2.5484,7.7411,1,1,39.943,16257024.0
o0432,abierto,B5,99.1014,0.254954,4.459,44.4873,81.9422,28.3186,CRITICA,11.794,0.65105,14.6068,55.1093,0.254818,0.192652,0.0535,24.4368,1,1,51.478,16257024.0
o0432,abierto,B10,99.1014,0.254954,9.438,79.4405,57.3852,40.726,CRITICA,18.0257,0.924732,10.2461,19.8391,0.253976,0.242667,0.3839,4.8195,1,1,65.953,16257024.0
o0432,abierto,B15,99.1014,0.254954,14.4591,105.1604,31.7103,46.6875,BIEN,20.7119,0.918776,8.2589,6.114,0.252985,0.242385,0.7724,4.9302,1,1,66.154,16257024.0
o0432,abierto,B25,99.1014,0.254954,24.5053,140.5655,13.8699,49.1899,BIEN,14.3299,0.802015,6.4283,41.8401,0.252491,0.241379,0.966,5.3245,1,1,66.8,16257024.0
o0432,abierto,B40,99.1014,0.254954,39.5133,134.5793,17.8618,50.822,BIEN,15.5675,0.837926,8.1843,35.7997,0.251188,0.247301,1.4771,3.002,1,1,67.749,16257024.0
o0444,abierto,B5,102.8091,0.253199,4.4561,44.0918,80.2344,29.762,CRITICA,11.0726,0.62368,14.5359,57.113,0.247466,0.222007,2.2644,12.3191,1,1,66.72,16257024.0
o0444,abierto,B10,102.8091,0.253199,9.4635,78.789,59.3006,43.0911,CRITICA,16.7429,0.915087,10.2103,23.3638,0.254605,0.235265,0.5552,7.0831,1,1,63.436,16257024.0
o0444,abierto,B15,102.8091,0.253199,14.4405,103.9102,33.8411,49.3175,BIEN,20.1444,0.921962,8.2811,1.071,0.265369,0.241079,4.8063,4.7869,1,1,67.456,16257024.0
o0444,abierto,B25,102.8091,0.253199,24.4921,138.6334,17.0118,52.2677,BIEN,14.9764,0.810535,6.5079,34.8455,0.255392,0.242794,0.8663,4.1093,1,1,67.542,16257024.0
o0444,abierto,B40,102.8091,0.253199,39.5207,132.9539,20.1731,53.7679,BIEN,16.242,0.846193,8.275,29.3211,0.257771,0.245587,1.8056,3.0063,1,1,69.024,16257024.0
o0470,abierto,B5,97.0544,0.233173,4.4254,44.5595,83.3259,27.3065,CRITICA,12.2229,0.665472,14.6895,54.0881,0.232175,0.199844,0.4281,14.2937,1,1,40.098,16257024.0
o0470,abierto,B10,97.0544,0.233173,9.4211,79.8251,53.0963,40.0711,CRITICA,19.1053,0.933041,10.2315,17.7522,0.232133,0.221899,0.4462,4.8353,1,1,42.468,16257024.0
o0470,abierto,B15,97.0544,0.233173,14.4683,105.7675,31.5512,45.9475,BIEN,21.312,0.921241,8.2228,8.9776,0.239866,0.224902,2.8703,3.5471,1,1,51.098,16257024.0
o0470,abierto,B25,97.0544,0.233173,24.5034,141.2648,14.1221,49.0936,BIEN,14.1119,0.801246,6.3728,45.5523,0.233125,0.218449,0.0208,6.3148,1,1,58.727,16257024.0
o0470,abierto,B40,97.0544,0.233173,39.5163,135.3757,17.4581,50.3239,BIEN,15.3048,0.837042,8.1105,39.4844,0.230752,0.231023,1.0385,0.9223,1,1,47.185,16257024.0
o0491,abierto,B5,87.9221,0.251637,4.4184,44.6783,88.2804,26.535,CRITICA,13.8429,0.723992,14.6989,49.1842,0.247155,0.198636,1.7809,21.0624,1,1,51.395,16257024.0
o0491,abierto,B10,87.9221,0.251637,9.4298,80.0253,53.4185,38.5999,BIEN,22.0559,0.945401,10.2619,8.9816,0.246004,0.233197,2.2383,7.3279,1,1,52.05,16257024.0
o0491,abierto,B15,87.9221,0.251637,14.4525,106.1395,30.5828,43.9356,BIEN,20.0642,0.901105,8.2404,20.7199,0.242273,0.229024,3.7212,8.9861,1,1,68.384,16257024.0
o0491,abierto,B25,87.9221,0.251637,24.4881,142.0984,11.5624,46.4412,BIEN,12.7862,0.762002,6.3602,61.6185,0.227911,0.235071,9.4285,6.5832,1,1,47.716,16257024.0
o0491,abierto,B40,87.9221,0.251637,39.5235,136.1108,14.7412,47.8074,BIEN,13.8112,0.798374,8.0947,54.8083,0.234152,0.234669,6.9484,6.7431,1,1,54.936,16257024.0
o0545,abierto,B5,94.6302,0.256123,4.432,44.7298,81.0747,26.4351,CRITICA,12.7978,0.691832,14.7496,52.732,0.263172,nan,2.7521,nan,1,1,49.627,16257024.0
o0545,abierto,B10,94.6302,0.256123,9.3949,80.2502,53.0983,39.0654,BIEN,20.5862,0.942123,10.2279,15.196,0.264613,0.264802,3.3149,3.3886,1,1,46.946,16257024.0
o0545,abierto,B15,94.6302,0.256123,14.452,106.4213,31.2018,45.0532,BIEN,21.8457,0.922764,8.1879,12.4602,0.269429,0.276098,5.1952,7.7991,1,1,42.227,16257024.0
o0545,abierto,B25,94.6302,0.256123,24.5039,142.2914,13.3575,48.0889,BIEN,13.793,0.80205,6.3135,50.3657,0.265924,0.272966,3.8268,6.5761,1,1,49.988,16257024.0
o0545,abierto,B40,94.6302,0.256123,39.5008,136.2333,17.0894,49.5118,BIEN,14.9625,0.836351,8.04,43.9638,0.250627,0.263166,2.1459,2.75,1,1,65.576,16257024.0
o0564,abierto,B5,99.9729,0.266965,4.4726,44.7775,80.9486,28.519,CRITICA,11.7435,0.646725,14.5665,55.2103,0.253221,nan,5.1482,nan,1,1,51.92,16257024.0
o0564,abierto,B10,99.9729,0.266965,9.4885,79.7775,54.9574,41.1208,CRITICA,17.9837,0.923275,10.2151,20.2008,0.250018,0.235091,6.3478,11.9394,1,1,60.583,16257024.0
o0564,abierto,B15,99.9729,0.266965,14.4769,105.246,32.4109,47.1585,BIEN,20.9247,0.919617,8.25,5.2746,0.2632,0.241881,1.4101,9.3958,1,1,50.849,16257024.0
o0564,abierto,B25,99.9729,0.266965,24.6214,140.8005,14.5607,49.9709,BIEN,14.4651,0.803253,6.4149,40.8387,0.254192,0.246814,4.7846,7.5481,1,1,58.994,16257024.0
o0564,abierto,B40,99.9729,0.266965,39.6084,134.6775,18.5061,51.5338,BIEN,15.7523,0.839823,8.1756,34.714,0.253824,0.245083,4.9225,8.1963,1,1,65.084,16257024.0
o0570,abierto,B5,100.4596,0.258596,4.4518,44.5084,80.4169,28.85,CRITICA,11.6497,0.637983,14.5704,55.6952,0.258598,nan,0.0011,nan,1,1,53.795,16257024.0
o0570,abierto,B10,100.4596,0.258596,9.4306,79.271,56.1839,41.5065,CRITICA,17.8101,0.921449,10.2346,21.0916,0.24279,0.243525,6.112,5.828,1,1,59.221,16257024.0
o0570,abierto,B15,100.4596,0.258596,14.4578,105.0305,32.6011,47.4382,BIEN,20.9324,0.920579,8.2519,4.55,0.258027,0.245573,0.2198,5.0358,1,1,61.549,16257024.0
o0570,abierto,B25,100.4596,0.258596,24.4681,139.9278,15.4263,50.7138,BIEN,14.673,0.808435,6.4435,39.2877,0.252826,0.244056,2.2312,5.6224,1,1,66.568,16257024.0
o0570,abierto,B40,100.4596,0.258596,39.5136,134.319,18.8438,51.9067,BIEN,15.8867,0.842764,8.185,33.7045,0.251439,0.246145,2.7674,4.8147,1,1,68.303,16257024.0
o0602,abierto,B5,98.0384,0.26177,4.4324,44.3737,81.6104,28.2697,CRITICA,11.9809,0.654924,14.6253,54.7384,0.250877,nan,4.1612,nan,1,1,66.942,16257024.0
o0602,abierto,B10,98.0384,0.26177,9.4277,79.3946,56.2247,41.091,CRITICA,18.4781,0.928294,10.2388,19.0168,0.247993,0.245394,5.2627,6.2559,1,1,66.964,16257024.0
o0602,abierto,B15,98.0384,0.26177,14.4688,105.1051,32.2983,47.0439,BIEN,21.021,0.918392,8.2523,7.2082,0.26245,0.243325,0.2599,7.046,1,1,66.72,16257024.0
o0602,abierto,B25,98.0384,0.26177,24.5115,140.3488,14.8615,49.9531,BIEN,14.2904,0.799558,6.4272,43.157,0.249161,0.248308,4.8166,5.1427,1,1,67.621,16257024.0
o0602,abierto,B40,98.0384,0.26177,39.5252,134.4828,18.378,51.3606,BIEN,15.5057,0.835575,8.1796,37.1737,0.252971,0.248766,3.3612,4.9674,1,1,68.854,16257024.0
o0676,abierto,B5,100.7909,0.255754,4.4457,44.3125,80.2635,29.6079,CRITICA,11.478,0.633778,14.5197,56.0352,0.244843,0.209537,4.2659,18.071,1,1,66.548,16257024.0
o0676,abierto,B10,100.7909,0.255754,9.4401,78.9317,57.4395,42.5597,CRITICA,17.4355,0.919842,10.2191,21.6876,0.242417,0.235199,5.2147,8.0369,1,1,66.793,16257024.0
o0676,abierto,B15,100.7909,0.255754,14.445,104.319,33.4103,48.6438,BIEN,20.583,0.9204,8.2732,3.5004,0.249531,0.227396,2.4331,11.0881,1,1,69.482,16257024.0
o0676,abierto,B25,100.7909,0.255754,24.5013,139.1002,16.4897,51.8296,BIEN,14.7311,0.805833,6.4856,38.0087,0.251843,0.235155,1.5292,8.0542,1,1,67.002,16257024.0
o0676,abierto,B40,100.7909,0.255754,39.5327,133.4643,19.7733,53.0755,BIEN,15.9681,0.841452,8.2448,32.4171,0.245094,0.237902,4.1678,6.9802,1,1,70.084,16257024.0
o0704,abierto,B5,99.297,0.169607,4.4571,44.3421,80.7157,29.4514,CRITICA,11.6787,0.64526,14.5304,55.344,0.186273,0.193378,9.8266,14.0154,1,1,68.047,16257024.0
o0704,abierto,B10,99.297,0.169607,9.4353,78.9712,58.6796,42.3042,CRITICA,17.7908,0.923916,10.2258,20.4697,0.164253,0.198004,3.1564,16.7428,1,1,67.649,16257024.0
o0704,abierto,B15,99.297,0.169607,14.4609,104.3534,33.2104,48.4756,BIEN,20.6613,0.918056,8.2774,5.0922,0.179647,0.196958,5.9196,16.1264,1,1,68.511,16257024.0
o0704,abierto,B25,99.297,0.169607,24.5062,139.255,15.5446,51.1641,BIEN,14.525,0.798651,6.4878,40.2408,0.159328,0.174289,6.0606,2.7608,1,1,67.871,16257024.0
o0704,abierto,B40,99.297,0.169607,39.5128,133.3504,19.4298,52.8522,BIEN,15.7846,0.835942,8.2583,34.2945,0.170251,0.169146,0.3798,0.2719,1,1,67.313,16257024.0
p0001,abierto,B5,112.7596,0.172124,4.3605,45.3849,92.4217,23.6606,CRITICA,10.5912,0.550665,14.8555,59.7508,0.175193,0.191798,1.7832,11.4298,1,1,67.221,16257024.0
p0001,abierto,B10,112.7596,0.172124,9.4563,81.7601,44.1887,35.9874,BIEN,16.4149,0.872572,10.2246,27.4916,0.179973,0.177364,4.56,3.044,1,1,65.52,16257024.0
p0001,abierto,B15,112.7596,0.172124,14.4536,108.5195,27.0197,42.5134,BIEN,22.2043,0.920533,8.1152,3.7602,0.170163,0.171059,1.1396,0.619,1,1,68.034,16257024.0
p0001,abierto,B25,112.7596,0.172124,24.4921,144.9531,14.2328,47.2164,BIEN,16.4571,0.840685,6.1793,28.5506,0.164502,0.1757,4.4283,2.0775,1,1,68.245,16257024.0
p0001,abierto,B40,112.7596,0.172124,39.4922,138.9844,16.482,47.8109,BIEN,17.9698,0.873739,7.8554,23.2573,0.166161,0.178938,3.4644,3.9586,1,1,70.509,16257024.0
p0144,abierto,B5,112.3354,0.156036,4.3543,45.2132,90.4384,24.6459,CRITICA,10.5564,0.536453,14.8241,59.7516,0.163701,0.174235,4.9122,11.6631,1,1,67.776,16257024.0
p0144,abierto,B10,112.3354,0.156036,9.4688,81.2792,45.3143,37.4495,BIEN,16.2899,0.864114,10.2291,27.646,0.155934,0.162433,0.0653,4.0997,1,1,67.784,16257024.0
p0144,abierto,B15,112.3354,0.156036,14.4448,107.9162,27.239,44.0782,BIEN,21.7978,0.911693,8.1343,3.9339,0.15996,0.165025,2.5146,5.7611,1,1,67.621,16257024.0
p0144,abierto,B25,112.3354,0.156036,24.4894,144.0085,15.3215,49.038,BIEN,16.4116,0.828153,6.2205,28.1951,0.156244,0.161817,0.1332,3.7047,1,1,67.806,16257024.0
p0144,abierto,B40,112.3354,0.156036,39.5039,138.0222,17.5202,49.8008,BIEN,17.93,0.863295,7.909,22.8662,0.158704,0.157403,1.7098,0.8759,1,1,61.903,16257024.0
p0165,abierto,B5,112.7736,0.154527,4.3431,45.2812,90.9313,24.1919,CRITICA,10.5439,0.538768,14.8474,59.8477,0.158593,0.176108,2.6315,13.9656,1,1,67.968,16257024.0
p0165,abierto,B10,112.7736,0.154527,9.4707,81.5037,45.1377,36.7198,BIEN,16.2812,0.864618,10.2345,27.728,0.164414,0.157049,6.3981,1.6324,1,1,68.361,16257024.0
p0165,abierto,B15,112.7736,0.154527,14.4348,108.108,26.7597,43.3688,BIEN,21.8729,0.91355,8.1358,4.1371,0.15542,0.156086,0.5781,1.0091,1,1,68.796,16257024.0
p0165,abierto,B25,112.7736,0.154527,24.4819,144.3475,14.9392,48.2401,BIEN,16.4599,0.833359,6.21,27.9976,0.163795,0.152977,5.998,1.003,1,1,69.009,16257024.0
p0165,abierto,B40,112.7736,0.154527,39.5013,138.4867,16.938,48.7727,BIEN,17.9485,0.866918,7.8888,22.8007,0.159821,0.162158,3.4257,4.9383,1,1,70.413,16257024.0
p0215,abierto,B5,111.8995,0.148706,4.349,45.0973,90.2909,24.9792,CRITICA,10.5784,0.535514,14.8137,59.6984,0.148453,0.158222,0.1695,6.3996,1,1,67.491,16257024.0
p0215,abierto,B10,111.8995,0.148706,9.4588,81.1232,45.6947,37.9286,BIEN,16.3236,0.864438,10.2251,27.5035,0.153168,0.149923,3.001,0.8188,1,1,67.592,16257024.0
p0215,abierto,B15,111.8995,0.148706,14.4358,107.6191,27.7552,44.7447,BIEN,21.8129,0.911482,8.1395,3.8252,0.145325,0.151012,2.2732,1.5512,1,1,67.612,16257024.0
p0215,abierto,B25,111.8995,0.148706,24.4795,143.5403,15.698,49.9116,BIEN,16.4057,0.825736,6.235,28.2761,0.146842,0.148029,1.2535,0.4551,1,1,67.583,16257024.0
p0215,abierto,B40,111.8995,0.148706,39.5067,137.7297,17.7473,50.4687,BIEN,17.8787,0.860692,7.9212,23.0834,0.144518,0.14639,2.8161,1.5573,1,1,69.141,16257024.0
p0253,abierto,B5,112.013,0.16566,4.3408,45.1686,90.5645,24.5281,CRITICA,10.5945,0.540043,14.835,59.6755,0.154204,0.172325,6.9153,4.0232,1,1,66.629,16257024.0
p0253,abierto,B10,112.013,0.16566,9.4465,81.2782,45.4113,37.2583,BIEN,16.3635,0.865884,10.2329,27.4386,0.156758,0.166932,5.3737,0.7679,1,1,66.87,16257024.0
p0253,abierto,B15,112.013,0.16566,14.4375,107.8971,27.2856,43.8798,BIEN,21.891,0.912846,8.1388,3.6744,0.161966,0.152552,2.2298,7.9126,1,1,67.83,16257024.0
p0253,abierto,B25,112.013,0.16566,24.4825,144.0207,15.1934,48.791,BIEN,16.3706,0.829123,6.2223,28.575,0.155444,0.158126,6.1671,4.548,1,1,66.602,16257024.0
p0253,abierto,B40,112.013,0.16566,39.4719,138.0464,17.431,49.5241,BIEN,17.8734,0.863805,7.9093,23.2414,0.166278,0.164554,0.3729,0.6678,1,1,68.885,16257024.0
p0301,abierto,B5,112.8556,0.152421,4.3534,45.2613,90.7508,24.3276,CRITICA,10.5164,0.539729,14.8368,59.8945,0.151703,0.168165,0.4711,10.3287,1,1,67.821,16257024.0
p0301,abierto,B10,112.8556,0.152421,9.4698,81.4892,45.0795,36.9277,BIEN,16.2344,0.865291,10.2258,27.7934,0.159455,0.158468,4.6144,3.967,1,1,69.32,16257024.0
p0301,abierto,B15,112.8556,0.152421,14.4368,108.0479,26.9945,43.597,BIEN,21.7837,0.913777,8.1323,4.26,0.151352,0.155399,0.7014,1.9536,1,1,68.271,16257024.0
p0301,abierto,B25,112.8556,0.152421,24.4819,144.2284,15.0983,48.5305,BIEN,16.4807,0.832904,6.2106,27.799,0.155691,0.157342,2.1449,3.2282,1,1,68.353,16257024.0
p0301,abierto,B40,112.8556,0.152421,39.5004,138.3736,17.2155,49.0837,BIEN,17.9747,0.866956,7.8913,22.6112,0.158537,0.156151,4.0124,2.4468,1,1,70.045,16257024.0
p0319,abierto,B5,111.8752,0.15976,4.3452,45.1633,90.4889,24.6674,CRITICA,10.6051,0.538263,14.8284,59.6306,0.153394,0.174932,3.9847,9.4963,1,1,68.617,16257024.0
p0319,abierto,B10,111.8752,0.15976,9.4556,81.2567,45.4637,37.4069,BIEN,16.3786,0.864964,10.2308,27.3685,0.155314,0.158361,2.7829,0.8762,1,1,67.884,16257024.0
p0319,abierto,B15,111.8752,0.15976,14.4404,107.8389,27.5922,44.072,BIEN,21.888,0.911824,8.1401,3.6078,0.156337,0.158562,2.143,0.7502,1,1,67.303,16257024.0
p0319,abierto,B25,111.8752,0.15976,24.4791,143.9143,15.2186,48.9962,BIEN,16.3602,0.827568,6.2263,28.6382,0.155855,0.159545,2.4444,0.1349,1,1,67.477,16257024.0
p0319,abierto,B40,111.8752,0.15976,39.5164,138.0498,17.3747,49.6358,BIEN,17.838,0.862086,7.9109,23.3962,0.153919,0.160851,3.6563,0.6825,1,1,69.104,16257024.0
q0026,abierto,B5,94.755,0.190808,4.5093,44.9263,92.4935,24.5502,CRITICA,12.9299,0.661454,14.859,52.5869,0.182423,0.20353,4.3948,6.6674,1,1,68.091,16257024.0
q0026,abierto,B10,94.755,0.190808,9.5056,80.5163,50.2668,36.978,BIEN,20.5402,0.925759,10.3658,15.0268,0.185268,0.19608,2.9035,2.7629,1,1,66.375,16257024.0
q0026,abierto,B15,94.755,0.190808,14.4669,106.7314,33.2531,43.0689,BIEN,21.6305,0.909065,8.3197,12.6393,0.185523,0.189348,2.7698,0.7652,1,1,67.232,16257024.0
q0026,abierto,B25,94.755,0.190808,24.4828,142.6414,12.9248,46.7432,BIEN,13.7939,0.784507,6.4182,50.5371,0.174952,0.194376,8.3102,1.8701,1,1,67.565,16257024.0
q0026,abierto,B40,94.755,0.190808,39.4895,136.6477,16.678,47.9082,BIEN,14.9504,0.82087,8.14,44.2116,0.182524,0.184394,4.3417,3.3615,1,1,67.648,16257024.0
q0044,abierto,B5,100.19,0.190232,4.4703,44.719,94.3216,24.5607,CRITICA,12.0591,0.629304,14.8755,55.3658,0.201454,0.193842,5.8991,1.8975,1,1,65.75,16257024.0
q0044,abierto,B10,100.19,0.190232,9.4576,80.3925,50.1446,37.0518,BIEN,18.8682,0.918645,10.3588,19.7599,0.196415,0.200588,3.2503,5.4441,1,1,67.121,16257024.0
q0044,abierto,B15,100.19,0.190232,14.4682,106.7858,33.1736,43.2417,BIEN,22.0213,0.920622,8.2959,6.5834,0.189381,0.192873,0.4471,1.3884,1,1,67.637,16257024.0
q0044,abierto,B25,100.19,0.190232,24.4221,142.356,13.1867,47.2929,BIEN,14.5996,0.809594,6.4109,42.0861,0.187212,0.190093,1.5878,0.0728,1,1,67.584,16257024.0
q0044,abierto,B40,100.19,0.190232,39.4771,136.6775,16.9458,48.1949,BIEN,15.8076,0.84362,8.1172,36.4184,0.191032,0.19901,0.4208,4.6145,1,1,68.748,16257024.0
q0071,abierto,B5,97.5499,0.188774,4.5069,44.8029,92.6178,24.7034,CRITICA,12.4788,0.642098,14.8659,54.0718,0.202413,0.195889,7.2251,3.7691,1,1,67.842,16257024.0
q0071,abierto,B10,97.5499,0.188774,9.5093,80.5452,50.6239,37.0992,BIEN,19.7074,0.922318,10.3494,17.4317,0.190858,0.189313,1.1044,0.2857,1,1,67.537,16257024.0
q0071,abierto,B15,97.5499,0.188774,14.4494,106.6374,33.3269,43.2578,BIEN,21.9909,0.915796,8.307,9.3158,0.19372,0.188836,2.6201,0.0333,1,1,65.404,16257024.0
q0071,abierto,B25,97.5499,0.188774,24.4882,142.6846,12.6026,46.9616,BIEN,14.1645,0.796089,6.3958,46.2684,0.181183,0.186355,4.0208,1.2813,1,1,64.578,16257024.0
q0071,abierto,B40,97.5499,0.188774,39.5148,136.8108,16.2821,47.9155,BIEN,15.356,0.831763,8.1103,40.247,0.191058,0.18541,1.2103,1.7816,1,1,66.687,16257024.0
q0081,abierto,B5,96.6934,0.1863,4.4987,44.795,92.5751,24.809,CRITICA,12.5868,0.648776,14.8489,53.6731,0.182634,0.192028,1.9679,3.0744,1,1,67.647,16257024.0
q0081,abierto,B10,96.6934,0.1863,9.4955,80.3667,50.851,37.3418,BIEN,19.8859,0.924,10.3528,16.885,0.183855,0.19493,1.3123,4.6324,1,1,66.902,16257024.0
q0081,abierto,B15,96.6934,0.1863,14.4757,106.6137,33.6083,43.4761,BIEN,21.8548,0.913585,8.3046,10.2596,0.179197,0.183978,3.8128,1.2465,1,1,68.418,16257024.0
q0081,abierto,B25,96.6934,0.1863,24.4967,142.4552,12.8568,47.2687,BIEN,14.0729,0.791927,6.4081,47.3268,0.176879,0.179882,5.0568,3.4451,1,1,69.122,16257024.0
q0081,abierto,B40,96.6934,0.1863,39.5005,136.517,16.8429,48.358,BIEN,15.2636,0.828312,8.1288,41.1855,0.179693,0.176356,3.5462,5.3376,1,1,70.154,16257024.0
q0105,abierto,B5,95.2862,0.184476,4.4891,44.7184,93.0078,24.7179,CRITICA,12.8365,0.654185,14.8759,53.0695,0.183197,0.190029,0.6929,3.0105,1,1,67.423,16257024.0
q0105,abierto,B10,95.2862,0.184476,9.5106,80.5054,50.4124,37.1679,BIEN,20.4304,0.926552,10.3581,15.512,0.181697,0.186426,1.5061,1.0575,1,1,67.842,16257024.0
q0105,abierto,B15,95.2862,0.184476,14.4797,106.715,33.0241,43.2783,BIEN,21.7536,0.910592,8.3095,11.9941,0.175941,0.177899,4.6264,3.5652,1,1,66.543,16257024.0
q0105,abierto,B25,95.2862,0.184476,24.4961,142.6407,13.0276,46.9887,BIEN,13.8674,0.785676,6.4082,49.6971,0.177088,0.175382,4.0044,4.9294,1,1,66.403,16257024.0
q0105,abierto,B40,95.2862,0.184476,39.4974,136.6742,16.6178,48.0904,BIEN,15.0301,0.822204,8.1277,43.4354,0.176582,0.173742,4.279,5.8187,1,1,67.872,16257024.0
q0149,abierto,B5,93.8605,0.205051,4.5003,44.8196,93.0835,24.6687,CRITICA,13.0642,0.66542,14.86,52.2487,0.20148,0.210457,1.7412,2.6365,1,1,68.715,16257024.0
q0149,abierto,B10,93.8605,0.205051,9.5079,80.4424,50.3037,37.2165,BIEN,20.8521,0.929038,10.3616,14.2957,0.200994,0.198121,1.9785,3.3792,1,1,68.25,16257024.0
q0149,abierto,B15,93.8605,0.205051,14.4715,106.5771,33.2803,43.4402,BIEN,21.572,0.90829,8.3189,13.5484,0.194743,0.198204,5.0268,3.3388,1,1,69.122,16257024.0
q0149,abierto,B25,93.8605,0.205051,24.4842,142.3996,13.5729,47.2044,BIEN,13.7033,0.780189,6.4237,51.7141,0.195788,0.192607,4.517,6.0683,1,1,68.152,16257024.0
q0149,abierto,B40,93.8605,0.205051,39.5024,136.5296,16.9866,48.2072,BIEN,14.8258,0.816248,8.1419,45.4602,0.193547,0.200404,5.6101,2.266,1,1,70.485,16257024.0
q0173,abierto,B5,93.1596,0.174553,4.5008,44.7934,92.7245,24.8876,CRITICA,13.1654,0.670542,14.8467,51.9175,0.182924,0.196986,4.7955,12.8517,1,1,65.944,16257024.0
q0173,abierto,B10,93.1596,0.174553,9.5111,80.4028,50.721,37.4758,BIEN,21.0706,0.930449,10.3525,13.6935,0.17704,0.181982,1.4248,4.2559,1,1,67.371,16257024.0
q0173,abierto,B15,93.1596,0.174553,14.4695,106.5001,33.618,43.685,BIEN,21.4854,0.907256,8.3157,14.3201,0.178281,0.17874,2.1355,2.3984,1,1,67.758,16257024.0
q0173,abierto,B25,93.1596,0.174553,24.4933,142.2718,13.5788,47.5457,BIEN,13.6208,0.777713,6.424,52.7184,0.169294,0.176023,3.0128,0.8422,1,1,66.582,16257024.0
q0173,abierto,B40,93.1596,0.174553,39.5181,136.3815,17.3417,48.5635,BIEN,14.7374,0.814194,8.1459,46.3956,0.167977,0.168375,3.7674,3.5394,1,1,69.154,16257024.0
q0277,abierto,B5,94.0991,0.184032,4.5071,44.9373,93.7647,24.1566,CRITICA,13.0788,0.670097,14.8746,52.2446,0.189554,0.208971,3.0004,13.5512,1,1,67.43,16257024.0
q0277,abierto,B10,94.0991,0.184032,9.5084,80.6597,49.5546,36.5359,BIEN,20.9711,0.931788,10.3537,14.2821,0.18716,0.199961,1.6994,8.6556,1,1,68.271,16257024.0
q0277,abierto,B15,94.0991,0.184032,14.4691,107.0104,32.5118,42.5341,BIEN,21.6456,0.911403,8.2943,13.721,0.189016,0.185976,2.7079,1.0563,1,1,67.401,16257024.0
q0277,abierto,B25,94.0991,0.184032,24.4861,143.1086,12.5541,46.2254,BIEN,13.6622,0.785659,6.3824,52.0829,0.188071,0.188826,2.1949,2.6051,1,1,67.268,16257024.0
q0277,abierto,B40,94.0991,0.184032,39.5061,137.1545,16.3054,47.2343,BIEN,14.7929,0.821302,8.0959,45.7554,0.184431,0.189327,0.2168,2.8769,1,1,68.594,16257024.0
q0388,abierto,B5,94.236,0.197225,4.5159,44.9044,93.1087,24.3987,CRITICA,13.0335,0.664614,14.8567,52.349,0.195521,0.208205,0.8641,5.5671,1,1,67.253,16257024.0
q0388,abierto,B10,94.236,0.197225,9.5198,80.6329,49.413,36.8521,BIEN,20.897,0.929139,10.3358,14.4352,0.203623,0.199034,3.2437,0.9172,1,1,67.067,16257024.0
q0388,abierto,B15,94.236,0.197225,14.4721,106.9467,32.9077,42.9305,BIEN,21.6752,0.910291,8.2809,13.4882,0.189138,0.192478,4.1005,2.4069,1,1,67.542,16257024.0
q0388,abierto,B25,94.236,0.197225,24.481,142.9345,12.7714,46.6188,BIEN,13.7009,0.784868,6.3768,51.6771,0.192086,0.193251,2.606,2.0151,1,1,66.614,16257024.0
q0388,abierto,B40,94.236,0.197225,39.5048,137.0076,16.6974,47.6723,BIEN,14.8341,0.820769,8.0912,45.3878,0.189402,0.193219,3.9667,2.0313,1,1,67.39,16257024.0
q0416,abierto,B5,94.0412,0.183736,4.5094,44.8664,93.1999,24.411,CRITICA,13.0551,0.665947,14.8556,52.2907,0.188406,0.197452,2.5419,7.4649,1,1,67.511,16257024.0
q0416,abierto,B10,94.0412,0.183736,9.5072,80.5447,49.7332,36.8935,BIEN,20.9381,0.930285,10.3392,14.3517,0.188222,0.191887,2.4415,4.4366,1,1,67.222,16257024.0
q0416,abierto,B15,94.0412,0.183736,14.4704,106.9266,32.9853,42.933,BIEN,21.6365,0.910146,8.2796,13.7019,0.194411,0.1898,5.8103,3.3005,1,1,67.112,16257024.0
q0416,abierto,B25,94.0412,0.183736,24.4852,142.9459,12.7812,46.6058,BIEN,13.6687,0.784731,6.3748,52.0034,0.196663,0.198024,7.0356,7.7763,1,1,67.733,16257024.0
q0416,abierto,B40,94.0412,0.183736,39.5027,136.9927,16.5363,47.6449,BIEN,14.8004,0.820553,8.0905,45.6731,0.193763,0.188042,5.4574,2.3436,1,1,68.856,16257024.0
q0471,abierto,B5,94.6023,0.179443,4.502,44.9768,94.4109,24.0071,CRITICA,12.9962,0.66674,14.8688,52.457,0.181057,0.205789,0.8993,14.6821,1,1,68.055,16257024.0
q0471,abierto,B10,94.6023,0.179443,9.5082,80.7338,49.4615,36.3583,BIEN,20.7981,0.929488,10.348,14.6599,0.187138,0.198259,4.2883,10.4858,1,1,68.014,16257024.0
q0471,abierto,B15,94.6023,0.179443,14.48,107.0978,32.7291,42.3909,BIEN,21.6995,0.911493,8.2871,13.2084,0.183393,0.18577,2.2015,3.5261,1,1,68.04,16257024.0
q0471,abierto,B25,94.6023,0.179443,24.493,143.1739,12.4512,46.0823,BIEN,13.7241,0.787369,6.3769,51.3429,0.181339,0.180229,1.0565,0.4381,1,1,69.289,16257024.0
q0471,abierto,B40,94.6023,0.179443,39.484,137.1415,16.253,47.2146,BIEN,14.8754,0.823243,8.0929,44.9663,0.182464,0.17558,1.6835,2.153,1,1,65.856,16257024.0
q0480,abierto,B5,93.7476,0.179975,4.5051,44.9175,93.3785,24.3083,CRITICA,13.1267,0.668622,14.8576,52.0868,0.182224,0.201834,1.2493,12.1455,1,1,67.777,16257024.0
q0480,abierto,B10,93.7476,0.179975,9.5124,80.6511,49.279,36.6977,BIEN,21.0581,0.929505,10.3449,13.97,0.185581,0.191053,3.1146,6.1548,1,1,67.671,16257024.0
q0480,abierto,B15,93.7476,0.179975,14.501,107.1267,32.9077,42.6076,BIEN,21.5423,0.90821,8.2844,14.2713,0.184634,0.185689,2.5882,3.1746,1,1,67.816,16257024.0
q0480,abierto,B25,93.7476,0.179975,24.5236,143.1118,12.4357,46.3518,BIEN,13.6094,0.781485,6.3802,52.6564,0.180705,0.185878,0.4054,3.2798,1,1,67.772,16257024.0
q0480,abierto,B40,93.7476,0.179975,39.5135,137.0178,16.3442,47.49,BIEN,14.7576,0.817956,8.1013,46.156,0.181119,0.181063,0.6355,0.6042,1,1,68.321,16257024.0
q0482,abierto,B5,93.4989,0.180903,4.5016,44.8841,93.722,24.3349,CRITICA,13.1636,0.669807,14.8596,51.995,0.181668,0.196954,0.4226,8.8724,1,1,68.522,16257024.0
q0482,abierto,B10,93.4989,0.180903,9.5059,80.5772,49.4207,36.7448,BIEN,21.1359,0.930898,10.3482,13.8201,0.186469,0.190558,3.0768,5.3371,1,1,67.908,16257024.0
q0482,abierto,B15,93.4989,0.180903,14.4792,106.9801,33.1153,42.6546,BIEN,21.5439,0.908792,8.2919,14.4186,0.187634,0.183006,3.7207,1.1625,1,1,68.763,16257024.0
q0482,abierto,B25,93.4989,0.180903,24.4896,142.9458,12.6143,46.4341,BIEN,13.598,0.781708,6.387,52.8851,0.178131,0.181033,1.5324,0.0717,1,1,67.611,16257024.0
q0482,abierto,B40,93.4989,0.180903,39.4983,136.9229,16.6004,47.5766,BIEN,14.7307,0.817886,8.1055,46.4434,0.178953,0.187825,1.0781,3.8264,1,1,69.939,16257024.0
q0508,abierto,B5,91.3781,0.189298,4.4865,44.8315,93.5318,24.4654,CRITICA,13.4653,0.679709,14.8246,50.9385,0.192993,0.204317,1.9518,7.934,1,1,62.275,16257024.0
q0508,abierto,B10,91.3781,0.189298,9.4871,80.532,49.2131,36.8714,BIEN,21.7359,0.931358,10.3205,11.8695,0.19367,0.201043,2.3094,6.2045,1,1,53.506,16257024.0
q0508,abierto,B15,91.3781,0.189298,14.4769,106.7832,32.8204,42.9514,BIEN,21.1413,0.902778,8.2753,16.8587,0.187396,0.196072,1.0046,3.5783,1,1,55.622,16257024.0
q0508,abierto,B25,91.3781,0.189298,24.4928,142.7878,13.2993,46.6599,BIEN,13.3149,0.771381,6.376,56.2604,0.186261,0.199979,1.6043,5.6424,1,1,46.538,16257024.0
q0508,abierto,B40,91.3781,0.189298,39.509,136.8032,16.8429,47.7911,BIEN,14.3962,0.807145,8.0957,49.7111,0.185214,0.199576,2.1574,5.4292,1,1,56.922,16257024.0
r0128,abierto,B5,134.8424,0.28059,4.3942,46.2256,100.0,18.5473,CRITICA,8.6159,0.492167,15.1183,65.7188,0.259303,0.241749,7.5866,13.8427,1,1,61.401,16257024.0
r0128,abierto,B10,134.8424,0.28059,9.545,84.0543,50.3328,27.3438,BIEN,13.0106,0.802939,10.3146,37.6648,0.273125,0.246139,2.6605,12.2782,1,1,59.386,16257024.0
r0128,abierto,B15,134.8424,0.28059,14.5467,112.482,15.1837,31.4811,BIEN,17.8427,0.897329,8.0698,16.5826,0.266316,0.254669,5.0872,9.2382,1,1,58.545,16257024.0
r0128,abierto,B25,134.8424,0.28059,24.5535,150.8205,2.9459,33.6615,BIEN,18.603,0.883876,5.9865,11.8495,0.267446,0.261272,4.6844,6.8847,1,1,57.195,16257024.0
r0128,abierto,B40,134.8424,0.28059,39.5433,144.1308,3.891,34.8291,BIEN,20.1666,0.905945,7.6315,6.8883,0.264042,0.264406,5.8976,5.7678,1,1,64.416,16257024.0
r0130,abierto,B5,134.9341,0.27357,4.4087,46.2794,100.0,18.4518,CRITICA,8.6124,0.492314,15.1149,65.7022,0.262568,0.23767,4.0213,13.1227,1,1,59.551,16257024.0
r0130,abierto,B10,134.9341,0.27357,9.5488,84.1104,50.6938,27.1415,BIEN,13.0042,0.802467,10.3125,37.6656,0.264177,0.251148,3.4334,8.1959,1,1,45.573,16257024.0
r0130,abierto,B15,134.9341,0.27357,14.5565,112.601,14.6694,31.2004,BIEN,17.8401,0.896733,8.0638,16.5511,0.259885,0.263801,5.0023,3.5707,1,1,73.307,16257024.0
r0130,abierto,B25,134.9341,0.27357,24.5601,150.9801,2.6897,33.2148,BIEN,18.5748,0.883161,5.9785,11.8917,0.254895,0.258801,6.8264,5.3986,1,1,73.812,16257024.0
r0130,abierto,B40,134.9341,0.27357,39.5414,144.241,3.6251,34.4149,BIEN,20.1454,0.905098,7.6255,6.8974,0.250643,0.260771,8.3805,4.6785,1,1,74.496,16257024.0
r0193,abierto,B5,141.4881,0.277574,4.3903,46.0962,100.0,17.8751,CRITICA,7.9985,0.465696,15.1792,67.4204,0.28202,0.250965,1.6018,9.5863,1,1,58.701,16257024.0
r0193,abierto,B10,141.4881,0.277574,9.5199,84.1229,48.4232,26.8405,BIEN,12.0763,0.780667,10.3143,40.5442,0.282844,0.251042,1.8988,9.5586,1,1,52.298,16257024.0
r0193,abierto,B15,141.4881,0.277574,14.4919,112.4398,14.3647,31.1976,BIEN,16.4973,0.886027,8.0676,20.5305,0.285843,0.260278,2.9792,6.2311,1,1,72.21,16257024.0
r0193,abierto,B25,141.4881,0.277574,24.5385,151.1728,3.0488,33.366,BIEN,19.2422,0.888994,5.9593,6.8449,0.284149,0.277666,2.369,0.0333,1,1,64.66,16257024.0
r0193,abierto,B40,141.4881,0.277574,39.5356,144.4392,4.1802,34.4547,BIEN,20.4263,0.908313,7.6022,2.0858,0.285843,0.27969,2.9792,0.7625,1,1,61.921,16257024.0
r0214,abierto,B5,145.9872,0.284584,4.3979,46.3756,100.0,17.5961,CRITICA,7.6557,0.457142,15.1547,68.2331,0.277814,0.250189,2.3789,12.0861,1,1,63.308,16257024.0
r0214,abierto,B10,145.9872,0.284584,9.5491,84.3781,46.958,26.614,BIEN,11.5403,0.769709,10.3038,42.2017,0.284667,0.261874,0.0291,7.9802,1,1,73.039,16257024.0
r0214,abierto,B15,145.9872,0.284584,14.4923,112.6079,13.6719,30.906,BIEN,15.6776,0.879281,8.0665,22.8645,0.271531,0.277818,4.5867,2.3775,1,1,69.77,16257024.0
r0214,abierto,B25,145.9872,0.284584,24.5488,151.3526,2.8081,33.1442,BIEN,19.4318,0.890527,5.9545,3.6753,0.300892,0.272702,5.7303,4.1753,1,1,59.548,16257024.0
r0214,abierto,B40,145.9872,0.284584,39.5333,144.6258,3.8056,34.2492,BIEN,20.259,0.908839,7.594,0.9325,0.299418,0.281452,5.2124,1.1007,1,1,75.367,16257024.0
r0292,abierto,B5,146.6444,0.227552,4.3936,46.5267,100.0,16.6028,CRITICA,7.6672,0.456479,15.2071,68.2724,0.217947,0.200621,4.221,11.8354,1,1,61.941,16257024.0
r0292,abierto,B10,146.6444,0.227552,9.5672,84.7284,46.7795,25.1556,BIEN,11.5623,0.76706,10.3252,42.2219,0.206016,0.211143,9.4645,7.2111,1,1,64.813,16257024.0
r0292,abierto,B15,146.6444,0.227552,14.4984,113.1187,8.6844,29.0979,BIEN,15.7327,0.876884,8.0694,22.8619,0.191503,0.209126,15.8422,8.0978,1,1,60.256,16257024.0
r0292,abierto,B25,146.6444,0.227552,24.5655,152.0867,2.2026,31.0917,BIEN,19.5168,0.89059,5.9384,3.7112,0.191495,0.219176,15.8458,3.6812,1,1,71.082,16257024.0
r0292,abierto,B40,146.6444,0.227552,39.5609,145.3564,2.9808,32.1604,BIEN,20.3536,0.907708,7.5717,0.8783,0.19411,0.218118,14.6967,4.1459,1,1,69.958,16257024.0
r0345,abierto,B5,142.6725,0.268186,4.398,46.3359,100.0,16.9038,CRITICA,7.9715,0.463888,15.2239,67.5229,0.271231,0.244905,1.1356,8.6807,1,1,50.422,16257024.0
r0345,abierto,B10,142.6725,0.268186,9.5622,84.5895,46.6281,25.5394,BIEN,12.0514,0.777667,10.321,40.7108,0.263492,0.244661,1.7502,8.7717,1,1,57.022,16257024.0
r0345,abierto,B15,142.6725,0.268186,14.5031,112.7811,9.4044,29.9137,BIEN,16.4746,0.884115,8.0764,20.9511,0.265754,0.249634,0.9069,6.9174,1,1,60.865,16257024.0
r0345,abierto,B25,142.6725,0.268186,24.5667,151.7054,3.2021,32.241,BIEN,19.4507,0.889468,5.9461,6.3312,0.256698,0.26437,4.2835,1.4229,1,1,71.905,16257024.0
r0345,abierto,B40,142.6725,0.268186,39.5101,145.0332,4.2559,33.0761,BIEN,20.5997,0.907824,7.5805,1.6546,0.262897,0.265496,1.972,1.0028,1,1,74.227,16257024.0
r0350,abierto,B5,142.7842,0.279956,4.4116,46.4137,100.0,16.8341,CRITICA,7.9654,0.472557,15.2059,67.4938,0.268478,0.244798,4.0997,12.5582,1,1,71.239,16257024.0
r0350,abierto,B10,142.7842,0.279956,9.5606,84.6369,47.5965,25.3049,BIEN,12.0365,0.787266,10.3167,40.7239,0.256856,0.244074,8.2511,12.8168,1,1,70.736,16257024.0
r0350,abierto,B15,142.7842,0.279956,14.514,112.9319,9.253,29.4431,BIEN,16.4603,0.893969,8.0685,20.9073,0.256117,0.252058,8.5153,9.9651,1,1,69.452,16257024.0
r0350,abierto,B25,142.7842,0.279956,24.5596,151.8756,2.4316,31.3805,BIEN,19.419,0.899977,5.9405,6.3673,0.260617,0.264774,6.9079,5.4228,1,1,70.846,16257024.0
r0350,abierto,B40,142.7842,0.279956,39.5306,145.1706,3.5145,32.3597,BIEN,20.5675,0.917998,7.5747,1.6714,0.270166,0.263628,3.497,5.8321,1,1,62.184,16257024.0
r0513,abierto,B5,149.9615,0.197076,4.4098,46.616,100.0,15.4235,CRITICA,7.4855,0.441093,15.23,68.9147,0.191895,0.175102,2.629,11.1501,1,1,67.754,16257024.0
r0513,abierto,B10,149.9615,0.197076,9.5564,85.1796,43.1834,22.8235,BIEN,11.3032,0.752855,10.3154,43.199,0.191694,0.209242,2.7309,6.1734,1,1,47.169,16257024.0
r0513,abierto,B15,149.9615,0.197076,14.5759,113.9393,8.1973,26.6534,BIEN,15.4773,0.870761,8.0286,24.0209,0.190714,0.20917,3.228,6.1367,1,1,53.804,16257024.0
r0513,abierto,B25,149.9615,0.197076,24.6401,153.2443,2.3094,28.7727,BIEN,20.0176,0.892725,5.8781,2.1891,0.188739,0.206294,4.2303,4.6774,1,1,67.639,16257024.0
r0513,abierto,B40,149.9615,0.197076,39.5601,146.1984,3.4311,29.595,BIEN,20.6342,0.908278,7.5144,2.5094,0.184604,0.192432,6.3287,2.3563,1,1,70.002,16257024.0
s0045,abierto,B5,100.4343,0.183405,4.363,44.9754,91.3311,25.8803,CRITICA,12.1613,0.612907,14.7552,55.219,0.199451,0.211648,8.7486,15.3989,1,1,67.439,16257024.0
s0045,abierto,B10,100.4343,0.183405,9.4219,80.7023,45.4463,39.5151,BIEN,19.5134,0.910988,10.2127,19.6466,0.195785,0.195565,6.7502,6.6302,1,1,51.939,16257024.0
s0045,abierto,B15,100.4343,0.183405,14.4651,106.8457,30.1306,46.7896,BIEN,23.4874,0.92374,8.1562,6.3837,0.190979,0.185805,4.1294,1.3086,1,1,66.248,16257024.0
s0045,abierto,B25,100.4343,0.183405,24.4661,141.9596,16.0861,52.9849,BIEN,14.9108,0.817733,6.2976,41.3458,0.185992,0.198301,1.4106,8.1219,1,1,67.577,16257024.0
s0045,abierto,B40,100.4343,0.183405,39.4828,136.5048,18.0054,53.058,BIEN,16.1203,0.85091,7.9856,35.9146,0.186823,0.192273,1.8633,4.8353,1,1,56.966,16257024.0
s0046,abierto,B5,100.8095,0.186833,4.3593,45.032,91.628,25.6213,CRITICA,12.1249,0.612652,14.7709,55.3296,0.197972,0.204803,5.9625,9.6184,1,1,51.259,16257024.0
s0046,abierto,B10,100.8095,0.186833,9.4309,80.8608,45.1804,39.0885,BIEN,19.4312,0.910129,10.2176,19.7885,0.186573,0.192216,0.1388,2.8814,1,1,66.498,16257024.0
s0046,abierto,B15,100.8095,0.186833,14.4656,106.9937,29.7153,46.4064,BIEN,23.5204,0.924034,8.1578,6.1345,0.188945,0.193382,1.1308,3.5055,1,1,67.942,16257024.0
s0046,abierto,B25,100.8095,0.186833,24.4841,142.3386,15.597,52.4121,BIEN,14.9091,0.817802,6.286,41.1957,0.19449,0.195262,4.0984,4.5119,1,1,67.723,16257024.0
s0046,abierto,B40,100.8095,0.186833,39.4897,136.7664,17.5066,52.5465,BIEN,16.1537,0.851944,7.9774,35.6682,0.196914,0.190563,5.396,1.9968,1,1,68.943,16257024.0
s0059,abierto,B5,100.7484,0.186047,4.3574,45.0456,91.3292,25.5098,CRITICA,12.1181,0.616405,14.7747,55.289,0.198343,0.210734,6.6092,13.2694,1,1,45.825,16257024.0
s0059,abierto,B10,100.7484,0.186047,9.4273,80.9228,45.6772,38.8781,BIEN,19.4115,0.911217,10.2151,19.6784,0.191912,0.188997,3.1522,1.5858,1,1,67.964,16257024.0
s0059,abierto,B15,100.7484,0.186047,14.469,107.0596,30.0394,46.006,BIEN,23.4153,0.924429,8.1598,6.2643,0.181417,0.187745,2.4889,0.9127,1,1,67.349,16257024.0
s0059,abierto,B25,100.7484,0.186047,24.482,142.5206,15.1565,51.7742,BIEN,14.8687,0.818173,6.2839,41.4619,0.18675,0.195265,0.3778,4.9545,1,1,65.724,16257024.0
s0059,abierto,B40,100.7484,0.186047,39.492,136.9019,17.1321,51.9838,BIEN,16.1125,0.85213,7.9765,35.8849,0.189639,0.197575,1.9305,6.1964,1,1,67.819,16257024.0
s0066,abierto,B5,99.2571,0.186376,4.3624,45.019,89.9746,25.979,CRITICA,12.298,0.62614,14.7544,54.6441,0.192283,0.201786,3.1697,8.2686,1,1,65.989,16257024.0
s0066,abierto,B10,99.2571,0.186376,9.4327,80.7531,46.5311,39.3412,BIEN,19.7224,0.917516,10.2232,18.6425,0.186886,0.189114,0.2738,1.4693,1,1,67.003,16257024.0
s0066,abierto,B15,99.2571,0.186376,14.4789,106.6781,31.1087,46.7587,BIEN,23.1734,0.92188,8.1773,7.4766,0.187715,0.186643,0.7186,0.1435,1,1,67.171,16257024.0
s0066,abierto,B25,99.2571,0.186376,24.5073,142.1846,15.3836,51.9635,BIEN,14.672,0.810153,6.3123,43.2488,0.181519,0.189591,2.6059,1.7252,1,1,66.963,16257024.0
s0066,abierto,B40,99.2571,0.186376,39.5053,136.3964,17.823,52.6611,BIEN,15.9044,0.845214,8.0151,37.4173,0.180175,0.187877,3.3267,0.8056,1,1,67.723,16257024.0
s0167,abierto,B5,108.3071,0.202088,4.3718,45.5944,93.8908,23.3923,CRITICA,11.3036,0.593179,14.8806,57.9027,0.213593,0.21544,5.6932,6.6069,1,1,43.908,16257024.0
s0167,abierto,B10,108.3071,0.202088,9.4555,82.0589,42.578,35.745,BIEN,17.8427,0.901079,10.24,24.235,0.207097,0.201217,2.4785,0.431,1,1,67.613,16257024.0
s0167,abierto,B15,108.3071,0.202088,14.48,108.8732,27.076,42.483,BIEN,23.7635,0.934695,8.1199,0.5227,0.200115,0.209003,0.976,3.4217,1,1,44.025,16257024.0
s0167,abierto,B25,108.3071,0.202088,24.5259,145.2565,12.6996,47.6349,BIEN,15.7629,0.850049,6.1762,34.1154,0.205083,0.204684,1.4822,1.2845,1,1,57.881,16257024.0
s0167,abierto,B40,108.3071,0.202088,39.4971,139.1554,14.8984,48.174,BIEN,17.2345,0.882017,7.8536,28.4823,0.200854,0.202801,0.6104,0.3529,1,1,69.816,16257024.0
s0206,abierto,B5,105.9662,0.193256,4.3546,45.1697,92.9942,24.7255,CRITICA,11.475,0.595606,14.835,57.3735,0.20386,0.214085,5.4874,10.7783,1,1,49.859,16257024.0
s0206,abierto,B10,105.9662,0.193256,9.4413,81.4017,43.7346,37.8405,BIEN,18.1636,0.905375,10.2242,23.1815,0.198574,0.203332,2.7522,5.214,1,1,58.991,16257024.0
s0206,abierto,B15,105.9662,0.193256,14.457,107.5959,29.3932,45.1823,BIEN,23.6744,0.934889,8.1479,1.5379,0.189032,0.203176,2.1853,5.1331,1,1,56.08,16257024.0
s0206,abierto,B25,105.9662,0.193256,24.505,143.4386,14.6364,50.8003,BIEN,15.6169,0.839678,6.2441,35.3626,0.197199,0.20593,2.0407,6.5582,1,1,49.804,16257024.0
s0206,abierto,B40,105.9662,0.193256,39.5001,137.6623,16.7925,51.1456,BIEN,16.9944,0.872183,7.9269,29.9114,0.194352,0.199456,0.5673,3.2082,1,1,56.755,16257024.0
s0323,abierto,B5,104.119,0.195028,4.3489,44.9825,90.6558,25.7178,CRITICA,11.5859,0.604735,14.7742,56.797,0.198979,0.210087,2.0258,7.7219,1,1,59.156,16257024.0
s0323,abierto,B10,104.119,0.195028,9.4326,80.8353,45.161,39.1562,BIEN,18.2739,0.908083,10.2185,22.3625,0.197555,0.212127,1.2961,8.7678,1,1,59.464,16257024.0
s0323,abierto,B15,104.119,0.195028,14.4695,106.9078,31.9102,46.2933,BIEN,23.1786,0.929851,8.1708,2.6785,0.192844,0.210327,1.1198,7.8449,1,1,58.247,16257024.0
s0323,abierto,B25,104.119,0.195028,24.5141,142.4027,15.172,51.8125,BIEN,15.3954,0.828711,6.2972,36.7692,0.193023,0.20034,1.0281,2.7238,1,1,59.148,16257024.0
s0323,abierto,B40,104.119,0.195028,39.4992,136.6283,17.6231,52.4083,BIEN,16.7395,0.862728,7.9966,31.2232,0.191924,0.196299,1.5915,0.6519,1,1,59.282,16257024.0
s0330,abierto,B5,103.6396,0.193052,4.3532,44.8807,90.5878,26.1035,CRITICA,11.6266,0.602187,14.7627,56.6954,0.210595,0.218277,9.0872,13.0662,1,1,57.653,16257024.0
s0330,abierto,B10,103.6396,0.193052,9.4268,80.6443,45.4501,39.6901,BIEN,18.3305,0.907231,10.2217,22.1877,0.204983,0.20466,6.1801,6.013,1,1,57.658,16257024.0
s0330,abierto,B15,103.6396,0.193052,14.4727,106.5998,32.4536,46.9884,BIEN,23.1498,0.928276,8.1797,2.8563,0.199975,0.204956,3.5859,6.166,1,1,67.58,16257024.0
s0330,abierto,B25,103.6396,0.193052,24.5043,141.8912,15.925,52.616,BIEN,15.3875,0.825014,6.3197,36.9083,0.193785,0.206079,0.3796,6.7478,1,1,65.879,16257024.0
s0330,abierto,B40,103.6396,0.193052,39.4949,136.2569,18.2654,53.0555,BIEN,16.7055,0.858934,8.0192,31.4719,0.194901,0.197679,0.9579,2.3969,1,1,68.327,16257024.0
s0371,abierto,B5,103.8234,0.184494,4.3386,44.8018,90.5315,26.5333,CRITICA,11.5872,0.595596,14.7594,56.848,0.192929,0.210627,4.5718,14.1647,1,1,66.944,16257024.0
s0371,abierto,B10,103.8234,0.184494,9.4394,80.4822,46.0634,40.332,BIEN,18.2583,0.905021,10.2219,22.4817,0.192762,0.204693,4.4817,10.9482,1,1,67.657,16257024.0
s0371,abierto,B15,103.8234,0.184494,14.4693,106.3611,33.1367,47.7496,BIEN,23.1949,0.92625,8.184,2.4442,0.188511,0.201977,2.1771,9.4764,1,1,68.159,16257024.0
s0371,abierto,B25,103.8234,0.184494,24.5087,141.4505,16.6217,53.5151,BIEN,15.4809,0.822297,6.334,36.2415,0.182219,0.196752,1.2332,6.6444,1,1,67.996,16257024.0
s0371,abierto,B40,103.8234,0.184494,39.5079,135.8694,18.9893,53.952,BIEN,16.8054,0.85696,8.0348,30.8659,0.188643,0.201187,2.2488,9.048,1,1,69.369,16257024.0
s0383,abierto,B5,109.1659,0.20014,4.3655,45.4512,91.3757,24.2796,CRITICA,11.0324,0.594908,14.813,58.365,0.204147,nan,2.0022,nan,1,1,67.365,16257024.0
s0383,abierto,B10,109.1659,0.20014,9.4369,81.6103,44.4099,36.7513,BIEN,17.1941,0.897632,10.2287,25.242,0.208959,0.208692,4.4066,4.2733,1,1,67.501,16257024.0
s0383,abierto,B15,109.1659,0.20014,14.4957,108.1994,29.694,43.4183,BIEN,22.7301,0.932507,8.1379,0.8853,0.190235,0.204255,4.9491,2.0565,1,1,60.133,16257024.0
s0383,abierto,B25,109.1659,0.20014,24.5036,144.2156,12.2067,48.3827,BIEN,15.9628,0.849364,6.228,32.1068,0.200867,0.207939,0.3636,3.8972,1,1,59.246,16257024.0
s0383,abierto,B40,109.1659,0.20014,39.5049,138.2996,14.6946,48.982,BIEN,17.4153,0.880807,7.9138,26.6875,0.203764,0.201674,1.8109,0.7668,1,1,60.372,16257024.0
s0430,abierto,B5,103.445,0.189874,4.3545,44.9776,89.7126,25.8445,CRITICA,11.6643,0.611001,14.7615,56.5203,0.200849,nan,5.78,nan,1,1,67.101,16257024.0
s0430,abierto,B10,103.445,0.189874,9.428,80.7703,45.5278,39.1386,BIEN,18.3992,0.910279,10.2204,21.9196,0.188331,0.204409,0.8128,7.6548,1,1,67.898,16257024.0
s0430,abierto,B15,103.445,0.189874,14.479,106.8301,32.3546,46.1861,BIEN,23.0844,0.928865,8.1734,3.2723,0.198874,0.207007,4.7398,9.023,1,1,68.719,16257024.0
s0430,abierto,B25,103.445,0.189874,24.5165,142.3304,14.9819,51.3942,BIEN,15.282,0.826361,6.3053,37.5904,0.202353,0.199577,6.5719,5.11,1,1,67.239,16257024.0
s0430,abierto,B40,103.445,0.189874,39.5033,136.6048,17.7512,51.975,BIEN,16.5998,0.860241,8.0051,32.0555,0.202917,0.198419,6.8694,4.5003,1,1,68.584,16257024.0
u0020,abierto,B5,115.1051,0.193051,4.4082,45.4572,95.6937,22.2814,CRITICA,10.3882,0.559738,14.9436,60.5081,0.207978,nan,7.7323,nan,1,1,65.909,16257024.0
u0020,abierto,B10,115.1051,0.193051,9.4534,82.1906,42.8613,34.2493,BIEN,16.1054,0.875295,10.2443,28.5952,0.209432,nan,8.4855,nan,1,1,66.419,16257024.0
u0020,abierto,B15,115.1051,0.193051,14.4521,109.3296,28.3685,40.3432,BIEN,22.1203,0.928805,8.1006,5.0176,0.198889,0.215568,3.0242,11.664,1,1,67.084,16257024.0
u0020,abierto,B25,115.1051,0.193051,24.4903,146.2342,11.3179,44.6482,BIEN,16.6881,0.861136,6.1301,27.0441,0.195239,0.212552,1.1334,10.1015,1,1,67.118,16257024.0
u0020,abierto,B40,115.1051,0.193051,39.5017,140.1146,14.1221,45.3321,BIEN,18.2769,0.891062,7.7988,21.7276,0.198216,0.214363,2.6756,11.0399,1,1,68.609,16257024.0
u0151,abierto,B5,115.143,0.20726,4.4076,45.4707,95.8354,22.3119,CRITICA,10.3818,0.549885,14.9123,60.5094,0.215017,nan,3.7423,nan,1,1,67.749,16257024.0
u0151,abierto,B10,115.143,0.20726,9.4558,82.1464,41.7144,34.3697,BIEN,16.1138,0.865949,10.2204,28.657,0.216158,0.225782,4.2927,8.9365,1,1,68.156,16257024.0
u0151,abierto,B15,115.143,0.20726,14.4663,109.2481,28.2715,40.6837,BIEN,22.2428,0.921133,8.0774,5.1196,0.20292,0.214428,2.094,3.4581,1,1,67.674,16257024.0
u0151,abierto,B25,115.143,0.20726,24.4945,146.0173,12.0961,45.3607,BIEN,16.778,0.855654,6.1138,26.8139,0.212051,0.215573,2.3116,4.0107,1,1,68.745,16257024.0
u0151,abierto,B40,115.143,0.20726,39.505,139.9612,14.7956,45.8861,BIEN,18.3639,0.885442,7.7801,21.5543,0.205873,0.202018,0.6692,2.5296,1,1,68.151,16257024.0
u0180,abierto,B5,111.547,0.209392,4.4165,45.5856,97.6111,22.099,CRITICA,10.8343,0.573112,14.8832,59.1333,0.214904,nan,2.6323,nan,1,1,57.743,16257024.0
u0180,abierto,B10,111.547,0.209392,9.4681,82.1779,41.9317,34.279,BIEN,16.9991,0.881123,10.2011,26.3289,0.209595,0.218543,0.0969,4.3702,1,1,62.072,16257024.0
u0180,abierto,B15,111.547,0.209392,14.4503,109.1898,28.6091,40.7,BIEN,23.2877,0.92683,8.0671,2.1132,0.216067,0.209772,3.1879,0.1814,1,1,63.465,16257024.0
u0180,abierto,B25,111.547,0.209392,24.4743,145.8244,12.4687,45.4872,BIEN,16.2456,0.852059,6.1106,30.7291,0.209066,0.223087,0.1554,6.5404,1,1,60.416,16257024.0
u0180,abierto,B40,111.547,0.209392,39.5091,139.7967,14.9896,46.0365,BIEN,17.756,0.881899,7.7768,25.3254,0.217637,0.217834,3.9379,4.032,1,1,69.563,16257024.0
u0204,abierto,B5,113.8095,0.20017,4.4172,45.5604,97.6712,21.8903,CRITICA,10.5758,0.564264,14.9158,59.9679,0.238246,nan,19.0215,nan,1,1,59.026,16257024.0
u0204,abierto,B10,113.8095,0.20017,9.4672,82.3259,41.7299,33.9421,BIEN,16.4989,0.87623,10.2177,27.6635,0.216397,0.224605,8.1067,12.2072,1,1,64.305,16257024.0
u0204,abierto,B15,113.8095,0.20017,14.4597,109.4706,28.3336,40.2528,BIEN,22.7987,0.927571,8.0706,3.8125,0.224285,0.216817,12.0469,8.3161,1,1,59.895,16257024.0
u0204,abierto,B25,113.8095,0.20017,24.4821,146.2956,11.7992,44.8795,BIEN,16.5682,0.858698,6.1034,28.5442,0.209085,0.225863,4.4536,12.8356,1,1,58.125,16257024.0
u0204,abierto,B40,113.8095,0.20017,39.5043,140.1943,14.4618,45.516,BIEN,18.1449,0.88834,7.7682,23.1833,0.202955,0.217062,1.3914,8.4387,1,1,60.446,16257024.0
u0229,abierto,B5,115.3807,0.205445,4.3873,45.6084,97.7178,21.5981,CRITICA,10.4444,0.555293,14.9577,60.4714,0.208991,nan,1.726,nan,1,1,60.026,16257024.0
u0229,abierto,B10,115.3807,0.205445,9.4776,82.5748,40.7673,33.4275,BIEN,16.2662,0.871521,10.2324,28.4327,0.216959,0.229832,5.6044,11.8707,1,1,54.243,16257024.0
u0229,abierto,B15,115.3807,0.205445,14.4537,109.7676,27.404,39.6066,BIEN,22.6179,0.927153,8.0775,4.8649,0.205104,0.21066,0.1656,2.5387,1,1,67.703,16257024.0
u0229,abierto,B25,115.3807,0.205445,24.5011,146.8329,11.3664,44.2262,BIEN,16.7572,0.863693,6.0908,27.2595,0.207649,0.223893,1.0728,8.9799,1,1,67.128,16257024.0
u0229,abierto,B40,115.3807,0.205445,39.5237,140.7006,13.7515,44.7559,BIEN,18.3732,0.89253,7.752,21.9446,0.214639,0.209562,4.4752,2.0042,1,1,63.648,16257024.0
u0233,abierto,B5,115.9589,0.198453,4.3885,45.6474,97.6712,21.554,CRITICA,10.3688,0.554151,14.9439,60.6348,0.214919,nan,8.297,nan,1,1,68.793,16257024.0
u0233,abierto,B10,115.9589,0.198453,9.4732,82.568,40.647,33.3914,BIEN,16.1182,0.869558,10.226,28.7954,0.211263,0.222389,6.4552,12.0615,1,1,67.406,16257024.0
u0233,abierto,B15,115.9589,0.198453,14.4565,109.7461,27.6,39.6424,BIEN,22.4377,0.926891,8.0725,5.3578,0.215029,0.207951,8.3524,4.7862,1,1,66.789,16257024.0
u0233,abierto,B25,115.9589,0.198453,24.4812,146.7169,11.5391,44.3203,BIEN,16.8765,0.865011,6.0909,26.525,0.205639,0.208918,3.6211,5.2735,1,1,50.661,16257024.0
u0233,abierto,B40,115.9589,0.198453,39.5147,140.6001,13.9514,44.8726,BIEN,18.4983,0.893401,7.751,21.25,0.205357,0.212246,3.479,6.9502,1,1,54.96,16257024.0
u0248,abierto,B5,114.6108,0.188595,4.4322,45.6368,96.7785,21.9817,CRITICA,10.4549,0.558403,14.8976,60.181,0.216048,nan,14.5569,nan,1,1,68.031,16257024.0
u0248,abierto,B10,114.6108,0.188595,9.4726,82.3286,41.8075,34.0672,BIEN,16.2545,0.871096,10.2094,28.1668,0.21508,0.228483,14.0433,21.1503,1,1,67.41,16257024.0
u0248,abierto,B15,114.6108,0.188595,14.4638,109.3805,28.4209,40.358,BIEN,22.3936,0.924566,8.0691,4.5635,0.195305,0.216444,3.5578,14.7668,1,1,67.554,16257024.0
u0248,abierto,B25,114.6108,0.188595,24.4773,146.1391,11.8322,44.9921,BIEN,16.6738,0.857607,6.1061,27.509,0.200002,0.217104,6.0485,15.1165,1,1,66.842,16257024.0
u0248,abierto,B40,114.6108,0.188595,39.5133,140.0961,14.2541,45.5686,BIEN,18.2498,0.887208,7.7714,22.2364,0.196602,0.208957,4.2455,10.7969,1,1,69.106,16257024.0
u0282,abierto,B5,110.3973,0.213845,4.4365,45.3973,96.6524,22.4064,CRITICA,10.9311,0.576733,14.8911,58.8783,0.2149,nan,0.4933,nan,1,1,67.256,16257024.0
u0282,abierto,B10,110.3973,0.213845,9.4706,81.917,42.5896,34.6444,BIEN,17.146,0.884884,10.2194,25.7979,0.206226,0.210165,3.5632,1.7208,1,1,67.026,16257024.0
u0282,abierto,B15,110.3973,0.213845,14.4313,108.9316,28.8828,40.8249,BIEN,23.1042,0.925867,8.0912,1.3276,0.217515,0.216288,1.716,1.1421,1,1,67.692,16257024.0
u0282,abierto,B25,110.3973,0.213845,24.4936,145.6178,12.2727,45.4268,BIEN,16.0107,0.846735,6.1363,31.9035,0.218763,0.214578,2.2999,0.3426,1,1,67.714,16257024.0
u0282,abierto,B40,110.3973,0.213845,39.5077,139.5715,14.7664,46.0761,BIEN,17.4918,0.877953,7.8086,26.4266,0.220999,0.21857,3.3454,2.2096,1,1,69.368,16257024.0
u0294,abierto,B5,111.1758,0.203591,4.4389,45.4806,96.3166,22.5354,CRITICA,10.8265,0.570721,14.8709,59.0913,0.212285,nan,4.27,nan,1,1,67.249,16257024.0
u0294,abierto,B10,111.1758,0.203591,9.453,81.9999,42.4887,34.821,BIEN,16.952,0.878986,10.2016,26.243,0.222205,0.21345,9.1426,4.8422,1,1,67.399,16257024.0
u0294,abierto,B15,111.1758,0.203591,14.4499,108.9593,29.0982,41.1978,BIEN,23.0215,0.923343,8.0746,1.9937,0.218564,0.205936,7.3542,1.1516,1,1,67.531,16257024.0
u0294,abierto,B25,111.1758,0.203591,24.4664,145.5543,12.6531,45.8975,BIEN,16.177,0.846292,6.126,30.9226,0.207972,0.213547,2.1517,4.8899,1,1,67.638,16257024.0
u0294,abierto,B40,111.1758,0.203591,39.4975,139.5142,15.0245,46.5315,BIEN,17.6787,0.877407,7.7974,25.4897,0.220892,0.214418,8.4977,5.3177,1,1,69.073,16257024.0
u0317,abierto,B5,112.2283,0.206947,4.425,45.5363,96.5631,22.295,CRITICA,10.7227,0.567033,14.8915,59.4253,0.217669,nan,5.1811,nan,1,1,66.878,16257024.0
u0317,abierto,B10,112.2283,0.206947,9.4618,82.1389,42.2112,34.5262,BIEN,16.7707,0.876567,10.2068,26.8109,0.213138,0.218306,2.9914,5.4888,1,1,68.431,16257024.0
u0317,abierto,B15,112.2283,0.206947,14.4746,109.189,28.8342,40.8104,BIEN,22.9341,0.924295,8.0722,2.7081,0.201624,0.207038,2.5721,0.0438,1,1,67.365,16257024.0
u0317,abierto,B25,112.2283,0.206947,24.4828,145.8597,12.3833,45.4473,BIEN,16.3227,0.85043,6.1144,29.9669,0.213943,0.21533,3.3803,4.0509,1,1,68.097,16257024.0
u0317,abierto,B40,112.2283,0.206947,39.507,139.7415,15.0672,46.2167,BIEN,17.8699,0.881015,7.7852,24.5154,0.204247,0.234652,1.3047,13.3875,1,1,69.254,16257024.0
u0433,abierto,B5,112.7143,0.231301,4.4442,45.4685,94.865,22.9872,CRITICA,10.6116,0.562894,14.8547,59.6604,0.224012,nan,3.1514,nan,1,1,67.508,16257024.0
u0433,abierto,B10,112.7143,0.231301,9.4714,81.8431,42.7216,35.2554,BIEN,16.4942,0.874466,10.2076,27.3889,0.232734,0.224535,0.6196,2.925,1,1,67.705,16257024.0
u0433,abierto,B15,112.7143,0.231301,14.4473,108.564,29.9365,41.7992,BIEN,22.4366,0.922747,8.0962,3.6821,0.224026,0.21511,3.1451,6.9999,1,1,59.068,16257024.0
u0433,abierto,B25,112.7143,0.231301,24.4795,144.9123,13.2003,46.617,BIEN,16.4731,0.848182,6.1582,28.5661,0.226302,0.224553,2.1614,2.9174,1,1,67.936,16257024.0
u0433,abierto,B40,112.7143,0.231301,39.515,139.059,15.7426,47.0932,BIEN,17.9687,0.878556,7.8282,23.373,0.226255,0.2292,2.1816,0.9081,1,1,69.386,16257024.0
u0436,abierto,B5,110.8942,0.19642,4.4555,45.3246,94.7583,23.4075,CRITICA,10.7663,0.564664,14.822,59.1281,0.21132,nan,7.5857,nan,1,1,67.597,16257024.0
u0436,abierto,B10,110.8942,0.19642,9.4795,81.5063,43.1446,36.096,BIEN,16.7828,0.874586,10.1922,26.5008,0.210612,0.2153,7.2253,9.612,1,1,66.693,16257024.0
u0436,abierto,B15,110.8942,0.19642,14.4449,108.1847,30.3227,42.6458,BIEN,22.5836,0.917465,8.0923,2.4433,0.204965,0.209224,4.3506,6.5187,1,1,66.671,16257024.0
u0436,abierto,B25,110.8942,0.19642,24.4843,144.332,14.1978,47.6217,BIEN,16.2363,0.836932,6.1729,30.1529,0.210051,0.216978,6.94,10.4666,1,1,68.334,16257024.0
u0436,abierto,B40,110.8942,0.19642,39.5127,138.4435,16.7905,48.1463,BIEN,17.7141,0.869257,7.8525,24.8429,0.204894,0.210081,4.314,6.955,1,1,69.26,16257024.0
u0513,abierto,B5,111.3155,0.197343,4.4281,45.517,96.3535,22.4807,CRITICA,10.8133,0.570782,14.8724,59.1099,0.223241,nan,13.1236,nan,1,1,67.545,16257024.0
u0513,abierto,B10,111.3155,0.197343,9.4684,82.0752,42.0889,34.7678,BIEN,16.9493,0.878909,10.1928,26.2679,0.210446,0.222031,6.6399,12.5101,1,1,67.999,16257024.0
u0513,abierto,B15,111.3155,0.197343,14.4503,108.9944,28.8498,41.1397,BIEN,23.0635,0.923479,8.0679,2.0851,0.212752,0.209845,7.8085,6.3352,1,1,67.628,16257024.0
u0513,abierto,B25,111.3155,0.197343,24.4795,145.5642,12.8685,45.9176,BIEN,16.2057,0.846865,6.1183,30.7673,0.210984,0.211612,6.9124,7.2306,1,1,67.628,16257024.0
u0513,abierto,B40,111.3155,0.197343,39.5038,139.5179,15.3913,46.5375,BIEN,17.7157,0.877988,7.7892,25.3356,0.201075,0.214812,1.8912,8.8522,1,1,68.638,16257024.0
u0519,abierto,B5,111.8987,0.200679,4.4312,45.507,96.4991,22.4634,CRITICA,10.7451,0.568352,14.8736,59.332,0.210977,nan,5.1316,nan,1,1,67.267,16257024.0
u0519,abierto,B10,111.8987,0.200679,9.4622,82.0613,42.1355,34.6999,BIEN,16.8126,0.878359,10.1966,26.6646,0.208633,0.222364,3.9636,10.8059,1,1,67.805,16257024.0
u0519,abierto,B15,111.8987,0.200679,14.4613,109.0136,29.0264,41.136,BIEN,22.968,0.924537,8.0697,2.5784,0.200624,0.19939,0.0275,0.6425,1,1,67.309,16257024.0
u0519,abierto,B25,111.8987,0.200679,24.4828,145.6112,12.721,45.8707,BIEN,16.3052,0.849356,6.1191,30.1276,0.202602,0.203598,0.9581,1.4547,1,1,67.543,16257024.0
u0519,abierto,B40,111.8987,0.200679,39.5069,139.572,15.3875,46.4931,BIEN,17.8253,0.879951,7.7891,24.7306,0.205386,0.208212,2.3455,3.7539,1,1,68.59,16257024.0
v0046,abierto,B5,128.0446,0.172509,4.374,46.366,100.0,17.4532,CRITICA,9.4071,0.519453,15.1325,63.7892,0.174293,0.195989,1.0341,13.6108,1,1,67.77,16257024.0
v0046,abierto,B10,128.0446,0.172509,9.4578,84.3669,30.9379,27.217,BIEN,14.5218,0.842677,10.2541,34.1113,0.179369,0.169201,3.977,1.9175,1,1,68.025,16257024.0
v0046,abierto,B15,128.0446,0.172509,14.4955,112.4923,13.3963,32.8381,BIEN,20.9024,0.929194,8.006,12.146,0.171017,0.168912,0.865,2.0852,1,1,65.685,16257024.0
v0046,abierto,B25,128.0446,0.172509,24.4968,150.8153,7.5821,37.7849,BIEN,18.7912,0.903819,5.9113,17.7835,0.165184,0.174156,4.2463,0.9547,1,1,66.678,16257024.0
v0046,abierto,B40,128.0446,0.172509,39.4935,144.2754,8.4205,37.7079,BIEN,20.8159,0.925565,7.5415,12.676,0.168436,0.178198,2.3607,3.2982,1,1,67.767,16257024.0
v0050,abierto,B5,128.3586,0.161235,4.3695,46.1776,99.8195,18.7091,CRITICA,9.2979,0.510193,15.0931,64.0245,0.161474,0.187669,0.1485,16.3945,1,1,66.376,16257024.0
v0050,abierto,B10,128.3586,0.161235,9.4419,83.9477,32.0538,29.2191,BIEN,14.3126,0.834802,10.2415,34.5991,0.163851,0.164619,1.6224,2.0987,1,1,66.561,16257024.0
v0050,abierto,B15,128.3586,0.161235,14.4885,111.8362,15.2924,35.3749,BIEN,20.4419,0.924679,8.0134,12.8721,0.164485,0.162423,2.016,0.7367,1,1,66.868,16257024.0
v0050,abierto,B25,128.3586,0.161235,24.4888,149.7207,8.9581,40.9096,BIEN,18.9739,0.899388,5.9441,16.6425,0.161486,0.167681,0.1554,3.9978,1,1,66.397,16257024.0
v0050,abierto,B40,128.3586,0.161235,39.4955,143.3832,9.8314,40.6934,BIEN,20.9263,0.921537,7.5762,11.7052,0.162747,0.162697,0.9377,0.9066,1,1,67.455,16257024.0
v0062,abierto,B5,129.0402,0.161912,4.3764,46.4067,100.0,17.4482,CRITICA,9.3117,0.519214,15.1223,64.037,0.175535,0.200265,8.4136,23.6878,1,1,67.929,16257024.0
v0062,abierto,B10,129.0402,0.161912,9.4565,84.3713,30.0918,27.2244,BIEN,14.355,0.841941,10.2488,34.6163,0.159178,0.167739,1.6882,3.5988,1,1,67.807,16257024.0
v0062,abierto,B15,129.0402,0.161912,14.4935,112.4677,13.3071,32.9619,BIEN,20.641,0.93104,8.0028,12.8429,0.161454,0.167435,0.2827,3.4114,1,1,68.183,16257024.0
v0062,abierto,B25,129.0402,0.161912,24.4908,150.7601,7.782,38.0521,BIEN,19.0373,0.908069,5.9087,16.8318,0.156024,0.163772,3.6365,1.149,1,1,67.725,16257024.0
v0062,abierto,B40,129.0402,0.161912,39.5046,144.2728,8.5583,37.8975,BIEN,21.0693,0.929226,7.5363,11.8045,0.160213,0.173421,1.0493,7.108,1,1,69.492,16257024.0
v0081,abierto,B5,128.3384,0.162069,4.3608,46.3412,99.9825,17.3006,CRITICA,9.3684,0.520144,15.1345,63.8914,0.172679,0.203696,6.547,25.6849,1,1,67.66,16257024.0
v0081,abierto,B10,128.3384,0.162069,9.4441,84.3851,30.0083,26.9763,BIEN,14.4621,0.843077,10.2495,34.2479,0.164005,0.159269,1.195,1.7272,1,1,68.044,16257024.0
v0081,abierto,B15,128.3384,0.162069,14.4976,112.5324,13.5399,32.6075,BIEN,20.8089,0.930268,8.0032,12.3158,0.167435,0.156068,3.3112,3.7026,1,1,67.856,16257024.0
v0081,abierto,B25,128.3384,0.162069,24.4848,150.8542,7.5045,37.5167,BIEN,18.8607,0.905356,5.9079,17.5441,0.160298,0.166944,1.0926,3.0085,1,1,67.963,16257024.0
v0081,abierto,B40,128.3384,0.162069,39.513,144.3789,8.3312,37.413,BIEN,20.8662,0.926778,7.5354,12.4986,0.162138,0.163619,0.0426,0.9563,1,1,68.938,16257024.0
v0096,abierto,B5,127.329,0.16368,4.3843,46.4175,100.0,17.6098,CRITICA,9.4765,0.527428,15.1076,63.5453,0.184694,0.196612,12.8386,20.12,1,1,68.492,16257024.0
v0096,abierto,B10,127.329,0.16368,9.4495,84.3005,30.9302,27.4925,BIEN,14.6421,0.848566,10.2436,33.7932,0.177722,0.176037,8.5789,7.5494,1,1,67.865,16257024.0
v0096,abierto,B15,127.329,0.16368,14.5091,112.4845,13.635,33.0794,BIEN,21.1195,0.933048,7.9967,11.6584,0.166545,0.170883,1.7507,4.4007,1,1,67.944,16257024.0
v0096,abierto,B25,127.329,0.16368,24.4819,150.6067,7.7316,38.2123,BIEN,18.6969,0.906665,5.9112,18.2815,0.172414,0.167145,5.3361,2.1168,1,1,67.416,16257024.0
v0096,abierto,B40,127.329,0.16368,39.4973,144.1786,8.6146,38.0715,BIEN,20.6981,0.92835,7.5395,13.2331,0.178614,0.181609,9.1237,10.9537,1,1,68.452,16257024.0
v0112,abierto,B5,125.5972,0.176121,4.381,46.3658,99.7244,17.9692,CRITICA,9.6487,0.528075,15.1064,63.0837,0.174875,0.195233,0.7077,10.8514,1,1,66.613,16257024.0
v0112,abierto,B10,125.5972,0.176121,9.4589,84.1568,31.2465,27.9573,BIEN,14.9229,0.848149,10.2565,32.9947,0.177061,0.177161,0.5339,0.5905,1,1,67.215,16257024.0
v0112,abierto,B15,125.5972,0.176121,14.5129,112.2443,14.0484,33.6688,BIEN,21.5221,0.93032,8.0137,10.6315,0.175475,0.167693,0.3668,4.7853,1,1,66.876,16257024.0
v0112,abierto,B25,125.5972,0.176121,24.4978,150.3509,7.8674,38.9339,BIEN,18.3441,0.899216,5.9295,19.7088,0.174295,0.169426,1.0371,3.8015,1,1,67.191,16257024.0
v0112,abierto,B40,125.5972,0.176121,39.5066,143.9542,8.7465,38.6175,BIEN,20.2745,0.921356,7.56,14.6158,0.17297,0.170277,1.7889,3.3179,1,1,67.85,16257024.0
v0114,abierto,B5,126.5803,0.167152,4.3849,46.3925,99.6546,17.9902,CRITICA,9.5466,0.52317,15.1092,63.3494,0.170601,0.200686,2.0634,20.0619,1,1,67.417,16257024.0
v0114,abierto,B10,126.5803,0.167152,9.4689,84.244,32.0732,27.957,BIEN,14.7449,0.844923,10.2535,33.4462,0.167845,0.166537,0.4147,0.3682,1,1,67.71,16257024.0
v0114,abierto,B15,126.5803,0.167152,14.5021,112.2176,14.0076,33.6133,BIEN,21.1731,0.92877,8.0198,11.3467,0.171196,0.1614,2.419,3.4413,1,1,67.352,16257024.0
v0114,abierto,B25,126.5803,0.167152,24.4891,150.3767,7.6074,38.6708,BIEN,18.5053,0.899991,5.9325,18.7995,0.169998,0.171384,1.7027,2.5315,1,1,66.384,16257024.0
v0114,abierto,B40,126.5803,0.167152,39.4989,143.9735,8.5195,38.4997,BIEN,20.4456,0.92203,7.5617,13.7409,0.171133,0.172184,2.3813,3.0105,1,1,68.678,16257024.0
v0140,abierto,B5,121.155,0.181939,4.3773,46.2313,96.4408,19.0181,CRITICA,10.0099,0.537003,15.0254,61.8412,0.183866,0.197479,1.0587,8.5409,1,1,66.545,16257024.0
v0140,abierto,B10,121.155,0.181939,9.4606,83.7012,29.9501,29.5914,BIEN,15.5423,0.854075,10.2235,30.914,0.192487,0.183323,5.7972,0.7606,1,1,66.692,16257024.0
v0140,abierto,B15,121.155,0.181939,14.4717,111.4742,15.7057,35.6711,BIEN,22.1432,0.928443,8.0147,7.9905,0.183797,0.169676,1.0213,6.7402,1,1,66.938,16257024.0
v0140,abierto,B25,121.155,0.181939,24.5081,149.2713,9.515,41.1134,BIEN,17.5008,0.882722,5.9617,23.2069,0.178848,0.174381,1.699,4.1543,1,1,67.036,16257024.0
v0140,abierto,B40,121.155,0.181939,39.4797,142.9118,10.6852,41.029,BIEN,19.2732,0.908493,7.6004,17.9578,0.177356,0.177043,2.5191,2.6911,1,1,67.549,16257024.0
v0201,abierto,B5,128.0771,0.174111,4.3774,46.4,99.9554,17.0673,CRITICA,9.3983,0.517484,15.1287,63.7718,0.175099,0.208204,0.5676,19.5811,1,1,66.869,16257024.0
v0201,abierto,B10,128.0771,0.174111,9.4559,84.3786,28.7954,26.6084,BIEN,14.4997,0.835882,10.2516,34.1189,0.172761,0.185515,0.7755,6.5498,1,1,66.094,16257024.0
v0201,abierto,B15,128.0771,0.174111,14.4843,112.571,12.981,32.1614,BIEN,20.8116,0.921908,8.0039,12.1068,0.167828,0.173132,3.6086,0.5622,1,1,67.658,16257024.0
v0201,abierto,B25,128.0771,0.174111,24.5209,151.0381,7.5239,36.9565,BIEN,18.688,0.895956,5.9019,17.9275,0.175225,0.168859,0.6398,3.0164,1,1,67.195,16257024.0
v0201,abierto,B40,128.0771,0.174111,39.5155,144.4981,8.4399,36.9301,BIEN,20.6866,0.919099,7.5308,12.8212,0.174562,0.168205,0.2594,3.392,1,1,67.535,16257024.0
v0246,abierto,B5,125.4451,0.165658,4.3766,46.293,100.0,18.049,CRITICA,9.6336,0.528254,15.0947,63.097,0.179615,0.201219,8.4249,21.4666,1,1,66.973,16257024.0
v0246,abierto,B10,125.4451,0.165658,9.4495,84.1541,31.1184,28.1713,BIEN,14.9263,0.850398,10.2349,32.9156,0.165852,0.183081,0.117,10.5173,1,1,67.664,16257024.0
v0246,abierto,B15,125.4451,0.165658,14.5033,112.1784,13.996,33.9931,BIEN,21.5626,0.932991,7.9984,10.5757,0.168636,0.181189,1.7974,9.3755,1,1,67.195,16257024.0
v0246,abierto,B25,125.4451,0.165658,24.4791,150.1246,8.2614,39.4823,BIEN,18.4149,0.902533,5.9275,19.6736,0.167026,0.172103,0.8259,3.8902,1,1,66.706,16257024.0
v0246,abierto,B40,125.4451,0.165658,39.5106,143.818,9.0764,39.0837,BIEN,20.3209,0.924036,7.5546,14.6462,0.171363,0.164788,3.4438,0.5255,1,1,67.821,16257024.0
v0255,abierto,B5,125.0554,0.165601,4.3731,46.0992,99.6138,18.2471,CRITICA,9.627,0.526197,15.0927,63.137,0.172017,0.201715,3.8743,21.8076,1,1,66.473,16257024.0
v0255,abierto,B10,125.0554,0.165601,9.4249,83.9259,31.8985,28.4884,BIEN,14.9163,0.849183,10.2337,32.889,0.174258,0.17482,5.2274,5.567,1,1,67.766,16257024.0
v0255,abierto,B15,125.0554,0.165601,14.487,111.9522,14.6422,34.3637,BIEN,21.4897,0.931581,8.0002,10.4779,0.162609,0.173555,1.8066,4.8031,1,1,67.84,16257024.0
v0255,abierto,B25,125.0554,0.165601,24.3947,149.7009,8.4302,39.7706,BIEN,18.3877,0.899648,5.94,19.7076,0.177365,0.162778,7.1037,1.7047,1,1,68.001,16257024.0
v0255,abierto,B40,125.0554,0.165601,39.502,143.6417,9.3268,39.4297,BIEN,20.2156,0.921132,7.5598,14.8625,0.167101,0.166307,0.9054,0.426,1,1,69.321,16257024.0
v0429,abierto,B5,123.4169,0.172292,4.3753,46.465,99.608,16.7594,CRITICA,9.9177,0.547424,15.1232,62.3511,0.182933,nan,6.176,nan,1,1,69.15,16257024.0
v0429,abierto,B10,123.4169,0.172292,9.4464,84.467,30.2975,26.0989,BIEN,15.4477,0.863674,10.2501,31.5596,0.182478,0.171222,5.9117,0.6212,1,1,66.925,16257024.0
v0429,abierto,B15,123.4169,0.172292,14.5061,112.8165,12.8859,31.2807,BIEN,22.5272,0.939348,7.9939,8.5891,0.183983,0.170568,6.7853,1.0005,1,1,66.165,16257024.0
v0429,abierto,B25,123.4169,0.172292,24.4917,151.3092,6.5691,35.7295,BIEN,17.7997,0.9019,5.8922,22.6001,0.17811,0.17449,3.3769,1.2755,1,1,67.691,16257024.0
v0429,abierto,B40,123.4169,0.172292,39.5036,144.7153,7.586,35.803,BIEN,19.7212,0.925143,7.5222,17.2573,0.177634,0.174296,3.1005,1.1629,1,1,69.038,16257024.0
v0432,abierto,B5,123.933,0.174357,4.3772,46.4504,99.3712,17.3817,CRITICA,9.8276,0.538387,15.0987,62.5198,0.186965,0.191239,7.2311,9.6829,1,1,66.748,16257024.0
v0432,abierto,B10,123.933,0.174357,9.4564,84.3498,31.0563,27.1009,BIEN,15.2692,0.856204,10.2408,31.9392,0.179775,0.166928,3.1079,4.2607,1,1,66.28,16257024.0
v0432,abierto,B15,123.933,0.174357,14.5067,112.4945,13.8291,32.5977,BIEN,22.126,0.933939,7.9988,9.2296,0.172825,0.173132,0.8787,0.7024,1,1,56.808,16257024.0
v0432,abierto,B25,123.933,0.174357,24.4912,150.8104,7.1552,37.2461,BIEN,17.9681,0.898135,5.912,21.6871,0.166693,0.171996,4.3955,1.354,1,1,67.467,16257024.0
v0432,abierto,B40,123.933,0.174357,39.5012,144.2792,8.2051,37.2955,BIEN,19.8715,0.920893,7.5419,16.4171,0.173169,0.178242,0.6814,2.2284,1,1,68.637,16257024.0
v0487,abierto,B5,126.5951,0.176376,4.3984,46.414,99.5013,17.7102,CRITICA,9.5325,0.524546,15.0949,63.3366,0.190824,0.201111,8.1914,14.0243,1,1,66.987,16257024.0
v0487,abierto,B10,126.5951,0.176376,9.4551,84.3143,32.0363,27.4333,BIEN,14.7316,0.844859,10.2393,33.3985,0.188858,0.178045,7.077,0.9465,1,1,67.733,16257024.0
v0487,abierto,B15,126.5951,0.176376,14.4933,112.384,13.9475,32.9714,BIEN,21.1977,0.928228,8.0013,11.2256,0.179929,0.176245,2.0146,0.0742,1,1,67.953,16257024.0
v0487,abierto,B25,126.5951,0.176376,24.4743,150.6297,7.3221,37.8231,BIEN,18.5014,0.899906,5.915,18.9854,0.17984,0.175893,1.9641,0.2739,1,1,67.864,16257024.0
v0487,abierto,B40,126.5951,0.176376,39.5023,144.1896,8.3176,37.7128,BIEN,20.4468,0.921866,7.5437,13.8982,0.178976,0.171044,1.4741,3.0229,1,1,68.804,16257024.0
v0526,abierto,B5,125.8726,0.159417,4.3904,46.4256,99.4586,17.3111,CRITICA,9.632,0.531302,15.1146,63.117,0.16729,nan,4.9384,nan,1,1,66.487,16257024.0
v0526,abierto,B10,125.8726,0.159417,9.4465,84.3749,31.3843,26.837,BIEN,14.9158,0.850411,10.2488,32.968,0.168845,0.166921,5.9137,4.707,1,1,66.962,16257024.0
v0526,abierto,B15,125.8726,0.159417,14.4994,112.5774,13.6118,32.1425,BIEN,21.5449,0.931833,8.0027,10.5624,0.159877,0.168615,0.2879,5.7694,1,1,67.86,16257024.0
v0526,abierto,B25,125.8726,0.159417,24.486,150.987,6.9495,36.8365,BIEN,18.3023,0.901131,5.9054,19.9523,0.161291,0.165179,1.175,3.6143,1,1,68.696,16257024.0
v0526,abierto,B40,125.8726,0.159417,39.5013,144.4571,7.8538,36.7282,BIEN,20.2697,0.923671,7.5357,14.7646,0.16222,0.163862,1.7578,2.7881,1,1,69.854,16257024.0
v0542,abierto,B5,118.3945,0.19687,4.3449,46.2066,97.6227,18.2014,CRITICA,10.3725,0.556474,15.0581,60.9724,0.205094,0.202702,4.1778,2.9624,1,1,67.473,16257024.0
v0542,abierto,B10,118.3945,0.19687,9.4555,83.9127,28.9953,28.5526,BIEN,16.2778,0.869476,10.2251,29.1246,0.200228,0.190349,1.706,3.3123,1,1,67.227,16257024.0
v0542,abierto,B15,118.3945,0.19687,14.488,111.8615,15.4612,34.5575,BIEN,23.4766,0.934937,8.0028,5.518,0.203523,0.1843,3.3793,6.3847,1,1,67.717,16257024.0
v0542,abierto,B25,118.3945,0.19687,24.5159,149.775,9.3734,40.1399,BIEN,17.0082,0.884033,5.9418,26.505,0.200058,0.189234,1.6197,3.8783,1,1,68.304,16257024.0
v0542,abierto,B40,118.3945,0.19687,39.51,143.4542,10.5863,39.85,BIEN,18.7212,0.909501,7.5752,21.1663,0.196495,0.197335,0.1903,0.2362,1,1,68.444,16257024.0
v0796,abierto,B5,120.9772,0.171405,4.3662,46.2567,97.1337,18.4365,CRITICA,10.0739,0.545408,15.0915,61.7642,0.169039,0.205963,1.3808,20.161,1,1,67.366,16257024.0
v0796,abierto,B10,120.9772,0.171405,9.4795,83.9982,32.3507,28.4226,BIEN,15.6452,0.859786,10.2601,30.5669,0.169572,0.163701,1.0696,4.4947,1,1,66.685,16257024.0
v0796,abierto,B15,120.9772,0.171405,14.5095,111.8856,14.8732,33.8675,BIEN,22.1761,0.928689,8.0398,7.5151,0.168783,0.160138,1.5297,6.5737,1,1,67.699,16257024.0
v0796,abierto,B25,120.9772,0.171405,24.5202,149.9937,7.7257,38.2586,BIEN,17.2592,0.881709,5.9669,23.9851,0.173133,0.161617,1.0077,5.7104,1,1,67.882,16257024.0
v0796,abierto,B40,120.9772,0.171405,39.517,143.5733,8.8746,38.4848,BIEN,19.0016,0.907661,7.6029,18.678,0.167795,0.166502,2.1066,2.8607,1,1,68.717,16257024.0
v0811,abierto,B5,122.6361,0.154025,4.3666,46.4791,97.3044,16.4798,CRITICA,9.9831,0.553522,15.1516,62.1,0.163967,0.188389,6.4549,22.3107,1,1,67.362,16257024.0
v0811,abierto,B10,122.6361,0.154025,9.4777,84.5576,29.8589,25.1893,BIEN,15.5152,0.862736,10.2726,31.05,0.157926,0.183526,2.5329,19.153,1,1,68.422,16257024.0
v0811,abierto,B15,122.6361,0.154025,14.5187,112.9175,11.7216,29.8115,BIEN,22.1757,0.933676,8.0194,7.9247,0.163974,0.16333,6.4594,6.0412,1,1,69.498,16257024.0
v0811,abierto,B25,122.6361,0.154025,24.5156,151.6535,5.2863,33.3842,BIEN,17.3425,0.8924,5.9067,23.6614,0.156565,0.150556,1.6491,2.2523,1,1,68.18,16257024.0
v0811,abierto,B40,122.6361,0.154025,39.497,144.9928,6.2295,33.6652,BIEN,19.1506,0.916756,7.5373,18.2302,0.157061,0.15296,1.9712,0.6916,1,1,70.19,16257024.0
v0876,abierto,B5,118.3589,0.169819,4.3666,46.167,97.9623,18.0933,CRITICA,10.3913,0.561108,15.1002,60.994,0.161997,0.191269,4.6061,12.6309,1,1,67.93,16257024.0
v0876,abierto,B10,118.3589,0.169819,9.4619,84.0388,30.9534,28.2294,BIEN,16.325,0.872953,10.2423,28.9966,0.170832,0.167096,0.5966,1.6035,1,1,66.978,16257024.0
v0876,abierto,B15,118.3589,0.169819,14.5124,112.0198,15.3875,33.8594,BIEN,23.5066,0.936422,8.0146,5.3558,0.160789,0.161609,5.3173,4.8347,1,1,66.87,16257024.0
v0876,abierto,B25,118.3589,0.169819,24.5171,150.1212,8.2342,38.7528,BIEN,16.9188,0.885428,5.9419,26.8356,0.164833,0.157646,2.9364,7.1683,1,1,67.156,16257024.0
v0876,abierto,B40,118.3589,0.169819,39.5038,143.7068,9.5519,38.7269,BIEN,18.6382,0.910931,7.5761,21.4162,0.158632,0.152592,6.5876,10.1443,1,1,68.882,16257024.0
v0886,abierto,B5,120.1395,0.176712,4.3304,46.1882,98.9423,17.9101,CRITICA,10.2179,0.551537,15.1219,61.5546,0.169384,0.214392,4.1471,21.3229,1,1,67.075,16257024.0
v0886,abierto,B10,120.1395,0.176712,9.4376,83.9246,30.7147,28.01,BIEN,15.9817,0.868744,10.2653,30.144,0.178623,0.166023,1.0815,6.0491,1,1,68.305,16257024.0
v0886,abierto,B15,120.1395,0.176712,14.4502,111.8653,15.0556,33.7412,BIEN,23.207,0.939033,8.0346,6.8871,0.175329,0.158969,0.783,10.0408,1,1,67.387,16257024.0
v0886,abierto,B25,120.1395,0.176712,24.5068,150.2505,7.9509,38.684,BIEN,17.2786,0.890603,5.939,25.0634,0.169444,0.161146,4.1128,8.8089,1,1,68.767,16257024.0
v0886,abierto,B40,120.1395,0.176712,39.3889,143.5121,9.2666,38.7518,BIEN,19.1669,0.917048,7.5844,19.4545,0.162467,0.168997,8.0611,4.3661,1,1,68.966,16257024.0
v0894,abierto,B5,120.6339,0.172431,4.3516,46.2351,98.3679,17.748,CRITICA,10.1552,0.550306,15.1126,61.6732,0.183265,0.187119,6.2828,8.518,1,1,67.974,16257024.0
v0894,abierto,B10,120.6339,0.172431,9.4721,84.1438,30.7283,27.7248,BIEN,15.8764,0.864209,10.2473,30.2486,0.177289,0.166841,2.8171,3.242,1,1,59.319,16257024.0
v0894,abierto,B15,120.6339,0.172431,14.4998,112.2108,14.8538,33.3162,BIEN,22.9315,0.933568,8.0149,6.9823,0.169481,0.163367,1.7107,5.2568,1,1,67.467,16257024.0
v0894,abierto,B25,120.6339,0.172431,24.5042,150.4294,7.8558,37.9008,BIEN,17.3073,0.887815,5.9349,24.6992,0.169215,0.168065,1.8653,2.532,1,1,67.651,16257024.0
v0894,abierto,B40,120.6339,0.172431,39.5286,143.9503,9.1715,38.1094,BIEN,19.109,0.913168,7.5684,19.3283,0.16924,0.175998,1.8506,2.0683,1,1,70.311,16257024.0
v0902,abierto,B5,122.6852,0.164131,4.3542,46.4008,99.282,17.5283,CRITICA,9.9749,0.543978,15.1158,62.179,0.167691,0.205094,2.169,24.9575,1,1,67.463,16257024.0
v0902,abierto,B10,122.6852,0.164131,9.4693,84.309,31.0136,27.2059,BIEN,15.5277,0.861424,10.2568,31.2802,0.168034,0.166804,2.3778,1.6289,1,1,67.61,16257024.0
v0902,abierto,B15,122.6852,0.164131,14.5136,112.4517,14.1066,32.6434,BIEN,22.4942,0.935586,8.0145,8.3413,0.17121,0.169092,4.3133,3.0224,1,1,67.654,16257024.0
v0902,abierto,B25,122.6852,0.164131,24.5078,150.7371,7.1261,37.2844,BIEN,17.6918,0.895006,5.9251,22.865,0.159562,0.164495,2.7837,0.2219,1,1,68.079,16257024.0
v0902,abierto,B40,122.6852,0.164131,39.5026,144.2011,8.2381,37.3444,BIEN,19.5709,0.919113,7.5574,17.5375,0.162016,0.165108,1.2886,0.5955,1,1,68.367,16257024.0
v0945,abierto,B5,120.218,0.184261,4.3354,46.2495,98.7949,17.7487,CRITICA,10.2077,0.552387,15.1132,61.5286,0.170864,0.218274,7.2706,18.4587,1,1,68.597,16257024.0
v0945,abierto,B10,120.218,0.184261,9.4454,84.0156,31.2659,27.7183,BIEN,15.9586,0.868464,10.2603,30.114,0.170772,0.159311,7.3209,13.5405,1,1,67.648,16257024.0
v0945,abierto,B15,120.218,0.184261,14.4576,111.9817,14.5821,33.3675,BIEN,23.1308,0.937986,8.0298,6.8511,0.172917,0.167793,6.1567,8.9373,1,1,67.336,16257024.0
v0945,abierto,B25,120.218,0.184261,24.5145,150.3921,7.9606,38.0933,BIEN,17.2598,0.890317,5.9364,25.0995,0.178637,0.159603,3.0525,13.3821,1,1,67.73,16257024.0
v0945,abierto,B40,120.218,0.184261,39.413,143.6687,9.2006,38.2333,BIEN,19.1365,0.916709,7.5812,19.5068,0.184739,0.169163,0.259,8.1939,1,1,67.83,16257024.0
v0975,abierto,B5,118.7666,0.183548,4.3504,46.0725,97.712,19.2748,CRITICA,10.2624,0.548498,15.0519,61.2076,0.183547,0.196371,0.0001,6.9864,1,1,68.332,16257024.0
v0975,abierto,B10,118.7666,0.183548,9.4681,83.6315,31.8558,30.098,BIEN,16.042,0.865686,10.2308,29.5833,0.189557,0.162446,3.2741,11.4966,1,1,66.835,16257024.0
v0975,abierto,B15,118.7666,0.183548,14.4924,111.382,16.709,36.1799,BIEN,22.8933,0.931568,8.0238,6.2178,0.184677,0.164985,0.6154,10.1132,1,1,68.435,16257024.0
v0975,abierto,B25,118.7666,0.183548,24.497,148.9316,10.0293,41.728,BIEN,17.146,0.880144,5.9807,25.3985,0.177645,0.168792,3.2157,8.0393,1,1,68.022,16257024.0
v0975,abierto,B40,118.7666,0.183548,39.5222,142.8102,11.2558,41.5137,BIEN,18.8353,0.90584,7.6155,20.2444,0.173663,0.180976,5.3852,1.4009,1,1,70.544,16257024.0
v0994,abierto,B5,120.5479,0.169087,4.3662,46.2011,98.3116,18.7177,CRITICA,10.1157,0.547905,15.0683,61.6741,0.180587,nan,6.8012,nan,1,1,67.745,16257024.0
v0994,abierto,B10,120.5479,0.169087,9.468,83.8574,31.8034,29.2131,BIEN,15.7812,0.863072,10.2351,30.4364,0.170143,0.155562,0.6248,7.9986,1,1,67.467,16257024.0
v0994,abierto,B15,120.5479,0.169087,14.498,111.7229,15.762,35.1398,BIEN,22.6916,0.933851,8.0185,7.3207,0.16779,0.155717,0.7671,7.907,1,1,67.844,16257024.0
v0994,abierto,B25,120.5479,0.169087,24.5084,149.6657,9.1075,40.0803,BIEN,17.3957,0.886854,5.9575,24.1546,0.169726,0.162987,0.378,3.6075,1,1,67.458,16257024.0
v0994,abierto,B40,120.5479,0.169087,39.5032,143.2458,10.4834,40.2458,BIEN,19.2005,0.912962,7.5964,18.829,0.168119,0.174207,0.5725,3.0282,1,1,68.868,16257024.0
v1005,abierto,B5,121.74,0.172586,4.3453,46.2429,98.4145,18.1631,CRITICA,10.0279,0.545206,15.1059,62.015,0.1768,nan,2.4415,nan,1,1,67.426,16257024.0
v1005,abierto,B10,121.74,0.172586,9.4761,84.0535,31.7297,28.2918,BIEN,15.6084,0.862544,10.2582,30.9565,0.18022,0.167667,4.4231,2.8501,1,1,68.44,16257024.0
v1005,abierto,B15,121.74,0.172586,14.4969,112.03,15.1274,34.028,BIEN,22.4609,0.935559,8.0317,7.976,0.173915,0.166152,0.7698,3.7285,1,1,67.685,16257024.0
v1005,abierto,B25,121.74,0.172586,24.511,150.0895,8.4729,38.8363,BIEN,17.5646,0.890822,5.9574,23.2869,0.177437,0.172892,2.8108,0.1769,1,1,66.492,16257024.0
v1005,abierto,B40,121.74,0.172586,39.5087,143.6659,9.6062,38.9,BIEN,19.3906,0.915943,7.5928,18.0104,0.17666,0.172916,2.3602,0.1912,1,1,69.058,16257024.0
w0035,abierto,B5,126.4828,0.259275,4.4669,46.2592,94.4982,19.2992,CRITICA,9.4675,0.540313,15.062,63.4265,0.267043,0.247392,2.9957,4.5833,1,1,68.098,16257024.0
w0035,abierto,B10,126.4828,0.259275,9.5022,83.9581,38.8694,28.7103,BIEN,14.4608,0.851346,10.2779,33.6209,0.25506,0.277212,1.6257,6.9178,1,1,68.357,16257024.0
w0035,abierto,B15,126.4828,0.259275,14.477,111.9427,17.0622,33.6031,BIEN,20.0819,0.929595,8.0566,11.4957,0.264861,0.270851,2.1543,4.4647,1,1,68.624,16257024.0
w0035,abierto,B25,126.4828,0.259275,24.4927,150.1926,6.8214,36.6381,BIEN,17.7797,0.898493,5.9711,18.7455,0.251735,0.260694,2.9083,0.547,1,1,68.167,16257024.0
w0035,abierto,B40,126.4828,0.259275,39.4999,143.6327,8.5447,37.3635,BIEN,19.5213,0.9221,7.6126,13.5591,0.252739,0.25472,2.521,1.757,1,1,67.591,16257024.0
w0048,abierto,B5,121.1413,0.304931,4.4087,45.7925,92.4217,21.1061,CRITICA,9.8439,0.555126,15.0479,62.1991,0.307284,0.272172,0.7717,10.7432,1,1,67.996,16257024.0
w0048,abierto,B10,121.1413,0.304931,9.5176,83.1404,41.7377,31.7839,BIEN,15.0829,0.863593,10.2857,31.3691,0.315304,0.296944,3.4018,2.6194,1,1,67.66,16257024.0
w0048,abierto,B15,121.1413,0.304931,14.4944,110.6625,20.7514,37.0087,BIEN,20.4207,0.92843,8.1104,8.65,0.314158,0.305893,3.026,0.3155,1,1,67.768,16257024.0
w0048,abierto,B25,121.1413,0.304931,24.5207,148.2929,8.3448,40.4423,BIEN,16.9281,0.87964,6.0721,22.4132,0.318562,0.307042,4.4701,0.6921,1,1,66.417,16257024.0
w0048,abierto,B40,121.1413,0.304931,39.5363,141.8259,9.6062,41.2336,BIEN,18.5544,0.907175,7.7348,17.0748,0.314034,0.302064,2.9852,0.9403,1,1,67.987,16257024.0
w0061,abierto,B5,103.4809,0.247432,4.3736,45.3845,92.2723,23.1519,CRITICA,11.8785,0.62805,14.97,56.1421,0.262369,0.251917,6.0369,1.8126,1,1,67.894,16257024.0
w0061,abierto,B10,103.4809,0.247432,9.4946,82.101,44.5536,33.9081,BIEN,18.6181,0.911252,10.3194,20.6607,0.262957,0.276806,6.2746,11.8717,1,1,68.225,16257024.0
w0061,abierto,B15,103.4809,0.247432,14.4583,109.2001,23.4373,39.1983,BIEN,21.9522,0.924476,8.1848,5.5268,0.253685,0.27152,2.5273,9.7354,1,1,66.56,16257024.0
w0061,abierto,B25,103.4809,0.247432,24.5105,146.4745,9.6819,42.5715,BIEN,14.3828,0.827192,6.1742,41.5473,0.25916,0.276505,4.7401,11.7502,1,1,67.528,16257024.0
w0061,abierto,B40,103.4809,0.247432,39.5293,140.1019,10.7338,43.5356,BIEN,15.6875,0.860701,7.8592,35.3891,0.252507,0.264008,2.0513,6.6993,1,1,68.965,16257024.0
w0194,abierto,B5,131.7693,0.269848,4.4248,45.5372,84.5776,21.5239,CRITICA,8.488,0.530296,14.965,65.4418,0.296953,nan,10.0444,nan,1,1,66.88,16257024.0
w0194,abierto,B10,131.7693,0.269848,9.4817,82.9691,48.6658,32.4193,BIEN,12.7838,0.845272,10.2327,37.0346,0.283976,0.284359,5.2357,5.3777,1,1,69.271,16257024.0
w0194,abierto,B15,131.7693,0.269848,14.5664,110.6295,17.3087,37.5194,BIEN,17.0647,0.932819,8.0763,16.0431,0.27833,0.294978,3.1433,9.3125,1,1,68.759,16257024.0
w0194,abierto,B25,131.7693,0.269848,24.5346,148.0147,7.0795,39.4954,BIEN,17.4416,0.912789,6.0852,12.3286,0.279284,0.287971,3.4967,6.716,1,1,68.334,16257024.0
w0194,abierto,B40,131.7693,0.269848,39.5155,141.388,8.6864,40.57,BIEN,18.6704,0.934214,7.7721,7.2996,0.283942,0.286715,5.2231,6.2507,1,1,70.1,16257024.0
w0199,abierto,B5,116.9834,0.281658,4.3832,44.5996,83.9353,24.6535,CRITICA,9.5811,0.5847,14.8634,61.8753,0.30666,0.26207,8.8767,6.9544,1,1,67.884,16257024.0
w0199,abierto,B10,116.9834,0.281658,9.4301,81.0304,56.638,36.3367,BIEN,14.3212,0.889617,10.2821,30.7335,0.279853,0.282125,0.6408,0.1657,1,1,67.148,16257024.0
w0199,abierto,B15,116.9834,0.281658,14.4537,107.8009,23.6178,41.4809,BIEN,18.2085,0.940979,8.2076,7.8494,0.28013,0.285938,0.5427,1.5196,1,1,66.941,16257024.0
w0199,abierto,B25,116.9834,0.281658,24.5145,144.4741,7.7607,43.6594,BIEN,15.6932,0.880421,6.2843,23.4996,0.279401,0.297518,0.8014,5.6311,1,1,67.318,16257024.0
w0199,abierto,B40,116.9834,0.281658,39.546,138.1456,9.156,45.2325,BIEN,17.057,0.909019,8.0138,18.0899,0.282012,0.295868,0.1257,5.0451,1,1,69.677,16257024.0
w0206,abierto,B5,111.3296,0.266394,4.4338,45.0184,86.365,26.0893,CRITICA,10.3012,0.607216,14.7167,59.5629,0.282217,0.248864,5.9394,6.5806,1,1,67.998,16257024.0
w0206,abierto,B10,111.3296,0.266394,9.428,80.7787,56.1296,36.9243,BIEN,15.3274,0.90146,10.285,27.4419,0.26887,0.27332,0.9295,2.5997,1,1,66.467,16257024.0
w0206,abierto,B15,111.3296,0.266394,14.5064,107.4538,26.2299,42.163,BIEN,19.1412,0.936824,8.221,3.4814,0.270209,0.282055,1.432,5.8786,1,1,67.572,16257024.0
w0206,abierto,B25,111.3296,0.266394,24.5531,143.9359,8.1973,44.4532,BIEN,15.206,0.861663,6.3169,29.2881,0.269133,0.285208,1.0279,7.0623,1,1,67.826,16257024.0
w0206,abierto,B40,111.3296,0.266394,39.4869,137.4788,9.6198,45.7061,BIEN,16.5382,0.892113,8.0533,23.4881,0.266354,0.281568,0.015,5.6959,1,1,68.793,16257024.0
w0207,abierto,B5,120.4005,0.274033,4.4127,45.0684,84.7329,24.3133,CRITICA,9.3858,0.572865,14.8226,62.568,0.288971,0.241695,5.4511,11.8007,1,1,49.98,16257024.0
w0207,abierto,B10,120.4005,0.274033,9.5094,81.7754,54.6702,35.7651,BIEN,14.1058,0.879181,10.2357,32.0805,0.282099,0.277844,2.9432,1.3906,1,1,68.431,16257024.0
w0207,abierto,B15,120.4005,0.274033,14.4225,108.3713,24.493,40.3846,BIEN,18.079,0.938644,8.1826,9.991,0.272397,0.277488,0.5973,1.2608,1,1,59.391,16257024.0
w0207,abierto,B25,120.4005,0.274033,24.4463,145.4403,6.6506,42.2522,BIEN,16.132,0.887449,6.2307,20.7971,0.267062,0.268893,2.5439,1.8759,1,1,68.866,16257024.0
w0207,abierto,B40,120.4005,0.274033,39.4271,138.8087,8.3642,43.796,BIEN,17.5468,0.915546,7.9516,15.2892,0.258994,0.280077,5.488,2.2053,1,1,69.106,16257024.0
w0225,abierto,B5,128.0021,0.254221,4.4237,45.7283,90.9895,20.1019,CRITICA,8.9964,0.530836,15.0345,64.2753,0.272336,0.244492,7.1255,3.8273,1,1,67.198,16257024.0
w0225,abierto,B10,128.0021,0.254221,9.4254,83.1145,44.2916,30.5731,BIEN,13.6439,0.84368,10.2519,35.0679,0.265789,0.257908,4.55,1.4503,1,1,67.215,16257024.0
w0225,abierto,B15,128.0021,0.254221,14.432,110.938,16.1346,35.6779,BIEN,18.5228,0.925029,8.0549,13.3312,0.260968,0.254369,2.654,0.0581,1,1,67.864,16257024.0
w0225,abierto,B25,128.0021,0.254221,24.4734,148.9193,7.0252,38.353,BIEN,17.6585,0.894541,6.0122,16.3413,0.255253,0.273443,0.4057,7.561,1,1,68.539,16257024.0
w0225,abierto,B40,128.0021,0.254221,39.4537,142.3077,8.5835,39.4247,BIEN,19.2401,0.918974,7.6776,11.176,0.255305,0.263894,0.4261,3.8049,1,1,69.41,16257024.0
w0363,abierto,B5,156.4791,0.305635,4.4734,46.7193,100.0,19.1462,CRITICA,6.7535,0.452681,14.9521,70.1434,0.316918,0.275506,3.6918,9.8578,1,1,67.827,16257024.0
w0363,abierto,B10,156.4791,0.305635,9.4402,84.6267,39.3875,27.9838,BIEN,10.1781,0.759132,10.1883,45.9182,0.304427,0.297144,0.3951,2.7783,1,1,66.675,16257024.0
w0363,abierto,B15,156.4791,0.305635,14.5391,112.6703,16.5848,32.4396,BIEN,13.6623,0.880186,7.9837,27.9966,0.304108,0.311987,0.4996,2.0783,1,1,67.999,16257024.0
w0363,abierto,B25,156.4791,0.305635,24.4638,151.1654,5.1796,35.2285,BIEN,18.5069,0.915349,5.9066,3.3958,0.315901,0.301123,3.3588,1.4762,1,1,69.095,16257024.0
w0363,abierto,B40,156.4791,0.305635,39.5695,144.4716,6.4546,36.0709,BIEN,18.4761,0.9289,7.5452,7.6735,0.303147,0.308562,0.8138,0.9578,1,1,69.957,16257024.0
w0414,abierto,B5,138.1425,0.259165,4.4659,46.3991,88.2047,20.3863,CRITICA,8.1263,0.501036,14.9074,66.4121,0.26592,0.246237,2.6066,4.9882,1,1,67.4,16257024.0
w0414,abierto,B10,138.1425,0.259165,9.4317,83.6962,44.441,30.1667,BIEN,12.2007,0.81311,10.2053,39.4131,0.260614,0.266428,0.5591,2.8027,1,1,67.39,16257024.0
w0414,abierto,B15,138.1425,0.259165,14.4807,111.4683,14.1105,34.7517,BIEN,16.4238,0.911333,8.0245,19.3092,0.252682,0.266685,2.5013,2.9019,1,1,67.858,16257024.0
w0414,abierto,B25,138.1425,0.259165,24.5451,149.6759,6.3168,37.5171,BIEN,18.4644,0.907751,5.9712,8.3489,0.254346,0.276287,1.8592,6.6067,1,1,67.921,16257024.0
w0414,abierto,B40,138.1425,0.259165,39.47,143.08,7.4599,38.4639,BIEN,19.5966,0.927261,7.621,3.5742,0.260394,0.267326,0.4743,3.1492,1,1,68.241,16257024.0
w0509,abierto,B5,148.808,0.257881,4.4065,46.4464,100.0,17.3516,CRITICA,7.3557,0.475899,15.0857,68.7877,0.287025,0.233335,11.3012,9.5185,1,1,67.384,16257024.0
w0509,abierto,B10,148.808,0.257881,9.4325,84.7514,40.9012,26.4925,BIEN,11.1584,0.783286,10.2031,43.0465,0.272463,0.27242,5.6544,5.638,1,1,66.958,16257024.0
w0509,abierto,B15,148.808,0.257881,14.4908,112.938,11.8166,30.3197,BIEN,15.0789,0.893989,7.9827,24.1049,0.262668,0.27323,1.8563,5.9518,1,1,67.997,16257024.0
w0509,abierto,B25,148.808,0.257881,24.455,151.9077,3.0934,32.4912,BIEN,19.3082,0.91567,5.8704,2.083,0.266211,0.269037,3.2303,4.326,1,1,67.908,16257024.0
w0509,abierto,B40,148.808,0.257881,39.5023,145.1586,5.2145,33.5542,BIEN,19.8549,0.931041,7.51,2.4524,0.272183,0.263834,5.546,2.3083,1,1,69.415,16257024.0
w0529,abierto,B5,148.4513,0.237458,4.4183,46.4831,100.0,17.1804,CRITICA,7.4293,0.467835,15.0981,68.688,0.270705,0.241675,14.0015,1.7761,1,1,68.411,16257024.0
w0529,abierto,B10,148.4513,0.237458,9.424,84.7907,39.1197,26.3593,BIEN,11.2721,0.776576,10.2108,42.8832,0.252306,0.25522,6.253,7.4801,1,1,66.881,16257024.0
w0529,abierto,B15,148.4513,0.237458,14.4858,113.0368,12.5851,30.4496,BIEN,15.3152,0.887669,7.9799,23.856,0.244593,0.256394,3.0049,7.9747,1,1,67.669,16257024.0
w0529,abierto,B25,148.4513,0.237458,24.4611,151.9311,4.1763,33.0626,BIEN,19.7656,0.906992,5.8661,2.3441,0.24907,0.257889,4.8904,8.6041,1,1,68.071,16257024.0
w0529,abierto,B40,148.4513,0.237458,39.4794,145.2047,6.2877,33.9662,BIEN,20.3514,0.923442,7.4996,2.187,0.246799,0.263476,3.9338,10.9571,1,1,69.115,16257024.0
w0580,abierto,B5,143.1415,0.268368,4.4199,46.4239,100.0,17.4299,CRITICA,7.8809,0.474502,15.1126,67.5678,0.271077,0.255705,1.0093,4.7184,1,1,66.969,16257024.0
w0580,abierto,B10,143.1415,0.268368,9.3961,84.4842,38.687,26.8751,BIEN,11.9598,0.785634,10.2305,40.9786,0.259285,0.272761,3.3847,1.637,1,1,67.574,16257024.0
w0580,abierto,B15,143.1415,0.268368,14.5014,112.7708,14.5006,31.7272,BIEN,16.4877,0.891975,7.9819,21.2172,0.263512,0.272835,1.8095,1.6646,1,1,67.837,16257024.0
w0580,abierto,B25,143.1415,0.268368,24.506,151.5322,5.822,34.8309,BIEN,20.1676,0.899356,5.8758,5.8618,0.261752,0.2641,2.4652,1.5902,1,1,67.976,16257024.0
w0580,abierto,B40,143.1415,0.268368,39.502,144.8824,7.7937,35.576,BIEN,21.317,0.918082,7.5063,1.2162,0.263674,0.269683,1.7491,0.4901,1,1,69.604,16257024.0
w0735,abierto,B5,148.1141,0.266217,4.4202,46.7294,100.0,15.0192,CRITICA,7.6161,0.468226,15.1635,68.4504,0.283446,0.240919,6.4716,9.503,1,1,67.801,16257024.0
w0735,abierto,B10,148.1141,0.266217,9.4,85.3536,34.3457,22.8011,BIEN,11.5988,0.775749,10.2195,42.373,0.277684,0.2778,4.3074,4.3506,1,1,67.43,16257024.0
w0735,abierto,B15,148.1141,0.266217,14.571,114.2507,14.8072,26.4046,BIEN,16.1187,0.887972,7.925,22.8631,0.279787,0.290392,5.097,9.0808,1,1,68.205,16257024.0
w0735,abierto,B25,148.1141,0.266217,24.4903,153.7311,0.3726,28.3281,BIEN,21.1934,0.909909,5.7719,3.7924,0.273895,0.273914,2.8838,2.8911,1,1,67.974,16257024.0
w0735,abierto,B40,148.1141,0.266217,39.4955,146.8128,0.5822,29.2622,BIEN,22.0959,0.925871,7.3905,0.8786,0.27458,0.272653,3.1411,2.4174,1,1,68.834,16257024.0
w0738,abierto,B5,152.7353,0.271904,4.3982,46.6801,100.0,14.6288,CRITICA,7.2702,0.454802,15.2014,69.4373,0.293968,0.250191,8.1149,7.9856,1,1,65.891,16257024.0
w0738,abierto,B10,152.7353,0.271904,9.3657,85.4585,32.5855,22.139,BIEN,11.067,0.76053,10.2344,44.048,0.282041,0.276102,3.7283,1.544,1,1,68.526,16257024.0
w0738,abierto,B15,152.7353,0.271904,14.5625,114.4024,14.3958,25.7851,BIEN,15.3185,0.878943,7.9291,25.0976,0.27836,0.287445,2.3744,5.7157,1,1,67.691,16257024.0
w0738,abierto,B25,152.7353,0.271904,24.4693,154.027,0.2542,27.688,BIEN,21.4083,0.910039,5.762,0.8457,0.267833,0.275033,1.4973,1.151,1,1,68.87,16257024.0
w0738,abierto,B40,152.7353,0.271904,39.4638,147.0763,0.489,28.56,BIEN,21.7064,0.924199,7.3784,3.7051,0.274762,0.286619,1.0511,5.4119,1,1,69.035,16257024.0
w0742,abierto,B5,153.4176,0.263825,4.4091,46.6629,100.0,14.9188,CRITICA,7.203,0.450725,15.1983,69.5844,0.289801,0.241854,9.846,8.328,1,1,66.413,16257024.0
w0742,abierto,B10,153.4176,0.263825,9.3721,85.4213,34.4427,22.4962,BIEN,10.9573,0.755853,10.236,44.321,0.269861,0.270557,2.2879,2.5515,1,1,66.548,16257024.0
w0742,abierto,B15,153.4176,0.263825,14.564,114.3278,14.7082,26.1551,BIEN,15.115,0.87345,7.9348,25.4793,0.271408,0.28767,2.8742,9.0382,1,1,68.548,16257024.0
w0742,abierto,B25,153.4176,0.263825,24.478,153.8617,0.359,28.1698,BIEN,21.1585,0.906555,5.7727,0.2895,0.280678,0.285532,6.388,8.2278,1,1,68.201,16257024.0
w0742,abierto,B40,153.4176,0.263825,39.4854,146.939,0.5395,29.0863,BIEN,21.3652,0.920471,7.3904,4.2228,0.276072,0.278008,4.642,5.3758,1,1,69.697,16257024.0
w0810,abierto,B5,130.1075,0.28884,4.4105,46.2233,94.2324,17.3933,CRITICA,9.0906,0.538612,15.1557,64.473,0.296771,0.25128,2.7461,13.0037,1,1,68.9,16257024.0
w0810,abierto,B10,130.1075,0.28884,9.391,84.2229,37.0607,26.6456,BIEN,13.8901,0.843298,10.2833,35.2667,0.287504,0.272299,0.4624,5.7265,1,1,67.833,16257024.0
w0810,abierto,B15,130.1075,0.28884,14.5729,112.811,15.7853,30.9283,BIEN,19.4138,0.927874,8.0146,13.294,0.288133,0.285679,0.2447,1.0941,1,1,67.921,16257024.0
w0810,abierto,B25,130.1075,0.28884,24.4659,151.6413,1.7136,33.0348,BIEN,18.217,0.90917,5.9027,16.5508,0.286176,0.296717,0.9222,2.7272,1,1,67.67,16257024.0
w0810,abierto,B40,130.1075,0.28884,39.4909,144.8323,5.7191,34.1109,BIEN,20.022,0.930688,7.5443,11.3175,0.287852,0.297057,0.3418,2.8449,1,1,68.776,16257024.0
x0020,abierto,B5,130.6882,0.187387,4.6115,46.3102,99.9787,15.9091,CRITICA,8.9976,0.524073,15.0279,64.5643,0.183304,nan,2.1789,nan,1,1,67.862,16257024.0
x0020,abierto,B10,130.6882,0.187387,9.4779,84.7706,45.9178,23.7505,BIEN,13.8469,0.829017,10.159,35.1352,0.183686,0.20992,1.9753,12.0245,1,1,69.125,16257024.0
x0020,abierto,B15,130.6882,0.187387,14.4171,113.3356,12.4629,27.334,BIEN,19.5779,0.914924,7.9147,13.2778,0.179934,0.188853,3.9777,0.7819,1,1,67.447,16257024.0
x0020,abierto,B25,130.6882,0.187387,24.4896,152.4043,0.3551,28.8115,BIEN,18.7189,0.898813,5.8145,16.6167,0.178652,0.190542,4.6619,1.6835,1,1,67.987,16257024.0
x0020,abierto,B40,130.6882,0.187387,39.478,145.5871,0.9354,30.0148,BIEN,20.6428,0.91964,7.4481,11.4003,0.181395,0.183092,3.198,2.292,1,1,68.805,16257024.0
x0074,abierto,B5,128.8917,0.186744,4.5875,46.0603,99.3246,17.1608,CRITICA,9.0631,0.522237,14.9967,64.2643,0.178997,nan,4.1486,nan,1,1,63.686,16257024.0
x0074,abierto,B10,128.8917,0.186744,9.4389,84.1827,47.0492,25.719,BIEN,13.9242,0.829349,10.1602,34.6872,0.183442,0.196009,1.7685,4.9612,1,1,67.135,16257024.0
x0074,abierto,B15,128.8917,0.186744,14.4258,112.5617,16.3209,29.7838,BIEN,19.5567,0.91292,7.9289,12.6695,0.185375,0.197786,0.7333,5.9129,1,1,67.466,16257024.0
x0074,abierto,B25,128.8917,0.186744,24.4858,151.3574,1.2905,31.6209,BIEN,18.3935,0.890207,5.8537,17.4299,0.190673,0.195882,2.1037,4.8932,1,1,67.68,16257024.0
x0074,abierto,B40,128.8917,0.186744,39.4643,144.5986,2.3482,32.7882,BIEN,20.2422,0.912787,7.496,12.1861,0.188942,0.185102,1.1765,0.8793,1,1,69.055,16257024.0
x0099,abierto,B5,133.9731,0.167181,4.5784,46.271,100.0,16.7826,CRITICA,8.6426,0.50601,15.0122,65.4625,0.166942,nan,0.1428,nan,1,1,67.192,16257024.0
x0099,abierto,B10,133.9731,0.167181,9.5157,84.6428,46.2613,25.0088,BIEN,13.2276,0.814595,10.1599,36.821,0.161955,0.177987,3.1262,6.4635,1,1,67.637,16257024.0
x0099,abierto,B15,133.9731,0.167181,14.3973,112.9549,15.0284,28.7887,BIEN,18.4524,0.906807,7.9338,15.6884,0.168911,0.163396,1.0346,2.264,1,1,66.98,16257024.0
x0099,abierto,B25,133.9731,0.167181,24.4977,151.9029,0.7316,30.4599,BIEN,19.1393,0.896618,5.8402,13.3831,0.1667,0.167191,0.288,0.0059,1,1,67.529,16257024.0
x0099,abierto,B40,133.9731,0.167181,39.4646,145.1323,1.6806,31.5598,BIEN,20.8895,0.91662,7.4767,8.3294,0.163729,0.160426,2.0649,4.0405,1,1,68.946,16257024.0
x0138,abierto,B5,143.367,0.172952,4.6334,46.8296,100.0,15.1923,CRITICA,7.888,0.490652,15.0145,67.3358,0.169486,nan,2.0041,nan,1,1,68.069,16257024.0
x0138,abierto,B10,143.367,0.172952,9.5215,85.2784,44.4177,22.2021,BIEN,12.0164,0.793504,10.146,40.5174,0.193466,0.249362,11.8611,44.1798,1,1,67.774,16257024.0
x0138,abierto,B15,143.367,0.172952,14.4008,114.0115,9.0726,25.3686,BIEN,16.6829,0.897909,7.8874,20.4758,0.18323,0.185179,5.9426,7.0696,1,1,66.526,16257024.0
x0138,abierto,B25,143.367,0.172952,24.5251,153.3797,0.0505,26.5176,BIEN,20.3508,0.910369,5.7681,6.9839,0.203389,0.18045,17.5985,4.3355,1,1,67.392,16257024.0
x0138,abierto,B40,143.367,0.172952,39.4915,146.4304,0.3066,27.6108,BIEN,21.6108,0.926216,7.3961,2.1368,0.190525,0.176931,10.1606,2.3006,1,1,68.982,16257024.0
x0178,abierto,B5,133.2848,0.165947,4.6279,46.4842,99.9961,15.1413,CRITICA,8.7899,0.520229,15.0382,65.1242,0.165,nan,0.5706,nan,1,1,68.466,16257024.0
x0178,abierto,B10,133.2848,0.165947,9.4877,85.074,45.0271,22.5492,BIEN,13.5088,0.823674,10.155,36.1713,0.160457,0.261805,3.3081,57.7645,1,1,66.773,16257024.0
x0178,abierto,B15,133.2848,0.165947,14.401,113.6802,10.9453,26.0381,BIEN,19.1,0.913797,7.9034,14.7088,0.167727,0.163246,1.0728,1.6273,1,1,66.732,16257024.0
x0178,abierto,B25,133.2848,0.165947,24.5178,153.0128,0.1669,27.3775,BIEN,19.1823,0.903774,5.7868,14.8014,0.16546,0.160129,0.2935,3.5057,1,1,67.745,16257024.0
x0178,abierto,B40,133.2848,0.165947,39.5049,146.157,0.5065,28.4913,BIEN,21.106,0.923187,7.4161,9.6577,0.166773,0.16205,0.4978,2.3482,1,1,67.665,16257024.0
x0267,abierto,B5,129.076,0.183049,4.6159,46.2724,99.6623,15.8239,CRITICA,9.1429,0.529836,15.0302,64.151,0.178876,nan,2.2796,nan,1,1,66.671,16257024.0
x0267,abierto,B10,129.076,0.183049,9.4496,84.7052,46.0828,23.6351,BIEN,14.1013,0.834087,10.1591,34.3757,0.176604,0.220855,3.5211,20.6535,1,1,66.504,16257024.0
x0267,abierto,B15,129.076,0.183049,14.4216,113.2432,12.6026,27.2906,BIEN,20.0027,0.916825,7.9141,12.2662,0.172941,0.179423,5.522,1.981,1,1,66.527,16257024.0
x0267,abierto,B25,129.076,0.183049,24.4905,152.3715,0.3842,28.7532,BIEN,18.4632,0.897211,5.8128,18.0479,0.173751,0.181519,5.0793,0.8357,1,1,67.415,16257024.0
x0267,abierto,B40,129.076,0.183049,39.4722,145.5606,0.916,29.9149,BIEN,20.3876,0.918218,7.4467,12.7713,0.175682,0.182517,4.0245,0.2905,1,1,67.804,16257024.0
x0292,abierto,B5,130.0428,0.18982,4.5899,46.0801,99.9107,16.1397,CRITICA,9.0105,0.522984,15.046,64.5654,0.202935,nan,6.9095,nan,1,1,67.456,16257024.0
x0292,abierto,B10,130.0428,0.18982,9.4169,84.3694,46.9114,24.1375,BIEN,13.8525,0.828399,10.1788,35.1218,0.201734,0.207201,6.2768,9.1571,1,1,66.03,16257024.0
x0292,abierto,B15,130.0428,0.18982,14.4089,113.0612,13.4662,27.8038,BIEN,19.5775,0.914344,7.9226,13.0584,0.209619,0.202507,10.4309,6.6839,1,1,66.527,16257024.0
x0292,abierto,B25,130.0428,0.18982,24.4848,152.1547,0.3804,29.2919,BIEN,18.5842,0.896371,5.8237,17.0036,0.192226,0.209006,1.2678,10.1076,1,1,67.94,16257024.0
x0292,abierto,B40,130.0428,0.18982,39.4524,145.3308,0.9606,30.4612,BIEN,20.4781,0.917567,7.4601,11.7561,0.202233,0.202437,6.5395,6.6472,1,1,69.328,16257024.0
x0306,abierto,B5,131.3261,0.203081,4.6074,46.3143,99.9787,15.7942,CRITICA,8.9197,0.52104,15.027,64.7333,0.213182,nan,4.9741,nan,1,1,67.766,16257024.0
x0306,abierto,B10,131.3261,0.203081,9.4716,84.8029,46.0711,23.6234,BIEN,13.722,0.825599,10.1523,35.4257,0.207657,0.216145,2.2537,6.4331,1,1,67.892,16257024.0
x0306,abierto,B15,131.3261,0.203081,14.4152,113.2546,13.0742,27.3149,BIEN,19.365,0.912306,7.9139,13.7608,0.207383,0.201979,2.1186,0.5423,1,1,67.723,16257024.0
x0306,abierto,B25,131.3261,0.203081,24.486,152.3592,0.3745,28.7486,BIEN,18.8301,0.897349,5.8131,16.016,0.202799,0.218075,0.1387,7.3835,1,1,66.971,16257024.0
x0306,abierto,B40,131.3261,0.203081,39.4692,145.6049,0.7898,29.8739,BIEN,20.716,0.917902,7.4443,10.8728,0.1962,0.213684,3.3883,5.2211,1,1,68.95,16257024.0
x0310,abierto,B5,131.4042,0.210139,4.5978,46.2852,99.9767,16.1842,CRITICA,8.8887,0.518747,15.0177,64.7765,0.212073,nan,0.9204,nan,1,1,67.168,16257024.0
x0310,abierto,B10,131.4042,0.210139,9.4778,84.6945,46.7154,24.1813,BIEN,13.654,0.824067,10.1543,35.5465,0.20982,0.212287,0.1519,1.0222,1,1,67.85,16257024.0
x0310,abierto,B15,131.4042,0.210139,14.4228,113.1078,13.7127,27.9725,BIEN,19.2004,0.911521,7.9194,13.9237,0.20337,0.216788,3.2213,3.1641,1,1,68.002,16257024.0
x0310,abierto,B25,131.4042,0.210139,24.4982,152.1464,0.4619,29.4697,BIEN,18.7807,0.896081,5.8243,15.7851,0.210862,0.217997,0.3439,3.7394,1,1,66.676,16257024.0
x0310,abierto,B40,131.4042,0.210139,39.485,145.4026,1.1353,30.6059,BIEN,20.6257,0.916745,7.4575,10.653,0.209266,0.214298,0.4156,1.9791,1,1,67.787,16257024.0
x0369,abierto,B5,135.8283,0.133045,4.5945,46.3682,99.9981,16.1764,CRITICA,8.4767,0.502216,15.0098,65.8626,0.138724,nan,4.2685,nan,1,1,67.12,16257024.0
x0369,abierto,B10,135.8283,0.133045,9.4874,84.7606,45.4715,24.1231,BIEN,12.9639,0.80832,10.1497,37.5972,0.135671,0.179939,1.9736,35.2465,1,1,68.329,16257024.0
x0369,abierto,B15,135.8283,0.133045,14.4289,113.2727,13.4507,27.8422,BIEN,18.0946,0.903454,7.9102,16.606,0.137038,0.139361,3.0015,4.7472,1,1,66.569,16257024.0
x0369,abierto,B25,135.8283,0.133045,24.5011,152.2795,0.6637,29.4095,BIEN,19.3992,0.897334,5.8144,12.1118,0.12803,0.141645,3.7696,6.4642,1,1,66.825,16257024.0
x0369,abierto,B40,135.8283,0.133045,39.4806,145.4848,1.4788,30.5347,BIEN,21.1176,0.917299,7.4492,7.1094,0.126384,0.128018,5.0066,3.7786,1,1,69.168,16257024.0
x0382,abierto,B5,131.6936,0.159575,4.5868,46.2035,99.9418,16.1056,CRITICA,8.8698,0.518568,15.0392,64.916,0.164494,nan,3.0823,nan,1,1,67.686,16257024.0
x0382,abierto,B10,131.6936,0.159575,9.4715,84.6488,45.9858,24.0716,BIEN,13.6253,0.824381,10.1657,35.7229,0.163996,0.19693,2.77,23.4087,1,1,68.359,16257024.0
x0382,abierto,B15,131.6936,0.159575,14.4095,113.1617,13.9048,27.8466,BIEN,19.1798,0.912335,7.9231,14.072,0.162958,0.155947,2.1201,2.2739,1,1,68.213,16257024.0
x0382,abierto,B25,131.6936,0.159575,24.5021,152.2366,0.5511,29.4079,BIEN,18.8447,0.897499,5.8244,15.599,0.150771,0.157509,5.5171,1.2948,1,1,68.897,16257024.0
x0382,abierto,B40,131.6936,0.159575,39.4693,145.4288,1.4206,30.5457,BIEN,20.7151,0.918453,7.4591,10.4296,0.15359,0.160092,3.7505,0.324,1,1,68.639,16257024.0
x0385,abierto,B5,132.1164,0.158644,4.5876,46.263,99.9321,16.0546,CRITICA,8.8393,0.517366,15.0387,64.9832,0.165607,nan,4.3889,nan,1,1,67.854,16257024.0
x0385,abierto,B10,132.1164,0.158644,9.4713,84.6689,45.9625,24.0307,BIEN,13.5694,0.823382,10.1676,35.9134,0.168123,0.201384,5.9752,26.941,1,1,68.687,16257024.0
x0385,abierto,B15,132.1164,0.158644,14.4109,113.2081,13.3265,27.7292,BIEN,19.0913,0.911995,7.9242,14.3119,0.166649,0.163741,5.046,3.2126,1,1,68.391,16257024.0
x0385,abierto,B25,132.1164,0.158644,24.5021,152.3129,0.4561,29.2515,BIEN,18.8955,0.898,5.8219,15.2869,0.16006,0.168597,0.8927,6.2739,1,1,69.389,16257024.0
x0385,abierto,B40,132.1164,0.158644,39.4703,145.4837,1.2808,30.4022,BIEN,20.7667,0.918529,7.4566,10.1178,0.158964,0.166973,0.2018,5.2499,1,1,69.834,16257024.0
x0400,abierto,B5,132.9343,0.172476,4.6243,46.5179,99.9864,14.8483,CRITICA,8.8321,0.523239,15.0437,65.0068,0.182861,nan,6.0212,nan,1,1,67.594,16257024.0
x0400,abierto,B10,132.9343,0.172476,9.4768,85.1116,44.8408,22.169,BIEN,13.5857,0.825314,10.1545,35.9747,0.179297,0.264333,3.955,53.2581,1,1,66.414,16257024.0
x0400,abierto,B15,132.9343,0.172476,14.4044,113.8314,10.4795,25.6119,BIEN,19.2764,0.915758,7.8949,14.3702,0.182958,0.181178,6.0778,5.0458,1,1,66.447,16257024.0
x0400,abierto,B25,132.9343,0.172476,24.5051,153.128,0.1339,26.9601,BIEN,19.1584,0.905834,5.7793,15.1908,0.178798,0.186429,3.6656,8.09,1,1,66.823,16257024.0
x0400,abierto,B40,132.9343,0.172476,39.4753,146.2347,0.4075,28.0672,BIEN,21.1226,0.9251,7.4081,10.0053,0.181095,0.184892,4.9972,7.1987,1,1,68.738,16257024.0
x0437,abierto,B5,138.9058,0.169475,4.5687,46.4042,100.0,15.7816,CRITICA,8.2342,0.49276,15.0387,66.593,0.173457,nan,2.3494,nan,1,1,65.126,16257024.0
x0437,abierto,B10,138.9058,0.169475,9.5102,84.9057,45.7179,23.4307,BIEN,12.5605,0.79993,10.1681,38.8754,0.16801,0.183809,0.8646,8.4577,1,1,68.091,16257024.0
x0437,abierto,B15,138.9058,0.169475,14.3861,113.5451,11.9719,26.8469,BIEN,17.4824,0.899616,7.9128,18.2575,0.171116,0.174645,0.9681,3.0505,1,1,66.585,16257024.0
x0437,abierto,B25,138.9058,0.169475,24.4952,152.7469,0.1999,28.2195,BIEN,19.7598,0.902035,5.802,9.9643,0.176301,0.183136,4.0279,8.0604,1,1,68.437,16257024.0
x0437,abierto,B40,138.9058,0.169475,39.4743,145.931,0.7025,29.3335,BIEN,21.306,0.919826,7.4311,5.0575,0.17319,0.178914,2.1921,5.5693,1,1,67.968,16257024.0
x0499,abierto,B5,137.4165,0.184393,4.6001,46.499,100.0,15.5423,CRITICA,8.3669,0.49837,15.0169,66.162,0.18421,nan,0.0992,nan,1,1,67.141,16257024.0
x0499,abierto,B10,137.4165,0.184393,9.5043,85.0283,45.2716,23.0886,BIEN,12.7926,0.803502,10.1469,38.1237,0.187314,0.218699,1.5841,18.6049,1,1,67.654,16257024.0
x0499,abierto,B15,137.4165,0.184393,14.402,113.5801,11.446,26.5154,BIEN,17.8561,0.901685,7.9013,17.3461,0.183133,0.182245,0.6834,1.165,1,1,67.466,16257024.0
x0499,abierto,B25,137.4165,0.184393,24.5419,152.9561,0.1941,27.8655,BIEN,19.6278,0.900758,5.7842,11.3083,0.183934,0.19034,0.2489,3.225,1,1,67.785,16257024.0
x0499,abierto,B40,137.4165,0.184393,39.4764,145.9661,0.7103,29.063,BIEN,21.3536,0.919569,7.4211,6.2217,0.181007,0.186864,1.8363,1.3399,1,1,68.967,16257024.0
x0667,abierto,B5,135.4629,0.17225,4.6031,46.3404,99.9981,15.5487,CRITICA,8.5435,0.505946,15.0394,65.7911,0.172156,nan,0.0544,nan,1,1,68.168,16257024.0
x0667,abierto,B10,135.4629,0.17225,9.4917,84.9224,45.6306,23.0258,BIEN,13.0865,0.811231,10.1578,37.3095,0.181765,0.211742,5.5242,22.9274,1,1,68.91,16257024.0
x0667,abierto,B15,135.4629,0.17225,14.4075,113.4944,11.3295,26.694,BIEN,18.3786,0.906344,7.9079,16.2173,0.166835,0.17823,3.1432,3.4722,1,1,67.739,16257024.0
x0667,abierto,B25,135.4629,0.17225,24.5094,152.7344,0.2135,27.9801,BIEN,19.4372,0.900416,5.7978,12.75,0.172036,0.186049,0.1238,8.0111,1,1,67.786,16257024.0
x0667,abierto,B40,135.4629,0.17225,39.4724,145.886,0.6831,29.0804,BIEN,21.2287,0.919387,7.4293,7.6944,0.174176,0.174894,1.1182,1.5353,1,1,69.007,16257024.0
x0679,abierto,B5,135.9625,0.173583,4.6045,46.403,100.0,15.5055,CRITICA,8.4991,0.50517,15.0352,65.8707,0.181184,nan,4.3787,nan,1,1,66.491,16257024.0
x0679,abierto,B10,135.9625,0.173583,9.503,85.0031,45.4598,23.051,BIEN,13.0149,0.809786,10.1538,37.4805,0.176778,0.206284,1.8404,18.839,1,1,67.075,16257024.0
x0679,abierto,B15,135.9625,0.173583,14.4133,113.5807,11.0074,26.5285,BIEN,18.2253,0.904725,7.9059,16.4617,0.174475,0.172496,0.5136,0.6265,1,1,68.763,16257024.0
x0679,abierto,B25,135.9625,0.173583,24.505,152.7498,0.1882,27.9157,BIEN,19.4795,0.900759,5.7985,12.347,0.172656,0.177158,0.5342,2.0593,1,1,67.49,16257024.0
x0679,abierto,B40,135.9625,0.173583,39.4994,145.9554,0.6346,29.0384,BIEN,21.2258,0.919426,7.4279,7.3497,0.174519,0.178653,0.5392,2.9209,1,1,68.369,16257024.0
x0697,abierto,B5,126.3613,0.163707,4.6446,46.3672,98.2107,15.7394,CRITICA,9.4544,0.545866,15.0148,63.3059,0.150724,nan,7.9307,nan,1,1,68.414,16257024.0
x0697,abierto,B10,126.3613,0.163707,9.4481,84.7978,46.2691,23.3282,BIEN,14.6532,0.846968,10.1533,32.8926,0.156246,0.251666,4.5578,53.7299,1,1,68.753,16257024.0
x0697,abierto,B15,126.3613,0.163707,14.4311,113.39,11.4829,26.748,BIEN,20.9588,0.923687,7.9087,10.2652,0.157335,0.165361,3.8921,1.0106,1,1,67.213,16257024.0
x0697,abierto,B25,126.3613,0.163707,24.4999,152.5523,0.229,28.1749,BIEN,18.0323,0.898404,5.8066,20.7271,0.152201,0.152403,7.0287,6.9048,1,1,67.883,16257024.0
x0697,abierto,B40,126.3613,0.163707,39.4819,145.673,0.6909,29.4047,BIEN,19.9894,0.9205,7.4423,15.283,0.155048,0.156261,5.289,4.5484,1,1,69.103,16257024.0
x0716,abierto,B5,127.5169,0.157036,4.5946,46.0716,98.1447,16.953,CRITICA,9.2299,0.530069,15.0088,63.8702,0.15944,nan,1.5309,nan,1,1,66.701,16257024.0
x0716,abierto,B10,127.5169,0.157036,9.441,84.3128,47.742,25.205,BIEN,14.2221,0.834683,10.1636,33.8811,0.152145,0.18998,3.1144,20.9783,1,1,67.766,16257024.0
x0716,abierto,B15,127.5169,0.157036,14.4058,112.5889,15.042,29.0634,BIEN,20.0326,0.914888,7.9401,11.7066,0.152951,0.159305,2.6011,1.4447,1,1,68.26,16257024.0
x0716,abierto,B25,127.5169,0.157036,24.4842,151.5891,0.5085,30.6145,BIEN,18.1811,0.889433,5.8511,18.8777,0.151846,0.160344,3.3047,2.1062,1,1,68.113,16257024.0
x0716,abierto,B40,127.5169,0.157036,39.4806,144.8631,1.405,31.8129,BIEN,20.0344,0.91194,7.4902,13.6031,0.152345,0.159749,2.9872,1.7274,1,1,69.381,16257024.0
x0741,abierto,B5,123.2134,0.191021,4.5967,46.1223,94.3993,18.6066,CRITICA,9.6181,0.538759,14.9277,62.5671,0.198619,nan,3.9775,nan,1,1,67.389,16257024.0
x0741,abierto,B10,123.2134,0.191021,9.4354,83.8519,48.3922,27.4767,BIEN,14.8303,0.844485,10.159,31.9457,0.195993,0.193221,2.6028,1.1518,1,1,67.708,16257024.0
x0741,abierto,B15,123.2134,0.191021,14.4563,111.9,17.9879,31.7287,BIEN,20.7616,0.916145,7.9588,9.1819,0.195645,0.203158,2.421,6.3539,1,1,66.896,16257024.0
x0741,abierto,B25,123.2134,0.191021,24.498,150.3388,2.0513,33.7258,BIEN,17.5113,0.876757,5.9087,22.015,0.196134,0.200088,2.6766,4.7466,1,1,66.54,16257024.0
x0741,abierto,B40,123.2134,0.191021,39.4942,143.7061,3.5048,34.9005,BIEN,19.296,0.902649,7.5586,16.6319,0.199968,0.203268,4.6841,6.4115,1,1,67.804,16257024.0
x0748,abierto,B5,125.0346,0.18076,4.5913,46.1149,97.4209,16.9512,CRITICA,9.5233,0.54049,15.0198,63.1183,0.184016,nan,1.8011,nan,1,1,67.356,16257024.0
x0748,abierto,B10,125.0346,0.18076,9.4247,84.2666,47.0434,25.1127,BIEN,14.73,0.844873,10.1794,32.6054,0.181856,0.181205,0.6063,0.2462,1,1,67.999,16257024.0
x0748,abierto,B15,125.0346,0.18076,14.4332,112.6492,15.2827,28.9036,BIEN,20.9032,0.920277,7.9464,9.9055,0.186835,0.190689,3.3604,5.4928,1,1,67.954,16257024.0
x0748,abierto,B25,125.0346,0.18076,24.3945,151.2564,0.9451,30.7293,BIEN,17.9065,0.890317,5.8718,20.9717,0.179278,0.190578,0.8203,5.4311,1,1,67.541,16257024.0
x0748,abierto,B40,125.0346,0.18076,39.4722,144.8367,1.6185,31.7591,BIEN,19.6856,0.912217,7.4976,15.8373,0.176797,0.182134,2.1924,0.7597,1,1,69.208,16257024.0
x0774,abierto,B5,127.4073,0.167067,4.5759,46.1051,99.3615,17.2915,CRITICA,9.2368,0.526498,15.0031,63.8128,0.162743,nan,2.5878,nan,1,1,68.541,16257024.0
x0774,abierto,B10,127.4073,0.167067,9.4372,84.2091,47.1754,25.8436,BIEN,14.2107,0.833516,10.1733,33.9056,0.172905,0.175545,3.4944,5.0751,1,1,67.302,16257024.0
x0774,abierto,B15,127.4073,0.167067,14.4552,112.5765,15.6436,29.7703,BIEN,19.9739,0.913429,7.945,11.6404,0.172221,0.168743,3.0853,1.0032,1,1,66.984,16257024.0
x0774,abierto,B25,127.4073,0.167067,24.4729,151.2241,0.9956,31.5674,BIEN,18.1561,0.887428,5.8757,18.6935,0.172712,0.177013,3.3792,5.9535,1,1,68.542,16257024.0
x0774,abierto,B40,127.4073,0.167067,39.4892,144.5431,2.094,32.7489,BIEN,19.986,0.910524,7.5165,13.4497,0.173712,0.175567,3.9776,5.0883,1,1,70.02,16257024.0
x0802,abierto,B5,123.1937,0.183311,4.6306,46.2925,95.9421,17.0188,CRITICA,9.7218,0.551019,14.9639,62.423,0.180988,nan,1.2672,nan,1,1,65.706,16257024.0
x0802,abierto,B10,123.1937,0.183311,9.4394,84.4162,47.156,25.0382,BIEN,15.0737,0.851208,10.152,31.4769,0.177705,0.182879,3.058,0.2357,1,1,67.692,16257024.0
x0802,abierto,B15,123.1937,0.183311,14.4443,112.7455,14.4831,28.8093,BIEN,21.3747,0.921752,7.9297,8.4811,0.185965,0.18382,1.448,0.2777,1,1,68.664,16257024.0
x0802,abierto,B25,123.1937,0.183311,24.4982,151.5949,0.7898,30.4508,BIEN,17.4733,0.88647,5.8508,23.0542,0.187305,0.187109,2.179,2.072,1,1,66.654,16257024.0
x0802,abierto,B40,123.1937,0.183311,39.4899,144.8464,1.5952,31.6241,BIEN,19.3037,0.910392,7.492,17.5762,0.184776,0.182858,0.7993,0.247,1,1,68.792,16257024.0
x0839,abierto,B5,121.8532,0.184723,4.6212,46.2013,95.9809,17.3744,CRITICA,9.8482,0.554238,14.9579,62.0845,0.179532,nan,2.8105,nan,1,1,67.556,16257024.0
x0839,abierto,B10,121.8532,0.184723,9.4087,84.1989,47.7576,25.603,BIEN,15.2768,0.854187,10.162,30.9014,0.183073,0.193162,0.8934,4.5683,1,1,68.26,16257024.0
x0839,abierto,B15,121.8532,0.184723,14.4553,112.4962,15.8183,29.5385,BIEN,21.6235,0.921387,7.9433,7.6789,0.177451,0.184662,3.9371,0.0333,1,1,66.311,16257024.0
x0839,abierto,B25,121.8532,0.184723,24.4906,151.2033,1.0518,31.3062,BIEN,17.2754,0.881681,5.874,24.0865,0.178916,0.195543,3.1439,5.8573,1,1,68.175,16257024.0
x0839,abierto,B40,121.8532,0.184723,39.486,144.4669,2.0765,32.4579,BIEN,19.0782,0.906497,7.5186,18.5582,0.177341,0.180927,3.9966,2.0551,1,1,69.544,16257024.0
x0878,abierto,B5,127.2371,0.176712,4.599,46.1201,98.9753,16.6787,CRITICA,9.286,0.532863,15.0217,63.7526,0.18822,nan,6.5123,nan,1,1,67.151,16257024.0
x0878,abierto,B10,127.2371,0.176712,9.4402,84.3962,46.4457,24.8392,BIEN,14.3211,0.838342,10.1696,33.6701,0.185433,0.184795,4.9349,4.5738,1,1,67.016,16257024.0
x0878,abierto,B15,127.2371,0.176712,14.4231,112.8305,14.1707,28.6035,BIEN,20.211,0.918378,7.9369,11.3226,0.179793,0.176857,1.7432,0.0818,1,1,66.666,16257024.0
x0878,abierto,B25,127.2371,0.176712,24.4855,151.7388,0.5997,30.2458,BIEN,18.1329,0.89313,5.8502,19.2567,0.171084,0.183199,3.185,3.6709,1,1,66.744,16257024.0
x0878,abierto,B40,127.2371,0.176712,39.477,144.9899,1.5195,31.4242,BIEN,19.9948,0.915152,7.4877,13.9525,0.17628,0.177637,0.2446,0.523,1,1,68.659,16257024.0
x0995,abierto,B5,126.4858,0.170992,4.6198,46.2989,96.7339,17.0907,CRITICA,9.3623,0.535207,14.9773,63.396,0.178017,nan,4.1085,nan,1,1,66.328,16257024.0
x0995,abierto,B10,126.4858,0.170992,9.4413,84.376,46.9697,25.2729,BIEN,14.4321,0.839337,10.1589,33.2921,0.174052,0.178794,1.7896,4.5629,1,1,67.846,16257024.0
x0995,abierto,B15,126.4858,0.170992,14.4413,112.6736,15.3021,29.1241,BIEN,20.3628,0.917743,7.9359,10.92,0.17448,0.171303,2.04,0.182,1,1,66.965,16257024.0
x0995,abierto,B25,126.4858,0.170992,24.4936,151.5659,0.9102,30.6885,BIEN,18.0007,0.889577,5.8534,19.8284,0.172673,0.181865,0.9833,6.3589,1,1,67.682,16257024.0
x0995,abierto,B40,126.4858,0.170992,39.4847,144.8057,1.9154,31.9264,BIEN,19.867,0.912932,7.4948,14.4837,0.169815,0.175397,0.6884,2.5764,1,1,69.094,16257024.0
x1011,abierto,B5,124.6125,0.17534,4.6386,46.3571,96.3011,16.9233,CRITICA,9.5787,0.5457,14.9698,62.799,0.180389,nan,2.8797,nan,1,1,68.05,16257024.0
x1011,abierto,B10,124.6125,0.17534,9.4365,84.4057,46.5699,25.0388,BIEN,14.8179,0.84793,10.1559,32.2655,0.184777,0.185086,5.3823,5.5585,1,1,67.977,16257024.0
x1011,abierto,B15,124.6125,0.17534,14.4509,112.7872,14.8091,28.7907,BIEN,21.011,0.921643,7.9291,9.4896,0.17742,0.179014,1.1868,2.0955,1,1,67.9,16257024.0
x1011,abierto,B25,124.6125,0.17534,24.5105,151.7595,0.8422,30.3031,BIEN,17.6781,0.888862,5.8441,21.7851,0.173719,0.185249,0.9243,5.6515,1,1,66.687,16257024.0
x1011,abierto,B40,124.6125,0.17534,39.4915,144.8967,1.7835,31.6166,BIEN,19.5721,0.912849,7.4888,16.2778,0.175856,0.177096,0.2945,1.0015,1,1,69.054,16257024.0
x1149,abierto,B5,127.5279,0.185909,4.6175,46.2093,96.0488,16.9858,CRITICA,9.2577,0.530177,14.992,63.7654,0.196824,nan,5.8707,nan,1,1,67.91,16257024.0
x1149,abierto,B10,127.5279,0.185909,9.4422,84.3857,46.9173,25.0543,BIEN,14.2594,0.83512,10.1621,33.8296,0.194173,0.199132,4.4449,7.1122,1,1,69.231,16257024.0
x1149,abierto,B15,127.5279,0.185909,14.4182,112.6531,14.7548,28.8666,BIEN,20.1069,0.914123,7.9395,11.6639,0.197383,0.194236,6.1718,4.4787,1,1,67.534,16257024.0
x1149,abierto,B25,127.5279,0.185909,24.4748,151.6254,0.9024,30.5152,BIEN,18.1966,0.889304,5.8496,18.8959,0.197319,0.193873,6.1373,4.2837,1,1,66.683,16257024.0
x1149,abierto,B40,127.5279,0.185909,39.482,144.9192,1.8436,31.6306,BIEN,20.0523,0.911705,7.4874,13.6373,0.194161,0.195837,4.4385,5.3398,1,1,67.703,16257024.0
x1260,abierto,B5,120.8458,0.179469,4.626,46.1832,95.3502,17.6427,CRITICA,9.9497,0.559336,14.9536,61.7834,0.175029,nan,2.4743,nan,1,1,68.038,16257024.0
x1260,abierto,B10,120.8458,0.179469,9.4237,84.1594,47.4839,25.9749,BIEN,15.4649,0.859238,10.1581,30.358,0.180976,0.185663,0.8395,3.4509,1,1,67.982,16257024.0
x1260,abierto,B15,120.8458,0.179469,14.4439,112.3781,16.5557,29.9066,BIEN,21.8427,0.924303,7.945,7.007,0.17457,0.181569,2.7299,1.1699,1,1,68.007,16257024.0
x1260,abierto,B25,120.8458,0.179469,24.4824,151.0355,1.0945,31.6684,BIEN,17.1209,0.882379,5.8781,24.982,0.173329,0.185032,3.4214,3.0995,1,1,68.624,16257024.0
x1260,abierto,B40,120.8458,0.179469,39.497,144.3953,2.222,32.8717,BIEN,18.8688,0.906896,7.5188,19.4872,0.177496,0.179689,1.0998,0.1225,1,1,68.291,16257024.0
x1424,abierto,B5,127.2958,0.181274,4.6088,46.1759,96.9609,17.3831,CRITICA,9.2356,0.528677,14.9784,63.7255,0.184347,nan,1.6955,nan,1,1,66.641,16257024.0
x1424,abierto,B10,127.2958,0.181274,9.4422,84.2214,47.2433,25.8029,BIEN,14.2088,0.834336,10.1591,33.838,0.184454,0.190946,1.7542,5.3358,1,1,67.665,16257024.0
x1424,abierto,B15,127.2958,0.181274,14.4472,112.5781,16.0512,29.6971,BIEN,19.9624,0.914206,7.9333,11.5618,0.183254,0.185099,1.0923,2.1101,1,1,66.76,16257024.0
x1424,abierto,B25,127.2958,0.181274,24.4853,151.2527,1.0887,31.5125,BIEN,18.1452,0.887868,5.8641,18.8199,0.173301,0.185427,4.3981,2.291,1,1,67.753,16257024.0
x1424,abierto,B40,127.2958,0.181274,39.4697,144.5486,2.1619,32.6943,BIEN,19.9768,0.91086,7.5051,13.5534,0.183885,0.187147,1.4404,3.24,1,1,69.025,16257024.0
y0059,abierto,B5,86.6476,0.216825,4.4441,43.5793,85.3287,31.3058,CRITICA,13.3671,0.653718,14.2742,49.7051,0.211678,0.192753,2.3738,11.102,1,1,66.616,16257024.0
y0059,abierto,B10,86.6476,0.216825,9.5095,76.7778,52.5607,46.6888,CRITICA,21.0359,0.923621,10.091,11.3908,0.230966,0.188581,6.5219,13.0259,1,1,66.851,16257024.0
y0059,abierto,B15,86.6476,0.216825,14.5192,100.4788,35.6828,54.8116,BIEN,20.6761,0.883324,8.2545,15.9626,0.235663,0.198596,8.6884,8.4072,1,1,67.01,16257024.0
y0059,abierto,B25,86.6476,0.216825,24.5153,132.5459,22.8609,61.6706,BIEN,13.6515,0.724854,6.6323,52.9713,0.240072,0.201132,10.7215,7.2374,1,1,69.259,16257024.0
y0059,abierto,B40,86.6476,0.216825,39.5353,127.7792,24.6463,61.8841,BIEN,14.6304,0.762831,8.4365,47.47,0.246106,0.210526,13.5044,2.9051,1,1,69.513,16257024.0
y0134,abierto,B5,79.1287,0.221564,4.453,43.0635,84.3176,33.5043,CRITICA,14.5759,0.694642,14.1833,45.5778,0.214221,0.193395,3.314,12.7135,1,1,67.56,16257024.0
y0134,abierto,B10,79.1287,0.221564,9.5271,75.1306,55.4794,49.4026,CRITICA,22.7358,0.924018,10.1365,5.0526,0.223895,0.189299,1.0523,14.5622,1,1,67.661,16257024.0
y0134,abierto,B15,79.1287,0.221564,14.5114,97.8448,39.3565,57.933,BIEN,19.6398,0.853145,8.3797,23.6527,0.2306,0.189394,4.0786,14.5196,1,1,67.689,16257024.0
y0134,abierto,B25,79.1287,0.221564,24.5196,128.6214,25.4381,65.1625,BIEN,13.0493,0.679551,6.8486,62.5471,0.238464,0.197146,7.6277,11.0205,1,1,67.73,16257024.0
y0134,abierto,B40,79.1287,0.221564,39.5377,124.288,27.7552,65.06,BIEN,13.921,0.714753,8.7054,57.0708,0.237616,0.214213,7.2448,3.3176,1,1,68.862,16257024.0
y0171,abierto,B5,84.9213,0.21876,4.4405,43.6837,85.9108,30.9875,CRITICA,13.7453,0.670093,14.3064,48.5598,0.21673,0.194201,0.9278,11.2265,1,1,68.341,16257024.0
y0171,abierto,B10,84.9213,0.21876,9.5217,76.7857,52.8809,46.1112,CRITICA,21.6463,0.924064,10.1418,9.5802,0.229858,0.19187,5.0731,12.2921,1,1,68.986,16257024.0
y0171,abierto,B15,84.9213,0.21876,14.5168,100.581,35.252,54.0214,BIEN,20.4466,0.876048,8.3077,18.4402,0.235682,0.189131,7.7356,13.5439,1,1,68.696,16257024.0
y0171,abierto,B25,84.9213,0.21876,24.5193,132.6886,22.1254,60.6885,BIEN,13.47,0.714711,6.6899,56.2488,0.235949,0.19859,7.8577,9.2201,1,1,68.141,16257024.0
y0171,abierto,B40,84.9213,0.21876,39.5054,127.7943,24.2233,60.9561,BIEN,14.4373,0.753744,8.5011,50.4855,0.230439,0.21058,5.339,3.7392,1,1,69.58,16257024.0
y0189,abierto,B5,85.4379,0.216046,4.4072,43.3451,84.5485,31.6738,CRITICA,13.5661,0.655303,14.2872,49.2671,0.214764,0.195152,0.5934,9.6711,1,1,67.077,16257024.0
y0189,abierto,B10,85.4379,0.216046,9.5121,76.3753,53.4961,47.1524,CRITICA,21.3978,0.921836,10.1223,10.6072,0.233756,0.192545,8.1973,10.8778,1,1,67.709,16257024.0
y0189,abierto,B15,85.4379,0.216046,14.4965,99.9578,35.8187,55.2952,BIEN,20.6474,0.879697,8.3002,16.9946,0.22966,0.195478,6.3017,9.5202,1,1,68.22,16257024.0
y0189,abierto,B25,85.4379,0.216046,24.5168,131.7337,22.9114,62.2361,BIEN,13.6344,0.719511,6.7024,54.1864,0.243059,0.197598,12.5033,8.539,1,1,67.763,16257024.0
y0189,abierto,B40,85.4379,0.216046,39.5069,127.004,24.9762,62.4312,BIEN,14.6011,0.75776,8.517,48.6506,0.237568,0.207517,9.9619,3.9478,1,1,69.244,16257024.0
y0271,abierto,B5,84.7407,0.211853,4.437,43.6003,85.4703,31.1762,CRITICA,13.7505,0.672089,14.3046,48.5486,0.207744,0.19321,1.9395,8.8001,1,1,69.329,16257024.0
y0271,abierto,B10,84.7407,0.211853,9.5198,76.6268,52.9838,46.4249,CRITICA,21.6717,0.927328,10.1395,9.5751,0.22018,0.185515,3.9306,12.4325,1,1,67.474,16257024.0
y0271,abierto,B15,84.7407,0.211853,14.4997,100.3628,35.6071,54.4643,BIEN,20.4352,0.881672,8.3066,18.4351,0.224369,0.186362,5.9077,12.0327,1,1,66.306,16257024.0
y0271,abierto,B25,84.7407,0.211853,24.5161,132.413,22.4301,61.2558,BIEN,13.457,0.721878,6.6888,56.2566,0.230564,0.192415,8.8321,9.1752,1,1,67.77,16257024.0
y0271,abierto,B40,84.7407,0.211853,39.5024,127.5997,24.394,61.5044,BIEN,14.4112,0.759805,8.4988,50.5766,0.232308,0.198011,9.6553,6.534,1,1,69.087,16257024.0
y0367,abierto,B5,92.7045,0.225932,4.4316,43.69,82.2799,31.3751,CRITICA,12.4107,0.61825,14.3222,52.8717,0.214693,0.18914,4.9747,16.2848,1,1,67.605,16257024.0
y0367,abierto,B10,92.7045,0.225932,9.5205,76.9078,52.9217,46.8242,CRITICA,19.3491,0.91308,10.1144,17.0399,0.235296,0.18617,4.1445,17.5991,1,1,66.682,16257024.0
y0367,abierto,B15,92.7045,0.225932,14.4719,100.7682,36.2165,55.0756,BIEN,21.5305,0.900491,8.2644,8.6983,0.234218,0.191726,3.6671,15.1399,1,1,67.826,16257024.0
y0367,abierto,B25,92.7045,0.225932,24.5338,132.9292,22.6164,61.8317,BIEN,14.5985,0.758655,6.6434,43.3903,0.238031,0.194636,5.3552,13.8521,1,1,67.078,16257024.0
y0367,abierto,B40,92.7045,0.225932,39.5187,128.1188,24.8326,62.0797,BIEN,15.7059,0.796302,8.4402,38.2013,0.240699,0.202137,6.5357,10.5322,1,1,68.002,16257024.0
y0387,abierto,B5,92.6325,0.222544,4.4363,43.6613,82.8543,31.1141,CRITICA,12.4049,0.617464,14.3237,52.8661,0.206165,0.192991,7.3597,13.2793,1,1,67.395,16257024.0
y0387,abierto,B10,92.6325,0.222544,9.4817,77.0709,52.8149,46.3599,CRITICA,19.3515,0.913505,10.097,16.7993,0.224366,0.182169,0.8188,18.1422,1,1,67.908,16257024.0
y0387,abierto,B15,92.6325,0.222544,14.4707,101.1021,35.7915,54.4675,BIEN,21.3928,0.898459,8.2362,9.1432,0.232302,0.199559,4.3851,10.3283,1,1,67.488,16257024.0
y0387,abierto,B25,92.6325,0.222544,24.5157,133.5646,22.0342,60.9597,BIEN,14.4629,0.755195,6.5987,44.1876,0.233065,0.207035,4.7279,6.9689,1,1,68.233,16257024.0
y0387,abierto,B40,92.6325,0.222544,39.4926,128.6547,24.3028,61.2531,BIEN,15.5734,0.793753,8.393,38.8872,0.236021,0.203047,6.056,8.7608,1,1,68.808,16257024.0
y0408,abierto,B5,87.4822,0.211255,4.4503,43.7121,84.4088,31.1629,CRITICA,13.3174,0.649321,14.3234,50.0331,0.20907,0.189241,1.034,10.4206,1,1,68.166,16257024.0
y0408,abierto,B10,87.4822,0.211255,9.5012,76.9216,52.7586,46.48,CRITICA,21.0417,0.923789,10.1245,12.0717,0.221489,0.194444,4.8445,7.9575,1,1,66.447,16257024.0
y0408,abierto,B15,87.4822,0.211255,14.5098,100.8442,35.384,54.6048,BIEN,20.9553,0.887373,8.2731,15.274,0.221843,0.190037,5.0121,10.0439,1,1,67.263,16257024.0
y0408,abierto,B25,87.4822,0.211255,24.5896,133.2632,22.1778,61.3859,BIEN,13.7537,0.73111,6.6329,52.3319,0.236114,0.191165,11.7674,9.5096,1,1,66.415,16257024.0
y0408,abierto,B40,87.4822,0.211255,39.5105,128.1598,24.3649,61.7424,BIEN,14.7978,0.770935,8.4419,46.4983,0.230338,0.205,9.0333,2.9608,1,1,68.705,16257024.0
y0409,abierto,B5,86.7207,0.218419,4.4383,43.5872,85.2006,31.0257,CRITICA,13.4527,0.652385,14.3446,49.7384,0.210326,0.188741,3.7053,13.5876,1,1,67.48,16257024.0
y0409,abierto,B10,86.7207,0.218419,9.4939,76.8532,52.5316,46.2373,CRITICA,21.3093,0.925642,10.1386,11.3784,0.228528,0.189011,4.6283,13.4638,1,1,66.48,16257024.0
y0409,abierto,B15,86.7207,0.218419,14.4964,100.8598,35.2093,54.2717,BIEN,20.83,0.88594,8.2802,16.3041,0.23474,0.194906,7.4723,10.7651,1,1,67.083,16257024.0
y0409,abierto,B25,86.7207,0.218419,24.5382,133.2096,22.137,61.0401,BIEN,13.6596,0.728796,6.6398,53.6075,0.240093,0.192452,9.9234,11.8887,1,1,66.741,16257024.0
y0409,abierto,B40,86.7207,0.218419,39.4966,128.2656,24.0738,61.383,BIEN,14.6592,0.767814,8.4413,47.9065,0.239358,0.206703,9.5868,5.3638,1,1,68.29,16257024.0
y0439,abierto,B5,85.8989,0.234269,4.4377,43.5531,84.6417,31.1673,CRITICA,13.5889,0.658052,14.3382,49.2972,0.21028,0.190596,10.24,18.6425,1,1,67.831,16257024.0
y0439,abierto,B10,85.8989,0.234269,9.5091,76.8359,53.1798,46.2839,CRITICA,21.5319,0.925698,10.1393,10.5508,0.230437,0.183686,1.6356,21.5919,1,1,68.326,16257024.0
y0439,abierto,B15,85.8989,0.234269,14.5067,100.7312,36.1078,54.1841,BIEN,20.6993,0.88152,8.2926,17.2672,0.236535,0.18973,0.967,19.0122,1,1,68.24,16257024.0
y0439,abierto,B25,85.8989,0.234269,24.5256,133.0468,22.0167,60.7076,BIEN,13.5752,0.721494,6.6593,54.8877,0.233054,0.194153,0.5189,17.1239,1,1,68.783,16257024.0
y0439,abierto,B40,85.8989,0.234269,39.5021,128.1449,24.035,61.0497,BIEN,14.5575,0.760271,8.4638,49.181,0.231,0.203171,1.3955,13.2748,1,1,68.133,16257024.0
y0516,abierto,B5,90.8825,0.231382,4.4448,43.6938,83.5704,30.9894,CRITICA,12.6968,0.630894,14.3084,51.9227,0.212213,0.195182,8.2847,15.645,1,1,67.958,16257024.0
y0516,abierto,B10,90.8825,0.231382,9.4809,77.0211,52.582,46.2178,CRITICA,19.8857,0.917421,10.0946,15.2519,0.239256,0.194533,3.403,15.9259,1,1,67.823,16257024.0
y0516,abierto,B15,90.8825,0.231382,14.4802,100.9738,35.5586,54.268,BIEN,21.2802,0.896888,8.2407,11.1038,0.248051,0.193948,7.204,16.1786,1,1,67.049,16257024.0
y0516,abierto,B25,90.8825,0.231382,24.5316,133.5525,22.0478,60.6199,BIEN,14.2026,0.749299,6.5983,46.9508,0.246036,0.204828,6.333,11.4765,1,1,66.744,16257024.0
y0516,abierto,B40,90.8825,0.231382,39.5108,128.6365,23.9807,60.9649,BIEN,15.272,0.787342,8.3934,41.5416,0.242885,0.215015,4.9715,7.0737,1,1,68.087,16257024.0
y0581,abierto,B5,84.7463,0.2171,4.4246,43.3282,84.6514,32.0836,CRITICA,13.5757,0.664369,14.2645,48.873,0.211213,0.194947,2.7118,10.2041,1,1,66.284,16257024.0
y0581,abierto,B10,84.7463,0.2171,9.5112,76.0212,54.4587,47.8392,CRITICA,21.244,0.921134,10.1343,10.2955,0.233286,0.193989,7.4553,10.6453,1,1,67.733,16257024.0
y0581,abierto,B15,84.7463,0.2171,14.4912,99.3419,37.7302,55.9442,BIEN,20.4654,0.874634,8.338,17.2227,0.237507,0.196345,9.3996,9.5603,1,1,68.549,16257024.0
y0581,abierto,B25,84.7463,0.2171,24.5111,130.8608,23.742,62.7507,BIEN,13.6193,0.712234,6.7617,54.4149,0.236897,0.202537,9.1188,6.7081,1,1,67.722,16257024.0
y0581,abierto,B40,84.7463,0.2171,39.4942,126.1477,25.8728,63.0658,BIEN,14.5814,0.751072,8.5909,48.8534,0.230389,0.210034,6.1212,3.2549,1,1,69.977,16257024.0
y0682,abierto,B5,85.0723,0.221911,4.4093,43.1418,84.5427,31.7819,CRITICA,13.6124,0.653273,14.3351,49.2881,0.218428,0.190527,1.5697,14.1428,1,1,66.935,16257024.0
y0682,abierto,B10,85.0723,0.221911,9.4926,76.1665,53.8318,47.3275,CRITICA,21.4926,0.921799,10.1528,10.4685,0.224418,0.187072,1.1298,15.6998,1,1,65.982,16257024.0
y0682,abierto,B15,85.0723,0.221911,14.4743,99.825,37.3809,55.483,BIEN,20.6278,0.877862,8.3246,17.3414,0.236116,0.18944,6.4013,14.6325,1,1,68.062,16257024.0
y0682,abierto,B25,85.0723,0.221911,24.5141,131.7487,22.6261,62.2869,BIEN,13.5934,0.714701,6.7181,54.8667,0.23135,0.195974,4.2534,11.688,1,1,68.351,16257024.0
y0682,abierto,B40,85.0723,0.221911,39.4914,127.0186,25.081,62.5399,BIEN,14.5532,0.753139,8.5326,49.3066,0.227886,0.203085,2.6925,8.4839,1,1,69.869,16257024.0
y0762,abierto,B5,86.4049,0.219225,4.4243,43.5392,84.2729,31.1403,CRITICA,13.4582,0.657031,14.3279,49.6103,0.212098,0.187113,3.251,14.6483,1,1,67.833,16257024.0
y0762,abierto,B10,86.4049,0.219225,9.5053,76.7404,53.1332,46.3805,CRITICA,21.2719,0.92403,10.1323,11.1851,0.22402,0.184685,2.1869,15.7559,1,1,68.044,16257024.0
y0762,abierto,B15,86.4049,0.219225,14.4764,100.5128,36.5716,54.4703,BIEN,20.8253,0.884168,8.2916,16.3276,0.228008,0.188488,4.0063,14.021,1,1,66.705,16257024.0
y0762,abierto,B25,86.4049,0.219225,24.5209,132.6591,22.1739,61.0847,BIEN,13.6991,0.72499,6.6702,53.5319,0.229093,0.196501,4.5012,10.3659,1,1,67.549,16257024.0
y0762,abierto,B40,86.4049,0.219225,39.5023,127.8388,24.2155,61.4057,BIEN,14.6847,0.763157,8.4755,47.9532,0.231754,0.208249,5.7151,5.0068,1,1,69.302,16257024.0
y0778,abierto,B5,87.7349,0.207935,4.4201,43.4713,83.1376,31.6287,CRITICA,13.1584,0.646965,14.2995,50.4516,0.210523,0.186424,1.2448,10.3447,1,1,67.195,16257024.0
y0778,abierto,B10,87.7349,0.207935,9.4996,76.4801,53.9366,47.1236,CRITICA,20.7056,0.922643,10.119,12.8282,0.226375,0.187777,8.8685,9.6944,1,1,67.821,16257024.0
y0778,abierto,B15,87.7349,0.207935,14.488,100.159,36.952,55.2959,BIEN,21.0318,0.887576,8.2874,14.1608,0.22995,0.185662,10.5875,10.7113,1,1,67.929,16257024.0
y0778,abierto,B25,87.7349,0.207935,24.501,131.8798,22.696,62.291,BIEN,13.9649,0.734481,6.6864,50.3162,0.225247,0.19961,8.3261,4.0036,1,1,67.025,16257024.0
y0778,abierto,B40,87.7349,0.207935,39.5064,127.2866,24.8986,62.4125,BIEN,14.9592,0.771024,8.4928,45.0809,0.223933,0.203783,7.6939,1.9968,1,1,67.868,16257024.0
y0808,abierto,B5,86.4364,0.222029,4.428,43.4556,83.6228,31.4897,CRITICA,13.3966,0.656818,14.3037,49.7253,0.205801,0.19112,7.3092,13.9213,1,1,66.925,16257024.0
y0808,abierto,B10,86.4364,0.222029,9.5071,76.5292,53.6203,46.8691,CRITICA,21.1266,0.924724,10.1243,11.4619,0.224799,0.184441,1.2476,16.9295,1,1,66.432,16257024.0
y0808,abierto,B15,86.4364,0.222029,14.4916,100.2087,37.1946,54.981,BIEN,20.8235,0.884179,8.2933,15.9335,0.233293,0.185955,5.0729,16.2475,1,1,66.798,16257024.0
y0808,abierto,B25,86.4364,0.222029,24.5267,132.1778,22.4359,61.6303,BIEN,13.7473,0.726077,6.6849,52.9191,0.221602,0.197563,0.1927,11.0192,1,1,67.739,16257024.0
y0808,abierto,B40,86.4364,0.222029,39.5153,127.407,24.5144,61.977,BIEN,14.7324,0.764223,8.4955,47.3997,0.226253,0.205196,1.9023,7.5816,1,1,68.842,16257024.0
y0845,abierto,B5,87.4015,0.222515,4.4328,43.5273,84.5194,31.5217,CRITICA,13.2257,0.647229,14.2908,50.1984,0.208983,0.195608,6.0812,12.0923,1,1,67.105,16257024.0
y0845,abierto,B10,87.4015,0.222515,9.5013,76.5735,53.3156,46.7456,CRITICA,20.6974,0.92251,10.1291,12.3887,0.229852,0.193741,3.2974,12.931,1,1,68.112,16257024.0
y0845,abierto,B15,87.4015,0.222515,14.5,100.2823,35.9914,54.7565,BIEN,20.8198,0.884866,8.2982,14.7376,0.228465,0.187634,2.6742,15.6758,1,1,68.747,16257024.0
y0845,abierto,B25,87.4015,0.222515,24.5756,132.4737,22.6591,61.2848,BIEN,13.813,0.727096,6.6813,51.5692,0.225196,0.195486,1.205,12.1471,1,1,67.522,16257024.0
y0845,abierto,B40,87.4015,0.222515,39.5099,127.4491,24.6347,61.7125,BIEN,14.85,0.766998,8.5003,45.8204,0.225634,0.210208,1.4019,5.5309,1,1,69.658,16257024.0
y0902,abierto,B5,85.0592,0.220341,4.3955,43.2251,85.5984,31.1441,CRITICA,13.6498,0.657813,14.3488,49.1823,0.203431,0.195444,7.6741,11.299,1,1,67.99,16257024.0
y0902,abierto,B10,85.0592,0.220341,9.4884,76.4209,52.9333,46.5064,CRITICA,21.5908,0.927419,10.1479,10.1556,0.226684,0.185455,2.8792,15.8326,1,1,64.092,16257024.0
y0902,abierto,B15,85.0592,0.220341,14.4717,100.2,35.6459,54.6403,BIEN,20.5679,0.883787,8.3093,17.8004,0.23319,0.191679,5.8317,13.0079,1,1,66.493,16257024.0
y0902,abierto,B25,85.0592,0.220341,24.5033,132.2591,22.4281,61.5717,BIEN,13.5291,0.722803,6.6905,55.4907,0.22558,0.199736,2.3778,9.3512,1,1,68.125,16257024.0
y0902,abierto,B40,85.0592,0.220341,39.4861,127.4981,24.5066,61.7372,BIEN,14.4837,0.760322,8.4989,49.8935,0.237528,0.202874,7.8006,7.9272,1,1,69.21,16257024.0
y0984,abierto,B5,78.2057,0.220977,4.4607,43.1712,84.6455,32.911,CRITICA,14.9229,0.701071,14.238,44.7979,0.211133,0.190957,4.4548,13.5853,1,1,66.487,16257024.0
y0984,abierto,B10,78.2057,0.220977,9.5277,75.3444,54.612,48.8301,CRITICA,23.4472,0.923154,10.1664,3.6586,0.225342,0.190689,1.9752,13.7063,1,1,67.395,16257024.0
y0984,abierto,B15,78.2057,0.220977,14.5168,98.207,38.6404,57.4243,BIEN,19.5316,0.849777,8.3946,25.5753,0.22972,0.187693,3.9565,15.0625,1,1,67.632,16257024.0
y0984,abierto,B25,78.2057,0.220977,24.5182,128.92,24.8035,64.9032,BIEN,12.948,0.677073,6.8598,64.8474,0.231609,0.194064,4.8113,12.1791,1,1,67.204,16257024.0
y0984,abierto,B40,78.2057,0.220977,39.5272,124.6001,26.977,64.7886,BIEN,13.7915,0.711123,8.7055,59.3236,0.225449,0.204159,2.0239,7.6107,1,1,68.752,16257024.0
y0995,abierto,B5,78.064,0.217922,4.4531,43.1882,85.515,32.5324,CRITICA,14.9786,0.705829,14.2626,44.6759,0.207297,0.188129,4.8754,13.6712,1,1,68.632,16257024.0
y0995,abierto,B10,78.064,0.217922,9.5272,75.5252,54.0783,48.0993,CRITICA,23.3998,0.928011,10.1869,3.2523,0.225149,0.183739,3.3166,15.6855,1,1,67.909,16257024.0
y0995,abierto,B15,78.064,0.217922,14.4996,98.5094,38.0679,56.4469,BIEN,19.4024,0.85281,8.4082,26.1905,0.229069,0.192978,5.1153,11.4461,1,1,67.948,16257024.0
y0995,abierto,B25,78.064,0.217922,24.5231,129.6366,24.0602,63.5851,BIEN,12.8474,0.678285,6.8497,66.0645,0.226699,0.204666,4.0279,6.0829,1,1,67.749,16257024.0
y0995,abierto,B40,78.064,0.217922,39.5311,125.1645,26.3483,63.56,BIEN,13.6981,0.713217,8.6939,60.3356,0.226233,0.201487,3.814,7.5416,1,1,69.306,16257024.0
y1076,abierto,B5,84.8034,0.223972,4.4411,43.5968,84.9172,31.4362,CRITICA,13.7268,0.669045,14.3012,48.5908,0.21016,0.189943,6.1671,15.1935,1,1,67.539,16257024.0
y1076,abierto,B10,84.8034,0.223972,9.519,76.4489,53.3331,46.6995,CRITICA,21.5847,0.923171,10.1558,9.8516,0.22971,0.19247,2.5617,14.0653,1,1,67.89,16257024.0
y1076,abierto,B15,84.8034,0.223972,14.4924,100.0488,36.6958,54.799,BIEN,20.538,0.877047,8.333,17.9773,0.232849,0.191188,3.9634,14.6376,1,1,66.644,16257024.0
y1076,abierto,B25,84.8034,0.223972,24.5052,131.857,22.3059,61.6531,BIEN,13.5645,0.715014,6.7329,55.4855,0.230616,0.196607,2.9663,12.2182,1,1,67.43,16257024.0
y1076,abierto,B40,84.8034,0.223972,39.4944,127.059,24.6463,61.9282,BIEN,14.5272,0.75372,8.5504,49.8278,0.233384,0.208433,4.2021,6.9382,1,1,69.054,16257024.0
y1175,abierto,B5,79.8954,0.220209,4.4701,43.4751,85.2763,32.4707,CRITICA,14.6258,0.697972,14.2456,45.585,0.205686,0.191468,6.5953,13.0518,1,1,68.76,16257024.0
y1175,abierto,B10,79.8954,0.220209,9.5732,75.9981,53.5698,48.1872,CRITICA,22.933,0.926675,10.1492,4.878,0.231937,0.193044,5.3255,12.3362,1,1,67.01,16257024.0
y1175,abierto,B15,79.8954,0.220209,14.5236,98.8027,37.2295,56.7229,BIEN,19.7306,0.861233,8.3796,23.6651,0.241166,0.189816,9.5167,13.8022,1,1,65.85,16257024.0
y1175,abierto,B25,79.8954,0.220209,24.5261,129.8519,24.4697,64.2973,BIEN,13.0581,0.692202,6.8179,62.5274,0.235017,0.199032,6.7242,9.6167,1,1,66.155,16257024.0
y1175,abierto,B40,79.8954,0.220209,39.6973,125.8549,26.1154,64.0196,BIEN,13.8568,0.723222,8.6349,57.5246,0.234211,0.202304,6.3585,8.131,1,1,67.969,16257024.0
y1181,abierto,B5,81.804,0.215571,4.4332,43.1256,84.2147,32.5821,CRITICA,14.1532,0.673993,14.267,47.2818,0.215792,0.19413,0.1024,9.9462,1,1,67.475,16257024.0
y1181,abierto,B10,81.804,0.215571,9.5236,75.5193,54.5013,48.5711,CRITICA,22.2731,0.91748,10.163,7.6826,0.233592,0.191594,8.3598,11.1226,1,1,67.972,16257024.0
y1181,abierto,B15,81.804,0.215571,14.5239,98.5956,38.1048,56.8602,BIEN,20.1931,0.863977,8.3853,20.5267,0.249474,0.196549,15.727,8.824,1,1,67.887,16257024.0
y1181,abierto,B25,81.804,0.215571,24.5122,129.5817,24.4096,64.2035,BIEN,13.382,0.694918,6.8347,58.4051,0.245723,0.203662,13.9871,5.5242,1,1,66.983,16257024.0
y1181,abierto,B40,81.804,0.215571,39.4887,124.9291,26.5714,64.4883,BIEN,14.2978,0.734998,8.677,52.7177,0.238573,0.210024,10.6703,2.5733,1,1,68.94,16257024.0
y1207,abierto,B5,79.7214,0.221448,4.4755,43.426,85.9419,31.9362,CRITICA,14.6716,0.697433,14.2696,45.5279,0.217045,0.189728,1.9879,14.324,1,1,67.617,16257024.0
y1207,abierto,B10,79.7214,0.221448,9.5601,75.9797,53.5795,47.3427,CRITICA,23.0149,0.924412,10.1695,4.6935,0.237606,0.191249,7.2967,13.6367,1,1,67.829,16257024.0
y1207,abierto,B15,79.7214,0.221448,14.5142,98.9332,36.82,55.7334,BIEN,19.7247,0.856489,8.3908,24.0987,0.243914,0.196661,10.1453,11.1928,1,1,67.936,16257024.0
y1207,abierto,B25,79.7214,0.221448,24.5092,130.1167,23.8041,63.0718,BIEN,13.0373,0.684728,6.8238,63.2143,0.241633,0.198224,9.115,10.4871,1,1,68.814,16257024.0
y1207,abierto,B40,79.7214,0.221448,39.6034,125.9827,25.3857,62.7949,BIEN,13.8509,0.717218,8.6417,58.0287,0.245357,0.202391,10.797,8.6055,1,1,68.892,16257024.0
y1318,abierto,B5,81.3633,0.220553,4.468,43.2248,83.1784,32.847,CRITICA,14.2673,0.682295,14.2375,46.8743,0.203988,0.185415,7.5104,15.9318,1,1,67.523,16257024.0
y1318,abierto,B10,81.3633,0.220553,9.5484,75.3104,54.3985,49.1423,CRITICA,22.5303,0.918494,10.1589,7.4393,0.229948,0.18795,4.2599,14.7821,1,1,67.617,16257024.0
y1318,abierto,B15,81.3633,0.220553,14.5227,98.1839,38.2231,57.7174,BIEN,20.2699,0.86488,8.3908,20.6734,0.24064,0.18165,9.1076,17.6388,1,1,67.552,16257024.0
y1318,abierto,B25,81.3633,0.220553,24.5163,128.6174,25.3314,65.5599,BIEN,13.447,0.699315,6.8668,58.078,0.238365,0.198595,8.0762,9.9559,1,1,67.548,16257024.0
y1318,abierto,B40,81.3633,0.220553,39.5043,124.1544,27.5437,65.7562,BIEN,14.3341,0.737991,8.7086,52.5927,0.233604,0.195436,5.9177,11.3883,1,1,68.544,16257024.0
y1342,abierto,B5,83.5402,0.223782,4.4405,43.5112,85.8196,31.2187,CRITICA,14.0175,0.677237,14.3438,47.9158,0.201339,0.184813,10.0291,17.414,1,1,67.898,16257024.0
y1342,abierto,B10,83.5402,0.223782,9.5173,76.3571,52.485,46.8305,CRITICA,22.2344,0.92662,10.1792,8.5984,0.224337,0.182007,0.2481,18.6676,1,1,67.896,16257024.0
y1342,abierto,B15,83.5402,0.223782,14.518,99.9316,35.512,55.1177,BIEN,20.4205,0.878326,8.3538,19.621,0.228734,0.189618,2.213,15.2665,1,1,67.207,16257024.0
y1342,abierto,B25,83.5402,0.223782,24.517,131.5026,23.0511,62.6056,BIEN,13.4388,0.717044,6.7556,57.4123,0.229101,0.196616,2.3771,12.1394,1,1,68.214,16257024.0
y1342,abierto,B40,83.5402,0.223782,39.5032,126.8597,24.9782,62.6499,BIEN,14.365,0.754486,8.5678,51.8547,0.224855,0.198643,0.4793,11.2337,1,1,69.388,16257024.0
y1389,abierto,B5,86.9836,0.224348,4.4213,43.5349,84.8978,31.451,CRITICA,13.28,0.656396,14.2717,49.9504,0.204682,0.189641,8.7659,15.47,1,1,67.237,16257024.0
y1389,abierto,B10,86.9836,0.224348,9.4982,76.5878,53.6048,46.5423,CRITICA,20.7796,0.92517,10.1143,11.9515,0.235253,0.187856,4.8609,16.2658,1,1,66.674,16257024.0
y1389,abierto,B15,86.9836,0.224348,14.4962,100.4065,36.8957,54.3985,BIEN,20.6891,0.88561,8.2797,15.4314,0.235502,0.194146,4.9718,13.4621,1,1,67.094,16257024.0
y1389,abierto,B25,86.9836,0.224348,24.4922,132.4747,22.0012,60.7648,BIEN,13.7543,0.729444,6.6731,52.2985,0.242178,0.198784,7.9478,11.3946,1,1,67.46,16257024.0
y1389,abierto,B40,86.9836,0.224348,39.5055,127.5785,24.4251,61.1773,BIEN,14.7556,0.768028,8.4859,46.6696,0.241803,0.207862,7.7805,7.3481,1,1,68.842,16257024.0
y1421,abierto,B5,85.8297,0.222828,4.4153,43.4903,85.9749,31.1019,CRITICA,13.52,0.66272,14.312,49.3296,0.208046,0.187357,6.6337,15.9186,1,1,65.631,16257024.0
y1421,abierto,B10,85.8297,0.222828,9.4982,76.7126,53.7193,46.0386,CRITICA,21.2228,0.927145,10.1358,10.6224,0.225717,0.18952,1.2965,14.948,1,1,66.985,16257024.0
y1421,abierto,B15,85.8297,0.222828,14.4794,100.5994,36.3931,53.8238,BIEN,20.5102,0.882528,8.2946,17.2081,0.227748,0.192711,2.208,13.5158,1,1,67.088,16257024.0
y1421,abierto,B25,85.8297,0.222828,24.5008,132.8878,21.8712,60.0995,BIEN,13.5471,0.722606,6.6717,54.8272,0.222429,0.202285,0.1791,9.2195,1,1,67.527,16257024.0
y1421,abierto,B40,85.8297,0.222828,39.4967,127.9554,24.0525,60.4674,BIEN,14.5296,0.761136,8.482,49.0805,0.22599,0.209883,1.4188,5.8095,1,1,68.141,16257024.0
y1511,abierto,B5,88.4603,0.23198,4.4188,43.5544,84.7697,31.1654,CRITICA,13.1016,0.636036,14.3397,50.7639,0.220274,0.196343,5.0465,15.3622,1,1,65.903,16257024.0
y1511,abierto,B10,88.4603,0.23198,9.5106,76.6451,52.3899,46.4858,CRITICA,20.5355,0.918947,10.1585,13.3565,0.228898,0.196447,1.3285,15.3176,1,1,66.854,16257024.0
y1511,abierto,B15,88.4603,0.23198,14.4942,100.3552,35.4985,54.7289,BIEN,21.1249,0.8887,8.3222,13.4465,0.232497,0.190368,0.2229,17.938,1,1,67.436,16257024.0
y1511,abierto,B25,88.4603,0.23198,24.5253,132.1258,23.1307,61.9316,BIEN,14.0568,0.734135,6.7139,49.3616,0.237214,0.203345,2.2559,12.3437,1,1,67.556,16257024.0
y1511,abierto,B40,88.4603,0.23198,39.498,127.3708,24.885,62.0493,BIEN,15.0829,0.772227,8.522,43.9864,0.23407,0.210078,0.9008,9.4417,1,1,67.782,16257024.0
za0001,abierto,B5,93.56,0.183563,4.5432,44.0427,82.7961,31.5563,CRITICA,12.3205,0.61312,14.1901,52.9258,0.181844,0.190203,0.9363,3.6175,1,1,68.288,16257024.0
za0001,abierto,B10,93.56,0.183563,9.4945,77.5862,47.8798,48.704,CRITICA,19.6437,0.897888,9.9171,17.0733,0.173406,0.189403,5.5332,3.1815,1,1,68.207,16257024.0
za0001,abierto,B15,93.56,0.183563,14.5246,101.3986,34.1905,58.7553,BIEN,22.3291,0.894103,8.0449,8.3782,0.174056,0.184678,5.1792,0.6074,1,1,68.296,16257024.0
za0001,abierto,B25,93.56,0.183563,24.5401,133.0256,25.1295,68.5582,BIEN,14.799,0.773782,6.4334,42.1822,0.176441,0.194447,3.8799,5.9295,1,1,68.903,16257024.0
za0001,abierto,B40,93.56,0.183563,39.5279,128.3514,26.6394,68.2799,BIEN,15.8763,0.810304,8.2022,37.1863,0.182235,0.188523,0.7232,2.7021,1,1,67.556,16257024.0
za0058,abierto,B5,91.5926,0.1701,4.5406,44.1449,83.4559,31.185,CRITICA,12.731,0.630958,14.2246,51.803,0.189453,0.191317,11.3778,12.4734,1,1,67.79,16257024.0
za0058,abierto,B10,91.5926,0.1701,9.4861,77.7579,47.6567,48.2139,CRITICA,20.5253,0.901734,9.9357,15.1046,0.176717,0.197302,3.8905,15.992,1,1,67.326,16257024.0
za0058,abierto,B15,91.5926,0.1701,14.5059,101.6847,33.8256,58.186,BIEN,22.215,0.893082,8.0514,11.0186,0.174826,0.189136,2.7788,11.191,1,1,67.707,16257024.0
za0058,abierto,B25,91.5926,0.1701,24.5555,133.7533,24.625,67.6789,BIEN,14.3927,0.770059,6.4147,46.0307,0.177932,0.192852,4.6045,13.3759,1,1,67.451,16257024.0
za0058,abierto,B40,91.5926,0.1701,39.5211,128.8943,26.0087,67.511,BIEN,15.4475,0.806867,8.1818,40.7258,0.179942,0.182978,5.7861,7.5711,1,1,68.997,16257024.0
za0074,abierto,B5,89.6818,0.185696,4.5603,44.1327,82.637,31.8743,CRITICA,12.9612,0.645578,14.1675,50.7897,0.184502,0.193765,0.6427,4.3455,1,1,67.417,16257024.0
za0074,abierto,B10,89.6818,0.185696,9.523,77.4591,47.9225,49.2879,CRITICA,20.9153,0.905884,9.9178,13.629,0.181464,0.190582,2.2791,2.6313,1,1,67.339,16257024.0
za0074,abierto,B15,89.6818,0.185696,14.5502,101.1419,34.9279,59.3998,BIEN,21.8579,0.886827,8.0574,12.7785,0.184012,0.192807,0.9067,3.8294,1,1,67.803,16257024.0
za0074,abierto,B25,89.6818,0.185696,24.538,132.2173,26.3638,69.5754,BIEN,14.2729,0.761484,6.4703,47.4293,0.178035,0.194619,4.1257,4.8053,1,1,67.914,16257024.0
za0074,abierto,B40,89.6818,0.185696,39.5393,127.6644,27.6466,69.2331,BIEN,15.2673,0.797533,8.2465,42.3526,0.183873,0.188221,0.9814,1.3599,1,1,68.088,16257024.0
za0108,abierto,B5,93.3356,0.184437,4.5433,44.0435,83.3977,31.2894,CRITICA,12.3924,0.612184,14.2253,52.8117,0.179653,0.187487,2.5939,1.6539,1,1,67.951,16257024.0
za0108,abierto,B10,93.3356,0.184437,9.4864,77.6187,47.5014,48.3957,CRITICA,19.8023,0.894875,9.938,16.8392,0.1864,0.181784,1.0645,1.4383,1,1,68.065,16257024.0
za0108,abierto,B15,93.3356,0.184437,14.5124,101.5359,33.6859,58.5155,BIEN,22.3554,0.891301,8.0517,8.7858,0.180732,0.190233,2.009,3.1427,1,1,67.675,16257024.0
za0108,abierto,B25,93.3356,0.184437,24.5256,133.2449,24.7123,68.4001,BIEN,14.7277,0.771372,6.4283,42.7589,0.180953,0.186621,1.889,1.1843,1,1,67.93,16257024.0
za0108,abierto,B40,93.3356,0.184437,39.4753,128.4936,26.1154,68.0549,BIEN,15.817,0.808669,8.1957,37.6683,0.180983,0.183489,1.8725,0.5141,1,1,69.593,16257024.0
za0114,abierto,B5,86.4767,0.175032,4.5483,43.6133,81.1951,33.6556,CRITICA,13.3142,0.645179,14.0672,49.5664,0.15703,0.177658,10.2852,1.5004,1,1,67.564,16257024.0
za0114,abierto,B10,86.4767,0.175032,9.529,76.2114,49.2344,51.7017,CRITICA,21.4546,0.907101,9.9079,11.8707,0.167486,0.17616,4.3114,0.6443,1,1,66.729,16257024.0
za0114,abierto,B15,86.4767,0.175032,14.5284,99.0972,37.2839,62.2857,BIEN,21.448,0.879113,8.1062,14.5941,0.162904,0.174363,6.9292,0.3824,1,1,66.916,16257024.0
za0114,abierto,B25,86.4767,0.175032,24.5274,129.3341,29.1952,72.652,BIEN,14.0999,0.743306,6.5862,49.5594,0.163635,0.168962,6.5117,3.4677,1,1,68.094,16257024.0
za0114,abierto,B40,86.4767,0.175032,39.5354,125.1311,30.4159,72.2128,BIEN,15.0195,0.780022,8.3893,44.6992,0.152263,0.160054,13.0086,8.5574,1,1,67.066,16257024.0
za0164,abierto,B5,88.815,0.174003,4.5504,43.5951,81.0146,33.7106,CRITICA,12.867,0.62961,14.0742,50.9147,0.177971,0.18909,2.28,8.6701,1,1,67.885,16257024.0
za0164,abierto,B10,88.815,0.174003,9.5276,76.2419,49.0695,51.7879,CRITICA,20.5297,0.900471,9.9097,14.1565,0.1716,0.189166,1.3813,8.7141,1,1,69.162,16257024.0
za0164,abierto,B15,88.815,0.174003,14.5401,99.1943,37.5167,62.2938,BIEN,21.7636,0.879479,8.1069,11.6865,0.180978,0.186004,4.0082,6.8967,1,1,66.912,16257024.0
za0164,abierto,B25,88.815,0.174003,24.5357,129.3451,29.4902,72.7324,BIEN,14.4683,0.748169,6.588,45.6343,0.180205,0.182732,3.5643,5.0165,1,1,67.828,16257024.0
za0164,abierto,B40,88.815,0.174003,39.5383,125.0847,30.7846,72.3667,BIEN,15.4443,0.785644,8.3933,40.8374,0.17482,0.171751,0.4691,1.2945,1,1,69.726,16257024.0
za0166,abierto,B5,88.7219,0.176085,4.5584,43.6655,80.9971,33.6367,CRITICA,12.893,0.63161,14.0682,50.7839,0.172636,0.176911,1.9585,0.4689,1,1,67.588,16257024.0
za0166,abierto,B10,88.7219,0.176085,9.5268,76.2708,48.8288,51.7231,CRITICA,20.585,0.900856,9.9056,14.0339,0.180782,0.179538,2.6677,1.961,1,1,51.939,16257024.0
za0166,abierto,B15,88.7219,0.176085,14.5363,99.2017,37.2916,62.3118,BIEN,21.7614,0.879738,8.1012,11.812,0.174388,0.179871,0.9639,2.1502,1,1,51.926,16257024.0
za0166,abierto,B25,88.7219,0.176085,24.5331,129.3344,29.3039,72.8531,BIEN,14.4501,0.749585,6.5815,45.7751,0.172158,0.170228,2.2302,3.3264,1,1,68.014,16257024.0
za0166,abierto,B40,88.7219,0.176085,39.5353,125.0781,30.5925,72.4702,BIEN,15.4212,0.786541,8.3852,40.9777,0.174062,0.17261,1.1488,1.9735,1,1,70.013,16257024.0
za0205,abierto,B5,97.2995,0.18254,4.5423,44.1726,83.4404,30.9256,CRITICA,11.7949,0.589291,14.2423,54.6014,0.182422,0.190215,0.0649,4.2045,1,1,68.168,16257024.0
za0205,abierto,B10,97.2995,0.18254,9.4821,77.9703,47.2142,47.8331,CRITICA,18.609,0.884378,9.933,19.8657,0.17374,0.185351,4.821,1.54,1,1,67.387,16257024.0
za0205,abierto,B15,97.2995,0.18254,14.5225,102.0951,33.0998,57.6966,BIEN,22.3552,0.892218,8.0357,4.9287,0.167972,0.189356,7.9811,3.7336,1,1,67.692,16257024.0
za0205,abierto,B25,97.2995,0.18254,24.519,133.9401,24.2388,67.571,BIEN,15.2683,0.782048,6.3992,37.6575,0.177811,0.178197,2.5906,2.3794,1,1,68.08,16257024.0
za0205,abierto,B40,97.2995,0.18254,39.5273,129.2617,25.5565,67.1777,BIEN,16.414,0.818169,8.1554,32.8493,0.170558,0.181337,6.564,0.6594,1,1,69.429,16257024.0
za0244,abierto,B5,95.3272,0.181644,4.534,43.948,82.7418,31.4341,CRITICA,12.0565,0.599633,14.2296,53.8977,0.184936,0.196871,1.8122,8.3829,1,1,66.39,16257024.0
za0244,abierto,B10,95.3272,0.181644,9.4842,77.6325,48.365,48.3301,CRITICA,19.0682,0.892436,9.9459,18.5621,0.18249,0.194963,0.4659,7.3324,1,1,68.087,16257024.0
za0244,abierto,B15,95.3272,0.181644,14.5041,101.5608,34.0682,58.1387,BIEN,22.2999,0.894587,8.0677,6.5392,0.174798,0.190551,3.769,4.9036,1,1,65.316,16257024.0
za0244,abierto,B25,95.3272,0.181644,24.5206,133.4069,25.0636,67.5292,BIEN,15.0269,0.777499,6.4444,39.9463,0.185501,0.192546,2.1231,6.0019,1,1,67.577,16257024.0
za0244,abierto,B40,95.3272,0.181644,39.5364,128.8027,26.5482,67.1712,BIEN,16.1295,0.813569,8.2085,35.1164,0.177972,0.189139,2.0215,4.126,1,1,69.706,16257024.0
za0274,abierto,B5,88.1717,0.17149,4.5582,43.8074,82.1246,33.1399,CRITICA,13.0636,0.645051,14.096,50.3159,0.169302,0.183116,1.276,6.7791,1,1,67.174,16257024.0
za0274,abierto,B10,88.1717,0.17149,9.5444,76.5425,47.744,51.2452,CRITICA,20.9975,0.90641,9.9057,13.1894,0.168993,0.170551,1.4562,0.5474,1,1,67.191,16257024.0
za0274,abierto,B15,88.1717,0.17149,14.5404,99.5311,36.4474,61.9722,BIEN,21.7002,0.88542,8.0885,12.8833,0.16257,0.170081,5.2015,0.8217,1,1,67.455,16257024.0
za0274,abierto,B25,88.1717,0.17149,24.5355,129.6993,28.0308,72.9413,BIEN,14.2845,0.757946,6.551,47.0984,0.161224,0.168962,5.9865,1.4744,1,1,66.783,16257024.0
za0274,abierto,B40,88.1717,0.17149,39.5325,125.4465,29.3019,72.4152,BIEN,15.2377,0.793483,8.3457,42.2752,0.164064,0.171657,4.3304,0.0972,1,1,68.942,16257024.0
za0325,abierto,B5,92.1123,0.168959,4.5475,43.9043,82.6874,32.1407,CRITICA,12.4831,0.616406,14.1694,52.3361,0.171356,0.180087,1.4185,6.5861,1,1,66.413,16257024.0
za0325,abierto,B10,92.1123,0.168959,9.5108,77.1012,47.3908,49.7155,CRITICA,19.8864,0.894353,9.9264,16.2965,0.171495,0.177113,1.5006,4.826,1,1,66.878,16257024.0
za0325,abierto,B15,92.1123,0.168959,14.5262,100.6197,35.0308,60.0741,BIEN,22.1206,0.88785,8.0723,9.2359,0.167144,0.177174,1.0744,4.8619,1,1,67.792,16257024.0
za0325,abierto,B25,92.1123,0.168959,24.5226,131.6696,26.6258,70.2816,BIEN,14.6995,0.766976,6.49,42.9447,0.158819,0.175561,6.0015,3.9071,1,1,67.725,16257024.0
za0325,abierto,B40,92.1123,0.168959,39.5238,127.2154,27.9745,69.8281,BIEN,15.7372,0.803468,8.2681,38.1091,0.166411,0.165842,1.5081,1.8447,1,1,68.697,16257024.0
za0388,abierto,B5,95.2987,0.18743,4.5413,43.791,82.2508,32.0471,CRITICA,11.9175,0.59168,14.1561,54.0487,0.187163,0.194124,0.1424,3.5719,1,1,67.476,16257024.0
za0388,abierto,B10,95.2987,0.18743,9.504,77.2023,48.7822,49.2221,CRITICA,18.7559,0.885016,9.91,18.9892,0.179087,0.193965,4.451,3.4866,1,1,67.743,16257024.0
za0388,abierto,B15,95.2987,0.18743,14.5234,100.8898,35.5179,59.1946,BIEN,22.1322,0.886325,8.0553,5.8669,0.183865,0.193499,1.9019,3.2382,1,1,66.876,16257024.0
za0388,abierto,B25,95.2987,0.18743,24.5329,132.3301,26.2163,68.788,BIEN,15.1504,0.768529,6.4662,38.8582,0.183396,0.198846,2.1518,6.0911,1,1,67.589,16257024.0
za0388,abierto,B40,95.2987,0.18743,39.5383,127.8124,27.7514,68.4403,BIEN,16.2588,0.805662,8.2444,34.1176,0.182051,0.189543,2.8696,1.1278,1,1,69.024,16257024.0
za0533,abierto,B5,92.6747,0.172255,4.5623,43.7052,81.0243,33.3211,CRITICA,12.2035,0.608352,14.0581,52.8402,0.16956,0.17761,1.5646,3.1088,1,1,66.35,16257024.0
za0533,abierto,B10,92.6747,0.172255,9.5013,76.5084,48.757,51.2877,CRITICA,19.2839,0.886932,9.8727,17.4441,0.165052,0.185921,4.1813,7.9336,1,1,66.755,16257024.0
za0533,abierto,B15,92.6747,0.172255,14.5376,99.6988,37.2586,61.7048,BIEN,22.0824,0.8826,8.0556,7.5793,0.176529,0.17674,2.4812,2.6038,1,1,67.581,16257024.0
za0533,abierto,B25,92.6747,0.172255,24.5375,130.2914,29.0671,71.8046,BIEN,15.0002,0.759674,6.524,40.59,0.170772,0.166331,0.8606,3.4387,1,1,67.688,16257024.0
za0533,abierto,B40,92.6747,0.172255,39.5387,125.9417,30.3751,71.498,BIEN,16.0536,0.797239,8.3207,35.8965,0.168937,0.172454,1.9259,0.1157,1,1,68.6,16257024.0
za0595,abierto,B5,100.8139,0.179474,4.5572,44.1897,84.0556,30.9785,CRITICA,11.2368,0.571533,14.2045,56.167,0.173388,0.185196,3.3909,3.1883,1,1,67.231,16257024.0
za0595,abierto,B10,100.8139,0.179474,9.4772,78.0208,46.5233,48.0692,CRITICA,17.5846,0.869041,9.8884,22.6091,0.179752,0.187896,0.1553,4.6931,1,1,66.876,16257024.0
za0595,abierto,B15,100.8139,0.179474,14.5169,102.1024,33.9906,58.0137,BIEN,22.2139,0.893476,7.9969,1.2781,0.171214,0.193709,4.6024,7.9316,1,1,66.947,16257024.0
za0595,abierto,B25,100.8139,0.179474,24.5087,133.8396,24.9141,68.1337,BIEN,15.9166,0.793079,6.3696,32.7591,0.176377,0.172231,1.7256,4.0356,1,1,67.274,16257024.0
za0595,abierto,B40,100.8139,0.179474,39.5319,129.3484,26.1523,67.4768,BIEN,17.1175,0.828386,8.1209,28.3042,0.170039,0.171229,5.2569,4.5938,1,1,69.873,16257024.0
za0620,abierto,B5,98.6251,0.169515,4.5497,44.2086,83.6286,30.8689,CRITICA,11.5576,0.588167,14.2067,55.1751,0.169366,0.192268,0.0879,13.4222,1,1,66.936,16257024.0
za0620,abierto,B10,98.6251,0.169515,9.4864,78.0457,46.3079,47.8485,CRITICA,18.1891,0.882751,9.8948,20.8662,0.165562,0.175628,2.3321,3.6062,1,1,66.502,16257024.0
za0620,abierto,B15,98.6251,0.169515,14.5205,102.034,33.2318,57.997,BIEN,22.3677,0.896638,8.0028,3.4564,0.169234,0.16874,0.166,0.4572,1,1,67.57,16257024.0
za0620,abierto,B25,98.6251,0.169515,24.5322,134.0171,24.4678,67.742,BIEN,15.5069,0.790512,6.3714,35.8855,0.161997,0.172257,4.4352,1.6175,1,1,67.104,16257024.0
za0620,abierto,B40,98.6251,0.169515,39.5357,129.3312,25.8515,67.3687,BIEN,16.6772,0.826598,8.1262,31.1342,0.166688,0.171067,1.6679,0.9153,1,1,69.211,16257024.0
za0637,abierto,B5,96.2564,0.169001,4.5508,43.7871,81.3387,32.6238,CRITICA,11.7349,0.584384,14.1299,54.51,0.169144,0.184866,0.0846,9.3872,1,1,67.192,16257024.0
za0637,abierto,B10,96.2564,0.169001,9.4884,76.9636,48.3805,50.2221,CRITICA,18.3976,0.880946,9.9005,20.0431,0.17673,0.185535,4.5735,9.7834,1,1,68.565,16257024.0
za0637,abierto,B15,96.2564,0.169001,14.5193,100.4369,36.2223,60.4387,BIEN,22.1273,0.888097,8.0577,4.3431,0.176141,0.179623,4.2249,6.285,1,1,67.85,16257024.0
za0637,abierto,B25,96.2564,0.169001,24.5204,131.4212,27.6543,70.4444,BIEN,15.434,0.773366,6.4907,36.5325,0.168047,0.179304,0.5647,6.0962,1,1,67.554,16257024.0
za0637,abierto,B40,96.2564,0.169001,39.5392,127.0986,29.1894,69.9812,BIEN,16.5431,0.809958,8.2691,32.0418,0.171288,0.177395,1.3531,4.9665,1,1,69.069,16257024.0
za0676,abierto,B5,95.2918,0.173272,4.5489,43.6376,80.8807,33.0652,CRITICA,11.8483,0.585078,14.1155,54.2063,0.173668,0.179653,0.2287,3.6827,1,1,67.263,16257024.0
za0676,abierto,B10,95.2918,0.173272,9.4923,76.6804,48.3281,50.8808,CRITICA,18.5886,0.880859,9.9007,19.531,0.176234,0.180914,1.7091,4.4101,1,1,68.086,16257024.0
za0676,abierto,B15,95.2918,0.173272,14.5251,100.0128,36.6609,61.1812,BIEN,22.1265,0.888007,8.0707,4.9543,0.175471,0.178249,1.2693,2.8721,1,1,67.542,16257024.0
za0676,abierto,B25,95.2918,0.173272,24.537,130.8476,28.6091,71.1613,BIEN,15.3467,0.769177,6.5176,37.3126,0.170684,0.180137,1.4938,3.9618,1,1,67.482,16257024.0
za0676,abierto,B40,95.2918,0.173272,39.5546,126.5253,29.9734,70.7667,BIEN,16.4429,0.806085,8.3041,32.7768,0.165436,0.168644,4.5223,2.6709,1,1,67.825,16257024.0
za0685,abierto,B5,90.7978,0.181153,4.5548,43.5138,80.1782,33.943,CRITICA,12.4693,0.612544,14.0489,52.0762,0.183553,0.198011,1.3246,9.3061,1,1,66.456,16257024.0
za0685,abierto,B10,90.7978,0.181153,9.5109,76.0464,49.2985,52.11,CRITICA,19.7264,0.892695,9.8953,16.2464,0.17624,0.195776,2.7124,8.0723,1,1,66.507,16257024.0
za0685,abierto,B15,90.7978,0.181153,14.5267,98.9137,38.3415,62.6124,BIEN,21.9288,0.882877,8.1014,8.9384,0.178121,0.20585,1.6739,13.633,1,1,65.989,16257024.0
za0685,abierto,B25,90.7978,0.181153,24.5337,129.2957,30.0685,72.5118,BIEN,14.807,0.75621,6.5883,42.3996,0.183519,0.191089,1.3063,5.4847,1,1,67.656,16257024.0
za0685,abierto,B40,90.7978,0.181153,39.5323,125.0508,31.4988,72.243,BIEN,15.8193,0.793572,8.3947,37.7245,0.175599,0.1859,3.0662,2.6201,1,1,33.028,16257024.0
za0688,abierto,B5,96.4758,0.164276,4.5587,43.9485,82.1052,32.1803,CRITICA,11.7686,0.589942,14.1432,54.4461,0.157545,0.184879,4.0976,12.5414,1,1,41.646,16257024.0
za0688,abierto,B10,96.4758,0.164276,9.5043,77.3069,47.3947,49.6587,CRITICA,18.5063,0.886566,9.8944,19.8691,0.16061,0.174719,2.2319,6.357,1,1,49.488,16257024.0
za0688,abierto,B15,96.4758,0.164276,14.5264,100.8192,35.0929,59.9966,BIEN,22.2778,0.89515,8.0411,4.502,0.155236,0.173039,5.5032,5.3339,1,1,55.927,16257024.0
za0688,abierto,B25,96.4758,0.164276,24.5305,131.9952,26.651,70.1891,BIEN,15.4012,0.782409,6.4568,36.8169,0.158815,0.16531,3.3241,0.6292,1,1,45.101,16257024.0
za0688,abierto,B40,96.4758,0.164276,39.5331,127.5637,27.9551,69.7028,BIEN,16.521,0.818511,8.2287,32.2235,0.166066,0.165539,1.0898,0.7688,1,1,33.079,16257024.0
za0719,abierto,B5,99.1851,0.171293,4.5464,43.9814,81.9441,31.8345,CRITICA,11.3695,0.571823,14.1894,55.6572,0.170452,0.188003,0.4905,9.7557,1,1,50.63,16257024.0
za0719,abierto,B10,99.1851,0.171293,9.48,77.4705,47.5654,49.2342,CRITICA,17.7459,0.874139,9.9106,21.893,0.164977,0.174907,3.6868,2.1102,1,1,56.256,16257024.0
za0719,abierto,B15,99.1851,0.171293,14.5158,101.137,34.8445,59.4833,BIEN,22.025,0.891432,8.044,1.9679,0.162906,0.176972,4.896,3.3159,1,1,47.753,16257024.0
za0719,abierto,B25,99.1851,0.171293,24.5379,132.714,26.5482,69.1212,BIEN,15.7398,0.781896,6.4439,33.8043,0.166906,0.179284,2.5608,4.6655,1,1,50.288,16257024.0
za0719,abierto,B40,99.1851,0.171293,39.5359,128.0839,27.928,68.9017,BIEN,16.9298,0.819278,8.2135,29.1361,0.161777,0.173641,5.5554,1.3709,1,1,58.65,16257024.0
za0738,abierto,B5,92.0626,0.157314,4.5492,43.6055,80.7041,33.5124,CRITICA,12.2977,0.604565,14.0829,52.6349,0.160241,0.183453,1.8603,16.616,1,1,44.469,16257024.0
za0738,abierto,B10,92.0626,0.157314,9.5162,76.3135,48.8832,51.5807,CRITICA,19.4104,0.891241,9.9043,17.107,0.163288,0.175717,3.7974,11.6982,1,1,65.249,16257024.0
za0738,abierto,B15,92.0626,0.157314,14.5285,99.3071,37.3887,62.1449,BIEN,21.9863,0.883387,8.0949,7.869,0.16037,0.166639,1.9428,5.9274,1,1,40.702,16257024.0
za0738,abierto,B25,92.0626,0.157314,24.5358,129.7166,28.9022,72.3427,BIEN,14.9447,0.761651,6.569,40.9003,0.163776,0.17457,4.1079,10.9691,1,1,61.036,16257024.0
za0738,abierto,B40,92.0626,0.157314,39.5262,125.4013,30.2975,71.9995,BIEN,15.9887,0.798878,8.3706,36.2131,0.156457,0.168111,0.5447,6.8636,1,1,64.642,16257024.0
za0753,abierto,B5,96.2295,0.168514,4.5554,43.845,81.1504,32.6879,CRITICA,11.7504,0.583474,14.1307,54.437,0.164834,0.185686,2.1836,10.1905,1,1,55.375,16257024.0
za0753,abierto,B10,96.2295,0.168514,9.4999,76.9771,48.1826,50.3525,CRITICA,18.4049,0.881201,9.9063,20.0068,0.168426,0.176258,0.052,4.5954,1,1,63.238,16257024.0
za0753,abierto,B15,96.2295,0.168514,14.523,100.3093,35.9448,60.7706,BIEN,22.1012,0.887245,8.0671,4.2396,0.161435,0.171495,4.201,1.7692,1,1,58.032,16257024.0
za0753,abierto,B25,96.2295,0.168514,24.5312,131.1725,27.2643,70.9749,BIEN,15.44,0.774431,6.5028,36.3121,0.165299,0.174845,1.9082,3.7569,1,1,73.536,16257024.0
za0753,abierto,B40,96.2295,0.168514,39.5365,126.8235,28.7683,70.5092,BIEN,16.5561,0.811063,8.2835,31.7927,0.169144,0.181926,0.374,7.9592,1,1,76.486,16257024.0
za0765,abierto,B5,97.5357,0.169601,4.543,43.836,81.7093,32.2634,CRITICA,11.5814,0.577143,14.1692,55.0564,0.173745,0.191642,2.4436,12.9958,1,1,64.041,16257024.0
za0765,abierto,B10,97.5357,0.169601,9.4884,77.1829,47.9516,49.7965,CRITICA,18.1256,0.878795,9.9135,20.867,0.173577,0.179014,2.3444,5.5503,1,1,73.631,16257024.0
za0765,abierto,B15,97.5357,0.169601,14.4861,100.4714,35.5644,60.3108,BIEN,22.1448,0.889795,8.0666,3.0099,0.169344,0.186925,0.1513,10.2145,1,1,72.808,16257024.0
za0765,abierto,B25,97.5357,0.169601,24.5338,131.9155,26.7306,70.0913,BIEN,15.5715,0.778537,6.477,35.2485,0.171357,0.186859,1.0354,10.1756,1,1,69.261,16257024.0
za0765,abierto,B40,97.5357,0.169601,39.5348,127.4101,28.1492,69.762,BIEN,16.7195,0.81555,8.2526,30.6292,0.175075,0.182182,3.2276,7.4183,1,1,75.148,16257024.0
za0799,abierto,B5,101.4063,0.173412,4.5417,44.1389,83.322,31.0349,CRITICA,11.1509,0.564707,14.2347,56.4732,0.182497,0.187805,5.2392,8.2999,1,1,72.277,16257024.0
za0799,abierto,B10,101.4063,0.173412,9.4726,77.9756,47.4277,47.9697,CRITICA,17.3572,0.870342,9.9239,23.1057,0.180183,0.182468,3.9045,5.2223,1,1,72.69,16257024.0
za0799,abierto,B15,101.4063,0.173412,14.5012,101.9549,33.9518,57.852,BIEN,21.919,0.895008,8.0373,0.5411,0.17795,0.183084,2.6169,5.5776,1,1,74.156,16257024.0
za0799,abierto,B25,101.4063,0.173412,24.5044,133.8028,24.5784,67.677,BIEN,15.9488,0.793284,6.4031,31.9473,0.176586,0.181986,1.8302,4.9441,1,1,74.194,16257024.0
za0799,abierto,B40,101.4063,0.173412,39.5355,129.2839,26.1173,67.0984,BIEN,17.1668,0.828022,8.158,27.4911,0.173694,0.191158,0.1627,10.2332,1,1,75.554,16257024.0
za0909,abierto,B5,100.5209,0.166874,4.5477,44.2751,84.0711,30.322,CRITICA,11.36,0.576072,14.2667,55.9543,0.184268,0.190574,10.4232,14.2022,1,1,75.896,16257024.0
za0909,abierto,B10,100.5209,0.166874,9.4678,78.3548,47.2336,46.845,CRITICA,17.7982,0.879152,9.9288,22.0513,0.18022,0.191972,7.9974,15.0398,1,1,54.761,16257024.0
za0909,abierto,B15,100.5209,0.166874,14.5032,102.6587,32.5991,56.4781,BIEN,22.2412,0.898679,8.02,2.1267,0.178179,0.187558,6.7742,12.3949,1,1,73.827,16257024.0
za0909,abierto,B25,100.5209,0.166874,24.4967,134.9158,23.3131,66.0211,BIEN,15.6829,0.798179,6.3608,34.2167,0.171846,0.193717,2.9797,16.0858,1,1,73.63,16257024.0
za0909,abierto,B40,100.5209,0.166874,39.5165,130.3076,24.7938,65.4138,BIEN,16.8716,0.832219,8.1047,29.6323,0.169129,0.191163,1.3511,14.5553,1,1,60.845,16257024.0
za0933,abierto,B5,92.5374,0.171821,4.5444,43.6336,81.2513,32.9281,CRITICA,12.268,0.605166,14.1186,52.8476,0.175208,0.184624,1.9708,7.4512,1,1,50.477,16257024.0
za0933,abierto,B10,92.5374,0.171821,9.5023,76.6403,49.3004,50.6742,CRITICA,19.4033,0.892235,9.9081,17.1791,0.170177,0.188435,0.9568,9.6691,1,1,72.069,16257024.0
za0933,abierto,B15,92.5374,0.171821,14.5219,99.8971,36.6202,61.0199,BIEN,22.0235,0.885853,8.0803,7.9533,0.17014,0.188266,0.9787,9.5708,1,1,73.515,16257024.0
za0933,abierto,B25,92.5374,0.171821,24.5332,130.7963,27.8503,70.852,BIEN,14.8807,0.762644,6.5259,41.3443,0.162337,0.176199,5.52,2.5477,1,1,73.507,16257024.0
za0933,abierto,B40,92.5374,0.171821,39.5263,126.3778,29.2922,70.5689,BIEN,15.935,0.800074,8.3185,36.5695,0.168255,0.165484,2.0756,3.6881,1,1,75.285,16257024.0
za0938,abierto,B5,91.8112,0.182523,4.5483,43.6632,80.7701,33.0537,CRITICA,12.3877,0.608929,14.1036,52.4424,0.18957,0.197234,3.8608,8.0598,1,1,72.041,16257024.0
za0938,abierto,B10,91.8112,0.182523,9.5127,76.6192,49.3974,50.8016,CRITICA,19.6173,0.893436,9.9049,16.547,0.185593,0.201969,1.6816,10.6535,1,1,66.745,16257024.0
za0938,abierto,B15,91.8112,0.182523,14.5178,99.7726,36.7094,61.169,BIEN,21.9707,0.884346,8.085,8.6714,0.181365,0.202663,0.6344,11.0338,1,1,66.0,16257024.0
za0938,abierto,B25,91.8112,0.182523,24.5312,130.6045,27.992,70.99,BIEN,14.7933,0.760612,6.5367,42.2534,0.181007,0.195817,0.8309,7.2833,1,1,66.597,16257024.0
za0938,abierto,B40,91.8112,0.182523,39.5243,126.2493,29.4514,70.6693,BIEN,15.8231,0.79755,8.3293,37.5097,0.181918,0.192304,0.3315,5.3582,1,1,68.247,16257024.0
za0943,abierto,B5,92.5803,0.172894,4.5425,43.63,81.0903,32.8802,CRITICA,12.2735,0.604405,14.1245,52.8734,0.173921,0.184782,0.594,6.8758,1,1,49.641,16257024.0
za0943,abierto,B10,92.5803,0.172894,9.5033,76.6771,49.51,50.519,CRITICA,19.411,0.892346,9.9129,17.1777,0.167269,0.194325,3.2535,12.3956,1,1,67.481,16257024.0
za0943,abierto,B15,92.5803,0.172894,14.5218,100.0471,36.692,60.687,BIEN,21.9974,0.884435,8.0828,8.0652,0.170961,0.195091,1.1181,12.8385,1,1,67.85,16257024.0
za0943,abierto,B25,92.5803,0.172894,24.5353,131.097,27.829,70.2269,BIEN,14.8596,0.760307,6.5245,41.6035,0.168788,0.178502,2.3747,3.244,1,1,67.864,16257024.0
za0943,abierto,B40,92.5803,0.172894,39.5318,126.6165,29.3349,70.0212,BIEN,15.9186,0.798493,8.3167,36.764,0.166908,0.176564,3.4619,2.1225,1,1,68.272,16257024.0
za0996,abierto,B5,96.5311,0.171033,4.5491,44.0017,82.7204,31.6073,CRITICA,11.8069,0.588925,14.191,54.4171,0.179585,0.184066,5.0002,7.6206,1,1,41.908,16257024.0
za0996,abierto,B10,96.5311,0.171033,9.485,77.5311,48.2583,48.662,CRITICA,18.559,0.884556,9.9242,19.6828,0.17353,0.180598,1.4599,5.5929,1,1,67.6,16257024.0
za0996,abierto,B15,96.5311,0.171033,14.5199,101.4443,35.0055,58.4443,BIEN,22.189,0.8921,8.0538,5.0897,0.175443,0.183964,2.5788,7.561,1,1,67.643,16257024.0
za0996,abierto,B25,96.5311,0.171033,24.5267,133.1366,25.4517,67.9386,BIEN,15.2549,0.775427,6.4436,37.9209,0.166833,0.186598,2.4555,9.101,1,1,67.812,16257024.0
za0996,abierto,B40,96.5311,0.171033,39.5397,128.5645,26.9809,67.6144,BIEN,16.3786,0.812001,8.2107,33.1845,0.175998,0.180641,2.903,5.6175,1,1,39.751,16257024.0
za1025,abierto,B5,92.9787,0.174656,4.55,43.7656,81.2009,32.734,CRITICA,12.2446,0.607973,14.1336,52.9294,0.187014,0.18788,7.0756,7.5714,1,1,66.993,16257024.0
za1025,abierto,B10,92.9787,0.174656,9.505,76.8034,49.2131,50.3168,CRITICA,19.3306,0.890457,9.924,17.3968,0.182053,0.189503,4.2352,8.5004,1,1,68.444,16257024.0
za1025,abierto,B15,92.9787,0.174656,14.5349,100.2813,36.5969,60.4131,BIEN,22.0034,0.88637,8.0872,7.8541,0.179379,0.195103,2.7041,11.707,1,1,50.769,16257024.0
za1025,abierto,B25,92.9787,0.174656,24.5354,131.2987,27.4486,70.0637,BIEN,14.9008,0.762637,6.5254,41.2138,0.176596,0.192073,1.1105,9.972,1,1,66.549,16257024.0
za1025,abierto,B40,92.9787,0.174656,39.5285,126.8091,28.9332,69.8178,BIEN,15.9685,0.800323,8.3149,36.3851,0.179744,0.183888,2.9128,5.2858,1,1,68.392,16257024.0
zb0010,abierto,B5,99.2387,0.202711,4.4518,44.7395,90.7295,23.6998,CRITICA,12.0782,0.636106,14.8804,54.9172,0.198675,0.20316,1.9911,0.2218,1,1,66.379,16257024.0
zb0010,abierto,B10,99.2387,0.202711,9.4399,80.5667,51.6622,35.0957,BIEN,18.6197,0.915934,10.3896,18.8152,0.206063,0.211125,1.6537,4.1507,1,1,68.083,16257024.0
zb0010,abierto,B15,99.2387,0.202711,14.4686,106.8889,29.5271,40.6466,BIEN,21.0149,0.912894,8.341,7.7089,0.197267,0.217382,2.6854,7.2372,1,1,67.62,16257024.0
zb0010,abierto,B25,99.2387,0.202711,24.4912,143.2479,9.0823,43.5197,BIEN,14.1074,0.796258,6.4152,44.3469,0.208426,0.210899,2.8193,4.0393,1,1,67.513,16257024.0
zb0010,abierto,B40,99.2387,0.202711,39.503,137.0411,13.1965,44.8284,BIEN,15.347,0.832502,8.1472,38.0925,0.198313,0.2023,2.1697,0.2025,1,1,69.193,16257024.0
zb0017,abierto,B5,100.7066,0.235455,4.4578,44.7394,90.5898,24.0021,CRITICA,11.8531,0.622886,14.8558,55.5745,0.255633,0.213433,8.5698,9.3527,1,1,68.057,16257024.0
zb0017,abierto,B10,100.7066,0.235455,9.4541,80.353,51.472,35.507,BIEN,18.182,0.909943,10.3926,20.2108,0.249797,0.243419,6.0914,3.3827,1,1,67.847,16257024.0
zb0017,abierto,B15,100.7066,0.235455,14.4857,106.7469,29.923,40.8826,BIEN,20.933,0.911815,8.353,5.9979,0.247454,0.244037,5.0961,3.6452,1,1,49.847,16257024.0
zb0017,abierto,B25,100.7066,0.235455,24.4701,142.7916,10.332,44.1524,BIEN,14.3589,0.798781,6.4435,41.7897,0.243905,0.255918,3.589,8.6911,1,1,52.218,16257024.0
zb0017,abierto,B40,100.7066,0.235455,39.5006,136.7995,13.7573,45.1088,BIEN,15.5993,0.834932,8.1725,35.8397,0.241573,0.253326,2.5985,7.5903,1,1,69.328,16257024.0
zb0031,abierto,B5,105.0132,0.218471,4.4296,44.4457,89.8484,24.1643,CRITICA,11.1443,0.590814,14.8299,57.6761,0.240471,0.225264,10.0697,3.1092,1,1,65.108,16257024.0
zb0031,abierto,B10,105.0132,0.218471,9.4382,80.0674,52.0095,35.6904,BIEN,16.8483,0.895618,10.3874,23.7549,0.226277,0.23248,3.5728,6.4121,1,1,67.815,16257024.0
zb0031,abierto,B15,105.0132,0.218471,14.3994,105.954,30.5886,41.2725,BIEN,20.3748,0.91604,8.3857,0.8958,0.231543,0.235715,5.983,7.893,1,1,68.59,16257024.0
zb0031,abierto,B25,105.0132,0.218471,24.4635,142.3279,10.0681,44.177,BIEN,14.8659,0.807921,6.4682,35.5333,0.217975,0.233328,0.2272,6.8,1,1,68.717,16257024.0
zb0031,abierto,B40,105.0132,0.218471,39.4888,136.314,13.3323,45.3382,BIEN,16.1741,0.844439,8.2054,29.8065,0.220277,0.22948,0.8264,5.0389,1,1,69.859,16257024.0
zb0046,abierto,B5,103.8882,0.209573,4.4528,44.6837,89.8853,24.1623,CRITICA,11.3255,0.601652,14.7956,56.9887,0.228229,0.214336,8.9017,2.2727,1,1,67.156,16257024.0
zb0046,abierto,B10,103.8882,0.209573,9.468,80.1906,51.9727,35.5829,BIEN,17.1287,0.899851,10.3775,22.8106,0.216456,0.219421,3.2843,4.6989,1,1,67.6,16257024.0
zb0046,abierto,B15,103.8882,0.209573,14.4376,106.268,29.9521,41.0705,BIEN,20.4424,0.913835,8.3677,2.2907,0.221044,0.218847,5.4735,4.4249,1,1,66.638,16257024.0
zb0046,abierto,B25,103.8882,0.209573,24.4786,142.3962,10.4931,44.1644,BIEN,14.7235,0.804814,6.4635,37.0667,0.214122,0.219749,2.1707,4.8555,1,1,67.734,16257024.0
zb0046,abierto,B40,103.8882,0.209573,39.5256,136.3842,13.8679,45.2464,BIEN,16.0105,0.84096,8.2017,31.2797,0.21659,0.228309,3.348,8.9399,1,1,67.781,16257024.0
zb0066,abierto,B5,103.958,0.208799,4.4579,44.7025,89.6874,24.2176,CRITICA,11.3688,0.599216,14.8248,56.9994,0.227045,0.211175,8.7389,1.1379,1,1,67.052,16257024.0
zb0066,abierto,B10,103.958,0.208799,9.4625,80.3387,52.0891,35.7298,BIEN,17.2525,0.898057,10.3808,22.72,0.216337,0.215258,3.6102,3.0938,1,1,68.542,16257024.0
zb0066,abierto,B15,103.958,0.208799,14.4504,106.4627,30.152,41.2626,BIEN,20.6441,0.912669,8.361,2.4093,0.214576,0.220592,2.7671,5.6482,1,1,68.434,16257024.0
zb0066,abierto,B25,103.958,0.208799,24.483,142.5853,10.2738,44.396,BIEN,14.7556,0.804613,6.4511,37.1566,0.213282,0.213097,2.147,2.0587,1,1,68.234,16257024.0
zb0066,abierto,B40,103.958,0.208799,39.5335,136.6255,13.3925,45.4869,BIEN,16.0362,0.840565,8.1806,31.4237,0.207799,0.211645,0.4788,1.3634,1,1,69.584,16257024.0
zb0073,abierto,B5,103.0293,0.203002,4.4463,44.5549,89.5476,24.4013,CRITICA,11.4505,0.60437,14.8234,56.7551,0.222508,0.212545,9.6088,4.701,1,1,67.596,16257024.0
zb0073,abierto,B10,103.0293,0.203002,9.4365,80.161,52.5665,36.0138,BIEN,17.3799,0.901187,10.3824,22.196,0.208822,0.213232,2.8669,5.0392,1,1,68.582,16257024.0
zb0073,abierto,B15,103.0293,0.203002,14.4474,106.3013,30.2684,41.726,BIEN,20.6272,0.912643,8.3578,3.1758,0.210917,0.213901,3.8989,5.3689,1,1,68.74,16257024.0
zb0073,abierto,B25,103.0293,0.203002,24.4738,142.369,10.3553,44.7913,BIEN,14.6412,0.802305,6.4545,38.183,0.204463,0.220074,0.7196,8.4098,1,1,67.88,16257024.0
zb0073,abierto,B40,103.0293,0.203002,39.5294,136.3467,13.7554,45.986,BIEN,15.926,0.838904,8.1916,32.3378,0.205913,0.220376,1.4341,8.5587,1,1,67.868,16257024.0
zb0117,abierto,B5,103.9668,0.195655,4.4856,44.8283,90.1919,23.8218,CRITICA,11.3902,0.602763,14.8228,56.8821,0.214191,0.206393,9.4739,5.4881,1,1,67.368,16257024.0
zb0117,abierto,B10,103.9668,0.195655,9.4845,80.4564,51.3944,35.0912,BIEN,17.2832,0.899633,10.3843,22.6134,0.194524,0.205127,0.5782,4.8409,1,1,67.594,16257024.0
zb0117,abierto,B15,103.9668,0.195655,14.4707,106.5442,29.4164,40.48,BIEN,20.6638,0.914346,8.3649,2.4791,0.192415,0.198688,1.6559,1.55,1,1,67.006,16257024.0
zb0117,abierto,B25,103.9668,0.195655,24.4912,142.7809,9.9167,43.5272,BIEN,14.7451,0.806395,6.4504,37.3332,0.195814,0.192282,0.0811,1.7241,1,1,66.379,16257024.0
zb0117,abierto,B40,103.9668,0.195655,39.528,136.8043,13.1848,44.6372,BIEN,16.0244,0.841971,8.1782,31.5846,0.202216,0.195008,3.3533,0.3308,1,1,69.296,16257024.0
zb0124,abierto,B5,104.8241,0.228521,4.4821,44.9552,89.961,23.9512,CRITICA,11.2939,0.598318,14.8114,57.1136,0.236146,0.22578,3.3367,1.1993,1,1,67.083,16257024.0
zb0124,abierto,B10,104.8241,0.228521,9.4924,80.5261,51.373,35.367,BIEN,17.1269,0.896934,10.3744,23.1798,0.228913,0.237305,0.1717,3.8439,1,1,67.76,16257024.0
zb0124,abierto,B15,104.8241,0.228521,14.5297,106.9095,28.8498,40.7373,BIEN,20.5957,0.913726,8.3348,1.9895,0.227292,0.231449,0.5379,1.2814,1,1,66.821,16257024.0
zb0124,abierto,B25,104.8241,0.228521,24.479,142.789,10.0002,43.9502,BIEN,14.8495,0.809375,6.4385,36.2178,0.236854,0.241842,3.6465,5.8292,1,1,67.854,16257024.0
zb0124,abierto,B40,104.8241,0.228521,39.5084,136.7643,13.6855,45.1465,BIEN,16.1626,0.845537,8.1668,30.4703,0.233714,0.238646,2.2724,4.4308,1,1,67.896,16257024.0
zb0148,abierto,B5,109.7067,0.205483,4.4648,44.9213,88.7384,23.7906,CRITICA,10.6039,0.569653,14.8296,59.0532,0.220139,0.207412,7.1326,0.9389,1,1,66.435,16257024.0
zb0148,abierto,B10,109.7067,0.205483,9.492,80.5383,50.9965,35.3234,BIEN,15.9765,0.881748,10.3606,26.5876,0.216525,0.213959,5.3735,4.1247,1,1,68.813,16257024.0
zb0148,abierto,B15,109.7067,0.205483,14.4746,106.5704,28.776,40.8078,BIEN,19.8624,0.913333,8.3496,2.8588,0.209194,0.217661,1.806,5.9266,1,1,67.592,16257024.0
zb0148,abierto,B25,109.7067,0.205483,24.4754,142.5874,10.4291,44.0612,BIEN,15.4515,0.820219,6.4498,29.9715,0.207945,0.211903,1.198,3.1242,1,1,68.971,16257024.0
zb0148,abierto,B40,109.7067,0.205483,39.4875,136.5499,13.6758,45.1966,BIEN,16.8163,0.855903,8.1825,24.4682,0.210708,0.219217,2.5425,6.6836,1,1,70.044,16257024.0
zb0152,abierto,B5,113.4229,0.188091,4.4242,44.8759,89.3749,23.6055,CRITICA,10.1528,0.549773,14.7779,60.4349,0.206984,0.200669,10.0444,6.687,1,1,68.018,16257024.0
zb0152,abierto,B10,113.4229,0.188091,9.4481,80.3424,48.8191,34.9878,BIEN,15.1816,0.868842,10.3476,29.1656,0.19964,0.19595,6.1403,4.1783,1,1,69.082,16257024.0
zb0152,abierto,B15,113.4229,0.188091,14.4772,106.6291,28.2074,40.4796,BIEN,19.3143,0.91201,8.3208,5.9897,0.185654,0.196064,1.2955,4.2391,1,1,68.013,16257024.0
zb0152,abierto,B25,113.4229,0.188091,24.4783,142.5583,11.184,43.9032,BIEN,15.9345,0.828054,6.4341,25.6874,0.191622,0.200301,1.8773,6.4913,1,1,68.711,16257024.0
zb0152,abierto,B40,113.4229,0.188091,39.4904,136.5046,13.9261,44.9846,BIEN,17.3289,0.863601,8.1673,20.3502,0.192237,0.195061,2.2042,3.7055,1,1,68.953,16257024.0
zb0273,abierto,B5,106.976,0.258905,4.4436,44.8316,90.3297,23.3406,CRITICA,10.938,0.590718,14.8796,58.0919,0.275874,0.233812,6.5542,9.6919,1,1,67.39,16257024.0
zb0273,abierto,B10,106.976,0.258905,9.4322,80.4663,50.9422,34.6143,BIEN,16.5482,0.893551,10.3835,24.781,0.276773,0.260398,6.9016,0.577,1,1,67.405,16257024.0
zb0273,abierto,B15,106.976,0.258905,14.4697,106.9189,28.4616,40.0576,BIEN,20.2296,0.918433,8.3406,0.0534,0.278256,0.270147,7.4742,4.3422,1,1,67.222,16257024.0
zb0273,abierto,B25,106.976,0.258905,24.4643,143.1374,9.0997,43.1009,BIEN,15.0164,0.821071,6.426,33.8032,0.263262,0.26325,1.683,1.6783,1,1,67.531,16257024.0
zb0273,abierto,B40,106.976,0.258905,39.504,137.0376,12.4901,44.2588,BIEN,16.3509,0.855728,8.1565,28.1012,0.267334,0.266672,3.2556,3.0,1,1,68.78,16257024.0
zb0276,abierto,B5,108.874,0.217509,4.4646,45.024,90.5917,23.1677,CRITICA,10.7776,0.585588,14.8759,58.6458,0.232481,0.222267,6.883,2.1875,1,1,66.593,16257024.0
zb0276,abierto,B10,108.874,0.217509,9.4548,80.7817,50.5424,34.3141,BIEN,16.3141,0.889568,10.3738,25.8026,0.230369,0.224373,5.9123,3.1553,1,1,66.426,16257024.0
zb0276,abierto,B15,108.874,0.217509,14.4697,107.1859,28.2443,39.6396,BIEN,20.1721,0.918907,8.3337,1.5505,0.230867,0.220945,6.1413,1.5796,1,1,67.108,16257024.0
zb0276,abierto,B25,108.874,0.217509,24.4687,143.5773,8.5272,42.6126,BIEN,15.2481,0.826914,6.4075,31.8747,0.222948,0.234912,2.5002,8.001,1,1,65.929,16257024.0
zb0276,abierto,B40,108.874,0.217509,39.5065,137.4726,11.708,43.7707,BIEN,16.6142,0.861591,8.1291,26.2676,0.223031,0.237849,2.5385,9.351,1,1,68.917,16257024.0
zb0355,abierto,B5,108.453,0.225753,4.4538,44.7579,88.651,24.0809,CRITICA,10.682,0.576218,14.8152,58.7306,0.23085,0.215091,2.2575,4.7229,1,1,67.455,16257024.0
zb0355,abierto,B10,108.453,0.225753,9.4688,80.1497,51.0101,35.7575,BIEN,16.0947,0.887032,10.3602,26.0972,0.227954,0.218291,0.975,3.3058,1,1,67.571,16257024.0
zb0355,abierto,B15,108.453,0.225753,14.5066,106.3908,28.8789,41.3205,BIEN,19.8644,0.914887,8.3452,1.9014,0.210746,0.218229,6.6477,3.3332,1,1,43.674,16257024.0
zb0355,abierto,B25,108.453,0.225753,24.4492,142.0074,11.1879,44.667,BIEN,15.308,0.81811,6.4726,30.9392,0.221303,0.218635,1.9712,3.1532,1,1,48.065,16257024.0
zb0355,abierto,B40,108.453,0.225753,39.5087,136.1433,14.1454,45.7002,BIEN,16.6396,0.8542,8.2051,25.5321,0.214898,0.22649,4.8086,0.3264,1,1,46.724,16257024.0
zb0426,abierto,B5,106.7842,0.236501,4.4377,44.7394,90.0541,23.4003,CRITICA,10.9509,0.588935,14.8886,58.1029,0.246485,0.237077,4.2216,0.2434,1,1,52.455,16257024.0
zb0426,abierto,B10,106.7842,0.236501,9.4279,80.3412,51.0761,34.7331,BIEN,16.5654,0.892546,10.3922,24.7631,0.232981,0.24027,1.4883,1.5937,1,1,49.945,16257024.0
zb0426,abierto,B15,106.7842,0.236501,14.467,106.8207,27.9086,40.1878,BIEN,20.2278,0.917095,8.3488,0.0341,0.228705,0.234624,3.2962,0.7935,1,1,52.186,16257024.0
zb0426,abierto,B25,106.7842,0.236501,24.4618,143.0243,9.6839,43.3506,BIEN,15.0006,0.818855,6.4333,33.9377,0.240191,0.241193,1.5602,1.9841,1,1,60.582,16257024.0
zb0426,abierto,B40,106.7842,0.236501,39.4847,136.8375,12.948,44.5524,BIEN,16.3658,0.854802,8.1696,28.1439,0.238298,0.241213,0.7597,1.9922,1,1,66.183,16257024.0
zb0433,abierto,B5,107.6937,0.244056,4.4506,44.8917,90.3763,23.203,CRITICA,10.8537,0.590352,14.8703,58.3154,0.252362,0.23387,3.4034,4.1737,1,1,51.89,16257024.0
zb0433,abierto,B10,107.6937,0.244056,9.4438,80.5321,50.7345,34.3311,BIEN,16.3991,0.89274,10.3808,25.2212,0.248434,0.255047,1.7939,4.5036,1,1,68.103,16257024.0
zb0433,abierto,B15,107.6937,0.244056,14.4966,107.028,27.8368,39.7113,BIEN,20.1209,0.919023,8.3375,0.6181,0.247484,0.25836,1.4047,5.8611,1,1,56.857,16257024.0
zb0433,abierto,B25,107.6937,0.244056,24.4495,143.2129,9.1191,42.7425,BIEN,15.0827,0.823428,6.4269,32.9817,0.250675,0.244014,2.7122,0.017,1,1,53.563,16257024.0
zb0433,abierto,B40,107.6937,0.244056,39.4921,137.0905,12.2087,43.8542,BIEN,16.434,0.858381,8.1579,27.2967,0.248738,0.248791,1.9184,1.9402,1,1,39.739,16257024.0
zb0457,abierto,B5,108.8249,0.242634,4.4636,45.0402,90.6344,23.0861,CRITICA,10.7622,0.587211,14.8686,58.6122,0.257876,0.229976,6.2819,5.2167,1,1,52.645,16257024.0
zb0457,abierto,B10,108.8249,0.242634,9.4493,80.7167,50.3445,34.1819,BIEN,16.2654,0.891034,10.3769,25.8288,0.254351,0.24318,4.8293,0.2251,1,1,57.522,16257024.0
zb0457,abierto,B15,108.8249,0.242634,14.4947,107.1398,27.9959,39.5711,BIEN,20.133,0.920052,8.3384,1.5485,0.252889,0.258337,4.2268,6.4721,1,1,66.434,16257024.0
zb0457,abierto,B25,108.8249,0.242634,24.4559,143.4254,8.6573,42.5217,BIEN,15.2367,0.827603,6.4202,31.7947,0.249715,0.252534,2.9186,4.0803,1,1,69.21,16257024.0
zb0457,abierto,B40,108.8249,0.242634,39.4992,137.3396,11.9583,43.6832,BIEN,16.5993,0.862243,8.1435,26.2023,0.25132,0.259106,3.5799,6.7889,1,1,69.046,16257024.0
zb0502,abierto,B5,104.7411,0.246133,4.4771,44.7727,89.3361,24.3274,CRITICA,11.1869,0.59536,14.7616,57.2539,0.256024,0.236355,4.0187,3.9724,1,1,67.749,16257024.0
zb0502,abierto,B10,104.7411,0.246133,9.5064,80.0895,51.342,35.8776,BIEN,16.852,0.89594,10.3757,23.5358,0.251907,0.240831,2.3461,2.1539,1,1,51.406,16257024.0
zb0502,abierto,B15,104.7411,0.246133,14.5265,106.2511,29.3951,41.2863,BIEN,20.2047,0.912238,8.3637,1.4416,0.253916,0.246205,3.1624,0.0294,1,1,68.31,16257024.0
zb0502,abierto,B25,104.7411,0.246133,24.4775,141.906,11.1064,44.6362,BIEN,14.8584,0.805644,6.4901,35.4826,0.2422,0.240491,1.5979,2.292,1,1,52.064,16257024.0
zb0502,abierto,B40,104.7411,0.246133,39.5119,135.9216,14.8538,45.7751,BIEN,16.1632,0.842683,8.2335,29.7691,0.242346,0.247399,1.5385,0.5144,1,1,69.474,16257024.0
zb0528,abierto,B5,107.1737,0.232927,4.4403,44.6761,89.1071,23.8884,CRITICA,10.8613,0.578978,14.8538,58.3143,0.245369,0.225586,5.3415,3.1518,1,1,67.495,16257024.0
zb0528,abierto,B10,107.1737,0.232927,9.4537,80.1279,50.8665,35.6107,BIEN,16.4124,0.887407,10.3801,25.2355,0.242781,0.238645,4.2304,2.455,1,1,67.96,16257024.0
zb0528,abierto,B15,107.1737,0.232927,14.4932,106.3817,29.1506,41.1817,BIEN,20.1832,0.913504,8.3541,0.739,0.235979,0.232714,1.3103,0.0916,1,1,68.45,16257024.0
zb0528,abierto,B25,107.1737,0.232927,24.4818,142.2577,11.1898,44.4215,BIEN,15.1798,0.812507,6.4656,32.7356,0.233469,0.236239,0.2327,1.4217,1,1,68.42,16257024.0
zb0528,abierto,B40,107.1737,0.232927,39.5158,136.2939,14.5006,45.5179,BIEN,16.5076,0.848579,8.199,27.171,0.234898,0.23457,0.8463,0.7055,1,1,66.934,16257024.0
zb0573,abierto,B5,108.6792,0.191063,4.4483,44.9853,90.0755,23.3571,CRITICA,10.7692,0.583289,14.866,58.6072,0.19658,0.214312,2.8875,12.1679,1,1,69.262,16257024.0
zb0573,abierto,B10,108.6792,0.191063,9.4518,80.6314,51.0606,34.5493,BIEN,16.2761,0.888651,10.3765,25.8079,0.193407,0.207673,1.2266,8.6931,1,1,67.091,16257024.0
zb0573,abierto,B15,108.6792,0.191063,14.498,107.1338,27.2119,39.9063,BIEN,20.1012,0.917506,8.3309,1.422,0.193602,0.204206,1.3288,6.879,1,1,67.346,16257024.0
zb0573,abierto,B25,108.6792,0.191063,24.468,143.3173,9.1172,43.0415,BIEN,15.213,0.824935,6.4162,31.8719,0.18224,0.198602,4.6179,3.9455,1,1,69.474,16257024.0
zb0573,abierto,B40,108.6792,0.191063,39.5046,137.227,12.3135,44.1846,BIEN,16.5827,0.860232,8.1411,26.2679,0.187011,0.198518,2.1211,3.9019,1,1,70.47,16257024.0
zb0593,abierto,B5,108.6036,0.221239,4.4489,44.9885,90.1415,23.248,CRITICA,10.7575,0.585881,14.8566,58.5755,0.228788,0.221221,3.412,0.008,1,1,68.055,16257024.0
zb0593,abierto,B10,108.6036,0.221239,9.4431,80.5874,50.7947,34.4278,BIEN,16.248,0.890013,10.371,25.7967,0.222528,0.226301,0.5828,2.288,1,1,68.413,16257024.0
zb0593,abierto,B15,108.6036,0.221239,14.4914,107.0779,27.3826,39.7454,BIEN,20.0394,0.918968,8.3302,1.4048,0.219629,0.223333,0.7275,0.9466,1,1,68.176,16257024.0
zb0593,abierto,B25,108.6036,0.221239,24.4679,143.2949,9.1211,42.8676,BIEN,15.1788,0.826255,6.4159,31.9431,0.220337,0.231927,0.4075,4.8312,1,1,67.801,16257024.0
zb0593,abierto,B40,108.6036,0.221239,39.4839,137.1763,12.1912,43.994,BIEN,16.551,0.861266,8.1423,26.3092,0.221322,0.233372,0.0374,5.4843,1,1,70.984,16257024.0
zb0636,abierto,B5,109.0037,0.238648,4.4432,44.7598,89.177,23.7855,CRITICA,10.6339,0.570642,14.8296,58.9374,0.251327,0.236649,5.3127,0.8374,1,1,68.491,16257024.0
zb0636,abierto,B10,109.0037,0.238648,9.4536,80.2232,50.7404,35.2177,BIEN,16.0159,0.883736,10.3701,26.4033,0.250591,0.240279,5.0044,0.6837,1,1,68.215,16257024.0
zb0636,abierto,B15,109.0037,0.238648,14.4822,106.4725,28.157,40.7195,BIEN,19.7869,0.913343,8.3515,2.3221,0.252488,0.245235,5.7996,2.7603,1,1,68.89,16257024.0
zb0636,abierto,B25,109.0037,0.238648,24.4797,142.4465,10.5669,43.9732,BIEN,15.3213,0.818563,6.4597,30.6804,0.253029,0.244868,6.0259,2.6066,1,1,68.659,16257024.0
zb0636,abierto,B40,109.0037,0.238648,39.4995,136.4353,13.6428,45.0555,BIEN,16.6736,0.854768,8.1936,25.1657,0.253287,0.24596,6.1343,3.0639,1,1,69.795,16257024.0
zb0659,abierto,B5,106.7822,0.243459,4.4346,44.5611,89.0334,24.0137,CRITICA,10.9002,0.578529,14.8706,58.2692,0.246411,0.230826,1.2126,5.1886,1,1,66.667,16257024.0
zb0659,abierto,B10,106.7822,0.243459,9.447,80.0206,50.9558,35.796,BIEN,16.4694,0.888222,10.3947,25.0619,0.24958,0.245975,2.5145,1.0335,1,1,68.231,16257024.0
zb0659,abierto,B15,106.7822,0.243459,14.4785,106.2824,29.3524,41.3229,BIEN,20.1854,0.912654,8.3676,0.4681,0.239672,0.243503,1.5553,0.018,1,1,66.876,16257024.0
zb0659,abierto,B25,106.7822,0.243459,24.4788,142.1919,11.2228,44.5366,BIEN,15.1234,0.80966,6.4767,33.1606,0.239928,0.243004,1.4502,0.1867,1,1,68.026,16257024.0
zb0659,abierto,B40,106.7822,0.243459,39.4888,136.0865,14.6694,45.7953,BIEN,16.4878,0.84719,8.2189,27.443,0.241853,0.246093,0.6597,1.082,1,1,68.371,16257024.0
zb0732,abierto,B5,104.6682,0.238752,4.4821,44.6993,88.9616,24.5014,CRITICA,11.149,0.592985,14.755,57.2943,0.246516,0.220688,3.2521,7.566,1,1,68.034,16257024.0
zb0732,abierto,B10,104.6682,0.238752,9.497,79.8686,51.0218,36.1926,CRITICA,16.7833,0.893788,10.3772,23.6936,0.227956,0.235991,4.522,1.1566,1,1,67.864,16257024.0
zb0732,abierto,B15,104.6682,0.238752,14.5179,105.9457,30.3169,41.6406,BIEN,20.154,0.909106,8.3755,1.2205,0.238578,0.240648,0.0729,0.7943,1,1,68.092,16257024.0
zb0732,abierto,B25,104.6682,0.238752,24.4821,141.515,11.7254,45.0025,BIEN,14.8978,0.801102,6.5117,35.2033,0.233072,0.232441,2.3792,2.6435,1,1,67.712,16257024.0
zb0732,abierto,B40,104.6682,0.238752,39.5144,135.5307,15.5602,46.1731,BIEN,16.2101,0.838601,8.2613,29.486,0.230722,0.241657,3.3633,1.2167,1,1,67.305,16257024.0
zb0863,abierto,B5,103.6038,0.250429,4.4839,44.5896,88.9984,24.8589,CRITICA,11.3039,0.59965,14.7629,56.9614,0.253862,0.223823,1.3705,10.6242,1,1,50.204,16257024.0
zb0863,abierto,B10,103.6038,0.250429,9.4759,79.7474,50.5017,36.6992,CRITICA,17.0647,0.898773,10.3833,23.0265,0.251196,0.24731,0.3063,1.2458,1,1,58.167,16257024.0
zb0863,abierto,B15,103.6038,0.250429,14.4789,105.5791,31.6773,42.421,BIEN,20.4152,0.911936,8.3939,1.9066,0.244477,0.244141,2.3769,2.5111,1,1,48.19,16257024.0
zb0863,abierto,B25,103.6038,0.250429,24.5017,141.2389,12.4299,45.7546,BIEN,14.859,0.801514,6.5259,36.326,0.245901,0.251475,1.8082,0.4177,1,1,52.345,16257024.0
zb0863,abierto,B40,103.6038,0.250429,39.5071,135.3516,16.1288,46.8738,BIEN,16.1415,0.838333,8.2712,30.6435,0.246339,0.251663,1.6333,0.4924,1,1,44.912,16257024.0
zb0867,abierto,B5,103.0673,0.256459,4.4871,44.5987,88.8548,24.8852,CRITICA,11.3641,0.603719,14.7595,56.7286,0.254721,0.222918,0.6777,13.0787,1,1,52.131,16257024.0
zb0867,abierto,B10,103.0673,0.256459,9.4788,79.7603,50.7792,36.6563,CRITICA,17.1513,0.901011,10.383,22.6134,0.261726,0.253208,2.0536,1.2679,1,1,67.347,16257024.0
zb0867,abierto,B15,103.0673,0.256459,14.4769,105.5353,31.7122,42.4945,BIEN,20.4294,0.911865,8.3937,2.3945,0.248339,0.260024,3.1665,1.3898,1,1,59.919,16257024.0
zb0867,abierto,B25,103.0673,0.256459,24.4996,141.2716,12.1504,45.7067,BIEN,14.7695,0.799563,6.5231,37.0673,0.251507,0.251592,1.931,1.898,1,1,48.515,16257024.0
zb0867,abierto,B40,103.0673,0.256459,39.5037,135.3098,16.352,46.9216,BIEN,16.0621,0.836916,8.2726,31.2829,0.249375,0.248003,2.7622,3.2974,1,1,53.322,16257024.0
zb0883,abierto,B5,101.3866,0.227981,4.4599,44.5759,89.7126,24.4141,CRITICA,11.6564,0.61157,14.8177,56.0337,0.246551,0.223551,8.1452,1.9434,1,1,52.265,16257024.0
zb0883,abierto,B10,101.3866,0.227981,9.4872,80.0739,51.4157,36.068,BIEN,17.7497,0.9045,10.3852,21.0212,0.233459,0.240963,2.4025,5.694,1,1,45.585,16257024.0
zb0883,abierto,B15,101.3866,0.227981,14.4603,106.0786,30.5731,41.6845,BIEN,20.7061,0.90967,8.3725,4.6278,0.233634,0.242294,2.4793,6.2781,1,1,66.835,16257024.0
zb0883,abierto,B25,101.3866,0.227981,24.4897,142.0801,11.0928,44.8077,BIEN,14.4703,0.794898,6.4758,40.1369,0.229468,0.244404,0.6523,7.2037,1,1,66.202,16257024.0
zb0883,abierto,B40,101.3866,0.227981,39.5083,136.0356,15.2768,45.9439,BIEN,15.7448,0.832561,8.2206,34.1751,0.231738,0.245362,1.6476,7.6236,1,1,69.029,16257024.0
zb0917,abierto,B5,107.8587,0.218301,4.431,44.4708,88.2299,24.3635,CRITICA,10.677,0.572543,14.8181,58.7694,0.231663,0.214723,6.1207,1.6391,1,1,58.494,16257024.0
zb0917,abierto,B10,107.8587,0.218301,9.4705,79.7714,50.5152,36.301,CRITICA,16.0504,0.884703,10.3806,26.0409,0.222181,0.228262,1.7773,4.5629,1,1,54.307,16257024.0
zb0917,abierto,B15,107.8587,0.218301,14.4985,105.7726,30.4916,42.0123,BIEN,19.7812,0.911928,8.3853,1.9341,0.22037,0.217701,0.9474,0.275,1,1,67.791,16257024.0
zb0917,abierto,B25,107.8587,0.218301,24.4852,141.2681,11.9428,45.3361,BIEN,15.3151,0.810526,6.5323,30.9752,0.213555,0.221202,2.1743,1.3286,1,1,68.241,16257024.0
zb0917,abierto,B40,107.8587,0.218301,39.5108,135.3494,15.172,46.4434,BIEN,16.6504,0.847145,8.2798,25.4877,0.218614,0.225167,0.1432,3.1451,1,1,67.805,16257024.0
zb0940,abierto,B5,106.0814,0.207296,4.4683,44.5753,88.5637,24.4923,CRITICA,10.9869,0.582508,14.8462,57.9801,0.209049,0.201074,0.8459,3.0013,1,1,59.067,16257024.0
zb0940,abierto,B10,106.0814,0.207296,9.4683,79.9227,51.0256,36.4137,CRITICA,16.5929,0.890746,10.3981,24.6591,0.213803,0.209059,3.1391,0.8507,1,1,68.295,16257024.0
zb0940,abierto,B15,106.0814,0.207296,14.4772,105.9166,30.6526,42.1951,BIEN,20.2814,0.912826,8.387,0.1553,0.214556,0.2158,3.5022,4.1024,1,1,68.526,16257024.0
zb0940,abierto,B25,106.0814,0.207296,24.484,141.6227,11.7196,45.4457,BIEN,15.1381,0.806514,6.5118,33.5038,0.208504,0.216092,0.5827,4.2435,1,1,68.787,16257024.0
zb0940,abierto,B40,106.0814,0.207296,39.5132,135.6857,15.2768,46.6391,BIEN,16.4672,0.843747,8.2522,27.9072,0.210511,0.213385,1.551,2.9372,1,1,69.879,16257024.0
zb0961,abierto,B5,103.0438,0.258311,4.493,44.4771,87.999,25.2773,CRITICA,11.316,0.598577,14.7457,56.8367,0.270581,0.233896,4.7497,9.4519,1,1,60.034,16257024.0
zb0961,abierto,B10,103.0438,0.258311,9.4659,79.48,51.3905,37.2379,CRITICA,17.0173,0.898069,10.3955,22.8677,0.260927,0.254876,1.0126,1.33,1,1,66.395,16257024.0
zb0961,abierto,B15,103.0438,0.258311,14.4655,105.1149,32.3061,43.1397,BIEN,20.2698,0.908623,8.4189,2.0099,0.259697,0.260667,0.5364,0.912,1,1,68.306,16257024.0
zb0961,abierto,B25,103.0438,0.258311,24.4924,140.6384,12.9616,46.4535,BIEN,14.8135,0.794791,6.565,36.4841,0.247296,0.259418,4.2646,0.4283,1,1,67.59,16257024.0
zb0961,abierto,B40,103.0438,0.258311,39.4894,134.7266,16.8468,47.6445,BIEN,16.103,0.832882,8.322,30.7468,0.251731,0.261785,2.5474,1.3445,1,1,68.618,16257024.0
zb0966,abierto,B5,103.4042,0.242165,4.4637,44.5531,88.8024,24.8363,CRITICA,11.3723,0.600381,14.7983,56.9137,0.250834,0.236444,3.5799,2.3624,1,1,68.199,16257024.0
zb0966,abierto,B10,103.4042,0.242165,9.4798,79.8428,51.7398,36.6421,CRITICA,17.1726,0.89907,10.4035,22.7857,0.242741,0.246479,0.2378,1.7814,1,1,68.124,16257024.0
zb0966,abierto,B15,103.4042,0.242165,14.4532,105.7786,30.6041,42.3292,BIEN,20.4461,0.911618,8.3974,2.2962,0.235015,0.244951,2.9525,1.1507,1,1,68.814,16257024.0
zb0966,abierto,B25,103.4042,0.242165,24.4865,141.5966,12.0942,45.7002,BIEN,14.7679,0.801838,6.513,36.9351,0.237492,0.247718,1.9296,2.2932,1,1,69.305,16257024.0
zb0966,abierto,B40,103.4042,0.242165,39.4987,135.6427,15.3739,46.8052,BIEN,16.0556,0.838798,8.2566,31.1772,0.237302,0.247272,2.0081,2.1092,1,1,70.285,16257024.0
zb0974,abierto,B5,103.382,0.246992,4.4577,44.6185,89.2604,24.4482,CRITICA,11.3981,0.603306,14.8049,56.8412,0.264762,0.236454,7.1945,4.2665,1,1,67.848,16257024.0
zb0974,abierto,B10,103.382,0.246992,9.4779,80.0023,51.6156,36.0661,BIEN,17.2174,0.900445,10.4035,22.6149,0.260858,0.245644,5.614,0.5457,1,1,68.883,16257024.0
zb0974,abierto,B15,103.382,0.246992,14.4497,106.0194,29.7289,41.6459,BIEN,20.4524,0.912979,8.3911,2.5511,0.26349,0.259977,6.6794,5.2571,1,1,67.459,16257024.0
zb0974,abierto,B25,103.382,0.246992,24.4757,141.9759,11.2888,44.9358,BIEN,14.7188,0.804466,6.4971,37.3313,0.239014,0.259799,3.2302,5.1852,1,1,59.253,16257024.0
zb0974,abierto,B40,103.382,0.246992,39.4979,135.9928,14.714,46.0416,BIEN,16.0015,0.840743,8.2372,31.544,0.250638,0.265752,1.476,7.5952,1,1,60.437,16257024.0
zb0993,abierto,B5,102.0749,0.260266,4.4646,44.4307,88.4783,25.2693,CRITICA,11.4478,0.604458,14.7668,56.4725,0.267098,0.236152,2.625,9.265,1,1,58.912,16257024.0
zb0993,abierto,B10,102.0749,0.260266,9.4318,79.3855,51.7514,37.3029,CRITICA,17.2316,0.90046,10.4103,22.2282,0.266705,0.262197,2.4743,0.7421,1,1,67.149,16257024.0
zb0993,abierto,B15,102.0749,0.260266,14.4757,105.2001,32.733,43.3586,BIEN,20.4121,0.908817,8.4193,3.0617,0.271179,0.257585,4.1931,1.03,1,1,67.622,16257024.0
zb0993,abierto,B25,102.0749,0.260266,24.502,140.7679,12.981,46.5837,BIEN,14.6812,0.792003,6.5624,37.9066,0.270802,0.266429,4.0482,2.3682,1,1,67.594,16257024.0
zb0993,abierto,B40,102.0749,0.260266,39.497,134.7887,16.8526,47.7221,BIEN,15.9612,0.830007,8.3232,32.0489,0.269472,0.262511,3.5372,0.8627,1,1,68.971,16257024.0
zb1020,abierto,B5,103.24,0.253662,4.4848,44.6405,88.7908,25.1039,CRITICA,11.3704,0.601735,14.7719,56.7605,0.259565,0.235895,2.327,7.0044,1,1,67.537,16257024.0
zb1020,abierto,B10,103.24,0.253662,9.4646,79.7721,51.3517,36.992,CRITICA,17.1636,0.899326,10.3936,22.7314,0.269763,0.255358,6.3473,0.6684,1,1,67.507,16257024.0
zb1020,abierto,B15,103.24,0.253662,14.4566,105.5551,32.0868,42.9527,BIEN,20.4978,0.911202,8.4035,2.2424,0.26877,0.259819,5.9558,2.427,1,1,66.838,16257024.0
zb1020,abierto,B25,103.24,0.253662,24.4906,141.1883,12.6899,46.2607,BIEN,14.8256,0.798669,6.5351,36.7574,0.26314,0.267559,3.7364,5.4786,1,1,67.729,16257024.0
zb1020,abierto,B40,103.24,0.253662,39.5033,135.2802,16.3869,47.397,BIEN,16.1173,0.836016,8.2825,31.0346,0.264757,0.266609,4.3736,5.1038,1,1,69.145,16257024.0
zb1105,abierto,B5,100.6451,0.267974,4.4538,44.4462,89.2119,24.9349,CRITICA,11.7032,0.613266,14.8137,55.8387,0.264122,0.240569,1.4374,10.2268,1,1,67.431,16257024.0
zb1105,abierto,B10,100.6451,0.267974,9.4587,79.6578,51.9785,36.9533,CRITICA,17.7875,0.906054,10.4106,20.8527,0.263289,0.258727,1.7481,3.4506,1,1,66.53,16257024.0
zb1105,abierto,B15,100.6451,0.267974,14.4702,105.6599,31.7103,42.5712,BIEN,20.5869,0.90777,8.41,4.9826,0.263863,0.260577,1.5341,2.7602,1,1,66.051,16257024.0
zb1105,abierto,B25,100.6451,0.267974,24.454,141.1699,12.4745,46.0584,BIEN,14.4908,0.789956,6.544,40.2651,0.264016,0.273061,1.477,1.8984,1,1,67.831,16257024.0
zb1105,abierto,B40,100.6451,0.267974,39.498,135.3609,16.0861,46.9789,BIEN,15.713,0.827164,8.288,34.4933,0.258758,0.273659,3.4391,2.1215,1,1,69.731,16257024.0
zb1124,abierto,B5,104.5357,0.222079,4.4801,44.7571,89.6291,24.17,CRITICA,11.2779,0.596194,14.8189,57.1849,0.230113,0.206221,3.6174,7.1407,1,1,67.339,16257024.0
zb1124,abierto,B10,104.5357,0.222079,9.4525,80.1634,51.3284,35.7691,BIEN,17.055,0.895841,10.4038,23.3148,0.223087,0.224175,0.4539,0.9438,1,1,67.854,16257024.0
zb1124,abierto,B15,104.5357,0.222079,14.4751,106.3948,29.7793,41.1673,BIEN,20.4875,0.911657,8.3836,1.7784,0.228515,0.220931,2.8977,0.517,1,1,67.974,16257024.0
zb1124,abierto,B25,104.5357,0.222079,24.4917,142.2469,11.0307,44.4802,BIEN,14.8734,0.803476,6.4925,36.0749,0.224841,0.228648,1.2434,2.958,1,1,67.721,16257024.0
zb1124,abierto,B40,104.5357,0.222079,39.4911,136.2195,14.7664,45.6285,BIEN,16.1921,0.840755,8.2324,30.3091,0.226065,0.231534,1.7945,4.2573,1,1,68.685,16257024.0
zb1144,abierto,B5,104.7685,0.234201,4.4777,45.0533,89.5923,23.9422,CRITICA,11.2528,0.608439,14.7685,56.9973,0.23674,0.2315,1.0842,1.1531,1,1,66.2,16257024.0
zb1144,abierto,B10,104.7685,0.234201,9.5178,80.343,51.9377,35.093,BIEN,16.9725,0.902066,10.3787,23.3139,0.228817,0.246172,2.2987,5.1115,1,1,67.629,16257024.0
zb1144,abierto,B15,104.7685,0.234201,14.5309,106.7397,28.8866,40.3803,BIEN,20.3163,0.916998,8.3499,1.8814,0.223298,0.241475,4.6554,3.1062,1,1,67.646,16257024.0
zb1144,abierto,B25,104.7685,0.234201,24.4787,142.6456,9.2433,43.3668,BIEN,14.7881,0.813757,6.458,36.1531,0.227362,0.241044,2.92,2.9222,1,1,67.56,16257024.0
zb1144,abierto,B40,104.7685,0.234201,39.4842,136.5562,12.6667,44.6225,BIEN,16.1031,0.849447,8.1941,30.3408,0.223,0.229814,4.7827,1.8731,1,1,69.096,16257024.0
zb1179,abierto,B5,105.6491,0.246349,4.4648,44.9108,89.897,23.7483,CRITICA,11.1206,0.600475,14.8276,57.4906,0.244072,0.233562,0.9245,5.1908,1,1,68.03,16257024.0
zb1179,abierto,B10,105.6491,0.246349,9.4686,80.4491,51.1576,34.8455,BIEN,16.8232,0.897891,10.3754,23.8525,0.250342,0.252661,1.6205,2.5619,1,1,68.401,16257024.0
zb1179,abierto,B15,105.6491,0.246349,14.49,106.6356,28.7547,40.3643,BIEN,20.3816,0.91867,8.3504,0.9338,0.232457,0.24976,5.6395,1.3843,1,1,66.378,16257024.0
zb1179,abierto,B25,105.6491,0.246349,24.5023,142.9656,8.9814,43.2379,BIEN,14.8775,0.817833,6.435,35.3212,0.228614,0.253304,7.1992,2.8232,1,1,66.684,16257024.0
zb1179,abierto,B40,105.6491,0.246349,39.5103,136.867,12.3076,44.3828,BIEN,16.206,0.852899,8.1687,29.5487,0.2326,0.249363,5.5812,1.2234,1,1,67.667,16257024.0
zb1237,abierto,B5,105.8072,0.22614,4.4627,44.621,88.9848,24.1976,CRITICA,11.0505,0.582093,14.8376,57.828,0.242716,0.2139,7.33,5.4126,1,1,68.38,16257024.0
zb1237,abierto,B10,105.8072,0.22614,9.4759,80.1254,51.3711,35.7409,BIEN,16.7018,0.889604,10.3886,24.2723,0.230684,0.228866,2.0093,1.2052,1,1,67.214,16257024.0
zb1237,abierto,B15,105.8072,0.22614,14.4788,106.1882,29.6843,41.4,BIEN,20.333,0.91121,8.3723,0.3602,0.237218,0.224085,4.8987,0.9088,1,1,68.603,16257024.0
zb1237,abierto,B25,105.8072,0.22614,24.493,142.1299,10.5863,44.4651,BIEN,15.0227,0.805545,6.4826,34.3292,0.224174,0.237753,0.8696,5.1351,1,1,67.079,16257024.0
zb1237,abierto,B40,105.8072,0.22614,39.5076,136.1297,14.1784,45.6114,BIEN,16.3483,0.842278,8.2206,28.6583,0.231496,0.231438,2.3683,2.3426,1,1,69.553,16257024.0
zb1246,abierto,B5,110.5984,0.236615,4.4343,44.6795,88.8335,23.8269,CRITICA,10.45,0.556472,14.8152,59.602,0.24771,0.225481,4.6892,4.7054,1,1,68.759,16257024.0
zb1246,abierto,B10,110.5984,0.236615,9.4378,80.0856,50.067,35.3049,BIEN,15.632,0.874281,10.3859,27.5889,0.231802,0.243197,2.0341,2.7818,1,1,66.419,16257024.0
zb1246,abierto,B15,110.5984,0.236615,14.5163,106.4403,28.384,40.7274,BIEN,19.6379,0.910239,8.3483,3.7596,0.230901,0.252778,2.4147,6.8309,1,1,66.294,16257024.0
zb1246,abierto,B25,110.5984,0.236615,24.4858,142.3205,10.5261,44.0095,BIEN,15.5735,0.817977,6.4652,28.6822,0.226446,0.24823,4.2976,4.9091,1,1,67.431,16257024.0
zb1246,abierto,B40,110.5984,0.236615,39.5028,136.2708,13.864,45.1315,BIEN,16.9429,0.854227,8.2058,23.2123,0.22607,0.248173,4.4565,4.8848,1,1,68.535,16257024.0
zc0027,abierto,B5,107.2651,0.307631,4.4326,45.9236,96.2157,21.628,CRITICA,11.6649,0.596498,14.9787,57.1868,0.309616,0.285182,0.6453,7.2974,1,1,67.036,16257024.0
zc0027,abierto,B10,107.2651,0.307631,9.4267,82.8931,35.3684,34.1324,BIEN,18.7967,0.894763,10.2115,22.7213,0.315041,0.307889,2.4086,0.0839,1,1,67.639,16257024.0
zc0027,abierto,B15,107.2651,0.307631,14.4922,110.0341,19.3483,41.5286,BIEN,24.6197,0.934708,8.0266,2.5814,0.304021,0.304292,1.1735,1.0856,1,1,67.786,16257024.0
zc0027,abierto,B25,107.2651,0.307631,24.485,146.5806,12.3794,48.7925,BIEN,15.246,0.857016,6.0192,36.6526,0.300188,0.300137,2.4197,2.4362,1,1,67.533,16257024.0
zc0027,abierto,B40,107.2651,0.307631,39.5114,140.65,13.3595,48.3255,BIEN,16.6102,0.886302,7.6625,31.1237,0.302184,0.299781,1.7706,2.5517,1,1,68.822,16257024.0
zc0102,abierto,B5,109.982,0.28996,4.4482,46.0263,94.7874,21.7942,CRITICA,11.2975,0.587315,14.9757,58.151,0.275254,0.279313,5.0719,3.6718,1,1,67.29,16257024.0
zc0102,abierto,B10,109.982,0.28996,9.4528,83.1397,34.9395,34.2185,BIEN,17.9994,0.88976,10.2041,24.4061,0.279513,0.300557,3.603,3.6545,1,1,66.92,16257024.0
zc0102,abierto,B15,109.982,0.28996,14.5124,110.0257,19.0126,41.4151,BIEN,23.954,0.933716,8.0427,0.0397,0.272045,0.294944,6.1784,1.7189,1,1,68.376,16257024.0
zc0102,abierto,B25,109.982,0.28996,24.4881,146.5915,12.067,48.6935,BIEN,15.611,0.864528,6.027,33.2867,0.274269,0.289815,5.4116,0.0502,1,1,68.407,16257024.0
zc0102,abierto,B40,109.982,0.28996,39.5338,140.6545,13.0315,48.2089,BIEN,17.0354,0.892823,7.673,27.8886,0.276018,0.286027,4.8083,1.3566,1,1,70.064,16257024.0
zc0189,abierto,B5,107.0992,0.294965,4.4229,46.051,97.351,20.5666,CRITICA,11.7567,0.597293,15.033,57.0016,0.297231,0.284944,0.7681,3.3972,1,1,67.315,16257024.0
zc0189,abierto,B10,107.0992,0.294965,9.4255,83.2519,34.9434,32.3216,BIEN,19.0083,0.896472,10.2388,22.2666,0.306558,0.297757,3.9303,0.9464,1,1,67.305,16257024.0
zc0189,abierto,B15,107.0992,0.294965,14.4947,110.7308,18.0461,39.1983,BIEN,24.7366,0.935844,8.0331,3.3908,0.312985,0.300822,6.1092,1.9856,1,1,67.259,16257024.0
zc0189,abierto,B25,107.0992,0.294965,24.5083,147.8052,10.9375,45.8189,BIEN,15.0879,0.855951,5.9992,38.0077,0.312087,0.305633,5.8046,3.6168,1,1,67.564,16257024.0
zc0189,abierto,B40,107.0992,0.294965,39.4907,141.6605,12.0883,45.4795,BIEN,16.4647,0.88604,7.6414,32.2703,0.310104,0.309055,5.1324,4.7767,1,1,69.577,16257024.0
zc0386,abierto,B5,109.7523,0.300409,4.4346,45.9494,95.3929,21.4869,CRITICA,11.3157,0.584715,15.0038,58.1335,0.295686,0.283366,1.5719,5.6733,1,1,68.306,16257024.0
zc0386,abierto,B10,109.7523,0.300409,9.4636,83.0813,35.6886,33.6483,BIEN,18.0243,0.888258,10.2244,24.3011,0.297172,0.31433,1.0775,4.6342,1,1,67.972,16257024.0
zc0386,abierto,B15,109.7523,0.300409,14.4706,110.0344,18.935,40.6988,BIEN,23.9706,0.932008,8.0563,0.2571,0.299696,0.312465,0.2371,4.0133,1,1,68.408,16257024.0
zc0386,abierto,B25,109.7523,0.300409,24.5061,146.8179,11.7274,47.7264,BIEN,15.5682,0.861681,6.033,33.7721,0.288081,0.308239,4.1038,2.6065,1,1,68.329,16257024.0
zc0386,abierto,B40,109.7523,0.300409,39.4863,140.8049,12.7617,47.2895,BIEN,16.9978,0.890629,7.6795,28.2934,0.298762,0.310063,0.5482,3.2137,1,1,69.394,16257024.0
zc0442,abierto,B5,111.1873,0.304034,4.4144,45.8489,95.2318,21.264,CRITICA,11.1381,0.576048,15.0391,58.7642,0.297529,0.28015,2.1395,7.8556,1,1,67.67,16257024.0
zc0442,abierto,B10,111.1873,0.304034,9.4091,82.9142,36.0108,33.0142,BIEN,17.5769,0.881188,10.2627,25.4284,0.305175,0.308422,0.3752,1.4432,1,1,68.753,16257024.0
zc0442,abierto,B15,111.1873,0.304034,14.486,110.2374,18.3411,39.9149,BIEN,23.7527,0.93252,8.0669,0.8543,0.302501,0.304715,0.5042,0.224,1,1,67.747,16257024.0
zc0442,abierto,B25,111.1873,0.304034,24.5017,147.2479,11.1102,46.5435,BIEN,15.7376,0.864421,6.0313,32.4323,0.296907,0.314313,2.3441,3.3809,1,1,67.372,16257024.0
zc0442,abierto,B40,111.1873,0.304034,39.481,141.1332,12.1097,46.2048,BIEN,17.1982,0.893494,7.6791,26.9328,0.302938,0.301338,0.3605,0.8868,1,1,68.801,16257024.0
zc0507,abierto,B5,109.7088,0.298926,4.4283,45.9484,95.6296,21.4784,CRITICA,11.3387,0.586732,15.0138,58.1179,0.3011,0.286226,0.7273,4.2486,1,1,67.484,16257024.0
zc0507,abierto,B10,109.7088,0.298926,9.4619,83.0253,35.9429,33.784,BIEN,18.074,0.889058,10.2332,24.3221,0.312274,0.309437,4.4652,3.5163,1,1,65.81,16257024.0
zc0507,abierto,B15,109.7088,0.298926,14.478,110.0133,18.77,40.9425,BIEN,24.1052,0.933495,8.0596,0.2775,0.297905,0.312275,0.3416,4.4658,1,1,68.363,16257024.0
zc0507,abierto,B25,109.7088,0.298926,24.5123,146.7653,11.9874,48.0748,BIEN,15.5726,0.863477,6.0353,33.7771,0.30659,0.306458,2.5638,2.5198,1,1,68.541,16257024.0
zc0507,abierto,B40,109.7088,0.298926,39.4863,140.7615,13.047,47.603,BIEN,17.0007,0.892108,7.6805,28.3047,0.299856,0.304989,0.3113,2.0284,1,1,67.542,16257024.0
zc0686,abierto,B5,110.3356,0.300033,4.4081,45.6672,94.8301,21.8036,CRITICA,11.1837,0.575835,15.0289,58.6106,0.288092,0.289132,3.9801,3.6333,1,1,67.637,16257024.0
zc0686,abierto,B10,110.3356,0.300033,9.4382,82.6656,36.4067,34.1585,BIEN,17.7213,0.883133,10.2495,25.078,0.293417,0.305138,2.2053,1.7014,1,1,67.188,16257024.0
zc0686,abierto,B15,110.3356,0.300033,14.4769,109.8471,19.0087,41.0207,BIEN,23.5603,0.930731,8.0679,0.4428,0.293563,0.300644,2.1565,0.2034,1,1,67.582,16257024.0
zc0686,abierto,B25,110.3356,0.300033,24.4903,146.5662,11.8613,47.9295,BIEN,15.6447,0.861214,6.0481,32.8368,0.284304,0.299821,5.2426,0.0709,1,1,67.728,16257024.0
zc0686,abierto,B40,110.3356,0.300033,39.4985,140.5746,12.8743,47.5658,BIEN,17.0798,0.890504,7.6983,27.4064,0.293833,0.305188,2.0665,1.7181,1,1,68.704,16257024.0
zc0809,abierto,B5,110.6774,0.30899,4.4233,45.8859,95.0882,21.1698,CRITICA,11.217,0.581549,15.0436,58.5409,0.298596,0.295157,3.3639,4.477,1,1,67.443,16257024.0
zc0809,abierto,B10,110.6774,0.30899,9.458,83.1114,35.6498,33.0728,BIEN,17.8084,0.885527,10.2491,24.9066,0.291803,0.308761,5.5625,0.0742,1,1,67.511,16257024.0
zc0809,abierto,B15,110.6774,0.30899,14.4759,110.3115,18.1257,39.6694,BIEN,23.7745,0.933218,8.0685,0.3307,0.292901,0.319407,5.2071,3.3712,1,1,67.69,16257024.0
zc0809,abierto,B25,110.6774,0.30899,24.5001,147.3725,10.8968,46.2591,BIEN,15.6138,0.864291,6.0285,33.155,0.295715,0.310713,4.2964,0.5574,1,1,67.812,16257024.0
zc0809,abierto,B40,110.6774,0.30899,39.4997,141.2385,11.9156,45.9474,BIEN,17.0733,0.893644,7.6772,27.6127,0.291601,0.297929,5.6277,3.5799,1,1,68.38,16257024.0
zc0813,abierto,B5,110.4157,0.2834,4.4187,45.8342,95.2376,21.0962,CRITICA,11.24,0.581776,15.0495,58.4894,0.272673,0.28129,3.785,0.7445,1,1,68.948,16257024.0
zc0813,abierto,B10,110.4157,0.2834,9.4509,83.043,35.8458,33.0029,BIEN,17.8617,0.884455,10.2524,24.7906,0.272651,0.298008,3.7928,5.1548,1,1,68.413,16257024.0
zc0813,abierto,B15,110.4157,0.2834,14.4768,110.3608,17.9394,39.5947,BIEN,23.7982,0.931723,8.0621,0.0497,0.275873,0.294465,2.6558,3.9043,1,1,67.904,16257024.0
zc0813,abierto,B25,110.4157,0.2834,24.5006,147.4268,10.8017,46.193,BIEN,15.5726,0.863082,6.0241,33.5198,0.281486,0.291679,0.6752,2.9213,1,1,68.7,16257024.0
zc0813,abierto,B40,110.4157,0.2834,39.5041,141.2947,11.774,45.8891,BIEN,17.0207,0.892448,7.6716,27.9662,0.28344,0.27543,0.0143,2.8122,1,1,68.488,16257024.0
zc0842,abierto,B5,110.7705,0.312288,4.4322,45.85,94.7175,21.3379,CRITICA,11.1638,0.581012,15.0273,58.6081,0.299035,0.292092,4.2439,6.4671,1,1,67.734,16257024.0
zc0842,abierto,B10,110.7705,0.312288,9.464,82.9986,36.1913,33.2936,BIEN,17.6656,0.884778,10.2467,25.0716,0.307284,0.306133,1.6022,1.9708,1,1,67.543,16257024.0
zc0842,abierto,B15,110.7705,0.312288,14.4653,110.1482,18.2111,39.8972,BIEN,23.4775,0.933241,8.0707,0.5618,0.28559,0.308232,8.5491,1.2987,1,1,67.6,16257024.0
zc0842,abierto,B25,110.7705,0.312288,24.4882,147.129,10.9317,46.4579,BIEN,15.6296,0.86468,6.0382,32.8233,0.294666,0.303125,5.6427,2.934,1,1,67.89,16257024.0
zc0842,abierto,B40,110.7705,0.312288,39.4958,141.0313,11.9195,46.1431,BIEN,17.0789,0.893832,7.6883,27.3184,0.297246,0.295811,4.8168,5.276,1,1,69.028,16257024.0
zc0852,abierto,B5,109.0033,0.299491,4.4127,45.8714,95.9887,21.0752,CRITICA,11.4292,0.584603,15.0429,57.9174,0.303797,0.292113,1.4377,2.4635,1,1,67.666,16257024.0
zc0852,abierto,B10,109.0033,0.299491,9.4405,83.0347,36.069,32.9641,BIEN,18.2474,0.89014,10.2531,23.8237,0.301999,0.30806,0.8374,2.861,1,1,67.273,16257024.0
zc0852,abierto,B15,109.0033,0.299491,14.5037,110.3687,18.3916,39.8941,BIEN,24.1305,0.931942,8.0569,1.2526,0.312079,0.300649,4.203,0.3867,1,1,67.758,16257024.0
zc0852,abierto,B25,109.0033,0.299491,24.4895,147.2641,11.151,46.4815,BIEN,15.3965,0.858535,6.0306,35.1006,0.31011,0.305579,3.5457,2.0328,1,1,67.748,16257024.0
zc0852,abierto,B40,109.0033,0.299491,39.4881,141.2278,12.2436,46.1403,BIEN,16.8036,0.888203,7.6739,29.5628,0.31011,0.298032,3.5457,0.4873,1,1,69.012,16257024.0
zc1127,abierto,B5,110.4196,0.292988,4.4171,45.7024,94.4342,21.6637,CRITICA,11.1889,0.579404,15.0389,58.6102,0.299809,0.286506,2.3279,2.2123,1,1,66.617,16257024.0
zc1127,abierto,B10,110.4196,0.292988,9.4387,82.7886,36.395,33.8293,BIEN,17.714,0.884812,10.2557,25.0236,0.302951,0.303738,3.4006,3.6692,1,1,69.13,16257024.0
zc1127,abierto,B15,110.4196,0.292988,14.483,109.9781,18.6419,40.5038,BIEN,23.4334,0.932468,8.0759,0.3998,0.288939,0.314306,1.3821,7.276,1,1,67.983,16257024.0
zc1127,abierto,B25,110.4196,0.292988,24.4856,146.7779,11.314,47.2268,BIEN,15.5991,0.863335,6.0501,32.9275,0.283371,0.307806,3.2826,5.0574,1,1,68.995,16257024.0
zc1127,abierto,B40,110.4196,0.292988,39.5023,140.7655,12.3406,46.9002,BIEN,17.0272,0.892618,7.6992,27.4823,0.288318,0.292099,1.5939,0.3036,1,1,69.241,16257024.0
zc1135,abierto,B5,110.3833,0.285628,4.4184,45.7309,94.5468,21.4986,CRITICA,11.206,0.582124,15.0446,58.5708,0.287722,0.290321,0.7333,1.6432,1,1,66.992,16257024.0
zc1135,abierto,B10,110.3833,0.285628,9.4357,82.838,36.395,33.5914,BIEN,17.7555,0.886085,10.2569,24.9543,0.27831,0.299559,2.5621,4.8773,1,1,67.77,16257024.0
zc1135,abierto,B15,110.3833,0.285628,14.4786,110.0762,18.3819,40.2272,BIEN,23.5079,0.933009,8.0738,0.2782,0.286606,0.304095,0.3425,6.4654,1,1,67.096,16257024.0
zc1135,abierto,B25,110.3833,0.285628,24.4854,146.9776,11.1588,46.8985,BIEN,15.5734,0.863953,6.0422,33.152,0.284206,0.295815,0.4978,3.5665,1,1,67.909,16257024.0
zc1135,abierto,B40,110.3833,0.285628,39.4971,140.9099,12.1776,46.5987,BIEN,17.0093,0.893498,7.6918,27.655,0.284625,0.283365,0.3513,0.7924,1,1,68.665,16257024.0
zc1176,abierto,B5,108.3552,0.303197,4.4183,45.8724,95.7849,20.8582,CRITICA,11.4981,0.593233,15.0372,57.6648,0.301831,0.289102,0.4506,4.6488,1,1,66.817,16257024.0
zc1176,abierto,B10,108.3552,0.303197,9.4375,83.0577,36.2747,32.5824,BIEN,18.3513,0.89425,10.2536,23.3468,0.305748,0.311946,0.8411,2.8855,1,1,67.502,16257024.0
zc1176,abierto,B15,108.3552,0.303197,14.496,110.5008,17.984,39.3058,BIEN,23.9128,0.934369,8.0541,1.9801,0.303829,0.311762,0.2082,2.8246,1,1,66.369,16257024.0
zc1176,abierto,B25,108.3552,0.303197,24.4512,147.3568,10.5183,45.6826,BIEN,15.2561,0.859346,6.0319,35.9942,0.295917,0.317014,2.4013,4.5569,1,1,67.577,16257024.0
zc1176,abierto,B40,108.3552,0.303197,39.5066,141.3715,11.5857,45.3473,BIEN,16.6233,0.888669,7.6744,30.4704,0.298401,0.304937,1.5819,0.5737,1,1,68.488,16257024.0
zc1181,abierto,B5,108.9787,0.295334,4.4288,45.9558,95.6393,20.8731,CRITICA,11.4313,0.590385,15.0315,57.8305,0.292069,0.28902,1.1055,2.1381,1,1,67.307,16257024.0
zc1181,abierto,B10,108.9787,0.295334,9.4606,83.1483,36.2398,32.5798,BIEN,18.2154,0.892802,10.25,23.7022,0.286985,0.31064,2.8272,5.1826,1,1,67.11,16257024.0
zc1181,abierto,B15,108.9787,0.295334,14.5022,110.533,17.8987,39.2651,BIEN,23.8728,0.933139,8.0554,1.4263,0.295724,0.309134,0.1318,4.6726,1,1,67.64,16257024.0
zc1181,abierto,B25,108.9787,0.295334,24.5,147.51,10.5242,45.6178,BIEN,15.3208,0.860077,6.0269,35.3567,0.2979,0.308395,0.8688,4.4224,1,1,67.522,16257024.0
zc1181,abierto,B40,108.9787,0.295334,39.4972,141.4063,11.576,45.3245,BIEN,16.727,0.889727,7.6721,29.7559,0.299041,0.292619,1.2552,0.9193,1,1,68.899,16257024.0
zc1316,abierto,B5,110.0777,0.290126,4.4006,45.6371,94.9077,21.2885,CRITICA,11.2512,0.582027,15.0707,58.541,0.29581,0.284506,1.9593,1.9371,1,1,67.243,16257024.0
zc1316,abierto,B10,110.0777,0.290126,9.4042,82.7435,36.2631,33.2671,BIEN,17.8487,0.886195,10.2748,24.8317,0.283969,0.30218,2.1223,4.1547,1,1,60.138,16257024.0
zc1316,abierto,B15,110.0777,0.290126,14.4693,110.1357,18.215,39.9531,BIEN,23.6807,0.932891,8.0744,0.0527,0.288432,0.306949,0.5837,5.7985,1,1,59.521,16257024.0
zc1316,abierto,B25,110.0777,0.290126,24.4694,147.1305,11.0055,46.5844,BIEN,15.5275,0.863726,6.0366,33.6605,0.291947,0.299798,0.6277,3.3338,1,1,60.196,16257024.0
zc1316,abierto,B40,110.0777,0.290126,39.4653,141.0337,11.9758,46.2634,BIEN,16.9623,0.893204,7.6852,28.122,0.295751,0.292898,1.9387,0.9555,1,1,60.505,16257024.0
zc1434,abierto,B5,108.27,0.312443,4.4258,45.9787,95.6743,21.0552,CRITICA,11.5377,0.595846,15.026,57.5333,0.289714,0.2895,7.2746,7.3431,1,1,59.683,16257024.0
zc1434,abierto,B10,108.27,0.312443,9.4331,83.0944,35.9235,32.8757,BIEN,18.4449,0.895155,10.2477,23.2526,0.295117,0.311738,5.5452,0.2256,1,1,59.411,16257024.0
zc1434,abierto,B15,108.27,0.312443,14.5146,110.4416,18.0694,39.803,BIEN,24.0744,0.933997,8.0503,2.0057,0.291765,0.300275,6.618,3.8944,1,1,59.108,16257024.0
zc1434,abierto,B25,108.27,0.312443,24.5048,147.4315,10.7978,46.2715,BIEN,15.223,0.859126,6.0199,36.1702,0.290087,0.299932,7.1551,4.004,1,1,69.509,16257024.0
zc1434,abierto,B40,108.27,0.312443,39.4975,141.2687,11.8787,46.0246,BIEN,16.6297,0.888969,7.6691,30.4781,0.28557,0.294386,8.6007,5.7793,1,1,69.44,16257024.0
zc1452,abierto,B5,109.2273,0.292933,4.4196,45.769,94.6748,21.6637,CRITICA,11.3659,0.588476,15.0341,58.0975,0.302949,0.287866,3.4193,1.7296,1,1,57.488,16257024.0
zc1452,abierto,B10,109.2273,0.292933,9.4299,82.8326,35.8187,33.9281,BIEN,18.0908,0.891837,10.2513,24.165,0.288222,0.307963,1.6084,5.131,1,1,59.56,16257024.0
zc1452,abierto,B15,109.2273,0.292933,14.5179,109.9864,18.9893,41.1035,BIEN,23.8815,0.933577,8.065,0.6949,0.287962,0.305763,1.6971,4.3798,1,1,66.275,16257024.0
zc1452,abierto,B25,109.2273,0.292933,24.4861,146.6036,11.7293,48.0118,BIEN,15.4575,0.86214,6.0472,34.2188,0.296587,0.302196,1.2474,3.1622,1,1,66.643,16257024.0
zc1452,abierto,B40,109.2273,0.292933,39.498,140.6484,12.7812,47.6169,BIEN,16.8639,0.891102,7.6931,28.7667,0.298848,0.301923,2.0191,3.069,1,1,68.789,16257024.0
zc1490,abierto,B5,108.0737,0.295927,4.4218,45.9258,95.6898,21.1205,CRITICA,11.5651,0.595255,15.0331,57.5051,0.300026,0.28779,1.3852,2.7495,1,1,58.877,16257024.0
zc1490,abierto,B10,108.0737,0.295927,9.4244,83.0413,36.0554,32.9689,BIEN,18.5081,0.894964,10.2515,23.1623,0.283344,0.297264,4.2519,0.4517,1,1,58.664,16257024.0
zc1490,abierto,B15,108.0737,0.295927,14.515,110.3866,18.1509,39.9285,BIEN,24.1395,0.934443,8.0538,2.1401,0.284367,0.312058,3.9064,5.451,1,1,58.549,16257024.0
zc1490,abierto,B25,108.0737,0.295927,24.4805,147.2939,11.0074,46.3852,BIEN,15.2218,0.858969,6.0265,36.2903,0.290537,0.302587,1.8215,2.2506,1,1,57.849,16257024.0
zc1490,abierto,B40,108.0737,0.295927,39.4982,141.2208,12.0553,46.137,BIEN,16.6043,0.888469,7.6714,30.6709,0.29348,0.291232,0.8268,1.5866,1,1,67.734,16257024.0
zc1576,abierto,B5,106.839,0.297967,4.4252,45.9829,96.3535,20.7068,CRITICA,11.7447,0.605145,15.0292,56.9605,0.288272,0.284153,3.2537,4.6363,1,1,67.926,16257024.0
zc1576,abierto,B10,106.839,0.297967,9.4495,83.1937,35.6188,32.3894,BIEN,18.9143,0.900625,10.2413,22.1317,0.282931,0.302546,5.0462,1.5365,1,1,67.759,16257024.0
zc1576,abierto,B15,106.839,0.297967,14.4845,110.6005,17.788,39.1587,BIEN,24.2082,0.937001,8.0421,3.5207,0.28891,0.296607,3.0399,0.4567,1,1,67.757,16257024.0
zc1576,abierto,B25,106.839,0.297967,24.4885,147.6268,10.4873,45.6576,BIEN,15.0053,0.85712,6.0119,38.1769,0.281828,0.300439,5.4165,0.8296,1,1,67.667,16257024.0
zc1576,abierto,B40,106.839,0.297967,39.507,141.4972,11.5391,45.3826,BIEN,16.3632,0.887495,7.6565,32.4397,0.283259,0.296035,4.9361,0.6484,1,1,68.455,16257024.0
zc1667,abierto,B5,108.0851,0.301011,4.4161,45.9045,95.5967,21.2648,CRITICA,11.5539,0.593932,15.031,57.5293,0.294246,0.287679,2.2473,4.4291,1,1,67.951,16257024.0
zc1667,abierto,B10,108.0851,0.301011,9.4295,82.9844,35.8594,33.2558,BIEN,18.4825,0.894773,10.2507,23.2231,0.29561,0.305184,1.7943,1.3863,1,1,68.204,16257024.0
zc1667,abierto,B15,108.0851,0.301011,14.5176,110.2747,18.5119,40.2864,BIEN,24.1073,0.934717,8.0567,2.0258,0.29494,0.299761,2.0168,0.4152,1,1,68.403,16257024.0
zc1667,abierto,B25,108.0851,0.301011,24.4758,147.0861,11.2306,46.8864,BIEN,15.2437,0.858492,6.0337,36.0836,0.279717,0.309753,7.074,2.9042,1,1,66.787,16257024.0
zc1667,abierto,B40,108.0851,0.301011,39.4887,141.0381,12.23,46.5814,BIEN,16.6284,0.888213,7.6798,30.488,0.298328,0.297545,0.8912,1.1514,1,1,68.605,16257024.0
