imagen_id,estado_ojo,nivel_brillo,brillo_ref,ear_ref,brillo_oscura,brillo_mejorada,darkpct_mejorada,std_mejorada,nivel_ilum,psnr_vs_ref,ssim_vs_ref,psnr_vs_oscura,error_brillo_pct,ear_mejorada,ear_oscura,ear_error_mej_pct,ear_error_osc_pct,deteccion_ref,deteccion_mejorada,fps,flops
closed_eye_0002.jpg_face_2,cerrado,B5,119.98,0.108019,4.4706,42.229,100.0,15.2319,CRITICA,8.6347,0.32746,16.2221,64.8033,0.144051,nan,33.3568,nan,1,1,1426.534,nan
closed_eye_0003.jpg_face_2,cerrado,B5,169.273,0.062583,4.4199,44.0072,100.0,9.7172,CRITICA,5.5349,0.274752,16.0805,74.0022,nan,nan,nan,nan,1,0,5827.506,nan
closed_eye_0007.jpg_face_1,cerrado,B5,148.5356,0.032973,4.3259,40.1199,100.0,18.6938,CRITICA,6.3783,0.305071,16.3332,72.9897,0.085877,nan,160.4448,nan,1,1,5157.298,nan
closed_eye_0013.BMP_face_1,cerrado,B5,99.3546,0.100251,4.4353,37.4856,100.0,23.491,CRITICA,9.5732,0.34432,16.4489,62.2709,0.079341,0.147124,20.8571,46.756,1,1,5246.59,nan
closed_eye_0015.jpg_face_1,cerrado,B5,136.8367,0.044322,4.4336,42.4883,100.0,14.2445,CRITICA,7.3726,0.346076,16.1634,68.9496,0.04489,0.151165,1.2818,241.0586,1,1,4755.112,nan
closed_eye_0019.jpg_face_1,cerrado,B5,133.3445,0.028059,4.5093,44.6923,100.0,6.4289,CRITICA,8.7606,0.358148,15.9471,66.4836,0.134435,nan,379.1227,nan,1,1,6265.664,nan
closed_eye_0030.jpg_face_2,cerrado,B5,121.8991,0.057203,4.4935,42.5037,100.0,14.1652,CRITICA,9.1224,0.458836,16.2479,65.1321,0.070071,nan,22.4966,nan,1,1,1890.717,nan
closed_eye_0032.jpg_face_1,cerrado,B5,156.1175,0.03677,4.41,42.6197,100.0,14.253,CRITICA,6.1094,0.32955,16.1259,72.7003,0.050781,nan,38.1048,nan,1,1,1216.989,nan
closed_eye_0033.jpg_face_2,cerrado,B5,115.7202,0.103117,4.3792,43.1359,100.0,11.6804,CRITICA,9.3868,0.333081,16.2193,62.7239,0.154225,nan,49.5633,nan,1,1,5984.44,nan
closed_eye_0053.jpg_face_3,cerrado,B5,148.0864,0.068393,4.4003,44.0762,100.0,8.961,CRITICA,7.2157,0.423766,16.0597,70.2362,0.080771,nan,18.0978,nan,1,1,2493.144,nan
closed_eye_0059.jpg_face_2,cerrado,B5,100.2889,0.10055,4.5156,44.0776,100.0,11.1576,CRITICA,11.3583,0.55077,15.9502,56.0494,0.122675,nan,22.0043,nan,1,1,2533.57,nan
closed_eye_0060.jpg_face_1,cerrado,B5,95.9278,0.047151,4.3218,40.5475,100.0,17.7458,CRITICA,11.8883,0.475485,16.3565,57.7313,0.055317,0.235312,17.319,399.0655,1,1,3124.024,nan
closed_eye_0068.jpg_face_1,cerrado,B5,105.9201,0.047283,4.4441,44.1527,100.0,9.7342,CRITICA,11.323,0.511596,16.1439,58.315,0.09966,nan,110.774,nan,1,1,5711.022,nan
closed_eye_0077.jpg_face_1,cerrado,B5,121.1229,0.062263,4.3748,42.3028,100.0,14.7121,CRITICA,9.1376,0.415731,16.2043,65.0745,0.049243,nan,20.9117,nan,1,1,5194.805,nan
closed_eye_0086.jpg_face_2,cerrado,B5,78.7757,0.055506,4.5073,40.3635,100.0,19.2537,CRITICA,14.2273,0.599408,16.3014,48.7615,0.073009,0.173146,31.5328,211.9381,1,1,2901.915,nan
closed_eye_0091.jpg_face_1,cerrado,B5,151.2539,0.050929,4.3123,44.0768,100.0,8.3898,CRITICA,6.9455,0.438889,16.2127,70.8591,0.054953,nan,7.9017,nan,1,1,1772.421,nan
closed_eye_0093.jpg_face_1,cerrado,B5,143.424,0.078215,4.522,43.4071,100.0,11.8159,CRITICA,6.7964,0.452611,15.9754,69.7351,0.100936,nan,29.0485,nan,1,1,1764.291,nan
closed_eye_0095.jpg_face_1,cerrado,B5,146.3171,0.054832,4.5978,44.0995,100.0,10.4653,CRITICA,7.2197,0.320657,15.8209,69.8603,nan,nan,nan,nan,1,0,4980.079,nan
closed_eye_0097.jpg_face_4,cerrado,B5,113.304,0.02637,4.4424,42.6297,100.0,14.4514,CRITICA,9.7315,0.400177,16.1596,62.3758,0.17118,nan,549.1575,nan,1,1,6035.003,nan
closed_eye_0105.jpg_face_2,cerrado,B5,84.8034,0.07693,4.4653,44.7112,100.0,6.8308,CRITICA,15.1026,0.644159,16.0097,47.2766,0.132864,nan,72.7073,nan,1,1,5434.782,nan
closed_eye_0139.jpg_face_1,cerrado,B5,124.8511,0.065564,4.3403,39.7157,100.0,19.2565,CRITICA,8.2513,0.260617,16.3937,68.1895,0.077687,nan,18.4897,nan,1,1,6459.949,nan
closed_eye_0142.jpg_face_1,cerrado,B5,137.3445,0.039781,4.5626,40.6359,100.0,19.996,CRITICA,7.3518,0.254117,16.1359,70.4132,0.054146,0.149974,36.11,276.997,1,1,3874.467,nan
closed_eye_0151.jpg_face_1,cerrado,B5,81.4116,0.052451,4.5377,43.3005,100.0,13.6434,CRITICA,14.5593,0.605703,16.0007,46.8129,0.045094,nan,14.0278,nan,1,1,4911.591,nan
closed_eye_0151.jpg_face_2,cerrado,B5,92.7773,0.038325,4.5637,44.0559,100.0,10.4322,CRITICA,12.9669,0.554708,15.8976,52.5143,0.069067,0.199886,80.2139,421.5567,1,1,4618.938,nan
closed_eye_0161.jpg_face_1,cerrado,B5,77.1857,0.086532,4.4663,38.2463,99.8127,20.8773,CRITICA,12.5684,0.484523,16.3855,50.449,0.077292,0.241197,10.6773,178.738,1,1,1927.154,nan
closed_eye_0162.jpg_face_1,cerrado,B5,170.1527,0.03802,4.5282,43.3889,100.0,12.9557,CRITICA,5.3435,0.267993,15.8952,74.5,0.045073,0.212289,18.5516,458.3662,1,1,4255.319,nan
closed_eye_0165.jpg_face_2,cerrado,B5,127.1762,0.092497,4.4297,42.9192,100.0,12.7944,CRITICA,8.5442,0.401837,16.2144,66.2522,0.176827,0.193373,91.172,109.0599,1,1,2772.387,nan
closed_eye_0168.jpg_face_1,cerrado,B5,78.4385,0.063652,4.4891,42.1416,100.0,15.6259,CRITICA,14.669,0.573376,16.1992,46.2744,0.081779,0.160087,28.4781,151.5033,1,1,4231.909,nan
closed_eye_0171.jpg_face_1,cerrado,B5,153.9087,0.032013,4.3588,44.2346,100.0,8.1815,CRITICA,6.803,0.297871,16.1589,71.2592,0.094738,nan,195.938,nan,1,1,5417.118,nan
closed_eye_0178.jpg_face_1,cerrado,B5,104.2226,0.135862,4.3444,42.3243,100.0,13.0596,CRITICA,10.9868,0.481643,16.4436,59.3905,nan,nan,nan,nan,1,0,6116.208,nan
closed_eye_0183.jpg_face_1,cerrado,B5,77.5475,0.041944,4.4831,39.7492,100.0,20.2144,CRITICA,14.661,0.51906,16.1863,48.7422,0.077073,0.190759,83.75,354.79,1,1,6365.372,nan
closed_eye_0185.jpg_face_1,cerrado,B5,115.3764,0.027319,4.5548,40.0932,100.0,20.1134,CRITICA,9.0065,0.336746,16.1822,65.2501,0.04128,0.184739,51.103,576.2253,1,1,5364.806,nan
closed_eye_0189.jpg_face_1,cerrado,B5,141.9917,0.1466,4.4721,41.545,100.0,17.0129,CRITICA,6.7476,0.314763,16.1769,70.7412,0.161932,nan,10.4583,nan,1,1,5274.261,nan
closed_eye_0191.jpg_face_1,cerrado,B5,126.7679,0.094616,4.4954,44.4831,100.0,8.1237,CRITICA,9.2552,0.479728,16.0033,64.9098,0.156536,nan,65.4438,nan,1,1,1793.079,nan
closed_eye_0192.jpg_face_1,cerrado,B5,93.2502,0.061993,4.5649,42.8017,100.0,14.5653,CRITICA,12.6481,0.621628,15.9706,54.1001,0.081245,0.178283,31.054,187.5843,1,1,1621.797,nan
closed_eye_0195.jpg_face_1,cerrado,B5,101.2213,0.071417,4.4245,43.7025,100.0,11.6268,CRITICA,12.4562,0.591187,16.1938,56.8248,0.098014,nan,37.2419,nan,1,1,4297.379,nan
closed_eye_0209.jpg_face_1,cerrado,B5,187.6045,0.068434,4.5001,44.4767,100.0,10.6934,CRITICA,4.4603,0.323406,15.8756,76.2923,0.079776,nan,16.5735,nan,1,1,2407.318,nan
closed_eye_0212.jpg_face_1,cerrado,B5,155.0625,0.02427,4.2594,41.3438,100.0,15.8914,CRITICA,6.2776,0.303647,16.3576,73.3374,0.07562,nan,211.5767,nan,1,1,4911.591,nan
closed_eye_0228.jpg_face_2,cerrado,B5,140.9694,0.05744,4.3818,43.0511,100.0,12.0162,CRITICA,7.3248,0.299095,16.052,69.4607,0.149744,0.207139,160.6949,260.615,1,1,4995.005,nan
closed_eye_0238.jpg_face_2,cerrado,B5,123.6293,0.057296,4.4794,45.0525,100.0,5.8424,CRITICA,9.7026,0.47183,15.9031,63.5584,0.0816,nan,42.419,nan,1,1,4549.59,nan
closed_eye_0241.jpg_face_1,cerrado,B5,128.7318,0.078336,4.5607,45.2205,100.0,4.6647,CRITICA,9.3184,0.444629,15.8252,64.8723,0.13312,nan,69.9345,nan,1,1,5534.034,nan
closed_eye_0243.jpg_face_1,cerrado,B5,126.6932,0.087037,4.3383,43.8627,100.0,8.6557,CRITICA,8.8892,0.377024,16.1903,65.3788,nan,nan,nan,nan,1,0,5592.841,nan
closed_eye_0243.jpg_face_2,cerrado,B5,128.6769,0.065808,4.3892,44.1719,100.0,8.3036,CRITICA,8.8934,0.383058,16.1056,65.6722,nan,nan,nan,nan,1,0,3226.847,nan
closed_eye_0248.jpg_face_1,cerrado,B5,117.0341,0.088974,4.4266,38.316,100.0,22.2216,CRITICA,8.3338,0.433934,16.3388,67.2608,0.077875,0.194348,12.4753,118.4309,1,1,1484.12,nan
closed_eye_0249.JPG_face_1,cerrado,B5,129.7765,0.081528,4.522,43.5061,100.0,12.9079,CRITICA,7.9847,0.282575,16.0529,66.4761,nan,nan,nan,nan,1,0,6261.741,nan
closed_eye_0251.jpg_face_1,cerrado,B5,132.4035,0.114122,4.4007,43.3778,100.0,12.1593,CRITICA,8.3524,0.348498,16.175,67.2382,0.121742,0.1586,6.6769,38.9739,1,1,4019.293,nan
closed_eye_0260.jpg_face_1,cerrado,B5,204.5392,0.037491,4.401,44.7325,100.0,7.1905,CRITICA,3.7946,0.250324,15.9556,78.1301,0.071579,nan,90.9223,nan,1,1,4889.976,nan
closed_eye_0261.jpg_face_1,cerrado,B5,170.5944,0.037971,4.4316,45.0027,100.0,6.3656,CRITICA,5.8887,0.278159,15.9481,73.6201,0.053743,0.209702,41.5357,452.266,1,1,4688.233,nan
closed_eye_0271.jpg_face_1,cerrado,B5,201.4902,0.046168,4.3802,43.8214,100.0,9.6011,CRITICA,3.9792,0.338886,16.1569,78.2514,0.088395,nan,91.4634,nan,1,1,1409.245,nan
closed_eye_0272.jpg_face_1,cerrado,B5,196.8279,0.068621,4.3827,44.4238,100.0,8.2375,CRITICA,4.2944,0.377415,16.093,77.4301,0.072238,nan,5.2707,nan,1,1,1432.665,nan
closed_eye_0282.jpg_face_1,cerrado,B5,170.0237,0.098176,4.3395,43.6885,100.0,9.3949,CRITICA,5.3934,0.368208,16.1144,74.3044,0.105309,nan,7.2654,nan,1,1,2017.349,nan
closed_eye_0288.jpg_face_1,cerrado,B5,157.2491,0.025711,4.4028,40.7023,100.0,18.4829,CRITICA,5.8185,0.418096,16.2226,74.116,0.057401,nan,123.2497,nan,1,1,2239.642,nan
closed_eye_0296.jpg_face_3,cerrado,B5,154.2362,0.06445,4.319,43.1483,100.0,11.3141,CRITICA,6.5164,0.24881,16.1106,72.0245,0.14071,nan,118.3243,nan,1,1,5844.536,nan
closed_eye_0312.jpg_face_2,cerrado,B5,136.6702,0.057643,4.3748,41.067,100.0,17.0635,CRITICA,7.5412,0.346973,16.3043,69.9517,0.05082,0.167254,11.8375,190.1526,1,1,3304.693,nan
closed_eye_0334.BMP_face_1,cerrado,B5,143.2184,0.080599,4.4568,37.5637,100.0,23.8343,CRITICA,6.0106,0.376389,16.3854,73.7717,0.104207,0.205163,29.2908,154.549,1,1,3353.454,nan
closed_eye_0335.jpg_face_1,cerrado,B5,166.9147,0.137731,4.3451,42.3554,100.0,14.4624,CRITICA,5.2742,0.192229,16.0494,74.6245,nan,nan,nan,nan,1,0,5966.587,nan
closed_eye_0341.jpg_face_2,cerrado,B5,123.898,0.108515,4.3864,40.4025,100.0,19.1722,CRITICA,8.3436,0.245154,16.3218,67.3905,nan,nan,nan,nan,1,0,7153.076,nan
closed_eye_0342.jpg_face_2,cerrado,B5,144.0439,0.047956,4.2458,42.4526,100.0,12.9102,CRITICA,7.3412,0.306952,16.3409,70.528,nan,nan,nan,nan,1,0,5549.39,nan
closed_eye_0344.jpg_face_2,cerrado,B5,81.6926,0.08469,4.4132,43.9701,100.0,9.7546,CRITICA,14.8817,0.632046,16.131,46.1761,0.151657,0.197776,79.0728,133.5293,1,1,5431.83,nan
closed_eye_0346.jpg_face_1,cerrado,B5,157.8397,0.087208,4.4886,44.5551,100.0,8.6388,CRITICA,6.6845,0.287975,16.0341,71.7719,nan,nan,nan,nan,1,0,3728.561,nan
closed_eye_0353.jpg_face_1,cerrado,B5,104.2997,0.052032,4.5061,44.0413,100.0,12.24,CRITICA,10.7279,0.485557,15.9389,57.7742,0.068707,0.181974,32.0478,249.7342,1,1,4906.772,nan
closed_eye_0360.jpg_face_1,cerrado,B5,80.6434,0.088965,4.413,41.8122,100.0,14.7532,CRITICA,13.8862,0.623715,16.3133,48.1517,0.103908,nan,16.7958,nan,1,1,3100.775,nan
closed_eye_0361.jpg_face_3,cerrado,B5,145.2973,0.051823,4.5246,43.5514,100.0,11.7501,CRITICA,7.1508,0.409168,15.9588,70.026,0.09711,nan,87.3875,nan,1,1,4329.005,nan
closed_eye_0365.jpg_face_2,cerrado,B5,93.1172,0.067712,4.4768,39.0309,100.0,20.0303,CRITICA,11.11,0.472792,16.5137,58.0842,0.105242,0.198596,55.4269,193.296,1,1,3612.717,nan
closed_eye_0372.jpg_face_5,cerrado,B5,129.3001,0.024208,4.3234,39.604,100.0,19.7927,CRITICA,7.8358,0.370938,16.3647,69.3705,0.028084,nan,16.014,nan,1,1,697.058,nan
closed_eye_0382.jpg_face_1,cerrado,B5,126.7899,0.035068,4.5696,41.6614,100.0,17.4054,CRITICA,8.1846,0.405163,16.1453,67.1414,0.043599,0.168931,24.3267,381.7206,1,1,3427.005,nan
closed_eye_0386.jpg_face_1,cerrado,B5,117.0555,0.173106,4.5106,38.159,100.0,22.4176,CRITICA,7.8307,0.361858,16.3146,67.4009,0.169607,nan,2.0217,nan,1,1,4228.33,nan
closed_eye_0402.jpg_face_1,cerrado,B5,149.4001,0.058494,4.6368,44.6187,100.0,9.6674,CRITICA,7.1197,0.282149,15.8053,70.1348,nan,nan,nan,nan,1,0,5892.752,nan
closed_eye_0406.jpg_face_1,cerrado,B5,145.7813,0.05546,4.3856,43.6131,100.0,10.5025,CRITICA,7.1634,0.311188,16.1422,70.0832,nan,nan,nan,nan,1,0,5913.66,nan
closed_eye_0411.jpg_face_1,cerrado,B5,163.701,0.039924,4.3679,44.0305,100.0,9.317,CRITICA,5.8285,0.347725,16.0108,73.1031,nan,nan,nan,nan,1,0,2949.852,nan
closed_eye_0421.jpg_face_1,cerrado,B5,161.4677,0.105119,4.6425,44.3166,100.0,13.3408,CRITICA,5.7916,0.395114,15.7149,72.5539,0.101215,nan,3.7138,nan,1,1,3498.95,nan
closed_eye_0423.jpg_face_1,cerrado,B5,173.5427,0.029733,4.442,44.6389,100.0,7.6979,CRITICA,5.6109,0.388413,16.073,74.2779,0.034577,nan,16.293,nan,1,1,1346.62,nan
closed_eye_0424.jpg_face_1,cerrado,B5,120.7839,0.054862,4.3,41.5295,100.0,15.8262,CRITICA,8.8546,0.407838,16.3331,65.6167,nan,nan,nan,nan,1,0,2310.536,nan
closed_eye_0427.jpg_face_1,cerrado,B5,140.063,0.024017,4.3664,42.9029,100.0,12.1665,CRITICA,7.1868,0.408369,16.1322,69.3688,0.066257,nan,175.8755,nan,1,1,2318.572,nan
closed_eye_0441.jpg_face_1,cerrado,B5,138.4336,0.038961,4.2732,42.3761,100.0,13.1705,CRITICA,7.5068,0.317811,16.3674,69.3888,0.093317,nan,139.513,nan,1,1,4732.608,nan
closed_eye_0460.jpg_face_1,cerrado,B5,105.4238,0.197631,4.4916,41.2287,100.0,18.3194,CRITICA,9.7402,0.414893,16.1344,60.8924,0.159234,0.208749,19.4285,5.6259,1,1,3354.579,nan
closed_eye_0464.jpg_face_1,cerrado,B5,59.5533,0.151623,4.488,30.5968,99.9291,30.4324,CRITICA,14.5301,0.525976,16.9483,48.6228,0.19407,0.223414,27.9948,47.3482,1,1,2746.498,nan
closed_eye_0466.jpg_face_1,cerrado,B5,169.8196,0.022594,4.5435,45.1277,100.0,8.7792,CRITICA,5.716,0.365326,15.8282,73.4261,0.031134,nan,37.7969,nan,1,1,4198.153,nan
closed_eye_0476.jpg_face_1,cerrado,B5,187.8479,0.08296,4.4508,43.8225,100.0,12.1963,CRITICA,4.3683,0.310602,15.9238,76.6713,0.109426,nan,31.902,nan,1,1,3541.077,nan
closed_eye_0481.jpg_face_1,cerrado,B5,162.9311,0.093866,4.447,43.4015,100.0,11.588,CRITICA,6.3175,0.306402,16.3387,73.3621,0.112085,0.199483,19.4094,112.5187,1,1,1540.357,nan
closed_eye_0486.jpg_face_2,cerrado,B5,162.7457,0.085675,4.4738,45.2268,100.0,5.9039,CRITICA,6.5068,0.398475,15.9349,72.2102,0.086119,nan,0.5181,nan,1,1,1574.059,nan
closed_eye_0492.jpg_face_1,cerrado,B5,67.8778,0.095285,4.6138,33.824,99.6755,28.6026,CRITICA,12.9326,0.595897,16.6215,50.1693,nan,0.188987,nan,98.3389,1,0,4856.727,nan
closed_eye_0493.jpg_face_1,cerrado,B5,190.8912,0.067975,4.3893,43.8928,100.0,9.7449,CRITICA,4.4214,0.342479,16.1154,77.0064,0.132846,nan,95.4338,nan,1,1,1971.998,nan
closed_eye_0501.jpg_face_2,cerrado,B5,161.776,0.041603,4.3081,44.37,100.0,6.4221,CRITICA,6.4179,0.39961,16.2209,72.5732,nan,nan,nan,nan,1,0,1378.55,nan
closed_eye_0503.jpg_face_1,cerrado,B5,162.7098,0.063022,4.4256,44.9039,100.0,7.1246,CRITICA,6.2814,0.340564,15.9894,72.4025,0.069663,nan,10.538,nan,1,1,3687.316,nan
closed_eye_0505.jpg_face_1,cerrado,B5,56.4032,0.09708,4.5057,39.4237,100.0,20.4405,CRITICA,19.8476,0.776924,16.453,30.1038,0.093714,nan,3.4674,nan,1,1,1646.633,nan
closed_eye_0523.jpg_face_2,cerrado,B5,137.9996,0.056262,4.5138,43.0294,100.0,15.2732,CRITICA,7.4258,0.411452,15.952,68.8192,0.076599,0.200189,36.146,255.8156,1,1,3907.776,nan
closed_eye_0539.jpg_face_1,cerrado,B5,67.6832,0.062235,4.4495,41.6907,100.0,13.4635,CRITICA,16.3791,0.683196,16.5013,38.4031,0.091424,0.205362,46.9009,229.9768,1,1,3022.974,nan
closed_eye_0544.jpg_face_1,cerrado,B5,162.8625,0.101855,4.4602,45.2341,100.0,6.6275,CRITICA,6.3832,0.376037,15.858,72.2256,0.122455,nan,20.2255,nan,1,1,2041.233,nan
closed_eye_0548.jpg_face_1,cerrado,B5,102.3339,0.100794,4.5477,35.5095,100.0,26.7217,CRITICA,8.6904,0.474664,16.4553,65.3004,0.082098,nan,18.5487,nan,1,1,1549.907,nan
closed_eye_0557.jpg_face_1,cerrado,B5,113.8603,0.056271,4.3791,43.1874,100.0,12.5597,CRITICA,9.9747,0.425778,16.1907,62.0698,0.133298,nan,136.8866,nan,1,1,5830.904,nan
closed_eye_0559.jpg_face_1,cerrado,B5,83.4456,0.072296,4.5054,41.5548,100.0,18.2128,CRITICA,13.648,0.573081,16.0527,50.2013,0.067484,0.185241,6.6569,156.2244,1,1,2961.208,nan
closed_eye_0565.jpg_face_1,cerrado,B5,113.6516,0.073688,4.5903,41.4745,100.0,17.6059,CRITICA,9.7101,0.467231,15.9374,63.5073,0.12357,nan,67.6927,nan,1,1,5376.344,nan
closed_eye_0566.jpg_face_1,cerrado,B5,90.5657,0.10032,4.5302,38.2562,100.0,21.467,CRITICA,11.7152,0.497575,16.6157,57.7587,0.079155,0.207448,21.0974,106.7851,1,1,3439.972,nan
closed_eye_0578.jpg_face_1,cerrado,B5,138.0701,0.117313,4.4486,39.7147,100.0,19.6611,CRITICA,7.3088,0.336219,16.5324,71.2358,0.119835,0.225705,2.1499,92.3952,1,1,4334.634,nan
closed_eye_0593.jpg_face_1,cerrado,B5,180.8049,0.208663,4.4529,44.2705,100.0,8.7395,CRITICA,4.9243,0.313933,16.0245,75.5148,0.23487,nan,12.5598,nan,1,1,1591.09,nan
closed_eye_0597.jpg_face_2,cerrado,B5,73.5876,0.053396,4.4485,40.1739,100.0,17.5213,CRITICA,15.1904,0.608313,16.3923,45.4067,0.069275,0.156054,29.7378,192.2588,1,1,1765.537,nan
closed_eye_0602.jpg_face_1,cerrado,B5,92.8185,0.107936,4.6508,36.2559,100.0,26.8357,CRITICA,10.6311,0.631396,16.2741,60.9389,0.113344,nan,5.0106,nan,1,1,2396.932,nan
closed_eye_0603.jpg_face_1,cerrado,B5,95.3061,0.054804,4.2897,41.1642,100.0,16.2459,CRITICA,11.8511,0.49631,16.322,56.8084,0.072012,0.164125,31.4003,199.4776,1,1,1915.709,nan
closed_eye_0607.jpg_face_1,cerrado,B5,109.1589,0.047953,4.4375,44.391,100.0,9.9311,CRITICA,10.5516,0.408313,16.0126,59.3336,0.064986,nan,35.5208,nan,1,1,6523.157,nan
closed_eye_0619.jpg_face_1,cerrado,B5,77.5804,0.10316,4.4171,40.1038,100.0,17.6626,CRITICA,13.5776,0.497728,16.5489,48.3068,0.143691,0.190255,39.2898,84.4273,1,1,6199.629,nan
closed_eye_0622.jpg_face_1,cerrado,B5,115.9572,0.111137,4.5518,40.6364,100.0,17.5767,CRITICA,9.2889,0.365907,16.4912,64.9557,0.18885,nan,69.9263,nan,1,1,6261.741,nan
closed_eye_0625.jpg_face_2,cerrado,B5,149.5639,0.049821,4.3873,42.989,100.0,12.9593,CRITICA,6.8064,0.207556,16.1741,71.2571,nan,nan,nan,nan,1,0,6273.526,nan
closed_eye_0627.jpg_face_1,cerrado,B5,128.3333,0.058276,4.4893,43.8794,100.0,9.413,CRITICA,8.7336,0.380696,15.9053,65.8083,0.134422,nan,130.6638,nan,1,1,6313.131,nan
closed_eye_0639.jpg_face_2,cerrado,B5,209.4695,0.043456,4.3871,45.1708,100.0,4.4309,CRITICA,3.6509,0.292924,15.8924,78.4356,0.090887,nan,109.1483,nan,1,1,3654.971,nan
closed_eye_0641.jpg_face_1,cerrado,B5,209.7663,0.021436,4.2875,44.7182,100.0,3.2992,CRITICA,3.7217,0.292375,16.0246,78.6819,nan,nan,nan,nan,1,0,4642.526,nan
closed_eye_0653.jpg_face_2,cerrado,B5,185.9241,0.079739,4.4728,44.9443,100.0,6.228,CRITICA,5.0747,0.353392,16.1199,75.8265,nan,nan,nan,nan,1,0,2524.615,nan
closed_eye_0657.jpg_face_1,cerrado,B5,165.9157,0.032275,4.3923,41.1672,100.0,17.5945,CRITICA,5.184,0.285079,16.1115,75.1879,0.082895,nan,156.8384,nan,1,1,5271.482,nan
closed_eye_0658.jpg_face_2,cerrado,B5,144.1252,0.072656,4.3946,44.4953,100.0,8.9127,CRITICA,7.4643,0.345858,15.9501,69.1273,0.07744,nan,6.5848,nan,1,1,4091.653,nan
closed_eye_0665.jpg_face_1,cerrado,B5,165.9209,0.077106,4.3913,44.243,100.0,7.3191,CRITICA,6.0445,0.190994,16.1266,73.3349,0.176434,nan,128.8198,nan,1,1,4642.526,nan
closed_eye_0668.jpg_face_1,cerrado,B5,124.8896,0.049592,4.4496,42.9404,100.0,13.5136,CRITICA,8.6782,0.420843,16.1327,65.6173,0.073049,0.210086,47.3008,323.6284,1,1,4308.488,nan
closed_eye_0670.jpg_face_1,cerrado,B5,93.8061,0.077601,4.4843,34.0899,100.0,26.7526,CRITICA,9.4132,0.41486,16.7103,63.6591,0.118785,0.1896,53.0712,144.3272,1,1,3165.559,nan
closed_eye_0675.jpg_face_1,cerrado,B5,111.8943,0.148832,4.6309,36.2544,100.0,26.4925,CRITICA,8.2162,0.540182,16.3499,67.5995,0.162397,0.190238,9.1141,27.8206,1,1,1695.49,nan
closed_eye_0682.jpg_face_3,cerrado,B5,175.014,0.04641,4.4467,43.2004,100.0,12.9163,CRITICA,5.0044,0.302207,16.1469,75.316,0.137525,nan,196.3243,nan,1,1,4541.326,nan
closed_eye_0685.jpg_face_2,cerrado,B5,120.9633,0.152504,4.5237,44.2927,100.0,12.2037,CRITICA,8.6345,0.553003,15.907,63.3833,0.269937,nan,77.0031,nan,1,1,3445.899,nan
closed_eye_0686.jpg_face_1,cerrado,B5,174.164,0.073765,4.3821,44.2358,100.0,8.1581,CRITICA,5.4629,0.295598,16.1031,74.601,0.120164,nan,62.9019,nan,1,1,2621.919,nan
closed_eye_0690.jpg_face_1,cerrado,B5,142.17,0.150732,4.5437,44.2137,100.0,9.8075,CRITICA,7.3848,0.458467,15.9299,68.9008,0.232875,nan,54.4959,nan,1,1,2184.837,nan
closed_eye_0695.jpg_face_2,cerrado,B5,83.6808,0.103247,4.5575,36.0094,100.0,23.9498,CRITICA,11.4012,0.464765,16.8808,56.9681,0.111903,0.192292,8.3836,86.2451,1,1,3943.218,nan
closed_eye_0698.jpg_face_1,cerrado,B5,127.8524,0.097811,4.3501,43.5779,100.0,10.04,CRITICA,8.81,0.295775,16.0751,65.9154,0.18501,nan,89.1506,nan,1,1,5583.473,nan
closed_eye_0713.jpg_face_1,cerrado,B5,169.6823,0.051631,4.3686,44.0746,100.0,9.3501,CRITICA,5.5376,0.287167,16.0049,74.0253,0.096074,nan,86.0795,nan,1,1,5841.122,nan
closed_eye_0717.jpg_face_4,cerrado,B5,116.3901,0.091851,4.4727,44.4359,100.0,8.8412,CRITICA,9.9771,0.475642,15.9611,61.8216,0.089306,nan,2.7709,nan,1,1,3874.467,nan
closed_eye_0721.jpg_face_4,cerrado,B5,166.9159,0.068403,4.3645,43.8008,100.0,9.9072,CRITICA,5.8967,0.298299,16.1946,73.7588,0.118704,0.223137,73.5358,226.2095,1,1,3208.213,nan
closed_eye_0727.jpg_face_1,cerrado,B5,134.5152,0.074029,4.3487,43.7253,100.0,10.3179,CRITICA,8.1134,0.321622,16.1869,67.4942,0.161934,0.20592,118.7438,178.1609,1,1,4633.92,nan
closed_eye_0735.jpg_face_4,cerrado,B5,101.8221,0.092897,4.6494,44.4218,100.0,10.0826,CRITICA,11.7069,0.602299,15.8423,56.3731,0.11731,nan,26.2794,nan,1,1,2770.851,nan
closed_eye_0745.jpg_face_2,cerrado,B5,138.3415,0.063277,4.3205,43.3818,100.0,10.5551,CRITICA,7.8858,0.3509,16.2978,68.6416,nan,nan,nan,nan,1,0,5307.855,nan
closed_eye_0754.jpg_face_1,cerrado,B5,153.0647,0.024022,4.3077,43.2807,100.0,11.4628,CRITICA,6.7836,0.241812,16.2735,71.7239,nan,nan,nan,nan,1,0,6317.119,nan
closed_eye_0767.jpg_face_2,cerrado,B5,137.3077,0.075354,4.2917,42.9861,100.0,11.836,CRITICA,7.7657,0.2507,16.3119,68.6936,0.16875,nan,123.9414,nan,1,1,6934.813,nan
closed_eye_0770.jpg_face_1,cerrado,B5,142.9968,0.042949,4.5598,44.2271,100.0,10.1899,CRITICA,7.319,0.427826,15.9631,69.0713,0.093039,nan,116.6251,nan,1,1,1736.714,nan
closed_eye_0773.jpg_face_2,cerrado,B5,151.389,0.037229,4.2366,44.1596,100.0,6.0934,CRITICA,7.0778,0.399112,16.2135,70.8304,0.040439,nan,8.6214,nan,1,1,3868.472,nan
closed_eye_0778.jpg_face_1,cerrado,B5,142.004,0.032034,4.3031,43.2965,100.0,10.5195,CRITICA,7.5007,0.236504,16.3454,69.5103,nan,nan,nan,nan,1,0,6253.909,nan
closed_eye_0804.jpg_face_1,cerrado,B5,179.3319,0.064031,4.4521,44.6725,100.0,7.3325,CRITICA,5.1228,0.2966,15.9504,75.0895,0.075862,nan,18.4772,nan,1,1,5527.916,nan
closed_eye_0811.jpg_face_2,cerrado,B5,153.359,0.05285,4.3685,44.622,100.0,7.1524,CRITICA,7.0635,0.352689,16.0577,70.9036,nan,nan,nan,nan,1,0,4248.088,nan
closed_eye_0820.BMP_face_1,cerrado,B5,123.0721,0.092876,4.4684,44.1488,100.0,9.0977,CRITICA,9.4561,0.491924,16.0335,64.1277,0.097131,nan,4.5819,nan,1,1,3644.315,nan
closed_eye_0825.jpg_face_1,cerrado,B5,104.3867,0.087334,4.2652,44.0828,100.0,6.9713,CRITICA,11.8932,0.574807,16.3424,57.7697,0.119241,nan,36.5355,nan,1,1,3064.664,nan
closed_eye_0827.jpg_face_1,cerrado,B5,115.2769,0.04965,4.4264,43.3201,100.0,11.3696,CRITICA,10.2387,0.439704,16.0846,62.4208,nan,nan,nan,nan,1,0,5714.286,nan
closed_eye_0836.jpg_face_1,cerrado,B5,158.0414,0.030709,4.3854,43.6734,100.0,9.8037,CRITICA,6.4366,0.209598,16.0971,72.3658,0.167011,nan,443.8576,nan,1,1,6657.791,nan
closed_eye_0843.jpg_face_1,cerrado,B5,90.0246,0.055886,4.4589,42.6154,100.0,11.773,CRITICA,13.1479,0.441898,16.62,52.6625,0.108396,0.179664,93.9604,221.4856,1,1,6693.44,nan
closed_eye_0851.jpg_face_2,cerrado,B5,109.0344,0.055124,4.3283,41.606,100.0,15.9952,CRITICA,10.3397,0.433216,16.305,61.8414,0.098731,nan,79.1082,nan,1,1,5482.456,nan
closed_eye_0855.jpg_face_1,cerrado,B5,120.95,0.055206,4.3921,36.5869,100.0,24.6862,CRITICA,7.7259,0.324137,16.4989,69.7504,0.10233,0.195787,85.36,254.6482,1,1,5330.49,nan
closed_eye_0860.jpg_face_1,cerrado,B5,127.8948,0.06724,4.2425,43.9986,100.0,7.5706,CRITICA,9.0155,0.343326,16.2474,65.5978,0.093774,nan,39.4625,nan,1,1,6459.949,nan
closed_eye_0862.jpg_face_1,cerrado,B5,138.7966,0.068396,4.5165,45.1599,100.0,8.5684,CRITICA,8.0229,0.392029,15.8265,67.4632,0.098533,nan,44.0623,nan,1,1,4547.522,nan
closed_eye_0865.jpg_face_1,cerrado,B5,138.9431,0.051582,4.4288,43.8294,100.0,10.7637,CRITICA,7.5284,0.293163,16.151,68.4551,0.164973,nan,219.8273,nan,1,1,6333.123,nan
closed_eye_0870.jpg_face_1,cerrado,B5,164.4725,0.076239,4.3799,42.4285,100.0,14.4139,CRITICA,5.6535,0.366547,16.1738,74.2033,0.091154,0.202032,19.5642,164.9995,1,1,3323.363,nan
closed_eye_0873.jpg_face_1,cerrado,B5,157.3608,0.02819,4.2797,44.3748,100.0,6.3278,CRITICA,6.5912,0.373794,16.2269,71.8006,0.178731,nan,534.03,nan,1,1,3717.472,nan
closed_eye_0882.jpg_face_1,cerrado,B5,135.0537,0.017135,4.3622,42.5914,100.0,12.7775,CRITICA,7.9302,0.358785,16.2898,68.4634,0.067837,nan,295.8882,nan,1,1,5055.611,nan
closed_eye_0886.jpg_face_1,cerrado,B5,115.9603,0.044637,4.3699,42.1656,100.0,14.0821,CRITICA,9.6276,0.465113,16.4139,63.6379,0.075193,0.177067,68.4557,296.6854,1,1,4070.004,nan
closed_eye_0887.jpg_face_1,cerrado,B5,170.795,0.075546,4.4319,43.982,100.0,10.1148,CRITICA,5.5715,0.272051,16.0742,74.2486,0.077258,nan,2.2674,nan,1,1,5730.659,nan
closed_eye_0888.BMP_face_1,cerrado,B5,108.4231,0.053805,4.5241,44.8311,100.0,7.4934,CRITICA,10.8388,0.359132,15.8334,58.6517,0.15257,nan,183.5636,nan,1,1,5646.527,nan
closed_eye_0890.jpg_face_1,cerrado,B5,151.4908,0.055394,4.3662,43.0152,100.0,12.2133,CRITICA,6.4265,0.342525,16.2258,71.6054,0.08138,nan,46.9093,nan,1,1,3969.829,nan
closed_eye_0899.jpg_face_1,cerrado,B5,101.303,0.103857,4.4844,43.9103,100.0,12.28,CRITICA,11.1375,0.486863,15.9606,56.6545,0.109965,0.186474,5.882,79.5492,1,1,3713.331,nan
closed_eye_0902.jpg_face_1,cerrado,B5,130.6937,0.095417,4.3403,43.9396,100.0,9.068,CRITICA,8.7151,0.453114,15.9756,66.3797,0.108872,nan,14.1012,nan,1,1,3472.222,nan
closed_eye_0903.jpg_face_1,cerrado,B5,118.3219,0.065012,4.3568,44.0796,100.0,9.4831,CRITICA,10.0139,0.555207,16.1561,62.746,0.174795,nan,168.8658,nan,1,1,1695.777,nan
closed_eye_0912.jpg_face_1,cerrado,B5,96.374,0.058151,4.4936,43.4483,100.0,10.7155,CRITICA,12.4944,0.560338,16.29,54.917,0.160982,0.226294,176.8369,289.1528,1,1,4734.848,nan
closed_eye_0918.jpg_face_4,cerrado,B5,97.9489,0.147616,4.506,42.8606,100.0,13.8069,CRITICA,12.1939,0.42064,16.0126,56.2419,nan,nan,nan,nan,1,0,6142.507,nan
closed_eye_0919.jpg_face_2,cerrado,B5,168.187,0.066996,4.5796,46.5284,100.0,2.4506,CRITICA,5.9939,0.427321,15.6253,72.3353,0.188826,nan,181.8451,nan,1,1,4486.317,nan
closed_eye_0919.jpg_face_3,cerrado,B5,166.0357,0.170347,4.3849,45.2504,100.0,4.2348,CRITICA,6.003,0.415302,15.8505,72.7466,0.256958,nan,50.8439,nan,1,1,3958.828,nan
closed_eye_0927.jpg_face_1,cerrado,B5,131.7272,0.084139,4.2593,41.5762,100.0,15.524,CRITICA,8.1234,0.43736,16.3774,68.4377,0.06018,nan,28.4761,nan,1,1,3372.681,nan
closed_eye_0948.jpg_face_2,cerrado,B5,98.5756,0.046127,4.3939,41.2306,100.0,17.2127,CRITICA,11.662,0.473717,16.2288,58.1736,0.06738,nan,46.0738,nan,1,1,6031.364,nan
closed_eye_0957.JPG_face_1,cerrado,B5,158.9926,0.042141,4.383,43.1018,100.0,11.5272,CRITICA,6.1698,0.388986,16.2183,72.8907,0.071788,nan,70.3516,nan,1,1,1124.733,nan
closed_eye_0985.jpg_face_1,cerrado,B5,86.7947,0.052583,4.5484,42.4894,100.0,14.1328,CRITICA,13.078,0.534325,16.3887,51.0461,0.102051,0.147509,94.0772,180.527,1,1,5561.736,nan
closed_eye_1008.jpeg_face_1,cerrado,B5,133.9743,0.042615,4.4428,39.9234,100.0,20.1893,CRITICA,7.3712,0.398088,16.2397,70.2007,0.040507,0.113809,4.948,167.0615,1,1,1659.2,nan
closed_eye_1056.jpg_face_1,cerrado,B5,118.0756,0.073647,4.4441,41.98,100.0,15.6525,CRITICA,9.4656,0.411129,16.0472,64.4465,0.114197,nan,55.0598,nan,1,1,5917.161,nan
closed_eye_1073.jpg_face_2,cerrado,B5,130.2073,0.064921,4.4971,43.3619,100.0,7.7983,CRITICA,8.0527,0.420155,16.4147,66.6978,0.067635,nan,4.1801,nan,1,1,4215.852,nan
closed_eye_1077.jpg_face_3,cerrado,B5,162.1144,0.058245,4.5155,44.8896,100.0,5.748,CRITICA,6.3473,0.277186,15.8929,72.3099,0.170849,nan,193.3293,nan,1,1,5133.47,nan
closed_eye_1079.jpg_face_1,cerrado,B5,191.7689,0.065828,4.326,42.274,100.0,13.9645,CRITICA,4.1689,0.274651,16.1766,77.9557,0.112685,nan,71.1808,nan,1,1,5296.611,nan
closed_eye_1101.jpg_face_2,cerrado,B5,147.5879,0.091769,4.3821,43.0965,100.0,12.1268,CRITICA,6.611,0.34225,16.1986,70.7994,0.133941,0.181867,45.9536,98.1786,1,1,4260.759,nan
closed_eye_1113.jpg_face_3,cerrado,B5,87.9982,0.06354,4.4866,40.1613,100.0,19.7557,CRITICA,12.6243,0.58619,16.3399,54.3613,0.051855,0.159896,18.3907,151.6442,1,1,2960.331,nan
closed_eye_1117.jpg_face_1,cerrado,B5,104.8559,0.052401,4.4123,44.7161,100.0,5.4196,CRITICA,12.182,0.436883,16.0329,57.3547,nan,nan,nan,nan,1,0,5980.862,nan
closed_eye_1118.jpg_face_1,cerrado,B5,120.1329,0.078878,4.5756,38.9102,100.0,22.4876,CRITICA,8.4745,0.445774,16.1556,67.6107,0.088131,nan,11.731,nan,1,1,2760.144,nan
closed_eye_1119.jpg_face_1,cerrado,B5,158.9357,0.063286,4.3681,41.8403,100.0,15.4854,CRITICA,5.8407,0.320375,16.2073,73.6747,0.102171,nan,61.445,nan,1,1,3425.831,nan
closed_eye_1120.jpg_face_1,cerrado,B5,121.486,0.035495,4.3512,43.5561,100.0,9.497,CRITICA,9.631,0.491806,16.3783,64.1472,0.253525,nan,614.2639,nan,1,1,2319.647,nan
closed_eye_1126.jpg_face_1,cerrado,B5,107.8697,0.065477,4.516,41.4894,100.0,17.2335,CRITICA,10.1242,0.355563,16.1148,61.5374,0.140501,nan,114.5802,nan,1,1,5467.469,nan
closed_eye_1127.jpg_face_1,cerrado,B5,143.5473,0.030132,4.4332,44.2574,100.0,8.6505,CRITICA,7.4417,0.277788,15.9488,69.1688,0.173717,nan,476.5267,nan,1,1,5988.024,nan
closed_eye_1139.BMP_face_1,cerrado,B5,191.8365,0.087193,4.3747,44.1679,100.0,8.3378,CRITICA,4.3316,0.333194,15.9367,76.9763,0.138363,nan,58.6856,nan,1,1,3483.107,nan
closed_eye_1152.jpg_face_1,cerrado,B5,193.0995,0.073798,4.3648,44.2599,100.0,7.9266,CRITICA,4.35,0.291001,16.0189,77.0792,0.094271,nan,27.7414,nan,1,1,4008.016,nan
closed_eye_1153.jpg_face_1,cerrado,B5,227.012,0.030307,4.4925,45.3276,100.0,5.3312,CRITICA,2.7861,0.296928,15.9211,80.0329,0.051818,nan,70.9753,nan,1,1,2927.4,nan
closed_eye_1181.jpg_face_1,cerrado,B5,138.8238,0.148451,4.4157,40.0859,100.0,19.5871,CRITICA,7.1093,0.268405,16.2361,71.1246,0.129594,0.222221,12.7021,49.6933,1,1,5561.735,nan
closed_eye_1193.jpg_face_1,cerrado,B5,176.1661,0.042686,4.4358,45.1201,100.0,4.42,CRITICA,5.4641,0.339725,15.8644,74.3878,0.100373,nan,135.1442,nan,1,1,3265.839,nan
closed_eye_1194.jpg_face_3,cerrado,B5,191.0719,0.050284,4.4106,44.7971,100.0,5.6453,CRITICA,4.5877,0.304436,16.0449,76.5549,0.067631,nan,34.4981,nan,1,1,2320.724,nan
closed_eye_1199.jpg_face_1,cerrado,B5,188.476,0.059254,4.3707,44.2831,100.0,7.5651,CRITICA,4.6632,0.257625,16.0848,76.5047,0.067518,nan,13.9472,nan,1,1,2389.486,nan
closed_eye_1205.jpg_face_2,cerrado,B5,185.0702,0.026475,4.3118,43.1273,100.0,11.1458,CRITICA,4.6808,0.30201,16.1304,76.6968,0.037511,nan,41.6886,nan,1,1,3484.321,nan
closed_eye_1219.jpg_face_1,cerrado,B5,138.7718,0.097395,4.5393,43.7124,100.0,12.4397,CRITICA,7.6786,0.385572,15.9786,68.5005,nan,nan,nan,nan,1,0,5461.497,nan
closed_eye_1220.jpg_face_1,cerrado,B5,156.7839,0.07684,4.5256,40.1076,100.0,20.2614,CRITICA,5.7681,0.344699,16.3154,74.4185,0.066703,0.193033,13.1924,151.214,1,1,2547.771,nan
closed_eye_1228.jpg_face_2,cerrado,B5,159.8569,0.116543,4.5129,42.9248,100.0,15.4642,CRITICA,6.1174,0.324326,15.9573,73.148,0.157963,nan,35.54,nan,1,1,5277.045,nan
closed_eye_1232.jpg_face_2,cerrado,B5,113.6298,0.088487,4.6373,39.9794,100.0,18.2366,CRITICA,9.331,0.49856,16.4668,64.8161,0.079594,nan,10.0502,nan,1,1,1671.402,nan
closed_eye_1236.jpg_face_1,cerrado,B5,108.1607,0.06963,4.4645,43.504,100.0,8.7855,CRITICA,11.2186,0.524923,16.4454,59.7784,0.15779,nan,126.6116,nan,1,1,3269.042,nan
closed_eye_1237.jpg_face_1,cerrado,B5,163.3592,0.040925,4.4944,44.8132,100.0,7.832,CRITICA,6.2848,0.331867,15.9082,72.5677,0.140616,nan,243.5978,nan,1,1,4899.559,nan
closed_eye_1237.jpg_face_2,cerrado,B5,134.6662,0.082437,4.3521,44.5108,100.0,7.4008,CRITICA,8.3155,0.402049,16.1537,66.9473,0.165707,nan,101.0097,nan,1,1,4591.368,nan
closed_eye_1240.jpg_face_2,cerrado,B5,135.6346,0.055554,4.3973,43.3763,100.0,11.9662,CRITICA,8.0427,0.453348,16.0663,68.0197,0.066026,nan,18.851,nan,1,1,2399.808,nan
closed_eye_1242.jpg_face_1,cerrado,B5,132.6519,0.074251,4.2649,42.7983,100.0,12.1675,CRITICA,8.4276,0.46766,16.3092,67.7364,0.074077,nan,0.2345,nan,1,1,1767.409,nan
closed_eye_1243.jpg_face_4,cerrado,B5,127.932,0.061135,4.3161,40.4159,100.0,18.2314,CRITICA,8.1445,0.394562,16.3441,68.4083,0.077441,nan,26.6708,nan,1,1,4997.501,nan
closed_eye_1249.jpg_face_1,cerrado,B5,139.4056,0.065092,4.2308,43.975,100.0,7.4247,CRITICA,7.9714,0.262679,16.3346,68.4553,nan,nan,nan,nan,1,0,6671.115,nan
closed_eye_1253.jpg_face_1,cerrado,B5,124.4409,0.105741,4.3613,44.679,100.0,6.6352,CRITICA,9.4561,0.453571,16.1547,64.0962,0.161972,nan,53.1788,nan,1,1,5081.301,nan
closed_eye_1255.jpg_face_2,cerrado,B5,93.0388,0.072963,4.4872,44.7442,100.0,6.6422,CRITICA,13.52,0.572162,15.8537,51.908,0.138285,nan,89.5282,nan,1,1,6501.95,nan
closed_eye_1265.jpg_face_2,cerrado,B5,107.9289,0.018896,4.4301,44.6912,100.0,6.867,CRITICA,11.1648,0.552079,16.1321,58.592,0.057541,nan,204.5074,nan,1,1,4450.378,nan
closed_eye_1266.jpg_face_1,cerrado,B5,131.1072,0.062737,4.366,44.6211,100.0,5.6911,CRITICA,9.2292,0.475417,16.1801,65.9659,0.088089,nan,40.4099,nan,1,1,2714.441,nan
closed_eye_1269.jpg_face_1,cerrado,B5,179.8139,0.113236,4.4238,44.2402,100.0,8.9585,CRITICA,5.1371,0.315182,16.0907,75.3967,0.166442,nan,46.9876,nan,1,1,4911.592,nan
closed_eye_1270.jpg_face_1,cerrado,B5,90.5272,0.089427,4.5079,39.5261,100.0,19.9062,CRITICA,11.6834,0.462689,16.4537,56.3378,0.123225,nan,37.7928,nan,1,1,5083.884,nan
closed_eye_1274.jpg_face_1,cerrado,B5,85.3267,0.129129,4.4224,43.5188,100.0,11.1163,CRITICA,13.8472,0.569113,16.1705,48.9974,nan,nan,nan,nan,1,0,5399.568,nan
closed_eye_1276.jpg_face_6,cerrado,B5,92.0804,0.088142,4.5115,39.1527,100.0,21.6276,CRITICA,11.7328,0.460692,16.2563,57.4799,0.094656,nan,7.391,nan,1,1,5892.753,nan
closed_eye_1278.jpg_face_3,cerrado,B5,125.1862,0.106663,4.3597,43.9783,100.0,8.8512,CRITICA,9.0448,0.442343,16.1074,64.8697,0.194684,0.207,82.5216,94.0683,1,1,4703.669,nan
closed_eye_1281.jpg_face_1,cerrado,B5,89.3347,0.078774,4.4384,42.1873,100.0,14.6579,CRITICA,13.213,0.497439,16.0723,52.7762,0.110155,nan,39.8372,nan,1,1,6531.679,nan
closed_eye_1286.jpg_face_2,cerrado,B5,124.1956,0.065061,4.4412,44.4936,100.0,7.8639,CRITICA,9.6637,0.351969,16.0596,64.1746,0.117732,nan,80.957,nan,1,1,5948.84,nan
closed_eye_1291.jpg_face_3,cerrado,B5,133.4583,0.086892,4.53,42.6148,100.0,14.5619,CRITICA,8.0787,0.291871,15.9553,68.0688,0.108132,nan,24.4442,nan,1,1,6250.0,nan
closed_eye_1295.jpg_face_2,cerrado,B5,106.11,0.0784,4.5512,44.0365,100.0,11.2606,CRITICA,11.1788,0.563387,15.9468,58.4992,0.09713,nan,23.89,nan,1,1,2742.732,nan
closed_eye_1297.jpg_face_2,cerrado,B5,101.8191,0.083769,4.421,40.2123,100.0,16.8218,CRITICA,10.3554,0.464508,16.5003,60.5062,0.135646,nan,61.9282,nan,1,1,4933.399,nan
closed_eye_1304.jpg_face_2,cerrado,B5,130.9919,0.057373,4.3591,44.273,100.0,7.2851,CRITICA,8.8229,0.405304,16.0282,66.2017,0.112803,nan,96.6119,nan,1,1,5020.08,nan
closed_eye_1305.jpg_face_1,cerrado,B5,165.7221,0.160787,4.4303,45.037,100.0,5.4697,CRITICA,6.2389,0.412157,15.9705,72.8238,0.20809,nan,29.42,nan,1,1,2065.689,nan
closed_eye_1312.jpg_face_2,cerrado,B5,142.1116,0.057039,4.4629,43.8667,100.0,6.2995,CRITICA,7.4762,0.465636,16.3322,69.1322,nan,nan,nan,nan,1,0,2780.095,nan
closed_eye_1315.jpg_face_2,cerrado,B5,97.8597,0.049177,4.3423,42.3552,100.0,13.5903,CRITICA,11.7348,0.556254,16.3041,56.7185,0.037731,nan,23.2762,nan,1,1,3500.175,nan
closed_eye_1318.jpg_face_2,cerrado,B5,139.809,0.051229,4.5187,44.861,100.0,7.1701,CRITICA,8.1507,0.421394,15.926,67.9126,0.0714,nan,39.3737,nan,1,1,3702.332,nan
closed_eye_1319.jpg_face_1,cerrado,B5,107.7161,0.084641,4.4383,43.3212,100.0,11.9964,CRITICA,10.4854,0.540115,16.1004,59.782,0.126786,nan,49.7939,nan,1,1,2116.402,nan
closed_eye_1324.jpg_face_1,cerrado,B5,78.864,0.093391,4.461,42.9571,100.0,13.0874,CRITICA,15.2792,0.650017,16.1701,45.5302,0.117049,0.179439,25.3321,92.1371,1,1,4892.368,nan
closed_eye_1327.jpg_face_1,cerrado,B5,94.0171,0.057932,4.4786,41.6429,100.0,17.3224,CRITICA,12.3906,0.613427,16.1396,55.7071,0.107364,nan,85.327,nan,1,1,3416.468,nan
closed_eye_1333.jpg_face_10,cerrado,B5,105.5831,0.047066,4.2977,43.8039,100.0,9.1227,CRITICA,11.3641,0.379621,16.2694,58.5124,0.141642,nan,200.9465,nan,1,1,5899.706,nan
closed_eye_1336.jpg_face_2,cerrado,B5,107.9543,0.06104,4.4346,42.9045,100.0,14.367,CRITICA,10.8121,0.564307,15.9806,60.2568,0.064807,nan,6.1716,nan,1,1,1951.22,nan
closed_eye_1338.jpg_face_1,cerrado,B5,122.0475,0.076069,4.5326,43.1242,100.0,13.5507,CRITICA,9.0897,0.44579,15.9058,64.6661,0.124324,nan,63.4362,nan,1,1,2886.003,nan
closed_eye_1343.jpg_face_1,cerrado,B5,67.0575,0.062435,4.4113,42.9677,100.0,10.9667,CRITICA,17.5637,0.671193,16.2809,35.924,0.115674,nan,85.2698,nan,1,1,3932.363,nan
closed_eye_1344.jpg_face_1,cerrado,B5,77.0793,0.134669,4.4182,42.3344,100.0,13.8717,CRITICA,14.7529,0.519617,16.1701,45.0768,0.205324,nan,52.4659,nan,1,1,6002.401,nan
closed_eye_1346.jpg_face_3,cerrado,B5,145.9614,0.088475,4.4939,43.475,100.0,12.0489,CRITICA,6.7369,0.326975,16.027,70.2147,0.125823,nan,42.2123,nan,1,1,3362.475,nan
closed_eye_1353.jpg_face_1,cerrado,B5,119.2564,0.062818,4.2872,40.5581,100.0,17.197,CRITICA,8.9855,0.432133,16.3462,65.9908,0.065565,nan,4.3727,nan,1,1,2777.006,nan
closed_eye_1358.jpg_face_1,cerrado,B5,195.8891,0.033744,4.4217,44.422,100.0,8.1829,CRITICA,4.1008,0.265476,16.0329,77.3229,0.132994,nan,294.1281,nan,1,1,2810.568,nan
closed_eye_1360.jpg_face_1,cerrado,B5,171.4585,0.057886,4.3611,43.1722,100.0,11.0781,CRITICA,5.3984,0.294761,16.2669,74.8206,0.091096,nan,57.3707,nan,1,1,2905.288,nan
closed_eye_1362.BMP_face_3,cerrado,B5,108.3897,0.058376,4.4578,43.0089,100.0,13.765,CRITICA,10.5642,0.418047,16.1354,60.3201,0.087461,0.206536,49.8242,253.8049,1,1,6172.839,nan
closed_eye_1363.jpg_face_1,cerrado,B5,124.8388,0.056803,4.3217,42.2887,100.0,14.2954,CRITICA,8.9197,0.417193,16.2852,66.1254,0.053797,0.156543,5.2919,175.5895,1,1,3904.725,nan
closed_eye_1365.jpg_face_1,cerrado,B5,144.6432,0.072276,4.4259,41.2999,100.0,17.1816,CRITICA,6.6743,0.382144,16.1961,71.447,0.061291,0.224326,15.1984,210.376,1,1,1976.675,nan
closed_eye_1368.jpg_face_1,cerrado,B5,151.4488,0.047923,4.4077,43.1807,100.0,12.3294,CRITICA,6.4536,0.322188,15.9859,71.4883,0.098725,0.263386,106.0082,449.6045,1,1,5089.058,nan
closed_eye_1369.BMP_face_1,cerrado,B5,98.9544,0.041704,4.3416,42.8922,100.0,12.3058,CRITICA,11.6149,0.547148,16.2878,56.6545,0.046637,0.182336,11.8287,337.2171,1,1,2620.545,nan
closed_eye_1376.jpg_face_2,cerrado,B5,220.1253,0.054911,4.4879,45.088,100.0,2.3061,CRITICA,3.4749,0.259079,16.2311,79.5171,nan,nan,nan,nan,1,0,2247.696,nan
closed_eye_1381.jpg_face_1,cerrado,B5,131.9357,0.026541,4.3972,43.2003,100.0,11.7851,CRITICA,8.2255,0.433998,16.154,67.2566,0.03684,0.157641,38.8074,493.9616,1,1,1316.482,nan
closed_eye_1386.jpg_face_2,cerrado,B5,125.0801,0.063998,4.3905,43.4538,100.0,10.6752,CRITICA,9.2851,0.516177,16.1505,65.2592,0.08841,nan,38.1456,nan,1,1,2016.942,nan
closed_eye_1387.BMP_face_1,cerrado,B5,79.7067,0.119057,4.4183,38.0468,100.0,22.1108,CRITICA,13.5076,0.555365,16.4219,52.2665,0.126163,0.214665,5.9684,80.3043,1,1,2867.795,nan
closed_eye_1388.jpg_face_2,cerrado,B5,118.1376,0.070058,4.3436,42.4408,100.0,13.92,CRITICA,9.4229,0.311876,16.258,64.0751,0.167202,nan,138.6621,nan,1,1,6285.356,nan
closed_eye_1393.jpg_face_1,cerrado,B5,141.66,0.087462,4.4058,40.9619,100.0,17.031,CRITICA,6.5975,0.371746,16.4029,71.0844,0.140095,nan,60.1784,nan,1,1,3585.515,nan
closed_eye_1394.jpg_face_1,cerrado,B5,148.5881,0.08042,4.4995,41.8812,100.0,14.6963,CRITICA,6.6686,0.246832,16.3697,71.8139,0.121672,nan,51.2954,nan,1,1,5948.84,nan
closed_eye_1394.jpg_face_3,cerrado,B5,114.8489,0.03946,4.5264,39.9874,100.0,17.7182,CRITICA,8.5929,0.342456,16.4435,65.1826,0.048427,0.177151,22.7247,348.94,1,1,6357.279,nan
closed_eye_1395.BMP_face_1,cerrado,B5,156.7177,0.051027,4.5341,41.7875,100.0,18.3147,CRITICA,5.7035,0.301286,15.9807,73.3358,0.059607,0.196076,16.8148,284.2567,1,1,3665.689,nan
closed_eye_1396.jpg_face_1,cerrado,B5,77.8765,0.063954,4.4568,43.188,100.0,12.752,CRITICA,14.798,0.609872,16.0761,44.5429,0.128335,0.17828,100.6686,178.7652,1,1,4805.382,nan
closed_eye_1426.jpg_face_1,cerrado,B5,132.6377,0.029558,4.52,44.2573,100.0,10.0031,CRITICA,8.6005,0.52149,15.93,66.6329,0.131805,nan,345.9207,nan,1,1,1735.509,nan
closed_eye_1427.jpg_face_2,cerrado,B5,75.7853,0.064703,4.5745,33.4619,99.9968,28.3335,CRITICA,11.1126,0.481097,16.4077,55.8464,0.071908,0.152359,11.1346,135.4741,1,1,2179.599,nan
closed_eye_1431.jpg_face_2,cerrado,B5,153.1188,0.142153,4.4013,41.6187,100.0,16.4671,CRITICA,6.1955,0.334429,16.0988,72.8194,nan,nan,nan,nan,1,0,2787.845,nan
closed_eye_1434.jpg_face_1,cerrado,B5,156.0084,0.034614,4.5045,42.6162,100.0,14.7566,CRITICA,6.3567,0.383937,15.9999,72.6834,0.134913,nan,289.7634,nan,1,1,3008.424,nan
closed_eye_1435.png_face_1,cerrado,B5,82.48,0.031091,4.4418,44.3574,100.0,9.3907,CRITICA,14.9117,0.57778,16.0772,46.2204,0.048598,0.177868,56.309,472.0919,1,1,5707.763,nan
closed_eye_1445.jpg_face_1,cerrado,B5,64.304,0.124929,4.4788,42.4396,100.0,11.4702,CRITICA,18.2923,0.622551,16.445,34.0016,0.213397,nan,70.8142,nan,1,1,6578.948,nan
closed_eye_1462.jpg_face_2,cerrado,B5,139.9947,0.083356,4.4999,43.8737,100.0,11.0632,CRITICA,7.6358,0.329411,15.9194,68.6605,0.082598,nan,0.9093,nan,1,1,5396.655,nan
closed_eye_1463.jpg_face_1,cerrado,B5,91.9519,0.049833,4.5174,44.3119,100.0,9.1242,CRITICA,13.1262,0.487724,15.9367,51.8097,0.100606,nan,101.8863,nan,1,1,6222.775,nan
closed_eye_1465.jpg_face_1,cerrado,B5,136.6949,0.073765,4.3418,43.7857,100.0,9.3554,CRITICA,7.9574,0.45859,16.2192,67.9683,0.110742,nan,50.1282,nan,1,1,2164.502,nan
closed_eye_1467.jpg_face_1,cerrado,B5,69.2492,0.077625,4.473,42.0465,100.0,12.9294,CRITICA,15.3828,0.678308,16.0849,39.2823,0.093936,0.222989,21.0134,187.2656,1,1,1842.299,nan
closed_eye_1479.jpg_face_1,cerrado,B5,73.6764,0.077797,4.3878,40.7486,100.0,17.3699,CRITICA,14.9811,0.543673,16.4689,44.6924,0.173033,nan,122.4159,nan,1,1,5927.682,nan
closed_eye_1480.jpg_face_4,cerrado,B5,70.3054,0.068268,4.3589,43.4012,99.4448,11.1046,CRITICA,16.1574,0.66561,16.211,38.2676,nan,nan,nan,nan,1,0,6706.908,nan
closed_eye_1488.jpg_face_1,cerrado,B5,169.4402,0.072767,4.4204,42.7581,100.0,14.8026,CRITICA,5.2491,0.228502,15.9875,74.7651,0.135894,nan,86.7528,nan,1,1,6207.324,nan
closed_eye_1490.jpg_face_1,cerrado,B5,124.7172,0.081158,4.3521,43.7781,100.0,9.9085,CRITICA,9.1056,0.437147,16.2286,64.8981,0.118046,nan,45.451,nan,1,1,4972.651,nan
closed_eye_1493.jpg_face_1,cerrado,B5,53.1351,0.222966,4.4531,42.1907,100.0,14.1496,CRITICA,22.4699,0.754478,16.2828,20.5974,0.222285,0.227847,0.3055,2.1893,1,1,3352.33,nan
closed_eye_1496.jpg_face_1,cerrado,B5,146.9738,0.060272,4.365,44.5879,100.0,6.5057,CRITICA,7.5543,0.328445,16.1185,69.6627,0.167921,nan,178.6048,nan,1,1,5685.048,nan
closed_eye_1497.jpg_face_1,cerrado,B5,125.73,0.068564,4.3924,41.1789,100.0,17.2938,CRITICA,8.1675,0.31806,16.2874,67.2482,0.094644,0.184193,38.0378,168.6452,1,1,6250.0,nan
closed_eye_1497.jpg_face_3,cerrado,B5,143.2551,0.044016,4.5159,43.8121,100.0,11.2162,CRITICA,7.3668,0.292268,15.9619,69.4167,0.082259,nan,86.8835,nan,1,1,5973.715,nan
closed_eye_1502.jpg_face_1,cerrado,B5,87.9582,0.061661,4.397,42.6412,100.0,13.672,CRITICA,13.7742,0.539368,16.1441,51.5211,0.09389,nan,52.2698,nan,1,1,5966.586,nan
closed_eye_1502.jpg_face_2,cerrado,B5,119.0954,0.065611,4.4364,43.2449,100.0,12.2376,CRITICA,9.4595,0.41633,16.1166,63.6889,0.124436,0.201056,89.6573,206.4359,1,1,5437.738,nan
closed_eye_1508.jpg_face_3,cerrado,B5,71.0092,0.190472,4.3799,40.009,100.0,17.0152,CRITICA,14.1882,0.577196,16.5403,43.6566,0.174899,nan,8.1758,nan,1,1,6648.937,nan
closed_eye_1509.jpg_face_6,cerrado,B5,95.4481,0.106404,4.4425,44.8817,100.0,6.7523,CRITICA,12.911,0.644385,16.0978,52.9779,0.134402,nan,26.3124,nan,1,1,1522.997,nan
closed_eye_1512.jpg_face_1,cerrado,B5,164.3232,0.019524,4.361,40.6456,100.0,17.6889,CRITICA,5.3738,0.302619,16.2708,75.2649,0.042155,nan,115.9166,nan,1,1,4286.327,nan
closed_eye_1531.jpg_face_1,cerrado,B5,132.2357,0.111754,4.4671,43.9343,100.0,10.4066,CRITICA,8.0147,0.329471,16.0883,66.7758,0.131284,nan,17.476,nan,1,1,5817.336,nan
closed_eye_1533.jpg_face_2,cerrado,B5,151.011,0.10905,4.4019,43.333,100.0,12.1296,CRITICA,6.7093,0.322831,16.0848,71.3047,0.100989,nan,7.3918,nan,1,1,4668.534,nan
closed_eye_1543.jpg_face_1,cerrado,B5,199.0291,0.161176,4.3956,44.8106,100.0,6.2521,CRITICA,4.1083,0.325862,15.9785,77.4854,0.196204,nan,21.7326,nan,1,1,3338.898,nan
closed_eye_1550.BMP_face_2,cerrado,B5,105.3375,0.02454,4.5158,39.6882,100.0,21.5488,CRITICA,9.8286,0.347736,16.1435,62.3228,0.047835,0.151549,94.9238,517.5561,1,1,3738.318,nan
closed_eye_1558.jpg_face_1,cerrado,B5,62.9436,0.060293,4.4706,43.6614,100.0,11.7338,CRITICA,19.4886,0.738219,16.1351,30.6342,0.142958,nan,137.1053,nan,1,1,6485.084,nan
closed_eye_1560.jpg_face_1,cerrado,B5,111.2415,0.069268,4.5348,44.7972,100.0,7.5572,CRITICA,10.8616,0.543898,15.81,59.7298,0.121418,nan,75.2871,nan,1,1,4468.275,nan
closed_eye_1561.jpg_face_1,cerrado,B5,176.6524,0.015317,4.4439,43.14,100.0,10.5968,CRITICA,5.0422,0.28668,15.9963,75.5791,0.163303,nan,966.1309,nan,1,1,4977.601,nan
closed_eye_1567.jpg_face_1,cerrado,B5,81.6125,0.092958,4.5643,40.1451,100.0,20.5699,CRITICA,12.294,0.458942,15.8943,50.8101,0.169779,0.195396,82.6409,110.1983,1,1,6053.269,nan
closed_eye_1570.jpg_face_1,cerrado,B5,164.9794,0.080732,4.3956,43.4654,100.0,12.4068,CRITICA,5.8266,0.424283,15.9726,73.654,0.100801,nan,24.859,nan,1,1,1598.21,nan
closed_eye_1579.BMP_face_1,cerrado,B5,145.7049,0.046211,4.4545,44.604,100.0,6.8973,CRITICA,7.6759,0.321407,16.0441,69.3874,0.084996,nan,83.9295,nan,1,1,4807.692,nan
closed_eye_1581.jpg_face_1,cerrado,B5,130.704,0.057077,4.4374,41.2493,100.0,16.9406,CRITICA,7.7354,0.356187,16.4384,68.4407,0.08727,nan,52.8999,nan,1,1,4837.929,nan
closed_eye_1594.jpg_face_1,cerrado,B5,145.2425,0.039908,4.5757,43.2333,100.0,13.4428,CRITICA,7.0968,0.399313,15.9295,70.2337,nan,nan,nan,nan,1,0,2739.726,nan
closed_eye_1613.BMP_face_1,cerrado,B5,112.7075,0.130112,4.5565,38.5209,100.0,23.5798,CRITICA,8.6961,0.404225,16.1804,65.8222,0.107839,nan,17.1184,nan,1,1,3331.112,nan
closed_eye_1622.jpg_face_2,cerrado,B5,129.1017,0.07446,4.4484,41.1978,100.0,17.6195,CRITICA,7.8522,0.360729,16.1173,68.0889,0.156415,0.196857,110.0646,164.3789,1,1,4847.31,nan
closed_eye_1627.jpg_face_1,cerrado,B5,150.4714,0.061348,4.3598,41.6055,100.0,16.0496,CRITICA,6.5359,0.273385,16.3153,72.3499,0.094754,nan,54.4531,nan,1,1,5977.287,nan
closed_eye_1630.jpg_face_1,cerrado,B5,133.762,0.108688,4.3673,41.3346,100.0,16.7967,CRITICA,7.7056,0.318614,16.2475,69.0984,0.109319,0.174227,0.5806,60.3004,1,1,5649.717,nan
closed_eye_1631.jpg_face_1,cerrado,B5,138.0103,0.062508,4.2823,42.6037,100.0,11.3312,CRITICA,7.5697,0.284176,16.4424,69.13,0.092594,nan,48.1325,nan,1,1,6301.197,nan
closed_eye_1640.jpg_face_1,cerrado,B5,188.3279,0.082286,4.3246,44.4402,100.0,5.6387,CRITICA,4.7515,0.328997,16.1684,76.4027,0.13922,nan,69.1894,nan,1,1,3083.565,nan
closed_eye_1641.jpg_face_2,cerrado,B5,146.3724,0.03533,4.1852,42.8394,100.0,10.6653,CRITICA,7.1612,0.227501,16.4093,70.7326,0.065787,nan,86.2062,nan,1,1,6049.608,nan
closed_eye_1648.jpg_face_2,cerrado,B5,95.5884,0.06717,4.4631,43.843,100.0,10.2472,CRITICA,12.313,0.46489,16.0013,54.1335,0.106977,nan,59.2638,nan,1,1,6518.905,nan
closed_eye_1649.jpg_face_1,cerrado,B5,166.2251,0.067621,4.5472,44.8768,100.0,7.1189,CRITICA,5.9661,0.373933,15.8335,73.0024,nan,nan,nan,nan,1,0,4741.584,nan
closed_eye_1652.jpg_face_1,cerrado,B5,95.0616,0.041888,4.3571,39.3424,100.0,20.2715,CRITICA,11.8735,0.486327,16.3366,58.6138,0.136449,0.195366,225.7466,366.4003,1,1,5081.3,nan
closed_eye_1655.BMP_face_1,cerrado,B5,117.9555,0.07645,4.518,42.2998,100.0,15.4112,CRITICA,9.5242,0.465123,16.0197,64.1392,0.056507,nan,26.0863,nan,1,1,3590.664,nan
closed_eye_1659.jpg_face_1,cerrado,B5,126.4383,0.052764,4.3697,44.2992,100.0,8.9412,CRITICA,9.2946,0.485071,16.12,64.9638,0.060463,nan,14.5904,nan,1,1,4105.09,nan
closed_eye_1660.jpg_face_1,cerrado,B5,141.1087,0.063143,4.3203,42.3912,100.0,13.9913,CRITICA,7.3499,0.397651,16.0736,69.9585,0.118117,nan,87.0615,nan,1,1,3552.398,nan
closed_eye_1666.jpg_face_1,cerrado,B5,203.6868,0.020094,4.3813,44.3808,100.0,7.2428,CRITICA,3.8586,0.2501,16.1025,78.2112,0.076877,nan,282.5912,nan,1,1,4780.115,nan
closed_eye_1667.jpg_face_1,cerrado,B5,202.1052,0.088927,4.3942,44.6883,100.0,5.8184,CRITICA,4.0391,0.269314,16.0303,77.8886,nan,nan,nan,nan,1,0,5361.93,nan
closed_eye_1670.jpg_face_1,cerrado,B5,170.3394,0.034984,4.4991,44.629,100.0,7.2761,CRITICA,5.7324,0.381921,15.9442,73.8,0.076886,nan,119.7729,nan,1,1,2257.336,nan
closed_eye_1670.jpg_face_2,cerrado,B5,150.1762,0.033619,4.4422,44.1818,100.0,8.6167,CRITICA,7.0864,0.424701,16.0876,70.58,0.139188,nan,314.0114,nan,1,1,1925.669,nan
closed_eye_1671.jpg_face_1,cerrado,B5,180.4022,0.123128,4.3287,43.5248,100.0,10.6755,CRITICA,4.8776,0.291619,16.1633,75.8735,0.165878,nan,34.7199,nan,1,1,2473.411,nan
closed_eye_1674.BMP_face_1,cerrado,B5,85.7963,0.078228,4.6175,37.2825,100.0,25.4256,CRITICA,11.8652,0.529984,16.2426,56.5453,0.059501,0.162329,23.9396,107.5068,1,1,4027.386,nan
closed_eye_1679.BMP_face_1,cerrado,B5,125.9071,0.06694,4.4349,42.1096,100.0,16.339,CRITICA,8.1814,0.357481,16.0442,66.5551,0.086848,0.182185,29.7397,172.1602,1,1,4784.689,nan
closed_eye_1680.jpg_face_1,cerrado,B5,42.4963,0.110913,4.4646,38.1331,99.8576,20.7883,CRITICA,22.4612,0.726692,16.4352,10.2671,nan,nan,nan,nan,1,0,6816.632,nan
closed_eye_1690.jpg_face_1,cerrado,B5,129.3817,0.03062,4.2118,42.9986,100.0,10.8801,CRITICA,8.643,0.359498,16.3735,66.7661,0.049178,nan,60.6071,nan,1,1,6127.451,nan
closed_eye_1691.jpg_face_3,cerrado,B5,139.2967,0.150871,4.309,43.544,100.0,9.61,CRITICA,7.7497,0.465091,16.28,68.7401,0.14262,nan,5.4689,nan,1,1,1430.206,nan
closed_eye_1693.jpg_face_1,cerrado,B5,166.3063,0.061935,4.3412,43.7603,100.0,9.0389,CRITICA,5.785,0.314742,16.1374,73.6869,0.093467,nan,50.911,nan,1,1,3741.115,nan
closed_eye_1702.BMP_face_1,cerrado,B5,148.8246,0.097039,4.3742,43.9079,100.0,9.938,CRITICA,6.8122,0.330932,16.0566,70.4969,0.184161,nan,89.7802,nan,1,1,5540.166,nan
closed_eye_1702.BMP_face_2,cerrado,B5,169.0847,0.113295,4.4306,44.213,100.0,9.9945,CRITICA,5.422,0.292434,15.9927,73.8516,0.134782,nan,18.9652,nan,1,1,5521.812,nan
closed_eye_1705.jpg_face_1,cerrado,B5,146.151,0.037706,4.4839,44.1766,100.0,10.2919,CRITICA,7.4034,0.431037,15.9309,69.7733,0.196184,nan,420.3062,nan,1,1,4629.63,nan
closed_eye_1711.jpg_face_1,cerrado,B5,114.8169,0.069844,4.5034,42.5678,100.0,15.9915,CRITICA,9.3273,0.516098,16.015,62.9255,0.079285,nan,13.5172,nan,1,1,3775.009,nan
closed_eye_1730.jpg_face_1,cerrado,B5,65.6412,0.099633,4.5426,39.2614,100.0,22.0855,CRITICA,15.6065,0.636333,16.2258,40.1879,0.090627,0.165864,9.0385,66.4753,1,1,6770.481,nan
closed_eye_1740.jpg_face_1,cerrado,B5,200.6218,0.069925,4.4403,45.1694,100.0,4.8214,CRITICA,4.1051,0.334599,15.9053,77.4853,0.068912,nan,1.4495,nan,1,1,1709.11,nan
closed_eye_1745.jpg_face_3,cerrado,B5,159.1975,0.078266,4.2707,44.2425,100.0,7.0507,CRITICA,6.4623,0.321588,16.2191,72.2091,nan,nan,nan,nan,1,0,5015.045,nan
closed_eye_1750.jpg_face_2,cerrado,B5,165.1803,0.04887,4.353,42.968,100.0,12.6091,CRITICA,5.8844,0.323082,16.2976,73.9872,0.053555,nan,9.5857,nan,1,1,3926.188,nan
closed_eye_1756.jpg_face_1,cerrado,B5,125.9161,0.058276,4.3869,43.8657,100.0,9.9849,CRITICA,8.9216,0.429911,16.1849,65.1628,0.076608,0.181589,31.4554,211.5986,1,1,2600.104,nan
closed_eye_1761.jpg_face_1,cerrado,B5,92.7539,0.176928,4.5464,41.8815,100.0,17.4493,CRITICA,11.2517,0.400991,15.9447,54.8466,0.151899,nan,14.1466,nan,1,1,6230.53,nan
closed_eye_1766.jpg_face_2,cerrado,B5,111.7188,0.01997,4.5372,38.5934,100.0,22.7994,CRITICA,9.1584,0.420178,16.2831,65.4548,0.038398,0.118268,92.2774,492.2246,1,1,3987.241,nan
closed_eye_1776.jpg_face_3,cerrado,B5,187.8641,0.113083,4.3089,44.8435,100.0,4.0119,CRITICA,4.8111,0.373018,15.964,76.1298,0.204659,nan,80.981,nan,1,1,1615.77,nan
closed_eye_1777.jpg_face_1,cerrado,B5,129.1791,0.043959,4.3545,41.8421,100.0,15.1477,CRITICA,8.0933,0.461906,16.2791,67.6092,0.067093,nan,52.6241,nan,1,1,2276.349,nan
closed_eye_1789.jpg_face_1,cerrado,B5,118.0812,0.055401,4.4874,44.6369,100.0,7.9679,CRITICA,9.942,0.367974,15.9762,62.1982,nan,nan,nan,nan,1,0,6257.822,nan
closed_eye_1796.jpg_face_1,cerrado,B5,124.9891,0.097125,4.4168,41.5114,100.0,16.2563,CRITICA,8.4116,0.351845,16.2639,66.7879,0.095541,nan,1.6304,nan,1,1,5707.763,nan
closed_eye_1804.jpg_face_1,cerrado,B5,113.3976,0.079045,4.4366,43.6662,100.0,11.3717,CRITICA,10.2162,0.354305,16.072,61.4928,0.181554,nan,129.6849,nan,1,1,6459.949,nan
closed_eye_1806.jpg_face_1,cerrado,B5,85.3218,0.050461,4.4641,41.7349,100.0,14.7389,CRITICA,12.7122,0.411982,16.404,51.0853,nan,nan,nan,nan,1,0,6887.052,nan
closed_eye_1807.jpg_face_1,cerrado,B5,152.4319,0.057893,4.3633,41.6533,100.0,16.0297,CRITICA,6.2216,0.23647,16.2545,72.6741,0.212607,nan,267.2409,nan,1,1,6451.613,nan
closed_eye_1808.jpg_face_1,cerrado,B5,121.1732,0.027062,4.3548,41.4355,100.0,16.4689,CRITICA,8.5397,0.39849,16.2806,65.8048,0.062386,0.172179,130.5341,536.2476,1,1,4280.822,nan
closed_eye_1810.jpg_face_1,cerrado,B5,160.9389,0.050376,4.3929,44.024,100.0,8.7575,CRITICA,6.1152,0.193356,16.0642,72.6455,nan,nan,nan,nan,1,0,6738.545,nan
closed_eye_1820.jpg_face_1,cerrado,B5,173.7922,0.091552,4.4073,41.2197,100.0,17.3415,CRITICA,4.8258,0.234266,16.1816,76.2822,0.133377,nan,45.6841,nan,1,1,5711.022,nan
closed_eye_1841.jpg_face_1,cerrado,B5,164.3924,0.076392,4.3823,43.3289,100.0,10.937,CRITICA,5.9182,0.296596,16.0677,73.643,0.10021,nan,31.1781,nan,1,1,4464.285,nan
closed_eye_1842.jpg_face_1,cerrado,B5,119.142,0.075988,4.5388,43.1046,100.0,12.9822,CRITICA,8.8107,0.421114,16.0672,63.8208,0.136227,0.1866,79.2739,145.5639,1,1,3706.449,nan
closed_eye_1843.jpg_face_1,cerrado,B5,134.8597,0.03002,4.2881,42.6198,100.0,13.0265,CRITICA,8.0604,0.456188,16.3387,68.3969,0.047479,nan,58.1575,nan,1,1,2215.33,nan
closed_eye_1849.jpg_face_1,cerrado,B5,141.4833,0.077106,4.2917,41.6043,100.0,15.6297,CRITICA,7.3503,0.338881,16.369,70.5942,0.062386,nan,19.0905,nan,1,1,4842.615,nan
closed_eye_1850.jpg_face_1,cerrado,B5,86.8038,0.037534,4.5612,39.1172,100.0,21.4691,CRITICA,12.4712,0.440374,16.1279,54.9361,0.031064,nan,17.2396,nan,1,1,6361.324,nan
closed_eye_1856.jpg_face_1,cerrado,B5,61.3679,0.09655,4.4598,43.6704,100.0,9.9968,CRITICA,20.1641,0.79839,16.349,28.8383,0.116188,0.193485,20.3393,100.3978,1,1,3832.886,nan
closed_eye_1858.jpg_face_2,cerrado,B5,120.0534,0.067334,4.4358,40.4321,100.0,18.7785,CRITICA,8.997,0.364131,16.1826,66.3215,0.128284,nan,90.518,nan,1,1,6142.507,nan
closed_eye_1866.jpg_face_1,cerrado,B5,181.9552,0.069788,4.4591,41.0504,100.0,18.1668,CRITICA,4.4669,0.294221,16.1756,77.4393,nan,nan,nan,nan,1,0,4572.474,nan
closed_eye_1868.jpg_face_1,cerrado,B5,119.7518,0.022748,4.3818,40.4502,100.0,18.6599,CRITICA,8.822,0.352982,16.3436,66.2216,nan,nan,nan,nan,1,0,6493.507,nan
closed_eye_1869.jpg_face_1,cerrado,B5,154.5844,0.054075,4.2649,42.5959,100.0,12.5833,CRITICA,6.5028,0.31991,16.3068,72.4449,0.08709,nan,61.0539,nan,1,1,5452.563,nan
closed_eye_1878.jpg_face_1,cerrado,B5,149.4026,0.081636,4.3231,43.9697,100.0,8.9191,CRITICA,7.133,0.385611,16.0212,70.5696,0.132393,nan,62.1753,nan,1,1,4332.755,nan
closed_eye_1889.jpg_face_1,cerrado,B5,122.9097,0.023191,4.3232,43.8351,100.0,9.3143,CRITICA,9.387,0.482598,16.2301,64.3355,0.053797,nan,131.9701,nan,1,1,3444.712,nan
closed_eye_1890.jpg_face_1,cerrado,B5,96.1736,0.059359,4.374,44.0789,100.0,9.2789,CRITICA,12.3654,0.55565,16.2296,54.1674,0.05489,nan,7.5278,nan,1,1,5656.108,nan
closed_eye_1906.jpg_face_1,cerrado,B5,154.7517,0.066919,4.4323,44.4508,100.0,7.7632,CRITICA,6.8679,0.4335,16.0833,71.276,0.157795,nan,135.8021,nan,1,1,2072.968,nan
closed_eye_1924.jpg_face_1,cerrado,B5,219.5265,0.048303,4.4627,45.1222,100.0,4.8373,CRITICA,3.2273,0.286981,15.9656,79.4457,0.118376,nan,145.0673,nan,1,1,4215.852,nan
closed_eye_1934.png_face_1,cerrado,B5,125.5037,0.051812,4.2833,43.2033,100.0,10.7568,CRITICA,8.9863,0.295182,16.3676,65.5761,0.144937,nan,179.7337,nan,1,1,5555.555,nan
closed_eye_1935.jpg_face_1,cerrado,B5,38.9993,0.087591,4.4623,42.8259,100.0,13.132,CRITICA,25.9113,0.738275,16.1916,9.8121,0.174622,0.227597,99.3618,159.8414,1,1,6657.791,nan
closed_eye_1942.jpg_face_2,cerrado,B5,102.0185,0.047859,4.4851,41.3615,100.0,18.4665,CRITICA,10.8991,0.42514,16.0581,59.4569,0.056312,nan,17.6638,nan,1,1,5924.17,nan
closed_eye_1944.jpg_face_1,cerrado,B5,111.1135,0.09411,4.4695,44.1331,100.0,9.0407,CRITICA,10.8872,0.494419,16.041,60.2811,0.088079,nan,6.4085,nan,1,1,5068.423,nan
closed_eye_1952.jpg_face_1,cerrado,B5,162.3641,0.043724,4.3792,44.5534,100.0,6.3942,CRITICA,6.4267,0.226119,16.0704,72.5596,0.190544,nan,335.7884,nan,1,1,6082.725,nan
closed_eye_1956.jpg_face_1,cerrado,B5,167.5765,0.034512,4.4005,43.8952,100.0,9.04,CRITICA,5.6543,0.345117,15.9561,73.8059,0.05102,nan,47.8314,nan,1,1,3785.011,nan
closed_eye_1959.jpg_face_2,cerrado,B5,152.2245,0.051129,4.42,43.9927,100.0,9.7052,CRITICA,6.884,0.256655,16.2775,71.1001,0.074688,nan,46.0764,nan,1,1,5966.586,nan
closed_eye_1963.jpg_face_1,cerrado,B5,183.8016,0.047815,4.2758,43.5688,100.0,9.6861,CRITICA,4.8765,0.280544,16.1934,76.2957,0.100405,nan,109.9857,nan,1,1,3881.987,nan
closed_eye_1964.jpg_face_1,cerrado,B5,170.0893,0.088621,4.3005,42.9639,100.0,11.4878,CRITICA,5.5493,0.278356,16.266,74.7404,0.109199,nan,23.2205,nan,1,1,4215.852,nan
closed_eye_1972.jpg_face_1,cerrado,B5,134.484,0.052081,4.3872,44.4872,100.0,7.5028,CRITICA,8.5159,0.36853,16.1212,66.9201,0.08517,nan,63.533,nan,1,1,4446.421,nan
closed_eye_2015.jpg_face_1,cerrado,B5,134.3565,0.023687,4.3629,39.5027,100.0,20.036,CRITICA,7.134,0.352937,16.3748,70.5986,0.03381,0.172271,42.7369,627.2746,1,1,1660.578,nan
closed_eye_2024.jpg_face_1,cerrado,B5,113.5415,0.064028,4.4419,40.0125,100.0,19.9913,CRITICA,9.2603,0.340007,16.2631,64.7596,0.104883,nan,63.8074,nan,1,1,6464.125,nan
closed_eye_2035.jpg_face_1,cerrado,B5,144.0364,0.093174,4.4026,44.3593,100.0,7.6597,CRITICA,7.8039,0.341006,16.1449,69.2028,nan,nan,nan,nan,1,0,6506.181,nan
closed_eye_2038.jpg_face_2,cerrado,B5,56.679,0.098737,4.4694,43.8777,100.0,11.2851,CRITICA,19.8855,0.744367,15.7166,22.5856,0.212538,nan,115.2572,nan,1,1,6027.727,nan
closed_eye_2041.jpg_face_1,cerrado,B5,148.8622,0.042874,4.392,41.5222,100.0,16.2412,CRITICA,6.4595,0.356082,16.2889,72.1069,0.038533,nan,10.1255,nan,1,1,1876.877,nan
closed_eye_2051.jpg_face_1,cerrado,B5,129.7065,0.085478,4.5519,42.5691,100.0,14.4126,CRITICA,7.7702,0.527185,15.9437,67.1804,0.091511,0.172787,7.0582,102.142,1,1,1373.626,nan
closed_eye_2054.jpg_face_1,cerrado,B5,97.6104,0.090406,4.6158,42.5367,100.0,11.7707,CRITICA,11.8231,0.548313,16.4369,56.422,0.100187,0.197497,10.8189,118.4545,1,1,1397.038,nan
closed_eye_2062.jpg_face_2,cerrado,B5,121.1701,0.049401,4.3556,43.588,100.0,10.5565,CRITICA,9.5311,0.539616,16.1591,64.0275,0.043454,0.188921,12.038,282.4231,1,1,2510.04,nan
closed_eye_2065.jpg_face_1,cerrado,B5,135.203,0.03833,4.3016,40.2464,100.0,18.3429,CRITICA,7.2099,0.330623,16.3869,70.2326,0.101311,nan,164.314,nan,1,1,4522.84,nan
closed_eye_2071.jpg_face_1,cerrado,B5,96.7557,0.042346,4.4559,44.3837,100.0,8.6374,CRITICA,12.3108,0.4917,16.0826,54.1281,nan,nan,nan,nan,1,0,6093.845,nan
closed_eye_2074.jpg_face_3,cerrado,B5,117.1715,0.044932,4.2739,42.7383,100.0,12.4285,CRITICA,9.7637,0.389764,16.3176,63.525,0.044499,0.167347,0.9632,272.447,1,1,3305.785,nan
closed_eye_2079.jpg_face_1,cerrado,B5,133.7519,0.120764,4.4439,42.1881,100.0,15.6473,CRITICA,7.4832,0.352277,16.1539,68.4579,0.159756,0.236129,32.2873,95.5287,1,1,5200.208,nan
closed_eye_2093.jpg_face_2,cerrado,B5,130.6919,0.118338,4.506,42.6296,100.0,14.8824,CRITICA,8.2547,0.466421,16.0838,67.3816,0.135364,nan,14.388,nan,1,1,2720.348,nan
closed_eye_2094.jpg_face_1,cerrado,B5,118.626,0.036144,4.5367,42.9506,100.0,13.3334,CRITICA,9.4553,0.385428,16.187,63.7932,nan,nan,nan,nan,1,0,6381.621,nan
closed_eye_2097.jpg_face_1,cerrado,B5,168.8044,0.097005,4.3533,44.1859,100.0,7.4416,CRITICA,5.9452,0.302501,16.1055,73.8242,0.14557,nan,50.0639,nan,1,1,5694.761,nan
closed_eye_2098.jpg_face_2,cerrado,B5,152.9146,0.082869,4.4588,42.3097,100.0,14.682,CRITICA,6.4312,0.371082,16.2423,72.3312,0.110845,nan,33.7599,nan,1,1,3284.072,nan
closed_eye_2100.jpg_face_1,cerrado,B5,53.8694,0.085845,4.5203,35.0868,97.9855,23.6796,CRITICA,16.1749,0.543293,16.8077,34.867,0.105762,0.119638,23.201,39.364,1,1,2791.736,nan
closed_eye_2111.jpg_face_1,cerrado,B5,120.8831,0.156689,4.4534,38.6196,100.0,21.8371,CRITICA,7.8299,0.339608,16.4036,68.0521,0.10303,0.243145,34.2454,55.1774,1,1,6060.606,nan
closed_eye_2123.jpg_face_2,cerrado,B5,106.8468,0.089449,4.3555,43.901,100.0,9.5503,CRITICA,11.4728,0.393224,16.2306,58.9122,0.203052,nan,127.0036,nan,1,1,6591.957,nan
closed_eye_2125.jpg_face_2,cerrado,B5,189.2151,0.09132,4.3735,44.7161,100.0,5.7975,CRITICA,4.7639,0.352852,16.1573,76.3676,0.119178,nan,30.5063,nan,1,1,2174.386,nan
closed_eye_2128.BMP_face_1,cerrado,B5,154.021,0.062077,4.3045,40.8299,100.0,17.4593,CRITICA,6.2667,0.315721,16.388,73.4907,0.091359,nan,47.1707,nan,1,1,4004.806,nan
closed_eye_2132.jpg_face_3,cerrado,B5,72.1913,0.038611,4.4425,40.2757,100.0,17.7028,CRITICA,15.3031,0.576566,16.424,44.2097,0.092743,0.186747,140.1967,383.6598,1,1,5790.388,nan
closed_eye_2137.jpg_face_1,cerrado,B5,119.3972,0.051671,4.4674,43.0431,100.0,12.7667,CRITICA,9.4143,0.447358,16.0717,63.9496,0.081207,0.211186,57.1636,308.7159,1,1,2357.934,nan
closed_eye_2144.jpg_face_2,cerrado,B5,150.7278,0.090372,4.3742,43.4354,100.0,10.5984,CRITICA,6.8514,0.355072,16.1724,71.1829,0.140282,nan,55.2262,nan,1,1,4286.327,nan
closed_eye_2145.jpg_face_4,cerrado,B5,138.2971,0.060937,4.3489,41.3157,100.0,16.8703,CRITICA,7.2193,0.303589,16.1484,70.1254,0.090566,nan,48.6214,nan,1,1,3766.479,nan
closed_eye_2146.jpg_face_1,cerrado,B5,123.7683,0.084317,4.5108,43.5586,100.0,11.9858,CRITICA,9.2375,0.488867,16.0156,64.8063,0.109765,nan,30.1809,nan,1,1,1541.07,nan
closed_eye_2161.jpg_face_1,cerrado,B5,116.4475,0.066513,4.2702,40.7794,100.0,16.8006,CRITICA,9.2668,0.436931,16.4029,64.9804,0.07591,nan,14.1278,nan,1,1,3145.643,nan
closed_eye_2164.jpg_face_1,cerrado,B5,104.5468,0.12596,4.4325,40.8152,100.0,17.6056,CRITICA,9.915,0.393349,16.3743,60.9599,0.150556,0.214209,19.5263,70.0604,1,1,6153.847,nan
closed_eye_2165.jpg_face_1,cerrado,B5,109.6088,0.133331,4.195,43.5274,100.0,8.6338,CRITICA,10.8721,0.465887,16.422,60.2884,0.22062,nan,65.4671,nan,1,1,5574.136,nan
closed_eye_2169.jpg_face_1,cerrado,B5,155.1685,0.050424,4.2814,44.2867,100.0,6.9507,CRITICA,6.8148,0.319933,16.2394,71.459,0.076921,nan,52.5478,nan,1,1,5321.98,nan
closed_eye_2181.jpg_face_1,cerrado,B5,128.9069,0.082769,4.4757,44.9319,100.0,5.3813,CRITICA,9.3026,0.425417,15.9328,65.1439,0.099771,nan,20.5411,nan,1,1,5347.594,nan
closed_eye_2183.jpg_face_1,cerrado,B5,148.3629,0.095608,4.3848,42.8089,100.0,12.8966,CRITICA,6.9197,0.355574,16.1595,71.1458,0.115544,nan,20.8516,nan,1,1,2712.968,nan
closed_eye_2191.jpg_face_1,cerrado,B5,100.5231,0.058981,4.3218,41.5719,100.0,14.8998,CRITICA,11.4019,0.459499,16.3943,58.6445,0.069473,0.156302,17.7871,165.0016,1,1,4904.365,nan
closed_eye_2192.jpg_face_1,cerrado,B5,126.5422,0.040182,4.3091,43.7614,100.0,9.285,CRITICA,8.863,0.45701,16.2334,65.4175,nan,nan,nan,nan,1,0,3797.949,nan
closed_eye_2200.jpg_face_1,cerrado,B5,81.9793,0.043975,4.4234,43.6684,99.9984,11.6696,CRITICA,14.852,0.650117,16.0113,46.7324,0.032312,nan,26.522,nan,1,1,2288.329,nan
closed_eye_2215.jpg_face_1,cerrado,B5,118.5646,0.189879,4.543,44.3798,100.0,9.5172,CRITICA,10.259,0.538883,16.1107,62.5691,0.166503,nan,12.3109,nan,1,1,1748.863,nan
closed_eye_2217.jpg_face_1,cerrado,B5,122.9346,0.063938,4.4143,42.6899,100.0,13.5943,CRITICA,8.8977,0.43295,16.2399,65.2743,0.049258,nan,22.9596,nan,1,1,2092.926,nan
closed_eye_2218.jpg_face_1,cerrado,B5,131.955,0.048385,4.4589,41.5618,100.0,16.9914,CRITICA,7.8497,0.356086,16.2079,68.5031,0.066619,nan,37.6868,nan,1,1,5086.47,nan
closed_eye_2222.jpg_face_1,cerrado,B5,141.5344,0.074394,4.4769,42.7808,100.0,10.0066,CRITICA,7.2294,0.259086,16.3437,69.7736,nan,nan,nan,nan,1,0,5917.16,nan
closed_eye_2234.jpg_face_1,cerrado,B5,169.8625,0.109596,4.4711,43.8007,100.0,10.4869,CRITICA,5.5869,0.209785,16.1869,74.214,0.199972,nan,82.4622,nan,1,1,5296.61,nan
closed_eye_2234.jpg_face_2,cerrado,B5,141.5498,0.092124,4.4367,42.4043,100.0,14.0635,CRITICA,7.2336,0.253593,16.3699,70.0428,0.144469,nan,56.8192,nan,1,1,6397.953,nan
closed_eye_2243.jpg_face_2,cerrado,B5,123.0546,0.137512,4.415,44.7618,100.0,6.8714,CRITICA,9.5176,0.460381,15.9195,63.6244,nan,nan,nan,nan,1,0,5711.022,nan
closed_eye_2249.jpg_face_1,cerrado,B5,93.7601,0.108118,4.391,44.2719,100.0,7.8765,CRITICA,13.2753,0.536788,16.1775,52.7817,0.199246,0.204229,84.2861,88.8946,1,1,5945.303,nan
closed_eye_2255.jpg_face_1,cerrado,B5,131.8768,0.10617,4.2674,42.0537,100.0,14.0474,CRITICA,7.8825,0.472582,16.3145,68.1114,0.095516,nan,10.0351,nan,1,1,1580.028,nan
closed_eye_2256.jpg_face_1,cerrado,B5,131.5673,0.038476,4.1931,42.3953,100.0,12.2244,CRITICA,8.2625,0.340381,16.4168,67.7767,0.116035,nan,201.5824,nan,1,1,5128.205,nan
closed_eye_2259.jpg_face_1,cerrado,B5,98.6708,0.056768,4.3455,38.306,100.0,22.1555,CRITICA,11.0181,0.437222,16.4098,61.178,0.119768,0.198313,110.9772,249.3391,1,1,4027.386,nan
closed_eye_2261.jpg_face_3,cerrado,B5,156.3343,0.133277,4.3816,44.5957,100.0,7.1756,CRITICA,6.5395,0.360603,16.138,71.4741,0.170176,nan,27.6866,nan,1,1,3357.958,nan
closed_eye_2288.jpg_face_1,cerrado,B5,171.3805,0.05587,4.4096,43.8627,100.0,9.6899,CRITICA,5.5534,0.296014,16.0724,74.4063,0.089613,nan,60.396,nan,1,1,3570.153,nan
closed_eye_2295.jpg_face_1,cerrado,B5,136.5331,0.045818,4.3647,42.4791,100.0,14.1877,CRITICA,7.4929,0.377952,16.2514,68.8873,0.08576,0.199413,87.1738,335.2264,1,1,4164.931,nan
closed_eye_2301.jpg_face_1,cerrado,B5,43.1758,0.048715,4.4119,38.3112,95.045,20.3971,CRITICA,21.4983,0.690232,16.6388,11.2668,0.059688,nan,22.524,nan,1,1,4982.561,nan
closed_eye_2303.jpg_face_1,cerrado,B5,154.6067,0.029491,4.1972,43.0746,100.0,10.3889,CRITICA,6.7194,0.401522,16.3595,72.1392,0.044921,nan,52.3226,nan,1,1,2423.068,nan
closed_eye_2303.jpg_face_2,cerrado,B5,157.8703,0.061307,4.1835,43.283,100.0,9.5241,CRITICA,6.5608,0.389561,16.3553,72.5832,nan,nan,nan,nan,1,0,2401.537,nan
closed_eye_2304.jpg_face_16,cerrado,B5,114.0628,0.097198,4.4476,43.3486,100.0,12.3823,CRITICA,10.2029,0.346706,15.9314,61.9958,0.094813,0.190266,2.4545,95.7505,1,1,6596.306,nan
closed_eye_2313.jpg_face_1,cerrado,B5,129.9658,0.137139,4.4418,43.3362,100.0,12.076,CRITICA,8.5677,0.409128,15.9751,66.6557,0.137617,nan,0.3488,nan,1,1,3412.969,nan
closed_eye_2313.jpg_face_2,cerrado,B5,107.6707,0.090695,4.5309,42.9135,100.0,13.8908,CRITICA,10.7744,0.487548,15.9579,60.1438,0.082635,nan,8.8871,nan,1,1,3437.607,nan
closed_eye_2317.jpg_face_1,cerrado,B5,116.3069,0.079537,4.3566,39.8547,100.0,19.1383,CRITICA,8.5365,0.396747,16.3963,65.7332,0.129769,0.182953,63.1556,130.0236,1,1,3900.156,nan
closed_eye_2338.jpg_face_1,cerrado,B5,163.5271,0.048344,4.4379,44.3642,100.0,7.7484,CRITICA,6.217,0.306812,16.0158,72.8705,0.110342,nan,128.2459,nan,1,1,4248.088,nan
closed_eye_2339.jpg_face_1,cerrado,B5,47.3516,0.070317,4.4429,41.772,100.0,15.2732,CRITICA,23.5309,0.668297,16.3467,11.7834,0.189695,0.184982,169.7719,163.07,1,1,3297.065,nan
closed_eye_2356.jpg_face_1,cerrado,B5,99.2505,0.024313,4.3084,40.2305,100.0,18.5286,CRITICA,11.3805,0.477572,16.4407,59.4657,0.06992,nan,187.587,nan,1,1,5446.623,nan
closed_eye_2358.jpg_face_2,cerrado,B5,154.2831,0.062112,4.3834,43.9491,100.0,8.9657,CRITICA,6.702,0.357359,16.1445,71.514,0.090971,nan,46.463,nan,1,1,3189.793,nan
closed_eye_2363.jpg_face_1,cerrado,B5,100.1597,0.11565,4.4675,43.9315,100.0,7.152,CRITICA,12.0989,0.503212,16.3449,56.1386,0.201437,nan,74.1784,nan,1,1,3455.425,nan
closed_eye_2367.jpg_face_1,cerrado,B5,121.3948,0.128038,4.6588,44.825,100.0,7.6138,CRITICA,9.5416,0.418329,15.8393,63.075,0.176534,nan,37.8755,nan,1,1,5420.054,nan
closed_eye_2372.jpg_face_1,cerrado,B5,85.7308,0.13536,4.4558,41.1894,100.0,17.6343,CRITICA,13.564,0.513331,16.2029,51.9549,nan,nan,nan,nan,1,0,6747.639,nan
closed_eye_2372.jpg_face_2,cerrado,B5,92.6805,0.150862,4.4752,44.7002,100.0,7.5841,CRITICA,13.4037,0.484367,16.0895,51.7696,nan,nan,nan,nan,1,0,6269.593,nan
closed_eye_2377.jpg_face_2,cerrado,B5,80.971,0.036359,4.5173,43.6877,100.0,9.523,CRITICA,14.1762,0.471151,16.3519,46.0452,0.03472,0.154832,4.5064,325.8428,1,1,1762.425,nan
closed_eye_2379.jpg_face_1,cerrado,B5,147.3346,0.062132,4.3916,40.4707,100.0,17.106,CRITICA,6.4859,0.430257,16.2541,72.5314,0.07148,nan,15.0455,nan,1,1,167.177,nan
closed_eye_2383.jpg_face_2,cerrado,B5,144.3658,0.075292,4.3662,43.8911,100.0,9.9289,CRITICA,7.4012,0.375657,16.1842,69.5973,0.096024,0.219939,27.5353,192.1158,1,1,2110.595,nan
closed_eye_2384.jpg_face_1,cerrado,B5,104.523,0.062131,4.3567,39.9113,100.0,19.5856,CRITICA,10.0712,0.393345,16.3559,61.8157,0.109185,0.168634,75.7347,171.4182,1,1,3350.084,nan
closed_eye_2386.jpg_face_1,cerrado,B5,99.11,0.074554,4.4295,40.5932,100.0,18.6325,CRITICA,10.8632,0.445194,16.2676,59.0422,0.124547,0.198648,67.0555,166.4482,1,1,4803.074,nan
closed_eye_2395.jpg_face_1,cerrado,B5,108.3073,0.090225,4.3963,40.6996,100.0,18.3101,CRITICA,10.0523,0.428032,16.2968,62.4222,0.1494,nan,65.5859,nan,1,1,4653.327,nan
closed_eye_2395.jpg_face_2,cerrado,B5,130.6033,0.051108,4.3861,43.9004,100.0,9.6592,CRITICA,8.6895,0.416404,16.151,66.3865,0.151345,nan,196.1297,nan,1,1,3511.236,nan
closed_eye_2403.jpg_face_1,cerrado,B5,152.9531,0.06349,4.355,43.5386,100.0,10.6575,CRITICA,6.6494,0.322345,16.1794,71.5346,0.105034,nan,65.4331,nan,1,1,5896.227,nan
closed_eye_2413.jpg_face_1,cerrado,B5,181.2258,0.098434,4.3263,44.5637,100.0,6.6183,CRITICA,5.0176,0.305335,15.9365,75.4098,0.205936,nan,109.2129,nan,1,1,3892.565,nan
closed_eye_2413.jpg_face_3,cerrado,B5,172.0687,0.040913,4.3219,43.9276,100.0,8.5096,CRITICA,5.4058,0.31009,15.9806,74.4709,0.146587,nan,258.2859,nan,1,1,3779.29,nan
closed_eye_2440.jpg_face_1,cerrado,B5,114.7499,0.048612,4.481,42.0765,100.0,16.095,CRITICA,9.4893,0.405734,16.0227,63.332,0.0883,nan,81.6401,nan,1,1,2885.17,nan
closed_eye_2448.jpg_face_1,cerrado,B5,194.4485,0.025297,4.4057,44.5205,100.0,7.2367,CRITICA,4.3515,0.203209,16.0844,77.1042,nan,nan,nan,nan,1,0,5367.687,nan
closed_eye_2461.jpg_face_1,cerrado,B5,164.8005,0.135761,4.3448,44.5091,100.0,6.9738,CRITICA,6.124,0.289454,16.1666,72.9921,nan,nan,nan,nan,1,0,5197.505,nan
closed_eye_2463.jpg_face_2,cerrado,B5,179.9869,0.104842,4.4997,43.6525,100.0,12.2676,CRITICA,4.7537,0.30862,15.8961,75.7468,0.101996,0.16421,2.7141,56.627,1,1,2663.825,nan
closed_eye_2464.jpg_face_2,cerrado,B5,71.9415,0.058709,4.4733,44.0645,100.0,9.7599,CRITICA,16.8201,0.667732,16.1459,38.7495,0.103263,nan,75.8878,nan,1,1,5733.945,nan
closed_eye_2466.jpg_face_1,cerrado,B5,138.7548,0.066253,4.3995,43.4885,100.0,11.3858,CRITICA,7.6734,0.377472,16.1112,68.658,0.084463,nan,27.4861,nan,1,1,3721.623,nan
closed_eye_2476.jpg_face_1,cerrado,B5,132.222,0.095415,4.3896,40.5828,100.0,18.4922,CRITICA,7.8925,0.39794,16.1756,69.307,0.096478,nan,1.1139,nan,1,1,2536.783,nan
closed_eye_2481.jpg_face_1,cerrado,B5,188.0671,0.075312,4.3961,44.6671,100.0,6.0383,CRITICA,4.7368,0.172555,15.9385,76.2494,0.198616,nan,163.7245,nan,1,1,6443.299,nan
closed_eye_2488.jpg_face_1,cerrado,B5,166.3644,0.055689,4.4201,44.4683,100.0,7.7767,CRITICA,5.9661,0.272021,16.0927,73.2705,nan,nan,nan,nan,1,0,4547.522,nan
closed_eye_2491.jpg_face_1,cerrado,B5,163.7509,0.048206,4.4734,44.1448,100.0,9.7389,CRITICA,5.9517,0.224728,15.9487,73.0415,0.104901,0.199545,117.6126,313.9472,1,1,4029.009,nan
closed_eye_2495.jpg_face_1,cerrado,B5,181.2672,0.069288,4.2988,44.1204,100.0,8.0476,CRITICA,5.1723,0.303108,16.048,75.66,0.113802,nan,64.2445,nan,1,1,2967.359,nan
closed_eye_2500.jpg_face_1,cerrado,B5,169.9372,0.091824,4.4942,42.9397,100.0,13.1626,CRITICA,5.38,0.283686,15.9884,74.732,0.175898,nan,91.5594,nan,1,1,3921.569,nan
closed_eye_2501.jpg_face_2,cerrado,B5,135.0347,0.076908,4.3651,40.0513,100.0,19.1563,CRITICA,7.2746,0.341784,16.3707,70.34,0.079119,0.183772,2.874,138.9492,1,1,3891.05,nan
closed_eye_2504.jpg_face_1,cerrado,B5,182.442,0.091014,4.2918,43.7898,100.0,8.8821,CRITICA,4.8645,0.25878,16.1779,75.9979,0.220452,nan,142.2168,nan,1,1,4737.091,nan
closed_eye_2506.jpg_face_1,cerrado,B5,143.0911,0.114048,4.4141,41.5243,100.0,16.8378,CRITICA,6.8529,0.239371,16.1703,70.9805,0.176111,nan,54.4182,nan,1,1,4780.114,nan
closed_eye_2511.jpg_face_1,cerrado,B5,121.9924,0.133789,4.3823,42.7788,100.0,13.264,CRITICA,8.6213,0.296671,16.0348,64.9332,0.210667,nan,57.4613,nan,1,1,7012.624,nan
closed_eye_2518.jpg_face_1,cerrado,B5,153.8036,0.069134,4.4062,40.5108,100.0,18.5124,CRITICA,6.0443,0.293056,16.1789,73.6607,0.066926,nan,3.1933,nan,1,1,5130.836,nan
closed_eye_2530.jpg_face_1,cerrado,B5,150.8136,0.041113,4.332,41.9067,100.0,14.8148,CRITICA,6.4348,0.398907,16.2469,72.2129,0.059143,nan,43.8532,nan,1,1,1944.012,nan
closed_eye_2534.jpg_face_1,cerrado,B5,105.2161,0.075382,4.3146,44.4568,100.0,7.1853,CRITICA,11.5125,0.52491,15.9471,57.7472,0.131196,nan,74.0413,nan,1,1,5537.098,nan
closed_eye_2544.BMP_face_1,cerrado,B5,206.2478,0.046468,4.4219,44.4039,100.0,9.1988,CRITICA,3.7087,0.290021,15.9515,78.4706,0.121662,nan,161.8214,nan,1,1,3631.082,nan
closed_eye_2547.jpg_face_1,cerrado,B5,175.7431,0.036848,4.3456,44.9296,100.0,5.1182,CRITICA,5.7168,0.329187,16.2021,74.4345,0.106294,nan,188.4634,nan,1,1,4145.937,nan
closed_eye_2557.jpg_face_1,cerrado,B5,130.6174,0.050473,4.3681,44.732,100.0,5.1852,CRITICA,9.284,0.343253,16.1978,65.7534,0.209887,nan,315.8367,nan,1,1,5854.8,nan
closed_eye_2562.jpg_face_1,cerrado,B5,69.2844,0.086793,4.463,42.4448,100.0,14.7949,CRITICA,16.1178,0.534771,16.1201,38.7383,0.208189,0.198119,139.8689,128.2669,1,1,6640.106,nan
closed_eye_2568.jpg_face_1,cerrado,B5,128.4843,0.044192,4.2914,41.5717,100.0,14.7654,CRITICA,8.413,0.463591,16.4301,67.6445,0.048852,nan,10.5446,nan,1,1,3042.288,nan
closed_eye_2574.jpg_face_1,cerrado,B5,130.7253,0.073115,4.3455,43.0897,100.0,11.9157,CRITICA,8.1959,0.33498,16.2451,67.038,0.166652,0.218295,127.9305,198.5633,1,1,4849.66,nan
closed_eye_2578.jpg_face_1,cerrado,B5,190.2384,0.078492,4.5599,42.1599,100.0,17.5612,CRITICA,3.9086,0.248806,15.9473,77.8384,0.072118,nan,8.1206,nan,1,1,5740.528,nan
closed_eye_2582.jpg_face_1,cerrado,B5,51.3463,0.05231,4.5438,37.109,100.0,23.7744,CRITICA,19.8942,0.689708,16.5916,27.728,0.055993,0.138554,7.0414,164.8701,1,1,6480.882,nan
closed_eye_2585.jpg_face_1,cerrado,B5,147.4437,0.045244,4.4266,43.2764,100.0,11.99,CRITICA,7.1158,0.251507,16.2543,70.6489,0.10614,nan,134.5921,nan,1,1,6325.11,nan
closed_eye_2596.jpg_face_8,cerrado,B5,148.8637,0.071321,4.5602,44.6311,100.0,6.1862,CRITICA,6.5433,0.468628,15.7417,70.0188,0.16542,nan,131.9379,nan,1,1,2300.966,nan
closed_eye_2597.jpg_face_1,cerrado,B5,89.7237,0.069413,4.4666,39.4823,100.0,20.4182,CRITICA,11.7922,0.486215,16.1523,55.9957,0.069253,nan,0.2298,nan,1,1,4284.49,nan
closed_eye_2600.jpg_face_1,cerrado,B5,143.7705,0.020045,4.3456,43.1875,100.0,11.2303,CRITICA,7.1928,0.353916,16.226,69.9608,0.258329,nan,1188.7627,nan,1,1,4701.457,nan
closed_eye_2608.jpg_face_1,cerrado,B5,119.0192,0.07928,4.5212,44.5441,100.0,8.6162,CRITICA,9.1919,0.461724,15.8532,62.574,0.149333,nan,88.3611,nan,1,1,6035.003,nan
closed_eye_2612.jpg_face_1,cerrado,B5,197.5829,0.096652,4.383,44.5297,100.0,7.4694,CRITICA,4.0939,0.241041,16.0812,77.4628,nan,nan,nan,nan,1,0,3075.977,nan
closed_eye_2627.jpg_face_1,cerrado,B5,127.1151,0.046158,4.4692,41.5239,100.0,18.1474,CRITICA,8.3352,0.392055,16.0277,67.3336,0.105332,nan,128.1973,nan,1,1,3101.737,nan
closed_eye_2629.jpg_face_1,cerrado,B5,102.1046,0.066652,4.4274,42.9392,100.0,12.1061,CRITICA,10.3839,0.55797,16.1837,57.9459,0.163393,0.224541,145.1449,236.8871,1,1,1420.051,nan
closed_eye_2634.jpg_face_1,cerrado,B5,194.3652,0.090613,4.3357,43.6006,100.0,10.3799,CRITICA,4.1275,0.214081,16.0402,77.5677,0.169719,nan,87.301,nan,1,1,5668.935,nan
closed_eye_2640.jpg_face_1,cerrado,B5,89.6416,0.058099,4.5748,39.6548,100.0,21.0839,CRITICA,12.9262,0.498745,16.3685,55.7629,0.063617,nan,9.4961,nan,1,1,3266.906,nan
closed_eye_2643.jpg_face_1,cerrado,B5,153.6384,0.082784,4.3569,42.7253,100.0,12.709,CRITICA,6.7621,0.213485,16.3711,72.191,0.137401,nan,65.9757,nan,1,1,5757.053,nan
closed_eye_2644.bmp_face_4,cerrado,B5,162.4811,0.078743,4.4447,42.9957,100.0,14.0215,CRITICA,5.8131,0.362314,16.0649,73.538,0.06826,0.199124,13.3122,152.8796,1,1,977.899,nan
closed_eye_2648.jpg_face_1,cerrado,B5,136.9677,0.062883,4.4256,43.7456,100.0,10.0163,CRITICA,7.8889,0.330523,16.1392,68.0614,0.139894,nan,122.468,nan,1,1,4545.455,nan
closed_eye_2651.jpg_face_1,cerrado,B5,122.0837,0.112999,4.4939,39.8114,100.0,20.9842,CRITICA,7.4624,0.26876,16.1913,67.39,0.151186,0.216686,33.7936,91.7582,1,1,5871.991,nan
closed_eye_2670.jpg_face_1,cerrado,B5,116.709,0.034415,4.3698,44.1041,100.0,8.818,CRITICA,9.8881,0.36301,16.2112,62.2102,0.112673,nan,227.3958,nan,1,1,3566.334,nan
closed_eye_2672.jpg_face_1,cerrado,B5,119.2104,0.067135,4.3004,40.6569,100.0,17.7677,CRITICA,9.0892,0.400037,16.3619,65.8948,0.10447,nan,55.611,nan,1,1,4646.84,nan
closed_eye_2677.jpg_face_1,cerrado,B5,95.4697,0.120319,4.4819,40.3075,100.0,19.6542,CRITICA,10.3289,0.590853,16.2503,57.7798,0.062083,0.165435,48.4015,37.4968,1,1,3014.772,nan
closed_eye_2680.jpg_face_2,cerrado,B5,155.977,0.088632,4.4175,42.9275,100.0,12.6689,CRITICA,6.3943,0.276181,16.0256,72.4783,0.20018,nan,125.8552,nan,1,1,5797.101,nan
closed_eye_2688.jpg_face_4,cerrado,B5,156.8344,0.062148,4.3639,44.2887,100.0,7.4257,CRITICA,6.7603,0.402541,16.1093,71.7608,nan,nan,nan,nan,1,0,2925.688,nan
closed_eye_2689.jpg_face_4,cerrado,B5,190.5924,0.063111,4.3529,44.0987,100.0,8.0411,CRITICA,4.5174,0.209482,16.0928,76.8623,nan,nan,nan,nan,1,0,5906.674,nan
closed_eye_2693.jpg_face_1,cerrado,B5,122.5225,0.041585,4.5038,43.0871,100.0,13.0579,CRITICA,8.4802,0.432669,16.0118,64.8333,0.094716,0.203045,127.7663,388.2655,1,1,4142.502,nan
closed_eye_2694.jpg_face_1,cerrado,B5,184.9212,0.053145,4.3392,43.9435,100.0,7.8079,CRITICA,4.7962,0.314333,16.0987,76.2366,0.099195,nan,86.6505,nan,1,1,3642.987,nan
closed_eye_2700.jpg_face_2,cerrado,B5,196.5961,0.065325,4.3801,44.3853,100.0,8.0938,CRITICA,4.1865,0.316683,16.083,77.4231,0.064108,nan,1.8635,nan,1,1,3720.238,nan
closed_eye_2708.jpg_face_1,cerrado,B5,141.36,0.061159,4.3791,43.8112,100.0,9.829,CRITICA,7.2432,0.336962,15.933,69.0074,0.047442,nan,22.4278,nan,1,1,4608.295,nan
closed_eye_2715.jpg_face_1,cerrado,B5,123.6474,0.04336,4.3938,43.0736,100.0,12.8422,CRITICA,8.6418,0.365906,16.1907,65.1642,0.074589,nan,72.0207,nan,1,1,5336.179,nan
closed_eye_2721.jpg_face_1,cerrado,B5,144.2799,0.051854,4.4854,43.349,100.0,12.4905,CRITICA,7.0216,0.318026,16.0772,69.9549,0.091507,0.159577,76.4705,207.7413,1,1,4868.549,nan
closed_eye_2735.jpg_face_1,cerrado,B5,170.9088,0.102258,4.3676,39.6414,100.0,19.8053,CRITICA,4.8894,0.291429,16.3929,76.8055,0.133335,0.213719,30.3909,108.9999,1,1,3765.06,nan
closed_eye_2737.jpg_face_1,cerrado,B5,134.4726,0.05525,4.2893,43.7898,100.0,8.6085,CRITICA,8.2714,0.360482,16.2586,67.4359,0.064915,nan,17.4933,nan,1,1,4833.253,nan
closed_eye_2740.jpg_face_1,cerrado,B5,134.7242,0.116701,4.5038,41.6134,100.0,16.8271,CRITICA,7.3292,0.401703,16.3425,69.1122,0.17957,0.240271,53.8715,105.8856,1,1,4395.605,nan
closed_eye_2746.BMP_face_2,cerrado,B5,113.5652,0.10665,4.4092,39.682,100.0,20.3839,CRITICA,9.1257,0.398751,16.3353,65.058,0.138046,0.195564,29.4389,83.3705,1,1,4889.976,nan
closed_eye_2747.BMP_face_1,cerrado,B5,88.9237,0.080845,4.5166,39.1715,100.0,21.5694,CRITICA,11.7997,0.45778,16.2834,55.9493,0.068764,nan,14.9441,nan,1,1,2405.581,nan
closed_eye_2749.jpg_face_2,cerrado,B5,132.3919,0.039239,4.4665,43.6167,100.0,11.6528,CRITICA,7.8933,0.379913,16.0473,67.0549,0.090253,nan,130.0053,nan,1,1,5282.62,nan
closed_eye_2752.jpg_face_1,cerrado,B5,112.1263,0.028647,4.3482,42.8453,100.0,12.9967,CRITICA,10.2059,0.440841,16.053,61.7884,0.124955,nan,336.1891,nan,1,1,6277.464,nan
closed_eye_2753.jpg_face_1,cerrado,B5,135.0543,0.036887,4.2922,43.5148,100.0,10.1809,CRITICA,8.172,0.446267,16.0165,67.7798,0.130881,nan,254.8176,nan,1,1,3987.241,nan
closed_eye_2759.BMP_face_1,cerrado,B5,95.312,0.045975,4.5594,44.6005,100.0,8.6277,CRITICA,13.3166,0.619882,16.1359,53.2058,0.104943,0.239052,128.2592,419.9581,1,1,3003.003,nan
closed_eye_2767.BMP_face_1,cerrado,B5,145.272,0.095005,4.4403,40.9525,100.0,17.6253,CRITICA,6.4859,0.34188,16.3529,71.8098,0.07431,0.223665,21.7835,135.4237,1,1,2707.093,nan
closed_eye_2769.jpg_face_1,cerrado,B5,121.1566,0.044812,4.464,41.6988,100.0,16.5694,CRITICA,8.842,0.415441,16.1302,65.5827,0.065716,0.262075,46.6467,484.8265,1,1,4288.165,nan
closed_eye_2770.jpg_face_1,cerrado,B5,149.4868,0.07375,4.4504,44.7359,100.0,6.0221,CRITICA,7.357,0.378684,16.0382,70.0737,0.124852,nan,69.2914,nan,1,1,3386.387,nan
closed_eye_2773.jpg_face_1,cerrado,B5,91.4814,0.051991,4.5082,38.4518,100.0,21.1984,CRITICA,10.9225,0.457562,16.5255,57.9676,0.053884,0.235091,3.6419,352.1791,1,1,4128.819,nan
closed_eye_2778.jpg_face_2,cerrado,B5,170.1918,0.060353,4.3645,43.7898,100.0,9.8206,CRITICA,5.6218,0.290704,16.1177,74.2703,0.118585,nan,96.4848,nan,1,1,3819.709,nan
closed_eye_2780.jpg_face_1,cerrado,B5,161.0054,0.056895,4.4255,43.279,100.0,11.5176,CRITICA,6.0262,0.30899,16.0696,73.1195,nan,nan,nan,nan,1,0,3775.009,nan
closed_eye_2793.jpg_face_1,cerrado,B5,156.6787,0.081582,4.3806,43.4976,100.0,10.6445,CRITICA,6.3755,0.319829,16.1832,72.2377,0.085744,nan,5.1013,nan,1,1,4120.313,nan
closed_eye_2794.jpg_face_1,cerrado,B5,150.7771,0.049553,4.417,41.5913,100.0,16.3265,CRITICA,6.0629,0.275962,16.1846,72.4154,0.073914,0.191557,49.1608,286.569,1,1,4526.935,nan
closed_eye_2798.jpg_face_1,cerrado,B5,172.9597,0.021361,4.3589,44.1181,100.0,8.4064,CRITICA,5.5359,0.303396,16.2352,74.4923,0.078229,nan,266.219,nan,1,1,3475.843,nan
closed_eye_2801.jpg_face_2,cerrado,B5,159.7048,0.026155,4.3649,43.8518,100.0,10.0375,CRITICA,6.5182,0.331991,16.2438,72.542,0.062948,nan,140.6728,nan,1,1,4103.406,nan
closed_eye_2803.jpg_face_1,cerrado,B5,194.4599,0.052848,4.3494,44.7717,100.0,4.4756,CRITICA,4.5319,0.341796,16.0492,76.9764,0.048171,nan,8.8498,nan,1,1,2050.441,nan
closed_eye_2813.BMP_face_1,cerrado,B5,153.4052,0.046005,4.5143,43.4568,100.0,12.2889,CRITICA,6.5263,0.280175,15.938,71.6719,0.060065,nan,30.5634,nan,1,1,2430.134,nan
closed_eye_2817.jpg_face_1,cerrado,B5,115.6957,0.038067,4.4224,40.6439,100.0,18.3546,CRITICA,9.2043,0.480173,16.3293,64.87,0.041803,0.214837,9.8144,464.3739,1,1,1480.823,nan
closed_eye_2847.jpg_face_2,cerrado,B5,71.9011,0.077284,4.5438,41.2917,100.0,19.2152,CRITICA,16.2861,0.73565,16.0194,42.5715,0.063708,0.165775,17.5655,114.5026,1,1,1692.047,nan
a0068,abierto,B5,107.203,0.190392,4.4084,40.9385,100.0,18.3252,CRITICA,9.3059,0.499818,16.2161,61.8121,0.202584,0.212421,6.4036,11.5703,1,1,3710.575,nan
a0205,abierto,B5,105.8826,0.215294,4.4091,40.6396,100.0,18.9404,CRITICA,9.3193,0.509968,16.2533,61.6183,0.215997,0.221958,0.3266,3.0953,1,1,3838.772,nan
a0208,abierto,B5,106.9888,0.191685,4.3936,40.4552,100.0,19.0545,CRITICA,9.1456,0.504638,16.2641,62.1875,0.189968,0.231818,0.8958,20.9368,1,1,3824.092,nan
a0230,abierto,B5,101.1822,0.186551,4.4158,40.5899,100.0,19.237,CRITICA,9.8382,0.522198,16.2387,59.8843,0.192561,0.225639,3.2215,20.9529,1,1,3850.597,nan
a0245,abierto,B5,111.1183,0.157348,4.4296,40.4557,100.0,19.3573,CRITICA,8.705,0.501794,16.2638,63.5922,0.152772,0.173251,2.9078,10.107,1,1,3164.557,nan
a0277,abierto,B5,112.8277,0.193745,4.4644,40.6193,100.0,19.2849,CRITICA,8.4678,0.491434,16.2385,63.9988,0.198531,0.210296,2.4703,8.5424,1,1,3755.163,nan
a0279,abierto,B5,115.3651,0.194289,4.484,40.6741,100.0,19.0056,CRITICA,8.2666,0.48246,16.2276,64.7432,0.177776,0.218583,8.4994,12.5039,1,1,3384.095,nan
a0371,abierto,B5,106.1452,0.179992,4.4272,40.7135,100.0,18.7465,CRITICA,9.1717,0.512705,16.2509,61.6436,0.18104,0.211128,0.5825,17.2988,1,1,2812.148,nan
a0372,abierto,B5,105.3966,0.202952,4.4534,40.92,100.0,18.7479,CRITICA,9.3156,0.515637,16.2236,61.1752,0.203662,0.218722,0.3496,7.77,1,1,3869.969,nan
a0374,abierto,B5,113.7246,0.189319,4.4706,41.1647,100.0,18.4158,CRITICA,8.569,0.487745,16.1991,63.8032,0.20062,0.209393,5.9693,10.6033,1,1,3862.495,nan
a0379,abierto,B5,109.6001,0.191517,4.4202,40.8623,100.0,18.5239,CRITICA,8.8591,0.500909,16.2236,62.7169,0.202679,0.228444,5.828,19.2809,1,1,2954.21,nan
a0386,abierto,B5,99.5347,0.188042,4.4074,40.2665,100.0,19.4554,CRITICA,9.7805,0.53352,16.2826,59.5452,0.190917,0.215785,1.5288,14.7536,1,1,3171.583,nan
a0418,abierto,B5,100.8038,0.183868,4.4063,40.0986,100.0,19.7477,CRITICA,9.6626,0.522734,16.2907,60.2211,0.165368,0.196566,10.0614,6.906,1,1,3347.841,nan
a0487,abierto,B5,107.0182,0.177507,4.3928,40.2371,100.0,19.3775,CRITICA,9.1122,0.504568,16.2798,62.4016,0.186117,0.210795,4.8508,18.7535,1,1,3012.956,nan
a0533,abierto,B5,99.5021,0.17882,4.4152,40.2139,100.0,19.5976,CRITICA,9.7478,0.536977,16.2824,59.5849,0.178046,0.208067,0.4327,16.3558,1,1,3808.073,nan
a0579,abierto,B5,108.9364,0.200394,4.4305,40.9569,100.0,18.4692,CRITICA,9.0635,0.507845,16.2259,62.403,0.219601,0.21247,9.5847,6.0261,1,1,3193.868,nan
a0705,abierto,B5,99.4831,0.188602,4.4158,40.6245,100.0,18.9749,CRITICA,9.9528,0.536647,16.2424,59.1644,0.187205,0.215852,0.741,14.4483,1,1,3780.718,nan
a0857,abierto,B5,100.7418,0.189863,4.3821,40.5061,100.0,19.0891,CRITICA,9.8345,0.526767,16.2531,59.7921,0.182422,0.21783,3.9192,14.7298,1,1,2365.744,nan
a0881,abierto,B5,102.0847,0.160364,4.3968,40.5052,100.0,19.2491,CRITICA,9.6256,0.521418,16.2511,60.322,0.158797,0.213092,0.9772,32.8797,1,1,3796.507,nan
a0947,abierto,B5,103.7651,0.178082,4.425,40.6445,100.0,19.0528,CRITICA,9.5156,0.523082,16.2461,60.8303,0.197438,0.219578,10.8694,23.3017,1,1,3010.235,nan
a0958,abierto,B5,100.0941,0.152446,4.39,40.1844,100.0,19.5295,CRITICA,9.8184,0.526899,16.2802,59.8534,0.122315,0.20966,19.7654,37.5303,1,1,3448.276,nan
a1009,abierto,B5,105.1595,0.197073,4.4037,40.7655,100.0,18.5848,CRITICA,9.4484,0.520093,16.2477,61.2346,0.215318,0.231087,9.258,17.2595,1,1,3714.71,nan
a1021,abierto,B5,102.9079,0.21184,4.4462,40.7803,100.0,18.8712,CRITICA,9.6265,0.528837,16.2313,60.372,0.223212,0.207483,5.3683,2.0567,1,1,3729.951,nan
a1035,abierto,B5,98.1878,0.202128,4.416,40.5221,100.0,18.9567,CRITICA,10.0616,0.548316,16.2463,58.73,0.215112,0.211664,6.4237,4.7175,1,1,2267.574,nan
a1057,abierto,B5,105.0502,0.192477,4.4072,40.2815,100.0,19.3853,CRITICA,9.2978,0.520247,16.2802,61.655,0.203464,0.208743,5.708,8.4506,1,1,3675.119,nan
a1058,abierto,B5,105.9552,0.194015,4.4155,40.3148,100.0,19.3689,CRITICA,9.2116,0.51696,16.2679,61.9511,0.216946,0.221916,11.8188,14.3804,1,1,3537.319,nan
a1098,abierto,B5,105.2192,0.158763,4.4197,40.4935,100.0,19.2002,CRITICA,9.304,0.520699,16.2668,61.5151,0.159181,0.222863,0.2634,40.3751,1,1,3235.199,nan
a1099,abierto,B5,102.9369,0.170909,4.4347,40.3248,100.0,19.6082,CRITICA,9.4511,0.522544,16.2658,60.8257,0.173668,0.216242,1.6144,26.5247,1,1,3455.425,nan
a1112,abierto,B5,100.1647,0.177751,4.3973,40.1052,100.0,19.6786,CRITICA,9.7342,0.530318,16.2851,59.9607,0.190843,0.226917,7.3658,27.6604,1,1,3467.407,nan
a1132,abierto,B5,103.1167,0.180875,4.4397,40.7323,100.0,18.994,CRITICA,9.5805,0.522588,16.2368,60.4988,0.211423,0.232501,16.8891,28.5424,1,1,2919.708,nan
a1147,abierto,B5,104.3383,0.180783,4.4342,40.9437,100.0,18.6092,CRITICA,9.5698,0.520855,16.2214,60.7587,0.204159,0.217598,12.9308,20.3642,1,1,3675.119,nan
a1204,abierto,B5,101.9485,0.178114,4.4262,40.6476,100.0,19.0935,CRITICA,9.7583,0.528657,16.2466,60.1293,0.178183,0.232955,0.0387,30.7893,1,1,3463.803,nan
a1207,abierto,B5,105.6055,0.196503,4.3964,40.67,100.0,18.8494,CRITICA,9.4551,0.514364,16.2518,61.4887,0.20525,0.238246,4.4511,21.2429,1,1,3532.321,nan
a1215,abierto,B5,102.5043,0.190266,4.4069,40.606,100.0,19.0346,CRITICA,9.7078,0.524314,16.2576,60.386,0.214278,0.22805,12.6205,19.8589,1,1,3717.472,nan
a1222,abierto,B5,101.9583,0.187731,4.4334,40.659,100.0,19.0685,CRITICA,9.7431,0.5287,16.2343,60.1219,0.191977,0.233215,2.262,24.2286,1,1,3635.042,nan
a1231,abierto,B5,104.621,0.189049,4.447,40.6779,100.0,19.1861,CRITICA,9.3661,0.517698,16.2393,61.1188,0.194621,0.227329,2.9473,20.2487,1,1,3625.816,nan
a1241,abierto,B5,103.3224,0.190162,4.4315,40.6054,100.0,19.3151,CRITICA,9.5181,0.518539,16.246,60.7003,0.183411,0.22349,3.55,17.5259,1,1,3850.597,nan
b0045,abierto,B5,107.8492,0.197132,4.4405,44.6839,100.0,9.5899,CRITICA,10.6334,0.633924,15.9451,58.5682,0.21447,nan,8.795,nan,1,1,2454.59,nan
b0049,abierto,B5,103.4307,0.212264,4.4566,44.7687,100.0,9.1034,CRITICA,11.2978,0.654031,15.9308,56.7163,0.221718,nan,4.454,nan,1,1,3717.472,nan
b0113,abierto,B5,108.32,0.220511,4.4564,45.0749,100.0,8.5451,CRITICA,10.8929,0.658351,15.976,58.3873,0.240735,nan,9.1713,nan,1,1,4053.507,nan
b0155,abierto,B5,106.5512,0.222549,4.438,45.0768,100.0,8.3829,CRITICA,11.1286,0.661949,15.9795,57.6947,0.260734,nan,17.1579,nan,1,1,3886.514,nan
b0256,abierto,B5,111.3167,0.217771,4.4118,45.1871,100.0,8.1619,CRITICA,10.6762,0.644217,15.9849,59.4067,0.238507,nan,9.5219,nan,1,1,2897.711,nan
b0283,abierto,B5,112.5167,0.21094,4.4169,45.0544,100.0,8.5035,CRITICA,10.4774,0.638729,16.0084,59.9576,0.210958,nan,0.0085,nan,1,1,4016.064,nan
b0299,abierto,B5,113.0913,0.213285,4.4389,45.1364,100.0,8.4391,CRITICA,10.4216,0.636094,15.9864,60.0885,nan,nan,nan,nan,1,0,3963.535,nan
b0457,abierto,B5,112.4892,0.174146,4.4495,44.8073,100.0,9.4713,CRITICA,10.1788,0.606179,15.9737,60.1674,0.189148,nan,8.6146,nan,1,1,3912.363,nan
b0479,abierto,B5,114.0623,0.204017,4.4391,44.7042,100.0,9.6634,CRITICA,9.9108,0.592529,15.9711,60.8072,0.214255,nan,5.0181,nan,1,1,2442.003,nan
c0029,abierto,B5,87.4683,0.30645,4.4534,40.8478,100.0,18.5878,CRITICA,11.7946,0.589265,16.2222,53.2999,0.309271,0.282891,0.9205,7.6877,1,1,3059.04,nan
c0050,abierto,B5,90.9132,0.301011,4.4337,40.5083,100.0,19.0129,CRITICA,11.1589,0.586951,16.2574,55.4429,0.308562,0.26412,2.5083,12.2558,1,1,3336.67,nan
c0207,abierto,B5,117.4915,0.250696,4.3667,41.7445,100.0,17.3107,CRITICA,8.3892,0.526278,16.158,64.4702,0.237643,0.221876,5.2066,11.4961,1,1,3498.95,nan
c0268,abierto,B5,117.3226,0.269166,4.3676,42.787,100.0,14.8174,CRITICA,8.8354,0.510447,16.0994,63.5305,0.26256,0.252932,2.4542,6.0313,1,1,3707.823,nan
c0292,abierto,B5,123.7112,0.33082,4.4136,42.8532,100.0,15.4037,CRITICA,8.2375,0.495743,16.098,65.3603,0.300791,0.264694,9.077,19.9883,1,1,3591.954,nan
c0296,abierto,B5,124.4156,0.334806,4.4298,42.7142,100.0,15.8324,CRITICA,8.0979,0.490188,16.0891,65.6681,0.303447,0.255153,9.3663,23.7908,1,1,3571.428,nan
c0337,abierto,B5,108.3967,0.325039,4.38,42.4053,100.0,15.6883,CRITICA,9.6178,0.518236,16.1236,60.8795,0.318935,0.281221,1.8777,13.4807,1,1,3565.062,nan
c0358,abierto,B5,101.9,0.314931,4.3916,41.757,100.0,17.0479,CRITICA,10.2061,0.530877,16.1634,59.0216,0.31819,0.285087,1.0348,9.4764,1,1,3714.71,nan
c0374,abierto,B5,96.4715,0.304384,4.4319,40.9505,100.0,18.6403,CRITICA,10.3705,0.554693,16.2077,57.5517,0.29369,0.265887,3.5135,12.6475,1,1,3735.525,nan
c0377,abierto,B5,94.5033,0.294371,4.4296,41.0725,100.0,18.3928,CRITICA,10.6333,0.567179,16.2021,56.5385,0.301751,0.257172,2.5072,12.6365,1,1,3636.364,nan
c0417,abierto,B5,97.9939,0.29004,4.4497,40.5691,100.0,19.304,CRITICA,10.2629,0.547767,16.2162,58.6003,0.29719,0.264848,2.4652,8.6856,1,1,3471.017,nan
c0430,abierto,B5,95.1566,0.29651,4.4154,40.7636,100.0,18.7008,CRITICA,10.7199,0.558953,16.2185,57.1616,0.316451,0.273445,6.7253,7.779,1,1,3676.471,nan
d0006,abierto,B5,129.978,0.215322,4.4156,45.2123,100.0,7.8046,CRITICA,8.6988,0.492796,15.8506,65.2154,0.210064,nan,2.4419,nan,1,1,3273.322,nan
d0023,abierto,B5,134.7074,0.220061,4.3785,45.1886,100.0,7.8059,CRITICA,8.2671,0.476092,15.8645,66.4543,0.209156,nan,4.9553,nan,1,1,3561.254,nan
d0054,abierto,B5,130.7335,0.208247,4.3701,45.1453,100.0,7.8238,CRITICA,8.6225,0.499619,15.8727,65.4677,0.202658,0.204499,2.6839,1.8001,1,1,3429.355,nan
d0073,abierto,B5,133.7511,0.204412,4.3735,45.1251,100.0,7.8329,CRITICA,8.3467,0.484301,15.8752,66.2618,0.197724,nan,3.2716,nan,1,1,3631.082,nan
d0115,abierto,B5,134.7699,0.179629,4.4003,45.2242,100.0,7.6668,CRITICA,8.2721,0.490784,15.8532,66.4434,0.185865,0.2014,3.4716,12.1204,1,1,3690.037,nan
d0131,abierto,B5,133.0212,0.207191,4.3765,45.1605,100.0,7.7719,CRITICA,8.4201,0.489197,15.8687,66.0502,0.199638,0.202329,3.6457,2.3465,1,1,3691.399,nan
d0184,abierto,B5,137.2668,0.207389,4.3743,45.2096,100.0,7.5238,CRITICA,8.0827,0.481751,15.8633,67.0644,0.18566,0.216015,10.4775,4.1594,1,1,3497.727,nan
d0342,abierto,B5,135.2343,0.21457,4.3668,45.1255,100.0,7.7126,CRITICA,8.2617,0.479575,15.8809,66.6316,0.199542,0.202131,7.0036,5.797,1,1,3635.042,nan
d0374,abierto,B5,134.0837,0.201444,4.363,45.1734,100.0,7.6917,CRITICA,8.3695,0.480899,15.8724,66.3095,0.201015,0.213874,0.2133,6.1704,1,1,3741.115,nan
d0398,abierto,B5,135.0996,0.222484,4.3614,45.1058,100.0,7.7431,CRITICA,8.2692,0.481636,15.8826,66.6129,0.197869,0.215221,11.0636,3.2645,1,1,2808.989,nan
d0416,abierto,B5,134.9502,0.218655,4.3936,45.25,100.0,7.551,CRITICA,8.3072,0.488192,15.8554,66.4691,0.201525,0.210229,7.8344,3.8536,1,1,3615.329,nan
d0417,abierto,B5,133.4991,0.212267,4.3628,45.1436,100.0,7.6707,CRITICA,8.4134,0.485807,15.8711,66.1843,0.199504,0.20402,6.0128,3.8851,1,1,3058.104,nan
d0467,abierto,B5,133.9749,0.209164,4.3693,45.1676,100.0,7.6817,CRITICA,8.3805,0.487748,15.8707,66.2866,0.194707,0.214472,6.912,2.5375,1,1,3473.428,nan
d0567,abierto,B5,131.7498,0.216509,4.3538,45.1358,100.0,7.7724,CRITICA,8.5758,0.500888,15.889,65.7412,0.200374,0.207998,7.4526,3.931,1,1,3537.319,nan
d0600,abierto,B5,132.3324,0.233118,4.3555,45.1671,100.0,7.7286,CRITICA,8.5305,0.491783,15.8793,65.8685,0.217888,0.211567,6.5334,9.2449,1,1,2805.049,nan
d0767,abierto,B5,136.2842,0.204385,4.3718,45.2186,100.0,7.3874,CRITICA,8.2017,0.484153,15.8741,66.8204,0.205398,nan,0.4957,nan,1,1,3327.787,nan
d0853,abierto,B5,135.4113,0.209141,4.3398,45.1628,100.0,7.5763,CRITICA,8.2645,0.484626,15.8848,66.6477,0.202858,0.216076,3.0045,3.3158,1,1,3372.681,nan
d0866,abierto,B5,136.9556,0.225879,4.3582,45.2048,100.0,7.6385,CRITICA,8.1126,0.480956,15.878,66.9931,0.208942,nan,7.4982,nan,1,1,3865.481,nan
d0903,abierto,B5,135.564,0.204794,4.3532,45.1776,100.0,7.6876,CRITICA,8.2351,0.4843,15.8797,66.6743,0.203131,0.218643,0.8123,6.7621,1,1,3818.251,nan
d0929,abierto,B5,136.7708,0.182757,4.3466,45.232,100.0,7.4723,CRITICA,8.1639,0.48954,15.8808,66.9286,0.178322,0.203865,2.4267,11.5495,1,1,3920.031,nan
d0974,abierto,B5,134.2066,0.208781,4.3504,45.172,100.0,7.6352,CRITICA,8.3574,0.491755,15.8819,66.3414,0.189482,0.214483,9.2437,2.7311,1,1,3785.011,nan
d1012,abierto,B5,134.735,0.205228,4.3656,45.2278,100.0,7.6038,CRITICA,8.3103,0.49286,15.8722,66.432,0.207901,0.194523,1.3025,5.2162,1,1,3617.945,nan
e0058,abierto,B5,97.7452,0.304804,4.5153,41.8216,100.0,16.4233,CRITICA,11.0377,0.624295,16.3965,57.2136,0.304304,0.220527,0.1639,27.6495,1,1,3599.712,nan
e0168,abierto,B5,94.2794,0.302774,4.528,41.64,100.0,16.721,CRITICA,11.4421,0.633588,16.4188,55.8334,0.301936,0.208551,0.2767,31.1197,1,1,3667.033,nan
e0202,abierto,B5,95.4639,0.309876,4.4855,41.5331,100.0,16.8727,CRITICA,11.3583,0.624812,16.4176,56.4934,0.30743,0.22356,0.7895,27.855,1,1,3543.586,nan
e0205,abierto,B5,98.4094,0.33,4.4491,41.5414,100.0,16.7684,CRITICA,11.0049,0.619681,16.4128,57.7871,0.308071,0.20447,6.6452,38.0395,1,1,2000.0,nan
e0278,abierto,B5,92.0341,0.302913,4.5315,41.5783,100.0,16.7326,CRITICA,11.7232,0.645533,16.4328,54.8229,0.295467,0.208646,2.4582,31.1202,1,1,3741.115,nan
e0281,abierto,B5,90.3227,0.304354,4.4812,41.4122,100.0,16.6999,CRITICA,11.9117,0.647247,16.4731,54.1509,0.304638,0.206851,0.0934,32.036,1,1,3275.467,nan
e0287,abierto,B5,94.9805,0.30329,4.5325,41.7479,100.0,16.7472,CRITICA,11.3868,0.635747,16.3954,56.0458,0.291499,0.211379,3.8876,30.3046,1,1,3840.246,nan
e0300,abierto,B5,92.9129,0.311715,4.5467,41.6143,100.0,16.7292,CRITICA,11.6477,0.641632,16.4249,55.2116,0.298716,0.212219,4.1702,31.919,1,1,3816.794,nan
e0322,abierto,B5,97.0838,0.301221,4.4385,41.3551,100.0,17.0915,CRITICA,11.1462,0.614827,16.4255,57.4027,0.27003,0.21501,10.3549,28.6204,1,1,3656.307,nan
e0374,abierto,B5,93.7322,0.309423,4.5277,41.5519,100.0,16.9521,CRITICA,11.5498,0.637868,16.4158,55.6695,0.270226,0.200648,12.6677,35.1541,1,1,3546.099,nan
e0553,abierto,B5,97.4391,0.302765,4.5225,41.9373,100.0,16.1388,CRITICA,11.1309,0.623679,16.3915,56.9605,0.306758,0.202248,1.3188,33.1997,1,1,3541.077,nan
e0647,abierto,B5,97.3769,0.310426,4.444,41.4248,100.0,17.0486,CRITICA,11.1302,0.614982,16.4168,57.4593,0.289099,0.21496,6.8701,30.7532,1,1,3750.938,nan
e0680,abierto,B5,96.8882,0.30741,4.4513,41.661,100.0,16.6102,CRITICA,11.2292,0.623902,16.407,57.001,0.306639,0.197099,0.2506,35.8839,1,1,3755.163,nan
e0737,abierto,B5,93.8367,0.297349,4.5162,42.0821,100.0,15.8038,CRITICA,11.7443,0.641462,16.392,55.1539,0.272374,0.204319,8.3992,31.2862,1,1,3709.199,nan
e0758,abierto,B5,96.961,0.286294,4.4532,41.8341,100.0,16.2656,CRITICA,11.2681,0.624588,16.3984,56.8548,0.297943,0.196949,4.0687,31.2075,1,1,3258.39,nan
e0831,abierto,B5,92.2407,0.301837,4.535,41.6961,100.0,16.5011,CRITICA,11.7545,0.642658,16.4217,54.7964,0.289089,0.193176,4.2235,35.9998,1,1,3636.364,nan
e0861,abierto,B5,93.7521,0.299382,4.5154,41.4663,100.0,17.0373,CRITICA,11.5836,0.634634,16.4211,55.7703,0.278866,0.206879,6.8528,30.8981,1,1,3350.084,nan
e0888,abierto,B5,88.4792,0.296254,4.4415,41.3522,100.0,16.86,CRITICA,12.0744,0.655122,16.4858,53.2634,0.291966,0.224085,1.4473,24.3603,1,1,3714.71,nan
e1060,abierto,B5,84.1714,0.326444,4.5399,42.0874,100.0,15.5316,CRITICA,12.8823,0.701871,16.433,49.998,0.31567,nan,3.3003,nan,1,1,3844.675,nan
e1065,abierto,B5,98.5042,0.315355,4.4376,41.9648,100.0,15.9998,CRITICA,11.0084,0.627634,16.3851,57.3979,0.320582,nan,1.6575,nan,1,1,3828.484,nan
g0075,abierto,B5,106.0066,0.266253,4.4684,43.581,100.0,12.6312,CRITICA,10.3535,0.585364,15.9095,58.8885,0.260937,0.238987,1.9969,10.2407,1,1,3760.813,nan
g0149,abierto,B5,105.3766,0.271718,4.4837,43.4607,100.0,12.9591,CRITICA,10.3625,0.589203,15.8894,58.7568,0.2709,0.256251,0.3009,5.6922,1,1,3789.314,nan
h0047,abierto,B5,55.8931,0.215968,4.4933,38.2305,99.9709,22.733,CRITICA,18.5942,0.763932,16.0877,31.6006,0.2145,0.220411,0.6795,2.0574,1,1,3735.525,nan
h0223,abierto,B5,59.106,0.214156,4.4832,38.7841,99.9418,21.8874,CRITICA,17.7455,0.756369,16.1237,34.3821,0.223138,0.231405,4.194,8.0544,1,1,3579.098,nan
h0256,abierto,B5,59.179,0.182587,4.4794,38.6909,99.9961,22.0286,CRITICA,17.7008,0.756342,16.1072,34.6205,0.189442,0.197331,3.7541,8.0751,1,1,2275.831,nan
h0261,abierto,B5,58.4707,0.189629,4.4958,38.5087,99.969,22.4286,CRITICA,17.8533,0.755173,16.1095,34.1402,0.193331,0.202444,1.952,6.7581,1,1,3703.704,nan
h0300,abierto,B5,58.9475,0.189372,4.4834,38.6395,99.9631,22.1173,CRITICA,17.7151,0.757013,16.1451,34.4509,0.182501,0.197667,3.6279,4.3805,1,1,3684.598,nan
h0323,abierto,B5,55.9636,0.194831,4.4918,38.2463,99.8603,22.783,CRITICA,18.5163,0.761151,16.1141,31.6586,0.188188,0.202509,3.4098,3.941,1,1,3549.876,nan
h0329,abierto,B5,54.8175,0.195964,4.5201,38.2599,99.6778,22.8857,CRITICA,18.6759,0.77079,16.0985,30.2049,0.191732,0.203984,2.1597,4.0926,1,1,3677.823,nan
h0407,abierto,B5,56.4454,0.201511,4.4918,38.1984,99.8797,22.8201,CRITICA,18.356,0.760219,16.1526,32.3269,0.206355,0.211948,2.4037,5.1795,1,1,4073.32,nan
h0421,abierto,B5,56.8739,0.210762,4.4949,38.3691,99.9515,22.5392,CRITICA,18.2365,0.761671,16.094,32.5366,0.204929,0.20721,2.7674,1.6855,1,1,3649.635,nan
h0503,abierto,B5,57.7477,0.204377,4.4833,38.6715,99.9845,22.1471,CRITICA,18.2523,0.764435,16.1538,33.0338,0.190688,0.198267,6.6981,2.9898,1,1,3808.073,nan
h0514,abierto,B5,57.3315,0.19472,4.497,38.5981,99.9825,22.2804,CRITICA,18.2868,0.767564,16.1284,32.6755,0.188275,0.204109,3.3099,4.8218,1,1,3837.298,nan
h0583,abierto,B5,64.5145,0.201267,4.495,39.1679,99.9981,21.4109,CRITICA,16.4168,0.729065,16.1251,39.2883,0.199597,0.207115,0.8295,2.9059,1,1,3855.05,nan
i0008,abierto,B5,131.2395,0.184599,4.4043,45.2316,100.0,7.6867,CRITICA,8.5101,0.561989,15.9102,65.5351,0.179419,nan,2.806,nan,1,1,2139.038,nan
i0075,abierto,B5,131.3709,0.180086,4.4032,45.2546,100.0,7.7072,CRITICA,8.4856,0.557487,15.9197,65.552,0.175972,nan,2.2843,nan,1,1,3616.636,nan
i0078,abierto,B5,134.155,0.185468,4.4146,45.2604,100.0,8.0458,CRITICA,8.2088,0.547142,15.9174,66.2626,0.187599,nan,1.1491,nan,1,1,3982.477,nan
i0216,abierto,B5,139.02,0.178705,4.4118,45.3774,100.0,7.8941,CRITICA,7.8812,0.527994,15.9082,67.3591,0.182267,nan,1.993,nan,1,1,3668.379,nan
i0234,abierto,B5,138.2159,0.188528,4.4334,45.3936,100.0,8.0069,CRITICA,7.9167,0.533314,15.8969,67.1575,0.198902,nan,5.5024,nan,1,1,3980.892,nan
i0249,abierto,B5,140.9356,0.165617,4.3922,45.2199,100.0,7.6177,CRITICA,7.6735,0.521512,15.9299,67.9145,0.180256,nan,8.839,nan,1,1,3853.565,nan
i0284,abierto,B5,135.1494,0.174754,4.4133,45.2809,100.0,7.7762,CRITICA,8.1604,0.544572,15.9091,66.4957,0.175594,nan,0.4808,nan,1,1,3477.051,nan
i0303,abierto,B5,129.4504,0.161292,4.3787,45.1161,100.0,7.9116,CRITICA,8.6185,0.569499,15.935,65.148,0.172328,nan,6.8418,nan,1,1,3548.616,nan
i0323,abierto,B5,131.2593,0.171237,4.3811,45.0978,100.0,8.1639,CRITICA,8.4423,0.558976,15.9366,65.6422,0.180031,nan,5.1356,nan,1,1,3537.319,nan
i0338,abierto,B5,131.6569,0.186224,4.3882,45.2634,100.0,7.6764,CRITICA,8.4941,0.559692,15.9149,65.6202,0.180658,nan,2.989,nan,1,1,3892.565,nan
i0347,abierto,B5,131.2627,0.173278,4.3692,45.2333,100.0,7.4628,CRITICA,8.5595,0.561001,15.9225,65.5398,0.188518,nan,8.795,nan,1,1,3590.664,nan
i0363,abierto,B5,133.4917,0.162346,4.3978,45.2532,100.0,7.9714,CRITICA,8.292,0.549968,15.918,66.1003,0.18369,nan,13.1476,nan,1,1,3673.769,nan
i0365,abierto,B5,133.3032,0.178351,4.4141,45.2804,100.0,7.9796,CRITICA,8.303,0.553013,15.9085,66.032,0.182682,nan,2.4281,nan,1,1,3762.227,nan
i0441,abierto,B5,130.3481,0.174861,4.3805,45.1439,100.0,8.0159,CRITICA,8.5357,0.565308,15.9364,65.3667,0.174322,nan,0.3084,nan,1,1,3720.238,nan
i0456,abierto,B5,128.4062,0.160253,4.3664,45.1388,100.0,7.7739,CRITICA,8.7368,0.56687,15.9329,64.8469,0.164101,nan,2.4011,nan,1,1,3650.967,nan
i0484,abierto,B5,130.5161,0.177996,4.3736,45.1503,100.0,7.9858,CRITICA,8.5185,0.560497,15.9355,65.4063,0.178394,nan,0.2232,nan,1,1,3907.776,nan
i0502,abierto,B5,129.0486,0.169086,4.351,45.1736,100.0,7.6057,CRITICA,8.712,0.56646,15.937,64.9948,0.17642,nan,4.3376,nan,1,1,3731.343,nan
i0520,abierto,B5,130.1283,0.157734,4.3586,45.1386,100.0,7.8667,CRITICA,8.5541,0.56319,15.9377,65.3122,0.172391,nan,9.2921,nan,1,1,3819.709,nan
i0524,abierto,B5,130.0517,0.162432,4.3509,45.1209,100.0,7.8478,CRITICA,8.5657,0.563023,15.939,65.3054,0.179795,nan,10.6898,nan,1,1,3763.643,nan
i0730,abierto,B5,126.2707,0.157908,4.4226,45.0706,100.0,8.7044,CRITICA,8.85,0.578545,15.9401,64.3063,0.174149,nan,10.2848,nan,1,1,2310.002,nan
i0802,abierto,B5,124.8662,0.198388,4.4496,45.1417,100.0,9.0002,CRITICA,8.9553,0.586536,15.9274,63.8479,0.191706,nan,3.3679,nan,1,1,3451.847,nan
i0822,abierto,B5,124.973,0.162208,4.4582,45.1858,100.0,8.8846,CRITICA,8.9568,0.586967,15.9191,63.8436,0.164361,nan,1.3275,nan,1,1,3687.316,nan
i0834,abierto,B5,125.2458,0.207497,4.4133,45.1003,100.0,8.6449,CRITICA,8.9692,0.581159,15.937,63.9906,0.205541,nan,0.943,nan,1,1,3886.514,nan
i0909,abierto,B5,134.4207,0.176641,4.4098,45.2801,100.0,7.9022,CRITICA,8.1665,0.54703,15.9093,66.3146,0.186076,nan,5.3414,nan,1,1,3827.019,nan
i0977,abierto,B5,131.6056,0.190217,4.377,45.186,100.0,7.8403,CRITICA,8.4262,0.557009,15.9277,65.6656,0.193491,nan,1.7215,nan,1,1,3894.081,nan
i1031,abierto,B5,133.1476,0.176096,4.359,45.347,100.0,7.0257,CRITICA,8.4981,0.54996,15.9063,65.9423,0.171549,nan,2.5821,nan,1,1,3699.593,nan
j0071,abierto,B5,138.3835,0.146983,4.4356,45.556,100.0,5.9742,CRITICA,8.1877,0.481514,15.8398,67.0799,0.154873,nan,5.368,nan,1,1,3952.569,nan
j0077,abierto,B5,140.0625,0.175935,4.4326,45.4367,100.0,6.2389,CRITICA,7.9995,0.468517,15.8575,67.5597,0.186603,nan,6.0633,nan,1,1,2326.664,nan
j0114,abierto,B5,139.4847,0.168142,4.4442,45.5566,100.0,5.9716,CRITICA,8.0844,0.476687,15.8423,67.3393,0.183225,nan,8.9705,nan,1,1,4108.464,nan
j0128,abierto,B5,136.2113,0.172362,4.4744,45.3911,100.0,6.712,CRITICA,8.2334,0.479081,15.8445,66.6759,0.187075,nan,8.5366,nan,1,1,3767.898,nan
j0133,abierto,B5,139.491,0.147965,4.4394,45.5619,100.0,5.9038,CRITICA,8.0965,0.476846,15.8411,67.337,0.164471,nan,11.1559,nan,1,1,4029.009,nan
j0178,abierto,B5,127.1424,0.173479,4.4671,45.3911,100.0,6.2847,CRITICA,9.1082,0.5275,15.8505,64.299,0.175216,nan,1.0014,nan,1,1,3828.484,nan
j0218,abierto,B5,127.5553,0.188667,4.4442,45.3361,100.0,6.3005,CRITICA,9.0692,0.521029,15.8677,64.4577,0.183889,nan,2.5323,nan,1,1,3163.556,nan
j0466,abierto,B5,130.6139,0.17338,4.4788,45.2833,100.0,6.7061,CRITICA,8.7123,0.501751,15.8468,65.3304,0.196413,nan,13.2847,nan,1,1,3859.514,nan
j0475,abierto,B5,130.0301,0.18817,4.4546,45.1806,100.0,6.6705,CRITICA,8.7752,0.503816,15.868,65.2538,0.213171,nan,13.2862,nan,1,1,3837.298,nan
j0498,abierto,B5,130.5806,0.175506,4.4707,45.2719,100.0,6.7415,CRITICA,8.7199,0.501644,15.8522,65.3303,0.192963,nan,9.9462,nan,1,1,3517.411,nan
j0531,abierto,B5,130.5303,0.184923,4.4777,45.3014,100.0,6.6806,CRITICA,8.7314,0.503401,15.8472,65.2944,0.186865,nan,1.0499,nan,1,1,3277.614,nan
j0551,abierto,B5,130.8086,0.192067,4.4747,45.2822,100.0,6.7351,CRITICA,8.6913,0.501536,15.8496,65.3828,0.182718,nan,4.8676,nan,1,1,3933.911,nan
j0576,abierto,B5,129.4136,0.172484,4.4713,45.2162,100.0,6.7491,CRITICA,8.8044,0.505469,15.856,65.0607,0.19029,nan,10.3229,nan,1,1,2293.052,nan
j0647,abierto,B5,129.4053,0.178718,4.4578,45.2522,100.0,6.6668,CRITICA,8.8295,0.505008,15.8569,65.0307,0.19216,nan,7.5213,nan,1,1,3648.303,nan
j0656,abierto,B5,130.709,0.185198,4.4754,45.2779,100.0,6.7734,CRITICA,8.6956,0.500146,15.852,65.3598,0.195528,nan,5.5775,nan,1,1,3880.481,nan
j0664,abierto,B5,129.3913,0.177044,4.468,45.1984,100.0,6.8246,CRITICA,8.7932,0.502689,15.8625,65.0685,0.1831,nan,3.4208,nan,1,1,3576.538,nan
j0680,abierto,B5,129.2441,0.167715,4.4695,45.2942,100.0,6.5299,CRITICA,8.8658,0.51142,15.8502,64.9545,0.182679,nan,8.9226,nan,1,1,3869.969,nan
j0682,abierto,B5,129.9006,0.182076,4.4788,45.3531,100.0,6.6497,CRITICA,8.7933,0.504891,15.8423,65.0863,0.195126,nan,7.167,nan,1,1,3721.623,nan
k0064,abierto,B5,124.2506,0.268351,4.3986,45.6971,100.0,5.0553,CRITICA,9.9477,0.540936,15.852,63.2218,0.256707,nan,4.339,nan,1,1,3966.68,nan
k0066,abierto,B5,123.5542,0.259527,4.3973,45.7011,100.0,5.0956,CRITICA,10.0115,0.541626,15.8495,63.0113,0.260753,nan,0.4722,nan,1,1,3552.398,nan
k0091,abierto,B5,123.0141,0.250777,4.389,45.653,100.0,5.0622,CRITICA,10.06,0.546673,15.8547,62.888,0.25055,nan,0.0905,nan,1,1,3846.154,nan
k0106,abierto,B5,123.0286,0.278243,4.387,45.6558,100.0,5.0122,CRITICA,10.0639,0.549337,15.8522,62.8901,0.258054,nan,7.2562,nan,1,1,3855.05,nan
k0107,abierto,B5,123.7871,0.232582,4.4012,45.7169,100.0,5.0031,CRITICA,10.0051,0.544692,15.8488,63.0681,0.243409,nan,4.6549,nan,1,1,3293.808,nan
k0138,abierto,B5,123.7632,0.287397,4.3956,45.7092,100.0,5.0374,CRITICA,9.9903,0.543739,15.8462,63.0672,0.263356,nan,8.3649,nan,1,1,3529.827,nan
k0193,abierto,B5,122.8918,0.218824,4.3972,45.6956,100.0,5.13,CRITICA,10.0569,0.552501,15.8451,62.8164,0.233883,nan,6.8821,nan,1,1,3749.531,nan
k0204,abierto,B5,123.1659,0.271748,4.3981,45.6889,100.0,5.1274,CRITICA,10.0302,0.542343,15.8479,62.9046,0.255128,nan,6.116,nan,1,1,3516.175,nan
k0208,abierto,B5,123.0598,0.273248,4.4077,45.6837,100.0,5.1306,CRITICA,10.0468,0.543874,15.8497,62.8768,0.26092,nan,4.5116,nan,1,1,3614.022,nan
k0256,abierto,B5,121.78,0.277949,4.3922,45.6949,100.0,5.1193,CRITICA,10.1767,0.549244,15.8449,62.4775,0.261733,nan,5.8341,nan,1,1,3803.728,nan
k0312,abierto,B5,122.9681,0.265,4.4399,45.7237,100.0,5.5112,CRITICA,9.9597,0.552635,15.8491,62.8166,0.260807,nan,1.5822,nan,1,1,3739.716,nan
k0448,abierto,B5,121.4131,0.229903,4.4089,45.6699,100.0,5.414,CRITICA,10.1297,0.558366,15.848,62.3847,0.218835,nan,4.8139,nan,1,1,3880.481,nan
k0535,abierto,B5,120.7717,0.259805,4.4477,45.7617,100.0,5.2744,CRITICA,10.2285,0.56601,15.8405,62.109,0.254813,nan,1.9212,nan,1,1,3752.345,nan
l0028,abierto,B5,117.7884,0.266936,4.5362,44.0869,100.0,12.3958,CRITICA,10.0541,0.543298,15.8897,62.5711,0.285414,0.214025,6.9221,19.8217,1,1,3680.53,nan
l0039,abierto,B5,110.5708,0.25245,4.5091,43.6733,100.0,13.308,CRITICA,10.7938,0.570952,15.9156,60.502,0.244176,0.217516,3.2775,13.838,1,1,3645.644,nan
l0047,abierto,B5,109.9283,0.279278,4.5292,43.7515,100.0,13.2874,CRITICA,10.872,0.573625,15.9099,60.2,0.266885,0.224757,4.4375,19.5219,1,1,3763.643,nan
l0091,abierto,B5,96.6747,0.2421,4.4891,42.0355,100.0,16.9067,CRITICA,12.1555,0.613034,16.0662,56.5186,0.251001,0.229798,3.6763,5.0815,1,1,3769.318,nan
l0109,abierto,B5,98.1978,0.235224,4.5186,42.2643,100.0,16.6668,CRITICA,12.0166,0.611934,16.041,56.96,0.256132,0.22064,8.8883,6.2001,1,1,3763.643,nan
l0196,abierto,B5,99.1985,0.252247,4.5313,42.333,100.0,16.5293,CRITICA,11.889,0.609135,16.0243,57.3249,0.254156,0.218894,0.7569,13.2222,1,1,3805.175,nan
l0299,abierto,B5,100.5383,0.19278,4.5388,42.3961,100.0,16.3917,CRITICA,11.7324,0.604336,16.0209,57.8309,0.188071,0.213809,2.4424,10.9087,1,1,3709.199,nan
l0357,abierto,B5,100.8452,0.24459,4.5407,42.3358,100.0,16.3997,CRITICA,11.6913,0.60167,16.0268,58.019,0.243886,0.227461,0.2878,7.0033,1,1,3546.099,nan
l0388,abierto,B5,98.0366,0.202026,4.5347,42.1872,100.0,16.7531,CRITICA,11.972,0.609512,16.0392,56.968,0.203742,0.220009,0.8492,8.9013,1,1,3490.401,nan
m0062,abierto,B5,98.9516,0.175608,4.4924,44.1418,100.0,11.2667,CRITICA,11.5374,0.633138,15.9363,55.3906,0.168493,nan,4.0514,nan,1,1,3783.579,nan
m0103,abierto,B5,93.7486,0.204557,4.5224,44.5185,100.0,10.0394,CRITICA,12.4388,0.67308,15.8977,52.5129,0.206369,nan,0.8855,nan,1,1,3534.818,nan
m0111,abierto,B5,96.358,0.19892,4.527,44.3928,100.0,10.2055,CRITICA,11.9872,0.651241,15.9048,53.9293,0.204621,nan,2.8657,nan,1,1,3772.161,nan
m0136,abierto,B5,96.601,0.186263,4.5142,44.2302,100.0,11.0376,CRITICA,11.8192,0.640196,15.9307,54.2135,0.174664,nan,6.227,nan,1,1,3518.649,nan
m0152,abierto,B5,94.4558,0.185047,4.5303,44.5692,100.0,9.5766,CRITICA,12.3677,0.67533,15.8777,52.8147,0.17797,nan,3.8247,nan,1,1,2399.232,nan
m0172,abierto,B5,94.178,0.187205,4.5094,44.4119,100.0,10.0707,CRITICA,12.314,0.666857,15.8971,52.8426,0.185777,nan,0.7633,nan,1,1,4042.037,nan
m0193,abierto,B5,95.5645,0.175649,4.5198,44.6176,100.0,9.4056,CRITICA,12.2591,0.675758,15.8816,53.3116,0.179299,nan,2.0783,nan,1,1,3409.478,nan
m0201,abierto,B5,94.7959,0.157956,4.5271,44.461,100.0,10.391,CRITICA,12.178,0.661775,15.9025,53.0981,0.145268,nan,8.0324,nan,1,1,4159.734,nan
m0346,abierto,B5,91.9489,0.178742,4.5372,44.4,100.0,10.2416,CRITICA,12.6311,0.679233,15.899,51.7123,0.17362,nan,2.8652,nan,1,1,3938.559,nan
m0443,abierto,B5,106.4978,0.15413,4.4688,44.3037,100.0,10.8705,CRITICA,10.5501,0.606401,15.9144,58.3995,0.156579,nan,1.5885,nan,1,1,3855.05,nan
m0457,abierto,B5,100.3348,0.170411,4.5039,43.7754,100.0,12.6123,CRITICA,11.2344,0.619522,16.0033,56.3707,0.173053,nan,1.5505,nan,1,1,3594.536,nan
m0505,abierto,B5,99.606,0.159609,4.513,43.9809,100.0,12.2604,CRITICA,11.3235,0.629711,15.9729,55.8451,0.169542,nan,6.2229,nan,1,1,3985.651,nan
n0062,abierto,B5,137.7514,0.191702,4.3741,42.7675,100.0,14.9761,CRITICA,7.6696,0.400997,16.0791,68.9531,0.197114,0.211557,2.8227,10.3568,1,1,3552.398,nan
n0063,abierto,B5,137.2028,0.193722,4.3706,42.7296,100.0,14.9899,CRITICA,7.7207,0.402462,16.09,68.8566,0.207967,0.207108,7.353,6.9099,1,1,3843.198,nan
n0140,abierto,B5,136.69,0.208797,4.3515,42.4633,100.0,15.5344,CRITICA,7.6953,0.404452,16.1216,68.9346,0.204548,0.202074,2.035,3.2199,1,1,3671.072,nan
n0202,abierto,B5,140.1217,0.180565,4.3634,42.6886,100.0,15.0981,CRITICA,7.4402,0.394037,16.0773,69.5346,0.190836,0.210901,5.6885,16.801,1,1,3806.624,nan
n0209,abierto,B5,139.173,0.193998,4.3526,42.8111,100.0,14.7375,CRITICA,7.47,0.39771,16.0762,69.2389,0.188501,0.200499,2.8334,3.351,1,1,4095.004,nan
n0212,abierto,B5,143.3717,0.210788,4.3717,42.8135,100.0,14.7603,CRITICA,7.2017,0.38644,16.0744,70.1381,0.196747,0.207555,6.6614,1.5341,1,1,3960.396,nan
n0303,abierto,B5,134.7758,0.190132,4.3698,42.709,100.0,15.2496,CRITICA,7.775,0.414032,16.067,68.311,0.193385,0.212522,1.7107,11.776,1,1,3561.254,nan
n0332,abierto,B5,133.3644,0.178417,4.3565,42.6458,100.0,15.2475,CRITICA,7.9596,0.41525,16.074,68.0231,0.178636,0.199412,0.1227,11.7675,1,1,3554.924,nan
n0340,abierto,B5,155.4676,0.196068,4.3923,43.4076,100.0,13.5654,CRITICA,6.4237,0.357312,16.0412,72.0793,0.19516,nan,0.4627,nan,1,1,2956.83,nan
n0343,abierto,B5,173.5967,0.256543,4.4181,44.2452,100.0,11.9236,CRITICA,5.4402,0.328584,15.9979,74.5126,0.195968,nan,23.612,nan,1,1,3295.979,nan
n0624,abierto,B5,125.3377,0.168366,4.3556,41.9377,100.0,16.8747,CRITICA,8.3358,0.442603,16.0969,66.5402,0.16291,0.195346,3.2404,16.0246,1,1,4040.404,nan
n0654,abierto,B5,121.6574,0.158622,4.3646,41.2782,100.0,18.3927,CRITICA,8.7055,0.43833,16.1359,66.0702,0.168473,nan,6.2101,nan,1,1,3974.563,nan
n0658,abierto,B5,119.401,0.181857,4.3505,41.1251,100.0,18.5355,CRITICA,8.855,0.444189,16.1561,65.5572,0.18901,0.206562,3.9333,13.5852,1,1,3979.307,nan
n0662,abierto,B5,118.4714,0.192648,4.3477,40.9905,100.0,18.778,CRITICA,8.9142,0.444204,16.1633,65.4005,0.19275,0.209674,0.0525,8.8377,1,1,3980.892,nan
n0665,abierto,B5,124.1286,0.185859,4.3678,41.4798,100.0,18.0453,CRITICA,8.5284,0.43351,16.1239,66.5832,0.204747,0.2062,10.1623,10.9443,1,1,3951.007,nan
n0722,abierto,B5,121.8668,0.167628,4.3497,41.4709,100.0,17.8405,CRITICA,8.5919,0.445689,16.1304,65.9703,0.173492,0.180115,3.4981,7.4492,1,1,3710.575,nan
n0738,abierto,B5,146.9977,0.213843,4.4042,43.6235,100.0,13.2296,CRITICA,7.1284,0.389037,15.98,70.3237,0.198928,nan,6.9747,nan,1,1,2852.253,nan
n0774,abierto,B5,133.5917,0.166092,4.3952,42.8163,100.0,15.2113,CRITICA,8.0391,0.416499,16.0433,67.9499,0.205606,nan,23.7903,nan,1,1,3723.008,nan
n0777,abierto,B5,128.9759,0.197981,4.3843,42.5533,100.0,15.7469,CRITICA,8.3318,0.431403,16.0636,67.0068,0.187447,nan,5.321,nan,1,1,3780.718,nan
n0807,abierto,B5,112.708,0.182411,4.3323,40.6083,100.0,19.4617,CRITICA,9.4195,0.462449,16.172,63.9704,0.203195,0.212064,11.3936,16.256,1,1,3937.008,nan
n0815,abierto,B5,137.8192,0.173399,4.3758,43.1524,100.0,14.7095,CRITICA,7.6481,0.425451,16.043,68.6891,0.17688,nan,2.0075,nan,1,1,3543.586,nan
n0826,abierto,B5,119.3938,0.194567,4.3613,41.3957,100.0,18.1156,CRITICA,8.9322,0.442284,16.1231,65.3284,0.215879,0.204396,10.9535,5.0514,1,1,3593.245,nan
n0840,abierto,B5,116.1739,0.136367,4.352,40.8331,100.0,19.2077,CRITICA,9.1407,0.447726,16.1611,64.8518,0.143921,0.196801,5.5397,44.3176,1,1,3523.608,nan
n0889,abierto,B5,121.0923,0.188755,4.3683,41.5164,100.0,17.9252,CRITICA,8.8141,0.439208,16.1068,65.7151,0.202656,0.219189,7.3648,16.1235,1,1,3588.088,nan
n0909,abierto,B5,117.2269,0.195183,4.3509,41.1841,100.0,18.5123,CRITICA,9.0626,0.449404,16.1327,64.868,0.19072,0.203947,2.2864,4.4906,1,1,3305.785,nan
n0910,abierto,B5,121.7654,0.186287,4.3662,41.5847,100.0,17.7824,CRITICA,8.7605,0.437483,16.1054,65.8485,0.187039,0.201197,0.404,8.0038,1,1,3721.623,nan
n0911,abierto,B5,121.2901,0.18353,4.3662,41.554,100.0,17.8333,CRITICA,8.8001,0.440192,16.1076,65.74,0.175994,0.225847,4.106,23.0574,1,1,3847.634,nan
n0915,abierto,B5,119.5064,0.179054,4.3723,41.4668,100.0,18.0608,CRITICA,8.9075,0.444012,16.1095,65.3016,0.196866,0.218561,9.9477,22.0642,1,1,3808.073,nan
n0928,abierto,B5,129.4429,0.200518,4.3836,42.6202,100.0,15.4238,CRITICA,8.2644,0.426635,16.0399,67.0742,0.213495,0.213071,6.4719,6.2604,1,1,3775.009,nan
n0934,abierto,B5,121.8689,0.184681,4.3457,41.9695,100.0,16.7854,CRITICA,8.7822,0.444115,16.0857,65.5618,0.205278,0.196979,11.1526,6.6589,1,1,3838.772,nan
n0967,abierto,B5,129.0396,0.198001,4.3707,42.5108,100.0,15.773,CRITICA,8.3344,0.426534,16.0739,67.056,0.19366,0.197798,2.1921,0.1024,1,1,3389.83,nan
n1003,abierto,B5,124.3481,0.173736,4.346,42.0978,100.0,16.2389,CRITICA,8.6928,0.450023,16.1594,66.1452,0.178142,0.239517,2.5364,37.8626,1,1,2092.05,nan
n1031,abierto,B5,134.4414,0.167394,4.3737,43.0154,100.0,14.5766,CRITICA,8.0299,0.417692,16.0603,68.0044,0.180032,nan,7.5501,nan,1,1,3665.689,nan
n1042,abierto,B5,124.3439,0.191003,4.3971,42.5311,100.0,15.7199,CRITICA,8.7754,0.443241,16.059,65.7956,0.199607,0.213399,4.5047,11.7253,1,1,3909.304,nan
o0009,abierto,B5,98.6616,0.247376,4.4429,42.3542,100.0,15.8838,CRITICA,10.3938,0.646379,16.1306,57.0712,0.247678,0.196609,0.122,20.5221,1,1,3521.127,nan
o0043,abierto,B5,88.0739,0.253944,4.4403,42.9318,100.0,14.3372,CRITICA,12.1516,0.69968,16.1003,51.2548,0.258037,0.200342,1.612,21.1075,1,1,3640.335,nan
o0053,abierto,B5,90.3395,0.241034,4.4523,42.5302,100.0,15.1248,CRITICA,11.7095,0.681534,16.1311,52.9218,0.227473,0.207031,5.6264,14.1071,1,1,3961.965,nan
o0056,abierto,B5,89.0746,0.249039,4.4613,42.9213,100.0,14.4985,CRITICA,12.0575,0.699841,16.0975,51.8142,0.238063,nan,4.4074,nan,1,1,3665.689,nan
o0070,abierto,B5,87.803,0.242814,4.4378,42.8393,100.0,14.4843,CRITICA,12.1702,0.701482,16.1029,51.2097,0.23521,0.198455,3.1317,18.269,1,1,3617.945,nan
o0085,abierto,B5,89.791,0.242467,4.4805,42.9319,100.0,14.5159,CRITICA,11.8206,0.693319,16.0907,52.1868,0.215012,0.21311,11.3231,12.1077,1,1,3990.423,nan
o0088,abierto,B5,89.9646,0.254009,4.486,42.8846,100.0,14.7727,CRITICA,11.77,0.691158,16.0909,52.3317,0.235409,0.185158,7.3227,27.1058,1,1,3892.565,nan
o0102,abierto,B5,98.5535,0.250848,4.4588,42.2722,100.0,16.0975,CRITICA,10.5009,0.643721,16.1292,57.1074,0.234473,0.207867,6.5279,17.1344,1,1,3671.072,nan
o0177,abierto,B5,88.286,0.236426,4.4383,43.0894,100.0,13.9312,CRITICA,12.1214,0.700508,16.0732,51.1934,0.237329,0.220378,0.3817,6.7881,1,1,3831.418,nan
o0179,abierto,B5,88.926,0.25477,4.4461,42.933,100.0,14.3156,CRITICA,11.9437,0.695724,16.0919,51.7206,0.238656,0.211972,6.3247,16.7986,1,1,3665.689,nan
o0195,abierto,B5,89.5158,0.25025,4.4569,42.8867,100.0,14.5335,CRITICA,11.7872,0.691489,16.097,52.0903,0.235217,0.217471,6.0073,13.0986,1,1,3669.725,nan
o0196,abierto,B5,90.4231,0.248097,4.4548,42.7928,100.0,14.6468,CRITICA,11.7433,0.682646,16.1044,52.675,0.228951,0.21277,7.7171,14.239,1,1,3363.606,nan
o0205,abierto,B5,92.6489,0.244769,4.4453,42.612,100.0,15.0539,CRITICA,11.3533,0.670488,16.1217,54.0071,0.223307,0.209712,8.7685,14.3227,1,1,3362.475,nan
o0207,abierto,B5,92.6449,0.247266,4.4458,42.5515,100.0,15.1556,CRITICA,11.3386,0.669793,16.1254,54.0703,0.217424,0.208941,12.0686,15.4993,1,1,3590.664,nan
o0260,abierto,B5,94.7754,0.255353,4.4237,42.7092,100.0,14.8974,CRITICA,11.0325,0.664119,16.1076,54.9364,0.241097,0.20127,5.583,21.1796,1,1,2560.164,nan
o0279,abierto,B5,91.4355,0.250783,4.4634,42.9235,100.0,14.4402,CRITICA,11.6161,0.680675,16.0916,53.056,0.246854,0.196176,1.5668,21.7746,1,1,3637.686,nan
o0359,abierto,B5,95.2885,0.249409,4.389,42.26,100.0,15.5267,CRITICA,10.8831,0.654783,16.148,55.6505,0.242359,0.194299,2.8266,22.096,1,1,3886.514,nan
o0394,abierto,B5,92.238,0.254526,4.4408,42.7427,100.0,14.8116,CRITICA,11.4103,0.671867,16.1081,53.6604,0.235957,0.214091,7.2956,15.8866,1,1,3935.458,nan
o0432,abierto,B5,99.1014,0.254954,4.459,42.9762,100.0,14.547,CRITICA,10.5213,0.648275,16.0749,56.6341,0.240973,0.192652,5.4837,24.4368,1,1,3938.559,nan
o0444,abierto,B5,102.8091,0.253199,4.4561,42.2331,100.0,15.8368,CRITICA,9.834,0.626359,16.1309,58.9209,0.243157,0.222007,3.966,12.3191,1,1,3656.307,nan
o0470,abierto,B5,97.0544,0.233173,4.4254,42.9917,100.0,14.269,CRITICA,10.9635,0.656631,16.0723,55.7035,0.238514,0.199844,2.2905,14.2937,1,1,3825.555,nan
o0491,abierto,B5,87.9221,0.251637,4.4184,43.249,100.0,13.3377,CRITICA,12.3168,0.703184,16.0555,50.8098,0.244214,0.198636,2.9497,21.0624,1,1,3621.876,nan
o0545,abierto,B5,94.6302,0.256123,4.432,43.2429,100.0,13.6694,CRITICA,11.5298,0.688171,16.055,54.3033,0.272374,nan,6.3449,nan,1,1,3714.71,nan
o0564,abierto,B5,99.9729,0.266965,4.4726,43.0027,100.0,14.9021,CRITICA,10.4674,0.641677,16.0671,56.9857,0.239243,nan,10.3842,nan,1,1,3705.076,nan
o0570,abierto,B5,100.4596,0.258596,4.4518,42.6963,100.0,15.3197,CRITICA,10.3879,0.635983,16.092,57.499,0.238437,nan,7.7953,nan,1,1,2408.478,nan
o0602,abierto,B5,98.0384,0.26177,4.4324,42.7777,100.0,14.8469,CRITICA,10.6949,0.650835,16.0917,56.3664,0.251292,nan,4.0024,nan,1,1,3625.816,nan
o0676,abierto,B5,100.7909,0.255754,4.4457,42.3146,100.0,15.9402,CRITICA,10.1886,0.63304,16.1128,58.0174,0.231136,0.209537,9.6256,18.071,1,1,3641.661,nan
o0704,abierto,B5,99.297,0.169607,4.4571,42.5093,100.0,15.569,CRITICA,10.3567,0.643614,16.1074,57.1898,0.162916,0.193378,3.9446,14.0154,1,1,2904.444,nan
p0001,abierto,B5,112.7596,0.172124,4.3605,43.3793,100.0,13.4957,CRITICA,9.7565,0.499539,16.0338,61.5294,0.175947,0.191798,2.221,11.4298,1,1,3843.198,nan
p0144,abierto,B5,112.3354,0.156036,4.3543,42.9516,100.0,14.6581,CRITICA,9.689,0.481799,16.0588,61.7649,0.155849,0.174235,0.12,11.6631,1,1,3588.088,nan
p0165,abierto,B5,112.7736,0.154527,4.3431,43.1606,100.0,14.1299,CRITICA,9.6967,0.484425,16.0508,61.7281,0.152816,0.176108,1.1075,13.9656,1,1,2433.682,nan
p0215,abierto,B5,111.8995,0.148706,4.349,42.779,100.0,15.0228,CRITICA,9.6979,0.479807,16.0696,61.7702,0.148972,0.158222,0.1795,6.3996,1,1,3755.163,nan
p0253,abierto,B5,112.013,0.16566,4.3408,42.9861,100.0,14.4844,CRITICA,9.7281,0.48558,16.06,61.624,0.168051,0.172325,1.4432,4.0232,1,1,4061.739,nan
p0301,abierto,B5,112.8556,0.152421,4.3534,43.1134,100.0,14.2449,CRITICA,9.6659,0.484584,16.0499,61.7978,0.161286,0.168165,5.8161,10.3287,1,1,3632.401,nan
p0319,abierto,B5,111.8752,0.15976,4.3452,42.9441,100.0,14.6163,CRITICA,9.7328,0.483671,16.0626,61.6143,0.152157,0.174932,4.7595,9.4963,1,1,3753.753,nan
q0026,abierto,B5,94.755,0.190808,4.5093,43.4234,100.0,12.6547,CRITICA,11.661,0.619797,16.1238,54.173,0.190327,0.20353,0.2522,6.6674,1,1,3968.254,nan
q0044,abierto,B5,100.19,0.190232,4.4703,43.1355,100.0,13.0209,CRITICA,10.9332,0.598084,16.1456,56.9463,0.204668,0.193842,7.5888,1.8975,1,1,3729.951,nan
q0071,abierto,B5,97.5499,0.188774,4.5069,43.2712,100.0,12.881,CRITICA,11.2918,0.605773,16.1323,55.6419,0.20379,0.195889,7.9549,3.7691,1,1,3841.721,nan
q0081,abierto,B5,96.6934,0.1863,4.4987,43.2252,100.0,12.9788,CRITICA,11.3653,0.611215,16.1325,55.2967,0.199415,0.192028,7.0398,3.0744,1,1,3363.606,nan
q0105,abierto,B5,95.2862,0.184476,4.4891,43.1604,100.0,13.0573,CRITICA,11.5942,0.618111,16.1453,54.7045,0.198106,0.190029,7.3889,3.0105,1,1,3932.364,nan
q0149,abierto,B5,93.8605,0.205051,4.5003,43.267,100.0,12.8757,CRITICA,11.7706,0.627423,16.1383,53.9029,0.205039,0.210457,0.0054,2.6365,1,1,3379.52,nan
q0173,abierto,B5,93.1596,0.174553,4.5008,43.2227,100.0,13.0376,CRITICA,11.8469,0.631876,16.1369,53.6036,0.18693,0.196986,7.0904,12.8517,1,1,3483.107,nan
q0277,abierto,B5,94.0991,0.184032,4.5071,43.4583,100.0,12.4476,CRITICA,11.8156,0.632844,16.1142,53.8164,0.191334,0.208971,3.9675,13.5512,1,1,2826.456,nan
q0388,abierto,B5,94.236,0.197225,4.5159,43.4325,100.0,12.5903,CRITICA,11.7712,0.625854,16.1078,53.9109,0.210997,0.208205,6.9825,5.5671,1,1,2910.361,nan
q0416,abierto,B5,94.0412,0.183736,4.5094,43.4164,100.0,12.5761,CRITICA,11.7878,0.626995,16.1069,53.8326,0.200363,0.197452,9.0494,7.4649,1,1,3077.87,nan
q0471,abierto,B5,94.6023,0.179443,4.502,43.4798,100.0,12.3944,CRITICA,11.7446,0.629966,16.1069,54.0394,0.193906,0.205789,8.0599,14.6821,1,1,3386.387,nan
q0480,abierto,B5,93.7476,0.179975,4.5051,43.4165,100.0,12.5719,CRITICA,11.846,0.631039,16.1127,53.6879,0.189081,0.201834,5.0591,12.1455,1,1,3640.335,nan
q0482,abierto,B5,93.4989,0.180903,4.5016,43.379,100.0,12.6108,CRITICA,11.8763,0.632452,16.1179,53.6047,0.197655,0.196954,9.2598,8.8724,1,1,2764.722,nan
q0508,abierto,B5,91.3781,0.189298,4.4865,43.3506,100.0,12.7015,CRITICA,12.1092,0.63723,16.1015,52.5591,0.207433,0.204317,9.5798,7.934,1,1,3853.565,nan
r0128,abierto,B5,134.8424,0.28059,4.3942,44.7897,100.0,9.665,CRITICA,8.1358,0.462475,15.9341,66.7836,0.26996,0.241749,3.7885,13.8427,1,1,3521.127,nan
r0130,abierto,B5,134.9341,0.27357,4.4087,44.8546,100.0,9.5205,CRITICA,8.1341,0.461103,15.926,66.7581,0.255644,0.23767,6.5526,13.1227,1,1,3617.945,nan
r0193,abierto,B5,141.4881,0.277574,4.3903,44.7067,100.0,9.3982,CRITICA,7.5808,0.436375,15.9443,68.4025,0.281684,0.250965,1.4809,9.5863,1,1,3484.321,nan
r0214,abierto,B5,145.9872,0.284584,4.3979,44.8468,100.0,9.1582,CRITICA,7.2521,0.431224,15.931,69.2803,0.27405,0.250189,3.7015,12.0861,1,1,3657.644,nan
r0292,abierto,B5,146.6444,0.227552,4.3936,44.9826,100.0,8.5858,CRITICA,7.2872,0.430052,15.9305,69.3254,0.199319,0.200621,12.4074,11.8354,1,1,3824.092,nan
r0345,abierto,B5,142.6725,0.268186,4.398,44.7778,100.0,9.1283,CRITICA,7.5788,0.435125,15.9458,68.615,0.260878,0.244905,2.7247,8.6807,1,1,2979.738,nan
r0350,abierto,B5,142.7842,0.279956,4.4116,44.9199,100.0,8.7302,CRITICA,7.5687,0.442747,15.932,68.54,0.264611,0.244798,5.4812,12.5582,1,1,3619.254,nan
r0513,abierto,B5,149.9615,0.197076,4.4098,45.0299,100.0,8.2337,CRITICA,7.1453,0.408436,15.9117,69.9723,0.204271,0.175102,3.6511,11.1501,1,1,3346.72,nan
s0045,abierto,B5,100.4343,0.183405,4.363,42.0603,100.0,16.5357,CRITICA,11.0401,0.569962,16.128,58.1216,0.198408,0.211648,8.18,15.3989,1,1,3886.514,nan
s0046,abierto,B5,100.8095,0.186833,4.3593,42.1723,100.0,16.3328,CRITICA,11.0205,0.570767,16.1235,58.1663,0.205245,0.204803,9.8551,9.6184,1,1,2899.391,nan
s0059,abierto,B5,100.7484,0.186047,4.3574,42.307,100.0,16.0094,CRITICA,11.0147,0.577218,16.1154,58.0073,0.194975,0.210734,4.7986,13.2694,1,1,4046.945,nan
s0066,abierto,B5,99.2571,0.186376,4.3624,42.297,100.0,16.0613,CRITICA,11.1416,0.587221,16.1226,57.3864,0.192867,0.201786,3.4828,8.2686,1,1,3695.492,nan
s0167,abierto,B5,108.3071,0.202088,4.3718,43.1785,100.0,14.2,CRITICA,10.41,0.558618,16.0645,60.1333,0.20136,0.21544,0.3601,6.6069,1,1,3490.401,nan
s0206,abierto,B5,105.9662,0.193256,4.3546,42.4488,100.0,15.6926,CRITICA,10.5047,0.560777,16.114,59.9412,0.201825,0.214085,4.4345,10.7783,1,1,3386.387,nan
s0323,abierto,B5,104.119,0.195028,4.3489,42.3475,100.0,15.8616,CRITICA,10.5402,0.573484,16.1211,59.3277,0.200182,0.210087,2.6431,7.7219,1,1,2904.444,nan
s0330,abierto,B5,103.6396,0.193052,4.3532,42.1756,100.0,16.1836,CRITICA,10.5603,0.571082,16.1356,59.3055,0.209584,0.218277,8.5634,13.0662,1,1,3206.156,nan
s0371,abierto,B5,103.8234,0.184494,4.3386,42.0001,100.0,16.5827,CRITICA,10.5189,0.56482,16.1501,59.5466,0.206528,0.210627,11.9429,14.1647,1,1,3694.126,nan
s0383,abierto,B5,109.1659,0.20014,4.3655,43.0945,100.0,14.4211,CRITICA,10.1065,0.56854,16.0647,60.5238,0.20457,nan,2.2136,nan,1,1,3728.561,nan
s0430,abierto,B5,103.445,0.189874,4.3545,42.4083,100.0,15.6776,CRITICA,10.5973,0.58358,16.1193,59.004,0.19926,nan,4.943,nan,1,1,2902.758,nan
u0020,abierto,B5,115.1051,0.193051,4.4082,43.9618,100.0,12.0105,CRITICA,9.6333,0.528086,16.0157,61.8072,0.211386,nan,9.4975,nan,1,1,3213.368,nan
u0151,abierto,B5,115.143,0.20726,4.4076,43.7231,100.0,12.5451,CRITICA,9.6238,0.509097,16.0066,62.0271,0.208477,nan,0.5871,nan,1,1,3362.475,nan
u0180,abierto,B5,111.547,0.209392,4.4165,43.8191,100.0,12.2988,CRITICA,10.024,0.535726,15.9882,60.7169,0.222553,nan,6.2853,nan,1,1,2381.519,nan
u0204,abierto,B5,113.8095,0.20017,4.4172,43.9381,100.0,11.9865,CRITICA,9.8079,0.526711,15.9924,61.3933,0.212287,nan,6.0532,nan,1,1,3763.643,nan
u0229,abierto,B5,115.3807,0.205445,4.3873,43.9653,100.0,12.0141,CRITICA,9.7146,0.517201,16.0001,61.8955,0.203164,nan,1.11,nan,1,1,3632.401,nan
u0233,abierto,B5,115.9589,0.198453,4.3885,43.9753,100.0,11.9833,CRITICA,9.6405,0.517235,15.9927,62.0768,0.204771,nan,3.1835,nan,1,1,3586.801,nan
u0248,abierto,B5,114.6108,0.188595,4.4322,43.9665,100.0,12.0431,CRITICA,9.6879,0.519416,15.9825,61.6384,0.199052,nan,5.5446,nan,1,1,3955.697,nan
u0282,abierto,B5,110.3973,0.213845,4.4365,43.6744,100.0,12.5579,CRITICA,10.0967,0.538833,16.0103,60.4389,0.21446,nan,0.2876,nan,1,1,3850.597,nan
u0294,abierto,B5,111.1758,0.203591,4.4389,43.7466,100.0,12.5198,CRITICA,10.0002,0.529178,15.9929,60.651,0.2081,nan,2.2144,nan,1,1,2249.213,nan
u0317,abierto,B5,112.2283,0.206947,4.425,43.8411,100.0,12.2671,CRITICA,9.9223,0.527229,15.9913,60.9357,0.230199,nan,11.2358,nan,1,1,2670.227,nan
u0433,abierto,B5,112.7143,0.231301,4.4442,43.5969,100.0,12.9342,CRITICA,9.7868,0.5259,16.01,61.3208,0.225125,nan,2.6702,nan,1,1,3821.169,nan
u0436,abierto,B5,110.8942,0.19642,4.4555,43.3751,100.0,13.3565,CRITICA,9.8994,0.523873,16.0154,60.886,0.213399,nan,8.6445,nan,1,1,1945.904,nan
u0513,abierto,B5,111.3155,0.197343,4.4281,43.7355,100.0,12.5341,CRITICA,9.993,0.529878,15.992,60.7103,0.217128,nan,10.0257,nan,1,1,3382.95,nan
u0519,abierto,B5,111.8987,0.200679,4.4312,43.7472,100.0,12.4705,CRITICA,9.9316,0.528905,15.9934,60.9046,0.206659,nan,2.9797,nan,1,1,3929.273,nan
v0046,abierto,B5,128.0446,0.172509,4.374,44.1901,100.0,11.555,CRITICA,8.9191,0.483314,15.958,65.4885,0.171262,0.195989,0.7225,13.6108,1,1,3663.003,nan
v0050,abierto,B5,128.3586,0.161235,4.3695,43.829,100.0,12.6432,CRITICA,8.7842,0.472983,15.9799,65.8543,0.167863,0.187669,4.1109,16.3945,1,1,3403.676,nan
v0062,abierto,B5,129.0402,0.161912,4.3764,44.1752,100.0,11.6615,CRITICA,8.8276,0.485196,15.956,65.7663,0.168101,0.200265,3.8224,23.6878,1,1,3703.704,nan
v0081,abierto,B5,128.3384,0.162069,4.3608,44.1862,100.0,11.4455,CRITICA,8.8838,0.484313,15.9584,65.5705,0.161625,0.203696,0.2738,25.6849,1,1,3273.322,nan
v0096,abierto,B5,127.329,0.16368,4.3843,44.1524,100.0,11.7041,CRITICA,8.9746,0.491698,15.9524,65.3242,0.179477,0.196612,9.6511,20.12,1,1,1718.508,nan
v0112,abierto,B5,125.5972,0.176121,4.381,44.1046,100.0,11.9275,CRITICA,9.1283,0.492371,15.9636,64.8841,0.173075,0.195233,1.7294,10.8514,1,1,3831.418,nan
v0114,abierto,B5,126.5803,0.167152,4.3849,44.1511,100.0,11.8506,CRITICA,9.0328,0.487267,15.9619,65.1201,0.165367,0.200686,1.0679,20.0619,1,1,3880.481,nan
v0140,abierto,B5,121.155,0.181939,4.3773,43.783,100.0,12.8131,CRITICA,9.4074,0.493654,15.9705,63.862,0.171032,0.197479,5.995,8.5409,1,1,3521.127,nan
v0201,abierto,B5,128.0771,0.174111,4.3774,44.2543,100.0,11.2729,CRITICA,8.913,0.477793,15.9451,65.4471,0.175756,0.208204,0.9448,19.5811,1,1,2355.713,nan
v0246,abierto,B5,125.4451,0.165658,4.3766,43.9667,100.0,12.2029,CRITICA,9.1086,0.493016,15.9653,64.9514,0.183124,0.201219,10.5432,21.4666,1,1,3909.304,nan
v0255,abierto,B5,125.0554,0.165601,4.3731,43.8586,100.0,12.2449,CRITICA,9.0961,0.490289,15.9711,64.9286,0.174771,0.201715,5.5371,21.8076,1,1,3139.717,nan
v0429,abierto,B5,123.4169,0.172292,4.3753,44.4282,100.0,10.7059,CRITICA,9.4026,0.511355,15.936,64.0015,0.178924,nan,3.8492,nan,1,1,3772.162,nan
v0432,abierto,B5,123.933,0.174357,4.3772,44.3077,100.0,11.2538,CRITICA,9.2993,0.500539,15.9427,64.2487,0.185533,0.191239,6.41,9.6829,1,1,3544.842,nan
v0487,abierto,B5,126.5951,0.176376,4.3984,44.2429,100.0,11.4992,CRITICA,9.0206,0.487991,15.9439,65.0516,0.187863,0.201111,6.5125,14.0243,1,1,3858.025,nan
v0526,abierto,B5,125.8726,0.159417,4.3904,44.3172,100.0,11.1592,CRITICA,9.1252,0.495438,15.9429,64.792,0.17191,nan,7.8363,nan,1,1,3657.644,nan
v0542,abierto,B5,118.3945,0.19687,4.3449,43.9302,100.0,12.2189,CRITICA,9.7698,0.512415,15.9651,62.8951,0.187331,0.202702,4.8451,2.9624,1,1,3779.29,nan
v0796,abierto,B5,120.9772,0.171405,4.3662,44.1776,100.0,11.5909,CRITICA,9.4939,0.507108,15.969,63.4827,0.1797,0.205963,4.8393,20.161,1,1,3767.898,nan
v0811,abierto,B5,122.6361,0.154025,4.3666,44.6271,100.0,9.982,CRITICA,9.4649,0.518389,15.9358,63.6101,0.168021,0.188389,9.0864,22.3107,1,1,3628.447,nan
v0876,abierto,B5,118.3589,0.169819,4.3666,44.1092,100.0,11.5119,CRITICA,9.805,0.520178,15.9663,62.7327,0.170082,0.191269,0.1546,12.6309,1,1,3113.325,nan
v0886,abierto,B5,120.1395,0.176712,4.3304,44.0513,100.0,11.681,CRITICA,9.6564,0.515881,15.9791,63.3332,0.174548,0.214392,1.2247,21.3229,1,1,3714.71,nan
v0894,abierto,B5,120.6339,0.172431,4.3516,44.1956,100.0,11.2858,CRITICA,9.5963,0.509844,15.9621,63.3639,0.168335,0.187119,2.3758,8.518,1,1,3409.478,nan
v0902,abierto,B5,122.6852,0.164131,4.3542,44.3058,100.0,11.1999,CRITICA,9.4386,0.507891,15.9549,63.8866,0.176295,0.205094,7.4114,24.9575,1,1,3859.514,nan
v0945,abierto,B5,120.218,0.184261,4.3354,44.15,100.0,11.4049,CRITICA,9.644,0.515596,15.9703,63.275,0.167968,0.218274,8.8422,18.4587,1,1,3435.246,nan
v0975,abierto,B5,118.7666,0.183548,4.3504,43.7869,100.0,12.6454,CRITICA,9.6444,0.505966,15.9872,63.132,0.182094,0.196371,0.7922,6.9864,1,1,2918.004,nan
v0994,abierto,B5,120.5479,0.169087,4.3662,43.9562,100.0,12.1643,CRITICA,9.5274,0.506115,15.9755,63.5363,0.16889,nan,0.1162,nan,1,1,3685.957,nan
v1005,abierto,B5,121.74,0.172586,4.3453,44.1111,100.0,11.6273,CRITICA,9.4651,0.509215,15.9776,63.7662,0.169967,nan,1.5179,nan,1,1,3796.507,nan
w0035,abierto,B5,126.4828,0.259275,4.4669,44.5747,100.0,10.4754,CRITICA,8.9125,0.511413,15.9403,64.7583,0.277848,0.247392,7.1634,4.5833,1,1,3479.471,nan
w0048,abierto,B5,121.1413,0.304931,4.4087,44.0863,100.0,11.8032,CRITICA,9.1991,0.528443,16.0017,63.6075,0.325353,0.272172,6.6972,10.7432,1,1,3749.531,nan
w0061,abierto,B5,103.4809,0.247432,4.3736,43.6128,100.0,12.9136,CRITICA,10.9303,0.595678,16.051,57.8542,0.276633,0.251917,11.8018,1.8126,1,1,3299.241,nan
w0194,abierto,B5,131.7693,0.269848,4.4248,44.0629,100.0,11.4998,CRITICA,7.8875,0.517354,15.9853,66.5606,0.296065,nan,9.7155,nan,1,1,2402.114,nan
w0199,abierto,B5,116.9834,0.281658,4.3832,43.358,100.0,13.0006,CRITICA,8.7518,0.577784,16.0526,62.9367,0.304805,0.26207,8.218,6.9544,1,1,3402.518,nan
w0206,abierto,B5,111.3296,0.266394,4.4338,43.2969,100.0,13.5521,CRITICA,9.3037,0.596726,16.0623,61.1093,0.294231,0.248864,10.4493,6.5806,1,1,3731.343,nan
w0207,abierto,B5,120.4005,0.274033,4.4127,43.6639,100.0,12.743,CRITICA,8.5932,0.56511,16.0197,63.7345,0.283255,0.241695,3.365,11.8007,1,1,3338.898,nan
w0225,abierto,B5,128.0021,0.254221,4.4237,44.2625,100.0,10.8259,CRITICA,8.425,0.507007,15.9497,65.4205,0.267664,0.244492,5.2876,3.8273,1,1,3608.805,nan
w0363,abierto,B5,156.4791,0.305635,4.4734,44.8547,100.0,10.1415,CRITICA,6.3433,0.428081,15.8818,71.335,0.310205,0.275506,1.4953,9.8578,1,1,3724.395,nan
w0414,abierto,B5,138.1425,0.259165,4.4659,44.5531,100.0,10.9729,CRITICA,7.5911,0.472387,15.8908,67.7485,0.282702,0.246237,9.0819,4.9882,1,1,3808.073,nan
w0509,abierto,B5,148.808,0.257881,4.4065,44.902,100.0,8.9502,CRITICA,6.9631,0.446874,15.8777,69.8256,0.285656,0.233335,10.7706,9.5185,1,1,3698.225,nan
w0529,abierto,B5,148.4513,0.237458,4.4183,44.9208,100.0,8.9016,CRITICA,7.0432,0.437226,15.8803,69.7404,0.258594,0.241675,8.901,1.7761,1,1,3338.898,nan
w0580,abierto,B5,143.1415,0.268368,4.4199,44.8546,100.0,9.2446,CRITICA,7.4767,0.441597,15.8909,68.6642,0.280899,0.255705,4.6693,4.7184,1,1,3547.357,nan
w0735,abierto,B5,148.1141,0.266217,4.4202,45.3024,100.0,7.4456,CRITICA,7.2834,0.432937,15.8416,69.4139,0.276831,0.240919,3.9869,9.503,1,1,3266.906,nan
w0738,abierto,B5,152.7353,0.271904,4.3982,45.2941,100.0,7.3042,CRITICA,6.9677,0.420246,15.8514,70.3447,0.274249,0.250191,0.8627,7.9856,1,1,3607.504,nan
w0742,abierto,B5,153.4176,0.263825,4.4091,45.2868,100.0,7.4552,CRITICA,6.8983,0.416258,15.8544,70.4814,0.285088,0.241854,8.0594,8.328,1,1,3241.491,nan
w0810,abierto,B5,130.1075,0.28884,4.4105,44.8517,100.0,8.9448,CRITICA,8.6172,0.507391,15.9183,65.5272,0.295927,0.25128,2.4537,13.0037,1,1,2071.251,nan
x0020,abierto,B5,130.6882,0.187387,4.6115,44.9704,100.0,7.7536,CRITICA,8.5231,0.496215,15.8236,65.5896,0.186396,nan,0.5293,nan,1,1,3834.356,nan
x0074,abierto,B5,128.8917,0.186744,4.5875,44.759,100.0,8.4738,CRITICA,8.549,0.495713,15.8452,65.274,0.192384,nan,3.0201,nan,1,1,3172.589,nan
x0099,abierto,B5,133.9731,0.167181,4.5784,44.9024,100.0,8.2325,CRITICA,8.1719,0.478101,15.8349,66.4841,0.181865,nan,8.783,nan,1,1,3946.33,nan
x0138,abierto,B5,143.367,0.172952,4.6334,45.2425,100.0,7.2817,CRITICA,7.4783,0.467854,15.8172,68.4428,0.207137,nan,19.7659,nan,1,1,2602.134,nan
x0178,abierto,B5,133.2848,0.165947,4.6279,45.06,100.0,7.3098,CRITICA,8.3318,0.494062,15.8327,66.1927,0.182514,nan,9.9835,nan,1,1,2689.618,nan
x0267,abierto,B5,129.076,0.183049,4.6159,44.9229,100.0,7.6762,CRITICA,8.6485,0.50205,15.8448,65.1965,0.188394,nan,2.9201,nan,1,1,3775.009,nan
x0292,abierto,B5,130.0428,0.18982,4.5899,44.8403,100.0,7.8664,CRITICA,8.533,0.495251,15.8396,65.5188,0.205378,nan,8.1965,nan,1,1,3921.568,nan
x0306,abierto,B5,131.3261,0.203081,4.6074,44.9744,100.0,7.6741,CRITICA,8.4489,0.492946,15.8206,65.7537,0.216139,nan,6.4303,nan,1,1,3351.207,nan
x0310,abierto,B5,131.4042,0.210139,4.5978,44.9402,100.0,7.8832,CRITICA,8.41,0.48975,15.8254,65.8,0.220195,nan,4.7855,nan,1,1,3577.817,nan
x0369,abierto,B5,135.8283,0.133045,4.5945,44.9645,100.0,7.9292,CRITICA,8.0235,0.475943,15.8219,66.896,0.146715,nan,10.275,nan,1,1,3491.62,nan
x0382,abierto,B5,131.6936,0.159575,4.5868,44.8944,100.0,7.8731,CRITICA,8.3997,0.492595,15.8368,65.9099,0.165671,nan,3.8201,nan,1,1,3606.203,nan
x0385,abierto,B5,132.1164,0.158644,4.5876,44.9364,100.0,7.8337,CRITICA,8.373,0.490847,15.8317,65.9873,0.168086,nan,5.9517,nan,1,1,3148.615,nan
x0400,abierto,B5,132.9343,0.172476,4.6243,45.092,100.0,7.1455,CRITICA,8.3782,0.495782,15.8268,66.0795,0.202127,nan,17.1917,nan,1,1,3307.972,nan
x0437,abierto,B5,138.9058,0.169475,4.5687,45.0344,100.0,7.6522,CRITICA,7.8118,0.464875,15.8198,67.5792,0.186641,nan,10.1288,nan,1,1,3880.481,nan
x0499,abierto,B5,137.4165,0.184393,4.6001,45.0782,100.0,7.5277,CRITICA,7.9338,0.470159,15.8056,67.196,0.19727,nan,6.9835,nan,1,1,3625.816,nan
x0667,abierto,B5,135.4629,0.17225,4.6031,45.0052,100.0,7.5604,CRITICA,8.1046,0.479338,15.8213,66.7767,0.188271,nan,9.3012,nan,1,1,3595.829,nan
x0679,abierto,B5,135.9625,0.173583,4.6045,45.0443,100.0,7.5173,CRITICA,8.0615,0.478215,15.8165,66.8701,0.183824,nan,5.8998,nan,1,1,3026.635,nan
x0697,abierto,B5,126.3613,0.163707,4.6446,44.868,100.0,7.7483,CRITICA,8.9317,0.518506,15.8646,64.4923,0.144701,nan,11.6095,nan,1,1,3844.675,nan
x0716,abierto,B5,127.5169,0.157036,4.5946,44.8025,100.0,8.3309,CRITICA,8.7137,0.503651,15.8428,64.8654,0.16865,nan,7.396,nan,1,1,2546.473,nan
x0741,abierto,B5,123.2134,0.191021,4.5967,44.72,100.0,9.2579,CRITICA,9.0167,0.51094,15.8534,63.7052,0.194524,nan,1.8339,nan,1,1,3938.559,nan
x0748,abierto,B5,125.0346,0.18076,4.5913,44.8161,100.0,8.3624,CRITICA,8.9916,0.51369,15.8514,64.157,0.199014,nan,10.0984,nan,1,1,3437.607,nan
x0774,abierto,B5,127.4073,0.167067,4.5759,44.792,100.0,8.5261,CRITICA,8.7089,0.498175,15.8509,64.8435,0.174328,nan,4.3466,nan,1,1,3816.794,nan
x0802,abierto,B5,123.1937,0.183311,4.6306,44.8534,100.0,8.2953,CRITICA,9.1448,0.521249,15.8488,63.5912,0.181869,nan,0.7866,nan,1,1,3427.005,nan
x0839,abierto,B5,121.8532,0.184723,4.6212,44.7713,100.0,8.5073,CRITICA,9.2487,0.525502,15.8623,63.258,0.183762,nan,0.5203,nan,1,1,3183.699,nan
x0878,abierto,B5,127.2371,0.176712,4.599,44.8453,100.0,8.1657,CRITICA,8.7731,0.50487,15.8436,64.7546,0.177878,nan,0.6598,nan,1,1,3620.565,nan
x0995,abierto,B5,126.4858,0.170992,4.6198,44.854,100.0,8.3616,CRITICA,8.815,0.505267,15.8529,64.5383,0.185093,nan,8.2469,nan,1,1,2017.349,nan
x1011,abierto,B5,124.6125,0.17534,4.6386,44.8878,100.0,8.2683,CRITICA,9.0165,0.515887,15.8475,63.978,0.189324,nan,7.9757,nan,1,1,3850.597,nan
x1149,abierto,B5,127.5279,0.185909,4.6175,44.8247,100.0,8.2877,CRITICA,8.7242,0.501612,15.8597,64.8511,0.195478,nan,5.1467,nan,1,1,3427.005,nan
x1260,abierto,B5,120.8458,0.179469,4.626,44.7511,100.0,8.6553,CRITICA,9.3399,0.529838,15.8616,62.9684,0.182157,nan,1.4975,nan,1,1,3988.831,nan
x1424,abierto,B5,127.2958,0.181274,4.6088,44.8265,100.0,8.5628,CRITICA,8.7019,0.500232,15.8398,64.7856,0.186763,nan,3.0281,nan,1,1,3669.725,nan
y0059,abierto,B5,86.6476,0.216825,4.4441,39.6186,100.0,19.9303,CRITICA,11.5605,0.612508,16.2029,54.2761,0.221434,0.192753,2.1258,11.102,1,1,3628.447,nan
y0134,abierto,B5,79.1287,0.221564,4.453,38.7825,100.0,21.1576,CRITICA,12.3457,0.649281,16.3072,50.9881,0.21727,0.193395,1.9378,12.7135,1,1,3696.858,nan
y0171,abierto,B5,84.9213,0.21876,4.4405,39.7871,100.0,19.5681,CRITICA,11.8556,0.628465,16.2382,53.1483,0.223081,0.194201,1.9754,11.2265,1,1,3363.606,nan
y0189,abierto,B5,85.4379,0.216046,4.4072,39.2443,100.0,20.2477,CRITICA,11.6994,0.617555,16.2696,54.0669,0.224714,0.195152,4.0122,9.6711,1,1,3576.538,nan
y0271,abierto,B5,84.7407,0.211853,4.437,39.7069,100.0,19.7744,CRITICA,11.8595,0.630403,16.2405,53.1431,0.219286,0.19321,3.5082,8.8001,1,1,3808.073,nan
y0367,abierto,B5,92.7045,0.225932,4.4316,39.6134,100.0,19.9585,CRITICA,10.8234,0.584468,16.2453,57.2692,0.234643,0.18914,3.8554,16.2848,1,1,1578.283,nan
y0387,abierto,B5,92.6325,0.222544,4.4363,39.7891,100.0,19.6915,CRITICA,10.8298,0.583168,16.2144,57.0463,0.239641,0.192991,7.6829,13.2793,1,1,1500.825,nan
y0408,abierto,B5,87.4822,0.211255,4.4503,39.7275,100.0,19.8785,CRITICA,11.5525,0.608044,16.2279,54.5879,0.221047,0.189241,4.6355,10.4206,1,1,3699.593,nan
y0409,abierto,B5,86.7207,0.218419,4.4383,39.6885,100.0,19.7919,CRITICA,11.6699,0.611479,16.2397,54.2341,0.229967,0.188741,5.2872,13.5876,1,1,3589.375,nan
y0439,abierto,B5,85.8989,0.234269,4.4377,39.7065,100.0,19.712,CRITICA,11.7682,0.62144,16.2441,53.7753,0.22072,0.190596,5.7837,18.6425,1,1,3865.481,nan
y0516,abierto,B5,90.8825,0.231382,4.4448,39.8134,100.0,19.6637,CRITICA,11.0599,0.591792,16.2023,56.1925,0.226615,0.195182,2.0602,15.645,1,1,3728.561,nan
y0581,abierto,B5,84.7463,0.2171,4.4246,39.3115,100.0,20.2296,CRITICA,11.6633,0.624999,16.2733,53.6127,0.223569,0.194947,2.9798,10.2041,1,1,4003.203,nan
y0682,abierto,B5,85.0723,0.221911,4.4093,39.2172,100.0,20.2516,CRITICA,11.7568,0.617264,16.2947,53.9013,0.229261,0.190527,3.3119,14.1428,1,1,3756.574,nan
y0762,abierto,B5,86.4049,0.219225,4.4243,39.6341,100.0,19.7388,CRITICA,11.6562,0.621497,16.2479,54.1298,0.215898,0.187113,1.5179,14.6483,1,1,3790.751,nan
y0778,abierto,B5,87.7349,0.207935,4.4201,39.4587,100.0,20.0393,CRITICA,11.3943,0.612424,16.2544,55.0251,0.214095,0.186424,2.9627,10.3447,1,1,3424.658,nan
y0808,abierto,B5,86.4364,0.222029,4.428,39.5072,100.0,19.9618,CRITICA,11.5856,0.620866,16.249,54.2933,0.220442,0.19112,0.715,13.9213,1,1,3855.05,nan
y0845,abierto,B5,87.4015,0.222515,4.4328,39.499,100.0,19.9909,CRITICA,11.4348,0.610499,16.2482,54.8074,0.229445,0.195608,3.1143,12.0923,1,1,2750.275,nan
y0902,abierto,B5,85.0592,0.220341,4.3955,39.3288,100.0,20.0273,CRITICA,11.8075,0.62348,16.2813,53.763,0.223635,0.195444,1.4951,11.299,1,1,3442.341,nan
y0984,abierto,B5,78.2057,0.220977,4.4607,38.7898,100.0,20.968,CRITICA,12.6425,0.654515,16.3461,50.4003,0.225982,0.190957,2.265,13.5853,1,1,2808.2,nan
y0995,abierto,B5,78.064,0.217922,4.4531,38.9407,100.0,20.6366,CRITICA,12.6956,0.664148,16.3484,50.117,0.231604,0.188129,6.2787,13.6712,1,1,3894.081,nan
y1076,abierto,B5,84.8034,0.223972,4.4411,39.6042,100.0,19.815,CRITICA,11.8197,0.6285,16.2733,53.2988,0.23481,0.189943,4.8389,15.1935,1,1,3571.428,nan
y1175,abierto,B5,79.8954,0.220209,4.4701,39.1102,100.0,20.715,CRITICA,12.4399,0.650442,16.3117,51.0483,0.240156,0.191468,9.0579,13.0518,1,1,3567.606,nan
y1181,abierto,B5,81.804,0.215571,4.4332,38.8146,100.0,20.8287,CRITICA,12.0899,0.634381,16.3422,52.5517,0.229597,0.19413,6.5062,9.9462,1,1,3625.816,nan
y1207,abierto,B5,79.7214,0.221448,4.4755,39.1964,100.0,20.3582,CRITICA,12.4899,0.653189,16.3183,50.8332,0.231872,0.189728,4.7072,14.324,1,1,3432.887,nan
y1318,abierto,B5,81.3633,0.220553,4.468,38.625,100.0,21.138,CRITICA,12.1536,0.641608,16.3626,52.5277,0.217711,0.185415,1.2884,15.9318,1,1,2087.247,nan
y1342,abierto,B5,83.5402,0.223782,4.4405,39.3696,100.0,20.0952,CRITICA,12.0711,0.636959,16.3117,52.8734,0.211933,0.184813,5.2948,17.414,1,1,3735.525,nan
y1389,abierto,B5,86.9836,0.224348,4.4213,39.6314,100.0,19.7262,CRITICA,11.4695,0.617938,16.2341,54.4381,0.222701,0.189641,0.7339,15.47,1,1,3108.486,nan
y1421,abierto,B5,85.8297,0.222828,4.4153,39.6759,100.0,19.5629,CRITICA,11.6828,0.624298,16.2432,53.7738,0.215648,0.187357,3.2224,15.9186,1,1,3992.016,nan
y1511,abierto,B5,88.4603,0.23198,4.4188,39.3583,100.0,20.0212,CRITICA,11.3578,0.603937,16.2979,55.5074,0.222868,0.196343,3.928,15.3622,1,1,3912.363,nan
za0001,abierto,B5,93.56,0.183563,4.5432,39.0411,100.0,21.9747,CRITICA,10.7799,0.513966,16.1498,58.2716,0.178975,0.190203,2.4992,3.6175,1,1,3615.329,nan
za0058,abierto,B5,91.5926,0.1701,4.5406,39.2929,100.0,21.6257,CRITICA,11.1455,0.530531,16.1397,57.1003,0.18847,0.191317,10.7996,12.4734,1,1,3837.298,nan
za0074,abierto,B5,89.6818,0.185696,4.5603,39.142,100.0,21.9567,CRITICA,11.2779,0.542387,16.1488,56.3546,0.197615,0.193765,6.4185,4.3455,1,1,3552.398,nan
za0108,abierto,B5,93.3356,0.184437,4.5433,39.1109,100.0,21.8503,CRITICA,10.8618,0.514912,16.1578,58.0966,0.184108,0.187487,0.1784,1.6539,1,1,3813.883,nan
za0114,abierto,B5,86.4767,0.175032,4.5483,38.0777,100.0,23.3355,CRITICA,11.449,0.537845,16.2201,55.9677,0.170031,0.177658,2.857,1.5004,1,1,3935.459,nan
za0164,abierto,B5,88.815,0.174003,4.5504,38.1058,100.0,23.2892,CRITICA,11.094,0.524312,16.2233,57.0953,0.184077,0.18909,5.7891,8.6701,1,1,3673.77,nan
za0166,abierto,B5,88.7219,0.176085,4.5584,38.12,100.0,23.3036,CRITICA,11.1156,0.526677,16.2185,57.0342,0.177143,0.176911,0.6011,0.4689,1,1,3649.635,nan
za0205,abierto,B5,97.2995,0.18254,4.5423,39.2804,100.0,21.656,CRITICA,10.3856,0.49501,16.1397,59.6293,0.193748,0.190215,6.1399,4.2045,1,1,3240.441,nan
za0244,abierto,B5,95.3272,0.181644,4.534,39.1053,100.0,21.7506,CRITICA,10.575,0.505738,16.1681,58.9779,0.1892,0.196871,4.1596,8.3829,1,1,3477.051,nan
za0274,abierto,B5,88.1717,0.17149,4.5582,38.216,100.0,23.2361,CRITICA,11.2839,0.538828,16.2121,56.6573,0.161893,0.183116,5.5964,6.7791,1,1,1864.628,nan
za0325,abierto,B5,92.1123,0.168959,4.5475,38.6706,100.0,22.4978,CRITICA,10.8778,0.516792,16.1871,58.0179,0.16754,0.180087,0.8401,6.5861,1,1,3886.514,nan
za0388,abierto,B5,95.2987,0.18743,4.5413,38.8303,100.0,22.1278,CRITICA,10.4105,0.496521,16.165,59.2541,0.194246,0.194124,3.6367,3.5719,1,1,3749.531,nan
za0533,abierto,B5,92.6747,0.172255,4.5623,38.3761,100.0,22.9002,CRITICA,10.5729,0.506296,16.1796,58.5906,0.185714,0.17761,7.8138,3.1088,1,1,3462.604,nan
za0595,abierto,B5,100.8139,0.179474,4.5572,39.2777,100.0,21.6809,CRITICA,9.9115,0.47964,16.1155,61.0394,0.187015,0.185196,4.202,3.1883,1,1,3696.858,nan
za0620,abierto,B5,98.6251,0.169515,4.5497,39.2928,100.0,21.639,CRITICA,10.1786,0.492378,16.1184,60.1594,0.164204,0.192268,3.1329,13.4222,1,1,2305.21,nan
za0637,abierto,B5,96.2564,0.169001,4.5508,38.5436,100.0,22.6098,CRITICA,10.2378,0.487222,16.182,59.9573,0.184057,0.184866,8.9089,9.3872,1,1,3270.111,nan
za0676,abierto,B5,95.2918,0.173272,4.5489,38.2636,100.0,22.9549,CRITICA,10.3131,0.486908,16.2064,59.8459,0.181976,0.179653,5.0233,3.6827,1,1,2814.523,nan
za0685,abierto,B5,90.7978,0.181153,4.5548,38.0024,100.0,23.3426,CRITICA,10.7581,0.509527,16.2215,58.1461,0.20145,0.198011,11.2044,9.3061,1,1,2647.604,nan
za0688,abierto,B5,96.4758,0.164276,4.5587,38.6294,100.0,22.5914,CRITICA,10.2879,0.491756,16.1689,59.9595,0.161788,0.184879,1.5148,12.5414,1,1,3553.66,nan
za0719,abierto,B5,99.1851,0.171293,4.5464,38.8979,100.0,22.1552,CRITICA,9.9806,0.478445,16.164,60.7825,0.186448,0.188003,8.8478,9.7557,1,1,3619.254,nan
za0738,abierto,B5,92.0626,0.157314,4.5492,38.0861,100.0,23.2819,CRITICA,10.644,0.501892,16.2235,58.6302,0.173633,0.183453,10.3737,16.616,1,1,1994.018,nan
za0753,abierto,B5,96.2295,0.168514,4.5554,38.4446,100.0,22.8456,CRITICA,10.2481,0.4857,16.1938,60.0491,0.17802,0.185686,5.6409,10.1905,1,1,3573.981,nan
za0765,abierto,B5,97.5357,0.169601,4.543,38.61,100.0,22.5429,CRITICA,10.1357,0.482303,16.189,60.4145,0.17357,0.191642,2.34,12.9958,1,1,3558.719,nan
za0799,abierto,B5,101.4063,0.173412,4.5417,39.2699,100.0,21.643,CRITICA,9.8363,0.473586,16.1417,61.2747,0.183989,0.187805,6.0994,8.2999,1,1,3480.682,nan
za0909,abierto,B5,100.5209,0.166874,4.5477,39.6657,100.0,21.0163,CRITICA,10.0475,0.486536,16.113,60.5399,0.188095,0.190574,12.7168,14.2022,1,1,3725.783,nan
za0933,abierto,B5,92.5374,0.171821,4.5444,38.4237,100.0,22.7115,CRITICA,10.6529,0.506571,16.1997,58.4776,0.18615,0.184624,8.3392,7.4512,1,1,3844.675,nan
za0938,abierto,B5,91.8112,0.182523,4.5483,38.3988,100.0,22.785,CRITICA,10.7395,0.508209,16.1993,58.1764,0.195203,0.197234,6.9471,8.0598,1,1,3402.518,nan
za0943,abierto,B5,92.5803,0.172894,4.5425,38.5154,100.0,22.5604,CRITICA,10.6605,0.506569,16.1966,58.3979,0.183218,0.184782,5.9713,6.8758,1,1,3949.447,nan
za0996,abierto,B5,96.5311,0.171033,4.5491,39.1375,100.0,21.7638,CRITICA,10.3468,0.492013,16.1497,59.4561,0.180565,0.184066,5.5734,7.6206,1,1,3894.081,nan
za1025,abierto,B5,92.9787,0.174656,4.55,38.6876,100.0,22.4103,CRITICA,10.6433,0.509616,16.1893,58.3909,0.183418,0.18788,5.0168,7.5714,1,1,3223.727,nan
zb0010,abierto,B5,99.2387,0.202711,4.4518,43.2989,100.0,12.5566,CRITICA,10.9181,0.609986,16.1203,56.3689,0.218756,0.20316,7.9153,0.2218,1,1,3233.107,nan
zb0017,abierto,B5,100.7066,0.235455,4.4578,43.2527,100.0,12.7115,CRITICA,10.7044,0.597743,16.1314,57.0508,0.257965,0.213433,9.5604,9.3527,1,1,3752.345,nan
zb0031,abierto,B5,105.0132,0.218471,4.4296,42.9989,100.0,12.9655,CRITICA,10.0585,0.566118,16.1553,59.0538,0.231166,0.225264,5.8105,3.1092,1,1,3075.031,nan
zb0046,abierto,B5,103.8882,0.209573,4.4528,43.1593,100.0,12.8657,CRITICA,10.204,0.575986,16.1319,58.456,0.229233,0.214336,9.3807,2.2727,1,1,3903.201,nan
zb0066,abierto,B5,103.958,0.208799,4.4579,43.157,100.0,12.9669,CRITICA,10.2655,0.572403,16.1346,58.4861,0.218515,0.211175,4.6534,1.1379,1,1,3471.017,nan
zb0073,abierto,B5,103.0293,0.203002,4.4463,43.0152,100.0,13.1286,CRITICA,10.3282,0.577018,16.1441,58.2495,0.225902,0.212545,11.2808,4.701,1,1,1388.118,nan
zb0117,abierto,B5,103.9668,0.195655,4.4856,43.2915,100.0,12.6032,CRITICA,10.2856,0.578067,16.1283,58.3602,0.202693,0.206393,3.5968,5.4881,1,1,3571.428,nan
zb0124,abierto,B5,104.8241,0.228521,4.4821,43.2988,100.0,12.8019,CRITICA,10.2037,0.569729,16.1156,58.6938,0.239316,0.22578,4.7241,1.1993,1,1,3644.315,nan
zb0148,abierto,B5,109.7067,0.205483,4.4648,43.2032,100.0,12.7956,CRITICA,9.5973,0.543022,16.1398,60.6194,0.210086,0.207412,2.2402,0.9389,1,1,3430.532,nan
zb0152,abierto,B5,113.4229,0.188091,4.4242,43.0965,100.0,12.8747,CRITICA,9.1871,0.530329,16.142,62.0037,0.192938,0.200669,2.5768,6.687,1,1,3288.392,nan
zb0273,abierto,B5,106.976,0.258905,4.4436,43.2028,100.0,12.4935,CRITICA,9.9132,0.56321,16.1397,59.6145,0.265221,0.233812,2.4398,9.6919,1,1,3776.435,nan
zb0276,abierto,B5,108.874,0.217509,4.4646,43.3939,100.0,12.2634,CRITICA,9.7865,0.558873,16.1237,60.143,0.23017,0.222267,5.8208,2.1875,1,1,3796.507,nan
zb0355,abierto,B5,108.453,0.225753,4.4538,42.9879,100.0,13.0743,CRITICA,9.6452,0.549588,16.1552,60.3626,0.22806,0.215091,1.0216,4.7229,1,1,3544.842,nan
zb0426,abierto,B5,106.7842,0.236501,4.4377,43.0701,100.0,12.6945,CRITICA,9.9241,0.560778,16.153,59.6662,0.24295,0.237077,2.7267,0.2434,1,1,3619.254,nan
zb0433,abierto,B5,107.6937,0.244056,4.4506,43.2086,100.0,12.4352,CRITICA,9.8349,0.564201,16.1394,59.8782,0.25134,0.23387,2.9847,4.1737,1,1,3729.951,nan
zb0457,abierto,B5,108.8249,0.242634,4.4636,43.3731,100.0,12.2213,CRITICA,9.7628,0.561441,16.1283,60.1442,0.249855,0.229976,2.9762,5.2167,1,1,3770.739,nan
zb0502,abierto,B5,104.7411,0.246133,4.4771,43.0791,100.0,13.1094,CRITICA,10.0587,0.566636,16.1352,58.8709,0.255231,0.236355,3.6965,3.9724,1,1,3323.363,nan
zb0528,abierto,B5,107.1737,0.232927,4.4403,43.064,100.0,12.8984,CRITICA,9.8233,0.554217,16.1579,59.8185,0.241301,0.225586,3.5951,3.1518,1,1,3395.586,nan
zb0573,abierto,B5,108.6792,0.191063,4.4483,43.2769,100.0,12.5952,CRITICA,9.769,0.554332,16.1287,60.1792,0.2027,0.214312,6.0904,12.1679,1,1,3755.163,nan
zb0593,abierto,B5,108.6036,0.221239,4.4489,43.2982,100.0,12.4595,CRITICA,9.7514,0.558363,16.1248,60.1318,0.234044,0.221221,5.7878,0.008,1,1,3399.048,nan
zb0636,abierto,B5,109.0037,0.238648,4.4432,43.0358,100.0,12.962,CRITICA,9.6137,0.542854,16.1514,60.5189,0.24634,0.236649,3.2234,0.8374,1,1,3553.66,nan
zb0659,abierto,B5,106.7822,0.243459,4.4346,42.9865,100.0,12.99,CRITICA,9.8578,0.554035,16.1747,59.7438,0.247591,0.230826,1.6973,5.1886,1,1,3424.658,nan
zb0732,abierto,B5,104.6682,0.238752,4.4821,43.0953,100.0,13.0853,CRITICA,10.0131,0.567362,16.1441,58.8268,0.257298,0.220688,7.7679,7.566,1,1,3739.715,nan
zb0863,abierto,B5,103.6038,0.250429,4.4839,42.9758,100.0,13.315,CRITICA,10.1472,0.576066,16.1667,58.519,0.251513,0.223823,0.4325,10.6242,1,1,3617.945,nan
zb0867,abierto,B5,103.0673,0.256459,4.4871,42.9771,100.0,13.3131,CRITICA,10.1955,0.578886,16.1639,58.3019,0.250949,0.222918,2.1488,13.0787,1,1,3749.531,nan
zb0883,abierto,B5,101.3866,0.227981,4.4599,43.0228,100.0,13.103,CRITICA,10.4933,0.585621,16.1496,57.5656,0.253961,0.223551,11.3957,1.9434,1,1,3492.84,nan
zb0917,abierto,B5,107.8587,0.218301,4.431,42.8034,100.0,13.2498,CRITICA,9.6149,0.550596,16.2,60.3153,0.228652,0.214723,4.7416,1.6391,1,1,3003.003,nan
zb0940,abierto,B5,106.0814,0.207296,4.4683,42.8914,100.0,13.3148,CRITICA,9.9145,0.559337,16.1877,59.5674,0.219068,0.201074,5.679,3.0013,1,1,3522.367,nan
zb0961,abierto,B5,103.0438,0.258311,4.493,42.7859,100.0,13.6172,CRITICA,10.1287,0.574785,16.188,58.478,0.256581,0.233896,0.6701,9.4519,1,1,3528.581,nan
zb0966,abierto,B5,103.4042,0.242165,4.4637,42.8091,100.0,13.5577,CRITICA,10.226,0.573018,16.1752,58.6002,0.258544,0.236444,6.7636,2.3624,1,1,2172.968,nan
zb0974,abierto,B5,103.382,0.246992,4.4577,42.9202,100.0,13.2706,CRITICA,10.2577,0.574757,16.1632,58.4839,0.255519,0.236454,3.4522,4.2665,1,1,3127.932,nan
zb0993,abierto,B5,102.0749,0.260266,4.4646,42.7734,100.0,13.6216,CRITICA,10.2499,0.578879,16.1903,58.096,0.265263,0.236152,1.92,9.265,1,1,3473.428,nan
zb1020,abierto,B5,103.24,0.253662,4.4848,42.9204,100.0,13.487,CRITICA,10.2052,0.575315,16.1743,58.4266,0.258758,0.235895,2.0089,7.0044,1,1,3721.623,nan
zb1105,abierto,B5,100.6451,0.267974,4.4538,42.826,100.0,13.4256,CRITICA,10.5029,0.58664,16.1876,57.4485,0.273854,0.240569,2.1943,10.2268,1,1,3544.842,nan
zb1124,abierto,B5,104.5357,0.222079,4.4801,43.1372,100.0,12.9032,CRITICA,10.166,0.571737,16.1574,58.7345,0.232456,0.206221,4.6726,7.1407,1,1,2498.126,nan
zb1144,abierto,B5,104.7685,0.234201,4.4777,43.4124,100.0,12.6165,CRITICA,10.134,0.577261,16.1036,58.5635,0.248113,0.2315,5.9404,1.1531,1,1,3439.972,nan
zb1179,abierto,B5,105.6491,0.246349,4.4648,43.2593,100.0,12.7007,CRITICA,10.0525,0.572638,16.1219,59.0537,0.254382,0.233562,3.2606,5.1908,1,1,3360.215,nan
zb1237,abierto,B5,105.8072,0.22614,4.4627,43.0312,100.0,13.0846,CRITICA,9.9788,0.55826,16.1614,59.3306,0.239342,0.2139,5.8376,5.4126,1,1,3732.736,nan
zb1246,abierto,B5,110.5984,0.236615,4.4343,42.9844,100.0,13.0377,CRITICA,9.4468,0.53297,16.1655,61.1347,0.248469,0.225481,5.0098,4.7054,1,1,3831.418,nan
zc0027,abierto,B5,107.2651,0.307631,4.4326,42.9318,100.0,14.9869,CRITICA,10.8702,0.552606,16.027,59.976,0.302189,0.285182,1.7689,7.2974,1,1,3665.689,nan
zc0102,abierto,B5,109.982,0.28996,4.4482,43.0202,100.0,14.9453,CRITICA,10.5251,0.546083,16.0278,60.8843,0.275886,0.279313,4.8537,3.6718,1,1,3831.418,nan
zc0189,abierto,B5,107.0992,0.294965,4.4229,43.3332,100.0,13.9916,CRITICA,10.9937,0.551449,16.0176,59.5393,0.306902,0.284944,4.0467,3.3972,1,1,3705.076,nan
zc0386,abierto,B5,109.7523,0.300409,4.4346,43.1197,100.0,14.5587,CRITICA,10.5523,0.542323,16.0321,60.7118,0.289297,0.283366,3.6988,5.6733,1,1,2912.056,nan
zc0442,abierto,B5,111.1873,0.304034,4.4144,43.1639,100.0,14.2707,CRITICA,10.4049,0.5353,16.0425,61.1791,0.290687,0.28015,4.3901,7.8556,1,1,2896.033,nan
zc0507,abierto,B5,109.7088,0.298926,4.4283,43.1016,100.0,14.6539,CRITICA,10.5794,0.545417,16.0367,60.7127,0.291517,0.286226,2.4786,4.2486,1,1,3382.95,nan
zc0686,abierto,B5,110.3356,0.300033,4.4081,42.9169,100.0,14.7243,CRITICA,10.4283,0.535233,16.0601,61.1033,0.300815,0.289132,0.2603,3.6333,1,1,3980.892,nan
zc0809,abierto,B5,110.6774,0.30899,4.4233,43.2112,100.0,14.1907,CRITICA,10.4802,0.542562,16.0427,60.9575,0.297623,0.295157,3.6791,4.477,1,1,3789.314,nan
zc0813,abierto,B5,110.4157,0.2834,4.4187,43.1829,100.0,14.1683,CRITICA,10.505,0.543943,16.0443,60.8906,0.271205,0.28129,4.303,0.7445,1,1,3536.068,nan
zc0842,abierto,B5,110.7705,0.312288,4.4322,43.1723,100.0,14.2234,CRITICA,10.4151,0.54222,16.0431,61.0255,0.289019,0.292092,7.4511,6.4671,1,1,3812.428,nan
zc0852,abierto,B5,109.0033,0.299491,4.4127,43.2019,100.0,14.1785,CRITICA,10.6763,0.541991,16.0405,60.3665,0.299553,0.292113,0.0206,2.4635,1,1,2942.908,nan
zc1127,abierto,B5,110.4196,0.292988,4.4171,43.0088,100.0,14.5316,CRITICA,10.4359,0.541538,16.0606,61.0497,0.286921,0.286506,2.0708,2.2123,1,1,3724.395,nan
zc1135,abierto,B5,110.3833,0.285628,4.4184,43.0664,100.0,14.386,CRITICA,10.4582,0.544855,16.0565,60.9847,0.288621,0.290321,1.048,1.6432,1,1,3087.373,nan
zc1176,abierto,B5,108.3552,0.303197,4.4183,43.3073,100.0,13.7995,CRITICA,10.7327,0.552377,16.0327,60.0321,0.297933,0.289102,1.7362,4.6488,1,1,3627.131,nan
zc1181,abierto,B5,108.9787,0.295334,4.4288,43.3541,100.0,13.8261,CRITICA,10.6711,0.549316,16.0282,60.2178,0.292759,0.28902,0.8719,2.1381,1,1,3684.598,nan
zc1316,abierto,B5,110.0777,0.290126,4.4006,43.0525,100.0,14.2764,CRITICA,10.5152,0.545117,16.0615,60.889,0.296007,0.284506,2.0271,1.9371,1,1,3472.222,nan
zc1434,abierto,B5,108.27,0.312443,4.4258,43.2772,100.0,14.1246,CRITICA,10.7703,0.555392,16.0274,60.0284,0.283954,0.2895,9.118,7.3431,1,1,3802.281,nan
zc1452,abierto,B5,109.2273,0.292933,4.4196,42.9943,100.0,14.6756,CRITICA,10.6014,0.550116,16.0553,60.6378,0.29359,0.287866,0.2244,1.7296,1,1,3748.126,nan
zc1490,abierto,B5,108.0737,0.295927,4.4218,43.2154,100.0,14.2262,CRITICA,10.7971,0.555347,16.0345,60.013,0.293024,0.28779,0.981,2.7495,1,1,3921.569,nan
zc1576,abierto,B5,106.839,0.297967,4.4252,43.3235,100.0,13.8972,CRITICA,10.9666,0.563584,16.0224,59.4497,0.281275,0.284153,5.6022,4.6363,1,1,3762.227,nan
zc1667,abierto,B5,108.0851,0.301011,4.4161,43.1628,100.0,14.3387,CRITICA,10.7821,0.553043,16.0391,60.0659,0.294119,0.287679,2.2894,4.4291,1,1,3971.406,nan
