imagen_id,estado_ojo,nivel_brillo,brillo_ref,ear_ref,brillo_oscura,brillo_mejorada,darkpct_mejorada,std_mejorada,nivel_ilum,psnr_vs_ref,ssim_vs_ref,psnr_vs_oscura,error_brillo_pct,ear_mejorada,ear_oscura,ear_error_mej_pct,ear_error_osc_pct,deteccion_ref,deteccion_mejorada,fps,flops
closed_eye_0002.jpg_face_2,cerrado,B5,119.98,0.108019,4.4706,17.9948,100.0,5.9682,CRITICA,6.6405,0.152157,25.1626,85.0019,0.168095,nan,55.6167,nan,1,1,9.48,nan
closed_eye_0003.jpg_face_2,cerrado,B5,169.273,0.062583,4.4199,17.0681,100.0,3.4601,CRITICA,3.9513,0.103872,25.8773,89.9168,nan,nan,nan,nan,1,0,3620.565,nan
closed_eye_0007.jpg_face_1,cerrado,B5,148.5356,0.032973,4.3259,16.2794,100.0,5.2654,CRITICA,4.6612,0.152272,26.3585,89.0401,0.111242,nan,237.3726,nan,1,1,2348.521,nan
closed_eye_0013.BMP_face_1,cerrado,B5,99.3546,0.100251,4.4353,18.2241,100.0,8.1902,CRITICA,7.4846,0.171751,24.84,81.6575,0.092241,0.147124,7.9898,46.756,1,1,2439.619,nan
closed_eye_0015.jpg_face_1,cerrado,B5,136.8367,0.044322,4.4336,18.009,100.0,6.5398,CRITICA,5.5971,0.155431,25.0355,86.8391,0.103007,0.151165,132.404,241.0586,1,1,1760.563,nan
closed_eye_0019.jpg_face_1,cerrado,B5,133.3445,0.028059,4.5093,13.4722,100.0,3.8879,CRITICA,6.278,0.111946,28.4441,89.8967,0.183865,nan,555.2896,nan,1,1,4870.921,nan
closed_eye_0030.jpg_face_2,cerrado,B5,121.8991,0.057203,4.4935,16.7229,100.0,4.3119,CRITICA,6.8233,0.242557,26.1844,86.2814,0.079246,nan,38.536,nan,1,1,641.272,nan
closed_eye_0032.jpg_face_1,cerrado,B5,156.1175,0.03677,4.41,17.5076,100.0,4.4019,CRITICA,4.4623,0.157727,25.5856,88.7856,0.096607,nan,162.7318,nan,1,1,659.892,nan
closed_eye_0033.jpg_face_2,cerrado,B5,115.7202,0.103117,4.3792,18.0727,100.0,5.4999,CRITICA,7.2457,0.118777,25.0685,84.3824,0.223961,nan,117.1911,nan,1,1,4120.313,nan
closed_eye_0053.jpg_face_3,cerrado,B5,148.0864,0.068393,4.4003,15.9982,100.0,3.8116,CRITICA,5.2699,0.171465,26.5682,89.1967,0.178629,nan,161.1792,nan,1,1,636.537,nan
closed_eye_0059.jpg_face_2,cerrado,B5,100.2889,0.10055,4.5156,16.3391,100.0,5.9424,CRITICA,8.5116,0.227794,26.2318,83.708,0.214623,nan,113.4497,nan,1,1,878.58,nan
closed_eye_0060.jpg_face_1,cerrado,B5,95.9278,0.047151,4.3218,16.7292,100.0,5.7656,CRITICA,9.0042,0.266025,25.9411,82.5606,0.096034,0.235312,103.6763,399.0655,1,1,2784.74,nan
closed_eye_0068.jpg_face_1,cerrado,B5,105.9201,0.047283,4.4441,17.1771,100.0,4.5688,CRITICA,8.5329,0.224639,25.8332,83.7829,0.12413,nan,162.5263,nan,1,1,2718.13,nan
closed_eye_0077.jpg_face_1,cerrado,B5,121.1229,0.062263,4.3748,16.7666,100.0,4.6415,CRITICA,6.8612,0.182672,26.0117,86.1574,0.091988,nan,47.7402,nan,1,1,2009.646,nan
closed_eye_0086.jpg_face_2,cerrado,B5,78.7757,0.055506,4.5073,17.2919,100.0,6.699,CRITICA,10.6797,0.365785,25.6128,78.0492,0.098616,0.173146,77.6655,211.9381,1,1,784.991,nan
closed_eye_0091.jpg_face_1,cerrado,B5,151.2539,0.050929,4.3123,16.2868,100.0,4.7025,CRITICA,5.122,0.183955,26.2889,89.2321,0.138886,nan,172.7054,nan,1,1,659.109,nan
closed_eye_0093.jpg_face_1,cerrado,B5,143.424,0.078215,4.522,16.5079,100.0,4.4783,CRITICA,4.9381,0.222259,26.307,88.4901,0.201095,nan,157.1036,nan,1,1,514.456,nan
closed_eye_0095.jpg_face_1,cerrado,B5,146.3171,0.054832,4.5978,16.8712,100.0,3.7712,CRITICA,5.2579,0.119732,25.9521,88.4694,0.170385,nan,210.7403,nan,1,1,3786.444,nan
closed_eye_0097.jpg_face_4,cerrado,B5,113.304,0.02637,4.4424,12.9178,100.0,3.7693,CRITICA,7.0277,0.116393,29.4906,88.599,0.212558,nan,706.0724,nan,1,1,3489.184,nan
closed_eye_0105.jpg_face_2,cerrado,B5,84.8034,0.07693,4.4653,15.0002,100.0,3.9121,CRITICA,10.8216,0.262995,27.2567,82.3118,0.156347,nan,103.2323,nan,1,1,2158.429,nan
closed_eye_0139.jpg_face_1,cerrado,B5,124.8511,0.065564,4.3403,24.7426,100.0,5.2795,CRITICA,6.6667,0.100315,21.7092,80.1823,0.080836,nan,23.2924,nan,1,1,6230.53,nan
closed_eye_0142.jpg_face_1,cerrado,B5,137.3445,0.039781,4.5626,17.4881,100.0,6.1135,CRITICA,5.4729,0.109042,25.4702,87.267,0.073546,0.149974,84.8765,276.997,1,1,1136.751,nan
closed_eye_0151.jpg_face_1,cerrado,B5,81.4116,0.052451,4.5377,16.9475,100.0,4.9346,CRITICA,10.7187,0.28226,25.9589,79.1829,0.098774,nan,88.3142,nan,1,1,1973.165,nan
closed_eye_0151.jpg_face_2,cerrado,B5,92.7773,0.038325,4.5637,15.9621,100.0,4.1355,CRITICA,9.4971,0.229365,26.5764,82.7953,0.131647,0.199886,243.5013,421.5567,1,1,1665.279,nan
closed_eye_0161.jpg_face_1,cerrado,B5,77.1857,0.086532,4.4663,19.3191,100.0,8.7304,CRITICA,9.9078,0.335467,24.1077,74.9706,0.147128,0.241197,70.0283,178.738,1,1,690.083,nan
closed_eye_0162.jpg_face_1,cerrado,B5,170.1527,0.03802,4.5282,17.1004,100.0,4.7975,CRITICA,3.7543,0.104225,25.7001,89.95,0.07807,0.212289,105.3406,458.3662,1,1,2714.441,nan
closed_eye_0165.jpg_face_2,cerrado,B5,127.1762,0.092497,4.4297,17.4393,100.0,4.6897,CRITICA,6.4487,0.183505,25.6714,86.2873,0.185532,0.193373,100.5825,109.0599,1,1,1816.86,nan
closed_eye_0168.jpg_face_1,cerrado,B5,78.4385,0.063652,4.4891,18.2781,100.0,6.1407,CRITICA,11.0277,0.353822,25.0523,76.6976,0.085944,0.160087,35.0217,151.5033,1,1,1543.448,nan
closed_eye_0171.jpg_face_1,cerrado,B5,153.9087,0.032013,4.3588,17.2509,100.0,4.4704,CRITICA,5.052,0.110641,25.6196,88.7915,0.155948,nan,387.1419,nan,1,1,2730.748,nan
closed_eye_0178.jpg_face_1,cerrado,B5,104.2226,0.135862,4.3444,17.5443,100.0,5.9848,CRITICA,8.5116,0.237305,25.3211,83.1665,0.159326,nan,17.2701,nan,1,1,3264.773,nan
closed_eye_0183.jpg_face_1,cerrado,B5,77.5475,0.041944,4.4831,19.0422,100.0,5.4606,CRITICA,10.9944,0.246061,24.5682,75.4444,0.120881,0.190759,188.1938,354.79,1,1,4967.71,nan
closed_eye_0185.jpg_face_1,cerrado,B5,115.3764,0.027319,4.5548,16.6155,100.0,5.9204,CRITICA,6.737,0.148767,26.1961,85.5989,0.054829,0.184739,100.6984,576.2253,1,1,2144.542,nan
closed_eye_0189.jpg_face_1,cerrado,B5,141.9917,0.1466,4.4721,16.6366,100.0,5.3492,CRITICA,4.9544,0.137663,26.1686,88.2834,0.205894,nan,40.4463,nan,1,1,2783.964,nan
closed_eye_0191.jpg_face_1,cerrado,B5,126.7679,0.094616,4.4954,15.9191,100.0,3.7653,CRITICA,6.8381,0.19036,26.6188,87.4423,0.21042,nan,122.394,nan,1,1,608.347,nan
closed_eye_0192.jpg_face_1,cerrado,B5,93.2502,0.061993,4.5649,17.1047,100.0,4.7231,CRITICA,9.398,0.333371,25.8205,81.6572,0.132675,0.178283,114.0158,187.5843,1,1,651.593,nan
closed_eye_0195.jpg_face_1,cerrado,B5,101.2213,0.071417,4.4245,15.4663,100.0,4.0462,CRITICA,9.1643,0.253331,27.0756,84.7203,0.086233,nan,20.7461,nan,1,1,1569.12,nan
closed_eye_0209.jpg_face_1,cerrado,B5,187.6045,0.068434,4.5001,16.8114,100.0,4.5841,CRITICA,2.9842,0.128697,26.0062,91.0389,0.088486,nan,29.3015,nan,1,1,835.213,nan
closed_eye_0212.jpg_face_1,cerrado,B5,155.0625,0.02427,4.2594,17.3681,100.0,4.7201,CRITICA,4.6437,0.145801,25.668,88.7993,0.098382,nan,305.3597,nan,1,1,1870.557,nan
closed_eye_0228.jpg_face_2,cerrado,B5,140.9694,0.05744,4.3818,17.4181,100.0,4.7206,CRITICA,5.4528,0.110188,25.496,87.644,0.159253,0.207139,177.249,260.615,1,1,2753.304,nan
closed_eye_0238.jpg_face_2,cerrado,B5,123.6293,0.057296,4.4794,15.4822,100.0,3.6186,CRITICA,7.1183,0.173245,26.9673,87.4769,0.14248,nan,148.6742,nan,1,1,1917.913,nan
closed_eye_0241.jpg_face_1,cerrado,B5,128.7318,0.078336,4.5607,13.7733,100.0,2.7066,CRITICA,6.668,0.145282,28.35,89.3008,nan,nan,nan,nan,1,0,1988.862,nan
closed_eye_0243.jpg_face_1,cerrado,B5,126.6932,0.087037,4.3383,15.6795,100.0,3.7723,CRITICA,6.5959,0.139035,26.8603,87.6241,0.16386,nan,88.2653,nan,1,1,2820.874,nan
closed_eye_0243.jpg_face_2,cerrado,B5,128.6769,0.065808,4.3892,15.7918,100.0,3.8326,CRITICA,6.5951,0.141223,26.7506,87.7276,0.178409,nan,171.1046,nan,1,1,3661.662,nan
closed_eye_0248.jpg_face_1,cerrado,B5,117.0341,0.088974,4.4266,18.2522,100.0,7.6885,CRITICA,6.4286,0.315783,24.8339,84.4044,0.167012,0.194348,87.7074,118.4309,1,1,679.995,nan
closed_eye_0249.JPG_face_1,cerrado,B5,129.7765,0.081528,4.522,21.9547,100.0,4.8158,CRITICA,6.2305,0.126627,23.1368,83.0827,0.188606,nan,131.3396,nan,1,1,4807.693,nan
closed_eye_0251.jpg_face_1,cerrado,B5,132.4035,0.114122,4.4007,17.0404,100.0,4.4573,CRITICA,6.2582,0.150728,25.8702,87.13,0.095108,0.1586,16.6611,38.9739,1,1,1263.264,nan
closed_eye_0260.jpg_face_1,cerrado,B5,204.5392,0.037491,4.401,16.2961,100.0,4.2017,CRITICA,2.4187,0.086421,26.2555,92.0328,0.137278,nan,266.1618,nan,1,1,1744.896,nan
closed_eye_0261.jpg_face_1,cerrado,B5,170.5944,0.037971,4.4316,16.0576,100.0,4.3323,CRITICA,4.1659,0.097498,26.4365,90.5873,0.077865,0.209702,105.0629,452.266,1,1,1528.585,nan
closed_eye_0271.jpg_face_1,cerrado,B5,201.4902,0.046168,4.3802,15.5897,100.0,3.2062,CRITICA,2.5749,0.134559,26.908,92.2628,0.140441,nan,204.1936,nan,1,1,754.888,nan
closed_eye_0272.jpg_face_1,cerrado,B5,196.8279,0.068621,4.3827,14.88,100.0,3.5756,CRITICA,2.7989,0.139187,27.3434,92.4401,nan,nan,nan,nan,1,0,449.337,nan
closed_eye_0282.jpg_face_1,cerrado,B5,170.0237,0.098176,4.3395,16.4335,100.0,4.598,CRITICA,3.8315,0.160075,26.1514,90.3346,0.131466,nan,33.9078,nan,1,1,640.164,nan
closed_eye_0288.jpg_face_1,cerrado,B5,157.2491,0.025711,4.4028,16.8256,100.0,5.5137,CRITICA,4.1895,0.190889,25.8856,89.3001,0.045217,nan,75.8622,nan,1,1,660.633,nan
closed_eye_0296.jpg_face_3,cerrado,B5,154.2362,0.06445,4.319,16.8667,100.0,3.8701,CRITICA,4.7522,0.087973,25.8873,89.0644,0.189731,nan,194.3852,nan,1,1,4710.316,nan
closed_eye_0312.jpg_face_2,cerrado,B5,136.6702,0.057643,4.3748,18.6611,100.0,6.2454,CRITICA,5.7693,0.212363,24.6845,86.3459,0.084155,0.167254,45.993,190.1526,1,1,792.833,nan
closed_eye_0334.BMP_face_1,cerrado,B5,143.2184,0.080599,4.4568,16.9584,100.0,7.0809,CRITICA,4.4037,0.198717,25.7087,88.159,0.109697,0.205163,36.1025,154.549,1,1,828.706,nan
closed_eye_0335.jpg_face_1,cerrado,B5,166.9147,0.137731,4.3451,19.568,100.0,5.5444,CRITICA,3.8785,0.077076,24.1751,88.2766,0.236303,nan,71.569,nan,1,1,3104.626,nan
closed_eye_0341.jpg_face_2,cerrado,B5,123.898,0.108515,4.3864,23.253,100.0,4.3699,CRITICA,6.595,0.119969,22.4879,81.2321,0.211986,nan,95.3521,nan,1,1,5564.83,nan
closed_eye_0342.jpg_face_2,cerrado,B5,144.0439,0.047956,4.2458,15.3016,100.0,4.2031,CRITICA,5.4068,0.11314,27.0765,89.3772,nan,nan,nan,nan,1,0,2038.736,nan
closed_eye_0344.jpg_face_2,cerrado,B5,81.6926,0.08469,4.4132,15.0127,100.0,4.6527,CRITICA,10.7988,0.265739,27.3646,81.6229,0.179609,0.197776,112.0771,133.5293,1,1,2787.068,nan
closed_eye_0346.jpg_face_1,cerrado,B5,157.8397,0.087208,4.4886,14.4012,100.0,3.46,CRITICA,4.711,0.089612,27.9183,90.8761,0.173979,nan,99.4995,nan,1,1,4299.226,nan
closed_eye_0353.jpg_face_1,cerrado,B5,104.2997,0.052032,4.5061,16.3097,100.0,6.1374,CRITICA,8.0543,0.177316,26.3144,84.3626,0.07363,0.181974,41.51,249.7342,1,1,1994.018,nan
closed_eye_0360.jpg_face_1,cerrado,B5,80.6434,0.088965,4.413,17.2507,100.0,5.8121,CRITICA,10.5005,0.382858,25.562,78.6087,0.128764,nan,44.7349,nan,1,1,924.984,nan
closed_eye_0361.jpg_face_3,cerrado,B5,145.2973,0.051823,4.5246,15.816,100.0,3.9019,CRITICA,5.1642,0.178056,26.7422,89.1147,0.181926,nan,251.0527,nan,1,1,1427.959,nan
closed_eye_0365.jpg_face_2,cerrado,B5,93.1172,0.067712,4.4768,18.8938,100.0,7.4539,CRITICA,8.6998,0.30001,24.5318,79.7097,0.111349,0.198596,64.446,193.296,1,1,985.125,nan
closed_eye_0372.jpg_face_5,cerrado,B5,129.3001,0.024208,4.3234,17.0747,100.0,5.8664,CRITICA,5.9152,0.262745,25.7101,86.7945,0.093656,nan,286.8847,nan,1,1,205.702,nan
closed_eye_0382.jpg_face_1,cerrado,B5,126.7899,0.035068,4.5696,16.9515,100.0,5.3689,CRITICA,6.0989,0.213333,25.9696,86.6303,0.074988,0.168931,113.835,381.7206,1,1,835.841,nan
closed_eye_0386.jpg_face_1,cerrado,B5,117.0555,0.173106,4.5106,17.6674,100.0,7.6587,CRITICA,5.9443,0.188698,25.2084,84.9068,nan,nan,nan,nan,1,0,955.84,nan
closed_eye_0402.jpg_face_1,cerrado,B5,149.4001,0.058494,4.6368,16.1681,100.0,3.5851,CRITICA,5.1017,0.083334,26.4212,89.178,0.20895,nan,257.2181,nan,1,1,5411.256,nan
closed_eye_0406.jpg_face_1,cerrado,B5,145.7813,0.05546,4.3856,18.5013,100.0,5.0431,CRITICA,5.4181,0.118125,24.819,87.3089,nan,nan,nan,nan,1,0,3226.847,nan
closed_eye_0411.jpg_face_1,cerrado,B5,163.701,0.039924,4.3679,16.0433,100.0,3.9281,CRITICA,4.134,0.128163,26.4657,90.1996,0.180303,nan,351.6111,nan,1,1,621.813,nan
closed_eye_0421.jpg_face_1,cerrado,B5,161.4677,0.105119,4.6425,16.9299,100.0,4.8096,CRITICA,4.0336,0.163979,26.0066,89.515,0.125733,nan,19.6107,nan,1,1,863.632,nan
closed_eye_0423.jpg_face_1,cerrado,B5,173.5427,0.029733,4.442,16.5926,100.0,3.6579,CRITICA,3.9826,0.157088,26.1788,90.4389,0.109709,nan,268.9841,nan,1,1,566.508,nan
closed_eye_0424.jpg_face_1,cerrado,B5,120.7839,0.054862,4.3,18.458,100.0,5.7563,CRITICA,6.8531,0.215946,24.8647,84.7181,nan,nan,nan,nan,1,0,807.168,nan
closed_eye_0427.jpg_face_1,cerrado,B5,140.063,0.024017,4.3664,17.0369,100.0,4.9915,CRITICA,5.3489,0.202142,25.703,87.8362,0.10846,nan,351.5999,nan,1,1,762.021,nan
closed_eye_0441.jpg_face_1,cerrado,B5,138.4336,0.038961,4.2732,17.3316,100.0,5.0747,CRITICA,5.6876,0.132234,25.6173,87.4802,0.085177,nan,118.6208,nan,1,1,2147.305,nan
closed_eye_0460.jpg_face_1,cerrado,B5,105.4238,0.197631,4.4916,17.8827,100.0,7.7275,CRITICA,7.5184,0.257705,25.0776,83.0373,0.233401,0.208749,18.0996,5.6259,1,1,896.861,nan
closed_eye_0464.jpg_face_1,cerrado,B5,59.5533,0.151623,4.488,17.1493,100.0,11.2909,CRITICA,11.3005,0.491789,25.1688,71.2034,0.191546,0.223414,26.3299,47.3482,1,1,750.638,nan
closed_eye_0466.jpg_face_1,cerrado,B5,169.8196,0.022594,4.5435,16.5914,100.0,4.0538,CRITICA,4.0044,0.136916,26.2811,90.23,0.072869,nan,222.5097,nan,1,1,1477.105,nan
closed_eye_0476.jpg_face_1,cerrado,B5,187.8479,0.08296,4.4508,17.1597,100.0,4.9214,CRITICA,2.9337,0.124851,25.6766,90.8651,0.147123,nan,77.3425,nan,1,1,501.983,nan
closed_eye_0481.jpg_face_1,cerrado,B5,162.9311,0.093866,4.447,19.0933,100.0,5.3361,CRITICA,4.789,0.169346,24.5452,88.2814,0.170244,0.199483,81.369,112.5187,1,1,490.725,nan
closed_eye_0486.jpg_face_2,cerrado,B5,162.7457,0.085675,4.4738,15.8789,100.0,3.6806,CRITICA,4.6342,0.14453,26.6471,90.2431,0.129324,nan,50.9471,nan,1,1,774.533,nan
closed_eye_0492.jpg_face_1,cerrado,B5,67.8778,0.095285,4.6138,17.9952,100.0,11.4761,CRITICA,10.1709,0.338089,24.7373,73.4888,0.12265,0.188987,28.7195,98.3389,1,1,1821.825,nan
closed_eye_0493.jpg_face_1,cerrado,B5,190.8912,0.067975,4.3893,16.0978,100.0,3.9728,CRITICA,2.9804,0.145718,26.4577,91.567,0.159603,nan,134.7962,nan,1,1,650.407,nan
closed_eye_0501.jpg_face_2,cerrado,B5,161.776,0.041603,4.3081,15.3345,100.0,3.6952,CRITICA,4.6238,0.153614,26.9948,90.5211,0.152709,nan,267.0615,nan,1,1,467.115,nan
closed_eye_0503.jpg_face_1,cerrado,B5,162.7098,0.063022,4.4256,15.0173,100.0,3.6712,CRITICA,4.4284,0.112988,27.2759,90.7705,0.154176,nan,144.638,nan,1,1,1408.649,nan
closed_eye_0505.jpg_face_1,cerrado,B5,56.4032,0.09708,4.5057,17.2413,100.0,6.3263,CRITICA,14.1491,0.501099,25.6408,69.4321,0.097131,nan,0.0525,nan,1,1,749.85,nan
closed_eye_0523.jpg_face_2,cerrado,B5,137.9996,0.056262,4.5138,17.9658,100.0,5.56,CRITICA,5.5215,0.180764,25.2444,86.9812,0.080966,0.200189,43.9082,255.8156,1,1,1038.637,nan
closed_eye_0539.jpg_face_1,cerrado,B5,67.6832,0.062235,4.4495,16.1983,100.0,5.1901,CRITICA,12.0645,0.534178,26.4072,76.0675,0.124209,0.205362,99.5804,229.9768,1,1,907.359,nan
closed_eye_0544.jpg_face_1,cerrado,B5,162.8625,0.101855,4.4602,15.701,100.0,4.1346,CRITICA,4.5167,0.132392,26.7648,90.3594,0.152314,nan,49.5404,nan,1,1,802.826,nan
closed_eye_0548.jpg_face_1,cerrado,B5,102.3339,0.100794,4.5477,18.016,100.0,9.72,CRITICA,6.7344,0.36919,24.8042,82.3949,0.057951,nan,42.5062,nan,1,1,543.537,nan
closed_eye_0557.jpg_face_1,cerrado,B5,113.8603,0.056271,4.3791,16.6681,100.0,4.4678,CRITICA,7.4992,0.193638,26.1791,85.3609,0.163418,nan,190.4123,nan,1,1,1794.044,nan
closed_eye_0559.jpg_face_1,cerrado,B5,83.4456,0.072296,4.5054,18.9735,100.0,6.6962,CRITICA,10.374,0.321392,24.5809,77.2624,0.076199,0.185241,5.3982,156.2244,1,1,859.402,nan
closed_eye_0565.jpg_face_1,cerrado,B5,113.6516,0.073688,4.5903,13.8717,100.0,4.2594,CRITICA,6.9933,0.20698,28.1276,87.7945,0.17528,nan,137.8656,nan,1,1,2086.376,nan
closed_eye_0566.jpg_face_1,cerrado,B5,90.5657,0.10032,4.5302,17.5462,100.0,7.4077,CRITICA,9.0466,0.39078,25.2347,80.626,0.139668,0.207448,39.2221,106.7851,1,1,970.12,nan
closed_eye_0578.jpg_face_1,cerrado,B5,138.0701,0.117313,4.4486,16.7581,100.0,5.7386,CRITICA,5.479,0.200595,25.9573,87.8626,0.19733,0.225705,68.2075,92.3952,1,1,1081.783,nan
closed_eye_0593.jpg_face_1,cerrado,B5,180.8049,0.208663,4.4529,16.3199,100.0,4.291,CRITICA,3.3957,0.123177,26.3011,90.9737,0.263992,nan,26.5165,nan,1,1,437.484,nan
closed_eye_0597.jpg_face_2,cerrado,B5,73.5876,0.053396,4.4485,16.9637,100.0,5.5361,CRITICA,11.2915,0.3811,25.842,76.9476,0.0765,0.156054,43.2691,192.2588,1,1,518.081,nan
closed_eye_0602.jpg_face_1,cerrado,B5,92.8185,0.107936,4.6508,18.0029,100.0,9.0855,CRITICA,8.1194,0.228526,24.9288,80.6042,0.124841,nan,15.6623,nan,1,1,535.906,nan
closed_eye_0603.jpg_face_1,cerrado,B5,95.3061,0.054804,4.2897,17.3032,100.0,6.3818,CRITICA,9.0782,0.27981,25.4248,81.8446,0.117516,0.164125,114.4313,199.4776,1,1,495.688,nan
closed_eye_0607.jpg_face_1,cerrado,B5,109.1589,0.047953,4.4375,13.6429,100.0,4.7315,CRITICA,7.6973,0.131095,28.5391,87.5018,0.106589,nan,122.2787,nan,1,1,3652.301,nan
closed_eye_0619.jpg_face_1,cerrado,B5,77.5804,0.10316,4.4171,15.6757,100.0,5.8137,CRITICA,10.2824,0.234997,26.7515,79.7943,0.178764,0.190255,73.288,84.4273,1,1,4000.0,nan
closed_eye_0622.jpg_face_1,cerrado,B5,115.9572,0.111137,4.5518,18.0859,100.0,5.0757,CRITICA,7.1276,0.141707,25.1774,84.4029,0.161577,nan,45.386,nan,1,1,4889.975,nan
closed_eye_0625.jpg_face_2,cerrado,B5,149.5639,0.049821,4.3873,24.3351,100.0,4.3906,CRITICA,5.4026,0.090657,22.0058,83.7293,0.176501,nan,254.268,nan,1,1,6123.699,nan
closed_eye_0627.jpg_face_1,cerrado,B5,128.3333,0.058276,4.4893,11.9613,100.0,3.1802,CRITICA,6.136,0.105045,30.0829,90.6795,0.183919,nan,215.5986,nan,1,1,3410.641,nan
closed_eye_0639.jpg_face_2,cerrado,B5,209.4695,0.043456,4.3871,14.9659,100.0,2.9611,CRITICA,2.213,0.097949,27.3777,92.8553,0.150012,nan,245.2087,nan,1,1,871.08,nan
closed_eye_0641.jpg_face_1,cerrado,B5,209.7663,0.021436,4.2875,13.1773,100.0,2.5196,CRITICA,2.2309,0.087319,28.8507,93.7181,0.187925,nan,776.666,nan,1,1,1479.29,nan
closed_eye_0653.jpg_face_2,cerrado,B5,185.9241,0.079739,4.4728,14.8624,100.0,3.5361,CRITICA,3.4558,0.127339,27.4915,92.0062,0.180031,nan,125.7761,nan,1,1,955.932,nan
closed_eye_0657.jpg_face_1,cerrado,B5,165.9157,0.032275,4.3923,17.3394,100.0,5.3678,CRITICA,3.6798,0.11548,25.5681,89.5493,0.153033,nan,374.1515,nan,1,1,2240.143,nan
closed_eye_0658.jpg_face_2,cerrado,B5,144.1252,0.072656,4.3946,16.4113,100.0,4.4112,CRITICA,5.4792,0.122382,26.2528,88.6132,0.129122,nan,77.7172,nan,1,1,1735.509,nan
closed_eye_0665.jpg_face_1,cerrado,B5,165.9209,0.077106,4.3913,20.3272,100.0,5.4459,CRITICA,4.593,0.077868,23.7112,87.7489,0.227872,nan,195.531,nan,1,1,5213.764,nan
closed_eye_0668.jpg_face_1,cerrado,B5,124.8896,0.049592,4.4496,16.2432,100.0,4.5077,CRITICA,6.4296,0.199197,26.5871,86.994,0.10069,0.210086,103.0366,323.6284,1,1,1339.585,nan
closed_eye_0670.jpg_face_1,cerrado,B5,93.8061,0.077601,4.4843,17.9885,100.0,10.6607,CRITICA,7.4423,0.368441,24.6,80.8237,0.160193,0.1896,106.4317,144.3272,1,1,908.265,nan
closed_eye_0675.jpg_face_1,cerrado,B5,111.8943,0.148832,4.6309,17.6281,100.0,8.612,CRITICA,6.237,0.209746,25.1922,84.2458,0.153492,0.190238,3.1308,27.8206,1,1,790.889,nan
closed_eye_0682.jpg_face_3,cerrado,B5,175.014,0.04641,4.4467,15.9802,100.0,4.5267,CRITICA,3.4684,0.124741,26.6057,90.8692,0.125934,nan,171.3476,nan,1,1,1779.676,nan
closed_eye_0685.jpg_face_2,cerrado,B5,120.9633,0.152504,4.5237,16.2093,100.0,6.1123,CRITICA,6.4048,0.230109,26.4111,86.5999,nan,nan,nan,nan,1,0,980.969,nan
closed_eye_0686.jpg_face_1,cerrado,B5,174.164,0.073765,4.3821,16.099,100.0,3.9732,CRITICA,3.8539,0.10693,26.4407,90.7564,0.123924,nan,67.9989,nan,1,1,1304.802,nan
closed_eye_0690.jpg_face_1,cerrado,B5,142.17,0.150732,4.5437,14.9754,100.0,3.7248,CRITICA,5.3065,0.174384,27.3774,89.4666,nan,nan,nan,nan,1,0,712.555,nan
closed_eye_0695.jpg_face_2,cerrado,B5,83.6808,0.103247,4.5575,16.8548,100.0,7.8616,CRITICA,8.855,0.460184,25.6842,79.8582,0.109876,0.192292,6.4202,86.2451,1,1,1416.029,nan
closed_eye_0698.jpg_face_1,cerrado,B5,127.8524,0.097811,4.3501,15.2079,100.0,4.6026,CRITICA,6.4923,0.089879,26.9812,88.1051,0.187473,nan,91.6682,nan,1,1,4764.173,nan
closed_eye_0713.jpg_face_1,cerrado,B5,169.6823,0.051631,4.3686,15.8615,100.0,3.6375,CRITICA,3.8801,0.096675,26.68,90.6522,0.163749,nan,217.1547,nan,1,1,2905.288,nan
closed_eye_0717.jpg_face_4,cerrado,B5,116.3901,0.091851,4.4727,15.4318,100.0,4.3257,CRITICA,7.3516,0.181434,27.0401,86.7413,0.127712,nan,39.0434,nan,1,1,2512.563,nan
closed_eye_0721.jpg_face_4,cerrado,B5,166.9159,0.068403,4.3645,17.207,100.0,3.9331,CRITICA,4.2862,0.11577,25.7947,89.6912,0.193003,0.223137,182.1559,226.2095,1,1,1281.066,nan
closed_eye_0727.jpg_face_1,cerrado,B5,134.5152,0.074029,4.3487,17.159,100.0,4.866,CRITICA,6.1159,0.120432,25.694,87.2438,0.193195,0.20592,160.9716,178.1609,1,1,1773.679,nan
closed_eye_0735.jpg_face_4,cerrado,B5,101.8221,0.092897,4.6494,16.4226,100.0,3.8953,CRITICA,8.615,0.266172,26.3306,83.8712,0.154086,nan,65.8684,nan,1,1,835.282,nan
closed_eye_0745.jpg_face_2,cerrado,B5,138.3415,0.063277,4.3205,16.6696,100.0,4.2961,CRITICA,5.9066,0.13683,26.087,87.9504,0.123088,nan,94.5218,nan,1,1,2383.79,nan
closed_eye_0754.jpg_face_1,cerrado,B5,153.0647,0.024022,4.3077,21.2959,100.0,4.847,CRITICA,5.2695,0.097036,23.3288,86.087,0.162488,nan,576.4165,nan,1,1,4940.711,nan
closed_eye_0767.jpg_face_2,cerrado,B5,137.3077,0.075354,4.2917,24.2695,100.0,4.1486,CRITICA,6.2576,0.10153,21.9842,82.3247,0.147159,nan,95.2887,nan,1,1,6020.47,nan
closed_eye_0770.jpg_face_1,cerrado,B5,142.9968,0.042949,4.5598,16.4868,100.0,4.027,CRITICA,5.3483,0.179802,26.2935,88.4705,0.11828,nan,175.3951,nan,1,1,718.959,nan
closed_eye_0773.jpg_face_2,cerrado,B5,151.389,0.037229,4.2366,15.089,100.0,3.8088,CRITICA,5.1468,0.138717,27.0485,90.0329,nan,nan,nan,nan,1,0,1151.41,nan
closed_eye_0778.jpg_face_1,cerrado,B5,142.004,0.032034,4.3031,22.477,100.0,5.127,CRITICA,5.9934,0.097031,22.7596,84.1716,0.08437,nan,163.3746,nan,1,1,5216.484,nan
closed_eye_0804.jpg_face_1,cerrado,B5,179.3319,0.064031,4.4521,15.8893,100.0,3.8434,CRITICA,3.5241,0.106108,26.5954,91.1397,0.199173,nan,211.0568,nan,1,1,1780.627,nan
closed_eye_0811.jpg_face_2,cerrado,B5,153.359,0.05285,4.3685,16.0514,100.0,3.9934,CRITICA,5.1446,0.125707,26.47,89.5335,0.168385,nan,218.611,nan,1,1,1292.491,nan
closed_eye_0820.BMP_face_1,cerrado,B5,123.0721,0.092876,4.4684,16.0157,100.0,3.6844,CRITICA,6.9946,0.204774,26.5723,86.9867,0.130308,nan,40.3039,nan,1,1,992.359,nan
closed_eye_0825.jpg_face_1,cerrado,B5,104.3867,0.087334,4.2652,15.372,100.0,3.8975,CRITICA,8.8842,0.25453,27.0165,85.274,0.192156,nan,120.0248,nan,1,1,770.535,nan
closed_eye_0827.jpg_face_1,cerrado,B5,115.2769,0.04965,4.4264,15.4527,100.0,4.3903,CRITICA,7.5791,0.178136,26.9132,86.5952,0.106193,nan,113.8819,nan,1,1,2788.622,nan
closed_eye_0836.jpg_face_1,cerrado,B5,158.0414,0.030709,4.3854,20.257,100.0,4.4132,CRITICA,4.8806,0.078995,23.8468,87.1825,0.244368,nan,695.7623,nan,1,1,5945.303,nan
closed_eye_0843.jpg_face_1,cerrado,B5,90.0246,0.055886,4.4589,16.3806,100.0,6.4153,CRITICA,10.0898,0.195261,26.1325,81.8043,0.138942,0.179664,148.6183,221.4856,1,1,4599.816,nan
closed_eye_0851.jpg_face_2,cerrado,B5,109.0344,0.055124,4.3283,17.4558,100.0,5.2528,CRITICA,7.8787,0.21244,25.5794,83.9905,0.109293,nan,98.2671,nan,1,1,3269.042,nan
closed_eye_0855.jpg_face_1,cerrado,B5,120.95,0.055206,4.3921,17.5049,100.0,6.7311,CRITICA,5.8547,0.232601,25.5177,85.5272,0.076054,0.195787,37.7641,254.6482,1,1,2058.037,nan
closed_eye_0860.jpg_face_1,cerrado,B5,127.8948,0.06724,4.2425,13.9978,100.0,3.9582,CRITICA,6.6036,0.103138,28.0666,89.0552,0.109165,nan,62.3517,nan,1,1,4957.858,nan
closed_eye_0862.jpg_face_1,cerrado,B5,138.7966,0.068396,4.5165,15.8115,100.0,4.1415,CRITICA,5.8147,0.13783,26.7915,88.6082,0.123501,nan,80.5668,nan,1,1,1408.252,nan
closed_eye_0865.jpg_face_1,cerrado,B5,138.9431,0.051582,4.4288,23.3351,100.0,5.2882,CRITICA,5.9686,0.140017,22.3163,83.2053,0.156169,nan,202.7588,nan,1,1,5094.244,nan
closed_eye_0870.jpg_face_1,cerrado,B5,164.4725,0.076239,4.3799,17.3507,100.0,4.7629,CRITICA,4.0783,0.171632,25.5893,89.4507,0.131156,0.202032,72.0331,164.9995,1,1,845.023,nan
closed_eye_0873.jpg_face_1,cerrado,B5,157.3608,0.02819,4.2797,15.1122,100.0,3.5401,CRITICA,4.7411,0.136624,27.278,90.3965,nan,nan,nan,nan,1,0,1080.03,nan
closed_eye_0882.jpg_face_1,cerrado,B5,135.0537,0.017135,4.3622,15.9373,100.0,4.3365,CRITICA,5.8926,0.154137,26.668,88.1993,0.079954,nan,366.6025,nan,1,1,1682.652,nan
closed_eye_0886.jpg_face_1,cerrado,B5,115.9603,0.044637,4.3699,16.6387,100.0,4.6653,CRITICA,7.3098,0.233459,26.1233,85.6514,0.157172,0.177067,252.1141,296.6854,1,1,1224.44,nan
closed_eye_0887.jpg_face_1,cerrado,B5,170.795,0.075546,4.4319,16.731,100.0,4.2212,CRITICA,3.9684,0.093234,26.0399,90.204,0.096531,nan,27.778,nan,1,1,2915.452,nan
closed_eye_0888.BMP_face_1,cerrado,B5,108.4231,0.053805,4.5241,15.1743,100.0,4.3188,CRITICA,7.9251,0.123094,27.1614,86.0046,0.268314,nan,398.6815,nan,1,1,2699.055,nan
closed_eye_0890.jpg_face_1,cerrado,B5,151.4908,0.055394,4.3662,17.8301,100.0,5.1023,CRITICA,4.7824,0.160808,25.2822,88.2302,0.154463,nan,178.8427,nan,1,1,1196.745,nan
closed_eye_0899.jpg_face_1,cerrado,B5,101.303,0.103857,4.4844,16.7642,100.0,6.1445,CRITICA,8.3939,0.190343,25.9806,83.4514,0.119351,0.186474,14.9186,79.5492,1,1,964.599,nan
closed_eye_0902.jpg_face_1,cerrado,B5,130.6937,0.095417,4.3403,16.5955,100.0,4.2015,CRITICA,6.4651,0.172582,26.0021,87.302,nan,nan,nan,nan,1,0,1268.874,nan
closed_eye_0903.jpg_face_1,cerrado,B5,118.3219,0.065012,4.3568,15.0357,100.0,4.8969,CRITICA,7.4191,0.225607,27.1215,87.2925,nan,nan,nan,nan,1,0,846.955,nan
closed_eye_0912.jpg_face_1,cerrado,B5,96.374,0.058151,4.4936,15.8357,100.0,3.8364,CRITICA,9.2891,0.243023,26.7612,83.5685,0.176129,0.226294,202.8838,289.1528,1,1,1761.804,nan
closed_eye_0918.jpg_face_4,cerrado,B5,97.9489,0.147616,4.506,17.1037,100.0,4.2297,CRITICA,9.0759,0.151862,25.8198,82.5381,0.255419,nan,73.0292,nan,1,1,5458.515,nan
closed_eye_0919.jpg_face_2,cerrado,B5,168.187,0.066996,4.5796,13.8956,100.0,3.5508,CRITICA,4.0145,0.136526,28.352,91.738,0.179062,nan,167.2717,nan,1,1,1373.815,nan
closed_eye_0919.jpg_face_3,cerrado,B5,166.0357,0.170347,4.3849,12.8267,100.0,2.7804,CRITICA,4.0437,0.123537,29.2712,92.2748,nan,nan,nan,nan,1,0,1163.196,nan
closed_eye_0927.jpg_face_1,cerrado,B5,131.7272,0.084139,4.2593,17.1104,100.0,5.3181,CRITICA,6.1467,0.192296,25.6715,87.0107,0.130273,nan,54.83,nan,1,1,822.301,nan
closed_eye_0948.jpg_face_2,cerrado,B5,98.5756,0.046127,4.3939,17.9173,100.0,6.2276,CRITICA,8.9202,0.233808,25.0814,81.8238,0.094947,nan,105.8372,nan,1,1,2491.901,nan
closed_eye_0957.JPG_face_1,cerrado,B5,158.9926,0.042141,4.383,17.0318,100.0,5.0034,CRITICA,4.5203,0.194056,25.7394,89.2877,0.173663,nan,312.1009,nan,1,1,318.969,nan
closed_eye_0985.jpg_face_1,cerrado,B5,86.7947,0.052583,4.5484,18.8861,100.0,6.2732,CRITICA,10.1445,0.295576,24.6127,78.2405,0.070209,0.147509,33.5202,180.527,1,1,2925.688,nan
closed_eye_1008.jpeg_face_1,cerrado,B5,133.9743,0.042615,4.4428,17.3531,100.0,6.2791,CRITICA,5.5144,0.294812,25.5058,87.0475,0.043081,0.113809,1.0922,167.0615,1,1,499.775,nan
closed_eye_1056.jpg_face_1,cerrado,B5,118.0756,0.073647,4.4441,17.4253,100.0,5.1306,CRITICA,7.121,0.192774,25.4952,85.2422,0.116934,nan,58.7758,nan,1,1,2536.783,nan
closed_eye_1073.jpg_face_2,cerrado,B5,130.2073,0.064921,4.4971,15.4574,100.0,3.8099,CRITICA,5.9784,0.228463,27.1348,88.1286,0.123746,nan,90.6097,nan,1,1,1372.495,nan
closed_eye_1077.jpg_face_3,cerrado,B5,162.1144,0.058245,4.5155,14.9952,100.0,3.4441,CRITICA,4.4783,0.089865,27.2555,90.7502,0.198953,nan,241.5805,nan,1,1,1919.754,nan
closed_eye_1079.jpg_face_1,cerrado,B5,191.7689,0.065828,4.326,15.0813,100.0,3.5682,CRITICA,2.7116,0.106388,27.2418,92.1357,nan,nan,nan,nan,1,0,2349.624,nan
closed_eye_1101.jpg_face_2,cerrado,B5,147.5879,0.091769,4.3821,15.5918,100.0,5.2174,CRITICA,4.8299,0.12117,26.7922,89.4356,0.147444,0.181867,60.6677,98.1786,1,1,1804.728,nan
closed_eye_1113.jpg_face_3,cerrado,B5,87.9982,0.06354,4.4866,16.8396,100.0,5.9351,CRITICA,9.489,0.387368,26.0205,80.8638,0.071055,0.159896,11.826,151.6442,1,1,675.767,nan
closed_eye_1117.jpg_face_1,cerrado,B5,104.8559,0.052401,4.4123,22.1957,100.0,4.7065,CRITICA,9.601,0.221061,22.8516,78.8321,0.229452,nan,337.8744,nan,1,1,6246.095,nan
closed_eye_1118.jpg_face_1,cerrado,B5,120.1329,0.078878,4.5756,16.1542,100.0,6.0186,CRITICA,6.2617,0.307386,26.4464,86.553,0.191616,nan,142.9278,nan,1,1,547.315,nan
closed_eye_1119.jpg_face_1,cerrado,B5,158.9357,0.063286,4.3681,17.2659,100.0,5.0278,CRITICA,4.2512,0.160592,25.6603,89.1365,0.118544,nan,87.3164,nan,1,1,1060.445,nan
closed_eye_1120.jpg_face_1,cerrado,B5,121.486,0.035495,4.3512,15.0382,100.0,4.4334,CRITICA,7.194,0.228797,27.3344,87.6214,0.21751,nan,512.7956,nan,1,1,915.919,nan
closed_eye_1126.jpg_face_1,cerrado,B5,107.8697,0.065477,4.516,22.0927,100.0,5.0947,CRITICA,7.9633,0.149558,23.0135,79.5191,0.12042,nan,83.9112,nan,1,1,5467.469,nan
closed_eye_1127.jpg_face_1,cerrado,B5,143.5473,0.030132,4.4332,23.9019,100.0,5.4663,CRITICA,5.9455,0.12922,22.0956,83.3491,0.215722,nan,615.9289,nan,1,1,5396.655,nan
closed_eye_1139.BMP_face_1,cerrado,B5,191.8365,0.087193,4.3747,14.6118,100.0,2.8752,CRITICA,2.7855,0.113833,27.5877,92.3832,nan,nan,nan,nan,1,0,1050.972,nan
closed_eye_1152.jpg_face_1,cerrado,B5,193.0995,0.073798,4.3648,15.5484,100.0,3.3335,CRITICA,2.8695,0.104345,26.8748,91.948,0.15253,nan,106.6854,nan,1,1,1056.301,nan
closed_eye_1153.jpg_face_1,cerrado,B5,227.012,0.030307,4.4925,14.5878,100.0,3.3555,CRITICA,1.4613,0.099859,27.6353,93.574,0.13905,nan,358.8,nan,1,1,819.605,nan
closed_eye_1181.jpg_face_1,cerrado,B5,138.8238,0.148451,4.4157,16.9229,100.0,5.9563,CRITICA,5.2901,0.130559,25.8119,87.8098,0.185112,0.222221,24.6957,49.6933,1,1,3014.772,nan
closed_eye_1193.jpg_face_1,cerrado,B5,176.1661,0.042686,4.4358,14.8814,100.0,2.8672,CRITICA,3.729,0.118983,27.4395,91.5526,nan,nan,nan,nan,1,0,877.039,nan
closed_eye_1194.jpg_face_3,cerrado,B5,191.0719,0.050284,4.4106,15.88,100.0,3.2217,CRITICA,3.0864,0.112465,26.6343,91.689,0.139938,nan,178.2954,nan,1,1,756.372,nan
closed_eye_1199.jpg_face_1,cerrado,B5,188.476,0.059254,4.3707,16.4011,100.0,3.8404,CRITICA,3.1941,0.09977,26.2169,91.2981,0.135614,nan,128.8682,nan,1,1,935.891,nan
closed_eye_1205.jpg_face_2,cerrado,B5,185.0702,0.026475,4.3118,17.691,100.0,4.2275,CRITICA,3.2762,0.12338,25.3422,90.4409,0.069466,nan,162.3886,nan,1,1,917.011,nan
closed_eye_1219.jpg_face_1,cerrado,B5,138.7718,0.097395,4.5393,16.5009,100.0,4.2933,CRITICA,5.6412,0.15527,26.3027,88.1093,0.182972,nan,87.867,nan,1,1,2737.476,nan
closed_eye_1220.jpg_face_1,cerrado,B5,156.7839,0.07684,4.5256,17.3178,100.0,6.2137,CRITICA,4.1805,0.222354,25.4377,88.9544,0.086388,0.193033,12.4256,151.214,1,1,820.143,nan
closed_eye_1228.jpg_face_2,cerrado,B5,159.8569,0.116543,4.5129,16.9275,100.0,4.484,CRITICA,4.3667,0.156562,26.0098,89.4109,0.166306,nan,42.6994,nan,1,1,1892.864,nan
closed_eye_1232.jpg_face_2,cerrado,B5,113.6298,0.088487,4.6373,16.742,100.0,5.2632,CRITICA,7.0187,0.331073,26.0932,85.2662,0.076559,nan,13.4795,nan,1,1,713.98,nan
closed_eye_1236.jpg_face_1,cerrado,B5,108.1607,0.06963,4.4645,16.4126,100.0,4.1424,CRITICA,8.4731,0.280799,26.2958,84.8257,0.197879,nan,184.1861,nan,1,1,959.601,nan
closed_eye_1237.jpg_face_1,cerrado,B5,163.3592,0.040925,4.4944,15.5157,100.0,3.362,CRITICA,4.4274,0.118758,26.9711,90.5021,0.154049,nan,276.4211,nan,1,1,1947.42,nan
closed_eye_1237.jpg_face_2,cerrado,B5,134.6662,0.082437,4.3521,15.3155,100.0,3.674,CRITICA,6.119,0.143618,27.1451,88.6271,0.194348,nan,135.7529,nan,1,1,1744.287,nan
closed_eye_1240.jpg_face_2,cerrado,B5,135.6346,0.055554,4.3973,16.432,100.0,4.7539,CRITICA,5.9628,0.195629,26.1665,87.8851,0.143217,nan,157.8004,nan,1,1,832.154,nan
closed_eye_1242.jpg_face_1,cerrado,B5,132.6519,0.074251,4.2649,16.0362,100.0,4.4597,CRITICA,6.2977,0.22677,26.4337,87.911,nan,nan,nan,nan,1,0,559.754,nan
closed_eye_1243.jpg_face_4,cerrado,B5,127.932,0.061135,4.3161,15.4747,100.0,4.6965,CRITICA,6.0235,0.201472,26.9907,87.9039,0.135291,nan,121.2972,nan,1,1,1775.568,nan
closed_eye_1249.jpg_face_1,cerrado,B5,139.4056,0.065092,4.2308,22.8511,100.0,3.4331,CRITICA,6.3928,0.120621,22.5932,83.6082,nan,nan,nan,nan,1,0,5353.319,nan
closed_eye_1253.jpg_face_1,cerrado,B5,124.4409,0.105741,4.3613,14.214,100.0,3.9887,CRITICA,6.9187,0.151104,27.9123,88.5777,0.183798,nan,73.8194,nan,1,1,1973.944,nan
closed_eye_1255.jpg_face_2,cerrado,B5,93.0388,0.072963,4.4872,14.2184,100.0,3.3902,CRITICA,9.6546,0.189204,27.9306,84.7177,nan,nan,nan,nan,1,0,4071.661,nan
closed_eye_1265.jpg_face_2,cerrado,B5,107.9289,0.018896,4.4301,15.7742,100.0,3.505,CRITICA,8.2719,0.227794,26.8789,85.3847,0.075347,nan,298.7384,nan,1,1,1334.757,nan
closed_eye_1266.jpg_face_1,cerrado,B5,131.1072,0.062737,4.366,15.8852,100.0,3.6442,CRITICA,6.8681,0.184527,26.6264,87.8838,0.135605,nan,116.1497,nan,1,1,698.08,nan
closed_eye_1269.jpg_face_1,cerrado,B5,179.8139,0.113236,4.4238,15.5292,100.0,3.445,CRITICA,3.536,0.111509,26.9432,91.3637,nan,nan,nan,nan,1,0,1696.641,nan
closed_eye_1270.jpg_face_1,cerrado,B5,90.5272,0.089427,4.5079,16.8569,100.0,6.4579,CRITICA,8.939,0.293435,25.8879,81.3792,0.129304,nan,44.5907,nan,1,1,2528.445,nan
closed_eye_1274.jpg_face_1,cerrado,B5,85.3267,0.129129,4.4224,20.5102,100.0,5.7003,CRITICA,10.7703,0.266684,23.7116,75.9627,nan,nan,nan,nan,1,0,5189.413,nan
closed_eye_1276.jpg_face_6,cerrado,B5,92.0804,0.088142,4.5115,17.3655,100.0,6.8974,CRITICA,8.8893,0.232192,25.6193,81.1409,0.140015,nan,58.8517,nan,1,1,2710.762,nan
closed_eye_1278.jpg_face_3,cerrado,B5,125.1862,0.106663,4.3597,15.9468,100.0,4.5689,CRITICA,6.7532,0.168874,26.5107,87.2615,0.214826,0.207,101.4056,94.0683,1,1,1508.296,nan
closed_eye_1281.jpg_face_1,cerrado,B5,89.3347,0.078774,4.4384,17.5675,100.0,4.5619,CRITICA,9.8589,0.196946,25.4055,80.3352,0.126955,nan,61.164,nan,1,1,5476.451,nan
closed_eye_1286.jpg_face_2,cerrado,B5,124.1956,0.065061,4.4412,12.1688,100.0,3.0328,CRITICA,6.8905,0.08972,29.9842,90.2019,0.167038,nan,156.7418,nan,1,1,4327.131,nan
closed_eye_1291.jpg_face_3,cerrado,B5,133.4583,0.086892,4.53,18.6113,100.0,5.3569,CRITICA,6.11,0.118324,24.7313,86.0546,0.191021,nan,119.8374,nan,1,1,3821.17,nan
closed_eye_1295.jpg_face_2,cerrado,B5,106.11,0.0784,4.5512,16.6488,100.0,4.23,CRITICA,8.3123,0.262048,26.1778,84.3098,0.115677,nan,47.5476,nan,1,1,664.717,nan
closed_eye_1297.jpg_face_2,cerrado,B5,101.8191,0.083769,4.421,15.8808,100.0,5.3206,CRITICA,7.8275,0.281984,26.6211,84.4029,0.16279,nan,94.3316,nan,1,1,1645.82,nan
closed_eye_1304.jpg_face_2,cerrado,B5,130.9919,0.057373,4.3591,14.9631,100.0,3.5344,CRITICA,6.459,0.145643,27.3471,88.5771,0.136321,nan,137.6023,nan,1,1,2233.14,nan
closed_eye_1305.jpg_face_1,cerrado,B5,165.7221,0.160787,4.4303,15.1607,100.0,3.3947,CRITICA,4.3993,0.146986,27.2399,90.8517,0.256487,nan,59.5197,nan,1,1,699.79,nan
closed_eye_1312.jpg_face_2,cerrado,B5,142.1116,0.057039,4.4629,14.5678,100.0,3.2291,CRITICA,5.4448,0.201753,27.828,89.7491,0.18215,nan,219.3408,nan,1,1,704.92,nan
closed_eye_1315.jpg_face_2,cerrado,B5,97.8597,0.049177,4.3423,16.6246,100.0,5.0877,CRITICA,8.8775,0.283873,26.0882,83.0118,0.092674,nan,88.4482,nan,1,1,1137.527,nan
closed_eye_1318.jpg_face_2,cerrado,B5,139.809,0.051229,4.5187,15.5015,100.0,3.7209,CRITICA,5.9258,0.161542,26.878,88.9124,0.177748,nan,246.9648,nan,1,1,1090.513,nan
closed_eye_1319.jpg_face_1,cerrado,B5,107.7161,0.084641,4.4383,16.8307,100.0,4.4412,CRITICA,7.8309,0.279118,26.1709,84.3749,0.164103,nan,93.882,nan,1,1,835.771,nan
closed_eye_1324.jpg_face_1,cerrado,B5,78.864,0.093391,4.461,15.869,100.0,4.2582,CRITICA,11.0766,0.319475,26.8306,79.878,0.116531,0.179439,24.7777,92.1371,1,1,2124.947,nan
closed_eye_1327.jpg_face_1,cerrado,B5,94.0171,0.057932,4.4786,15.7912,100.0,4.8505,CRITICA,9.1036,0.332696,26.8129,83.204,0.227161,nan,292.116,nan,1,1,1020.825,nan
closed_eye_1333.jpg_face_10,cerrado,B5,105.5831,0.047066,4.2977,18.5597,100.0,4.4669,CRITICA,8.7413,0.164426,24.8888,82.4217,0.135493,nan,187.8826,nan,1,1,4380.202,nan
closed_eye_1336.jpg_face_2,cerrado,B5,107.9543,0.06104,4.4346,17.307,100.0,5.1516,CRITICA,8.1024,0.280841,25.6218,83.9682,0.074078,nan,21.36,nan,1,1,524.301,nan
closed_eye_1338.jpg_face_1,cerrado,B5,122.0475,0.076069,4.5326,17.1185,100.0,4.4528,CRITICA,6.7574,0.197181,25.7788,85.9739,0.167463,nan,120.1458,nan,1,1,710.126,nan
closed_eye_1343.jpg_face_1,cerrado,B5,67.0575,0.062435,4.4113,16.2359,100.0,4.4673,CRITICA,12.6753,0.388494,26.4316,75.7881,0.156536,nan,150.718,nan,1,1,1423.488,nan
closed_eye_1344.jpg_face_1,cerrado,B5,77.0793,0.134669,4.4182,16.5347,100.0,5.3195,CRITICA,10.9492,0.21275,26.2255,78.5485,0.185602,nan,37.8206,nan,1,1,4752.852,nan
closed_eye_1346.jpg_face_3,cerrado,B5,145.9614,0.088475,4.4939,16.3363,100.0,4.6479,CRITICA,4.891,0.141601,26.391,88.8078,0.214462,nan,142.3974,nan,1,1,929.973,nan
closed_eye_1353.jpg_face_1,cerrado,B5,119.2564,0.062818,4.2872,17.2352,100.0,5.5976,CRITICA,6.859,0.244641,25.5645,85.5478,0.067178,nan,6.9405,nan,1,1,738.88,nan
closed_eye_1358.jpg_face_1,cerrado,B5,195.8891,0.033744,4.4217,16.5362,100.0,4.5291,CRITICA,2.7151,0.100069,26.1109,91.5584,0.115936,nan,243.5778,nan,1,1,1204.094,nan
closed_eye_1360.jpg_face_1,cerrado,B5,171.4585,0.057886,4.3611,17.4036,100.0,4.5308,CRITICA,3.8927,0.124632,25.5675,89.8497,0.136488,nan,135.7865,nan,1,1,1745.201,nan
closed_eye_1362.BMP_face_3,cerrado,B5,108.3897,0.058376,4.4578,12.6278,100.0,3.7929,CRITICA,7.5925,0.117151,29.7067,88.3497,0.087758,0.206536,50.3336,253.8049,1,1,3810.976,nan
closed_eye_1363.jpg_face_1,cerrado,B5,124.8388,0.056803,4.3217,17.5299,100.0,5.2215,CRITICA,6.7721,0.208677,25.4654,85.9579,0.128554,0.156543,126.315,175.5895,1,1,1154.335,nan
closed_eye_1365.jpg_face_1,cerrado,B5,144.6432,0.072276,4.4259,18.2257,100.0,6.2866,CRITICA,5.0077,0.175105,24.9387,87.3995,0.112907,0.224326,56.2176,210.376,1,1,748.727,nan
closed_eye_1368.jpg_face_1,cerrado,B5,151.4488,0.047923,4.4077,16.3262,100.0,4.0027,CRITICA,4.6519,0.112073,26.3125,89.22,0.130589,0.263386,172.4982,449.6045,1,1,2447.381,nan
closed_eye_1369.BMP_face_1,cerrado,B5,98.9544,0.041704,4.3416,17.5379,100.0,5.2388,CRITICA,8.8598,0.285685,25.5117,82.2767,0.079847,0.182336,91.462,337.2171,1,1,811.754,nan
closed_eye_1376.jpg_face_2,cerrado,B5,220.1253,0.054911,4.4879,12.9704,100.0,2.7444,CRITICA,2.0482,0.080215,29.065,94.1077,nan,nan,nan,nan,1,0,840.619,nan
closed_eye_1381.jpg_face_1,cerrado,B5,131.9357,0.026541,4.3972,17.7702,100.0,4.5074,CRITICA,6.2117,0.217496,25.3917,86.5312,0.064847,0.157641,144.3313,493.9616,1,1,369.563,nan
closed_eye_1386.jpg_face_2,cerrado,B5,125.0801,0.063998,4.3905,15.7508,100.0,3.9329,CRITICA,6.9022,0.229786,26.6861,87.4074,0.106127,nan,65.8297,nan,1,1,619.233,nan
closed_eye_1387.BMP_face_1,cerrado,B5,79.7067,0.119057,4.4183,17.1113,100.0,6.6062,CRITICA,10.1928,0.415059,25.6681,78.5322,0.191524,0.214665,60.8678,80.3043,1,1,728.81,nan
closed_eye_1388.jpg_face_2,cerrado,B5,118.1376,0.070058,4.3436,21.2278,100.0,5.1179,CRITICA,7.4268,0.14529,23.3836,82.0313,0.196593,nan,180.6136,nan,1,1,5434.782,nan
closed_eye_1393.jpg_face_1,cerrado,B5,141.66,0.087462,4.4058,17.2297,100.0,5.9324,CRITICA,4.9318,0.203527,25.602,87.8373,0.172873,nan,97.6557,nan,1,1,1037.775,nan
closed_eye_1394.jpg_face_1,cerrado,B5,148.5881,0.08042,4.4995,19.2312,100.0,5.2623,CRITICA,5.0549,0.08502,24.5037,87.0574,0.119781,nan,48.944,nan,1,1,5058.169,nan
closed_eye_1394.jpg_face_3,cerrado,B5,114.8489,0.03946,4.5264,16.2736,100.0,5.5056,CRITICA,6.4769,0.142499,26.4531,85.8304,0.09204,0.177151,133.2495,348.94,1,1,5094.243,nan
closed_eye_1395.BMP_face_1,cerrado,B5,156.7177,0.051027,4.5341,18.2568,100.0,6.2183,CRITICA,4.1275,0.126089,24.9908,88.3505,0.086484,0.196076,69.4867,284.2567,1,1,1226.542,nan
closed_eye_1396.jpg_face_1,cerrado,B5,77.8765,0.063954,4.4568,16.0319,100.0,4.9708,CRITICA,10.8224,0.26986,26.5868,79.4137,0.14758,0.17828,130.7617,178.7652,1,1,2681.684,nan
closed_eye_1426.jpg_face_1,cerrado,B5,132.6377,0.029558,4.52,15.9754,100.0,3.8854,CRITICA,6.3053,0.218974,26.6043,87.9556,0.171207,nan,479.2244,nan,1,1,663.967,nan
closed_eye_1427.jpg_face_2,cerrado,B5,75.7853,0.064703,4.5745,18.1424,100.0,11.616,CRITICA,8.7384,0.414445,24.4894,76.0608,0.100482,0.152359,55.2973,135.4741,1,1,930.06,nan
closed_eye_1431.jpg_face_2,cerrado,B5,153.1188,0.142153,4.4013,16.712,100.0,5.0279,CRITICA,4.4828,0.146229,25.954,89.0856,nan,nan,nan,nan,1,0,990.099,nan
closed_eye_1434.jpg_face_1,cerrado,B5,156.0084,0.034614,4.5045,15.8515,100.0,4.4223,CRITICA,4.5391,0.190987,26.6508,89.8393,0.147971,nan,327.4872,nan,1,1,895.576,nan
closed_eye_1435.png_face_1,cerrado,B5,82.48,0.031091,4.4418,18.4682,100.0,5.6642,CRITICA,11.2082,0.274114,24.8739,77.6089,0.109145,0.177868,251.0528,472.0919,1,1,3136.763,nan
closed_eye_1445.jpg_face_1,cerrado,B5,64.304,0.124929,4.4788,21.0716,100.0,5.1671,CRITICA,13.8379,0.395738,23.4423,67.2313,0.222155,nan,77.8248,nan,1,1,5927.682,nan
closed_eye_1462.jpg_face_2,cerrado,B5,139.9947,0.083356,4.4999,17.1336,100.0,4.069,CRITICA,5.6316,0.124947,25.7852,87.7612,0.168883,nan,102.6051,nan,1,1,2355.713,nan
closed_eye_1463.jpg_face_1,cerrado,B5,91.9519,0.049833,4.5174,13.0955,100.0,4.5079,CRITICA,9.4425,0.145472,28.8256,85.7584,0.160237,nan,221.5482,nan,1,1,3171.583,nan
closed_eye_1465.jpg_face_1,cerrado,B5,136.6949,0.073765,4.3418,16.1311,100.0,4.0117,CRITICA,5.9016,0.215479,26.507,88.1992,0.152921,nan,107.3077,nan,1,1,770.001,nan
closed_eye_1467.jpg_face_1,cerrado,B5,69.2492,0.077625,4.473,17.9828,100.0,6.1426,CRITICA,11.5058,0.465897,25.1517,74.0318,0.162788,0.222989,109.712,187.2656,1,1,886.446,nan
closed_eye_1479.jpg_face_1,cerrado,B5,73.6764,0.077797,4.3878,18.4761,100.0,6.0382,CRITICA,11.4303,0.295518,24.8712,74.9226,0.15569,nan,100.1231,nan,1,1,5396.654,nan
closed_eye_1480.jpg_face_4,cerrado,B5,70.3054,0.068268,4.3589,18.1645,100.0,7.1706,CRITICA,12.3886,0.321554,24.8436,74.1634,0.177318,nan,159.7381,nan,1,1,5007.511,nan
closed_eye_1488.jpg_face_1,cerrado,B5,169.4402,0.072767,4.4204,16.383,100.0,4.507,CRITICA,3.6387,0.072449,26.299,90.3311,0.156683,nan,115.3232,nan,1,1,5241.09,nan
closed_eye_1490.jpg_face_1,cerrado,B5,124.7172,0.081158,4.3521,15.6226,100.0,4.2748,CRITICA,6.7782,0.173126,26.8581,87.4736,0.139446,nan,71.8192,nan,1,1,1758.706,nan
closed_eye_1493.jpg_face_1,cerrado,B5,53.1351,0.222966,4.4531,16.8013,100.0,5.4147,CRITICA,15.4138,0.542321,25.9974,68.3801,0.202048,0.227847,9.3817,2.1893,1,1,965.158,nan
closed_eye_1496.jpg_face_1,cerrado,B5,146.9738,0.060272,4.365,16.0041,100.0,4.0023,CRITICA,5.5703,0.118423,26.5622,89.1109,0.175927,nan,191.8887,nan,1,1,3474.635,nan
closed_eye_1497.jpg_face_1,cerrado,B5,125.73,0.068564,4.3924,13.1943,100.0,4.674,CRITICA,5.9212,0.115798,28.9563,89.5058,0.103754,0.184193,51.3253,168.6452,1,1,3900.156,nan
closed_eye_1497.jpg_face_3,cerrado,B5,143.2551,0.044016,4.5159,19.0,100.0,5.1208,CRITICA,5.5694,0.113416,24.5851,86.7369,0.097191,nan,120.8079,nan,1,1,4137.36,nan
closed_eye_1502.jpg_face_1,cerrado,B5,87.9582,0.061661,4.397,18.6743,100.0,5.3116,CRITICA,10.4418,0.262358,24.7518,78.7691,0.11602,nan,88.1594,nan,1,1,3829.95,nan
closed_eye_1502.jpg_face_2,cerrado,B5,119.0954,0.065611,4.4364,16.5987,100.0,4.1613,CRITICA,7.0788,0.177917,26.1914,86.0627,0.136153,0.201056,107.5159,206.4359,1,1,1940.241,nan
closed_eye_1508.jpg_face_3,cerrado,B5,71.0092,0.190472,4.3799,16.7133,100.0,5.5733,CRITICA,10.7975,0.317983,26.0796,76.4631,0.217364,nan,14.119,nan,1,1,4321.521,nan
closed_eye_1509.jpg_face_6,cerrado,B5,95.4481,0.106404,4.4425,15.9143,100.0,4.0394,CRITICA,9.5471,0.283637,26.6533,83.3268,0.196613,nan,84.7784,nan,1,1,653.168,nan
closed_eye_1512.jpg_face_1,cerrado,B5,164.3232,0.019524,4.361,16.6826,100.0,5.1532,CRITICA,3.8413,0.132799,25.9997,89.8477,0.08008,nan,310.1672,nan,1,1,1707.067,nan
closed_eye_1531.jpg_face_1,cerrado,B5,132.2357,0.111754,4.4671,12.4152,100.0,3.6387,CRITICA,5.7012,0.086477,29.7716,90.6113,0.177908,nan,59.1962,nan,1,1,4299.226,nan
closed_eye_1533.jpg_face_2,cerrado,B5,151.011,0.10905,4.4019,17.4311,100.0,4.6745,CRITICA,4.9515,0.122564,25.5559,88.4571,0.163592,nan,50.0163,nan,1,1,1678.697,nan
closed_eye_1543.jpg_face_1,cerrado,B5,199.0291,0.161176,4.3956,15.777,100.0,4.2685,CRITICA,2.6715,0.114773,26.5891,92.073,0.248822,nan,54.3789,nan,1,1,949.397,nan
closed_eye_1550.BMP_face_2,cerrado,B5,105.3375,0.02454,4.5158,18.5123,100.0,7.5829,CRITICA,7.5643,0.210524,24.7628,82.4258,0.081058,0.151549,230.3079,517.5561,1,1,1213.445,nan
closed_eye_1558.jpg_face_1,cerrado,B5,62.9436,0.060293,4.4706,12.2912,100.0,4.0929,CRITICA,13.0667,0.291689,30.0428,80.4727,nan,nan,nan,nan,1,0,4413.063,nan
closed_eye_1560.jpg_face_1,cerrado,B5,111.2415,0.069268,4.5348,15.1254,100.0,3.4542,CRITICA,7.8817,0.202227,27.2691,86.4031,0.132459,nan,91.2268,nan,1,1,1620.746,nan
closed_eye_1561.jpg_face_1,cerrado,B5,176.6524,0.015317,4.4439,14.8663,100.0,3.6036,CRITICA,3.4076,0.112303,27.3943,91.5844,0.20882,nan,1263.2906,nan,1,1,1984.127,nan
closed_eye_1567.jpg_face_1,cerrado,B5,81.6125,0.092958,4.5643,17.1134,100.0,7.4142,CRITICA,9.229,0.19179,25.7911,79.031,0.177529,0.195396,90.9776,110.1983,1,1,5068.423,nan
closed_eye_1570.jpg_face_1,cerrado,B5,164.9794,0.080732,4.3956,15.5905,100.0,3.9137,CRITICA,4.075,0.183639,26.8964,90.55,0.220288,nan,172.865,nan,1,1,557.32,nan
closed_eye_1579.BMP_face_1,cerrado,B5,145.7049,0.046211,4.4545,14.9691,100.0,3.4056,CRITICA,5.5591,0.110499,27.3201,89.7264,0.160224,nan,246.7203,nan,1,1,2464.268,nan
closed_eye_1581.jpg_face_1,cerrado,B5,130.704,0.057077,4.4374,16.0292,100.0,5.0639,CRITICA,5.7732,0.185553,26.6167,87.7363,nan,nan,nan,nan,1,0,1927.897,nan
closed_eye_1594.jpg_face_1,cerrado,B5,145.2425,0.039908,4.5757,16.6824,100.0,4.1777,CRITICA,5.1734,0.171469,26.134,88.5141,0.14463,nan,262.405,nan,1,1,756.601,nan
closed_eye_1613.BMP_face_1,cerrado,B5,112.7075,0.130112,4.5565,17.553,100.0,7.531,CRITICA,6.5715,0.252122,25.3512,84.4261,0.112851,nan,13.2665,nan,1,1,950.57,nan
closed_eye_1622.jpg_face_2,cerrado,B5,129.1017,0.07446,4.4484,16.4732,100.0,5.1728,CRITICA,5.8185,0.15191,26.2329,87.2401,0.135968,0.196857,82.6046,164.3789,1,1,1987.281,nan
closed_eye_1627.jpg_face_1,cerrado,B5,150.4714,0.061348,4.3598,17.2454,100.0,5.2386,CRITICA,4.8587,0.105654,25.7067,88.5391,0.186796,nan,204.4846,nan,1,1,2990.43,nan
closed_eye_1630.jpg_face_1,cerrado,B5,133.762,0.108688,4.3673,18.5395,100.0,6.2053,CRITICA,5.8958,0.153559,24.7671,86.14,0.125341,0.174227,15.3222,60.3004,1,1,2472.799,nan
closed_eye_1631.jpg_face_1,cerrado,B5,138.0103,0.062508,4.2823,12.4647,100.0,3.8802,CRITICA,5.4423,0.082388,29.7347,90.9683,0.131724,nan,110.7316,nan,1,1,3526.093,nan
closed_eye_1640.jpg_face_1,cerrado,B5,188.3279,0.082286,4.3246,14.841,100.0,3.5645,CRITICA,3.2151,0.115332,27.3747,92.1196,0.181294,nan,120.3201,nan,1,1,817.194,nan
closed_eye_1641.jpg_face_2,cerrado,B5,146.3724,0.03533,4.1852,20.7788,100.0,4.3837,CRITICA,5.6075,0.095164,23.587,85.8042,0.135379,nan,283.1829,nan,1,1,5096.84,nan
closed_eye_1648.jpg_face_2,cerrado,B5,95.5884,0.06717,4.4631,18.0693,100.0,5.5997,CRITICA,9.3921,0.169016,25.0577,81.0967,0.165958,nan,147.0727,nan,1,1,4721.435,nan
closed_eye_1649.jpg_face_1,cerrado,B5,166.2251,0.067621,4.5472,14.0329,100.0,3.4362,CRITICA,4.0914,0.12063,28.1147,91.5579,nan,nan,nan,nan,1,0,1604.107,nan
closed_eye_1652.jpg_face_1,cerrado,B5,95.0616,0.041888,4.3571,15.8845,100.0,5.5332,CRITICA,8.8714,0.291594,26.5716,83.2903,0.137826,0.195366,229.0339,366.4003,1,1,2050.441,nan
closed_eye_1655.BMP_face_1,cerrado,B5,117.9555,0.07645,4.518,17.1952,100.0,5.1426,CRITICA,7.142,0.233219,25.6933,85.4223,0.082708,nan,8.1847,nan,1,1,1063.038,nan
closed_eye_1659.jpg_face_1,cerrado,B5,126.4383,0.052764,4.3697,14.8485,100.0,3.2895,CRITICA,6.8035,0.178691,27.4574,88.2563,0.154752,nan,193.2891,nan,1,1,1472.971,nan
closed_eye_1660.jpg_face_1,cerrado,B5,141.1087,0.063143,4.3203,16.0482,100.0,4.6972,CRITICA,5.3736,0.173562,26.3567,88.6271,0.157699,nan,149.7484,nan,1,1,1105.339,nan
closed_eye_1666.jpg_face_1,cerrado,B5,203.6868,0.020094,4.3813,16.5332,100.0,3.4898,CRITICA,2.5134,0.091975,26.2012,91.883,0.147954,nan,636.3171,nan,1,1,1925.298,nan
closed_eye_1667.jpg_face_1,cerrado,B5,202.1052,0.088927,4.3942,15.4954,100.0,3.5037,CRITICA,2.6033,0.092686,26.8608,92.333,0.189987,nan,113.6429,nan,1,1,2206.045,nan
closed_eye_1670.jpg_face_1,cerrado,B5,170.3394,0.034984,4.4991,15.4636,100.0,3.2357,CRITICA,3.9939,0.149601,26.9687,90.9219,0.146578,nan,318.9802,nan,1,1,865.801,nan
closed_eye_1670.jpg_face_2,cerrado,B5,150.1762,0.033619,4.4422,15.3537,100.0,3.9705,CRITICA,5.1328,0.177541,26.9981,89.7762,0.213971,nan,536.452,nan,1,1,726.216,nan
closed_eye_1671.jpg_face_1,cerrado,B5,180.4022,0.123128,4.3287,17.0578,100.0,4.2858,CRITICA,3.4158,0.113419,25.8408,90.5446,0.215608,nan,75.1093,nan,1,1,808.8,nan
closed_eye_1674.BMP_face_1,cerrado,B5,85.7963,0.078228,4.6175,19.6035,100.0,9.6993,CRITICA,9.2558,0.240864,23.9539,77.1511,0.081476,0.162329,4.1513,107.5068,1,1,1112.347,nan
closed_eye_1679.BMP_face_1,cerrado,B5,125.9071,0.06694,4.4349,17.6199,100.0,5.6528,CRITICA,6.1578,0.148235,25.4294,86.0056,0.105034,0.182185,56.906,172.1602,1,1,1536.57,nan
closed_eye_1680.jpg_face_1,cerrado,B5,42.4963,0.110913,4.4646,23.9416,100.0,7.9241,CRITICA,17.1578,0.536867,22.0534,43.6618,0.209706,nan,89.0722,nan,1,1,4970.179,nan
closed_eye_1690.jpg_face_1,cerrado,B5,129.3817,0.03062,4.2118,17.5037,100.0,4.6296,CRITICA,6.6075,0.146143,25.4668,86.4713,0.100039,nan,226.7082,nan,1,1,2724.796,nan
closed_eye_1691.jpg_face_3,cerrado,B5,139.2967,0.150871,4.309,16.1807,100.0,3.5695,CRITICA,5.7495,0.220145,26.5588,88.384,0.19174,nan,27.0888,nan,1,1,584.761,nan
closed_eye_1693.jpg_face_1,cerrado,B5,166.3063,0.061935,4.3412,16.1419,100.0,3.8359,CRITICA,4.136,0.122449,26.4379,90.2939,0.131291,nan,111.9811,nan,1,1,1189.202,nan
closed_eye_1702.BMP_face_1,cerrado,B5,148.8246,0.097039,4.3742,14.4429,100.0,4.5758,CRITICA,4.8774,0.107418,27.7097,90.2954,0.228127,nan,135.0871,nan,1,1,2951.594,nan
closed_eye_1702.BMP_face_2,cerrado,B5,169.0847,0.113295,4.4306,14.8592,100.0,4.8136,CRITICA,3.748,0.095375,27.4211,91.212,0.131695,nan,16.2409,nan,1,1,3036.745,nan
closed_eye_1705.jpg_face_1,cerrado,B5,146.151,0.037706,4.4839,13.9621,100.0,3.6264,CRITICA,5.2426,0.150297,28.1525,90.4468,0.238954,nan,533.7372,nan,1,1,1664.17,nan
closed_eye_1711.jpg_face_1,cerrado,B5,114.8169,0.069844,4.5034,16.21,100.0,5.7106,CRITICA,6.9422,0.244345,26.415,85.8819,0.145546,nan,108.3858,nan,1,1,1111.976,nan
closed_eye_1730.jpg_face_1,cerrado,B5,65.6412,0.099633,4.5426,24.6964,100.0,9.3232,CRITICA,12.5979,0.308386,21.6877,62.3767,0.141523,0.165864,42.0446,66.4753,1,1,3749.531,nan
closed_eye_1740.jpg_face_1,cerrado,B5,200.6218,0.069925,4.4403,14.3344,100.0,3.2394,CRITICA,2.5771,0.110519,27.8494,92.855,0.193173,nan,176.2565,nan,1,1,728.916,nan
closed_eye_1745.jpg_face_3,cerrado,B5,159.1975,0.078266,4.2707,13.9287,100.0,2.9624,CRITICA,4.5773,0.102392,28.1971,91.2507,nan,nan,nan,nan,1,0,2169.197,nan
closed_eye_1750.jpg_face_2,cerrado,B5,165.1803,0.04887,4.353,16.0517,100.0,4.6124,CRITICA,4.2383,0.135117,26.5682,90.2823,0.073169,nan,49.7216,nan,1,1,2063.558,nan
closed_eye_1756.jpg_face_1,cerrado,B5,125.9161,0.058276,4.3869,17.1426,100.0,4.5457,CRITICA,6.7159,0.191318,25.9152,86.3857,0.117703,0.181589,101.9735,211.5986,1,1,905.715,nan
closed_eye_1761.jpg_face_1,cerrado,B5,92.7539,0.176928,4.5464,20.5464,100.0,6.6081,CRITICA,8.7369,0.171237,23.7675,77.8484,0.170491,nan,3.6383,nan,1,1,5293.806,nan
closed_eye_1766.jpg_face_2,cerrado,B5,111.7188,0.01997,4.5372,16.4421,100.0,6.4135,CRITICA,6.8554,0.296967,26.2981,85.2826,0.060165,0.118268,201.2745,492.2246,1,1,1177.025,nan
closed_eye_1776.jpg_face_3,cerrado,B5,187.8641,0.113083,4.3089,13.9718,100.0,2.906,CRITICA,3.1673,0.122709,28.1033,92.5628,0.255494,nan,125.9348,nan,1,1,867.303,nan
closed_eye_1777.jpg_face_1,cerrado,B5,129.1791,0.043959,4.3545,16.4159,100.0,4.0578,CRITICA,6.0232,0.250635,26.3395,87.2922,0.14805,nan,236.7882,nan,1,1,799.041,nan
closed_eye_1789.jpg_face_1,cerrado,B5,118.0812,0.055401,4.4874,11.8732,100.0,3.5538,CRITICA,7.0718,0.094553,30.2253,89.9449,0.22214,nan,300.9659,nan,1,1,4384.042,nan
closed_eye_1796.jpg_face_1,cerrado,B5,124.9891,0.097125,4.4168,14.2811,100.0,4.1785,CRITICA,6.1487,0.16539,28.0842,88.5741,0.135395,nan,39.4031,nan,1,1,3645.644,nan
closed_eye_1804.jpg_face_1,cerrado,B5,113.3976,0.079045,4.4366,25.2413,100.0,5.5613,CRITICA,8.3396,0.157385,21.5551,77.7409,0.176659,nan,123.492,nan,1,1,5924.17,nan
closed_eye_1806.jpg_face_1,cerrado,B5,85.3218,0.050461,4.4641,24.7722,100.0,4.9851,CRITICA,10.2471,0.227175,21.7983,70.9662,0.16592,nan,228.8089,nan,1,1,6269.592,nan
closed_eye_1807.jpg_face_1,cerrado,B5,152.4319,0.057893,4.3633,18.1207,100.0,4.328,CRITICA,4.5936,0.090441,25.2466,88.1123,0.173454,nan,199.6111,nan,1,1,5649.717,nan
closed_eye_1808.jpg_face_1,cerrado,B5,121.1732,0.027062,4.3548,17.3825,100.0,5.0348,CRITICA,6.4686,0.190744,25.6486,85.6548,0.08164,0.172179,201.6811,536.2476,1,1,1417.836,nan
closed_eye_1810.jpg_face_1,cerrado,B5,160.9389,0.050376,4.3929,22.5405,100.0,3.5942,CRITICA,4.7223,0.079878,22.7761,85.9944,0.160481,nan,218.5683,nan,1,1,5970.149,nan
closed_eye_1820.jpg_face_1,cerrado,B5,173.7922,0.091552,4.4073,15.2904,100.0,4.9946,CRITICA,3.2935,0.100698,26.979,91.2019,0.114566,nan,25.1365,nan,1,1,2901.915,nan
closed_eye_1841.jpg_face_1,cerrado,B5,164.3924,0.076392,4.3823,16.9966,100.0,4.4757,CRITICA,4.274,0.125091,25.7767,89.661,nan,nan,nan,nan,1,0,1213.151,nan
closed_eye_1842.jpg_face_1,cerrado,B5,119.142,0.075988,4.5388,17.7111,100.0,5.6247,CRITICA,6.7111,0.204644,25.3749,85.1345,0.155814,0.1866,105.0492,145.5639,1,1,1201.49,nan
closed_eye_1843.jpg_face_1,cerrado,B5,134.8597,0.03002,4.2881,16.2593,100.0,4.4571,CRITICA,6.0317,0.227621,26.3444,87.9435,0.115681,nan,285.3443,nan,1,1,735.456,nan
closed_eye_1849.jpg_face_1,cerrado,B5,141.4833,0.077106,4.2917,16.5353,100.0,4.629,CRITICA,5.4618,0.161532,26.1963,88.3129,0.075641,nan,1.8994,nan,1,1,1646.904,nan
closed_eye_1850.jpg_face_1,cerrado,B5,86.8038,0.037534,4.5612,16.7366,100.0,6.1243,CRITICA,9.3282,0.194459,25.9854,80.7191,0.06729,nan,79.2743,nan,1,1,5282.62,nan
closed_eye_1856.jpg_face_1,cerrado,B5,61.3679,0.09655,4.4598,15.6693,100.0,4.3672,CRITICA,14.0352,0.488087,26.8405,74.4666,0.115569,0.193485,19.6985,100.3978,1,1,1145.869,nan
closed_eye_1858.jpg_face_2,cerrado,B5,120.0534,0.067334,4.4358,16.4052,100.0,5.3924,CRITICA,6.7336,0.153164,26.2274,86.3351,0.18908,nan,180.8076,nan,1,1,3317.85,nan
closed_eye_1866.jpg_face_1,cerrado,B5,181.9552,0.069788,4.4591,15.7014,100.0,4.795,CRITICA,2.9877,0.142181,26.7827,91.3707,0.167443,nan,139.9311,nan,1,1,1700.391,nan
closed_eye_1868.jpg_face_1,cerrado,B5,119.7518,0.022748,4.3818,14.1351,100.0,4.6897,CRITICA,6.4776,0.110706,28.1271,88.1963,0.187046,nan,722.2568,nan,1,1,3709.199,nan
closed_eye_1869.jpg_face_1,cerrado,B5,154.5844,0.054075,4.2649,16.2645,100.0,4.053,CRITICA,4.757,0.137068,26.3361,89.4785,0.19992,nan,269.7104,nan,1,1,1786.352,nan
closed_eye_1878.jpg_face_1,cerrado,B5,149.4026,0.081636,4.3231,14.9845,100.0,3.788,CRITICA,5.1336,0.140009,27.2768,89.9704,0.17493,nan,114.2811,nan,1,1,1238.85,nan
closed_eye_1889.jpg_face_1,cerrado,B5,122.9097,0.023191,4.3232,16.6103,100.0,4.7364,CRITICA,7.0712,0.203065,26.0182,86.4858,0.122882,nan,429.8635,nan,1,1,1005.227,nan
closed_eye_1890.jpg_face_1,cerrado,B5,96.1736,0.059359,4.374,16.3052,100.0,5.7524,CRITICA,9.3527,0.240534,26.2268,83.0461,0.166824,nan,181.0433,nan,1,1,2717.391,nan
closed_eye_1906.jpg_face_1,cerrado,B5,154.7517,0.066919,4.4323,15.4001,100.0,3.2892,CRITICA,4.9476,0.168649,27.0518,90.0485,0.191354,nan,185.9502,nan,1,1,890.313,nan
closed_eye_1924.jpg_face_1,cerrado,B5,219.5265,0.048303,4.4627,14.5919,100.0,3.0023,CRITICA,1.8516,0.094423,27.6611,93.353,0.124208,nan,157.1413,nan,1,1,1547.509,nan
closed_eye_1934.png_face_1,cerrado,B5,125.5037,0.051812,4.2833,20.0714,100.0,5.3435,CRITICA,7.0621,0.130764,23.8791,84.0073,0.109903,nan,112.1179,nan,1,1,5714.286,nan
closed_eye_1935.jpg_face_1,cerrado,B5,38.9993,0.087591,4.4623,17.8056,100.0,5.3923,CRITICA,18.9604,0.55289,25.3733,54.3439,0.098043,0.227597,11.9334,159.8414,1,1,4642.525,nan
closed_eye_1942.jpg_face_2,cerrado,B5,102.0185,0.047859,4.4851,18.7025,100.0,5.2065,CRITICA,8.2584,0.158969,24.847,81.6675,0.19809,nan,313.9068,nan,1,1,5058.169,nan
closed_eye_1944.jpg_face_1,cerrado,B5,111.1135,0.09411,4.4695,14.9633,100.0,4.1554,CRITICA,8.0054,0.184305,27.2792,86.5333,0.158701,nan,68.633,nan,1,1,2216.803,nan
closed_eye_1952.jpg_face_1,cerrado,B5,162.3641,0.043724,4.3792,15.5232,100.0,3.4122,CRITICA,4.6049,0.069116,26.8642,90.4392,0.193542,nan,342.6456,nan,1,1,5998.8,nan
closed_eye_1956.jpg_face_1,cerrado,B5,167.5765,0.034512,4.4005,15.9378,100.0,4.1009,CRITICA,3.977,0.132378,26.5115,90.4892,0.068252,nan,97.761,nan,1,1,997.407,nan
closed_eye_1959.jpg_face_2,cerrado,B5,152.2245,0.051129,4.42,16.5038,100.0,4.9023,CRITICA,5.1026,0.086844,26.2457,89.1582,0.125259,nan,144.9846,nan,1,1,2872.738,nan
closed_eye_1963.jpg_face_1,cerrado,B5,183.8016,0.047815,4.2758,15.8117,100.0,3.6306,CRITICA,3.3583,0.112954,26.6173,91.3974,0.179345,nan,275.0812,nan,1,1,1223.391,nan
closed_eye_1964.jpg_face_1,cerrado,B5,170.0893,0.088621,4.3005,16.4662,100.0,4.3007,CRITICA,3.9765,0.105609,26.1608,90.3191,0.11827,nan,33.4565,nan,1,1,1337.077,nan
closed_eye_1972.jpg_face_1,cerrado,B5,134.484,0.052081,4.3872,15.9649,100.0,4.2706,CRITICA,6.3267,0.135412,26.581,88.1288,0.139423,nan,167.7025,nan,1,1,1567.89,nan
closed_eye_2015.jpg_face_1,cerrado,B5,134.3565,0.023687,4.3629,17.0746,100.0,5.7651,CRITICA,5.3391,0.221206,25.752,87.2916,0.058966,0.172271,148.9373,627.2746,1,1,661.551,nan
closed_eye_2024.jpg_face_1,cerrado,B5,113.5415,0.064028,4.4419,16.0747,100.0,5.0134,CRITICA,6.9198,0.12552,26.6414,85.8424,0.131374,nan,105.1813,nan,1,1,5230.126,nan
closed_eye_2035.jpg_face_1,cerrado,B5,144.0364,0.093174,4.4026,14.1071,100.0,2.836,CRITICA,5.627,0.097012,28.1769,90.2059,0.142318,nan,52.7447,nan,1,1,4551.662,nan
closed_eye_2038.jpg_face_2,cerrado,B5,56.679,0.098737,4.4694,17.2902,100.0,5.3748,CRITICA,13.8911,0.461576,25.7647,69.4944,0.130848,nan,32.5218,nan,1,1,3898.635,nan
closed_eye_2041.jpg_face_1,cerrado,B5,148.8622,0.042874,4.392,17.1747,100.0,4.9793,CRITICA,4.765,0.19653,25.7867,88.4627,0.093483,nan,118.0397,nan,1,1,893.416,nan
closed_eye_2051.jpg_face_1,cerrado,B5,129.7065,0.085478,4.5519,15.8369,100.0,4.9535,CRITICA,5.6775,0.249132,26.5869,87.7902,0.145831,0.172787,70.6058,102.142,1,1,395.023,nan
closed_eye_2054.jpg_face_1,cerrado,B5,97.6104,0.090406,4.6158,17.6209,100.0,4.5423,CRITICA,8.9909,0.355962,25.602,81.9478,0.132885,0.197497,46.987,118.4545,1,1,654.322,nan
closed_eye_2062.jpg_face_2,cerrado,B5,121.1701,0.049401,4.3556,15.7221,100.0,4.6261,CRITICA,7.1071,0.232491,26.7298,87.0248,0.08134,0.188921,64.6514,282.4231,1,1,810.701,nan
closed_eye_2065.jpg_face_1,cerrado,B5,135.203,0.03833,4.3016,16.9674,100.0,5.865,CRITICA,5.4073,0.171146,25.7818,87.4504,0.095569,nan,149.3337,nan,1,1,2430.134,nan
closed_eye_2071.jpg_face_1,cerrado,B5,96.7557,0.042346,4.4559,16.7808,100.0,5.6077,CRITICA,9.2888,0.189916,25.8826,82.6565,0.266602,nan,529.5785,nan,1,1,5030.181,nan
closed_eye_2074.jpg_face_3,cerrado,B5,117.1715,0.044932,4.2739,18.3837,100.0,5.5559,CRITICA,7.5657,0.174,24.8634,84.3104,0.112556,0.167347,150.504,272.447,1,1,1015.538,nan
closed_eye_2079.jpg_face_1,cerrado,B5,133.7519,0.120764,4.4439,16.9194,100.0,4.8104,CRITICA,5.5523,0.132854,25.9566,87.3502,0.197449,0.236129,63.4996,95.5287,1,1,2600.104,nan
closed_eye_2093.jpg_face_2,cerrado,B5,130.6919,0.118338,4.506,16.1657,100.0,4.5698,CRITICA,6.0936,0.242841,26.4949,87.6307,0.235499,nan,99.006,nan,1,1,643.252,nan
closed_eye_2094.jpg_face_1,cerrado,B5,118.626,0.036144,4.5367,17.1989,100.0,4.2193,CRITICA,7.0998,0.139896,25.8906,85.5016,0.119365,nan,230.251,nan,1,1,5599.103,nan
closed_eye_2097.jpg_face_1,cerrado,B5,168.8044,0.097005,4.3533,15.4008,100.0,3.1131,CRITICA,4.203,0.103906,26.969,90.8765,0.207878,nan,114.2955,nan,1,1,2330.459,nan
closed_eye_2098.jpg_face_2,cerrado,B5,152.9146,0.082869,4.4588,16.3162,100.0,4.7936,CRITICA,4.6685,0.19303,26.5009,89.3298,0.122511,nan,47.837,nan,1,1,972.384,nan
closed_eye_2100.jpg_face_1,cerrado,B5,53.8694,0.085845,4.5203,18.3173,100.0,9.8833,CRITICA,12.5697,0.496341,24.5941,65.9969,0.087639,0.119638,2.0895,39.364,1,1,790.014,nan
closed_eye_2111.jpg_face_1,cerrado,B5,120.8831,0.156689,4.4534,13.9497,100.0,6.1417,CRITICA,5.762,0.120541,28.1467,88.4602,0.209874,0.243145,33.9434,55.1774,1,1,4266.211,nan
closed_eye_2123.jpg_face_2,cerrado,B5,106.8468,0.089449,4.3555,16.6659,100.0,3.7847,CRITICA,8.6046,0.148383,26.1279,84.4021,0.238734,nan,166.8942,nan,1,1,5652.911,nan
closed_eye_2125.jpg_face_2,cerrado,B5,189.2151,0.09132,4.3735,14.7019,100.0,3.8281,CRITICA,3.2042,0.122437,27.4371,92.2301,0.114937,nan,25.8625,nan,1,1,713.318,nan
closed_eye_2128.BMP_face_1,cerrado,B5,154.021,0.062077,4.3045,16.8598,100.0,5.1045,CRITICA,4.6166,0.17232,25.9948,89.0536,0.108357,nan,74.5527,nan,1,1,1085.423,nan
closed_eye_2132.jpg_face_3,cerrado,B5,72.1913,0.038611,4.4425,17.1003,100.0,6.038,CRITICA,11.4713,0.324415,25.7433,76.3125,0.11448,0.186747,196.4945,383.6598,1,1,1832.173,nan
closed_eye_2137.jpg_face_1,cerrado,B5,119.3972,0.051671,4.4674,17.3369,100.0,4.7839,CRITICA,7.1,0.218382,25.6407,85.4796,0.055044,0.211186,6.5285,308.7159,1,1,892.459,nan
closed_eye_2144.jpg_face_2,cerrado,B5,150.7278,0.090372,4.3742,16.4096,100.0,4.2872,CRITICA,5.0303,0.152763,26.2667,89.1131,0.135991,nan,50.479,nan,1,1,1355.197,nan
closed_eye_2145.jpg_face_4,cerrado,B5,138.2971,0.060937,4.3489,17.3647,100.0,5.4869,CRITICA,5.3893,0.119495,25.5462,87.4439,0.110713,nan,81.684,nan,1,1,3448.276,nan
closed_eye_2146.jpg_face_1,cerrado,B5,123.7683,0.084317,4.5108,16.4869,100.0,4.3248,CRITICA,6.8723,0.243015,26.2281,86.6792,0.131156,nan,55.5499,nan,1,1,569.184,nan
closed_eye_2161.jpg_face_1,cerrado,B5,116.4475,0.066513,4.2702,17.513,100.0,5.817,CRITICA,7.1184,0.271653,25.3828,84.9606,0.144988,nan,117.9855,nan,1,1,875.35,nan
closed_eye_2164.jpg_face_1,cerrado,B5,104.5468,0.12596,4.4325,20.3841,100.0,7.8968,CRITICA,7.9256,0.206669,23.6445,80.5024,0.204975,0.214209,62.7296,70.0604,1,1,3699.593,nan
closed_eye_2165.jpg_face_1,cerrado,B5,109.6088,0.133331,4.195,15.0654,100.0,4.1754,CRITICA,8.1599,0.179226,27.2133,86.2553,0.219062,nan,64.2992,nan,1,1,3388.682,nan
closed_eye_2169.jpg_face_1,cerrado,B5,155.1685,0.050424,4.2814,14.9437,100.0,3.9478,CRITICA,4.9294,0.10673,27.2279,90.3693,0.126016,nan,149.9096,nan,1,1,2313.744,nan
closed_eye_2181.jpg_face_1,cerrado,B5,128.9069,0.082769,4.4757,13.6176,100.0,3.5538,CRITICA,6.688,0.138804,28.4083,89.4361,0.198766,nan,140.1444,nan,1,1,2762.431,nan
closed_eye_2183.jpg_face_1,cerrado,B5,148.3629,0.095608,4.3848,16.8268,100.0,5.0329,CRITICA,5.1183,0.16753,25.9326,88.6583,0.143493,nan,50.085,nan,1,1,710.631,nan
closed_eye_2191.jpg_face_1,cerrado,B5,100.5231,0.058981,4.3218,17.1392,100.0,5.2142,CRITICA,8.7014,0.225349,25.7878,82.95,0.080493,0.156302,36.4722,165.0016,1,1,1952.362,nan
closed_eye_2192.jpg_face_1,cerrado,B5,126.5422,0.040182,4.3091,15.8584,100.0,4.4083,CRITICA,6.6342,0.194932,26.6372,87.4679,0.11353,nan,182.5371,nan,1,1,1125.239,nan
closed_eye_2200.jpg_face_1,cerrado,B5,81.9793,0.043975,4.4234,17.7254,100.0,4.9027,CRITICA,10.9917,0.329975,25.3558,78.3781,0.111127,nan,152.7028,nan,1,1,923.532,nan
closed_eye_2215.jpg_face_1,cerrado,B5,118.5646,0.189879,4.543,16.5493,100.0,4.0716,CRITICA,7.6613,0.230634,26.227,86.0419,0.196216,nan,3.3372,nan,1,1,834.934,nan
closed_eye_2217.jpg_face_1,cerrado,B5,122.9346,0.063938,4.4143,16.9317,100.0,4.6685,CRITICA,6.695,0.230986,25.99,86.227,0.083326,nan,30.3241,nan,1,1,496.598,nan
closed_eye_2218.jpg_face_1,cerrado,B5,131.955,0.048385,4.4589,16.8079,100.0,4.9537,CRITICA,5.8301,0.162065,26.0998,87.2624,0.094455,nan,95.2165,nan,1,1,2362.391,nan
closed_eye_2222.jpg_face_1,cerrado,B5,141.5344,0.074394,4.4769,16.4748,100.0,4.7609,CRITICA,5.3725,0.088796,26.2243,88.3599,0.185864,nan,149.8378,nan,1,1,4610.42,nan
closed_eye_2234.jpg_face_1,cerrado,B5,169.8625,0.109596,4.4711,14.8147,100.0,4.4215,CRITICA,3.9104,0.063773,27.4779,91.2784,0.200422,nan,82.8727,nan,1,1,5617.978,nan
closed_eye_2234.jpg_face_2,cerrado,B5,141.5498,0.092124,4.4367,15.5835,100.0,5.0987,CRITICA,5.3597,0.07962,26.8386,88.9908,0.164106,nan,78.1358,nan,1,1,4856.727,nan
closed_eye_2243.jpg_face_2,cerrado,B5,123.0546,0.137512,4.415,13.833,100.0,3.9964,CRITICA,6.8797,0.14844,28.2594,88.7587,nan,nan,nan,nan,1,0,2738.226,nan
closed_eye_2249.jpg_face_1,cerrado,B5,93.7601,0.108118,4.391,14.1759,100.0,3.4614,CRITICA,9.6293,0.183381,28.1712,84.8806,0.189313,0.204229,75.0987,88.8946,1,1,4277.16,nan
closed_eye_2255.jpg_face_1,cerrado,B5,131.8768,0.10617,4.2674,16.5532,100.0,4.6288,CRITICA,5.9036,0.243185,26.144,87.448,0.09253,nan,12.8468,nan,1,1,665.646,nan
closed_eye_2256.jpg_face_1,cerrado,B5,131.5673,0.038476,4.1931,17.0009,100.0,4.7815,CRITICA,6.2842,0.138872,25.8045,87.0782,0.130349,nan,238.7843,nan,1,1,2908.668,nan
closed_eye_2259.jpg_face_1,cerrado,B5,98.6708,0.056768,4.3455,16.2556,100.0,6.1315,CRITICA,8.3231,0.302164,26.2744,83.5254,0.115374,0.198313,103.2366,249.3391,1,1,1272.426,nan
closed_eye_2261.jpg_face_3,cerrado,B5,156.3343,0.133277,4.3816,16.0762,100.0,3.7541,CRITICA,4.7232,0.141378,26.6627,89.7168,0.201268,nan,51.0151,nan,1,1,1411.433,nan
closed_eye_2288.jpg_face_1,cerrado,B5,171.3805,0.05587,4.4096,16.8642,100.0,4.0976,CRITICA,3.9575,0.114341,25.9456,90.1598,0.090984,nan,62.8511,nan,1,1,1758.706,nan
closed_eye_2295.jpg_face_1,cerrado,B5,136.5331,0.045818,4.3647,16.5418,100.0,4.9086,CRITICA,5.5788,0.172548,26.1913,87.8844,0.108988,0.199413,137.8709,335.2264,1,1,1228.954,nan
closed_eye_2301.jpg_face_1,cerrado,B5,43.1758,0.048715,4.4119,17.5156,100.0,8.32,CRITICA,16.1887,0.642453,25.2166,59.4318,0.09972,nan,104.7017,nan,1,1,2399.232,nan
closed_eye_2303.jpg_face_1,cerrado,B5,154.6067,0.029491,4.1972,15.9194,100.0,3.9651,CRITICA,4.9422,0.164708,26.5574,89.7033,0.093636,nan,217.5097,nan,1,1,904.486,nan
closed_eye_2303.jpg_face_2,cerrado,B5,157.8703,0.061307,4.1835,15.2773,100.0,3.9372,CRITICA,4.7722,0.155881,26.9344,90.3228,0.156679,nan,155.5625,nan,1,1,808.996,nan
closed_eye_2304.jpg_face_16,cerrado,B5,114.0628,0.097198,4.4476,14.9932,100.0,4.0361,CRITICA,7.4663,0.1033,27.3163,86.8553,0.116561,0.190266,19.9204,95.7505,1,1,2934.272,nan
closed_eye_2313.jpg_face_1,cerrado,B5,129.9658,0.137139,4.4418,17.0496,100.0,4.4937,CRITICA,6.3814,0.177746,25.7576,86.8815,0.14725,nan,7.3731,nan,1,1,909.422,nan
closed_eye_2313.jpg_face_2,cerrado,B5,107.6707,0.090695,4.5309,16.4975,100.0,4.4234,CRITICA,7.9889,0.219288,26.1707,84.6778,0.115242,nan,27.0655,nan,1,1,870.019,nan
closed_eye_2317.jpg_face_1,cerrado,B5,116.3069,0.079537,4.3566,19.1906,100.0,7.7254,CRITICA,6.7102,0.222257,24.2708,83.5,0.160636,0.182953,101.9638,130.0236,1,1,1085.658,nan
closed_eye_2338.jpg_face_1,cerrado,B5,163.5271,0.048344,4.4379,15.7431,100.0,3.8124,CRITICA,4.4392,0.106646,26.7164,90.3728,0.124049,nan,156.5988,nan,1,1,1460.707,nan
closed_eye_2339.jpg_face_1,cerrado,B5,47.3516,0.070317,4.4429,17.0699,100.0,5.2672,CRITICA,16.427,0.517966,25.8165,63.9508,0.206027,0.184982,192.9982,163.07,1,1,906.865,nan
closed_eye_2356.jpg_face_1,cerrado,B5,99.2505,0.024313,4.3084,17.4419,100.0,5.7022,CRITICA,8.6876,0.232753,25.5106,82.4264,0.124093,nan,410.4086,nan,1,1,2810.568,nan
closed_eye_2358.jpg_face_2,cerrado,B5,154.2831,0.062112,4.3834,16.1871,100.0,3.9073,CRITICA,4.8836,0.145632,26.4152,89.5082,0.19001,nan,205.9176,nan,1,1,940.026,nan
closed_eye_2363.jpg_face_1,cerrado,B5,100.1597,0.11565,4.4675,14.8666,100.0,4.5519,CRITICA,8.9928,0.240457,27.5,85.1571,0.217554,nan,88.1144,nan,1,1,1664.17,nan
closed_eye_2367.jpg_face_1,cerrado,B5,121.3948,0.128038,4.6588,17.1277,100.0,4.3125,CRITICA,7.1116,0.164378,25.8181,85.8909,0.199536,nan,55.8411,nan,1,1,3000.3,nan
closed_eye_2372.jpg_face_1,cerrado,B5,85.7308,0.13536,4.4558,18.3983,100.0,4.5536,CRITICA,10.1906,0.210147,25.0679,78.5394,0.128398,nan,5.1429,nan,1,1,4878.049,nan
closed_eye_2372.jpg_face_2,cerrado,B5,92.6805,0.150862,4.4752,16.4706,100.0,4.0184,CRITICA,9.8987,0.192538,26.2046,82.2286,nan,nan,nan,nan,1,0,5197.505,nan
closed_eye_2377.jpg_face_2,cerrado,B5,80.971,0.036359,4.5173,17.0636,100.0,4.5116,CRITICA,10.7727,0.268527,25.8693,78.9263,0.093912,0.154832,158.2907,325.8428,1,1,699.252,nan
closed_eye_2379.jpg_face_1,cerrado,B5,147.3346,0.062132,4.3916,16.4958,100.0,5.6084,CRITICA,4.7581,0.246408,26.0251,88.8038,0.119538,nan,92.3921,nan,1,1,56.723,nan
closed_eye_2383.jpg_face_2,cerrado,B5,144.3658,0.075292,4.3662,16.0559,100.0,3.7007,CRITICA,5.4446,0.150863,26.6044,88.8783,0.205606,0.219939,173.0793,192.1158,1,1,940.38,nan
closed_eye_2384.jpg_face_1,cerrado,B5,104.523,0.062131,4.3567,19.6755,100.0,7.1817,CRITICA,7.927,0.196292,24.0762,81.1759,0.153954,0.168634,147.7903,171.4182,1,1,3213.367,nan
closed_eye_2386.jpg_face_1,cerrado,B5,99.11,0.074554,4.4295,19.92,100.0,7.5365,CRITICA,8.5414,0.209167,23.9237,79.9011,0.163187,0.198648,118.8835,166.4482,1,1,3611.412,nan
closed_eye_2395.jpg_face_1,cerrado,B5,108.3073,0.090225,4.3963,16.0848,100.0,4.8655,CRITICA,7.5325,0.232068,26.5363,85.1489,0.208245,nan,130.8065,nan,1,1,2131.287,nan
closed_eye_2395.jpg_face_2,cerrado,B5,130.6033,0.051108,4.3861,15.6705,100.0,3.6523,CRITICA,6.427,0.163952,26.8341,88.0014,nan,nan,nan,nan,1,0,2206.531,nan
closed_eye_2403.jpg_face_1,cerrado,B5,152.9531,0.06349,4.355,16.5936,100.0,4.439,CRITICA,4.8723,0.12246,26.2044,89.1512,0.140936,nan,121.9804,nan,1,1,2970.003,nan
closed_eye_2413.jpg_face_1,cerrado,B5,181.2258,0.098434,4.3263,14.6657,100.0,3.2188,CRITICA,3.3621,0.100718,27.5307,91.9075,0.199937,nan,103.1189,nan,1,1,1270.003,nan
closed_eye_2413.jpg_face_3,cerrado,B5,172.0687,0.040913,4.3219,16.2862,100.0,3.6292,CRITICA,3.785,0.114596,26.2943,90.535,nan,nan,nan,nan,1,0,1165.909,nan
closed_eye_2440.jpg_face_1,cerrado,B5,114.7499,0.048612,4.481,17.6963,100.0,5.4645,CRITICA,7.1636,0.177582,25.381,84.5783,0.132518,nan,172.6,nan,1,1,1325.557,nan
closed_eye_2448.jpg_face_1,cerrado,B5,194.4485,0.025297,4.4057,18.8933,100.0,3.8091,CRITICA,3.0323,0.072388,24.659,90.2837,0.222325,nan,778.8514,nan,1,1,4901.961,nan
closed_eye_2461.jpg_face_1,cerrado,B5,164.8005,0.135761,4.3448,12.025,100.0,3.0638,CRITICA,4.1921,0.069012,30.1058,92.7033,0.204942,nan,50.9577,nan,1,1,4397.537,nan
closed_eye_2463.jpg_face_2,cerrado,B5,179.9869,0.104842,4.4997,16.6631,100.0,5.0303,CRITICA,3.2327,0.117031,25.8847,90.7421,0.128528,0.16421,22.5929,56.627,1,1,1080.847,nan
closed_eye_2464.jpg_face_2,cerrado,B5,71.9415,0.058709,4.4733,12.0022,100.0,4.5339,CRITICA,11.7087,0.230039,30.0408,83.3168,0.142783,nan,143.2033,nan,1,1,4253.509,nan
closed_eye_2466.jpg_face_1,cerrado,B5,138.7548,0.066253,4.3995,16.227,100.0,4.5093,CRITICA,5.6771,0.156993,26.372,88.3053,0.086837,nan,31.0684,nan,1,1,1267.748,nan
closed_eye_2476.jpg_face_1,cerrado,B5,132.222,0.095415,4.3896,16.6533,100.0,5.486,CRITICA,5.8681,0.233099,25.963,87.4051,0.098716,nan,3.4597,nan,1,1,1028.383,nan
closed_eye_2481.jpg_face_1,cerrado,B5,188.0671,0.075312,4.3961,23.1623,100.0,3.5735,CRITICA,3.548,0.065981,22.5147,87.684,nan,nan,nan,nan,1,0,5640.158,nan
closed_eye_2488.jpg_face_1,cerrado,B5,166.3644,0.055689,4.4201,15.7312,100.0,4.3321,CRITICA,4.2507,0.088586,26.6808,90.5441,0.164766,nan,195.8685,nan,1,1,2452.182,nan
closed_eye_2491.jpg_face_1,cerrado,B5,163.7509,0.048206,4.4734,17.1252,100.0,4.6759,CRITICA,4.2881,0.077429,25.7009,89.5419,0.158712,0.199545,229.24,313.9472,1,1,1760.873,nan
closed_eye_2495.jpg_face_1,cerrado,B5,181.2672,0.069288,4.2988,14.8206,100.0,3.1691,CRITICA,3.5214,0.105341,27.3864,91.8239,nan,nan,nan,nan,1,0,1377.79,nan
closed_eye_2500.jpg_face_1,cerrado,B5,169.9372,0.091824,4.4942,16.2606,100.0,4.6671,CRITICA,3.7765,0.112146,26.2596,90.4314,0.170357,nan,85.5248,nan,1,1,1876.173,nan
closed_eye_2501.jpg_face_2,cerrado,B5,135.0347,0.076908,4.3651,17.7346,100.0,5.6389,CRITICA,5.485,0.156264,25.3108,86.8667,0.088756,0.183772,15.4046,138.9492,1,1,2191.541,nan
closed_eye_2504.jpg_face_1,cerrado,B5,182.442,0.091014,4.2918,15.072,100.0,3.6267,CRITICA,3.3182,0.084689,27.1739,91.7388,0.226784,nan,149.1743,nan,1,1,2293.578,nan
closed_eye_2506.jpg_face_1,cerrado,B5,143.0911,0.114048,4.4141,26.2192,100.0,6.187,CRITICA,5.548,0.090014,21.0971,81.6766,0.200972,nan,76.2172,nan,1,1,6230.53,nan
closed_eye_2511.jpg_face_1,cerrado,B5,121.9924,0.133789,4.3823,24.604,100.0,5.9277,CRITICA,6.9729,0.142933,21.7837,79.8315,nan,nan,nan,nan,1,0,6891.799,nan
closed_eye_2518.jpg_face_1,cerrado,B5,153.8036,0.069134,4.4062,16.4581,100.0,5.5318,CRITICA,4.3756,0.133565,26.0807,89.2993,0.110339,nan,59.6026,nan,1,1,2037.49,nan
closed_eye_2530.jpg_face_1,cerrado,B5,150.8136,0.041113,4.332,17.5452,100.0,5.3613,CRITICA,4.7811,0.200895,25.4113,88.3663,0.112824,nan,174.4225,nan,1,1,822.436,nan
closed_eye_2534.jpg_face_1,cerrado,B5,105.2161,0.075382,4.3146,15.2493,100.0,4.6669,CRITICA,8.4797,0.182775,26.9264,85.5067,0.157762,nan,109.2824,nan,1,1,3114.295,nan
closed_eye_2544.BMP_face_1,cerrado,B5,206.2478,0.046468,4.4219,14.4233,100.0,3.4843,CRITICA,2.2451,0.101437,27.7455,93.0068,0.134522,nan,189.496,nan,1,1,1303.271,nan
closed_eye_2547.jpg_face_1,cerrado,B5,175.7431,0.036848,4.3456,14.7457,100.0,3.5821,CRITICA,4.0015,0.106627,27.4944,91.6095,0.19681,nan,434.1088,nan,1,1,1578.034,nan
closed_eye_2557.jpg_face_1,cerrado,B5,130.6174,0.050473,4.3681,14.9961,100.0,3.4572,CRITICA,6.845,0.101391,27.2307,88.5191,0.175751,nan,248.2048,nan,1,1,5115.089,nan
closed_eye_2562.jpg_face_1,cerrado,B5,69.2844,0.086793,4.463,23.3403,100.0,6.019,CRITICA,12.5814,0.288759,22.4175,66.3123,0.150223,0.198119,73.082,128.2669,1,1,5861.664,nan
closed_eye_2568.jpg_face_1,cerrado,B5,128.4843,0.044192,4.2914,17.1186,100.0,5.1516,CRITICA,6.3943,0.253967,25.6942,86.6765,0.183634,nan,315.537,nan,1,1,891.345,nan
closed_eye_2574.jpg_face_1,cerrado,B5,130.7253,0.073115,4.3455,12.7235,100.0,4.0236,CRITICA,5.9085,0.086782,29.3093,90.267,0.17818,0.218295,143.6984,198.5633,1,1,3996.803,nan
closed_eye_2578.jpg_face_1,cerrado,B5,190.2384,0.078492,4.5599,17.9425,100.0,5.5319,CRITICA,2.5744,0.101032,25.2976,90.5684,0.116042,nan,47.8385,nan,1,1,3157.562,nan
closed_eye_2582.jpg_face_1,cerrado,B5,51.3463,0.05231,4.5438,19.732,100.0,7.5622,CRITICA,14.795,0.417379,24.123,61.5707,0.071846,0.138554,37.3471,164.8701,1,1,4789.272,nan
closed_eye_2585.jpg_face_1,cerrado,B5,147.4437,0.045244,4.4266,17.71,100.0,4.5821,CRITICA,5.3278,0.090667,25.3715,87.9886,0.153755,nan,239.8326,nan,1,1,5443.658,nan
closed_eye_2596.jpg_face_8,cerrado,B5,148.8637,0.071321,4.5602,14.4417,100.0,3.2783,CRITICA,4.5568,0.162343,27.6817,90.2987,nan,nan,nan,nan,1,0,670.286,nan
closed_eye_2597.jpg_face_1,cerrado,B5,89.7237,0.069413,4.4666,16.4141,100.0,6.7737,CRITICA,8.8775,0.312139,26.061,81.706,0.086807,nan,25.0593,nan,1,1,1503.533,nan
closed_eye_2600.jpg_face_1,cerrado,B5,143.7705,0.020045,4.3456,15.9556,100.0,4.7281,CRITICA,5.3177,0.141462,26.4979,88.902,0.224383,nan,1019.4121,nan,1,1,1670.286,nan
closed_eye_2608.jpg_face_1,cerrado,B5,119.0192,0.07928,4.5212,12.9564,100.0,4.2168,CRITICA,6.6165,0.131425,29.087,89.114,nan,nan,nan,nan,1,0,5227.391,nan
closed_eye_2612.jpg_face_1,cerrado,B5,197.5829,0.096652,4.383,19.2337,100.0,3.711,CRITICA,2.8163,0.08795,24.4739,90.2655,0.238711,nan,146.9786,nan,1,1,6540.222,nan
closed_eye_2627.jpg_face_1,cerrado,B5,127.1151,0.046158,4.4692,16.9146,100.0,5.5003,CRITICA,6.1751,0.214286,25.8654,86.6935,0.129655,nan,180.8922,nan,1,1,829.531,nan
closed_eye_2629.jpg_face_1,cerrado,B5,102.1046,0.066652,4.4274,15.9359,100.0,5.655,CRITICA,7.8172,0.279635,26.5276,84.3926,0.166337,0.224541,149.5617,236.8871,1,1,503.931,nan
closed_eye_2634.jpg_face_1,cerrado,B5,194.3652,0.090613,4.3357,16.4061,100.0,4.1991,CRITICA,2.7115,0.065242,26.0817,91.5592,0.176473,nan,94.7543,nan,1,1,3736.921,nan
closed_eye_2640.jpg_face_1,cerrado,B5,89.6416,0.058099,4.5748,17.3975,100.0,6.3725,CRITICA,9.7488,0.285359,25.5604,80.5921,0.089307,nan,53.7141,nan,1,1,1296.512,nan
closed_eye_2643.jpg_face_1,cerrado,B5,153.6384,0.082784,4.3569,22.4057,100.0,5.6501,CRITICA,5.3525,0.090523,22.7744,85.4166,nan,nan,nan,nan,1,0,5136.107,nan
closed_eye_2644.bmp_face_4,cerrado,B5,162.4811,0.078743,4.4447,17.8984,100.0,5.168,CRITICA,4.2297,0.173024,25.2332,88.9843,0.091173,0.199124,15.7862,152.8796,1,1,497.934,nan
closed_eye_2648.jpg_face_1,cerrado,B5,136.9677,0.062883,4.4256,16.6084,100.0,4.8773,CRITICA,5.8956,0.129003,26.0581,87.8742,0.162398,nan,158.2548,nan,1,1,2753.304,nan
closed_eye_2651.jpg_face_1,cerrado,B5,122.0837,0.112999,4.4939,24.5853,100.0,7.5622,CRITICA,6.0094,0.109408,21.8484,79.8619,0.128309,0.216686,13.5482,91.7582,1,1,6127.451,nan
closed_eye_2670.jpg_face_1,cerrado,B5,116.709,0.034415,4.3698,20.9841,100.0,5.8305,CRITICA,7.816,0.152836,23.4359,82.0202,0.167947,nan,388.0059,nan,1,1,6365.372,nan
closed_eye_2672.jpg_face_1,cerrado,B5,119.2104,0.067135,4.3004,16.9939,100.0,4.8605,CRITICA,6.8813,0.195327,25.8859,85.7446,0.119948,nan,78.6668,nan,1,1,2293.578,nan
closed_eye_2677.jpg_face_1,cerrado,B5,95.4697,0.120319,4.4819,17.9686,100.0,8.9151,CRITICA,8.0441,0.323083,24.8896,81.1788,0.152515,0.165435,26.7588,37.4968,1,1,891.504,nan
closed_eye_2680.jpg_face_2,cerrado,B5,155.977,0.088632,4.4175,13.7148,100.0,3.1612,CRITICA,4.4615,0.082696,28.4068,91.2071,0.181826,nan,105.1472,nan,1,1,3611.412,nan
closed_eye_2688.jpg_face_4,cerrado,B5,156.8344,0.062148,4.3639,14.993,100.0,3.4791,CRITICA,4.8488,0.148617,27.3005,90.4403,0.244749,nan,293.8139,nan,1,1,803.084,nan
closed_eye_2689.jpg_face_4,cerrado,B5,190.5924,0.063111,4.3529,14.3704,100.0,3.747,CRITICA,2.9716,0.063613,27.6837,92.4601,nan,nan,nan,nan,1,0,4840.271,nan
closed_eye_2693.jpg_face_1,cerrado,B5,122.5225,0.041585,4.5038,16.5348,100.0,5.7784,CRITICA,6.3488,0.178993,26.0285,86.5047,0.158334,0.203045,280.7486,388.2655,1,1,1453.488,nan
closed_eye_2694.jpg_face_1,cerrado,B5,184.9212,0.053145,4.3392,15.2842,100.0,2.9338,CRITICA,3.2488,0.114544,27.0607,91.7348,0.200653,nan,277.5612,nan,1,1,1092.299,nan
closed_eye_2700.jpg_face_2,cerrado,B5,196.5961,0.065325,4.3801,14.8509,100.0,3.605,CRITICA,2.7056,0.109619,27.3691,92.446,0.091246,nan,39.6798,nan,1,1,1260.716,nan
closed_eye_2708.jpg_face_1,cerrado,B5,141.36,0.061159,4.3791,16.9562,100.0,4.718,CRITICA,5.3119,0.133862,25.8768,88.0049,0.138262,nan,126.0719,nan,1,1,1503.081,nan
closed_eye_2715.jpg_face_1,cerrado,B5,123.6474,0.04336,4.3938,15.6078,100.0,5.5219,CRITICA,6.4563,0.123772,26.7669,87.3772,0.14807,nan,241.4855,nan,1,1,2551.02,nan
closed_eye_2721.jpg_face_1,cerrado,B5,144.2799,0.051854,4.4854,16.7788,100.0,4.8885,CRITICA,5.1705,0.115369,26.027,88.3707,0.073132,0.159577,41.0341,207.7413,1,1,2213.859,nan
closed_eye_2735.jpg_face_1,cerrado,B5,170.9088,0.102258,4.3676,17.5982,100.0,6.5025,CRITICA,3.5034,0.18297,25.2846,89.7031,0.174198,0.213719,70.3522,108.9999,1,1,1274.86,nan
closed_eye_2737.jpg_face_1,cerrado,B5,134.4726,0.05525,4.2893,16.1601,100.0,3.8272,CRITICA,6.1822,0.131302,26.4587,87.9826,0.104709,nan,89.5179,nan,1,1,2333.722,nan
closed_eye_2740.jpg_face_1,cerrado,B5,134.7242,0.116701,4.5038,16.7063,100.0,6.4336,CRITICA,5.5285,0.198492,25.9529,87.5996,0.246869,0.240271,111.5389,105.8856,1,1,1658.65,nan
closed_eye_2746.BMP_face_2,cerrado,B5,113.5652,0.10665,4.4092,18.9529,100.0,6.5154,CRITICA,7.0664,0.190847,24.5838,83.311,0.163282,0.195564,53.1015,83.3705,1,1,2346.316,nan
closed_eye_2747.BMP_face_1,cerrado,B5,88.9237,0.080845,4.5166,17.8485,100.0,7.1654,CRITICA,9.0076,0.328591,25.2593,79.9283,0.090703,nan,12.1928,nan,1,1,960.43,nan
closed_eye_2749.jpg_face_2,cerrado,B5,132.3919,0.039239,4.4665,16.7955,100.0,4.417,CRITICA,5.8126,0.1514,26.2183,87.3138,0.115754,nan,194.993,nan,1,1,2602.134,nan
closed_eye_2752.jpg_face_1,cerrado,B5,112.1263,0.028647,4.3482,16.0547,100.0,4.7125,CRITICA,7.5818,0.160713,26.4453,85.6816,0.137542,nan,380.1256,nan,1,1,4889.975,nan
closed_eye_2753.jpg_face_1,cerrado,B5,135.0543,0.036887,4.2922,15.5884,100.0,4.0773,CRITICA,5.9794,0.17403,26.7225,88.4577,0.157068,nan,325.8116,nan,1,1,1235.178,nan
closed_eye_2759.BMP_face_1,cerrado,B5,95.312,0.045975,4.5594,15.9779,100.0,5.0156,CRITICA,9.8755,0.269934,26.4938,83.2363,0.167444,0.239052,264.205,419.9581,1,1,898.473,nan
closed_eye_2767.BMP_face_1,cerrado,B5,145.272,0.095005,4.4403,17.5171,100.0,6.1761,CRITICA,4.854,0.19445,25.3863,87.9419,0.129025,0.223665,35.808,135.4237,1,1,720.305,nan
closed_eye_2769.jpg_face_1,cerrado,B5,121.1566,0.044812,4.464,16.911,100.0,5.1307,CRITICA,6.6258,0.209835,25.8968,86.042,0.09091,0.262075,102.8686,484.8265,1,1,1228.954,nan
closed_eye_2770.jpg_face_1,cerrado,B5,149.4868,0.07375,4.4504,15.3392,100.0,3.5203,CRITICA,5.3337,0.140884,27.0212,89.7388,0.190021,nan,157.6569,nan,1,1,1121.453,nan
closed_eye_2773.jpg_face_1,cerrado,B5,91.4814,0.051991,4.5082,18.0946,100.0,8.1918,CRITICA,8.552,0.287927,24.9018,80.2204,0.116821,0.235091,124.6962,352.1791,1,1,1803.427,nan
closed_eye_2778.jpg_face_2,cerrado,B5,170.1918,0.060353,4.3645,16.3994,100.0,3.8926,CRITICA,4.0039,0.111706,26.2742,90.3642,0.112709,nan,86.7484,nan,1,1,1952.744,nan
closed_eye_2780.jpg_face_1,cerrado,B5,161.0054,0.056895,4.4255,16.946,100.0,4.3454,CRITICA,4.3583,0.123439,25.9083,89.4749,0.102134,nan,79.5137,nan,1,1,1616.554,nan
closed_eye_2793.jpg_face_1,cerrado,B5,156.6787,0.081582,4.3806,16.1416,100.0,4.7845,CRITICA,4.638,0.117854,26.395,89.6976,nan,nan,nan,nan,1,0,2222.222,nan
closed_eye_2794.jpg_face_1,cerrado,B5,150.7771,0.049553,4.417,18.1901,100.0,6.0397,CRITICA,4.5022,0.135351,24.9978,87.9357,0.127734,0.191557,157.7721,286.569,1,1,1409.642,nan
closed_eye_2798.jpg_face_1,cerrado,B5,172.9597,0.021361,4.3589,17.0128,100.0,4.1074,CRITICA,3.984,0.119459,25.8993,90.1637,0.086175,nan,303.4189,nan,1,1,1029.866,nan
closed_eye_2801.jpg_face_2,cerrado,B5,159.7048,0.026155,4.3649,16.4734,100.0,4.1293,CRITICA,4.768,0.126756,26.2653,89.6851,0.12004,nan,358.9558,nan,1,1,1566.171,nan
closed_eye_2803.jpg_face_1,cerrado,B5,194.4599,0.052848,4.3494,14.9712,100.0,3.2253,CRITICA,2.9966,0.117729,27.2362,92.3011,0.185509,nan,251.0236,nan,1,1,806.647,nan
closed_eye_2813.BMP_face_1,cerrado,B5,153.4052,0.046005,4.5143,16.863,100.0,4.3656,CRITICA,4.7297,0.119026,25.9316,89.0075,0.102948,nan,123.7767,nan,1,1,908.926,nan
closed_eye_2817.jpg_face_1,cerrado,B5,115.6957,0.038067,4.4224,17.3685,100.0,5.8699,CRITICA,7.0102,0.285156,25.5916,84.9878,0.079406,0.214837,108.5978,464.3739,1,1,695.265,nan
closed_eye_2847.jpg_face_2,cerrado,B5,71.9011,0.077284,4.5438,17.9886,100.0,6.622,CRITICA,11.9197,0.38435,25.1668,74.9815,0.0859,0.165775,11.1493,114.5026,1,1,569.995,nan
a0068,abierto,B5,107.203,0.190392,4.4084,17.9859,100.0,7.8318,CRITICA,7.2285,0.271567,25.0009,83.2226,0.173183,0.212421,9.0385,11.5703,1,1,1099.989,nan
a0205,abierto,B5,105.8826,0.215294,4.4091,17.9361,100.0,8.168,CRITICA,7.2553,0.285616,25.0215,83.0604,0.183374,0.221958,14.8264,3.0953,1,1,992.654,nan
a0208,abierto,B5,106.9888,0.191685,4.3936,17.686,100.0,7.8876,CRITICA,7.0963,0.284723,25.1914,83.4693,0.17339,0.231818,9.5444,20.9368,1,1,1087.075,nan
a0230,abierto,B5,101.1822,0.186551,4.4158,17.9657,100.0,8.2291,CRITICA,7.6675,0.296777,24.9936,82.2442,0.173257,0.225639,7.1265,20.9529,1,1,952.2,nan
a0245,abierto,B5,111.1183,0.157348,4.4296,16.8192,100.0,7.4261,CRITICA,6.6288,0.281688,25.7462,84.8637,0.162661,0.173251,3.3768,10.107,1,1,984.446,nan
a0277,abierto,B5,112.8277,0.193745,4.4644,17.3637,100.0,7.5816,CRITICA,6.4879,0.272892,25.467,84.6105,0.190129,0.210296,1.8663,8.5424,1,1,1121.453,nan
a0279,abierto,B5,115.3651,0.194289,4.484,17.312,100.0,7.4868,CRITICA,6.3129,0.262861,25.5196,84.9937,0.186468,0.218583,4.0257,12.5039,1,1,1183.572,nan
a0371,abierto,B5,106.1452,0.179992,4.4272,17.6805,100.0,7.9255,CRITICA,7.1151,0.287123,25.2257,83.3431,0.171905,0.211128,4.4929,17.2988,1,1,1006.239,nan
a0372,abierto,B5,105.3966,0.202952,4.4534,17.9732,100.0,8.3939,CRITICA,7.2575,0.28515,24.9808,82.9471,0.186841,0.218722,7.9383,7.77,1,1,1068.148,nan
a0374,abierto,B5,113.7246,0.189319,4.4706,17.6615,100.0,7.4848,CRITICA,6.5784,0.262106,25.2935,84.4699,0.185898,0.209393,1.8069,10.6033,1,1,1059.434,nan
a0379,abierto,B5,109.6001,0.191517,4.4202,17.5862,100.0,7.5215,CRITICA,6.8312,0.276649,25.32,83.9543,0.180736,0.228444,5.6294,19.2809,1,1,1126.888,nan
a0386,abierto,B5,99.5347,0.188042,4.4074,17.6232,100.0,8.3629,CRITICA,7.6275,0.315033,25.1802,82.2945,0.162954,0.215785,13.3415,14.7536,1,1,1125.239,nan
a0418,abierto,B5,100.8038,0.183868,4.4063,17.5511,100.0,8.5352,CRITICA,7.5283,0.308213,25.1866,82.5888,0.17838,0.196566,2.9848,6.906,1,1,1127.015,nan
a0487,abierto,B5,107.0182,0.177507,4.3928,17.5031,100.0,7.9888,CRITICA,7.0541,0.289491,25.264,83.6447,0.188814,0.210795,6.3702,18.7535,1,1,1229.861,nan
a0533,abierto,B5,99.5021,0.17882,4.4152,17.7366,100.0,8.5544,CRITICA,7.6113,0.319258,25.0805,82.1746,0.184077,0.208067,2.9401,16.3558,1,1,1165.501,nan
a0579,abierto,B5,108.9364,0.200394,4.4305,17.8144,100.0,8.1656,CRITICA,7.0409,0.277182,25.0776,83.647,0.219379,0.21247,9.4739,6.0261,1,1,1148.369,nan
a0705,abierto,B5,99.4831,0.188602,4.4158,17.9039,100.0,8.3982,CRITICA,7.7673,0.312285,25.0,82.0031,0.180754,0.215852,4.1612,14.4483,1,1,1118.693,nan
a0857,abierto,B5,100.7418,0.189863,4.3821,17.6973,100.0,7.8838,CRITICA,7.6316,0.304324,25.1915,82.433,0.183941,0.21783,3.1192,14.7298,1,1,1122.712,nan
a0881,abierto,B5,102.0847,0.160364,4.3968,17.7953,100.0,7.9913,CRITICA,7.4836,0.303803,25.1351,82.5681,0.187904,0.213092,17.1733,32.8797,1,1,1108.402,nan
a0947,abierto,B5,103.7651,0.178082,4.425,17.7566,100.0,8.1687,CRITICA,7.3977,0.298288,25.1357,82.8877,0.17842,0.219578,0.1899,23.3017,1,1,1130.327,nan
a0958,abierto,B5,100.0941,0.152446,4.39,17.5693,100.0,8.4248,CRITICA,7.6456,0.308127,25.1671,82.4472,0.151774,0.20966,0.4409,37.5303,1,1,1085.187,nan
a1009,abierto,B5,105.1595,0.197073,4.4037,17.5893,100.0,8.2368,CRITICA,7.3399,0.281979,25.1742,83.2737,0.218142,0.231087,10.6911,17.2595,1,1,1036.377,nan
a1021,abierto,B5,102.9079,0.21184,4.4462,17.8761,100.0,8.3819,CRITICA,7.4998,0.296743,25.0289,82.629,0.220506,0.207483,4.0909,2.0567,1,1,1215.658,nan
a1035,abierto,B5,98.1878,0.202128,4.416,17.5885,100.0,8.5057,CRITICA,7.8504,0.307805,25.1397,82.0869,0.193943,0.211664,4.0496,4.7175,1,1,1035.626,nan
a1057,abierto,B5,105.0502,0.192477,4.4072,17.599,100.0,8.4344,CRITICA,7.2334,0.294995,25.157,83.247,0.181379,0.208743,5.7662,8.4506,1,1,1128.796,nan
a1058,abierto,B5,105.9552,0.194015,4.4155,17.5795,100.0,8.298,CRITICA,7.1519,0.292199,25.1878,83.4085,0.189758,0.221916,2.1944,14.3804,1,1,899.523,nan
a1098,abierto,B5,105.2192,0.158763,4.4197,17.8645,100.0,8.4117,CRITICA,7.2524,0.297239,25.0245,83.0216,0.161478,0.222863,1.7105,40.3751,1,1,1078.516,nan
a1099,abierto,B5,102.9369,0.170909,4.4347,17.625,100.0,8.4889,CRITICA,7.3524,0.302844,25.1541,82.8778,0.167661,0.216242,1.9006,26.5247,1,1,1132.503,nan
a1112,abierto,B5,100.1647,0.177751,4.3973,17.5399,100.0,8.3764,CRITICA,7.5807,0.307851,25.211,82.489,0.175738,0.226917,1.1322,27.6604,1,1,1048.988,nan
a1132,abierto,B5,103.1167,0.180875,4.4397,17.8325,100.0,8.404,CRITICA,7.4586,0.296333,25.0362,82.7064,0.19534,0.232501,7.9974,28.5424,1,1,1070.091,nan
a1147,abierto,B5,104.3383,0.180783,4.4342,17.8762,100.0,8.2413,CRITICA,7.4412,0.287468,25.0203,82.8671,0.175563,0.217598,2.887,20.3642,1,1,1095.53,nan
a1204,abierto,B5,101.9485,0.178114,4.4262,17.8017,100.0,8.2886,CRITICA,7.5972,0.300327,25.0785,82.5386,0.167516,0.232955,5.9505,30.7893,1,1,1030.184,nan
a1207,abierto,B5,105.6055,0.196503,4.3964,17.8802,100.0,8.2615,CRITICA,7.3602,0.285247,25.0005,83.0689,0.177518,0.238246,9.6617,21.2429,1,1,1075.5,nan
a1215,abierto,B5,102.5043,0.190266,4.4069,17.8376,100.0,8.1928,CRITICA,7.5594,0.297148,25.056,82.5982,0.175482,0.22805,7.77,19.8589,1,1,1123.469,nan
a1222,abierto,B5,101.9583,0.187731,4.4334,17.7419,100.0,8.2487,CRITICA,7.5771,0.299234,25.1149,82.5989,0.17313,0.233215,7.7772,24.2286,1,1,1077.006,nan
a1231,abierto,B5,104.621,0.189049,4.447,17.8373,100.0,8.2918,CRITICA,7.286,0.293759,25.0747,82.9506,0.163781,0.227329,13.3657,20.2487,1,1,1123.469,nan
a1241,abierto,B5,103.3224,0.190162,4.4315,17.7438,100.0,8.0526,CRITICA,7.3882,0.296903,25.1571,82.8268,0.162866,0.22349,14.3539,17.5259,1,1,1059.771,nan
b0045,abierto,B5,107.8492,0.197132,4.4405,14.6158,100.0,5.3317,CRITICA,7.8414,0.229584,27.5389,86.4479,0.234716,nan,19.0656,nan,1,1,956.023,nan
b0049,abierto,B5,103.4307,0.212264,4.4566,15.0032,100.0,6.2807,CRITICA,8.3949,0.240545,27.0569,85.4944,0.229648,nan,8.1898,nan,1,1,1096.01,nan
b0113,abierto,B5,108.32,0.220511,4.4564,14.2619,100.0,4.9265,CRITICA,7.9977,0.237565,27.8784,86.8336,0.234029,nan,6.1303,nan,1,1,1084.011,nan
b0155,abierto,B5,106.5512,0.222549,4.438,14.4032,100.0,4.8243,CRITICA,8.1744,0.241414,27.7898,86.4824,0.240886,nan,8.2393,nan,1,1,1057.082,nan
b0256,abierto,B5,111.3167,0.217771,4.4118,14.0119,100.0,4.7468,CRITICA,7.8149,0.227609,28.1162,87.4126,0.255462,nan,17.3074,nan,1,1,1096.852,nan
b0283,abierto,B5,112.5167,0.21094,4.4169,14.1145,100.0,4.8889,CRITICA,7.6886,0.225938,28.0057,87.4556,0.225277,nan,6.7965,nan,1,1,1105.95,nan
b0299,abierto,B5,113.0913,0.213285,4.4389,14.0,100.0,4.8098,CRITICA,7.6282,0.222558,28.1044,87.6206,0.239101,nan,12.1039,nan,1,1,1098.901,nan
b0457,abierto,B5,112.4892,0.174146,4.4495,14.8683,100.0,5.3282,CRITICA,7.5306,0.222113,27.3856,86.7824,0.220874,nan,26.8321,nan,1,1,989.218,nan
b0479,abierto,B5,114.0623,0.204017,4.4391,15.3129,100.0,6.1142,CRITICA,7.3983,0.217509,26.9317,86.575,0.224034,nan,9.8111,nan,1,1,1041.341,nan
c0029,abierto,B5,87.4683,0.30645,4.4534,17.5127,100.0,8.1142,CRITICA,9.1081,0.341975,25.2248,79.9782,0.296398,0.282891,3.2804,7.6877,1,1,1126.126,nan
c0050,abierto,B5,90.9132,0.301011,4.4337,17.2676,100.0,8.3621,CRITICA,8.6316,0.34201,25.3404,81.0065,0.30564,0.26412,1.5379,12.2558,1,1,1112.718,nan
c0207,abierto,B5,117.4915,0.250696,4.3667,16.0137,100.0,6.3845,CRITICA,6.2665,0.253958,26.3897,86.3703,0.259708,0.221876,3.5947,11.4961,1,1,1106.072,nan
c0268,abierto,B5,117.3226,0.269166,4.3676,16.9512,100.0,6.4191,CRITICA,6.686,0.227035,25.7369,85.5517,0.25942,0.252932,3.6211,6.0313,1,1,1000.2,nan
c0292,abierto,B5,123.7112,0.33082,4.4136,15.8229,100.0,5.4981,CRITICA,6.0855,0.217295,26.6394,87.2098,0.259495,0.264694,21.5601,19.9883,1,1,1047.12,nan
c0296,abierto,B5,124.4156,0.334806,4.4298,16.0658,100.0,5.5856,CRITICA,5.988,0.221365,26.4726,87.087,0.256585,0.255153,23.363,23.7908,1,1,1185.677,nan
c0337,abierto,B5,108.3967,0.325039,4.38,17.8949,100.0,7.6667,CRITICA,7.4315,0.246428,25.026,83.4913,0.299894,0.281221,7.736,13.4807,1,1,1131.35,nan
c0358,abierto,B5,101.9,0.314931,4.3916,17.8384,100.0,7.9793,CRITICA,7.9063,0.2693,25.0267,82.4942,0.294885,0.285087,6.3653,9.4764,1,1,951.565,nan
c0374,abierto,B5,96.4715,0.304384,4.4319,17.954,100.0,8.5378,CRITICA,8.0809,0.303715,24.9478,81.3894,0.293811,0.265887,3.4736,12.6475,1,1,1113.834,nan
c0377,abierto,B5,94.5033,0.294371,4.4296,18.0474,100.0,8.4871,CRITICA,8.2948,0.31041,24.905,80.9029,0.275542,0.257172,6.3962,12.6365,1,1,1098.298,nan
c0417,abierto,B5,97.9939,0.29004,4.4497,17.9776,100.0,8.5519,CRITICA,7.9877,0.309168,24.8891,81.6544,0.274122,0.264848,5.4882,8.6856,1,1,1031.992,nan
c0430,abierto,B5,95.1566,0.29651,4.4154,17.7876,100.0,8.4845,CRITICA,8.3354,0.309557,24.9847,81.3071,0.27342,0.273445,7.7874,7.779,1,1,1081.783,nan
d0006,abierto,B5,129.978,0.215322,4.4156,15.3099,100.0,4.7458,CRITICA,6.3489,0.174704,27.1208,88.2212,0.204855,nan,4.8612,nan,1,1,1084.716,nan
d0023,abierto,B5,134.7074,0.220061,4.3785,15.4508,100.0,4.9313,CRITICA,6.0348,0.168644,26.9732,88.5301,0.212136,nan,3.6012,nan,1,1,1188.778,nan
d0054,abierto,B5,130.7335,0.208247,4.3701,15.4152,100.0,5.0637,CRITICA,6.3138,0.177785,26.9633,88.2087,0.195944,0.204499,5.9078,1.8001,1,1,1213.003,nan
d0073,abierto,B5,133.7511,0.204412,4.3735,15.2853,100.0,4.8571,CRITICA,6.0872,0.171196,27.1139,88.5718,0.195649,nan,4.2867,nan,1,1,1015.331,nan
d0115,abierto,B5,134.7699,0.179629,4.4003,15.1548,100.0,4.9224,CRITICA,6.0138,0.170757,27.1884,88.755,0.166043,0.2014,7.5629,12.1204,1,1,1048.878,nan
d0131,abierto,B5,133.0212,0.207191,4.3765,15.3773,100.0,5.0136,CRITICA,6.1534,0.172926,27.0099,88.4399,0.172113,0.202329,16.9304,2.3465,1,1,1177.302,nan
d0184,abierto,B5,137.2668,0.207389,4.3743,15.1885,100.0,4.8697,CRITICA,5.8694,0.167586,27.1616,88.935,0.176656,0.216015,14.8192,4.1594,1,1,1110.864,nan
d0342,abierto,B5,135.2343,0.21457,4.3668,15.4698,100.0,4.9466,CRITICA,6.0369,0.170686,26.945,88.5607,0.194314,0.202131,9.44,5.797,1,1,1119.445,nan
d0374,abierto,B5,134.0837,0.201444,4.363,15.4499,100.0,4.9415,CRITICA,6.1148,0.171244,26.9545,88.4775,0.199853,0.213874,0.7901,6.1704,1,1,1048.548,nan
d0398,abierto,B5,135.0996,0.222484,4.3614,15.3035,100.0,4.9477,CRITICA,6.0308,0.169145,27.056,88.6724,0.200953,0.215221,9.6775,3.2645,1,1,1121.957,nan
d0416,abierto,B5,134.9502,0.218655,4.3936,15.535,100.0,4.8336,CRITICA,6.0653,0.174202,26.9131,88.4883,0.203161,0.210229,7.0861,3.8536,1,1,1129.816,nan
d0417,abierto,B5,133.4991,0.212267,4.3628,15.2685,100.0,4.9574,CRITICA,6.1392,0.170647,27.0754,88.5628,0.187689,0.20402,11.579,3.8851,1,1,1116.695,nan
d0467,abierto,B5,133.9749,0.209164,4.3693,15.321,100.0,4.8986,CRITICA,6.1137,0.172126,27.0633,88.5643,0.193599,0.214472,7.4415,2.5375,1,1,1080.38,nan
d0567,abierto,B5,131.7498,0.216509,4.3538,15.2574,100.0,4.9063,CRITICA,6.2676,0.176654,27.0971,88.4194,0.193574,0.207998,10.5931,3.931,1,1,869.943,nan
d0600,abierto,B5,132.3324,0.233118,4.3555,15.4793,100.0,4.963,CRITICA,6.2462,0.175487,26.9309,88.3027,0.20456,0.211567,12.2507,9.2449,1,1,1128.541,nan
d0767,abierto,B5,136.2842,0.204385,4.3718,15.0796,100.0,4.5718,CRITICA,5.9491,0.169461,27.2829,88.9352,0.187971,nan,8.0309,nan,1,1,1112.223,nan
d0853,abierto,B5,135.4113,0.209141,4.3398,15.1727,100.0,4.6905,CRITICA,6.011,0.169343,27.2,88.7951,0.180809,0.216076,13.5468,3.3158,1,1,1111.482,nan
d0866,abierto,B5,136.9556,0.225879,4.3582,15.1147,100.0,4.7143,CRITICA,5.8875,0.167612,27.2551,88.9638,0.200824,nan,11.0921,nan,1,1,1113.214,nan
d0903,abierto,B5,135.564,0.204794,4.3532,15.2762,100.0,4.7459,CRITICA,5.9943,0.170812,27.1228,88.7313,0.183055,0.218643,10.615,6.7621,1,1,1104.484,nan
d0929,abierto,B5,136.7708,0.182757,4.3466,15.0135,100.0,4.6061,CRITICA,5.9176,0.169479,27.3435,89.0229,0.154271,0.203865,15.5868,11.5495,1,1,1153.669,nan
d0974,abierto,B5,134.2066,0.208781,4.3504,15.0062,100.0,4.6504,CRITICA,6.0714,0.170419,27.342,88.8186,0.176268,0.214483,15.5728,2.7311,1,1,1116.445,nan
d1012,abierto,B5,134.735,0.205228,4.3656,15.0717,100.0,4.7654,CRITICA,6.0376,0.171447,27.2661,88.8138,0.194887,0.194523,5.039,5.2162,1,1,1131.35,nan
e0058,abierto,B5,97.7452,0.304804,4.5153,16.1266,100.0,6.4955,CRITICA,8.3389,0.35411,26.3562,83.5014,0.23716,0.220527,22.1927,27.6495,1,1,1093.494,nan
e0168,abierto,B5,94.2794,0.302774,4.528,16.2778,100.0,6.8829,CRITICA,8.6637,0.373893,26.1798,82.7345,0.236806,0.208551,21.7876,31.1197,1,1,1089.681,nan
e0202,abierto,B5,95.4639,0.309876,4.4855,16.4599,100.0,6.5456,CRITICA,8.5959,0.376973,26.1454,82.758,0.232234,0.22356,25.0558,27.855,1,1,1059.098,nan
e0205,abierto,B5,98.4094,0.33,4.4491,16.3094,100.0,6.6552,CRITICA,8.3423,0.356043,26.2229,83.427,0.241892,0.20447,26.6995,38.0395,1,1,1145.869,nan
e0278,abierto,B5,92.0341,0.302913,4.5315,15.9461,100.0,6.7883,CRITICA,8.8515,0.372395,26.3857,82.6737,0.23576,0.208646,22.1691,31.1202,1,1,1050.862,nan
e0281,abierto,B5,90.3227,0.304354,4.4812,15.9302,100.0,6.5947,CRITICA,9.0007,0.383225,26.3947,82.363,0.247252,0.206851,18.7615,32.036,1,1,1121.579,nan
e0287,abierto,B5,94.9805,0.30329,4.5325,16.2722,100.0,6.6952,CRITICA,8.6051,0.372785,26.2537,82.8678,0.234869,0.211379,22.5597,30.3046,1,1,1140.511,nan
e0300,abierto,B5,92.9129,0.311715,4.5467,16.13,100.0,6.6553,CRITICA,8.7962,0.375563,26.3297,82.6397,0.235487,0.212219,24.4543,31.919,1,1,1083.189,nan
e0322,abierto,B5,97.0838,0.301221,4.4385,16.2769,100.0,6.2874,CRITICA,8.4277,0.369862,26.3236,83.2342,0.237437,0.21501,21.175,28.6204,1,1,1071.926,nan
e0374,abierto,B5,93.7322,0.309423,4.5277,16.3873,100.0,6.8522,CRITICA,8.7425,0.377986,26.116,82.5169,0.2314,0.200648,25.2157,35.1541,1,1,1131.478,nan
e0553,abierto,B5,97.4391,0.302765,4.5225,15.9693,100.0,6.4833,CRITICA,8.4014,0.352962,26.4678,83.6109,0.248154,0.202248,18.0377,33.1997,1,1,1031.566,nan
e0647,abierto,B5,97.3769,0.310426,4.444,16.4274,100.0,6.0597,CRITICA,8.4089,0.371163,26.2334,83.1301,0.236989,0.21496,23.6567,30.7532,1,1,1057.082,nan
e0680,abierto,B5,96.8882,0.30741,4.4513,16.7035,100.0,6.6178,CRITICA,8.5268,0.366376,25.9473,82.76,0.220534,0.197099,28.2605,35.8839,1,1,1140.511,nan
e0737,abierto,B5,93.8367,0.297349,4.5162,16.4208,100.0,7.1297,CRITICA,8.9186,0.364189,26.0503,82.5006,0.239616,0.204319,19.4157,31.2862,1,1,1131.222,nan
e0758,abierto,B5,96.961,0.286294,4.4532,16.4379,100.0,6.7475,CRITICA,8.5509,0.362217,26.1074,83.0469,0.240729,0.196949,15.9156,31.2075,1,1,1072.041,nan
e0831,abierto,B5,92.2407,0.301837,4.535,16.3932,100.0,6.8287,CRITICA,8.9139,0.381053,26.0749,82.2278,0.234638,0.193176,22.2634,35.9998,1,1,1005.126,nan
e0861,abierto,B5,93.7521,0.299382,4.5154,16.5079,100.0,6.6514,CRITICA,8.771,0.376742,26.0762,82.3919,0.232347,0.206879,22.3913,30.8981,1,1,1098.056,nan
e0888,abierto,B5,88.4792,0.296254,4.4415,16.0447,100.0,6.6673,CRITICA,9.1618,0.39221,26.3776,81.8661,0.216172,0.224085,27.0316,24.3603,1,1,1042.644,nan
e1060,abierto,B5,84.1714,0.326444,4.5399,16.1447,100.0,6.778,CRITICA,9.7881,0.406533,26.3204,80.8192,0.279517,nan,14.3751,nan,1,1,1111.605,nan
e1065,abierto,B5,98.5042,0.315355,4.4376,15.7169,100.0,6.373,CRITICA,8.2957,0.345621,26.6933,84.0444,0.228262,nan,27.6174,nan,1,1,1143.38,nan
g0075,abierto,B5,106.0066,0.266253,4.4684,16.5189,100.0,6.0838,CRITICA,7.7513,0.242225,26.0576,84.4171,0.247615,0.238987,7.0001,10.2407,1,1,1116.321,nan
g0149,abierto,B5,105.3766,0.271718,4.4837,16.4104,100.0,5.9919,CRITICA,7.7375,0.248334,26.1513,84.4269,0.273547,0.256251,0.6733,5.6922,1,1,1009.184,nan
h0047,abierto,B5,55.8931,0.215968,4.4933,17.5104,100.0,8.0689,CRITICA,13.413,0.479521,25.333,68.6717,0.223245,0.220411,3.3695,2.0574,1,1,1124.227,nan
h0223,abierto,B5,59.106,0.214156,4.4832,17.8025,100.0,8.1949,CRITICA,13.0074,0.46273,25.1024,69.8803,0.20877,0.231405,2.5152,8.0544,1,1,1106.195,nan
h0256,abierto,B5,59.179,0.182587,4.4794,17.8165,100.0,8.4355,CRITICA,12.9863,0.467761,25.0572,69.894,0.189835,0.197331,3.9696,8.0751,1,1,1082.485,nan
h0261,abierto,B5,58.4707,0.189629,4.4958,17.8392,100.0,8.4848,CRITICA,13.0848,0.470402,25.0509,69.4903,0.200152,0.202444,5.5491,6.7581,1,1,1093.972,nan
h0300,abierto,B5,58.9475,0.189372,4.4834,17.8129,100.0,8.5015,CRITICA,13.0242,0.452255,25.059,69.7818,0.202027,0.197667,6.6827,4.3805,1,1,1137.656,nan
h0323,abierto,B5,55.9636,0.194831,4.4918,17.7145,100.0,8.3456,CRITICA,13.4491,0.484217,25.1685,68.3464,0.201204,0.202509,3.2712,3.941,1,1,1175.088,nan
h0329,abierto,B5,54.8175,0.195964,4.5201,17.8614,100.0,8.5849,CRITICA,13.5967,0.488932,25.0656,67.4165,0.205953,0.203984,5.0975,4.0926,1,1,950.39,nan
h0407,abierto,B5,56.4454,0.201511,4.4918,17.7574,100.0,8.5476,CRITICA,13.4052,0.480381,25.098,68.5405,0.207819,0.211948,3.1302,5.1795,1,1,1131.734,nan
h0421,abierto,B5,56.8739,0.210762,4.4949,17.6731,100.0,8.4524,CRITICA,13.2799,0.471943,25.1578,68.9258,0.210651,0.20721,0.0526,1.6855,1,1,979.048,nan
h0503,abierto,B5,57.7477,0.204377,4.4833,17.5923,100.0,8.0073,CRITICA,13.2623,0.469623,25.2811,69.5359,0.190872,0.198267,6.608,2.9898,1,1,907.853,nan
h0514,abierto,B5,57.3315,0.19472,4.497,17.7119,100.0,8.2972,CRITICA,13.3192,0.472668,25.1589,69.1061,0.196736,0.204109,1.0353,4.8218,1,1,1187.085,nan
h0583,abierto,B5,64.5145,0.201267,4.495,17.9539,100.0,8.45,CRITICA,12.2568,0.43869,24.9391,72.1707,0.211404,0.207115,5.0369,2.9059,1,1,1072.271,nan
i0008,abierto,B5,131.2395,0.184599,4.4043,14.2324,100.0,4.3272,CRITICA,6.168,0.193561,27.9631,89.1554,0.198505,nan,7.5333,nan,1,1,1090.869,nan
i0075,abierto,B5,131.3709,0.180086,4.4032,14.4044,100.0,4.259,CRITICA,6.16,0.194095,27.8312,89.0353,0.209118,nan,16.121,nan,1,1,1118.819,nan
i0078,abierto,B5,134.155,0.185468,4.4146,14.3552,100.0,4.487,CRITICA,5.9428,0.188445,27.857,89.2996,0.204408,nan,10.2123,nan,1,1,1080.497,nan
i0216,abierto,B5,139.02,0.178705,4.4118,14.4943,100.0,4.3299,CRITICA,5.6806,0.181515,27.7584,89.574,0.192084,nan,7.4865,nan,1,1,1088.613,nan
i0234,abierto,B5,138.2159,0.188528,4.4334,14.3815,100.0,4.4057,CRITICA,5.7016,0.182043,27.8453,89.5949,0.210856,nan,11.843,nan,1,1,1147.315,nan
i0249,abierto,B5,140.9356,0.165617,4.3922,14.5038,100.0,4.4863,CRITICA,5.5385,0.178835,27.6933,89.7089,0.187328,nan,13.1094,nan,1,1,1052.742,nan
i0284,abierto,B5,135.1494,0.174754,4.4133,14.4385,100.0,4.39,CRITICA,5.9035,0.18865,27.7712,89.3167,0.216828,nan,24.0762,nan,1,1,1118.693,nan
i0303,abierto,B5,129.4504,0.161292,4.3787,14.4489,100.0,4.4851,CRITICA,6.2782,0.19962,27.7307,88.8383,0.195314,nan,21.0929,nan,1,1,1169.044,nan
i0323,abierto,B5,131.2593,0.171237,4.3811,14.4729,100.0,4.5248,CRITICA,6.1428,0.195066,27.7338,88.9738,0.200467,nan,17.0701,nan,1,1,1052.299,nan
i0338,abierto,B5,131.6569,0.186224,4.3882,14.2073,100.0,4.3628,CRITICA,6.1538,0.191569,27.9372,89.2089,0.199911,nan,7.3493,nan,1,1,1136.751,nan
i0347,abierto,B5,131.2627,0.173278,4.3692,14.1387,100.0,4.2707,CRITICA,6.1999,0.191895,27.9797,89.2287,0.202835,nan,17.0573,nan,1,1,1130.582,nan
i0363,abierto,B5,133.4917,0.162346,4.3978,14.5516,100.0,4.6307,CRITICA,6.0246,0.191307,27.6581,89.0992,0.208242,nan,28.2707,nan,1,1,878.966,nan
i0365,abierto,B5,133.3032,0.178351,4.4141,14.5588,100.0,4.6524,CRITICA,6.0326,0.192277,27.6502,89.0784,0.205565,nan,15.2584,nan,1,1,1135.976,nan
i0441,abierto,B5,130.3481,0.174861,4.3805,14.4791,100.0,4.5072,CRITICA,6.2158,0.198043,27.7199,88.892,0.197736,nan,13.0818,nan,1,1,910.581,nan
i0456,abierto,B5,128.4062,0.160253,4.3664,14.2842,100.0,4.3758,CRITICA,6.3548,0.195176,27.8934,88.8758,0.181963,nan,13.5474,nan,1,1,967.492,nan
i0484,abierto,B5,130.5161,0.177996,4.3736,14.3931,100.0,4.4565,CRITICA,6.1962,0.194884,27.8037,88.9721,0.20232,nan,13.6654,nan,1,1,1162.115,nan
i0502,abierto,B5,129.0486,0.169086,4.351,14.3304,100.0,4.339,CRITICA,6.3408,0.196819,27.8268,88.8953,0.200996,nan,18.8718,nan,1,1,1060.895,nan
i0520,abierto,B5,130.1283,0.157734,4.3586,14.3425,100.0,4.291,CRITICA,6.2179,0.1961,27.8548,88.9782,0.204556,nan,29.6845,nan,1,1,1135.332,nan
i0524,abierto,B5,130.0517,0.162432,4.3509,14.4384,100.0,4.4259,CRITICA,6.236,0.196404,27.7424,88.8979,0.19687,nan,21.2018,nan,1,1,1064.623,nan
i0730,abierto,B5,126.2707,0.157908,4.4226,14.2933,100.0,4.4602,CRITICA,6.44,0.202761,27.9111,88.6804,0.176019,nan,11.4694,nan,1,1,871.08,nan
i0802,abierto,B5,124.8662,0.198388,4.4496,14.2469,100.0,4.5552,CRITICA,6.5147,0.204594,27.9622,88.5903,0.222403,nan,12.1052,nan,1,1,1097.213,nan
i0822,abierto,B5,124.973,0.162208,4.4582,14.2857,100.0,4.5322,CRITICA,6.5166,0.205039,27.9392,88.569,0.177964,nan,9.7136,nan,1,1,1180.638,nan
i0834,abierto,B5,125.2458,0.207497,4.4133,14.2641,100.0,4.3362,CRITICA,6.523,0.203565,27.9512,88.6111,0.223618,nan,7.769,nan,1,1,1201.201,nan
i0909,abierto,B5,134.4207,0.176641,4.4098,14.6176,100.0,4.7376,CRITICA,5.9309,0.190814,27.5911,89.1255,0.206975,nan,17.173,nan,1,1,1115.573,nan
i0977,abierto,B5,131.6056,0.190217,4.377,14.6238,100.0,4.554,CRITICA,6.1409,0.196208,27.6087,88.8882,0.209843,nan,10.318,nan,1,1,925.241,nan
i1031,abierto,B5,133.1476,0.176096,4.359,14.1362,100.0,4.2202,CRITICA,6.1425,0.185797,27.9541,89.3831,0.184641,nan,4.8525,nan,1,1,1112.223,nan
j0071,abierto,B5,138.3835,0.146983,4.4356,14.6666,100.0,4.1819,CRITICA,5.8931,0.161932,27.5556,89.4015,0.166433,nan,13.2322,nan,1,1,997.606,nan
j0077,abierto,B5,140.0625,0.175935,4.4326,14.8641,100.0,4.2845,CRITICA,5.7703,0.159989,27.3952,89.3875,0.182125,nan,3.5181,nan,1,1,965.158,nan
j0114,abierto,B5,139.4847,0.168142,4.4442,14.57,100.0,4.2536,CRITICA,5.8104,0.158494,27.6067,89.5544,0.184231,nan,9.5688,nan,1,1,1077.586,nan
j0128,abierto,B5,136.2113,0.172362,4.4744,15.2635,100.0,4.4783,CRITICA,5.9807,0.168701,27.1,88.7942,0.183284,nan,6.3367,nan,1,1,926.441,nan
j0133,abierto,B5,139.491,0.147965,4.4394,14.612,100.0,4.2272,CRITICA,5.8219,0.160046,27.5982,89.5248,0.150632,nan,1.8025,nan,1,1,1014.199,nan
j0178,abierto,B5,127.1424,0.173479,4.4671,14.7772,100.0,4.3225,CRITICA,6.618,0.183099,27.4485,88.3774,0.192419,nan,10.9175,nan,1,1,1147.579,nan
j0218,abierto,B5,127.5553,0.188667,4.4442,14.9525,100.0,4.4361,CRITICA,6.6126,0.182214,27.2945,88.2776,0.174623,nan,7.4435,nan,1,1,1138.563,nan
j0466,abierto,B5,130.6139,0.17338,4.4788,15.2993,100.0,4.443,CRITICA,6.3549,0.178773,27.0716,88.2866,0.180162,nan,3.9118,nan,1,1,1074.576,nan
j0475,abierto,B5,130.0301,0.18817,4.4546,15.1266,100.0,4.4915,CRITICA,6.4017,0.177389,27.1564,88.3668,0.19414,nan,3.1727,nan,1,1,1145.344,nan
j0498,abierto,B5,130.5806,0.175506,4.4707,15.1823,100.0,4.5031,CRITICA,6.3559,0.177508,27.1428,88.3732,0.181622,nan,3.4848,nan,1,1,1085.658,nan
j0531,abierto,B5,130.5303,0.184923,4.4777,15.1295,100.0,4.501,CRITICA,6.3594,0.176644,27.1719,88.4092,0.191221,nan,3.4055,nan,1,1,874.661,nan
j0551,abierto,B5,130.8086,0.192067,4.4747,15.139,100.0,4.4702,CRITICA,6.3315,0.175632,27.1838,88.4266,0.189277,nan,1.4525,nan,1,1,1121.076,nan
j0576,abierto,B5,129.4136,0.172484,4.4713,15.2566,100.0,4.4684,CRITICA,6.4287,0.179712,27.0903,88.211,0.184772,nan,7.1239,nan,1,1,1055.855,nan
j0647,abierto,B5,129.4053,0.178718,4.4578,15.184,100.0,4.3606,CRITICA,6.44,0.17951,27.1528,88.2663,0.178084,nan,0.355,nan,1,1,1111.358,nan
j0656,abierto,B5,130.709,0.185198,4.4754,15.2737,100.0,4.5334,CRITICA,6.3464,0.178195,27.0708,88.3147,0.198791,nan,7.3398,nan,1,1,948.407,nan
j0664,abierto,B5,129.3913,0.177044,4.468,15.1874,100.0,4.6265,CRITICA,6.4225,0.178008,27.1117,88.2624,0.187722,nan,6.0315,nan,1,1,1126.761,nan
j0680,abierto,B5,129.2441,0.167715,4.4695,14.7675,100.0,4.3664,CRITICA,6.4354,0.176328,27.4531,88.574,0.179537,nan,7.0489,nan,1,1,1072.041,nan
j0682,abierto,B5,129.9006,0.182076,4.4788,15.1712,100.0,4.4286,CRITICA,6.4083,0.178206,27.1725,88.3209,0.17954,nan,1.3931,nan,1,1,1125.239,nan
k0064,abierto,B5,124.2506,0.268351,4.3986,14.302,100.0,4.1288,CRITICA,7.1708,0.179358,27.9007,88.4894,0.255836,nan,4.6636,nan,1,1,1077.006,nan
k0066,abierto,B5,123.5542,0.259527,4.3973,14.388,100.0,4.1205,CRITICA,7.2234,0.180935,27.838,88.3549,0.252285,nan,2.7905,nan,1,1,1139.991,nan
k0091,abierto,B5,123.0141,0.250777,4.389,14.2794,100.0,4.06,CRITICA,7.2549,0.182187,27.9209,88.3921,0.262769,nan,4.7816,nan,1,1,1000.7,nan
k0106,abierto,B5,123.0286,0.278243,4.387,14.1936,100.0,4.0187,CRITICA,7.2489,0.182732,27.9945,88.4632,0.271382,nan,2.466,nan,1,1,1040.366,nan
k0107,abierto,B5,123.7871,0.232582,4.4012,14.3187,100.0,4.0776,CRITICA,7.2119,0.181345,27.8886,88.4328,0.258417,nan,11.1079,nan,1,1,1129.561,nan
k0138,abierto,B5,123.7632,0.287397,4.3956,14.2606,100.0,4.1052,CRITICA,7.1978,0.180187,27.9344,88.4775,0.284167,nan,1.1238,nan,1,1,1137.915,nan
k0193,abierto,B5,122.8918,0.218824,4.3972,14.1737,100.0,4.0865,CRITICA,7.2432,0.184372,28.0099,88.4665,0.246261,nan,12.5387,nan,1,1,1105.217,nan
k0204,abierto,B5,123.1659,0.271748,4.3981,14.2696,100.0,4.1769,CRITICA,7.2308,0.179681,27.9166,88.4144,0.263339,nan,3.0944,nan,1,1,1098.66,nan
k0208,abierto,B5,123.0598,0.273248,4.4077,14.2521,100.0,4.1737,CRITICA,7.2435,0.179624,27.9278,88.4186,0.265466,nan,2.848,nan,1,1,989.218,nan
k0256,abierto,B5,121.78,0.277949,4.3922,14.3652,100.0,4.0707,CRITICA,7.3437,0.184299,27.8636,88.204,0.273316,nan,1.6668,nan,1,1,1077.47,nan
k0312,abierto,B5,122.9681,0.265,4.4399,14.1532,100.0,4.3914,CRITICA,7.1897,0.183766,27.9604,88.4903,0.268401,nan,1.2835,nan,1,1,1150.88,nan
k0448,abierto,B5,121.4131,0.229903,4.4089,13.9963,100.0,4.236,CRITICA,7.2985,0.184345,28.1276,88.4722,0.224111,nan,2.5191,nan,1,1,847.817,nan
k0535,abierto,B5,120.7717,0.259805,4.4477,14.0834,100.0,4.1581,CRITICA,7.3739,0.188901,28.072,88.3388,0.262797,nan,1.1519,nan,1,1,1063.603,nan
l0028,abierto,B5,117.7884,0.266936,4.5362,16.894,100.0,4.7031,CRITICA,7.4268,0.230283,25.9488,85.6574,0.260239,0.214025,2.5089,19.8217,1,1,1131.734,nan
l0039,abierto,B5,110.5708,0.25245,4.5091,16.9258,100.0,4.7274,CRITICA,7.9805,0.248924,25.9134,84.6924,0.247358,0.217516,2.0171,13.838,1,1,1107.788,nan
l0047,abierto,B5,109.9283,0.279278,4.5292,17.1604,100.0,4.8172,CRITICA,8.0549,0.253439,25.7602,84.3895,0.258983,0.224757,7.2669,19.5219,1,1,1082.017,nan
l0091,abierto,B5,96.6747,0.2421,4.4891,16.8432,100.0,5.5301,CRITICA,9.0096,0.299683,25.8852,82.5775,0.235341,0.229798,2.792,5.0815,1,1,1028.278,nan
l0109,abierto,B5,98.1978,0.235224,4.5186,16.8781,100.0,5.5111,CRITICA,8.9005,0.294167,25.8746,82.8122,0.213399,0.22064,9.2786,6.2001,1,1,1119.194,nan
l0196,abierto,B5,99.1985,0.252247,4.5313,16.8745,100.0,5.5003,CRITICA,8.8041,0.289628,25.8719,82.9892,0.264629,0.218894,4.9089,13.2222,1,1,938.35,nan
l0299,abierto,B5,100.5383,0.19278,4.5388,16.7985,100.0,5.3591,CRITICA,8.6818,0.287586,25.9511,83.2914,0.214016,0.213809,11.0159,10.9087,1,1,1142.335,nan
l0357,abierto,B5,100.8452,0.24459,4.5407,16.8316,100.0,5.3799,CRITICA,8.6592,0.28602,25.9234,83.3095,0.24105,0.227461,1.4476,7.0033,1,1,990.001,nan
l0388,abierto,B5,98.0366,0.202026,4.5347,16.9736,100.0,5.5456,CRITICA,8.884,0.296027,25.8261,82.6864,0.216957,0.220009,7.3904,8.9013,1,1,1006.745,nan
m0062,abierto,B5,98.9516,0.175608,4.4924,16.193,100.0,6.4356,CRITICA,8.661,0.258771,26.2517,83.6354,0.155036,nan,11.715,nan,1,1,1121.453,nan
m0103,abierto,B5,93.7486,0.204557,4.5224,15.8376,100.0,6.2568,CRITICA,9.2629,0.272156,26.5134,83.1063,0.188282,nan,7.9561,nan,1,1,1153.403,nan
m0111,abierto,B5,96.358,0.19892,4.527,15.9817,100.0,6.276,CRITICA,8.9581,0.262436,26.4141,83.4143,0.199055,nan,0.0678,nan,1,1,1104.728,nan
m0136,abierto,B5,96.601,0.186263,4.5142,16.2119,100.0,6.511,CRITICA,8.876,0.262295,26.2327,83.2177,0.169161,nan,9.1814,nan,1,1,1153.137,nan
m0152,abierto,B5,94.4558,0.185047,4.5303,15.58,100.0,5.8973,CRITICA,9.1667,0.270709,26.7367,83.5055,0.175503,nan,5.1574,nan,1,1,1099.384,nan
m0172,abierto,B5,94.178,0.187205,4.5094,15.8157,100.0,6.2282,CRITICA,9.1769,0.269093,26.5335,83.2066,0.169963,nan,9.2107,nan,1,1,1119.445,nan
m0193,abierto,B5,95.5645,0.175649,4.5198,15.4352,100.0,5.8265,CRITICA,9.0726,0.268323,26.8237,83.8484,0.187463,nan,6.726,nan,1,1,1060.445,nan
m0201,abierto,B5,94.7959,0.157956,4.5271,15.9467,100.0,6.3495,CRITICA,9.0981,0.267831,26.4307,83.1778,0.151724,nan,3.9455,nan,1,1,1123.091,nan
m0346,abierto,B5,91.9489,0.178742,4.5372,15.9669,100.0,6.3411,CRITICA,9.4131,0.277701,26.3953,82.635,0.180953,nan,1.2369,nan,1,1,1067.92,nan
m0443,abierto,B5,106.4978,0.15413,4.4688,15.5709,100.0,6.0352,CRITICA,7.8602,0.234658,26.7575,85.3792,0.182839,nan,18.6264,nan,1,1,1113.958,nan
m0457,abierto,B5,100.3348,0.170411,4.5039,16.3964,100.0,6.4142,CRITICA,8.4689,0.26724,26.1556,83.6584,0.159512,nan,6.3956,nan,1,1,1134.945,nan
m0505,abierto,B5,99.606,0.159609,4.513,16.3333,100.0,6.4647,CRITICA,8.533,0.267499,26.2064,83.602,0.169327,nan,6.0883,nan,1,1,1080.847,nan
n0062,abierto,B5,137.7514,0.191702,4.3741,17.5449,100.0,5.7812,CRITICA,5.7309,0.191451,25.4741,87.2633,0.192327,0.211557,0.3259,10.3568,1,1,652.955,nan
n0063,abierto,B5,137.2028,0.193722,4.3706,17.6327,100.0,5.7737,CRITICA,5.7819,0.193327,25.4295,87.1484,0.193965,0.207108,0.1251,6.9099,1,1,1126.634,nan
n0140,abierto,B5,136.69,0.208797,4.3515,17.6771,100.0,5.9368,CRITICA,5.7765,0.192282,25.3982,87.0678,0.191726,0.202074,8.1761,3.2199,1,1,1116.944,nan
n0202,abierto,B5,140.1217,0.180565,4.3634,17.8273,100.0,5.8546,CRITICA,5.5663,0.187792,25.2879,87.2773,0.18367,0.210901,1.7198,16.801,1,1,1092.896,nan
n0209,abierto,B5,139.173,0.193998,4.3526,17.7078,100.0,5.8613,CRITICA,5.5798,0.186028,25.3653,87.2764,0.176745,0.200499,8.8932,3.351,1,1,1128.032,nan
n0212,abierto,B5,143.3717,0.210788,4.3717,17.7531,100.0,5.832,CRITICA,5.37,0.179743,25.3326,87.6174,0.187512,0.207555,11.0425,1.5341,1,1,1102.657,nan
n0303,abierto,B5,134.7758,0.190132,4.3698,17.9903,100.0,6.0626,CRITICA,5.8497,0.200346,25.2052,86.6517,0.20954,0.212522,10.2074,11.776,1,1,1064.963,nan
n0332,abierto,B5,133.3644,0.178417,4.3565,17.6594,100.0,6.0099,CRITICA,5.9741,0.199891,25.3782,86.7585,0.171595,0.199412,3.8238,11.7675,1,1,1065.871,nan
n0340,abierto,B5,155.4676,0.196068,4.3923,17.5956,100.0,5.6356,CRITICA,4.7142,0.162245,25.4651,88.6822,0.183581,nan,6.3687,nan,1,1,1106.562,nan
n0343,abierto,B5,173.5967,0.256543,4.4181,17.2998,100.0,5.3337,CRITICA,3.8673,0.141042,25.648,90.0345,0.190728,nan,25.6547,nan,1,1,1082.134,nan
n0624,abierto,B5,125.3377,0.168366,4.3556,18.178,100.0,6.5234,CRITICA,6.3299,0.218576,25.0495,85.4968,0.173564,0.195346,3.0874,16.0246,1,1,1101.686,nan
n0654,abierto,B5,121.6574,0.158622,4.3646,18.0094,100.0,6.7159,CRITICA,6.6196,0.227296,25.1196,85.1966,0.170673,nan,7.597,nan,1,1,1112.1,nan
n0658,abierto,B5,119.401,0.181857,4.3505,18.0481,100.0,6.7654,CRITICA,6.75,0.233047,25.0978,84.8844,0.196081,0.206562,7.8217,13.5852,1,1,1088.495,nan
n0662,abierto,B5,118.4714,0.192648,4.3477,17.9761,100.0,6.8936,CRITICA,6.7986,0.235004,25.131,84.8267,0.19192,0.209674,0.3781,8.8377,1,1,1110.494,nan
n0665,abierto,B5,124.1286,0.185859,4.3678,17.8103,100.0,6.5706,CRITICA,6.4601,0.218834,25.2425,85.6518,0.197577,0.2062,6.3044,10.9443,1,1,1114.454,nan
n0722,abierto,B5,121.8668,0.167628,4.3497,18.1146,100.0,7.0063,CRITICA,6.5522,0.229301,25.028,85.1357,0.165358,0.180115,1.3542,7.4492,1,1,1072.041,nan
n0738,abierto,B5,146.9977,0.213843,4.4042,17.4366,100.0,5.4563,CRITICA,5.2605,0.165689,25.5356,88.1382,0.218645,nan,2.2456,nan,1,1,1039.609,nan
n0774,abierto,B5,133.5917,0.166092,4.3952,17.5182,100.0,5.4834,CRITICA,6.0022,0.199445,25.5398,86.8868,nan,nan,nan,nan,1,0,925.069,nan
n0777,abierto,B5,128.9759,0.197981,4.3843,17.5994,100.0,5.6834,CRITICA,6.2489,0.206198,25.4826,86.3545,0.172986,nan,12.6251,nan,1,1,1081.432,nan
n0807,abierto,B5,112.708,0.182411,4.3323,17.484,100.0,6.7929,CRITICA,7.1505,0.247143,25.4478,84.4874,0.20129,0.212064,10.3496,16.256,1,1,1150.748,nan
n0815,abierto,B5,137.8192,0.173399,4.3758,17.8456,100.0,5.5196,CRITICA,5.7153,0.186325,25.2882,87.0515,0.175992,nan,1.4953,nan,1,1,1142.857,nan
n0826,abierto,B5,119.3938,0.194567,4.3613,17.3035,100.0,6.3936,CRITICA,6.7379,0.225262,25.6081,85.5072,0.183913,0.204396,5.4757,5.0514,1,1,1061.909,nan
n0840,abierto,B5,116.1739,0.136367,4.352,17.4924,100.0,6.6666,CRITICA,6.9278,0.235411,25.469,84.9429,0.156044,0.196801,14.4296,44.3176,1,1,1276.65,nan
n0889,abierto,B5,121.0923,0.188755,4.3683,17.5898,100.0,6.1585,CRITICA,6.6482,0.222474,25.4571,85.474,0.183791,0.219189,2.6299,16.1235,1,1,1118.818,nan
n0909,abierto,B5,117.2269,0.195183,4.3509,17.4625,100.0,6.3958,CRITICA,6.8474,0.231521,25.5212,85.1037,0.178437,0.203947,8.5797,4.4906,1,1,1222.344,nan
n0910,abierto,B5,121.7654,0.186287,4.3662,17.3495,100.0,6.1765,CRITICA,6.5927,0.218232,25.5983,85.7517,0.179427,0.201197,3.6822,8.0038,1,1,1121.831,nan
n0911,abierto,B5,121.2901,0.18353,4.3662,17.4242,100.0,6.1646,CRITICA,6.6269,0.219282,25.5477,85.6343,0.174951,0.225847,4.6745,23.0574,1,1,1014.919,nan
n0915,abierto,B5,119.5064,0.179054,4.3723,17.4746,100.0,6.2459,CRITICA,6.7167,0.224614,25.5209,85.3777,0.180249,0.218561,0.6676,22.0642,1,1,1044.823,nan
n0928,abierto,B5,129.4429,0.200518,4.3836,17.6833,100.0,5.9472,CRITICA,6.2055,0.207594,25.3878,86.3389,0.197284,0.213071,1.6128,6.2604,1,1,1113.338,nan
n0934,abierto,B5,121.8689,0.184681,4.3457,17.7215,100.0,6.2844,CRITICA,6.636,0.223229,25.3458,85.4586,0.194497,0.196979,5.3154,6.6589,1,1,1117.318,nan
n0967,abierto,B5,129.0396,0.198001,4.3707,17.6658,100.0,5.8857,CRITICA,6.2674,0.207285,25.4092,86.3098,0.189144,0.197798,4.4729,0.1024,1,1,1065.53,nan
n1003,abierto,B5,124.3481,0.173736,4.346,17.6606,100.0,6.0134,CRITICA,6.5701,0.214018,25.3987,85.7975,nan,0.239517,nan,37.8626,1,0,848.896,nan
n1031,abierto,B5,134.4414,0.167394,4.3737,17.5543,100.0,5.4479,CRITICA,6.003,0.193995,25.4972,86.9427,0.169814,nan,1.4455,nan,1,1,1113.586,nan
n1042,abierto,B5,124.3439,0.191003,4.3971,17.832,100.0,5.9153,CRITICA,6.6208,0.218512,25.3003,85.6591,0.207735,0.213399,8.7602,11.7253,1,1,1075.038,nan
o0009,abierto,B5,98.6616,0.247376,4.4429,16.4255,100.0,7.0008,CRITICA,7.9069,0.313115,26.0934,83.3516,0.237625,0.196609,3.9419,20.5221,1,1,1103.387,nan
o0043,abierto,B5,88.0739,0.253944,4.4403,16.4983,100.0,6.8363,CRITICA,9.2506,0.334432,26.0747,81.2677,0.238343,0.200342,6.1432,21.1075,1,1,1102.293,nan
o0053,abierto,B5,90.3395,0.241034,4.4523,16.6039,100.0,6.9845,CRITICA,8.9361,0.331852,25.9579,81.6205,0.219604,0.207031,8.891,14.1071,1,1,1068.833,nan
o0056,abierto,B5,89.0746,0.249039,4.4613,16.4358,100.0,6.7126,CRITICA,9.1499,0.335934,26.1212,81.5482,0.219057,nan,12.0391,nan,1,1,1130.327,nan
o0070,abierto,B5,87.803,0.242814,4.4378,16.6624,100.0,6.7494,CRITICA,9.2708,0.342454,25.9558,81.023,0.216391,0.198455,10.8819,18.269,1,1,1099.747,nan
o0085,abierto,B5,89.791,0.242467,4.4805,16.6236,100.0,6.9156,CRITICA,9.0121,0.333941,25.9869,81.4863,0.212385,0.21311,12.4069,12.1077,1,1,1131.222,nan
o0088,abierto,B5,89.9646,0.254009,4.486,16.6228,100.0,6.897,CRITICA,8.9692,0.336411,26.0054,81.5229,0.220778,0.185158,13.0827,27.1058,1,1,1098.177,nan
o0102,abierto,B5,98.5535,0.250848,4.4588,16.6149,100.0,6.9898,CRITICA,7.9914,0.31876,25.9852,83.1412,0.236589,0.207867,5.6842,17.1344,1,1,1071.008,nan
o0177,abierto,B5,88.286,0.236426,4.4383,16.4623,100.0,6.8386,CRITICA,9.225,0.329657,26.0717,81.3535,0.237132,0.220378,0.2986,6.7881,1,1,945.001,nan
o0179,abierto,B5,88.926,0.25477,4.4461,16.5098,100.0,6.8409,CRITICA,9.0965,0.332822,26.0406,81.4342,0.231668,0.211972,9.0678,16.7986,1,1,948.047,nan
o0195,abierto,B5,89.5158,0.25025,4.4569,16.5315,100.0,7.0415,CRITICA,9.0001,0.330687,26.0039,81.5323,0.242187,0.217471,3.2222,13.0986,1,1,1148.369,nan
o0196,abierto,B5,90.4231,0.248097,4.4548,16.6032,100.0,6.83,CRITICA,8.9522,0.328876,25.9864,81.6384,0.219967,0.21277,11.3382,14.239,1,1,1040.474,nan
o0205,abierto,B5,92.6489,0.244769,4.4453,16.7408,100.0,7.0771,CRITICA,8.6826,0.326246,25.8651,81.931,0.220124,0.209712,10.0689,14.3227,1,1,1032.098,nan
o0207,abierto,B5,92.6449,0.247266,4.4458,16.711,100.0,6.9436,CRITICA,8.663,0.327598,25.9016,81.9623,0.214965,0.208941,13.0633,15.4993,1,1,1136.235,nan
o0260,abierto,B5,94.7754,0.255353,4.4237,16.6256,100.0,6.8827,CRITICA,8.4207,0.31956,25.9741,82.4579,0.216027,0.20127,15.4008,21.1796,1,1,1119.695,nan
o0279,abierto,B5,91.4355,0.250783,4.4634,16.758,100.0,6.8969,CRITICA,8.8718,0.326283,25.8751,81.6723,0.223968,0.196176,10.6927,21.7746,1,1,1109.508,nan
o0359,abierto,B5,95.2885,0.249409,4.389,16.4492,100.0,6.8083,CRITICA,8.2897,0.31832,26.0288,82.7374,0.2189,0.194299,12.2323,22.096,1,1,1055.966,nan
o0394,abierto,B5,92.238,0.254526,4.4408,16.4539,100.0,6.7063,CRITICA,8.6765,0.321607,26.0863,82.1615,0.216422,0.214091,14.9707,15.8866,1,1,1058.201,nan
o0432,abierto,B5,99.1014,0.254954,4.459,16.3429,100.0,6.7415,CRITICA,7.9754,0.295433,26.1696,83.5089,0.2215,0.192652,13.1216,24.4368,1,1,1202.212,nan
o0444,abierto,B5,102.8091,0.253199,4.4561,16.3892,100.0,6.8066,CRITICA,7.4692,0.298231,26.1424,84.0586,0.230484,0.222007,8.9713,12.3191,1,1,1129.943,nan
o0470,abierto,B5,97.0544,0.233173,4.4254,16.2063,100.0,6.7856,CRITICA,8.3028,0.300579,26.214,83.3018,0.230162,0.199844,1.2914,14.2937,1,1,1142.727,nan
o0491,abierto,B5,87.9221,0.251637,4.4184,16.3595,100.0,7.0725,CRITICA,9.3702,0.320313,26.0985,81.3932,0.225284,0.198636,10.4726,21.0624,1,1,1111.729,nan
o0545,abierto,B5,94.6302,0.256123,4.432,15.2058,100.0,5.6082,CRITICA,8.5539,0.300887,27.0626,83.9313,0.251508,nan,1.802,nan,1,1,1072.501,nan
o0564,abierto,B5,99.9729,0.266965,4.4726,16.6109,100.0,7.0235,CRITICA,7.9652,0.299647,25.9953,83.3846,0.217165,nan,18.654,nan,1,1,1032.844,nan
o0570,abierto,B5,100.4596,0.258596,4.4518,16.7024,100.0,6.8632,CRITICA,7.904,0.302399,25.9503,83.374,0.217057,nan,16.0632,nan,1,1,1107.665,nan
o0602,abierto,B5,98.0384,0.26177,4.4324,16.7629,100.0,7.1246,CRITICA,8.1718,0.306915,25.852,82.9017,0.231688,nan,11.4917,nan,1,1,1010.918,nan
o0676,abierto,B5,100.7909,0.255754,4.4457,16.7588,100.0,6.9884,CRITICA,7.7624,0.308046,25.8744,83.3727,0.219633,0.209537,14.1233,18.071,1,1,1055.186,nan
o0704,abierto,B5,99.297,0.169607,4.4571,16.5163,100.0,7.1037,CRITICA,7.8859,0.305651,26.0295,83.3667,0.220456,0.193378,29.9809,14.0154,1,1,1144.296,nan
p0001,abierto,B5,112.7596,0.172124,4.3605,17.7776,100.0,6.0451,CRITICA,7.4247,0.226992,25.3213,84.2341,0.174561,0.191798,1.4156,11.4298,1,1,1020.616,nan
p0144,abierto,B5,112.3354,0.156036,4.3543,18.0744,100.0,6.2626,CRITICA,7.4081,0.227579,25.1316,83.9103,0.147222,0.174235,5.6489,11.6631,1,1,1172.333,nan
p0165,abierto,B5,112.7736,0.154527,4.3431,17.9031,100.0,6.0476,CRITICA,7.3909,0.223614,25.2496,84.1248,0.144027,0.176108,6.7946,13.9656,1,1,1006.745,nan
p0215,abierto,B5,111.8995,0.148706,4.349,18.1037,100.0,6.444,CRITICA,7.427,0.230735,25.0879,83.8215,0.139199,0.158222,6.3928,6.3996,1,1,1160.497,nan
p0253,abierto,B5,112.013,0.16566,4.3408,17.9467,100.0,6.198,CRITICA,7.428,0.227961,25.2099,83.9781,0.144039,0.172325,13.0516,4.0232,1,1,1097.695,nan
p0301,abierto,B5,112.8556,0.152421,4.3534,17.9691,100.0,6.1401,CRITICA,7.3749,0.225878,25.2031,84.0778,0.144232,0.168165,5.3731,10.3287,1,1,1150.219,nan
p0319,abierto,B5,111.8752,0.15976,4.3452,17.9836,100.0,6.2628,CRITICA,7.4368,0.227518,25.1802,83.9253,0.144146,0.174932,9.7736,9.4963,1,1,1104.85,nan
q0026,abierto,B5,94.755,0.190808,4.5093,16.6707,100.0,6.645,CRITICA,8.8573,0.275172,26.0138,82.4065,0.183181,0.20353,3.9974,6.6674,1,1,1071.352,nan
q0044,abierto,B5,100.19,0.190232,4.4703,17.0124,100.0,6.5332,CRITICA,8.3323,0.269893,25.7603,83.0199,0.188491,0.193842,0.9152,1.8975,1,1,1129.05,nan
q0071,abierto,B5,97.5499,0.188774,4.5069,16.9409,100.0,6.663,CRITICA,8.5984,0.270865,25.8039,82.6336,0.176389,0.195889,6.5604,3.7691,1,1,1111.976,nan
q0081,abierto,B5,96.6934,0.1863,4.4987,17.2231,100.0,6.7125,CRITICA,8.681,0.281963,25.6273,82.1879,0.181099,0.192028,2.7916,3.0744,1,1,1170.001,nan
q0105,abierto,B5,95.2862,0.184476,4.4891,16.9293,100.0,6.262,CRITICA,8.8052,0.28484,25.8671,82.2332,0.179591,0.190029,2.6479,3.0105,1,1,1214.772,nan
q0149,abierto,B5,93.8605,0.205051,4.5003,16.5884,100.0,6.4249,CRITICA,8.9212,0.283505,26.0915,82.3265,0.188003,0.210457,8.3139,2.6365,1,1,1172.745,nan
q0173,abierto,B5,93.1596,0.174553,4.5008,16.911,100.0,6.4671,CRITICA,9.0011,0.293887,25.872,81.8472,0.185642,0.196986,6.3527,12.8517,1,1,1144.558,nan
q0277,abierto,B5,94.0991,0.184032,4.5071,16.2104,100.0,6.3188,CRITICA,8.9095,0.27311,26.3887,82.773,0.186559,0.208971,1.3731,13.5512,1,1,1127.523,nan
q0388,abierto,B5,94.236,0.197225,4.5159,16.6001,100.0,6.5078,CRITICA,8.9135,0.273579,26.0889,82.3845,0.178238,0.208205,9.6274,5.5671,1,1,1108.77,nan
q0416,abierto,B5,94.0412,0.183736,4.5094,16.5266,100.0,6.6042,CRITICA,8.9214,0.272786,26.1163,82.4262,0.173689,0.197452,5.4679,7.4649,1,1,1047.12,nan
q0471,abierto,B5,94.6023,0.179443,4.502,16.3606,100.0,6.3389,CRITICA,8.8684,0.273569,26.2784,82.706,0.186771,0.205789,4.0839,14.6821,1,1,1134.559,nan
q0480,abierto,B5,93.7476,0.179975,4.5051,16.3759,100.0,6.4179,CRITICA,8.9486,0.274208,26.2563,82.5319,0.185329,0.201834,2.9745,12.1455,1,1,1114.082,nan
q0482,abierto,B5,93.4989,0.180903,4.5016,16.5001,100.0,6.37,CRITICA,8.9767,0.279099,26.1723,82.3526,0.198557,0.196954,9.7584,8.8724,1,1,1103.266,nan
q0508,abierto,B5,91.3781,0.189298,4.4865,16.7414,100.0,6.464,CRITICA,9.1654,0.290391,25.986,81.6789,0.1877,0.204317,0.8442,7.934,1,1,1052.742,nan
r0128,abierto,B5,134.8424,0.28059,4.3942,16.3908,100.0,5.2509,CRITICA,6.0254,0.166846,26.2383,87.8445,0.240717,0.241749,14.2105,13.8427,1,1,1089.325,nan
r0130,abierto,B5,134.9341,0.27357,4.4087,16.2588,100.0,5.247,CRITICA,6.0146,0.164277,26.338,87.9506,0.255238,0.23767,6.7009,13.1227,1,1,1013.069,nan
r0193,abierto,B5,141.4881,0.277574,4.3903,16.0293,100.0,4.8064,CRITICA,5.5473,0.154229,26.5534,88.6709,0.261789,0.250965,5.6869,9.5863,1,1,1058.537,nan
r0214,abierto,B5,145.9872,0.284584,4.3979,16.4601,100.0,4.8655,CRITICA,5.3056,0.154581,26.2497,88.725,0.267135,0.250189,6.1315,12.0861,1,1,1112.347,nan
r0292,abierto,B5,146.6444,0.227552,4.3936,16.4159,100.0,4.8797,CRITICA,5.3327,0.155393,26.2593,88.8057,0.197741,0.200621,13.101,11.8354,1,1,1083.424,nan
r0345,abierto,B5,142.6725,0.268186,4.398,16.2688,100.0,4.8841,CRITICA,5.5624,0.155083,26.3385,88.5971,0.247439,0.244905,7.7358,8.6807,1,1,1129.943,nan
r0350,abierto,B5,142.7842,0.279956,4.4116,15.9984,100.0,4.7113,CRITICA,5.5311,0.157142,26.5744,88.7954,0.245958,0.244798,12.1441,12.5582,1,1,1105.95,nan
r0513,abierto,B5,149.9615,0.197076,4.4098,15.8609,100.0,4.7266,CRITICA,5.1736,0.139952,26.6465,89.4233,0.198696,0.175102,0.8221,11.1501,1,1,1086.838,nan
s0045,abierto,B5,100.4343,0.183405,4.363,17.199,100.0,5.7796,CRITICA,8.3602,0.29289,25.709,82.8754,0.196869,0.211648,7.341,15.3989,1,1,1031.459,nan
s0046,abierto,B5,100.8095,0.186833,4.3593,17.1374,100.0,5.6993,CRITICA,8.3349,0.290908,25.7573,83.0002,0.201858,0.204803,8.0424,9.6184,1,1,1091.822,nan
s0059,abierto,B5,100.7484,0.186047,4.3574,17.156,100.0,5.6481,CRITICA,8.3296,0.290262,25.7434,82.9715,0.194548,0.210734,4.5691,13.2694,1,1,1107.542,nan
s0066,abierto,B5,99.2571,0.186376,4.3624,17.1957,100.0,5.7509,CRITICA,8.4343,0.297618,25.7175,82.6756,0.200911,0.201786,7.799,8.2686,1,1,1059.547,nan
s0167,abierto,B5,108.3071,0.202088,4.3718,16.9679,100.0,5.4669,CRITICA,7.8378,0.265384,25.8992,84.3336,0.210376,0.21544,4.1012,6.6069,1,1,1213.003,nan
s0206,abierto,B5,105.9662,0.193256,4.3546,17.1656,100.0,5.7226,CRITICA,7.9461,0.277252,25.7369,83.8009,0.213061,0.214085,10.2481,10.7783,1,1,1179.802,nan
s0323,abierto,B5,104.119,0.195028,4.3489,17.2947,100.0,5.5392,CRITICA,7.979,0.291692,25.6832,83.3895,0.204507,0.210087,4.8605,7.7219,1,1,1128.668,nan
s0330,abierto,B5,103.6396,0.193052,4.3532,17.3421,100.0,5.5928,CRITICA,8.0032,0.294679,25.6451,83.2669,0.209288,0.218277,8.4101,13.0662,1,1,1120.448,nan
s0371,abierto,B5,103.8234,0.184494,4.3386,17.3725,100.0,5.6741,CRITICA,7.98,0.294431,25.6249,83.2673,0.197445,0.210627,7.02,14.1647,1,1,1206.418,nan
s0383,abierto,B5,109.1659,0.20014,4.3655,17.0829,100.0,5.4074,CRITICA,7.6128,0.265898,25.8081,84.3514,0.213191,nan,6.5211,nan,1,1,1142.857,nan
s0430,abierto,B5,103.445,0.189874,4.3545,17.2057,100.0,5.3696,CRITICA,8.0017,0.297289,25.7412,83.3673,0.216091,nan,13.8073,nan,1,1,1094.331,nan
u0020,abierto,B5,115.1051,0.193051,4.4082,17.0897,100.0,5.9443,CRITICA,7.2772,0.220866,25.7278,85.1529,0.207366,nan,7.4154,nan,1,1,1113.338,nan
u0151,abierto,B5,115.143,0.20726,4.4076,17.4766,100.0,5.8795,CRITICA,7.2827,0.221922,25.4853,84.8218,0.229685,nan,10.8194,nan,1,1,1136.622,nan
u0180,abierto,B5,111.547,0.209392,4.4165,17.1249,100.0,5.5724,CRITICA,7.5475,0.232139,25.7412,84.6478,0.223449,nan,6.7135,nan,1,1,1079.214,nan
u0204,abierto,B5,113.8095,0.20017,4.4172,17.0892,100.0,5.6431,CRITICA,7.3864,0.22207,25.7539,84.9844,0.213863,nan,6.8405,nan,1,1,964.134,nan
u0229,abierto,B5,115.3807,0.205445,4.3873,17.327,100.0,5.6256,CRITICA,7.3292,0.221958,25.6085,84.9828,0.227298,nan,10.637,nan,1,1,1145.738,nan
u0233,abierto,B5,115.9589,0.198453,4.3885,17.4918,100.0,5.6574,CRITICA,7.2826,0.224126,25.5149,84.9155,0.211595,nan,6.6221,nan,1,1,1108.402,nan
u0248,abierto,B5,114.6108,0.188595,4.4322,17.3141,100.0,5.6958,CRITICA,7.3098,0.221782,25.6185,84.8931,0.212803,nan,12.8363,nan,1,1,1126.507,nan
u0282,abierto,B5,110.3973,0.213845,4.4365,17.3367,100.0,5.6329,CRITICA,7.6339,0.237125,25.5934,84.2961,0.211121,nan,1.2739,nan,1,1,1005.328,nan
u0294,abierto,B5,111.1758,0.203591,4.4389,17.3593,100.0,5.6375,CRITICA,7.5542,0.231519,25.5946,84.3857,0.212949,nan,4.5965,nan,1,1,1058.201,nan
u0317,abierto,B5,112.2283,0.206947,4.425,17.054,100.0,5.7974,CRITICA,7.4773,0.222873,25.7726,84.8041,0.215984,nan,4.3666,nan,1,1,1079.098,nan
u0433,abierto,B5,112.7143,0.231301,4.4442,17.4061,100.0,5.6378,CRITICA,7.3982,0.231788,25.5716,84.5573,0.215972,nan,6.6275,nan,1,1,1056.189,nan
u0436,abierto,B5,110.8942,0.19642,4.4555,17.5062,100.0,5.7205,CRITICA,7.499,0.239254,25.4928,84.2136,0.211529,nan,7.692,nan,1,1,1118.068,nan
u0513,abierto,B5,111.3155,0.197343,4.4281,17.4601,100.0,5.644,CRITICA,7.5531,0.23441,25.5184,84.3148,0.225802,nan,14.4211,nan,1,1,1110.124,nan
u0519,abierto,B5,111.8987,0.200679,4.4312,17.4513,100.0,5.6614,CRITICA,7.5065,0.231947,25.5295,84.4044,0.206331,nan,2.8164,nan,1,1,958.773,nan
v0046,abierto,B5,128.0446,0.172509,4.374,16.0944,100.0,4.4106,CRITICA,6.566,0.189195,26.4909,87.4306,0.175055,0.195989,1.4761,13.6108,1,1,1108.525,nan
v0050,abierto,B5,128.3586,0.161235,4.3695,16.3994,100.0,4.5628,CRITICA,6.4916,0.195204,26.2988,87.2238,0.172176,0.187669,6.7859,16.3945,1,1,1158.346,nan
v0062,abierto,B5,129.0402,0.161912,4.3764,16.1015,100.0,4.3187,CRITICA,6.4912,0.191664,26.4994,87.5221,0.187017,0.200265,15.5053,23.6878,1,1,999.7,nan
v0081,abierto,B5,128.3384,0.162069,4.3608,16.1362,100.0,4.3879,CRITICA,6.5398,0.190025,26.4549,87.4268,0.177077,0.203696,9.2607,25.6849,1,1,1135.332,nan
v0096,abierto,B5,127.329,0.16368,4.3843,16.1135,100.0,4.2692,CRITICA,6.6021,0.195194,26.4891,87.345,0.186087,0.196612,13.6898,20.12,1,1,1154.868,nan
v0112,abierto,B5,125.5972,0.176121,4.381,16.3038,100.0,4.5508,CRITICA,6.747,0.19715,26.3364,87.019,0.187304,0.195233,6.3498,10.8514,1,1,1097.454,nan
v0114,abierto,B5,126.5803,0.167152,4.3849,16.3483,100.0,4.4518,CRITICA,6.6765,0.195809,26.3381,87.0847,0.168682,0.200686,0.9155,20.0619,1,1,1138.174,nan
v0140,abierto,B5,121.155,0.181939,4.3773,16.1159,100.0,4.8093,CRITICA,6.9644,0.205578,26.4636,86.6982,0.174627,0.197479,4.0193,8.5409,1,1,1137.786,nan
v0201,abierto,B5,128.0771,0.174111,4.3774,15.6274,100.0,4.6348,CRITICA,6.5424,0.183152,26.7784,87.7984,0.181006,0.208204,3.9603,19.5811,1,1,1109.755,nan
v0246,abierto,B5,125.4451,0.165658,4.3766,16.1919,100.0,4.491,CRITICA,6.7209,0.199108,26.4244,87.0925,0.195601,0.201219,18.0749,21.4666,1,1,1124.733,nan
v0255,abierto,B5,125.0554,0.165601,4.3731,16.0288,100.0,4.6,CRITICA,6.7081,0.195639,26.4956,87.1826,0.168509,0.201715,1.7559,21.8076,1,1,1099.868,nan
v0429,abierto,B5,123.4169,0.172292,4.3753,16.2472,100.0,4.4649,CRITICA,6.9439,0.198631,26.3826,86.8355,0.191711,nan,11.2711,nan,1,1,990.491,nan
v0432,abierto,B5,123.933,0.174357,4.3772,16.5754,100.0,4.6046,CRITICA,6.8926,0.200505,26.152,86.6255,0.190327,0.191239,9.1596,9.6829,1,1,1145.738,nan
v0487,abierto,B5,126.5951,0.176376,4.3984,16.381,100.0,4.4359,CRITICA,6.6663,0.195426,26.3204,87.0603,0.174108,0.201111,1.2857,14.0243,1,1,1101.928,nan
v0526,abierto,B5,125.8726,0.159417,4.3904,16.2254,100.0,4.4602,CRITICA,6.7356,0.195671,26.4014,87.1097,0.177702,nan,11.4695,nan,1,1,1109.508,nan
v0542,abierto,B5,118.3945,0.19687,4.3449,15.57,100.0,4.5118,CRITICA,7.1866,0.205945,26.8789,86.8491,0.187943,0.202702,4.5341,2.9624,1,1,1089.918,nan
v0796,abierto,B5,120.9772,0.171405,4.3662,15.8864,100.0,4.7438,CRITICA,7.02,0.200247,26.6099,86.8683,0.162732,0.205963,5.0604,20.161,1,1,1046.353,nan
v0811,abierto,B5,122.6361,0.154025,4.3666,15.1849,100.0,4.3699,CRITICA,6.9346,0.188611,27.1284,87.6179,0.199002,0.188389,29.2009,22.3107,1,1,1008.065,nan
v0876,abierto,B5,118.3589,0.169819,4.3666,16.2559,100.0,4.4844,CRITICA,7.2682,0.209154,26.3981,86.2656,0.159984,0.191269,5.7918,12.6309,1,1,1091.941,nan
v0886,abierto,B5,120.1395,0.176712,4.3304,16.3462,100.0,4.6476,CRITICA,7.1624,0.208035,26.2715,86.394,0.186254,0.214392,5.3996,21.3229,1,1,1129.688,nan
v0894,abierto,B5,120.6339,0.172431,4.3516,16.2627,100.0,4.3869,CRITICA,7.1057,0.203666,26.3897,86.5189,0.17458,0.187119,1.246,8.518,1,1,1105.828,nan
v0902,abierto,B5,122.6852,0.164131,4.3542,16.2921,100.0,4.6046,CRITICA,6.9856,0.199578,26.3443,86.7204,0.173318,0.205094,5.5976,24.9575,1,1,1144.165,nan
v0945,abierto,B5,120.218,0.184261,4.3354,15.934,100.0,4.5131,CRITICA,7.1174,0.203765,26.5678,86.7457,0.16542,0.218274,10.2255,18.4587,1,1,1017.397,nan
v0975,abierto,B5,118.7666,0.183548,4.3504,16.3229,100.0,4.5671,CRITICA,7.1535,0.213521,26.3603,86.2564,0.161597,0.196371,11.9589,6.9864,1,1,1101.564,nan
v0994,abierto,B5,120.5479,0.169087,4.3662,16.1681,100.0,4.4597,CRITICA,7.0513,0.208152,26.4793,86.5878,0.155815,nan,7.8492,nan,1,1,1082.954,nan
v1005,abierto,B5,121.74,0.172586,4.3453,16.3251,100.0,4.5128,CRITICA,7.0167,0.208441,26.3271,86.5902,0.171826,nan,0.4403,nan,1,1,1069.633,nan
w0035,abierto,B5,126.4828,0.259275,4.4669,15.5556,100.0,4.6279,CRITICA,6.5471,0.194269,27.0046,87.7014,0.268693,0.247392,3.6324,4.5833,1,1,1094.451,nan
w0048,abierto,B5,121.1413,0.304931,4.4087,15.8243,100.0,4.8077,CRITICA,6.8133,0.211868,26.7525,86.9373,0.303888,0.272172,0.3422,10.7432,1,1,1132.118,nan
w0061,abierto,B5,103.4809,0.247432,4.3736,16.2635,100.0,5.8603,CRITICA,8.2295,0.263333,26.3473,84.2836,0.259546,0.251917,4.8961,1.8126,1,1,1051.414,nan
w0194,abierto,B5,131.7693,0.269848,4.4248,15.1512,100.0,4.643,CRITICA,5.7597,0.19518,27.2709,88.5017,0.300265,nan,11.272,nan,1,1,1059.996,nan
w0199,abierto,B5,116.9834,0.281658,4.3832,14.8673,100.0,4.741,CRITICA,6.4583,0.224923,27.4761,87.2911,0.280733,0.26207,0.3282,6.9544,1,1,1034.554,nan
w0206,abierto,B5,111.3296,0.266394,4.4338,15.3229,100.0,5.5124,CRITICA,6.9438,0.244308,27.0936,86.2365,0.2596,0.248864,2.5503,6.5806,1,1,931.446,nan
w0207,abierto,B5,120.4005,0.274033,4.4127,15.0432,100.0,5.0089,CRITICA,6.3307,0.218947,27.3396,87.5057,0.2706,0.241695,1.2528,11.8007,1,1,1096.131,nan
w0225,abierto,B5,128.0021,0.254221,4.4237,15.9701,100.0,4.5439,CRITICA,6.2094,0.19966,26.6213,87.5236,0.250086,0.244492,1.6266,3.8273,1,1,839.631,nan
w0363,abierto,B5,156.4791,0.305635,4.4734,15.5984,100.0,4.7325,CRITICA,4.4979,0.15362,26.9433,90.0316,0.300977,0.275506,1.5239,9.8578,1,1,1145.082,nan
w0414,abierto,B5,138.1425,0.259165,4.4659,15.9794,100.0,4.8301,CRITICA,5.5366,0.181081,26.6583,88.4327,0.264746,0.246237,2.1537,4.9882,1,1,1136.105,nan
w0509,abierto,B5,148.808,0.257881,4.4065,15.4097,100.0,4.4251,CRITICA,4.9931,0.15834,27.0654,89.6446,0.283295,0.233335,9.8549,9.5185,1,1,1110.864,nan
w0529,abierto,B5,148.4513,0.237458,4.4183,15.6588,100.0,4.7561,CRITICA,5.0777,0.15751,26.8237,89.4519,0.259733,0.241675,9.3808,1.7761,1,1,1077.702,nan
w0580,abierto,B5,143.1415,0.268368,4.4199,16.2006,100.0,4.971,CRITICA,5.4609,0.165144,26.4128,88.6821,0.268629,0.255705,0.0974,4.7184,1,1,1089.918,nan
w0735,abierto,B5,148.1141,0.266217,4.4202,15.5736,100.0,4.8401,CRITICA,5.2473,0.152288,26.8666,89.4854,0.28455,0.240919,6.8864,9.503,1,1,1150.219,nan
w0738,abierto,B5,152.7353,0.271904,4.3982,15.4877,100.0,4.7991,CRITICA,4.9881,0.146285,26.9156,89.8598,0.270548,0.250191,0.4987,7.9856,1,1,1105.828,nan
w0742,abierto,B5,153.4176,0.263825,4.4091,15.668,100.0,4.8269,CRITICA,4.9473,0.147403,26.8069,89.7874,0.274065,0.241854,3.8815,8.328,1,1,1130.454,nan
w0810,abierto,B5,130.1075,0.28884,4.4105,15.7291,100.0,5.2077,CRITICA,6.3544,0.188836,26.7404,87.9107,0.287023,0.25128,0.629,13.0037,1,1,1127.269,nan
x0020,abierto,B5,130.6882,0.187387,4.6115,15.6135,100.0,5.1258,CRITICA,6.2295,0.176156,26.8289,88.0528,0.201004,nan,7.2664,nan,1,1,1175.779,nan
x0074,abierto,B5,128.8917,0.186744,4.5875,15.4824,100.0,5.3945,CRITICA,6.2603,0.174111,26.87,87.988,0.198561,nan,6.3275,nan,1,1,1059.098,nan
x0099,abierto,B5,133.9731,0.167181,4.5784,15.6002,100.0,5.2037,CRITICA,5.962,0.167252,26.8335,88.3558,0.184514,nan,10.3675,nan,1,1,949.037,nan
x0138,abierto,B5,143.367,0.172952,4.6334,15.3122,100.0,4.5305,CRITICA,5.3742,0.163773,27.1698,89.3196,0.191431,nan,10.6843,nan,1,1,1076.426,nan
x0178,abierto,B5,133.2848,0.165947,4.6279,15.5112,100.0,4.9298,CRITICA,6.0724,0.174968,26.921,88.3623,0.219776,nan,32.4379,nan,1,1,1045.588,nan
x0267,abierto,B5,129.076,0.183049,4.6159,15.5474,100.0,5.0363,CRITICA,6.3293,0.179393,26.8788,87.9548,0.198284,nan,8.323,nan,1,1,1136.235,nan
x0292,abierto,B5,130.0428,0.18982,4.5899,15.5426,100.0,5.2026,CRITICA,6.2441,0.175058,26.8448,88.0481,0.19194,nan,1.1169,nan,1,1,1117.318,nan
x0306,abierto,B5,131.3261,0.203081,4.6074,15.5051,100.0,4.9768,CRITICA,6.161,0.175197,26.9191,88.1934,0.221089,nan,8.8677,nan,1,1,1081.9,nan
x0310,abierto,B5,131.4042,0.210139,4.5978,15.5259,100.0,5.066,CRITICA,6.1381,0.17338,26.8984,88.1846,0.223335,nan,6.2796,nan,1,1,1104.484,nan
x0369,abierto,B5,135.8283,0.133045,4.5945,15.5089,100.0,5.0241,CRITICA,5.8313,0.166279,26.921,88.582,0.197257,nan,48.2633,nan,1,1,1015.022,nan
x0382,abierto,B5,131.6936,0.159575,4.5868,15.4187,100.0,5.0103,CRITICA,6.1228,0.173755,26.973,88.292,0.188382,nan,18.0519,nan,1,1,1073.653,nan
x0385,abierto,B5,132.1164,0.158644,4.5876,15.5357,100.0,5.065,CRITICA,6.1103,0.173742,26.8908,88.2409,0.190864,nan,20.3095,nan,1,1,1132.503,nan
x0400,abierto,B5,132.9343,0.172476,4.6243,15.4028,100.0,4.8003,CRITICA,6.0964,0.175237,27.0224,88.4132,0.192824,nan,11.7978,nan,1,1,1118.568,nan
x0437,abierto,B5,138.9058,0.169475,4.5687,15.5926,100.0,5.1979,CRITICA,5.6734,0.162182,26.8254,88.7747,0.208997,nan,23.3203,nan,1,1,1130.071,nan
x0499,abierto,B5,137.4165,0.184393,4.6001,15.4905,100.0,5.0337,CRITICA,5.7543,0.164464,26.9289,88.7273,0.187693,nan,1.7899,nan,1,1,991.965,nan
x0667,abierto,B5,135.4629,0.17225,4.6031,15.4596,100.0,4.9109,CRITICA,5.8875,0.169004,26.9629,88.5876,0.182866,nan,6.1632,nan,1,1,1109.632,nan
x0679,abierto,B5,135.9625,0.173583,4.6045,15.5026,100.0,4.9185,CRITICA,5.8553,0.168975,26.9335,88.5979,0.176984,nan,1.9595,nan,1,1,1068.947,nan
x0697,abierto,B5,126.3613,0.163707,4.6446,15.5867,100.0,5.0623,CRITICA,6.5488,0.187109,26.8584,87.665,0.19776,nan,20.8014,nan,1,1,1077.819,nan
x0716,abierto,B5,127.5169,0.157036,4.5946,15.5936,100.0,5.223,CRITICA,6.3874,0.179417,26.8378,87.7713,0.182006,nan,15.9005,nan,1,1,1060.445,nan
x0741,abierto,B5,123.2134,0.191021,4.5967,15.9281,100.0,5.6417,CRITICA,6.6614,0.187728,26.5591,87.0728,0.202045,nan,5.7713,nan,1,1,1110.124,nan
x0748,abierto,B5,125.0346,0.18076,4.5913,15.6386,100.0,5.2816,CRITICA,6.6069,0.184476,26.7846,87.4926,0.206044,nan,13.9874,nan,1,1,1114.082,nan
x0774,abierto,B5,127.4073,0.167067,4.5759,15.8974,100.0,5.5045,CRITICA,6.4183,0.179897,26.5723,87.5224,0.175814,nan,5.2361,nan,1,1,1065.076,nan
x0802,abierto,B5,123.1937,0.183311,4.6306,15.5139,100.0,5.3573,CRITICA,6.7163,0.186648,26.8653,87.4069,0.185595,nan,1.246,nan,1,1,1072.271,nan
x0839,abierto,B5,121.8532,0.184723,4.6212,15.4703,100.0,5.2849,CRITICA,6.7981,0.189552,26.9209,87.3041,0.194017,nan,5.0309,nan,1,1,1054.852,nan
x0878,abierto,B5,127.2371,0.176712,4.599,15.5877,100.0,5.3359,CRITICA,6.4359,0.179399,26.8089,87.7491,0.187604,nan,6.1633,nan,1,1,1196.029,nan
x0995,abierto,B5,126.4858,0.170992,4.6198,15.6756,100.0,5.3727,CRITICA,6.4782,0.180744,26.7513,87.6069,0.190721,nan,11.5381,nan,1,1,1140.251,nan
x1011,abierto,B5,124.6125,0.17534,4.6386,15.6334,100.0,5.297,CRITICA,6.6233,0.185516,26.7866,87.4544,0.19511,nan,11.2753,nan,1,1,1069.176,nan
x1149,abierto,B5,127.5279,0.185909,4.6175,15.5076,100.0,5.3197,CRITICA,6.3961,0.177621,26.8802,87.8399,0.204733,nan,10.1249,nan,1,1,1028.489,nan
x1260,abierto,B5,120.8458,0.179469,4.626,15.4864,100.0,5.4543,CRITICA,6.8724,0.189855,26.8752,87.185,0.184733,nan,2.933,nan,1,1,1155.669,nan
x1424,abierto,B5,127.2958,0.181274,4.6088,15.8784,100.0,5.5342,CRITICA,6.4055,0.180054,26.5893,87.5264,0.191433,nan,5.6042,nan,1,1,1095.77,nan
y0059,abierto,B5,86.6476,0.216825,4.4441,18.1519,100.0,8.0263,CRITICA,8.9355,0.349689,24.9182,79.0508,0.216924,0.192753,0.0458,11.102,1,1,910.249,nan
y0134,abierto,B5,79.1287,0.221564,4.453,18.1777,100.0,8.9634,CRITICA,9.6036,0.394089,24.7706,77.0277,0.208708,0.193395,5.8023,12.7135,1,1,1075.5,nan
y0171,abierto,B5,84.9213,0.21876,4.4405,17.9931,100.0,7.9993,CRITICA,9.1576,0.367631,25.0184,78.8121,0.206481,0.194201,5.6132,11.2265,1,1,1026.905,nan
y0189,abierto,B5,85.4379,0.216046,4.4072,17.8958,100.0,8.0376,CRITICA,9.0344,0.364289,25.0532,79.0541,0.206373,0.195152,4.4771,9.6711,1,1,937.471,nan
y0271,abierto,B5,84.7407,0.211853,4.437,17.982,100.0,8.0129,CRITICA,9.1632,0.37177,25.0016,78.78,0.213848,0.19321,0.9416,8.8001,1,1,1130.582,nan
y0367,abierto,B5,92.7045,0.225932,4.4316,17.7931,100.0,7.5829,CRITICA,8.3355,0.339406,25.1252,80.8067,0.221829,0.18914,1.8163,16.2848,1,1,1007.963,nan
y0387,abierto,B5,92.6325,0.222544,4.4363,17.7784,100.0,7.566,CRITICA,8.3371,0.333725,25.1553,80.8076,0.229604,0.192991,3.1725,13.2793,1,1,967.96,nan
y0408,abierto,B5,87.4822,0.211255,4.4503,18.0186,100.0,7.9417,CRITICA,8.9185,0.351873,24.967,79.4031,0.210067,0.189241,0.5621,10.4206,1,1,1043.297,nan
y0409,abierto,B5,86.7207,0.218419,4.4383,17.9906,100.0,8.0352,CRITICA,9.0127,0.352833,24.9712,79.2545,0.20447,0.188741,6.3865,13.5876,1,1,1102.779,nan
y0439,abierto,B5,85.8989,0.234269,4.4377,18.0774,100.0,8.0624,CRITICA,9.1065,0.358928,24.936,78.955,0.205077,0.190596,12.4609,18.6425,1,1,1226.091,nan
y0516,abierto,B5,90.8825,0.231382,4.4448,17.8289,100.0,7.5782,CRITICA,8.5035,0.334906,25.106,80.3824,0.225877,0.195182,2.3791,15.645,1,1,1131.99,nan
y0581,abierto,B5,84.7463,0.2171,4.4246,18.1477,100.0,8.5063,CRITICA,9.0644,0.374272,24.8543,78.5859,0.219836,0.194947,1.2601,10.2041,1,1,1086.957,nan
y0682,abierto,B5,85.0723,0.221911,4.4093,17.9138,100.0,8.1434,CRITICA,9.0941,0.3642,24.9996,78.9429,0.212127,0.190527,4.409,14.1428,1,1,1106.929,nan
y0762,abierto,B5,86.4049,0.219225,4.4243,18.0748,100.0,8.0582,CRITICA,9.0207,0.360704,24.9212,79.0813,0.187397,0.187113,14.5184,14.6483,1,1,1054.296,nan
y0778,abierto,B5,87.7349,0.207935,4.4201,17.7142,100.0,7.5633,CRITICA,8.7584,0.353109,25.187,79.8094,0.199613,0.186424,4.0021,10.3447,1,1,1094.811,nan
y0808,abierto,B5,86.4364,0.222029,4.428,17.8922,100.0,7.9,CRITICA,8.9419,0.358135,25.0462,79.3002,0.190914,0.19112,14.0142,13.9213,1,1,1051.414,nan
y0845,abierto,B5,87.4015,0.222515,4.4328,17.9045,100.0,7.9812,CRITICA,8.8306,0.35849,25.0658,79.5147,0.208969,0.195608,6.0874,12.0923,1,1,1117.818,nan
y0902,abierto,B5,85.0592,0.220341,4.3955,17.7792,100.0,7.8991,CRITICA,9.1052,0.364289,25.1024,79.0978,0.211629,0.195444,3.9536,11.299,1,1,1043.297,nan
y0984,abierto,B5,78.2057,0.220977,4.4607,17.9115,100.0,8.52,CRITICA,9.7665,0.396875,24.9447,77.097,0.191841,0.190957,13.1851,13.5853,1,1,1112.223,nan
y0995,abierto,B5,78.064,0.217922,4.4531,17.8724,100.0,8.5127,CRITICA,9.8257,0.399371,24.9798,77.1055,0.194806,0.188129,10.6075,13.6712,1,1,1112.471,nan
y1076,abierto,B5,84.8034,0.223972,4.4411,18.03,100.0,8.057,CRITICA,9.1323,0.369071,24.9617,78.739,0.204003,0.189943,8.9161,15.1935,1,1,1072.156,nan
y1175,abierto,B5,79.8954,0.220209,4.4701,17.8486,100.0,8.2207,CRITICA,9.5951,0.389331,25.0534,77.66,0.220321,0.191468,0.0509,13.0518,1,1,1106.072,nan
y1181,abierto,B5,81.804,0.215571,4.4332,17.8153,100.0,8.3755,CRITICA,9.3429,0.381485,25.0303,78.2219,0.208378,0.19413,3.3367,9.9462,1,1,1109.508,nan
y1207,abierto,B5,79.7214,0.221448,4.4755,18.0064,100.0,8.3845,CRITICA,9.6653,0.390227,24.9359,77.4133,0.211232,0.189728,4.6131,14.324,1,1,1043.188,nan
y1318,abierto,B5,81.3633,0.220553,4.468,17.9306,100.0,8.2306,CRITICA,9.3888,0.385609,25.0023,77.9623,0.199454,0.185415,9.5664,15.9318,1,1,975.61,nan
y1342,abierto,B5,83.5402,0.223782,4.4405,18.0567,100.0,8.2412,CRITICA,9.3516,0.375455,24.9117,78.3856,0.203278,0.184813,9.1624,17.414,1,1,930.839,nan
y1389,abierto,B5,86.9836,0.224348,4.4213,17.9274,100.0,8.1827,CRITICA,8.8679,0.359991,25.0244,79.3899,0.19784,0.189641,11.8154,15.47,1,1,1106.562,nan
y1421,abierto,B5,85.8297,0.222828,4.4153,17.9454,100.0,8.2252,CRITICA,9.0385,0.363792,24.9921,79.0918,0.213158,0.187357,4.3397,15.9186,1,1,1138.045,nan
y1511,abierto,B5,88.4603,0.23198,4.4188,17.9648,100.0,7.7765,CRITICA,8.7692,0.359353,25.0435,79.6917,0.198564,0.196343,14.4048,15.3622,1,1,1133.273,nan
za0001,abierto,B5,93.56,0.183563,4.5432,17.5726,100.0,7.7733,CRITICA,8.2626,0.267462,25.2704,81.2179,0.189662,0.190203,3.3227,3.6175,1,1,1137.527,nan
za0058,abierto,B5,91.5926,0.1701,4.5406,17.448,100.0,7.5831,CRITICA,8.5193,0.272757,25.3726,80.9504,0.194848,0.191317,14.5495,12.4734,1,1,1039.501,nan
za0074,abierto,B5,89.6818,0.185696,4.5603,17.5036,100.0,7.6509,CRITICA,8.6246,0.282557,25.3502,80.4825,0.195661,0.193765,5.3664,4.3455,1,1,1102.657,nan
za0108,abierto,B5,93.3356,0.184437,4.5433,17.3281,100.0,7.5796,CRITICA,8.2986,0.265628,25.4435,81.4346,0.178662,0.187487,3.1311,1.6539,1,1,906.208,nan
za0114,abierto,B5,86.4767,0.175032,4.5483,17.6009,100.0,8.1487,CRITICA,8.7942,0.297556,25.233,79.6466,0.183615,0.177658,4.9037,1.5004,1,1,1059.21,nan
za0164,abierto,B5,88.815,0.174003,4.5504,17.6041,100.0,8.1371,CRITICA,8.5294,0.291129,25.232,80.1789,0.190984,0.18909,9.7586,8.6701,1,1,998.203,nan
za0166,abierto,B5,88.7219,0.176085,4.5584,17.4961,100.0,8.1279,CRITICA,8.5343,0.289257,25.2991,80.2799,0.187859,0.176911,6.6864,0.4689,1,1,1139.731,nan
za0205,abierto,B5,97.2995,0.18254,4.5423,17.3853,100.0,7.5014,CRITICA,7.9355,0.253055,25.4245,82.1322,0.189486,0.190215,3.8053,4.2045,1,1,1120.197,nan
za0244,abierto,B5,95.3272,0.181644,4.534,17.3981,100.0,7.5814,CRITICA,8.092,0.269107,25.3925,81.7491,0.189311,0.196871,4.2209,8.3829,1,1,1035.518,nan
za0274,abierto,B5,88.1717,0.17149,4.5582,17.492,100.0,8.0958,CRITICA,8.6537,0.280836,25.3019,80.1615,0.181181,0.183116,5.651,6.7791,1,1,935.804,nan
za0325,abierto,B5,92.1123,0.168959,4.5475,17.4079,100.0,7.8501,CRITICA,8.3336,0.274021,25.367,81.1015,0.176833,0.180087,4.6603,6.5861,1,1,1112.223,nan
za0388,abierto,B5,95.2987,0.18743,4.5413,17.506,100.0,7.8288,CRITICA,7.9825,0.263397,25.2978,81.6303,0.203278,0.194124,8.4556,3.5719,1,1,1122.839,nan
za0533,abierto,B5,92.6747,0.172255,4.5623,17.6151,100.0,8.0244,CRITICA,8.1153,0.276557,25.2321,80.9925,0.179303,0.17761,4.0917,3.1088,1,1,1144.427,nan
za0595,abierto,B5,100.8139,0.179474,4.5572,17.5926,100.0,7.6183,CRITICA,7.5797,0.249392,25.2761,82.5494,0.197321,0.185196,9.9443,3.1883,1,1,840.124,nan
za0620,abierto,B5,98.6251,0.169515,4.5497,17.3313,100.0,7.5363,CRITICA,7.7647,0.251707,25.436,82.4271,0.172515,0.192268,1.7697,13.4222,1,1,967.118,nan
za0637,abierto,B5,96.2564,0.169001,4.5508,17.5576,100.0,7.8492,CRITICA,7.8512,0.269955,25.282,81.7595,0.184937,0.184866,9.4295,9.3872,1,1,1093.374,nan
za0676,abierto,B5,95.2918,0.173272,4.5489,17.6015,100.0,7.9625,CRITICA,7.9215,0.274873,25.2426,81.5289,0.186077,0.179653,7.3903,3.6827,1,1,1206.418,nan
za0685,abierto,B5,90.7978,0.181153,4.5548,17.8348,100.0,8.1299,CRITICA,8.2883,0.294823,25.0991,80.3577,0.200389,0.198011,10.6183,9.3061,1,1,1083.658,nan
za0688,abierto,B5,96.4758,0.164276,4.5587,17.3642,100.0,7.7964,CRITICA,7.8687,0.26575,25.3969,82.0015,0.176421,0.184879,7.393,12.5414,1,1,1104.606,nan
za0719,abierto,B5,99.1851,0.171293,4.5464,17.5311,100.0,7.6568,CRITICA,7.6446,0.262407,25.3172,82.3249,0.179586,0.188003,4.8414,9.7557,1,1,1093.853,nan
za0738,abierto,B5,92.0626,0.157314,4.5492,17.5815,100.0,8.1536,CRITICA,8.1886,0.284169,25.2372,80.9027,0.179096,0.183453,13.8462,16.616,1,1,1139.601,nan
za0753,abierto,B5,96.2295,0.168514,4.5554,17.5926,100.0,8.0208,CRITICA,7.8744,0.269738,25.2386,81.7181,0.175803,0.185686,4.3253,10.1905,1,1,1131.35,nan
za0765,abierto,B5,97.5357,0.169601,4.543,17.4929,100.0,7.877,CRITICA,7.7755,0.263764,25.3147,82.0651,0.184588,0.191642,8.8366,12.9958,1,1,1120.951,nan
za0799,abierto,B5,101.4063,0.173412,4.5417,17.5316,100.0,7.5775,CRITICA,7.5269,0.249692,25.3247,82.7115,0.189055,0.187805,9.021,8.2999,1,1,1150.616,nan
za0909,abierto,B5,100.5209,0.166874,4.5477,17.3645,100.0,7.4222,CRITICA,7.6683,0.252179,25.4311,82.7255,0.191276,0.190574,14.6231,14.2022,1,1,1128.923,nan
za0933,abierto,B5,92.5374,0.171821,4.5444,17.4839,100.0,8.0403,CRITICA,8.1826,0.282302,25.2953,81.1061,0.187687,0.184624,9.2337,7.4512,1,1,1139.991,nan
za0938,abierto,B5,91.8112,0.182523,4.5483,17.5683,100.0,8.0763,CRITICA,8.2556,0.287244,25.2454,80.8648,0.203311,0.197234,11.3888,8.0598,1,1,1155.001,nan
za0943,abierto,B5,92.5803,0.172894,4.5425,17.6057,100.0,8.0126,CRITICA,8.1961,0.284372,25.2261,80.9833,0.190849,0.184782,10.3854,6.8758,1,1,1151.278,nan
za0996,abierto,B5,96.5311,0.171033,4.5491,17.4378,100.0,7.5881,CRITICA,7.9157,0.26366,25.3832,81.9356,0.190859,0.184066,11.5919,7.6206,1,1,1136.235,nan
za1025,abierto,B5,92.9787,0.174656,4.55,17.5609,100.0,7.9161,CRITICA,8.1736,0.280596,25.2791,81.113,0.196694,0.18788,12.6179,7.5714,1,1,1087.784,nan
zb0010,abierto,B5,99.2387,0.202711,4.4518,16.9469,100.0,6.4341,CRITICA,8.3535,0.276153,25.7713,82.9231,0.191027,0.20316,5.7639,0.2218,1,1,1108.156,nan
zb0017,abierto,B5,100.7066,0.235455,4.4578,16.9717,100.0,6.2751,CRITICA,8.1839,0.269585,25.769,83.1473,0.23234,0.213433,1.3227,9.3527,1,1,1063.717,nan
zb0031,abierto,B5,105.0132,0.218471,4.4296,17.0144,100.0,6.4321,CRITICA,7.7001,0.253209,25.7119,83.7978,0.233231,0.225264,6.7557,3.1092,1,1,1124.859,nan
zb0046,abierto,B5,103.8882,0.209573,4.4528,17.1613,100.0,6.4653,CRITICA,7.8193,0.260025,25.6332,83.481,0.214379,0.214336,2.2929,2.2727,1,1,1094.451,nan
zb0066,abierto,B5,103.958,0.208799,4.4579,17.0705,100.0,6.5406,CRITICA,7.8646,0.256356,25.6858,83.5794,0.205682,0.211175,1.4925,1.1379,1,1,1133.401,nan
zb0073,abierto,B5,103.0293,0.203002,4.4463,16.7074,100.0,6.5303,CRITICA,7.8858,0.257295,25.8771,83.7839,0.204724,0.212545,0.8481,4.701,1,1,1083.776,nan
zb0117,abierto,B5,103.9668,0.195655,4.4856,17.1531,100.0,6.3804,CRITICA,7.8736,0.260941,25.6768,83.5014,0.197224,0.206393,0.802,5.4881,1,1,1127.269,nan
zb0124,abierto,B5,104.8241,0.228521,4.4821,16.8576,100.0,6.3338,CRITICA,7.7838,0.252187,25.8652,83.9182,0.218098,0.22578,4.5611,1.1993,1,1,1156.069,nan
zb0148,abierto,B5,109.7067,0.205483,4.4648,17.1656,100.0,6.4129,CRITICA,7.3443,0.246521,25.635,84.3532,0.218455,0.207412,6.3129,0.9389,1,1,1136.105,nan
zb0152,abierto,B5,113.4229,0.188091,4.4242,17.0677,100.0,6.4062,CRITICA,7.0006,0.240365,25.6893,84.9522,0.204065,0.200669,8.4927,6.687,1,1,1116.321,nan
zb0273,abierto,B5,106.976,0.258905,4.4436,16.36,100.0,6.1783,CRITICA,7.5275,0.239665,26.1504,84.7069,0.252893,0.233812,2.3221,9.6919,1,1,1140.121,nan
zb0276,abierto,B5,108.874,0.217509,4.4646,16.5123,100.0,6.1067,CRITICA,7.4264,0.238951,26.0614,84.8335,0.211096,0.222267,2.9485,2.1875,1,1,1121.957,nan
zb0355,abierto,B5,108.453,0.225753,4.4538,16.5153,100.0,6.5542,CRITICA,7.3471,0.241346,26.0049,84.772,0.224468,0.215091,0.5694,4.7229,1,1,1121.831,nan
zb0426,abierto,B5,106.7842,0.236501,4.4377,16.4869,100.0,6.1482,CRITICA,7.5453,0.243469,26.0573,84.5605,0.235053,0.237077,0.6121,0.2434,1,1,1108.77,nan
zb0433,abierto,B5,107.6937,0.244056,4.4506,16.6198,100.0,6.174,CRITICA,7.4805,0.244789,25.9661,84.5675,0.248277,0.23387,1.7294,4.1737,1,1,1138.952,nan
zb0457,abierto,B5,108.8249,0.242634,4.4636,16.4871,100.0,6.0751,CRITICA,7.4067,0.239667,26.0853,84.8499,0.234227,0.229976,3.4649,5.2167,1,1,1148.501,nan
zb0502,abierto,B5,104.7411,0.246133,4.4771,16.9091,100.0,6.6073,CRITICA,7.6893,0.257577,25.7487,83.8563,0.237115,0.236355,3.6638,3.9724,1,1,1119.445,nan
zb0528,abierto,B5,107.1737,0.232927,4.4403,17.3351,100.0,6.554,CRITICA,7.549,0.253839,25.5084,83.8252,0.236124,0.225586,1.3724,3.1518,1,1,1057.082,nan
zb0573,abierto,B5,108.6792,0.191063,4.4483,16.4574,100.0,6.2403,CRITICA,7.4178,0.238511,26.0713,84.8569,0.200382,0.214312,4.8774,12.1679,1,1,1127.015,nan
zb0593,abierto,B5,108.6036,0.221239,4.4489,16.4439,100.0,6.1638,CRITICA,7.3995,0.238897,26.086,84.8588,0.221744,0.221221,0.2285,0.008,1,1,1151.145,nan
zb0636,abierto,B5,109.0037,0.238648,4.4432,16.634,100.0,6.3369,CRITICA,7.3181,0.239135,25.9576,84.74,0.246565,0.236649,3.3174,0.8374,1,1,1127.65,nan
zb0659,abierto,B5,106.7822,0.243459,4.4346,17.4937,100.0,6.4411,CRITICA,7.5872,0.258917,25.4139,83.6174,0.239505,0.230826,1.624,5.1886,1,1,1103.022,nan
zb0732,abierto,B5,104.6682,0.238752,4.4821,17.1798,100.0,6.5991,CRITICA,7.6694,0.258145,25.6195,83.5864,0.232218,0.220688,2.7369,7.566,1,1,1071.237,nan
zb0863,abierto,B5,103.6038,0.250429,4.4839,17.0184,100.0,6.345,CRITICA,7.7544,0.266289,25.7648,83.5736,0.24613,0.223823,1.7169,10.6242,1,1,1065.53,nan
zb0867,abierto,B5,103.0673,0.256459,4.4871,17.057,100.0,6.4322,CRITICA,7.7996,0.268127,25.729,83.4507,0.240358,0.222918,6.2782,13.0787,1,1,880.747,nan
zb0883,abierto,B5,101.3866,0.227981,4.4599,17.1361,100.0,6.6056,CRITICA,8.0525,0.268766,25.6587,83.0983,0.237913,0.223551,4.3562,1.9434,1,1,1004.117,nan
zb0917,abierto,B5,107.8587,0.218301,4.431,17.2374,100.0,6.4954,CRITICA,7.3813,0.256005,25.5814,84.0186,0.230454,0.214723,5.5668,1.6391,1,1,1150.88,nan
zb0940,abierto,B5,106.0814,0.207296,4.4683,17.4018,100.0,6.4183,CRITICA,7.62,0.26668,25.5127,83.5958,0.21358,0.201074,3.0313,3.0013,1,1,1086.602,nan
zb0961,abierto,B5,103.0438,0.258311,4.493,17.1285,100.0,6.6103,CRITICA,7.7673,0.269945,25.6642,83.3775,0.247723,0.233896,4.0991,9.4519,1,1,1134.559,nan
zb0966,abierto,B5,103.4042,0.242165,4.4637,16.6793,100.0,6.7149,CRITICA,7.8212,0.259762,25.9079,83.8698,0.247027,0.236444,2.0077,2.3624,1,1,1080.497,nan
zb0974,abierto,B5,103.382,0.246992,4.4577,16.6378,100.0,6.5795,CRITICA,7.8334,0.256462,25.9307,83.9065,0.253104,0.236454,2.4745,4.2665,1,1,1075.269,nan
zb0993,abierto,B5,102.0749,0.260266,4.4646,17.1119,100.0,6.5281,CRITICA,7.8617,0.272811,25.6753,83.236,0.249477,0.236152,4.1451,9.265,1,1,1128.286,nan
zb1020,abierto,B5,103.24,0.253662,4.4848,17.0192,100.0,6.4802,CRITICA,7.8112,0.267461,25.756,83.515,0.2558,0.235895,0.8425,7.0044,1,1,1087.429,nan
zb1105,abierto,B5,100.6451,0.267974,4.4538,17.4464,100.0,6.3616,CRITICA,8.0796,0.280925,25.4893,82.6655,0.258421,0.240569,3.5648,10.2268,1,1,1113.214,nan
zb1124,abierto,B5,104.5357,0.222079,4.4801,17.2013,100.0,6.5499,CRITICA,7.799,0.263282,25.6166,83.5451,0.216567,0.206221,2.482,7.1407,1,1,1123.848,nan
zb1144,abierto,B5,104.7685,0.234201,4.4777,16.0742,100.0,6.5165,CRITICA,7.6869,0.239769,26.3287,84.6574,0.241486,0.2315,3.1106,1.1531,1,1,1090.631,nan
zb1179,abierto,B5,105.6491,0.246349,4.4648,16.1175,100.0,6.4474,CRITICA,7.6223,0.238488,26.2905,84.7443,0.249559,0.233562,1.3028,5.1908,1,1,1118.068,nan
zb1237,abierto,B5,105.8072,0.22614,4.4627,17.6229,100.0,6.5219,CRITICA,7.6809,0.260357,25.357,83.3444,0.222584,0.2139,1.5727,5.4126,1,1,1128.286,nan
zb1246,abierto,B5,110.5984,0.236615,4.4343,17.6835,100.0,6.3383,CRITICA,7.2546,0.248837,25.3316,84.0111,0.242089,0.225481,2.3136,4.7054,1,1,1011.02,nan
zc0027,abierto,B5,107.2651,0.307631,4.4326,17.5493,100.0,5.6212,CRITICA,8.1989,0.260899,25.4801,83.6393,0.281513,0.285182,8.49,7.2974,1,1,1032.631,nan
zc0102,abierto,B5,109.982,0.28996,4.4482,17.401,100.0,5.3615,CRITICA,7.9237,0.253839,25.628,84.1784,0.286465,0.279313,1.2052,3.6718,1,1,1203.08,nan
zc0189,abierto,B5,107.0992,0.294965,4.4229,17.5262,100.0,5.593,CRITICA,8.2883,0.255535,25.4946,83.6355,0.286353,0.284944,2.9196,3.3972,1,1,1117.568,nan
zc0386,abierto,B5,109.7523,0.300409,4.4346,17.3762,100.0,5.4058,CRITICA,7.9507,0.251553,25.634,84.1678,0.306012,0.283366,1.8653,5.6733,1,1,1029.76,nan
zc0442,abierto,B5,111.1873,0.304034,4.4144,17.4937,100.0,5.4463,CRITICA,7.8593,0.247998,25.5498,84.2665,0.28913,0.28015,4.9021,7.8556,1,1,929.627,nan
zc0507,abierto,B5,109.7088,0.298926,4.4283,17.5365,100.0,5.4594,CRITICA,7.9821,0.253436,25.5155,84.0155,0.276658,0.286226,7.4492,4.2486,1,1,1184.273,nan
zc0686,abierto,B5,110.3356,0.300033,4.4081,17.3806,100.0,5.171,CRITICA,7.8606,0.248451,25.6605,84.2475,0.286316,0.289132,4.5718,3.6333,1,1,1112.471,nan
zc0809,abierto,B5,110.6774,0.30899,4.4233,17.5662,100.0,5.5474,CRITICA,7.9267,0.25133,25.4918,84.1285,0.296388,0.295157,4.0787,4.477,1,1,1107.788,nan
zc0813,abierto,B5,110.4157,0.2834,4.4187,17.5299,100.0,5.5828,CRITICA,7.9447,0.251173,25.5042,84.1237,0.26986,0.28129,4.7777,0.7445,1,1,1127.904,nan
zc0842,abierto,B5,110.7705,0.312288,4.4322,17.4303,100.0,5.2919,CRITICA,7.8611,0.249621,25.619,84.2645,0.291592,0.292092,6.6272,6.4671,1,1,1110.494,nan
zc0852,abierto,B5,109.0033,0.299491,4.4127,17.5912,100.0,5.5976,CRITICA,8.0704,0.251791,25.4568,83.8618,0.278931,0.292113,6.865,2.4635,1,1,1087.666,nan
zc1127,abierto,B5,110.4196,0.292988,4.4171,17.3508,100.0,5.2171,CRITICA,7.8716,0.251656,25.6808,84.2865,0.285806,0.286506,2.4513,2.2123,1,1,1146.658,nan
zc1135,abierto,B5,110.3833,0.285628,4.4184,17.5301,100.0,5.3136,CRITICA,7.9061,0.254722,25.5512,84.1189,0.283288,0.290321,0.8193,1.6432,1,1,1154.068,nan
zc1176,abierto,B5,108.3552,0.303197,4.4183,17.3689,100.0,5.5308,CRITICA,8.0985,0.252034,25.6078,83.9704,0.284914,0.289102,6.0302,4.6488,1,1,1139.341,nan
zc1181,abierto,B5,108.9787,0.295334,4.4288,17.5602,100.0,5.6399,CRITICA,8.0691,0.252635,25.4804,83.8866,0.301824,0.28902,2.1972,2.1381,1,1,1117.194,nan
zc1316,abierto,B5,110.0777,0.290126,4.4006,17.5874,100.0,5.3735,CRITICA,7.959,0.25493,25.4933,84.0227,0.283002,0.284506,2.4556,1.9371,1,1,1124.859,nan
zc1434,abierto,B5,108.27,0.312443,4.4258,17.4324,100.0,5.5272,CRITICA,8.1256,0.255046,25.5741,83.8991,0.277053,0.2895,11.3267,7.3431,1,1,1134.044,nan
zc1452,abierto,B5,109.2273,0.292933,4.4196,17.3661,100.0,5.4543,CRITICA,7.9984,0.256411,25.625,84.1009,0.277503,0.287866,5.2674,1.7296,1,1,1211.24,nan
zc1490,abierto,B5,108.0737,0.295927,4.4218,17.5725,100.0,5.5384,CRITICA,8.1614,0.258473,25.4819,83.7403,0.282069,0.28779,4.683,2.7495,1,1,1090.037,nan
zc1576,abierto,B5,106.839,0.297967,4.4252,17.4402,100.0,5.5591,CRITICA,8.271,0.259167,25.5546,83.6762,0.289529,0.284153,2.8321,4.6363,1,1,1118.693,nan
zc1667,abierto,B5,108.0851,0.301011,4.4161,17.6341,100.0,5.569,CRITICA,8.1546,0.25873,25.4403,83.685,0.296898,0.287679,1.3663,4.4291,1,1,1125.492,nan
