imagen_id,estado_ojo,nivel_brillo,brillo_ref,ear_ref,brillo_oscura,brillo_mejorada,darkpct_mejorada,std_mejorada,nivel_ilum,psnr_vs_ref,ssim_vs_ref,psnr_vs_oscura,error_brillo_pct,ear_mejorada,ear_oscura,ear_error_mej_pct,ear_error_osc_pct,deteccion_ref,deteccion_mejorada,fps,flops
closed_eye_0002.jpg_face_2,cerrado,B5,119.98,0.108019,4.4706,42.229,100.0,15.2319,CRITICA,8.6347,0.32746,16.2221,64.8033,0.144051,nan,33.3568,nan,1,1,159.872,nan
closed_eye_0002.jpg_face_2,cerrado,B10,119.98,0.108019,9.5192,55.1453,91.3606,17.3832,CRITICA,9.8253,0.46298,14.7328,54.0379,0.0956,0.164268,11.4972,52.0735,1,1,965.251,nan
closed_eye_0002.jpg_face_2,cerrado,B15,119.98,0.108019,14.5244,62.6155,75.9553,19.5523,CRITICA,10.6208,0.539386,14.326,47.8117,0.078749,0.144593,27.0968,33.8593,1,1,1465.631,nan
closed_eye_0002.jpg_face_2,cerrado,B25,119.98,0.108019,24.4995,72.1236,63.4308,23.6956,CRITICA,11.845,0.635117,14.4497,39.887,0.091679,0.096339,15.1269,10.8133,1,1,1775.568,nan
closed_eye_0002.jpg_face_2,cerrado,B40,119.98,0.108019,39.649,81.3432,51.9304,29.3756,BIEN,13.3958,0.735955,15.6412,32.2027,0.075035,0.07431,30.535,31.2062,1,1,1671.123,nan
closed_eye_0003.jpg_face_2,cerrado,B5,169.273,0.062583,4.4199,44.0072,100.0,9.7172,CRITICA,5.5349,0.274752,16.0805,74.0022,nan,nan,nan,nan,1,0,6238.303,nan
closed_eye_0003.jpg_face_2,cerrado,B10,169.273,0.062583,9.4163,56.8751,100.0,10.5517,CRITICA,6.43,0.37465,14.5087,66.4004,nan,nan,nan,nan,1,0,5385.029,nan
closed_eye_0003.jpg_face_2,cerrado,B15,169.273,0.062583,14.5376,64.7093,99.9883,11.7185,CRITICA,6.9878,0.429616,14.078,61.7722,nan,0.150599,nan,140.6366,1,0,3706.449,nan
closed_eye_0003.jpg_face_2,cerrado,B25,169.273,0.062583,24.4746,74.2271,51.4493,13.8829,CRITICA,7.7788,0.509486,14.1267,56.1495,nan,nan,nan,nan,1,0,4060.09,nan
closed_eye_0003.jpg_face_2,cerrado,B40,169.273,0.062583,39.5072,83.5413,24.6611,17.0516,BIEN,8.647,0.592255,15.2165,50.647,0.073982,0.08543,18.214,36.5066,1,1,5144.033,nan
closed_eye_0007.jpg_face_1,cerrado,B5,148.5356,0.032973,4.3259,40.1199,100.0,18.6938,CRITICA,6.3783,0.305071,16.3332,72.9897,0.085877,nan,160.4448,nan,1,1,5288.207,nan
closed_eye_0007.jpg_face_1,cerrado,B10,148.5356,0.032973,9.5459,54.292,100.0,19.4671,CRITICA,7.362,0.433822,14.7311,63.4485,0.032322,0.093689,1.9734,184.1394,1,1,4486.317,nan
closed_eye_0007.jpg_face_1,cerrado,B15,148.5356,0.032973,14.4588,61.9097,89.8855,21.2705,CRITICA,7.9896,0.501392,14.3026,58.32,0.026503,0.065649,19.6228,99.1003,1,1,4992.511,nan
closed_eye_0007.jpg_face_1,cerrado,B25,148.5356,0.032973,24.474,71.1674,41.1346,25.5137,CRITICA,8.8881,0.589884,14.4291,52.0873,0.028517,0.034492,13.5156,4.6054,1,1,5428.881,nan
closed_eye_0007.jpg_face_1,cerrado,B40,148.5356,0.032973,39.4854,80.3634,31.743,30.417,BIEN,9.9482,0.679231,15.6044,45.8962,0.022301,0.023524,32.3654,28.6564,1,1,5181.347,nan
closed_eye_0013.BMP_face_1,cerrado,B5,99.3546,0.100251,4.4353,37.4856,100.0,23.491,CRITICA,9.5732,0.34432,16.4489,62.2709,0.079341,0.147124,20.8571,46.756,1,1,5491.489,nan
closed_eye_0013.BMP_face_1,cerrado,B10,99.3546,0.100251,9.4424,50.8425,79.2094,26.3031,CRITICA,10.8902,0.498454,14.9855,48.8272,0.070648,0.088153,29.5286,12.0677,1,1,4482.295,nan
closed_eye_0013.BMP_face_1,cerrado,B15,99.3546,0.100251,14.4862,58.4124,67.3787,29.3277,CRITICA,11.8411,0.583676,14.5892,41.2082,0.070642,0.090263,29.5352,9.9627,1,1,5521.811,nan
closed_eye_0013.BMP_face_1,cerrado,B25,99.3546,0.100251,24.5244,67.8632,58.3846,34.9679,CRITICA,13.3426,0.691124,14.8071,31.696,0.067572,0.077245,32.5972,22.9486,1,1,4644.682,nan
closed_eye_0013.BMP_face_1,cerrado,B40,99.3546,0.100251,39.4744,76.7567,53.8448,43.0324,CRITICA,15.3991,0.790762,16.1704,22.7448,0.061849,0.073886,38.3063,26.2993,1,1,5704.506,nan
closed_eye_0015.jpg_face_1,cerrado,B5,136.8367,0.044322,4.4336,42.4883,100.0,14.2445,CRITICA,7.3726,0.346076,16.1634,68.9496,0.04489,0.151165,1.2818,241.0586,1,1,4228.33,nan
closed_eye_0015.jpg_face_1,cerrado,B10,136.8367,0.044322,9.4298,54.9343,99.4544,16.5998,CRITICA,8.446,0.482216,14.6621,59.8541,0.045591,0.120542,2.8628,171.967,1,1,4024.145,nan
closed_eye_0015.jpg_face_1,cerrado,B15,136.8367,0.044322,14.4959,62.7104,88.8464,18.5192,CRITICA,9.1756,0.549891,14.1878,54.1713,0.052701,0.104138,18.904,134.9564,1,1,4653.327,nan
closed_eye_0015.jpg_face_1,cerrado,B25,136.8367,0.044322,24.5149,72.1507,58.2058,21.6953,CRITICA,10.19,0.635263,14.3254,47.2724,0.043902,0.08159,0.9477,84.0833,1,1,4870.921,nan
closed_eye_0015.jpg_face_1,cerrado,B40,136.8367,0.044322,39.5172,81.4104,36.3379,26.2299,BIEN,11.4366,0.723229,15.4718,40.5054,0.027064,0.063132,38.9389,42.4396,1,1,2943.774,nan
closed_eye_0019.jpg_face_1,cerrado,B5,133.3445,0.028059,4.5093,44.6923,100.0,6.4289,CRITICA,8.7606,0.358148,15.9471,66.4836,0.134435,nan,379.1227,nan,1,1,6006.005,nan
closed_eye_0019.jpg_face_1,cerrado,B10,133.3445,0.028059,9.4688,57.9412,100.0,7.4526,CRITICA,9.9955,0.455554,14.4727,56.5477,0.077915,nan,177.6873,nan,1,1,6531.679,nan
closed_eye_0019.jpg_face_1,cerrado,B15,133.3445,0.028059,14.4234,65.0811,99.979,8.3273,CRITICA,10.8463,0.52523,14.0366,51.1933,0.080699,0.138039,187.6085,391.9669,1,1,6779.66,nan
closed_eye_0019.jpg_face_1,cerrado,B25,133.3445,0.028059,24.5026,75.2039,55.4505,10.3067,CRITICA,12.121,0.615936,14.0681,43.6017,0.065206,0.076689,132.3934,173.3156,1,1,6093.845,nan
closed_eye_0019.jpg_face_1,cerrado,B40,133.3445,0.028059,39.456,84.2201,28.5234,12.797,BIEN,13.5414,0.713668,15.1186,36.8402,0.039538,0.059347,40.9113,111.5118,1,1,6697.924,nan
closed_eye_0030.jpg_face_2,cerrado,B5,121.8991,0.057203,4.4935,42.5037,100.0,14.1652,CRITICA,9.1224,0.458836,16.2479,65.1321,0.070071,nan,22.4966,nan,1,1,1931.248,nan
closed_eye_0030.jpg_face_2,cerrado,B10,121.8991,0.057203,9.3998,55.2284,99.992,16.0394,CRITICA,10.3564,0.61822,14.7549,54.6933,0.071334,nan,24.7031,nan,1,1,2025.932,nan
closed_eye_0030.jpg_face_2,cerrado,B15,121.8991,0.057203,14.4943,63.2207,92.4125,17.4132,CRITICA,11.2508,0.685709,14.2804,48.1369,0.062694,0.081073,9.5994,41.73,1,1,1860.465,nan
closed_eye_0030.jpg_face_2,cerrado,B25,121.8991,0.057203,24.4812,72.5864,54.3852,19.9299,CRITICA,12.5128,0.759137,14.4146,40.4537,0.064499,0.064914,12.7559,13.4801,1,1,1755.002,nan
closed_eye_0030.jpg_face_2,cerrado,B40,121.8991,0.057203,39.4884,81.8048,32.1015,23.9829,BIEN,14.0982,0.82821,15.5536,32.8914,0.062164,0.06243,8.674,9.1382,1,1,1714.972,nan
closed_eye_0032.jpg_face_1,cerrado,B5,156.1175,0.03677,4.41,42.6197,100.0,14.253,CRITICA,6.1094,0.32955,16.1259,72.7003,0.050781,nan,38.1048,nan,1,1,1354.646,nan
closed_eye_0032.jpg_face_1,cerrado,B10,156.1175,0.03677,9.4211,55.5199,100.0,15.7071,CRITICA,7.0198,0.44661,14.6272,64.4371,0.044204,0.114812,20.218,212.2423,1,1,1350.439,nan
closed_eye_0032.jpg_face_1,cerrado,B15,156.1175,0.03677,14.4195,63.1064,92.1716,17.902,CRITICA,7.6211,0.509103,14.2016,59.5776,0.038815,0.066276,5.5613,80.2435,1,1,1344.99,nan
closed_eye_0032.jpg_face_1,cerrado,B25,156.1175,0.03677,24.4474,72.8836,45.7215,21.3285,CRITICA,8.5039,0.594758,14.2713,53.3149,0.037955,0.061365,3.2222,66.8875,1,1,1357.405,nan
closed_eye_0032.jpg_face_1,cerrado,B40,156.1175,0.03677,39.4717,82.0589,34.1776,26.0365,BIEN,9.4952,0.682608,15.3982,47.4377,0.034125,0.031308,7.1949,14.855,1,1,1380.834,nan
closed_eye_0033.jpg_face_2,cerrado,B5,115.7202,0.103117,4.3792,43.1359,100.0,11.6804,CRITICA,9.3868,0.333081,16.2193,62.7239,0.154225,nan,49.5633,nan,1,1,4940.711,nan
closed_eye_0033.jpg_face_2,cerrado,B10,115.7202,0.103117,9.436,56.0371,97.619,13.4588,CRITICA,10.7756,0.465714,14.6428,51.5753,0.142625,0.204285,38.3141,98.1104,1,1,5727.376,nan
closed_eye_0033.jpg_face_2,cerrado,B15,115.7202,0.103117,14.4785,63.7993,77.701,15.5821,CRITICA,11.6963,0.537873,14.1969,44.8676,0.128473,0.181718,24.59,76.2255,1,1,6184.293,nan
closed_eye_0033.jpg_face_2,cerrado,B25,115.7202,0.103117,24.4887,73.0681,67.6139,18.9292,CRITICA,13.0292,0.637744,14.3172,36.8579,0.13242,0.147701,28.4174,43.2361,1,1,6480.881,nan
closed_eye_0033.jpg_face_2,cerrado,B40,115.7202,0.103117,39.5146,82.2919,52.2017,23.8474,BIEN,14.7529,0.748384,15.4698,28.8872,0.11113,0.115627,7.7708,12.1323,1,1,6835.271,nan
closed_eye_0053.jpg_face_3,cerrado,B5,148.0864,0.068393,4.4003,44.0762,100.0,8.961,CRITICA,7.2157,0.423766,16.0597,70.2362,0.080771,nan,18.0978,nan,1,1,2321.802,nan
closed_eye_0053.jpg_face_3,cerrado,B10,148.0864,0.068393,9.4065,57.1467,100.0,10.1473,CRITICA,8.2799,0.554032,14.5122,61.4099,0.125412,nan,83.3699,nan,1,1,2751.789,nan
closed_eye_0053.jpg_face_3,cerrado,B15,148.0864,0.068393,14.5445,64.7366,98.6172,11.4235,CRITICA,8.9708,0.618936,14.0885,56.2846,0.111314,nan,62.7564,nan,1,1,2084.636,nan
closed_eye_0053.jpg_face_3,cerrado,B25,148.0864,0.068393,24.4206,74.5293,51.4763,13.8799,CRITICA,9.9812,0.696803,14.1166,49.6718,0.090606,0.120849,32.4784,76.6974,1,1,2527.167,nan
closed_eye_0053.jpg_face_3,cerrado,B40,148.0864,0.068393,39.4449,83.6522,33.1449,17.0702,BIEN,11.1097,0.769365,15.1818,43.5112,0.095946,0.094047,40.2859,37.5093,1,1,2369.668,nan
closed_eye_0059.jpg_face_2,cerrado,B5,100.2889,0.10055,4.5156,44.0776,100.0,11.1576,CRITICA,11.3583,0.55077,15.9502,56.0494,0.122675,nan,22.0043,nan,1,1,1756.852,nan
closed_eye_0059.jpg_face_2,cerrado,B10,100.2889,0.10055,9.394,56.3355,98.4095,13.1962,CRITICA,12.9664,0.674256,14.5381,43.8268,0.109232,0.185913,8.6353,84.8967,1,1,2515.091,nan
closed_eye_0059.jpg_face_2,cerrado,B15,100.2889,0.10055,14.4737,63.9831,83.2279,14.9977,CRITICA,14.1571,0.73188,14.0883,36.2012,0.099015,0.139378,1.5257,38.616,1,1,2564.103,nan
closed_eye_0059.jpg_face_2,cerrado,B25,100.2889,0.10055,24.4416,73.4464,54.3604,18.6195,CRITICA,16.0003,0.808072,14.1904,26.7652,0.09965,0.092954,0.8949,7.5545,1,1,2295.684,nan
closed_eye_0059.jpg_face_2,cerrado,B40,100.2889,0.10055,39.4951,82.5244,43.725,23.4379,BIEN,18.4454,0.86887,15.3382,17.7134,0.093999,0.097539,6.5149,2.9939,1,1,2518.257,nan
closed_eye_0060.jpg_face_1,cerrado,B5,95.9278,0.047151,4.3218,40.5475,100.0,17.7458,CRITICA,11.8883,0.475485,16.3565,57.7313,0.055317,0.235312,17.319,399.0655,1,1,3891.05,nan
closed_eye_0060.jpg_face_1,cerrado,B10,95.9278,0.047151,9.4496,54.5706,99.8416,18.2447,CRITICA,13.7351,0.636494,14.7731,43.1128,0.044951,0.105453,4.6639,123.6525,1,1,4302.926,nan
closed_eye_0060.jpg_face_1,cerrado,B15,95.9278,0.047151,14.5006,62.3262,80.0413,20.3775,CRITICA,15.0561,0.707781,14.3131,35.028,0.045991,0.076179,2.4599,61.5645,1,1,4395.605,nan
closed_eye_0060.jpg_face_1,cerrado,B25,95.9278,0.047151,24.4788,71.6826,45.854,24.2266,CRITICA,17.0437,0.781061,14.4496,25.2743,0.038774,0.041047,17.7652,12.9444,1,1,5681.818,nan
closed_eye_0060.jpg_face_1,cerrado,B40,95.9278,0.047151,39.5145,80.9397,36.2879,29.2267,BIEN,19.7721,0.857169,15.6162,15.6243,0.033782,0.04361,28.3539,7.508,1,1,5452.563,nan
closed_eye_0068.jpg_face_1,cerrado,B5,105.9201,0.047283,4.4441,44.1527,100.0,9.7342,CRITICA,11.323,0.511596,16.1439,58.315,0.09966,nan,110.774,nan,1,1,5458.515,nan
closed_eye_0068.jpg_face_1,cerrado,B10,105.9201,0.047283,9.4754,57.0471,99.6916,10.5444,CRITICA,12.9643,0.645502,14.638,46.1414,0.069503,0.178913,46.9937,278.389,1,1,6613.756,nan
closed_eye_0068.jpg_face_1,cerrado,B15,105.9201,0.047283,14.4941,64.6011,90.6485,11.8407,CRITICA,14.1523,0.708447,14.15,39.0096,0.076261,0.12003,61.2875,153.8549,1,1,4230.119,nan
closed_eye_0068.jpg_face_1,cerrado,B25,105.9201,0.047283,24.4923,73.993,66.9206,14.1973,CRITICA,15.8852,0.785062,14.2708,30.1426,0.056094,0.076357,18.6338,61.4904,1,1,5232.862,nan
closed_eye_0068.jpg_face_1,cerrado,B40,105.9201,0.047283,39.4678,83.2484,35.1655,17.6043,BIEN,18.1711,0.857341,15.3539,21.4045,0.063216,0.058163,33.6964,23.0109,1,1,3640.335,nan
closed_eye_0077.jpg_face_1,cerrado,B5,121.1229,0.062263,4.3748,42.3028,100.0,14.7121,CRITICA,9.1376,0.415731,16.2043,65.0745,0.049243,nan,20.9117,nan,1,1,3785.011,nan
closed_eye_0077.jpg_face_1,cerrado,B10,121.1229,0.062263,9.5045,55.3618,99.9662,17.1862,CRITICA,10.5037,0.551319,14.6357,54.2928,0.054131,0.081253,13.0617,30.4997,1,1,4528.985,nan
closed_eye_0077.jpg_face_1,cerrado,B15,121.1229,0.062263,14.4575,63.0344,88.3681,18.6142,CRITICA,11.386,0.619658,14.1936,47.9583,0.050392,0.056574,19.066,9.1377,1,1,5216.484,nan
closed_eye_0077.jpg_face_1,cerrado,B25,121.1229,0.062263,24.5046,72.7131,50.6944,21.7188,CRITICA,12.7447,0.706757,14.2882,39.9675,0.054521,0.054667,12.4341,12.1996,1,1,4800.768,nan
closed_eye_0077.jpg_face_1,cerrado,B40,121.1229,0.062263,39.5111,81.8083,34.6981,26.1034,BIEN,14.3921,0.790323,15.4224,32.4584,0.054838,0.05214,11.9249,16.2594,1,1,4714.758,nan
closed_eye_0086.jpg_face_2,cerrado,B5,78.7757,0.055506,4.5073,40.3635,100.0,19.2537,CRITICA,14.2273,0.599408,16.3014,48.7615,0.073009,0.173146,31.5328,211.9381,1,1,2598.077,nan
closed_eye_0086.jpg_face_2,cerrado,B10,78.7757,0.055506,9.4776,52.6116,95.6351,23.0462,CRITICA,16.4303,0.742866,14.8625,33.2134,0.059843,0.121148,7.8128,118.2593,1,1,3091.19,nan
closed_eye_0086.jpg_face_2,cerrado,B15,78.7757,0.055506,14.4917,60.0405,81.0645,25.6445,CRITICA,18.0365,0.786654,14.438,23.7829,0.052693,0.101621,5.0688,83.0805,1,1,2757.86,nan
closed_eye_0086.jpg_face_2,cerrado,B25,78.7757,0.055506,24.5081,69.5488,53.5617,29.5027,CRITICA,20.6258,0.834262,14.6135,11.7129,0.052351,0.071765,5.6852,29.2905,1,1,3186.743,nan
closed_eye_0086.jpg_face_2,cerrado,B40,78.7757,0.055506,39.5545,79.0978,38.4757,34.428,CRITICA,23.8317,0.872292,15.836,0.4088,0.057516,0.065491,3.6197,17.9874,1,1,3049.71,nan
closed_eye_0091.jpg_face_1,cerrado,B5,151.2539,0.050929,4.3123,44.0768,100.0,8.3898,CRITICA,6.9455,0.438889,16.2127,70.8591,0.054953,nan,7.9017,nan,1,1,1773.993,nan
closed_eye_0091.jpg_face_1,cerrado,B10,151.2539,0.050929,9.5863,57.2752,100.0,9.8156,CRITICA,8.0286,0.580983,14.5713,62.1331,0.057559,0.09495,13.0189,86.4356,1,1,1738.526,nan
closed_eye_0091.jpg_face_1,cerrado,B15,151.2539,0.050929,14.4787,64.8833,97.1675,10.9933,CRITICA,8.6933,0.648086,14.0961,57.103,0.055912,0.091245,9.784,79.1617,1,1,1760.873,nan
closed_eye_0091.jpg_face_1,cerrado,B25,151.2539,0.050929,24.5312,74.7122,51.4147,13.4729,CRITICA,9.6599,0.720602,14.1554,50.6047,0.059204,0.06996,16.2471,37.3684,1,1,1663.34,nan
closed_eye_0091.jpg_face_1,cerrado,B40,151.2539,0.050929,39.4957,83.6113,34.0756,16.5234,BIEN,10.7087,0.782608,15.247,44.7212,0.052178,0.05687,2.4517,11.6655,1,1,1564.211,nan
closed_eye_0093.jpg_face_1,cerrado,B5,143.424,0.078215,4.522,43.4071,100.0,11.8159,CRITICA,6.7964,0.452611,15.9754,69.7351,0.100936,nan,29.0485,nan,1,1,1712.329,nan
closed_eye_0093.jpg_face_1,cerrado,B10,143.424,0.078215,9.3416,55.5879,100.0,13.5697,CRITICA,7.7858,0.597271,14.5541,61.2423,0.122724,nan,56.9051,nan,1,1,1282.38,nan
closed_eye_0093.jpg_face_1,cerrado,B15,143.424,0.078215,14.5066,63.4944,85.2118,15.518,CRITICA,8.4692,0.660736,14.1076,55.7296,0.109278,0.10934,39.7137,39.7941,1,1,1469.292,nan
closed_eye_0093.jpg_face_1,cerrado,B25,143.424,0.078215,24.4806,72.8345,52.3502,18.6781,CRITICA,9.4341,0.736972,14.215,49.2174,0.101999,0.109746,30.4074,40.3127,1,1,1086.13,nan
closed_eye_0093.jpg_face_1,cerrado,B40,143.424,0.078215,39.4814,82.0296,41.1717,22.9208,BIEN,10.5734,0.800179,15.3664,42.8063,0.095442,0.103181,22.0242,31.9185,1,1,1274.535,nan
closed_eye_0095.jpg_face_1,cerrado,B5,146.3171,0.054832,4.5978,44.0995,100.0,10.4653,CRITICA,7.2197,0.320657,15.8209,69.8603,nan,nan,nan,nan,1,0,3665.689,nan
closed_eye_0095.jpg_face_1,cerrado,B10,146.3171,0.054832,9.4761,57.1433,100.0,11.1626,CRITICA,8.2054,0.415937,14.453,60.9456,nan,nan,nan,nan,1,0,5428.881,nan
closed_eye_0095.jpg_face_1,cerrado,B15,146.3171,0.054832,14.4323,64.4907,99.8864,12.0667,CRITICA,8.8856,0.477618,14.0267,55.924,0.063909,0.108456,16.5533,97.7965,1,1,5995.203,nan
closed_eye_0095.jpg_face_1,cerrado,B25,146.3171,0.054832,24.4612,74.1491,55.5485,14.6023,CRITICA,9.9106,0.567813,14.0826,49.323,0.065173,0.078273,18.86,42.7504,1,1,5503.577,nan
closed_eye_0095.jpg_face_1,cerrado,B40,146.3171,0.054832,39.5056,83.4847,27.4587,17.9128,BIEN,11.0636,0.660319,15.1702,42.9427,0.051931,0.056681,5.2908,3.3712,1,1,5694.761,nan
closed_eye_0097.jpg_face_4,cerrado,B5,113.304,0.02637,4.4424,42.6297,100.0,14.4514,CRITICA,9.7315,0.400177,16.1596,62.3758,0.17118,nan,549.1575,nan,1,1,4859.087,nan
closed_eye_0097.jpg_face_4,cerrado,B10,113.304,0.02637,9.4404,55.5037,100.0,14.9374,CRITICA,11.1724,0.522573,14.6135,51.0135,nan,0.2,nan,658.4477,1,0,6131.208,nan
closed_eye_0097.jpg_face_4,cerrado,B15,113.304,0.02637,14.4772,63.2947,93.5021,16.7851,CRITICA,12.1729,0.596337,14.191,44.1373,nan,0.151563,nan,474.7631,1,0,4568.296,nan
closed_eye_0097.jpg_face_4,cerrado,B25,113.304,0.02637,24.5026,72.7713,45.4446,20.1543,CRITICA,13.6532,0.689867,14.2884,35.7734,0.039782,0.076164,50.863,188.8312,1,1,5948.84,nan
closed_eye_0097.jpg_face_4,cerrado,B40,113.304,0.02637,39.5265,81.9922,32.8181,24.5248,BIEN,15.4894,0.782241,15.4427,27.6352,0.052754,0.052199,100.0566,97.9494,1,1,5614.824,nan
closed_eye_0105.jpg_face_2,cerrado,B5,84.8034,0.07693,4.4653,44.7112,100.0,6.8308,CRITICA,15.1026,0.644159,16.0097,47.2766,0.132864,nan,72.7073,nan,1,1,4074.98,nan
closed_eye_0105.jpg_face_2,cerrado,B10,84.8034,0.07693,9.4702,57.5703,100.0,8.1102,CRITICA,17.9135,0.776401,14.5009,32.1133,0.132976,0.174315,72.8523,126.589,1,1,5219.207,nan
closed_eye_0105.jpg_face_2,cerrado,B15,84.8034,0.07693,14.442,65.0547,97.1193,9.136,CRITICA,19.9558,0.82965,14.0451,23.2877,0.12759,0.14994,65.8517,94.9046,1,1,2840.102,nan
closed_eye_0105.jpg_face_2,cerrado,B25,84.8034,0.07693,24.4948,74.7114,67.2977,11.108,CRITICA,23.3986,0.889051,14.1062,11.9004,0.099715,0.093105,29.6175,21.0251,1,1,5055.612,nan
closed_eye_0105.jpg_face_2,cerrado,B40,84.8034,0.07693,39.503,84.0186,28.9273,13.9496,BIEN,27.4198,0.934098,15.1703,0.9254,0.091706,0.086736,19.2069,12.7463,1,1,4847.31,nan
closed_eye_0139.jpg_face_1,cerrado,B5,124.8511,0.065564,4.3403,39.7157,100.0,19.2565,CRITICA,8.2513,0.260617,16.3937,68.1895,0.077687,nan,18.4897,nan,1,1,6234.414,nan
closed_eye_0139.jpg_face_1,cerrado,B10,124.8511,0.065564,9.2704,53.6428,99.9132,20.2937,CRITICA,9.4663,0.373407,14.7821,57.0346,0.04799,0.112436,26.8054,71.4898,1,1,5740.529,nan
closed_eye_0139.jpg_face_1,cerrado,B15,124.8511,0.065564,14.3932,61.3889,75.4774,22.6418,CRITICA,10.3169,0.451076,14.3316,50.8303,0.066377,0.09727,1.239,48.3579,1,1,5577.244,nan
closed_eye_0139.jpg_face_1,cerrado,B25,124.8511,0.065564,24.6315,71.2522,43.2726,26.5779,CRITICA,11.5406,0.552106,14.4621,42.9303,0.045877,0.061301,30.0267,6.5032,1,1,5624.296,nan
closed_eye_0139.jpg_face_1,cerrado,B40,124.8511,0.065564,39.4761,80.4731,37.4132,32.2305,BIEN,13.0382,0.670322,15.6316,35.5448,0.058252,0.055305,11.1535,15.6475,1,1,5078.72,nan
closed_eye_0142.jpg_face_1,cerrado,B5,137.3445,0.039781,4.5626,40.6359,100.0,19.996,CRITICA,7.3518,0.254117,16.1359,70.4132,0.054146,0.149974,36.11,276.997,1,1,3219.575,nan
closed_eye_0142.jpg_face_1,cerrado,B10,137.3445,0.039781,9.5487,52.1388,99.993,24.5299,CRITICA,8.3574,0.347226,14.7809,62.0379,0.052495,0.120699,31.9591,203.4072,1,1,3538.57,nan
closed_eye_0142.jpg_face_1,cerrado,B15,137.3445,0.039781,14.5439,59.5033,84.4918,27.7856,CRITICA,9.1033,0.414513,14.3427,56.6759,0.047106,0.067346,18.4134,69.2907,1,1,3955.697,nan
closed_eye_0142.jpg_face_1,cerrado,B25,137.3445,0.039781,24.553,68.9724,39.6323,32.3856,CRITICA,10.1628,0.536218,14.469,49.7815,0.053909,0.049171,35.5125,23.6028,1,1,3652.301,nan
closed_eye_0142.jpg_face_1,cerrado,B40,137.3445,0.039781,39.5509,78.3881,30.6552,37.488,CRITICA,11.4116,0.654276,15.6404,42.9259,0.045566,0.053,14.541,33.2289,1,1,4060.09,nan
closed_eye_0151.jpg_face_1,cerrado,B5,81.4116,0.052451,4.5377,43.3005,100.0,13.6434,CRITICA,14.5593,0.605703,16.0007,46.8129,0.045094,nan,14.0278,nan,1,1,5040.323,nan
closed_eye_0151.jpg_face_1,cerrado,B10,81.4116,0.052451,9.4735,55.6632,99.3198,15.2257,CRITICA,17.0971,0.735035,14.5346,31.6274,0.048337,0.107524,7.8443,104.9978,1,1,3888.025,nan
closed_eye_0151.jpg_face_1,cerrado,B15,81.4116,0.052451,14.5075,63.3923,91.6636,16.6269,CRITICA,19.0043,0.793479,14.0934,22.1335,0.043587,0.082218,16.9012,56.751,1,1,4793.864,nan
closed_eye_0151.jpg_face_1,cerrado,B25,81.4116,0.052451,24.4636,72.9274,55.5926,19.7197,CRITICA,22.0386,0.858815,14.1947,10.4214,0.046197,0.070573,11.9245,34.5487,1,1,4271.679,nan
closed_eye_0151.jpg_face_1,cerrado,B40,81.4116,0.052451,39.4701,82.1545,31.9165,23.8802,BIEN,25.6635,0.912354,15.3341,0.9125,0.050893,0.057699,2.9707,10.0039,1,1,4393.673,nan
closed_eye_0151.jpg_face_2,cerrado,B5,92.7773,0.038325,4.5637,44.0559,100.0,10.4322,CRITICA,12.9669,0.554708,15.8976,52.5143,0.069067,0.199886,80.2139,421.5567,1,1,4321.521,nan
closed_eye_0151.jpg_face_2,cerrado,B10,92.7773,0.038325,9.4715,56.8074,99.8734,11.8133,CRITICA,15.065,0.688508,14.4559,38.7702,0.047789,0.129227,24.6937,237.1881,1,1,4255.319,nan
closed_eye_0151.jpg_face_2,cerrado,B15,92.7773,0.038325,14.4964,64.2804,94.276,13.0086,CRITICA,16.6048,0.754741,14.0232,30.7154,0.042267,0.093641,10.2867,144.3333,1,1,4171.881,nan
closed_eye_0151.jpg_face_2,cerrado,B25,92.7773,0.038325,24.4939,73.8711,59.5325,15.4056,CRITICA,19.0635,0.832125,14.115,20.3781,0.036231,0.063501,5.4646,65.6921,1,1,3923.107,nan
closed_eye_0151.jpg_face_2,cerrado,B40,92.7773,0.038325,39.4896,83.1734,33.2338,18.8274,BIEN,22.4734,0.896309,15.2192,10.3515,0.029417,0.029697,23.243,22.5123,1,1,4566.21,nan
closed_eye_0161.jpg_face_1,cerrado,B5,77.1857,0.086532,4.4663,38.2463,99.8127,20.8773,CRITICA,12.5684,0.484523,16.3855,50.449,0.077292,0.241197,10.6773,178.738,1,1,1861.851,nan
closed_eye_0161.jpg_face_1,cerrado,B10,77.1857,0.086532,9.4713,51.761,93.6686,21.8972,CRITICA,14.3762,0.675578,14.9011,32.9396,0.084552,0.144363,2.288,66.8328,1,1,1765.537,nan
closed_eye_0161.jpg_face_1,cerrado,B15,77.1857,0.086532,14.4939,59.3665,78.9388,24.4416,CRITICA,15.6564,0.735674,14.5128,23.0861,0.088448,0.111123,2.2142,28.4187,1,1,1935.359,nan
closed_eye_0161.jpg_face_1,cerrado,B25,77.1857,0.086532,24.5184,68.6439,57.7801,29.2127,CRITICA,17.7175,0.802492,14.7544,11.0666,0.088711,0.094875,2.5178,9.6416,1,1,1661.958,nan
closed_eye_0161.jpg_face_1,cerrado,B40,77.1857,0.086532,39.5288,77.6484,47.6862,35.922,CRITICA,20.5474,0.863617,16.1199,0.5994,0.108416,0.07738,25.2907,10.5756,1,1,1849.454,nan
closed_eye_0162.jpg_face_1,cerrado,B5,170.1527,0.03802,4.5282,43.3889,100.0,12.9557,CRITICA,5.3435,0.267993,15.8952,74.5,0.045073,0.212289,18.5516,458.3662,1,1,5020.08,nan
closed_eye_0162.jpg_face_1,cerrado,B10,170.1527,0.03802,9.4887,56.2039,100.0,14.8984,CRITICA,6.1525,0.358271,14.4882,66.9686,0.040184,0.105222,5.6933,176.7552,1,1,4933.399,nan
closed_eye_0162.jpg_face_1,cerrado,B15,170.1527,0.03802,14.4002,63.7788,95.0826,15.2497,CRITICA,6.6932,0.418726,14.0563,62.5167,0.044998,0.086822,18.3555,128.3606,1,1,5096.84,nan
closed_eye_0162.jpg_face_1,cerrado,B25,170.1527,0.03802,24.4842,73.5817,56.1983,18.0369,CRITICA,7.4871,0.500162,14.1231,56.7555,0.04542,0.059136,19.4644,55.5403,1,1,4407.228,nan
closed_eye_0162.jpg_face_1,cerrado,B40,170.1527,0.03802,39.4835,82.7646,28.5193,21.6398,BIEN,8.3398,0.584423,15.2214,51.3586,0.050075,0.04524,31.709,18.9899,1,1,3403.676,nan
closed_eye_0165.jpg_face_2,cerrado,B5,127.1762,0.092497,4.4297,42.9192,100.0,12.7944,CRITICA,8.5442,0.401837,16.2144,66.2522,0.176827,0.193373,91.172,109.0599,1,1,4019.293,nan
closed_eye_0165.jpg_face_2,cerrado,B10,127.1762,0.092497,9.4339,55.7781,99.4412,14.3687,CRITICA,9.7019,0.544849,14.7447,56.1411,0.126041,0.186082,36.266,101.1772,1,1,3957.262,nan
closed_eye_0165.jpg_face_2,cerrado,B15,127.1762,0.092497,14.4981,63.5608,88.3383,15.9391,CRITICA,10.5309,0.617179,14.2599,50.0215,0.124754,0.149225,34.8741,61.33,1,1,3822.63,nan
closed_eye_0165.jpg_face_2,cerrado,B25,127.1762,0.092497,24.5098,72.7883,60.7372,18.9892,CRITICA,11.6851,0.699803,14.4058,42.7658,0.112617,0.116368,21.7528,25.8081,1,1,5096.84,nan
closed_eye_0165.jpg_face_2,cerrado,B40,127.1762,0.092497,39.4946,82.0663,37.9561,23.1613,BIEN,13.1229,0.783556,15.5348,35.4704,0.105021,0.104143,13.5407,12.5915,1,1,4130.524,nan
closed_eye_0168.jpg_face_1,cerrado,B5,78.4385,0.063652,4.4891,42.1416,100.0,15.6259,CRITICA,14.669,0.573376,16.1992,46.2744,0.081779,0.160087,28.4781,151.5033,1,1,3681.885,nan
closed_eye_0168.jpg_face_1,cerrado,B10,78.4385,0.063652,9.4169,54.4856,95.6655,18.0198,CRITICA,16.9063,0.715959,14.8113,30.5373,0.072247,0.12504,13.5036,96.4432,1,1,4113.533,nan
closed_eye_0168.jpg_face_1,cerrado,B15,78.4385,0.063652,14.5048,62.2714,79.3826,20.1745,CRITICA,18.6277,0.770505,14.3362,20.6113,0.070707,0.104121,11.0839,63.5793,1,1,2419.55,nan
closed_eye_0168.jpg_face_1,cerrado,B25,78.4385,0.063652,24.4956,71.4568,59.1161,23.7315,CRITICA,21.1941,0.827587,14.518,8.901,0.061169,0.075961,3.9003,19.3383,1,1,4118.616,nan
closed_eye_0168.jpg_face_1,cerrado,B40,78.4385,0.063652,39.5419,80.8767,45.8324,28.7651,BIEN,24.152,0.883949,15.6994,3.1083,0.059147,0.068564,7.078,7.7173,1,1,4065.04,nan
closed_eye_0171.jpg_face_1,cerrado,B5,153.9087,0.032013,4.3588,44.2346,100.0,8.1815,CRITICA,6.803,0.297871,16.1589,71.2592,0.094738,nan,195.938,nan,1,1,5000.0,nan
closed_eye_0171.jpg_face_1,cerrado,B10,153.9087,0.032013,9.5095,57.2405,100.0,9.8998,CRITICA,7.8308,0.399679,14.5719,62.8088,0.057753,0.164119,80.4052,412.6663,1,1,5865.103,nan
closed_eye_0171.jpg_face_1,cerrado,B15,153.9087,0.032013,14.459,64.8255,92.1619,11.1451,CRITICA,8.4789,0.458801,14.1088,57.8805,0.05141,0.128314,60.5911,300.8223,1,1,5073.567,nan
closed_eye_0171.jpg_face_1,cerrado,B25,153.9087,0.032013,24.4875,74.6092,60.6242,13.6317,CRITICA,9.4236,0.5428,14.1601,51.5237,0.029771,0.059986,7.0038,87.3818,1,1,5219.207,nan
closed_eye_0171.jpg_face_1,cerrado,B40,153.9087,0.032013,39.5007,83.6407,28.7604,16.8818,BIEN,10.4471,0.63343,15.2497,45.6556,0.034053,0.048746,6.3721,52.2689,1,1,5688.282,nan
closed_eye_0178.jpg_face_1,cerrado,B5,104.2226,0.135862,4.3444,42.3243,100.0,13.0596,CRITICA,10.9868,0.481643,16.4436,59.3905,nan,nan,nan,nan,1,0,5189.414,nan
closed_eye_0178.jpg_face_1,cerrado,B10,104.2226,0.135862,9.4695,55.7173,95.5885,15.0009,CRITICA,12.6049,0.626548,14.7938,46.5401,0.165169,0.181785,21.5708,33.8005,1,1,5672.15,nan
closed_eye_0178.jpg_face_1,cerrado,B15,104.2226,0.135862,14.5047,63.4576,83.7287,16.7063,CRITICA,13.6771,0.694029,14.3398,39.1134,0.155232,0.180027,14.2567,32.5065,1,1,5567.929,nan
closed_eye_0178.jpg_face_1,cerrado,B25,104.2226,0.135862,24.4668,72.8978,57.8077,20.2949,CRITICA,15.3078,0.772201,14.4462,30.0557,0.156024,0.157016,14.8395,15.5698,1,1,5963.029,nan
closed_eye_0178.jpg_face_1,cerrado,B40,104.2226,0.135862,39.4849,81.9518,43.3243,25.2904,BIEN,17.4335,0.845503,15.5896,21.3685,0.142092,0.136338,4.5855,0.3502,1,1,5534.034,nan
closed_eye_0183.jpg_face_1,cerrado,B5,77.5475,0.041944,4.4831,39.7492,100.0,20.2144,CRITICA,14.661,0.51906,16.1863,48.7422,0.077073,0.190759,83.75,354.79,1,1,5668.934,nan
closed_eye_0183.jpg_face_1,cerrado,B10,77.5475,0.041944,9.4369,53.3889,100.0,21.4034,CRITICA,17.0595,0.65634,14.7661,31.1533,0.052934,0.104931,26.2006,150.1675,1,1,6285.354,nan
closed_eye_0183.jpg_face_1,cerrado,B15,77.5475,0.041944,14.4561,60.9114,72.25,24.0378,CRITICA,18.9439,0.727447,14.3611,21.4528,0.04615,0.068315,10.0267,62.8712,1,1,6693.44,nan
closed_eye_0183.jpg_face_1,cerrado,B25,77.5475,0.041944,24.4692,70.4656,45.5833,28.2498,CRITICA,22.0818,0.818576,14.4936,9.1324,0.045152,0.04764,7.6468,13.58,1,1,6684.492,nan
closed_eye_0183.jpg_face_1,cerrado,B40,77.5475,0.041944,39.4794,79.6456,38.3056,34.1677,CRITICA,25.7934,0.893853,15.7159,2.7055,0.042704,0.034267,1.8108,18.3026,1,1,6277.464,nan
closed_eye_0185.jpg_face_1,cerrado,B5,115.3764,0.027319,4.5548,40.0932,100.0,20.1134,CRITICA,9.0065,0.336746,16.1822,65.2501,0.04128,0.184739,51.103,576.2253,1,1,3120.125,nan
closed_eye_0185.jpg_face_1,cerrado,B10,115.3764,0.027319,9.5044,52.5192,99.7549,23.1879,CRITICA,10.1836,0.464834,14.8281,54.4801,0.025702,0.062849,5.9182,130.0531,1,1,5350.455,nan
closed_eye_0185.jpg_face_1,cerrado,B15,115.3764,0.027319,14.5181,59.8431,78.0991,25.7435,CRITICA,11.0537,0.536773,14.427,48.1323,0.02658,0.064518,2.7052,136.1624,1,1,4178.855,nan
closed_eye_0185.jpg_face_1,cerrado,B25,115.3764,0.027319,24.5555,69.3023,44.8312,30.0716,CRITICA,12.3762,0.634445,14.591,39.9337,0.026272,0.029391,3.8323,7.5855,1,1,5035.247,nan
closed_eye_0185.jpg_face_1,cerrado,B40,115.3764,0.027319,39.5572,78.5796,35.9096,35.3937,CRITICA,14.0691,0.740461,15.8176,31.8928,0.034198,0.0235,25.1791,13.9791,1,1,4604.052,nan
closed_eye_0189.jpg_face_1,cerrado,B5,141.9917,0.1466,4.4721,41.545,100.0,17.0129,CRITICA,6.7476,0.314763,16.1769,70.7412,0.161932,nan,10.4583,nan,1,1,4291.846,nan
closed_eye_0189.jpg_face_1,cerrado,B10,141.9917,0.1466,9.4856,54.1875,100.0,19.6751,CRITICA,7.7156,0.434949,14.7125,61.8375,0.140871,nan,3.9079,nan,1,1,4830.918,nan
closed_eye_0189.jpg_face_1,cerrado,B15,141.9917,0.1466,14.4945,61.8068,76.5213,21.8094,CRITICA,8.3728,0.505597,14.275,56.4715,0.153918,0.207375,4.992,41.4566,1,1,3030.303,nan
closed_eye_0189.jpg_face_1,cerrado,B25,141.9917,0.1466,24.5084,71.2945,52.2829,25.1824,CRITICA,9.3188,0.591003,14.4294,49.7897,0.136023,0.176966,7.2149,20.7132,1,1,5271.482,nan
closed_eye_0189.jpg_face_1,cerrado,B40,141.9917,0.1466,39.502,80.5351,38.9948,30.3124,BIEN,10.4571,0.681354,15.6094,43.2818,0.139296,0.147838,4.9826,0.8441,1,1,5373.455,nan
closed_eye_0191.jpg_face_1,cerrado,B5,126.7679,0.094616,4.4954,44.4831,100.0,8.1237,CRITICA,9.2552,0.479728,16.0033,64.9098,0.156536,nan,65.4438,nan,1,1,1687.764,nan
closed_eye_0191.jpg_face_1,cerrado,B10,126.7679,0.094616,9.4457,57.4607,99.9961,9.2663,CRITICA,10.602,0.614194,14.4975,54.6725,0.119555,0.195727,26.3579,106.8652,1,1,1693.767,nan
closed_eye_0191.jpg_face_1,cerrado,B15,126.7679,0.094616,14.4246,64.9045,96.2735,10.2133,CRITICA,11.5028,0.678935,14.0435,48.8005,0.115007,0.206377,21.5517,118.1215,1,1,1685.772,nan
closed_eye_0191.jpg_face_1,cerrado,B25,126.7679,0.094616,24.5017,74.773,58.421,12.4722,CRITICA,12.8675,0.757418,14.1018,41.0158,0.115832,0.171016,22.4233,80.7482,1,1,1718.804,nan
closed_eye_0191.jpg_face_1,cerrado,B40,126.7679,0.094616,39.5104,83.9468,30.3695,15.2822,BIEN,14.4452,0.826164,15.1651,33.7792,0.111931,0.120326,18.3009,27.1733,1,1,1732.202,nan
closed_eye_0192.jpg_face_1,cerrado,B5,93.2502,0.061993,4.5649,42.8017,100.0,14.5653,CRITICA,12.6481,0.621628,15.9706,54.1001,0.081245,0.178283,31.054,187.5843,1,1,940.822,nan
closed_eye_0192.jpg_face_1,cerrado,B10,93.2502,0.061993,9.4243,55.5596,99.9934,15.6889,CRITICA,14.5343,0.759344,14.5813,40.4187,0.072053,0.116368,16.2273,87.71,1,1,1649.621,nan
closed_eye_0192.jpg_face_1,cerrado,B15,93.2502,0.061993,14.4532,63.2641,85.7172,16.9579,CRITICA,15.9811,0.819599,14.1325,32.1566,0.06189,0.097444,0.166,57.1849,1,1,1554.485,nan
closed_eye_0192.jpg_face_1,cerrado,B25,93.2502,0.061993,24.4715,72.9289,56.3291,20.0653,CRITICA,18.3067,0.878873,14.2321,21.7921,0.070453,0.079655,13.6463,28.4898,1,1,1445.296,nan
closed_eye_0192.jpg_face_1,cerrado,B40,93.2502,0.061993,39.49,82.128,38.0686,24.456,BIEN,21.485,0.922198,15.3691,11.9272,0.052687,0.079242,15.0121,27.8237,1,1,1418.842,nan
closed_eye_0195.jpg_face_1,cerrado,B5,101.2213,0.071417,4.4245,43.7025,100.0,11.6268,CRITICA,12.4562,0.591187,16.1938,56.8248,0.098014,nan,37.2419,nan,1,1,3904.725,nan
closed_eye_0195.jpg_face_1,cerrado,B10,101.2213,0.071417,9.3965,56.1487,99.9082,13.5307,CRITICA,14.2929,0.719256,14.716,44.5287,0.079924,0.127024,11.9112,77.8624,1,1,2601.457,nan
closed_eye_0195.jpg_face_1,cerrado,B15,101.2213,0.071417,14.4174,64.3605,96.957,14.111,CRITICA,15.7588,0.791118,14.2046,36.416,0.083548,0.115881,16.9864,62.2598,1,1,4330.879,nan
closed_eye_0195.jpg_face_1,cerrado,B25,101.2213,0.071417,24.5405,74.0184,49.9456,16.6128,CRITICA,17.9462,0.855848,14.2657,26.8747,0.08281,0.094513,15.9526,32.3401,1,1,4120.313,nan
closed_eye_0195.jpg_face_1,cerrado,B40,101.2213,0.071417,39.5033,83.1669,30.1408,20.0303,BIEN,20.7932,0.910029,15.342,17.8365,0.079778,0.080957,11.7069,13.3574,1,1,2520.161,nan
closed_eye_0209.jpg_face_1,cerrado,B5,187.6045,0.068434,4.5001,44.4767,100.0,10.6934,CRITICA,4.4603,0.323406,15.8756,76.2923,0.079776,nan,16.5735,nan,1,1,2195.872,nan
closed_eye_0209.jpg_face_1,cerrado,B10,187.6045,0.068434,9.4944,57.1821,100.0,11.5059,CRITICA,5.196,0.429715,14.4361,69.5199,0.093147,0.150923,36.1122,120.5374,1,1,2273.761,nan
closed_eye_0209.jpg_face_1,cerrado,B15,187.6045,0.068434,14.4884,64.5887,100.0,12.9757,CRITICA,5.6698,0.483745,14.024,65.5719,0.101335,0.1216,48.0769,77.6892,1,1,2230.152,nan
closed_eye_0209.jpg_face_1,cerrado,B25,187.6045,0.068434,24.4622,74.31,44.3766,15.8144,CRITICA,6.3558,0.555291,14.0785,60.3901,0.107358,0.094252,56.8786,37.7265,1,1,1987.676,nan
closed_eye_0209.jpg_face_1,cerrado,B40,187.6045,0.068434,39.4969,83.4703,28.6368,19.3271,BIEN,7.0802,0.624721,15.1824,55.5073,0.094227,0.066334,37.6905,3.0686,1,1,2282.063,nan
closed_eye_0212.jpg_face_1,cerrado,B5,155.0625,0.02427,4.2594,41.3438,100.0,15.8914,CRITICA,6.2776,0.303647,16.3576,73.3374,0.07562,nan,211.5767,nan,1,1,4428.698,nan
closed_eye_0212.jpg_face_1,cerrado,B10,155.0625,0.02427,9.5267,55.6248,100.0,16.0361,CRITICA,7.2687,0.436458,14.7061,64.1275,0.068781,0.132004,183.3956,443.8914,1,1,4612.546,nan
closed_eye_0212.jpg_face_1,cerrado,B15,155.0625,0.02427,14.4334,63.1525,99.8119,17.5499,CRITICA,7.8741,0.49768,14.2554,59.2729,0.05765,0.123882,137.5336,410.4262,1,1,3932.363,nan
closed_eye_0212.jpg_face_1,cerrado,B25,155.0625,0.02427,24.4438,72.7412,39.3181,20.7027,CRITICA,8.7492,0.579678,14.3418,53.0891,0.042078,0.069225,73.3711,185.2267,1,1,4580.852,nan
closed_eye_0212.jpg_face_1,cerrado,B40,155.0625,0.02427,39.4643,81.9241,27.6861,24.9785,BIEN,9.7491,0.664507,15.4637,47.167,0.049682,0.048664,104.7018,100.5108,1,1,4275.331,nan
closed_eye_0228.jpg_face_2,cerrado,B5,140.9694,0.05744,4.3818,43.0511,100.0,12.0162,CRITICA,7.3248,0.299095,16.052,69.4607,0.149744,0.207139,160.6949,260.615,1,1,4997.501,nan
closed_eye_0228.jpg_face_2,cerrado,B10,140.9694,0.05744,9.4851,56.3057,99.9935,13.2501,CRITICA,8.4028,0.413921,14.5308,60.0582,0.118204,0.170541,105.7864,196.9006,1,1,5277.045,nan
closed_eye_0228.jpg_face_2,cerrado,B15,140.9694,0.05744,14.4725,63.9694,87.6951,14.8662,CRITICA,9.1255,0.483619,14.0795,54.6218,0.124512,0.159404,116.767,177.5124,1,1,5518.763,nan
closed_eye_0228.jpg_face_2,cerrado,B25,140.9694,0.05744,24.5068,73.6405,54.8517,17.9776,CRITICA,10.1566,0.571941,14.1808,47.7614,0.102251,0.135462,78.0124,135.8309,1,1,5506.608,nan
closed_eye_0228.jpg_face_2,cerrado,B40,140.9694,0.05744,39.4967,82.7845,39.7112,22.0916,BIEN,11.3598,0.67045,15.2897,41.2749,0.095728,0.109069,66.6558,89.8828,1,1,5614.824,nan
closed_eye_0238.jpg_face_2,cerrado,B5,123.6293,0.057296,4.4794,45.0525,100.0,5.8424,CRITICA,9.7026,0.47183,15.9031,63.5584,0.0816,nan,42.419,nan,1,1,3679.176,nan
closed_eye_0238.jpg_face_2,cerrado,B10,123.6293,0.057296,9.5339,57.9309,100.0,7.0881,CRITICA,11.1208,0.595719,14.435,53.1415,0.094546,nan,65.0131,nan,1,1,4595.588,nan
closed_eye_0238.jpg_face_2,cerrado,B15,123.6293,0.057296,14.4578,65.3666,97.2387,7.9316,CRITICA,12.0741,0.661438,13.9848,47.1269,0.075799,0.170953,32.2942,198.369,1,1,4911.592,nan
closed_eye_0238.jpg_face_2,cerrado,B25,123.6293,0.057296,24.5051,75.0823,66.2475,10.0083,CRITICA,13.5317,0.744458,14.0471,39.2681,0.076253,0.096986,33.0859,69.2733,1,1,4923.683,nan
closed_eye_0238.jpg_face_2,cerrado,B40,123.6293,0.057296,39.4937,84.2569,35.5276,12.3316,BIEN,15.2057,0.81729,15.1026,31.8471,0.06328,0.074259,10.4446,29.6061,1,1,4943.154,nan
closed_eye_0241.jpg_face_1,cerrado,B5,128.7318,0.078336,4.5607,45.2205,100.0,4.6647,CRITICA,9.3184,0.444629,15.8252,64.8723,0.13312,nan,69.9345,nan,1,1,4145.937,nan
closed_eye_0241.jpg_face_1,cerrado,B10,128.7318,0.078336,9.4131,58.0317,100.0,5.3519,CRITICA,10.6141,0.562616,14.4433,54.9204,0.108921,nan,39.0428,nan,1,1,5574.136,nan
closed_eye_0241.jpg_face_1,cerrado,B15,128.7318,0.078336,14.4731,65.5557,99.9637,6.102,CRITICA,11.5472,0.625992,13.9669,49.0757,0.093762,0.148969,19.6923,90.1664,1,1,5577.245,nan
closed_eye_0241.jpg_face_1,cerrado,B25,128.7318,0.078336,24.4744,75.168,71.8871,7.3097,CRITICA,12.91,0.70929,14.0194,41.6088,0.088351,0.109694,12.7845,40.0295,1,1,5461.497,nan
closed_eye_0241.jpg_face_1,cerrado,B40,128.7318,0.078336,39.4784,84.628,22.8985,9.2189,BIEN,14.5038,0.789156,15.0494,34.2602,0.07153,0.081976,8.6889,4.6465,1,1,4144.219,nan
closed_eye_0243.jpg_face_1,cerrado,B5,126.6932,0.087037,4.3383,43.8627,100.0,8.6557,CRITICA,8.8892,0.377024,16.1903,65.3788,nan,nan,nan,nan,1,0,5627.462,nan
closed_eye_0243.jpg_face_1,cerrado,B10,126.6932,0.087037,9.4412,56.9727,100.0,9.4129,CRITICA,10.2047,0.497658,14.5952,55.031,0.100855,0.135986,15.8768,56.2397,1,1,5260.389,nan
closed_eye_0243.jpg_face_1,cerrado,B15,126.6932,0.087037,14.4715,64.6693,96.0984,10.4632,CRITICA,11.091,0.568169,14.1044,48.956,0.090806,0.122126,4.3303,40.3157,1,1,5740.528,nan
closed_eye_0243.jpg_face_1,cerrado,B25,126.6932,0.087037,24.4896,74.1153,62.5092,12.5712,CRITICA,12.3137,0.653556,14.2128,41.5002,0.08905,0.093464,2.3127,7.3849,1,1,5452.563,nan
closed_eye_0243.jpg_face_1,cerrado,B40,126.6932,0.087037,39.4666,83.3943,33.4135,15.6858,BIEN,13.8473,0.74689,15.2946,34.1762,0.083149,0.088585,4.4669,1.7793,1,1,4470.272,nan
closed_eye_0243.jpg_face_2,cerrado,B5,128.6769,0.065808,4.3892,44.1719,100.0,8.3036,CRITICA,8.8934,0.383058,16.1056,65.6722,nan,nan,nan,nan,1,0,4985.045,nan
closed_eye_0243.jpg_face_2,cerrado,B10,128.6769,0.065808,9.4478,57.1687,100.0,9.738,CRITICA,10.2427,0.51164,14.5162,55.5719,nan,0.202212,nan,207.2749,1,0,5192.108,nan
closed_eye_0243.jpg_face_2,cerrado,B15,128.6769,0.065808,14.4694,64.8632,99.1736,11.106,CRITICA,11.093,0.579142,14.0785,49.5922,nan,0.182408,nan,177.1816,1,0,4679.457,nan
closed_eye_0243.jpg_face_2,cerrado,B25,128.6769,0.065808,24.4842,74.4675,52.8824,13.2878,CRITICA,12.373,0.665601,14.1354,42.1283,0.117439,0.133527,78.4561,102.9035,1,1,5724.098,nan
closed_eye_0243.jpg_face_2,cerrado,B40,128.6769,0.065808,39.515,83.644,32.2008,16.5797,BIEN,13.8627,0.755663,15.2291,34.9969,0.095236,0.111878,44.7179,70.0069,1,1,5446.623,nan
closed_eye_0248.jpg_face_1,cerrado,B5,117.0341,0.088974,4.4266,38.316,100.0,22.2216,CRITICA,8.3338,0.433934,16.3388,67.2608,0.077875,0.194348,12.4753,118.4309,1,1,1400.364,nan
closed_eye_0248.jpg_face_1,cerrado,B10,117.0341,0.088974,9.5105,52.8937,98.5292,22.9882,CRITICA,9.5427,0.655668,14.7237,54.8049,0.088013,0.137949,1.0801,55.043,1,1,1407.46,nan
closed_eye_0248.jpg_face_1,cerrado,B15,117.0341,0.088974,14.5081,59.1728,66.1439,27.0688,CRITICA,10.3472,0.711517,14.347,49.4397,0.078496,0.113872,11.7768,27.9829,1,1,1300.559,nan
closed_eye_0248.jpg_face_1,cerrado,B25,117.0341,0.088974,24.4958,68.794,50.7392,31.2537,CRITICA,11.5601,0.784073,14.5531,41.2189,0.078208,0.109394,12.1002,22.9504,1,1,1404.297,nan
closed_eye_0248.jpg_face_1,cerrado,B40,117.0341,0.088974,39.5135,78.0952,43.8732,37.6455,CRITICA,13.1443,0.84638,15.7995,33.2715,0.0827,0.082459,7.0522,7.3226,1,1,1341.022,nan
closed_eye_0249.JPG_face_1,cerrado,B5,129.7765,0.081528,4.522,43.5061,100.0,12.9079,CRITICA,7.9847,0.282575,16.0529,66.4761,nan,nan,nan,nan,1,0,5793.743,nan
closed_eye_0249.JPG_face_1,cerrado,B10,129.7765,0.081528,9.4783,55.874,100.0,14.7651,CRITICA,9.1134,0.386793,14.5986,56.946,nan,nan,nan,nan,1,0,6325.111,nan
closed_eye_0249.JPG_face_1,cerrado,B15,129.7765,0.081528,14.443,63.1907,83.0083,16.9256,CRITICA,9.887,0.45588,14.176,51.308,nan,0.113541,nan,39.2664,1,0,6693.44,nan
closed_eye_0249.JPG_face_1,cerrado,B25,129.7765,0.081528,24.4889,72.7864,53.2893,20.2573,CRITICA,11.0187,0.552329,14.2774,43.914,nan,0.14242,nan,74.6888,1,0,5571.031,nan
closed_eye_0249.JPG_face_1,cerrado,B40,129.7765,0.081528,39.5058,81.954,39.3058,24.9115,BIEN,12.3846,0.661385,15.4312,36.8499,nan,nan,nan,nan,1,0,6176.653,nan
closed_eye_0251.jpg_face_1,cerrado,B5,132.4035,0.114122,4.4007,43.3778,100.0,12.1593,CRITICA,8.3524,0.348498,16.175,67.2382,0.121742,0.1586,6.6769,38.9739,1,1,3881.988,nan
closed_eye_0251.jpg_face_1,cerrado,B10,132.4035,0.114122,9.5277,56.4099,99.9954,14.1452,CRITICA,9.6011,0.465974,14.5829,57.3955,0.109356,0.157381,4.1764,37.9064,1,1,4032.258,nan
closed_eye_0251.jpg_face_1,cerrado,B15,132.4035,0.114122,14.537,63.747,94.8433,15.8137,CRITICA,10.3721,0.528934,14.1823,51.854,0.091047,0.120842,20.2196,5.8884,1,1,3620.565,nan
closed_eye_0251.jpg_face_1,cerrado,B25,132.4035,0.114122,24.5321,73.5996,46.912,19.1011,CRITICA,11.5937,0.619307,14.2361,44.4127,0.102468,0.110319,10.2115,3.3319,1,1,3856.537,nan
closed_eye_0251.jpg_face_1,cerrado,B40,132.4035,0.114122,39.494,82.506,29.1097,22.9805,BIEN,12.9537,0.715601,15.3533,37.686,0.094251,0.087618,17.4117,23.2239,1,1,3767.897,nan
closed_eye_0260.jpg_face_1,cerrado,B5,204.5392,0.037491,4.401,44.7325,100.0,7.1905,CRITICA,3.7946,0.250324,15.9556,78.1301,0.071579,nan,90.9223,nan,1,1,4510.6,nan
closed_eye_0260.jpg_face_1,cerrado,B10,204.5392,0.037491,9.4784,57.5889,100.0,8.0281,CRITICA,4.5063,0.331908,14.419,71.8446,0.06641,0.120081,77.1352,220.2917,1,1,4564.126,nan
closed_eye_0260.jpg_face_1,cerrado,B15,204.5392,0.037491,14.4149,65.0516,100.0,8.6349,CRITICA,4.9361,0.378957,14.0008,68.196,0.058014,0.094852,54.742,152.9993,1,1,4466.279,nan
closed_eye_0260.jpg_face_1,cerrado,B25,204.5392,0.037491,24.5066,75.2387,58.6116,10.8029,CRITICA,5.5773,0.451058,14.0171,63.2155,0.045714,0.058589,21.9336,56.2744,1,1,4610.419,nan
closed_eye_0260.jpg_face_1,cerrado,B40,204.5392,0.037491,39.4444,84.4259,21.1243,12.9139,BIEN,6.2248,0.523593,15.0399,58.7238,0.045579,0.051181,21.5729,36.5147,1,1,4784.689,nan
closed_eye_0261.jpg_face_1,cerrado,B5,170.5944,0.037971,4.4316,45.0027,100.0,6.3656,CRITICA,5.8887,0.278159,15.9481,73.6201,0.053743,0.209702,41.5357,452.266,1,1,2464.268,nan
closed_eye_0261.jpg_face_1,cerrado,B10,170.5944,0.037971,9.4187,57.6798,100.0,7.3513,CRITICA,6.7789,0.373068,14.4601,66.1889,0.048851,0.116715,28.6539,207.3785,1,1,4306.632,nan
closed_eye_0261.jpg_face_1,cerrado,B15,170.5944,0.037971,14.3897,65.2625,99.9606,8.0806,CRITICA,7.3596,0.426482,14.0038,61.744,0.032594,0.094769,14.1608,149.5805,1,1,3819.71,nan
closed_eye_0261.jpg_face_1,cerrado,B25,170.5944,0.037971,24.494,75.203,62.4434,9.894,CRITICA,8.1985,0.507151,14.0337,55.9171,0.034623,0.051392,8.8189,35.3452,1,1,4389.816,nan
closed_eye_0261.jpg_face_1,cerrado,B40,170.5944,0.037971,39.4731,84.4409,28.6404,12.1723,BIEN,9.0841,0.591716,15.0625,50.5019,0.032666,0.043343,13.9708,14.1465,1,1,3392.13,nan
closed_eye_0271.jpg_face_1,cerrado,B5,201.4902,0.046168,4.3802,43.8214,100.0,9.6011,CRITICA,3.9792,0.338886,16.1569,78.2514,0.088395,nan,91.4634,nan,1,1,1289.823,nan
closed_eye_0271.jpg_face_1,cerrado,B10,201.4902,0.046168,9.3364,57.1119,100.0,9.9269,CRITICA,4.7082,0.456982,14.5637,71.6552,0.073818,nan,59.89,nan,1,1,1197.892,nan
closed_eye_0271.jpg_face_1,cerrado,B15,201.4902,0.046168,14.4294,64.7105,100.0,11.0161,CRITICA,5.1661,0.513648,14.1046,67.8841,0.062333,0.138907,35.0133,200.8724,1,1,879.894,nan
closed_eye_0271.jpg_face_1,cerrado,B25,201.4902,0.046168,24.5103,74.7699,48.0339,13.2338,CRITICA,5.8105,0.584827,14.1184,62.8915,0.0714,0.083174,54.652,80.1534,1,1,1187.085,nan
closed_eye_0271.jpg_face_1,cerrado,B40,201.4902,0.046168,39.5508,83.9393,20.0656,15.9668,BIEN,6.471,0.648317,15.1789,58.3407,0.057855,0.075468,25.3131,63.4624,1,1,1164.009,nan
closed_eye_0272.jpg_face_1,cerrado,B5,196.8279,0.068621,4.3827,44.4238,100.0,8.2375,CRITICA,4.2944,0.377415,16.093,77.4301,0.072238,nan,5.2707,nan,1,1,1369.488,nan
closed_eye_0272.jpg_face_1,cerrado,B10,196.8279,0.068621,9.1546,56.9463,100.0,8.2368,CRITICA,5.0243,0.492392,14.5454,71.068,0.07472,nan,8.8883,nan,1,1,1413.028,nan
closed_eye_0272.jpg_face_1,cerrado,B15,196.8279,0.068621,14.57,65.2362,100.0,9.1131,CRITICA,5.5529,0.55478,14.0268,66.8562,0.062642,0.137312,8.7126,100.1017,1,1,1435.956,nan
closed_eye_0272.jpg_face_1,cerrado,B25,196.8279,0.068621,24.496,75.0279,86.5416,10.5547,CRITICA,6.2012,0.626251,14.0661,61.8815,0.064876,0.091726,5.4571,33.67,1,1,1411.034,nan
closed_eye_0272.jpg_face_1,cerrado,B40,196.8279,0.068621,39.5659,84.5179,15.6996,12.7939,BIEN,6.9063,0.688231,15.1008,57.06,0.053438,0.064161,22.1268,6.4995,1,1,1430.82,nan
closed_eye_0282.jpg_face_1,cerrado,B5,170.0237,0.098176,4.3395,43.6885,100.0,9.3949,CRITICA,5.3934,0.368208,16.1144,74.3044,0.105309,nan,7.2654,nan,1,1,2052.545,nan
closed_eye_0282.jpg_face_1,cerrado,B10,170.0237,0.098176,9.3934,56.9264,100.0,11.2574,CRITICA,6.277,0.503525,14.5126,66.5186,0.09975,0.181811,1.6033,85.1883,1,1,2050.861,nan
closed_eye_0282.jpg_face_1,cerrado,B15,170.0237,0.098176,14.5174,64.5337,99.98,12.3007,CRITICA,6.8227,0.564281,14.0786,62.0443,0.085154,0.132636,13.2645,35.0999,1,1,1925.298,nan
closed_eye_0282.jpg_face_1,cerrado,B25,170.0237,0.098176,24.4498,74.4252,48.1197,15.1151,CRITICA,7.6103,0.639686,14.128,56.2266,0.087726,0.100958,10.644,2.8331,1,1,2003.205,nan
closed_eye_0282.jpg_face_1,cerrado,B40,170.0237,0.098176,39.4755,83.4873,35.3711,18.7187,BIEN,8.4691,0.705621,15.2216,50.8967,0.0838,0.095473,14.6431,2.7535,1,1,1977.457,nan
closed_eye_0288.jpg_face_1,cerrado,B5,157.2491,0.025711,4.4028,40.7023,100.0,18.4829,CRITICA,5.8185,0.418096,16.2226,74.116,0.057401,nan,123.2497,nan,1,1,2207.506,nan
closed_eye_0288.jpg_face_1,cerrado,B10,157.2491,0.025711,9.3861,52.7385,100.0,23.4451,CRITICA,6.7247,0.52302,14.6992,66.4618,0.053159,0.06704,106.7538,160.7381,1,1,2111.932,nan
closed_eye_0288.jpg_face_1,cerrado,B15,157.2491,0.025711,14.5145,60.059,99.6961,26.5249,CRITICA,7.327,0.581391,14.2832,61.8064,0.044448,0.076152,72.8726,196.1778,1,1,2025.932,nan
closed_eye_0288.jpg_face_1,cerrado,B25,157.2491,0.025711,24.5248,69.6543,36.9236,30.455,CRITICA,8.1833,0.6615,14.3918,55.7045,0.04721,0.052664,83.6135,104.8285,1,1,1002.607,nan
closed_eye_0288.jpg_face_1,cerrado,B40,157.2491,0.025711,39.5432,79.1546,28.0183,34.7914,CRITICA,9.1708,0.74388,15.5431,49.6629,0.03892,0.047106,51.3714,83.2113,1,1,2124.495,nan
closed_eye_0296.jpg_face_3,cerrado,B5,154.2362,0.06445,4.319,43.1483,100.0,11.3141,CRITICA,6.5164,0.24881,16.1106,72.0245,0.14071,nan,118.3243,nan,1,1,6605.02,nan
closed_eye_0296.jpg_face_3,cerrado,B10,154.2362,0.06445,9.4725,56.3848,100.0,12.783,CRITICA,7.5165,0.345829,14.5523,63.4425,0.122376,nan,89.8767,nan,1,1,6743.089,nan
closed_eye_0296.jpg_face_3,cerrado,B15,154.2362,0.06445,14.4596,64.1626,97.9038,14.1593,CRITICA,8.1467,0.408115,14.1111,58.3998,0.091771,0.122134,42.3916,89.5019,1,1,5649.717,nan
closed_eye_0296.jpg_face_3,cerrado,B25,154.2362,0.06445,24.4203,73.9422,45.5523,16.9803,CRITICA,9.0725,0.493932,14.1679,52.0591,0.083894,0.089069,30.1698,38.1984,1,1,6082.725,nan
closed_eye_0296.jpg_face_3,cerrado,B40,154.2362,0.06445,39.5214,83.0734,31.0938,20.6384,BIEN,10.1077,0.590701,15.2641,46.1389,0.07392,0.078242,14.6932,21.3993,1,1,6644.518,nan
closed_eye_0312.jpg_face_2,cerrado,B5,136.6702,0.057643,4.3748,41.067,100.0,17.0635,CRITICA,7.5412,0.346973,16.3043,69.9517,0.05082,0.167254,11.8375,190.1526,1,1,3300.33,nan
closed_eye_0312.jpg_face_2,cerrado,B10,136.6702,0.057643,9.4963,53.9658,100.0,19.983,CRITICA,8.654,0.484068,14.7475,60.5138,0.052806,0.108066,8.3916,87.4739,1,1,3288.392,nan
closed_eye_0312.jpg_face_2,cerrado,B15,136.6702,0.057643,14.4835,61.5915,90.2426,21.9078,CRITICA,9.3823,0.55635,14.3093,54.9342,0.060428,0.110505,4.8298,91.7045,1,1,2674.512,nan
closed_eye_0312.jpg_face_2,cerrado,B25,136.6702,0.057643,24.4889,71.5628,44.6779,24.6804,CRITICA,10.4493,0.65084,14.4123,47.6383,0.059016,0.075999,2.3807,31.8423,1,1,2981.514,nan
closed_eye_0312.jpg_face_2,cerrado,B40,136.6702,0.057643,39.4796,80.7239,32.6217,29.0783,BIEN,11.7057,0.739819,15.564,40.9353,0.055975,0.068793,2.8947,19.3431,1,1,3395.586,nan
closed_eye_0334.BMP_face_1,cerrado,B5,143.2184,0.080599,4.4568,37.5637,100.0,23.8343,CRITICA,6.0106,0.376389,16.3854,73.7717,0.104207,0.205163,29.2908,154.549,1,1,3229.974,nan
closed_eye_0334.BMP_face_1,cerrado,B10,143.2184,0.080599,9.4948,49.4707,100.0,28.9273,CRITICA,6.9092,0.498965,14.9351,65.4579,0.089303,0.143675,10.7993,78.2596,1,1,3328.895,nan
closed_eye_0334.BMP_face_1,cerrado,B15,143.2184,0.080599,14.5218,56.7165,61.3202,32.2041,CRITICA,7.5152,0.557363,14.5586,60.3986,0.088926,0.114991,10.3315,42.6707,1,1,3266.906,nan
closed_eye_0334.BMP_face_1,cerrado,B25,143.2184,0.080599,24.5586,66.2419,42.1018,37.4709,CRITICA,8.4429,0.63447,14.7248,53.7477,0.084539,0.094482,4.8894,17.226,1,1,2994.012,nan
closed_eye_0334.BMP_face_1,cerrado,B40,143.2184,0.080599,39.5506,75.647,37.9242,43.8563,CRITICA,9.5374,0.717428,16.0102,47.1807,0.081908,0.092258,1.6247,14.466,1,1,3370.408,nan
closed_eye_0335.jpg_face_1,cerrado,B5,166.9147,0.137731,4.3451,42.3554,100.0,14.4624,CRITICA,5.2742,0.192229,16.0494,74.6245,nan,nan,nan,nan,1,0,5524.862,nan
closed_eye_0335.jpg_face_1,cerrado,B10,166.9147,0.137731,9.589,55.6395,100.0,16.2615,CRITICA,6.144,0.279205,14.4979,66.6659,nan,nan,nan,nan,1,0,6045.949,nan
closed_eye_0335.jpg_face_1,cerrado,B15,166.9147,0.137731,14.4996,63.1472,97.6654,18.0382,CRITICA,6.6847,0.335427,14.0828,62.168,nan,nan,nan,nan,1,0,6097.561,nan
closed_eye_0335.jpg_face_1,cerrado,B25,166.9147,0.137731,24.4742,72.9393,44.6941,21.0825,CRITICA,7.4767,0.423571,14.1768,56.3014,nan,nan,nan,nan,1,0,6016.847,nan
closed_eye_0335.jpg_face_1,cerrado,B40,166.9147,0.137731,39.5194,82.1047,30.8365,25.0996,BIEN,8.3581,0.52223,15.3078,50.8104,0.156625,0.145713,13.7187,5.7958,1,1,5558.644,nan
closed_eye_0341.jpg_face_2,cerrado,B5,123.898,0.108515,4.3864,40.4025,100.0,19.1722,CRITICA,8.3436,0.245154,16.3218,67.3905,nan,nan,nan,nan,1,0,5583.473,nan
closed_eye_0341.jpg_face_2,cerrado,B10,123.898,0.108515,9.4379,52.3515,100.0,23.5438,CRITICA,9.5929,0.35798,14.7552,57.7463,nan,nan,nan,nan,1,0,6365.372,nan
closed_eye_0341.jpg_face_2,cerrado,B15,123.898,0.108515,14.5025,60.8778,82.3232,24.4461,CRITICA,10.4106,0.435261,14.3095,50.8646,nan,0.209598,nan,93.1513,1,0,6269.593,nan
closed_eye_0341.jpg_face_2,cerrado,B25,123.898,0.108515,24.4707,70.6753,46.3636,27.0866,CRITICA,11.6157,0.538311,14.4418,42.9569,0.178611,0.200267,64.5961,84.5526,1,1,6618.134,nan
closed_eye_0341.jpg_face_2,cerrado,B40,123.898,0.108515,39.5086,79.949,32.7273,32.1269,CRITICA,13.1202,0.659668,15.6405,35.4719,0.160718,0.174897,48.1071,61.1728,1,1,5293.807,nan
closed_eye_0342.jpg_face_2,cerrado,B5,144.0439,0.047956,4.2458,42.4526,100.0,12.9102,CRITICA,7.3412,0.306952,16.3409,70.528,nan,nan,nan,nan,1,0,5205.622,nan
closed_eye_0342.jpg_face_2,cerrado,B10,144.0439,0.047956,9.5305,56.1152,100.0,14.1278,CRITICA,8.47,0.425657,14.6726,61.043,nan,nan,nan,nan,1,0,5561.735,nan
closed_eye_0342.jpg_face_2,cerrado,B15,144.0439,0.047956,14.4675,63.9217,96.3527,15.1172,CRITICA,9.173,0.488695,14.1975,55.6234,0.081982,0.166973,70.9526,248.18,1,1,4990.02,nan
closed_eye_0342.jpg_face_2,cerrado,B25,144.0439,0.047956,24.4825,73.3347,55.1477,17.6688,CRITICA,10.1595,0.573066,14.3022,49.0886,nan,0.114069,nan,137.8615,1,0,4768.717,nan
closed_eye_0342.jpg_face_2,cerrado,B40,144.0439,0.047956,39.4603,82.5976,28.1163,21.3552,BIEN,11.3298,0.664563,15.393,42.6581,0.054504,0.063199,13.6542,31.7847,1,1,4336.513,nan
closed_eye_0344.jpg_face_2,cerrado,B5,81.6926,0.08469,4.4132,43.9701,100.0,9.7546,CRITICA,14.8817,0.632046,16.131,46.1761,0.151657,0.197776,79.0728,133.5293,1,1,4748.338,nan
closed_eye_0344.jpg_face_2,cerrado,B10,81.6926,0.08469,9.4683,56.7971,99.948,11.6625,CRITICA,17.3843,0.754711,14.5972,30.4746,0.162026,0.182,91.3159,114.9009,1,1,5235.602,nan
closed_eye_0344.jpg_face_2,cerrado,B15,81.6926,0.08469,14.4411,64.1706,87.879,13.1842,CRITICA,19.1167,0.811814,14.1589,21.4488,0.133207,0.156619,57.2875,84.9314,1,1,2844.141,nan
closed_eye_0344.jpg_face_2,cerrado,B25,81.6926,0.08469,24.4747,73.8047,57.4911,16.1404,CRITICA,21.802,0.869294,14.2483,9.6556,0.111313,0.145542,31.4352,71.8523,1,1,5361.93,nan
closed_eye_0344.jpg_face_2,cerrado,B40,81.6926,0.08469,39.4788,83.0027,40.2646,20.2204,BIEN,24.6672,0.919899,15.3564,1.6036,0.114218,0.127227,34.8651,50.226,1,1,5263.158,nan
closed_eye_0346.jpg_face_1,cerrado,B5,157.8397,0.087208,4.4886,44.5551,100.0,8.6388,CRITICA,6.6845,0.287975,16.0341,71.7719,nan,nan,nan,nan,1,0,4230.119,nan
closed_eye_0346.jpg_face_1,cerrado,B10,157.8397,0.087208,9.4747,57.3327,100.0,9.8967,CRITICA,7.6729,0.383579,14.4912,63.6766,nan,nan,nan,nan,1,0,6373.486,nan
closed_eye_0346.jpg_face_1,cerrado,B15,157.8397,0.087208,14.5476,64.7759,99.979,11.1666,CRITICA,8.2995,0.440562,14.089,58.961,nan,nan,nan,nan,1,0,6397.952,nan
closed_eye_0346.jpg_face_1,cerrado,B25,157.8397,0.087208,24.4667,74.7026,47.49,13.1353,CRITICA,9.2089,0.522804,14.1198,52.6719,0.096284,0.121504,10.4073,39.3266,1,1,6468.305,nan
closed_eye_0346.jpg_face_1,cerrado,B40,157.8397,0.087208,39.461,83.887,29.4266,16.3447,BIEN,10.2144,0.612334,15.1889,46.8531,0.084277,0.089313,3.3605,2.414,1,1,5924.17,nan
closed_eye_0353.jpg_face_1,cerrado,B5,104.2997,0.052032,4.5061,44.0413,100.0,12.24,CRITICA,10.7279,0.485557,15.9389,57.7742,0.068707,0.181974,32.0478,249.7342,1,1,4990.02,nan
closed_eye_0353.jpg_face_1,cerrado,B10,104.2997,0.052032,9.4941,56.2304,93.9073,14.9192,CRITICA,12.1821,0.60139,14.553,46.0876,0.068589,0.128849,31.8216,147.6338,1,1,5141.388,nan
closed_eye_0353.jpg_face_1,cerrado,B15,104.2997,0.052032,14.5064,63.6713,75.0868,17.2972,CRITICA,13.2361,0.667938,14.1376,38.9535,0.068561,0.101881,31.7662,95.8054,1,1,4474.273,nan
closed_eye_0353.jpg_face_1,cerrado,B25,104.2997,0.052032,24.4942,72.9734,61.2224,21.3034,CRITICA,14.8478,0.752961,14.2915,30.0349,0.073655,0.06464,41.5578,24.2313,1,1,4823.927,nan
closed_eye_0353.jpg_face_1,cerrado,B40,104.2997,0.052032,39.4955,82.0635,52.4233,26.8165,BIEN,16.9925,0.837135,15.4565,21.3195,0.065836,0.06794,26.5297,30.5728,1,1,4950.495,nan
closed_eye_0360.jpg_face_1,cerrado,B5,80.6434,0.088965,4.413,41.8122,100.0,14.7532,CRITICA,13.8862,0.623715,16.3133,48.1517,0.103908,nan,16.7958,nan,1,1,3193.868,nan
closed_eye_0360.jpg_face_1,cerrado,B10,80.6434,0.088965,9.4437,55.0649,97.8225,16.0372,CRITICA,15.9906,0.771571,14.7897,31.718,0.089548,0.154396,0.6551,73.5462,1,1,2496.879,nan
closed_eye_0360.jpg_face_1,cerrado,B15,80.6434,0.088965,14.4822,62.4941,79.0135,18.0534,CRITICA,17.4191,0.814749,14.3575,22.5056,0.096341,0.145007,8.2906,62.9924,1,1,3083.565,nan
closed_eye_0360.jpg_face_1,cerrado,B25,80.6434,0.088965,24.4868,71.9882,60.2132,21.7935,CRITICA,19.6813,0.861231,14.5024,10.7326,0.090546,0.100714,1.7764,13.2056,1,1,2016.129,nan
closed_eye_0360.jpg_face_1,cerrado,B40,80.6434,0.088965,39.4708,81.0439,50.4709,27.0467,BIEN,22.5172,0.902025,15.6974,0.4967,0.072569,0.089326,18.4296,0.4051,1,1,2833.664,nan
closed_eye_0361.jpg_face_3,cerrado,B5,145.2973,0.051823,4.5246,43.5514,100.0,11.7501,CRITICA,7.1508,0.409168,15.9588,70.026,0.09711,nan,87.3875,nan,1,1,3958.828,nan
closed_eye_0361.jpg_face_3,cerrado,B10,145.2973,0.051823,9.4485,56.6098,100.0,12.6192,CRITICA,8.1587,0.542958,14.535,61.0387,0.092301,0.17945,78.1094,246.275,1,1,2163.566,nan
closed_eye_0361.jpg_face_3,cerrado,B15,145.2973,0.051823,14.4375,64.0797,99.6465,13.6969,CRITICA,8.8329,0.607383,14.0954,55.8975,0.066913,0.143974,29.1186,177.8193,1,1,4280.822,nan
closed_eye_0361.jpg_face_3,cerrado,B25,145.2973,0.051823,24.4814,73.8619,44.5581,16.7396,CRITICA,9.8408,0.687811,14.1722,49.165,0.079077,0.09835,52.5904,89.7802,1,1,4027.386,nan
closed_eye_0361.jpg_face_3,cerrado,B40,145.2973,0.051823,39.4908,82.9309,28.5961,20.7612,BIEN,10.9913,0.759454,15.2771,42.9233,0.061952,0.061542,19.5464,18.7548,1,1,4664.179,nan
closed_eye_0365.jpg_face_2,cerrado,B5,93.1172,0.067712,4.4768,39.0309,100.0,20.0303,CRITICA,11.11,0.472792,16.5137,58.0842,0.105242,0.198596,55.4269,193.296,1,1,2482.622,nan
closed_eye_0365.jpg_face_2,cerrado,B10,93.1172,0.067712,9.5205,52.1697,87.0893,23.1634,CRITICA,12.6804,0.633248,15.0161,43.9742,0.079417,0.123876,17.2871,82.9451,1,1,3363.606,nan
closed_eye_0365.jpg_face_2,cerrado,B15,93.1172,0.067712,14.5015,59.4577,67.7942,25.8861,CRITICA,13.7534,0.69151,14.6478,36.1475,0.093298,0.086324,37.7863,27.4871,1,1,3222.688,nan
closed_eye_0365.jpg_face_2,cerrado,B25,93.1172,0.067712,24.5228,68.6379,57.6634,30.8608,CRITICA,15.5014,0.757209,14.8706,26.2887,0.064599,0.076339,4.5979,12.7404,1,1,3256.268,nan
closed_eye_0365.jpg_face_2,cerrado,B40,93.1172,0.067712,39.5442,77.8483,52.1874,37.5985,CRITICA,17.9724,0.822276,16.1704,16.3975,0.063597,0.077028,6.0772,13.7586,1,1,3120.125,nan
closed_eye_0372.jpg_face_5,cerrado,B5,129.3001,0.024208,4.3234,39.604,100.0,19.7927,CRITICA,7.8358,0.370938,16.3647,69.3705,0.028084,nan,16.014,nan,1,1,340.75,nan
closed_eye_0372.jpg_face_5,cerrado,B10,129.3001,0.024208,9.5105,53.5109,99.8398,21.5231,CRITICA,8.9997,0.544644,14.7806,58.615,0.030046,0.090031,24.1185,271.9106,1,1,624.298,nan
closed_eye_0372.jpg_face_5,cerrado,B15,129.3001,0.024208,14.4259,61.1648,78.1322,23.3416,CRITICA,9.7447,0.620674,14.3601,52.6955,0.028129,0.061864,16.1981,155.5571,1,1,491.618,nan
closed_eye_0372.jpg_face_5,cerrado,B25,129.3001,0.024208,24.4879,71.0143,45.5757,27.1264,CRITICA,10.8919,0.707678,14.4758,45.0779,0.025349,0.036749,4.7135,51.8053,1,1,614.59,nan
closed_eye_0372.jpg_face_5,cerrado,B40,129.3001,0.024208,39.4807,80.1297,36.6342,32.2965,BIEN,12.2476,0.786864,15.6681,38.0282,0.024146,0.027382,0.2558,13.1122,1,1,705.318,nan
closed_eye_0382.jpg_face_1,cerrado,B5,126.7899,0.035068,4.5696,41.6614,100.0,17.4054,CRITICA,8.1846,0.405163,16.1453,67.1414,0.043599,0.168931,24.3267,381.7206,1,1,4442.47,nan
closed_eye_0382.jpg_face_1,cerrado,B10,126.7899,0.035068,9.525,53.7926,100.0,20.3431,CRITICA,9.2999,0.532328,14.7648,57.5734,0.035306,0.107351,0.6788,206.12,1,1,4531.038,nan
closed_eye_0382.jpg_face_1,cerrado,B15,126.7899,0.035068,14.4786,60.9876,90.06,22.2943,CRITICA,10.0781,0.608752,14.3414,51.8986,0.029203,0.086139,16.7252,145.6304,1,1,4345.936,nan
closed_eye_0382.jpg_face_1,cerrado,B25,126.7899,0.035068,24.4886,70.6516,51.4374,25.7228,CRITICA,11.2381,0.694122,14.481,44.2767,0.030427,0.055644,13.2346,58.6728,1,1,4201.681,nan
closed_eye_0382.jpg_face_1,cerrado,B40,126.7899,0.035068,39.4909,79.9905,31.2396,29.9755,CRITICA,12.652,0.774842,15.6631,36.911,0.030436,0.028224,13.2088,19.5173,1,1,4037.142,nan
closed_eye_0386.jpg_face_1,cerrado,B5,117.0555,0.173106,4.5106,38.159,100.0,22.4176,CRITICA,7.8307,0.361858,16.3146,67.4009,0.169607,nan,2.0217,nan,1,1,4418.913,nan
closed_eye_0386.jpg_face_1,cerrado,B10,117.0555,0.173106,9.5372,49.5467,95.6881,27.8209,CRITICA,8.9444,0.483501,14.9447,57.6725,0.179187,nan,3.5129,nan,1,1,4100.041,nan
closed_eye_0386.jpg_face_1,cerrado,B15,117.0555,0.173106,14.5659,56.4527,64.2121,31.2319,CRITICA,9.7034,0.553367,14.5978,51.7727,0.15258,nan,11.8575,nan,1,1,4539.265,nan
closed_eye_0386.jpg_face_1,cerrado,B25,117.0555,0.173106,24.5859,65.7072,48.4786,36.6909,CRITICA,10.8867,0.644591,14.8396,43.8667,0.158516,0.153393,8.4286,11.388,1,1,3987.241,nan
closed_eye_0386.jpg_face_1,cerrado,B40,117.0555,0.173106,39.6293,75.1889,43.0918,43.3958,CRITICA,12.4304,0.737604,16.188,35.7664,0.150537,0.158483,13.0379,8.4476,1,1,4359.198,nan
closed_eye_0402.jpg_face_1,cerrado,B5,149.4001,0.058494,4.6368,44.6187,100.0,9.6674,CRITICA,7.1197,0.282149,15.8053,70.1348,nan,nan,nan,nan,1,0,5497.526,nan
closed_eye_0402.jpg_face_1,cerrado,B10,149.4001,0.058494,9.4731,57.3709,100.0,10.4295,CRITICA,8.0984,0.373865,14.4512,61.5992,0.125233,nan,114.0966,nan,1,1,5844.536,nan
closed_eye_0402.jpg_face_1,cerrado,B15,149.4001,0.058494,14.3915,64.5556,100.0,11.4561,CRITICA,8.7575,0.430356,14.0292,56.7902,0.102823,0.149376,75.7851,155.3716,1,1,6765.899,nan
closed_eye_0402.jpg_face_1,cerrado,B25,149.4001,0.058494,24.5008,74.4389,51.185,13.757,CRITICA,9.7647,0.519184,14.0804,50.1748,0.076639,0.084469,31.0215,44.4062,1,1,6230.53,nan
closed_eye_0402.jpg_face_1,cerrado,B40,149.4001,0.058494,39.4389,83.7729,24.6845,16.8177,BIEN,10.8971,0.617431,15.1244,43.9272,0.072607,0.079716,24.128,36.2816,1,1,6489.294,nan
closed_eye_0406.jpg_face_1,cerrado,B5,145.7813,0.05546,4.3856,43.6131,100.0,10.5025,CRITICA,7.1634,0.311188,16.1422,70.0832,nan,nan,nan,nan,1,0,4011.231,nan
closed_eye_0406.jpg_face_1,cerrado,B10,145.7813,0.05546,9.4336,56.4976,100.0,12.0069,CRITICA,8.2458,0.419239,14.5664,61.245,0.055802,0.114639,0.6166,106.7046,1,1,6131.208,nan
closed_eye_0406.jpg_face_1,cerrado,B15,145.7813,0.05546,14.5368,64.3496,95.7354,13.0317,CRITICA,8.9449,0.484313,14.1193,55.8588,0.056794,0.08941,2.4048,61.2143,1,1,5589.715,nan
closed_eye_0406.jpg_face_1,cerrado,B25,145.7813,0.05546,24.5195,73.7545,57.6481,15.6016,CRITICA,9.9354,0.574494,14.1873,49.4074,0.06431,0.063782,15.9562,15.0047,1,1,5027.652,nan
closed_eye_0406.jpg_face_1,cerrado,B40,145.7813,0.05546,39.5024,83.0891,29.4944,18.9046,BIEN,11.0783,0.666138,15.287,43.0043,0.06023,0.056312,8.5996,1.5346,1,1,6501.952,nan
closed_eye_0411.jpg_face_1,cerrado,B5,163.701,0.039924,4.3679,44.0305,100.0,9.317,CRITICA,5.8285,0.347725,16.0108,73.1031,nan,nan,nan,nan,1,0,2934.272,nan
closed_eye_0411.jpg_face_1,cerrado,B10,163.701,0.039924,9.4832,56.9406,100.0,11.2869,CRITICA,6.7203,0.454218,14.5216,65.2167,0.056701,0.184171,42.0209,361.2996,1,1,3011.141,nan
closed_eye_0411.jpg_face_1,cerrado,B15,163.701,0.039924,14.4984,64.4851,82.5049,12.8172,CRITICA,7.2937,0.516538,14.085,60.608,0.050436,0.126773,26.3298,217.5324,1,1,2974.42,nan
closed_eye_0411.jpg_face_1,cerrado,B25,163.701,0.039924,24.429,74.2803,59.9116,15.4172,CRITICA,8.1105,0.591126,14.143,54.6244,0.049888,0.09184,24.9561,130.0363,1,1,2790.179,nan
closed_eye_0411.jpg_face_1,cerrado,B40,163.701,0.039924,39.5351,83.3867,38.8206,19.3944,BIEN,9.0334,0.669337,15.2468,49.0616,0.051831,0.066377,29.8244,66.2575,1,1,2789.4,nan
closed_eye_0421.jpg_face_1,cerrado,B5,161.4677,0.105119,4.6425,44.3166,100.0,13.3408,CRITICA,5.7916,0.395114,15.7149,72.5539,0.101215,nan,3.7138,nan,1,1,3378.378,nan
closed_eye_0421.jpg_face_1,cerrado,B10,161.4677,0.105119,9.7383,56.4539,100.0,16.0472,CRITICA,6.6427,0.503358,14.3554,65.0371,0.114304,0.150079,8.7376,42.7704,1,1,2985.966,nan
closed_eye_0421.jpg_face_1,cerrado,B15,161.4677,0.105119,14.4963,63.4049,90.1849,17.7066,CRITICA,7.2313,0.558817,13.9451,60.7321,0.11888,0.112348,13.0915,6.8775,1,1,3010.235,nan
closed_eye_0421.jpg_face_1,cerrado,B25,161.4677,0.105119,24.3637,72.9186,46.6544,20.2313,CRITICA,8.0327,0.63598,14.0602,54.8401,0.115936,0.109548,10.29,4.2138,1,1,1880.053,nan
closed_eye_0421.jpg_face_1,cerrado,B40,161.4677,0.105119,39.5709,82.577,22.043,23.5871,BIEN,8.9944,0.712191,15.1992,48.8585,0.119618,0.111724,13.7934,6.2839,1,1,3234.153,nan
closed_eye_0423.jpg_face_1,cerrado,B5,173.5427,0.029733,4.442,44.6389,100.0,7.6979,CRITICA,5.6109,0.388413,16.073,74.2779,0.034577,nan,16.293,nan,1,1,1481.701,nan
closed_eye_0423.jpg_face_1,cerrado,B10,173.5427,0.029733,9.4639,57.5479,100.0,8.4763,CRITICA,6.4965,0.506183,14.5017,66.8394,0.032019,0.102997,7.6901,246.4102,1,1,1422.273,nan
closed_eye_0423.jpg_face_1,cerrado,B15,173.5427,0.029733,14.4977,65.1185,99.9974,9.3797,CRITICA,7.0478,0.568036,14.064,62.477,0.040759,0.064253,37.0851,116.102,1,1,1437.401,nan
closed_eye_0423.jpg_face_1,cerrado,B25,173.5427,0.029733,24.4665,74.984,54.1557,11.2111,CRITICA,7.8505,0.642463,14.0805,56.7922,0.038794,0.046333,30.4754,55.8316,1,1,1519.064,nan
closed_eye_0423.jpg_face_1,cerrado,B40,173.5427,0.029733,39.4844,84.0591,27.1702,13.86,BIEN,8.6864,0.708542,15.1508,51.5629,0.03823,0.031395,28.5806,5.5899,1,1,1468.213,nan
closed_eye_0424.jpg_face_1,cerrado,B5,120.7839,0.054862,4.3,41.5295,100.0,15.8262,CRITICA,8.8546,0.407838,16.3331,65.6167,nan,nan,nan,nan,1,0,2074.689,nan
closed_eye_0424.jpg_face_1,cerrado,B10,120.7839,0.054862,9.4398,55.1144,98.8197,16.7615,CRITICA,10.1628,0.558568,14.7255,54.3694,0.064623,nan,17.7936,nan,1,1,2326.122,nan
closed_eye_0424.jpg_face_1,cerrado,B15,120.7839,0.054862,14.4764,62.9088,80.2833,18.9494,CRITICA,11.0424,0.627776,14.2647,47.9163,0.070337,0.10323,28.2079,88.1644,1,1,2319.647,nan
closed_eye_0424.jpg_face_1,cerrado,B25,120.7839,0.054862,24.4833,72.273,53.9009,22.2247,CRITICA,12.2878,0.709215,14.3869,40.1634,0.058261,0.067417,6.1969,22.885,1,1,2262.955,nan
closed_eye_0424.jpg_face_1,cerrado,B40,120.7839,0.054862,39.4762,81.4971,38.8887,27.3025,BIEN,13.8922,0.792276,15.5395,32.5265,0.056696,0.063749,3.3431,16.1992,1,1,1445.713,nan
closed_eye_0427.jpg_face_1,cerrado,B5,140.063,0.024017,4.3664,42.9029,100.0,12.1665,CRITICA,7.1868,0.408369,16.1322,69.3688,0.066257,nan,175.8755,nan,1,1,1635.59,nan
closed_eye_0427.jpg_face_1,cerrado,B10,140.063,0.024017,9.5032,56.0994,100.0,13.7147,CRITICA,8.2424,0.548792,14.5979,59.947,0.04145,0.092275,72.5874,284.2104,1,1,2249.213,nan
closed_eye_0427.jpg_face_1,cerrado,B15,140.063,0.024017,14.3905,63.6093,80.2023,15.6179,CRITICA,8.9221,0.614773,14.1636,54.5852,0.03539,0.073241,47.3528,204.9544,1,1,1339.764,nan
closed_eye_0427.jpg_face_1,cerrado,B25,140.063,0.024017,24.4609,73.2623,59.9549,18.7971,CRITICA,9.9398,0.69305,14.2525,47.6933,0.026535,0.04653,10.4835,93.7379,1,1,2235.636,nan
closed_eye_0427.jpg_face_1,cerrado,B40,140.063,0.024017,39.4404,82.3369,49.041,23.371,BIEN,11.1215,0.764566,15.3982,41.2144,0.02294,0.0321,4.4851,33.6555,1,1,2148.228,nan
closed_eye_0441.jpg_face_1,cerrado,B5,138.4336,0.038961,4.2732,42.3761,100.0,13.1705,CRITICA,7.5068,0.317811,16.3674,69.3888,0.093317,nan,139.513,nan,1,1,4486.317,nan
closed_eye_0441.jpg_face_1,cerrado,B10,138.4336,0.038961,9.4883,55.813,99.9745,15.0489,CRITICA,8.6301,0.442771,14.7417,59.6825,0.089114,0.194735,128.7248,399.819,1,1,4539.265,nan
closed_eye_0441.jpg_face_1,cerrado,B15,138.4336,0.038961,14.485,63.4843,82.5306,16.9291,CRITICA,9.3566,0.517895,14.2688,54.1409,0.053232,0.108041,36.6283,177.3042,1,1,5068.424,nan
closed_eye_0441.jpg_face_1,cerrado,B25,138.4336,0.038961,24.4981,73.0108,48.0918,20.1635,CRITICA,10.382,0.606905,14.3718,47.2593,0.04881,0.09581,25.2776,145.9106,1,1,5494.506,nan
closed_eye_0441.jpg_face_1,cerrado,B40,138.4336,0.038961,39.5014,82.1803,40.2347,24.9024,BIEN,11.5981,0.699899,15.497,40.6356,0.047069,0.055483,20.8098,42.4064,1,1,4675.082,nan
closed_eye_0460.jpg_face_1,cerrado,B5,105.4238,0.197631,4.4916,41.2287,100.0,18.3194,CRITICA,9.7402,0.414893,16.1344,60.8924,0.159234,0.208749,19.4285,5.6259,1,1,3077.87,nan
closed_eye_0460.jpg_face_1,cerrado,B10,105.4238,0.197631,9.4836,54.2583,87.8272,19.9852,CRITICA,11.054,0.568659,14.7242,48.5332,0.160591,0.185131,18.742,6.3248,1,1,3047.851,nan
closed_eye_0460.jpg_face_1,cerrado,B15,105.4238,0.197631,14.4757,61.5099,75.9674,22.9034,CRITICA,11.9777,0.624174,14.3456,41.6546,0.15321,0.165675,22.4767,16.1695,1,1,3088.326,nan
closed_eye_0460.jpg_face_1,cerrado,B25,105.4238,0.197631,24.4818,70.9178,57.3952,27.701,CRITICA,13.4182,0.699846,14.5191,32.7308,0.161849,0.180784,18.1053,8.5244,1,1,3094.06,nan
closed_eye_0460.jpg_face_1,cerrado,B40,105.4238,0.197631,39.4959,79.9859,46.0121,34.4175,CRITICA,15.351,0.779004,15.7637,24.1292,0.158752,0.183758,19.6727,7.0194,1,1,3096.934,nan
closed_eye_0464.jpg_face_1,cerrado,B5,59.5533,0.151623,4.488,30.5968,99.9291,30.4324,CRITICA,14.5301,0.525976,16.9483,48.6228,0.19407,0.223414,27.9948,47.3482,1,1,2563.445,nan
closed_eye_0464.jpg_face_1,cerrado,B10,59.5533,0.151623,9.6336,44.1176,72.4791,35.097,CRITICA,16.709,0.665246,15.5323,25.9191,0.165547,0.190747,9.1831,25.8029,1,1,2790.179,nan
closed_eye_0464.jpg_face_1,cerrado,B15,59.5533,0.151623,14.6238,51.4978,67.968,39.4781,CRITICA,18.3921,0.683278,15.2876,13.5265,0.12885,0.15484,15.0198,2.1216,1,1,2226.18,nan
closed_eye_0464.jpg_face_1,cerrado,B25,59.5533,0.151623,24.5359,59.7132,64.1632,47.8329,CRITICA,21.2229,0.710443,15.7768,0.2686,0.107358,0.147718,29.1944,2.576,1,1,2833.664,nan
closed_eye_0464.jpg_face_1,cerrado,B40,59.5533,0.151623,39.5976,68.7733,62.0942,58.4729,CRITICA,23.7085,0.744046,17.5296,15.482,0.114097,0.147259,24.7495,2.8784,1,1,2889.338,nan
closed_eye_0466.jpg_face_1,cerrado,B5,169.8196,0.022594,4.5435,45.1277,100.0,8.7792,CRITICA,5.716,0.365326,15.8282,73.4261,0.031134,nan,37.7969,nan,1,1,2633.658,nan
closed_eye_0466.jpg_face_1,cerrado,B10,169.8196,0.022594,9.5302,57.6925,100.0,10.2136,CRITICA,6.5718,0.461739,14.381,66.0272,0.02945,0.097739,30.3453,332.5861,1,1,3074.085,nan
closed_eye_0466.jpg_face_1,cerrado,B15,169.8196,0.022594,14.4951,64.8511,100.0,11.5624,CRITICA,7.1089,0.516072,14.0055,61.8118,0.023968,0.073222,6.0819,224.0764,1,1,2398.657,nan
closed_eye_0466.jpg_face_1,cerrado,B25,169.8196,0.022594,24.5065,74.5979,37.4733,14.2361,CRITICA,7.9229,0.590183,14.0586,56.0723,0.018579,0.040574,17.7706,79.5766,1,1,4130.525,nan
closed_eye_0466.jpg_face_1,cerrado,B40,169.8196,0.022594,39.4777,83.7755,28.2282,17.4951,BIEN,8.7905,0.661562,15.1377,50.6679,0.012284,0.023727,45.6305,5.0154,1,1,2663.116,nan
closed_eye_0476.jpg_face_1,cerrado,B5,187.8479,0.08296,4.4508,43.8225,100.0,12.1963,CRITICA,4.3683,0.310602,15.9238,76.6713,0.109426,nan,31.902,nan,1,1,3518.649,nan
closed_eye_0476.jpg_face_1,cerrado,B10,187.8479,0.08296,9.4895,56.5651,100.0,13.9332,CRITICA,5.1076,0.407929,14.4589,69.8878,0.099277,0.15765,19.6685,90.0321,1,1,3450.656,nan
closed_eye_0476.jpg_face_1,cerrado,B15,187.8479,0.08296,14.5292,64.0502,99.9582,15.5324,CRITICA,5.5863,0.466246,14.0448,65.9032,0.099611,0.140875,20.0713,69.8114,1,1,3539.823,nan
closed_eye_0476.jpg_face_1,cerrado,B25,187.8479,0.08296,24.4372,73.8143,43.6192,18.0978,CRITICA,6.2631,0.540805,14.0961,60.7053,0.096243,0.112022,16.0112,35.0316,1,1,3286.231,nan
closed_eye_0476.jpg_face_1,cerrado,B40,187.8479,0.08296,39.5169,82.956,31.2099,21.6257,BIEN,6.9819,0.611997,15.2272,55.8387,0.090375,0.090369,8.9382,8.9306,1,1,3431.709,nan
closed_eye_0481.jpg_face_1,cerrado,B5,162.9311,0.093866,4.447,43.4015,100.0,11.588,CRITICA,6.3175,0.306402,16.3387,73.3621,0.112085,0.199483,19.4094,112.5187,1,1,1518.834,nan
closed_eye_0481.jpg_face_1,cerrado,B10,162.9311,0.093866,9.4477,56.2104,100.0,12.8573,CRITICA,7.1896,0.426697,14.8402,65.5005,0.092095,0.193306,1.8871,105.9381,1,1,1506.024,nan
closed_eye_0481.jpg_face_1,cerrado,B15,162.9311,0.093866,14.483,63.9551,92.3878,14.4482,CRITICA,7.7956,0.494941,14.355,60.7472,0.110521,0.164352,17.7438,75.0927,1,1,1527.417,nan
closed_eye_0481.jpg_face_1,cerrado,B25,162.9311,0.093866,24.5014,73.6468,56.109,17.2638,CRITICA,8.6339,0.578791,14.4346,54.7988,0.111625,0.142535,18.9192,51.8492,1,1,1156.738,nan
closed_eye_0481.jpg_face_1,cerrado,B40,162.9311,0.093866,39.4892,82.8746,34.1202,20.9795,BIEN,9.561,0.663574,15.5169,49.1352,0.099532,0.140692,6.0364,49.886,1,1,1106.072,nan
closed_eye_0486.jpg_face_2,cerrado,B5,162.7457,0.085675,4.4738,45.2268,100.0,5.9039,CRITICA,6.5068,0.398475,15.9349,72.2102,0.086119,nan,0.5181,nan,1,1,1263.743,nan
closed_eye_0486.jpg_face_2,cerrado,B10,162.7457,0.085675,9.4187,57.6163,100.0,6.7873,CRITICA,7.4601,0.502125,14.4455,64.5973,0.086255,nan,0.6768,nan,1,1,1523.693,nan
closed_eye_0486.jpg_face_2,cerrado,B15,162.7457,0.085675,14.4133,65.295,99.9818,7.5561,CRITICA,8.0926,0.562855,13.9904,59.8791,0.087965,0.107912,2.6733,25.955,1,1,1699.235,nan
closed_eye_0486.jpg_face_2,cerrado,B25,162.7457,0.085675,24.3632,75.1511,66.354,9.2273,CRITICA,9.0093,0.638584,13.9961,53.823,0.088474,0.098267,3.2666,14.6975,1,1,1558.118,nan
closed_eye_0486.jpg_face_2,cerrado,B40,162.7457,0.085675,39.4293,84.5413,21.9203,11.4325,BIEN,9.9795,0.709851,15.027,48.0531,0.092044,0.095042,7.4333,10.9331,1,1,1612.903,nan
closed_eye_0492.jpg_face_1,cerrado,B5,67.8778,0.095285,4.6138,33.824,99.6755,28.6026,CRITICA,12.9326,0.595897,16.6215,50.1693,nan,0.188987,nan,98.3389,1,0,3995.206,nan
closed_eye_0492.jpg_face_1,cerrado,B10,67.8778,0.095285,9.5754,44.5455,75.8388,35.2563,CRITICA,14.7271,0.689291,15.4034,34.374,nan,0.127172,nan,33.465,1,0,4723.665,nan
closed_eye_0492.jpg_face_1,cerrado,B15,67.8778,0.095285,14.5734,51.179,69.0935,40.1366,CRITICA,16.1162,0.725195,15.1404,24.6012,0.093011,0.115755,2.3871,21.4826,1,1,4422.822,nan
closed_eye_0492.jpg_face_1,cerrado,B25,67.8778,0.095285,24.5796,60.143,62.9797,47.6981,CRITICA,18.5635,0.764941,15.5791,11.3952,0.110593,0.10697,16.0653,12.2637,1,1,4364.906,nan
closed_eye_0492.jpg_face_1,cerrado,B40,67.8778,0.095285,39.5851,69.2884,59.8658,57.7045,CRITICA,22.1194,0.815949,17.273,2.0781,0.094092,0.097925,1.2517,2.7708,1,1,4570.384,nan
closed_eye_0493.jpg_face_1,cerrado,B5,190.8912,0.067975,4.3893,43.8928,100.0,9.7449,CRITICA,4.4214,0.342479,16.1154,77.0064,0.132846,nan,95.4338,nan,1,1,1479.071,nan
closed_eye_0493.jpg_face_1,cerrado,B10,190.8912,0.067975,9.423,56.9292,100.0,11.6172,CRITICA,5.1985,0.458124,14.5393,70.1771,0.12397,nan,82.3756,nan,1,1,1652.073,nan
closed_eye_0493.jpg_face_1,cerrado,B15,190.8912,0.067975,14.4846,64.597,99.9921,12.2749,CRITICA,5.6726,0.52293,14.0905,66.1603,0.10687,0.136342,57.2189,100.5756,1,1,1704.158,nan
closed_eye_0493.jpg_face_1,cerrado,B25,190.8912,0.067975,24.4996,74.4029,51.6855,14.3186,CRITICA,6.36,0.597632,14.1289,61.0234,0.132223,0.147579,94.5168,117.1071,1,1,1659.751,nan
closed_eye_0493.jpg_face_1,cerrado,B40,190.8912,0.067975,39.507,83.5516,27.5586,17.0606,BIEN,7.067,0.663063,15.1957,56.2308,0.096357,0.107021,41.7526,57.4411,1,1,1445.923,nan
closed_eye_0501.jpg_face_2,cerrado,B5,161.776,0.041603,4.3081,44.37,100.0,6.4221,CRITICA,6.4179,0.39961,16.2209,72.5732,nan,nan,nan,nan,1,0,1313.888,nan
closed_eye_0501.jpg_face_2,cerrado,B10,161.776,0.041603,9.5151,57.5927,100.0,7.31,CRITICA,7.4295,0.528776,14.5492,64.3997,0.103096,nan,147.8081,nan,1,1,1320.83,nan
closed_eye_0501.jpg_face_2,cerrado,B15,161.776,0.041603,14.4106,65.165,99.1422,8.2371,CRITICA,8.0309,0.591056,14.0991,59.719,0.112065,0.128938,169.3663,209.9252,1,1,1248.439,nan
closed_eye_0501.jpg_face_2,cerrado,B25,161.776,0.041603,24.4837,75.0024,63.4384,10.1475,CRITICA,8.9305,0.665136,14.1271,53.6381,0.081279,0.127421,95.3689,206.2774,1,1,1339.226,nan
closed_eye_0501.jpg_face_2,cerrado,B40,161.776,0.041603,39.4963,84.1297,35.01,12.6017,BIEN,9.8737,0.732323,15.1975,47.9962,0.077891,0.105521,87.2234,153.6372,1,1,1318.392,nan
closed_eye_0503.jpg_face_1,cerrado,B5,162.7098,0.063022,4.4256,44.9039,100.0,7.1246,CRITICA,6.2814,0.340564,15.9894,72.4025,0.069663,nan,10.538,nan,1,1,3086.42,nan
closed_eye_0503.jpg_face_1,cerrado,B10,162.7098,0.063022,9.3623,57.4349,100.0,8.581,CRITICA,7.2069,0.446996,14.4898,64.701,0.068373,0.134189,8.4911,112.9229,1,1,3874.467,nan
closed_eye_0503.jpg_face_1,cerrado,B15,162.7098,0.063022,14.4328,65.214,98.6962,9.5983,CRITICA,7.829,0.504505,14.0161,59.9201,0.051171,0.091903,18.8044,45.826,1,1,4357.298,nan
closed_eye_0503.jpg_face_1,cerrado,B25,162.7098,0.063022,24.5109,75.0008,67.424,11.7015,CRITICA,8.7002,0.584158,14.0722,53.9052,0.059306,0.062425,5.8959,0.9475,1,1,4310.344,nan
closed_eye_0503.jpg_face_1,cerrado,B40,162.7098,0.063022,39.5275,84.2802,33.9125,14.4847,BIEN,9.661,0.663164,15.1243,48.2021,0.060748,0.0583,3.6086,7.4929,1,1,3979.308,nan
closed_eye_0505.jpg_face_1,cerrado,B5,56.4032,0.09708,4.5057,39.4237,100.0,20.4405,CRITICA,19.8476,0.776924,16.453,30.1038,0.093714,nan,3.4674,nan,1,1,1636.393,nan
closed_eye_0505.jpg_face_1,cerrado,B10,56.4032,0.09708,9.5175,51.729,99.082,24.8505,CRITICA,23.2508,0.860468,14.9321,8.2871,0.098004,0.083992,0.9515,13.4815,1,1,1386.386,nan
closed_eye_0505.jpg_face_1,cerrado,B15,56.4032,0.09708,14.5417,58.8677,76.4206,27.457,CRITICA,24.419,0.87236,14.572,4.3694,0.101027,0.098319,4.0656,1.2764,1,1,1645.549,nan
closed_eye_0505.jpg_face_1,cerrado,B25,56.4032,0.09708,24.5185,68.3016,50.7497,32.0535,CRITICA,23.5448,0.868637,14.7349,21.0951,0.101552,0.096256,4.6063,0.8483,1,1,1535.627,nan
closed_eye_0505.jpg_face_1,cerrado,B40,56.4032,0.09708,39.545,77.6981,39.3248,37.4864,CRITICA,20.7698,0.864449,15.9843,37.7546,0.100351,0.105326,3.3691,8.4937,1,1,1605.652,nan
closed_eye_0523.jpg_face_2,cerrado,B5,137.9996,0.056262,4.5138,43.0294,100.0,15.2732,CRITICA,7.4258,0.411452,15.952,68.8192,0.076599,0.200189,36.146,255.8156,1,1,3542.331,nan
closed_eye_0523.jpg_face_2,cerrado,B10,137.9996,0.056262,9.502,55.3704,100.0,17.7127,CRITICA,8.4444,0.531007,14.5643,59.8764,0.068722,0.096251,22.1456,71.076,1,1,3700.962,nan
closed_eye_0523.jpg_face_2,cerrado,B15,137.9996,0.056262,14.4976,62.829,77.9716,19.8525,CRITICA,9.1437,0.592419,14.1572,54.4716,0.072356,0.073572,28.605,30.7665,1,1,3599.712,nan
closed_eye_0523.jpg_face_2,cerrado,B25,137.9996,0.056262,24.4617,72.3021,47.8391,23.6321,CRITICA,10.1651,0.671807,14.2956,47.607,0.069414,0.066219,23.3766,17.6969,1,1,3216.468,nan
closed_eye_0523.jpg_face_2,cerrado,B40,137.9996,0.056262,39.49,81.4852,38.2134,28.6501,BIEN,11.3802,0.752569,15.4605,40.9526,0.066231,0.052641,17.7179,6.4357,1,1,3257.329,nan
closed_eye_0539.jpg_face_1,cerrado,B5,67.6832,0.062235,4.4495,41.6907,100.0,13.4635,CRITICA,16.3791,0.683196,16.5013,38.4031,0.091424,0.205362,46.9009,229.9768,1,1,1808.645,nan
closed_eye_0539.jpg_face_1,cerrado,B10,67.6832,0.062235,9.5407,54.5478,99.3237,14.6304,CRITICA,18.8065,0.822993,15.0154,19.4071,0.06874,0.116791,10.4515,87.6602,1,1,3015.682,nan
closed_eye_0539.jpg_face_1,cerrado,B15,67.6832,0.062235,14.4476,61.8299,77.8971,16.8871,CRITICA,20.3523,0.849287,14.6269,8.648,0.069202,0.08656,11.1938,39.0851,1,1,3017.502,nan
closed_eye_0539.jpg_face_1,cerrado,B25,67.6832,0.062235,24.4589,71.3863,74.8848,20.5567,CRITICA,22.2821,0.86671,14.7668,5.4713,0.069871,0.065873,12.2691,5.8446,1,1,3099.814,nan
closed_eye_0539.jpg_face_1,cerrado,B40,67.6832,0.062235,39.5303,80.2199,60.8107,25.6216,CRITICA,23.026,0.875413,16.0328,18.5226,0.070055,0.058163,12.5652,6.5436,1,1,3147.624,nan
closed_eye_0544.jpg_face_1,cerrado,B5,162.8625,0.101855,4.4602,45.2341,100.0,6.6275,CRITICA,6.3832,0.376037,15.858,72.2256,0.122455,nan,20.2255,nan,1,1,2023.063,nan
closed_eye_0544.jpg_face_1,cerrado,B10,162.8625,0.101855,9.4211,57.6402,100.0,8.0374,CRITICA,7.306,0.473784,14.4147,64.608,0.125391,0.18408,23.1076,80.7279,1,1,1228.803,nan
closed_eye_0544.jpg_face_1,cerrado,B15,162.8625,0.101855,14.3794,65.0287,99.9971,9.0805,CRITICA,7.9047,0.532291,13.997,60.0714,0.118937,0.145116,16.7714,42.4738,1,1,1579.03,nan
closed_eye_0544.jpg_face_1,cerrado,B25,162.8625,0.101855,24.3882,74.8487,54.2453,11.2264,CRITICA,8.7878,0.608415,14.0349,54.0418,0.119476,0.121615,17.3006,19.4006,1,1,2040.816,nan
closed_eye_0544.jpg_face_1,cerrado,B40,162.8625,0.101855,39.2982,84.1593,32.5317,13.8559,BIEN,9.7281,0.683523,15.0767,48.3249,0.12161,0.118409,19.3953,16.253,1,1,1988.862,nan
closed_eye_0548.jpg_face_1,cerrado,B5,102.3339,0.100794,4.5477,35.5095,100.0,26.7217,CRITICA,8.6904,0.474664,16.4553,65.3004,0.082098,nan,18.5487,nan,1,1,1418.641,nan
closed_eye_0548.jpg_face_1,cerrado,B10,102.3339,0.100794,9.4855,46.904,72.7394,32.4429,CRITICA,9.8509,0.618553,15.1516,54.1657,0.079484,0.086259,21.1425,14.4205,1,1,1422.88,nan
closed_eye_0548.jpg_face_1,cerrado,B15,102.3339,0.100794,14.4698,54.2791,65.272,36.0767,CRITICA,10.6947,0.685126,14.821,46.9589,0.072457,0.074279,28.1142,26.3065,1,1,1384.275,nan
closed_eye_0548.jpg_face_1,cerrado,B25,102.3339,0.100794,24.3831,63.4189,59.0623,42.553,CRITICA,12.0588,0.760226,15.1334,38.0275,0.086038,0.087686,14.6405,13.0054,1,1,1530.456,nan
closed_eye_0548.jpg_face_1,cerrado,B40,102.3339,0.100794,39.4188,72.869,54.2637,50.8005,CRITICA,13.9451,0.832269,16.6217,28.7929,0.089489,0.097881,11.2158,2.8908,1,1,1459.215,nan
closed_eye_0557.jpg_face_1,cerrado,B5,113.8603,0.056271,4.3791,43.1874,100.0,12.5597,CRITICA,9.9747,0.425778,16.1907,62.0698,0.133298,nan,136.8866,nan,1,1,4826.255,nan
closed_eye_0557.jpg_face_1,cerrado,B10,113.8603,0.056271,9.4824,56.338,97.913,13.5612,CRITICA,11.4443,0.55862,14.6441,50.5201,0.080103,0.161728,42.3526,187.41,1,1,5277.045,nan
closed_eye_0557.jpg_face_1,cerrado,B15,113.8603,0.056271,14.4831,63.7848,96.059,15.2032,CRITICA,12.4797,0.632627,14.1619,43.9798,0.06552,0.113652,16.4372,101.9726,1,1,6501.95,nan
closed_eye_0557.jpg_face_1,cerrado,B25,113.8603,0.056271,24.5017,73.2036,55.8921,18.2313,CRITICA,13.9456,0.720194,14.2768,35.7076,0.067489,0.090172,19.9364,60.2461,1,1,4125.412,nan
closed_eye_0557.jpg_face_1,cerrado,B40,113.8603,0.056271,39.4858,82.478,25.6649,22.3141,BIEN,15.8555,0.804062,15.3926,27.5622,0.054051,0.062744,3.9451,11.5036,1,1,5753.74,nan
closed_eye_0559.jpg_face_1,cerrado,B5,83.4456,0.072296,4.5054,41.5548,100.0,18.2128,CRITICA,13.648,0.573081,16.0527,50.2013,0.067484,0.185241,6.6569,156.2244,1,1,3372.681,nan
closed_eye_0559.jpg_face_1,cerrado,B10,83.4456,0.072296,9.4971,54.1434,95.9885,20.685,CRITICA,15.7346,0.701048,14.6565,35.1154,0.071029,0.118595,1.7528,64.0402,1,1,3106.555,nan
closed_eye_0559.jpg_face_1,cerrado,B15,83.4456,0.072296,14.4936,61.5902,74.0646,23.1082,CRITICA,17.2998,0.759664,14.2582,26.1912,0.070973,0.094616,1.8309,30.8732,1,1,3494.06,nan
closed_eye_0559.jpg_face_1,cerrado,B25,83.4456,0.072296,24.4882,71.0167,52.2995,27.3891,CRITICA,19.8712,0.828488,14.4226,14.8946,0.077005,0.081231,6.5128,12.3581,1,1,3344.482,nan
closed_eye_0559.jpg_face_1,cerrado,B40,83.4456,0.072296,39.4972,80.1923,44.3268,33.1736,BIEN,23.377,0.883477,15.6337,3.8987,0.080076,0.073537,10.761,1.7165,1,1,3081.664,nan
closed_eye_0565.jpg_face_1,cerrado,B5,113.6516,0.073688,4.5903,41.4745,100.0,17.6059,CRITICA,9.7101,0.467231,15.9374,63.5073,0.12357,nan,67.6927,nan,1,1,4823.927,nan
closed_eye_0565.jpg_face_1,cerrado,B10,113.6516,0.073688,9.4284,56.1928,99.9167,15.1653,CRITICA,11.1596,0.655216,14.4109,50.5569,0.126782,0.192765,72.0519,161.5943,1,1,5518.763,nan
closed_eye_0565.jpg_face_1,cerrado,B15,113.6516,0.073688,14.5171,63.5715,98.7986,16.603,CRITICA,12.1348,0.711929,14.0068,44.0646,0.115292,0.153693,56.4592,108.5716,1,1,4952.947,nan
closed_eye_0565.jpg_face_1,cerrado,B25,113.6516,0.073688,24.4772,72.5958,45.3403,20.6906,CRITICA,13.6957,0.786358,14.119,36.1242,0.093707,0.132273,27.1669,79.5034,1,1,5659.309,nan
closed_eye_0565.jpg_face_1,cerrado,B40,113.6516,0.073688,39.4608,82.0131,24.0625,25.0039,BIEN,15.647,0.852383,15.2639,27.8381,0.083599,0.099012,13.4487,34.366,1,1,5224.66,nan
closed_eye_0566.jpg_face_1,cerrado,B5,90.5657,0.10032,4.5302,38.2562,100.0,21.467,CRITICA,11.7152,0.497575,16.6157,57.7587,0.079155,0.207448,21.0974,106.7851,1,1,3562.522,nan
closed_eye_0566.jpg_face_1,cerrado,B10,90.5657,0.10032,9.4737,51.2182,95.6699,25.3507,CRITICA,13.3447,0.657382,15.1128,43.4463,0.077634,0.154654,22.614,54.1603,1,1,3767.897,nan
closed_eye_0566.jpg_face_1,cerrado,B15,90.5657,0.10032,14.4668,58.6435,77.3429,26.9596,CRITICA,14.4603,0.72976,14.7544,35.2475,0.066625,0.140399,33.5877,39.9502,1,1,3808.073,nan
closed_eye_0566.jpg_face_1,cerrado,B25,90.5657,0.10032,24.4692,68.65,49.2238,30.6694,CRITICA,16.3266,0.796411,14.921,24.1986,0.080659,0.10994,19.5982,9.5892,1,1,4056.795,nan
closed_eye_0566.jpg_face_1,cerrado,B40,90.5657,0.10032,39.4889,77.8183,40.7781,36.7386,CRITICA,18.9683,0.858195,16.2135,14.0753,0.075358,0.10074,24.8823,0.4185,1,1,3217.503,nan
closed_eye_0578.jpg_face_1,cerrado,B5,138.0701,0.117313,4.4486,39.7147,100.0,19.6611,CRITICA,7.3088,0.336219,16.5324,71.2358,0.119835,0.225705,2.1499,92.3952,1,1,4506.534,nan
closed_eye_0578.jpg_face_1,cerrado,B10,138.0701,0.117313,9.4289,52.725,99.9971,22.1393,CRITICA,8.3023,0.479251,15.021,61.8129,0.146544,0.224402,24.9167,91.2848,1,1,4741.584,nan
closed_eye_0578.jpg_face_1,cerrado,B15,138.0701,0.117313,14.4344,60.5351,76.5564,24.4822,CRITICA,9.0131,0.553947,14.5695,56.1563,0.163755,0.207196,39.5876,76.6182,1,1,4366.812,nan
closed_eye_0578.jpg_face_1,cerrado,B25,138.0701,0.117313,24.4679,70.2081,47.7194,28.6538,CRITICA,10.0362,0.63903,14.6991,49.1504,0.154243,0.186705,31.48,59.1506,1,1,4391.744,nan
closed_eye_0578.jpg_face_1,cerrado,B40,138.0701,0.117313,39.5376,79.4658,37.3817,33.9235,CRITICA,11.2294,0.721712,15.9073,42.4454,0.138209,0.154565,17.8124,31.7545,1,1,4382.121,nan
closed_eye_0593.jpg_face_1,cerrado,B5,180.8049,0.208663,4.4529,44.2705,100.0,8.7395,CRITICA,4.9243,0.313933,16.0245,75.5148,0.23487,nan,12.5598,nan,1,1,804.441,nan
closed_eye_0593.jpg_face_1,cerrado,B10,180.8049,0.208663,9.5008,57.3509,100.0,9.7051,CRITICA,5.7343,0.419409,14.4906,68.2802,0.235934,0.20281,13.0698,2.8047,1,1,1829.826,nan
closed_eye_0593.jpg_face_1,cerrado,B15,180.8049,0.208663,14.4803,64.812,99.9906,11.1658,CRITICA,6.2542,0.478166,14.0471,64.1536,0.241879,0.232079,15.9189,11.222,1,1,1749.169,nan
closed_eye_0593.jpg_face_1,cerrado,B25,180.8049,0.208663,24.4575,74.5345,50.6517,13.3822,CRITICA,6.9785,0.55302,14.0997,58.7763,0.232102,0.248858,11.2334,19.2633,1,1,1507.613,nan
closed_eye_0593.jpg_face_1,cerrado,B40,180.8049,0.208663,39.511,83.7142,31.067,16.501,BIEN,7.7577,0.625177,15.1824,53.6991,0.256602,0.255168,22.9747,22.2875,1,1,1388.31,nan
closed_eye_0597.jpg_face_2,cerrado,B5,73.5876,0.053396,4.4485,40.1739,100.0,17.5213,CRITICA,15.1904,0.608313,16.3923,45.4067,0.069275,0.156054,29.7378,192.2588,1,1,1809.3,nan
closed_eye_0597.jpg_face_2,cerrado,B10,73.5876,0.053396,9.4547,53.0908,98.4214,20.2702,CRITICA,17.6476,0.741503,14.8645,27.8535,0.066752,0.093236,25.0143,74.613,1,1,1706.193,nan
closed_eye_0597.jpg_face_2,cerrado,B15,73.5876,0.053396,14.5076,60.8605,78.9857,22.4682,CRITICA,19.4249,0.782508,14.4325,17.2951,0.065669,0.069816,22.9862,30.752,1,1,1179.941,nan
closed_eye_0597.jpg_face_2,cerrado,B25,73.5876,0.053396,24.4954,70.1507,54.1771,26.0387,CRITICA,21.9879,0.825571,14.6102,4.6704,0.059246,0.071416,10.9565,33.7487,1,1,1728.31,nan
closed_eye_0597.jpg_face_2,cerrado,B40,73.5876,0.053396,39.4713,79.3231,42.379,31.3739,CRITICA,24.3789,0.882195,15.8348,7.7942,0.065017,0.062803,21.7646,17.6181,1,1,1748.863,nan
closed_eye_0602.jpg_face_1,cerrado,B5,92.8185,0.107936,4.6508,36.2559,100.0,26.8357,CRITICA,10.6311,0.631396,16.2741,60.9389,0.113344,nan,5.0106,nan,1,1,2206.044,nan
closed_eye_0602.jpg_face_1,cerrado,B10,92.8185,0.107936,9.6463,46.5592,85.2315,33.8515,CRITICA,12.1472,0.722391,15.0085,49.8384,0.120411,0.145018,11.5578,34.3557,1,1,2306.805,nan
closed_eye_0602.jpg_face_1,cerrado,B15,92.8185,0.107936,14.6443,53.017,59.1178,38.4425,CRITICA,13.2754,0.765843,14.7076,42.881,0.10814,0.134182,0.1895,24.317,1,1,2009.242,nan
closed_eye_0602.jpg_face_1,cerrado,B25,92.8185,0.107936,24.6531,61.9502,47.5108,45.0879,CRITICA,15.1646,0.81984,14.9972,33.2566,0.119007,0.11794,10.2575,9.2688,1,1,2265.006,nan
closed_eye_0602.jpg_face_1,cerrado,B40,92.8185,0.107936,39.655,71.4738,43.4876,52.7738,CRITICA,17.9014,0.877151,16.4111,22.9961,0.102834,0.107458,4.7264,0.4423,1,1,1910.95,nan
closed_eye_0603.jpg_face_1,cerrado,B5,95.3061,0.054804,4.2897,41.1642,100.0,16.2459,CRITICA,11.8511,0.49631,16.322,56.8084,0.072012,0.164125,31.4003,199.4776,1,1,1845.018,nan
closed_eye_0603.jpg_face_1,cerrado,B10,95.3061,0.054804,9.4617,55.0959,97.0667,17.2327,CRITICA,13.7052,0.65697,14.7249,42.1907,0.068711,0.104997,25.3762,91.5872,1,1,1826.151,nan
closed_eye_0603.jpg_face_1,cerrado,B15,95.3061,0.054804,14.4142,62.6015,83.19,19.4409,CRITICA,14.9771,0.717584,14.28,34.3154,0.05261,0.087867,4.0021,60.3305,1,1,1136.235,nan
closed_eye_0603.jpg_face_1,cerrado,B25,95.3061,0.054804,24.4626,72.1543,51.3992,23.5278,CRITICA,17.0236,0.797174,14.3829,24.292,0.05252,0.085352,4.1662,55.7407,1,1,1570.598,nan
closed_eye_0603.jpg_face_1,cerrado,B40,95.3061,0.054804,39.478,81.2744,38.3402,28.7767,BIEN,19.7562,0.854576,15.5578,14.7228,0.062132,0.079532,13.3717,45.1212,1,1,1325.03,nan
closed_eye_0607.jpg_face_1,cerrado,B5,109.1589,0.047953,4.4375,44.391,100.0,9.9311,CRITICA,10.5516,0.408313,16.0126,59.3336,0.064986,nan,35.5208,nan,1,1,5288.208,nan
closed_eye_0607.jpg_face_1,cerrado,B10,109.1589,0.047953,9.4422,56.6286,99.6361,12.7733,CRITICA,12.0452,0.526645,14.5427,48.1227,0.078612,0.104151,63.9366,117.1938,1,1,5434.782,nan
closed_eye_0607.jpg_face_1,cerrado,B15,109.1589,0.047953,14.5155,64.3038,78.7816,14.7522,CRITICA,13.1377,0.593739,14.0859,41.0915,0.067238,0.096997,40.2162,102.2756,1,1,6377.551,nan
closed_eye_0607.jpg_face_1,cerrado,B25,109.1589,0.047953,24.5285,73.7701,55.6804,18.4241,CRITICA,14.7676,0.690895,14.1857,32.4195,0.05732,0.060647,19.5335,26.4723,1,1,6321.113,nan
closed_eye_0607.jpg_face_1,cerrado,B40,109.1589,0.047953,39.5104,82.6742,47.3259,23.3077,BIEN,16.8295,0.783974,15.318,24.2625,0.057694,0.059706,20.3138,24.509,1,1,4878.049,nan
closed_eye_0619.jpg_face_1,cerrado,B5,77.5804,0.10316,4.4171,40.1038,100.0,17.6626,CRITICA,13.5776,0.497728,16.5489,48.3068,0.143691,0.190255,39.2898,84.4273,1,1,3633.721,nan
closed_eye_0619.jpg_face_1,cerrado,B10,77.5804,0.10316,9.4631,53.5002,89.4955,19.4752,CRITICA,15.5315,0.657182,15.0023,31.039,0.151116,0.213343,46.4868,106.8077,1,1,3364.738,nan
closed_eye_0619.jpg_face_1,cerrado,B15,77.5804,0.10316,14.4923,60.9283,79.3333,21.7789,CRITICA,16.8578,0.717089,14.6044,21.4643,0.142816,0.19564,38.4415,89.6478,1,1,3098.854,nan
closed_eye_0619.jpg_face_1,cerrado,B25,77.5804,0.10316,24.4957,70.3106,62.7387,26.1923,CRITICA,18.9674,0.792091,14.7954,9.3706,0.103496,0.126406,0.3255,22.5343,1,1,3108.486,nan
closed_eye_0619.jpg_face_1,cerrado,B40,77.5804,0.10316,39.4809,79.3638,50.3964,32.2929,CRITICA,21.6396,0.859991,16.0622,2.2988,0.138261,0.120641,34.0262,16.9459,1,1,3176.62,nan
closed_eye_0622.jpg_face_1,cerrado,B5,115.9572,0.111137,4.5518,40.6364,100.0,17.5767,CRITICA,9.2889,0.365907,16.4912,64.9557,0.18885,nan,69.9263,nan,1,1,5167.959,nan
closed_eye_0622.jpg_face_1,cerrado,B10,115.9572,0.111137,9.5742,53.4135,99.9496,21.0683,CRITICA,10.5607,0.501808,14.9331,53.9369,0.145986,0.158223,31.357,42.3678,1,1,4782.4,nan
closed_eye_0622.jpg_face_1,cerrado,B15,115.9572,0.111137,14.4815,60.579,81.4311,23.6833,CRITICA,11.4179,0.572903,14.5457,47.7574,0.134613,0.148464,21.1241,33.5866,1,1,5800.464,nan
closed_eye_0622.jpg_face_1,cerrado,B25,115.9572,0.111137,24.5349,69.9824,49.3575,27.8683,CRITICA,12.7299,0.662244,14.6933,39.6481,0.118695,0.119232,6.8009,7.284,1,1,4748.338,nan
closed_eye_0622.jpg_face_1,cerrado,B40,115.9572,0.111137,39.518,79.3988,37.8433,32.9772,CRITICA,14.3957,0.756423,15.8847,31.5274,0.126287,0.113169,13.6323,1.8285,1,1,7241.131,nan
closed_eye_0625.jpg_face_2,cerrado,B5,149.5639,0.049821,4.3873,42.989,100.0,12.9593,CRITICA,6.8064,0.207556,16.1741,71.2571,nan,nan,nan,nan,1,0,5040.323,nan
closed_eye_0625.jpg_face_2,cerrado,B10,149.5639,0.049821,9.4646,56.2607,100.0,13.6248,CRITICA,7.791,0.294693,14.6584,62.3835,nan,nan,nan,nan,1,0,6930.007,nan
closed_eye_0625.jpg_face_2,cerrado,B15,149.5639,0.049821,14.5273,63.8839,97.6771,14.9992,CRITICA,8.4437,0.354536,14.2006,57.2866,0.085454,0.14308,71.5199,187.1866,1,1,5920.663,nan
closed_eye_0625.jpg_face_2,cerrado,B25,149.5639,0.049821,24.482,73.234,53.4843,17.5104,CRITICA,9.3496,0.446191,14.3026,51.0349,0.058223,0.071469,16.8632,43.4509,1,1,3717.472,nan
closed_eye_0625.jpg_face_2,cerrado,B40,149.5639,0.049821,39.4866,82.5418,31.0105,21.461,BIEN,10.4254,0.554194,15.4102,44.8117,0.061696,0.066812,23.8345,34.1029,1,1,6123.699,nan
closed_eye_0627.jpg_face_1,cerrado,B5,128.3333,0.058276,4.4893,43.8794,100.0,9.413,CRITICA,8.7336,0.380696,15.9053,65.8083,0.134422,nan,130.6638,nan,1,1,4784.689,nan
closed_eye_0627.jpg_face_1,cerrado,B10,128.3333,0.058276,9.512,56.6102,100.0,11.5251,CRITICA,9.9765,0.489455,14.4518,55.8881,nan,0.159369,nan,173.4721,1,0,6097.561,nan
closed_eye_0627.jpg_face_1,cerrado,B15,128.3333,0.058276,14.4698,63.968,100.0,12.6886,CRITICA,10.8443,0.556365,14.0214,50.1548,nan,0.1068,nan,83.2643,1,0,6397.952,nan
closed_eye_0627.jpg_face_1,cerrado,B25,128.3333,0.058276,24.5467,73.8404,42.7722,15.2642,CRITICA,12.1414,0.646271,14.0938,42.462,0.077982,0.082167,33.8136,40.9954,1,1,4230.119,nan
closed_eye_0627.jpg_face_1,cerrado,B40,128.3333,0.058276,39.4877,82.7476,31.4247,18.2964,BIEN,13.6372,0.741073,15.201,35.5213,0.06356,0.086183,9.0668,47.8865,1,1,5482.456,nan
closed_eye_0639.jpg_face_2,cerrado,B5,209.4695,0.043456,4.3871,45.1708,100.0,4.4309,CRITICA,3.6509,0.292924,15.8924,78.4356,0.090887,nan,109.1483,nan,1,1,3305.785,nan
closed_eye_0639.jpg_face_2,cerrado,B10,209.4695,0.043456,9.3187,57.742,100.0,5.1814,CRITICA,4.33,0.376457,14.4041,72.4342,0.072141,0.175003,66.0109,302.7173,1,1,2453.386,nan
closed_eye_0639.jpg_face_2,cerrado,B15,209.4695,0.043456,14.3884,65.3198,100.0,5.5484,CRITICA,4.7676,0.423704,13.9578,68.8166,0.066309,0.155893,52.5904,258.7407,1,1,2867.795,nan
closed_eye_0639.jpg_face_2,cerrado,B25,209.4695,0.043456,24.5216,75.3592,74.0416,6.9087,CRITICA,5.389,0.493957,13.9688,64.0238,0.045452,0.055644,4.5936,28.0485,1,1,3129.891,nan
closed_eye_0639.jpg_face_2,cerrado,B40,209.4695,0.043456,39.5048,84.6755,18.4934,8.477,BIEN,6.0035,0.558063,15.0186,59.5762,0.043397,0.045351,0.1356,4.3613,1,1,2883.506,nan
closed_eye_0641.jpg_face_1,cerrado,B5,209.7663,0.021436,4.2875,44.7182,100.0,3.2992,CRITICA,3.7217,0.292375,16.0246,78.6819,nan,nan,nan,nan,1,0,3586.801,nan
closed_eye_0641.jpg_face_1,cerrado,B10,209.7663,0.021436,9.3029,57.6177,100.0,3.8122,CRITICA,4.4253,0.380294,14.473,72.5324,nan,nan,nan,nan,1,0,4539.265,nan
closed_eye_0641.jpg_face_1,cerrado,B15,209.7663,0.021436,14.5166,65.7328,100.0,4.1166,CRITICA,4.8977,0.434855,13.9705,68.6638,0.052714,0.168019,145.9119,683.806,1,1,4416.962,nan
closed_eye_0641.jpg_face_1,cerrado,B25,209.7663,0.021436,24.4338,75.6064,82.0649,5.0617,CRITICA,5.5016,0.499428,13.9999,63.9568,nan,0.110807,nan,416.9154,1,0,4798.465,nan
closed_eye_0641.jpg_face_1,cerrado,B40,209.7663,0.021436,39.5023,84.8857,12.7792,6.3014,BIEN,6.1332,0.564485,15.0271,59.5332,0.03969,0.067952,85.1557,216.994,1,1,2727.025,nan
closed_eye_0653.jpg_face_2,cerrado,B5,185.9241,0.079739,4.4728,44.9443,100.0,6.228,CRITICA,5.0747,0.353392,16.1199,75.8265,nan,nan,nan,nan,1,0,2490.04,nan
closed_eye_0653.jpg_face_2,cerrado,B10,185.9241,0.079739,9.4995,57.6671,100.0,7.0143,CRITICA,5.8848,0.462191,14.555,68.9835,nan,nan,nan,nan,1,0,2113.718,nan
closed_eye_0653.jpg_face_2,cerrado,B15,185.9241,0.079739,14.5155,65.418,100.0,7.8218,CRITICA,6.3928,0.521927,14.1104,64.8147,nan,nan,nan,nan,1,0,2232.143,nan
closed_eye_0653.jpg_face_2,cerrado,B25,185.9241,0.079739,24.5199,75.1715,58.7433,9.6423,CRITICA,7.123,0.592869,14.134,59.5687,nan,nan,nan,nan,1,0,2288.853,nan
closed_eye_0653.jpg_face_2,cerrado,B40,185.9241,0.079739,39.4973,84.3784,25.414,11.8798,BIEN,7.8725,0.658222,15.1839,54.6167,0.069575,0.066406,12.7458,16.7206,1,1,1905.851,nan
closed_eye_0657.jpg_face_1,cerrado,B5,165.9157,0.032275,4.3923,41.1672,100.0,17.5945,CRITICA,5.184,0.285079,16.1115,75.1879,0.082895,nan,156.8384,nan,1,1,5452.563,nan
closed_eye_0657.jpg_face_1,cerrado,B10,165.9157,0.032275,9.5103,54.8935,100.0,18.4886,CRITICA,6.0171,0.395298,14.5898,66.9148,0.058305,0.155137,80.6504,380.6686,1,1,3673.769,nan
closed_eye_0657.jpg_face_1,cerrado,B15,165.9157,0.032275,14.4787,62.5497,82.6341,20.1317,CRITICA,6.56,0.457006,14.1685,62.3003,0.045442,0.110866,40.7948,243.5016,1,1,4768.717,nan
closed_eye_0657.jpg_face_1,cerrado,B25,165.9157,0.032275,24.4753,72.2433,39.9975,23.6264,CRITICA,7.3302,0.537987,14.2859,56.4578,0.040473,0.078866,25.3983,144.3545,1,1,4962.779,nan
closed_eye_0657.jpg_face_1,cerrado,B40,165.9157,0.032275,39.484,81.3252,30.7025,28.4537,BIEN,8.2093,0.620838,15.4346,50.984,0.035592,0.050464,10.2768,56.3562,1,1,5847.953,nan
closed_eye_0658.jpg_face_2,cerrado,B5,144.1252,0.072656,4.3946,44.4953,100.0,8.9127,CRITICA,7.4643,0.345858,15.9501,69.1273,0.07744,nan,6.5848,nan,1,1,2845.76,nan
closed_eye_0658.jpg_face_2,cerrado,B10,144.1252,0.072656,9.4165,57.1129,100.0,10.5223,CRITICA,8.5303,0.452349,14.4698,60.3727,0.079862,0.144467,9.9183,98.8376,1,1,4653.327,nan
closed_eye_0658.jpg_face_2,cerrado,B15,144.1252,0.072656,14.4915,64.7082,93.0399,11.9562,CRITICA,9.2602,0.517281,14.0108,55.1028,0.05982,0.123275,17.666,69.6704,1,1,4158.004,nan
closed_eye_0658.jpg_face_2,cerrado,B25,144.1252,0.072656,24.524,74.5407,55.1576,14.6945,CRITICA,10.2973,0.603876,14.092,48.2806,0.083217,0.081491,14.5359,12.1601,1,1,3785.011,nan
closed_eye_0658.jpg_face_2,cerrado,B40,144.1252,0.072656,39.4782,83.6546,40.2888,18.2149,BIEN,11.4756,0.693546,15.1658,41.957,0.057366,0.069029,21.0437,4.9922,1,1,4606.172,nan
closed_eye_0665.jpg_face_1,cerrado,B5,165.9209,0.077106,4.3913,44.243,100.0,7.3191,CRITICA,6.0445,0.190994,16.1266,73.3349,0.176434,nan,128.8198,nan,1,1,5449.591,nan
closed_eye_0665.jpg_face_1,cerrado,B10,165.9209,0.077106,9.3578,57.3862,100.0,8.7726,CRITICA,6.9823,0.280866,14.5368,65.4135,0.112473,0.21693,45.8686,181.3408,1,1,6105.006,nan
closed_eye_0665.jpg_face_1,cerrado,B15,165.9209,0.077106,14.4703,65.0858,98.9477,9.663,CRITICA,7.5729,0.340056,14.075,60.773,0.104114,0.135671,35.027,75.9544,1,1,2829.655,nan
closed_eye_0665.jpg_face_1,cerrado,B25,165.9209,0.077106,24.4994,74.9448,58.5778,11.9147,CRITICA,8.4249,0.42286,14.1162,54.831,0.087552,0.107113,13.5473,38.9161,1,1,3570.153,nan
closed_eye_0665.jpg_face_1,cerrado,B40,165.9209,0.077106,39.5596,83.9672,38.2972,14.9064,BIEN,9.3231,0.525386,15.1947,49.3933,0.081829,0.089721,6.1258,16.3601,1,1,6321.113,nan
closed_eye_0668.jpg_face_1,cerrado,B5,124.8896,0.049592,4.4496,42.9404,100.0,13.5136,CRITICA,8.6782,0.420843,16.1327,65.6173,0.073049,0.210086,47.3008,323.6284,1,1,4089.98,nan
closed_eye_0668.jpg_face_1,cerrado,B10,124.8896,0.049592,9.5465,56.1008,100.0,14.256,CRITICA,9.8869,0.564296,14.644,55.0797,0.085827,0.155036,73.0652,212.6229,1,1,1849.112,nan
closed_eye_0668.jpg_face_1,cerrado,B15,124.8896,0.049592,14.4132,63.2435,93.0492,15.5266,CRITICA,10.7031,0.640156,14.2119,49.3605,0.072867,0.124842,46.9329,151.7373,1,1,3050.641,nan
closed_eye_0668.jpg_face_1,cerrado,B25,124.8896,0.049592,24.5523,73.0597,48.9717,18.712,CRITICA,11.942,0.722138,14.3106,41.5006,0.064909,0.087089,30.8854,75.6116,1,1,4194.631,nan
closed_eye_0668.jpg_face_1,cerrado,B40,124.8896,0.049592,39.4697,82.1258,34.289,22.9178,BIEN,13.435,0.798578,15.4482,34.2413,0.05736,0.069591,15.6642,40.3262,1,1,3727.171,nan
closed_eye_0670.jpg_face_1,cerrado,B5,93.8061,0.077601,4.4843,34.0899,100.0,26.7526,CRITICA,9.4132,0.41486,16.7103,63.6591,0.118785,0.1896,53.0712,144.3272,1,1,2892.682,nan
closed_eye_0670.jpg_face_1,cerrado,B10,93.8061,0.077601,9.5062,46.9543,73.8606,31.2197,CRITICA,10.7036,0.56574,15.3199,49.9453,0.0907,0.149012,16.8803,92.0228,1,1,2839.296,nan
closed_eye_0670.jpg_face_1,cerrado,B15,93.8061,0.077601,14.513,54.2743,67.1598,35.1239,CRITICA,11.6328,0.637069,14.9973,42.142,0.070655,0.137402,8.9508,77.0619,1,1,1788.269,nan
closed_eye_0670.jpg_face_1,cerrado,B25,93.8061,0.077601,24.5075,63.3758,62.3262,41.8375,CRITICA,13.1537,0.714449,15.3456,32.4396,0.074136,0.113593,4.4653,46.3807,1,1,2609.603,nan
closed_eye_0670.jpg_face_1,cerrado,B40,93.8061,0.077601,39.502,72.5645,57.9751,50.6999,CRITICA,15.3192,0.784735,16.8854,22.6441,0.070197,0.09642,9.5413,24.2507,1,1,2061.431,nan
closed_eye_0675.jpg_face_1,cerrado,B5,111.8943,0.148832,4.6309,36.2544,100.0,26.4925,CRITICA,8.2162,0.540182,16.3499,67.5995,0.162397,0.190238,9.1141,27.8206,1,1,2739.726,nan
closed_eye_0675.jpg_face_1,cerrado,B10,111.8943,0.148832,9.6323,46.7039,80.8218,33.2241,CRITICA,9.3202,0.641808,15.1007,58.2607,0.141802,0.156596,4.7236,5.2168,1,1,2305.741,nan
closed_eye_0675.jpg_face_1,cerrado,B15,111.8943,0.148832,14.6281,53.4773,60.0518,37.6804,CRITICA,10.125,0.696169,14.7668,52.2073,0.153549,0.152102,3.1694,2.1973,1,1,2550.37,nan
closed_eye_0675.jpg_face_1,cerrado,B25,111.8943,0.148832,24.6314,62.4926,51.0367,44.1763,CRITICA,11.405,0.763492,15.0405,44.1503,0.153989,0.141857,3.4652,4.6867,1,1,2552.323,nan
closed_eye_0675.jpg_face_1,cerrado,B40,111.8943,0.148832,39.6188,72.0617,44.2846,51.7851,CRITICA,13.1084,0.831386,16.4321,35.5984,0.134554,0.137984,9.5932,7.2888,1,1,2500.625,nan
closed_eye_0682.jpg_face_3,cerrado,B5,175.014,0.04641,4.4467,43.2004,100.0,12.9163,CRITICA,5.0044,0.302207,16.1469,75.316,0.137525,nan,196.3243,nan,1,1,3878.976,nan
closed_eye_0682.jpg_face_3,cerrado,B10,175.014,0.04641,9.5138,56.1406,100.0,13.9421,CRITICA,5.8114,0.405197,14.5845,67.9222,0.077104,0.153094,66.134,229.8697,1,1,3213.367,nan
closed_eye_0682.jpg_face_3,cerrado,B15,175.014,0.04641,14.4969,64.0468,99.9014,15.4317,CRITICA,6.3213,0.469052,14.1556,63.4047,0.073323,0.12675,57.9878,173.1056,1,1,2655.337,nan
closed_eye_0682.jpg_face_3,cerrado,B25,175.014,0.04641,24.4359,73.5212,48.2824,18.9502,CRITICA,7.0612,0.545399,14.2335,57.9913,0.055861,0.096047,20.3621,106.9507,1,1,2207.506,nan
closed_eye_0682.jpg_face_3,cerrado,B40,175.014,0.04641,39.4998,82.7114,40.7462,23.2739,BIEN,7.8728,0.62214,15.3374,52.7401,0.048339,0.059443,4.1556,28.0813,1,1,2598.077,nan
closed_eye_0685.jpg_face_2,cerrado,B5,120.9633,0.152504,4.5237,44.2927,100.0,12.2037,CRITICA,8.6345,0.553003,15.907,63.3833,0.269937,nan,77.0031,nan,1,1,2878.526,nan
closed_eye_0685.jpg_face_2,cerrado,B10,120.9633,0.152504,9.5806,56.3529,99.9548,15.0664,CRITICA,9.8446,0.670195,14.4769,53.4132,0.163685,0.227448,7.3311,49.1422,1,1,3141.69,nan
closed_eye_0685.jpg_face_2,cerrado,B15,120.9633,0.152504,14.6144,63.6723,69.9766,17.4,CRITICA,10.6627,0.729147,14.0717,47.3623,0.13661,0.206701,10.4221,35.538,1,1,3503.854,nan
closed_eye_0685.jpg_face_2,cerrado,B25,120.9633,0.152504,24.5427,72.7963,60.4466,21.4399,CRITICA,11.9026,0.792194,14.233,39.8195,0.120008,0.173655,21.3087,13.8688,1,1,2686.727,nan
closed_eye_0685.jpg_face_2,cerrado,B40,120.9633,0.152504,39.4416,81.9527,44.0064,26.946,BIEN,13.4353,0.851348,15.3981,32.2499,0.14329,0.146027,6.0421,4.2475,1,1,3300.33,nan
closed_eye_0686.jpg_face_1,cerrado,B5,174.164,0.073765,4.3821,44.2358,100.0,8.1581,CRITICA,5.4629,0.295598,16.1031,74.601,0.120164,nan,62.9019,nan,1,1,3149.606,nan
closed_eye_0686.jpg_face_1,cerrado,B10,174.164,0.073765,9.3033,57.1442,100.0,9.0943,CRITICA,6.3186,0.397836,14.543,67.1894,0.148519,0.172451,101.3417,133.786,1,1,4355.401,nan
closed_eye_0686.jpg_face_1,cerrado,B15,174.164,0.073765,14.3932,64.8491,99.3158,10.0317,CRITICA,6.8767,0.45554,14.0699,62.7655,0.121807,0.174938,65.1289,137.1578,1,1,4244.482,nan
closed_eye_0686.jpg_face_1,cerrado,B25,174.164,0.073765,24.4818,74.8359,63.4571,12.3929,CRITICA,7.6757,0.537058,14.0938,57.0314,0.123521,0.134491,67.4535,82.3249,1,1,4079.967,nan
closed_eye_0686.jpg_face_1,cerrado,B40,174.164,0.073765,39.4897,84.0342,31.5679,15.248,BIEN,8.5101,0.615794,15.1606,51.75,0.11812,0.130962,60.1305,77.5405,1,1,3988.831,nan
closed_eye_0690.jpg_face_1,cerrado,B5,142.17,0.150732,4.5437,44.2137,100.0,9.8075,CRITICA,7.3848,0.458467,15.9299,68.9008,0.232875,nan,54.4959,nan,1,1,2083.767,nan
closed_eye_0690.jpg_face_1,cerrado,B10,142.17,0.150732,9.4008,56.9422,100.0,11.3822,CRITICA,8.4105,0.58873,14.5296,59.9478,0.170639,0.195983,13.2068,30.0205,1,1,1834.189,nan
closed_eye_0690.jpg_face_1,cerrado,B15,142.17,0.150732,14.4005,64.2887,90.2055,12.7236,CRITICA,9.107,0.656415,14.0824,54.7804,0.164704,0.162675,9.2691,7.9228,1,1,1809.955,nan
closed_eye_0690.jpg_face_1,cerrado,B25,142.17,0.150732,24.5,74.0675,55.6771,15.543,CRITICA,10.1477,0.731058,14.1555,47.9022,0.155369,0.160971,3.076,6.7925,1,1,2160.294,nan
closed_eye_0690.jpg_face_1,cerrado,B40,142.17,0.150732,39.4794,83.2911,38.2073,19.3182,BIEN,11.3497,0.799369,15.2416,41.4144,0.155302,0.170515,3.0314,13.1242,1,1,1950.078,nan
closed_eye_0695.jpg_face_2,cerrado,B5,83.6808,0.103247,4.5575,36.0094,100.0,23.9498,CRITICA,11.4012,0.464765,16.8808,56.9681,0.111903,0.192292,8.3836,86.2451,1,1,3310.162,nan
closed_eye_0695.jpg_face_2,cerrado,B10,83.6808,0.103247,9.4789,48.6882,81.983,26.6121,CRITICA,12.7944,0.616118,15.5717,41.8167,0.074203,0.141879,28.1303,37.4171,1,1,3115.265,nan
closed_eye_0695.jpg_face_2,cerrado,B15,83.6808,0.103247,14.4769,56.7417,67.4647,28.9365,CRITICA,13.8414,0.683139,15.2252,32.1927,0.117001,0.118652,13.3212,14.9209,1,1,2828.054,nan
closed_eye_0695.jpg_face_2,cerrado,B25,83.6808,0.103247,24.483,65.8363,60.9871,34.7336,CRITICA,15.5793,0.744619,15.5373,21.3245,0.111201,0.109598,7.704,6.1509,1,1,3159.557,nan
closed_eye_0695.jpg_face_2,cerrado,B40,83.6808,0.103247,39.4608,74.7586,58.0347,42.9582,CRITICA,18.1297,0.804984,17.0025,10.6622,0.112566,0.111435,9.0262,7.9307,1,1,2639.219,nan
closed_eye_0698.jpg_face_1,cerrado,B5,127.8524,0.097811,4.3501,43.5779,100.0,10.04,CRITICA,8.81,0.295775,16.0751,65.9154,0.18501,nan,89.1506,nan,1,1,4557.885,nan
closed_eye_0698.jpg_face_1,cerrado,B10,127.8524,0.097811,9.3924,56.7776,99.537,11.7469,CRITICA,10.0707,0.403493,14.5536,55.5913,0.13139,0.185578,34.3307,89.7316,1,1,4962.779,nan
closed_eye_0698.jpg_face_1,cerrado,B15,127.8524,0.097811,14.4948,64.5284,92.3418,13.2718,CRITICA,10.9543,0.473089,14.0842,49.529,0.115012,0.142836,17.5856,46.0324,1,1,4681.648,nan
closed_eye_0698.jpg_face_1,cerrado,B25,127.8524,0.097811,24.5172,74.287,52.064,16.2262,CRITICA,12.2313,0.574776,14.1587,41.8963,0.138466,0.132145,41.5644,35.1025,1,1,4616.805,nan
closed_eye_0698.jpg_face_1,cerrado,B40,127.8524,0.097811,39.5309,83.2785,35.8025,20.0415,BIEN,13.7154,0.687573,15.2569,34.8635,0.131439,0.11872,34.3804,21.3773,1,1,5488.474,nan
closed_eye_0713.jpg_face_1,cerrado,B5,169.6823,0.051631,4.3686,44.0746,100.0,9.3501,CRITICA,5.5376,0.287167,16.0049,74.0253,0.096074,nan,86.0795,nan,1,1,4366.812,nan
closed_eye_0713.jpg_face_1,cerrado,B10,169.6823,0.051631,9.3984,57.0212,100.0,10.7698,CRITICA,6.3815,0.380315,14.5227,66.3953,0.092865,0.210516,79.8648,307.7353,1,1,4679.457,nan
closed_eye_0713.jpg_face_1,cerrado,B15,169.6823,0.051631,14.4807,64.8168,83.0487,12.1051,CRITICA,6.9711,0.443242,14.02,61.8011,0.102342,0.151585,98.2197,193.5954,1,1,5341.88,nan
closed_eye_0713.jpg_face_1,cerrado,B25,169.6823,0.051631,24.4613,74.4347,61.8596,14.6037,CRITICA,7.7411,0.520297,14.1088,56.1329,0.077606,0.108867,50.3091,110.8568,1,1,5564.83,nan
closed_eye_0713.jpg_face_1,cerrado,B40,169.6823,0.051631,39.5062,83.7366,43.0446,18.1751,BIEN,8.6154,0.604371,15.1885,50.651,0.063587,0.073728,23.1576,42.799,1,1,4597.701,nan
closed_eye_0717.jpg_face_4,cerrado,B5,116.3901,0.091851,4.4727,44.4359,100.0,8.8412,CRITICA,9.9771,0.475642,15.9611,61.8216,0.089306,nan,2.7709,nan,1,1,3675.12,nan
closed_eye_0717.jpg_face_4,cerrado,B10,116.3901,0.091851,9.397,56.999,99.9806,10.0475,CRITICA,11.4089,0.595065,14.4819,51.0277,0.093422,0.142917,1.7107,55.5969,1,1,4269.855,nan
closed_eye_0717.jpg_face_4,cerrado,B15,116.3901,0.091851,14.5342,64.7111,95.3484,11.6494,CRITICA,12.4111,0.661219,14.0598,44.4016,0.100428,0.122277,9.3385,33.1252,1,1,5740.528,nan
closed_eye_0717.jpg_face_4,cerrado,B25,116.3901,0.091851,24.4816,74.2386,54.5871,14.1237,CRITICA,13.923,0.742296,14.1204,36.2157,0.087623,0.099329,4.6032,8.1417,1,1,5405.406,nan
closed_eye_0717.jpg_face_4,cerrado,B40,116.3901,0.091851,39.5023,83.4887,36.0774,17.6645,BIEN,15.7843,0.819768,15.2187,28.2682,0.087305,0.087466,4.9494,4.7737,1,1,4904.365,nan
closed_eye_0721.jpg_face_4,cerrado,B5,166.9159,0.068403,4.3645,43.8008,100.0,9.9072,CRITICA,5.8967,0.298299,16.1946,73.7588,0.118704,0.223137,73.5358,226.2095,1,1,2429.543,nan
closed_eye_0721.jpg_face_4,cerrado,B10,166.9159,0.068403,9.4043,56.9418,100.0,10.9633,CRITICA,6.8279,0.406145,14.5691,65.8859,0.091426,0.17821,33.6573,160.5301,1,1,3086.42,nan
closed_eye_0721.jpg_face_4,cerrado,B15,166.9159,0.068403,14.5843,64.6356,99.7962,12.0381,CRITICA,7.409,0.471298,14.1315,61.2765,0.075353,0.143917,10.1604,110.3952,1,1,2791.737,nan
closed_eye_0721.jpg_face_4,cerrado,B25,166.9159,0.068403,24.5114,74.4329,47.2882,14.4154,CRITICA,8.2436,0.552495,14.1594,55.4069,0.090779,0.091029,32.7122,33.0775,1,1,2795.639,nan
closed_eye_0721.jpg_face_4,cerrado,B40,166.9159,0.068403,39.4851,83.4792,28.7947,17.5218,BIEN,9.1247,0.635905,15.2419,49.9873,0.064346,0.070103,5.9307,2.4857,1,1,2438.43,nan
closed_eye_0727.jpg_face_1,cerrado,B5,134.5152,0.074029,4.3487,43.7253,100.0,10.3179,CRITICA,8.1134,0.321622,16.1869,67.4942,0.161934,0.20592,118.7438,178.1609,1,1,2800.336,nan
closed_eye_0727.jpg_face_1,cerrado,B10,134.5152,0.074029,9.4976,56.6299,99.9229,11.9632,CRITICA,9.2865,0.445706,14.6171,57.9007,0.134234,0.172691,81.3264,133.2744,1,1,4528.986,nan
closed_eye_0727.jpg_face_1,cerrado,B15,134.5152,0.074029,14.4566,64.3144,86.0319,13.4996,CRITICA,10.053,0.51408,14.1554,52.188,0.142342,0.153761,92.279,107.7039,1,1,3888.025,nan
closed_eye_0727.jpg_face_1,cerrado,B25,134.5152,0.074029,24.4848,73.9762,62.6963,16.4114,CRITICA,11.1865,0.607858,14.2414,45.0053,0.130781,0.143943,76.6611,94.4414,1,1,4239.085,nan
closed_eye_0727.jpg_face_1,cerrado,B40,134.5152,0.074029,39.4912,83.0618,39.6243,20.3538,BIEN,12.501,0.705619,15.3514,38.251,0.109517,0.110379,47.9382,49.1028,1,1,5005.005,nan
closed_eye_0735.jpg_face_4,cerrado,B5,101.8221,0.092897,4.6494,44.4218,100.0,10.0826,CRITICA,11.7069,0.602299,15.8423,56.3731,0.11731,nan,26.2794,nan,1,1,2469.136,nan
closed_eye_0735.jpg_face_4,cerrado,B10,101.8221,0.092897,9.3904,56.8066,99.9463,11.3375,CRITICA,13.4499,0.725541,14.4549,44.21,0.103159,0.14412,11.0473,55.14,1,1,1875.469,nan
closed_eye_0735.jpg_face_4,cerrado,B15,101.8221,0.092897,14.5128,64.2623,98.2032,12.2639,CRITICA,14.7702,0.788044,14.0147,36.8877,0.097545,0.114197,5.0041,22.9294,1,1,2805.836,nan
closed_eye_0735.jpg_face_4,cerrado,B25,101.8221,0.092897,24.4769,73.9265,57.777,14.7738,CRITICA,16.8037,0.854293,14.0876,27.3964,0.100403,0.095045,8.0806,2.3122,1,1,3019.324,nan
closed_eye_0735.jpg_face_4,cerrado,B40,101.8221,0.092897,39.4658,83.3199,28.8741,18.1008,BIEN,19.5484,0.907512,15.1753,18.1711,0.095831,0.103027,3.1591,10.9048,1,1,3013.864,nan
closed_eye_0745.jpg_face_2,cerrado,B5,138.3415,0.063277,4.3205,43.3818,100.0,10.5551,CRITICA,7.8858,0.3509,16.2978,68.6416,nan,nan,nan,nan,1,0,5091.649,nan
closed_eye_0745.jpg_face_2,cerrado,B10,138.3415,0.063277,9.369,56.5989,100.0,12.1212,CRITICA,9.0796,0.474169,14.6275,59.0875,0.071841,0.131069,13.5334,107.1352,1,1,5040.323,nan
closed_eye_0745.jpg_face_2,cerrado,B15,138.3415,0.063277,14.5561,64.202,94.7876,13.6037,CRITICA,9.8499,0.543734,14.1784,53.5917,0.066907,0.087777,5.7368,38.7192,1,1,5141.388,nan
closed_eye_0745.jpg_face_2,cerrado,B25,138.3415,0.063277,24.4933,74.0615,49.2922,16.2773,CRITICA,10.9553,0.631456,14.2231,46.4648,0.065949,0.082821,4.2231,30.8868,1,1,4597.701,nan
closed_eye_0745.jpg_face_2,cerrado,B40,138.3415,0.063277,39.4927,83.1209,34.5158,20.0782,BIEN,12.2202,0.720729,15.321,39.9162,0.054273,0.060204,14.229,4.8571,1,1,4280.822,nan
closed_eye_0754.jpg_face_1,cerrado,B5,153.0647,0.024022,4.3077,43.2807,100.0,11.4628,CRITICA,6.7836,0.241812,16.2735,71.7239,nan,nan,nan,nan,1,0,4564.126,nan
closed_eye_0754.jpg_face_1,cerrado,B10,153.0647,0.024022,9.5329,56.5839,100.0,12.4658,CRITICA,7.8133,0.333997,14.651,63.0327,0.079652,0.139322,231.5834,479.9795,1,1,4899.559,nan
closed_eye_0754.jpg_face_1,cerrado,B15,153.0647,0.024022,14.5422,64.3347,96.8935,13.7352,CRITICA,8.4716,0.396888,14.1821,57.969,0.089727,0.102374,273.5237,326.1711,1,1,6086.427,nan
closed_eye_0754.jpg_face_1,cerrado,B25,153.0647,0.024022,24.466,74.0814,52.5148,16.2123,CRITICA,9.4063,0.48625,14.2292,51.6013,0.05944,0.069348,147.4426,188.6855,1,1,7032.349,nan
closed_eye_0754.jpg_face_1,cerrado,B40,153.0647,0.024022,39.4867,83.0573,30.1775,19.7534,BIEN,10.4363,0.590379,15.3322,45.7371,0.031532,0.039435,31.2652,64.1628,1,1,6816.633,nan
closed_eye_0767.jpg_face_2,cerrado,B5,137.3077,0.075354,4.2917,42.9861,100.0,11.836,CRITICA,7.7657,0.2507,16.3119,68.6936,0.16875,nan,123.9414,nan,1,1,6317.119,nan
closed_eye_0767.jpg_face_2,cerrado,B10,137.3077,0.075354,9.4575,56.2847,100.0,13.0783,CRITICA,8.9456,0.352437,14.663,59.0083,0.126041,0.159508,67.2646,111.6773,1,1,5773.672,nan
closed_eye_0767.jpg_face_2,cerrado,B15,137.3077,0.075354,14.5321,64.1007,97.0052,14.716,CRITICA,9.709,0.415466,14.2,53.316,0.116386,0.153837,54.4509,104.1514,1,1,6887.052,nan
closed_eye_0767.jpg_face_2,cerrado,B25,137.3077,0.075354,24.5312,73.5764,47.9601,17.5272,CRITICA,10.7695,0.514714,14.278,46.415,0.090091,0.107347,19.556,42.4562,1,1,5810.575,nan
closed_eye_0767.jpg_face_2,cerrado,B40,137.3077,0.075354,39.5,82.7101,31.684,21.6153,BIEN,12.0438,0.6278,15.3893,39.763,0.095586,0.072161,26.8487,4.2379,1,1,7067.138,nan
closed_eye_0770.jpg_face_1,cerrado,B5,142.9968,0.042949,4.5598,44.2271,100.0,10.1899,CRITICA,7.319,0.427826,15.9631,69.0713,0.093039,nan,116.6251,nan,1,1,1440.507,nan
closed_eye_0770.jpg_face_1,cerrado,B10,142.9968,0.042949,9.4088,56.8068,100.0,10.9032,CRITICA,8.3281,0.556139,14.5457,60.274,0.059354,0.146862,38.195,241.9452,1,1,1599.488,nan
closed_eye_0770.jpg_face_1,cerrado,B15,142.9968,0.042949,14.4948,64.3693,98.1614,12.2122,CRITICA,9.0402,0.624909,14.0807,54.9855,0.044357,0.098318,3.2784,128.9183,1,1,1018.953,nan
closed_eye_0770.jpg_face_1,cerrado,B25,142.9968,0.042949,24.4964,74.0125,52.8609,14.7882,CRITICA,10.0507,0.70291,14.1679,48.2418,0.045153,0.069642,5.1313,62.1509,1,1,1362.027,nan
closed_eye_0770.jpg_face_1,cerrado,B40,142.9968,0.042949,39.4723,83.3173,34.003,18.4149,BIEN,11.2465,0.77602,15.2563,41.7348,0.038533,0.053603,10.2819,24.8047,1,1,1592.61,nan
closed_eye_0773.jpg_face_2,cerrado,B5,151.389,0.037229,4.2366,44.1596,100.0,6.0934,CRITICA,7.0778,0.399112,16.2135,70.8304,0.040439,nan,8.6214,nan,1,1,3558.719,nan
closed_eye_0773.jpg_face_2,cerrado,B10,151.389,0.037229,9.4738,57.4896,100.0,6.9704,CRITICA,8.1977,0.520513,14.5353,62.0253,0.038102,nan,2.343,nan,1,1,2366.304,nan
closed_eye_0773.jpg_face_2,cerrado,B15,151.389,0.037229,14.3911,65.1838,99.1712,7.7448,CRITICA,8.8823,0.586175,14.0518,56.9429,0.042543,nan,14.273,nan,1,1,2328.289,nan
closed_eye_0773.jpg_face_2,cerrado,B25,151.389,0.037229,24.471,74.8969,73.4193,9.5495,CRITICA,9.8809,0.665957,14.0876,50.5269,0.041048,0.039605,10.2568,6.3796,1,1,1850.139,nan
closed_eye_0773.jpg_face_2,cerrado,B40,151.389,0.037229,39.5139,84.1469,20.6756,11.6172,BIEN,10.9686,0.739819,15.1639,44.4168,0.03545,0.036982,4.7803,0.6648,1,1,3055.301,nan
closed_eye_0778.jpg_face_1,cerrado,B5,142.004,0.032034,4.3031,43.2965,100.0,10.5195,CRITICA,7.5007,0.236504,16.3454,69.5103,nan,nan,nan,nan,1,0,5285.412,nan
closed_eye_0778.jpg_face_1,cerrado,B10,142.004,0.032034,9.4846,56.3927,100.0,12.9955,CRITICA,8.6549,0.357082,14.671,60.2879,0.057421,0.123589,79.249,285.803,1,1,6693.44,nan
closed_eye_0778.jpg_face_1,cerrado,B15,142.004,0.032034,14.4588,64.0248,98.4793,14.4891,CRITICA,9.3695,0.421277,14.215,54.9134,0.027384,0.068514,14.5162,113.8794,1,1,4866.18,nan
closed_eye_0778.jpg_face_1,cerrado,B25,142.004,0.032034,24.5177,73.796,48.6942,17.3791,CRITICA,10.4286,0.52195,14.2698,48.0324,0.036436,0.052251,13.7415,63.1096,1,1,6402.049,nan
closed_eye_0778.jpg_face_1,cerrado,B40,142.004,0.032034,39.482,82.8274,31.5702,21.0579,BIEN,11.6197,0.629401,15.3761,41.6724,0.029268,0.023783,8.634,25.7588,1,1,6891.799,nan
closed_eye_0804.jpg_face_1,cerrado,B5,179.3319,0.064031,4.4521,44.6725,100.0,7.3325,CRITICA,5.1228,0.2966,15.9504,75.0895,0.075862,nan,18.4772,nan,1,1,4559.963,nan
closed_eye_0804.jpg_face_1,cerrado,B10,179.3319,0.064031,9.4608,57.7189,100.0,8.2724,CRITICA,5.9388,0.395459,14.4561,67.8145,0.053714,0.217815,16.1132,240.1711,1,1,4470.272,nan
closed_eye_0804.jpg_face_1,cerrado,B15,179.3319,0.064031,14.5164,65.1821,99.7893,9.511,CRITICA,6.4597,0.448217,14.0317,63.6528,0.058164,0.12838,9.1633,100.4969,1,1,2860.412,nan
closed_eye_0804.jpg_face_1,cerrado,B25,179.3319,0.064031,24.4656,74.9571,58.4995,11.5279,CRITICA,7.1964,0.526891,14.0769,58.202,0.046571,0.076274,27.2681,19.1195,1,1,4784.689,nan
closed_eye_0804.jpg_face_1,cerrado,B40,179.3319,0.064031,39.4635,84.0669,37.0863,14.4745,BIEN,7.9874,0.602838,15.1327,53.1222,0.05575,0.045989,12.9337,28.1766,1,1,5336.179,nan
closed_eye_0811.jpg_face_2,cerrado,B5,153.359,0.05285,4.3685,44.622,100.0,7.1524,CRITICA,7.0635,0.352689,16.0577,70.9036,nan,nan,nan,nan,1,0,3484.321,nan
closed_eye_0811.jpg_face_2,cerrado,B10,153.359,0.05285,9.4379,57.4288,100.0,8.0785,CRITICA,8.1083,0.462776,14.5078,62.5527,0.059419,0.126269,12.4302,138.92,1,1,2094.241,nan
closed_eye_0811.jpg_face_2,cerrado,B15,153.359,0.05285,14.4294,65.1305,96.576,8.9114,CRITICA,8.7831,0.523412,14.0456,57.5307,0.056895,0.094508,7.6548,78.8248,1,1,3683.241,nan
closed_eye_0811.jpg_face_2,cerrado,B25,153.359,0.05285,24.4558,74.963,64.4568,10.7392,CRITICA,9.7535,0.606478,14.0854,51.1193,0.050768,0.068569,3.9384,29.744,1,1,3787.879,nan
closed_eye_0811.jpg_face_2,cerrado,B40,153.359,0.05285,39.4389,84.2267,30.139,13.3106,BIEN,10.8265,0.689527,15.1256,45.0787,0.065003,0.069592,22.9954,31.6791,1,1,3729.951,nan
closed_eye_0820.BMP_face_1,cerrado,B5,123.0721,0.092876,4.4684,44.1488,100.0,9.0977,CRITICA,9.4561,0.491924,16.0335,64.1277,0.097131,nan,4.5819,nan,1,1,3491.62,nan
closed_eye_0820.BMP_face_1,cerrado,B10,123.0721,0.092876,9.4309,57.0644,100.0,9.9878,CRITICA,10.8147,0.626196,14.5464,53.6334,0.109243,0.142952,17.6233,53.918,1,1,3661.663,nan
closed_eye_0820.BMP_face_1,cerrado,B15,123.0721,0.092876,14.444,64.5806,96.9416,11.4211,CRITICA,11.7642,0.6953,14.0857,47.5262,0.106904,0.13646,15.105,46.9275,1,1,3335.557,nan
closed_eye_0820.BMP_face_1,cerrado,B25,123.0721,0.092876,24.4796,74.1853,59.0483,13.7309,CRITICA,13.1634,0.770562,14.1481,39.7221,0.102074,0.110337,9.9043,18.8008,1,1,3411.805,nan
closed_eye_0820.BMP_face_1,cerrado,B40,123.0721,0.092876,39.5142,83.4557,34.602,16.9827,BIEN,14.8318,0.838528,15.2425,32.1896,0.106475,0.106415,14.6428,14.5783,1,1,3473.428,nan
closed_eye_0825.jpg_face_1,cerrado,B5,104.3867,0.087334,4.2652,44.0828,100.0,6.9713,CRITICA,11.8932,0.574807,16.3424,57.7697,0.119241,nan,36.5355,nan,1,1,2738.226,nan
closed_eye_0825.jpg_face_1,cerrado,B10,104.3867,0.087334,9.5271,57.5153,99.9275,8.6526,CRITICA,13.8157,0.721015,14.6761,44.9017,0.095291,nan,9.1109,nan,1,1,3089.28,nan
closed_eye_0825.jpg_face_1,cerrado,B15,104.3867,0.087334,14.4735,64.9893,96.3459,9.5473,CRITICA,15.023,0.776808,14.2176,37.7418,0.088682,0.120101,1.5444,37.5192,1,1,2879.355,nan
closed_eye_0825.jpg_face_1,cerrado,B25,104.3867,0.087334,24.4732,74.3663,64.7003,11.5998,CRITICA,16.9245,0.839125,14.306,28.7588,0.087677,0.108454,0.393,24.1836,1,1,3189.793,nan
closed_eye_0825.jpg_face_1,cerrado,B40,104.3867,0.087334,39.4786,83.6797,34.9322,14.639,BIEN,19.4168,0.891358,15.375,19.8369,0.094585,0.091683,8.3027,4.9798,1,1,1941.747,nan
closed_eye_0827.jpg_face_1,cerrado,B5,115.2769,0.04965,4.4264,43.3201,100.0,11.3696,CRITICA,10.2387,0.439704,16.0846,62.4208,nan,nan,nan,nan,1,0,3665.689,nan
closed_eye_0827.jpg_face_1,cerrado,B10,115.2769,0.04965,9.4788,56.4788,100.0,12.7244,CRITICA,11.84,0.580372,14.5083,51.006,0.079367,0.166776,59.8517,235.9015,1,1,4185.852,nan
closed_eye_0827.jpg_face_1,cerrado,B15,115.2769,0.04965,14.4937,64.0045,98.8006,14.14,CRITICA,12.8505,0.657774,14.1014,44.4777,0.062971,0.085659,26.8285,72.5256,1,1,5437.738,nan
closed_eye_0827.jpg_face_1,cerrado,B25,115.2769,0.04965,24.5045,73.804,51.4795,16.4057,CRITICA,14.4648,0.738189,14.1629,35.9768,0.057405,0.058899,15.6184,18.6283,1,1,5341.88,nan
closed_eye_0827.jpg_face_1,cerrado,B40,115.2769,0.04965,39.4993,82.8826,29.2157,19.794,BIEN,16.3945,0.818644,15.2615,28.1013,0.063535,0.055582,27.9643,11.9481,1,1,5464.481,nan
closed_eye_0836.jpg_face_1,cerrado,B5,158.0414,0.030709,4.3854,43.6734,100.0,9.8037,CRITICA,6.4366,0.209598,16.0971,72.3658,0.167011,nan,443.8576,nan,1,1,6215.041,nan
closed_eye_0836.jpg_face_1,cerrado,B10,158.0414,0.030709,9.3166,56.8321,100.0,11.059,CRITICA,7.3833,0.299279,14.5805,64.0397,0.079385,0.206162,158.5106,571.3467,1,1,5931.198,nan
closed_eye_0836.jpg_face_1,cerrado,B15,158.0414,0.030709,14.5203,64.6683,99.7781,12.1722,CRITICA,8.0564,0.348157,14.0803,59.0814,nan,0.113752,nan,270.4231,1,0,6489.292,nan
closed_eye_0836.jpg_face_1,cerrado,B25,158.0414,0.030709,24.4593,74.5706,50.5177,14.7912,CRITICA,8.951,0.439009,14.1294,52.8158,nan,0.068063,nan,121.6423,1,0,6161.43,nan
closed_eye_0836.jpg_face_1,cerrado,B40,158.0414,0.030709,39.4985,83.5422,30.4734,18.0065,BIEN,9.9421,0.541512,15.2151,47.1391,0.032726,0.04139,6.5704,34.7817,1,1,6472.491,nan
closed_eye_0843.jpg_face_1,cerrado,B5,90.0246,0.055886,4.4589,42.6154,100.0,11.773,CRITICA,13.1479,0.441898,16.62,52.6625,0.108396,0.179664,93.9604,221.4856,1,1,6215.041,nan
closed_eye_0843.jpg_face_1,cerrado,B10,90.0246,0.055886,9.4944,55.7238,95.6522,14.1933,CRITICA,15.12,0.611156,14.9998,38.1016,0.125592,0.143388,124.7299,156.5741,1,1,5561.735,nan
closed_eye_0843.jpg_face_1,cerrado,B15,90.0246,0.055886,14.4335,63.0502,80.9074,16.233,CRITICA,16.472,0.678452,14.5819,29.9633,0.095538,0.115944,70.9526,107.4658,1,1,4520.796,nan
closed_eye_0843.jpg_face_1,cerrado,B25,90.0246,0.055886,24.4709,72.6318,62.8019,19.9364,CRITICA,18.6064,0.770393,14.6787,19.32,0.069555,0.084923,24.4591,51.9591,1,1,3657.645,nan
closed_eye_0843.jpg_face_1,cerrado,B40,90.0246,0.055886,39.4388,81.7641,49.7795,24.8801,BIEN,21.4154,0.852594,15.8247,9.1758,0.062003,0.067537,10.9462,20.8481,1,1,5717.553,nan
closed_eye_0851.jpg_face_2,cerrado,B5,109.0344,0.055124,4.3283,41.606,100.0,15.9952,CRITICA,10.3397,0.433216,16.305,61.8414,0.098731,nan,79.1082,nan,1,1,4520.795,nan
closed_eye_0851.jpg_face_2,cerrado,B10,109.0344,0.055124,9.4009,54.9796,99.9913,17.0119,CRITICA,11.9311,0.573758,14.6905,49.576,0.070653,0.124551,28.1711,125.947,1,1,4363.002,nan
closed_eye_0851.jpg_face_2,cerrado,B15,109.0344,0.055124,14.4756,62.8685,95.4232,18.549,CRITICA,13.0489,0.653064,14.2188,42.3406,0.075934,0.084329,37.7506,52.9816,1,1,4906.772,nan
closed_eye_0851.jpg_face_2,cerrado,B25,109.0344,0.055124,24.4888,72.3337,46.301,21.6846,CRITICA,14.6227,0.736107,14.3365,33.6597,0.070569,0.071422,28.018,29.5666,1,1,5688.282,nan
closed_eye_0851.jpg_face_2,cerrado,B40,109.0344,0.055124,39.4692,81.6192,30.6752,25.9575,BIEN,16.7255,0.823171,15.4743,25.1437,0.071558,0.073905,29.8121,34.0709,1,1,4472.272,nan
closed_eye_0855.jpg_face_1,cerrado,B5,120.95,0.055206,4.3921,36.5869,100.0,24.6862,CRITICA,7.7259,0.324137,16.4989,69.7504,0.10233,0.195787,85.36,254.6482,1,1,4462.294,nan
closed_eye_0855.jpg_face_1,cerrado,B10,120.95,0.055206,9.4235,49.6923,98.8296,28.0964,CRITICA,8.8276,0.496409,15.0129,58.915,0.065986,0.093691,19.5274,69.7115,1,1,3800.836,nan
closed_eye_0855.jpg_face_1,cerrado,B15,120.95,0.055206,14.4937,57.8939,58.2176,30.1945,CRITICA,9.6011,0.577162,14.5736,52.134,0.078936,0.069707,42.9848,26.2675,1,1,3772.161,nan
closed_eye_0855.jpg_face_1,cerrado,B25,120.95,0.055206,24.5035,67.4859,45.249,34.7207,CRITICA,10.7231,0.663624,14.7904,44.2035,0.065955,0.049641,19.4714,10.0798,1,1,3819.709,nan
closed_eye_0855.jpg_face_1,cerrado,B40,120.95,0.055206,39.4684,76.7096,42.5511,41.8502,CRITICA,12.2194,0.760572,16.1002,36.5774,0.052464,0.055523,4.966,0.5741,1,1,3923.107,nan
closed_eye_0860.jpg_face_1,cerrado,B5,127.8948,0.06724,4.2425,43.9986,100.0,7.5706,CRITICA,9.0155,0.343326,16.2474,65.5978,0.093774,nan,39.4625,nan,1,1,6784.261,nan
closed_eye_0860.jpg_face_1,cerrado,B10,127.8948,0.06724,9.4883,57.3219,100.0,9.0262,CRITICA,10.4095,0.458973,14.5861,55.1804,nan,0.127466,nan,89.5706,1,0,6743.089,nan
closed_eye_0860.jpg_face_1,cerrado,B15,127.8948,0.06724,14.4662,65.026,99.0543,10.1419,CRITICA,11.3198,0.531449,14.0843,49.1567,0.062811,0.080597,6.5867,19.8647,1,1,5146.681,nan
closed_eye_0860.jpg_face_1,cerrado,B25,127.8948,0.06724,24.4724,74.5215,62.0926,12.0807,CRITICA,12.5879,0.624428,14.1643,41.7322,0.070035,0.072787,4.158,8.2496,1,1,6821.282,nan
closed_eye_0860.jpg_face_1,cerrado,B40,127.8948,0.06724,39.4954,83.7736,33.8833,14.9112,BIEN,14.1271,0.721521,15.2433,34.498,0.051356,0.066227,23.6223,1.5053,1,1,3244.646,nan
closed_eye_0862.jpg_face_1,cerrado,B5,138.7966,0.068396,4.5165,45.1599,100.0,8.5684,CRITICA,8.0229,0.392029,15.8265,67.4632,0.098533,nan,44.0623,nan,1,1,3828.484,nan
closed_eye_0862.jpg_face_1,cerrado,B10,138.7966,0.068396,9.4976,57.4856,100.0,10.3531,CRITICA,9.1313,0.497396,14.4154,58.5829,0.074453,0.117884,8.8549,72.3547,1,1,4508.566,nan
closed_eye_0862.jpg_face_1,cerrado,B15,138.7966,0.068396,14.4838,64.8795,94.91,11.9501,CRITICA,9.8842,0.559383,14.0006,53.2557,0.068195,0.113146,0.2934,65.427,1,1,3735.525,nan
closed_eye_0862.jpg_face_1,cerrado,B25,138.7966,0.068396,24.4884,74.5059,52.0438,14.7662,CRITICA,11.0056,0.643837,14.0767,46.3201,0.071688,0.088292,4.8134,29.0895,1,1,2835.271,nan
closed_eye_0862.jpg_face_1,cerrado,B40,138.7966,0.068396,39.4945,83.6847,33.8425,18.2935,BIEN,12.2782,0.728034,15.1677,39.7069,0.069203,0.093147,1.1801,36.1879,1,1,2796.421,nan
closed_eye_0865.jpg_face_1,cerrado,B5,138.9431,0.051582,4.4288,43.8294,100.0,10.7637,CRITICA,7.5284,0.293163,16.151,68.4551,0.164973,nan,219.8273,nan,1,1,5189.413,nan
closed_eye_0865.jpg_face_1,cerrado,B10,138.9431,0.051582,9.3342,56.3043,100.0,13.3771,CRITICA,8.5925,0.40705,14.6409,59.4768,0.075144,0.188457,45.6793,265.3536,1,1,6337.136,nan
closed_eye_0865.jpg_face_1,cerrado,B15,138.9431,0.051582,14.3468,63.7726,77.6042,15.296,CRITICA,9.2984,0.474183,14.197,54.1017,0.052674,0.116294,2.1162,125.4538,1,1,5500.55,nan
closed_eye_0865.jpg_face_1,cerrado,B25,138.9431,0.051582,24.4996,73.6146,56.3368,18.6338,CRITICA,10.3675,0.565895,14.2708,47.0182,0.044999,0.067247,12.762,30.3694,1,1,6464.124,nan
closed_eye_0865.jpg_face_1,cerrado,B40,138.9431,0.051582,39.5273,82.7995,47.9167,23.2949,BIEN,11.5965,0.66412,15.3809,40.4077,0.040511,0.049403,21.4621,4.2245,1,1,5467.469,nan
closed_eye_0870.jpg_face_1,cerrado,B5,164.4725,0.076239,4.3799,42.4285,100.0,14.4139,CRITICA,5.6535,0.366547,16.1738,74.2033,0.091154,0.202032,19.5642,164.9995,1,1,3075.977,nan
closed_eye_0870.jpg_face_1,cerrado,B10,164.4725,0.076239,9.4668,55.7838,100.0,15.7643,CRITICA,6.5421,0.497844,14.6092,66.0832,0.076311,0.161387,0.0946,111.6861,1,1,1878.64,nan
closed_eye_0870.jpg_face_1,cerrado,B15,164.4725,0.076239,14.5456,63.3351,91.2111,17.0729,CRITICA,7.0983,0.565266,14.1907,61.492,0.067384,0.12765,11.615,67.4342,1,1,2763.194,nan
closed_eye_0870.jpg_face_1,cerrado,B25,164.4725,0.076239,24.4846,73.1373,40.635,20.0855,CRITICA,7.9206,0.642139,14.2453,55.5322,0.061214,0.082709,19.7071,8.4871,1,1,2828.054,nan
closed_eye_0870.jpg_face_1,cerrado,B40,164.4725,0.076239,39.4895,82.1435,27.7309,24.3786,BIEN,8.808,0.713238,15.3776,50.0564,0.060152,0.058232,21.1,23.6186,1,1,2961.208,nan
closed_eye_0873.jpg_face_1,cerrado,B5,157.3608,0.02819,4.2797,44.3748,100.0,6.3278,CRITICA,6.5912,0.373794,16.2269,71.8006,0.178731,nan,534.03,nan,1,1,3769.318,nan
closed_eye_0873.jpg_face_1,cerrado,B10,157.3608,0.02819,9.4712,57.5345,100.0,7.2408,CRITICA,7.6034,0.494063,14.5994,63.4378,nan,nan,nan,nan,1,0,3844.675,nan
closed_eye_0873.jpg_face_1,cerrado,B15,157.3608,0.02819,14.5012,65.2527,99.8,8.2406,CRITICA,8.2718,0.561512,14.0764,58.533,0.060627,0.117745,115.0674,317.6895,1,1,3045.995,nan
closed_eye_0873.jpg_face_1,cerrado,B25,157.3608,0.02819,24.4896,74.6219,65.0648,9.7711,CRITICA,9.1216,0.633893,14.1755,52.5791,0.077911,0.081835,176.3815,190.3021,1,1,2193.463,nan
closed_eye_0873.jpg_face_1,cerrado,B40,157.3608,0.02819,39.4993,84.0581,25.9625,12.2378,BIEN,10.1406,0.708051,15.2317,46.5825,0.035714,0.050053,26.6913,77.5596,1,1,3543.586,nan
closed_eye_0882.jpg_face_1,cerrado,B5,135.0537,0.017135,4.3622,42.5914,100.0,12.7775,CRITICA,7.9302,0.358785,16.2898,68.4634,0.067837,nan,295.8882,nan,1,1,4923.683,nan
closed_eye_0882.jpg_face_1,cerrado,B10,135.0537,0.017135,9.4519,56.0965,99.9956,13.3102,CRITICA,9.0618,0.504769,14.7097,58.4635,0.037992,0.131792,121.719,669.1175,1,1,4508.566,nan
closed_eye_0882.jpg_face_1,cerrado,B15,135.0537,0.017135,14.4717,63.9027,93.7459,15.0513,CRITICA,9.8244,0.569975,14.2377,52.6835,0.032102,0.064046,87.3434,273.766,1,1,5428.881,nan
closed_eye_0882.jpg_face_1,cerrado,B25,135.0537,0.017135,24.4832,73.1471,52.4056,17.7017,CRITICA,10.8791,0.652956,14.369,45.8385,0.030223,0.040547,76.3751,136.6241,1,1,4359.198,nan
closed_eye_0882.jpg_face_1,cerrado,B40,135.0537,0.017135,39.4838,82.4248,33.3012,21.6526,BIEN,12.1634,0.735961,15.4849,38.9689,0.021522,0.02335,25.6017,36.2655,1,1,3243.594,nan
closed_eye_0886.jpg_face_1,cerrado,B5,115.9603,0.044637,4.3699,42.1656,100.0,14.0821,CRITICA,9.6276,0.465113,16.4139,63.6379,0.075193,0.177067,68.4557,296.6854,1,1,2863.688,nan
closed_eye_0886.jpg_face_1,cerrado,B10,115.9603,0.044637,9.5149,55.6666,99.9503,15.4115,CRITICA,11.0179,0.61847,14.8059,51.9951,0.052751,0.134701,18.1777,201.7721,1,1,3354.579,nan
closed_eye_0886.jpg_face_1,cerrado,B15,115.9603,0.044637,14.4897,63.2032,83.4146,17.3784,CRITICA,11.9457,0.690033,14.3496,45.4958,0.059349,0.109239,32.9603,144.7294,1,1,3480.682,nan
closed_eye_0886.jpg_face_1,cerrado,B25,115.9603,0.044637,24.4855,72.684,55.2167,20.7946,CRITICA,13.3134,0.765519,14.4687,37.3199,0.046645,0.094339,4.4996,111.3488,1,1,3364.737,nan
closed_eye_0886.jpg_face_1,cerrado,B40,115.9603,0.044637,39.5065,81.8179,35.624,25.5385,BIEN,15.0493,0.836461,15.618,29.4432,0.039,0.051746,12.627,15.9262,1,1,4038.772,nan
closed_eye_0887.jpg_face_1,cerrado,B5,170.795,0.075546,4.4319,43.982,100.0,10.1148,CRITICA,5.5715,0.272051,16.0742,74.2486,0.077258,nan,2.2674,nan,1,1,6009.616,nan
closed_eye_0887.jpg_face_1,cerrado,B10,170.795,0.075546,9.5131,57.288,100.0,10.5998,CRITICA,6.4628,0.364026,14.493,66.458,0.0934,0.141295,23.6346,87.0328,1,1,3753.753,nan
closed_eye_0887.jpg_face_1,cerrado,B15,170.795,0.075546,14.4814,64.731,98.4536,11.7589,CRITICA,6.9919,0.418276,14.0873,62.1002,0.079346,0.097371,5.0302,28.8907,1,1,4030.633,nan
closed_eye_0887.jpg_face_1,cerrado,B25,170.795,0.075546,24.5157,74.5194,50.0316,14.1743,CRITICA,7.8056,0.500925,14.1217,56.3691,0.070771,0.085381,6.32,13.0197,1,1,5246.59,nan
closed_eye_0887.jpg_face_1,cerrado,B40,170.795,0.075546,39.5321,83.5478,30.202,17.2648,BIEN,8.6455,0.58452,15.2135,51.083,0.064369,0.073974,14.7948,2.0797,1,1,3868.472,nan
closed_eye_0888.BMP_face_1,cerrado,B5,108.4231,0.053805,4.5241,44.8311,100.0,7.4934,CRITICA,10.8388,0.359132,15.8334,58.6517,0.15257,nan,183.5636,nan,1,1,5727.376,nan
closed_eye_0888.BMP_face_1,cerrado,B10,108.4231,0.053805,9.4672,57.5843,99.9851,8.7549,CRITICA,12.459,0.467645,14.3571,46.8893,0.100399,0.194736,86.5987,261.9319,1,1,4351.61,nan
closed_eye_0888.BMP_face_1,cerrado,B15,108.4231,0.053805,14.5709,65.0551,96.1281,9.6439,CRITICA,13.5896,0.536512,13.9304,39.9988,0.080403,0.136987,49.4356,154.5999,1,1,4614.675,nan
closed_eye_0888.BMP_face_1,cerrado,B25,108.4231,0.053805,24.4858,74.5386,57.5282,12.303,CRITICA,15.3581,0.644697,14.0023,31.2521,0.084645,0.115072,57.3199,113.8693,1,1,4810.005,nan
closed_eye_0888.BMP_face_1,cerrado,B40,108.4231,0.053805,39.5004,83.8565,38.258,15.4984,BIEN,17.6284,0.753588,15.0959,22.6581,0.072797,0.079144,35.2991,47.0941,1,1,3941.663,nan
closed_eye_0890.jpg_face_1,cerrado,B5,151.4908,0.055394,4.3662,43.0152,100.0,12.2133,CRITICA,6.4265,0.342525,16.2258,71.6054,0.08138,nan,46.9093,nan,1,1,3810.976,nan
closed_eye_0890.jpg_face_1,cerrado,B10,151.4908,0.055394,9.4543,56.0962,100.0,13.6955,CRITICA,7.3896,0.468894,14.6567,62.9705,0.072249,0.138118,30.4268,149.3358,1,1,3506.311,nan
closed_eye_0890.jpg_face_1,cerrado,B15,151.4908,0.055394,14.503,63.8495,85.4747,15.5882,CRITICA,8.0291,0.538897,14.1855,57.8525,0.067066,0.112613,21.0704,103.2927,1,1,3531.073,nan
closed_eye_0890.jpg_face_1,cerrado,B25,151.4908,0.055394,24.518,73.3782,53.6644,18.8112,CRITICA,8.9148,0.618777,14.2958,51.5626,0.070181,0.085276,26.6936,53.9436,1,1,3559.986,nan
closed_eye_0890.jpg_face_1,cerrado,B40,151.4908,0.055394,39.5037,82.4261,40.0913,23.2167,BIEN,9.9389,0.699813,15.426,45.59,0.056155,0.079147,1.3734,42.8791,1,1,3212.336,nan
closed_eye_0899.jpg_face_1,cerrado,B5,101.303,0.103857,4.4844,43.9103,100.0,12.28,CRITICA,11.1375,0.486863,15.9606,56.6545,0.109965,0.186474,5.882,79.5492,1,1,3847.634,nan
closed_eye_0899.jpg_face_1,cerrado,B10,101.303,0.103857,9.4928,56.2638,93.9783,14.8245,CRITICA,12.6683,0.603215,14.5498,44.4599,0.100342,0.178036,3.3837,71.4248,1,1,2075.119,nan
closed_eye_0899.jpg_face_1,cerrado,B15,101.303,0.103857,14.4822,63.6405,76.2952,17.1975,CRITICA,13.7712,0.671842,14.1411,37.1781,0.097629,0.132177,5.9966,27.2689,1,1,3333.333,nan
closed_eye_0899.jpg_face_1,cerrado,B25,101.303,0.103857,24.4974,73.0208,60.6714,21.1933,CRITICA,15.4871,0.758061,14.2869,27.9184,0.113039,0.152547,8.8411,46.8817,1,1,3014.772,nan
closed_eye_0899.jpg_face_1,cerrado,B40,101.303,0.103857,39.4953,82.105,51.449,26.6688,BIEN,17.7826,0.840869,15.4521,18.9511,0.113829,0.127073,9.6015,22.3544,1,1,3591.954,nan
closed_eye_0902.jpg_face_1,cerrado,B5,130.6937,0.095417,4.3403,43.9396,100.0,9.068,CRITICA,8.7151,0.453114,15.9756,66.3797,0.108872,nan,14.1012,nan,1,1,3672.42,nan
closed_eye_0902.jpg_face_1,cerrado,B10,130.6937,0.095417,9.5941,57.1125,100.0,10.3991,CRITICA,10.0371,0.576642,14.4233,56.3005,0.102888,nan,7.8294,nan,1,1,2754.062,nan
closed_eye_0902.jpg_face_1,cerrado,B15,130.6937,0.095417,14.4879,64.7763,98.9838,11.3759,CRITICA,10.8962,0.643461,13.9779,50.4366,0.10937,0.137934,14.6224,44.5583,1,1,3831.418,nan
closed_eye_0902.jpg_face_1,cerrado,B25,130.6937,0.095417,24.4822,74.6454,58.2661,13.5254,CRITICA,12.1945,0.72618,14.0327,42.8852,0.116571,0.113864,22.1696,19.3326,1,1,3534.818,nan
closed_eye_0902.jpg_face_1,cerrado,B40,130.6937,0.095417,39.5135,83.7184,27.6008,16.2985,BIEN,13.6681,0.800808,15.1184,35.9431,0.10968,0.124753,14.9473,30.7442,1,1,3092.146,nan
closed_eye_0903.jpg_face_1,cerrado,B5,118.3219,0.065012,4.3568,44.0796,100.0,9.4831,CRITICA,10.0139,0.555207,16.1561,62.746,0.174795,nan,168.8658,nan,1,1,1873.712,nan
closed_eye_0903.jpg_face_1,cerrado,B10,118.3219,0.065012,9.4981,56.9723,99.504,10.8383,CRITICA,11.5116,0.695757,14.5634,51.8497,0.127283,nan,95.7835,nan,1,1,1998.801,nan
closed_eye_0903.jpg_face_1,cerrado,B15,118.3219,0.065012,14.5351,64.6094,91.6196,11.9491,CRITICA,12.4954,0.76101,14.1294,45.3953,0.100935,0.131217,55.257,101.836,1,1,1913.143,nan
closed_eye_0903.jpg_face_1,cerrado,B25,118.3219,0.065012,24.5067,74.3963,66.3968,14.4039,CRITICA,14.0086,0.826539,14.1792,37.1238,0.106281,0.120434,63.4791,85.2498,1,1,1817.851,nan
closed_eye_0903.jpg_face_1,cerrado,B40,118.3219,0.065012,39.5036,83.4327,39.6508,17.7411,BIEN,15.8036,0.881306,15.2697,29.4867,0.099957,0.088041,53.7515,35.4229,1,1,1845.359,nan
closed_eye_0912.jpg_face_1,cerrado,B5,96.374,0.058151,4.4936,43.4483,100.0,10.7155,CRITICA,12.4944,0.560338,16.29,54.917,0.160982,0.226294,176.8369,289.1528,1,1,4361.099,nan
closed_eye_0912.jpg_face_1,cerrado,B10,96.374,0.058151,9.4273,56.3961,99.9546,11.8187,CRITICA,14.3349,0.715458,14.7235,41.482,0.092,0.180059,58.2105,209.643,1,1,3222.688,nan
closed_eye_0912.jpg_face_1,cerrado,B15,96.374,0.058151,14.5033,64.2054,89.2449,13.3374,CRITICA,15.6628,0.77437,14.2525,33.379,0.094565,0.133294,62.6203,129.2225,1,1,3450.656,nan
closed_eye_0912.jpg_face_1,cerrado,B25,96.374,0.058151,24.4994,73.5421,59.7251,16.107,CRITICA,17.6802,0.842082,14.3755,23.6909,0.073919,0.074528,27.1167,28.1637,1,1,3669.725,nan
closed_eye_0912.jpg_face_1,cerrado,B40,96.374,0.058151,39.4791,82.822,42.3919,19.8816,BIEN,20.3725,0.89678,15.4727,14.0619,0.070007,0.061732,20.3894,6.159,1,1,4284.49,nan
closed_eye_0918.jpg_face_4,cerrado,B5,97.9489,0.147616,4.506,42.8606,100.0,13.8069,CRITICA,12.1939,0.42064,16.0126,56.2419,nan,nan,nan,nan,1,0,3494.06,nan
closed_eye_0918.jpg_face_4,cerrado,B10,97.9489,0.147616,9.3721,55.936,100.0,14.5693,CRITICA,14.0693,0.54751,14.5509,42.8927,nan,nan,nan,nan,1,0,6301.198,nan
closed_eye_0918.jpg_face_4,cerrado,B15,97.9489,0.147616,14.5097,63.7005,91.4435,16.0566,CRITICA,15.4287,0.618463,14.1396,34.9656,nan,0.241201,nan,63.3977,1,0,3813.882,nan
closed_eye_0918.jpg_face_4,cerrado,B25,97.9489,0.147616,24.4657,73.3047,55.1554,18.8829,CRITICA,17.6074,0.722546,14.1987,25.1603,0.202461,0.244436,37.1538,65.5889,1,1,5552.471,nan
closed_eye_0918.jpg_face_4,cerrado,B40,97.9489,0.147616,39.4629,82.4814,34.5337,23.0422,BIEN,20.5307,0.819218,15.3211,15.7914,0.199896,0.199029,35.4161,34.8287,1,1,5948.84,nan
closed_eye_0919.jpg_face_2,cerrado,B5,168.187,0.066996,4.5796,46.5284,100.0,2.4506,CRITICA,5.9939,0.427321,15.6253,72.3353,0.188826,nan,181.8451,nan,1,1,3451.847,nan
closed_eye_0919.jpg_face_2,cerrado,B10,168.187,0.066996,9.7071,58.9375,100.0,2.6404,CRITICA,6.9193,0.542462,14.1989,64.9571,nan,nan,nan,nan,1,0,3582.945,nan
closed_eye_0919.jpg_face_2,cerrado,B15,168.187,0.066996,14.6424,66.2201,100.0,3.1106,CRITICA,7.5048,0.59523,13.7909,60.6271,0.189846,nan,183.3686,nan,1,1,4214.075,nan
closed_eye_0919.jpg_face_2,cerrado,B25,168.187,0.066996,24.3875,75.1189,82.7179,4.0114,CRITICA,8.3056,0.667639,13.8883,55.3361,nan,nan,nan,nan,1,0,4646.84,nan
closed_eye_0919.jpg_face_2,cerrado,B40,168.187,0.066996,39.5274,84.888,10.3461,4.7844,BIEN,9.2208,0.731339,14.9352,49.5276,0.146604,0.175219,118.8239,161.5364,1,1,4231.908,nan
closed_eye_0919.jpg_face_3,cerrado,B5,166.0357,0.170347,4.3849,45.2504,100.0,4.2348,CRITICA,6.003,0.415302,15.8505,72.7466,0.256958,nan,50.8439,nan,1,1,3749.531,nan
closed_eye_0919.jpg_face_3,cerrado,B10,166.0357,0.170347,9.5467,58.1895,100.0,5.3688,CRITICA,6.9632,0.524604,14.2971,64.9536,0.236924,nan,39.0833,nan,1,1,3938.558,nan
closed_eye_0919.jpg_face_3,cerrado,B15,166.0357,0.170347,14.5412,65.7263,100.0,6.105,CRITICA,7.5631,0.583067,13.877,60.4143,0.202433,0.203195,18.8358,19.2831,1,1,3861.004,nan
closed_eye_0919.jpg_face_3,cerrado,B25,166.0357,0.170347,24.5213,75.3766,62.3287,7.4268,CRITICA,8.425,0.655209,13.9225,54.6022,0.206704,0.237461,21.3428,39.3983,1,1,3111.388,nan
closed_eye_0919.jpg_face_3,cerrado,B40,166.0357,0.170347,39.4693,84.6607,24.5283,9.1437,BIEN,9.3345,0.7205,14.9712,49.0105,0.20412,0.190739,19.8261,11.971,1,1,3756.574,nan
closed_eye_0927.jpg_face_1,cerrado,B5,131.7272,0.084139,4.2593,41.5762,100.0,15.524,CRITICA,8.1234,0.43736,16.3774,68.4377,0.06018,nan,28.4761,nan,1,1,3050.64,nan
closed_eye_0927.jpg_face_1,cerrado,B10,131.7272,0.084139,9.6179,54.4958,99.9924,19.2501,CRITICA,9.3802,0.569877,14.7235,58.6299,0.066673,0.07367,20.7581,12.4423,1,1,2900.232,nan
closed_eye_0927.jpg_face_1,cerrado,B15,131.7272,0.084139,14.4465,61.9257,91.4775,21.4182,CRITICA,10.1495,0.634039,14.2676,52.9894,0.073254,0.075813,12.9369,9.8957,1,1,3020.235,nan
closed_eye_0927.jpg_face_1,cerrado,B25,131.7272,0.084139,24.5215,71.6027,44.414,24.9525,CRITICA,11.3188,0.709906,14.3773,45.6432,0.074229,0.063721,11.7782,24.2669,1,1,2943.774,nan
closed_eye_0927.jpg_face_1,cerrado,B40,131.7272,0.084139,39.4953,80.7315,29.0724,28.9663,BIEN,12.6925,0.784959,15.5065,38.7131,0.078657,0.073882,6.5157,12.1903,1,1,1647.989,nan
closed_eye_0948.jpg_face_2,cerrado,B5,98.5756,0.046127,4.3939,41.2306,100.0,17.2127,CRITICA,11.662,0.473717,16.2288,58.1736,0.06738,nan,46.0738,nan,1,1,5083.884,nan
closed_eye_0948.jpg_face_2,cerrado,B10,98.5756,0.046127,9.5228,54.6533,99.9657,19.1039,CRITICA,13.4924,0.619208,14.6725,44.557,0.071493,0.12325,54.9899,167.1947,1,1,5102.041,nan
closed_eye_0948.jpg_face_2,cerrado,B15,98.5756,0.046127,14.4422,62.2178,82.0645,20.6545,CRITICA,14.746,0.687712,14.242,36.8831,0.074032,0.100204,60.4948,117.2325,1,1,5524.862,nan
closed_eye_0948.jpg_face_2,cerrado,B25,98.5756,0.046127,24.4951,71.9598,51.3375,24.0448,CRITICA,16.7532,0.772987,14.3485,27.0004,0.052557,0.064885,13.938,40.6648,1,1,4344.049,nan
closed_eye_0948.jpg_face_2,cerrado,B40,98.5756,0.046127,39.4811,80.9849,32.9047,29.2317,BIEN,19.455,0.851181,15.5042,17.8449,0.033319,0.060984,27.7669,32.2084,1,1,4228.33,nan
closed_eye_0957.JPG_face_1,cerrado,B5,158.9926,0.042141,4.383,43.1018,100.0,11.5272,CRITICA,6.1698,0.388986,16.2183,72.8907,0.071788,nan,70.3516,nan,1,1,942.063,nan
closed_eye_0957.JPG_face_1,cerrado,B10,158.9926,0.042141,9.446,56.4311,100.0,12.6518,CRITICA,7.1393,0.532978,14.5949,64.5071,0.066701,0.147646,58.2809,250.3632,1,1,502.008,nan
closed_eye_0957.JPG_face_1,cerrado,B15,158.9926,0.042141,14.5096,63.9772,99.1593,14.5312,CRITICA,7.7132,0.60174,14.2068,59.7609,0.070808,0.12088,68.0276,186.8469,1,1,753.239,nan
closed_eye_0957.JPG_face_1,cerrado,B25,158.9926,0.042141,24.4532,73.7285,44.7166,17.4471,CRITICA,8.6009,0.6783,14.2239,53.6277,0.063771,0.088762,51.3289,110.6321,1,1,1016.777,nan
closed_eye_0957.JPG_face_1,cerrado,B40,158.9926,0.042141,39.4821,82.7846,37.2737,21.6704,BIEN,9.552,0.741831,15.3524,47.9318,0.058904,0.065845,39.7792,56.2488,1,1,796.749,nan
closed_eye_0985.jpg_face_1,cerrado,B5,86.7947,0.052583,4.5484,42.4894,100.0,14.1328,CRITICA,13.078,0.534325,16.3887,51.0461,0.102051,0.147509,94.0772,180.527,1,1,4681.647,nan
closed_eye_0985.jpg_face_1,cerrado,B10,86.7947,0.052583,9.5111,54.9891,99.1136,17.1901,CRITICA,14.9345,0.660554,14.8799,36.6446,0.078038,0.096243,48.409,83.0312,1,1,3598.417,nan
closed_eye_0985.jpg_face_1,cerrado,B15,86.7947,0.052583,14.5033,62.3008,72.3103,19.6778,CRITICA,16.2551,0.721339,14.4833,28.2205,0.070445,0.097005,33.9693,84.4801,1,1,4759.638,nan
closed_eye_0985.jpg_face_1,cerrado,B25,86.7947,0.052583,24.5054,71.5907,52.5097,24.0657,CRITICA,18.3622,0.798422,14.6348,17.5172,0.058354,0.068651,10.9748,30.5576,1,1,2592.017,nan
closed_eye_0985.jpg_face_1,cerrado,B40,86.7947,0.052583,39.4798,80.7984,43.1579,29.8662,BIEN,21.2102,0.865495,15.817,6.9085,0.042132,0.062421,19.8748,18.7102,1,1,4020.909,nan
closed_eye_1008.jpeg_face_1,cerrado,B5,133.9743,0.042615,4.4428,39.9234,100.0,20.1893,CRITICA,7.3712,0.398088,16.2397,70.2007,0.040507,0.113809,4.948,167.0615,1,1,1660.578,nan
closed_eye_1008.jpeg_face_1,cerrado,B10,133.9743,0.042615,9.4784,51.4806,100.0,25.5307,CRITICA,8.484,0.507846,14.7419,61.5743,0.039338,0.067351,7.69,58.044,1,1,1663.34,nan
closed_eye_1008.jpeg_face_1,cerrado,B15,133.9743,0.042615,14.5072,59.3288,81.7315,28.0328,CRITICA,9.2014,0.587574,14.3295,55.7163,0.04318,0.041283,1.3245,3.1262,1,1,1610.306,nan
closed_eye_1008.jpeg_face_1,cerrado,B25,133.9743,0.042615,24.4812,69.0395,40.5775,31.4068,CRITICA,10.2768,0.685835,14.4636,48.4681,0.048036,0.039909,12.7208,6.3502,1,1,1593.625,nan
closed_eye_1008.jpeg_face_1,cerrado,B40,133.9743,0.042615,39.4878,78.7013,29.5612,35.7688,CRITICA,11.5576,0.779507,15.6614,41.2564,0.043075,0.046032,1.0786,8.0173,1,1,1236.4,nan
closed_eye_1056.jpg_face_1,cerrado,B5,118.0756,0.073647,4.4441,41.98,100.0,15.6525,CRITICA,9.4656,0.411129,16.0472,64.4465,0.114197,nan,55.0598,nan,1,1,5640.158,nan
closed_eye_1056.jpg_face_1,cerrado,B10,118.0756,0.073647,9.4914,55.5134,100.0,16.4555,CRITICA,10.7791,0.538952,14.6145,52.9848,0.095174,0.142349,29.2303,93.2855,1,1,4206.983,nan
closed_eye_1056.jpg_face_1,cerrado,B15,118.0756,0.073647,14.3825,62.9789,95.1925,18.1048,CRITICA,11.7356,0.610563,14.1863,46.6622,0.092717,0.104984,25.8937,42.5504,1,1,5213.764,nan
closed_eye_1056.jpg_face_1,cerrado,B25,118.0756,0.073647,24.4579,72.8175,43.1777,21.5889,CRITICA,13.2099,0.7038,14.2545,38.3297,0.090727,0.080791,23.1916,9.7004,1,1,3527.337,nan
closed_eye_1056.jpg_face_1,cerrado,B40,118.0756,0.073647,39.5099,81.8452,30.8108,25.8581,BIEN,14.9617,0.789281,15.3931,30.6841,0.061398,0.066789,16.6315,9.3117,1,1,5452.563,nan
closed_eye_1073.jpg_face_2,cerrado,B5,130.2073,0.064921,4.4971,43.3619,100.0,7.7983,CRITICA,8.0527,0.420155,16.4147,66.6978,0.067635,nan,4.1801,nan,1,1,3017.502,nan
closed_eye_1073.jpg_face_2,cerrado,B10,130.2073,0.064921,9.4583,56.0346,99.9393,9.3415,CRITICA,9.1458,0.577878,14.9072,56.9651,0.066016,0.105612,1.6873,62.6771,1,1,3022.061,nan
closed_eye_1073.jpg_face_2,cerrado,B15,130.2073,0.064921,14.4988,63.385,93.4723,10.4158,CRITICA,9.8602,0.653914,14.4943,51.3199,0.050268,0.067923,22.5701,4.6239,1,1,3514.938,nan
closed_eye_1073.jpg_face_2,cerrado,B25,130.2073,0.064921,24.4795,72.9478,68.0507,12.6933,CRITICA,10.9342,0.728401,14.6073,43.9756,0.064009,0.058078,1.4052,10.5402,1,1,2665.956,nan
closed_eye_1073.jpg_face_2,cerrado,B40,130.2073,0.064921,39.5083,82.0679,43.0343,15.9418,BIEN,12.2529,0.796443,15.7874,36.9713,0.062054,0.054531,4.4164,16.0033,1,1,3428.18,nan
closed_eye_1077.jpg_face_3,cerrado,B5,162.1144,0.058245,4.5155,44.8896,100.0,5.748,CRITICA,6.3473,0.277186,15.8929,72.3099,0.170849,nan,193.3293,nan,1,1,2474.635,nan
closed_eye_1077.jpg_face_3,cerrado,B10,162.1144,0.058245,9.4585,57.8718,100.0,6.7103,CRITICA,7.2898,0.378623,14.4339,64.3019,0.221279,nan,279.9112,nan,1,1,4446.421,nan
closed_eye_1077.jpg_face_3,cerrado,B15,162.1144,0.058245,14.4268,65.2668,98.5068,7.6985,CRITICA,7.8988,0.438316,13.9962,59.7403,0.146357,0.186159,151.2792,219.6143,1,1,4122.011,nan
closed_eye_1077.jpg_face_3,cerrado,B25,162.1144,0.058245,24.4454,75.0616,66.5512,9.4513,CRITICA,8.7819,0.525688,14.042,53.6984,0.138574,0.14725,137.9159,152.8129,1,1,4342.163,nan
closed_eye_1077.jpg_face_3,cerrado,B40,162.1144,0.058245,39.4932,84.2526,31.3669,11.7812,BIEN,9.7289,0.61745,15.1088,48.0289,0.124331,0.127345,113.462,118.6375,1,1,4599.816,nan
closed_eye_1079.jpg_face_1,cerrado,B5,191.7689,0.065828,4.326,42.274,100.0,13.9645,CRITICA,4.1689,0.274651,16.1766,77.9557,0.112685,nan,71.1808,nan,1,1,4101.723,nan
closed_eye_1079.jpg_face_1,cerrado,B10,191.7689,0.065828,9.3286,55.6569,100.0,15.3571,CRITICA,4.9242,0.374424,14.5835,70.9771,0.088987,nan,35.18,nan,1,1,2211.9,nan
closed_eye_1079.jpg_face_1,cerrado,B15,191.7689,0.065828,14.3114,63.1441,100.0,16.4237,CRITICA,5.3863,0.429093,14.1577,67.0728,0.05897,nan,10.4181,nan,1,1,3040.438,nan
closed_eye_1079.jpg_face_1,cerrado,B25,191.7689,0.065828,24.4741,73.4819,37.893,18.9116,CRITICA,6.0851,0.50964,14.1618,61.6821,0.071315,0.114982,8.3343,74.669,1,1,4897.159,nan
closed_eye_1079.jpg_face_1,cerrado,B40,191.7689,0.065828,39.5141,82.6711,21.2894,22.1676,BIEN,6.7934,0.582584,15.2528,56.8903,0.060994,0.065008,7.3435,1.2464,1,1,5319.149,nan
closed_eye_1101.jpg_face_2,cerrado,B5,147.5879,0.091769,4.3821,43.0965,100.0,12.1268,CRITICA,6.611,0.34225,16.1986,70.7994,0.133941,0.181867,45.9536,98.1786,1,1,4980.079,nan
closed_eye_1101.jpg_face_2,cerrado,B10,147.5879,0.091769,9.4339,55.814,100.0,15.0147,CRITICA,7.5818,0.449184,14.6455,62.1825,0.101278,0.150678,10.3615,64.1915,1,1,3765.06,nan
closed_eye_1101.jpg_face_2,cerrado,B15,147.5879,0.091769,14.4707,63.4176,72.8295,17.2005,CRITICA,8.2138,0.512109,14.2136,57.0306,0.119154,0.130086,29.8404,41.7534,1,1,5296.61,nan
closed_eye_1101.jpg_face_2,cerrado,B25,147.5879,0.091769,24.4692,73.0399,55.47,20.9846,CRITICA,9.148,0.594807,14.3027,50.5109,0.096524,0.113266,5.1811,23.4245,1,1,5000.0,nan
closed_eye_1101.jpg_face_2,cerrado,B40,147.5879,0.091769,39.4813,82.0402,48.1672,25.992,BIEN,10.2082,0.681864,15.454,44.4126,0.103007,0.107406,12.2455,17.0388,1,1,4708.098,nan
closed_eye_1113.jpg_face_3,cerrado,B5,87.9982,0.06354,4.4866,40.1613,100.0,19.7557,CRITICA,12.6243,0.58619,16.3399,54.3613,0.051855,0.159896,18.3907,151.6442,1,1,3122.073,nan
closed_eye_1113.jpg_face_3,cerrado,B10,87.9982,0.06354,9.4335,52.9802,97.7377,22.0249,CRITICA,14.4101,0.735669,14.9099,39.794,0.061151,0.09449,3.7597,48.7081,1,1,3103.662,nan
closed_eye_1113.jpg_face_3,cerrado,B15,87.9982,0.06354,14.5157,60.9738,71.8135,23.9719,CRITICA,15.7984,0.796665,14.4663,30.7102,0.059762,0.060086,5.9459,5.437,1,1,2244.669,nan
closed_eye_1113.jpg_face_3,cerrado,B25,87.9982,0.06354,24.4767,70.1179,50.4388,28.5596,CRITICA,17.9427,0.851073,14.6394,20.319,0.064096,0.056642,0.874,10.8563,1,1,2727.025,nan
closed_eye_1113.jpg_face_3,cerrado,B40,87.9982,0.06354,39.5477,79.4238,41.8527,34.4476,CRITICA,20.9593,0.893903,15.8664,9.7438,0.063093,0.060519,0.704,4.7555,1,1,2566.735,nan
closed_eye_1117.jpg_face_1,cerrado,B5,104.8559,0.052401,4.4123,44.7161,100.0,5.4196,CRITICA,12.182,0.436883,16.0329,57.3547,nan,nan,nan,nan,1,0,6042.297,nan
closed_eye_1117.jpg_face_1,cerrado,B10,104.8559,0.052401,9.3294,57.6189,99.7396,6.4059,CRITICA,14.1032,0.568274,14.5157,45.0494,nan,nan,nan,nan,1,0,6675.567,nan
closed_eye_1117.jpg_face_1,cerrado,B15,104.8559,0.052401,14.5551,65.4544,96.224,7.0969,CRITICA,15.5378,0.63841,14.0434,37.5768,nan,nan,nan,nan,1,0,5274.261,nan
closed_eye_1117.jpg_face_1,cerrado,B25,104.8559,0.052401,24.4583,75.3646,75.4774,8.7266,CRITICA,17.7218,0.728357,14.0502,28.1256,0.128515,0.144335,145.2517,175.4419,1,1,6105.005,nan
closed_eye_1117.jpg_face_1,cerrado,B40,104.8559,0.052401,39.5534,84.6107,25.0,10.8426,BIEN,20.4913,0.815622,15.1086,19.3077,0.086521,0.103738,65.1126,97.9677,1,1,5834.306,nan
closed_eye_1118.jpg_face_1,cerrado,B5,120.1329,0.078878,4.5756,38.9102,100.0,22.4876,CRITICA,8.4745,0.445774,16.1556,67.6107,0.088131,nan,11.731,nan,1,1,1799.532,nan
closed_eye_1118.jpg_face_1,cerrado,B10,120.1329,0.078878,9.5022,50.8252,99.9094,26.9183,CRITICA,9.6437,0.575861,14.8155,57.6925,0.106335,0.218358,34.8098,176.8308,1,1,2693.24,nan
closed_eye_1118.jpg_face_1,cerrado,B15,120.1329,0.078878,14.3812,57.8184,76.0193,30.1194,CRITICA,10.4558,0.638202,14.4372,51.8713,0.081654,0.157875,3.5201,100.1518,1,1,2745.744,nan
closed_eye_1118.jpg_face_1,cerrado,B25,120.1329,0.078878,24.5261,68.1797,39.8597,33.98,CRITICA,11.7588,0.721919,14.5792,43.2465,0.064392,0.113948,18.3654,44.4613,1,1,2360.16,nan
closed_eye_1118.jpg_face_1,cerrado,B40,120.1329,0.078878,39.4184,77.4984,33.4616,39.2348,CRITICA,13.3491,0.79851,15.8068,35.4895,0.073182,0.080766,7.2205,2.3943,1,1,2747.253,nan
closed_eye_1119.jpg_face_1,cerrado,B5,158.9357,0.063286,4.3681,41.8403,100.0,15.4854,CRITICA,5.8407,0.320375,16.2073,73.6747,0.102171,nan,61.445,nan,1,1,1892.864,nan
closed_eye_1119.jpg_face_1,cerrado,B10,158.9357,0.063286,9.3749,55.4474,100.0,16.1376,CRITICA,6.7432,0.453418,14.6352,65.1133,0.110653,0.16634,74.847,162.8399,1,1,3660.322,nan
closed_eye_1119.jpg_face_1,cerrado,B15,158.9357,0.063286,14.5082,63.0798,91.2073,17.8744,CRITICA,7.3199,0.522307,14.2217,60.3111,0.091907,0.113871,45.2255,79.932,1,1,3436.426,nan
closed_eye_1119.jpg_face_1,cerrado,B25,158.9357,0.063286,24.4842,72.8689,43.2829,21.3024,CRITICA,8.1703,0.608155,14.2906,54.152,0.077518,0.083674,22.4891,32.2159,1,1,3045.995,nan
closed_eye_1119.jpg_face_1,cerrado,B40,158.9357,0.063286,39.5054,81.9543,36.0252,26.1986,BIEN,9.1134,0.689467,15.4373,48.4356,0.078975,0.07756,24.7908,22.5561,1,1,2150.075,nan
closed_eye_1120.jpg_face_1,cerrado,B5,121.486,0.035495,4.3512,43.5561,100.0,9.497,CRITICA,9.631,0.491806,16.3783,64.1472,0.253525,nan,614.2639,nan,1,1,2313.744,nan
closed_eye_1120.jpg_face_1,cerrado,B10,121.486,0.035495,9.4623,56.6976,98.9137,11.0724,CRITICA,11.0075,0.629067,14.8214,53.3299,0.162289,0.200473,357.222,464.7979,1,1,1914.608,nan
closed_eye_1120.jpg_face_1,cerrado,B15,121.486,0.035495,14.5345,63.9756,93.0543,12.6823,CRITICA,11.9057,0.687994,14.4018,47.3391,0.118761,0.166335,234.5897,368.6211,1,1,1466.921,nan
closed_eye_1120.jpg_face_1,cerrado,B25,121.486,0.035495,24.4885,73.5325,60.2167,15.1814,CRITICA,13.248,0.760551,14.4876,39.4724,0.062515,0.094793,76.1242,167.0634,1,1,1968.504,nan
closed_eye_1120.jpg_face_1,cerrado,B40,121.486,0.035495,39.4965,82.7707,40.1229,18.7727,BIEN,14.894,0.827111,15.5931,31.8681,0.04833,0.043071,36.1625,21.3441,1,1,2323.42,nan
closed_eye_1126.jpg_face_1,cerrado,B5,107.8697,0.065477,4.516,41.4894,100.0,17.2335,CRITICA,10.1242,0.355563,16.1148,61.5374,0.140501,nan,114.5802,nan,1,1,4775.549,nan
closed_eye_1126.jpg_face_1,cerrado,B10,107.8697,0.065477,9.3879,54.3641,100.0,18.4999,CRITICA,11.5883,0.472363,14.6526,49.6021,0.127916,0.152647,95.3596,133.1298,1,1,6373.486,nan
closed_eye_1126.jpg_face_1,cerrado,B15,107.8697,0.065477,14.4802,62.1011,84.3906,20.5609,CRITICA,12.6437,0.549912,14.2251,42.4295,0.108615,0.159649,65.8827,143.8236,1,1,5564.83,nan
closed_eye_1126.jpg_face_1,cerrado,B25,107.8697,0.065477,24.466,71.5902,46.7128,24.0997,CRITICA,14.2477,0.655442,14.3424,33.6327,0.078275,0.099888,19.5447,52.5541,1,1,6640.106,nan
closed_eye_1126.jpg_face_1,cerrado,B40,107.8697,0.065477,39.5075,80.8962,36.5244,28.9557,BIEN,16.3249,0.765905,15.527,25.0056,0.080125,0.084593,22.3713,29.1946,1,1,5630.631,nan
closed_eye_1127.jpg_face_1,cerrado,B5,143.5473,0.030132,4.4332,44.2574,100.0,8.6505,CRITICA,7.4417,0.277788,15.9488,69.1688,0.173717,nan,476.5267,nan,1,1,5611.673,nan
closed_eye_1127.jpg_face_1,cerrado,B10,143.5473,0.030132,9.4249,57.1806,99.9566,10.2866,CRITICA,8.475,0.385728,14.5187,60.1661,0.127562,0.180225,323.3494,498.1244,1,1,6049.607,nan
closed_eye_1127.jpg_face_1,cerrado,B15,143.5473,0.030132,14.4197,64.707,88.2378,11.7438,CRITICA,9.1883,0.439902,14.0517,54.9229,0.139674,0.159284,363.5451,428.6251,1,1,4403.347,nan
closed_eye_1127.jpg_face_1,cerrado,B25,143.5473,0.030132,24.5117,74.5078,60.9375,14.4815,CRITICA,10.2144,0.536981,14.1361,48.0953,0.108197,0.139949,259.0785,364.4563,1,1,6184.292,nan
closed_eye_1127.jpg_face_1,cerrado,B40,143.5473,0.030132,39.4731,83.5898,47.309,18.2076,BIEN,11.3812,0.63732,15.2142,41.7684,0.093009,0.102213,208.6745,239.2204,1,1,5157.298,nan
closed_eye_1139.BMP_face_1,cerrado,B5,191.8365,0.087193,4.3747,44.1679,100.0,8.3378,CRITICA,4.3316,0.333194,15.9367,76.9763,0.138363,nan,58.6856,nan,1,1,3623.188,nan
closed_eye_1139.BMP_face_1,cerrado,B10,191.8365,0.087193,9.6321,57.7287,100.0,8.5083,CRITICA,5.0885,0.429608,14.4272,69.9073,nan,nan,nan,nan,1,0,3516.174,nan
closed_eye_1139.BMP_face_1,cerrado,B15,191.8365,0.087193,14.4143,64.9145,100.0,9.32,CRITICA,5.5614,0.486303,13.9935,66.1616,0.112944,nan,29.5323,nan,1,1,2051.703,nan
closed_eye_1139.BMP_face_1,cerrado,B25,191.8365,0.087193,24.4615,74.9468,54.6954,11.4125,CRITICA,6.2472,0.558212,14.0196,60.9319,0.103353,0.121302,18.5336,39.1188,1,1,3696.858,nan
closed_eye_1139.BMP_face_1,cerrado,B40,191.8365,0.087193,39.479,83.924,20.6427,13.6848,BIEN,6.958,0.627131,15.0743,56.2523,0.088828,0.094364,1.8752,8.2237,1,1,2189.142,nan
closed_eye_1152.jpg_face_1,cerrado,B5,193.0995,0.073798,4.3648,44.2599,100.0,7.9266,CRITICA,4.35,0.291001,16.0189,77.0792,0.094271,nan,27.7414,nan,1,1,3234.153,nan
closed_eye_1152.jpg_face_1,cerrado,B10,193.0995,0.073798,9.387,57.4438,100.0,9.2035,CRITICA,5.1115,0.387963,14.4745,70.2517,0.077369,0.168327,4.8385,128.0899,1,1,3455.425,nan
closed_eye_1152.jpg_face_1,cerrado,B15,193.0995,0.073798,14.4702,65.0496,100.0,9.7467,CRITICA,5.5885,0.439299,14.0297,66.3129,0.075045,0.113309,1.6894,53.5389,1,1,3815.337,nan
closed_eye_1152.jpg_face_1,cerrado,B25,193.0995,0.073798,24.5098,74.9301,63.1356,11.8597,CRITICA,6.2577,0.513886,14.0862,61.1961,0.075542,0.075179,2.3629,1.8714,1,1,4139.073,nan
closed_eye_1152.jpg_face_1,cerrado,B40,193.0995,0.073798,39.4724,84.1609,26.6295,14.4204,BIEN,6.9704,0.585251,15.1132,56.4158,0.068868,0.079788,6.6806,8.1159,1,1,3052.503,nan
closed_eye_1153.jpg_face_1,cerrado,B5,227.012,0.030307,4.4925,45.3276,100.0,5.3312,CRITICA,2.7861,0.296928,15.9211,80.0329,0.051818,nan,70.9753,nan,1,1,2451.581,nan
closed_eye_1153.jpg_face_1,cerrado,B10,227.012,0.030307,9.4465,57.8906,100.0,6.3558,CRITICA,3.412,0.383588,14.3964,74.4989,0.042012,0.200033,38.6187,560.016,1,1,2685.285,nan
closed_eye_1153.jpg_face_1,cerrado,B15,227.012,0.030307,14.3542,65.047,100.0,6.8278,CRITICA,3.7898,0.431084,13.9809,71.3464,0.077811,0.146927,156.7393,384.7916,1,1,2556.891,nan
closed_eye_1153.jpg_face_1,cerrado,B25,227.012,0.030307,24.4028,75.2798,81.3763,8.2894,CRITICA,4.3345,0.496712,13.9975,66.8388,0.044068,0.081258,45.4052,168.1138,1,1,2642.706,nan
closed_eye_1153.jpg_face_1,cerrado,B40,227.012,0.030307,39.4447,84.6014,10.6968,10.1325,BIEN,4.9115,0.562957,14.9786,62.7326,0.031676,0.046436,4.5157,53.2176,1,1,2865.33,nan
closed_eye_1181.jpg_face_1,cerrado,B5,138.8238,0.148451,4.4157,40.0859,100.0,19.5871,CRITICA,7.1093,0.268405,16.2361,71.1246,0.129594,0.222221,12.7021,49.6933,1,1,5271.481,nan
closed_eye_1181.jpg_face_1,cerrado,B10,138.8238,0.148451,9.4883,53.8365,100.0,20.7682,CRITICA,8.1661,0.40724,14.6928,61.2195,0.124766,0.173485,15.9546,16.8638,1,1,3434.066,nan
closed_eye_1181.jpg_face_1,cerrado,B15,138.8238,0.148451,14.4578,61.3828,85.1265,22.9098,CRITICA,8.841,0.471152,14.2847,55.7837,0.142165,0.17568,4.2344,18.342,1,1,3352.33,nan
closed_eye_1181.jpg_face_1,cerrado,B25,138.8238,0.148451,24.515,71.2156,41.5852,26.5755,CRITICA,9.8736,0.566559,14.402,48.7007,0.153345,0.161209,3.2969,8.5943,1,1,4011.232,nan
closed_eye_1181.jpg_face_1,cerrado,B40,138.8238,0.148451,39.5029,80.2993,33.6206,31.6044,BIEN,11.0685,0.668121,15.5795,42.1574,0.126756,0.146351,14.6144,1.4144,1,1,5017.562,nan
closed_eye_1193.jpg_face_1,cerrado,B5,176.1661,0.042686,4.4358,45.1201,100.0,4.42,CRITICA,5.4641,0.339725,15.8644,74.3878,0.100373,nan,135.1442,nan,1,1,2578.649,nan
closed_eye_1193.jpg_face_1,cerrado,B10,176.1661,0.042686,9.5187,58.2298,100.0,5.2927,CRITICA,6.3078,0.436195,14.3977,66.9461,0.058702,nan,37.5222,nan,1,1,2820.079,nan
closed_eye_1193.jpg_face_1,cerrado,B15,176.1661,0.042686,14.3651,65.2653,99.989,5.875,CRITICA,6.8586,0.492251,13.9566,62.9524,0.048041,0.142617,12.5464,234.1085,1,1,2728.513,nan
closed_eye_1193.jpg_face_1,cerrado,B25,176.1661,0.042686,24.4673,75.4147,64.7983,7.4371,CRITICA,7.6543,0.566016,13.9831,57.1911,0.044631,0.104716,4.5574,145.3183,1,1,2450.38,nan
closed_eye_1193.jpg_face_1,cerrado,B40,176.1661,0.042686,39.4355,84.5483,27.4239,9.3125,BIEN,8.4846,0.638362,15.0149,52.0065,0.036799,0.057881,13.7907,35.5967,1,1,3183.699,nan
closed_eye_1194.jpg_face_3,cerrado,B5,191.0719,0.050284,4.4106,44.7971,100.0,5.6453,CRITICA,4.5877,0.304436,16.0449,76.5549,0.067631,nan,34.4981,nan,1,1,1707.359,nan
closed_eye_1194.jpg_face_3,cerrado,B10,191.0719,0.050284,9.4521,57.8251,100.0,6.6278,CRITICA,5.3752,0.401859,14.4801,69.7365,0.080696,0.188588,60.4812,275.0467,1,1,1647.718,nan
closed_eye_1194.jpg_face_3,cerrado,B15,191.0719,0.050284,14.5151,65.3856,99.9975,7.4019,CRITICA,5.8653,0.457735,14.035,65.7796,0.048336,0.100347,3.8731,99.5605,1,1,1932.367,nan
closed_eye_1194.jpg_face_3,cerrado,B25,191.0719,0.050284,24.4796,75.308,63.7635,9.0664,CRITICA,6.5604,0.529906,14.0508,60.5866,0.071002,0.096613,41.2034,92.1347,1,1,2034.174,nan
closed_eye_1194.jpg_face_3,cerrado,B40,191.0719,0.050284,39.4834,84.299,22.5711,10.9442,BIEN,7.2695,0.598768,15.1099,55.881,0.034583,0.067067,31.2245,33.3766,1,1,2149.151,nan
closed_eye_1199.jpg_face_1,cerrado,B5,188.476,0.059254,4.3707,44.2831,100.0,7.5651,CRITICA,4.6632,0.257625,16.0848,76.5047,0.067518,nan,13.9472,nan,1,1,2248.707,nan
closed_eye_1199.jpg_face_1,cerrado,B10,188.476,0.059254,9.3394,57.3774,100.0,8.3902,CRITICA,5.4557,0.34533,14.5034,69.5572,0.064648,0.140381,9.1035,136.914,1,1,1881.822,nan
closed_eye_1199.jpg_face_1,cerrado,B15,188.476,0.059254,14.5001,65.1508,99.9991,9.2266,CRITICA,5.9687,0.39956,14.0356,65.4328,0.046277,0.125384,21.9002,111.6034,1,1,2158.895,nan
closed_eye_1199.jpg_face_1,cerrado,B25,188.476,0.059254,24.4606,75.0054,55.4476,11.3764,CRITICA,6.6697,0.474977,14.0656,60.2043,0.04897,0.096468,17.3557,62.8046,1,1,2150.538,nan
closed_eye_1199.jpg_face_1,cerrado,B40,188.476,0.059254,39.4906,84.0784,24.7732,13.7726,BIEN,7.3999,0.550722,15.1332,55.3904,0.032278,0.053404,45.5254,9.8735,1,1,1684.352,nan
closed_eye_1205.jpg_face_2,cerrado,B5,185.0702,0.026475,4.3118,43.1273,100.0,11.1458,CRITICA,4.6808,0.30201,16.1304,76.6968,0.037511,nan,41.6886,nan,1,1,2055.076,nan
closed_eye_1205.jpg_face_2,cerrado,B10,185.0702,0.026475,9.314,56.6065,100.0,12.073,CRITICA,5.4839,0.399021,14.5295,69.4135,0.024062,0.121649,9.1143,359.4946,1,1,2590.674,nan
closed_eye_1205.jpg_face_2,cerrado,B15,185.0702,0.026475,14.4701,64.1625,100.0,12.9259,CRITICA,5.9941,0.458575,14.0846,65.3307,0.031449,0.078603,18.7892,196.8991,1,1,2916.302,nan
closed_eye_1205.jpg_face_2,cerrado,B25,185.0702,0.026475,24.4931,74.2572,39.6649,15.4384,CRITICA,6.7095,0.536399,14.1215,59.8762,0.017524,0.050534,33.8081,90.8782,1,1,1956.947,nan
closed_eye_1205.jpg_face_2,cerrado,B40,185.0702,0.026475,39.4949,83.386,21.7643,18.3306,BIEN,7.4649,0.609743,15.1932,54.9436,0.019779,0.028211,25.2909,6.5605,1,1,2235.636,nan
closed_eye_1219.jpg_face_1,cerrado,B5,138.7718,0.097395,4.5393,43.7124,100.0,12.4397,CRITICA,7.6786,0.385572,15.9786,68.5005,nan,nan,nan,nan,1,0,2719.608,nan
closed_eye_1219.jpg_face_1,cerrado,B10,138.7718,0.097395,9.3902,56.2478,100.0,12.3237,CRITICA,8.7932,0.500369,14.4982,59.4674,0.199316,nan,104.648,nan,1,1,3029.385,nan
closed_eye_1219.jpg_face_1,cerrado,B15,138.7718,0.097395,14.4713,64.0924,99.9513,13.5799,CRITICA,9.5643,0.569304,14.0469,53.8146,0.181316,0.199736,86.1662,105.0794,1,1,5327.65,nan
closed_eye_1219.jpg_face_1,cerrado,B25,138.7718,0.097395,24.4753,73.7486,55.1173,16.0012,CRITICA,10.6495,0.649616,14.124,46.8562,0.150539,0.173925,54.5656,78.5775,1,1,3916.961,nan
closed_eye_1219.jpg_face_1,cerrado,B40,138.7718,0.097395,39.509,83.1085,26.256,19.1,BIEN,11.91,0.733069,15.228,40.1114,0.134187,0.148842,37.7769,52.8239,1,1,4189.359,nan
closed_eye_1220.jpg_face_1,cerrado,B5,156.7839,0.07684,4.5256,40.1076,100.0,20.2614,CRITICA,5.7681,0.344699,16.3154,74.4185,0.066703,0.193033,13.1924,151.214,1,1,1788.909,nan
closed_eye_1220.jpg_face_1,cerrado,B10,156.7839,0.07684,9.5118,51.7218,100.0,25.289,CRITICA,6.6545,0.453714,14.811,67.0108,0.071281,0.10339,7.2347,34.5524,1,1,2055.499,nan
closed_eye_1220.jpg_face_1,cerrado,B15,156.7839,0.07684,14.5284,58.8425,76.4824,28.4968,CRITICA,7.2103,0.508697,14.4334,62.4691,0.063725,0.08611,17.0677,12.0635,1,1,1925.669,nan
closed_eye_1220.jpg_face_1,cerrado,B25,156.7839,0.07684,24.4995,68.522,42.5852,33.1543,CRITICA,8.0727,0.588378,14.534,56.2953,0.072254,0.071711,5.9689,6.6745,1,1,1365.188,nan
closed_eye_1220.jpg_face_1,cerrado,B40,156.7839,0.07684,39.5824,78.9139,32.8932,36.4655,CRITICA,9.0463,0.698428,15.6911,49.6671,0.076263,0.069091,0.751,10.0849,1,1,2276.349,nan
closed_eye_1228.jpg_face_2,cerrado,B5,159.8569,0.116543,4.5129,42.9248,100.0,15.4642,CRITICA,6.1174,0.324326,15.9573,73.148,0.157963,nan,35.54,nan,1,1,4992.512,nan
closed_eye_1228.jpg_face_2,cerrado,B10,159.8569,0.116543,9.5174,55.7625,100.0,17.0146,CRITICA,7.0209,0.440903,14.5107,65.1172,0.147053,0.197841,26.179,69.7575,1,1,4393.673,nan
closed_eye_1228.jpg_face_2,cerrado,B15,159.8569,0.116543,14.513,63.2911,98.2506,18.4825,CRITICA,7.6099,0.50714,14.1069,60.4076,0.152294,0.171193,30.6763,46.8922,1,1,4105.09,nan
closed_eye_1228.jpg_face_2,cerrado,B25,159.8569,0.116543,24.4686,73.0153,41.0072,21.1646,CRITICA,8.4811,0.592274,14.1726,54.3246,0.14883,0.165035,27.7037,41.6083,1,1,4591.368,nan
closed_eye_1228.jpg_face_2,cerrado,B40,159.8569,0.116543,39.5749,82.3517,24.5588,24.7931,BIEN,9.4516,0.67226,15.2847,48.4841,0.13753,0.128552,18.0078,10.3038,1,1,3139.717,nan
closed_eye_1232.jpg_face_2,cerrado,B5,113.6298,0.088487,4.6373,39.9794,100.0,18.2366,CRITICA,9.331,0.49856,16.4668,64.8161,0.079594,nan,10.0502,nan,1,1,1646.091,nan
closed_eye_1232.jpg_face_2,cerrado,B10,113.6298,0.088487,9.5521,53.2521,99.9818,20.6315,CRITICA,10.5713,0.646657,14.9736,53.1354,0.106126,0.109026,19.9345,23.212,1,1,1239.926,nan
closed_eye_1232.jpg_face_2,cerrado,B15,113.6298,0.088487,14.47,60.1976,90.6222,22.0452,CRITICA,11.3632,0.717232,14.6406,47.0231,0.086992,0.08253,1.6895,6.732,1,1,1377.6,nan
closed_eye_1232.jpg_face_2,cerrado,B25,113.6298,0.088487,24.5171,70.0823,44.7538,25.9528,CRITICA,12.7259,0.788949,14.7785,38.324,0.080137,0.076226,9.4363,13.856,1,1,1187.931,nan
closed_eye_1232.jpg_face_2,cerrado,B40,113.6298,0.088487,39.4985,79.2688,36.4766,30.8076,CRITICA,14.4277,0.850559,16.0082,30.2394,0.085378,0.090762,3.5129,2.5713,1,1,1229.861,nan
closed_eye_1236.jpg_face_1,cerrado,B5,108.1607,0.06963,4.4645,43.504,100.0,8.7855,CRITICA,11.2186,0.524923,16.4454,59.7784,0.15779,nan,126.6116,nan,1,1,2457.606,nan
closed_eye_1236.jpg_face_1,cerrado,B10,108.1607,0.06963,9.498,56.7988,99.8328,9.8074,CRITICA,12.8731,0.723982,14.7633,47.4866,0.081875,0.166913,17.5853,139.7136,1,1,3152.585,nan
closed_eye_1236.jpg_face_1,cerrado,B15,108.1607,0.06963,14.4886,64.4818,90.0457,11.1697,CRITICA,14.0161,0.78096,14.3302,40.3833,0.102735,0.159996,47.5431,129.7792,1,1,2854.696,nan
closed_eye_1236.jpg_face_1,cerrado,B25,108.1607,0.06963,24.4885,73.9131,69.6946,13.5346,CRITICA,15.6813,0.841677,14.4366,31.6636,0.078843,0.126133,13.2313,81.1464,1,1,2694.691,nan
closed_eye_1236.jpg_face_1,cerrado,B40,108.1607,0.06963,39.4919,83.0976,36.7438,16.7764,BIEN,17.8551,0.894902,15.5386,23.1721,0.075062,0.085395,7.801,22.6403,1,1,2954.21,nan
closed_eye_1237.jpg_face_1,cerrado,B5,163.3592,0.040925,4.4944,44.8132,100.0,7.832,CRITICA,6.2848,0.331867,15.9082,72.5677,0.140616,nan,243.5978,nan,1,1,3402.518,nan
closed_eye_1237.jpg_face_1,cerrado,B10,163.3592,0.040925,9.4453,57.7303,100.0,8.512,CRITICA,7.2265,0.443659,14.4346,64.6605,0.072741,0.175859,77.7448,329.716,1,1,5221.932,nan
closed_eye_1237.jpg_face_1,cerrado,B15,163.3592,0.040925,14.465,65.1265,99.6675,9.1958,CRITICA,7.8107,0.498232,14.0113,60.1329,0.055406,0.103952,35.3845,154.0089,1,1,4672.897,nan
closed_eye_1237.jpg_face_1,cerrado,B25,163.3592,0.040925,24.4652,74.9644,56.9563,10.9579,CRITICA,8.694,0.578909,14.0482,54.1107,0.050145,0.077096,22.5305,88.3857,1,1,4196.391,nan
closed_eye_1237.jpg_face_1,cerrado,B40,163.3592,0.040925,39.5071,84.091,22.7102,13.3286,BIEN,9.6255,0.656805,15.1167,48.5239,0.044533,0.044181,8.8167,7.9566,1,1,5005.005,nan
closed_eye_1237.jpg_face_2,cerrado,B5,134.6662,0.082437,4.3521,44.5108,100.0,7.4008,CRITICA,8.3155,0.402049,16.1537,66.9473,0.165707,nan,101.0097,nan,1,1,3635.041,nan
closed_eye_1237.jpg_face_2,cerrado,B10,134.6662,0.082437,9.42,57.1255,100.0,8.5175,CRITICA,9.5831,0.521499,14.5231,57.58,0.127931,0.166612,55.1863,102.108,1,1,4123.712,nan
closed_eye_1237.jpg_face_2,cerrado,B15,134.6662,0.082437,14.5518,65.1067,99.0424,10.1199,CRITICA,10.4031,0.592909,14.0771,51.6533,0.097526,0.117895,18.303,43.0119,1,1,3424.657,nan
closed_eye_1237.jpg_face_2,cerrado,B25,134.6662,0.082437,24.5173,74.5715,59.1361,12.0718,CRITICA,11.5585,0.673888,14.1333,44.6249,0.095468,0.113528,15.807,37.7141,1,1,4329.004,nan
closed_eye_1237.jpg_face_2,cerrado,B40,134.6662,0.082437,39.5183,83.7688,30.3444,15.0464,BIEN,12.9057,0.756465,15.2222,37.7952,0.087751,0.09553,6.4458,15.882,1,1,4327.131,nan
closed_eye_1240.jpg_face_2,cerrado,B5,135.6346,0.055554,4.3973,43.3763,100.0,11.9662,CRITICA,8.0427,0.453348,16.0663,68.0197,0.066026,nan,18.851,nan,1,1,2451.581,nan
closed_eye_1240.jpg_face_2,cerrado,B10,135.6346,0.055554,9.4042,56.4991,99.9837,13.0542,CRITICA,9.2012,0.593129,14.5493,58.3446,0.050738,0.174312,8.6688,213.7725,1,1,2255.3,nan
closed_eye_1240.jpg_face_2,cerrado,B15,135.6346,0.055554,14.4141,63.9668,95.0301,14.7928,CRITICA,9.981,0.656952,14.116,52.8388,0.067982,0.103552,22.3721,86.4002,1,1,2186.27,nan
closed_eye_1240.jpg_face_2,cerrado,B25,135.6346,0.055554,24.4831,73.7852,49.6583,17.8091,CRITICA,11.1313,0.733371,14.1816,45.6,0.040947,0.089466,26.2935,61.0438,1,1,2284.67,nan
closed_eye_1240.jpg_face_2,cerrado,B40,135.6346,0.055554,39.4858,82.9111,30.6262,21.7643,BIEN,12.4595,0.803624,15.2837,38.8717,0.045878,0.045076,17.416,18.8599,1,1,2092.488,nan
closed_eye_1242.jpg_face_1,cerrado,B5,132.6519,0.074251,4.2649,42.7983,100.0,12.1675,CRITICA,8.4276,0.46766,16.3092,67.7364,0.074077,nan,0.2345,nan,1,1,1396.063,nan
closed_eye_1242.jpg_face_1,cerrado,B10,132.6519,0.074251,9.4745,56.2388,100.0,13.1963,CRITICA,9.7374,0.621928,14.62,57.6042,0.088457,0.171803,19.1323,131.3816,1,1,1779.676,nan
closed_eye_1242.jpg_face_1,cerrado,B15,132.6519,0.074251,14.5006,64.3268,99.8209,13.8288,CRITICA,10.588,0.702864,14.1247,51.5071,0.071549,0.13415,3.639,80.6715,1,1,1543.925,nan
closed_eye_1242.jpg_face_1,cerrado,B25,132.6519,0.074251,24.5177,73.8917,52.4969,16.2719,CRITICA,11.7704,0.774063,14.2121,44.2965,0.073829,0.099769,0.5683,34.3672,1,1,1193.745,nan
closed_eye_1242.jpg_face_1,cerrado,B40,132.6519,0.074251,39.4817,83.0348,25.1597,19.5127,BIEN,13.1674,0.837874,15.2992,37.404,0.074579,0.083499,0.4418,12.4548,1,1,1829.157,nan
closed_eye_1243.jpg_face_4,cerrado,B5,127.932,0.061135,4.3161,40.4159,100.0,18.2314,CRITICA,8.1445,0.394562,16.3441,68.4083,0.077441,nan,26.6708,nan,1,1,4338.395,nan
closed_eye_1243.jpg_face_4,cerrado,B10,127.932,0.061135,9.4508,53.4195,100.0,21.1295,CRITICA,9.3368,0.536362,14.7853,58.2438,0.050396,0.166754,17.5668,172.7613,1,1,4636.068,nan
closed_eye_1243.jpg_face_4,cerrado,B15,127.932,0.061135,14.4864,61.495,87.2031,22.6696,CRITICA,10.1528,0.608233,14.3067,51.9314,0.051651,0.110103,15.5132,80.097,1,1,4524.886,nan
closed_eye_1243.jpg_face_4,cerrado,B25,127.932,0.061135,24.4761,71.0025,43.332,25.7262,CRITICA,11.2895,0.694453,14.4426,44.4998,0.044131,0.062629,27.8147,2.4425,1,1,4020.909,nan
closed_eye_1243.jpg_face_4,cerrado,B40,127.932,0.061135,39.5055,80.4136,30.3945,30.4305,BIEN,12.7174,0.775322,15.6115,37.1435,0.052508,0.055719,14.112,8.8591,1,1,4035.512,nan
closed_eye_1249.jpg_face_1,cerrado,B5,139.4056,0.065092,4.2308,43.975,100.0,7.4247,CRITICA,7.9714,0.262679,16.3346,68.4553,nan,nan,nan,nan,1,0,4251.701,nan
closed_eye_1249.jpg_face_1,cerrado,B10,139.4056,0.065092,9.4389,57.2331,100.0,8.0966,CRITICA,9.2468,0.360524,14.5665,58.9449,nan,nan,nan,nan,1,0,4977.6,nan
closed_eye_1249.jpg_face_1,cerrado,B15,139.4056,0.065092,14.5227,65.1517,99.815,9.1217,CRITICA,10.0397,0.434648,14.0898,53.2647,0.097073,0.164252,49.1332,152.3399,1,1,4980.08,nan
closed_eye_1249.jpg_face_1,cerrado,B25,139.4056,0.065092,24.5444,74.8233,59.0657,10.9727,CRITICA,11.1367,0.522874,14.1471,46.3269,0.069799,0.116154,7.2321,78.4472,1,1,6485.085,nan
closed_eye_1249.jpg_face_1,cerrado,B40,139.4056,0.065092,39.4806,83.9431,30.9436,13.7416,BIEN,12.4108,0.638012,15.215,39.785,0.077596,0.087391,19.2114,34.2582,1,1,5750.431,nan
closed_eye_1253.jpg_face_1,cerrado,B5,124.4409,0.105741,4.3613,44.679,100.0,6.6352,CRITICA,9.4561,0.453571,16.1547,64.0962,0.161972,nan,53.1788,nan,1,1,3918.495,nan
closed_eye_1253.jpg_face_1,cerrado,B10,124.4409,0.105741,9.486,57.4227,100.0,8.3144,CRITICA,10.8599,0.584073,14.588,53.8555,0.139268,nan,31.7076,nan,1,1,4847.31,nan
closed_eye_1253.jpg_face_1,cerrado,B15,124.4409,0.105741,14.5039,65.2089,95.0788,9.4186,CRITICA,11.8175,0.653051,14.0823,47.5985,0.13142,0.152099,24.2855,43.8415,1,1,4466.28,nan
closed_eye_1253.jpg_face_1,cerrado,B25,124.4409,0.105741,24.4987,74.5985,69.7498,11.3596,CRITICA,13.1372,0.728658,14.1834,40.0531,0.11569,0.132266,9.4092,25.085,1,1,3783.579,nan
closed_eye_1253.jpg_face_1,cerrado,B40,124.4409,0.105741,39.4939,83.8915,27.7095,14.1526,BIEN,14.7813,0.806705,15.2485,32.5853,0.109035,0.1244,3.1153,17.6464,1,1,4088.307,nan
closed_eye_1255.jpg_face_2,cerrado,B5,93.0388,0.072963,4.4872,44.7442,100.0,6.6422,CRITICA,13.52,0.572162,15.8537,51.908,0.138285,nan,89.5282,nan,1,1,5076.142,nan
closed_eye_1255.jpg_face_2,cerrado,B10,93.0388,0.072963,9.5148,57.6755,98.7015,7.5932,CRITICA,15.759,0.692987,14.3888,38.0091,nan,nan,nan,nan,1,0,4347.826,nan
closed_eye_1255.jpg_face_2,cerrado,B15,93.0388,0.072963,14.4349,65.3769,95.973,8.5953,CRITICA,17.4745,0.752759,13.9292,29.7316,nan,nan,nan,nan,1,0,3705.076,nan
closed_eye_1255.jpg_face_2,cerrado,B25,93.0388,0.072963,24.4987,74.9459,70.9566,10.5783,CRITICA,20.2972,0.828587,13.992,19.4466,0.079056,0.108212,8.3511,48.3117,1,1,5938.242,nan
closed_eye_1255.jpg_face_2,cerrado,B40,93.0388,0.072963,39.4619,84.1226,28.5339,13.336,BIEN,24.0687,0.891673,15.0508,9.5833,0.06689,0.092989,8.3236,27.4477,1,1,5995.204,nan
closed_eye_1265.jpg_face_2,cerrado,B5,107.9289,0.018896,4.4301,44.6912,100.0,6.867,CRITICA,11.1648,0.552079,16.1321,58.592,0.057541,nan,204.5074,nan,1,1,4646.841,nan
closed_eye_1265.jpg_face_2,cerrado,B10,107.9289,0.018896,9.435,57.2728,100.0,7.8229,CRITICA,12.9125,0.682775,14.5575,46.9347,0.037486,0.115524,98.3796,511.3606,1,1,4003.202,nan
closed_eye_1265.jpg_face_2,cerrado,B15,107.9289,0.018896,14.5128,64.8724,99.9403,9.3069,CRITICA,14.1594,0.752586,14.0985,39.8934,0.035639,0.066252,88.6043,250.6114,1,1,4395.604,nan
closed_eye_1265.jpg_face_2,cerrado,B25,107.9289,0.018896,24.4991,74.3765,62.3757,11.2043,CRITICA,15.9477,0.820876,14.1773,31.0876,0.033782,0.038014,78.7786,101.1716,1,1,3512.469,nan
closed_eye_1265.jpg_face_2,cerrado,B40,107.9289,0.018896,39.4938,83.6262,27.5702,13.8107,BIEN,18.2614,0.881991,15.2644,22.5173,0.032159,0.031724,70.186,67.8845,1,1,3435.246,nan
closed_eye_1266.jpg_face_1,cerrado,B5,131.1072,0.062737,4.366,44.6211,100.0,5.6911,CRITICA,9.2292,0.475417,16.1801,65.9659,0.088089,nan,40.4099,nan,1,1,2630.195,nan
closed_eye_1266.jpg_face_1,cerrado,B10,131.1072,0.062737,9.362,57.6032,99.9979,6.8179,CRITICA,10.5882,0.609743,14.5767,56.0641,0.077691,0.161974,23.8358,158.1807,1,1,2096.876,nan
closed_eye_1266.jpg_face_1,cerrado,B15,131.1072,0.062737,14.5703,65.3836,99.6733,7.8286,CRITICA,11.5193,0.678937,14.1113,50.1297,0.065638,0.112447,4.6251,79.236,1,1,1977.066,nan
closed_eye_1266.jpg_face_1,cerrado,B25,131.1072,0.062737,24.4807,75.2182,64.3902,9.5451,CRITICA,12.8425,0.757093,14.1341,42.6285,0.069893,0.090815,11.4064,44.7557,1,1,1324.328,nan
closed_eye_1266.jpg_face_1,cerrado,B40,131.1072,0.062737,39.491,84.2073,24.2881,11.7629,BIEN,14.3326,0.825302,15.1926,35.7722,0.067055,0.076412,6.8829,21.7979,1,1,2574.002,nan
closed_eye_1269.jpg_face_1,cerrado,B5,179.8139,0.113236,4.4238,44.2402,100.0,8.9585,CRITICA,5.1371,0.315182,16.0907,75.3967,0.166442,nan,46.9876,nan,1,1,4385.965,nan
closed_eye_1269.jpg_face_1,cerrado,B10,179.8139,0.113236,9.495,57.5352,100.0,9.849,CRITICA,5.9931,0.424338,14.4875,68.0029,nan,nan,nan,nan,1,0,4111.842,nan
closed_eye_1269.jpg_face_1,cerrado,B15,179.8139,0.113236,14.542,64.8577,99.9752,10.9865,CRITICA,6.4852,0.482216,14.1059,63.9307,0.17015,nan,50.262,nan,1,1,4251.701,nan
closed_eye_1269.jpg_face_1,cerrado,B25,179.8139,0.113236,24.5243,74.673,49.054,13.0669,CRITICA,7.2513,0.559908,14.115,58.4721,0.119879,nan,5.8667,nan,1,1,4325.26,nan
closed_eye_1269.jpg_face_1,cerrado,B40,179.8139,0.113236,39.4985,83.7358,26.9062,15.8301,BIEN,8.021,0.631405,15.1917,53.432,0.122065,0.135157,7.7974,19.3592,1,1,4668.534,nan
closed_eye_1270.jpg_face_1,cerrado,B5,90.5272,0.089427,4.5079,39.5261,100.0,19.9062,CRITICA,11.6834,0.462689,16.4537,56.3378,0.123225,nan,37.7928,nan,1,1,4943.153,nan
closed_eye_1270.jpg_face_1,cerrado,B10,90.5272,0.089427,9.458,52.8996,87.0927,22.0575,CRITICA,13.3456,0.634768,14.922,41.5649,0.109492,0.150808,22.4364,68.6373,1,1,3913.894,nan
closed_eye_1270.jpg_face_1,cerrado,B15,90.5272,0.089427,14.4631,60.7981,74.2994,22.9108,CRITICA,14.4233,0.710889,14.5178,32.84,0.09362,0.141518,4.6882,58.2493,1,1,4633.921,nan
closed_eye_1270.jpg_face_1,cerrado,B25,90.5272,0.089427,24.4802,70.2351,60.9478,27.6543,CRITICA,16.2963,0.782374,14.6869,22.4155,0.091946,0.115861,2.816,29.5588,1,1,4191.115,nan
closed_eye_1270.jpg_face_1,cerrado,B40,90.5272,0.089427,39.4656,79.2223,54.2493,34.0129,CRITICA,18.8262,0.853257,15.9506,12.4878,0.084083,0.089999,5.976,0.6393,1,1,4239.084,nan
closed_eye_1274.jpg_face_1,cerrado,B5,85.3267,0.129129,4.4224,43.5188,100.0,11.1163,CRITICA,13.8472,0.569113,16.1705,48.9974,nan,nan,nan,nan,1,0,6056.935,nan
closed_eye_1274.jpg_face_1,cerrado,B10,85.3267,0.129129,9.3973,56.3651,95.2549,12.5007,CRITICA,16.1376,0.706739,14.6246,33.942,0.153685,nan,19.0169,nan,1,1,6353.241,nan
closed_eye_1274.jpg_face_1,cerrado,B15,85.3267,0.129129,14.4976,64.2133,88.1961,14.1017,CRITICA,17.7427,0.763949,14.1597,24.7441,0.151518,0.183636,17.3387,42.2116,1,1,6896.552,nan
closed_eye_1274.jpg_face_1,cerrado,B25,85.3267,0.129129,24.4553,73.4659,75.2549,17.0925,CRITICA,20.1673,0.838919,14.2591,13.9004,0.13714,0.179826,6.2043,39.2611,1,1,5817.336,nan
closed_eye_1274.jpg_face_1,cerrado,B40,85.3267,0.129129,39.5047,82.7118,40.1569,21.4712,BIEN,23.224,0.902529,15.3937,3.0646,0.148237,0.138604,14.7982,7.338,1,1,6587.616,nan
closed_eye_1276.jpg_face_6,cerrado,B5,92.0804,0.088142,4.5115,39.1527,100.0,21.6276,CRITICA,11.7328,0.460692,16.2563,57.4799,0.094656,nan,7.391,nan,1,1,4110.152,nan
closed_eye_1276.jpg_face_6,cerrado,B10,92.0804,0.088142,9.5296,52.3362,99.1734,23.9271,CRITICA,13.4123,0.599754,14.8208,43.1625,0.118885,0.155109,34.8792,75.9765,1,1,6009.615,nan
closed_eye_1276.jpg_face_6,cerrado,B15,92.0804,0.088142,14.4742,59.7045,71.0496,25.8149,CRITICA,14.6085,0.666601,14.4283,35.1605,0.103708,0.132575,17.6598,50.4114,1,1,5938.243,nan
closed_eye_1276.jpg_face_6,cerrado,B25,92.0804,0.088142,24.5124,69.4348,46.4245,29.911,CRITICA,16.5939,0.758508,14.6108,24.5933,0.103054,0.105671,16.9187,19.8873,1,1,4904.365,nan
closed_eye_1276.jpg_face_6,cerrado,B40,92.0804,0.088142,39.4764,78.7088,39.0907,35.7236,CRITICA,19.3789,0.842095,15.8423,14.5217,0.095082,0.095657,7.874,8.5261,1,1,3512.469,nan
closed_eye_1278.jpg_face_3,cerrado,B5,125.1862,0.106663,4.3597,43.9783,100.0,8.8512,CRITICA,9.0448,0.442343,16.1074,64.8697,0.194684,0.207,82.5216,94.0683,1,1,4029.009,nan
closed_eye_1278.jpg_face_3,cerrado,B10,125.1862,0.106663,9.4187,56.9693,99.8229,10.3601,CRITICA,10.37,0.570746,14.5497,54.4923,0.147703,0.204134,38.4762,91.3815,1,1,3929.273,nan
closed_eye_1278.jpg_face_3,cerrado,B15,125.1862,0.106663,14.4721,64.73,90.297,11.9257,CRITICA,11.2727,0.637874,14.0768,48.293,0.154652,0.195083,44.9905,82.8962,1,1,4580.852,nan
closed_eye_1278.jpg_face_3,cerrado,B25,125.1862,0.106663,24.4462,74.2983,60.3462,14.6052,CRITICA,12.5663,0.721072,14.1518,40.6498,0.151263,0.162442,41.8136,52.2938,1,1,4208.754,nan
closed_eye_1278.jpg_face_3,cerrado,B40,125.1862,0.106663,39.503,83.4626,42.4605,18.1877,BIEN,14.1042,0.796941,15.2503,33.3292,0.135331,0.145609,26.8764,36.5128,1,1,3773.585,nan
closed_eye_1281.jpg_face_1,cerrado,B5,89.3347,0.078774,4.4384,42.1873,100.0,14.6579,CRITICA,13.213,0.497439,16.0723,52.7762,0.110155,nan,39.8372,nan,1,1,4796.163,nan
closed_eye_1281.jpg_face_1,cerrado,B10,89.3347,0.078774,9.424,55.6703,99.9718,15.5052,CRITICA,15.3147,0.62816,14.6149,37.6834,0.124328,0.149878,57.8283,90.2635,1,1,4960.318,nan
closed_eye_1281.jpg_face_1,cerrado,B15,89.3347,0.078774,14.4867,63.3376,83.1921,17.7153,CRITICA,16.8202,0.703479,14.1913,29.1009,0.093302,0.138797,18.4431,76.1972,1,1,5540.166,nan
closed_eye_1281.jpg_face_1,cerrado,B25,89.3347,0.078774,24.4562,72.7602,49.7175,21.1053,CRITICA,19.3309,0.793693,14.2921,18.5533,0.0772,0.095402,1.9976,21.1084,1,1,6570.301,nan
closed_eye_1281.jpg_face_1,cerrado,B40,89.3347,0.078774,39.4576,81.9444,35.9605,25.8979,BIEN,22.7232,0.877592,15.4406,8.2727,0.083824,0.090681,6.4107,15.116,1,1,6587.614,nan
closed_eye_1286.jpg_face_2,cerrado,B5,124.1956,0.065061,4.4412,44.4936,100.0,7.8639,CRITICA,9.6637,0.351969,16.0596,64.1746,0.117732,nan,80.957,nan,1,1,5162.623,nan
closed_eye_1286.jpg_face_2,cerrado,B10,124.1956,0.065061,9.4401,57.3238,100.0,9.4555,CRITICA,11.0812,0.475167,14.562,53.8439,0.117289,0.169673,80.2768,160.7925,1,1,3636.364,nan
closed_eye_1286.jpg_face_2,cerrado,B15,124.1956,0.065061,14.4787,64.8834,99.1638,10.262,CRITICA,12.0013,0.53624,14.1144,47.7571,0.100487,0.147432,54.4517,126.6065,1,1,6234.414,nan
closed_eye_1286.jpg_face_2,cerrado,B25,124.1956,0.065061,24.4575,74.6688,55.5414,12.4742,CRITICA,13.4482,0.638576,14.1501,39.8781,0.077863,0.106978,19.6779,64.4284,1,1,5373.455,nan
closed_eye_1286.jpg_face_2,cerrado,B40,124.1956,0.065061,39.5135,83.7856,28.7982,15.3131,BIEN,15.0926,0.737166,15.2293,32.5374,0.080369,0.081266,23.529,24.9089,1,1,4675.082,nan
closed_eye_1291.jpg_face_3,cerrado,B5,133.4583,0.086892,4.53,42.6148,100.0,14.5619,CRITICA,8.0787,0.291871,15.9553,68.0688,0.108132,nan,24.4442,nan,1,1,2794.858,nan
closed_eye_1291.jpg_face_3,cerrado,B10,133.4583,0.086892,9.4323,55.7912,100.0,15.6425,CRITICA,9.1829,0.399305,14.5651,58.1958,0.076922,0.156132,11.4741,79.685,1,1,5621.135,nan
closed_eye_1291.jpg_face_3,cerrado,B15,133.4583,0.086892,14.4422,63.3801,93.473,16.7577,CRITICA,9.962,0.462382,14.1264,52.5094,0.106479,0.134266,22.5425,54.5203,1,1,6045.949,nan
closed_eye_1291.jpg_face_3,cerrado,B25,133.4583,0.086892,24.48,73.1312,47.7339,19.8537,CRITICA,11.1218,0.562799,14.2123,45.203,0.095085,0.096404,9.4293,10.9474,1,1,4875.67,nan
closed_eye_1291.jpg_face_3,cerrado,B40,133.4583,0.086892,39.4628,82.34,30.5643,23.87,BIEN,12.4821,0.668125,15.3217,38.3028,0.077988,0.07721,10.2467,11.1425,1,1,5800.464,nan
closed_eye_1295.jpg_face_2,cerrado,B5,106.11,0.0784,4.5512,44.0365,100.0,11.2606,CRITICA,11.1788,0.563387,15.9468,58.4992,0.09713,nan,23.89,nan,1,1,1389.275,nan
closed_eye_1295.jpg_face_2,cerrado,B10,106.11,0.0784,9.3785,56.4854,99.9903,11.656,CRITICA,12.848,0.708709,14.4981,46.7671,0.066451,0.136024,15.2408,73.5002,1,1,2331.002,nan
closed_eye_1295.jpg_face_2,cerrado,B15,106.11,0.0784,14.4635,64.2591,96.6608,12.8514,CRITICA,14.0708,0.769875,14.0447,39.441,0.062789,0.078624,19.9115,0.2862,1,1,2511.932,nan
closed_eye_1295.jpg_face_2,cerrado,B25,106.11,0.0784,24.4545,73.9217,57.4002,15.1749,CRITICA,15.9282,0.840665,14.1194,30.3348,0.070617,0.064694,9.9275,17.482,1,1,2272.211,nan
closed_eye_1295.jpg_face_2,cerrado,B40,106.11,0.0784,39.4719,83.2481,30.0695,18.5319,BIEN,18.3296,0.897935,15.2124,21.5455,0.062559,0.068458,20.206,12.6806,1,1,2249.719,nan
closed_eye_1297.jpg_face_2,cerrado,B5,101.8191,0.083769,4.421,40.2123,100.0,16.8218,CRITICA,10.3554,0.464508,16.5003,60.5062,0.135646,nan,61.9282,nan,1,1,4803.074,nan
closed_eye_1297.jpg_face_2,cerrado,B10,101.8191,0.083769,9.4721,53.9905,89.997,17.715,CRITICA,11.8112,0.67185,14.8959,46.9741,0.121306,0.169534,44.8093,102.3816,1,1,4775.549,nan
closed_eye_1297.jpg_face_2,cerrado,B15,101.8191,0.083769,14.483,61.5579,86.6078,19.6227,CRITICA,12.7746,0.734265,14.5098,39.5419,0.132105,0.153191,57.7004,82.8726,1,1,5060.729,nan
closed_eye_1297.jpg_face_2,cerrado,B25,101.8191,0.083769,24.4667,71.1371,62.3522,23.5203,CRITICA,14.3238,0.807246,14.6657,30.1338,0.10429,0.126792,24.4971,51.3583,1,1,5133.47,nan
closed_eye_1297.jpg_face_2,cerrado,B40,101.8191,0.083769,39.4562,80.2094,45.6793,28.9996,BIEN,16.4103,0.870474,15.9,21.2236,0.105871,0.122855,26.3838,46.6592,1,1,4852.014,nan
closed_eye_1304.jpg_face_2,cerrado,B5,130.9919,0.057373,4.3591,44.273,100.0,7.2851,CRITICA,8.8229,0.405304,16.0282,66.2017,0.112803,nan,96.6119,nan,1,1,4982.561,nan
closed_eye_1304.jpg_face_2,cerrado,B10,130.9919,0.057373,9.4185,57.399,100.0,8.7233,CRITICA,10.1122,0.537215,14.5015,56.1812,0.117362,0.146068,104.5573,154.5913,1,1,3432.887,nan
closed_eye_1304.jpg_face_2,cerrado,B15,130.9919,0.057373,14.4875,65.1468,98.1125,9.7997,CRITICA,11.0167,0.603246,14.0119,50.2666,0.100821,0.103132,75.7282,79.755,1,1,5417.119,nan
closed_eye_1304.jpg_face_2,cerrado,B25,130.9919,0.057373,24.459,74.9601,55.8628,11.9408,CRITICA,12.2866,0.68809,14.0692,42.775,0.08713,0.100082,51.8651,74.4397,1,1,4096.682,nan
closed_eye_1304.jpg_face_2,cerrado,B40,130.9919,0.057373,39.4785,84.0713,30.8477,14.7082,BIEN,13.7726,0.76874,15.126,35.8194,0.083613,0.087586,45.7345,52.6597,1,1,4608.295,nan
closed_eye_1305.jpg_face_1,cerrado,B5,165.7221,0.160787,4.4303,45.037,100.0,5.4697,CRITICA,6.2389,0.412157,15.9705,72.8238,0.20809,nan,29.42,nan,1,1,2020.61,nan
closed_eye_1305.jpg_face_1,cerrado,B10,165.7221,0.160787,9.4027,57.6741,100.0,6.5135,CRITICA,7.1743,0.524233,14.4462,65.1983,0.201944,nan,25.5975,nan,1,1,1780.627,nan
closed_eye_1305.jpg_face_1,cerrado,B15,165.7221,0.160787,14.4344,65.2072,99.9929,7.3179,CRITICA,7.7805,0.583535,14.0026,60.6527,0.198771,0.217739,23.6235,35.4208,1,1,1844.678,nan
closed_eye_1305.jpg_face_1,cerrado,B25,165.7221,0.160787,24.4783,75.1641,61.5858,9.1638,CRITICA,8.6604,0.659109,14.0253,54.6445,0.187691,0.187609,16.7325,16.682,1,1,1890.717,nan
closed_eye_1305.jpg_face_1,cerrado,B40,165.7221,0.160787,39.4722,84.5221,26.5589,11.3527,BIEN,9.5959,0.727083,15.0571,48.9977,0.189444,0.190558,17.8228,18.516,1,1,1166.997,nan
closed_eye_1312.jpg_face_2,cerrado,B5,142.1116,0.057039,4.4629,43.8667,100.0,6.2995,CRITICA,7.4762,0.465636,16.3322,69.1322,nan,nan,nan,nan,1,0,2552.974,nan
closed_eye_1312.jpg_face_2,cerrado,B10,142.1116,0.057039,9.5093,57.2611,100.0,7.5721,CRITICA,8.5481,0.645375,14.6823,59.7069,0.130864,nan,129.4266,nan,1,1,2483.238,nan
closed_eye_1312.jpg_face_2,cerrado,B15,142.1116,0.057039,14.4554,64.3844,99.6754,8.5129,CRITICA,9.1838,0.696971,14.2984,54.6945,nan,nan,nan,nan,1,0,1103.996,nan
closed_eye_1312.jpg_face_2,cerrado,B25,142.1116,0.057039,24.5059,73.9936,66.3853,10.5477,CRITICA,10.1889,0.769073,14.3869,47.9328,0.07492,nan,31.348,nan,1,1,2979.738,nan
closed_eye_1312.jpg_face_2,cerrado,B40,142.1116,0.057039,39.4754,83.2126,37.3496,13.1357,BIEN,11.3427,0.825282,15.4994,41.4456,0.076476,0.076471,34.0761,34.0678,1,1,1814.223,nan
closed_eye_1315.jpg_face_2,cerrado,B5,97.8597,0.049177,4.3423,42.3552,100.0,13.5903,CRITICA,11.7348,0.556254,16.3041,56.7185,0.037731,nan,23.2762,nan,1,1,3151.592,nan
closed_eye_1315.jpg_face_2,cerrado,B10,97.8597,0.049177,9.445,55.362,98.6366,15.7596,CRITICA,13.4722,0.70927,14.7524,43.4272,0.048296,0.105888,1.7917,115.3186,1,1,2725.538,nan
closed_eye_1315.jpg_face_2,cerrado,B15,97.8597,0.049177,14.5144,62.9858,89.4186,17.9095,CRITICA,14.6991,0.766753,14.2921,35.6366,0.041374,0.068703,15.8666,39.7052,1,1,1806.032,nan
closed_eye_1315.jpg_face_2,cerrado,B25,97.8597,0.049177,24.4985,72.3997,55.5632,20.6813,CRITICA,16.506,0.82957,14.4193,26.0168,0.045538,0.041732,7.3993,15.1397,1,1,1670.007,nan
closed_eye_1315.jpg_face_2,cerrado,B40,97.8597,0.049177,39.497,81.6591,38.3056,25.0154,BIEN,18.9915,0.886245,15.5589,16.5549,0.042026,0.040806,14.542,17.0226,1,1,3450.656,nan
closed_eye_1318.jpg_face_2,cerrado,B5,139.809,0.051229,4.5187,44.861,100.0,7.1701,CRITICA,8.1507,0.421394,15.926,67.9126,0.0714,nan,39.3737,nan,1,1,3141.69,nan
closed_eye_1318.jpg_face_2,cerrado,B10,139.809,0.051229,9.5107,57.7463,100.0,8.1297,CRITICA,9.322,0.55146,14.4604,58.6963,0.06777,0.144783,32.2883,182.6182,1,1,3093.102,nan
closed_eye_1318.jpg_face_2,cerrado,B15,139.809,0.051229,14.4676,65.1556,96.9908,9.1637,CRITICA,10.0725,0.613346,14.035,53.3967,0.067511,0.118919,31.7814,132.1305,1,1,1579.779,nan
closed_eye_1318.jpg_face_2,cerrado,B25,139.809,0.051229,24.4743,74.7844,69.8763,10.9416,CRITICA,11.2187,0.691862,14.0781,46.5096,0.05141,0.079937,0.3528,56.0369,1,1,3709.199,nan
closed_eye_1318.jpg_face_2,cerrado,B40,139.809,0.051229,39.5165,84.1425,26.5369,13.5045,BIEN,12.4891,0.764155,15.144,39.8161,0.07564,0.074947,47.6507,46.2971,1,1,3316.75,nan
closed_eye_1319.jpg_face_1,cerrado,B5,107.7161,0.084641,4.4383,43.3212,100.0,11.9964,CRITICA,10.4854,0.540115,16.1004,59.782,0.126786,nan,49.7939,nan,1,1,1383.317,nan
closed_eye_1319.jpg_face_1,cerrado,B10,107.7161,0.084641,9.5185,56.3214,99.9951,13.006,CRITICA,11.9844,0.689999,14.6204,47.7131,0.074567,0.159684,11.901,88.6616,1,1,2221.729,nan
closed_eye_1319.jpg_face_1,cerrado,B15,107.7161,0.084641,14.4789,63.5539,93.11,14.4729,CRITICA,12.9926,0.756435,14.1885,40.9987,0.079506,0.126235,6.0658,49.1429,1,1,1569.12,nan
closed_eye_1319.jpg_face_1,cerrado,B25,107.7161,0.084641,24.5033,73.1512,53.0753,17.3078,CRITICA,14.5734,0.821377,14.3164,32.0889,0.083581,0.086269,1.2521,1.9237,1,1,1588.562,nan
closed_eye_1319.jpg_face_1,cerrado,B40,107.7161,0.084641,39.4854,82.1657,33.4445,21.2923,BIEN,16.632,0.880589,15.4649,23.7201,0.075631,0.079828,10.644,5.6852,1,1,1674.481,nan
closed_eye_1324.jpg_face_1,cerrado,B5,78.864,0.093391,4.461,42.9571,100.0,13.0874,CRITICA,15.2792,0.650017,16.1701,45.5302,0.117049,0.179439,25.3321,92.1371,1,1,3245.7,nan
closed_eye_1324.jpg_face_1,cerrado,B10,78.864,0.093391,9.4866,56.1161,99.8776,13.8165,CRITICA,17.8437,0.78826,14.6656,28.8444,0.104064,0.132866,11.4286,42.2686,1,1,4591.368,nan
closed_eye_1324.jpg_face_1,cerrado,B15,78.864,0.093391,14.4641,63.4393,94.8485,15.2868,CRITICA,19.6568,0.8377,14.2293,19.5585,0.093091,0.106422,0.3213,13.9527,1,1,4789.272,nan
closed_eye_1324.jpg_face_1,cerrado,B25,78.864,0.093391,24.5013,73.1279,49.4649,18.15,CRITICA,22.4521,0.886619,14.3415,7.2733,0.086806,0.086736,7.0516,7.1264,1,1,3947.888,nan
closed_eye_1324.jpg_face_1,cerrado,B40,78.864,0.093391,39.5208,82.2893,32.573,22.2445,BIEN,25.2035,0.924783,15.4792,4.3434,0.079423,0.081864,14.9565,12.3433,1,1,4074.98,nan
closed_eye_1327.jpg_face_1,cerrado,B5,94.0171,0.057932,4.4786,41.6429,100.0,17.3224,CRITICA,12.3906,0.613427,16.1396,55.7071,0.107364,nan,85.327,nan,1,1,1831.166,nan
closed_eye_1327.jpg_face_1,cerrado,B10,94.0171,0.057932,9.4838,53.6587,99.9367,21.3511,CRITICA,14.2561,0.739143,14.7098,42.9267,nan,nan,nan,nan,1,0,3085.468,nan
closed_eye_1327.jpg_face_1,cerrado,B15,94.0171,0.057932,14.469,61.1081,88.3532,23.6165,CRITICA,15.6526,0.798753,14.2648,35.0032,0.06757,0.104817,16.6371,80.9315,1,1,2293.052,nan
closed_eye_1327.jpg_face_1,cerrado,B25,94.0171,0.057932,24.5358,70.9743,47.9317,26.3561,CRITICA,17.8309,0.857571,14.4012,24.5092,0.057997,0.061072,0.1122,5.4201,1,1,3097.893,nan
closed_eye_1327.jpg_face_1,cerrado,B40,94.0171,0.057932,39.5275,80.3232,31.7618,30.5034,BIEN,20.8898,0.906712,15.564,14.5653,0.055652,0.063081,3.9348,8.888,1,1,2972.652,nan
closed_eye_1333.jpg_face_10,cerrado,B5,105.5831,0.047066,4.2977,43.8039,100.0,9.1227,CRITICA,11.3641,0.379621,16.2694,58.5124,0.141642,nan,200.9465,nan,1,1,3243.594,nan
closed_eye_1333.jpg_face_10,cerrado,B10,105.5831,0.047066,9.5127,57.0357,99.9026,10.9611,CRITICA,13.1593,0.506002,14.6339,45.9803,0.067848,0.148548,44.1571,215.6195,1,1,3739.716,nan
closed_eye_1333.jpg_face_10,cerrado,B15,105.5831,0.047066,14.5325,64.6071,95.3571,12.5614,CRITICA,14.3485,0.578168,14.1782,38.8092,0.066217,0.115154,40.6904,144.6672,1,1,4522.84,nan
closed_eye_1333.jpg_face_10,cerrado,B25,105.5831,0.047066,24.4958,74.0172,49.8052,15.3665,CRITICA,16.1428,0.681711,14.2683,29.8967,0.059907,0.068422,27.2835,45.377,1,1,5488.474,nan
closed_eye_1333.jpg_face_10,cerrado,B40,105.5831,0.047066,39.4808,83.2068,32.1753,19.0232,BIEN,18.5103,0.78504,15.3507,21.1931,0.049859,0.046753,5.9356,0.6641,1,1,5260.389,nan
closed_eye_1336.jpg_face_2,cerrado,B5,107.9543,0.06104,4.4346,42.9045,100.0,14.367,CRITICA,10.8121,0.564307,15.9806,60.2568,0.064807,nan,6.1716,nan,1,1,1544.879,nan
closed_eye_1336.jpg_face_2,cerrado,B10,107.9543,0.06104,9.482,55.5096,99.5933,16.847,CRITICA,12.4191,0.693837,14.5124,48.5804,0.07074,0.113255,15.891,85.5422,1,1,1567.152,nan
closed_eye_1336.jpg_face_2,cerrado,B15,107.9543,0.06104,14.5139,62.8884,94.8271,18.7474,CRITICA,13.5567,0.75327,14.1004,41.7453,0.056832,0.073022,6.8931,19.6291,1,1,1866.368,nan
closed_eye_1336.jpg_face_2,cerrado,B25,107.9543,0.06104,24.5064,72.7185,48.6171,21.9812,CRITICA,15.3522,0.823081,14.1911,32.6396,0.06795,0.073199,11.3213,19.92,1,1,1766.784,nan
closed_eye_1336.jpg_face_2,cerrado,B40,107.9543,0.06104,39.5032,81.9144,28.8283,25.8737,BIEN,17.6483,0.881199,15.3109,24.1213,0.061111,0.065088,0.1165,6.6322,1,1,1852.881,nan
closed_eye_1338.jpg_face_1,cerrado,B5,122.0475,0.076069,4.5326,43.1242,100.0,13.5507,CRITICA,9.0897,0.44579,15.9058,64.6661,0.124324,nan,63.4362,nan,1,1,2978.85,nan
closed_eye_1338.jpg_face_1,cerrado,B10,122.0475,0.076069,9.4759,56.2928,99.8835,14.1585,CRITICA,10.3596,0.570424,14.4787,53.8763,0.108112,0.169525,42.1232,122.8565,1,1,2594.707,nan
closed_eye_1338.jpg_face_1,cerrado,B15,122.0475,0.076069,14.4369,63.7142,93.8774,15.7715,CRITICA,11.2527,0.641212,14.0638,47.7956,0.108462,0.152961,42.5834,101.0821,1,1,2728.513,nan
closed_eye_1338.jpg_face_1,cerrado,B25,122.0475,0.076069,24.4916,73.3521,48.2651,18.7291,CRITICA,12.616,0.725254,14.1572,39.8987,0.096769,0.113193,27.2128,48.8036,1,1,2555.584,nan
closed_eye_1338.jpg_face_1,cerrado,B40,122.0475,0.076069,39.4959,82.5441,30.3645,22.7533,BIEN,14.2627,0.806097,15.2769,32.3673,0.081866,0.08614,7.6211,13.2395,1,1,1617.861,nan
closed_eye_1343.jpg_face_1,cerrado,B5,67.0575,0.062435,4.4113,42.9677,100.0,10.9667,CRITICA,17.5637,0.671193,16.2809,35.924,0.115674,nan,85.2698,nan,1,1,4430.66,nan
closed_eye_1343.jpg_face_1,cerrado,B10,67.0575,0.062435,9.4681,55.9837,99.147,12.8742,CRITICA,20.6456,0.793443,14.7014,16.5138,0.130321,0.15198,108.7295,143.4209,1,1,3918.495,nan
closed_eye_1343.jpg_face_1,cerrado,B15,67.0575,0.062435,14.4785,63.4665,89.7013,14.5391,CRITICA,22.3554,0.830985,14.2781,5.3551,0.108937,0.141505,74.4805,126.6436,1,1,3561.254,nan
closed_eye_1343.jpg_face_1,cerrado,B25,67.0575,0.062435,24.4612,73.0518,56.2186,17.7615,CRITICA,23.7469,0.866183,14.3802,8.939,0.072335,0.105209,15.8568,68.5089,1,1,4184.101,nan
closed_eye_1343.jpg_face_1,cerrado,B40,67.0575,0.062435,39.4715,82.0915,39.2728,22.255,BIEN,22.9781,0.902217,15.5461,22.4197,0.079162,0.076529,26.7905,22.5731,1,1,3900.156,nan
closed_eye_1344.jpg_face_1,cerrado,B5,77.0793,0.134669,4.4182,42.3344,100.0,13.8717,CRITICA,14.7529,0.519617,16.1701,45.0768,0.205324,nan,52.4659,nan,1,1,4393.673,nan
closed_eye_1344.jpg_face_1,cerrado,B10,77.0793,0.134669,9.4537,55.2528,98.2485,15.3797,CRITICA,17.0842,0.654759,14.7171,28.317,0.250313,0.142589,85.8729,5.8808,1,1,5885.816,nan
closed_eye_1344.jpg_face_1,cerrado,B15,77.0793,0.134669,14.4996,62.8017,87.3136,17.319,CRITICA,18.7062,0.725102,14.2802,18.5233,0.208688,0.123272,54.9632,8.4631,1,1,5797.101,nan
closed_eye_1344.jpg_face_1,cerrado,B25,77.0793,0.134669,24.5072,72.2523,56.8521,20.8899,CRITICA,21.1542,0.811282,14.4313,6.2624,0.223654,0.167132,66.0767,24.1054,1,1,6031.363,nan
closed_eye_1344.jpg_face_1,cerrado,B40,77.0793,0.134669,39.4895,81.333,39.1243,25.8191,BIEN,23.6763,0.888721,15.6131,5.5186,0.141444,0.159286,5.0307,18.2795,1,1,5443.658,nan
closed_eye_1346.jpg_face_3,cerrado,B5,145.9614,0.088475,4.4939,43.475,100.0,12.0489,CRITICA,6.7369,0.326975,16.027,70.2147,0.125823,nan,42.2123,nan,1,1,2521.432,nan
closed_eye_1346.jpg_face_3,cerrado,B10,145.9614,0.088475,9.5036,56.2381,100.0,13.136,CRITICA,7.698,0.446974,14.5895,61.4706,0.113328,nan,28.0904,nan,1,1,3088.326,nan
closed_eye_1346.jpg_face_3,cerrado,B15,145.9614,0.088475,14.4838,63.6826,83.3706,14.8265,CRITICA,8.3494,0.514571,14.1528,56.3702,0.069467,0.167042,21.4847,88.8012,1,1,3012.048,nan
closed_eye_1346.jpg_face_3,cerrado,B25,145.9614,0.088475,24.4815,73.141,59.3616,17.8544,CRITICA,9.2812,0.602715,14.2714,49.8902,0.076149,0.178421,13.9325,101.6614,1,1,3229.974,nan
closed_eye_1346.jpg_face_3,cerrado,B40,145.9614,0.088475,39.4872,82.3101,42.3549,21.978,BIEN,10.3789,0.696222,15.411,43.6083,0.088514,0.088731,0.0434,0.289,1,1,3121.099,nan
closed_eye_1353.jpg_face_1,cerrado,B5,119.2564,0.062818,4.2872,40.5581,100.0,17.197,CRITICA,8.9855,0.432133,16.3462,65.9908,0.065565,nan,4.3727,nan,1,1,2594.034,nan
closed_eye_1353.jpg_face_1,cerrado,B10,119.2564,0.062818,9.4941,55.1491,99.9962,17.0782,CRITICA,10.3577,0.610406,14.6983,53.7559,0.06509,0.101282,3.6164,61.2294,1,1,2955.083,nan
closed_eye_1353.jpg_face_1,cerrado,B15,119.2564,0.062818,14.4614,62.7762,84.0391,19.0853,CRITICA,11.2283,0.670842,14.2664,47.3603,0.057833,0.065475,7.9367,4.2286,1,1,2765.487,nan
closed_eye_1353.jpg_face_1,cerrado,B25,119.2564,0.062818,24.484,72.1827,44.301,22.9017,CRITICA,12.5607,0.754762,14.377,39.4727,0.061636,0.062197,1.8821,0.9898,1,1,2633.658,nan
closed_eye_1353.jpg_face_1,cerrado,B40,119.2564,0.062818,39.521,81.41,33.2067,27.8447,BIEN,14.2204,0.827668,15.5423,31.7353,0.062533,0.056482,0.4547,10.0871,1,1,2421.307,nan
closed_eye_1358.jpg_face_1,cerrado,B5,195.8891,0.033744,4.4217,44.422,100.0,8.1829,CRITICA,4.1008,0.265476,16.0329,77.3229,0.132994,nan,294.1281,nan,1,1,3429.355,nan
closed_eye_1358.jpg_face_1,cerrado,B10,195.8891,0.033744,9.4802,57.3732,100.0,9.3084,CRITICA,4.8233,0.35184,14.5184,70.7114,0.114937,nan,240.6171,nan,1,1,2078.138,nan
closed_eye_1358.jpg_face_1,cerrado,B15,195.8891,0.033744,14.4799,64.9689,100.0,10.31,CRITICA,5.2858,0.404016,14.0527,66.8338,0.11106,0.147347,229.1278,336.6647,1,1,3684.598,nan
closed_eye_1358.jpg_face_1,cerrado,B25,195.8891,0.033744,24.4963,74.7705,50.3604,12.5567,CRITICA,5.929,0.474436,14.1113,61.8302,0.097175,0.134565,187.9774,298.7829,1,1,3731.343,nan
closed_eye_1358.jpg_face_1,cerrado,B40,195.8891,0.033744,39.5716,83.913,37.7514,15.741,BIEN,6.6172,0.548579,15.1853,57.163,0.079337,0.114179,135.1151,238.37,1,1,3977.725,nan
closed_eye_1360.jpg_face_1,cerrado,B5,171.4585,0.057886,4.3611,43.1722,100.0,11.0781,CRITICA,5.3984,0.294761,16.2669,74.8206,0.091096,nan,57.3707,nan,1,1,3821.17,nan
closed_eye_1360.jpg_face_1,cerrado,B10,171.4585,0.057886,9.4742,55.855,100.0,13.2569,CRITICA,6.2443,0.402804,14.7205,67.4236,0.080919,0.147065,39.7895,154.0575,1,1,4327.131,nan
closed_eye_1360.jpg_face_1,cerrado,B15,171.4585,0.057886,14.4938,63.6118,99.9023,15.0584,CRITICA,6.7951,0.464841,14.2546,62.8996,0.052203,0.113648,9.8177,96.3288,1,1,4407.228,nan
closed_eye_1360.jpg_face_1,cerrado,B25,171.4585,0.057886,24.5048,73.2403,48.8203,17.9169,CRITICA,7.5651,0.542319,14.3347,57.2839,0.063655,0.077525,9.966,33.9264,1,1,2955.956,nan
closed_eye_1360.jpg_face_1,cerrado,B40,171.4585,0.057886,39.5214,82.3511,36.1914,21.5962,BIEN,8.4101,0.622026,15.4422,51.9703,0.054122,0.074338,6.5025,28.4197,1,1,2617.801,nan
closed_eye_1362.BMP_face_3,cerrado,B5,108.3897,0.058376,4.4578,43.0089,100.0,13.765,CRITICA,10.5642,0.418047,16.1354,60.3201,0.087461,0.206536,49.8242,253.8049,1,1,5627.462,nan
closed_eye_1362.BMP_face_3,cerrado,B10,108.3897,0.058376,9.4693,56.0338,99.9865,14.0707,CRITICA,12.1067,0.542774,14.6193,48.3034,0.070882,0.110095,21.4245,88.5973,1,1,5973.716,nan
closed_eye_1362.BMP_face_3,cerrado,B15,108.3897,0.058376,14.4481,63.5676,92.2796,15.3347,CRITICA,13.1898,0.613481,14.1759,41.3527,0.062221,0.091462,6.5871,56.678,1,1,5012.531,nan
closed_eye_1362.BMP_face_3,cerrado,B25,108.3897,0.058376,24.4792,73.1325,54.6512,18.4183,CRITICA,14.829,0.709245,14.2752,32.5282,0.065323,0.07533,11.9013,29.044,1,1,5757.052,nan
closed_eye_1362.BMP_face_3,cerrado,B40,108.3897,0.058376,39.4881,82.3192,32.5987,22.3949,BIEN,16.925,0.801217,15.4111,24.0525,0.056406,0.06529,3.3744,11.8446,1,1,4286.327,nan
closed_eye_1363.jpg_face_1,cerrado,B5,124.8388,0.056803,4.3217,42.2887,100.0,14.2954,CRITICA,8.9197,0.417193,16.2852,66.1254,0.053797,0.156543,5.2919,175.5895,1,1,3554.924,nan
closed_eye_1363.jpg_face_1,cerrado,B10,124.8388,0.056803,9.4133,55.5875,100.0,15.2528,CRITICA,10.2369,0.560387,14.6899,55.4726,0.040332,0.118644,28.9971,108.8688,1,1,3337.784,nan
closed_eye_1363.jpg_face_1,cerrado,B15,124.8388,0.056803,14.4691,63.5175,97.2771,16.6832,CRITICA,11.1334,0.631953,14.208,49.1204,0.049587,0.08617,12.7042,51.6988,1,1,3331.112,nan
closed_eye_1363.jpg_face_1,cerrado,B25,124.8388,0.056803,24.5498,73.0619,47.8851,19.3545,CRITICA,12.3932,0.714151,14.3084,41.475,0.043664,0.062247,23.1305,9.5844,1,1,2809.778,nan
closed_eye_1363.jpg_face_1,cerrado,B40,124.8388,0.056803,39.5049,82.3002,29.0409,23.2934,BIEN,13.949,0.792085,15.4216,34.0748,0.047537,0.045073,16.3128,20.6499,1,1,2554.279,nan
closed_eye_1365.jpg_face_1,cerrado,B5,144.6432,0.072276,4.4259,41.2999,100.0,17.1816,CRITICA,6.6743,0.382144,16.1961,71.447,0.061291,0.224326,15.1984,210.376,1,1,1821.494,nan
closed_eye_1365.jpg_face_1,cerrado,B10,144.6432,0.072276,9.5168,53.8637,99.9554,20.61,CRITICA,7.6713,0.505867,14.6838,62.761,0.085406,0.142938,18.1663,97.7671,1,1,1492.315,nan
closed_eye_1365.jpg_face_1,cerrado,B15,144.6432,0.072276,14.5577,61.0504,85.0615,23.4986,CRITICA,8.3124,0.570885,14.2971,57.7924,0.073043,0.130149,1.0613,80.0724,1,1,1631.588,nan
closed_eye_1365.jpg_face_1,cerrado,B25,144.6432,0.072276,24.5127,70.6019,43.901,27.572,CRITICA,9.2781,0.6468,14.4032,51.1889,0.084439,0.110504,16.8285,52.8917,1,1,1605.136,nan
closed_eye_1365.jpg_face_1,cerrado,B40,144.6432,0.072276,39.5172,79.7801,35.1434,32.4036,CRITICA,10.3903,0.724687,15.5756,44.8435,0.095566,0.092839,32.2235,28.4505,1,1,1781.896,nan
closed_eye_1368.jpg_face_1,cerrado,B5,151.4488,0.047923,4.4077,43.1807,100.0,12.3294,CRITICA,6.4536,0.322188,15.9859,71.4883,0.098725,0.263386,106.0082,449.6045,1,1,3310.162,nan
closed_eye_1368.jpg_face_1,cerrado,B10,151.4488,0.047923,9.5611,56.4518,100.0,13.4916,CRITICA,7.3878,0.416619,14.5143,62.7255,0.07535,0.115357,57.2308,140.7134,1,1,4977.6,nan
closed_eye_1368.jpg_face_1,cerrado,B15,151.4488,0.047923,14.4544,63.998,95.2156,14.9735,CRITICA,8.0215,0.477913,14.0758,57.7428,0.066882,0.111709,39.5618,133.1024,1,1,4110.152,nan
closed_eye_1368.jpg_face_1,cerrado,B25,151.4488,0.047923,24.4818,73.5208,45.8939,18.1334,CRITICA,8.9537,0.566623,14.1617,51.455,0.066758,0.080792,39.3023,68.5865,1,1,4336.513,nan
closed_eye_1368.jpg_face_1,cerrado,B40,151.4488,0.047923,39.4634,82.6106,34.6475,22.4871,BIEN,9.9946,0.658662,15.2783,45.4531,0.054804,0.06646,14.3595,38.6819,1,1,3389.83,nan
closed_eye_1369.BMP_face_1,cerrado,B5,98.9544,0.041704,4.3416,42.8922,100.0,12.3058,CRITICA,11.6149,0.547148,16.2878,56.6545,0.046637,0.182336,11.8287,337.2171,1,1,2531.005,nan
closed_eye_1369.BMP_face_1,cerrado,B10,98.9544,0.041704,9.4852,55.926,98.8049,14.1774,CRITICA,13.3333,0.706716,14.7404,43.483,0.046029,0.097175,10.3716,133.012,1,1,2724.053,nan
closed_eye_1369.BMP_face_1,cerrado,B15,98.9544,0.041704,14.5174,63.4419,81.2425,15.8912,CRITICA,14.5307,0.770982,14.2751,35.8878,0.053667,0.090467,28.6868,116.9272,1,1,1707.067,nan
closed_eye_1369.BMP_face_1,cerrado,B25,98.9544,0.041704,24.5165,72.9014,64.6922,19.1886,CRITICA,16.328,0.83538,14.4032,26.3283,0.048768,0.081912,16.9386,96.4135,1,1,2766.252,nan
closed_eye_1369.BMP_face_1,cerrado,B40,98.9544,0.041704,39.4681,82.0641,45.2286,23.8684,BIEN,18.8086,0.890016,15.5399,17.0687,0.041273,0.05708,1.0339,36.8704,1,1,2613.013,nan
closed_eye_1376.jpg_face_2,cerrado,B5,220.1253,0.054911,4.4879,45.088,100.0,2.3061,CRITICA,3.4749,0.259079,16.2311,79.5171,nan,nan,nan,nan,1,0,2239.14,nan
closed_eye_1376.jpg_face_2,cerrado,B10,220.1253,0.054911,9.4806,58.3212,100.0,3.1063,CRITICA,4.212,0.344643,14.4785,73.5055,0.140224,nan,155.3673,nan,1,1,1930.875,nan
closed_eye_1376.jpg_face_2,cerrado,B15,220.1253,0.054911,14.4804,65.8683,100.0,3.1495,CRITICA,4.6101,0.386686,14.0555,70.0769,0.14015,0.234776,155.231,327.5589,1,1,2199.736,nan
closed_eye_1376.jpg_face_2,cerrado,B25,220.1253,0.054911,24.3995,75.4378,91.1571,3.7158,CRITICA,5.1774,0.450229,14.0658,65.7296,nan,nan,nan,nan,1,0,1978.239,nan
closed_eye_1376.jpg_face_2,cerrado,B40,220.1253,0.054911,39.3956,85.0277,14.0436,4.8691,BIEN,5.7781,0.518586,15.0533,61.373,0.114158,nan,107.8968,nan,1,1,2106.594,nan
closed_eye_1381.jpg_face_1,cerrado,B5,131.9357,0.026541,4.3972,43.2003,100.0,11.7851,CRITICA,8.2255,0.433998,16.154,67.2566,0.03684,0.157641,38.8074,493.9616,1,1,809.127,nan
closed_eye_1381.jpg_face_1,cerrado,B10,131.9357,0.026541,9.4445,56.2531,99.9809,13.4796,CRITICA,9.4291,0.577399,14.6158,57.3632,0.042755,0.080014,61.0943,201.4772,1,1,1149.425,nan
closed_eye_1381.jpg_face_1,cerrado,B15,131.9357,0.026541,14.4688,63.897,92.9235,15.1418,CRITICA,10.208,0.649872,14.1736,51.5696,0.037182,0.054736,40.0953,106.2359,1,1,879.585,nan
closed_eye_1381.jpg_face_1,cerrado,B25,131.9357,0.026541,24.5077,73.6481,47.7617,18.2718,CRITICA,11.3881,0.729648,14.248,44.1788,0.038624,0.040782,45.5301,53.6579,1,1,1172.883,nan
closed_eye_1381.jpg_face_1,cerrado,B40,131.9357,0.026541,39.4974,82.6833,36.5,22.4031,BIEN,12.7433,0.801095,15.3655,37.3306,0.025613,0.03401,3.4933,28.1443,1,1,1317.87,nan
closed_eye_1386.jpg_face_2,cerrado,B5,125.0801,0.063998,4.3905,43.4538,100.0,10.6752,CRITICA,9.2851,0.516177,16.1505,65.2592,0.08841,nan,38.1456,nan,1,1,1382.743,nan
closed_eye_1386.jpg_face_2,cerrado,B10,125.0801,0.063998,9.4667,56.7473,99.9986,12.015,CRITICA,10.718,0.665197,14.5384,54.6312,0.084281,0.13675,31.6936,113.6795,1,1,1682.369,nan
closed_eye_1386.jpg_face_2,cerrado,B15,125.0801,0.063998,14.5327,64.3753,98.5986,13.3733,CRITICA,11.63,0.733605,14.1149,48.5327,0.090966,0.105418,42.139,64.7216,1,1,1811.266,nan
closed_eye_1386.jpg_face_2,cerrado,B25,125.0801,0.063998,24.4219,73.8971,55.4177,15.3917,CRITICA,12.9992,0.805165,14.1562,40.9202,0.078715,0.095414,22.9969,49.0899,1,1,1253.761,nan
closed_eye_1386.jpg_face_2,cerrado,B40,125.0801,0.063998,39.5313,83.3035,27.744,18.4593,BIEN,14.611,0.863213,15.2474,33.3999,0.076412,0.076279,19.3981,19.19,1,1,2079.434,nan
closed_eye_1387.BMP_face_1,cerrado,B5,79.7067,0.119057,4.4183,38.0468,100.0,22.1108,CRITICA,13.5076,0.555365,16.4219,52.2665,0.126163,0.214665,5.9684,80.3043,1,1,2734.482,nan
closed_eye_1387.BMP_face_1,cerrado,B10,79.7067,0.119057,9.4481,51.6177,99.8164,24.143,CRITICA,15.5817,0.716511,14.8987,35.2405,0.125737,0.178757,5.6105,50.1443,1,1,2439.619,nan
closed_eye_1387.BMP_face_1,cerrado,B15,79.7067,0.119057,14.4756,59.5103,70.9823,25.6096,CRITICA,17.0065,0.770659,14.5137,25.3384,0.117824,0.18093,1.0359,51.969,1,1,2698.327,nan
closed_eye_1387.BMP_face_1,cerrado,B25,79.7067,0.119057,24.467,69.2888,48.0069,29.9753,CRITICA,19.48,0.830719,14.6868,13.0703,0.108248,0.141511,9.0786,18.8595,1,1,2773.156,nan
closed_eye_1387.BMP_face_1,cerrado,B40,79.7067,0.119057,39.561,78.4991,39.5642,35.9517,CRITICA,22.7138,0.86822,15.9588,1.515,0.090018,0.13518,24.3912,13.5424,1,1,2701.972,nan
closed_eye_1388.jpg_face_2,cerrado,B5,118.1376,0.070058,4.3436,42.4408,100.0,13.92,CRITICA,9.4229,0.311876,16.258,64.0751,0.167202,nan,138.6621,nan,1,1,5257.623,nan
closed_eye_1388.jpg_face_2,cerrado,B10,118.1376,0.070058,9.4723,55.7866,99.963,14.6021,CRITICA,10.8659,0.43088,14.6181,52.7783,0.115807,0.208128,65.3014,197.0781,1,1,2549.07,nan
closed_eye_1388.jpg_face_2,cerrado,B15,118.1376,0.070058,14.4926,63.5081,92.6775,16.3803,CRITICA,11.8265,0.508709,14.1703,46.2422,0.106738,0.181057,52.3566,158.4377,1,1,5341.88,nan
closed_eye_1388.jpg_face_2,cerrado,B25,118.1376,0.070058,24.5055,73.0555,51.4793,19.1031,CRITICA,13.1981,0.603398,14.2798,38.1607,0.120885,0.13928,72.5491,98.8066,1,1,3256.268,nan
closed_eye_1388.jpg_face_2,cerrado,B40,118.1376,0.070058,39.5026,82.1882,32.9142,23.1772,BIEN,14.9332,0.711454,15.4149,30.4301,0.101922,0.116241,45.4815,65.9205,1,1,4982.561,nan
closed_eye_1393.jpg_face_1,cerrado,B5,141.66,0.087462,4.4058,40.9619,100.0,17.031,CRITICA,6.5975,0.371746,16.4029,71.0844,0.140095,nan,60.1784,nan,1,1,2091.175,nan
closed_eye_1393.jpg_face_1,cerrado,B10,141.66,0.087462,9.5273,54.3834,99.9799,19.1292,CRITICA,7.547,0.52644,14.8769,61.6099,0.134219,0.214129,53.4606,144.8257,1,1,3419.972,nan
closed_eye_1393.jpg_face_1,cerrado,B15,141.66,0.087462,14.4908,61.7849,62.2964,21.6568,CRITICA,8.1889,0.59626,14.4387,56.3851,0.126268,0.193373,44.3698,121.0953,1,1,2610.285,nan
closed_eye_1393.jpg_face_1,cerrado,B25,141.66,0.087462,24.5358,71.1589,53.0572,26.1557,CRITICA,9.1114,0.680077,14.5981,49.7678,0.105538,0.159074,20.6678,81.879,1,1,3395.586,nan
closed_eye_1393.jpg_face_1,cerrado,B40,141.66,0.087462,39.5129,80.1788,48.8458,32.3403,BIEN,10.2217,0.756235,15.8198,43.4005,0.093397,0.131435,6.7865,50.2776,1,1,2856.327,nan
closed_eye_1394.jpg_face_1,cerrado,B5,148.5881,0.08042,4.4995,41.8812,100.0,14.6963,CRITICA,6.6686,0.246832,16.3697,71.8139,0.121672,nan,51.2954,nan,1,1,5917.16,nan
closed_eye_1394.jpg_face_1,cerrado,B10,148.5881,0.08042,9.5458,54.5822,100.0,17.4115,CRITICA,7.6178,0.376522,14.8538,63.2661,0.12145,0.110848,51.0189,37.8358,1,1,5743.826,nan
closed_eye_1394.jpg_face_1,cerrado,B15,148.5881,0.08042,14.5658,61.9729,86.0727,19.2532,CRITICA,8.2146,0.439852,14.477,58.2922,0.100633,0.122281,25.1332,52.0525,1,1,5133.47,nan
closed_eye_1394.jpg_face_1,cerrado,B25,148.5881,0.08042,24.5353,71.3024,50.9473,23.0236,CRITICA,9.1176,0.529419,14.5835,52.0134,0.111914,0.130544,39.161,62.3273,1,1,5455.537,nan
closed_eye_1394.jpg_face_1,cerrado,B40,148.5881,0.08042,39.5576,80.5233,38.172,27.4562,BIEN,10.1731,0.628379,15.7511,45.8077,0.088605,nan,10.1771,nan,1,1,4972.651,nan
closed_eye_1394.jpg_face_3,cerrado,B5,114.8489,0.03946,4.5264,39.9874,100.0,17.7182,CRITICA,8.5929,0.342456,16.4435,65.1826,0.048427,0.177151,22.7247,348.94,1,1,6093.845,nan
closed_eye_1394.jpg_face_3,cerrado,B10,114.8489,0.03946,9.5708,51.9702,94.2391,21.5426,CRITICA,9.7124,0.492642,15.048,54.7491,0.04953,0.097105,25.5215,146.0863,1,1,5078.721,nan
closed_eye_1394.jpg_face_3,cerrado,B15,114.8489,0.03946,14.5678,59.2077,74.2728,24.0876,CRITICA,10.4995,0.562575,14.6813,48.4473,0.03512,0.072742,10.9988,84.3441,1,1,4163.197,nan
closed_eye_1394.jpg_face_3,cerrado,B25,114.8489,0.03946,24.5596,68.4924,57.8533,28.6996,CRITICA,11.7313,0.655015,14.8924,40.3631,0.038829,0.059216,1.5987,50.0663,1,1,4312.203,nan
closed_eye_1394.jpg_face_3,cerrado,B40,114.8489,0.03946,39.5703,77.6474,50.5536,34.5078,CRITICA,13.3211,0.748544,16.1906,32.3917,0.017305,0.04713,56.144,19.4372,1,1,5167.959,nan
closed_eye_1395.BMP_face_1,cerrado,B5,156.7177,0.051027,4.5341,41.7875,100.0,18.3147,CRITICA,5.7035,0.301286,15.9807,73.3358,0.059607,0.196076,16.8148,284.2567,1,1,2971.768,nan
closed_eye_1395.BMP_face_1,cerrado,B10,156.7177,0.051027,9.5415,53.8858,99.9932,21.8142,CRITICA,6.5416,0.406077,14.6036,65.616,0.05195,0.085107,1.8074,66.7882,1,1,3808.073,nan
closed_eye_1395.BMP_face_1,cerrado,B15,156.7177,0.051027,14.5437,61.1562,73.1912,24.1615,CRITICA,7.0982,0.464434,14.2313,60.9768,0.056245,0.065047,10.2249,27.4751,1,1,2484.472,nan
closed_eye_1395.BMP_face_1,cerrado,B25,156.7177,0.051027,24.538,70.6749,47.5875,28.3286,CRITICA,7.9332,0.547594,14.3598,54.9031,0.062924,0.057271,23.3149,12.2361,1,1,3584.229,nan
closed_eye_1395.BMP_face_1,cerrado,B40,156.7177,0.051027,39.5459,79.9785,38.3029,33.4596,CRITICA,8.8955,0.642764,15.5382,48.9665,0.060472,0.061397,18.5087,20.3219,1,1,2978.85,nan
closed_eye_1396.jpg_face_1,cerrado,B5,77.8765,0.063954,4.4568,43.188,100.0,12.752,CRITICA,14.798,0.609872,16.0761,44.5429,0.128335,0.17828,100.6686,178.7652,1,1,3993.61,nan
closed_eye_1396.jpg_face_1,cerrado,B10,77.8765,0.063954,9.4377,55.7324,99.9489,14.4502,CRITICA,17.2912,0.728245,14.5577,28.4349,0.110717,0.147791,73.1201,131.0911,1,1,4492.363,nan
closed_eye_1396.jpg_face_1,cerrado,B15,77.8765,0.063954,14.513,63.3284,83.4758,16.0684,CRITICA,19.0424,0.784992,14.1143,18.6811,0.090051,0.130407,40.8074,103.9095,1,1,3692.762,nan
closed_eye_1396.jpg_face_1,cerrado,B25,77.8765,0.063954,24.516,72.8944,52.429,20.0121,CRITICA,21.8896,0.851598,14.2258,6.3974,0.073317,0.096345,14.6414,50.6476,1,1,4952.946,nan
closed_eye_1396.jpg_face_1,cerrado,B40,77.8765,0.063954,39.4817,81.938,40.0468,25.0325,BIEN,24.6937,0.909455,15.3936,5.2152,0.066443,0.07621,3.8927,19.1643,1,1,2239.642,nan
closed_eye_1426.jpg_face_1,cerrado,B5,132.6377,0.029558,4.52,44.2573,100.0,10.0031,CRITICA,8.6005,0.52149,15.93,66.6329,0.131805,nan,345.9207,nan,1,1,933.968,nan
closed_eye_1426.jpg_face_1,cerrado,B10,132.6377,0.029558,9.4446,57.1124,100.0,10.0125,CRITICA,9.7929,0.656589,14.4903,56.9411,0.086402,nan,192.3135,nan,1,1,1212.709,nan
closed_eye_1426.jpg_face_1,cerrado,B15,132.6377,0.029558,14.4426,64.7486,97.9707,11.4391,CRITICA,10.6497,0.72226,14.0236,51.1839,0.068499,0.144362,131.7439,388.4032,1,1,1440.507,nan
closed_eye_1426.jpg_face_1,cerrado,B25,132.6377,0.029558,24.5118,74.3698,59.9369,13.6637,CRITICA,11.8983,0.792311,14.083,43.9301,0.050523,0.072234,70.9301,144.3827,1,1,1151.145,nan
closed_eye_1426.jpg_face_1,cerrado,B40,132.6377,0.029558,39.4817,83.6747,25.7293,16.6492,BIEN,13.328,0.850378,15.1492,36.9149,0.041974,0.050344,42.0075,70.3222,1,1,1547.988,nan
closed_eye_1427.jpg_face_2,cerrado,B5,75.7853,0.064703,4.5745,33.4619,99.9968,28.3335,CRITICA,11.1126,0.481097,16.4077,55.8464,0.071908,0.152359,11.1346,135.4741,1,1,1659.2,nan
closed_eye_1427.jpg_face_2,cerrado,B10,75.7853,0.064703,9.5112,44.6283,76.9574,34.7598,CRITICA,12.6904,0.600596,15.158,41.1122,0.088624,0.121263,36.9709,87.4152,1,1,3107.52,nan
closed_eye_1427.jpg_face_2,cerrado,B15,75.7853,0.064703,14.4808,51.5037,68.1912,38.9912,CRITICA,13.878,0.66045,14.8963,32.04,0.063379,0.094608,2.0469,46.2183,1,1,3131.851,nan
closed_eye_1427.jpg_face_2,cerrado,B25,75.7853,0.064703,24.4535,61.0177,60.7888,45.5579,CRITICA,15.9302,0.732876,15.3003,19.4862,0.073896,0.097818,14.2077,51.18,1,1,2724.053,nan
closed_eye_1427.jpg_face_2,cerrado,B40,75.7853,0.064703,39.5416,71.0235,56.445,53.8744,CRITICA,19.0376,0.790247,16.9639,6.2833,0.06908,0.098437,6.7639,52.1367,1,1,2954.21,nan
closed_eye_1431.jpg_face_2,cerrado,B5,153.1188,0.142153,4.4013,41.6187,100.0,16.4671,CRITICA,6.1955,0.334429,16.0988,72.8194,nan,nan,nan,nan,1,0,2464.268,nan
closed_eye_1431.jpg_face_2,cerrado,B10,153.1188,0.142153,9.4862,55.0602,100.0,17.7408,CRITICA,7.117,0.462126,14.6083,64.0409,nan,nan,nan,nan,1,0,2892.682,nan
closed_eye_1431.jpg_face_2,cerrado,B15,153.1188,0.142153,14.4541,62.813,87.0994,19.2806,CRITICA,7.735,0.530297,14.1737,58.9776,nan,nan,nan,nan,1,0,2989.537,nan
closed_eye_1431.jpg_face_2,cerrado,B25,153.1188,0.142153,24.5087,72.5231,43.952,22.7776,CRITICA,8.6269,0.615122,14.2838,52.6361,nan,nan,nan,nan,1,0,1584.535,nan
closed_eye_1431.jpg_face_2,cerrado,B40,153.1188,0.142153,39.4824,81.5291,32.6317,27.3802,BIEN,9.6418,0.701477,15.42,46.7543,nan,0.144069,nan,1.3475,1,0,1753.771,nan
closed_eye_1434.jpg_face_1,cerrado,B5,156.0084,0.034614,4.5045,42.6162,100.0,14.7566,CRITICA,6.3567,0.383937,15.9999,72.6834,0.134913,nan,289.7634,nan,1,1,3240.441,nan
closed_eye_1434.jpg_face_1,cerrado,B10,156.0084,0.034614,9.4678,55.4297,100.0,17.1172,CRITICA,7.2834,0.507653,14.556,64.4701,0.093713,nan,170.7362,nan,1,1,2932.551,nan
closed_eye_1434.jpg_face_1,cerrado,B15,156.0084,0.034614,14.3907,62.9597,98.5941,18.0086,CRITICA,7.9149,0.58141,14.1153,59.6434,0.066089,0.111571,90.931,222.326,1,1,3194.888,nan
closed_eye_1434.jpg_face_1,cerrado,B25,156.0084,0.034614,24.5262,73.1673,44.7623,20.464,CRITICA,8.8296,0.666161,14.1855,53.1004,0.051348,0.071645,48.3441,106.9825,1,1,2935.134,nan
closed_eye_1434.jpg_face_1,cerrado,B40,156.0084,0.034614,39.4771,82.2815,27.1553,23.8448,BIEN,9.8265,0.735411,15.2802,47.2583,0.047524,0.049914,37.2975,44.2002,1,1,3183.699,nan
closed_eye_1435.png_face_1,cerrado,B5,82.48,0.031091,4.4418,44.3574,100.0,9.3907,CRITICA,14.9117,0.57778,16.0772,46.2204,0.048598,0.177868,56.309,472.0919,1,1,4897.159,nan
closed_eye_1435.png_face_1,cerrado,B10,82.48,0.031091,9.457,56.9452,99.0476,10.7335,CRITICA,17.532,0.706397,14.5465,30.9588,0.049524,0.107075,59.2881,244.394,1,1,5482.456,nan
closed_eye_1435.png_face_1,cerrado,B15,82.48,0.031091,14.5331,64.5425,92.7673,12.3338,CRITICA,19.4529,0.77105,14.1167,21.7477,0.038948,0.083096,25.2732,167.2683,1,1,3923.107,nan
closed_eye_1435.png_face_1,cerrado,B25,82.48,0.031091,24.4913,73.9974,65.3369,15.0627,CRITICA,22.372,0.837485,14.1838,10.2844,0.034737,0.049153,11.7279,58.0966,1,1,5485.463,nan
closed_eye_1435.png_face_1,cerrado,B40,82.48,0.031091,39.4947,83.2893,33.3693,18.7957,BIEN,25.6113,0.902299,15.2867,0.9813,0.025769,0.038343,17.1167,23.3261,1,1,4043.671,nan
closed_eye_1445.jpg_face_1,cerrado,B5,64.304,0.124929,4.4788,42.4396,100.0,11.4702,CRITICA,18.2923,0.622551,16.445,34.0016,0.213397,nan,70.8142,nan,1,1,5408.329,nan
closed_eye_1445.jpg_face_1,cerrado,B10,64.304,0.124929,9.4972,56.3288,100.0,13.291,CRITICA,21.3449,0.745713,14.8066,12.4023,0.216789,0.210141,73.5296,68.2081,1,1,5875.441,nan
closed_eye_1445.jpg_face_1,cerrado,B15,64.304,0.124929,14.504,63.332,88.76,14.5494,CRITICA,22.872,0.793126,14.4146,1.5116,0.204739,0.20519,63.884,64.2451,1,1,7127.584,nan
closed_eye_1445.jpg_face_1,cerrado,B25,64.304,0.124929,24.4736,72.8528,56.12,17.7225,CRITICA,23.4567,0.836761,14.5282,13.2944,0.175081,0.165879,40.1444,32.7783,1,1,3306.878,nan
closed_eye_1445.jpg_face_1,cerrado,B40,64.304,0.124929,39.508,81.9412,42.72,22.2963,BIEN,22.175,0.882373,15.6985,27.4278,0.159135,0.148512,27.3801,18.8765,1,1,7194.244,nan
closed_eye_1462.jpg_face_2,cerrado,B5,139.9947,0.083356,4.4999,43.8737,100.0,11.0632,CRITICA,7.6358,0.329411,15.9194,68.6605,0.082598,nan,0.9093,nan,1,1,4972.651,nan
closed_eye_1462.jpg_face_2,cerrado,B10,139.9947,0.083356,9.5086,56.6501,100.0,13.1752,CRITICA,8.6889,0.438558,14.5168,59.5341,0.092755,0.190614,11.2764,128.675,1,1,4562.044,nan
closed_eye_1462.jpg_face_2,cerrado,B15,139.9947,0.083356,14.4176,63.9815,95.5948,14.7871,CRITICA,9.4246,0.506568,14.0757,54.2972,0.081882,0.148866,1.7678,78.5909,1,1,3124.024,nan
closed_eye_1462.jpg_face_2,cerrado,B25,139.9947,0.083356,24.53,73.7846,52.0927,17.6898,CRITICA,10.5087,0.601738,14.1549,47.2947,0.072274,0.100413,13.295,20.4633,1,1,3664.346,nan
closed_eye_1462.jpg_face_2,cerrado,B40,139.9947,0.083356,39.554,82.9081,36.4949,21.1231,BIEN,11.7481,0.695636,15.2549,40.7777,0.081411,0.079212,2.3327,4.9712,1,1,5293.807,nan
closed_eye_1463.jpg_face_1,cerrado,B5,91.9519,0.049833,4.5174,44.3119,100.0,9.1242,CRITICA,13.1262,0.487724,15.9367,51.8097,0.100606,nan,101.8863,nan,1,1,4880.43,nan
closed_eye_1463.jpg_face_1,cerrado,B10,91.9519,0.049833,9.4551,57.1015,96.9037,10.5496,CRITICA,15.1818,0.621396,14.5085,37.9006,0.069139,0.149124,38.7408,199.2476,1,1,4416.961,nan
closed_eye_1463.jpg_face_1,cerrado,B15,91.9519,0.049833,14.5008,64.6622,91.0087,12.2111,CRITICA,16.6733,0.695184,14.0717,29.6782,0.04245,0.112859,14.8156,126.4743,1,1,4568.296,nan
closed_eye_1463.jpg_face_1,cerrado,B25,91.9519,0.049833,24.4804,74.0571,65.1298,15.1472,CRITICA,19.0611,0.787437,14.154,19.4611,0.052199,0.087649,4.7481,75.8852,1,1,4420.866,nan
closed_eye_1463.jpg_face_1,cerrado,B40,91.9519,0.049833,39.4789,83.3841,41.2385,18.9563,BIEN,22.1707,0.867002,15.2465,9.3176,0.038278,0.072648,23.1878,45.7827,1,1,3310.162,nan
closed_eye_1465.jpg_face_1,cerrado,B5,136.6949,0.073765,4.3418,43.7857,100.0,9.3554,CRITICA,7.9574,0.45859,16.2192,67.9683,0.110742,nan,50.1282,nan,1,1,2164.971,nan
closed_eye_1465.jpg_face_1,cerrado,B10,136.6949,0.073765,9.3741,56.5735,100.0,10.2366,CRITICA,9.1558,0.602827,14.6013,58.6133,0.092712,nan,25.6861,nan,1,1,1670.286,nan
closed_eye_1465.jpg_face_1,cerrado,B15,136.6949,0.073765,14.5064,64.635,97.8622,11.6577,CRITICA,9.9607,0.677258,14.1114,52.7159,0.081127,0.141867,9.9803,92.3221,1,1,1560.549,nan
closed_eye_1465.jpg_face_1,cerrado,B25,136.6949,0.073765,24.5049,74.043,58.4348,13.8032,CRITICA,11.034,0.748258,14.2163,45.8334,0.075751,0.099557,2.6926,34.9656,1,1,1802.776,nan
closed_eye_1465.jpg_face_1,cerrado,B40,136.6949,0.073765,39.5124,83.3485,31.9969,16.9874,BIEN,12.3365,0.813819,15.3144,39.0259,0.072145,0.064398,2.1967,12.698,1,1,1841.96,nan
closed_eye_1467.jpg_face_1,cerrado,B5,69.2492,0.077625,4.473,42.0465,100.0,12.9294,CRITICA,15.3828,0.678308,16.0849,39.2823,0.093936,0.222989,21.0134,187.2656,1,1,1562.5,nan
closed_eye_1467.jpg_face_1,cerrado,B10,69.2492,0.077625,9.5396,54.4945,89.9304,14.8212,CRITICA,17.8942,0.812457,14.6272,21.3067,0.098496,0.093049,26.8871,19.8701,1,1,1307.531,nan
closed_eye_1467.jpg_face_1,cerrado,B15,69.2492,0.077625,14.4995,61.8721,83.2326,17.0804,CRITICA,19.5839,0.843651,14.2388,10.6529,0.101078,0.1018,30.2141,31.1438,1,1,1138.434,nan
closed_eye_1467.jpg_face_1,cerrado,B25,69.2492,0.077625,24.487,71.0841,70.8493,20.8494,CRITICA,21.8927,0.871664,14.4266,2.6498,0.053796,0.126858,30.6976,63.4257,1,1,1586.546,nan
closed_eye_1467.jpg_face_1,cerrado,B40,69.2492,0.077625,39.4632,80.0525,56.5696,26.3483,BIEN,23.4312,0.89717,15.6868,15.6006,0.076298,0.084808,1.7092,9.2547,1,1,1464.343,nan
closed_eye_1479.jpg_face_1,cerrado,B5,73.6764,0.077797,4.3878,40.7486,100.0,17.3699,CRITICA,14.9811,0.543673,16.4689,44.6924,0.173033,nan,122.4159,nan,1,1,4029.009,nan
closed_eye_1479.jpg_face_1,cerrado,B10,73.6764,0.077797,9.4789,53.8228,90.3333,20.0072,CRITICA,17.3998,0.698438,14.9269,26.947,0.144971,0.181717,86.3453,133.5793,1,1,5737.234,nan
closed_eye_1479.jpg_face_1,cerrado,B15,73.6764,0.077797,14.5381,61.315,73.9722,22.8986,CRITICA,19.1193,0.753451,14.5211,16.778,0.110366,0.151871,41.8643,95.2145,1,1,5104.645,nan
closed_eye_1479.jpg_face_1,cerrado,B25,73.6764,0.077797,24.5364,70.8889,57.7778,27.4723,CRITICA,21.5893,0.822552,14.6551,3.7834,0.112914,0.133372,45.1392,71.4359,1,1,5906.674,nan
closed_eye_1479.jpg_face_1,cerrado,B40,73.6764,0.077797,39.5414,79.8969,49.1111,34.084,CRITICA,24.0045,0.88132,15.8986,8.4431,0.123247,0.108977,58.4217,40.0785,1,1,6127.451,nan
closed_eye_1480.jpg_face_4,cerrado,B5,70.3054,0.068268,4.3589,43.4012,99.4448,11.1046,CRITICA,16.1574,0.66561,16.211,38.2676,nan,nan,nan,nan,1,0,3834.356,nan
closed_eye_1480.jpg_face_4,cerrado,B10,70.3054,0.068268,9.4164,55.9363,92.3437,13.5915,CRITICA,18.6391,0.778383,14.6847,20.4381,0.179162,nan,162.439,nan,1,1,4786.98,nan
closed_eye_1480.jpg_face_4,cerrado,B15,70.3054,0.068268,14.5114,63.8609,88.7493,15.4109,CRITICA,20.1801,0.826898,14.2258,9.1664,0.110348,0.168939,61.6398,147.4649,1,1,3988.831,nan
closed_eye_1480.jpg_face_4,cerrado,B25,70.3054,0.068268,24.4889,73.377,75.9205,18.9838,CRITICA,21.876,0.87488,14.3292,4.3689,0.082185,0.12982,20.3856,90.1623,1,1,4835.591,nan
closed_eye_1480.jpg_face_4,cerrado,B40,70.3054,0.068268,39.4959,82.4091,53.1853,24.3289,BIEN,22.5272,0.914908,15.4852,17.216,0.069246,0.080765,1.4321,18.3063,1,1,6277.464,nan
closed_eye_1488.jpg_face_1,cerrado,B5,169.4402,0.072767,4.4204,42.7581,100.0,14.8026,CRITICA,5.2491,0.228502,15.9875,74.7651,0.135894,nan,86.7528,nan,1,1,5865.103,nan
closed_eye_1488.jpg_face_1,cerrado,B10,169.4402,0.072767,9.3136,54.9434,100.0,18.1111,CRITICA,6.0644,0.317044,14.5357,67.5736,0.10563,0.169695,45.1631,133.2046,1,1,5081.3,nan
closed_eye_1488.jpg_face_1,cerrado,B15,169.4402,0.072767,14.244,62.4497,99.9053,19.7517,CRITICA,6.5947,0.369216,14.1103,63.1435,0.099031,0.140272,36.0941,92.7697,1,1,5941.771,nan
closed_eye_1488.jpg_face_1,cerrado,B25,169.4402,0.072767,24.4693,72.2675,46.4852,22.791,CRITICA,7.392,0.453539,14.1752,57.3493,0.094091,0.108004,29.3055,48.4247,1,1,4844.961,nan
closed_eye_1488.jpg_face_1,cerrado,B40,169.4402,0.072767,39.6547,81.6452,28.071,26.8176,BIEN,8.2539,0.544551,15.3156,51.8147,0.076217,0.090673,4.7424,24.6082,1,1,5740.528,nan
closed_eye_1490.jpg_face_1,cerrado,B5,124.7172,0.081158,4.3521,43.7781,100.0,9.9085,CRITICA,9.1056,0.437147,16.2286,64.8981,0.118046,nan,45.451,nan,1,1,3944.773,nan
closed_eye_1490.jpg_face_1,cerrado,B10,124.7172,0.081158,9.4912,56.6608,100.0,11.8179,CRITICA,10.4648,0.575751,14.6043,54.5686,0.115516,0.157828,42.334,94.4685,1,1,4710.315,nan
closed_eye_1490.jpg_face_1,cerrado,B15,124.7172,0.081158,14.4874,64.3416,89.6272,13.7015,CRITICA,11.365,0.64091,14.1399,48.41,0.099357,0.128962,22.4233,58.9011,1,1,4642.525,nan
closed_eye_1490.jpg_face_1,cerrado,B25,124.7172,0.081158,24.5469,73.9418,55.6217,16.7011,CRITICA,12.683,0.720254,14.2177,40.7124,0.097862,0.107878,20.5818,32.923,1,1,3938.558,nan
closed_eye_1490.jpg_face_1,cerrado,B40,124.7172,0.081158,39.4945,82.9968,39.6033,20.5851,BIEN,14.2606,0.797563,15.3222,33.452,0.087739,0.093113,8.1083,14.7295,1,1,4029.009,nan
closed_eye_1493.jpg_face_1,cerrado,B5,53.1351,0.222966,4.4531,42.1907,100.0,14.1496,CRITICA,22.4699,0.754478,16.2828,20.5974,0.222285,0.227847,0.3055,2.1893,1,1,3280.84,nan
closed_eye_1493.jpg_face_1,cerrado,B10,53.1351,0.222966,9.4762,55.2811,98.3134,15.4903,CRITICA,25.8878,0.847,14.742,4.0387,0.237529,0.223112,6.5316,0.0658,1,1,3163.556,nan
closed_eye_1493.jpg_face_1,cerrado,B15,53.1351,0.222966,14.4734,62.7831,82.996,17.8137,CRITICA,25.1261,0.852996,14.3244,18.1574,0.240378,0.220309,7.8095,1.1913,1,1,3134.796,nan
closed_eye_1493.jpg_face_1,cerrado,B25,53.1351,0.222966,24.4608,72.3196,59.0213,21.0883,CRITICA,21.9929,0.841673,14.4421,36.105,0.232931,0.219828,4.4694,1.407,1,1,3075.031,nan
closed_eye_1493.jpg_face_1,cerrado,B40,53.1351,0.222966,39.469,81.4286,43.8599,25.7222,BIEN,19.1154,0.826166,15.6227,53.2481,0.243605,0.220006,9.2565,1.3274,1,1,2953.337,nan
closed_eye_1496.jpg_face_1,cerrado,B5,146.9738,0.060272,4.365,44.5879,100.0,6.5057,CRITICA,7.5543,0.328445,16.1185,69.6627,0.167921,nan,178.6048,nan,1,1,4407.228,nan
closed_eye_1496.jpg_face_1,cerrado,B10,146.9738,0.060272,9.2759,57.2732,100.0,7.9474,CRITICA,8.6337,0.438621,14.5657,61.0317,0.121846,0.210424,102.1604,249.1248,1,1,3138.732,nan
closed_eye_1496.jpg_face_1,cerrado,B15,146.9738,0.060272,14.5449,65.1033,97.2656,9.2744,CRITICA,9.3966,0.503276,14.0914,55.7042,0.100112,0.114857,66.0999,90.5643,1,1,4000.0,nan
closed_eye_1496.jpg_face_1,cerrado,B25,146.9738,0.060272,24.4221,75.0128,59.7082,11.3036,CRITICA,10.4415,0.588478,14.0972,48.9618,0.082972,0.093127,37.6623,54.5108,1,1,4962.779,nan
closed_eye_1496.jpg_face_1,cerrado,B40,146.9738,0.060272,39.5025,84.2058,40.5265,14.0922,BIEN,11.6039,0.677387,15.1609,42.7069,0.077266,0.078913,28.1948,30.9284,1,1,5803.83,nan
closed_eye_1497.jpg_face_1,cerrado,B5,125.73,0.068564,4.3924,41.1789,100.0,17.2938,CRITICA,8.1675,0.31806,16.2874,67.2482,0.094644,0.184193,38.0378,168.6452,1,1,5524.862,nan
closed_eye_1497.jpg_face_1,cerrado,B10,125.73,0.068564,9.4166,54.6764,99.9594,17.9834,CRITICA,9.3629,0.470887,14.7356,56.5128,0.061902,0.140059,9.7155,104.2767,1,1,4293.688,nan
closed_eye_1497.jpg_face_1,cerrado,B15,125.73,0.068564,14.5157,62.484,75.7842,20.2584,CRITICA,10.1568,0.539552,14.2922,50.303,0.082257,0.121521,19.9725,77.2382,1,1,2637.827,nan
closed_eye_1497.jpg_face_1,cerrado,B25,125.73,0.068564,24.4828,71.7189,51.3656,24.274,CRITICA,11.3205,0.633262,14.4273,42.958,0.082939,0.085125,20.9666,24.1542,1,1,5938.242,nan
closed_eye_1497.jpg_face_1,cerrado,B40,125.73,0.068564,39.4938,80.922,41.8199,29.4208,BIEN,12.7549,0.729383,15.6097,35.6383,0.070991,0.07355,3.5404,7.2728,1,1,4042.037,nan
closed_eye_1497.jpg_face_3,cerrado,B5,143.2551,0.044016,4.5159,43.8121,100.0,11.2162,CRITICA,7.3668,0.292268,15.9619,69.4167,0.082259,nan,86.8835,nan,1,1,4725.898,nan
closed_eye_1497.jpg_face_3,cerrado,B10,143.2551,0.044016,9.4647,56.6907,100.0,12.1631,CRITICA,8.4158,0.395729,14.5248,60.4267,0.052454,0.094625,19.1684,114.9763,1,1,5720.824,nan
closed_eye_1497.jpg_face_3,cerrado,B15,143.2551,0.044016,14.4505,64.1486,95.2827,13.7296,CRITICA,9.1045,0.460615,14.097,55.2207,0.059356,0.075417,34.8502,71.3383,1,1,4158.004,nan
closed_eye_1497.jpg_face_3,cerrado,B25,143.2551,0.044016,24.4653,73.8687,56.8736,16.4909,CRITICA,10.1431,0.554286,14.1601,48.4356,0.048745,0.059626,10.7428,35.4644,1,1,4442.47,nan
closed_eye_1497.jpg_face_3,cerrado,B40,143.2551,0.044016,39.4737,83.0614,35.2179,20.1595,BIEN,11.3162,0.654712,15.2635,42.0185,0.060351,0.049783,37.1105,13.1014,1,1,6269.592,nan
closed_eye_1502.jpg_face_1,cerrado,B5,87.9582,0.061661,4.397,42.6412,100.0,13.672,CRITICA,13.7742,0.539368,16.1441,51.5211,0.09389,nan,52.2698,nan,1,1,6337.135,nan
closed_eye_1502.jpg_face_1,cerrado,B10,87.9582,0.061661,9.4899,55.8376,99.8338,15.1615,CRITICA,16.2098,0.677351,14.5613,36.5181,0.079401,0.134765,28.7707,118.5601,1,1,3346.72,nan
closed_eye_1502.jpg_face_1,cerrado,B15,87.9582,0.061661,14.5125,63.5408,93.9834,16.749,CRITICA,17.9174,0.739656,14.1549,27.7602,0.06197,0.108959,0.5021,76.7082,1,1,4308.488,nan
closed_eye_1502.jpg_face_1,cerrado,B25,87.9582,0.061661,24.4903,73.0123,47.4349,19.8974,CRITICA,20.7573,0.822071,14.237,16.9921,0.062267,0.082163,0.9835,33.2505,1,1,5122.951,nan
closed_eye_1502.jpg_face_1,cerrado,B40,87.9582,0.061661,39.5577,82.2304,31.5346,23.8562,BIEN,24.6802,0.889554,15.3611,6.512,0.05299,0.058701,14.0613,4.7991,1,1,2981.514,nan
closed_eye_1502.jpg_face_2,cerrado,B5,119.0954,0.065611,4.4364,43.2449,100.0,12.2376,CRITICA,9.4595,0.41633,16.1166,63.6889,0.124436,0.201056,89.6573,206.4359,1,1,3849.115,nan
closed_eye_1502.jpg_face_2,cerrado,B10,119.0954,0.065611,9.4193,56.1504,100.0,13.4955,CRITICA,10.8562,0.560314,14.5788,52.8526,0.137647,0.171597,109.793,161.5374,1,1,4589.261,nan
closed_eye_1502.jpg_face_2,cerrado,B15,119.0954,0.065611,14.5388,63.8698,90.1144,15.3576,CRITICA,11.7839,0.625942,14.1616,46.3709,0.11704,0.167322,78.3851,155.0214,1,1,5482.456,nan
closed_eye_1502.jpg_face_2,cerrado,B25,119.0954,0.065611,24.5147,73.4775,52.3006,18.3067,CRITICA,13.1944,0.714146,14.2292,38.3037,0.07377,0.1245,12.4362,89.7552,1,1,5271.481,nan
closed_eye_1502.jpg_face_2,cerrado,B40,119.0954,0.065611,39.5061,82.6024,37.3894,22.2316,BIEN,14.9091,0.795577,15.3541,30.6418,0.08479,0.086981,29.232,32.5713,1,1,4604.051,nan
closed_eye_1508.jpg_face_3,cerrado,B5,71.0092,0.190472,4.3799,40.009,100.0,17.0152,CRITICA,14.1882,0.577196,16.5403,43.6566,0.174899,nan,8.1758,nan,1,1,6506.181,nan
closed_eye_1508.jpg_face_3,cerrado,B10,71.0092,0.190472,9.5055,53.5129,93.5689,18.2039,CRITICA,15.9965,0.69615,15.0096,24.6394,nan,0.083412,nan,56.2076,1,0,6644.519,nan
closed_eye_1508.jpg_face_3,cerrado,B15,71.0092,0.190472,14.4917,61.0724,74.8025,20.5258,CRITICA,17.321,0.749877,14.629,13.9937,0.212648,0.203833,11.6426,7.0148,1,1,4385.965,nan
closed_eye_1508.jpg_face_3,cerrado,B25,71.0092,0.190472,24.4677,70.2759,56.4311,25.1629,CRITICA,19.2428,0.812876,14.8385,1.0327,0.156203,nan,17.9917,nan,1,1,4957.858,nan
closed_eye_1508.jpg_face_3,cerrado,B40,71.0092,0.190472,39.4923,79.1831,50.5048,31.4738,CRITICA,21.3472,0.866766,16.1547,11.511,0.188832,0.178142,0.861,6.4735,1,1,5058.169,nan
closed_eye_1509.jpg_face_6,cerrado,B5,95.4481,0.106404,4.4425,44.8817,100.0,6.7523,CRITICA,12.911,0.644385,16.0978,52.9779,0.134402,nan,26.3124,nan,1,1,1381.979,nan
closed_eye_1509.jpg_face_6,cerrado,B10,95.4481,0.106404,9.3898,57.1413,99.9981,7.7953,CRITICA,15.1321,0.781969,14.49,40.1337,0.128997,0.193238,21.233,81.6073,1,1,1200.336,nan
closed_eye_1509.jpg_face_6,cerrado,B15,95.4481,0.106404,14.4952,65.1953,94.206,9.0195,CRITICA,16.7096,0.837675,14.0251,31.6955,0.132662,0.172589,24.677,62.2011,1,1,1518.142,nan
closed_eye_1509.jpg_face_6,cerrado,B25,95.4481,0.106404,24.5014,74.5747,69.6935,11.2234,CRITICA,19.1082,0.892308,14.1065,21.8689,0.133642,0.154965,25.5977,45.6376,1,1,1266.624,nan
closed_eye_1509.jpg_face_6,cerrado,B40,95.4481,0.106404,39.5248,83.8484,31.7876,14.1105,BIEN,22.3831,0.930761,15.1925,12.1529,0.110678,0.135567,4.016,27.4073,1,1,1432.049,nan
closed_eye_1512.jpg_face_1,cerrado,B5,164.3232,0.019524,4.361,40.6456,100.0,17.6889,CRITICA,5.3738,0.302619,16.2708,75.2649,0.042155,nan,115.9166,nan,1,1,3593.245,nan
closed_eye_1512.jpg_face_1,cerrado,B10,164.3232,0.019524,9.3543,54.0733,100.0,20.1444,CRITICA,6.2382,0.422955,14.6977,67.0934,0.036271,0.102393,85.7808,424.4527,1,1,3212.335,nan
closed_eye_1512.jpg_face_1,cerrado,B15,164.3232,0.019524,14.4534,61.8133,99.7727,21.7754,CRITICA,6.8091,0.491666,14.253,62.3831,0.035346,0.064567,81.0431,230.7089,1,1,4960.318,nan
closed_eye_1512.jpg_face_1,cerrado,B25,164.3232,0.019524,24.5153,71.594,39.3153,25.284,CRITICA,7.6018,0.575744,14.3649,56.431,0.036833,0.039934,88.6589,104.5418,1,1,4325.26,nan
closed_eye_1512.jpg_face_1,cerrado,B40,164.3232,0.019524,39.4971,80.8256,29.3341,29.9378,BIEN,8.5109,0.660015,15.4951,50.8131,0.027958,0.037325,43.2018,91.1764,1,1,3467.406,nan
closed_eye_1531.jpg_face_1,cerrado,B5,132.2357,0.111754,4.4671,43.9343,100.0,10.4066,CRITICA,8.0147,0.329471,16.0883,66.7758,0.131284,nan,17.476,nan,1,1,4496.403,nan
closed_eye_1531.jpg_face_1,cerrado,B10,132.2357,0.111754,9.452,56.4053,100.0,12.4008,CRITICA,9.1673,0.443568,14.5767,57.3449,0.148449,0.198469,32.8363,77.5956,1,1,2644.803,nan
closed_eye_1531.jpg_face_1,cerrado,B15,132.2357,0.111754,14.4532,64.1438,82.2278,13.9579,CRITICA,9.9441,0.514255,14.1256,51.4928,0.115313,0.143166,3.1851,28.1089,1,1,5411.255,nan
closed_eye_1531.jpg_face_1,cerrado,B25,132.2357,0.111754,24.4903,73.6133,62.7603,17.2131,CRITICA,11.0799,0.610554,14.2191,44.3317,0.128721,0.12919,15.1829,15.6029,1,1,5509.642,nan
closed_eye_1531.jpg_face_1,cerrado,B40,132.2357,0.111754,39.4844,82.7546,41.3593,21.2809,BIEN,12.4057,0.707416,15.3422,37.4189,0.107322,0.118922,3.9651,6.4146,1,1,5189.413,nan
closed_eye_1533.jpg_face_2,cerrado,B5,151.011,0.10905,4.4019,43.333,100.0,12.1296,CRITICA,6.7093,0.322831,16.0848,71.3047,0.100989,nan,7.3918,nan,1,1,3352.33,nan
closed_eye_1533.jpg_face_2,cerrado,B10,151.011,0.10905,9.3261,56.1852,100.0,13.8357,CRITICA,7.6897,0.434583,14.5589,62.794,0.086231,0.154734,20.9255,41.8929,1,1,4051.864,nan
closed_eye_1533.jpg_face_2,cerrado,B15,151.011,0.10905,14.5455,63.7923,90.8197,15.6193,CRITICA,8.3626,0.505164,14.1233,57.7565,0.070344,0.127433,35.4937,16.8577,1,1,3713.331,nan
closed_eye_1533.jpg_face_2,cerrado,B25,151.011,0.10905,24.4612,73.6439,47.5649,18.6819,CRITICA,9.3138,0.596765,14.1684,51.2328,0.080057,0.098511,26.5867,9.6642,1,1,5025.126,nan
closed_eye_1533.jpg_face_2,cerrado,B40,151.011,0.10905,39.5067,82.7997,34.5261,22.5325,BIEN,10.3843,0.686128,15.281,45.1697,0.073197,0.08723,32.8779,20.0086,1,1,3996.803,nan
closed_eye_1543.jpg_face_1,cerrado,B5,199.0291,0.161176,4.3956,44.8106,100.0,6.2521,CRITICA,4.1083,0.325862,15.9785,77.4854,0.196204,nan,21.7326,nan,1,1,3033.06,nan
closed_eye_1543.jpg_face_1,cerrado,B10,199.0291,0.161176,9.2875,57.3018,100.0,6.9747,CRITICA,4.8184,0.420882,14.4943,71.2094,0.204529,0.227806,26.8976,41.3396,1,1,2734.482,nan
closed_eye_1543.jpg_face_1,cerrado,B15,199.0291,0.161176,14.5449,65.4118,100.0,8.026,CRITICA,5.3194,0.478251,13.9917,67.1345,0.203849,0.274761,26.4754,70.4725,1,1,3376.097,nan
closed_eye_1543.jpg_face_1,cerrado,B25,199.0291,0.161176,24.5199,75.2879,70.9451,9.7221,CRITICA,5.9603,0.550905,14.035,62.1724,0.255543,0.244321,58.5486,51.5862,1,1,3176.62,nan
closed_eye_1543.jpg_face_1,cerrado,B40,199.0291,0.161176,39.5621,84.5545,27.3853,11.966,BIEN,6.6406,0.618793,15.0778,57.5165,0.253561,0.255536,57.3188,58.5442,1,1,2376.991,nan
closed_eye_1550.BMP_face_2,cerrado,B5,105.3375,0.02454,4.5158,39.6882,100.0,21.5488,CRITICA,9.8286,0.347736,16.1435,62.3228,0.047835,0.151549,94.9238,517.5561,1,1,3459.011,nan
closed_eye_1550.BMP_face_2,cerrado,B10,105.3375,0.02454,9.5101,52.0337,92.9741,25.0864,CRITICA,11.1742,0.484455,14.7689,50.6028,0.037395,0.100317,52.3819,308.7849,1,1,3624.502,nan
closed_eye_1550.BMP_face_2,cerrado,B15,105.3375,0.02454,14.496,59.3904,68.0525,28.0091,CRITICA,12.149,0.562315,14.3874,43.6189,0.027761,0.076868,13.1242,213.2335,1,1,3510.004,nan
closed_eye_1550.BMP_face_2,cerrado,B25,105.3375,0.02454,24.5124,68.8924,52.3935,32.5814,CRITICA,13.6699,0.663215,14.5872,34.5984,0.034188,0.055681,39.3162,126.8974,1,1,3532.321,nan
closed_eye_1550.BMP_face_2,cerrado,B40,105.3375,0.02454,39.5077,78.1822,44.2389,38.8825,CRITICA,15.7157,0.761125,15.8496,25.7793,0.023701,0.036939,3.4176,50.5245,1,1,2359.604,nan
closed_eye_1558.jpg_face_1,cerrado,B5,62.9436,0.060293,4.4706,43.6614,100.0,11.7338,CRITICA,19.4886,0.738219,16.1351,30.6342,0.142958,nan,137.1053,nan,1,1,4140.787,nan
closed_eye_1558.jpg_face_1,cerrado,B10,62.9436,0.060293,9.5238,56.4604,99.3832,13.3387,CRITICA,23.1759,0.837142,14.6511,10.3,0.119056,0.195491,97.4624,224.2362,1,1,3377.237,nan
closed_eye_1558.jpg_face_1,cerrado,B15,62.9436,0.060293,14.4842,63.6885,91.0786,14.9816,CRITICA,24.8519,0.867795,14.2172,1.1833,0.085207,0.132077,41.3222,119.0585,1,1,4393.673,nan
closed_eye_1558.jpg_face_1,cerrado,B25,62.9436,0.060293,24.4852,73.2263,52.6104,18.1649,CRITICA,24.4627,0.892181,14.3249,16.3364,0.092399,0.102764,53.2497,70.4405,1,1,5035.247,nan
closed_eye_1558.jpg_face_1,cerrado,B40,62.9436,0.060293,39.4855,82.353,38.4825,22.4107,BIEN,21.9047,0.909565,15.4631,30.8361,0.06354,0.070815,5.3856,17.4519,1,1,4814.636,nan
closed_eye_1560.jpg_face_1,cerrado,B5,111.2415,0.069268,4.5348,44.7972,100.0,7.5572,CRITICA,10.8616,0.543898,15.81,59.7298,0.121418,nan,75.2871,nan,1,1,4576.659,nan
closed_eye_1560.jpg_face_1,cerrado,B10,111.2415,0.069268,9.4845,57.4907,100.0,8.8413,CRITICA,12.4192,0.654033,14.391,48.319,0.11885,0.145007,71.58,109.3424,1,1,4308.488,nan
closed_eye_1560.jpg_face_1,cerrado,B15,111.2415,0.069268,14.4674,65.0901,99.699,10.1309,CRITICA,13.5854,0.723453,13.9511,41.4876,0.102332,0.145064,47.7338,109.4239,1,1,3714.71,nan
closed_eye_1560.jpg_face_1,cerrado,B25,111.2415,0.069268,24.5319,74.6524,57.2318,12.2147,CRITICA,15.3669,0.798352,14.0203,32.8916,0.088044,0.098752,27.106,42.5661,1,1,3226.847,nan
closed_eye_1560.jpg_face_1,cerrado,B40,111.2415,0.069268,39.494,83.8206,31.4567,15.0827,BIEN,17.5538,0.866171,15.1012,24.6499,0.077803,0.076164,12.3222,9.956,1,1,4095.004,nan
closed_eye_1561.jpg_face_1,cerrado,B5,176.6524,0.015317,4.4439,43.14,100.0,10.5968,CRITICA,5.0422,0.28668,15.9963,75.5791,0.163303,nan,966.1309,nan,1,1,3576.538,nan
closed_eye_1561.jpg_face_1,cerrado,B10,176.6524,0.015317,9.4596,56.7085,100.0,11.0011,CRITICA,5.8592,0.402988,14.4967,67.8982,0.103166,nan,573.5205,nan,1,1,4595.588,nan
closed_eye_1561.jpg_face_1,cerrado,B15,176.6524,0.015317,14.4205,64.1247,99.7922,11.6944,CRITICA,6.3938,0.468327,14.0419,63.7001,0.055875,0.189887,264.7804,1139.6853,1,1,4646.84,nan
closed_eye_1561.jpg_face_1,cerrado,B25,176.6524,0.015317,24.5381,74.1085,48.7578,14.2134,CRITICA,7.1514,0.5555,14.1037,58.0484,0.036953,0.07389,141.2485,382.395,1,1,4948.046,nan
closed_eye_1561.jpg_face_1,cerrado,B40,176.6524,0.015317,39.5015,83.0696,24.0435,16.8446,BIEN,7.9531,0.622368,15.1927,52.9757,0.03337,0.037675,117.8569,145.9622,1,1,3859.513,nan
closed_eye_1567.jpg_face_1,cerrado,B5,81.6125,0.092958,4.5643,40.1451,100.0,20.5699,CRITICA,12.294,0.458942,15.8943,50.8101,0.169779,0.195396,82.6409,110.1983,1,1,4118.616,nan
closed_eye_1567.jpg_face_1,cerrado,B10,81.6125,0.092958,9.533,52.3863,82.5325,23.8447,CRITICA,14.0646,0.58412,14.5519,35.811,0.097858,0.191576,5.2712,106.0891,1,1,4892.368,nan
closed_eye_1567.jpg_face_1,cerrado,B15,81.6125,0.092958,14.5032,59.3041,71.645,27.0782,CRITICA,15.3747,0.654509,14.217,27.3345,0.113993,0.172689,22.6285,85.7718,1,1,3206.156,nan
closed_eye_1567.jpg_face_1,cerrado,B25,81.6125,0.092958,24.4978,68.5188,60.5917,32.427,CRITICA,17.5282,0.755666,14.4734,16.0438,0.091509,0.153277,1.5581,64.8892,1,1,5903.187,nan
closed_eye_1567.jpg_face_1,cerrado,B40,81.6125,0.092958,39.5096,77.569,52.2604,39.7696,CRITICA,20.64,0.850292,15.8096,4.9546,0.105514,0.152679,13.5079,64.2459,1,1,5205.622,nan
closed_eye_1570.jpg_face_1,cerrado,B5,164.9794,0.080732,4.3956,43.4654,100.0,12.4068,CRITICA,5.8266,0.424283,15.9726,73.654,0.100801,nan,24.859,nan,1,1,931.359,nan
closed_eye_1570.jpg_face_1,cerrado,B10,164.9794,0.080732,9.4303,56.7347,100.0,12.1192,CRITICA,6.7189,0.568096,14.4554,65.611,nan,nan,nan,nan,1,0,1103.875,nan
closed_eye_1570.jpg_face_1,cerrado,B15,164.9794,0.080732,14.4975,64.122,99.9997,13.8277,CRITICA,7.2998,0.625195,14.0341,61.1333,nan,nan,nan,nan,1,0,1567.89,nan
closed_eye_1570.jpg_face_1,cerrado,B25,164.9794,0.080732,24.5022,73.9727,46.7855,16.6397,CRITICA,8.1429,0.695196,14.0927,55.1625,0.071736,0.09033,11.1433,11.8887,1,1,1419.245,nan
closed_eye_1570.jpg_face_1,cerrado,B40,164.9794,0.080732,39.493,83.2508,27.4592,20.0592,BIEN,9.056,0.756885,15.1811,49.5387,0.07244,0.075144,10.2701,6.9215,1,1,903.996,nan
closed_eye_1579.BMP_face_1,cerrado,B5,145.7049,0.046211,4.4545,44.604,100.0,6.8973,CRITICA,7.6759,0.321407,16.0441,69.3874,0.084996,nan,83.9295,nan,1,1,4712.535,nan
closed_eye_1579.BMP_face_1,cerrado,B10,145.7049,0.046211,9.381,57.5928,100.0,7.9892,CRITICA,8.788,0.43045,14.5021,60.473,0.119056,0.160397,157.6335,247.0966,1,1,4739.337,nan
closed_eye_1579.BMP_face_1,cerrado,B15,145.7049,0.046211,14.4558,65.1459,99.7261,8.8213,CRITICA,9.5225,0.491345,14.0547,55.2892,0.094731,0.150045,104.996,224.6933,1,1,4466.28,nan
closed_eye_1579.BMP_face_1,cerrado,B25,145.7049,0.046211,24.4811,75.09,57.0829,10.8145,CRITICA,10.602,0.581113,14.0852,48.4643,0.060378,0.118326,30.6569,156.0554,1,1,5440.696,nan
closed_eye_1579.BMP_face_1,cerrado,B40,145.7049,0.046211,39.4811,84.1809,28.6289,13.3713,BIEN,11.7821,0.673247,15.1429,42.2251,0.052223,0.088887,13.0105,92.3496,1,1,4782.401,nan
closed_eye_1581.jpg_face_1,cerrado,B5,130.704,0.057077,4.4374,41.2493,100.0,16.9406,CRITICA,7.7354,0.356187,16.4384,68.4407,0.08727,nan,52.8999,nan,1,1,2885.17,nan
closed_eye_1581.jpg_face_1,cerrado,B10,130.704,0.057077,9.4345,54.1709,100.0,19.0063,CRITICA,8.7976,0.507322,14.9138,58.5545,0.081236,0.15227,42.3275,166.7809,1,1,3022.061,nan
closed_eye_1581.jpg_face_1,cerrado,B15,130.704,0.057077,14.5774,61.8967,69.3781,21.4897,CRITICA,9.5421,0.585328,14.4781,52.6436,0.064121,0.114351,12.3427,100.3459,1,1,5181.347,nan
closed_eye_1581.jpg_face_1,cerrado,B25,130.704,0.057077,24.54,71.4007,52.1342,25.7124,CRITICA,10.6258,0.667042,14.5968,45.3722,0.068216,0.091727,19.5162,60.7076,1,1,3021.148,nan
closed_eye_1581.jpg_face_1,cerrado,B40,130.704,0.057077,39.4961,80.4868,46.4922,31.5536,BIEN,11.9388,0.750966,15.7969,38.4205,0.059225,0.079794,3.7645,39.8018,1,1,5025.126,nan
closed_eye_1594.jpg_face_1,cerrado,B5,145.2425,0.039908,4.5757,43.2333,100.0,13.4428,CRITICA,7.0968,0.399313,15.9295,70.2337,nan,nan,nan,nan,1,0,2739.726,nan
closed_eye_1594.jpg_face_1,cerrado,B10,145.2425,0.039908,9.392,56.3029,100.0,13.3276,CRITICA,8.0928,0.530493,14.5113,61.2353,0.025828,nan,35.2825,nan,1,1,2753.304,nan
closed_eye_1594.jpg_face_1,cerrado,B15,145.2425,0.039908,14.4959,63.9409,99.4967,14.5555,CRITICA,8.7766,0.593825,14.0852,55.9765,0.015784,0.07626,60.4487,91.0867,1,1,2704.164,nan
closed_eye_1594.jpg_face_1,cerrado,B25,145.2425,0.039908,24.461,73.5142,48.4387,17.3268,CRITICA,9.776,0.675742,14.162,49.3852,0.022834,0.036311,42.7847,9.0151,1,1,2075.119,nan
closed_eye_1594.jpg_face_1,cerrado,B40,145.2425,0.039908,39.4763,82.8814,29.1446,21.2314,BIEN,10.9394,0.752109,15.2604,42.9358,0.039101,0.044815,2.0227,12.2936,1,1,1823.819,nan
closed_eye_1613.BMP_face_1,cerrado,B5,112.7075,0.130112,4.5565,38.5209,100.0,23.5798,CRITICA,8.6961,0.404225,16.1804,65.8222,0.107839,nan,17.1184,nan,1,1,3160.556,nan
closed_eye_1613.BMP_face_1,cerrado,B10,112.7075,0.130112,9.5376,50.0298,94.8677,28.6573,CRITICA,9.8775,0.518754,14.8525,55.6109,0.095029,nan,26.9639,nan,1,1,3104.626,nan
closed_eye_1613.BMP_face_1,cerrado,B15,112.7075,0.130112,14.527,57.0466,62.2251,32.1553,CRITICA,10.7186,0.585009,14.5108,49.3852,0.103403,0.135165,20.5281,3.8839,1,1,3192.848,nan
closed_eye_1613.BMP_face_1,cerrado,B25,112.7075,0.130112,24.5091,66.3999,49.4646,37.5449,CRITICA,12.0506,0.672353,14.7258,41.0866,0.096752,0.118437,25.6396,8.9732,1,1,2527.806,nan
closed_eye_1613.BMP_face_1,cerrado,B40,112.7075,0.130112,39.5198,76.0493,44.1182,43.7887,CRITICA,13.7818,0.764084,16.0301,32.525,0.098445,0.123796,24.338,4.8547,1,1,2589.332,nan
closed_eye_1622.jpg_face_2,cerrado,B5,129.1017,0.07446,4.4484,41.1978,100.0,17.6195,CRITICA,7.8522,0.360729,16.1173,68.0889,0.156415,0.196857,110.0646,164.3789,1,1,4659.833,nan
closed_eye_1622.jpg_face_2,cerrado,B10,129.1017,0.07446,9.5184,54.4669,100.0,19.2575,CRITICA,8.9674,0.493455,14.6548,57.8109,0.121183,0.146085,62.7487,96.1911,1,1,4482.295,nan
closed_eye_1622.jpg_face_2,cerrado,B15,129.1017,0.07446,14.4274,61.9252,77.8716,21.4461,CRITICA,9.7085,0.560737,14.2603,52.0338,0.079824,0.138107,7.2039,85.4769,1,1,4800.768,nan
closed_eye_1622.jpg_face_2,cerrado,B25,129.1017,0.07446,24.471,71.5645,43.7226,25.5124,CRITICA,10.8554,0.648044,14.3784,44.5673,0.075339,0.101722,1.1799,36.612,1,1,4006.411,nan
closed_eye_1622.jpg_face_2,cerrado,B40,129.1017,0.07446,39.48,80.6176,37.2352,30.9687,BIEN,12.2231,0.738476,15.5761,37.5549,0.089623,0.085671,20.3627,15.0554,1,1,3299.241,nan
closed_eye_1627.jpg_face_1,cerrado,B5,150.4714,0.061348,4.3598,41.6055,100.0,16.0496,CRITICA,6.5359,0.273385,16.3153,72.3499,0.094754,nan,54.4531,nan,1,1,5115.089,nan
closed_eye_1627.jpg_face_1,cerrado,B10,150.4714,0.061348,9.2976,54.562,100.0,18.571,CRITICA,7.5181,0.382804,14.7207,63.7393,0.071953,0.156405,17.2871,154.9464,1,1,4395.604,nan
closed_eye_1627.jpg_face_1,cerrado,B15,150.4714,0.061348,14.5242,62.213,92.4933,20.4987,CRITICA,8.1714,0.446004,14.2882,58.6546,0.068299,0.104913,11.3302,71.012,1,1,4604.052,nan
closed_eye_1627.jpg_face_1,cerrado,B25,150.4714,0.061348,24.5085,72.0307,43.3487,24.0127,CRITICA,9.1065,0.535167,14.3578,52.13,0.059973,0.074939,2.2416,22.1541,1,1,5737.234,nan
closed_eye_1627.jpg_face_1,cerrado,B40,150.4714,0.061348,39.4809,81.3049,35.0634,28.4511,BIEN,10.1535,0.631053,15.4874,45.9665,0.062878,0.070567,2.494,15.0277,1,1,5797.101,nan
closed_eye_1630.jpg_face_1,cerrado,B5,133.762,0.108688,4.3673,41.3346,100.0,16.7967,CRITICA,7.7056,0.318614,16.2475,69.0984,0.109319,0.174227,0.5806,60.3004,1,1,2783.964,nan
closed_eye_1630.jpg_face_1,cerrado,B10,133.762,0.108688,9.4974,55.0198,99.922,17.6817,CRITICA,8.8537,0.451113,14.6748,58.8674,0.107315,0.160313,1.2626,47.4988,1,1,4363.002,nan
closed_eye_1630.jpg_face_1,cerrado,B15,133.762,0.108688,14.4428,62.6166,86.9992,19.5022,CRITICA,9.5792,0.518349,14.2528,53.1881,0.119104,0.130824,9.5834,20.367,1,1,4965.244,nan
closed_eye_1630.jpg_face_1,cerrado,B25,133.762,0.108688,24.4798,72.342,43.4248,23.2715,CRITICA,10.7001,0.612784,14.3442,45.9174,0.109195,0.107956,0.4669,0.6735,1,1,3382.95,nan
closed_eye_1630.jpg_face_1,cerrado,B40,133.762,0.108688,39.4969,81.2931,33.4677,28.0557,BIEN,11.979,0.705613,15.5176,39.2256,0.094834,0.08159,12.7461,24.932,1,1,4566.21,nan
closed_eye_1631.jpg_face_1,cerrado,B5,138.0103,0.062508,4.2823,42.6037,100.0,11.3312,CRITICA,7.5697,0.284176,16.4424,69.13,0.092594,nan,48.1325,nan,1,1,5417.118,nan
closed_eye_1631.jpg_face_1,cerrado,B10,138.0103,0.062508,9.5626,56.046,100.0,13.2802,CRITICA,8.6911,0.422463,14.7871,59.39,0.077948,0.165517,24.7013,164.7939,1,1,5125.577,nan
closed_eye_1631.jpg_face_1,cerrado,B15,138.0103,0.062508,14.4415,63.4716,84.5457,15.1126,CRITICA,9.3974,0.490808,14.3566,54.0095,0.05962,0.108987,4.6199,74.3568,1,1,2092.05,nan
closed_eye_1631.jpg_face_1,cerrado,B25,138.0103,0.062508,24.5041,72.9505,56.5711,18.2076,CRITICA,10.4273,0.582672,14.4693,47.1412,0.066158,0.086077,5.8402,37.7059,1,1,5138.746,nan
closed_eye_1631.jpg_face_1,cerrado,B40,138.0103,0.062508,39.5065,82.1567,43.3207,22.461,BIEN,11.6523,0.679129,15.6101,40.4706,0.061132,0.075419,2.2001,20.6561,1,1,5146.681,nan
closed_eye_1640.jpg_face_1,cerrado,B5,188.3279,0.082286,4.3246,44.4402,100.0,5.6387,CRITICA,4.7515,0.328997,16.1684,76.4027,0.13922,nan,69.1894,nan,1,1,2623.295,nan
closed_eye_1640.jpg_face_1,cerrado,B10,188.3279,0.082286,9.427,57.7974,100.0,6.8215,CRITICA,5.5752,0.437039,14.5295,69.3103,0.136567,0.176132,65.9657,114.047,1,1,2731.494,nan
closed_eye_1640.jpg_face_1,cerrado,B15,188.3279,0.082286,14.5277,65.3818,100.0,7.8048,CRITICA,6.0807,0.493812,14.0682,65.283,0.099452,0.158675,20.8611,92.8321,1,1,1741.25,nan
closed_eye_1640.jpg_face_1,cerrado,B25,188.3279,0.082286,24.4876,75.2696,50.9961,9.4004,CRITICA,6.7874,0.564898,14.0813,60.0327,0.094635,0.125409,15.0072,52.4058,1,1,2229.654,nan
closed_eye_1640.jpg_face_1,cerrado,B40,188.3279,0.082286,39.4795,84.3371,28.3697,11.7241,BIEN,7.5067,0.631562,15.1465,55.218,0.092357,0.097687,12.2382,18.7153,1,1,1931.621,nan
closed_eye_1641.jpg_face_2,cerrado,B5,146.3724,0.03533,4.1852,42.8394,100.0,10.6653,CRITICA,7.1612,0.227501,16.4093,70.7326,0.065787,nan,86.2062,nan,1,1,5524.862,nan
closed_eye_1641.jpg_face_2,cerrado,B10,146.3724,0.03533,9.5017,56.6104,100.0,12.4242,CRITICA,8.305,0.323614,14.6638,61.3244,0.078483,0.152468,122.1408,331.5522,1,1,6105.006,nan
closed_eye_1641.jpg_face_2,cerrado,B15,146.3724,0.03533,14.3983,64.068,97.037,13.8801,CRITICA,8.9802,0.384418,14.1967,56.2294,0.045573,0.116665,28.9914,230.2143,1,1,6802.72,nan
closed_eye_1641.jpg_face_2,cerrado,B25,146.3724,0.03533,24.4545,73.8256,49.1582,16.4759,CRITICA,9.9878,0.482699,14.2482,49.5632,0.036717,0.065722,3.9245,86.0213,1,1,5405.405,nan
closed_eye_1641.jpg_face_2,cerrado,B40,146.3724,0.03533,39.4919,83.0236,34.6128,19.9825,BIEN,11.1289,0.592489,15.3499,43.2792,0.046999,0.041525,33.027,17.535,1,1,4854.369,nan
closed_eye_1648.jpg_face_2,cerrado,B5,95.5884,0.06717,4.4631,43.843,100.0,10.2472,CRITICA,12.313,0.46489,16.0013,54.1335,0.106977,nan,59.2638,nan,1,1,4638.219,nan
closed_eye_1648.jpg_face_2,cerrado,B10,95.5884,0.06717,9.4514,56.7844,95.874,11.5492,CRITICA,14.1712,0.584072,14.5337,40.5948,0.120102,0.171344,78.804,155.0912,1,1,4323.39,nan
closed_eye_1648.jpg_face_2,cerrado,B15,95.5884,0.06717,14.5068,64.4448,90.6006,13.2709,CRITICA,15.5233,0.655408,14.0798,32.5809,0.098664,0.147792,46.8879,120.0288,1,1,5503.577,nan
closed_eye_1648.jpg_face_2,cerrado,B25,95.5884,0.06717,24.4446,73.8892,68.2861,16.2933,CRITICA,17.5847,0.754905,14.1717,22.7007,0.093987,0.10913,39.9249,62.4702,1,1,4217.63,nan
closed_eye_1648.jpg_face_2,cerrado,B40,95.5884,0.06717,39.4988,83.0925,40.5762,20.5155,BIEN,20.281,0.844258,15.2902,13.0726,0.075091,0.102092,11.793,51.9915,1,1,5192.108,nan
closed_eye_1649.jpg_face_1,cerrado,B5,166.2251,0.067621,4.5472,44.8768,100.0,7.1189,CRITICA,5.9661,0.373933,15.8335,73.0024,nan,nan,nan,nan,1,0,2371.916,nan
closed_eye_1649.jpg_face_1,cerrado,B10,166.2251,0.067621,9.5152,57.8941,100.0,8.1627,CRITICA,6.8243,0.47582,14.4433,65.1713,0.137836,nan,103.8347,nan,1,1,3723.008,nan
closed_eye_1649.jpg_face_1,cerrado,B15,166.2251,0.067621,14.3427,64.9526,100.0,8.779,CRITICA,7.402,0.53598,14.0014,60.9249,0.135149,nan,99.8622,nan,1,1,3679.176,nan
closed_eye_1649.jpg_face_1,cerrado,B25,166.2251,0.067621,24.4818,74.9807,51.734,11.0733,CRITICA,8.2587,0.612874,14.0442,54.8921,nan,0.147684,nan,118.3982,1,0,2623.983,nan
closed_eye_1649.jpg_face_1,cerrado,B40,166.2251,0.067621,39.447,84.2155,26.1121,13.6936,BIEN,9.1735,0.686325,15.0869,49.3365,0.086504,0.10456,27.9236,54.6267,1,1,2238.639,nan
closed_eye_1652.jpg_face_1,cerrado,B5,95.0616,0.041888,4.3571,39.3424,100.0,20.2715,CRITICA,11.8735,0.486327,16.3366,58.6138,0.136449,0.195366,225.7466,366.4003,1,1,4173.622,nan
closed_eye_1652.jpg_face_1,cerrado,B10,95.0616,0.041888,9.4337,53.5959,99.407,20.9655,CRITICA,13.7675,0.675081,14.7621,43.6198,0.09013,0.148809,115.1689,255.2538,1,1,4105.09,nan
closed_eye_1652.jpg_face_1,cerrado,B15,95.0616,0.041888,14.4758,61.4497,81.8863,23.0698,CRITICA,15.0694,0.740422,14.3392,35.358,0.09181,0.139607,119.1789,233.2846,1,1,4761.904,nan
closed_eye_1652.jpg_face_1,cerrado,B25,95.0616,0.041888,24.4657,71.044,41.8066,27.0411,CRITICA,17.2162,0.813756,14.4504,25.2653,0.07297,0.08594,74.201,105.1643,1,1,4438.526,nan
closed_eye_1652.jpg_face_1,cerrado,B40,95.0616,0.041888,39.5095,80.1873,34.678,32.3721,BIEN,20.1016,0.876074,15.6471,15.647,0.049024,0.05696,17.0353,35.9823,1,1,4156.276,nan
closed_eye_1655.BMP_face_1,cerrado,B5,117.9555,0.07645,4.518,42.2998,100.0,15.4112,CRITICA,9.5242,0.465123,16.0197,64.1392,0.056507,nan,26.0863,nan,1,1,3088.326,nan
closed_eye_1655.BMP_face_1,cerrado,B10,117.9555,0.07645,9.4991,55.1984,100.0,17.5714,CRITICA,10.9086,0.602551,14.5606,53.2041,0.061914,0.202301,19.0143,164.6181,1,1,2718.869,nan
closed_eye_1655.BMP_face_1,cerrado,B15,117.9555,0.07645,14.4408,62.6899,91.4329,19.1169,CRITICA,11.8168,0.672208,14.1596,46.8529,0.068223,0.080257,10.7618,4.9791,1,1,3025.718,nan
closed_eye_1655.BMP_face_1,cerrado,B25,117.9555,0.07645,24.4901,72.4584,49.708,22.2847,CRITICA,13.2686,0.752952,14.2512,38.5714,0.062484,0.058863,18.2688,23.0054,1,1,3099.814,nan
closed_eye_1655.BMP_face_1,cerrado,B40,117.9555,0.07645,39.522,81.6548,31.9991,26.329,BIEN,15.0307,0.825604,15.3847,30.775,0.065168,0.060394,14.7571,21.0023,1,1,3529.827,nan
closed_eye_1659.jpg_face_1,cerrado,B5,126.4383,0.052764,4.3697,44.2992,100.0,8.9412,CRITICA,9.2946,0.485071,16.12,64.9638,0.060463,nan,14.5904,nan,1,1,4357.298,nan
closed_eye_1659.jpg_face_1,cerrado,B10,126.4383,0.052764,9.5465,57.3512,100.0,9.4112,CRITICA,10.6754,0.621356,14.5401,54.6409,0.054461,0.14045,3.2149,166.1831,1,1,4587.156,nan
closed_eye_1659.jpg_face_1,cerrado,B15,126.4383,0.052764,14.4808,64.9776,88.599,10.8306,CRITICA,11.5805,0.688903,14.0758,48.6092,0.054778,0.089814,3.8158,70.2165,1,1,4226.543,nan
closed_eye_1659.jpg_face_1,cerrado,B25,126.4383,0.052764,24.5362,74.7748,69.0709,12.9311,CRITICA,12.9275,0.763367,14.1306,40.8606,0.05328,0.065046,0.9768,23.2761,1,1,4438.526,nan
closed_eye_1659.jpg_face_1,cerrado,B40,126.4383,0.052764,39.4881,83.7736,33.6288,15.887,BIEN,14.4801,0.831046,15.2113,33.7435,0.052868,0.055296,0.1962,4.7981,1,1,4262.574,nan
closed_eye_1660.jpg_face_1,cerrado,B5,141.1087,0.063143,4.3203,42.3912,100.0,13.9913,CRITICA,7.3499,0.397651,16.0736,69.9585,0.118117,nan,87.0615,nan,1,1,3411.805,nan
closed_eye_1660.jpg_face_1,cerrado,B10,141.1087,0.063143,9.5365,55.5216,100.0,16.2949,CRITICA,8.4878,0.522109,14.479,60.6533,0.114351,nan,81.0987,nan,1,1,3438.79,nan
closed_eye_1660.jpg_face_1,cerrado,B15,141.1087,0.063143,14.5684,62.9317,96.325,17.8965,CRITICA,9.1873,0.588108,14.0805,55.402,0.094544,0.120362,49.7295,90.6183,1,1,3309.067,nan
closed_eye_1660.jpg_face_1,cerrado,B25,141.1087,0.063143,24.4397,73.1067,46.6146,20.7988,CRITICA,10.2633,0.674171,14.1367,48.1912,0.088132,0.1156,39.5743,83.0767,1,1,3212.335,nan
closed_eye_1660.jpg_face_1,cerrado,B40,141.1087,0.063143,39.4987,82.187,29.7464,24.4737,BIEN,11.4819,0.756052,15.2615,41.7562,0.074935,0.080996,18.6743,28.2743,1,1,2840.909,nan
closed_eye_1666.jpg_face_1,cerrado,B5,203.6868,0.020094,4.3813,44.3808,100.0,7.2428,CRITICA,3.8586,0.2501,16.1025,78.2112,0.076877,nan,282.5912,nan,1,1,4585.053,nan
closed_eye_1666.jpg_face_1,cerrado,B10,203.6868,0.020094,9.3327,57.3883,100.0,8.1972,CRITICA,4.573,0.338604,14.5228,71.8252,0.056202,0.148704,179.7,640.0485,1,1,4627.487,nan
closed_eye_1666.jpg_face_1,cerrado,B15,203.6868,0.020094,14.403,64.9168,100.0,9.1594,CRITICA,5.0231,0.38814,14.0682,68.1291,0.049746,0.132871,147.5687,561.2543,1,1,5099.439,nan
closed_eye_1666.jpg_face_1,cerrado,B25,203.6868,0.020094,24.5393,75.0489,57.2578,11.1155,CRITICA,5.6692,0.461693,14.0707,63.1547,0.027884,0.111316,38.7698,453.9816,1,1,4096.682,nan
closed_eye_1666.jpg_face_1,cerrado,B40,203.6868,0.020094,39.5257,84.2076,21.9219,13.7261,BIEN,6.3147,0.532684,15.1352,58.6583,0.019621,0.040907,2.3544,103.5808,1,1,4110.152,nan
closed_eye_1667.jpg_face_1,cerrado,B5,202.1052,0.088927,4.3942,44.6883,100.0,5.8184,CRITICA,4.0391,0.269314,16.0303,77.8886,nan,nan,nan,nan,1,0,4593.477,nan
closed_eye_1667.jpg_face_1,cerrado,B10,202.1052,0.088927,9.3295,57.6093,100.0,5.9967,CRITICA,4.7642,0.359274,14.4924,71.4954,0.073498,nan,17.3502,nan,1,1,3711.952,nan
closed_eye_1667.jpg_face_1,cerrado,B15,202.1052,0.088927,14.4202,65.412,100.0,6.3059,CRITICA,5.244,0.406137,13.9932,67.6347,0.076566,nan,13.9003,nan,1,1,4405.286,nan
closed_eye_1667.jpg_face_1,cerrado,B25,202.1052,0.088927,24.4822,75.4046,76.435,8.0126,CRITICA,5.8824,0.479213,14.0301,62.6904,nan,0.071812,nan,19.2463,1,0,2792.516,nan
closed_eye_1667.jpg_face_1,cerrado,B40,202.1052,0.088927,39.508,84.6495,18.4928,9.8263,BIEN,6.5495,0.548993,15.0623,58.1161,nan,0.070679,nan,20.521,1,0,4079.967,nan
closed_eye_1670.jpg_face_1,cerrado,B5,170.3394,0.034984,4.4991,44.629,100.0,7.2761,CRITICA,5.7324,0.381921,15.9442,73.8,0.076886,nan,119.7729,nan,1,1,2126.755,nan
closed_eye_1670.jpg_face_1,cerrado,B10,170.3394,0.034984,9.4042,57.6164,100.0,8.2602,CRITICA,6.5953,0.50755,14.4815,66.1755,0.058593,0.168139,67.4825,380.6109,1,1,2118.195,nan
closed_eye_1670.jpg_face_1,cerrado,B15,170.3394,0.034984,14.4363,65.048,99.5159,8.8988,CRITICA,7.1755,0.569341,14.0143,61.8127,0.065538,0.155022,87.3339,343.1164,1,1,2111.932,nan
closed_eye_1670.jpg_face_1,cerrado,B25,170.3394,0.034984,24.5013,75.0565,54.4241,11.0651,CRITICA,7.9903,0.64448,14.0683,55.9371,0.053067,0.072176,51.6863,106.3103,1,1,2018.978,nan
closed_eye_1670.jpg_face_1,cerrado,B40,170.3394,0.034984,39.4902,84.1291,26.7707,13.5871,BIEN,8.8531,0.710075,15.1332,50.6109,0.040213,0.059035,14.9441,68.7472,1,1,1728.011,nan
closed_eye_1670.jpg_face_2,cerrado,B5,150.1762,0.033619,4.4422,44.1818,100.0,8.6167,CRITICA,7.0864,0.424701,16.0876,70.58,0.139188,nan,314.0114,nan,1,1,1585.289,nan
closed_eye_1670.jpg_face_2,cerrado,B10,150.1762,0.033619,9.3681,57.1567,100.0,9.4921,CRITICA,8.1371,0.567703,14.5315,61.9403,0.104265,0.184744,210.1344,449.5188,1,1,1660.027,nan
closed_eye_1670.jpg_face_2,cerrado,B15,150.1762,0.033619,14.527,64.8419,99.1988,10.5153,CRITICA,8.8041,0.634968,14.1081,56.8228,0.108399,0.186042,222.4298,453.3772,1,1,1788.269,nan
closed_eye_1670.jpg_face_2,cerrado,B25,150.1762,0.033619,24.4235,74.417,56.6105,12.6894,CRITICA,9.7866,0.711808,14.1384,50.4469,0.070889,0.12588,110.8575,274.4277,1,1,1797.591,nan
closed_eye_1670.jpg_face_2,cerrado,B40,150.1762,0.033619,39.4875,83.6929,29.1153,15.7729,BIEN,10.8769,0.775634,15.2246,44.2702,0.062201,0.08494,85.0157,152.6515,1,1,1583.531,nan
closed_eye_1671.jpg_face_1,cerrado,B5,180.4022,0.123128,4.3287,43.5248,100.0,10.6755,CRITICA,4.8776,0.291619,16.1633,75.8735,0.165878,nan,34.7199,nan,1,1,1774.938,nan
closed_eye_1671.jpg_face_1,cerrado,B10,180.4022,0.123128,9.4764,56.6599,100.0,11.8972,CRITICA,5.6884,0.392145,14.5849,68.5925,0.165108,0.223651,34.0951,81.6413,1,1,2156.102,nan
closed_eye_1671.jpg_face_1,cerrado,B15,180.4022,0.123128,14.4674,64.4186,100.0,13.3723,CRITICA,6.2055,0.452441,14.1179,64.2917,0.115917,0.213734,5.8559,73.5875,1,1,1941.748,nan
closed_eye_1671.jpg_face_1,cerrado,B25,180.4022,0.123128,24.5203,74.057,47.1845,15.8881,CRITICA,6.9265,0.531682,14.1855,58.9489,0.132266,0.15369,7.4215,24.8213,1,1,2240.143,nan
closed_eye_1671.jpg_face_1,cerrado,B40,180.4022,0.123128,39.4971,83.1801,31.0972,19.4309,BIEN,7.6983,0.609173,15.2768,53.8919,0.116284,0.14587,5.5585,18.4702,1,1,2191.541,nan
closed_eye_1674.BMP_face_1,cerrado,B5,85.7963,0.078228,4.6175,37.2825,100.0,25.4256,CRITICA,11.8652,0.529984,16.2426,56.5453,0.059501,0.162329,23.9396,107.5068,1,1,2240.645,nan
closed_eye_1674.BMP_face_1,cerrado,B10,85.7963,0.078228,9.6112,48.1979,86.076,31.5447,CRITICA,13.5979,0.637073,14.9536,43.8228,0.069353,0.098331,11.3457,25.6971,1,1,3048.781,nan
closed_eye_1674.BMP_face_1,cerrado,B15,85.7963,0.078228,14.6197,55.0241,61.501,35.6651,CRITICA,14.917,0.687837,14.6263,35.8666,0.045549,0.065844,41.774,15.8314,1,1,3332.222,nan
closed_eye_1674.BMP_face_1,cerrado,B25,85.7963,0.078228,24.6163,64.0083,49.3436,41.88,CRITICA,17.1555,0.767345,14.9101,25.395,0.046473,0.063152,40.5924,19.2718,1,1,3507.541,nan
closed_eye_1674.BMP_face_1,cerrado,B40,85.7963,0.078228,39.6134,73.4203,44.9448,49.3545,CRITICA,20.5203,0.836655,16.2932,14.4248,0.06575,0.048055,15.9508,38.5711,1,1,3633.721,nan
closed_eye_1679.BMP_face_1,cerrado,B5,125.9071,0.06694,4.4349,42.1096,100.0,16.339,CRITICA,8.1814,0.357481,16.0442,66.5551,0.086848,0.182185,29.7397,172.1602,1,1,4564.126,nan
closed_eye_1679.BMP_face_1,cerrado,B10,125.9071,0.06694,9.4769,54.9866,99.9965,18.16,CRITICA,9.3228,0.476504,14.5972,56.3277,0.064959,0.14506,2.9603,116.7008,1,1,2837.684,nan
closed_eye_1679.BMP_face_1,cerrado,B15,125.9071,0.06694,14.5113,62.4682,75.1834,20.4234,CRITICA,10.1078,0.545661,14.1906,50.3855,0.0539,0.10792,19.4809,61.2187,1,1,3901.678,nan
closed_eye_1679.BMP_face_1,cerrado,B25,125.9071,0.06694,24.5071,71.9187,47.0035,24.7285,CRITICA,11.296,0.639271,14.3402,42.8795,0.055192,0.078871,17.5509,17.8226,1,1,3518.649,nan
closed_eye_1679.BMP_face_1,cerrado,B40,125.9071,0.06694,39.5031,81.0579,40.4637,30.2224,BIEN,12.7679,0.737808,15.5177,35.6209,0.04933,0.060928,26.3071,8.9824,1,1,4147.657,nan
closed_eye_1680.jpg_face_1,cerrado,B5,42.4963,0.110913,4.4646,38.1331,99.8576,20.7883,CRITICA,22.4612,0.726692,16.4352,10.2671,nan,nan,nan,nan,1,0,6238.303,nan
closed_eye_1680.jpg_face_1,cerrado,B10,42.4963,0.110913,9.5119,51.372,89.9964,22.8832,CRITICA,23.3322,0.772104,15.0033,20.886,0.110649,0.161798,0.2381,45.8776,1,1,5760.368,nan
closed_eye_1680.jpg_face_1,cerrado,B15,42.4963,0.110913,14.5568,58.9605,75.6497,25.1525,CRITICA,21.9575,0.782067,14.6372,38.7428,nan,0.130715,nan,17.8533,1,0,5810.576,nan
closed_eye_1680.jpg_face_1,cerrado,B25,42.4963,0.110913,24.4988,67.9014,58.5974,30.628,CRITICA,19.539,0.780361,14.9055,59.782,nan,0.114774,nan,3.4809,1,0,6138.736,nan
closed_eye_1680.jpg_face_1,cerrado,B40,42.4963,0.110913,39.5016,77.0328,49.377,37.2811,CRITICA,17.0115,0.756243,16.2717,81.2695,nan,0.128465,nan,15.8246,1,0,3445.899,nan
closed_eye_1690.jpg_face_1,cerrado,B5,129.3817,0.03062,4.2118,42.9986,100.0,10.8801,CRITICA,8.643,0.359498,16.3735,66.7661,0.049178,nan,60.6071,nan,1,1,4418.913,nan
closed_eye_1690.jpg_face_1,cerrado,B10,129.3817,0.03062,9.5562,56.5343,99.9669,12.0581,CRITICA,9.9942,0.483564,14.6589,56.3042,0.04316,0.097039,40.9535,216.9098,1,1,1880.76,nan
closed_eye_1690.jpg_face_1,cerrado,B15,129.3817,0.03062,14.4171,64.1781,98.6612,13.5129,CRITICA,10.8366,0.555794,14.1724,50.3963,0.031248,0.067502,2.0498,120.4502,1,1,5186.722,nan
closed_eye_1690.jpg_face_1,cerrado,B25,129.3817,0.03062,24.4921,73.9518,50.9091,16.2889,CRITICA,12.0851,0.64595,14.2413,42.8421,0.025931,0.047161,15.3136,54.0194,1,1,3835.827,nan
closed_eye_1690.jpg_face_1,cerrado,B40,129.3817,0.03062,39.474,82.9872,35.7273,19.8034,BIEN,13.5511,0.740511,15.3372,35.8586,0.034219,0.041273,11.7516,34.7896,1,1,5260.389,nan
closed_eye_1691.jpg_face_3,cerrado,B5,139.2967,0.150871,4.309,43.544,100.0,9.61,CRITICA,7.7497,0.465091,16.28,68.7401,0.14262,nan,5.4689,nan,1,1,1109.139,nan
closed_eye_1691.jpg_face_3,cerrado,B10,139.2967,0.150871,9.4562,56.7013,99.9984,11.1891,CRITICA,8.8811,0.622471,14.6769,59.2946,0.177269,0.186168,17.4975,23.3958,1,1,1476.669,nan
closed_eye_1691.jpg_face_3,cerrado,B15,139.2967,0.150871,14.5487,64.4789,95.6931,12.7108,CRITICA,9.6246,0.692114,14.2144,53.7111,0.151807,0.178182,0.6206,18.1024,1,1,1315.963,nan
closed_eye_1691.jpg_face_3,cerrado,B25,139.2967,0.150871,24.4402,73.8651,53.559,15.1103,CRITICA,10.6485,0.762172,14.2934,46.9728,0.161375,0.176576,6.9626,17.0382,1,1,1381.215,nan
closed_eye_1691.jpg_face_3,cerrado,B40,139.2967,0.150871,39.4868,83.0342,34.4948,18.8826,BIEN,11.873,0.822994,15.4039,40.3904,0.160748,0.169962,6.5471,12.6541,1,1,1371.178,nan
closed_eye_1693.jpg_face_1,cerrado,B5,166.3063,0.061935,4.3412,43.7603,100.0,9.0389,CRITICA,5.785,0.314742,16.1374,73.6869,0.093467,nan,50.911,nan,1,1,2260.909,nan
closed_eye_1693.jpg_face_1,cerrado,B10,166.3063,0.061935,9.3768,57.0651,100.0,10.4166,CRITICA,6.7051,0.429922,14.5343,65.6868,0.088619,0.178106,43.0834,187.569,1,1,3766.478,nan
closed_eye_1693.jpg_face_1,cerrado,B15,166.3063,0.061935,14.4563,64.7146,99.5414,11.7406,CRITICA,7.2982,0.491877,14.0669,61.0871,0.098109,0.148135,58.4058,139.1783,1,1,3909.304,nan
closed_eye_1693.jpg_face_1,cerrado,B25,166.3063,0.061935,24.4685,74.5377,49.6375,14.1699,CRITICA,8.1163,0.573244,14.1238,55.1805,0.068267,0.073074,10.2239,17.9847,1,1,3167.564,nan
closed_eye_1693.jpg_face_1,cerrado,B40,166.3063,0.061935,39.4931,83.6613,36.3001,17.5015,BIEN,9.0238,0.655229,15.2044,49.6944,0.060463,0.06861,2.3765,10.7775,1,1,3253.09,nan
closed_eye_1702.BMP_face_1,cerrado,B5,148.8246,0.097039,4.3742,43.9079,100.0,9.938,CRITICA,6.8122,0.330932,16.0566,70.4969,0.184161,nan,89.7802,nan,1,1,4524.887,nan
closed_eye_1702.BMP_face_1,cerrado,B10,148.8246,0.097039,9.3294,56.534,100.0,12.4853,CRITICA,7.7754,0.432933,14.583,62.013,0.192809,0.218558,98.6917,125.2261,1,1,4027.386,nan
closed_eye_1702.BMP_face_1,cerrado,B15,148.8246,0.097039,14.4076,64.139,82.5095,14.4557,CRITICA,8.4608,0.494975,14.1088,56.903,0.168999,0.216503,74.1556,123.1083,1,1,4938.272,nan
closed_eye_1702.BMP_face_1,cerrado,B25,148.8246,0.097039,24.4817,73.8635,53.7376,17.6316,CRITICA,9.4052,0.58177,14.1942,50.3687,0.147822,0.167818,52.332,72.938,1,1,3858.025,nan
closed_eye_1702.BMP_face_1,cerrado,B40,148.8246,0.097039,39.4831,82.9985,39.5271,21.8627,BIEN,10.4954,0.668755,15.2943,44.2307,0.152343,0.152155,56.9911,56.7974,1,1,5060.729,nan
closed_eye_1702.BMP_face_2,cerrado,B5,169.0847,0.113295,4.4306,44.213,100.0,9.9945,CRITICA,5.422,0.292434,15.9927,73.8516,0.134782,nan,18.9652,nan,1,1,5211.048,nan
closed_eye_1702.BMP_face_2,cerrado,B10,169.0847,0.113295,9.3541,56.5564,100.0,12.3867,CRITICA,6.2342,0.383816,14.5414,66.5514,0.161724,0.211365,42.7463,86.5617,1,1,4649.0,nan
closed_eye_1702.BMP_face_2,cerrado,B15,169.0847,0.113295,14.437,64.2354,85.4783,14.3743,CRITICA,6.7973,0.441721,14.0874,62.0099,0.173853,0.168213,53.4518,48.4739,1,1,3175.611,nan
closed_eye_1702.BMP_face_2,cerrado,B25,169.0847,0.113295,24.4467,73.9583,53.2749,17.3497,CRITICA,7.5731,0.51781,14.1629,56.2596,0.157065,0.151184,38.6338,33.4428,1,1,2818.489,nan
closed_eye_1702.BMP_face_2,cerrado,B40,169.0847,0.113295,39.4832,83.143,36.5484,21.427,BIEN,8.4382,0.599915,15.2587,50.8276,0.13205,0.124535,16.5543,9.9209,1,1,5068.424,nan
closed_eye_1705.jpg_face_1,cerrado,B5,146.151,0.037706,4.4839,44.1766,100.0,10.2919,CRITICA,7.4034,0.431037,15.9309,69.7733,0.196184,nan,420.3062,nan,1,1,4488.33,nan
closed_eye_1705.jpg_face_1,cerrado,B10,146.151,0.037706,9.5213,57.325,100.0,11.5301,CRITICA,8.4824,0.560448,14.4525,60.7769,0.118318,nan,213.7937,nan,1,1,3696.858,nan
closed_eye_1705.jpg_face_1,cerrado,B15,146.151,0.037706,14.4365,64.5456,96.79,12.6184,CRITICA,9.1827,0.622116,14.0156,55.8364,0.092558,nan,145.4772,nan,1,1,3698.225,nan
closed_eye_1705.jpg_face_1,cerrado,B25,146.151,0.037706,24.5134,74.3812,59.871,14.7683,CRITICA,10.2202,0.700115,14.0889,49.1066,0.100916,0.126757,167.6418,236.1752,1,1,4170.142,nan
closed_eye_1705.jpg_face_1,cerrado,B40,146.151,0.037706,39.4844,83.5811,23.3241,17.4771,BIEN,11.3688,0.767467,15.1555,42.8118,0.077016,0.091843,104.2558,143.5809,1,1,3861.004,nan
closed_eye_1711.jpg_face_1,cerrado,B5,114.8169,0.069844,4.5034,42.5678,100.0,15.9915,CRITICA,9.3273,0.516098,16.015,62.9255,0.079285,nan,13.5172,nan,1,1,1890.359,nan
closed_eye_1711.jpg_face_1,cerrado,B10,114.8169,0.069844,9.497,55.3509,99.8546,17.5035,CRITICA,10.5874,0.654623,14.6112,51.792,0.080906,0.150153,15.8379,114.9826,1,1,3523.608,nan
closed_eye_1711.jpg_face_1,cerrado,B15,114.8169,0.069844,14.4984,62.7252,72.2262,20.1146,CRITICA,11.4843,0.709482,14.2043,45.3694,0.073685,0.124258,5.4982,77.907,1,1,3843.198,nan
closed_eye_1711.jpg_face_1,cerrado,B25,114.8169,0.069844,24.4925,72.0177,52.3536,24.4231,CRITICA,12.8401,0.776989,14.3696,37.276,0.074394,0.083704,6.5147,19.8434,1,1,3775.009,nan
closed_eye_1711.jpg_face_1,cerrado,B40,114.8169,0.069844,39.4888,81.0995,42.7162,30.2709,BIEN,14.5894,0.844621,15.5616,29.3662,0.073151,0.075167,4.7339,7.6213,1,1,3495.281,nan
closed_eye_1730.jpg_face_1,cerrado,B5,65.6412,0.099633,4.5426,39.2614,100.0,22.0855,CRITICA,15.6065,0.636333,16.2258,40.1879,0.090627,0.165864,9.0385,66.4753,1,1,5733.945,nan
closed_eye_1730.jpg_face_1,cerrado,B10,65.6412,0.099633,9.5604,51.1258,86.2683,26.5685,CRITICA,17.9116,0.750486,14.8935,22.1132,0.056635,0.161319,43.1566,61.914,1,1,6053.269,nan
closed_eye_1730.jpg_face_1,cerrado,B15,65.6412,0.099633,14.5475,58.4577,76.9741,29.5981,CRITICA,19.5397,0.800776,14.5414,10.9435,0.050426,0.143102,49.3884,43.6298,1,1,5711.022,nan
closed_eye_1730.jpg_face_1,cerrado,B25,65.6412,0.099633,24.5412,67.6268,60.028,35.4459,CRITICA,21.791,0.862108,14.7769,3.025,0.045414,0.127936,54.4183,28.4077,1,1,4759.638,nan
closed_eye_1730.jpg_face_1,cerrado,B40,65.6412,0.099633,39.5461,76.6792,51.0133,43.0816,CRITICA,23.0254,0.904027,16.1234,16.8158,0.04994,0.113466,49.8764,13.8838,1,1,6357.279,nan
closed_eye_1740.jpg_face_1,cerrado,B5,200.6218,0.069925,4.4403,45.1694,100.0,4.8214,CRITICA,4.1051,0.334599,15.9053,77.4853,0.068912,nan,1.4495,nan,1,1,1343.003,nan
closed_eye_1740.jpg_face_1,cerrado,B10,200.6218,0.069925,9.3643,57.7501,100.0,5.3243,CRITICA,4.8066,0.424649,14.4582,71.2144,0.067291,nan,3.7665,nan,1,1,1554.726,nan
closed_eye_1740.jpg_face_1,cerrado,B15,200.6218,0.069925,14.5637,65.6117,100.0,6.2682,CRITICA,5.3033,0.479968,13.9649,67.2958,0.05386,0.10283,22.9755,47.0573,1,1,1437.195,nan
closed_eye_1740.jpg_face_1,cerrado,B25,200.6218,0.069925,24.4842,75.6525,76.7138,7.461,CRITICA,5.9356,0.545989,13.9993,62.291,0.062583,0.06737,10.5004,3.6536,1,1,1543.925,nan
closed_eye_1740.jpg_face_1,cerrado,B40,200.6218,0.069925,39.4658,84.6764,20.303,9.2235,BIEN,6.6026,0.611298,15.0302,57.793,0.057809,0.059815,17.3268,14.4581,1,1,1575.796,nan
closed_eye_1745.jpg_face_3,cerrado,B5,159.1975,0.078266,4.2707,44.2425,100.0,7.0507,CRITICA,6.4623,0.321588,16.2191,72.2091,nan,nan,nan,nan,1,0,5063.291,nan
closed_eye_1745.jpg_face_3,cerrado,B10,159.1975,0.078266,9.432,57.3066,100.0,8.1289,CRITICA,7.4912,0.430499,14.5536,64.0028,nan,nan,nan,nan,1,0,5353.319,nan
closed_eye_1745.jpg_face_3,cerrado,B15,159.1975,0.078266,14.4869,65.2411,99.788,8.9439,CRITICA,8.1488,0.493005,14.042,59.0188,nan,nan,nan,nan,1,0,3669.725,nan
closed_eye_1745.jpg_face_3,cerrado,B25,159.1975,0.078266,24.5047,74.7324,66.2912,10.7175,CRITICA,9.0152,0.571696,14.1251,53.0568,nan,nan,nan,nan,1,0,3831.418,nan
closed_eye_1745.jpg_face_3,cerrado,B40,159.1975,0.078266,39.4838,84.0853,25.0121,13.0061,BIEN,10.0105,0.6532,15.1787,47.1817,0.067782,0.069053,13.3961,11.7722,1,1,2470.356,nan
closed_eye_1750.jpg_face_2,cerrado,B5,165.1803,0.04887,4.353,42.968,100.0,12.6091,CRITICA,5.8844,0.323082,16.2976,73.9872,0.053555,nan,9.5857,nan,1,1,4800.768,nan
closed_eye_1750.jpg_face_2,cerrado,B10,165.1803,0.04887,9.4621,56.1388,100.0,13.5375,CRITICA,6.7702,0.437688,14.7217,66.0136,0.039226,0.105637,19.7347,116.1593,1,1,4440.497,nan
closed_eye_1750.jpg_face_2,cerrado,B15,165.1803,0.04887,14.464,64.1309,99.482,15.5574,CRITICA,7.3774,0.504191,14.2219,61.1752,0.04285,0.066141,12.3184,35.341,1,1,4551.662,nan
closed_eye_1750.jpg_face_2,cerrado,B25,165.1803,0.04887,24.5093,73.4882,46.4439,18.4816,CRITICA,8.1802,0.577959,14.3113,55.5103,0.048801,0.037672,0.1408,22.913,1,1,4916.421,nan
closed_eye_1750.jpg_face_2,cerrado,B40,165.1803,0.04887,39.4792,82.6625,29.9446,22.4192,BIEN,9.0775,0.655543,15.3902,49.9562,0.052927,0.038314,8.3017,21.6012,1,1,3000.3,nan
closed_eye_1756.jpg_face_1,cerrado,B5,125.9161,0.058276,4.3869,43.8657,100.0,9.9849,CRITICA,8.9216,0.429911,16.1849,65.1628,0.076608,0.181589,31.4554,211.5986,1,1,3276.54,nan
closed_eye_1756.jpg_face_1,cerrado,B10,125.9161,0.058276,9.5076,56.8808,100.0,11.1002,CRITICA,10.1837,0.572721,14.6409,54.8264,0.069525,0.129023,19.3019,121.3977,1,1,3125.977,nan
closed_eye_1756.jpg_face_1,cerrado,B15,125.9161,0.058276,14.4897,64.421,96.9203,12.2461,CRITICA,11.0364,0.642191,14.1595,48.8382,0.068586,0.102838,17.6907,76.4651,1,1,2608.242,nan
closed_eye_1756.jpg_face_1,cerrado,B25,125.9161,0.058276,24.5083,73.9707,53.3721,14.8122,CRITICA,12.2596,0.721232,14.2668,41.254,0.055804,0.074209,4.2432,27.339,1,1,1686.91,nan
closed_eye_1756.jpg_face_1,cerrado,B40,125.9161,0.058276,39.4743,83.1024,35.761,18.376,BIEN,13.7687,0.799865,15.3662,34.0017,0.060149,0.063581,3.213,9.1032,1,1,2516.356,nan
closed_eye_1761.jpg_face_1,cerrado,B5,92.7539,0.176928,4.5464,41.8815,100.0,17.4493,CRITICA,11.2517,0.400991,15.9447,54.8466,0.151899,nan,14.1466,nan,1,1,4368.72,nan
closed_eye_1761.jpg_face_1,cerrado,B10,92.7539,0.176928,9.4643,54.7003,91.461,18.7274,CRITICA,12.8431,0.523223,14.5655,41.0264,0.179193,0.204981,1.2802,15.8557,1,1,4965.244,nan
closed_eye_1761.jpg_face_1,cerrado,B15,92.7539,0.176928,14.4682,62.1461,74.6429,21.0168,CRITICA,13.9947,0.59767,14.1669,32.9989,0.194075,0.186936,9.6918,5.6564,1,1,3684.598,nan
closed_eye_1761.jpg_face_1,cerrado,B25,92.7539,0.176928,24.4812,71.4627,62.7922,25.4039,CRITICA,15.8486,0.706367,14.3519,22.9545,0.159639,0.177944,9.7717,0.5741,1,1,7390.984,nan
closed_eye_1761.jpg_face_1,cerrado,B40,92.7539,0.176928,39.4916,80.5536,50.7792,31.5177,BIEN,18.4189,0.811096,15.6033,13.1534,0.143064,0.144522,19.1399,18.3157,1,1,4100.041,nan
closed_eye_1766.jpg_face_2,cerrado,B5,111.7188,0.01997,4.5372,38.5934,100.0,22.7994,CRITICA,9.1584,0.420178,16.2831,65.4548,0.038398,0.118268,92.2774,492.2246,1,1,3932.364,nan
closed_eye_1766.jpg_face_2,cerrado,B10,111.7188,0.01997,9.484,50.7241,99.8945,26.9456,CRITICA,10.3843,0.570422,14.9062,54.5967,0.032431,0.087765,62.3964,339.4815,1,1,3631.082,nan
closed_eye_1766.jpg_face_2,cerrado,B15,111.7188,0.01997,14.5185,58.2896,68.259,29.2356,CRITICA,11.2683,0.648461,14.5067,47.8247,0.032493,0.054332,62.7095,172.0646,1,1,3541.076,nan
closed_eye_1766.jpg_face_2,cerrado,B25,111.7188,0.01997,24.5083,67.8827,43.6823,33.6587,CRITICA,12.6316,0.730162,14.6932,39.2379,0.027212,0.033023,36.2656,65.3622,1,1,3557.453,nan
closed_eye_1766.jpg_face_2,cerrado,B40,111.7188,0.01997,39.4711,77.4271,36.2506,39.1685,CRITICA,14.422,0.809257,15.9405,30.6946,0.028599,0.032163,43.2108,61.0557,1,1,3288.392,nan
closed_eye_1776.jpg_face_3,cerrado,B5,187.8641,0.113083,4.3089,44.8435,100.0,4.0119,CRITICA,4.8111,0.373018,15.964,76.1298,0.204659,nan,80.981,nan,1,1,2192.502,nan
closed_eye_1776.jpg_face_3,cerrado,B10,187.8641,0.113083,9.4275,57.8515,100.0,4.9745,CRITICA,5.6326,0.474812,14.3803,69.2057,0.226968,nan,100.7089,nan,1,1,1988.862,nan
closed_eye_1776.jpg_face_3,cerrado,B15,187.8641,0.113083,14.5198,65.4419,100.0,5.4494,CRITICA,6.139,0.53205,13.957,65.1653,0.227043,nan,100.7756,nan,1,1,2127.207,nan
closed_eye_1776.jpg_face_3,cerrado,B25,187.8641,0.113083,24.4761,75.5351,59.291,7.1583,CRITICA,6.8574,0.603429,13.9822,59.7927,0.200677,0.215257,77.46,90.3529,1,1,2125.398,nan
closed_eye_1776.jpg_face_3,cerrado,B40,187.8641,0.113083,39.4759,84.7058,25.366,8.8836,BIEN,7.6077,0.668017,15.0076,54.9111,0.173876,0.176794,53.7596,56.34,1,1,2128.565,nan
closed_eye_1777.jpg_face_1,cerrado,B5,129.1791,0.043959,4.3545,41.8421,100.0,15.1477,CRITICA,8.0933,0.461906,16.2791,67.6092,0.067093,nan,52.6241,nan,1,1,1775.883,nan
closed_eye_1777.jpg_face_1,cerrado,B10,129.1791,0.043959,9.3778,55.167,100.0,15.9832,CRITICA,9.289,0.62241,14.692,57.2942,0.072656,0.160609,65.281,265.3574,1,1,1735.207,nan
closed_eye_1777.jpg_face_1,cerrado,B15,129.1791,0.043959,14.5109,63.1468,88.3118,17.9484,CRITICA,10.1016,0.703614,14.2424,51.1169,0.056199,0.092297,27.8427,109.9601,1,1,1617.861,nan
closed_eye_1777.jpg_face_1,cerrado,B25,129.1791,0.043959,24.4982,72.5224,45.5061,21.2145,CRITICA,11.2293,0.778748,14.351,43.8591,0.048842,0.076864,11.1071,74.8525,1,1,1561.524,nan
closed_eye_1777.jpg_face_1,cerrado,B40,129.1791,0.043959,39.5176,81.7271,33.4612,25.8734,BIEN,12.6216,0.842383,15.5061,36.7335,0.041571,0.057719,5.4319,31.3017,1,1,1987.281,nan
closed_eye_1789.jpg_face_1,cerrado,B5,118.0812,0.055401,4.4874,44.6369,100.0,7.9679,CRITICA,9.942,0.367974,15.9762,62.1982,nan,nan,nan,nan,1,0,5321.98,nan
closed_eye_1789.jpg_face_1,cerrado,B10,118.0812,0.055401,9.3887,57.1364,100.0,9.1986,CRITICA,11.3909,0.493552,14.5018,51.6126,0.109971,nan,98.4994,nan,1,1,5151.984,nan
closed_eye_1789.jpg_face_1,cerrado,B15,118.0812,0.055401,14.4544,64.8776,96.8082,10.5899,CRITICA,12.4042,0.560844,14.0393,45.0568,nan,0.188716,nan,240.6355,1,0,2871.088,nan
closed_eye_1789.jpg_face_1,cerrado,B25,118.0812,0.055401,24.4851,74.5647,58.6119,12.7503,CRITICA,13.9076,0.654978,14.1032,36.853,nan,0.212207,nan,283.0355,1,0,5503.577,nan
closed_eye_1789.jpg_face_1,cerrado,B40,118.0812,0.055401,39.4902,83.8041,33.4237,15.8822,BIEN,15.7409,0.753894,15.1867,29.0284,0.058457,0.16829,5.5149,203.7654,1,1,6082.725,nan
closed_eye_1796.jpg_face_1,cerrado,B5,124.9891,0.097125,4.4168,41.5114,100.0,16.2563,CRITICA,8.4116,0.351845,16.2639,66.7879,0.095541,nan,1.6304,nan,1,1,6101.281,nan
closed_eye_1796.jpg_face_1,cerrado,B10,124.9891,0.097125,9.39,54.6613,100.0,17.4871,CRITICA,9.6029,0.481472,14.7642,56.2671,0.083894,0.144289,13.6229,48.5608,1,1,4003.202,nan
closed_eye_1796.jpg_face_1,cerrado,B15,124.9891,0.097125,14.5021,62.4303,86.7225,19.6706,CRITICA,10.4458,0.562103,14.3041,50.0514,0.09278,0.138425,4.4739,42.5231,1,1,4242.682,nan
closed_eye_1796.jpg_face_1,cerrado,B25,124.9891,0.097125,24.589,71.8949,43.5407,23.0911,CRITICA,11.6072,0.654499,14.4477,42.479,0.068631,0.087234,29.3377,10.1835,1,1,6119.951,nan
closed_eye_1796.jpg_face_1,cerrado,B40,124.9891,0.097125,39.4906,81.0673,33.527,27.8736,BIEN,13.0759,0.74687,15.6108,35.1405,0.08414,0.104314,13.3689,7.4019,1,1,4192.872,nan
closed_eye_1804.jpg_face_1,cerrado,B5,113.3976,0.079045,4.4366,43.6662,100.0,11.3717,CRITICA,10.2162,0.354305,16.072,61.4928,0.181554,nan,129.6849,nan,1,1,5834.306,nan
closed_eye_1804.jpg_face_1,cerrado,B10,113.3976,0.079045,9.4661,56.6124,100.0,12.6907,CRITICA,11.7095,0.4733,14.5586,50.0762,nan,0.19274,nan,143.8363,1,0,6093.845,nan
closed_eye_1804.jpg_face_1,cerrado,B15,113.3976,0.079045,14.5082,64.2105,83.5503,14.5223,CRITICA,12.7395,0.561942,14.1263,43.3758,0.120931,0.140676,52.9906,77.9699,1,1,6480.882,nan
closed_eye_1804.jpg_face_1,cerrado,B25,113.3976,0.079045,24.5,73.74,59.9392,17.5222,CRITICA,14.2857,0.664353,14.2184,34.9721,0.084578,0.099642,7.0002,26.0573,1,1,6373.486,nan
closed_eye_1804.jpg_face_1,cerrado,B40,113.3976,0.079045,39.48,82.9987,40.408,21.498,BIEN,16.2371,0.773162,15.3098,26.8073,0.085283,0.089021,7.8916,12.6212,1,1,4599.816,nan
closed_eye_1806.jpg_face_1,cerrado,B5,85.3218,0.050461,4.4641,41.7349,100.0,14.7389,CRITICA,12.7122,0.411982,16.404,51.0853,nan,nan,nan,nan,1,0,6165.229,nan
closed_eye_1806.jpg_face_1,cerrado,B10,85.3218,0.050461,9.4792,54.5043,98.2514,16.6341,CRITICA,14.4797,0.563099,14.8973,36.1192,nan,0.153403,nan,204.0041,1,0,5903.188,nan
closed_eye_1806.jpg_face_1,cerrado,B15,85.3218,0.050461,14.5095,61.914,85.4915,18.4,CRITICA,15.7386,0.642922,14.4987,27.4348,0.101788,0.106126,101.7162,110.3135,1,1,5934.718,nan
closed_eye_1806.jpg_face_1,cerrado,B25,85.3218,0.050461,24.5033,71.4877,57.1834,21.7097,CRITICA,17.7118,0.746592,14.6496,16.214,0.079585,0.085057,57.7156,68.5596,1,1,6925.208,nan
closed_eye_1806.jpg_face_1,cerrado,B40,85.3218,0.050461,39.4802,80.5586,43.431,26.5886,BIEN,20.3711,0.838528,15.8731,5.5827,0.119464,0.082398,136.7455,63.2915,1,1,7199.425,nan
closed_eye_1807.jpg_face_1,cerrado,B5,152.4319,0.057893,4.3633,41.6533,100.0,16.0297,CRITICA,6.2216,0.23647,16.2545,72.6741,0.212607,nan,267.2409,nan,1,1,5998.801,nan
closed_eye_1807.jpg_face_1,cerrado,B10,152.4319,0.057893,9.4386,54.6807,100.0,18.124,CRITICA,7.1805,0.328017,14.6829,64.1278,0.199557,0.198769,244.7,243.3385,1,1,6435.007,nan
closed_eye_1807.jpg_face_1,cerrado,B15,152.4319,0.057893,14.4579,62.5394,93.1201,19.6913,CRITICA,7.8022,0.390916,14.2325,58.9722,0.122017,0.149099,110.7635,157.5418,1,1,4821.601,nan
closed_eye_1807.jpg_face_1,cerrado,B25,152.4319,0.057893,24.5026,72.2575,41.5748,22.7571,CRITICA,8.6856,0.481571,14.3398,52.5969,0.088764,0.107006,53.325,84.8339,1,1,5385.03,nan
closed_eye_1807.jpg_face_1,cerrado,B40,152.4319,0.057893,39.4692,81.4233,31.04,27.3578,BIEN,9.6999,0.582437,15.4787,46.5838,0.071757,0.095394,23.9471,64.7764,1,1,5920.664,nan
closed_eye_1808.jpg_face_1,cerrado,B5,121.1732,0.027062,4.3548,41.4355,100.0,16.4689,CRITICA,8.5397,0.39849,16.2806,65.8048,0.062386,0.172179,130.5341,536.2476,1,1,4415.011,nan
closed_eye_1808.jpg_face_1,cerrado,B10,121.1732,0.027062,9.4291,54.595,98.869,18.2576,CRITICA,9.7377,0.536432,14.7767,54.9446,0.035022,0.107259,29.4176,296.3511,1,1,4050.222,nan
closed_eye_1808.jpg_face_1,cerrado,B15,121.1732,0.027062,14.4566,62.1104,72.6263,20.8519,CRITICA,10.5674,0.602354,14.3389,48.7425,0.03262,0.059099,20.5411,118.3879,1,1,2316.96,nan
closed_eye_1808.jpg_face_1,cerrado,B25,121.1732,0.027062,24.45,71.5729,47.7615,24.7772,CRITICA,11.7624,0.687617,14.4778,40.9334,0.031378,0.038351,15.9502,41.7172,1,1,4149.378,nan
closed_eye_1808.jpg_face_1,cerrado,B40,121.1732,0.027062,39.4521,80.7533,41.6187,30.5413,BIEN,13.3012,0.774378,15.6646,33.3572,0.032106,0.039216,18.6397,44.9129,1,1,4118.616,nan
closed_eye_1810.jpg_face_1,cerrado,B5,160.9389,0.050376,4.3929,44.024,100.0,8.7575,CRITICA,6.1152,0.193356,16.0642,72.6455,nan,nan,nan,nan,1,0,3333.333,nan
closed_eye_1810.jpg_face_1,cerrado,B10,160.9389,0.050376,9.4178,57.0539,100.0,10.3322,CRITICA,7.0497,0.275873,14.5285,64.5494,nan,nan,nan,nan,1,0,5040.323,nan
closed_eye_1810.jpg_face_1,cerrado,B15,160.9389,0.050376,14.4975,64.7248,99.4115,11.8217,CRITICA,7.65,0.332378,14.0831,59.783,nan,0.146996,nan,191.7993,1,0,2879.355,nan
closed_eye_1810.jpg_face_1,cerrado,B25,160.9389,0.050376,24.4559,74.2304,52.3314,14.2944,CRITICA,8.5,0.423657,14.1519,53.8766,0.059214,0.068239,17.5447,35.4609,1,1,6489.292,nan
closed_eye_1810.jpg_face_1,cerrado,B40,160.9389,0.050376,39.4943,83.5115,32.5034,17.5891,BIEN,9.4502,0.523701,15.2487,48.1098,0.054838,0.055396,8.8584,9.9658,1,1,5136.107,nan
closed_eye_1820.jpg_face_1,cerrado,B5,173.7922,0.091552,4.4073,41.2197,100.0,17.3415,CRITICA,4.8258,0.234266,16.1816,76.2822,0.133377,nan,45.6841,nan,1,1,3680.53,nan
closed_eye_1820.jpg_face_1,cerrado,B10,173.7922,0.091552,9.3695,53.7933,100.0,20.9184,CRITICA,5.6255,0.335843,14.6525,69.0474,0.154875,0.171515,69.1658,87.3404,1,1,5089.059,nan
closed_eye_1820.jpg_face_1,cerrado,B15,173.7922,0.091552,14.4081,61.9026,99.6919,21.135,CRITICA,6.1311,0.404322,14.2314,64.3813,0.106679,0.159375,16.5226,74.0803,1,1,3872.967,nan
closed_eye_1820.jpg_face_1,cerrado,B25,173.7922,0.091552,24.4649,71.8895,39.8669,24.684,CRITICA,6.8845,0.486306,14.305,58.6348,0.109662,0.160994,19.7811,75.8485,1,1,5219.207,nan
closed_eye_1820.jpg_face_1,cerrado,B40,173.7922,0.091552,39.5115,81.0438,29.0266,29.3936,BIEN,7.7097,0.573616,15.4504,53.3674,0.088278,0.108825,3.5761,18.8666,1,1,3527.337,nan
closed_eye_1841.jpg_face_1,cerrado,B5,164.3924,0.076392,4.3823,43.3289,100.0,10.937,CRITICA,5.9182,0.296596,16.0677,73.643,0.10021,nan,31.1781,nan,1,1,2081.599,nan
closed_eye_1841.jpg_face_1,cerrado,B10,164.3924,0.076392,9.3938,56.5174,100.0,12.1972,CRITICA,6.8337,0.41068,14.5353,65.6204,0.081903,0.183627,7.2135,140.3749,1,1,3280.84,nan
closed_eye_1841.jpg_face_1,cerrado,B15,164.3924,0.076392,14.3522,64.0288,99.9566,13.1177,CRITICA,7.4206,0.47037,14.0898,61.0512,0.078877,0.117686,3.2525,54.0549,1,1,4008.016,nan
closed_eye_1841.jpg_face_1,cerrado,B25,164.3924,0.076392,24.5011,74.0718,51.4395,15.6757,CRITICA,8.2804,0.550054,14.1378,54.9421,0.073139,0.080187,4.2587,4.9678,1,1,3400.204,nan
closed_eye_1841.jpg_face_1,cerrado,B40,164.3924,0.076392,39.4825,83.236,28.1564,18.825,BIEN,9.2107,0.632121,15.2057,49.3675,0.08127,0.081511,6.386,6.7014,1,1,3865.481,nan
closed_eye_1842.jpg_face_1,cerrado,B5,119.142,0.075988,4.5388,43.1046,100.0,12.9822,CRITICA,8.8107,0.421114,16.0672,63.8208,0.136227,0.1866,79.2739,145.5639,1,1,2663.825,nan
closed_eye_1842.jpg_face_1,cerrado,B10,119.142,0.075988,9.4296,55.8153,99.486,14.3841,CRITICA,10.0392,0.577272,14.622,53.1523,0.085805,0.170544,12.9187,124.4349,1,1,3579.098,nan
closed_eye_1842.jpg_face_1,cerrado,B15,119.142,0.075988,14.446,63.2237,76.5797,16.9297,CRITICA,10.8952,0.643798,14.2127,46.9342,0.090024,0.146091,18.4702,92.2546,1,1,3167.564,nan
closed_eye_1842.jpg_face_1,cerrado,B25,119.142,0.075988,24.4801,72.7044,57.6718,20.6979,CRITICA,12.1764,0.726869,14.3195,38.9767,0.087876,0.134604,15.6437,77.1382,1,1,2041.65,nan
closed_eye_1842.jpg_face_1,cerrado,B40,119.142,0.075988,39.5037,81.8415,48.7963,25.7336,BIEN,13.7674,0.805699,15.494,31.3076,0.076723,0.096416,0.9667,26.8822,1,1,3834.356,nan
closed_eye_1843.jpg_face_1,cerrado,B5,134.8597,0.03002,4.2881,42.6198,100.0,13.0265,CRITICA,8.0604,0.456188,16.3387,68.3969,0.047479,nan,58.1575,nan,1,1,1898.975,nan
closed_eye_1843.jpg_face_1,cerrado,B10,134.8597,0.03002,9.5752,56.0526,99.9932,14.6738,CRITICA,9.2665,0.605232,14.7058,58.4363,0.044837,0.106781,49.3573,255.699,1,1,830.634,nan
closed_eye_1843.jpg_face_1,cerrado,B15,134.8597,0.03002,14.5516,63.7257,91.7915,15.7003,CRITICA,10.0056,0.678695,14.2642,52.7467,0.033811,0.075967,12.6277,153.0549,1,1,1318.739,nan
closed_eye_1843.jpg_face_1,cerrado,B25,134.8597,0.03002,24.5043,73.2039,54.4462,18.5965,CRITICA,11.1054,0.752828,14.3582,45.7185,0.018106,0.056998,39.6865,89.8673,1,1,1637.465,nan
closed_eye_1843.jpg_face_1,cerrado,B40,134.8597,0.03002,39.5068,82.4549,33.2878,22.7566,BIEN,12.4211,0.816768,15.4636,38.8588,0.02374,0.030544,20.9193,1.7436,1,1,1760.254,nan
closed_eye_1849.jpg_face_1,cerrado,B5,141.4833,0.077106,4.2917,41.6043,100.0,15.6297,CRITICA,7.3503,0.338881,16.369,70.5942,0.062386,nan,19.0905,nan,1,1,2920.561,nan
closed_eye_1849.jpg_face_1,cerrado,B10,141.4833,0.077106,9.4628,55.1019,100.0,16.7651,CRITICA,8.4297,0.466276,14.7734,61.0542,0.065418,0.146106,15.1578,89.4883,1,1,4725.898,nan
closed_eye_1849.jpg_face_1,cerrado,B15,141.4833,0.077106,14.5295,63.052,90.6966,18.2946,CRITICA,9.1524,0.539004,14.2965,55.435,0.070679,0.080216,8.335,4.0333,1,1,3912.363,nan
closed_eye_1849.jpg_face_1,cerrado,B25,141.4833,0.077106,24.4948,72.7417,44.2032,21.6613,CRITICA,10.1766,0.630603,14.3821,48.5864,0.070882,0.072517,8.0716,5.9519,1,1,3468.609,nan
closed_eye_1849.jpg_face_1,cerrado,B40,141.4833,0.077106,39.4832,81.6965,33.448,26.0693,BIEN,11.3458,0.718184,15.5103,42.2571,0.070547,0.072699,8.5062,5.7148,1,1,2633.658,nan
closed_eye_1850.jpg_face_1,cerrado,B5,86.8038,0.037534,4.5612,39.1172,100.0,21.4691,CRITICA,12.4712,0.440374,16.1279,54.9361,0.031064,nan,17.2396,nan,1,1,5202.913,nan
closed_eye_1850.jpg_face_1,cerrado,B10,86.8038,0.037534,9.4443,53.3425,97.2308,21.9193,CRITICA,14.3389,0.59603,14.7115,38.5482,0.044079,0.091844,17.4357,144.6915,1,1,3524.85,nan
closed_eye_1850.jpg_face_1,cerrado,B15,86.8038,0.037534,14.475,60.9127,70.4379,23.9321,CRITICA,15.6965,0.664745,14.3055,29.8272,0.025681,0.050479,31.5794,34.4881,1,1,4222.973,nan
closed_eye_1850.jpg_face_1,cerrado,B25,86.8038,0.037534,24.5143,70.4085,49.5858,28.336,CRITICA,17.9605,0.759666,14.4702,18.8877,0.019605,0.026266,47.7687,30.0217,1,1,3245.7,nan
closed_eye_1850.jpg_face_1,cerrado,B40,86.8038,0.037534,39.4736,79.5143,40.3787,34.6996,CRITICA,21.2417,0.851242,15.7093,8.3976,0.043801,0.031159,16.6945,16.9858,1,1,3985.652,nan
closed_eye_1856.jpg_face_1,cerrado,B5,61.3679,0.09655,4.4598,43.6704,100.0,9.9968,CRITICA,20.1641,0.79839,16.349,28.8383,0.116188,0.193485,20.3393,100.3978,1,1,1639.344,nan
closed_eye_1856.jpg_face_1,cerrado,B10,61.3679,0.09655,9.4169,56.247,99.9723,12.082,CRITICA,23.5111,0.882375,14.7927,8.3445,0.082898,0.114952,14.1401,19.0595,1,1,1344.086,nan
closed_eye_1856.jpg_face_1,cerrado,B15,61.3679,0.09655,14.4803,64.0601,84.0099,13.9287,CRITICA,24.7429,0.889278,14.3312,4.387,0.094722,0.102339,1.8936,5.995,1,1,2952.465,nan
closed_eye_1856.jpg_face_1,cerrado,B25,61.3679,0.09655,24.4276,73.4408,62.957,16.828,CRITICA,23.7678,0.894129,14.4358,19.673,0.095849,0.098669,0.7269,2.1941,1,1,3576.538,nan
closed_eye_1856.jpg_face_1,cerrado,B40,61.3679,0.09655,39.4697,82.6211,49.2405,21.015,BIEN,21.2506,0.889945,15.5597,34.6325,0.09949,0.096773,3.0447,0.2309,1,1,3731.344,nan
closed_eye_1858.jpg_face_2,cerrado,B5,120.0534,0.067334,4.4358,40.4321,100.0,18.7785,CRITICA,8.997,0.364131,16.1826,66.3215,0.128284,nan,90.518,nan,1,1,5422.993,nan
closed_eye_1858.jpg_face_2,cerrado,B10,120.0534,0.067334,9.4164,53.619,99.9895,20.804,CRITICA,10.2995,0.492268,14.685,55.3374,0.095245,0.161635,41.4506,140.0488,1,1,5020.08,nan
closed_eye_1858.jpg_face_2,cerrado,B15,120.0534,0.067334,14.4434,61.5417,89.7433,22.4363,CRITICA,11.1814,0.559915,14.2655,48.7381,0.091139,0.137919,35.3531,104.8272,1,1,5002.501,nan
closed_eye_1858.jpg_face_2,cerrado,B25,120.0534,0.067334,24.4798,71.5068,42.5416,25.5232,CRITICA,12.542,0.652935,14.3518,40.4375,0.105457,0.113409,56.6173,68.4271,1,1,6090.134,nan
closed_eye_1858.jpg_face_2,cerrado,B40,120.0534,0.067334,39.3724,80.4801,30.749,30.4721,BIEN,14.1872,0.747558,15.5226,32.9631,0.087312,0.092806,29.6697,37.8285,1,1,4568.296,nan
closed_eye_1866.jpg_face_1,cerrado,B5,181.9552,0.069788,4.4591,41.0504,100.0,18.1668,CRITICA,4.4669,0.294221,16.1756,77.4393,nan,nan,nan,nan,1,0,2699.055,nan
closed_eye_1866.jpg_face_1,cerrado,B10,181.9552,0.069788,9.3814,54.7127,100.0,18.4697,CRITICA,5.2154,0.418534,14.64,69.9307,nan,nan,nan,nan,1,0,4384.042,nan
closed_eye_1866.jpg_face_1,cerrado,B15,181.9552,0.069788,14.3585,62.307,100.0,19.5747,CRITICA,5.6913,0.495643,14.2428,65.7569,nan,nan,nan,nan,1,0,4670.715,nan
closed_eye_1866.jpg_face_1,cerrado,B25,181.9552,0.069788,24.4184,72.2926,31.7629,23.0377,CRITICA,6.4091,0.566431,14.2841,60.269,0.111706,0.129029,60.0646,84.8866,1,1,5086.47,nan
closed_eye_1866.jpg_face_1,cerrado,B40,181.9552,0.069788,39.4843,81.5632,23.9911,27.7047,BIEN,7.1752,0.63689,15.4161,55.174,0.080949,0.082413,15.9928,18.0898,1,1,3477.051,nan
closed_eye_1868.jpg_face_1,cerrado,B5,119.7518,0.022748,4.3818,40.4502,100.0,18.6599,CRITICA,8.822,0.352982,16.3436,66.2216,nan,nan,nan,nan,1,0,5780.348,nan
closed_eye_1868.jpg_face_1,cerrado,B10,119.7518,0.022748,9.5643,54.3586,99.9014,19.4679,CRITICA,10.1685,0.492879,14.7329,54.6072,0.144044,0.131553,533.2195,478.3106,1,1,4646.841,nan
closed_eye_1868.jpg_face_1,cerrado,B15,119.7518,0.022748,14.455,62.0039,77.2847,21.3729,CRITICA,10.9928,0.567075,14.3222,48.223,0.045136,0.067199,98.4208,195.407,1,1,5803.83,nan
closed_eye_1868.jpg_face_1,cerrado,B25,119.7518,0.022748,24.5168,71.5702,46.2196,25.2283,CRITICA,12.3149,0.654104,14.4416,40.2346,0.03344,0.039644,47.0019,74.274,1,1,5347.594,nan
closed_eye_1868.jpg_face_1,cerrado,B40,119.7518,0.022748,39.61,80.6923,38.1657,30.4495,BIEN,13.9137,0.751936,15.6385,32.617,0.031991,0.023823,40.634,4.7258,1,1,5694.761,nan
closed_eye_1869.jpg_face_1,cerrado,B5,154.5844,0.054075,4.2649,42.5959,100.0,12.5833,CRITICA,6.5028,0.31991,16.3068,72.4449,0.08709,nan,61.0539,nan,1,1,4413.063,nan
closed_eye_1869.jpg_face_1,cerrado,B10,154.5844,0.054075,9.443,56.3543,100.0,12.7895,CRITICA,7.5449,0.441402,14.6157,63.5446,0.080895,0.15857,49.5989,193.242,1,1,4304.778,nan
closed_eye_1869.jpg_face_1,cerrado,B15,154.5844,0.054075,14.4798,64.1852,99.5205,14.03,CRITICA,8.1913,0.506965,14.1341,58.4789,0.07144,0.127284,32.1134,135.3846,1,1,5497.526,nan
closed_eye_1869.jpg_face_1,cerrado,B25,154.5844,0.054075,24.491,73.876,48.9797,16.4808,CRITICA,9.0996,0.59341,14.2103,52.2099,0.067658,0.08985,25.1186,66.1586,1,1,5136.107,nan
closed_eye_1869.jpg_face_1,cerrado,B40,154.5844,0.054075,39.5103,83.0613,26.2028,19.9489,BIEN,10.121,0.675786,15.3063,46.268,0.067183,0.07879,24.24,45.7059,1,1,4566.21,nan
closed_eye_1878.jpg_face_1,cerrado,B5,149.4026,0.081636,4.3231,43.9697,100.0,8.9191,CRITICA,7.133,0.385611,16.0212,70.5696,0.132393,nan,62.1753,nan,1,1,3663.003,nan
closed_eye_1878.jpg_face_1,cerrado,B10,149.4026,0.081636,9.4839,57.0641,100.0,10.3736,CRITICA,8.206,0.499223,14.4664,61.8051,0.094655,0.175618,15.9472,115.1235,1,1,3241.491,nan
closed_eye_1878.jpg_face_1,cerrado,B15,149.4026,0.081636,14.4585,64.8101,99.635,11.3599,CRITICA,8.8985,0.564725,14.0274,56.6205,0.115975,0.142777,42.0633,74.8949,1,1,2260.398,nan
closed_eye_1878.jpg_face_1,cerrado,B25,149.4026,0.081636,24.3766,74.5131,52.075,13.7029,CRITICA,9.8969,0.644182,14.078,50.126,0.097813,0.11754,19.8161,43.981,1,1,3891.05,nan
closed_eye_1878.jpg_face_1,cerrado,B40,149.4026,0.081636,39.4444,83.7441,29.9625,16.7691,BIEN,11.0335,0.725599,15.1331,43.9474,0.084553,0.104583,3.5729,28.1089,1,1,1398.601,nan
closed_eye_1889.jpg_face_1,cerrado,B5,122.9097,0.023191,4.3232,43.8351,100.0,9.3143,CRITICA,9.387,0.482598,16.2301,64.3355,0.053797,nan,131.9701,nan,1,1,2350.729,nan
closed_eye_1889.jpg_face_1,cerrado,B10,122.9097,0.023191,9.3961,56.8499,99.1988,10.4861,CRITICA,10.7977,0.622545,14.6119,53.7466,0.026928,0.082301,16.1124,254.879,1,1,2029.221,nan
closed_eye_1889.jpg_face_1,cerrado,B15,122.9097,0.023191,14.4642,64.6449,96.5701,11.764,CRITICA,11.7538,0.692709,14.1178,47.4045,0.030638,0.065112,32.1114,180.7606,1,1,1832.845,nan
closed_eye_1889.jpg_face_1,cerrado,B25,122.9097,0.023191,24.4905,74.1255,57.1973,14.0461,CRITICA,13.0852,0.765545,14.2045,39.6911,0.033333,0.04837,43.7303,108.5686,1,1,2065.689,nan
closed_eye_1889.jpg_face_1,cerrado,B40,122.9097,0.023191,39.4768,83.4919,29.6191,17.3396,BIEN,14.7513,0.836057,15.2749,32.0705,0.027712,0.028578,19.4936,23.2269,1,1,2882.675,nan
closed_eye_1890.jpg_face_1,cerrado,B5,96.1736,0.059359,4.374,44.0789,100.0,9.2789,CRITICA,12.3654,0.55565,16.2296,54.1674,0.05489,nan,7.5278,nan,1,1,3521.127,nan
closed_eye_1890.jpg_face_1,cerrado,B10,96.1736,0.059359,9.4439,56.8059,96.6224,11.3266,CRITICA,14.2175,0.693214,14.6563,40.934,0.088737,0.116921,49.4936,96.9727,1,1,3275.467,nan
closed_eye_1890.jpg_face_1,cerrado,B15,96.1736,0.059359,14.5445,64.439,85.855,13.2187,CRITICA,15.5343,0.758285,14.2073,32.9972,0.057907,0.097587,2.4458,64.4013,1,1,3415.301,nan
closed_eye_1890.jpg_face_1,cerrado,B25,96.1736,0.059359,24.4951,73.9687,66.0453,16.1522,CRITICA,17.4864,0.826287,14.2874,23.0883,0.040692,0.087614,31.4469,47.6003,1,1,5151.983,nan
closed_eye_1890.jpg_face_1,cerrado,B40,96.1736,0.059359,39.5143,83.0737,51.4707,20.5741,BIEN,20.1033,0.887965,15.4054,13.6211,0.039185,0.072693,33.9866,22.4632,1,1,4955.402,nan
closed_eye_1906.jpg_face_1,cerrado,B5,154.7517,0.066919,4.4323,44.4508,100.0,7.7632,CRITICA,6.8679,0.4335,16.0833,71.276,0.157795,nan,135.8021,nan,1,1,1814.553,nan
closed_eye_1906.jpg_face_1,cerrado,B10,154.7517,0.066919,9.445,57.493,100.0,9.0315,CRITICA,7.9164,0.572146,14.5055,62.8482,nan,nan,nan,nan,1,0,1852.881,nan
closed_eye_1906.jpg_face_1,cerrado,B15,154.7517,0.066919,14.4671,65.0009,99.9597,9.7027,CRITICA,8.5401,0.634096,14.0822,57.9967,0.112002,0.152861,67.3703,128.4278,1,1,1984.521,nan
closed_eye_1906.jpg_face_1,cerrado,B25,154.7517,0.066919,24.4565,74.8665,56.849,11.7782,CRITICA,9.5079,0.711366,14.1002,51.6215,0.09831,0.117155,46.91,75.0713,1,1,1973.554,nan
closed_eye_1906.jpg_face_1,cerrado,B40,154.7517,0.066919,39.494,83.9671,29.3168,14.4398,BIEN,10.5234,0.774607,15.1791,45.7408,0.084818,0.099259,26.7474,48.3278,1,1,1688.334,nan
closed_eye_1924.jpg_face_1,cerrado,B5,219.5265,0.048303,4.4627,45.1222,100.0,4.8373,CRITICA,3.2273,0.286981,15.9656,79.4457,0.118376,nan,145.0673,nan,1,1,3263.708,nan
closed_eye_1924.jpg_face_1,cerrado,B10,219.5265,0.048303,9.3371,57.6047,100.0,5.7039,CRITICA,3.8752,0.371212,14.4624,73.7596,0.181134,nan,274.9922,nan,1,1,3591.954,nan
closed_eye_1924.jpg_face_1,cerrado,B15,219.5265,0.048303,14.3767,65.1963,100.0,6.3038,CRITICA,4.2915,0.420409,14.0009,70.3014,0.084141,0.155677,74.1936,222.2907,1,1,4008.016,nan
closed_eye_1924.jpg_face_1,cerrado,B25,219.5265,0.048303,24.3755,75.3044,85.1085,7.344,CRITICA,4.8692,0.486605,14.0017,65.6969,0.049576,0.119508,2.6342,147.412,1,1,4240.882,nan
closed_eye_1924.jpg_face_1,cerrado,B40,219.5265,0.048303,39.5105,84.543,13.8129,8.8505,BIEN,5.4523,0.550715,15.045,61.4885,0.04851,0.078206,0.4276,61.9068,1,1,4170.141,nan
closed_eye_1934.png_face_1,cerrado,B5,125.5037,0.051812,4.2833,43.2033,100.0,10.7568,CRITICA,8.9863,0.295182,16.3676,65.5761,0.144937,nan,179.7337,nan,1,1,6605.02,nan
closed_eye_1934.png_face_1,cerrado,B10,125.5037,0.051812,9.5539,56.4155,100.0,12.9525,CRITICA,10.3824,0.41937,14.6697,55.0487,0.103168,0.174991,99.119,237.7399,1,1,2619.172,nan
closed_eye_1934.png_face_1,cerrado,B15,125.5037,0.051812,14.462,64.1735,88.8571,14.5171,CRITICA,11.2525,0.484894,14.1829,48.8673,0.081764,0.134314,57.8075,159.2319,1,1,3323.363,nan
closed_eye_1934.png_face_1,cerrado,B25,125.5037,0.051812,24.5429,73.8653,55.9184,17.3346,CRITICA,12.579,0.587058,14.2461,41.1449,0.081465,0.108283,57.2308,108.9915,1,1,5512.679,nan
closed_eye_1934.png_face_1,cerrado,B40,125.5037,0.051812,39.5029,82.7894,40.9388,21.0816,BIEN,14.1095,0.698133,15.3595,34.0343,0.062871,0.076963,21.3432,48.5425,1,1,5952.381,nan
closed_eye_1935.jpg_face_1,cerrado,B5,38.9993,0.087591,4.4623,42.8259,100.0,13.132,CRITICA,25.9113,0.738275,16.1916,9.8121,0.174622,0.227597,99.3618,159.8414,1,1,3390.98,nan
closed_eye_1935.jpg_face_1,cerrado,B10,38.9993,0.087591,9.4529,55.1319,95.5109,15.4754,CRITICA,22.9452,0.782247,14.7462,41.3667,0.129878,0.160752,48.2783,83.5265,1,1,6153.847,nan
closed_eye_1935.jpg_face_1,cerrado,B15,38.9993,0.087591,14.4896,62.7011,84.6974,17.697,CRITICA,20.3555,0.775446,14.3091,60.7752,0.087398,0.112905,0.2199,28.9007,1,1,6002.4,nan
closed_eye_1935.jpg_face_1,cerrado,B25,38.9993,0.087591,24.4695,72.0419,61.88,21.7835,CRITICA,17.7125,0.758622,14.4637,84.7264,0.089748,0.105052,2.4627,19.9356,1,1,4502.476,nan
closed_eye_1935.jpg_face_1,cerrado,B40,38.9993,0.087591,39.4204,81.3018,45.6597,26.2845,BIEN,15.5352,0.718258,15.6358,108.4702,0.06781,0.087527,22.5835,0.0729,1,1,6738.545,nan
closed_eye_1942.jpg_face_2,cerrado,B5,102.0185,0.047859,4.4851,41.3615,100.0,18.4665,CRITICA,10.8991,0.42514,16.0581,59.4569,0.056312,nan,17.6638,nan,1,1,4955.402,nan
closed_eye_1942.jpg_face_2,cerrado,B10,102.0185,0.047859,9.477,54.0164,99.7313,20.8754,CRITICA,12.444,0.544468,14.6531,47.0524,0.05929,0.180169,23.8852,276.461,1,1,2536.783,nan
closed_eye_1942.jpg_face_2,cerrado,B15,102.0185,0.047859,14.4929,61.8428,75.6786,22.4756,CRITICA,13.5675,0.618543,14.2375,39.3808,0.052987,0.122154,10.7147,155.2398,1,1,5099.44,nan
closed_eye_1942.jpg_face_2,cerrado,B25,102.0185,0.047859,24.4897,71.1905,46.9766,26.8264,CRITICA,15.3299,0.713804,14.4012,30.218,0.065579,0.068908,37.0272,43.9813,1,1,4759.638,nan
closed_eye_1942.jpg_face_2,cerrado,B40,102.0185,0.047859,39.5009,80.4125,39.6399,32.4435,BIEN,17.7164,0.811263,15.5972,21.1785,0.054278,0.050711,13.4125,5.9596,1,1,3940.11,nan
closed_eye_1944.jpg_face_1,cerrado,B5,111.1135,0.09411,4.4695,44.1331,100.0,9.0407,CRITICA,10.8872,0.494419,16.041,60.2811,0.088079,nan,6.4085,nan,1,1,3533.569,nan
closed_eye_1944.jpg_face_1,cerrado,B10,111.1135,0.09411,9.4254,57.1477,99.5316,10.451,CRITICA,12.5052,0.623261,14.5324,48.5682,0.093307,0.154803,0.8541,64.4911,1,1,4240.882,nan
closed_eye_1944.jpg_face_1,cerrado,B15,111.1135,0.09411,14.452,64.6212,96.6401,11.8833,CRITICA,13.6152,0.685418,14.0937,41.8422,0.110364,0.10599,17.2706,12.6229,1,1,3450.656,nan
closed_eye_1944.jpg_face_1,cerrado,B25,111.1135,0.09411,24.4556,74.2871,54.3662,14.5641,CRITICA,15.3554,0.767043,14.1508,33.143,0.079728,0.087373,15.2822,7.1594,1,1,3990.423,nan
closed_eye_1944.jpg_face_1,cerrado,B40,111.1135,0.09411,39.4808,83.5291,29.852,17.97,BIEN,17.5025,0.842089,15.2357,24.8254,0.074722,0.0655,20.6014,30.4011,1,1,5356.187,nan
closed_eye_1952.jpg_face_1,cerrado,B5,162.3641,0.043724,4.3792,44.5534,100.0,6.3942,CRITICA,6.4267,0.226119,16.0704,72.5596,0.190544,nan,335.7884,nan,1,1,4071.661,nan
closed_eye_1952.jpg_face_1,cerrado,B10,162.3641,0.043724,9.4469,57.5826,100.0,7.5543,CRITICA,7.3849,0.317647,14.5274,64.5349,nan,0.214166,nan,389.8136,1,0,2788.622,nan
closed_eye_1952.jpg_face_1,cerrado,B15,162.3641,0.043724,14.55,65.2742,93.2287,8.5692,CRITICA,8.0218,0.375821,14.0648,59.7976,nan,0.185078,nan,323.2872,1,0,3172.589,nan
closed_eye_1952.jpg_face_1,cerrado,B25,162.3641,0.043724,24.5186,75.1604,59.9877,10.6463,CRITICA,8.9011,0.459808,14.0995,53.7088,nan,0.111489,nan,154.9852,1,0,5186.722,nan
closed_eye_1952.jpg_face_1,cerrado,B40,162.3641,0.043724,39.5008,84.1868,33.6411,13.3168,BIEN,9.8568,0.554112,15.1479,48.1494,0.055543,0.063198,27.0321,44.5394,1,1,5194.806,nan
closed_eye_1956.jpg_face_1,cerrado,B5,167.5765,0.034512,4.4005,43.8952,100.0,9.04,CRITICA,5.6543,0.345117,15.9561,73.8059,0.05102,nan,47.8314,nan,1,1,3588.088,nan
closed_eye_1956.jpg_face_1,cerrado,B10,167.5765,0.034512,9.5422,57.2828,100.0,10.3339,CRITICA,6.5513,0.457193,14.4332,65.817,0.05538,0.144859,60.4632,319.73,1,1,3325.573,nan
closed_eye_1956.jpg_face_1,cerrado,B15,167.5765,0.034512,14.4884,64.7364,99.9962,11.3275,CRITICA,7.1147,0.514887,14.0008,61.369,0.049669,0.09073,43.9149,162.8911,1,1,3522.367,nan
closed_eye_1956.jpg_face_1,cerrado,B25,167.5765,0.034512,24.4548,74.4923,52.8365,13.5908,CRITICA,7.9357,0.591696,14.0513,55.5473,0.051201,0.061229,48.3538,77.4123,1,1,3328.895,nan
closed_eye_1956.jpg_face_1,cerrado,B40,167.5765,0.034512,39.4917,83.5241,29.5971,16.4756,BIEN,8.8186,0.666662,15.1413,50.1576,0.043976,0.047668,27.4199,38.1176,1,1,2845.76,nan
closed_eye_1959.jpg_face_2,cerrado,B5,152.2245,0.051129,4.42,43.9927,100.0,9.7052,CRITICA,6.884,0.256655,16.2775,71.1001,0.074688,nan,46.0764,nan,1,1,3695.491,nan
closed_eye_1959.jpg_face_2,cerrado,B10,152.2245,0.051129,9.3557,56.5509,100.0,11.2188,CRITICA,7.8554,0.363512,14.7211,62.8503,0.061314,0.138843,19.9186,171.552,1,1,5020.08,nan
closed_eye_1959.jpg_face_2,cerrado,B15,152.2245,0.051129,14.5073,64.3974,87.85,12.9121,CRITICA,8.5364,0.429857,14.2298,57.6958,0.06323,0.093945,23.6665,83.7387,1,1,3174.603,nan
closed_eye_1959.jpg_face_2,cerrado,B25,152.2245,0.051129,24.5214,74.195,54.36,15.5908,CRITICA,9.4729,0.51893,14.2821,51.2595,0.046889,0.065409,8.2944,27.9287,1,1,4244.482,nan
closed_eye_1959.jpg_face_2,cerrado,B40,152.2245,0.051129,39.4862,83.2487,39.28,19.5188,BIEN,10.512,0.617324,15.3869,45.3119,0.061119,0.061184,19.538,19.6654,1,1,3004.808,nan
closed_eye_1963.jpg_face_1,cerrado,B5,183.8016,0.047815,4.2758,43.5688,100.0,9.6861,CRITICA,4.8765,0.280544,16.1934,76.2957,0.100405,nan,109.9857,nan,1,1,2996.704,nan
closed_eye_1963.jpg_face_1,cerrado,B10,183.8016,0.047815,9.3344,56.8243,100.0,11.0778,CRITICA,5.7083,0.380712,14.5522,69.0839,0.045915,nan,3.9729,nan,1,1,3019.323,nan
closed_eye_1963.jpg_face_1,cerrado,B15,183.8016,0.047815,14.5405,64.6492,100.0,11.9167,CRITICA,6.2434,0.439565,14.0863,64.8266,0.053983,0.108576,12.8989,127.0752,1,1,1898.254,nan
closed_eye_1963.jpg_face_1,cerrado,B25,183.8016,0.047815,24.4523,74.5365,50.1825,14.0365,CRITICA,6.9676,0.519254,14.1079,59.4473,0.045309,0.085741,5.2414,79.3183,1,1,3503.854,nan
closed_eye_1963.jpg_face_1,cerrado,B40,183.8016,0.047815,39.516,83.6363,20.4206,16.6969,BIEN,7.7342,0.596017,15.1895,54.4964,0.046748,0.054002,2.2324,12.9395,1,1,3183.699,nan
closed_eye_1964.jpg_face_1,cerrado,B5,170.0893,0.088621,4.3005,42.9639,100.0,11.4878,CRITICA,5.5493,0.278356,16.266,74.7404,0.109199,nan,23.2205,nan,1,1,3829.951,nan
closed_eye_1964.jpg_face_1,cerrado,B10,170.0893,0.088621,9.2667,56.2772,100.0,12.5799,CRITICA,6.4348,0.38578,14.6285,66.9132,0.100769,0.128661,13.7088,45.1813,1,1,3392.13,nan
closed_eye_1964.jpg_face_1,cerrado,B15,170.0893,0.088621,14.4705,64.2106,99.9825,13.7866,CRITICA,7.0124,0.445918,14.1527,62.2489,0.108946,0.120314,22.9355,35.7627,1,1,3971.406,nan
closed_eye_1964.jpg_face_1,cerrado,B25,170.0893,0.088621,24.4955,73.9627,49.9775,16.3508,CRITICA,7.8138,0.529386,14.2003,56.5154,0.099509,0.123044,12.2868,38.8433,1,1,3260.515,nan
closed_eye_1964.jpg_face_1,cerrado,B40,170.0893,0.088621,39.5059,83.1577,30.6625,19.9266,BIEN,8.6783,0.614001,15.2917,51.1094,0.090958,0.073711,2.6379,16.8241,1,1,4198.153,nan
closed_eye_1972.jpg_face_1,cerrado,B5,134.484,0.052081,4.3872,44.4872,100.0,7.5028,CRITICA,8.5159,0.36853,16.1212,66.9201,0.08517,nan,63.533,nan,1,1,4387.89,nan
closed_eye_1972.jpg_face_1,cerrado,B10,134.484,0.052081,9.3257,57.2164,100.0,9.335,CRITICA,9.7576,0.489037,14.5464,57.4548,0.068847,0.147069,32.1917,182.3843,1,1,4260.758,nan
closed_eye_1972.jpg_face_1,cerrado,B15,134.484,0.052081,14.5939,64.9103,95.7076,10.6859,CRITICA,10.5945,0.553457,14.1032,51.7338,0.067931,0.110339,30.4331,111.8602,1,1,4368.72,nan
closed_eye_1972.jpg_face_1,cerrado,B25,134.484,0.052081,24.4229,74.6548,57.4044,13.2448,CRITICA,11.8094,0.642212,14.126,44.488,0.06292,0.06541,20.8106,25.5932,1,1,3403.676,nan
closed_eye_1972.jpg_face_1,cerrado,B40,134.484,0.052081,39.4904,83.7535,32.2655,16.3483,BIEN,13.1714,0.730902,15.2083,37.7223,0.069764,0.068987,33.9517,32.4598,1,1,2556.891,nan
closed_eye_2015.jpg_face_1,cerrado,B5,134.3565,0.023687,4.3629,39.5027,100.0,20.036,CRITICA,7.134,0.352937,16.3748,70.5986,0.03381,0.172271,42.7369,627.2746,1,1,1587.806,nan
closed_eye_2015.jpg_face_1,cerrado,B10,134.3565,0.023687,9.4177,53.3963,99.9995,20.9092,CRITICA,8.201,0.532522,14.8025,60.2577,0.039486,0.086273,66.6993,264.217,1,1,1374.004,nan
closed_eye_2015.jpg_face_1,cerrado,B15,134.3565,0.023687,14.4656,61.4034,67.4549,23.0355,CRITICA,8.8908,0.609709,14.3815,54.2982,0.024919,0.043384,5.1991,83.1545,1,1,1536.334,nan
closed_eye_2015.jpg_face_1,cerrado,B25,134.3565,0.023687,24.5048,70.8782,44.2048,27.2389,CRITICA,9.925,0.695752,14.5157,47.2461,0.026282,0.036916,10.9555,55.8473,1,1,1554.002,nan
closed_eye_2015.jpg_face_1,cerrado,B40,134.3565,0.023687,39.5045,79.9572,39.7638,32.9545,CRITICA,11.1587,0.77605,15.736,40.4888,0.01836,0.021413,22.4908,9.6028,1,1,1279.918,nan
closed_eye_2024.jpg_face_1,cerrado,B5,113.5415,0.064028,4.4419,40.0125,100.0,19.9913,CRITICA,9.2603,0.340007,16.2631,64.7596,0.104883,nan,63.8074,nan,1,1,4171.882,nan
closed_eye_2024.jpg_face_1,cerrado,B10,113.5415,0.064028,9.4403,52.7756,99.9609,22.6856,CRITICA,10.6143,0.463753,14.776,53.5186,0.068639,0.128811,7.2009,101.1783,1,1,5002.501,nan
closed_eye_2024.jpg_face_1,cerrado,B15,113.5415,0.064028,14.4977,60.9746,74.4131,24.4751,CRITICA,11.5319,0.533503,14.3433,46.2975,0.069503,0.101853,8.5496,59.0742,1,1,5154.639,nan
closed_eye_2024.jpg_face_1,cerrado,B25,113.5415,0.064028,24.4589,70.3854,44.464,28.6297,CRITICA,12.9449,0.631272,14.4893,38.0091,0.06493,0.053929,1.4077,15.7729,1,1,6165.229,nan
closed_eye_2024.jpg_face_1,cerrado,B40,113.5415,0.064028,39.5223,79.5741,35.6416,34.2554,CRITICA,14.7396,0.739284,15.7092,29.9162,0.058666,0.064596,8.3746,0.8862,1,1,5787.037,nan
closed_eye_2035.jpg_face_1,cerrado,B5,144.0364,0.093174,4.4026,44.3593,100.0,7.6597,CRITICA,7.8039,0.341006,16.1449,69.2028,nan,nan,nan,nan,1,0,5727.376,nan
closed_eye_2035.jpg_face_1,cerrado,B10,144.0364,0.093174,9.5063,57.6456,100.0,8.7767,CRITICA,9.0066,0.456562,14.5089,59.9784,0.090613,0.176945,2.7477,89.909,1,1,5216.484,nan
closed_eye_2035.jpg_face_1,cerrado,B15,144.0364,0.093174,14.4476,64.9993,100.0,9.574,CRITICA,9.7217,0.521859,14.0811,54.873,0.099021,0.130064,6.2755,39.5931,1,1,4125.412,nan
closed_eye_2035.jpg_face_1,cerrado,B25,144.0364,0.093174,24.5163,74.9428,53.5503,11.8045,CRITICA,10.8373,0.613935,14.1045,47.9695,0.094634,0.089636,1.5673,3.7963,1,1,5476.451,nan
closed_eye_2035.jpg_face_1,cerrado,B40,144.0364,0.093174,39.449,84.1036,24.9958,14.3049,BIEN,12.0184,0.701693,15.1559,41.6095,0.087549,0.094948,6.0362,1.9047,1,1,5672.15,nan
closed_eye_2038.jpg_face_2,cerrado,B5,56.679,0.098737,4.4694,43.8777,100.0,11.2851,CRITICA,19.8855,0.744367,15.7166,22.5856,0.212538,nan,115.2572,nan,1,1,6093.845,nan
closed_eye_2038.jpg_face_2,cerrado,B10,56.679,0.098737,9.4984,55.9909,99.5076,13.6281,CRITICA,23.3403,0.824209,14.3356,1.2139,0.173186,0.110659,75.4019,12.0749,1,1,4038.772,nan
closed_eye_2038.jpg_face_2,cerrado,B15,56.679,0.098737,14.4879,63.1865,88.8272,15.9668,CRITICA,24.388,0.849397,13.9541,11.4814,0.127482,0.088427,29.1133,10.4413,1,1,5494.505,nan
closed_eye_2038.jpg_face_2,cerrado,B25,56.679,0.098737,24.4932,72.7271,51.9758,19.1922,CRITICA,22.9611,0.867477,14.1286,28.314,0.106023,0.081677,7.3799,17.278,1,1,5797.101,nan
closed_eye_2038.jpg_face_2,cerrado,B40,56.679,0.098737,39.4584,81.8154,39.1617,23.8473,BIEN,20.0943,0.880703,15.3359,44.3489,0.156188,0.111375,58.1865,12.7995,1,1,4014.452,nan
closed_eye_2041.jpg_face_1,cerrado,B5,148.8622,0.042874,4.392,41.5222,100.0,16.2412,CRITICA,6.4595,0.356082,16.2889,72.1069,0.038533,nan,10.1255,nan,1,1,1501.727,nan
closed_eye_2041.jpg_face_1,cerrado,B10,148.8622,0.042874,9.526,55.1186,100.0,17.2969,CRITICA,7.4608,0.50809,14.6966,62.9734,0.031973,0.0762,25.4263,77.729,1,1,1482.58,nan
closed_eye_2041.jpg_face_1,cerrado,B15,148.8622,0.042874,14.4495,62.6708,87.2054,19.0227,CRITICA,8.0589,0.581818,14.2856,57.9001,0.040624,0.059728,5.2479,39.3095,1,1,1598.977,nan
closed_eye_2041.jpg_face_1,cerrado,B25,148.8622,0.042874,24.4865,72.4324,44.4121,22.6308,CRITICA,8.9851,0.667559,14.3736,51.3426,0.030848,0.039994,28.0504,6.7182,1,1,1482.799,nan
closed_eye_2041.jpg_face_1,cerrado,B40,148.8622,0.042874,39.4965,81.4255,36.2002,27.5169,BIEN,10.0292,0.743166,15.5441,45.3015,0.033137,0.033337,22.7116,22.2455,1,1,1390.434,nan
closed_eye_2051.jpg_face_1,cerrado,B5,129.7065,0.085478,4.5519,42.5691,100.0,14.4126,CRITICA,7.7702,0.527185,15.9437,67.1804,0.091511,0.172787,7.0582,102.142,1,1,950.209,nan
closed_eye_2051.jpg_face_1,cerrado,B10,129.7065,0.085478,9.5132,56.4195,99.5946,14.7108,CRITICA,8.9065,0.687125,14.4323,56.5022,0.072566,0.127533,15.1064,49.1988,1,1,1133.787,nan
closed_eye_2051.jpg_face_1,cerrado,B15,129.7065,0.085478,14.4792,63.4428,79.4537,16.553,CRITICA,9.6457,0.745701,14.0428,51.0874,0.084367,0.107825,1.3005,26.1427,1,1,905.223,nan
closed_eye_2051.jpg_face_1,cerrado,B25,129.7065,0.085478,24.4954,72.7807,54.9845,20.1062,CRITICA,10.7681,0.808237,14.1835,43.8882,0.082386,0.090295,3.6181,5.6348,1,1,1110.494,nan
closed_eye_2051.jpg_face_1,cerrado,B40,129.7065,0.085478,39.4885,81.9677,42.5567,24.8887,BIEN,12.1372,0.862951,15.348,36.8053,0.081173,0.0847,5.0366,0.9103,1,1,854.774,nan
closed_eye_2054.jpg_face_1,cerrado,B5,97.6104,0.090406,4.6158,42.5367,100.0,11.7707,CRITICA,11.8231,0.548313,16.4369,56.422,0.100187,0.197497,10.8189,118.4545,1,1,1510.118,nan
closed_eye_2054.jpg_face_1,cerrado,B10,97.6104,0.090406,9.4819,55.5823,98.1456,13.1228,CRITICA,13.385,0.713193,14.9374,43.0569,0.088281,0.14945,2.3506,65.3098,1,1,1354.646,nan
closed_eye_2054.jpg_face_1,cerrado,B15,97.6104,0.090406,14.4648,62.7718,94.3099,14.8681,CRITICA,14.5049,0.77385,14.5482,35.6915,0.089348,0.131185,1.1702,45.106,1,1,1381.788,nan
closed_eye_2054.jpg_face_1,cerrado,B25,97.6104,0.090406,24.4762,72.5276,58.8451,18.2366,CRITICA,16.3207,0.837312,14.6399,25.6969,0.087961,0.106014,2.7049,17.2643,1,1,1491.647,nan
closed_eye_2054.jpg_face_1,cerrado,B40,97.6104,0.090406,39.4793,81.6206,46.8079,22.6899,BIEN,18.7037,0.886967,15.8167,16.3812,0.0867,0.098843,4.0992,9.3315,1,1,1533.742,nan
closed_eye_2062.jpg_face_2,cerrado,B5,121.1701,0.049401,4.3556,43.588,100.0,10.5565,CRITICA,9.5311,0.539616,16.1591,64.0275,0.043454,0.188921,12.038,282.4231,1,1,1838.911,nan
closed_eye_2062.jpg_face_2,cerrado,B10,121.1701,0.049401,9.5151,56.9037,100.0,11.622,CRITICA,10.9824,0.686873,14.558,53.0382,0.045172,0.080925,8.561,63.8126,1,1,2311.604,nan
closed_eye_2062.jpg_face_2,cerrado,B15,121.1701,0.049401,14.4743,64.4513,95.3519,13.1028,CRITICA,11.9105,0.75253,14.1131,46.8092,0.043999,0.0617,10.9346,24.8961,1,1,1474.057,nan
closed_eye_2062.jpg_face_2,cerrado,B25,121.1701,0.049401,24.507,74.0857,53.6754,15.916,CRITICA,13.3257,0.819578,14.1895,38.8581,0.043157,0.046369,12.6404,6.138,1,1,1478.197,nan
closed_eye_2062.jpg_face_2,cerrado,B40,121.1701,0.049401,39.4952,83.1797,33.2048,19.4662,BIEN,14.9959,0.874449,15.2893,31.3529,0.044472,0.04556,9.9782,7.7757,1,1,2263.98,nan
closed_eye_2065.jpg_face_1,cerrado,B5,135.203,0.03833,4.3016,40.2464,100.0,18.3429,CRITICA,7.2099,0.330623,16.3869,70.2326,0.101311,nan,164.314,nan,1,1,4464.286,nan
closed_eye_2065.jpg_face_1,cerrado,B10,135.203,0.03833,9.4091,53.8363,99.359,19.8689,CRITICA,8.2554,0.472961,14.8229,60.1811,0.062225,0.079621,62.3393,107.7243,1,1,3599.712,nan
closed_eye_2065.jpg_face_1,cerrado,B15,135.203,0.03833,14.4613,61.7202,83.4858,21.7942,CRITICA,8.9693,0.54796,14.3499,54.35,0.027821,0.084651,27.4158,120.849,1,1,5189.414,nan
closed_eye_2065.jpg_face_1,cerrado,B25,135.203,0.03833,24.5008,71.1542,47.3516,25.4237,CRITICA,9.9619,0.636778,14.5068,47.3723,0.042578,0.054842,11.0828,43.0786,1,1,5387.931,nan
closed_eye_2065.jpg_face_1,cerrado,B40,135.203,0.03833,39.4839,80.4855,37.5852,30.9388,BIEN,11.2081,0.727158,15.6854,40.4706,0.031391,0.060281,18.1034,57.2685,1,1,3933.91,nan
closed_eye_2071.jpg_face_1,cerrado,B5,96.7557,0.042346,4.4559,44.3837,100.0,8.6374,CRITICA,12.3108,0.4917,16.0826,54.1281,nan,nan,nan,nan,1,0,6049.608,nan
closed_eye_2071.jpg_face_1,cerrado,B10,96.7557,0.042346,9.4448,56.898,96.0842,10.6806,CRITICA,14.1677,0.629489,14.5961,41.1941,nan,nan,nan,nan,1,0,4625.347,nan
closed_eye_2071.jpg_face_1,cerrado,B15,96.7557,0.042346,14.4819,64.595,87.3174,12.1866,CRITICA,15.4873,0.698744,14.1293,33.2391,0.119364,0.153131,181.8764,261.6178,1,1,5830.904,nan
closed_eye_2071.jpg_face_1,cerrado,B25,96.7557,0.042346,24.4857,73.91,71.5079,15.0094,CRITICA,17.4754,0.781471,14.2284,23.6117,0.072966,0.096918,72.3077,128.8701,1,1,5998.8,nan
closed_eye_2071.jpg_face_1,cerrado,B40,96.7557,0.042346,39.4863,83.1528,47.7206,19.0071,BIEN,20.1549,0.861694,15.338,14.059,0.066354,0.062626,56.6951,47.8914,1,1,5871.99,nan
closed_eye_2074.jpg_face_3,cerrado,B5,117.1715,0.044932,4.2739,42.7383,100.0,12.4285,CRITICA,9.7637,0.389764,16.3176,63.525,0.044499,0.167347,0.9632,272.447,1,1,3392.13,nan
closed_eye_2074.jpg_face_3,cerrado,B10,117.1715,0.044932,9.5625,55.9365,99.2445,14.6791,CRITICA,11.2482,0.521776,14.7031,52.261,0.040688,0.114407,9.445,154.6243,1,1,2936.858,nan
closed_eye_2074.jpg_face_3,cerrado,B15,117.1715,0.044932,14.4533,63.6205,91.3462,16.1383,CRITICA,12.1938,0.595372,14.2353,45.7031,0.035554,0.092675,20.8723,106.2578,1,1,2980.626,nan
closed_eye_2074.jpg_face_3,cerrado,B25,117.1715,0.044932,24.4975,73.285,50.896,19.1486,CRITICA,13.6513,0.686266,14.3233,37.4549,0.034171,0.060618,23.9485,34.9103,1,1,2172.496,nan
closed_eye_2074.jpg_face_3,cerrado,B40,117.1715,0.044932,39.4855,82.3977,35.7121,23.2956,BIEN,15.43,0.779697,15.4374,29.6777,0.036218,0.045478,19.3941,1.2156,1,1,2790.179,nan
closed_eye_2079.jpg_face_1,cerrado,B5,133.7519,0.120764,4.4439,42.1881,100.0,15.6473,CRITICA,7.4832,0.352277,16.1539,68.4579,0.159756,0.236129,32.2873,95.5287,1,1,4198.153,nan
closed_eye_2079.jpg_face_1,cerrado,B10,133.7519,0.120764,9.4644,54.9217,100.0,17.923,CRITICA,8.5567,0.469502,14.6733,58.9376,0.133709,0.171151,10.7188,41.723,1,1,5376.344,nan
closed_eye_2079.jpg_face_1,cerrado,B15,133.7519,0.120764,14.4472,62.4166,73.9409,20.2054,CRITICA,9.2356,0.538025,14.2804,53.334,0.135662,0.175388,12.3362,45.232,1,1,4559.963,nan
closed_eye_2079.jpg_face_1,cerrado,B25,133.7519,0.120764,24.4654,71.971,44.4671,24.586,CRITICA,10.3283,0.628947,14.3953,46.1906,0.136215,0.16257,12.7941,34.6178,1,1,4553.734,nan
closed_eye_2079.jpg_face_1,cerrado,B40,133.7519,0.120764,39.4699,80.9593,40.2949,29.9029,BIEN,11.5772,0.721811,15.5866,39.4705,0.127959,0.145416,5.9579,20.4128,1,1,4541.326,nan
closed_eye_2093.jpg_face_2,cerrado,B5,130.6919,0.118338,4.506,42.6296,100.0,14.8824,CRITICA,8.2547,0.466421,16.0838,67.3816,0.135364,nan,14.388,nan,1,1,2671.654,nan
closed_eye_2093.jpg_face_2,cerrado,B10,130.6919,0.118338,9.5013,55.7036,100.0,16.0693,CRITICA,9.4216,0.613674,14.6228,57.3779,0.132233,0.210408,11.7419,77.8026,1,1,1745.81,nan
closed_eye_2093.jpg_face_2,cerrado,B15,130.6919,0.118338,14.3979,63.036,92.5694,17.6168,CRITICA,10.189,0.691264,14.2203,51.7675,0.129953,0.201943,9.8154,70.6494,1,1,2278.423,nan
closed_eye_2093.jpg_face_2,cerrado,B25,130.6919,0.118338,24.4728,72.9257,46.3384,21.1902,CRITICA,11.3944,0.765646,14.2901,44.2002,0.128995,0.143269,9.0054,21.0675,1,1,2290.426,nan
closed_eye_2093.jpg_face_2,cerrado,B40,130.6919,0.118338,39.4726,81.8949,32.1616,25.5263,BIEN,12.7788,0.831427,15.4294,37.3374,0.108749,0.128536,8.1031,8.618,1,1,2067.397,nan
closed_eye_2094.jpg_face_1,cerrado,B5,118.626,0.036144,4.5367,42.9506,100.0,13.3334,CRITICA,9.4553,0.385428,16.187,63.7932,nan,nan,nan,nan,1,0,4282.655,nan
closed_eye_2094.jpg_face_1,cerrado,B10,118.626,0.036144,9.5002,55.7366,100.0,14.7521,CRITICA,10.7545,0.517426,14.6952,53.0148,nan,0.173872,nan,381.0568,1,0,6835.27,nan
closed_eye_2094.jpg_face_1,cerrado,B15,118.626,0.036144,14.5389,63.2661,97.8423,16.0271,CRITICA,11.5946,0.580379,14.289,46.6676,0.08675,0.109513,140.0136,202.9946,1,1,7052.186,nan
closed_eye_2094.jpg_face_1,cerrado,B25,118.626,0.036144,24.5017,72.843,53.0754,18.8803,CRITICA,12.9591,0.679463,14.3928,38.5944,0.061151,0.077518,69.1876,114.4719,1,1,5443.658,nan
closed_eye_2094.jpg_face_1,cerrado,B40,118.626,0.036144,39.5134,82.0372,28.5714,22.4988,BIEN,14.6142,0.771133,15.5255,30.8438,0.051899,0.057832,43.5895,60.0048,1,1,6222.775,nan
closed_eye_2097.jpg_face_1,cerrado,B5,168.8044,0.097005,4.3533,44.1859,100.0,7.4416,CRITICA,5.9452,0.302501,16.1055,73.8242,0.14557,nan,50.0639,nan,1,1,3058.104,nan
closed_eye_2097.jpg_face_1,cerrado,B10,168.8044,0.097005,9.2908,57.2497,100.0,8.295,CRITICA,6.856,0.408834,14.5484,66.0852,0.119032,0.185776,22.7073,91.5115,1,1,4755.112,nan
closed_eye_2097.jpg_face_1,cerrado,B15,168.8044,0.097005,14.3436,64.9757,99.9738,9.1466,CRITICA,7.4667,0.469086,14.0483,61.5083,0.123267,0.167663,27.0726,72.8389,1,1,3411.805,nan
closed_eye_2097.jpg_face_1,cerrado,B25,168.8044,0.097005,24.4821,75.0041,61.4805,11.1878,CRITICA,8.3147,0.548328,14.0749,55.5675,0.113432,0.140871,16.9339,45.22,1,1,4861.449,nan
closed_eye_2097.jpg_face_1,cerrado,B40,168.8044,0.097005,39.4999,84.2697,29.4584,13.6787,BIEN,9.2077,0.628274,15.1265,50.0785,0.114378,0.120157,17.9089,23.8667,1,1,4332.755,nan
closed_eye_2098.jpg_face_2,cerrado,B5,152.9146,0.082869,4.4588,42.3097,100.0,14.682,CRITICA,6.4312,0.371082,16.2423,72.3312,0.110845,nan,33.7599,nan,1,1,3299.241,nan
closed_eye_2098.jpg_face_2,cerrado,B10,152.9146,0.082869,9.4535,55.8274,100.0,14.2294,CRITICA,7.3234,0.540448,14.7511,63.4911,0.092524,0.1912,11.6511,130.7264,1,1,3255.208,nan
closed_eye_2098.jpg_face_2,cerrado,B15,152.9146,0.082869,14.5119,63.5155,96.747,15.7948,CRITICA,7.9406,0.60185,14.2913,58.4634,0.081635,0.115666,1.4893,39.5775,1,1,2760.906,nan
closed_eye_2098.jpg_face_2,cerrado,B25,152.9146,0.082869,24.5088,72.9998,45.1538,18.6358,CRITICA,8.8055,0.680259,14.3959,52.2611,0.097696,0.095573,17.8926,15.3306,1,1,2836.879,nan
closed_eye_2098.jpg_face_2,cerrado,B40,152.9146,0.082869,39.4832,82.1531,31.7337,22.7221,BIEN,9.8122,0.749786,15.5276,46.2752,0.094712,0.093679,14.2916,13.0451,1,1,3322.259,nan
closed_eye_2100.jpg_face_1,cerrado,B5,53.8694,0.085845,4.5203,35.0868,97.9855,23.6796,CRITICA,16.1749,0.543293,16.8077,34.867,0.105762,0.119638,23.201,39.364,1,1,1510.346,nan
closed_eye_2100.jpg_face_1,cerrado,B10,53.8694,0.085845,9.4974,46.7361,85.311,28.3695,CRITICA,18.2979,0.641159,15.533,13.242,0.109489,0.095467,27.5419,11.2078,1,1,2625.361,nan
closed_eye_2100.jpg_face_1,cerrado,B15,53.8694,0.085845,14.4881,54.0573,76.6203,31.8354,CRITICA,19.6564,0.673791,15.2302,0.3486,0.083439,0.100799,2.8035,17.4196,1,1,2482.622,nan
closed_eye_2100.jpg_face_1,cerrado,B25,53.8694,0.085845,24.5209,63.471,66.89,37.1438,CRITICA,21.1037,0.682293,15.6146,17.8237,0.082008,0.086955,4.4697,1.2927,1,1,2420.721,nan
closed_eye_2100.jpg_face_1,cerrado,B40,53.8694,0.085845,39.5173,72.5293,59.7717,45.2977,CRITICA,21.1408,0.730165,17.2147,34.6389,0.072625,0.084734,15.4004,1.2946,1,1,2141.786,nan
closed_eye_2111.jpg_face_1,cerrado,B5,120.8831,0.156689,4.4534,38.6196,100.0,21.8371,CRITICA,7.8299,0.339608,16.4036,68.0521,0.10303,0.243145,34.2454,55.1774,1,1,3243.594,nan
closed_eye_2111.jpg_face_1,cerrado,B10,120.8831,0.156689,9.4961,51.6235,85.6272,25.1518,CRITICA,8.9226,0.493169,14.9345,57.2947,0.133001,0.194148,15.1175,23.907,1,1,5081.3,nan
closed_eye_2111.jpg_face_1,cerrado,B15,120.8831,0.156689,14.4935,59.0608,68.1908,28.1302,CRITICA,9.6695,0.559362,14.5442,51.1422,0.142318,0.189128,9.1713,20.7031,1,1,5485.464,nan
closed_eye_2111.jpg_face_1,cerrado,B25,120.8831,0.156689,24.5085,68.5946,55.9976,32.9404,CRITICA,10.8043,0.648796,14.729,43.2554,0.11163,0.18022,28.7565,15.0179,1,1,4088.307,nan
closed_eye_2111.jpg_face_1,cerrado,B40,120.8831,0.156689,39.5208,77.7965,48.3768,39.8435,CRITICA,12.2718,0.745941,16.0032,35.6432,0.114686,0.165983,26.8065,5.932,1,1,6020.47,nan
closed_eye_2123.jpg_face_2,cerrado,B5,106.8468,0.089449,4.3555,43.901,100.0,9.5503,CRITICA,11.4728,0.393224,16.2306,58.9122,0.203052,nan,127.0036,nan,1,1,4032.258,nan
closed_eye_2123.jpg_face_2,cerrado,B10,106.8468,0.089449,9.4749,56.9771,100.0,10.2133,CRITICA,13.2283,0.522021,14.6562,46.6741,0.185092,0.195589,106.9246,118.6595,1,1,5580.357,nan
closed_eye_2123.jpg_face_2,cerrado,B15,106.8468,0.089449,14.5052,64.8214,98.2111,11.1552,CRITICA,14.466,0.597191,14.1514,39.3324,0.197161,0.210769,120.4172,135.6311,1,1,4011.231,nan
closed_eye_2123.jpg_face_2,cerrado,B25,106.8468,0.089449,24.4696,74.2734,57.8231,13.2775,CRITICA,16.2807,0.694275,14.2461,30.4861,0.156866,0.192299,75.3698,114.9823,1,1,5868.544,nan
closed_eye_2123.jpg_face_2,cerrado,B40,106.8468,0.089449,39.5019,83.5183,29.8564,16.1678,BIEN,18.6303,0.79228,15.3228,21.8336,0.118033,0.14271,31.9553,59.5441,1,1,5396.654,nan
closed_eye_2125.jpg_face_2,cerrado,B5,189.2151,0.09132,4.3735,44.7161,100.0,5.7975,CRITICA,4.7639,0.352852,16.1573,76.3676,0.119178,nan,30.5063,nan,1,1,2056.344,nan
closed_eye_2125.jpg_face_2,cerrado,B10,189.2151,0.09132,9.5193,57.8991,100.0,6.5287,CRITICA,5.5881,0.463608,14.516,69.4004,0.100801,0.183756,10.383,101.2233,1,1,2261.932,nan
closed_eye_2125.jpg_face_2,cerrado,B15,189.2151,0.09132,14.4769,65.4776,100.0,7.1701,CRITICA,6.0732,0.520781,14.0693,65.3951,0.089094,0.163243,2.4373,78.7607,1,1,1330.672,nan
closed_eye_2125.jpg_face_2,cerrado,B25,189.2151,0.09132,24.4827,75.1581,59.8877,8.8665,CRITICA,6.779,0.591906,14.1047,60.279,0.097037,0.104261,6.2606,14.1716,1,1,1606.942,nan
closed_eye_2125.jpg_face_2,cerrado,B40,189.2151,0.09132,39.5035,84.2695,26.9478,10.9579,BIEN,7.4933,0.657823,15.1672,55.4637,0.0955,0.094797,4.5779,3.8078,1,1,1773.05,nan
closed_eye_2128.BMP_face_1,cerrado,B5,154.021,0.062077,4.3045,40.8299,100.0,17.4593,CRITICA,6.2667,0.315721,16.388,73.4907,0.091359,nan,47.1707,nan,1,1,4405.287,nan
closed_eye_2128.BMP_face_1,cerrado,B10,154.021,0.062077,9.4659,54.3185,100.0,19.5909,CRITICA,7.2047,0.444251,14.8307,64.733,0.075691,0.141651,21.9313,128.1859,1,1,3799.392,nan
closed_eye_2128.BMP_face_1,cerrado,B15,154.021,0.062077,14.4784,61.993,92.6752,21.0128,CRITICA,7.8056,0.520129,14.3699,59.7503,0.07363,0.107896,18.6113,73.8105,1,1,3748.126,nan
closed_eye_2128.BMP_face_1,cerrado,B25,154.021,0.062077,24.4986,71.5667,43.0104,24.2421,CRITICA,8.6651,0.608025,14.4957,53.5344,0.076749,0.079223,23.6346,27.6212,1,1,3720.238,nan
closed_eye_2128.BMP_face_1,cerrado,B40,154.021,0.062077,39.4816,80.9533,33.0367,28.9113,BIEN,9.6638,0.692074,15.6291,47.4401,0.063132,0.06437,1.7002,3.6943,1,1,3390.98,nan
closed_eye_2132.jpg_face_3,cerrado,B5,72.1913,0.038611,4.4425,40.2757,100.0,17.7028,CRITICA,15.3031,0.576566,16.424,44.2097,0.092743,0.186747,140.1967,383.6598,1,1,3816.794,nan
closed_eye_2132.jpg_face_3,cerrado,B10,72.1913,0.038611,9.4737,53.7944,94.9775,19.2514,CRITICA,17.7988,0.73188,14.8646,25.4836,0.045613,0.12261,18.1332,217.5494,1,1,4022.526,nan
closed_eye_2132.jpg_face_3,cerrado,B15,72.1913,0.038611,14.5126,61.2322,78.5157,21.3039,CRITICA,19.3786,0.780123,14.473,15.1806,0.059154,0.11402,53.2053,195.3027,1,1,3829.95,nan
closed_eye_2132.jpg_face_3,cerrado,B25,72.1913,0.038611,24.513,70.7899,54.4228,25.5381,CRITICA,21.868,0.837623,14.634,1.9413,0.049286,0.078909,27.6469,104.3692,1,1,4835.59,nan
closed_eye_2132.jpg_face_3,cerrado,B40,72.1913,0.038611,39.5058,79.8009,44.018,31.2837,CRITICA,23.8956,0.884047,15.8736,10.5409,0.039767,0.060453,2.9922,56.5678,1,1,4055.15,nan
closed_eye_2137.jpg_face_1,cerrado,B5,119.3972,0.051671,4.4674,43.0431,100.0,12.7667,CRITICA,9.4143,0.447358,16.0717,63.9496,0.081207,0.211186,57.1636,308.7159,1,1,1813.894,nan
closed_eye_2137.jpg_face_1,cerrado,B10,119.3972,0.051671,9.4302,56.0528,99.9924,14.1775,CRITICA,10.7346,0.593272,14.6282,53.0535,0.070516,0.108473,36.472,109.9327,1,1,1620.746,nan
closed_eye_2137.jpg_face_1,cerrado,B15,119.3972,0.051671,14.4203,63.607,92.1469,15.9604,CRITICA,11.6769,0.667383,14.1675,46.7265,0.065894,0.088779,27.527,71.8174,1,1,2239.642,nan
closed_eye_2137.jpg_face_1,cerrado,B25,119.3972,0.051671,24.5162,73.4356,46.8354,19.4836,CRITICA,13.0867,0.749223,14.2604,38.4947,0.067436,0.064561,30.512,24.9481,1,1,1795.977,nan
closed_eye_2137.jpg_face_1,cerrado,B40,119.3972,0.051671,39.4767,82.4746,36.2525,23.6269,BIEN,14.788,0.825512,15.3692,30.9242,0.063705,0.064374,23.2904,24.5859,1,1,2089.427,nan
closed_eye_2144.jpg_face_2,cerrado,B5,150.7278,0.090372,4.3742,43.4354,100.0,10.5984,CRITICA,6.8514,0.355072,16.1724,71.1829,0.140282,nan,55.2262,nan,1,1,3116.236,nan
closed_eye_2144.jpg_face_2,cerrado,B10,150.7278,0.090372,9.5576,56.8468,100.0,11.5911,CRITICA,7.907,0.488459,14.573,62.2851,0.13017,0.166101,44.0378,83.7965,1,1,3064.665,nan
closed_eye_2144.jpg_face_2,cerrado,B15,150.7278,0.090372,14.4555,64.2292,99.7092,13.2094,CRITICA,8.5498,0.556022,14.1326,57.3873,0.104685,0.151159,15.8379,67.2631,1,1,2858.777,nan
closed_eye_2144.jpg_face_2,cerrado,B25,150.7278,0.090372,24.4962,73.9831,50.668,15.753,CRITICA,9.5098,0.638699,14.2054,50.9161,0.115133,0.119987,27.3989,32.7693,1,1,1727.414,nan
closed_eye_2144.jpg_face_2,cerrado,B40,150.7278,0.090372,39.4886,83.0797,32.0454,19.1354,BIEN,10.5716,0.71684,15.3002,44.881,0.097072,0.106485,7.4134,17.8296,1,1,3237.294,nan
closed_eye_2145.jpg_face_4,cerrado,B5,138.2971,0.060937,4.3489,41.3157,100.0,16.8703,CRITICA,7.2193,0.303589,16.1484,70.1254,0.090566,nan,48.6214,nan,1,1,3703.704,nan
closed_eye_2145.jpg_face_4,cerrado,B10,138.2971,0.060937,9.5284,54.4434,99.9375,18.8614,CRITICA,8.2938,0.415777,14.6175,60.633,0.088029,0.148696,44.4588,144.0159,1,1,3221.649,nan
closed_eye_2145.jpg_face_4,cerrado,B15,138.2971,0.060937,14.5076,62.1804,85.2249,20.4872,CRITICA,8.9766,0.481854,14.2054,55.0385,0.079623,0.114873,30.6637,88.511,1,1,4868.549,nan
closed_eye_2145.jpg_face_4,cerrado,B25,138.2971,0.060937,24.4616,72.1074,44.0337,23.6115,CRITICA,10.0114,0.576157,14.3092,47.8605,0.086927,0.088222,42.6502,44.7752,1,1,4353.505,nan
closed_eye_2145.jpg_face_4,cerrado,B40,138.2971,0.060937,39.4908,81.198,35.1728,28.6087,BIEN,11.2352,0.673165,15.4848,41.2872,0.069353,0.074582,13.8108,22.3922,1,1,4387.889,nan
closed_eye_2146.jpg_face_1,cerrado,B5,123.7683,0.084317,4.5108,43.5586,100.0,11.9858,CRITICA,9.2375,0.488867,16.0156,64.8063,0.109765,nan,30.1809,nan,1,1,1226.091,nan
closed_eye_2146.jpg_face_1,cerrado,B10,123.7683,0.084317,9.4779,56.4769,99.9963,13.7061,CRITICA,10.588,0.633679,14.5224,54.3688,0.104474,0.163523,23.9056,93.9371,1,1,1346.439,nan
closed_eye_2146.jpg_face_1,cerrado,B15,123.7683,0.084317,14.4566,64.1116,98.0585,14.0246,CRITICA,11.4611,0.708946,14.1042,48.2003,0.094022,0.136588,11.5094,61.993,1,1,768.226,nan
closed_eye_2146.jpg_face_1,cerrado,B25,123.7683,0.084317,24.4785,73.748,51.7176,16.9705,CRITICA,12.8397,0.779824,14.1689,40.4145,0.080371,0.09503,4.6802,12.7052,1,1,1450.747,nan
closed_eye_2146.jpg_face_1,cerrado,B40,123.7683,0.084317,39.5142,82.9392,30.7823,20.7402,BIEN,14.4579,0.84577,15.2825,32.9884,0.077009,0.082329,8.6671,2.3576,1,1,1380.072,nan
closed_eye_2161.jpg_face_1,cerrado,B5,116.4475,0.066513,4.2702,40.7794,100.0,16.8006,CRITICA,9.2668,0.436931,16.4029,64.9804,0.07591,nan,14.1278,nan,1,1,2729.258,nan
closed_eye_2161.jpg_face_1,cerrado,B10,116.4475,0.066513,9.5171,55.0397,99.7922,17.1979,CRITICA,10.6962,0.623052,14.7235,52.7343,0.095066,0.156994,42.9286,136.0363,1,1,2922.268,nan
closed_eye_2161.jpg_face_1,cerrado,B15,116.4475,0.066513,14.458,62.8529,80.4278,19.08,CRITICA,11.6099,0.704885,14.2816,46.0247,0.115595,0.149589,73.7943,124.9023,1,1,3010.235,nan
closed_eye_2161.jpg_face_1,cerrado,B25,116.4475,0.066513,24.5005,72.3808,47.898,22.6878,CRITICA,12.9899,0.781815,14.3905,37.8426,0.096619,0.109918,45.264,65.2582,1,1,3138.732,nan
closed_eye_2161.jpg_face_1,cerrado,B40,116.4475,0.066513,39.5054,81.3609,39.7678,27.9212,BIEN,14.7156,0.846736,15.5637,30.1309,0.084676,0.09948,27.3074,49.5658,1,1,2804.262,nan
closed_eye_2164.jpg_face_1,cerrado,B5,104.5468,0.12596,4.4325,40.8152,100.0,17.6056,CRITICA,9.915,0.393349,16.3743,60.9599,0.150556,0.214209,19.5263,70.0604,1,1,5364.807,nan
closed_eye_2164.jpg_face_1,cerrado,B10,104.5468,0.12596,9.4595,53.831,93.1975,20.0978,CRITICA,11.3288,0.537405,14.8386,48.5101,0.143057,0.186534,13.5735,48.0893,1,1,5743.825,nan
closed_eye_2164.jpg_face_1,cerrado,B15,104.5468,0.12596,14.4851,61.5584,70.5679,22.286,CRITICA,12.3022,0.619005,14.4144,41.1188,0.140188,0.177193,11.2957,40.674,1,1,4011.231,nan
closed_eye_2164.jpg_face_1,cerrado,B25,104.5468,0.12596,24.4681,70.8362,56.5062,27.0651,CRITICA,13.792,0.713924,14.5752,32.2445,0.131348,0.171719,4.2776,36.3278,1,1,3912.363,nan
closed_eye_2164.jpg_face_1,cerrado,B40,104.5468,0.12596,39.4936,79.9453,50.2716,33.3452,CRITICA,15.7917,0.809241,15.8084,23.5316,0.140947,0.145075,11.8977,15.1751,1,1,5743.826,nan
closed_eye_2165.jpg_face_1,cerrado,B5,109.6088,0.133331,4.195,43.5274,100.0,8.6338,CRITICA,10.8721,0.465887,16.422,60.2884,0.22062,nan,65.4671,nan,1,1,4504.504,nan
closed_eye_2165.jpg_face_1,cerrado,B10,109.6088,0.133331,9.5785,57.0165,99.8614,10.0132,CRITICA,12.612,0.62374,14.677,47.9818,0.169634,0.191875,27.2276,43.9086,1,1,4224.757,nan
closed_eye_2165.jpg_face_1,cerrado,B15,109.6088,0.133331,14.4357,64.6537,87.5347,11.5847,CRITICA,13.6975,0.68901,14.2004,41.0142,0.174652,0.178117,30.9906,33.5897,1,1,4614.674,nan
closed_eye_2165.jpg_face_1,cerrado,B25,109.6088,0.133331,24.5646,74.356,63.9505,14.1995,CRITICA,15.4083,0.767324,14.277,32.1624,0.141216,0.15855,5.9135,18.9146,1,1,4257.131,nan
closed_eye_2165.jpg_face_1,cerrado,B40,109.6088,0.133331,39.5124,83.3584,45.5149,17.9155,BIEN,17.511,0.843951,15.3811,23.9492,0.157463,0.152307,18.0987,14.2318,1,1,3642.987,nan
closed_eye_2169.jpg_face_1,cerrado,B5,155.1685,0.050424,4.2814,44.2867,100.0,6.9507,CRITICA,6.8148,0.319933,16.2394,71.459,0.076921,nan,52.5478,nan,1,1,4478.28,nan
closed_eye_2169.jpg_face_1,cerrado,B10,155.1685,0.050424,9.4981,57.558,100.0,7.8831,CRITICA,7.8793,0.436208,14.5436,62.9061,0.090533,0.143708,79.5425,184.9955,1,1,3310.162,nan
closed_eye_2169.jpg_face_1,cerrado,B15,155.1685,0.050424,14.5194,65.1883,94.0864,8.9383,CRITICA,8.5278,0.499856,14.0922,57.9887,0.086505,0.119402,71.5541,136.7941,1,1,5534.034,nan
closed_eye_2169.jpg_face_1,cerrado,B25,155.1685,0.050424,24.508,75.0278,63.3472,10.9742,CRITICA,9.4745,0.583828,14.123,51.6476,0.065085,0.080953,29.074,60.5437,1,1,5288.207,nan
closed_eye_2169.jpg_face_1,cerrado,B40,155.1685,0.050424,39.4972,84.0433,37.4464,13.8569,BIEN,10.4919,0.669182,15.2002,45.8374,0.064528,0.071518,27.9702,41.8326,1,1,5356.187,nan
closed_eye_2181.jpg_face_1,cerrado,B5,128.9069,0.082769,4.4757,44.9319,100.0,5.3813,CRITICA,9.3026,0.425417,15.9328,65.1439,0.099771,nan,20.5411,nan,1,1,5115.09,nan
closed_eye_2181.jpg_face_1,cerrado,B10,128.9069,0.082769,9.4738,58.0502,100.0,6.2442,CRITICA,10.6569,0.552914,14.449,54.9674,0.12299,nan,48.5942,nan,1,1,5633.803,nan
closed_eye_2181.jpg_face_1,cerrado,B15,128.9069,0.082769,14.4405,65.3882,97.6144,6.8398,CRITICA,11.5477,0.611229,14.0129,49.2748,0.102051,0.11943,23.2957,44.293,1,1,5058.169,nan
closed_eye_2181.jpg_face_1,cerrado,B25,128.9069,0.082769,24.4612,75.2519,71.195,8.4617,CRITICA,12.9306,0.693161,14.0358,41.623,0.089287,0.092868,7.8746,12.2008,1,1,5599.103,nan
closed_eye_2181.jpg_face_1,cerrado,B40,128.9069,0.082769,39.5019,84.4963,27.0586,10.5087,BIEN,14.4622,0.770452,15.0977,34.4517,0.076046,0.076719,8.1227,7.3103,1,1,5773.673,nan
closed_eye_2183.jpg_face_1,cerrado,B5,148.3629,0.095608,4.3848,42.8089,100.0,12.8966,CRITICA,6.9197,0.355574,16.1595,71.1458,0.115544,nan,20.8516,nan,1,1,1669.17,nan
closed_eye_2183.jpg_face_1,cerrado,B10,148.3629,0.095608,9.5202,56.1099,100.0,14.401,CRITICA,7.9805,0.488907,14.5699,62.1807,0.112226,0.173526,17.3816,81.4972,1,1,1738.223,nan
closed_eye_2183.jpg_face_1,cerrado,B15,148.3629,0.095608,14.4648,63.6671,96.0676,15.3917,CRITICA,8.6164,0.556237,14.1483,57.0869,0.137177,0.145475,43.4784,52.1575,1,1,2488.181,nan
closed_eye_2183.jpg_face_1,cerrado,B25,148.3629,0.095608,24.4907,73.4889,49.9507,18.297,CRITICA,9.604,0.637309,14.2107,50.4668,0.118544,0.105895,23.9898,10.7601,1,1,1581.278,nan
closed_eye_2183.jpg_face_1,cerrado,B40,148.3629,0.095608,39.4963,82.5351,35.2205,22.01,BIEN,10.6817,0.717296,15.3211,44.3694,0.114647,0.102743,19.9142,7.4624,1,1,1593.88,nan
closed_eye_2191.jpg_face_1,cerrado,B5,100.5231,0.058981,4.3218,41.5719,100.0,14.8998,CRITICA,11.4019,0.459499,16.3943,58.6445,0.069473,0.156302,17.7871,165.0016,1,1,2371.354,nan
closed_eye_2191.jpg_face_1,cerrado,B10,100.5231,0.058981,9.4929,55.0845,99.9642,16.458,CRITICA,13.1393,0.61657,14.7955,45.2022,0.066906,0.086217,13.4364,46.176,1,1,4833.253,nan
closed_eye_2191.jpg_face_1,cerrado,B15,100.5231,0.058981,14.517,62.7679,83.6779,18.2385,CRITICA,14.3098,0.686357,14.3604,37.5587,0.065702,0.070186,11.3949,18.9972,1,1,4074.98,nan
closed_eye_2191.jpg_face_1,cerrado,B25,100.5231,0.058981,24.466,71.9604,52.3803,21.7293,CRITICA,16.12,0.772591,14.4976,28.4141,0.061425,0.066029,4.1421,11.9489,1,1,5263.158,nan
closed_eye_2191.jpg_face_1,cerrado,B40,100.5231,0.058981,39.4914,81.2623,40.9262,26.2887,BIEN,18.5597,0.848643,15.6584,19.1606,0.057777,0.057443,2.042,2.6091,1,1,2715.915,nan
closed_eye_2192.jpg_face_1,cerrado,B5,126.5422,0.040182,4.3091,43.7614,100.0,9.285,CRITICA,8.863,0.45701,16.2334,65.4175,nan,nan,nan,nan,1,0,3392.13,nan
closed_eye_2192.jpg_face_1,cerrado,B10,126.5422,0.040182,9.4671,56.9144,99.136,10.6245,CRITICA,10.1679,0.604307,14.6381,55.0234,0.035568,nan,11.4835,nan,1,1,3669.725,nan
closed_eye_2192.jpg_face_1,cerrado,B15,126.5422,0.040182,14.5363,64.6093,92.7315,12.1345,CRITICA,11.0237,0.666622,14.1746,48.9425,0.03641,0.098645,9.3882,145.4925,1,1,3649.635,nan
closed_eye_2192.jpg_face_1,cerrado,B25,126.5422,0.040182,24.4858,73.8026,64.5933,14.8014,CRITICA,12.2352,0.739361,14.2849,41.6775,0.042636,0.047593,6.1064,18.441,1,1,3288.392,nan
closed_eye_2192.jpg_face_1,cerrado,B40,126.5422,0.040182,39.4866,83.1252,35.9534,18.4793,BIEN,13.7375,0.811361,15.3838,34.3103,0.043955,0.044354,9.3876,10.3825,1,1,3027.551,nan
closed_eye_2200.jpg_face_1,cerrado,B5,81.9793,0.043975,4.4234,43.6684,99.9984,11.6696,CRITICA,14.852,0.650117,16.0113,46.7324,0.032312,nan,26.522,nan,1,1,2208.968,nan
closed_eye_2200.jpg_face_1,cerrado,B10,81.9793,0.043975,9.5201,56.3884,99.4083,13.7884,CRITICA,17.5345,0.763031,14.4889,31.2163,0.031304,0.176954,28.8141,302.3926,1,1,2108.815,nan
closed_eye_2200.jpg_face_1,cerrado,B15,81.9793,0.043975,14.5047,63.9868,89.8467,15.4564,CRITICA,19.5567,0.81197,14.0494,21.9475,0.062538,0.136887,42.2115,211.2801,1,1,2109.26,nan
closed_eye_2200.jpg_face_1,cerrado,B25,81.9793,0.043975,24.5065,73.5878,57.8137,18.3956,CRITICA,22.822,0.866984,14.1596,10.2361,0.046378,0.095061,5.4627,116.1685,1,1,2018.978,nan
closed_eye_2200.jpg_face_1,cerrado,B40,81.9793,0.043975,39.4978,82.7375,41.3,22.4066,BIEN,26.6049,0.915749,15.2796,0.9249,0.036945,0.068619,15.9881,56.039,1,1,1977.066,nan
closed_eye_2215.jpg_face_1,cerrado,B5,118.5646,0.189879,4.543,44.3798,100.0,9.5172,CRITICA,10.259,0.538883,16.1107,62.5691,0.166503,nan,12.3109,nan,1,1,1523.461,nan
closed_eye_2215.jpg_face_1,cerrado,B10,118.5646,0.189879,9.5004,56.9416,100.0,10.8109,CRITICA,11.7558,0.675914,14.5839,51.9742,0.198098,0.22065,4.3283,16.2058,1,1,1035.84,nan
closed_eye_2215.jpg_face_1,cerrado,B15,118.5646,0.189879,14.5243,64.5374,95.7607,12.3568,CRITICA,12.7674,0.739701,14.1531,45.5678,0.173064,0.216936,8.8559,14.2498,1,1,1658.925,nan
closed_eye_2215.jpg_face_1,cerrado,B25,118.5646,0.189879,24.5143,74.3809,54.2375,15.0464,CRITICA,14.3517,0.812556,14.182,37.2655,0.197286,0.20732,3.9012,9.1854,1,1,1333.689,nan
closed_eye_2215.jpg_face_1,cerrado,B40,118.5646,0.189879,39.4967,83.5893,34.7746,18.4688,BIEN,16.2175,0.871852,15.2496,29.499,0.180247,0.188218,5.0727,0.8746,1,1,1402.328,nan
closed_eye_2217.jpg_face_1,cerrado,B5,122.9346,0.063938,4.4143,42.6899,100.0,13.5943,CRITICA,8.8977,0.43295,16.2399,65.2743,0.049258,nan,22.9596,nan,1,1,1763.357,nan
closed_eye_2217.jpg_face_1,cerrado,B10,122.9346,0.063938,9.4233,55.725,99.1648,14.7426,CRITICA,10.1153,0.57696,14.7571,54.671,0.057293,0.101023,10.3932,58.0018,1,1,1819.505,nan
closed_eye_2217.jpg_face_1,cerrado,B15,122.9346,0.063938,14.4773,63.4936,87.7178,16.5821,CRITICA,10.9885,0.652776,14.2646,48.3517,0.064012,0.055157,0.1165,13.7326,1,1,1797.914,nan
closed_eye_2217.jpg_face_1,cerrado,B25,122.9346,0.063938,24.49,72.8221,54.9526,19.5377,CRITICA,12.2022,0.72956,14.4023,40.7636,0.051194,0.060255,19.9309,5.7596,1,1,2030.457,nan
closed_eye_2217.jpg_face_1,cerrado,B40,122.9346,0.063938,39.4903,82.0575,36.1361,23.9862,BIEN,13.7396,0.803331,15.5342,33.2511,0.05886,0.069834,7.9416,9.2211,1,1,1915.709,nan
closed_eye_2218.jpg_face_1,cerrado,B5,131.955,0.048385,4.4589,41.5618,100.0,16.9914,CRITICA,7.8497,0.356086,16.2079,68.5031,0.066619,nan,37.6868,nan,1,1,2923.122,nan
closed_eye_2218.jpg_face_1,cerrado,B10,131.955,0.048385,9.5128,54.803,99.9941,18.3417,CRITICA,8.9295,0.488322,14.7276,58.4684,0.058469,0.099224,20.8421,105.0737,1,1,4945.598,nan
closed_eye_2218.jpg_face_1,cerrado,B15,131.955,0.048385,14.4598,62.3075,91.5444,19.7763,CRITICA,9.6635,0.555746,14.2979,52.7813,0.049239,0.072346,1.7659,49.5214,1,1,4255.319,nan
closed_eye_2218.jpg_face_1,cerrado,B25,131.955,0.048385,24.5175,71.8677,43.497,23.3365,CRITICA,10.7445,0.642504,14.4279,45.5362,0.045684,0.050438,5.5808,4.2435,1,1,5350.455,nan
closed_eye_2218.jpg_face_1,cerrado,B40,131.955,0.048385,39.4748,81.0628,32.5089,28.0522,BIEN,12.069,0.733601,15.5772,38.5678,0.04319,0.043737,10.7357,9.6067,1,1,4413.063,nan
closed_eye_2222.jpg_face_1,cerrado,B5,141.5344,0.074394,4.4769,42.7808,100.0,10.0066,CRITICA,7.2294,0.259086,16.3437,69.7736,nan,nan,nan,nan,1,0,6544.503,nan
closed_eye_2222.jpg_face_1,cerrado,B10,141.5344,0.074394,9.5205,56.0045,99.9763,11.6576,CRITICA,8.2687,0.395468,14.7251,60.4305,nan,0.167672,nan,125.3846,1,0,4859.087,nan
closed_eye_2222.jpg_face_1,cerrado,B15,141.5344,0.074394,14.5276,63.3631,92.0947,12.7586,CRITICA,8.9033,0.453192,14.3502,55.2313,0.209159,0.154415,181.1516,107.5649,1,1,6203.474,nan
closed_eye_2222.jpg_face_1,cerrado,B25,141.5344,0.074394,24.5191,72.915,62.9586,15.2998,CRITICA,9.8871,0.544633,14.4445,48.4825,0.10324,0.154759,38.7745,108.0268,1,1,5602.241,nan
closed_eye_2222.jpg_face_1,cerrado,B40,141.5344,0.074394,39.5219,82.151,40.6627,18.4961,BIEN,11.0321,0.643069,15.5935,41.9569,0.074149,0.093443,0.3291,25.6058,1,1,2487.562,nan
closed_eye_2234.jpg_face_1,cerrado,B5,169.8625,0.109596,4.4711,43.8007,100.0,10.4869,CRITICA,5.5869,0.209785,16.1869,74.214,0.199972,nan,82.4622,nan,1,1,5396.655,nan
closed_eye_2234.jpg_face_1,cerrado,B10,169.8625,0.109596,9.4252,56.6476,100.0,11.9305,CRITICA,6.4529,0.288319,14.6176,66.6509,0.203415,nan,85.6036,nan,1,1,6105.006,nan
closed_eye_2234.jpg_face_1,cerrado,B15,169.8625,0.109596,14.3685,64.194,99.472,13.5011,CRITICA,7.007,0.341913,14.1627,62.2083,0.163956,0.191471,49.6001,74.7056,1,1,6191.95,nan
closed_eye_2234.jpg_face_1,cerrado,B25,169.8625,0.109596,24.3528,74.0365,49.7934,16.2206,CRITICA,7.805,0.426091,14.196,56.4139,0.185983,0.158779,69.698,44.876,1,1,6038.647,nan
closed_eye_2234.jpg_face_1,cerrado,B40,169.8625,0.109596,39.444,83.4148,35.1699,19.9808,BIEN,8.6832,0.515828,15.2618,50.8927,0.110636,0.128836,0.9486,17.555,1,1,6561.68,nan
closed_eye_2234.jpg_face_2,cerrado,B5,141.5498,0.092124,4.4367,42.4043,100.0,14.0635,CRITICA,7.2336,0.253593,16.3699,70.0428,0.144469,nan,56.8192,nan,1,1,6455.778,nan
closed_eye_2234.jpg_face_2,cerrado,B10,141.5498,0.092124,9.3885,55.7878,100.0,15.2267,CRITICA,8.306,0.358408,14.6974,60.5878,0.117129,0.150463,27.1421,63.3267,1,1,5060.729,nan
closed_eye_2234.jpg_face_2,cerrado,B15,141.5498,0.092124,14.3544,63.1943,77.2955,17.0591,CRITICA,8.9672,0.422761,14.2945,55.3555,0.10046,0.131018,9.0479,42.2188,1,1,4399.472,nan
closed_eye_2234.jpg_face_2,cerrado,B25,141.5498,0.092124,24.4099,73.1769,58.5648,20.3803,CRITICA,10.0002,0.516169,14.3338,48.3031,0.115701,0.124991,25.5926,35.6762,1,1,5070.993,nan
closed_eye_2234.jpg_face_2,cerrado,B40,141.5498,0.092124,39.4763,82.3202,47.9552,25.1655,BIEN,11.1704,0.620044,15.4682,41.8436,0.086913,0.103423,5.657,12.2644,1,1,4380.202,nan
closed_eye_2243.jpg_face_2,cerrado,B5,123.0546,0.137512,4.415,44.7618,100.0,6.8714,CRITICA,9.5176,0.460381,15.9195,63.6244,nan,nan,nan,nan,1,0,4539.264,nan
closed_eye_2243.jpg_face_2,cerrado,B10,123.0546,0.137512,9.4883,57.5844,98.1126,8.7781,CRITICA,10.8924,0.583296,14.4405,53.2042,nan,nan,nan,nan,1,0,5534.035,nan
closed_eye_2243.jpg_face_2,cerrado,B15,123.0546,0.137512,14.4028,64.9542,96.6716,9.7275,CRITICA,11.8273,0.647075,13.9991,47.2151,0.137161,0.169451,0.2549,23.2271,1,1,3154.574,nan
closed_eye_2243.jpg_face_2,cerrado,B25,123.0546,0.137512,24.5024,74.9207,59.7619,12.1843,CRITICA,13.2568,0.727695,14.05,39.1158,nan,0.149272,nan,8.5525,1,0,5830.904,nan
closed_eye_2243.jpg_face_2,cerrado,B40,123.0546,0.137512,39.5095,83.9463,32.8922,15.277,BIEN,14.9275,0.806701,15.1236,31.7813,nan,nan,nan,nan,1,0,5035.247,nan
closed_eye_2249.jpg_face_1,cerrado,B5,93.7601,0.108118,4.391,44.2719,100.0,7.8765,CRITICA,13.2753,0.536788,16.1775,52.7817,0.199246,0.204229,84.2861,88.8946,1,1,5681.818,nan
closed_eye_2249.jpg_face_1,cerrado,B10,93.7601,0.108118,9.49,57.3293,99.9199,9.0564,CRITICA,15.4425,0.670704,14.5933,38.8554,0.167222,0.184995,54.6666,71.1049,1,1,5896.226,nan
closed_eye_2249.jpg_face_1,cerrado,B15,93.7601,0.108118,14.4621,64.8471,98.0933,10.1574,CRITICA,16.9787,0.735062,14.1253,30.8372,0.152366,0.177208,40.9263,63.9026,1,1,6321.112,nan
closed_eye_2249.jpg_face_1,cerrado,B25,93.7601,0.108118,24.4809,74.4671,56.4493,12.4585,CRITICA,19.3572,0.815719,14.2002,20.577,0.139799,0.148943,29.302,37.76,1,1,4037.142,nan
closed_eye_2249.jpg_face_1,cerrado,B40,93.7601,0.108118,39.5039,83.7077,34.9623,15.526,BIEN,22.5605,0.885093,15.2828,10.7214,0.126326,0.136483,16.8414,26.2357,1,1,4906.771,nan
closed_eye_2255.jpg_face_1,cerrado,B5,131.8768,0.10617,4.2674,42.0537,100.0,14.0474,CRITICA,7.8825,0.472582,16.3145,68.1114,0.095516,nan,10.0351,nan,1,1,1417.234,nan
closed_eye_2255.jpg_face_1,cerrado,B10,131.8768,0.10617,9.5089,55.5948,100.0,15.5158,CRITICA,9.0627,0.623052,14.6887,57.8434,0.094072,0.129355,11.3946,21.8375,1,1,1488.76,nan
closed_eye_2255.jpg_face_1,cerrado,B15,131.8768,0.10617,14.4288,63.1786,82.6648,17.4283,CRITICA,9.8234,0.694038,14.2373,52.0927,0.09219,0.104425,13.1678,1.6438,1,1,1476.669,nan
closed_eye_2255.jpg_face_1,cerrado,B25,131.8768,0.10617,24.4792,72.7672,49.1271,20.8386,CRITICA,10.9313,0.768192,14.3325,44.8218,0.087473,0.078389,17.6105,26.1663,1,1,898.634,nan
closed_eye_2255.jpg_face_1,cerrado,B40,131.8768,0.10617,39.4765,81.8563,37.1289,25.7022,BIEN,12.2794,0.83192,15.4792,37.9297,0.092252,0.103738,13.1095,2.2909,1,1,1495.439,nan
closed_eye_2256.jpg_face_1,cerrado,B5,131.5673,0.038476,4.1931,42.3953,100.0,12.2244,CRITICA,8.2625,0.340381,16.4168,67.7767,0.116035,nan,201.5824,nan,1,1,4694.836,nan
closed_eye_2256.jpg_face_1,cerrado,B10,131.5673,0.038476,9.5468,56.2785,100.0,13.1465,CRITICA,9.5462,0.469998,14.7049,57.2245,0.06604,0.149306,71.6419,288.0539,1,1,3435.246,nan
closed_eye_2256.jpg_face_1,cerrado,B15,131.5673,0.038476,14.4478,63.9366,93.1405,14.6784,CRITICA,10.3418,0.54237,14.2207,51.4039,0.076667,0.107591,99.2627,179.6353,1,1,3687.316,nan
closed_eye_2256.jpg_face_1,cerrado,B25,131.5673,0.038476,24.498,73.6078,50.4232,17.4285,CRITICA,11.5019,0.629752,14.3128,44.0531,0.053849,0.072159,39.9563,87.5449,1,1,3215.434,nan
closed_eye_2256.jpg_face_1,cerrado,B40,131.5673,0.038476,39.4795,82.6549,37.3479,21.4736,BIEN,12.8876,0.724121,15.4206,37.1767,0.046909,0.055465,21.919,44.1552,1,1,4757.374,nan
closed_eye_2259.jpg_face_1,cerrado,B5,98.6708,0.056768,4.3455,38.306,100.0,22.1555,CRITICA,11.0181,0.437222,16.4098,61.178,0.119768,0.198313,110.9772,249.3391,1,1,3441.156,nan
closed_eye_2259.jpg_face_1,cerrado,B10,98.6708,0.056768,9.4536,53.1584,99.8927,21.7737,CRITICA,12.7065,0.654882,14.8011,46.1255,0.078499,0.134982,38.2799,137.7783,1,1,3937.008,nan
closed_eye_2259.jpg_face_1,cerrado,B15,98.6708,0.056768,14.4835,60.7804,73.3039,24.5076,CRITICA,13.9149,0.723574,14.3831,38.4008,0.055735,0.095223,1.8207,67.7402,1,1,3918.495,nan
closed_eye_2259.jpg_face_1,cerrado,B25,98.6708,0.056768,24.5116,70.3505,43.0279,28.4172,CRITICA,15.708,0.788268,14.5359,28.7018,0.05056,0.066715,10.9352,17.5223,1,1,3812.428,nan
closed_eye_2259.jpg_face_1,cerrado,B40,98.6708,0.056768,39.489,79.4424,35.3777,34.4612,CRITICA,18.2462,0.854185,15.7529,19.4874,0.051265,0.053462,9.694,5.8239,1,1,3834.356,nan
closed_eye_2261.jpg_face_3,cerrado,B5,156.3343,0.133277,4.3816,44.5957,100.0,7.1756,CRITICA,6.5395,0.360603,16.138,71.4741,0.170176,nan,27.6866,nan,1,1,4310.345,nan
closed_eye_2261.jpg_face_3,cerrado,B10,156.3343,0.133277,9.4675,57.4126,100.0,8.0645,CRITICA,7.5109,0.476792,14.5765,63.2757,0.16856,0.197956,26.4735,48.5304,1,1,3330.003,nan
closed_eye_2261.jpg_face_3,cerrado,B15,156.3343,0.133277,14.4735,64.9992,100.0,8.9289,CRITICA,8.1584,0.544905,14.088,58.4229,0.160954,0.183751,20.7668,37.8719,1,1,4269.855,nan
closed_eye_2261.jpg_face_3,cerrado,B25,156.3343,0.133277,24.4554,74.4732,59.2265,10.8098,CRITICA,9.0227,0.621384,14.1702,52.3628,0.14816,0.149688,11.1671,12.3136,1,1,4444.445,nan
closed_eye_2261.jpg_face_3,cerrado,B40,156.3343,0.133277,39.4612,83.8198,30.729,13.4783,BIEN,10.0334,0.701727,15.2448,46.3843,0.139081,0.140455,4.3552,5.3863,1,1,4338.395,nan
closed_eye_2288.jpg_face_1,cerrado,B5,171.3805,0.05587,4.4096,43.8627,100.0,9.6899,CRITICA,5.5534,0.296014,16.0724,74.4063,0.089613,nan,60.396,nan,1,1,3930.817,nan
closed_eye_2288.jpg_face_1,cerrado,B10,171.3805,0.05587,9.4472,56.8462,100.0,11.051,CRITICA,6.4203,0.399981,14.5395,66.8304,0.050926,0.115861,8.8479,107.3771,1,1,5065.856,nan
closed_eye_2288.jpg_face_1,cerrado,B15,171.3805,0.05587,14.4841,64.498,99.871,12.4053,CRITICA,6.982,0.460634,14.0837,62.3656,0.052057,0.085626,6.824,53.2597,1,1,4415.011,nan
closed_eye_2288.jpg_face_1,cerrado,B25,171.3805,0.05587,24.5015,74.4383,48.9164,14.8136,CRITICA,7.7837,0.53855,14.1293,56.5655,0.049635,0.05856,11.1602,4.8149,1,1,4854.369,nan
closed_eye_2288.jpg_face_1,cerrado,B40,171.3805,0.05587,39.5221,83.5713,32.7958,18.0115,BIEN,8.642,0.619695,15.2056,51.2364,0.052701,0.066789,5.6717,19.5446,1,1,4866.18,nan
closed_eye_2295.jpg_face_1,cerrado,B5,136.5331,0.045818,4.3647,42.4791,100.0,14.1877,CRITICA,7.4929,0.377952,16.2514,68.8873,0.08576,0.199413,87.1738,335.2264,1,1,3720.238,nan
closed_eye_2295.jpg_face_1,cerrado,B10,136.5331,0.045818,9.4547,55.3855,99.9659,16.1519,CRITICA,8.5824,0.513331,14.6964,59.4344,0.066652,0.135682,45.4705,196.1301,1,1,3292.723,nan
closed_eye_2295.jpg_face_1,cerrado,B15,136.5331,0.045818,14.4924,63.1825,80.5614,17.7902,CRITICA,9.3215,0.586803,14.2167,53.7236,0.058311,0.11826,27.2654,158.1072,1,1,3371.544,nan
closed_eye_2295.jpg_face_1,cerrado,B25,136.5331,0.045818,24.4984,72.566,58.3012,20.6378,CRITICA,10.3364,0.67037,14.3495,46.851,0.03997,0.066585,12.7642,45.3235,1,1,3597.122,nan
closed_eye_2295.jpg_face_1,cerrado,B40,136.5331,0.045818,39.4909,81.8076,42.1865,25.0374,BIEN,11.5827,0.754095,15.4938,40.0822,0.039105,0.051191,14.6518,11.7271,1,1,3325.573,nan
closed_eye_2301.jpg_face_1,cerrado,B5,43.1758,0.048715,4.4119,38.3112,95.045,20.3971,CRITICA,21.4983,0.690232,16.6388,11.2668,0.059688,nan,22.524,nan,1,1,5382.131,nan
closed_eye_2301.jpg_face_1,cerrado,B10,43.1758,0.048715,9.5075,52.3838,93.5217,21.6298,CRITICA,22.2793,0.742355,15.0955,21.3268,0.050139,0.108981,2.9241,123.712,1,1,4168.404,nan
closed_eye_2301.jpg_face_1,cerrado,B15,43.1758,0.048715,14.516,59.6222,89.3284,24.5743,CRITICA,21.4136,0.73543,14.7497,38.0918,0.054985,0.077821,12.8704,59.7479,1,1,3992.016,nan
closed_eye_2301.jpg_face_1,cerrado,B25,43.1758,0.048715,24.489,68.9027,69.0336,30.0052,CRITICA,19.4483,0.717187,14.9931,59.5866,0.041425,0.060206,14.9654,23.5878,1,1,5431.831,nan
closed_eye_2301.jpg_face_1,cerrado,B40,43.1758,0.048715,39.4855,77.8605,45.1761,37.4762,CRITICA,17.2124,0.697378,16.3244,80.3339,0.056046,0.049544,15.0495,1.7014,1,1,4870.921,nan
closed_eye_2303.jpg_face_1,cerrado,B5,154.6067,0.029491,4.1972,43.0746,100.0,10.3889,CRITICA,6.7194,0.401522,16.3595,72.1392,0.044921,nan,52.3226,nan,1,1,2496.879,nan
closed_eye_2303.jpg_face_1,cerrado,B10,154.6067,0.029491,9.5622,56.7346,100.0,11.8574,CRITICA,7.7832,0.532685,14.6587,63.3039,0.028532,0.105009,3.2522,256.0729,1,1,1864.628,nan
closed_eye_2303.jpg_face_1,cerrado,B15,154.6067,0.029491,14.4729,64.3465,99.6092,12.925,CRITICA,8.4017,0.596029,14.2127,58.3805,0.029219,0.060644,0.9203,105.6389,1,1,2209.456,nan
closed_eye_2303.jpg_face_1,cerrado,B25,154.6067,0.029491,24.4627,73.913,54.994,15.0886,CRITICA,9.3147,0.672215,14.2819,52.1929,0.020664,0.037895,29.9305,28.4971,1,1,2275.831,nan
closed_eye_2303.jpg_face_1,cerrado,B40,154.6067,0.029491,39.4834,83.1445,27.9524,18.2709,BIEN,10.3436,0.743188,15.3681,46.2219,0.020247,0.01953,31.3435,33.7772,1,1,2018.978,nan
closed_eye_2303.jpg_face_2,cerrado,B5,157.8703,0.061307,4.1835,43.283,100.0,9.5241,CRITICA,6.5608,0.389561,16.3553,72.5832,nan,nan,nan,nan,1,0,2926.544,nan
closed_eye_2303.jpg_face_2,cerrado,B10,157.8703,0.061307,9.5916,57.1625,100.0,9.9641,CRITICA,7.6196,0.519606,14.6186,63.7915,nan,nan,nan,nan,1,0,2433.682,nan
closed_eye_2303.jpg_face_2,cerrado,B15,157.8703,0.061307,14.431,64.5851,99.58,10.8778,CRITICA,8.218,0.579195,14.1823,59.0898,0.047712,0.1079,22.1761,75.9983,1,1,2135.839,nan
closed_eye_2303.jpg_face_2,cerrado,B25,157.8703,0.061307,24.4569,74.3499,64.5668,12.8198,CRITICA,9.1188,0.654528,14.2349,52.9044,0.045419,0.077269,25.9157,26.0356,1,1,2703.433,nan
closed_eye_2303.jpg_face_2,cerrado,B40,157.8703,0.061307,39.4951,83.5855,25.0231,15.6136,BIEN,10.1178,0.724266,15.3103,47.0543,0.039927,0.057696,34.875,5.8905,1,1,2656.042,nan
closed_eye_2304.jpg_face_16,cerrado,B5,114.0628,0.097198,4.4476,43.3486,100.0,12.3823,CRITICA,10.2029,0.346706,15.9314,61.9958,0.094813,0.190266,2.4545,95.7505,1,1,4219.409,nan
closed_eye_2304.jpg_face_16,cerrado,B10,114.0628,0.097198,9.4876,56.5551,99.9817,13.0214,CRITICA,11.6446,0.457578,14.5076,50.4175,0.083547,0.140409,14.0449,44.4564,1,1,4708.098,nan
closed_eye_2304.jpg_face_16,cerrado,B15,114.0628,0.097198,14.3981,64.0962,94.5581,14.4094,CRITICA,12.7201,0.540514,14.0601,43.8062,0.095024,0.123976,2.2372,27.549,1,1,5959.476,nan
closed_eye_2304.jpg_face_16,cerrado,B25,114.0628,0.097198,24.4929,73.8344,51.954,17.0727,CRITICA,14.3152,0.642097,14.1362,35.2687,0.082872,0.100148,14.7392,3.0351,1,1,5146.68,nan
closed_eye_2304.jpg_face_16,cerrado,B40,114.0628,0.097198,39.5057,82.9852,32.0672,20.8261,BIEN,16.296,0.750285,15.2387,27.246,0.115368,0.107554,18.6936,10.6536,1,1,4074.98,nan
closed_eye_2313.jpg_face_1,cerrado,B5,129.9658,0.137139,4.4418,43.3362,100.0,12.076,CRITICA,8.5677,0.409128,15.9751,66.6557,0.137617,nan,0.3488,nan,1,1,2925.688,nan
closed_eye_2313.jpg_face_1,cerrado,B10,129.9658,0.137139,9.5349,56.6299,100.0,13.2846,CRITICA,9.7827,0.532415,14.5239,56.4271,0.132872,0.149848,3.1108,9.2676,1,1,3125.977,nan
closed_eye_2313.jpg_face_1,cerrado,B15,129.9658,0.137139,14.4006,63.9819,97.0488,14.5121,CRITICA,10.6168,0.607862,14.0866,50.7702,0.129589,0.144542,5.5048,5.3985,1,1,3168.568,nan
closed_eye_2313.jpg_face_1,cerrado,B25,129.9658,0.137139,24.4906,73.786,47.7184,17.3548,CRITICA,11.8704,0.693917,14.1582,43.2266,0.127346,0.122348,7.1406,10.7852,1,1,3367.003,nan
closed_eye_2313.jpg_face_1,cerrado,B40,129.9658,0.137139,39.5012,82.936,28.9014,20.964,BIEN,13.3288,0.776407,15.2528,36.1863,0.119318,0.126129,12.9948,8.0282,1,1,2869.44,nan
closed_eye_2313.jpg_face_2,cerrado,B5,107.6707,0.090695,4.5309,42.9135,100.0,13.8908,CRITICA,10.7744,0.487548,15.9579,60.1438,0.082635,nan,8.8871,nan,1,1,2663.116,nan
closed_eye_2313.jpg_face_2,cerrado,B10,107.6707,0.090695,9.46,55.7091,99.9289,15.9308,CRITICA,12.2893,0.614665,14.5887,48.2597,0.102328,0.133338,12.8268,47.0183,1,1,2950.723,nan
closed_eye_2313.jpg_face_2,cerrado,B15,107.6707,0.090695,14.4126,63.1321,89.145,17.5969,CRITICA,13.41,0.683835,14.1403,41.3656,0.088576,0.127133,2.3365,40.1766,1,1,2876.87,nan
closed_eye_2313.jpg_face_2,cerrado,B25,107.6707,0.090695,24.4951,72.8934,53.8238,20.531,CRITICA,15.1522,0.765147,14.238,32.2997,0.073652,0.112781,18.7918,24.3526,1,1,2848.191,nan
closed_eye_2313.jpg_face_2,cerrado,B40,107.6707,0.090695,39.484,82.1985,32.1733,24.5283,BIEN,17.3833,0.838362,15.3477,23.6575,0.086514,0.101362,4.61,11.7615,1,1,2684.564,nan
closed_eye_2317.jpg_face_1,cerrado,B5,116.3069,0.079537,4.3566,39.8547,100.0,19.1383,CRITICA,8.5365,0.396747,16.3963,65.7332,0.129769,0.182953,63.1556,130.0236,1,1,3234.153,nan
closed_eye_2317.jpg_face_1,cerrado,B10,116.3069,0.079537,9.4999,53.176,93.2227,22.0705,CRITICA,9.769,0.53768,14.8434,54.2796,0.125168,0.177051,57.3711,122.602,1,1,3249.919,nan
closed_eye_2317.jpg_face_1,cerrado,B15,116.3069,0.079537,14.4654,60.8089,66.8454,24.4029,CRITICA,10.5692,0.610604,14.4271,47.7169,0.110678,0.157792,39.1528,98.3891,1,1,3491.62,nan
closed_eye_2317.jpg_face_1,cerrado,B25,116.3069,0.079537,24.5223,70.358,55.2132,28.8364,CRITICA,11.831,0.697424,14.5948,39.5066,0.112805,0.128846,41.8272,61.9956,1,1,2972.652,nan
closed_eye_2317.jpg_face_1,cerrado,B40,116.3069,0.079537,39.4977,79.386,49.8331,35.2019,CRITICA,13.4022,0.785583,15.8435,31.7444,0.102044,0.125268,28.2979,57.4972,1,1,1880.76,nan
closed_eye_2338.jpg_face_1,cerrado,B5,163.5271,0.048344,4.4379,44.3642,100.0,7.7484,CRITICA,6.217,0.306812,16.0158,72.8705,0.110342,nan,128.2459,nan,1,1,4145.937,nan
closed_eye_2338.jpg_face_1,cerrado,B10,163.5271,0.048344,9.3457,57.3489,100.0,8.6631,CRITICA,7.1422,0.411048,14.5173,64.9301,0.053829,0.121222,11.3469,150.7516,1,1,4380.202,nan
closed_eye_2338.jpg_face_1,cerrado,B15,163.5271,0.048344,14.4562,65.0569,98.7511,9.6425,CRITICA,7.7636,0.470904,14.0417,60.2165,0.041778,0.080663,13.5811,66.8547,1,1,2845.76,nan
closed_eye_2338.jpg_face_1,cerrado,B25,163.5271,0.048344,24.4626,74.9283,59.3242,11.6642,CRITICA,8.6296,0.549997,14.0817,54.1799,0.055774,0.067447,15.371,39.5171,1,1,3985.651,nan
closed_eye_2338.jpg_face_1,cerrado,B40,163.5271,0.048344,39.5041,84.093,30.1635,14.3577,BIEN,9.5663,0.633081,15.1458,48.5755,0.049785,0.048282,2.9813,0.1265,1,1,2688.895,nan
closed_eye_2339.jpg_face_1,cerrado,B5,47.3516,0.070317,4.4429,41.772,100.0,15.2732,CRITICA,23.5309,0.668297,16.3467,11.7834,0.189695,0.184982,169.7719,163.07,1,1,3023.889,nan
closed_eye_2339.jpg_face_1,cerrado,B10,47.3516,0.070317,9.4846,54.9943,95.5301,16.6094,CRITICA,24.5531,0.740545,14.792,16.1402,0.102794,0.166901,46.1875,137.3568,1,1,3294.893,nan
closed_eye_2339.jpg_face_1,cerrado,B15,47.3516,0.070317,14.5025,62.4035,79.9388,18.5016,CRITICA,22.7496,0.760586,14.3727,31.7875,0.07565,0.158527,7.5849,125.4475,1,1,2595.38,nan
closed_eye_2339.jpg_face_1,cerrado,B25,47.3516,0.070317,24.5016,71.6266,60.3432,23.0221,CRITICA,20.0524,0.771762,14.5348,51.2654,0.119114,0.110046,69.3965,56.5001,1,1,3208.213,nan
closed_eye_2339.jpg_face_1,cerrado,B40,47.3516,0.070317,39.4823,80.8228,46.6757,27.9483,BIEN,17.5765,0.773105,15.7183,70.6865,0.071548,0.089584,1.7511,27.4014,1,1,2962.085,nan
closed_eye_2356.jpg_face_1,cerrado,B5,99.2505,0.024313,4.3084,40.2305,100.0,18.5286,CRITICA,11.3805,0.477572,16.4407,59.4657,0.06992,nan,187.587,nan,1,1,4430.661,nan
closed_eye_2356.jpg_face_1,cerrado,B10,99.2505,0.024313,9.5111,53.5152,100.0,21.5547,CRITICA,13.1849,0.624369,14.8218,46.0806,0.053408,0.131442,119.6724,440.6346,1,1,5652.911,nan
closed_eye_2356.jpg_face_1,cerrado,B15,99.2505,0.024313,14.4785,60.9209,79.0991,23.9687,CRITICA,14.4154,0.6924,14.3892,38.619,0.037051,0.088559,52.394,264.251,1,1,3725.783,nan
closed_eye_2356.jpg_face_1,cerrado,B25,99.2505,0.024313,24.553,70.7016,43.0139,27.6358,CRITICA,16.3287,0.768189,14.5078,28.7645,0.029294,0.04721,20.4873,94.1781,1,1,5924.17,nan
closed_eye_2356.jpg_face_1,cerrado,B40,99.2505,0.024313,39.5007,79.878,34.7093,32.681,CRITICA,18.9161,0.844401,15.6908,19.5188,0.02436,0.028664,0.1937,17.8966,1,1,4295.533,nan
closed_eye_2358.jpg_face_2,cerrado,B5,154.2831,0.062112,4.3834,43.9491,100.0,8.9657,CRITICA,6.702,0.357359,16.1445,71.514,0.090971,nan,46.463,nan,1,1,2897.711,nan
closed_eye_2358.jpg_face_2,cerrado,B10,154.2831,0.062112,9.5207,57.258,100.0,10.2721,CRITICA,7.747,0.484129,14.5279,62.8877,0.072069,0.190011,16.0311,205.918,1,1,2632.965,nan
closed_eye_2358.jpg_face_2,cerrado,B15,154.2831,0.062112,14.4619,64.7047,99.7033,11.224,CRITICA,8.3678,0.549267,14.0991,58.0611,0.075757,0.148881,21.9688,139.6999,1,1,3114.295,nan
closed_eye_2358.jpg_face_2,cerrado,B25,154.2831,0.062112,24.4724,74.5153,51.975,13.771,CRITICA,9.3112,0.631382,14.1465,51.7022,0.064934,0.105027,4.5437,69.0945,1,1,2808.2,nan
closed_eye_2358.jpg_face_2,cerrado,B40,154.2831,0.062112,39.5116,83.5277,30.8226,16.9227,BIEN,10.3246,0.708358,15.2394,45.8608,0.057456,0.064249,7.4956,3.4408,1,1,1923.447,nan
closed_eye_2363.jpg_face_1,cerrado,B5,100.1597,0.11565,4.4675,43.9315,100.0,7.152,CRITICA,12.0989,0.503212,16.3449,56.1386,0.201437,nan,74.1784,nan,1,1,4972.65,nan
closed_eye_2363.jpg_face_1,cerrado,B10,100.1597,0.11565,9.3697,56.7243,98.3552,8.9868,CRITICA,13.8596,0.688463,14.7862,43.3661,nan,0.221469,nan,91.4997,1,0,5047.956,nan
closed_eye_2363.jpg_face_1,cerrado,B15,100.1597,0.11565,14.5064,64.725,89.1688,9.9957,CRITICA,15.1381,0.74487,14.3029,35.3782,0.189602,0.199144,63.9447,72.1961,1,1,4562.044,nan
closed_eye_2363.jpg_face_1,cerrado,B25,100.1597,0.11565,24.4295,73.8674,73.5258,12.6069,CRITICA,17.0521,0.819466,14.4156,26.2504,nan,0.175438,nan,51.6972,1,0,4566.21,nan
closed_eye_2363.jpg_face_1,cerrado,B40,100.1597,0.11565,39.4374,83.1713,50.7937,15.8277,BIEN,19.5836,0.879021,15.5241,16.9613,nan,0.145339,nan,25.6715,1,0,4734.849,nan
closed_eye_2367.jpg_face_1,cerrado,B5,121.3948,0.128038,4.6588,44.825,100.0,7.6138,CRITICA,9.5416,0.418329,15.8393,63.075,0.176534,nan,37.8755,nan,1,1,4221.19,nan
closed_eye_2367.jpg_face_1,cerrado,B10,121.3948,0.128038,9.4123,57.3902,99.9917,8.7166,CRITICA,10.862,0.535983,14.4516,52.7244,0.154924,0.195291,20.9983,52.5254,1,1,4022.526,nan
closed_eye_2367.jpg_face_1,cerrado,B15,121.3948,0.128038,14.4741,64.864,96.1653,10.0564,CRITICA,11.7989,0.602055,14.0146,46.5678,0.164351,0.175538,28.3603,37.0983,1,1,5109.862,nan
closed_eye_2367.jpg_face_1,cerrado,B25,121.3948,0.128038,24.5179,74.5111,59.8512,12.3481,CRITICA,13.2259,0.690988,14.0797,38.6209,0.139833,0.158052,9.2119,23.4408,1,1,4840.271,nan
closed_eye_2367.jpg_face_1,cerrado,B40,121.3948,0.128038,39.4921,83.7512,39.4545,15.4003,BIEN,14.9313,0.778563,15.1645,31.0093,0.137118,0.147448,7.0916,15.1589,1,1,4948.046,nan
closed_eye_2372.jpg_face_1,cerrado,B5,85.7308,0.13536,4.4558,41.1894,100.0,17.6343,CRITICA,13.564,0.513331,16.2029,51.9549,nan,nan,nan,nan,1,0,6381.621,nan
closed_eye_2372.jpg_face_1,cerrado,B10,85.7308,0.13536,9.4339,54.8456,99.9444,17.2783,CRITICA,15.7659,0.647952,14.7072,36.0259,0.142299,0.177797,5.1268,31.3517,1,1,6910.85,nan
closed_eye_2372.jpg_face_1,cerrado,B15,85.7308,0.13536,14.4478,62.4708,90.8056,18.9968,CRITICA,17.3974,0.714621,14.261,27.1314,0.14987,0.163032,10.7196,20.4438,1,1,5844.535,nan
closed_eye_2372.jpg_face_1,cerrado,B25,85.7308,0.13536,24.5092,72.0711,43.6389,22.6672,CRITICA,20.0289,0.809546,14.3809,15.9333,0.131029,0.159799,3.1994,18.0554,1,1,6381.621,nan
closed_eye_2372.jpg_face_1,cerrado,B40,85.7308,0.13536,39.4394,81.2144,31.3056,27.5949,BIEN,23.5979,0.885335,15.531,5.2681,0.104813,0.135549,22.5669,0.1402,1,1,4192.872,nan
closed_eye_2372.jpg_face_2,cerrado,B5,92.6805,0.150862,4.4752,44.7002,100.0,7.5841,CRITICA,13.4037,0.484367,16.0895,51.7696,nan,nan,nan,nan,1,0,4230.119,nan
closed_eye_2372.jpg_face_2,cerrado,B10,92.6805,0.150862,9.3672,56.9548,99.9692,8.1921,CRITICA,15.6676,0.626639,14.5558,38.5472,0.19355,nan,28.296,nan,1,1,4029.009,nan
closed_eye_2372.jpg_face_2,cerrado,B15,92.6805,0.150862,14.4574,64.9514,99.5383,9.1901,CRITICA,17.372,0.696465,14.0783,29.9191,0.215736,0.21385,43.0022,41.7523,1,1,5537.099,nan
closed_eye_2372.jpg_face_2,cerrado,B25,92.6805,0.150862,24.4685,74.5223,61.6497,11.182,CRITICA,20.0075,0.794351,14.1471,19.5923,0.173146,0.198069,14.7715,31.2918,1,1,5238.345,nan
closed_eye_2372.jpg_face_2,cerrado,B40,92.6805,0.150862,39.4749,83.8649,26.5928,13.8725,BIEN,23.6006,0.86946,15.2161,9.5119,0.145676,0.18118,3.4371,20.0967,1,1,2865.33,nan
closed_eye_2377.jpg_face_2,cerrado,B5,80.971,0.036359,4.5173,43.6877,100.0,9.523,CRITICA,14.1762,0.471151,16.3519,46.0452,0.03472,0.154832,4.5064,325.8428,1,1,1332.445,nan
closed_eye_2377.jpg_face_2,cerrado,B10,80.971,0.036359,9.4832,56.1806,98.6298,11.4213,CRITICA,16.1499,0.609878,14.9054,30.6164,0.030319,0.113069,16.6114,210.9796,1,1,1723.544,nan
closed_eye_2377.jpg_face_2,cerrado,B15,80.971,0.036359,14.5041,63.667,88.3076,13.218,CRITICA,17.5328,0.692568,14.472,21.3706,0.031484,0.072802,13.4086,100.2306,1,1,1234.111,nan
closed_eye_2377.jpg_face_2,cerrado,B25,80.971,0.036359,24.4726,72.9197,64.8102,16.5647,CRITICA,19.6301,0.796302,14.6197,9.9435,0.034625,0.046437,4.7689,27.7177,1,1,1175.779,nan
closed_eye_2377.jpg_face_2,cerrado,B40,80.971,0.036359,39.5004,81.9358,47.0982,20.8684,BIEN,22.0597,0.86129,15.7905,1.1915,0.038023,0.033786,4.5768,7.0765,1,1,897.424,nan
closed_eye_2379.jpg_face_1,cerrado,B5,147.3346,0.062132,4.3916,40.4707,100.0,17.106,CRITICA,6.4859,0.430257,16.2541,72.5314,0.07148,nan,15.0455,nan,1,1,158.864,nan
closed_eye_2379.jpg_face_1,cerrado,B10,147.3346,0.062132,9.3736,54.602,100.0,17.8488,CRITICA,7.4453,0.605495,14.699,62.9402,0.088226,0.149431,41.9974,140.5045,1,1,107.516,nan
closed_eye_2379.jpg_face_1,cerrado,B15,147.3346,0.062132,14.5008,62.6274,80.0816,19.3886,CRITICA,8.0867,0.670156,14.2271,57.4931,0.083637,0.11371,34.6112,83.0131,1,1,170.506,nan
closed_eye_2379.jpg_face_1,cerrado,B25,147.3346,0.062132,24.4944,71.8463,45.4683,23.853,CRITICA,9.0079,0.737186,14.3619,51.236,0.080355,0.082838,29.3296,33.3258,1,1,141.521,nan
closed_eye_2379.jpg_face_1,cerrado,B40,147.3346,0.062132,39.4534,80.9839,39.1361,29.1213,BIEN,10.0835,0.796155,15.5095,45.0341,0.068159,0.057097,9.6993,8.1035,1,1,140.025,nan
closed_eye_2383.jpg_face_2,cerrado,B5,144.3658,0.075292,4.3662,43.8911,100.0,9.9289,CRITICA,7.4012,0.375657,16.1842,69.5973,0.096024,0.219939,27.5353,192.1158,1,1,1864.976,nan
closed_eye_2383.jpg_face_2,cerrado,B10,144.3658,0.075292,9.3975,56.5502,100.0,11.5277,CRITICA,8.5052,0.493675,14.592,60.8286,0.110946,0.157876,47.3544,109.6852,1,1,3297.065,nan
closed_eye_2383.jpg_face_2,cerrado,B15,144.3658,0.075292,14.4762,64.6681,99.4101,12.5546,CRITICA,9.26,0.566749,14.0958,55.2054,0.103641,0.142052,37.6518,88.6686,1,1,3435.246,nan
closed_eye_2383.jpg_face_2,cerrado,B25,144.3658,0.075292,24.5289,74.125,52.6225,14.737,CRITICA,10.2624,0.646006,14.1823,48.6547,0.09038,0.107615,20.0396,42.9307,1,1,3501.401,nan
closed_eye_2383.jpg_face_2,cerrado,B40,144.3658,0.075292,39.4936,83.2648,28.3731,17.9345,BIEN,11.4155,0.727876,15.2756,42.3238,0.087043,0.097894,15.6075,30.0201,1,1,3213.367,nan
closed_eye_2384.jpg_face_1,cerrado,B5,104.523,0.062131,4.3567,39.9113,100.0,19.5856,CRITICA,10.0712,0.393345,16.3559,61.8157,0.109185,0.168634,75.7347,171.4182,1,1,5614.824,nan
closed_eye_2384.jpg_face_1,cerrado,B10,104.523,0.062131,9.4633,53.3299,98.981,21.5122,CRITICA,11.5396,0.534714,14.8199,48.9778,0.070076,0.099333,12.7874,59.8775,1,1,3753.754,nan
closed_eye_2384.jpg_face_1,cerrado,B15,104.523,0.062131,14.4894,61.1078,69.1713,23.7874,CRITICA,12.571,0.611534,14.3908,41.5364,0.063558,0.101539,2.2974,63.4283,1,1,4217.63,nan
closed_eye_2384.jpg_face_1,cerrado,B25,104.523,0.062131,24.5018,70.3177,48.0067,28.3869,CRITICA,14.1166,0.706358,14.5705,32.7251,0.073164,0.083139,17.7591,33.8126,1,1,5592.841,nan
closed_eye_2384.jpg_face_1,cerrado,B40,104.523,0.062131,39.4662,79.4663,42.6652,34.6319,CRITICA,16.2236,0.804448,15.7952,23.9724,0.058751,0.068948,5.4394,10.972,1,1,5293.807,nan
closed_eye_2386.jpg_face_1,cerrado,B5,99.11,0.074554,4.4295,40.5932,100.0,18.6325,CRITICA,10.8632,0.445194,16.2676,59.0422,0.124547,0.198648,67.0555,166.4482,1,1,2719.608,nan
closed_eye_2386.jpg_face_1,cerrado,B10,99.11,0.074554,9.4783,53.3988,98.7147,21.582,CRITICA,12.4296,0.579064,14.7895,46.1217,0.091517,0.149362,22.7527,100.34,1,1,4945.598,nan
closed_eye_2386.jpg_face_1,cerrado,B15,99.11,0.074554,14.5014,60.9274,73.7839,24.043,CRITICA,13.5545,0.652602,14.3674,38.5255,0.079464,0.129486,6.5856,73.6801,1,1,5238.345,nan
closed_eye_2386.jpg_face_1,cerrado,B25,99.11,0.074554,24.5291,70.3136,50.8476,28.2958,CRITICA,15.2629,0.738757,14.5344,29.055,0.085894,0.082149,15.2099,10.1871,1,1,6035.004,nan
closed_eye_2386.jpg_face_1,cerrado,B40,99.11,0.074554,39.5087,79.4843,41.3518,34.1194,CRITICA,17.633,0.830174,15.7514,19.8019,0.073063,0.090103,2.0001,20.8556,1,1,5966.586,nan
closed_eye_2395.jpg_face_1,cerrado,B5,108.3073,0.090225,4.3963,40.6996,100.0,18.3101,CRITICA,10.0523,0.428032,16.2968,62.4222,0.1494,nan,65.5859,nan,1,1,5159.959,nan
closed_eye_2395.jpg_face_1,cerrado,B10,108.3073,0.090225,9.4145,53.699,100.0,19.8678,CRITICA,11.5769,0.57469,14.7158,50.4198,0.144243,0.194083,59.8699,115.1096,1,1,4623.209,nan
closed_eye_2395.jpg_face_1,cerrado,B15,108.3073,0.090225,14.5006,61.6947,82.804,22.23,CRITICA,12.6482,0.656857,14.2785,43.0374,0.118283,0.157584,31.0978,74.6565,1,1,5417.118,nan
closed_eye_2395.jpg_face_1,cerrado,B25,108.3073,0.090225,24.5228,71.4381,44.6303,25.0261,CRITICA,14.2113,0.748795,14.4069,34.0413,0.100552,0.133102,11.4452,47.5219,1,1,5899.706,nan
closed_eye_2395.jpg_face_1,cerrado,B40,108.3073,0.090225,39.4977,80.5588,35.5982,30.1728,BIEN,16.2544,0.827464,15.5935,25.6202,0.105297,0.122141,16.7053,35.3741,1,1,3455.425,nan
closed_eye_2395.jpg_face_2,cerrado,B5,130.6033,0.051108,4.3861,43.9004,100.0,9.6592,CRITICA,8.6895,0.416404,16.151,66.3865,0.151345,nan,196.1297,nan,1,1,4791.567,nan
closed_eye_2395.jpg_face_2,cerrado,B10,130.6033,0.051108,9.4232,56.8267,100.0,10.278,CRITICA,9.9897,0.54312,14.5574,56.4891,0.132592,nan,159.4366,nan,1,1,3831.418,nan
closed_eye_2395.jpg_face_2,cerrado,B15,130.6033,0.051108,14.5525,64.8951,99.8052,11.0734,CRITICA,10.8418,0.611715,14.1045,50.3113,0.127404,0.190986,149.2855,273.6953,1,1,5333.333,nan
closed_eye_2395.jpg_face_2,cerrado,B25,130.6033,0.051108,24.5066,74.3425,56.8974,13.1026,CRITICA,12.0818,0.695814,14.1576,43.0777,0.09958,0.151185,94.8445,195.8171,1,1,5151.984,nan
closed_eye_2395.jpg_face_2,cerrado,B40,130.6033,0.051108,39.4931,83.5852,31.2806,16.1038,BIEN,13.5297,0.776061,15.2457,36.0007,0.087194,0.102616,70.609,100.7845,1,1,4008.016,nan
closed_eye_2403.jpg_face_1,cerrado,B5,152.9531,0.06349,4.355,43.5386,100.0,10.6575,CRITICA,6.6494,0.322345,16.1794,71.5346,0.105034,nan,65.4331,nan,1,1,3497.727,nan
closed_eye_2403.jpg_face_1,cerrado,B10,152.9531,0.06349,9.4096,56.8133,100.0,10.8097,CRITICA,7.6436,0.424486,14.6043,62.8557,0.103265,0.155889,62.6461,145.5312,1,1,4512.635,nan
closed_eye_2403.jpg_face_1,cerrado,B15,152.9531,0.06349,14.5276,64.6464,99.5839,12.2425,CRITICA,8.3134,0.495877,14.13,57.7345,0.096608,0.125113,52.1609,97.058,1,1,3301.42,nan
closed_eye_2403.jpg_face_1,cerrado,B25,152.9531,0.06349,24.4938,73.8386,50.5732,14.5258,CRITICA,9.1979,0.574816,14.2091,51.7247,0.093245,0.103521,46.8641,63.0492,1,1,4901.961,nan
closed_eye_2403.jpg_face_1,cerrado,B40,152.9531,0.06349,39.4637,83.3041,28.9386,18.1447,BIEN,10.2531,0.663932,15.2892,45.5362,0.083237,0.078465,31.1008,23.5851,1,1,5425.936,nan
closed_eye_2413.jpg_face_1,cerrado,B5,181.2258,0.098434,4.3263,44.5637,100.0,6.6183,CRITICA,5.0176,0.305335,15.9365,75.4098,0.205936,nan,109.2129,nan,1,1,4206.983,nan
closed_eye_2413.jpg_face_1,cerrado,B10,181.2258,0.098434,9.495,57.5961,100.0,7.4443,CRITICA,5.8604,0.398961,14.3667,68.2186,0.194741,nan,97.84,nan,1,1,3293.808,nan
closed_eye_2413.jpg_face_1,cerrado,B15,181.2258,0.098434,14.5189,65.0169,100.0,8.1372,CRITICA,6.3746,0.451419,13.9517,64.1238,0.188338,nan,91.3351,nan,1,1,3872.967,nan
closed_eye_2413.jpg_face_1,cerrado,B25,181.2258,0.098434,24.4917,75.1434,61.5568,9.8696,CRITICA,7.1283,0.527654,13.9801,58.536,0.17033,0.186459,73.0399,89.4261,1,1,2727.769,nan
closed_eye_2413.jpg_face_1,cerrado,B40,181.2258,0.098434,39.4847,84.3416,26.0498,12.1353,BIEN,7.9148,0.602474,15.0378,53.4605,0.158548,0.169446,61.0713,72.1426,1,1,3416.467,nan
closed_eye_2413.jpg_face_3,cerrado,B5,172.0687,0.040913,4.3219,43.9276,100.0,8.5096,CRITICA,5.4058,0.31009,15.9806,74.4709,0.146587,nan,258.2859,nan,1,1,3720.238,nan
closed_eye_2413.jpg_face_3,cerrado,B10,172.0687,0.040913,9.5835,57.3228,100.0,9.4566,CRITICA,6.2998,0.409685,14.4093,66.6861,0.111768,nan,173.182,nan,1,1,3775.009,nan
closed_eye_2413.jpg_face_3,cerrado,B15,172.0687,0.040913,14.4874,64.6992,99.9899,10.5327,CRITICA,6.8469,0.46575,13.9761,62.3992,0.076386,nan,86.7023,nan,1,1,3051.572,nan
closed_eye_2413.jpg_face_3,cerrado,B25,172.0687,0.040913,24.4831,74.8683,51.7473,12.7498,CRITICA,7.6568,0.546448,14.013,56.4893,0.058747,0.100126,43.5886,144.7269,1,1,3642.987,nan
closed_eye_2413.jpg_face_3,cerrado,B40,172.0687,0.040913,39.5103,83.7666,27.4795,15.3914,BIEN,8.4972,0.623841,15.1035,51.3179,0.055348,0.054927,35.2799,34.2527,1,1,3281.917,nan
closed_eye_2440.jpg_face_1,cerrado,B5,114.7499,0.048612,4.481,42.0765,100.0,16.095,CRITICA,9.4893,0.405734,16.0227,63.332,0.0883,nan,81.6401,nan,1,1,3652.301,nan
closed_eye_2440.jpg_face_1,cerrado,B10,114.7499,0.048612,9.4706,55.0681,99.9836,17.6035,CRITICA,10.7939,0.534308,14.6167,52.0103,0.053353,0.203945,9.7526,319.5319,1,1,3732.736,nan
closed_eye_2440.jpg_face_1,cerrado,B15,114.7499,0.048612,14.353,62.4882,81.7028,19.5128,CRITICA,11.7213,0.610849,14.1992,45.544,0.068059,0.09289,40.0022,91.0829,1,1,4338.395,nan
closed_eye_2440.jpg_face_1,cerrado,B25,114.7499,0.048612,24.4996,72.3725,47.5837,23.0577,CRITICA,13.1706,0.69815,14.2912,36.9302,0.053633,0.072863,10.3267,49.8857,1,1,3430.532,nan
closed_eye_2440.jpg_face_1,cerrado,B40,114.7499,0.048612,39.5316,81.4128,41.0296,28.1035,BIEN,14.9843,0.789187,15.4472,29.052,0.057901,0.070131,19.1076,44.2657,1,1,3912.363,nan
closed_eye_2448.jpg_face_1,cerrado,B5,194.4485,0.025297,4.4057,44.5205,100.0,7.2367,CRITICA,4.3515,0.203209,16.0844,77.1042,nan,nan,nan,nan,1,0,5558.644,nan
closed_eye_2448.jpg_face_1,cerrado,B10,194.4485,0.025297,9.3199,57.3815,100.0,8.2997,CRITICA,5.1101,0.279641,14.5092,70.4901,0.029875,0.235164,18.0941,829.6045,1,1,3040.438,nan
closed_eye_2448.jpg_face_1,cerrado,B15,194.4485,0.025297,14.5539,65.2684,100.0,8.9213,CRITICA,5.5962,0.327924,14.0578,66.4341,0.051922,0.110428,105.2496,336.5229,1,1,4060.09,nan
closed_eye_2448.jpg_face_1,cerrado,B25,194.4485,0.025297,24.4215,74.9865,67.6094,10.882,CRITICA,6.2623,0.401165,14.0772,61.4363,0.039156,0.083646,54.7834,230.6516,1,1,5293.806,nan
closed_eye_2448.jpg_face_1,cerrado,B40,194.4485,0.025297,39.5013,84.2845,21.5152,13.5115,BIEN,6.9715,0.484219,15.1268,56.6546,0.037112,0.044905,46.7053,77.5082,1,1,5770.34,nan
closed_eye_2461.jpg_face_1,cerrado,B5,164.8005,0.135761,4.3448,44.5091,100.0,6.9738,CRITICA,6.124,0.289454,16.1666,72.9921,nan,nan,nan,nan,1,0,5724.099,nan
closed_eye_2461.jpg_face_1,cerrado,B10,164.8005,0.135761,9.5264,57.6533,100.0,8.3924,CRITICA,7.1032,0.40065,14.511,65.0163,0.134629,nan,0.834,nan,1,1,5810.576,nan
closed_eye_2461.jpg_face_1,cerrado,B15,164.8005,0.135761,14.552,65.1087,93.751,9.5828,CRITICA,7.6761,0.458455,14.1014,60.4924,0.106451,0.146717,21.5894,8.0701,1,1,5263.158,nan
closed_eye_2461.jpg_face_1,cerrado,B25,164.8005,0.135761,24.5251,74.9752,56.028,11.5596,CRITICA,8.5418,0.540605,14.115,54.5055,0.123636,0.121285,8.9314,10.6629,1,1,4807.692,nan
closed_eye_2461.jpg_face_1,cerrado,B40,164.8005,0.135761,39.4829,83.8893,34.7356,14.3609,BIEN,9.4379,0.625897,15.1939,49.0964,0.124203,0.120219,8.5137,11.4478,1,1,4965.243,nan
closed_eye_2463.jpg_face_2,cerrado,B5,179.9869,0.104842,4.4997,43.6525,100.0,12.2676,CRITICA,4.7537,0.30862,15.8961,75.7468,0.101996,0.16421,2.7141,56.627,1,1,3012.048,nan
closed_eye_2463.jpg_face_2,cerrado,B10,179.9869,0.104842,9.5652,56.2722,100.0,14.5117,CRITICA,5.5377,0.40532,14.4602,68.7354,0.096638,0.122712,7.8243,17.0449,1,1,3759.398,nan
closed_eye_2463.jpg_face_2,cerrado,B15,179.9869,0.104842,14.5393,63.6274,100.0,16.0237,CRITICA,6.0502,0.461343,14.0249,64.6489,0.088159,0.107604,15.9122,2.6349,1,1,3453.038,nan
closed_eye_2463.jpg_face_2,cerrado,B25,179.9869,0.104842,24.5224,73.4538,47.3742,18.6945,CRITICA,6.7875,0.5359,14.0826,59.1894,0.087488,0.094583,16.5526,9.7848,1,1,3377.238,nan
closed_eye_2463.jpg_face_2,cerrado,B40,179.9869,0.104842,39.5636,82.6574,20.6679,21.6173,BIEN,7.5689,0.610431,15.18,54.0759,0.083495,0.091755,20.3611,12.4821,1,1,3635.042,nan
closed_eye_2464.jpg_face_2,cerrado,B5,71.9415,0.058709,4.4733,44.0645,100.0,9.7599,CRITICA,16.8201,0.667732,16.1459,38.7495,0.103263,nan,75.8878,nan,1,1,5913.66,nan
closed_eye_2464.jpg_face_2,cerrado,B10,71.9415,0.058709,9.4636,56.6966,97.7161,11.9239,CRITICA,19.6999,0.788202,14.6347,21.1907,0.069492,0.133399,18.3659,127.2184,1,1,5530.973,nan
closed_eye_2464.jpg_face_2,cerrado,B15,71.9415,0.058709,14.481,64.2162,83.858,13.5618,CRITICA,21.5205,0.834071,14.1834,10.7383,0.071436,0.104573,21.6765,78.1188,1,1,3608.806,nan
closed_eye_2464.jpg_face_2,cerrado,B25,71.9415,0.058709,24.4901,73.6414,63.9506,16.839,CRITICA,23.6595,0.884052,14.2948,2.3628,0.066942,0.082869,14.0225,41.151,1,1,5274.261,nan
closed_eye_2464.jpg_face_2,cerrado,B40,71.9415,0.058709,39.5321,82.8884,47.2994,21.1455,BIEN,23.9236,0.920925,15.4169,15.2164,0.056985,0.063747,2.9365,8.5801,1,1,5995.203,nan
closed_eye_2466.jpg_face_1,cerrado,B5,138.7548,0.066253,4.3995,43.4885,100.0,11.3858,CRITICA,7.6734,0.377472,16.1112,68.658,0.084463,nan,27.4861,nan,1,1,3192.848,nan
closed_eye_2466.jpg_face_1,cerrado,B10,138.7548,0.066253,9.4595,56.5816,100.0,12.4241,CRITICA,8.8268,0.5086,14.5356,59.2219,0.083115,0.107471,25.4511,62.2142,1,1,3005.711,nan
closed_eye_2466.jpg_face_1,cerrado,B15,138.7548,0.066253,14.4773,64.2566,94.4509,14.0371,CRITICA,9.5596,0.572545,14.1044,53.6905,0.069558,0.087601,4.9892,32.2221,1,1,3052.503,nan
closed_eye_2466.jpg_face_1,cerrado,B25,138.7548,0.066253,24.4774,73.8366,54.4389,16.8078,CRITICA,10.6394,0.654856,14.1758,46.7862,0.069922,0.078646,5.5377,18.7055,1,1,3414.134,nan
closed_eye_2466.jpg_face_1,cerrado,B40,138.7548,0.066253,39.5156,82.987,30.7182,20.6138,BIEN,11.8771,0.735691,15.297,40.1916,0.063091,0.064075,4.7729,3.2864,1,1,2438.43,nan
closed_eye_2476.jpg_face_1,cerrado,B5,132.222,0.095415,4.3896,40.5828,100.0,18.4922,CRITICA,7.8925,0.39794,16.1756,69.307,0.096478,nan,1.1139,nan,1,1,2410.8,nan
closed_eye_2476.jpg_face_1,cerrado,B10,132.222,0.095415,9.3483,54.3574,100.0,19.4178,CRITICA,9.0103,0.567523,14.6751,58.8893,0.087146,0.157777,8.6661,65.3585,1,1,2261.42,nan
closed_eye_2476.jpg_face_1,cerrado,B15,132.222,0.095415,14.4726,62.3618,89.9716,20.7411,CRITICA,9.8339,0.649066,14.2071,52.8356,0.085751,0.100602,10.1282,5.4358,1,1,1775.253,nan
closed_eye_2476.jpg_face_1,cerrado,B25,132.222,0.095415,24.5448,72.1579,38.9591,24.4571,CRITICA,10.9581,0.722473,14.3329,45.4267,0.088927,0.095004,6.8004,0.4308,1,1,2130.379,nan
closed_eye_2476.jpg_face_1,cerrado,B40,132.222,0.095415,39.481,81.0854,29.6958,29.0467,BIEN,12.315,0.798142,15.4817,38.6748,0.089374,0.087342,6.3313,8.4607,1,1,2247.191,nan
closed_eye_2481.jpg_face_1,cerrado,B5,188.0671,0.075312,4.3961,44.6671,100.0,6.0383,CRITICA,4.7368,0.172555,15.9385,76.2494,0.198616,nan,163.7245,nan,1,1,3683.241,nan
closed_eye_2481.jpg_face_1,cerrado,B10,188.0671,0.075312,9.3725,57.7522,100.0,6.8288,CRITICA,5.4982,0.2486,14.4836,69.2917,0.134393,0.198208,78.4478,163.1826,1,1,6514.658,nan
closed_eye_2481.jpg_face_1,cerrado,B15,188.0671,0.075312,14.4691,65.4478,100.0,7.4996,CRITICA,6.0335,0.287336,13.9701,65.1998,0.142897,0.150382,89.7405,99.6788,1,1,6161.429,nan
closed_eye_2481.jpg_face_1,cerrado,B25,188.0671,0.075312,24.4309,75.2952,60.6763,9.4713,CRITICA,6.7253,0.368864,14.0269,59.9637,0.138091,0.13891,83.3581,84.4457,1,1,4130.525,nan
closed_eye_2481.jpg_face_1,cerrado,B40,188.0671,0.075312,39.4879,84.4899,29.9517,11.7555,BIEN,7.4669,0.460636,15.0765,55.0746,0.116268,0.122808,54.3816,63.0661,1,1,5611.673,nan
closed_eye_2488.jpg_face_1,cerrado,B5,166.3644,0.055689,4.4201,44.4683,100.0,7.7767,CRITICA,5.9661,0.272021,16.0927,73.2705,nan,nan,nan,nan,1,0,4564.126,nan
closed_eye_2488.jpg_face_1,cerrado,B10,166.3644,0.055689,9.4985,57.5412,100.0,8.6972,CRITICA,6.8938,0.36794,14.5132,65.4125,nan,0.160938,nan,188.9953,1,0,4411.116,nan
closed_eye_2488.jpg_face_1,cerrado,B15,166.3644,0.055689,14.4783,65.085,99.4296,9.8855,CRITICA,7.4697,0.424279,14.0673,60.878,0.070087,0.136,25.8547,144.2131,1,1,4878.049,nan
closed_eye_2488.jpg_face_1,cerrado,B25,166.3644,0.055689,24.478,74.848,59.402,11.9389,CRITICA,8.3025,0.503563,14.1133,55.0096,0.077604,0.10102,39.3524,81.4,1,1,5691.52,nan
closed_eye_2488.jpg_face_1,cerrado,B40,166.3644,0.055689,39.4999,83.9157,33.3989,14.9017,BIEN,9.1913,0.590672,15.1951,49.5591,0.081515,0.087372,46.3751,56.8927,1,1,5402.485,nan
closed_eye_2491.jpg_face_1,cerrado,B5,163.7509,0.048206,4.4734,44.1448,100.0,9.7389,CRITICA,5.9517,0.224728,15.9487,73.0415,0.104901,0.199545,117.6126,313.9472,1,1,4291.846,nan
closed_eye_2491.jpg_face_1,cerrado,B10,163.7509,0.048206,9.4986,57.229,100.0,11.1182,CRITICA,6.8571,0.31691,14.4659,65.0512,0.081081,0.174331,68.1989,261.6403,1,1,4078.304,nan
closed_eye_2491.jpg_face_1,cerrado,B15,163.7509,0.048206,14.4682,64.6255,94.3934,12.501,CRITICA,7.4249,0.373812,14.0495,60.5342,0.052883,0.111371,9.7029,131.0346,1,1,3407.155,nan
closed_eye_2491.jpg_face_1,cerrado,B25,163.7509,0.048206,24.4742,74.2365,57.952,15.014,CRITICA,8.2588,0.457484,14.1243,54.665,0.060548,0.085327,25.6031,77.0076,1,1,4340.278,nan
closed_eye_2491.jpg_face_1,cerrado,B40,163.7509,0.048206,39.5127,83.4387,36.4699,18.3311,BIEN,9.1691,0.555597,15.2207,49.0454,0.05894,0.067524,22.2679,40.0762,1,1,4555.809,nan
closed_eye_2495.jpg_face_1,cerrado,B5,181.2672,0.069288,4.2988,44.1204,100.0,8.0476,CRITICA,5.1723,0.303108,16.048,75.66,0.113802,nan,64.2445,nan,1,1,3996.802,nan
closed_eye_2495.jpg_face_1,cerrado,B10,181.2672,0.069288,9.3104,57.2971,100.0,8.5892,CRITICA,5.9964,0.402257,14.5172,68.3908,0.090921,nan,31.2218,nan,1,1,3457.814,nan
closed_eye_2495.jpg_face_1,cerrado,B15,181.2672,0.069288,14.3774,64.9724,99.9972,9.385,CRITICA,6.5546,0.457385,14.0246,64.1566,0.083235,0.130132,20.1291,87.8137,1,1,3832.886,nan
closed_eye_2495.jpg_face_1,cerrado,B25,181.2672,0.069288,24.497,74.9445,61.3981,11.3499,CRITICA,7.3128,0.532779,14.0566,58.6552,0.087184,0.094754,25.8286,36.7541,1,1,3763.643,nan
closed_eye_2495.jpg_face_1,cerrado,B40,181.2672,0.069288,39.4931,84.2323,18.3729,13.7048,BIEN,8.113,0.605753,15.0964,53.5314,0.084223,0.073378,21.5554,5.9034,1,1,4325.26,nan
closed_eye_2500.jpg_face_1,cerrado,B5,169.9372,0.091824,4.4942,42.9397,100.0,13.1626,CRITICA,5.38,0.283686,15.9884,74.732,0.175898,nan,91.5594,nan,1,1,4750.594,nan
closed_eye_2500.jpg_face_1,cerrado,B10,169.9372,0.091824,9.514,56.2843,100.0,14.2756,CRITICA,6.2073,0.386838,14.5471,66.8794,0.150651,0.174804,64.0641,90.3679,1,1,4125.413,nan
closed_eye_2500.jpg_face_1,cerrado,B15,169.9372,0.091824,14.4286,63.7058,99.1934,15.6258,CRITICA,6.7589,0.448379,14.1048,62.5122,0.117993,0.163543,28.4987,78.1049,1,1,4980.079,nan
closed_eye_2500.jpg_face_1,cerrado,B25,169.9372,0.091824,24.5259,73.7549,48.5193,18.4534,CRITICA,7.5515,0.530244,14.1759,56.5987,0.13392,0.147594,45.8439,60.7353,1,1,4835.59,nan
closed_eye_2500.jpg_face_1,cerrado,B40,169.9372,0.091824,39.523,82.7531,32.273,22.1178,BIEN,8.4075,0.613811,15.2759,51.3037,0.089785,0.146318,2.221,59.3462,1,1,2290.426,nan
closed_eye_2501.jpg_face_2,cerrado,B5,135.0347,0.076908,4.3651,40.0513,100.0,19.1563,CRITICA,7.2746,0.341784,16.3707,70.34,0.079119,0.183772,2.874,138.9492,1,1,4844.961,nan
closed_eye_2501.jpg_face_2,cerrado,B10,135.0347,0.076908,9.4007,53.0415,100.0,22.2758,CRITICA,8.3516,0.475457,14.7983,60.7201,0.081014,0.091836,5.3377,19.4088,1,1,3502.627,nan
closed_eye_2501.jpg_face_2,cerrado,B15,135.0347,0.076908,14.4606,60.4992,70.9619,24.9822,CRITICA,9.068,0.545488,14.3661,55.1973,0.076806,0.077061,0.133,0.1977,1,1,4068.349,nan
closed_eye_2501.jpg_face_2,cerrado,B25,135.0347,0.076908,24.5095,70.2999,47.0439,29.0325,CRITICA,10.122,0.632801,14.4928,47.9394,0.075573,0.077666,1.7361,0.9845,1,1,4604.052,nan
closed_eye_2501.jpg_face_2,cerrado,B40,135.0347,0.076908,39.4881,79.4811,38.3442,34.3069,CRITICA,11.371,0.723027,15.6833,41.1402,0.074471,0.081639,3.1693,6.1514,1,1,4290.004,nan
closed_eye_2504.jpg_face_1,cerrado,B5,182.442,0.091014,4.2918,43.7898,100.0,8.8821,CRITICA,4.8645,0.25878,16.1779,75.9979,0.220452,nan,142.2168,nan,1,1,4345.937,nan
closed_eye_2504.jpg_face_1,cerrado,B10,182.442,0.091014,9.4296,57.1233,100.0,10.2181,CRITICA,5.7029,0.349236,14.5351,68.6896,0.239678,nan,163.3407,nan,1,1,4297.379,nan
closed_eye_2504.jpg_face_1,cerrado,B15,182.442,0.091014,14.4303,64.8025,99.9726,10.7223,CRITICA,6.2215,0.403894,14.0661,64.4805,0.135798,0.164023,49.2055,80.2168,1,1,4868.549,nan
closed_eye_2504.jpg_face_1,cerrado,B25,182.442,0.091014,24.4551,74.6881,58.4307,12.9608,CRITICA,6.9518,0.480021,14.0997,59.062,0.199095,0.214046,118.7517,135.1784,1,1,5068.424,nan
closed_eye_2504.jpg_face_1,cerrado,B40,182.442,0.091014,39.4697,83.7823,26.5789,15.7119,BIEN,7.7059,0.557751,15.1866,54.0773,0.209582,0.201885,130.2733,121.8173,1,1,4911.591,nan
closed_eye_2506.jpg_face_1,cerrado,B5,143.0911,0.114048,4.4141,41.5243,100.0,16.8378,CRITICA,6.8529,0.239371,16.1703,70.9805,0.176111,nan,54.4182,nan,1,1,6153.847,nan
closed_eye_2506.jpg_face_1,cerrado,B10,143.0911,0.114048,9.3663,54.5924,99.9566,18.6923,CRITICA,7.8441,0.341782,14.6841,61.8478,0.198135,0.191867,73.73,68.2337,1,1,6414.368,nan
closed_eye_2506.jpg_face_1,cerrado,B15,143.0911,0.114048,14.4488,62.2444,79.2535,20.6888,CRITICA,8.5127,0.401683,14.2436,56.5002,0.172481,0.177383,51.2353,55.5336,1,1,6743.089,nan
closed_eye_2506.jpg_face_1,cerrado,B25,143.0911,0.114048,24.4575,72.0868,50.4774,24.1561,CRITICA,9.4918,0.500994,14.3446,49.6218,0.169344,0.178841,48.4852,56.8124,1,1,6896.552,nan
closed_eye_2506.jpg_face_1,cerrado,B40,143.0911,0.114048,39.4761,81.1359,39.5399,29.2759,BIEN,10.6354,0.613055,15.5023,43.2978,0.15047,0.156433,31.9358,37.1641,1,1,6988.12,nan
closed_eye_2511.jpg_face_1,cerrado,B5,121.9924,0.133789,4.3823,42.7788,100.0,13.264,CRITICA,8.6213,0.296671,16.0348,64.9332,0.210667,nan,57.4613,nan,1,1,7077.139,nan
closed_eye_2511.jpg_face_1,cerrado,B10,121.9924,0.133789,9.4717,55.803,98.9394,14.7441,CRITICA,9.8373,0.406666,14.5448,54.257,0.099523,nan,25.6125,nan,1,1,5589.715,nan
closed_eye_2511.jpg_face_1,cerrado,B15,121.9924,0.133789,14.4268,63.5414,80.101,16.5163,CRITICA,10.6777,0.469204,14.0861,47.9136,0.156563,0.195209,17.0221,45.9076,1,1,4610.42,nan
closed_eye_2511.jpg_face_1,cerrado,B25,121.9924,0.133789,24.5434,73.201,61.0101,20.1623,CRITICA,11.9539,0.567857,14.1909,39.9954,0.123676,0.166948,7.5589,24.7839,1,1,6591.957,nan
closed_eye_2511.jpg_face_1,cerrado,B40,121.9924,0.133789,39.4914,82.2374,46.3636,25.2323,BIEN,13.4952,0.687468,15.3493,32.5881,0.116188,0.132706,13.1563,0.8097,1,1,4868.549,nan
closed_eye_2518.jpg_face_1,cerrado,B5,153.8036,0.069134,4.4062,40.5108,100.0,18.5124,CRITICA,6.0443,0.293056,16.1789,73.6607,0.066926,nan,3.1933,nan,1,1,4775.549,nan
closed_eye_2518.jpg_face_1,cerrado,B10,153.8036,0.069134,9.3859,53.9774,100.0,20.4465,CRITICA,6.9623,0.421213,14.6742,64.905,0.052682,0.111721,23.7976,61.6018,1,1,5159.958,nan
closed_eye_2518.jpg_face_1,cerrado,B15,153.8036,0.069134,14.3598,61.6177,94.0239,21.9713,CRITICA,7.5516,0.487305,14.2653,59.9374,0.056631,0.08738,18.0852,26.3932,1,1,5296.61,nan
closed_eye_2518.jpg_face_1,cerrado,B25,153.8036,0.069134,24.5117,71.5221,41.8143,25.5055,CRITICA,8.4497,0.574971,14.3608,53.4978,0.051182,0.066964,25.9664,3.1379,1,1,4807.692,nan
closed_eye_2518.jpg_face_1,cerrado,B40,153.8036,0.069134,39.4662,80.7573,32.9118,30.4904,BIEN,9.4614,0.663333,15.5028,47.4933,0.057685,0.057228,16.5606,17.2211,1,1,3875.969,nan
closed_eye_2530.jpg_face_1,cerrado,B5,150.8136,0.041113,4.332,41.9067,100.0,14.8148,CRITICA,6.4348,0.398907,16.2469,72.2129,0.059143,nan,43.8532,nan,1,1,1631.055,nan
closed_eye_2530.jpg_face_1,cerrado,B10,150.8136,0.041113,9.2538,55.0807,100.0,16.577,CRITICA,7.3876,0.533851,14.7149,63.4777,0.039318,0.088442,4.3655,115.1181,1,1,1389.082,nan
closed_eye_2530.jpg_face_1,cerrado,B15,150.8136,0.041113,14.4536,62.9751,99.0479,18.644,CRITICA,8.0615,0.6102,14.2423,58.2431,0.031717,0.044743,22.8536,8.8298,1,1,1594.642,nan
closed_eye_2530.jpg_face_1,cerrado,B25,150.8136,0.041113,24.3932,72.6452,39.5443,22.0137,CRITICA,8.9656,0.695945,14.3202,51.8312,0.037075,0.031394,9.8225,23.6399,1,1,1929.757,nan
closed_eye_2530.jpg_face_1,cerrado,B40,150.8136,0.041113,39.5137,81.9036,34.3832,26.6743,BIEN,10.0367,0.767884,15.4499,45.6922,0.037404,0.031317,9.0218,23.828,1,1,1994.814,nan
closed_eye_2534.jpg_face_1,cerrado,B5,105.2161,0.075382,4.3146,44.4568,100.0,7.1853,CRITICA,11.5125,0.52491,15.9471,57.7472,0.131196,nan,74.0413,nan,1,1,3990.423,nan
closed_eye_2534.jpg_face_1,cerrado,B10,105.2161,0.075382,9.5614,57.4178,97.1281,8.7418,CRITICA,13.3079,0.646869,14.4169,45.4286,0.100631,nan,33.4937,nan,1,1,3260.515,nan
closed_eye_2534.jpg_face_1,cerrado,B15,105.2161,0.075382,14.4597,65.0124,92.5205,9.9004,CRITICA,14.5434,0.712696,13.9749,38.2106,0.085934,0.163693,13.9977,117.1513,1,1,5005.005,nan
closed_eye_2534.jpg_face_1,cerrado,B25,105.2161,0.075382,24.4333,74.8208,76.4254,12.2282,CRITICA,16.5023,0.794689,14.0353,28.8884,0.072859,0.104019,3.3475,37.9883,1,1,2740.477,nan
closed_eye_2534.jpg_face_1,cerrado,B40,105.2161,0.075382,39.4971,83.9533,33.705,15.3755,BIEN,18.9884,0.864663,15.1153,20.2087,0.067773,0.071226,10.0948,5.5134,1,1,5175.984,nan
closed_eye_2544.BMP_face_1,cerrado,B5,206.2478,0.046468,4.4219,44.4039,100.0,9.1988,CRITICA,3.7087,0.290021,15.9515,78.4706,0.121662,nan,161.8214,nan,1,1,2221.729,nan
closed_eye_2544.BMP_face_1,cerrado,B10,206.2478,0.046468,9.4178,57.1695,100.0,10.6455,CRITICA,4.4053,0.381273,14.4335,72.2812,0.064035,0.18154,37.8064,290.6795,1,1,3859.513,nan
closed_eye_2544.BMP_face_1,cerrado,B15,206.2478,0.046468,14.4268,64.7629,100.0,11.3961,CRITICA,4.8342,0.432714,14.0198,68.5995,0.084229,0.135229,81.2632,191.0184,1,1,3554.924,nan
closed_eye_2544.BMP_face_1,cerrado,B25,206.2478,0.046468,24.4897,74.8182,55.2476,12.9101,CRITICA,5.458,0.501566,14.0387,63.7241,0.05424,0.074032,16.7268,59.3201,1,1,4424.779,nan
closed_eye_2544.BMP_face_1,cerrado,B40,206.2478,0.046468,39.4853,83.9367,17.8577,14.9907,BIEN,6.0883,0.564244,15.1019,59.303,0.049975,0.064406,7.5477,38.6049,1,1,2585.984,nan
closed_eye_2547.jpg_face_1,cerrado,B5,175.7431,0.036848,4.3456,44.9296,100.0,5.1182,CRITICA,5.7168,0.329187,16.2021,74.4345,0.106294,nan,188.4634,nan,1,1,4424.779,nan
closed_eye_2547.jpg_face_1,cerrado,B10,175.7431,0.036848,9.3446,57.4657,100.0,6.1828,CRITICA,6.5928,0.430555,14.5885,67.3013,0.065065,0.186402,76.5761,405.8645,1,1,2635.046,nan
closed_eye_2547.jpg_face_1,cerrado,B15,175.7431,0.036848,14.5483,65.5209,99.9792,6.8683,CRITICA,7.1832,0.491555,14.0971,62.7178,0.06672,0.124063,81.0671,236.6854,1,1,4173.623,nan
closed_eye_2547.jpg_face_1,cerrado,B25,175.7431,0.036848,24.5678,75.3004,69.2768,8.3853,CRITICA,7.9748,0.567136,14.1126,57.1532,0.049744,0.09726,34.9962,163.9467,1,1,3532.321,nan
closed_eye_2547.jpg_face_1,cerrado,B40,175.7431,0.036848,39.4616,84.3633,25.8374,10.4972,BIEN,8.7937,0.639289,15.1611,51.9962,0.046334,0.058829,25.7428,59.6525,1,1,3610.108,nan
closed_eye_2557.jpg_face_1,cerrado,B5,130.6174,0.050473,4.3681,44.732,100.0,5.1852,CRITICA,9.284,0.343253,16.1978,65.7534,0.209887,nan,315.8367,nan,1,1,4918.839,nan
closed_eye_2557.jpg_face_1,cerrado,B10,130.6174,0.050473,9.3775,57.7489,100.0,6.0958,CRITICA,10.685,0.450316,14.5447,55.7877,0.100718,0.194776,99.5458,285.8977,1,1,4282.656,nan
closed_eye_2557.jpg_face_1,cerrado,B15,130.6174,0.050473,14.5714,65.494,99.9395,6.9433,CRITICA,11.6211,0.521663,14.0929,49.8582,0.093001,0.132356,84.2577,162.2285,1,1,5200.208,nan
closed_eye_2557.jpg_face_1,cerrado,B25,130.6174,0.050473,24.4664,75.4038,66.3944,8.6125,CRITICA,12.9802,0.615456,14.0954,42.2712,0.093618,0.104485,85.4787,107.0103,1,1,4035.513,nan
closed_eye_2557.jpg_face_1,cerrado,B40,130.6174,0.050473,39.5057,84.3724,22.8978,10.6157,BIEN,14.494,0.716986,15.157,35.4049,0.070405,0.063329,39.4897,25.4705,1,1,5461.497,nan
closed_eye_2562.jpg_face_1,cerrado,B5,69.2844,0.086793,4.463,42.4448,100.0,14.7949,CRITICA,16.1178,0.534771,16.1201,38.7383,0.208189,0.198119,139.8689,128.2669,1,1,6067.961,nan
closed_eye_2562.jpg_face_1,cerrado,B10,69.2844,0.086793,9.4972,55.3746,99.0566,16.279,CRITICA,18.8724,0.653891,14.5799,20.0765,0.187115,0.154202,115.5883,77.6676,1,1,4361.099,nan
closed_eye_2562.jpg_face_1,cerrado,B15,69.2844,0.086793,14.5073,62.7257,74.3187,18.5583,CRITICA,20.7118,0.728798,14.1577,9.4663,0.160045,0.151086,84.399,74.0765,1,1,6053.269,nan
closed_eye_2562.jpg_face_1,cerrado,B25,69.2844,0.086793,24.4944,72.0968,53.9483,22.8526,CRITICA,22.9982,0.810204,14.3099,4.0592,0.141106,0.15323,62.578,76.5471,1,1,6381.621,nan
closed_eye_2562.jpg_face_1,cerrado,B40,69.2844,0.086793,39.479,81.0426,44.2697,28.9202,BIEN,23.7563,0.908537,15.5209,16.9709,0.085401,0.110395,1.6037,27.1935,1,1,6146.282,nan
closed_eye_2568.jpg_face_1,cerrado,B5,128.4843,0.044192,4.2914,41.5717,100.0,14.7654,CRITICA,8.413,0.463591,16.4301,67.6445,0.048852,nan,10.5446,nan,1,1,3405.995,nan
closed_eye_2568.jpg_face_1,cerrado,B10,128.4843,0.044192,9.3269,54.6483,100.0,16.4963,CRITICA,9.6442,0.612771,14.77,57.4669,0.07935,nan,79.5578,nan,1,1,3109.453,nan
closed_eye_2568.jpg_face_1,cerrado,B15,128.4843,0.044192,14.6571,63.2815,99.1515,18.8825,CRITICA,10.5342,0.692649,14.3164,50.7477,0.052707,0.095145,19.2683,115.2984,1,1,2864.509,nan
closed_eye_2568.jpg_face_1,cerrado,B25,128.4843,0.044192,24.5519,72.1339,54.5573,21.6815,CRITICA,11.6048,0.759871,14.4731,43.8578,0.054253,0.08741,22.7672,97.7968,1,1,2053.388,nan
closed_eye_2568.jpg_face_1,cerrado,B40,128.4843,0.044192,39.4867,81.5002,28.4156,25.9116,BIEN,13.0306,0.825247,15.6083,36.568,0.050864,0.082802,15.0984,87.3688,1,1,3221.649,nan
closed_eye_2574.jpg_face_1,cerrado,B5,130.7253,0.073115,4.3455,43.0897,100.0,11.9157,CRITICA,8.1959,0.33498,16.2451,67.038,0.166652,0.218295,127.9305,198.5633,1,1,5246.59,nan
closed_eye_2574.jpg_face_1,cerrado,B10,130.7253,0.073115,9.5046,56.1682,100.0,13.9659,CRITICA,9.4221,0.461617,14.643,57.0334,0.107122,0.162929,46.5112,122.8384,1,1,5102.041,nan
closed_eye_2574.jpg_face_1,cerrado,B15,130.7253,0.073115,14.4514,63.7889,80.5787,15.5779,CRITICA,10.1907,0.531662,14.2018,51.2039,0.095355,0.108081,30.418,47.8233,1,1,4844.961,nan
closed_eye_2574.jpg_face_1,cerrado,B25,130.7253,0.073115,24.5113,73.4118,57.3259,18.8006,CRITICA,11.3619,0.623554,14.2834,43.8427,0.090946,0.104921,24.3873,43.5017,1,1,5094.244,nan
closed_eye_2574.jpg_face_1,cerrado,B40,130.7253,0.073115,39.4805,82.4503,44.4577,23.098,BIEN,12.7202,0.718952,15.414,36.9286,0.084814,0.088421,16.0011,20.9336,1,1,4205.214,nan
closed_eye_2578.jpg_face_1,cerrado,B5,190.2384,0.078492,4.5599,42.1599,100.0,17.5612,CRITICA,3.9086,0.248806,15.9473,77.8384,0.072118,nan,8.1206,nan,1,1,4040.404,nan
closed_eye_2578.jpg_face_1,cerrado,B10,190.2384,0.078492,9.531,54.1163,100.0,21.1337,CRITICA,4.5913,0.335,14.5631,71.5534,0.066952,nan,14.7023,nan,1,1,5485.463,nan
closed_eye_2578.jpg_face_1,cerrado,B15,190.2384,0.078492,14.5129,61.5197,99.95,23.141,CRITICA,5.0389,0.389479,14.1655,67.6618,0.072207,0.110431,8.008,40.6908,1,1,5711.022,nan
closed_eye_2578.jpg_face_1,cerrado,B25,190.2384,0.078492,24.5332,71.296,31.76,26.5131,CRITICA,5.6914,0.464564,14.2609,62.5228,0.063043,0.089329,19.6826,13.8058,1,1,5473.454,nan
closed_eye_2578.jpg_face_1,cerrado,B40,190.2384,0.078492,39.486,80.6598,24.99,30.6764,BIEN,6.3964,0.542286,15.3948,57.6007,0.066543,0.082887,15.2241,5.5994,1,1,5770.341,nan
closed_eye_2582.jpg_face_1,cerrado,B5,51.3463,0.05231,4.5438,37.109,100.0,23.7744,CRITICA,19.8942,0.689708,16.5916,27.728,0.055993,0.138554,7.0414,164.8701,1,1,5988.024,nan
closed_eye_2582.jpg_face_1,cerrado,B10,51.3463,0.05231,9.5538,49.867,82.5833,27.9756,CRITICA,22.7894,0.768794,15.1503,2.8809,0.054364,0.103526,3.9255,97.9084,1,1,6071.645,nan
closed_eye_2582.jpg_face_1,cerrado,B15,51.3463,0.05231,14.5362,57.0056,64.2607,30.9784,CRITICA,23.5655,0.7883,14.8112,11.0218,0.079816,0.086121,52.5821,64.6354,1,1,5917.16,nan
closed_eye_2582.jpg_face_1,cerrado,B25,51.3463,0.05231,24.5266,66.0088,57.5979,37.2383,CRITICA,22.4656,0.806939,15.054,28.5561,0.056203,0.058958,7.4428,12.7081,1,1,7027.408,nan
closed_eye_2582.jpg_face_1,cerrado,B40,51.3463,0.05231,39.5532,75.2469,54.0327,44.76,CRITICA,19.84,0.810271,16.4368,46.5479,0.054874,0.051656,4.9017,1.2513,1,1,5767.012,nan
closed_eye_2585.jpg_face_1,cerrado,B5,147.4437,0.045244,4.4266,43.2764,100.0,11.99,CRITICA,7.1158,0.251507,16.2543,70.6489,0.10614,nan,134.5921,nan,1,1,5656.108,nan
closed_eye_2585.jpg_face_1,cerrado,B10,147.4437,0.045244,9.3487,55.7853,100.0,14.8193,CRITICA,8.1486,0.348181,14.6909,62.165,0.054854,0.128563,21.2387,184.1512,1,1,5356.187,nan
closed_eye_2585.jpg_face_1,cerrado,B15,147.4437,0.045244,14.5072,63.6823,94.5074,16.2509,CRITICA,8.8368,0.410971,14.2372,56.8091,0.048266,0.063695,6.6778,40.7806,1,1,4725.898,nan
closed_eye_2585.jpg_face_1,cerrado,B25,147.4437,0.045244,24.5132,73.3485,50.5669,19.1724,CRITICA,9.8291,0.498495,14.2988,50.2532,0.044004,0.045825,2.7411,1.2831,1,1,3745.318,nan
closed_eye_2585.jpg_face_1,cerrado,B40,147.4437,0.045244,39.4795,82.5253,32.6783,23.1407,BIEN,10.9449,0.605295,15.4009,44.0293,0.040297,0.041676,10.9345,7.8862,1,1,5995.204,nan
closed_eye_2596.jpg_face_8,cerrado,B5,148.8637,0.071321,4.5602,44.6311,100.0,6.1862,CRITICA,6.5433,0.468628,15.7417,70.0188,0.16542,nan,131.9379,nan,1,1,2610.966,nan
closed_eye_2596.jpg_face_8,cerrado,B10,148.8637,0.071321,9.5093,57.9938,100.0,7.2414,CRITICA,7.6022,0.581862,14.1676,61.0423,0.144278,nan,102.2945,nan,1,1,2691.066,nan
closed_eye_2596.jpg_face_8,cerrado,B15,148.8637,0.071321,14.5186,65.34,99.8444,8.3715,CRITICA,8.2691,0.644835,13.7664,56.1075,0.131849,0.179548,84.8679,151.7463,1,1,1699.235,nan
closed_eye_2596.jpg_face_8,cerrado,B25,148.8637,0.071321,24.4812,74.7908,63.622,10.1212,CRITICA,9.2144,0.715725,13.8701,49.7589,0.111101,0.157511,55.7769,120.848,1,1,2656.042,nan
closed_eye_2596.jpg_face_8,cerrado,B40,148.8637,0.071321,39.5197,83.9815,38.718,12.7609,BIEN,10.3223,0.78234,14.9827,43.585,0.111289,0.119572,56.0394,67.6534,1,1,2455.796,nan
closed_eye_2597.jpg_face_1,cerrado,B5,89.7237,0.069413,4.4666,39.4823,100.0,20.4182,CRITICA,11.7922,0.486215,16.1523,55.9957,0.069253,nan,0.2298,nan,1,1,3468.609,nan
closed_eye_2597.jpg_face_1,cerrado,B10,89.7237,0.069413,9.4796,52.8832,94.8679,22.4811,CRITICA,13.5488,0.645899,14.6635,41.0599,0.066056,0.105486,4.8355,51.9693,1,1,4664.18,nan
closed_eye_2597.jpg_face_1,cerrado,B15,89.7237,0.069413,14.5138,61.3371,70.5069,23.6117,CRITICA,14.8846,0.733427,14.2363,31.6378,0.060838,0.081038,12.3541,16.7475,1,1,2891.009,nan
closed_eye_2597.jpg_face_1,cerrado,B25,89.7237,0.069413,24.4495,70.4686,54.2785,28.6627,CRITICA,16.9939,0.803298,14.4199,21.4604,0.066795,0.077473,3.7721,11.6119,1,1,3392.13,nan
closed_eye_2597.jpg_face_1,cerrado,B40,89.7237,0.069413,39.4687,79.5051,46.8242,34.7232,CRITICA,19.9349,0.86678,15.6868,11.3889,0.068257,0.075754,1.6652,9.1355,1,1,3636.364,nan
closed_eye_2600.jpg_face_1,cerrado,B5,143.7705,0.020045,4.3456,43.1875,100.0,11.2303,CRITICA,7.1928,0.353916,16.226,69.9608,0.258329,nan,1188.7627,nan,1,1,2894.356,nan
closed_eye_2600.jpg_face_1,cerrado,B10,143.7705,0.020045,9.4464,56.3545,100.0,12.1762,CRITICA,8.2916,0.48765,14.6092,60.8024,0.080665,0.188184,302.423,838.8183,1,1,4173.623,nan
closed_eye_2600.jpg_face_1,cerrado,B15,143.7705,0.020045,14.5388,64.2411,91.6808,13.803,CRITICA,8.9886,0.557981,14.1633,55.3169,0.04054,0.118003,102.249,488.7002,1,1,2490.66,nan
closed_eye_2600.jpg_face_1,cerrado,B25,143.7705,0.020045,24.466,73.7104,61.5327,16.6793,CRITICA,9.9907,0.641591,14.2267,48.7305,0.044206,0.071271,120.5347,255.5577,1,1,4535.147,nan
closed_eye_2600.jpg_face_1,cerrado,B40,143.7705,0.020045,39.471,82.8441,35.3741,20.3977,BIEN,11.137,0.723804,15.3446,42.3775,0.037898,0.041636,89.0646,107.7149,1,1,4948.046,nan
closed_eye_2608.jpg_face_1,cerrado,B5,119.0192,0.07928,4.5212,44.5441,100.0,8.6162,CRITICA,9.1919,0.461724,15.8532,62.574,0.149333,nan,88.3611,nan,1,1,5202.913,nan
closed_eye_2608.jpg_face_1,cerrado,B10,119.0192,0.07928,9.4185,56.8743,86.6746,10.9011,CRITICA,10.412,0.555368,14.5132,52.2142,0.140431,0.231576,77.1327,192.0978,1,1,6031.364,nan
closed_eye_2608.jpg_face_1,cerrado,B15,119.0192,0.07928,14.3929,64.3432,85.3491,12.7598,CRITICA,11.3098,0.628421,14.0577,45.9388,0.128716,0.223178,62.3563,181.5053,1,1,5341.88,nan
closed_eye_2608.jpg_face_1,cerrado,B25,119.0192,0.07928,24.4845,74.0381,82.4379,16.0087,CRITICA,12.6283,0.711629,14.1563,37.7931,0.10611,0.122909,33.8416,55.0312,1,1,6949.271,nan
closed_eye_2608.jpg_face_1,cerrado,B40,119.0192,0.07928,39.4367,83.2393,49.8225,20.2909,BIEN,14.2624,0.799164,15.2518,30.0623,0.07317,0.086776,7.7069,9.4548,1,1,4158.004,nan
closed_eye_2612.jpg_face_1,cerrado,B5,197.5829,0.096652,4.383,44.5297,100.0,7.4694,CRITICA,4.0939,0.241041,16.0812,77.4628,nan,nan,nan,nan,1,0,6188.119,nan
closed_eye_2612.jpg_face_1,cerrado,B10,197.5829,0.096652,9.426,57.4018,100.0,7.6915,CRITICA,4.8249,0.311447,14.5144,70.948,0.158054,0.186256,63.5279,92.707,1,1,5750.431,nan
closed_eye_2612.jpg_face_1,cerrado,B15,197.5829,0.096652,14.5092,65.2624,100.0,9.0667,CRITICA,5.2934,0.367395,14.0569,66.9696,0.080047,0.167,17.1807,72.7839,1,1,3980.892,nan
closed_eye_2612.jpg_face_1,cerrado,B25,197.5829,0.096652,24.5985,75.0112,64.1582,11.0836,CRITICA,5.9491,0.443098,14.0897,62.0356,0.054,0.108217,44.13,11.9649,1,1,5868.544,nan
closed_eye_2612.jpg_face_1,cerrado,B40,197.5829,0.096652,39.5147,84.0867,32.1429,13.4994,BIEN,6.6078,0.514889,15.1616,57.4423,0.069004,0.082988,28.6065,14.1376,1,1,6281.406,nan
closed_eye_2627.jpg_face_1,cerrado,B5,127.1151,0.046158,4.4692,41.5239,100.0,18.1474,CRITICA,8.3352,0.392055,16.0277,67.3336,0.105332,nan,128.1973,nan,1,1,2346.867,nan
closed_eye_2627.jpg_face_1,cerrado,B10,127.1151,0.046158,9.4709,54.6297,100.0,19.4497,CRITICA,9.4937,0.53733,14.5945,57.0235,0.083299,0.126056,80.463,173.0935,1,1,2955.083,nan
closed_eye_2627.jpg_face_1,cerrado,B15,127.1151,0.046158,14.4457,62.3593,86.364,20.7901,CRITICA,10.2934,0.611683,14.1814,50.9426,0.083591,0.118153,81.0953,155.972,1,1,3049.71,nan
closed_eye_2627.jpg_face_1,cerrado,B25,127.1151,0.046158,24.4014,71.86,42.5142,24.7554,CRITICA,11.5049,0.690856,14.2945,43.4685,0.077649,0.111267,68.2236,141.0541,1,1,2882.675,nan
closed_eye_2627.jpg_face_1,cerrado,B40,127.1151,0.046158,39.4651,81.2112,34.3464,29.6251,BIEN,12.9904,0.769855,15.4333,36.112,0.076419,0.079119,65.5588,71.4069,1,1,1523.229,nan
closed_eye_2629.jpg_face_1,cerrado,B5,102.1046,0.066652,4.4274,42.9392,100.0,12.1061,CRITICA,10.3839,0.55797,16.1837,57.9459,0.163393,0.224541,145.1449,236.8871,1,1,1108.893,nan
closed_eye_2629.jpg_face_1,cerrado,B10,102.1046,0.066652,9.446,55.6741,97.9054,14.3803,CRITICA,11.8507,0.712363,14.6972,45.4735,0.110397,0.194062,65.6332,191.1586,1,1,1365.188,nan
closed_eye_2629.jpg_face_1,cerrado,B15,102.1046,0.066652,14.4665,62.9591,71.9514,16.4859,CRITICA,12.8344,0.763192,14.2567,38.3386,0.110112,0.175965,65.2054,164.0074,1,1,1195.314,nan
closed_eye_2629.jpg_face_1,cerrado,B25,102.1046,0.066652,24.4942,72.3863,63.9563,20.3865,CRITICA,14.3806,0.825083,14.4215,29.1058,0.108552,0.146226,62.8642,119.3884,1,1,801.41,nan
closed_eye_2629.jpg_face_1,cerrado,B40,102.1046,0.066652,39.4859,81.4299,55.6072,25.7104,BIEN,16.4552,0.875701,15.6131,20.2486,0.104342,0.103015,56.5483,54.5573,1,1,935.279,nan
closed_eye_2634.jpg_face_1,cerrado,B5,194.3652,0.090613,4.3357,43.6006,100.0,10.3799,CRITICA,4.1275,0.214081,16.0402,77.5677,0.169719,nan,87.301,nan,1,1,4572.474,nan
closed_eye_2634.jpg_face_1,cerrado,B10,194.3652,0.090613,9.3346,56.8775,100.0,11.1965,CRITICA,4.8587,0.297573,14.5164,70.7368,0.096457,0.224474,6.4493,147.7284,1,1,3152.585,nan
closed_eye_2634.jpg_face_1,cerrado,B15,194.3652,0.090613,14.3703,64.3281,100.0,12.2197,CRITICA,5.3316,0.344515,14.064,66.9035,0.105581,0.120439,16.5182,32.9161,1,1,4662.005,nan
closed_eye_2634.jpg_face_1,cerrado,B25,194.3652,0.090613,24.4872,74.4577,41.548,14.4406,CRITICA,6.0074,0.420437,14.0872,61.6919,0.092054,0.099343,1.59,9.6347,1,1,3725.782,nan
closed_eye_2634.jpg_face_1,cerrado,B40,194.3652,0.090613,39.4816,83.6076,25.2083,17.428,BIEN,6.7023,0.49719,15.1605,56.9843,0.074285,0.079308,18.0192,12.4766,1,1,5552.471,nan
closed_eye_2640.jpg_face_1,cerrado,B5,89.6416,0.058099,4.5748,39.6548,100.0,21.0839,CRITICA,12.9262,0.498745,16.3685,55.7629,0.063617,nan,9.4961,nan,1,1,3270.111,nan
closed_eye_2640.jpg_face_1,cerrado,B10,89.6416,0.058099,9.553,51.2059,99.9063,26.4186,CRITICA,14.931,0.611491,14.9438,42.8771,0.065766,0.090527,13.1952,55.8145,1,1,3566.334,nan
closed_eye_2640.jpg_face_1,cerrado,B15,89.6416,0.058099,14.5408,58.2437,77.117,29.6691,CRITICA,16.4064,0.666761,14.5486,35.0261,0.068549,0.065785,17.9856,13.2287,1,1,3599.712,nan
closed_eye_2640.jpg_face_1,cerrado,B25,89.6416,0.058099,24.4956,67.7097,42.5221,34.4959,CRITICA,18.9332,0.747048,14.6867,24.4663,0.054873,0.064283,5.5539,10.6423,1,1,3963.535,nan
closed_eye_2640.jpg_face_1,cerrado,B40,89.6416,0.058099,39.4696,77.2897,33.564,39.8665,CRITICA,22.5631,0.813316,15.8722,13.7792,0.044426,0.046313,23.5343,20.2872,1,1,3536.068,nan
closed_eye_2643.jpg_face_1,cerrado,B5,153.6384,0.082784,4.3569,42.7253,100.0,12.709,CRITICA,6.7621,0.213485,16.3711,72.191,0.137401,nan,65.9757,nan,1,1,3258.39,nan
closed_eye_2643.jpg_face_1,cerrado,B10,153.6384,0.082784,9.4579,55.933,100.0,13.9018,CRITICA,7.7384,0.305034,14.7867,63.5944,nan,0.150968,nan,82.3636,1,0,5509.642,nan
closed_eye_2643.jpg_face_1,cerrado,B15,153.6384,0.082784,14.4987,63.604,96.7677,15.807,CRITICA,8.3923,0.375262,14.3159,58.6015,0.09099,0.137604,9.9126,66.2202,1,1,5296.611,nan
closed_eye_2643.jpg_face_1,cerrado,B25,153.6384,0.082784,24.5098,73.237,49.4949,18.4918,CRITICA,9.2945,0.465689,14.403,52.3315,0.094899,0.129469,14.6346,56.3944,1,1,5086.47,nan
closed_eye_2643.jpg_face_1,cerrado,B40,153.6384,0.082784,39.4963,82.3724,34.2424,22.5849,BIEN,10.3116,0.572013,15.5068,46.3855,nan,0.118051,nan,42.6011,1,0,6485.085,nan
closed_eye_2644.bmp_face_4,cerrado,B5,162.4811,0.078743,4.4447,42.9957,100.0,14.0215,CRITICA,5.8131,0.362314,16.0649,73.538,0.06826,0.199124,13.3122,152.8796,1,1,1292.157,nan
closed_eye_2644.bmp_face_4,cerrado,B10,162.4811,0.078743,9.4234,56.0722,100.0,14.6181,CRITICA,6.6866,0.494927,14.5844,65.49,0.080396,0.094968,2.1003,20.6053,1,1,1292.157,nan
closed_eye_2644.bmp_face_4,cerrado,B15,162.4811,0.078743,14.4056,63.6004,95.3539,16.2587,CRITICA,7.2605,0.561186,14.148,60.8568,0.060917,0.096804,22.6373,22.9371,1,1,1107.665,nan
closed_eye_2644.bmp_face_4,cerrado,B25,162.4811,0.078743,24.5725,73.3512,44.5893,19.5515,CRITICA,8.1123,0.64201,14.2217,54.8556,0.068892,0.078288,12.5102,0.5776,1,1,837.731,nan
closed_eye_2644.bmp_face_4,cerrado,B40,162.4811,0.078743,39.462,82.5118,31.4131,23.8172,BIEN,9.0352,0.715376,15.3233,49.2176,0.074365,0.07212,5.5588,8.4102,1,1,953.289,nan
closed_eye_2648.jpg_face_1,cerrado,B5,136.9677,0.062883,4.4256,43.7456,100.0,10.0163,CRITICA,7.8889,0.330523,16.1392,68.0614,0.139894,nan,122.468,nan,1,1,5047.956,nan
closed_eye_2648.jpg_face_1,cerrado,B10,136.9677,0.062883,9.5469,56.9954,100.0,11.3261,CRITICA,9.0598,0.460683,14.5613,58.3877,0.105069,0.166612,67.0867,164.9562,1,1,4426.737,nan
closed_eye_2648.jpg_face_1,cerrado,B15,136.9677,0.062883,14.4283,64.341,87.7,12.9455,CRITICA,9.7588,0.522762,14.1682,53.0247,0.106434,0.133164,69.2579,111.7658,1,1,3377.238,nan
closed_eye_2648.jpg_face_1,cerrado,B25,136.9677,0.062883,24.4563,74.0499,57.2581,15.8352,CRITICA,10.8717,0.613142,14.2236,45.9363,0.100403,0.092377,59.6664,46.9037,1,1,5305.04,nan
closed_eye_2648.jpg_face_1,cerrado,B40,136.9677,0.062883,39.512,83.0049,43.6402,19.7301,BIEN,12.1239,0.702786,15.3529,39.3982,0.080856,0.090501,28.5822,43.92,1,1,5793.743,nan
closed_eye_2651.jpg_face_1,cerrado,B5,122.0837,0.112999,4.4939,39.8114,100.0,20.9842,CRITICA,7.4624,0.26876,16.1913,67.39,0.151186,0.216686,33.7936,91.7582,1,1,4904.365,nan
closed_eye_2651.jpg_face_1,cerrado,B10,122.0837,0.112999,9.4694,52.2069,87.8776,24.5612,CRITICA,8.5165,0.380184,14.7792,57.2368,0.162073,0.197467,43.4284,74.7508,1,1,5159.959,nan
closed_eye_2651.jpg_face_1,cerrado,B15,122.0837,0.112999,14.4759,59.7469,63.3469,27.2668,CRITICA,9.2589,0.446823,14.3713,51.0607,0.132535,0.144966,17.2881,28.2888,1,1,6523.157,nan
closed_eye_2651.jpg_face_1,cerrado,B25,122.0837,0.112999,24.4751,69.1204,53.8367,32.2274,CRITICA,10.3785,0.546893,14.5787,43.3828,0.149189,0.130523,32.0262,15.508,1,1,4364.906,nan
closed_eye_2651.jpg_face_1,cerrado,B40,122.0837,0.112999,39.4237,78.0722,49.7143,39.3202,CRITICA,11.7908,0.665549,15.8926,36.0502,0.132458,0.123928,17.2202,9.6717,1,1,5952.381,nan
closed_eye_2670.jpg_face_1,cerrado,B5,116.709,0.034415,4.3698,44.1041,100.0,8.818,CRITICA,9.8881,0.36301,16.2112,62.2102,0.112673,nan,227.3958,nan,1,1,6230.53,nan
closed_eye_2670.jpg_face_1,cerrado,B10,116.709,0.034415,9.458,56.9914,97.2653,10.2853,CRITICA,11.3326,0.483264,14.6532,51.1679,0.082224,0.149736,138.9212,335.0901,1,1,5277.044,nan
closed_eye_2670.jpg_face_1,cerrado,B15,116.709,0.034415,14.4486,64.5,93.3878,11.6919,CRITICA,12.3216,0.55777,14.1631,44.7343,0.059887,0.088,74.015,155.7033,1,1,6548.789,nan
closed_eye_2670.jpg_face_1,cerrado,B25,116.709,0.034415,24.4706,74.0143,64.6122,14.2769,CRITICA,13.7432,0.656677,14.2501,36.5822,0.049536,0.065505,43.9374,90.3397,1,1,6915.63,nan
closed_eye_2670.jpg_face_1,cerrado,B40,116.709,0.034415,39.4959,83.3167,39.2653,17.7159,BIEN,15.526,0.759432,15.3508,28.6115,0.051453,0.048126,49.5079,39.8405,1,1,5760.368,nan
closed_eye_2672.jpg_face_1,cerrado,B5,119.2104,0.067135,4.3004,40.6569,100.0,17.7677,CRITICA,9.0892,0.400037,16.3619,65.8948,0.10447,nan,55.611,nan,1,1,1819.174,nan
closed_eye_2672.jpg_face_1,cerrado,B10,119.2104,0.067135,9.5386,53.8687,100.0,20.9745,CRITICA,10.4465,0.535187,14.7711,54.8121,0.087227,0.205809,29.9277,206.5594,1,1,4319.654,nan
closed_eye_2672.jpg_face_1,cerrado,B15,119.2104,0.067135,14.4553,61.5603,81.2802,22.3461,CRITICA,11.3085,0.607685,14.336,48.3599,0.076845,0.085767,14.4629,27.7526,1,1,5010.02,nan
closed_eye_2672.jpg_face_1,cerrado,B25,119.2104,0.067135,24.4699,71.1586,46.5553,25.5031,CRITICA,12.6336,0.696486,14.4573,40.3084,0.084498,0.078392,25.863,16.7672,1,1,4470.273,nan
closed_eye_2672.jpg_face_1,cerrado,B40,119.2104,0.067135,39.5265,80.5922,34.7931,30.3609,BIEN,14.3049,0.783875,15.6239,32.395,0.062363,0.074115,7.1084,10.3972,1,1,3809.524,nan
closed_eye_2677.jpg_face_1,cerrado,B5,95.4697,0.120319,4.4819,40.3075,100.0,19.6542,CRITICA,10.3289,0.590853,16.2503,57.7798,0.062083,0.165435,48.4015,37.4968,1,1,2910.361,nan
closed_eye_2677.jpg_face_1,cerrado,B10,95.4697,0.120319,9.5096,52.795,81.4376,23.3114,CRITICA,11.6856,0.70187,14.838,44.6997,0.06461,0.156626,46.3009,30.1755,1,1,2952.465,nan
closed_eye_2677.jpg_face_1,cerrado,B15,95.4697,0.120319,14.4993,60.0123,68.9314,26.5095,CRITICA,12.6645,0.752599,14.4806,37.1399,0.076402,0.148866,36.5007,23.7253,1,1,3123.048,nan
closed_eye_2677.jpg_face_1,cerrado,B25,95.4697,0.120319,24.4829,69.2131,60.6365,31.9719,CRITICA,14.2415,0.809663,14.7235,27.5025,0.083625,0.143961,30.4972,19.6492,1,1,3335.557,nan
closed_eye_2677.jpg_face_1,cerrado,B40,95.4697,0.120319,39.4914,78.1896,56.7119,39.6587,CRITICA,16.4574,0.86793,16.0573,18.1001,0.099856,0.130471,17.0075,8.4376,1,1,3059.039,nan
closed_eye_2680.jpg_face_2,cerrado,B5,155.977,0.088632,4.4175,42.9275,100.0,12.6689,CRITICA,6.3943,0.276181,16.0256,72.4783,0.20018,nan,125.8552,nan,1,1,4418.913,nan
closed_eye_2680.jpg_face_2,cerrado,B10,155.977,0.088632,9.4837,56.6647,100.0,12.8031,CRITICA,7.3337,0.378605,14.5282,63.6711,0.141059,nan,59.1508,nan,1,1,5730.659,nan
closed_eye_2680.jpg_face_2,cerrado,B15,155.977,0.088632,14.4035,63.9965,99.8356,14.336,CRITICA,7.9742,0.433749,14.09,58.9705,0.123944,0.173287,39.8411,95.5128,1,1,4743.833,nan
closed_eye_2680.jpg_face_2,cerrado,B25,155.977,0.088632,24.5245,73.9375,47.666,16.921,CRITICA,8.8933,0.518952,14.1442,52.5971,0.110122,0.131755,24.2465,48.6539,1,1,4856.727,nan
closed_eye_2680.jpg_face_2,cerrado,B40,155.977,0.088632,39.485,82.902,25.3452,20.4365,BIEN,9.8886,0.609589,15.2396,46.8498,0.09354,0.097761,5.5377,10.2999,1,1,5577.245,nan
closed_eye_2688.jpg_face_4,cerrado,B5,156.8344,0.062148,4.3639,44.2887,100.0,7.4257,CRITICA,6.7603,0.402541,16.1093,71.7608,nan,nan,nan,nan,1,0,2802.691,nan
closed_eye_2688.jpg_face_4,cerrado,B10,156.8344,0.062148,9.3839,57.3619,100.0,8.752,CRITICA,7.7964,0.52594,14.5016,63.4251,0.162729,nan,161.84,nan,1,1,2887.67,nan
closed_eye_2688.jpg_face_4,cerrado,B15,156.8344,0.062148,14.3674,64.8524,99.9625,9.7266,CRITICA,8.436,0.58788,14.0686,58.6491,0.128196,0.183811,106.2741,195.7621,1,1,2776.235,nan
closed_eye_2688.jpg_face_4,cerrado,B25,156.8344,0.062148,24.4968,74.8925,55.9088,11.8471,CRITICA,9.3999,0.665925,14.0873,52.2474,0.095474,0.115742,53.6229,86.235,1,1,2685.285,nan
closed_eye_2688.jpg_face_4,cerrado,B40,156.8344,0.062148,39.4833,84.0805,27.8903,14.533,BIEN,10.4301,0.736842,15.134,46.389,0.082777,0.078245,33.1919,25.9006,1,1,2478.929,nan
closed_eye_2689.jpg_face_4,cerrado,B5,190.5924,0.063111,4.3529,44.0987,100.0,8.0411,CRITICA,4.5174,0.209482,16.0928,76.8623,nan,nan,nan,nan,1,0,5268.703,nan
closed_eye_2689.jpg_face_4,cerrado,B10,190.5924,0.063111,9.3337,57.3449,100.0,9.0488,CRITICA,5.2899,0.293019,14.5343,69.9123,0.152447,nan,141.5557,nan,1,1,5117.707,nan
closed_eye_2689.jpg_face_4,cerrado,B15,190.5924,0.063111,14.4817,65.0239,100.0,9.8762,CRITICA,5.7937,0.340964,14.0597,65.8833,nan,nan,nan,nan,1,0,5446.623,nan
closed_eye_2689.jpg_face_4,cerrado,B25,190.5924,0.063111,24.4547,74.952,49.2781,11.915,CRITICA,6.483,0.415178,14.082,60.6742,nan,0.120869,nan,91.5203,1,0,4819.277,nan
closed_eye_2689.jpg_face_4,cerrado,B40,190.5924,0.063111,39.4956,84.053,25.4675,14.586,BIEN,7.1977,0.497398,15.1556,55.8991,0.094303,0.109819,49.4246,74.011,1,1,4301.075,nan
closed_eye_2693.jpg_face_1,cerrado,B5,122.5225,0.041585,4.5038,43.0871,100.0,13.0579,CRITICA,8.4802,0.432669,16.0118,64.8333,0.094716,0.203045,127.7663,388.2655,1,1,3793.627,nan
closed_eye_2693.jpg_face_1,cerrado,B10,122.5225,0.041585,9.4387,55.783,89.225,15.4596,CRITICA,9.6038,0.555908,14.6166,54.4712,0.068848,0.141773,65.5606,240.9245,1,1,2860.412,nan
closed_eye_2693.jpg_face_1,cerrado,B15,122.5225,0.041585,14.437,63.1021,82.6766,17.7649,CRITICA,10.4034,0.623671,14.1929,48.4975,0.067897,0.126659,63.274,204.5793,1,1,4344.049,nan
closed_eye_2693.jpg_face_1,cerrado,B25,122.5225,0.041585,24.5156,72.6871,61.8531,21.7813,CRITICA,11.6096,0.708686,14.3279,40.6745,0.046091,0.065963,10.8353,58.6233,1,1,4286.327,nan
closed_eye_2693.jpg_face_1,cerrado,B40,122.5225,0.041585,39.5002,81.8072,43.1652,27.1649,BIEN,13.0943,0.790221,15.4859,33.2309,0.042801,0.045665,2.9249,9.8123,1,1,4268.032,nan
closed_eye_2694.jpg_face_1,cerrado,B5,184.9212,0.053145,4.3392,43.9435,100.0,7.8079,CRITICA,4.7962,0.314333,16.0987,76.2366,0.099195,nan,86.6505,nan,1,1,2279.982,nan
closed_eye_2694.jpg_face_1,cerrado,B10,184.9212,0.053145,9.3597,57.5159,100.0,8.5986,CRITICA,5.616,0.419308,14.5107,68.8971,0.116224,nan,118.6937,nan,1,1,2935.995,nan
closed_eye_2694.jpg_face_1,cerrado,B15,184.9212,0.053145,14.5466,65.1471,100.0,9.6311,CRITICA,6.1375,0.480196,14.0536,64.7704,0.080551,0.12049,51.5696,126.721,1,1,2918.004,nan
closed_eye_2694.jpg_face_1,cerrado,B25,184.9212,0.053145,24.4482,74.9076,45.8613,11.7933,CRITICA,6.8487,0.557686,14.0847,59.4921,0.057768,0.061019,8.6994,14.8174,1,1,2741.228,nan
closed_eye_2694.jpg_face_1,cerrado,B40,184.9212,0.053145,39.5074,83.955,21.1356,14.4255,BIEN,7.5989,0.630132,15.1637,54.5996,0.047803,0.039853,10.0516,25.0096,1,1,3017.502,nan
closed_eye_2700.jpg_face_2,cerrado,B5,196.5961,0.065325,4.3801,44.3853,100.0,8.0938,CRITICA,4.1865,0.316683,16.083,77.4231,0.064108,nan,1.8635,nan,1,1,3449.465,nan
closed_eye_2700.jpg_face_2,cerrado,B10,196.5961,0.065325,9.3627,57.2808,100.0,8.3264,CRITICA,4.9274,0.416244,14.5128,70.8637,0.058531,0.098137,10.4014,50.2286,1,1,3288.392,nan
closed_eye_2700.jpg_face_2,cerrado,B15,196.5961,0.065325,14.4958,65.1697,100.0,9.2643,CRITICA,5.4093,0.473866,14.0447,66.851,0.044629,0.078947,31.6826,20.8517,1,1,3327.787,nan
closed_eye_2700.jpg_face_2,cerrado,B25,196.5961,0.065325,24.457,74.8674,59.9137,11.1359,CRITICA,6.0656,0.545141,14.0742,61.9182,0.054154,0.065402,17.101,0.1166,1,1,2645.503,nan
closed_eye_2700.jpg_face_2,cerrado,B40,196.5961,0.065325,39.4601,84.1457,19.0084,13.4243,BIEN,6.7449,0.612329,15.1253,57.1987,0.063711,0.055141,2.4707,15.5908,1,1,1901.864,nan
closed_eye_2708.jpg_face_1,cerrado,B5,141.36,0.061159,4.3791,43.8112,100.0,9.829,CRITICA,7.2432,0.336962,15.933,69.0074,0.047442,nan,22.4278,nan,1,1,3886.514,nan
closed_eye_2708.jpg_face_1,cerrado,B10,141.36,0.061159,9.4981,56.8208,100.0,11.231,CRITICA,8.3388,0.448881,14.4027,59.8042,0.047029,0.091481,23.1031,49.5808,1,1,3927.73,nan
closed_eye_2708.jpg_face_1,cerrado,B15,141.36,0.061159,14.4989,64.2914,97.039,12.7735,CRITICA,9.0556,0.514688,13.9735,54.5194,0.04663,0.080759,23.7552,32.0486,1,1,4199.916,nan
closed_eye_2708.jpg_face_1,cerrado,B25,141.36,0.061159,24.4926,73.9051,50.3896,15.492,CRITICA,10.0972,0.602423,14.0704,47.7186,0.061145,0.071386,0.0223,16.7222,1,1,3542.331,nan
closed_eye_2708.jpg_face_1,cerrado,B40,141.36,0.061159,39.4747,83.0309,33.5455,18.7527,BIEN,11.2932,0.690887,15.1792,41.2628,0.056367,0.065843,7.8354,7.6597,1,1,4450.378,nan
closed_eye_2715.jpg_face_1,cerrado,B5,123.6474,0.04336,4.3938,43.0736,100.0,12.8422,CRITICA,8.6418,0.365906,16.1907,65.1642,0.074589,nan,72.0207,nan,1,1,5022.602,nan
closed_eye_2715.jpg_face_1,cerrado,B10,123.6474,0.04336,9.4647,55.733,98.9426,15.4917,CRITICA,9.8772,0.489697,14.6579,54.9259,0.071682,0.112328,65.3158,159.0569,1,1,5558.644,nan
closed_eye_2715.jpg_face_1,cerrado,B15,123.6474,0.04336,14.4751,63.2631,77.2689,17.7608,CRITICA,10.7057,0.565391,14.2222,48.8359,0.037501,0.09552,13.5144,120.2922,1,1,4875.67,nan
closed_eye_2715.jpg_face_1,cerrado,B25,123.6474,0.04336,24.4875,72.9158,53.5714,21.4958,CRITICA,11.9516,0.6556,14.3257,41.0293,0.03624,0.057649,16.4224,32.9533,1,1,3885.004,nan
closed_eye_2715.jpg_face_1,cerrado,B40,123.6474,0.04336,39.4489,81.8318,43.6345,26.5722,BIEN,13.4497,0.751481,15.4786,33.8184,0.033362,0.038675,23.0601,10.8054,1,1,4222.973,nan
closed_eye_2721.jpg_face_1,cerrado,B5,144.2799,0.051854,4.4854,43.349,100.0,12.4905,CRITICA,7.0216,0.318026,16.0772,69.9549,0.091507,0.159577,76.4705,207.7413,1,1,4083.299,nan
closed_eye_2721.jpg_face_1,cerrado,B10,144.2799,0.051854,9.4051,56.0023,100.0,13.7397,CRITICA,8.0467,0.431438,14.5683,61.185,0.063273,0.089626,22.0214,72.8423,1,1,1807.011,nan
closed_eye_2721.jpg_face_1,cerrado,B15,144.2799,0.051854,14.498,63.8533,92.7808,15.249,CRITICA,8.7225,0.496349,14.1382,55.7434,0.061192,0.080894,18.0082,56.0023,1,1,3904.725,nan
closed_eye_2721.jpg_face_1,cerrado,B25,144.2799,0.051854,24.4854,73.345,56.6986,18.1609,CRITICA,9.7024,0.58321,14.2257,49.1647,0.058266,0.07785,12.3652,50.1318,1,1,5149.33,nan
closed_eye_2721.jpg_face_1,cerrado,B40,144.2799,0.051854,39.4888,82.4847,38.0305,22.1862,BIEN,10.8376,0.674903,15.3579,42.8301,0.066391,0.067334,28.0339,29.8529,1,1,3849.115,nan
closed_eye_2735.jpg_face_1,cerrado,B5,170.9088,0.102258,4.3676,39.6414,100.0,19.8053,CRITICA,4.8894,0.291429,16.3929,76.8055,0.133335,0.213719,30.3909,108.9999,1,1,3534.818,nan
closed_eye_2735.jpg_face_1,cerrado,B10,170.9088,0.102258,9.3777,53.631,100.0,20.4901,CRITICA,5.7035,0.424237,14.7784,68.6201,0.130281,0.165867,27.4046,62.205,1,1,2768.549,nan
closed_eye_2735.jpg_face_1,cerrado,B15,170.9088,0.102258,14.4816,61.5873,96.5674,22.5826,CRITICA,6.2297,0.499971,14.3396,63.9648,0.105161,0.168202,2.8396,64.4885,1,1,3298.153,nan
closed_eye_2735.jpg_face_1,cerrado,B25,170.9088,0.102258,24.5174,71.2651,36.798,26.0991,CRITICA,6.9748,0.587246,14.4429,58.3023,0.126938,0.150808,24.1349,47.4779,1,1,3177.629,nan
closed_eye_2735.jpg_face_1,cerrado,B40,170.9088,0.102258,39.4843,80.5126,32.7037,31.158,BIEN,7.8038,0.669857,15.599,52.8915,0.100859,0.141795,1.3678,38.664,1,1,3598.416,nan
closed_eye_2737.jpg_face_1,cerrado,B5,134.4726,0.05525,4.2893,43.7898,100.0,8.6085,CRITICA,8.2714,0.360482,16.2586,67.4359,0.064915,nan,17.4933,nan,1,1,3259.452,nan
closed_eye_2737.jpg_face_1,cerrado,B10,134.4726,0.05525,9.4521,56.8733,99.9941,10.171,CRITICA,9.5432,0.486613,14.6042,57.7064,0.076877,0.143821,39.1427,160.309,1,1,5350.455,nan
closed_eye_2737.jpg_face_1,cerrado,B15,134.4726,0.05525,14.5072,64.8489,99.6213,11.3136,CRITICA,10.3583,0.556459,14.1111,51.7754,0.06568,0.105307,18.8779,90.5993,1,1,5733.945,nan
closed_eye_2737.jpg_face_1,cerrado,B25,134.4726,0.05525,24.5001,74.3419,55.0118,13.7368,CRITICA,11.5087,0.645824,14.1922,44.716,0.054784,0.065037,0.8434,17.7126,1,1,3924.647,nan
closed_eye_2737.jpg_face_1,cerrado,B40,134.4726,0.05525,39.5037,83.4759,33.2959,16.9585,BIEN,12.8642,0.737732,15.2829,37.9235,0.057687,0.05605,4.4111,1.4483,1,1,3257.329,nan
closed_eye_2740.jpg_face_1,cerrado,B5,134.7242,0.116701,4.5038,41.6134,100.0,16.8271,CRITICA,7.3292,0.401703,16.3425,69.1122,0.17957,0.240271,53.8715,105.8856,1,1,3874.467,nan
closed_eye_2740.jpg_face_1,cerrado,B10,134.7242,0.116701,9.4483,53.8261,99.9322,20.3373,CRITICA,8.3253,0.540847,14.8789,60.0472,0.176718,0.206597,51.4277,77.0306,1,1,3635.042,nan
closed_eye_2740.jpg_face_1,cerrado,B15,134.7242,0.116701,14.486,61.563,67.1714,22.6348,CRITICA,9.0357,0.609585,14.4048,54.3044,0.085859,0.170608,26.4288,46.192,1,1,4353.505,nan
closed_eye_2740.jpg_face_1,cerrado,B25,134.7242,0.116701,24.5165,71.312,55.7851,26.3415,CRITICA,10.0479,0.695886,14.5555,47.0681,0.152917,0.145281,31.033,24.4897,1,1,2994.909,nan
closed_eye_2740.jpg_face_1,cerrado,B40,134.7242,0.116701,39.5157,80.386,51.7142,32.218,BIEN,11.2739,0.768313,15.7467,40.3329,0.159825,0.149625,36.9522,28.2121,1,1,3359.086,nan
closed_eye_2746.BMP_face_2,cerrado,B5,113.5652,0.10665,4.4092,39.682,100.0,20.3839,CRITICA,9.1257,0.398751,16.3353,65.058,0.138046,0.195564,29.4389,83.3705,1,1,5367.687,nan
closed_eye_2746.BMP_face_2,cerrado,B10,113.5652,0.10665,9.5749,52.2467,99.5947,24.5017,CRITICA,10.4615,0.539008,14.8225,53.9941,0.114081,0.157629,6.9682,47.8003,1,1,5208.333,nan
closed_eye_2746.BMP_face_2,cerrado,B15,113.5652,0.10665,14.5095,59.5917,72.0365,27.3783,CRITICA,11.348,0.609697,14.4209,47.5264,0.125326,0.154036,17.5113,44.4314,1,1,4906.771,nan
closed_eye_2746.BMP_face_2,cerrado,B25,113.5652,0.10665,24.5313,69.0751,52.0263,31.7911,CRITICA,12.7374,0.699882,14.5784,39.1758,0.121376,0.110179,13.8079,3.3092,1,1,4518.753,nan
closed_eye_2746.BMP_face_2,cerrado,B40,113.5652,0.10665,39.5616,78.472,37.1834,37.3555,CRITICA,14.4993,0.789042,15.8118,30.9013,0.108802,0.093332,2.0177,12.487,1,1,3057.169,nan
closed_eye_2747.BMP_face_1,cerrado,B5,88.9237,0.080845,4.5166,39.1715,100.0,21.5694,CRITICA,11.7997,0.45778,16.2834,55.9493,0.068764,nan,14.9441,nan,1,1,2187.705,nan
closed_eye_2747.BMP_face_1,cerrado,B10,88.9237,0.080845,9.4996,52.0235,88.753,24.3677,CRITICA,13.4288,0.597668,14.897,41.4965,0.066523,0.10405,17.7156,28.703,1,1,2364.625,nan
closed_eye_2747.BMP_face_1,cerrado,B15,88.9237,0.080845,14.4878,59.5447,72.2567,26.3122,CRITICA,14.6031,0.65945,14.5004,33.0384,0.069653,0.074068,13.8443,8.3824,1,1,2400.384,nan
closed_eye_2747.BMP_face_1,cerrado,B25,88.9237,0.080845,24.4767,68.9442,55.9703,31.1241,CRITICA,16.5645,0.737359,14.7107,22.4681,0.070231,0.072531,13.1285,10.2838,1,1,2383.79,nan
closed_eye_2747.BMP_face_1,cerrado,B40,88.9237,0.080845,39.4711,78.0599,45.2258,37.4751,CRITICA,19.3037,0.799247,15.996,12.217,0.081142,0.079351,0.3668,1.8481,1,1,2151.463,nan
closed_eye_2749.jpg_face_2,cerrado,B5,132.3919,0.039239,4.4665,43.6167,100.0,11.6528,CRITICA,7.8933,0.379913,16.0473,67.0549,0.090253,nan,130.0053,nan,1,1,3323.363,nan
closed_eye_2749.jpg_face_2,cerrado,B10,132.3919,0.039239,9.491,56.393,100.0,11.8377,CRITICA,8.9965,0.501685,14.5808,57.4045,0.045209,0.104719,15.2121,166.872,1,1,4690.432,nan
closed_eye_2749.jpg_face_2,cerrado,B15,132.3919,0.039239,14.4679,63.7058,100.0,13.0048,CRITICA,9.6972,0.565227,14.1596,51.8809,0.03809,0.059258,2.9286,51.0177,1,1,5652.911,nan
closed_eye_2749.jpg_face_2,cerrado,B25,132.3919,0.039239,24.5239,73.3783,48.8662,15.7763,CRITICA,10.799,0.652493,14.2787,44.5749,0.03608,0.046333,8.0529,18.0778,1,1,4997.501,nan
closed_eye_2749.jpg_face_2,cerrado,B40,132.3919,0.039239,39.496,82.3933,30.0391,19.1463,BIEN,12.0957,0.741243,15.4223,37.7656,0.03629,0.024149,7.5158,38.4581,1,1,5688.282,nan
closed_eye_2752.jpg_face_1,cerrado,B5,112.1263,0.028647,4.3482,42.8453,100.0,12.9967,CRITICA,10.2059,0.440841,16.053,61.7884,0.124955,nan,336.1891,nan,1,1,4604.052,nan
closed_eye_2752.jpg_face_1,cerrado,B10,112.1263,0.028647,9.6414,56.3024,100.0,14.0951,CRITICA,11.7802,0.55505,14.4637,49.7866,0.09657,0.161064,237.1038,462.2359,1,1,5903.187,nan
closed_eye_2752.jpg_face_1,cerrado,B15,112.1263,0.028647,14.5594,63.762,99.9184,15.4716,CRITICA,12.7878,0.626546,14.0759,43.1337,0.081973,0.114289,186.1461,298.9546,1,1,3725.783,nan
closed_eye_2752.jpg_face_1,cerrado,B25,112.1263,0.028647,24.4127,73.4527,38.0408,19.1417,CRITICA,14.426,0.723501,14.163,34.4912,0.047795,0.081054,66.8413,182.9382,1,1,4382.121,nan
closed_eye_2752.jpg_face_1,cerrado,B40,112.1263,0.028647,39.5231,82.558,32.3673,23.4516,BIEN,16.5195,0.814426,15.2791,26.3706,0.04707,0.071379,64.3116,149.1667,1,1,4050.222,nan
closed_eye_2753.jpg_face_1,cerrado,B5,135.0543,0.036887,4.2922,43.5148,100.0,10.1809,CRITICA,8.172,0.446267,16.0165,67.7798,0.130881,nan,254.8176,nan,1,1,3101.737,nan
closed_eye_2753.jpg_face_1,cerrado,B10,135.0543,0.036887,9.4995,56.7985,100.0,11.3844,CRITICA,9.4211,0.57323,14.4238,57.9439,0.098041,0.160565,165.7893,335.2899,1,1,3526.093,nan
closed_eye_2753.jpg_face_1,cerrado,B15,135.0543,0.036887,14.4662,64.3559,99.3815,12.3035,CRITICA,10.2194,0.634007,13.9946,52.3482,0.049088,0.133804,33.0782,262.7429,1,1,2945.508,nan
closed_eye_2753.jpg_face_1,cerrado,B25,135.0543,0.036887,24.4553,74.3897,52.65,14.6477,CRITICA,11.4306,0.715068,14.0347,44.9187,0.052805,0.051504,43.1555,39.6282,1,1,3167.564,nan
closed_eye_2753.jpg_face_1,cerrado,B40,135.0543,0.036887,39.5186,83.5486,25.9834,17.8126,BIEN,12.8143,0.788842,15.1298,38.137,0.063255,0.064033,71.483,73.5937,1,1,3516.174,nan
closed_eye_2759.BMP_face_1,cerrado,B5,95.312,0.045975,4.5594,44.6005,100.0,8.6277,CRITICA,13.3166,0.619882,16.1359,53.2058,0.104943,0.239052,128.2592,419.9581,1,1,2998.501,nan
closed_eye_2759.BMP_face_1,cerrado,B10,95.312,0.045975,9.5748,57.0665,100.0,10.9281,CRITICA,15.4527,0.753079,14.627,40.1266,0.081296,0.149493,76.8252,225.1593,1,1,2780.868,nan
closed_eye_2759.BMP_face_1,cerrado,B15,95.312,0.045975,14.4931,64.7044,84.0123,12.3581,CRITICA,16.9583,0.808347,14.1586,32.1131,0.086096,0.124684,87.2667,171.1986,1,1,3044.14,nan
closed_eye_2759.BMP_face_1,cerrado,B25,95.312,0.045975,24.4914,74.3475,63.2755,15.2519,CRITICA,19.4161,0.868506,14.2241,21.9956,0.080014,0.115057,74.037,150.2587,1,1,1959.632,nan
closed_eye_2759.BMP_face_1,cerrado,B40,95.312,0.045975,39.5026,83.5483,40.506,19.1306,BIEN,22.6953,0.917478,15.2883,12.3424,0.057846,0.070487,25.8208,53.3149,1,1,3069.368,nan
closed_eye_2767.BMP_face_1,cerrado,B5,145.272,0.095005,4.4403,40.9525,100.0,17.6253,CRITICA,6.4859,0.34188,16.3529,71.8098,0.07431,0.223665,21.7835,135.4237,1,1,1819.836,nan
closed_eye_2767.BMP_face_1,cerrado,B10,145.272,0.095005,9.3728,53.9752,100.0,20.013,CRITICA,7.4364,0.485082,14.8024,62.8454,0.078079,0.171629,17.8157,80.6526,1,1,2169.197,nan
closed_eye_2767.BMP_face_1,cerrado,B15,145.272,0.095005,14.4062,61.6871,69.4176,22.0308,CRITICA,8.0707,0.558233,14.3552,57.5368,0.083487,0.135175,12.124,42.282,1,1,2639.916,nan
closed_eye_2767.BMP_face_1,cerrado,B25,145.272,0.095005,24.4482,71.4591,50.3708,25.9278,CRITICA,9.0032,0.64108,14.455,50.8102,0.092406,0.136378,2.7358,43.5479,1,1,2843.332,nan
closed_eye_2767.BMP_face_1,cerrado,B40,145.272,0.095005,39.4807,80.5901,43.5017,31.5896,BIEN,10.0903,0.723216,15.6489,44.5247,0.094876,0.103928,0.1364,9.3921,1,1,2684.564,nan
closed_eye_2769.jpg_face_1,cerrado,B5,121.1566,0.044812,4.464,41.6988,100.0,16.5694,CRITICA,8.842,0.415441,16.1302,65.5827,0.065716,0.262075,46.6467,484.8265,1,1,3616.636,nan
closed_eye_2769.jpg_face_1,cerrado,B10,121.1566,0.044812,9.4747,54.869,100.0,18.094,CRITICA,10.0891,0.557448,14.7005,54.7123,0.065732,0.119093,46.6833,165.7579,1,1,4269.855,nan
closed_eye_2769.jpg_face_1,cerrado,B15,121.1566,0.044812,14.3757,62.3213,77.8583,19.8948,CRITICA,10.9075,0.62757,14.2912,48.5613,0.049135,0.092184,9.646,105.7111,1,1,4251.7,nan
closed_eye_2769.jpg_face_1,cerrado,B25,121.1566,0.044812,24.4574,72.2594,47.0241,23.7675,CRITICA,12.238,0.717915,14.3643,40.3586,0.044225,0.041656,1.3116,7.0427,1,1,2731.494,nan
closed_eye_2769.jpg_face_1,cerrado,B40,121.1566,0.044812,39.4975,81.1945,37.5807,28.8895,BIEN,13.8015,0.796627,15.5438,32.9838,0.03671,0.040293,18.0801,10.086,1,1,4407.228,nan
closed_eye_2770.jpg_face_1,cerrado,B5,149.4868,0.07375,4.4504,44.7359,100.0,6.0221,CRITICA,7.357,0.378684,16.0382,70.0737,0.124852,nan,69.2914,nan,1,1,3590.664,nan
closed_eye_2770.jpg_face_1,cerrado,B10,149.4868,0.07375,9.4411,57.8666,100.0,6.9634,CRITICA,8.4447,0.502612,14.4838,61.2898,0.113712,0.191224,54.1862,159.2884,1,1,2961.208,nan
closed_eye_2770.jpg_face_1,cerrado,B15,149.4868,0.07375,14.4541,65.2721,100.0,7.7513,CRITICA,9.1531,0.566064,14.028,56.3359,0.087753,0.144496,18.9884,95.9283,1,1,2635.741,nan
closed_eye_2770.jpg_face_1,cerrado,B25,149.4868,0.07375,24.5064,75.2575,56.1555,9.5735,CRITICA,10.1792,0.648267,14.0656,49.6561,0.07922,0.112782,7.4174,52.9256,1,1,3415.301,nan
closed_eye_2770.jpg_face_1,cerrado,B40,149.4868,0.07375,39.5003,84.2521,30.3978,11.9777,BIEN,11.2958,0.72743,15.1293,43.6391,0.079832,0.096132,8.247,30.3492,1,1,3239.391,nan
closed_eye_2773.jpg_face_1,cerrado,B5,91.4814,0.051991,4.5082,38.4518,100.0,21.1984,CRITICA,10.9225,0.457562,16.5255,57.9676,0.053884,0.235091,3.6419,352.1791,1,1,3777.862,nan
closed_eye_2773.jpg_face_1,cerrado,B10,91.4814,0.051991,9.4899,51.124,83.5845,24.8731,CRITICA,12.4066,0.622014,15.0684,44.1154,0.05124,0.120647,1.4435,132.055,1,1,3386.387,nan
closed_eye_2773.jpg_face_1,cerrado,B15,91.4814,0.051991,14.5064,58.5621,77.2121,27.5924,CRITICA,13.4362,0.68541,14.6979,35.9847,0.05477,0.086049,5.3462,65.5087,1,1,3300.33,nan
closed_eye_2773.jpg_face_1,cerrado,B25,91.4814,0.051991,24.5169,67.9751,63.431,32.6025,CRITICA,15.1433,0.761345,14.9229,25.6952,0.04178,0.043263,19.6404,16.7864,1,1,5060.729,nan
closed_eye_2773.jpg_face_1,cerrado,B40,91.4814,0.051991,39.498,77.0839,51.5763,39.5365,CRITICA,17.5299,0.834569,16.2601,15.7382,0.042952,0.041109,17.3846,20.9298,1,1,4251.701,nan
closed_eye_2778.jpg_face_2,cerrado,B5,170.1918,0.060353,4.3645,43.7898,100.0,9.8206,CRITICA,5.6218,0.290704,16.1177,74.2703,0.118585,nan,96.4848,nan,1,1,3645.644,nan
closed_eye_2778.jpg_face_2,cerrado,B10,170.1918,0.060353,9.282,56.765,100.0,10.8599,CRITICA,6.4873,0.393852,14.577,66.6464,0.072613,0.147159,20.3127,143.8301,1,1,4638.219,nan
closed_eye_2778.jpg_face_2,cerrado,B15,170.1918,0.060353,14.4641,64.6306,99.1509,12.0319,CRITICA,7.0775,0.451432,14.0867,62.0249,0.115562,0.138887,91.476,130.1228,1,1,5399.568,nan
closed_eye_2778.jpg_face_2,cerrado,B25,170.1918,0.060353,24.4768,74.4646,53.0239,14.4285,CRITICA,7.8793,0.530396,14.1315,56.2466,0.083065,0.080491,37.6314,33.3665,1,1,4859.087,nan
closed_eye_2778.jpg_face_2,cerrado,B40,170.1918,0.060353,39.5069,83.7157,27.8377,17.7123,BIEN,8.7542,0.611756,15.2036,50.811,0.070931,0.069752,17.5258,15.5726,1,1,4088.307,nan
closed_eye_2780.jpg_face_1,cerrado,B5,161.0054,0.056895,4.4255,43.279,100.0,11.5176,CRITICA,6.0262,0.30899,16.0696,73.1195,nan,nan,nan,nan,1,0,4068.349,nan
closed_eye_2780.jpg_face_1,cerrado,B10,161.0054,0.056895,9.466,56.5101,100.0,12.6791,CRITICA,6.9523,0.421937,14.5393,64.9017,0.06638,0.141961,16.6719,149.5153,1,1,4308.488,nan
closed_eye_2780.jpg_face_1,cerrado,B15,161.0054,0.056895,14.4862,64.0478,99.6914,14.0359,CRITICA,7.5423,0.484112,14.1106,60.2201,0.061098,0.099177,7.3883,74.316,1,1,5032.713,nan
closed_eye_2780.jpg_face_1,cerrado,B25,161.0054,0.056895,24.48,73.912,45.6117,16.6322,CRITICA,8.4077,0.566121,14.161,54.0935,0.059033,0.077635,3.7576,36.4532,1,1,4502.476,nan
closed_eye_2780.jpg_face_1,cerrado,B40,161.0054,0.056895,39.4588,82.875,31.8853,20.3094,BIEN,9.3423,0.649538,15.265,48.5266,0.060794,0.059448,6.8528,4.4878,1,1,4262.575,nan
closed_eye_2793.jpg_face_1,cerrado,B5,156.6787,0.081582,4.3806,43.4976,100.0,10.6445,CRITICA,6.3755,0.319829,16.1832,72.2377,0.085744,nan,5.1013,nan,1,1,5154.639,nan
closed_eye_2793.jpg_face_1,cerrado,B10,156.6787,0.081582,9.3229,56.4835,100.0,12.8059,CRITICA,7.3433,0.436058,14.608,63.9495,0.085121,0.152773,4.3374,87.2628,1,1,3338.898,nan
closed_eye_2793.jpg_face_1,cerrado,B15,156.6787,0.081582,14.3439,63.9531,99.3375,14.3389,CRITICA,7.9452,0.498214,14.1765,59.182,0.073537,0.128878,9.8611,57.9733,1,1,5506.607,nan
closed_eye_2793.jpg_face_1,cerrado,B25,156.6787,0.081582,24.5083,73.8662,46.0742,17.3873,CRITICA,8.8618,0.581254,14.219,52.855,0.072003,0.088719,11.7419,8.7476,1,1,5030.181,nan
closed_eye_2793.jpg_face_1,cerrado,B40,156.6787,0.081582,39.527,83.1124,37.379,21.5875,BIEN,9.8601,0.667201,15.3162,46.9536,0.072041,0.082937,11.6952,1.6599,1,1,2964.72,nan
closed_eye_2794.jpg_face_1,cerrado,B5,150.7771,0.049553,4.417,41.5913,100.0,16.3265,CRITICA,6.0629,0.275962,16.1846,72.4154,0.073914,0.191557,49.1608,286.569,1,1,4164.931,nan
closed_eye_2794.jpg_face_1,cerrado,B10,150.7771,0.049553,9.3899,54.595,100.0,17.9533,CRITICA,6.9586,0.395112,14.7031,63.7909,0.046928,0.106057,5.2984,114.0271,1,1,3710.575,nan
closed_eye_2794.jpg_face_1,cerrado,B15,150.7771,0.049553,14.4553,62.3556,72.0735,19.9855,CRITICA,7.576,0.469092,14.2536,58.6438,0.060665,0.072487,22.4248,46.2819,1,1,3718.854,nan
closed_eye_2794.jpg_face_1,cerrado,B25,150.7771,0.049553,24.4619,71.8589,54.4092,23.5565,CRITICA,8.4422,0.563599,14.3808,52.341,0.051182,0.064181,3.2882,29.5192,1,1,3272.251,nan
closed_eye_2794.jpg_face_1,cerrado,B40,150.7771,0.049553,39.4626,81.0256,43.973,28.6373,BIEN,9.4543,0.655104,15.5649,46.2614,0.049521,0.044303,0.0655,10.5957,1,1,4405.286,nan
closed_eye_2798.jpg_face_1,cerrado,B5,172.9597,0.021361,4.3589,44.1181,100.0,8.4064,CRITICA,5.5359,0.303396,16.2352,74.4923,0.078229,nan,266.219,nan,1,1,3074.085,nan
closed_eye_2798.jpg_face_1,cerrado,B10,172.9597,0.021361,9.3394,56.8937,100.0,9.8175,CRITICA,6.4036,0.415021,14.6241,67.1058,0.032228,0.092825,50.8727,334.5488,1,1,2359.047,nan
closed_eye_2798.jpg_face_1,cerrado,B15,172.9597,0.021361,14.5487,64.9433,99.8177,10.9133,CRITICA,6.9789,0.477223,14.1406,62.4518,0.024964,0.078834,16.8663,269.0519,1,1,2832.059,nan
closed_eye_2798.jpg_face_1,cerrado,B25,172.9597,0.021361,24.4854,74.5201,50.5403,13.3323,CRITICA,7.7582,0.557242,14.1873,56.9148,0.019792,0.047947,7.3478,124.458,1,1,3163.556,nan
closed_eye_2798.jpg_face_1,cerrado,B40,172.9597,0.021361,39.4877,83.6175,31.4972,16.5946,BIEN,8.5998,0.636881,15.2681,51.6549,0.022755,0.026976,6.5249,26.2851,1,1,3269.042,nan
closed_eye_2801.jpg_face_2,cerrado,B5,159.7048,0.026155,4.3649,43.8518,100.0,10.0375,CRITICA,6.5182,0.331991,16.2438,72.542,0.062948,nan,140.6728,nan,1,1,4345.936,nan
closed_eye_2801.jpg_face_2,cerrado,B10,159.7048,0.026155,9.4252,56.6366,100.0,10.8723,CRITICA,7.4373,0.436004,14.7308,64.5367,0.052774,0.105725,101.775,304.2252,1,1,4357.298,nan
closed_eye_2801.jpg_face_2,cerrado,B15,159.7048,0.026155,14.4928,64.7845,95.0511,12.6857,CRITICA,8.0925,0.511703,14.2095,59.4349,0.042013,0.068888,60.6307,163.3827,1,1,3756.574,nan
closed_eye_2801.jpg_face_2,cerrado,B25,159.7048,0.026155,24.4964,74.1134,55.4191,14.899,CRITICA,8.947,0.592115,14.3033,53.5935,0.032282,0.04925,23.4243,88.3002,1,1,4516.712,nan
closed_eye_2801.jpg_face_2,cerrado,B40,159.7048,0.026155,39.5425,83.3907,30.7947,18.1651,BIEN,9.9097,0.675088,15.3746,47.7845,0.03227,0.040499,23.3806,54.8425,1,1,3669.725,nan
closed_eye_2803.jpg_face_1,cerrado,B5,194.4599,0.052848,4.3494,44.7717,100.0,4.4756,CRITICA,4.5319,0.341796,16.0492,76.9764,0.048171,nan,8.8498,nan,1,1,1421.666,nan
closed_eye_2803.jpg_face_1,cerrado,B10,194.4599,0.052848,9.3047,57.6364,100.0,5.2454,CRITICA,5.3084,0.4429,14.489,70.3608,0.049779,nan,5.8073,nan,1,1,2098.636,nan
closed_eye_2803.jpg_face_1,cerrado,B15,194.4599,0.052848,14.3466,65.338,100.0,5.5522,CRITICA,5.8105,0.498694,14.0,66.4003,0.039296,nan,25.6429,nan,1,1,1816.86,nan
closed_eye_2803.jpg_face_1,cerrado,B25,194.4599,0.052848,24.5226,75.4279,77.9861,6.9366,CRITICA,6.5077,0.573284,14.0152,61.2116,0.036505,0.050011,30.9247,5.3684,1,1,1868.46,nan
closed_eye_2803.jpg_face_1,cerrado,B40,194.4599,0.052848,39.4721,84.8242,18.8546,8.3818,BIEN,7.2231,0.639894,15.026,56.3796,0.029443,0.040532,44.2865,23.305,1,1,2182.453,nan
closed_eye_2813.BMP_face_1,cerrado,B5,153.4052,0.046005,4.5143,43.4568,100.0,12.2889,CRITICA,6.5263,0.280175,15.938,71.6719,0.060065,nan,30.5634,nan,1,1,2155.172,nan
closed_eye_2813.BMP_face_1,cerrado,B10,153.4052,0.046005,9.4662,56.2563,100.0,14.5249,CRITICA,7.4568,0.375716,14.5345,63.3283,0.043432,0.088313,5.5929,91.9656,1,1,1858.045,nan
closed_eye_2813.BMP_face_1,cerrado,B15,153.4052,0.046005,14.4371,63.6276,97.6334,16.0859,CRITICA,8.0806,0.433097,14.1127,58.5231,0.054703,0.059048,18.9065,28.3516,1,1,2092.926,nan
closed_eye_2813.BMP_face_1,cerrado,B25,153.4052,0.046005,24.48,73.4042,47.4677,19.0319,CRITICA,9.0074,0.522647,14.1813,52.1501,0.044346,0.051917,3.6058,12.8505,1,1,1773.364,nan
closed_eye_2813.BMP_face_1,cerrado,B40,153.4052,0.046005,39.4804,82.6003,29.6521,22.7166,BIEN,10.0409,0.626445,15.2819,46.1555,0.04652,0.050931,1.1202,10.7076,1,1,2066.97,nan
closed_eye_2817.jpg_face_1,cerrado,B5,115.6957,0.038067,4.4224,40.6439,100.0,18.3546,CRITICA,9.2043,0.480173,16.3293,64.87,0.041803,0.214837,9.8144,464.3739,1,1,1239.618,nan
closed_eye_2817.jpg_face_1,cerrado,B10,115.6957,0.038067,9.4417,53.4008,99.9533,21.3976,CRITICA,10.4917,0.633957,14.8198,53.8437,0.034723,0.114607,8.7835,201.07,1,1,1359.804,nan
closed_eye_2817.jpg_face_1,cerrado,B15,115.6957,0.038067,14.5313,61.126,75.786,23.7543,CRITICA,11.3957,0.705134,14.3896,47.1666,0.032096,0.077376,15.6831,103.2642,1,1,1182.872,nan
closed_eye_2817.jpg_face_1,cerrado,B25,115.6957,0.038067,24.499,70.5011,50.7667,27.2236,CRITICA,12.7008,0.777892,14.5352,39.0633,0.029629,0.060681,22.164,59.409,1,1,1379.881,nan
closed_eye_2817.jpg_face_1,cerrado,B40,115.6957,0.038067,39.4824,79.9243,39.4949,32.3083,CRITICA,14.4047,0.84538,15.7155,30.9185,0.02695,0.054288,29.2041,42.6137,1,1,1246.727,nan
closed_eye_2847.jpg_face_2,cerrado,B5,71.9011,0.077284,4.5438,41.2917,100.0,19.2152,CRITICA,16.2861,0.73565,16.0194,42.5715,0.063708,0.165775,17.5655,114.5026,1,1,1484.781,nan
closed_eye_2847.jpg_face_2,cerrado,B10,71.9011,0.077284,9.5402,52.9877,96.5005,23.6388,CRITICA,19.1885,0.828314,14.659,26.3048,0.05377,0.113652,30.4248,47.0581,1,1,1285.347,nan
closed_eye_2847.jpg_face_2,cerrado,B15,71.9011,0.077284,14.5392,60.0969,75.614,26.5448,CRITICA,21.4176,0.862802,14.2926,16.4172,0.058625,0.088269,24.1429,14.2144,1,1,1656.177,nan
closed_eye_2847.jpg_face_2,cerrado,B25,71.9011,0.077284,24.5313,69.5165,49.6804,31.1623,CRITICA,24.9301,0.895371,14.4407,3.3165,0.092197,0.079197,19.2967,2.4762,1,1,829.876,nan
closed_eye_2847.jpg_face_2,cerrado,B40,71.9011,0.077284,39.5329,78.8329,40.6688,36.7089,CRITICA,26.5203,0.929147,15.6461,9.6408,0.059644,0.068136,22.825,11.8358,1,1,1350.074,nan
a0068,abierto,B5,107.203,0.190392,4.4084,40.9385,100.0,18.3252,CRITICA,9.3059,0.499818,16.2161,61.8121,0.202584,0.212421,6.4036,11.5703,1,1,3533.569,nan
a0068,abierto,B10,107.203,0.190392,9.4317,53.9549,82.8601,20.4172,CRITICA,10.5239,0.653248,14.8002,49.6703,0.185727,0.169948,2.4502,10.738,1,1,3190.81,nan
a0068,abierto,B15,107.203,0.190392,14.4623,61.333,75.7573,23.1512,CRITICA,11.3806,0.711852,14.416,42.788,0.185768,0.172338,2.4288,9.4824,1,1,3061.849,nan
a0068,abierto,B25,107.203,0.190392,24.4824,70.5986,67.2417,28.3088,CRITICA,12.7184,0.778566,14.6164,34.1449,0.176586,0.167549,7.2513,11.9979,1,1,3143.665,nan
a0068,abierto,B40,107.203,0.190392,39.5061,79.5559,56.0558,35.3461,CRITICA,14.51,0.848109,15.8858,25.7895,0.175938,0.180297,7.5916,5.3022,1,1,3008.424,nan
a0205,abierto,B5,105.8826,0.215294,4.4091,40.6396,100.0,18.9404,CRITICA,9.3193,0.509968,16.2533,61.6183,0.215997,0.221958,0.3266,3.0953,1,1,2715.915,nan
a0205,abierto,B10,105.8826,0.215294,9.4441,53.6823,81.7404,21.049,CRITICA,10.5352,0.665975,14.8321,49.3002,0.22161,0.187535,2.9338,12.8936,1,1,3387.534,nan
a0205,abierto,B15,105.8826,0.215294,14.4236,60.9831,75.1848,24.0056,CRITICA,11.3877,0.723726,14.4561,42.405,0.21681,0.195533,0.704,9.1785,1,1,3454.232,nan
a0205,abierto,B25,105.8826,0.215294,24.4674,70.3185,68.2198,29.1149,CRITICA,12.7267,0.785791,14.6569,33.5883,0.218101,0.19846,1.3036,7.8192,1,1,3553.66,nan
a0205,abierto,B40,105.8826,0.215294,39.4978,79.2376,57.488,36.3198,CRITICA,14.5228,0.852075,15.951,25.1647,0.22189,0.197347,3.0635,8.336,1,1,3143.666,nan
a0208,abierto,B5,106.9888,0.191685,4.3936,40.4552,100.0,19.0545,CRITICA,9.1456,0.504638,16.2641,62.1875,0.189968,0.231818,0.8958,20.9368,1,1,2935.134,nan
a0208,abierto,B10,106.9888,0.191685,9.4398,53.5315,81.1058,21.3071,CRITICA,10.3395,0.662787,14.8456,49.9653,0.187626,0.183771,2.1174,4.129,1,1,3046.923,nan
a0208,abierto,B15,106.9888,0.191685,14.4609,60.8612,74.4319,24.2157,CRITICA,11.1776,0.719503,14.4686,43.1144,0.188644,0.174862,1.5864,8.7763,1,1,3732.736,nan
a0208,abierto,B25,106.9888,0.191685,24.4781,70.1386,67.7677,29.5092,CRITICA,12.4925,0.783044,14.6773,34.4431,0.194526,0.184493,1.4818,3.7521,1,1,3901.678,nan
a0208,abierto,B40,106.9888,0.191685,39.4943,79.0946,57.9926,36.8549,CRITICA,14.2639,0.85042,15.9672,26.0721,0.191459,0.175154,0.1178,8.624,1,1,3769.318,nan
a0230,abierto,B5,101.1822,0.186551,4.4158,40.5899,100.0,19.237,CRITICA,9.8382,0.522198,16.2387,59.8843,0.192561,0.225639,3.2215,20.9529,1,1,3785.011,nan
a0230,abierto,B10,101.1822,0.186551,9.4449,53.4828,82.9125,21.4919,CRITICA,11.1095,0.675655,14.8417,47.1421,0.185351,0.17587,0.6436,5.7256,1,1,3201.024,nan
a0230,abierto,B15,101.1822,0.186551,14.4554,60.9216,76.194,24.1974,CRITICA,12.0097,0.731639,14.4582,39.7902,0.183529,0.181971,1.6199,2.4555,1,1,2769.316,nan
a0230,abierto,B25,101.1822,0.186551,24.4782,70.136,68.2761,29.5559,CRITICA,13.452,0.795732,14.6693,30.6835,0.186922,0.184009,0.1985,1.3627,1,1,3288.392,nan
a0230,abierto,B40,101.1822,0.186551,39.5009,79.1019,56.8709,36.6685,CRITICA,15.3807,0.859073,15.97,21.8223,0.185564,0.189272,0.529,1.4587,1,1,1942.879,nan
a0245,abierto,B5,111.1183,0.157348,4.4296,40.4557,100.0,19.3573,CRITICA,8.705,0.501794,16.2638,63.5922,0.152772,0.173251,2.9078,10.107,1,1,3196.931,nan
a0245,abierto,B10,111.1183,0.157348,9.4202,53.3568,79.0157,21.4924,CRITICA,9.8176,0.665611,14.8677,51.982,0.148018,0.160282,5.9291,1.8649,1,1,2115.954,nan
a0245,abierto,B15,111.1183,0.157348,14.4879,60.8435,72.8968,24.361,CRITICA,10.6266,0.724664,14.4748,45.2444,0.152213,0.160138,3.2633,1.7734,1,1,2979.738,nan
a0245,abierto,B25,111.1183,0.157348,24.4691,69.9646,66.7411,29.6676,CRITICA,11.8501,0.786142,14.7002,37.0359,0.158602,0.145667,0.7969,7.4233,1,1,3720.238,nan
a0245,abierto,B40,111.1183,0.157348,39.4774,78.9516,57.6239,37.147,CRITICA,13.5002,0.851049,15.991,28.9481,0.157467,0.164361,0.0761,4.4572,1,1,2973.536,nan
a0277,abierto,B5,112.8277,0.193745,4.4644,40.6193,100.0,19.2849,CRITICA,8.4678,0.491434,16.2385,63.9988,0.198531,0.210296,2.4703,8.5424,1,1,2656.748,nan
a0277,abierto,B10,112.8277,0.193745,9.4594,53.5173,79.5571,21.3449,CRITICA,9.5594,0.648312,14.8404,52.5673,0.199483,0.189705,2.9618,2.0854,1,1,2690.342,nan
a0277,abierto,B15,112.8277,0.193745,14.4218,60.9278,73.7352,24.2913,CRITICA,10.3398,0.710243,14.4499,45.9993,0.194444,0.178915,0.3605,7.6546,1,1,3635.042,nan
a0277,abierto,B25,112.8277,0.193745,24.5096,70.0302,65.8503,29.6316,CRITICA,11.532,0.774908,14.6939,37.9318,0.192387,0.191563,0.7008,1.1264,1,1,3059.975,nan
a0277,abierto,B40,112.8277,0.193745,39.4768,79.0269,58.7727,36.8767,CRITICA,13.1238,0.841243,15.9746,29.9579,0.188927,0.180696,2.4867,6.7351,1,1,3275.467,nan
a0279,abierto,B5,115.3651,0.194289,4.484,40.6741,100.0,19.0056,CRITICA,8.2666,0.48246,16.2276,64.7432,0.177776,0.218583,8.4994,12.5039,1,1,3687.316,nan
a0279,abierto,B10,115.3651,0.194289,9.51,53.803,79.3049,21.1156,CRITICA,9.3541,0.643061,14.8106,53.3628,0.192388,0.184193,0.9789,5.1968,1,1,3456.62,nan
a0279,abierto,B15,115.3651,0.194289,14.4856,61.0747,73.5062,23.7987,CRITICA,10.0967,0.702612,14.4443,47.0596,0.193061,0.178645,0.632,8.0523,1,1,3557.453,nan
a0279,abierto,B25,115.3651,0.194289,24.4397,70.2568,65.3748,29.0189,CRITICA,11.2668,0.768307,14.6505,39.1004,0.184805,0.177133,4.8814,8.8301,1,1,3029.385,nan
a0279,abierto,B40,115.3651,0.194289,39.4639,79.1861,58.2623,36.2449,CRITICA,12.7963,0.836369,15.9417,31.3604,0.190425,0.183494,1.9889,5.5563,1,1,3524.85,nan
a0371,abierto,B5,106.1452,0.179992,4.4272,40.7135,100.0,18.7465,CRITICA,9.1717,0.512705,16.2509,61.6436,0.18104,0.211128,0.5825,17.2988,1,1,3616.636,nan
a0371,abierto,B10,106.1452,0.179992,9.4422,53.804,81.8064,20.7811,CRITICA,10.3676,0.66978,14.8289,49.3109,0.183266,0.176015,1.8189,2.2093,1,1,3728.561,nan
a0371,abierto,B15,106.1452,0.179992,14.4352,61.0717,76.2192,23.8136,CRITICA,11.2043,0.726391,14.4525,42.464,0.184771,0.165741,2.6553,7.9173,1,1,3664.346,nan
a0371,abierto,B25,106.1452,0.179992,24.4855,70.3687,67.2068,29.1098,CRITICA,12.5193,0.787433,14.6622,33.7052,0.187915,0.170741,4.4017,5.1396,1,1,3218.539,nan
a0371,abierto,B40,106.1452,0.179992,39.5211,79.2552,59.0231,36.4861,CRITICA,14.2875,0.853513,15.9658,25.3333,0.187952,0.174118,4.4224,3.2632,1,1,3270.111,nan
a0372,abierto,B5,105.3966,0.202952,4.4534,40.92,100.0,18.7479,CRITICA,9.3156,0.515637,16.2236,61.1752,0.203662,0.218722,0.3496,7.77,1,1,3006.615,nan
a0372,abierto,B10,105.3966,0.202952,9.4721,53.9484,82.5904,20.6941,CRITICA,10.5236,0.669617,14.8099,48.8139,0.191619,0.172716,5.5843,14.898,1,1,3320.053,nan
a0372,abierto,B15,105.3966,0.202952,14.46,61.1805,76.65,23.699,CRITICA,11.3706,0.726772,14.4411,41.9521,0.197701,0.184234,2.5872,9.223,1,1,3557.453,nan
a0372,abierto,B25,105.3966,0.202952,24.504,70.468,67.6279,28.8577,CRITICA,12.6971,0.788511,14.6503,33.1401,0.193605,0.185354,4.6058,8.6711,1,1,2467.308,nan
a0372,abierto,B40,105.3966,0.202952,39.5336,79.3379,58.5767,35.9681,CRITICA,14.4728,0.853591,15.9467,24.7244,0.198513,0.197919,2.1872,2.4798,1,1,3534.818,nan
a0374,abierto,B5,113.7246,0.189319,4.4706,41.1647,100.0,18.4158,CRITICA,8.569,0.487745,16.1991,63.8032,0.20062,0.209393,5.9693,10.6033,1,1,3272.251,nan
a0374,abierto,B10,113.7246,0.189319,9.4753,54.0455,80.8962,20.3666,CRITICA,9.678,0.640734,14.7968,52.4769,0.206083,0.171022,8.8548,9.6648,1,1,3103.663,nan
a0374,abierto,B15,113.7246,0.189319,14.4732,61.3245,74.9442,23.05,CRITICA,10.4443,0.699979,14.4254,46.0763,0.200317,0.190436,5.8093,0.5901,1,1,3128.911,nan
a0374,abierto,B25,113.7246,0.189319,24.4697,70.5404,65.5379,28.2701,CRITICA,11.658,0.76791,14.6225,37.9726,0.192162,0.186395,1.5017,1.5446,1,1,2025.111,nan
a0374,abierto,B40,113.7246,0.189319,39.4459,79.5218,57.0533,35.2377,CRITICA,13.2426,0.837455,15.8816,30.0751,0.186825,0.188556,1.3172,0.403,1,1,3394.433,nan
a0379,abierto,B5,109.6001,0.191517,4.4202,40.8623,100.0,18.5239,CRITICA,8.8591,0.500909,16.2236,62.7169,0.202679,0.228444,5.828,19.2809,1,1,3861.004,nan
a0379,abierto,B10,109.6001,0.191517,9.4961,53.9591,81.6841,20.7667,CRITICA,10.0178,0.653479,14.8086,50.7673,0.202362,0.192142,5.6625,0.3261,1,1,2881.844,nan
a0379,abierto,B15,109.6001,0.191517,14.4472,61.1351,75.5943,23.6232,CRITICA,10.8092,0.711136,14.4414,44.2199,0.19099,0.178696,0.2752,6.6946,1,1,3667.033,nan
a0379,abierto,B25,109.6001,0.191517,24.4605,70.3308,66.2986,28.884,CRITICA,12.0696,0.776966,14.6533,35.8296,0.195071,0.18257,1.8555,4.6716,1,1,3779.289,nan
a0379,abierto,B40,109.6001,0.191517,39.5172,79.2883,58.0062,36.238,CRITICA,13.7638,0.845426,15.946,27.6567,0.201605,0.186401,5.2673,2.6715,1,1,2239.14,nan
a0386,abierto,B5,99.5347,0.188042,4.4074,40.2665,100.0,19.4554,CRITICA,9.7805,0.53352,16.2826,59.5452,0.190917,0.215785,1.5288,14.7536,1,1,1681.803,nan
a0386,abierto,B10,99.5347,0.188042,9.4628,53.3437,82.1751,21.6543,CRITICA,11.0363,0.689974,14.88,46.4069,0.192491,0.184927,2.3663,1.6566,1,1,3906.25,nan
a0386,abierto,B15,99.5347,0.188042,14.4606,60.5628,76.1979,24.8339,CRITICA,11.9324,0.742871,14.5149,39.1541,0.186085,0.183288,1.0409,2.5279,1,1,3645.644,nan
a0386,abierto,B25,99.5347,0.188042,24.5199,69.897,67.3912,30.3236,CRITICA,13.3637,0.800964,14.7321,29.7763,0.181543,0.172291,3.4561,8.3764,1,1,2964.72,nan
a0386,abierto,B40,99.5347,0.188042,39.5355,78.7112,59.8595,38.0381,CRITICA,15.321,0.863093,16.0636,20.9208,0.180806,0.165649,3.8482,11.9087,1,1,3451.847,nan
a0418,abierto,B5,100.8038,0.183868,4.4063,40.0986,100.0,19.7477,CRITICA,9.6626,0.522734,16.2907,60.2211,0.165368,0.196566,10.0614,6.906,1,1,2925.687,nan
a0418,abierto,B10,100.8038,0.183868,9.4491,53.2064,81.7229,21.8685,CRITICA,10.9054,0.686534,14.8866,47.2178,0.186034,0.182014,1.1781,1.0083,1,1,3139.718,nan
a0418,abierto,B15,100.8038,0.183868,14.4459,60.588,75.6758,24.7593,CRITICA,11.7828,0.739488,14.5106,39.8952,0.1762,0.172192,4.1707,6.3503,1,1,3802.281,nan
a0418,abierto,B25,100.8038,0.183868,24.4599,69.7888,67.5037,30.4233,CRITICA,13.2014,0.800787,14.7292,30.7677,0.175883,0.173232,4.3431,5.7848,1,1,3213.368,nan
a0418,abierto,B40,100.8038,0.183868,39.5073,78.6946,59.6499,37.9113,CRITICA,15.1071,0.861374,16.0589,21.9329,0.18105,0.161655,1.5329,12.0808,1,1,3449.465,nan
a0487,abierto,B5,107.0182,0.177507,4.3928,40.2371,100.0,19.3775,CRITICA,9.1122,0.504568,16.2798,62.4016,0.186117,0.210795,4.8508,18.7535,1,1,3154.574,nan
a0487,abierto,B10,107.0182,0.177507,9.4413,53.3572,79.8502,21.6275,CRITICA,10.3007,0.666965,14.8606,50.142,0.198059,0.184483,11.5785,3.9302,1,1,3323.363,nan
a0487,abierto,B15,107.0182,0.177507,14.4603,60.7044,74.003,24.5507,CRITICA,11.1369,0.724531,14.4826,43.2765,0.189114,0.1765,6.5388,0.567,1,1,3087.373,nan
a0487,abierto,B25,107.0182,0.177507,24.4684,69.9389,67.2825,29.8496,CRITICA,12.4415,0.786972,14.6981,34.6477,0.180469,0.178481,1.6689,0.5487,1,1,3687.316,nan
a0487,abierto,B40,107.0182,0.177507,39.4874,78.9117,58.2701,37.2965,CRITICA,14.2143,0.853183,15.9932,26.2633,0.181024,0.174922,1.9817,1.4559,1,1,2588.662,nan
a0533,abierto,B5,99.5021,0.17882,4.4152,40.2139,100.0,19.5976,CRITICA,9.7478,0.536977,16.2824,59.5849,0.178046,0.208067,0.4327,16.3558,1,1,3632.401,nan
a0533,abierto,B10,99.5021,0.17882,9.461,53.2475,81.0903,21.8592,CRITICA,10.997,0.69161,14.8853,46.486,0.18074,0.188806,1.0741,5.5844,1,1,3567.606,nan
a0533,abierto,B15,99.5021,0.17882,14.4587,60.4586,75.7108,25.0717,CRITICA,11.8882,0.74398,14.5216,39.2388,0.17847,0.16775,0.1952,6.1903,1,1,3834.356,nan
a0533,abierto,B25,99.5021,0.17882,24.5171,69.8057,68.2994,30.5392,CRITICA,13.3161,0.801515,14.7418,29.845,0.173965,0.172956,2.715,3.2793,1,1,2671.654,nan
a0533,abierto,B40,99.5021,0.17882,39.5181,78.5929,60.8977,38.2797,CRITICA,15.2662,0.862754,16.0813,21.0138,0.169521,0.176494,5.2,1.3004,1,1,3243.594,nan
a0579,abierto,B5,108.9364,0.200394,4.4305,40.9569,100.0,18.4692,CRITICA,9.0635,0.507845,16.2259,62.403,0.219601,0.21247,9.5847,6.0261,1,1,3528.581,nan
a0579,abierto,B10,108.9364,0.200394,9.483,53.9683,81.4085,20.6001,CRITICA,10.2452,0.659277,14.8111,50.4589,0.221122,0.193821,10.3437,3.28,1,1,3312.355,nan
a0579,abierto,B15,108.9364,0.200394,14.4542,61.2399,74.7055,23.3838,CRITICA,11.0628,0.7173,14.4355,43.7838,0.22197,0.214931,10.7667,7.2543,1,1,3872.967,nan
a0579,abierto,B25,108.9364,0.200394,24.469,70.4042,68.1403,28.5766,CRITICA,12.3448,0.78154,14.6484,35.3712,0.216321,0.217053,7.9478,8.3132,1,1,2488.8,nan
a0579,abierto,B40,108.9364,0.200394,39.4917,79.4191,56.6749,35.8163,CRITICA,14.0746,0.84911,15.9183,27.0958,0.212125,0.217191,5.8541,8.3819,1,1,3328.895,nan
a0705,abierto,B5,99.4831,0.188602,4.4158,40.6245,100.0,18.9749,CRITICA,9.9528,0.536647,16.2424,59.1644,0.187205,0.215852,0.741,14.4483,1,1,2966.479,nan
a0705,abierto,B10,99.4831,0.188602,9.4435,53.605,82.0645,21.1673,CRITICA,11.2375,0.689322,14.8419,46.1165,0.186714,0.180394,1.0013,4.3519,1,1,3203.075,nan
a0705,abierto,B15,99.4831,0.188602,14.4385,60.8492,75.9902,24.2402,CRITICA,12.1551,0.74259,14.4711,38.8346,0.183407,0.181753,2.7543,3.6315,1,1,3531.073,nan
a0705,abierto,B25,99.4831,0.188602,24.5002,70.1886,68.5711,29.4676,CRITICA,13.6113,0.801092,14.6825,29.4467,0.183814,0.178399,2.5387,5.4099,1,1,2201.189,nan
a0705,abierto,B40,99.4831,0.188602,39.5158,79.0055,58.142,36.9115,CRITICA,15.6027,0.863226,15.9983,20.584,0.187396,0.179839,0.6393,4.6465,1,1,2955.956,nan
a0857,abierto,B5,100.7418,0.189863,4.3821,40.5061,100.0,19.0891,CRITICA,9.8345,0.526767,16.2531,59.7921,0.182422,0.21783,3.9192,14.7298,1,1,3106.555,nan
a0857,abierto,B10,100.7418,0.189863,9.4254,53.4559,82.2954,21.3574,CRITICA,11.1091,0.684912,14.8503,46.9377,0.184771,0.184534,2.6821,2.8068,1,1,2920.561,nan
a0857,abierto,B15,100.7418,0.189863,14.4268,60.8656,76.1668,24.1471,CRITICA,12.0113,0.737273,14.4694,39.5826,0.186075,0.181535,1.9956,4.3865,1,1,3313.453,nan
a0857,abierto,B25,100.7418,0.189863,24.4763,70.0601,68.1189,29.5736,CRITICA,13.4536,0.80007,14.6848,30.4558,0.186023,0.181645,2.0227,4.3284,1,1,3516.175,nan
a0857,abierto,B40,100.7418,0.189863,39.4841,79.0408,58.3497,36.7447,CRITICA,15.3999,0.861584,15.9833,21.5412,0.180143,0.169331,5.1196,10.8141,1,1,2000.0,nan
a0881,abierto,B5,102.0847,0.160364,4.3968,40.5052,100.0,19.2491,CRITICA,9.6256,0.521418,16.2511,60.322,0.158797,0.213092,0.9772,32.8797,1,1,3611.412,nan
a0881,abierto,B10,102.0847,0.160364,9.4144,53.4833,82.441,21.2717,CRITICA,10.8597,0.679278,14.8468,47.6089,0.174233,0.167853,8.6484,4.67,1,1,3411.805,nan
a0881,abierto,B15,102.0847,0.160364,14.4636,60.9237,76.7335,24.179,CRITICA,11.7481,0.735343,14.4701,40.3205,0.161596,0.161227,0.7679,0.5375,1,1,2931.692,nan
a0881,abierto,B25,102.0847,0.160364,24.4516,70.1437,68.2043,29.5245,CRITICA,13.1424,0.796979,14.6769,31.2888,0.160492,0.153615,0.0796,4.2091,1,1,3256.268,nan
a0881,abierto,B40,102.0847,0.160364,39.5031,79.0569,58.6427,36.8089,CRITICA,15.016,0.858932,15.9924,22.5576,0.165361,0.158515,3.1156,1.1532,1,1,2131.287,nan
a0947,abierto,B5,103.7651,0.178082,4.425,40.6445,100.0,19.0528,CRITICA,9.5156,0.523082,16.2461,60.8303,0.197438,0.219578,10.8694,23.3017,1,1,3435.246,nan
a0947,abierto,B10,103.7651,0.178082,9.4388,53.5554,81.5521,21.2812,CRITICA,10.7476,0.677072,14.8388,48.3878,0.18485,0.162794,3.8003,8.5847,1,1,3558.719,nan
a0947,abierto,B15,103.7651,0.178082,14.4358,60.9443,75.3983,24.0989,CRITICA,11.6177,0.732657,14.46,41.2671,0.192293,0.180003,7.9802,1.0785,1,1,3473.428,nan
a0947,abierto,B25,103.7651,0.178082,24.4676,70.1954,68.6662,29.4182,CRITICA,12.9933,0.794675,14.6679,32.3516,0.182175,0.188807,2.2985,6.0226,1,1,2544.529,nan
a0947,abierto,B40,103.7651,0.178082,39.5103,79.0895,57.7927,36.6629,CRITICA,14.8438,0.857821,15.9734,23.7803,0.181684,0.177052,2.0229,0.5784,1,1,3244.646,nan
a0958,abierto,B5,100.0941,0.152446,4.39,40.1844,100.0,19.5295,CRITICA,9.8184,0.526899,16.2802,59.8534,0.122315,0.20966,19.7654,37.5303,1,1,3045.995,nan
a0958,abierto,B10,100.0941,0.152446,9.3967,53.1899,82.0781,21.7794,CRITICA,11.0872,0.686856,14.8747,46.8601,0.150681,0.166382,1.1577,9.1419,1,1,3197.953,nan
a0958,abierto,B15,100.0941,0.152446,14.4546,60.6786,76.0834,24.5876,CRITICA,11.9919,0.742547,14.4909,39.3785,0.138864,0.157085,8.9096,3.0433,1,1,3341.129,nan
a0958,abierto,B25,100.0941,0.152446,24.3698,69.8093,68.6196,30.1195,CRITICA,13.4325,0.803009,14.7042,30.2563,0.145761,0.148346,4.3852,2.6893,1,1,3298.153,nan
a0958,abierto,B40,100.0941,0.152446,39.4469,78.8238,58.7572,37.4496,CRITICA,15.3884,0.863443,16.0118,21.2503,0.143006,0.149626,6.1926,1.8502,1,1,3448.276,nan
a1009,abierto,B5,105.1595,0.197073,4.4037,40.7655,100.0,18.5848,CRITICA,9.4484,0.520093,16.2477,61.2346,0.215318,0.231087,9.258,17.2595,1,1,2032.107,nan
a1009,abierto,B10,105.1595,0.197073,9.4246,53.7264,81.8374,20.8628,CRITICA,10.6834,0.670156,14.8238,48.9096,0.214863,0.197282,9.0273,0.1061,1,1,3270.111,nan
a1009,abierto,B15,105.1595,0.197073,14.4017,60.993,75.342,23.6931,CRITICA,11.5446,0.7287,14.4528,41.9996,0.216965,0.206422,10.0938,4.744,1,1,3559.986,nan
a1009,abierto,B25,105.1595,0.197073,24.468,70.4285,68.8234,28.7434,CRITICA,12.9076,0.790624,14.6396,33.0269,0.213348,0.21473,8.2583,8.9596,1,1,3526.093,nan
a1009,abierto,B40,105.1595,0.197073,39.4813,79.3456,57.0882,35.8816,CRITICA,14.7335,0.855451,15.9239,24.5474,0.215115,0.210781,9.155,6.9555,1,1,3556.188,nan
a1021,abierto,B5,102.9079,0.21184,4.4462,40.7803,100.0,18.8712,CRITICA,9.6265,0.528837,16.2313,60.372,0.223212,0.207483,5.3683,2.0567,1,1,3532.321,nan
a1021,abierto,B10,102.9079,0.21184,9.4388,53.612,82.0431,21.1816,CRITICA,10.8652,0.675994,14.8324,47.9029,0.219576,0.208321,3.6518,1.6609,1,1,3367.003,nan
a1021,abierto,B15,102.9079,0.21184,14.4448,60.9839,75.7476,23.951,CRITICA,11.7454,0.733061,14.4576,40.7394,0.212806,0.207853,0.4562,1.882,1,1,3120.125,nan
a1021,abierto,B25,102.9079,0.21184,24.4587,70.2593,69.0369,29.2699,CRITICA,13.1394,0.795074,14.6607,31.7261,0.206137,0.209562,2.6919,1.0753,1,1,3603.603,nan
a1021,abierto,B40,102.9079,0.21184,39.4888,79.1001,57.8315,36.4849,CRITICA,15.0126,0.858944,15.9705,23.1351,0.210155,0.208951,0.795,1.3634,1,1,3098.854,nan
a1035,abierto,B5,98.1878,0.202128,4.416,40.5221,100.0,18.9567,CRITICA,10.0616,0.548316,16.2463,58.73,0.215112,0.211664,6.4237,4.7175,1,1,3812.429,nan
a1035,abierto,B10,98.1878,0.202128,9.4203,53.4281,82.7456,21.2788,CRITICA,11.3578,0.692917,14.8533,45.5857,0.209724,0.197119,3.758,2.4782,1,1,2182.453,nan
a1035,abierto,B15,98.1878,0.202128,14.4416,60.755,76.194,24.3183,CRITICA,12.2882,0.745612,14.4782,38.1237,0.210455,0.19141,4.1198,5.3028,1,1,3505.082,nan
a1035,abierto,B25,98.1878,0.202128,24.4662,70.1193,68.4896,29.5865,CRITICA,13.7726,0.804213,14.6818,28.5865,0.209272,0.191379,3.5341,5.3181,1,1,3416.468,nan
a1035,abierto,B40,98.1878,0.202128,39.4695,78.9654,59.7004,37.0642,CRITICA,15.8097,0.866025,15.9947,19.5771,0.205208,0.194603,1.5236,3.723,1,1,2863.689,nan
a1057,abierto,B5,105.0502,0.192477,4.4072,40.2815,100.0,19.3853,CRITICA,9.2978,0.520247,16.2802,61.655,0.203464,0.208743,5.708,8.4506,1,1,3155.57,nan
a1057,abierto,B10,105.0502,0.192477,9.427,53.2767,80.0753,21.7288,CRITICA,10.5093,0.67753,14.8622,49.2845,0.206775,0.184732,7.4282,4.024,1,1,3388.682,nan
a1057,abierto,B15,105.0502,0.192477,14.3823,60.5471,74.3174,24.6937,CRITICA,11.3582,0.734852,14.4925,42.3637,0.19668,0.191493,2.1835,0.5116,1,1,3278.688,nan
a1057,abierto,B25,105.0502,0.192477,24.4529,69.9763,68.0937,29.9099,CRITICA,12.7098,0.794982,14.6885,33.3877,0.193679,0.183612,0.6244,4.6062,1,1,2050.861,nan
a1057,abierto,B40,105.0502,0.192477,39.4954,78.8702,58.829,37.2666,CRITICA,14.5183,0.857805,16.0032,24.9215,0.202049,0.196363,4.9727,2.0186,1,1,2718.13,nan
a1058,abierto,B5,105.9552,0.194015,4.4155,40.3148,100.0,19.3689,CRITICA,9.2116,0.51696,16.2679,61.9511,0.216946,0.221916,11.8188,14.3804,1,1,3124.024,nan
a1058,abierto,B10,105.9552,0.194015,9.4429,53.35,79.7842,21.6593,CRITICA,10.4122,0.674622,14.8527,49.6485,0.21757,0.190157,12.1403,1.9886,1,1,2626.74,nan
a1058,abierto,B15,105.9552,0.194015,14.4219,60.6742,73.8904,24.6359,CRITICA,11.2577,0.73224,14.4778,42.7359,0.202419,0.188857,4.3314,2.6587,1,1,3409.478,nan
a1058,abierto,B25,105.9552,0.194015,24.4592,69.9883,67.6823,29.8659,CRITICA,12.5896,0.79247,14.6875,33.9453,0.198282,0.192439,2.199,0.8123,1,1,2717.391,nan
a1058,abierto,B40,105.9552,0.194015,39.5099,78.9183,58.7436,37.2382,CRITICA,14.3771,0.855943,15.9943,25.5173,0.203314,0.19605,4.7925,1.0488,1,1,3741.114,nan
a1098,abierto,B5,105.2192,0.158763,4.4197,40.4935,100.0,19.2002,CRITICA,9.304,0.520699,16.2668,61.5151,0.159181,0.222863,0.2634,40.3751,1,1,3277.614,nan
a1098,abierto,B10,105.2192,0.158763,9.4501,53.53,81.032,21.4072,CRITICA,10.513,0.678624,14.848,49.1252,0.157574,0.153284,0.7484,3.4508,1,1,3197.953,nan
a1098,abierto,B15,105.2192,0.158763,14.4155,60.7563,75.4818,24.3814,CRITICA,11.3596,0.735236,14.481,42.2574,0.155971,0.155671,1.7584,1.9475,1,1,3608.806,nan
a1098,abierto,B25,105.2192,0.158763,24.4645,70.1591,68.8506,29.5363,CRITICA,12.6954,0.794843,14.6791,33.321,0.168851,0.156854,6.3542,1.2024,1,1,3419.973,nan
a1098,abierto,B40,105.2192,0.158763,39.5033,79.0371,58.4816,36.8398,CRITICA,14.4885,0.857544,15.9859,24.8834,0.156094,0.151099,1.6809,4.827,1,1,2858.776,nan
a1099,abierto,B5,102.9369,0.170909,4.4347,40.3248,100.0,19.6082,CRITICA,9.4511,0.522544,16.2658,60.8257,0.173668,0.216242,1.6144,26.5247,1,1,3477.051,nan
a1099,abierto,B10,102.9369,0.170909,9.4423,53.2672,81.1815,21.8899,CRITICA,10.6643,0.678479,14.8652,48.2526,0.179253,0.179921,4.8822,5.2733,1,1,2501.251,nan
a1099,abierto,B15,102.9369,0.170909,14.4464,60.6434,75.474,24.7386,CRITICA,11.5282,0.734554,14.4937,41.0868,0.17894,0.170749,4.6988,0.0938,1,1,2660.282,nan
a1099,abierto,B25,102.9369,0.170909,24.4597,69.9044,68.4741,30.213,CRITICA,12.9007,0.795418,14.7048,32.0901,0.17748,0.162225,3.8447,5.0807,1,1,3546.099,nan
a1099,abierto,B40,102.9369,0.170909,39.5083,78.7372,59.8595,37.6778,CRITICA,14.7458,0.858149,16.0373,23.5093,0.165822,0.164022,2.9765,4.0294,1,1,2193.945,nan
a1112,abierto,B5,100.1647,0.177751,4.3973,40.1052,100.0,19.6786,CRITICA,9.7342,0.530318,16.2851,59.9607,0.190843,0.226917,7.3658,27.6604,1,1,2540.65,nan
a1112,abierto,B10,100.1647,0.177751,9.4233,53.072,81.9791,22.0051,CRITICA,10.988,0.68738,14.8871,47.0153,0.191557,0.193774,7.767,9.0143,1,1,3620.565,nan
a1112,abierto,B15,100.1647,0.177751,14.4452,60.5703,76.3706,24.7753,CRITICA,11.8816,0.742066,14.5003,39.5293,0.190605,0.172671,7.2315,2.8577,1,1,3178.64,nan
a1112,abierto,B25,100.1647,0.177751,24.3901,69.7103,68.2761,30.4013,CRITICA,13.3111,0.803259,14.7216,30.4043,0.193436,0.17862,8.8243,0.4891,1,1,3604.903,nan
a1112,abierto,B40,100.1647,0.177751,39.4807,78.706,60.0186,37.8335,CRITICA,15.2483,0.863538,16.0413,21.4234,0.191168,0.180938,7.5486,1.7933,1,1,3866.976,nan
a1132,abierto,B5,103.1167,0.180875,4.4397,40.7323,100.0,18.994,CRITICA,9.5805,0.522588,16.2368,60.4988,0.211423,0.232501,16.8891,28.5424,1,1,3714.71,nan
a1132,abierto,B10,103.1167,0.180875,9.4434,53.5679,82.4371,21.3179,CRITICA,10.8132,0.67273,14.836,48.0512,0.209644,0.168336,15.9058,6.9323,1,1,3687.316,nan
a1132,abierto,B15,103.1167,0.180875,14.4509,60.9389,75.6836,24.0741,CRITICA,11.6878,0.729788,14.4616,40.9029,0.198518,0.17733,9.7543,1.9596,1,1,3585.515,nan
a1132,abierto,B25,103.1167,0.180875,24.4741,70.1957,68.6235,29.3842,CRITICA,13.077,0.79149,14.6703,31.926,0.206011,0.186308,13.8969,3.004,1,1,3599.712,nan
a1132,abierto,B40,103.1167,0.180875,39.5037,79.0686,57.8703,36.639,CRITICA,14.937,0.855771,15.9785,23.3212,0.203826,0.185133,12.6891,2.3545,1,1,3871.467,nan
a1147,abierto,B5,104.3383,0.180783,4.4342,40.9437,100.0,18.6092,CRITICA,9.5698,0.520855,16.2214,60.7587,0.204159,0.217598,12.9308,20.3642,1,1,3077.87,nan
a1147,abierto,B10,104.3383,0.180783,9.4533,53.8413,82.9048,20.7536,CRITICA,10.8105,0.670207,14.8143,48.3974,0.20216,0.173913,11.8249,3.7999,1,1,3637.686,nan
a1147,abierto,B15,104.3383,0.180783,14.4637,61.2368,75.6681,23.4385,CRITICA,11.6833,0.726247,14.4328,41.3094,0.193723,0.179701,7.1581,0.5982,1,1,3892.565,nan
a1147,abierto,B25,104.3383,0.180783,24.4702,70.4586,68.5245,28.6679,CRITICA,13.0607,0.790323,14.6396,32.471,0.187964,0.18836,3.9721,4.1912,1,1,3294.893,nan
a1147,abierto,B40,104.3383,0.180783,39.4947,79.3718,56.9427,35.7315,CRITICA,14.9057,0.855147,15.9253,23.9284,0.19441,0.194057,7.5382,7.3427,1,1,3702.333,nan
a1204,abierto,B5,101.9485,0.178114,4.4262,40.6476,100.0,19.0935,CRITICA,9.7583,0.528657,16.2466,60.1293,0.178183,0.232955,0.0387,30.7893,1,1,3432.887,nan
a1204,abierto,B10,101.9485,0.178114,9.4556,53.5265,82.0257,21.3996,CRITICA,11.0196,0.681166,14.8426,47.4965,0.188499,0.171526,5.83,3.699,1,1,3765.06,nan
a1204,abierto,B15,101.9485,0.178114,14.4616,60.9424,75.7476,24.1415,CRITICA,11.9116,0.736565,14.4651,40.2223,0.188737,0.180398,5.9636,1.282,1,1,3610.108,nan
a1204,abierto,B25,101.9485,0.178114,24.4844,70.1521,69.0077,29.4651,CRITICA,13.3281,0.798238,14.6786,31.1887,0.184717,0.173783,3.7069,2.4316,1,1,3699.593,nan
a1204,abierto,B40,101.9485,0.178114,39.5135,79.1311,57.6704,36.6363,CRITICA,15.2443,0.86059,15.9754,22.3813,0.181005,0.175633,1.6227,1.3935,1,1,3351.206,nan
a1207,abierto,B5,105.6055,0.196503,4.3964,40.67,100.0,18.8494,CRITICA,9.4551,0.514364,16.2518,61.4887,0.20525,0.238246,4.4511,21.2429,1,1,3671.072,nan
a1207,abierto,B10,105.6055,0.196503,9.4424,53.6941,81.6705,21.0056,CRITICA,10.6877,0.667959,14.8308,49.1559,0.197321,0.179782,0.4159,8.5096,1,1,3579.098,nan
a1207,abierto,B15,105.6055,0.196503,14.4212,61.0177,74.8355,23.8775,CRITICA,11.5546,0.727273,14.4508,42.2211,0.190328,0.192008,3.1424,2.2875,1,1,3463.803,nan
a1207,abierto,B25,105.6055,0.196503,24.481,70.3483,68.2121,28.8508,CRITICA,12.9097,0.788567,14.6511,33.3857,0.191449,0.191449,2.572,2.5724,1,1,2570.033,nan
a1207,abierto,B40,105.6055,0.196503,39.5041,79.3537,56.4595,35.9482,CRITICA,14.7392,0.854128,15.9288,24.8583,0.196021,0.188034,0.2457,4.3101,1,1,3615.329,nan
a1215,abierto,B5,102.5043,0.190266,4.4069,40.606,100.0,19.0346,CRITICA,9.7078,0.524314,16.2576,60.386,0.214278,0.22805,12.6205,19.8589,1,1,3652.301,nan
a1215,abierto,B10,102.5043,0.190266,9.4226,53.508,82.0063,21.2764,CRITICA,10.9654,0.676879,14.8432,47.7993,0.203662,0.173948,7.0408,8.5765,1,1,3155.57,nan
a1215,abierto,B15,102.5043,0.190266,14.4407,60.9256,75.604,24.0348,CRITICA,11.8575,0.733837,14.4644,40.5629,0.205754,0.189342,8.1403,0.4857,1,1,3497.727,nan
a1215,abierto,B25,102.5043,0.190266,24.469,70.1911,68.7399,29.3235,CRITICA,13.2713,0.795771,14.668,31.5238,0.203351,0.183515,6.8773,3.5479,1,1,3627.131,nan
a1215,abierto,B40,102.5043,0.190266,39.5026,79.1512,57.3483,36.4544,CRITICA,15.1733,0.859181,15.9614,22.7825,0.20392,0.195386,7.1764,2.6911,1,1,3410.641,nan
a1222,abierto,B5,101.9583,0.187731,4.4334,40.659,100.0,19.0685,CRITICA,9.7431,0.5287,16.2343,60.1219,0.191977,0.233215,2.262,24.2286,1,1,3402.518,nan
a1222,abierto,B10,101.9583,0.187731,9.4515,53.5438,82.1867,21.3459,CRITICA,11.0022,0.680931,14.8339,47.4846,0.195961,0.17191,4.3841,8.4275,1,1,3652.301,nan
a1222,abierto,B15,101.9583,0.187731,14.4609,60.9698,75.9068,24.077,CRITICA,11.895,0.736378,14.4561,40.2013,0.197763,0.187959,5.3442,0.1215,1,1,3467.407,nan
a1222,abierto,B25,101.9583,0.187731,24.4732,70.1836,69.0931,29.4206,CRITICA,13.3115,0.798078,14.6688,31.1644,0.199984,0.191665,6.5273,2.0956,1,1,2984.184,nan
a1222,abierto,B40,101.9583,0.187731,39.5219,79.123,57.5249,36.56,CRITICA,15.2231,0.860463,15.9702,22.3967,0.195619,0.188599,4.2021,0.4626,1,1,1981.375,nan
a1231,abierto,B5,104.621,0.189049,4.447,40.6779,100.0,19.1861,CRITICA,9.3661,0.517698,16.2393,61.1188,0.194621,0.227329,2.9473,20.2487,1,1,3688.676,nan
a1231,abierto,B10,104.621,0.189049,9.4698,53.598,81.7947,21.3695,CRITICA,10.5743,0.671144,14.8383,48.7694,0.189085,0.174854,0.0192,7.5085,1,1,3397.893,nan
a1231,abierto,B15,104.621,0.189049,14.4845,61.0046,76.0232,24.0812,CRITICA,11.4231,0.726813,14.4584,41.6899,0.184949,0.176166,2.1686,6.8144,1,1,2777.778,nan
a1231,abierto,B25,104.621,0.189049,24.463,70.1954,68.5342,29.5144,CRITICA,12.775,0.790624,14.6693,32.905,0.190486,0.183049,0.7604,3.1737,1,1,1928.64,nan
a1231,abierto,B40,104.621,0.189049,39.497,79.016,58.6602,36.7952,CRITICA,14.5736,0.855058,15.9926,24.4741,0.182792,0.178842,3.3097,5.3992,1,1,3437.607,nan
a1241,abierto,B5,103.3224,0.190162,4.4315,40.6054,100.0,19.3151,CRITICA,9.5181,0.518539,16.246,60.7003,0.183411,0.22349,3.55,17.5259,1,1,3207.184,nan
a1241,abierto,B10,103.3224,0.190162,9.4537,53.5474,82.2139,21.4529,CRITICA,10.7414,0.673057,14.8423,48.1745,0.19129,0.180615,0.5932,5.0206,1,1,3065.604,nan
a1241,abierto,B15,103.3224,0.190162,14.4536,60.9232,76.2153,24.2049,CRITICA,11.6099,0.730196,14.4691,41.0358,0.184886,0.173052,2.7745,8.9979,1,1,3434.066,nan
a1241,abierto,B25,103.3224,0.190162,24.4697,70.164,68.4935,29.5525,CRITICA,12.9847,0.79244,14.679,32.0922,0.195246,0.180782,2.6734,4.9327,1,1,3635.042,nan
a1241,abierto,B40,103.3224,0.190162,39.5033,79.0283,58.305,36.7925,CRITICA,14.8259,0.856488,15.9917,23.5129,0.193174,0.179702,1.5841,5.5008,1,1,3013.864,nan
b0045,abierto,B5,107.8492,0.197132,4.4405,44.6839,100.0,9.5899,CRITICA,10.6334,0.633924,15.9451,58.5682,0.21447,nan,8.795,nan,1,1,3703.704,nan
b0045,abierto,B10,107.8492,0.197132,9.5458,56.874,88.2862,12.1122,CRITICA,12.0575,0.745084,14.5377,47.2653,0.214628,0.192434,8.8754,2.3831,1,1,3479.471,nan
b0045,abierto,B15,107.8492,0.197132,14.4906,64.3712,83.3938,14.1059,CRITICA,13.0636,0.801338,14.113,40.3138,0.209551,0.231394,6.2997,17.3804,1,1,2886.836,nan
b0045,abierto,B25,107.8492,0.197132,24.4841,73.7339,76.9819,17.6449,CRITICA,14.5836,0.860589,14.241,31.6325,0.21318,0.210236,8.1405,6.6472,1,1,2167.787,nan
b0045,abierto,B40,107.8492,0.197132,39.4968,82.8494,59.4403,22.6511,BIEN,16.5598,0.911791,15.3649,23.1804,0.213125,0.212963,8.1127,8.0308,1,1,3393.281,nan
b0049,abierto,B5,103.4307,0.212264,4.4566,44.7687,100.0,9.1034,CRITICA,11.2978,0.654031,15.9308,56.7163,0.221718,nan,4.454,nan,1,1,2486.944,nan
b0049,abierto,B10,103.4307,0.212264,9.5396,56.9905,90.6092,11.4323,CRITICA,12.843,0.76611,14.5175,44.8999,0.215748,nan,1.6413,nan,1,1,3577.817,nan
b0049,abierto,B15,103.4307,0.212264,14.4394,64.4608,85.8487,13.3388,CRITICA,13.9371,0.819633,14.0935,37.6774,0.218887,0.225248,3.1204,6.1169,1,1,3519.888,nan
b0049,abierto,B25,103.4307,0.212264,24.4836,73.9282,78.2317,16.6766,CRITICA,15.6315,0.877386,14.2034,28.5239,0.215159,0.205083,1.3638,3.3829,1,1,1741.857,nan
b0049,abierto,B40,103.4307,0.212264,39.5091,83.0433,57.1523,21.3186,BIEN,17.802,0.924315,15.3228,19.7112,0.216737,0.211782,2.1073,0.227,1,1,3692.762,nan
b0113,abierto,B5,108.32,0.220511,4.4564,45.0749,100.0,8.5451,CRITICA,10.8929,0.658351,15.976,58.3873,0.240735,nan,9.1713,nan,1,1,3475.843,nan
b0113,abierto,B10,108.32,0.220511,9.5138,57.0704,88.8412,11.0935,CRITICA,12.3581,0.770794,14.5685,47.3132,0.24517,nan,11.1824,nan,1,1,3221.649,nan
b0113,abierto,B15,108.32,0.220511,14.4915,64.6508,86.8598,12.8742,CRITICA,13.3792,0.824725,14.1393,40.315,0.237031,nan,7.4917,nan,1,1,3582.945,nan
b0113,abierto,B25,108.32,0.220511,24.5337,74.0288,80.2247,16.0779,CRITICA,14.9298,0.880984,14.2509,31.6573,0.234632,0.239676,6.4037,8.6913,1,1,3450.656,nan
b0113,abierto,B40,108.32,0.220511,39.5041,83.0901,56.2887,20.7241,BIEN,16.9195,0.926567,15.3582,23.292,0.224985,0.228921,2.0289,3.8139,1,1,3347.841,nan
b0155,abierto,B5,106.5512,0.222549,4.438,45.0768,100.0,8.3829,CRITICA,11.1286,0.661949,15.9795,57.6947,0.260734,nan,17.1579,nan,1,1,3861.004,nan
b0155,abierto,B10,106.5512,0.222549,9.5065,57.1282,90.223,10.7571,CRITICA,12.6341,0.773968,14.5628,46.3843,0.244005,nan,9.6407,nan,1,1,3403.676,nan
b0155,abierto,B15,106.5512,0.222549,14.4511,64.6121,87.999,12.5471,CRITICA,13.6912,0.828836,14.1376,39.3605,0.23965,0.22902,7.684,2.9075,1,1,3368.138,nan
b0155,abierto,B25,106.5512,0.222549,24.5052,74.0544,81.4532,15.75,CRITICA,15.3067,0.883929,14.2412,30.4988,0.233708,0.236177,5.0138,6.1234,1,1,3445.899,nan
b0155,abierto,B40,106.5512,0.222549,39.525,83.1903,50.2746,20.287,BIEN,17.3877,0.929124,15.346,21.9246,0.227433,0.237672,2.1943,6.795,1,1,3414.135,nan
b0256,abierto,B5,111.3167,0.217771,4.4118,45.1871,100.0,8.1619,CRITICA,10.6762,0.644217,15.9849,59.4067,0.238507,nan,9.5219,nan,1,1,3563.792,nan
b0256,abierto,B10,111.3167,0.217771,9.4866,57.0885,89.9571,10.2749,CRITICA,12.0847,0.758114,14.5817,48.7152,0.238437,nan,9.4894,nan,1,1,2670.94,nan
b0256,abierto,B15,111.3167,0.217771,14.4784,64.6335,89.0004,12.0355,CRITICA,13.0782,0.812834,14.1491,41.9373,0.224536,nan,3.1064,nan,1,1,2651.817,nan
b0256,abierto,B25,111.3167,0.217771,24.5365,74.1,82.8097,15.115,CRITICA,14.6046,0.872925,14.2445,33.4332,0.225533,0.235384,3.5643,8.0875,1,1,3052.503,nan
b0256,abierto,B40,111.3167,0.217771,39.5039,83.2719,47.1831,19.518,BIEN,16.51,0.921083,15.336,25.1937,0.222146,0.220905,2.0087,1.4392,1,1,3096.934,nan
b0283,abierto,B5,112.5167,0.21094,4.4169,45.0544,100.0,8.5035,CRITICA,10.4774,0.638729,16.0084,59.9576,0.210958,nan,0.0085,nan,1,1,3579.098,nan
b0283,abierto,B10,112.5167,0.21094,9.4877,57.0009,88.5812,10.7522,CRITICA,11.8581,0.753492,14.5964,49.3401,0.219362,nan,3.9925,nan,1,1,3582.945,nan
b0283,abierto,B15,112.5167,0.21094,14.4766,64.4804,87.7292,12.5552,CRITICA,12.8139,0.80857,14.174,42.6926,0.222733,nan,5.5905,nan,1,1,3050.641,nan
b0283,abierto,B25,112.5167,0.21094,24.4684,73.9251,82.0431,15.7166,CRITICA,14.2839,0.868985,14.2659,34.2985,0.222421,0.216991,5.4426,2.8683,1,1,3503.854,nan
b0283,abierto,B40,112.5167,0.21094,39.5035,83.1596,50.0553,20.2412,BIEN,16.1289,0.917733,15.3605,26.0913,0.223701,0.218138,6.0492,3.412,1,1,3869.969,nan
b0299,abierto,B5,113.0913,0.213285,4.4389,45.1364,100.0,8.4391,CRITICA,10.4216,0.636094,15.9864,60.0885,nan,nan,nan,nan,1,0,3552.398,nan
b0299,abierto,B10,113.0913,0.213285,9.5142,57.0823,88.8005,10.7147,CRITICA,11.7966,0.750019,14.5831,49.5255,0.231703,nan,8.6355,nan,1,1,3508.772,nan
b0299,abierto,B15,113.0913,0.213285,14.5073,64.5825,87.279,12.5017,CRITICA,12.7552,0.805574,14.1557,42.8935,0.223755,nan,4.9093,nan,1,1,3543.586,nan
b0299,abierto,B25,113.0913,0.213285,24.5351,74.0767,81.8588,15.6452,CRITICA,14.2168,0.866101,14.2535,34.4983,0.219943,0.217216,3.1219,1.8435,1,1,3408.316,nan
b0299,abierto,B40,113.0913,0.213285,39.5109,83.1877,50.9752,20.1312,BIEN,16.0404,0.915162,15.3539,26.442,0.210689,0.209418,1.2171,1.8131,1,1,3705.076,nan
b0457,abierto,B5,112.4892,0.174146,4.4495,44.8073,100.0,9.4713,CRITICA,10.1788,0.606179,15.9737,60.1674,0.189148,nan,8.6146,nan,1,1,3729.952,nan
b0457,abierto,B10,112.4892,0.174146,9.4871,56.8279,88.6782,11.9511,CRITICA,11.5122,0.71973,14.5754,49.4815,0.182497,0.198342,4.7949,13.8938,1,1,3677.823,nan
b0457,abierto,B15,112.4892,0.174146,14.4793,64.4187,82.9203,13.9355,CRITICA,12.4531,0.775673,14.1495,42.7335,0.184438,0.208607,5.9099,19.7884,1,1,3445.899,nan
b0457,abierto,B25,112.4892,0.174146,24.5591,73.8396,76.5355,17.3779,CRITICA,13.8873,0.840077,14.2636,34.3585,0.184534,0.193191,5.9648,10.9361,1,1,2328.289,nan
b0457,abierto,B40,112.4892,0.174146,39.4887,82.8589,58.3497,22.2752,BIEN,15.6816,0.894947,15.3919,26.3406,0.181186,0.189161,4.0423,8.6218,1,1,3558.719,nan
b0479,abierto,B5,114.0623,0.204017,4.4391,44.7042,100.0,9.6634,CRITICA,9.9108,0.592529,15.9711,60.8072,0.214255,nan,5.0181,nan,1,1,2431.907,nan
b0479,abierto,B10,114.0623,0.204017,9.4888,56.7844,89.3846,12.1452,CRITICA,11.2123,0.706592,14.5659,50.2163,0.201683,0.199655,1.1441,2.1385,1,1,2891.009,nan
b0479,abierto,B15,114.0623,0.204017,14.4615,64.3301,82.5069,14.1272,CRITICA,12.1254,0.763588,14.1467,43.6009,0.192921,0.200431,5.4388,1.7577,1,1,3425.831,nan
b0479,abierto,B25,114.0623,0.204017,24.4939,73.7469,75.9883,17.5902,CRITICA,13.5063,0.828113,14.2625,35.3451,0.204002,0.196866,0.0077,3.5055,1,1,1427.144,nan
b0479,abierto,B40,114.0623,0.204017,39.5091,82.8269,59.0114,22.4933,BIEN,15.2478,0.885096,15.3918,27.3845,0.207632,0.2017,1.7719,1.1358,1,1,3469.812,nan
c0029,abierto,B5,87.4683,0.30645,4.4534,40.8478,100.0,18.5878,CRITICA,11.7946,0.589265,16.2222,53.2999,0.309271,0.282891,0.9205,7.6877,1,1,3236.246,nan
c0029,abierto,B10,87.4683,0.30645,9.4792,53.6765,83.4676,20.9729,CRITICA,13.3791,0.732075,14.8298,38.6333,0.305322,0.308688,0.3681,0.7303,1,1,2533.57,nan
c0029,abierto,B15,87.4683,0.30645,14.5166,60.9144,73.6498,23.808,CRITICA,14.5098,0.777338,14.4707,30.3583,0.309264,0.303129,0.9182,1.0839,1,1,3485.535,nan
c0029,abierto,B25,87.4683,0.30645,24.555,70.2054,66.481,29.0776,CRITICA,16.3819,0.831203,14.6768,19.7362,0.314089,0.31294,2.4925,2.1178,1,1,2876.043,nan
c0029,abierto,B40,87.4683,0.30645,39.4833,79.1791,58.5864,36.1693,CRITICA,19.0011,0.88409,15.9668,9.4768,0.308477,0.30307,0.6614,1.1032,1,1,3536.068,nan
c0050,abierto,B5,90.9132,0.301011,4.4337,40.5083,100.0,19.0129,CRITICA,11.1589,0.586951,16.2574,55.4429,0.308562,0.26412,2.5083,12.2558,1,1,3442.341,nan
c0050,abierto,B10,90.9132,0.301011,9.4693,53.3583,80.3024,21.5907,CRITICA,12.6433,0.729756,14.8612,41.3085,0.304846,0.296563,1.2741,1.4778,1,1,3838.772,nan
c0050,abierto,B15,90.9132,0.301011,14.4719,60.6339,71.4646,24.5358,CRITICA,13.7079,0.777221,14.4925,33.3057,0.306557,0.332066,1.8425,10.3168,1,1,3500.175,nan
c0050,abierto,B25,90.9132,0.301011,24.4935,69.9371,65.9493,29.6419,CRITICA,15.4297,0.828259,14.712,23.0727,0.313263,0.305629,4.0703,1.534,1,1,1756.235,nan
c0050,abierto,B40,90.9132,0.301011,39.4866,78.8787,60.8201,37.0285,CRITICA,17.8798,0.882122,16.0251,13.2373,0.321026,0.305426,6.6493,1.4667,1,1,3538.57,nan
c0207,abierto,B5,117.4915,0.250696,4.3667,41.7445,100.0,17.3107,CRITICA,8.3892,0.526278,16.158,64.4702,0.237643,0.221876,5.2066,11.4961,1,1,3354.579,nan
c0207,abierto,B10,117.4915,0.250696,9.5543,54.1064,86.8656,20.086,CRITICA,9.4741,0.665597,14.7847,53.9487,0.254718,0.260142,1.6042,3.7678,1,1,3380.663,nan
c0207,abierto,B15,117.4915,0.250696,14.47,61.6006,71.1755,22.6641,CRITICA,10.2535,0.727441,14.3809,47.5702,0.251324,0.259166,0.2504,3.3783,1,1,3293.808,nan
c0207,abierto,B25,117.4915,0.250696,24.5162,70.8486,66.972,27.4219,CRITICA,11.4286,0.793877,14.5864,39.6989,0.244288,0.256648,2.556,2.3741,1,1,3417.635,nan
c0207,abierto,B40,117.4915,0.250696,39.5221,79.8223,58.5631,33.8758,CRITICA,12.9396,0.855859,15.8494,32.0612,0.246553,0.241387,1.6528,3.7133,1,1,3130.87,nan
c0268,abierto,B5,117.3226,0.269166,4.3676,42.787,100.0,14.8174,CRITICA,8.8354,0.510447,16.0994,63.5305,0.26256,0.252932,2.4542,6.0313,1,1,3508.772,nan
c0268,abierto,B10,117.3226,0.269166,9.5139,55.2679,87.4459,17.4457,CRITICA,10.0045,0.642583,14.6892,52.8924,0.269436,0.264335,0.1,1.7949,1,1,2470.356,nan
c0268,abierto,B15,117.3226,0.269166,14.4479,62.6694,75.6331,19.7225,CRITICA,10.812,0.703224,14.2896,46.5837,0.273703,0.263142,1.6853,2.2383,1,1,2048.341,nan
c0268,abierto,B25,117.3226,0.269166,24.5407,71.9527,66.4597,24.1141,CRITICA,12.0477,0.774224,14.4609,38.6711,0.271203,0.262347,0.7565,2.5335,1,1,3735.525,nan
c0268,abierto,B40,117.3226,0.269166,39.5256,81.0159,51.9067,30.022,BIEN,13.6168,0.842508,15.6653,30.9461,0.258764,0.265188,3.8646,1.478,1,1,3328.895,nan
c0292,abierto,B5,123.7112,0.33082,4.4136,42.8532,100.0,15.4037,CRITICA,8.2375,0.495743,16.098,65.3603,0.300791,0.264694,9.077,19.9883,1,1,3745.318,nan
c0292,abierto,B10,123.7112,0.33082,9.5116,55.1362,93.0331,17.7004,CRITICA,9.3046,0.629902,14.7083,55.4316,0.330771,0.289468,0.0148,12.4998,1,1,2851.44,nan
c0292,abierto,B15,123.7112,0.33082,14.4991,62.6401,73.2947,19.835,CRITICA,10.053,0.692534,14.3036,49.3659,0.332645,0.277625,0.5518,16.0797,1,1,3248.863,nan
c0292,abierto,B25,123.7112,0.33082,24.5457,71.9802,66.6596,24.23,CRITICA,11.192,0.764052,14.4693,41.816,0.321773,0.291222,2.7346,11.9697,1,1,3523.608,nan
c0292,abierto,B40,123.7112,0.33082,39.5385,81.0071,53.8862,30.1953,BIEN,12.6194,0.832297,15.6764,34.5192,0.332718,0.310503,0.574,6.1411,1,1,3710.575,nan
c0296,abierto,B5,124.4156,0.334806,4.4298,42.7142,100.0,15.8324,CRITICA,8.0979,0.490188,16.0891,65.6681,0.303447,0.255153,9.3663,23.7908,1,1,3449.465,nan
c0296,abierto,B10,124.4156,0.334806,9.5121,54.9604,92.4644,18.3143,CRITICA,9.1513,0.626024,14.7066,55.8252,0.329703,0.28788,1.5242,14.0159,1,1,3677.823,nan
c0296,abierto,B15,124.4156,0.334806,14.4796,62.4153,72.4097,20.488,CRITICA,9.8854,0.688826,14.3081,49.8333,0.328854,0.300422,1.7778,10.27,1,1,3345.601,nan
c0296,abierto,B25,124.4156,0.334806,24.5937,71.7786,66.254,25.0014,CRITICA,11.0111,0.761693,14.4817,42.3074,0.327172,0.288789,2.2801,13.7443,1,1,3306.878,nan
c0296,abierto,B40,124.4156,0.334806,39.5088,80.7928,53.4262,30.9338,BIEN,12.4051,0.829161,15.6863,35.0622,0.313705,0.300339,6.3026,10.2948,1,1,3673.769,nan
c0337,abierto,B5,108.3967,0.325039,4.38,42.4053,100.0,15.6883,CRITICA,9.6178,0.518236,16.1236,60.8795,0.318935,0.281221,1.8777,13.4807,1,1,2553.626,nan
c0337,abierto,B10,108.3967,0.325039,9.5075,54.9501,89.0547,18.1576,CRITICA,10.8885,0.651142,14.7172,49.3065,0.309746,0.306772,4.7048,5.6198,1,1,2413.71,nan
c0337,abierto,B15,108.3967,0.325039,14.4814,62.3134,75.408,20.7225,CRITICA,11.7816,0.710974,14.3237,42.5136,0.318495,0.298905,2.0133,8.04,1,1,3360.215,nan
c0337,abierto,B25,108.3967,0.325039,24.4713,71.5447,64.8994,25.2048,CRITICA,13.1551,0.780276,14.5041,33.9973,0.310737,0.309673,4.4001,4.7274,1,1,2617.801,nan
c0337,abierto,B40,108.3967,0.325039,39.5226,80.6515,54.4858,31.4659,BIEN,14.9981,0.850804,15.7273,25.596,0.313687,0.317759,3.4924,2.2396,1,1,3447.087,nan
c0358,abierto,B5,101.9,0.314931,4.3916,41.757,100.0,17.0479,CRITICA,10.2061,0.530877,16.1634,59.0216,0.31819,0.285087,1.0348,9.4764,1,1,3423.485,nan
c0358,abierto,B10,101.9,0.314931,9.5181,54.4113,87.475,19.4089,CRITICA,11.5507,0.671037,14.7634,46.6033,0.280869,0.2949,10.8156,6.3603,1,1,3667.033,nan
c0358,abierto,B15,101.9,0.314931,14.4886,61.7713,75.1674,21.9904,CRITICA,12.5036,0.727466,14.3757,39.3805,0.278671,0.294119,11.5136,6.6085,1,1,3786.444,nan
c0358,abierto,B25,101.9,0.314931,24.4995,71.0273,65.0294,26.7754,CRITICA,14.0084,0.794359,14.5671,30.297,0.298763,0.303658,5.1339,3.5793,1,1,3314.551,nan
c0358,abierto,B40,101.9,0.314931,39.5215,80.0935,54.8507,33.2345,BIEN,16.0384,0.861333,15.8134,21.3999,0.30733,0.309172,2.4133,1.8287,1,1,2047.083,nan
c0374,abierto,B5,96.4715,0.304384,4.4319,40.9505,100.0,18.6403,CRITICA,10.3705,0.554693,16.2077,57.5517,0.29369,0.265887,3.5135,12.6475,1,1,3187.759,nan
c0374,abierto,B10,96.4715,0.304384,9.5081,53.6312,83.78,21.3747,CRITICA,11.7247,0.697323,14.8163,44.4073,0.280167,0.293392,7.9562,3.6113,1,1,3698.225,nan
c0374,abierto,B15,96.4715,0.304384,14.4644,60.8733,73.5411,24.2991,CRITICA,12.6812,0.747775,14.4503,36.9002,0.281378,0.29785,7.5584,2.1467,1,1,3524.85,nan
c0374,abierto,B25,96.4715,0.304384,24.5067,70.1207,65.2526,29.6381,CRITICA,14.2422,0.809214,14.6684,27.3147,0.302461,0.300638,0.632,1.2309,1,1,2288.33,nan
c0374,abierto,B40,96.4715,0.304384,39.4928,79.1075,58.6272,36.8963,CRITICA,16.3719,0.870043,15.9642,17.9991,0.29772,0.29167,2.1893,4.1773,1,1,3013.864,nan
c0377,abierto,B5,94.5033,0.294371,4.4296,41.0725,100.0,18.3928,CRITICA,10.6333,0.567179,16.2021,56.5385,0.301751,0.257172,2.5072,12.6365,1,1,2718.13,nan
c0377,abierto,B10,94.5033,0.294371,9.4934,53.6021,83.9915,21.2671,CRITICA,12.0203,0.703163,14.8184,43.2802,0.28957,0.290253,1.6308,1.3987,1,1,2714.441,nan
c0377,abierto,B15,94.5033,0.294371,14.4843,60.8915,73.7041,24.302,CRITICA,13.0208,0.753839,14.4459,35.5668,0.292612,0.297067,0.5975,0.9158,1,1,3425.831,nan
c0377,abierto,B25,94.5033,0.294371,24.5011,70.1077,65.6388,29.5936,CRITICA,14.6213,0.813292,14.6683,25.8145,0.286236,0.299929,2.7633,1.8883,1,1,2827.255,nan
c0377,abierto,B40,94.5033,0.294371,39.5121,79.0919,58.3012,36.8853,CRITICA,16.8391,0.873248,15.9682,16.3078,0.296694,0.290211,0.7892,1.4129,1,1,3724.395,nan
c0417,abierto,B5,97.9939,0.29004,4.4497,40.5691,100.0,19.304,CRITICA,10.2629,0.547767,16.2162,58.6003,0.29719,0.264848,2.4652,8.6856,1,1,3219.575,nan
c0417,abierto,B10,97.9939,0.29004,9.517,53.3864,82.0955,21.7972,CRITICA,11.61,0.698107,14.8255,45.5207,0.30116,0.286463,3.834,1.2333,1,1,3492.84,nan
c0417,abierto,B15,97.9939,0.29004,14.5239,60.4928,72.433,24.7921,CRITICA,12.5603,0.750437,14.4795,38.2688,0.284178,0.293792,2.0209,1.2937,1,1,3087.373,nan
c0417,abierto,B25,97.9939,0.29004,24.537,69.8882,65.6485,29.9567,CRITICA,14.1092,0.810907,14.6764,28.681,0.291615,0.282627,0.5431,2.5559,1,1,2173.441,nan
c0417,abierto,B40,97.9939,0.29004,39.5306,78.8813,58.3167,37.1367,CRITICA,16.2345,0.872157,15.9769,19.5038,0.289088,0.281359,0.3279,2.993,1,1,2148.228,nan
c0430,abierto,B5,95.1566,0.29651,4.4154,40.7636,100.0,18.7008,CRITICA,10.7199,0.558953,16.2185,57.1616,0.316451,0.273445,6.7253,7.779,1,1,2161.228,nan
c0430,abierto,B10,95.1566,0.29651,9.4712,53.562,83.7528,21.16,CRITICA,12.1375,0.706113,14.8167,43.7118,0.305323,0.280683,2.9721,5.3378,1,1,2970.003,nan
c0430,abierto,B15,95.1566,0.29651,14.5085,60.8759,73.7837,24.0046,CRITICA,13.1521,0.756969,14.4407,36.0255,0.298226,0.294786,0.5788,0.5813,1,1,3039.514,nan
c0430,abierto,B25,95.1566,0.29651,24.5219,70.2127,66.3976,29.038,CRITICA,14.7794,0.816682,14.6443,26.2136,0.315514,0.283206,6.4092,4.4869,1,1,3266.906,nan
c0430,abierto,B40,95.1566,0.29651,39.518,79.2361,57.9906,36.0559,CRITICA,17.033,0.87614,15.9282,16.7309,0.28916,0.283436,2.4788,4.4093,1,1,2994.909,nan
d0006,abierto,B5,129.978,0.215322,4.4156,45.2123,100.0,7.8046,CRITICA,8.6988,0.492796,15.8506,65.2154,0.210064,nan,2.4419,nan,1,1,3672.42,nan
d0006,abierto,B10,129.978,0.215322,9.5375,57.5303,99.9903,9.7375,CRITICA,9.8811,0.604132,14.443,55.7385,0.224689,0.197226,4.3503,8.4041,1,1,3031.221,nan
d0006,abierto,B15,129.978,0.215322,14.4778,64.9172,87.5992,11.4006,CRITICA,10.6937,0.664911,14.0233,50.0552,0.22232,0.20297,3.2499,5.7365,1,1,2886.003,nan
d0006,abierto,B25,129.978,0.215322,24.4938,74.4103,60.9715,14.1264,CRITICA,11.8933,0.739553,14.1271,42.7516,0.221314,0.203356,2.7829,5.5572,1,1,3280.84,nan
d0006,abierto,B40,129.978,0.215322,39.5309,83.5615,43.853,17.835,BIEN,13.325,0.811003,15.2254,35.711,0.226014,0.211303,4.9656,1.8667,1,1,2799.552,nan
d0023,abierto,B5,134.7074,0.220061,4.3785,45.1886,100.0,7.8059,CRITICA,8.2671,0.476092,15.8645,66.4543,0.209156,nan,4.9553,nan,1,1,3614.023,nan
d0023,abierto,B10,134.7074,0.220061,9.5094,57.4111,100.0,9.792,CRITICA,9.3831,0.584885,14.4636,57.3809,0.213678,0.196224,2.9007,10.8318,1,1,3025.718,nan
d0023,abierto,B15,134.7074,0.220061,14.4741,64.9713,87.1975,11.4347,CRITICA,10.16,0.64697,14.0293,51.7686,0.224045,0.208368,1.8102,5.3134,1,1,3209.243,nan
d0023,abierto,B25,134.7074,0.220061,24.4917,74.3541,61.0181,14.2359,CRITICA,11.2796,0.721657,14.1392,44.8032,0.23164,0.208744,5.2619,5.1427,1,1,3012.048,nan
d0023,abierto,B40,134.7074,0.220061,39.5049,83.5309,44.4177,17.9465,BIEN,12.6023,0.79347,15.2358,37.9908,0.2281,0.214741,3.6533,2.4177,1,1,2123.142,nan
d0054,abierto,B5,130.7335,0.208247,4.3701,45.1453,100.0,7.8238,CRITICA,8.6225,0.499619,15.8727,65.4677,0.202658,0.204499,2.6839,1.8001,1,1,2198.769,nan
d0054,abierto,B10,130.7335,0.208247,9.4986,57.4283,100.0,9.8057,CRITICA,9.7894,0.610874,14.4625,56.0722,0.209226,0.188924,0.4701,9.2789,1,1,2696.145,nan
d0054,abierto,B15,130.7335,0.208247,14.4454,64.8872,86.6929,11.4172,CRITICA,10.5957,0.671391,14.0359,50.3668,0.214501,0.194321,3.0031,6.6877,1,1,3125.977,nan
d0054,abierto,B25,130.7335,0.208247,24.4947,74.4024,62.5919,14.1471,CRITICA,11.7805,0.744199,14.1356,43.0885,0.216132,0.191376,3.7862,8.1018,1,1,2736.727,nan
d0054,abierto,B40,130.7335,0.208247,39.4878,83.5689,45.3919,17.8948,BIEN,13.1877,0.813805,15.2319,36.0769,0.210276,0.20482,0.9739,1.6461,1,1,2602.811,nan
d0073,abierto,B5,133.7511,0.204412,4.3735,45.1251,100.0,7.8329,CRITICA,8.3467,0.484301,15.8752,66.2618,0.197724,nan,3.2716,nan,1,1,3580.379,nan
d0073,abierto,B10,133.7511,0.204412,9.5073,57.4164,100.0,9.7879,CRITICA,9.478,0.593724,14.4636,57.0722,0.201307,0.182561,1.5187,10.6893,1,1,3496.504,nan
d0073,abierto,B15,133.7511,0.204412,14.4401,64.8649,87.7836,11.448,CRITICA,10.2571,0.655534,14.0386,51.5033,0.212785,0.182819,4.0964,10.5635,1,1,3150.599,nan
d0073,abierto,B25,133.7511,0.204412,24.4948,74.3617,60.694,14.1854,CRITICA,11.3972,0.729859,14.1377,44.4029,0.211682,0.200289,3.5568,2.0169,1,1,3556.188,nan
d0073,abierto,B40,133.7511,0.204412,39.502,83.5472,44.1053,17.8651,BIEN,12.7404,0.800636,15.2329,37.5353,0.211905,0.206039,3.666,0.7961,1,1,3645.644,nan
d0115,abierto,B5,134.7699,0.179629,4.4003,45.2242,100.0,7.6668,CRITICA,8.2721,0.490784,15.8532,66.4434,0.185865,0.2014,3.4716,12.1204,1,1,2608.922,nan
d0115,abierto,B10,134.7699,0.179629,9.5105,57.4711,100.0,9.6178,CRITICA,9.3916,0.600053,14.4513,57.3561,0.185778,0.180743,3.4234,0.6203,1,1,3610.109,nan
d0115,abierto,B15,134.7699,0.179629,14.4801,65.0351,87.5468,11.176,CRITICA,10.1696,0.661136,14.0173,51.7436,0.194635,0.175879,8.3544,2.0874,1,1,3543.586,nan
d0115,abierto,B25,134.7699,0.179629,24.5017,74.4107,61.7167,13.9537,CRITICA,11.2896,0.734464,14.1276,44.7869,0.198433,0.177478,10.4682,1.1971,1,1,3672.42,nan
d0115,abierto,B40,134.7699,0.179629,39.4973,83.6057,44.2586,17.5942,BIEN,12.6154,0.803505,15.221,37.9641,0.191964,0.178945,6.8672,0.3805,1,1,3124.024,nan
d0131,abierto,B5,133.0212,0.207191,4.3765,45.1605,100.0,7.7719,CRITICA,8.4201,0.489197,15.8687,66.0502,0.199638,0.202329,3.6457,2.3465,1,1,3456.62,nan
d0131,abierto,B10,133.0212,0.207191,9.5057,57.4357,99.9981,9.7373,CRITICA,9.5607,0.598965,14.4598,56.8221,0.203191,0.179241,1.9305,13.4898,1,1,2943.774,nan
d0131,abierto,B15,133.0212,0.207191,14.4468,64.9254,87.0946,11.3579,CRITICA,10.349,0.660342,14.0309,51.1917,0.204417,0.173747,1.3392,16.1415,1,1,3713.331,nan
d0131,abierto,B25,133.0212,0.207191,24.4909,74.3819,61.8196,14.1363,CRITICA,11.4989,0.734345,14.1344,44.0827,0.203668,0.194624,1.7006,6.0655,1,1,3632.401,nan
d0131,abierto,B40,133.0212,0.207191,39.4969,83.5573,44.8563,17.825,BIEN,12.858,0.804331,15.2309,37.1849,0.210131,0.193276,1.4187,6.7163,1,1,3408.316,nan
d0184,abierto,B5,137.2668,0.207389,4.3743,45.2096,100.0,7.5238,CRITICA,8.0827,0.481751,15.8633,67.0644,0.18566,0.216015,10.4775,4.1594,1,1,3275.467,nan
d0184,abierto,B10,137.2668,0.207389,9.5043,57.4948,100.0,9.4392,CRITICA,9.1807,0.591179,14.4536,58.1145,0.200653,0.192554,3.2482,7.1534,1,1,3013.864,nan
d0184,abierto,B15,137.2668,0.207389,14.4433,64.9895,87.9602,10.9715,CRITICA,9.9336,0.651875,14.0239,52.6546,0.212745,0.17981,2.5824,13.2982,1,1,2141.786,nan
d0184,abierto,B25,137.2668,0.207389,24.507,74.5196,62.2096,13.5585,CRITICA,11.0285,0.72543,14.12,45.7118,0.21332,0.195144,2.8596,5.9042,1,1,2151.926,nan
d0184,abierto,B40,137.2668,0.207389,39.4935,83.6822,44.3595,17.1808,BIEN,12.3068,0.795181,15.2134,39.0369,0.219568,0.205891,5.8723,0.7222,1,1,3367.003,nan
d0342,abierto,B5,135.2343,0.21457,4.3668,45.1255,100.0,7.7126,CRITICA,8.2617,0.479575,15.8809,66.6316,0.199542,0.202131,7.0036,5.797,1,1,3003.905,nan
d0342,abierto,B10,135.2343,0.21457,9.5166,57.4717,100.0,9.6516,CRITICA,9.3864,0.589654,14.4611,57.5021,0.20676,0.180989,3.64,15.6505,1,1,3644.315,nan
d0342,abierto,B15,135.2343,0.21457,14.405,64.8924,88.0456,11.2528,CRITICA,10.1522,0.650846,14.039,52.0148,0.216214,0.185365,0.7664,13.611,1,1,3527.337,nan
d0342,abierto,B25,135.2343,0.21457,24.4755,74.5039,60.9909,13.9785,CRITICA,11.2915,0.725953,14.12,44.9076,0.209697,0.189611,2.2712,11.6322,1,1,3543.586,nan
d0342,abierto,B40,135.2343,0.21457,39.5214,83.6114,44.2702,17.5859,BIEN,12.5983,0.796205,15.226,38.1729,0.21256,0.204253,0.9365,4.8083,1,1,2918.856,nan
d0374,abierto,B5,134.0837,0.201444,4.363,45.1734,100.0,7.6917,CRITICA,8.3695,0.480899,15.8724,66.3095,0.201015,0.213874,0.2133,6.1704,1,1,3206.156,nan
d0374,abierto,B10,134.0837,0.201444,9.5083,57.4657,100.0,9.6392,CRITICA,9.5034,0.590982,14.4619,57.1419,0.209728,0.183553,4.1123,8.8817,1,1,3026.634,nan
d0374,abierto,B15,134.0837,0.201444,14.4255,64.9679,87.5041,11.2163,CRITICA,10.2855,0.652337,14.0321,51.5467,0.212502,0.197722,5.4894,1.8479,1,1,3490.401,nan
d0374,abierto,B25,134.0837,0.201444,24.4761,74.5147,61.7206,13.9775,CRITICA,11.4371,0.727549,14.1193,44.4267,0.210713,0.196928,4.6013,2.2419,1,1,3368.137,nan
d0374,abierto,B40,134.0837,0.201444,39.5177,83.5755,45.0659,17.6246,BIEN,12.7643,0.798053,15.2296,37.6691,0.203138,0.213891,0.8406,6.1789,1,1,3360.215,nan
d0398,abierto,B5,135.0996,0.222484,4.3614,45.1058,100.0,7.7431,CRITICA,8.2692,0.481636,15.8826,66.6129,0.197869,0.215221,11.0636,3.2645,1,1,3589.375,nan
d0398,abierto,B10,135.0996,0.222484,9.5073,57.4366,100.0,9.7013,CRITICA,9.3934,0.591323,14.465,57.4857,0.208381,0.189495,6.3385,14.8276,1,1,3652.301,nan
d0398,abierto,B15,135.0996,0.222484,14.3884,64.863,87.8205,11.3104,CRITICA,10.1596,0.652342,14.0423,51.9887,0.223599,0.190282,0.5015,14.4735,1,1,3797.949,nan
d0398,abierto,B25,135.0996,0.222484,24.4806,74.4577,61.5032,14.0391,CRITICA,11.2972,0.727074,14.1277,44.8868,0.222698,0.202991,0.0963,8.7613,1,1,3346.72,nan
d0398,abierto,B40,135.0996,0.222484,39.5208,83.5884,44.4022,17.6885,BIEN,12.6114,0.797261,15.228,38.1283,0.219901,0.210124,1.1609,5.5554,1,1,3399.048,nan
d0416,abierto,B5,134.9502,0.218655,4.3936,45.25,100.0,7.551,CRITICA,8.3072,0.488192,15.8554,66.4691,0.201525,0.210229,7.8344,3.8536,1,1,3273.322,nan
d0416,abierto,B10,134.9502,0.218655,9.5313,57.5578,100.0,9.4593,CRITICA,9.4346,0.598204,14.4468,57.3488,0.214506,0.187444,1.8977,14.2745,1,1,3813.882,nan
d0416,abierto,B15,134.9502,0.218655,14.4773,65.1244,88.3483,10.9615,CRITICA,10.2164,0.659159,14.0121,51.7419,0.23083,0.189145,5.568,13.4962,1,1,3915.427,nan
d0416,abierto,B25,134.9502,0.218655,24.4771,74.5628,61.1927,13.7036,CRITICA,11.3485,0.733191,14.1097,44.7479,0.224806,0.200603,2.8131,8.2561,1,1,4033.885,nan
d0416,abierto,B40,134.9502,0.218655,39.5131,83.6561,44.3692,17.268,BIEN,12.6622,0.802055,15.216,38.0096,0.223309,0.211041,2.1285,3.4825,1,1,3580.379,nan
d0417,abierto,B5,133.4991,0.212267,4.3628,45.1436,100.0,7.6707,CRITICA,8.4134,0.485807,15.8711,66.1843,0.199504,0.20402,6.0128,3.8851,1,1,3783.579,nan
d0417,abierto,B10,133.4991,0.212267,9.5075,57.4856,100.0,9.5881,CRITICA,9.5573,0.596387,14.4545,56.9393,0.2185,0.188556,2.9365,11.1705,1,1,3615.329,nan
d0417,abierto,B15,133.4991,0.212267,14.4419,64.9987,87.5332,11.1379,CRITICA,10.3453,0.657521,14.0243,51.3115,0.218206,0.192992,2.7977,9.0807,1,1,3549.876,nan
d0417,abierto,B25,133.4991,0.212267,24.4732,74.5241,62.1669,13.8874,CRITICA,11.5037,0.732448,14.1155,44.1763,0.21124,0.20893,0.4839,1.5719,1,1,3392.13,nan
d0417,abierto,B40,133.4991,0.212267,39.5191,83.6118,44.8602,17.5119,BIEN,12.8466,0.802501,15.2222,37.3691,0.214812,0.204145,1.1989,3.8263,1,1,2994.012,nan
d0467,abierto,B5,133.9749,0.209164,4.3693,45.1676,100.0,7.6817,CRITICA,8.3805,0.487748,15.8707,66.2866,0.194707,0.214472,6.912,2.5375,1,1,3414.134,nan
d0467,abierto,B10,133.9749,0.209164,9.512,57.4991,99.9981,9.5885,CRITICA,9.5193,0.59786,14.4546,57.0822,0.201721,0.188544,3.5585,9.8584,1,1,3577.817,nan
d0467,abierto,B15,133.9749,0.209164,14.4267,64.9712,87.8806,11.1795,CRITICA,10.3009,0.658985,14.0296,51.505,0.212995,0.190481,1.8316,8.9324,1,1,3572.704,nan
d0467,abierto,B25,133.9749,0.209164,24.4719,74.5068,61.2936,13.9209,CRITICA,11.4542,0.733246,14.1168,44.3875,0.212468,0.195315,1.5794,6.6214,1,1,3818.251,nan
d0467,abierto,B40,133.9749,0.209164,39.5239,83.5933,44.4255,17.5362,BIEN,12.7851,0.802695,15.2263,37.6053,0.212743,0.205912,1.711,1.5551,1,1,3749.531,nan
d0567,abierto,B5,131.7498,0.216509,4.3538,45.1358,100.0,7.7724,CRITICA,8.5758,0.500888,15.889,65.7412,0.200374,0.207998,7.4526,3.931,1,1,3895.598,nan
d0567,abierto,B10,131.7498,0.216509,9.4995,57.4257,100.0,9.7063,CRITICA,9.7373,0.611825,14.4717,56.4131,0.197279,0.18578,8.8821,14.1933,1,1,2610.284,nan
d0567,abierto,B15,131.7498,0.216509,14.4153,64.9317,87.1296,11.3032,CRITICA,10.5386,0.672706,14.0429,50.7159,0.198568,0.194344,8.2867,10.2375,1,1,3766.478,nan
d0567,abierto,B25,131.7498,0.216509,24.4595,74.5336,61.6915,14.0456,CRITICA,11.7247,0.746102,14.1254,43.4279,0.213892,0.192251,1.2088,11.2043,1,1,3721.623,nan
d0567,abierto,B40,131.7498,0.216509,39.5194,83.5722,45.4521,17.7087,BIEN,13.0977,0.813883,15.2405,36.5675,0.213106,0.202279,1.5718,6.5728,1,1,3379.52,nan
d0600,abierto,B5,132.3324,0.233118,4.3555,45.1671,100.0,7.7286,CRITICA,8.5305,0.491783,15.8793,65.8685,0.217888,0.211567,6.5334,9.2449,1,1,2579.314,nan
d0600,abierto,B10,132.3324,0.233118,9.5119,57.4588,100.0,9.685,CRITICA,9.6854,0.602514,14.4664,56.58,0.227261,0.200832,2.5126,13.8498,1,1,3570.154,nan
d0600,abierto,B15,132.3324,0.233118,14.43,64.9539,87.444,11.2718,CRITICA,10.4826,0.663683,14.0376,50.9161,0.225525,0.205891,3.2571,11.6794,1,1,3993.61,nan
d0600,abierto,B25,132.3324,0.233118,24.4622,74.5389,61.9554,14.0165,CRITICA,11.6613,0.73784,14.1203,43.673,0.223943,0.212832,3.936,8.7022,1,1,3748.126,nan
d0600,abierto,B40,132.3324,0.233118,39.5169,83.558,45.0678,17.7025,BIEN,13.0224,0.807382,15.2369,36.8575,0.224863,0.229027,3.5411,1.7548,1,1,1923.447,nan
d0767,abierto,B5,136.2842,0.204385,4.3718,45.2186,100.0,7.3874,CRITICA,8.2017,0.484153,15.8741,66.8204,0.205398,nan,0.4957,nan,1,1,3255.209,nan
d0767,abierto,B10,136.2842,0.204385,9.5076,57.4988,100.0,9.2595,CRITICA,9.315,0.594135,14.4603,57.8096,0.190911,0.180713,6.5927,11.582,1,1,3965.107,nan
d0767,abierto,B15,136.2842,0.204385,14.4473,65.0232,89.3516,10.7322,CRITICA,10.0823,0.654983,14.0268,52.2885,0.208803,0.18822,2.1617,7.9093,1,1,3348.962,nan
d0767,abierto,B25,136.2842,0.204385,24.5108,74.5321,61.9903,13.3149,CRITICA,11.1946,0.729021,14.1244,45.3113,0.21055,0.184457,3.0161,9.7502,1,1,2108.815,nan
d0767,abierto,B40,136.2842,0.204385,39.5065,83.714,43.7812,16.8526,BIEN,12.4961,0.798594,15.2127,38.574,0.211209,0.197562,3.3387,3.3383,1,1,1896.094,nan
d0853,abierto,B5,135.4113,0.209141,4.3398,45.1628,100.0,7.5763,CRITICA,8.2645,0.484626,15.8848,66.6477,0.202858,0.216076,3.0045,3.3158,1,1,2072.968,nan
d0853,abierto,B10,135.4113,0.209141,9.5068,57.4685,100.0,9.3874,CRITICA,9.3867,0.594898,14.4635,57.5601,0.198601,0.187471,5.0399,10.3613,1,1,3454.231,nan
d0853,abierto,B15,135.4113,0.209141,14.4344,64.9689,88.5987,10.9589,CRITICA,10.1572,0.65576,14.0357,52.0211,0.20603,0.18511,1.4877,11.4904,1,1,4017.678,nan
d0853,abierto,B25,135.4113,0.209141,24.5187,74.5054,62.0815,13.52,CRITICA,11.2796,0.729544,14.1312,44.9784,0.207155,0.184996,0.9496,11.545,1,1,3629.764,nan
d0853,abierto,B40,135.4113,0.209141,39.4795,83.7192,44.2004,17.1119,BIEN,12.5999,0.799733,15.2118,38.1741,0.207963,0.198324,0.5632,5.1724,1,1,3532.321,nan
d0866,abierto,B5,136.9556,0.225879,4.3582,45.2048,100.0,7.6385,CRITICA,8.1126,0.480956,15.878,66.9931,0.208942,nan,7.4982,nan,1,1,3144.654,nan
d0866,abierto,B10,136.9556,0.225879,9.518,57.4566,100.0,9.5258,CRITICA,9.2118,0.590305,14.4661,58.0473,0.215266,0.194739,4.6987,13.7861,1,1,2993.116,nan
d0866,abierto,B15,136.9556,0.225879,14.4302,64.9681,87.9175,11.068,CRITICA,9.9664,0.650838,14.0364,52.5626,0.21069,0.191681,6.7246,15.1401,1,1,3234.153,nan
d0866,abierto,B25,136.9556,0.225879,24.4954,74.4704,62.0641,13.6907,CRITICA,11.0638,0.725095,14.1341,45.6245,0.214136,0.201477,5.1989,10.8033,1,1,3895.598,nan
d0866,abierto,B40,136.9556,0.225879,39.5096,83.6478,44.7496,17.3272,BIEN,12.3469,0.794924,15.2241,38.9234,0.221599,0.203886,1.8948,9.7365,1,1,3528.581,nan
d0903,abierto,B5,135.564,0.204794,4.3532,45.1776,100.0,7.6876,CRITICA,8.2351,0.4843,15.8797,66.6743,0.203131,0.218643,0.8123,6.7621,1,1,3901.678,nan
d0903,abierto,B10,135.564,0.204794,9.5124,57.444,100.0,9.5256,CRITICA,9.3492,0.593859,14.4662,57.6259,0.208221,0.19331,1.673,5.6079,1,1,3608.805,nan
d0903,abierto,B15,135.564,0.204794,14.4411,64.9749,87.8884,11.1165,CRITICA,10.1198,0.655126,14.0352,52.0706,0.211193,0.188477,3.1244,7.9675,1,1,3815.338,nan
d0903,abierto,B25,135.564,0.204794,24.5022,74.4638,61.7769,13.7177,CRITICA,11.2337,0.728834,14.1353,45.0711,0.21445,0.195248,4.715,4.6612,1,1,2669.514,nan
d0903,abierto,B40,135.564,0.204794,39.4947,83.6346,44.8058,17.3562,BIEN,12.543,0.798797,15.2267,38.3062,0.203269,0.204385,0.7449,0.1996,1,1,3432.887,nan
d0929,abierto,B5,136.7708,0.182757,4.3466,45.232,100.0,7.4723,CRITICA,8.1639,0.48954,15.8808,66.9286,0.178322,0.203865,2.4267,11.5495,1,1,3819.709,nan
d0929,abierto,B10,136.7708,0.182757,9.51,57.4707,100.0,9.3132,CRITICA,9.2681,0.599302,14.4703,57.9803,0.165623,0.163506,9.3753,10.5338,1,1,3523.608,nan
d0929,abierto,B15,136.7708,0.182757,14.4357,65.0086,88.3794,10.7866,CRITICA,10.0278,0.659856,14.0368,52.4689,0.185953,0.161479,1.7485,11.6428,1,1,3174.603,nan
d0929,abierto,B25,136.7708,0.182757,24.4939,74.5045,62.425,13.3875,CRITICA,11.1321,0.733223,14.1337,45.526,0.179629,0.163908,1.7119,10.3136,1,1,3813.882,nan
d0929,abierto,B40,136.7708,0.182757,39.512,83.6723,45.2502,16.9358,BIEN,12.4214,0.801343,15.2246,38.823,0.186737,0.157428,2.1774,13.8593,1,1,3367.003,nan
d0974,abierto,B5,134.2066,0.208781,4.3504,45.172,100.0,7.6352,CRITICA,8.3574,0.491755,15.8819,66.3414,0.189482,0.214483,9.2437,2.7311,1,1,3883.495,nan
d0974,abierto,B10,134.2066,0.208781,9.5034,57.4507,100.0,9.49,CRITICA,9.4894,0.602319,14.4668,57.1923,0.194208,0.184915,6.9801,11.4314,1,1,3698.225,nan
d0974,abierto,B15,134.2066,0.208781,14.4431,64.9663,88.1387,11.0378,CRITICA,10.27,0.662892,14.0358,51.5923,0.2012,0.173296,3.6313,16.9962,1,1,3947.888,nan
d0974,abierto,B25,134.2066,0.208781,24.5133,74.478,62.2368,13.6712,CRITICA,11.407,0.73674,14.1345,44.5049,0.196804,0.180577,5.737,13.509,1,1,3611.412,nan
d0974,abierto,B40,134.2066,0.208781,39.485,83.6308,45.2619,17.304,BIEN,12.7438,0.805724,15.228,37.685,0.20678,0.190642,0.9587,8.6883,1,1,3841.721,nan
d1012,abierto,B5,134.735,0.205228,4.3656,45.2278,100.0,7.6038,CRITICA,8.3103,0.49286,15.8722,66.432,0.207901,0.194523,1.3025,5.2162,1,1,3547.357,nan
d1012,abierto,B10,134.735,0.205228,9.5058,57.4381,100.0,9.4684,CRITICA,9.4306,0.602651,14.4669,57.3696,0.210116,0.196601,2.3815,4.2038,1,1,3691.399,nan
d1012,abierto,B15,134.735,0.205228,14.4739,65.0396,88.2881,10.9934,CRITICA,10.2125,0.663825,14.028,51.7278,0.205953,0.183885,0.3531,10.3995,1,1,2675.227,nan
d1012,abierto,B25,134.735,0.205228,24.5024,74.4566,62.0932,13.6734,CRITICA,11.3344,0.736953,14.1367,44.7385,0.211098,0.197013,2.8604,4.0028,1,1,3561.253,nan
d1012,abierto,B40,134.735,0.205228,39.4901,83.623,44.9747,17.3047,BIEN,12.6611,0.805609,15.2291,37.9352,0.206285,0.195752,0.515,4.6175,1,1,3215.434,nan
e0058,abierto,B5,97.7452,0.304804,4.5153,41.8216,100.0,16.4233,CRITICA,11.0377,0.624295,16.3965,57.2136,0.304304,0.220527,0.1639,27.6495,1,1,3829.951,nan
e0058,abierto,B10,97.7452,0.304804,9.5117,54.0772,85.0259,19.661,CRITICA,12.4781,0.774608,14.998,44.6753,0.304532,0.272435,0.0893,10.6196,1,1,3405.994,nan
e0058,abierto,B15,97.7452,0.304804,14.5028,61.2757,67.1796,22.6647,CRITICA,13.515,0.821105,14.617,37.3107,0.289199,0.289122,5.1195,5.145,1,1,2348.52,nan
e0058,abierto,B25,97.7452,0.304804,24.528,70.6407,62.1281,27.7896,CRITICA,15.1757,0.865677,14.8054,27.7297,0.296429,0.304093,2.7476,0.2332,1,1,3547.357,nan
e0058,abierto,B40,97.7452,0.304804,39.522,79.6844,55.8656,34.5513,CRITICA,17.4604,0.906891,16.063,18.4774,0.301975,0.301105,0.928,1.2135,1,1,3786.444,nan
e0168,abierto,B5,94.2794,0.302774,4.528,41.64,100.0,16.721,CRITICA,11.4421,0.633588,16.4188,55.8334,0.301936,0.208551,0.2767,31.1197,1,1,3913.894,nan
e0168,abierto,B10,94.2794,0.302774,9.5005,53.817,83.9993,20.1033,CRITICA,12.9462,0.778878,15.0305,42.9175,0.302017,0.260787,0.2497,13.8673,1,1,3748.126,nan
e0168,abierto,B15,94.2794,0.302774,14.5301,60.9999,67.4067,23.1831,CRITICA,14.0302,0.824178,14.6662,35.2988,0.309281,0.296154,2.1494,2.1862,1,1,3815.338,nan
e0168,abierto,B25,94.2794,0.302774,24.5206,70.4134,61.969,28.3651,CRITICA,15.8,0.86672,14.845,25.3141,0.301488,0.304643,0.4247,0.6174,1,1,3487.967,nan
e0168,abierto,B40,94.2794,0.302774,39.49,79.3909,55.953,35.2648,CRITICA,18.2581,0.906034,16.1161,15.7918,0.303752,0.306715,0.323,1.3019,1,1,3846.154,nan
e0202,abierto,B5,95.4639,0.309876,4.4855,41.5331,100.0,16.8727,CRITICA,11.3583,0.624812,16.4176,56.4934,0.30743,0.22356,0.7895,27.855,1,1,3858.024,nan
e0202,abierto,B10,95.4639,0.309876,9.5039,53.875,86.1884,20.0282,CRITICA,12.8609,0.775855,15.0182,43.565,0.306124,0.259913,1.2109,16.1237,1,1,4004.806,nan
e0202,abierto,B15,95.4639,0.309876,14.5374,61.1172,67.0108,22.9781,CRITICA,13.931,0.822603,14.6487,35.9787,0.313386,0.285875,1.1327,7.7453,1,1,3444.712,nan
e0202,abierto,B25,95.4639,0.309876,24.5276,70.5385,61.3033,28.1048,CRITICA,15.6881,0.866508,14.8222,26.1098,0.305415,0.309962,1.4397,0.0276,1,1,3595.829,nan
e0202,abierto,B40,95.4639,0.309876,39.5122,79.521,55.0544,34.9119,CRITICA,18.1152,0.906752,16.0858,16.7004,0.301607,0.314602,2.6685,1.525,1,1,2658.867,nan
e0205,abierto,B5,98.4094,0.33,4.4491,41.5414,100.0,16.7684,CRITICA,11.0049,0.619681,16.4128,57.7871,0.308071,0.20447,6.6452,38.0395,1,1,2527.806,nan
e0205,abierto,B10,98.4094,0.33,9.515,53.9111,94.9019,19.9961,CRITICA,12.4738,0.771465,15.003,45.2176,0.312571,0.259134,5.2815,21.4746,1,1,1630.258,nan
e0205,abierto,B15,98.4094,0.33,14.5363,61.0598,66.0677,22.9616,CRITICA,13.5101,0.819037,14.6353,37.9533,0.320587,0.29544,2.8526,10.4729,1,1,3588.088,nan
e0205,abierto,B25,98.4094,0.33,24.5233,70.4947,59.6907,28.0441,CRITICA,15.1935,0.863492,14.8069,28.3659,0.318578,0.323927,3.4612,1.8404,1,1,3135.779,nan
e0205,abierto,B40,98.4094,0.33,39.5083,79.5208,53.958,34.7773,CRITICA,17.5012,0.906303,16.0633,19.1939,0.329154,0.313335,0.2566,5.05,1,1,3731.344,nan
e0278,abierto,B5,92.0341,0.302913,4.5315,41.5783,100.0,16.7326,CRITICA,11.7232,0.645533,16.4328,54.8229,0.295467,0.208646,2.4582,31.1202,1,1,2590.003,nan
e0278,abierto,B10,92.0341,0.302913,9.481,53.7886,83.8227,20.1829,CRITICA,13.2757,0.786888,15.0428,41.5557,0.289942,0.266746,4.2819,11.9397,1,1,3691.399,nan
e0278,abierto,B15,92.0341,0.302913,14.5308,60.9761,68.313,23.1451,CRITICA,14.3877,0.831027,14.6755,33.7461,0.284798,0.290651,5.9804,4.048,1,1,3702.333,nan
e0278,abierto,B25,92.0341,0.302913,24.5301,70.3271,62.9471,28.4022,CRITICA,16.211,0.8708,14.8651,23.5858,0.296392,0.310825,2.1528,2.6119,1,1,3389.83,nan
e0278,abierto,B40,92.0341,0.302913,39.4937,79.3375,56.4032,35.4872,CRITICA,18.7935,0.908255,16.1356,13.7955,0.299084,0.300502,1.2642,0.7959,1,1,3805.175,nan
e0281,abierto,B5,90.3227,0.304354,4.4812,41.4122,100.0,16.6999,CRITICA,11.9117,0.647247,16.4731,54.1509,0.304638,0.206851,0.0934,32.036,1,1,3840.246,nan
e0281,abierto,B10,90.3227,0.304354,9.4847,53.6569,82.6564,20.2819,CRITICA,13.5081,0.790578,15.0703,40.5942,0.31198,0.266934,2.5056,12.2948,1,1,3462.604,nan
e0281,abierto,B15,90.3227,0.304354,14.4934,60.9007,68.9185,23.3741,CRITICA,14.6533,0.834382,14.6926,32.5743,0.325172,0.308665,6.84,1.4163,1,1,3501.401,nan
e0281,abierto,B25,90.3227,0.304354,24.5189,70.2519,63.7913,28.4442,CRITICA,16.4897,0.870558,14.8906,22.2212,0.321667,0.30627,5.6885,0.6295,1,1,3604.903,nan
e0281,abierto,B40,90.3227,0.304354,39.5185,79.2892,57.292,35.5968,CRITICA,19.129,0.90598,16.1691,12.2157,0.311451,0.315039,2.3319,3.5109,1,1,3606.203,nan
e0287,abierto,B5,94.9805,0.30329,4.5325,41.7479,100.0,16.7472,CRITICA,11.3868,0.635747,16.3954,56.0458,0.291499,0.211379,3.8876,30.3046,1,1,3763.643,nan
e0287,abierto,B10,94.9805,0.30329,9.5362,53.8921,84.7018,20.1132,CRITICA,12.8821,0.778615,15.0184,43.2598,0.304309,0.262739,0.3358,13.3704,1,1,3724.395,nan
e0287,abierto,B15,94.9805,0.30329,14.5739,61.0717,66.6576,23.1635,CRITICA,13.9541,0.824869,14.6583,35.7008,0.310862,0.293828,2.4965,3.1198,1,1,3743.916,nan
e0287,abierto,B25,94.9805,0.30329,24.5528,70.4206,61.2354,28.4183,CRITICA,15.721,0.868806,14.8431,25.8578,0.304708,0.309358,0.4675,2.0007,1,1,3958.829,nan
e0287,abierto,B40,94.9805,0.30329,39.5282,79.4106,55.6308,35.2747,CRITICA,18.1574,0.90683,16.1104,16.3927,0.302763,0.292158,0.1739,3.6704,1,1,3783.58,nan
e0300,abierto,B5,92.9129,0.311715,4.5467,41.6143,100.0,16.7292,CRITICA,11.6477,0.641632,16.4249,55.2116,0.298716,0.212219,4.1702,31.919,1,1,3565.062,nan
e0300,abierto,B10,92.9129,0.311715,9.5036,53.7919,84.3855,20.0992,CRITICA,13.183,0.781844,15.0379,42.1051,0.296151,0.259763,4.9928,16.6665,1,1,3602.305,nan
e0300,abierto,B15,92.9129,0.311715,14.5205,61.0119,67.5581,23.087,CRITICA,14.2854,0.826659,14.6727,34.3343,0.317498,0.293144,1.8552,5.9577,1,1,3245.699,nan
e0300,abierto,B25,92.9129,0.311715,24.5209,70.3352,62.1553,28.3745,CRITICA,16.1061,0.869199,14.8594,24.2999,0.315123,0.305588,1.0934,1.9655,1,1,3696.858,nan
e0300,abierto,B40,92.9129,0.311715,39.5021,79.3881,55.9336,35.2861,CRITICA,18.6415,0.906216,16.1231,14.5564,0.321717,0.319042,3.2087,2.3506,1,1,3416.468,nan
e0322,abierto,B5,97.0838,0.301221,4.4385,41.3551,100.0,17.0915,CRITICA,11.1462,0.614827,16.4255,57.4027,0.27003,0.21501,10.3549,28.6204,1,1,2740.477,nan
e0322,abierto,B10,97.0838,0.301221,9.4962,53.8073,92.1074,20.2077,CRITICA,12.638,0.772865,15.0148,44.5764,0.282988,0.256073,6.0527,14.9882,1,1,2034.174,nan
e0322,abierto,B15,97.0838,0.301221,14.5322,61.0355,65.631,23.1314,CRITICA,13.689,0.819348,14.6448,37.1312,0.291134,0.283138,3.3485,6.0031,1,1,3743.916,nan
e0322,abierto,B25,97.0838,0.301221,24.5289,70.4048,59.7993,28.322,CRITICA,15.4133,0.864415,14.8212,27.4804,0.28744,0.302331,4.575,0.3687,1,1,3594.536,nan
e0322,abierto,B40,97.0838,0.301221,39.521,79.4391,54.1287,35.0867,CRITICA,17.774,0.905308,16.0819,18.1748,0.286286,0.301368,4.9579,0.0488,1,1,2959.455,nan
e0374,abierto,B5,93.7322,0.309423,4.5277,41.5519,100.0,16.9521,CRITICA,11.5498,0.637868,16.4158,55.6695,0.270226,0.200648,12.6677,35.1541,1,1,3795.066,nan
e0374,abierto,B10,93.7322,0.309423,9.505,53.7227,83.6791,20.2523,CRITICA,13.0716,0.782674,15.0356,42.6849,0.294961,0.254141,4.6738,17.8663,1,1,3943.218,nan
e0374,abierto,B15,93.7322,0.309423,14.548,60.9907,67.3136,23.2927,CRITICA,14.1694,0.826563,14.6677,34.9309,0.295372,0.274748,4.5411,11.2064,1,1,3595.829,nan
e0374,abierto,B25,93.7322,0.309423,24.5641,70.3465,61.4411,28.55,CRITICA,15.9781,0.870118,14.8506,24.9495,0.305127,0.30283,1.3882,2.1307,1,1,3853.565,nan
e0374,abierto,B40,93.7322,0.309423,39.5022,79.3226,55.4639,35.4381,CRITICA,18.4763,0.907328,16.1211,15.3732,0.314225,0.302094,1.5518,2.3685,1,1,3782.149,nan
e0553,abierto,B5,97.4391,0.302765,4.5225,41.9373,100.0,16.1388,CRITICA,11.1309,0.623679,16.3915,56.9605,0.306758,0.202248,1.3188,33.1997,1,1,3097.893,nan
e0553,abierto,B10,97.4391,0.302765,9.522,54.1833,85.6527,19.3126,CRITICA,12.5831,0.774519,14.9933,44.3927,0.314094,0.269283,3.7416,11.0588,1,1,3780.718,nan
e0553,abierto,B15,97.4391,0.302765,14.5623,61.4744,67.9326,22.2608,CRITICA,13.6214,0.820174,14.6205,36.9099,0.301294,0.299066,0.4861,1.2219,1,1,3392.131,nan
e0553,abierto,B25,97.4391,0.302765,24.5249,70.769,62.3222,27.4258,CRITICA,15.3057,0.866673,14.7973,27.371,0.314228,0.318315,3.7861,5.136,1,1,3723.008,nan
e0553,abierto,B40,97.4391,0.302765,39.4982,79.7736,55.5609,34.1461,CRITICA,17.6181,0.908067,16.0502,18.1298,0.317455,0.308468,4.8518,1.8836,1,1,3478.261,nan
e0647,abierto,B5,97.3769,0.310426,4.444,41.4248,100.0,17.0486,CRITICA,11.1302,0.614982,16.4168,57.4593,0.289099,0.21496,6.8701,30.7532,1,1,3448.276,nan
e0647,abierto,B10,97.3769,0.310426,9.5042,53.8594,91.9172,20.1121,CRITICA,12.6175,0.770955,15.0103,44.6898,0.304751,0.253115,1.8281,18.4621,1,1,3606.202,nan
e0647,abierto,B15,97.3769,0.310426,14.5651,61.0934,65.598,23.0339,CRITICA,13.6678,0.817501,14.6396,37.2609,0.298248,0.287121,3.9229,7.5072,1,1,3554.923,nan
e0647,abierto,B25,97.3769,0.310426,24.526,70.4232,59.8498,28.2174,CRITICA,15.3883,0.863475,14.8175,27.6798,0.297241,0.298959,4.2473,3.6937,1,1,2186.27,nan
e0647,abierto,B40,97.3769,0.310426,39.521,79.4574,54.0336,34.9596,CRITICA,17.7483,0.905472,16.0784,18.4022,0.287186,0.29663,7.4865,4.4442,1,1,3621.876,nan
e0680,abierto,B5,96.8882,0.30741,4.4513,41.661,100.0,16.6102,CRITICA,11.2292,0.623902,16.407,57.001,0.306639,0.197099,0.2506,35.8839,1,1,3738.317,nan
e0680,abierto,B10,96.8882,0.30741,9.4937,54.0121,89.5321,19.8628,CRITICA,12.726,0.773667,15.0041,44.2532,0.307883,0.244482,0.1538,20.4702,1,1,3819.71,nan
e0680,abierto,B15,96.8882,0.30741,14.5351,61.1988,68.2334,22.7989,CRITICA,13.7822,0.819663,14.6347,36.8356,0.30802,0.280614,0.1985,8.7165,1,1,3729.951,nan
e0680,abierto,B25,96.8882,0.30741,24.5217,70.5529,60.8764,27.9037,CRITICA,15.5103,0.865331,14.809,27.1811,0.301964,0.304066,1.7714,1.0878,1,1,3831.418,nan
e0680,abierto,B40,96.8882,0.30741,39.5018,79.6027,53.269,34.5532,CRITICA,17.8817,0.906508,16.0599,17.8407,0.300571,0.305207,2.2246,0.7166,1,1,3734.13,nan
e0737,abierto,B5,93.8367,0.297349,4.5162,42.0821,100.0,15.8038,CRITICA,11.7443,0.641462,16.392,55.1539,0.272374,0.204319,8.3992,31.2862,1,1,3588.088,nan
e0737,abierto,B10,93.8367,0.297349,9.4998,54.2418,85.1035,19.1619,CRITICA,13.2964,0.777839,15.0012,42.1955,0.276889,0.244988,6.8807,17.6092,1,1,3513.704,nan
e0737,abierto,B15,93.8367,0.297349,14.5138,61.4763,71.3598,22.0724,CRITICA,14.4156,0.826047,14.6219,34.4859,0.267037,0.266317,10.1939,10.4361,1,1,3846.154,nan
e0737,abierto,B25,93.8367,0.297349,24.5177,70.8655,61.8681,27.0401,CRITICA,16.2353,0.869626,14.7947,24.4799,0.277876,0.270168,6.5488,9.1409,1,1,3313.453,nan
e0737,abierto,B40,93.8367,0.297349,39.5241,79.9093,53.3428,33.6404,CRITICA,18.7548,0.909313,16.0394,14.8422,0.289255,0.2749,2.7219,7.5494,1,1,3831.418,nan
e0758,abierto,B5,96.961,0.286294,4.4532,41.8341,100.0,16.2656,CRITICA,11.2681,0.624588,16.3984,56.8548,0.297943,0.196949,4.0687,31.2075,1,1,3137.747,nan
e0758,abierto,B10,96.961,0.286294,9.4967,54.1419,89.798,19.6005,CRITICA,12.7708,0.772391,14.9959,44.1612,0.286826,0.237214,0.1857,17.1432,1,1,4038.772,nan
e0758,abierto,B15,96.961,0.286294,14.5379,61.3387,68.6817,22.4821,CRITICA,13.8281,0.818755,14.6258,36.7388,0.281019,0.266057,1.8426,7.0687,1,1,3958.828,nan
e0758,abierto,B25,96.961,0.286294,24.5208,70.6883,60.6474,27.5163,CRITICA,15.5572,0.865595,14.798,27.0961,0.283483,0.277496,0.9819,3.073,1,1,3728.561,nan
e0758,abierto,B40,96.961,0.286294,39.5139,79.7519,53.2225,34.1229,CRITICA,17.9338,0.907,16.0431,17.7485,0.297503,0.294774,3.9151,2.962,1,1,3549.875,nan
e0831,abierto,B5,92.2407,0.301837,4.535,41.6961,100.0,16.5011,CRITICA,11.7545,0.642658,16.4217,54.7964,0.289089,0.193176,4.2235,35.9998,1,1,3589.375,nan
e0831,abierto,B10,92.2407,0.301837,9.4838,53.8998,83.5588,19.9241,CRITICA,13.312,0.784905,15.0318,41.5661,0.290716,0.249007,3.6845,17.5028,1,1,3904.725,nan
e0831,abierto,B15,92.2407,0.301837,14.523,61.0812,69.0427,22.864,CRITICA,14.4258,0.829141,14.664,33.7806,0.296427,0.278514,1.7923,7.727,1,1,3320.053,nan
e0831,abierto,B25,92.2407,0.301837,24.519,70.4797,62.7899,28.0714,CRITICA,16.2524,0.870069,14.8467,23.5915,0.302459,0.297681,0.2063,1.3767,1,1,3741.115,nan
e0831,abierto,B40,92.2407,0.301837,39.5275,79.4951,55.0117,35.0901,CRITICA,18.8302,0.907729,16.1141,13.8178,0.307283,0.290154,1.8044,3.8704,1,1,3687.316,nan
e0861,abierto,B5,93.7521,0.299382,4.5154,41.4663,100.0,17.0373,CRITICA,11.5836,0.634634,16.4211,55.7703,0.278866,0.206879,6.8528,30.8981,1,1,3629.764,nan
e0861,abierto,B10,93.7521,0.299382,9.5092,53.7071,85.2025,20.2276,CRITICA,13.1204,0.77906,15.0342,42.7138,0.279428,0.247885,6.665,17.2011,1,1,3859.514,nan
e0861,abierto,B15,93.7521,0.299382,14.5171,60.9034,67.725,23.2989,CRITICA,14.2262,0.825013,14.6672,35.0378,0.291956,0.279586,2.4805,6.6122,1,1,3217.503,nan
e0861,abierto,B25,93.7521,0.299382,24.5131,70.3039,61.1054,28.4775,CRITICA,16.0385,0.867356,14.8476,25.0109,0.295395,0.304167,1.332,1.5983,1,1,3785.011,nan
e0861,abierto,B40,93.7521,0.299382,39.4876,79.3312,54.1384,35.2677,CRITICA,18.5663,0.906523,16.1105,15.382,0.297774,0.30337,0.5372,1.3318,1,1,3021.148,nan
e0888,abierto,B5,88.4792,0.296254,4.4415,41.3522,100.0,16.86,CRITICA,12.0744,0.655122,16.4858,53.2634,0.291966,0.224085,1.4473,24.3603,1,1,3606.203,nan
e0888,abierto,B10,88.4792,0.296254,9.4924,53.6343,78.4859,20.4024,CRITICA,13.6834,0.795601,15.0798,39.382,0.295014,0.264123,0.4183,10.8455,1,1,3992.016,nan
e0888,abierto,B15,88.4792,0.296254,14.5158,60.8821,70.8028,23.4944,CRITICA,14.8303,0.832921,14.7115,31.1905,0.296027,0.288951,0.0765,2.4649,1,1,3855.05,nan
e0888,abierto,B25,88.4792,0.296254,24.5372,70.1019,64.7926,28.8528,CRITICA,16.7116,0.87085,14.925,20.7702,0.295618,0.303678,0.2147,2.506,1,1,3612.717,nan
e0888,abierto,B40,88.4792,0.296254,39.5158,79.0697,57.2066,35.9929,CRITICA,19.3847,0.903199,16.2129,10.6347,0.296637,0.305194,0.1295,3.0179,1,1,3652.301,nan
e1060,abierto,B5,84.1714,0.326444,4.5399,42.0874,100.0,15.5316,CRITICA,12.8823,0.701871,16.433,49.998,0.31567,nan,3.3003,nan,1,1,3590.664,nan
e1060,abierto,B10,84.1714,0.326444,9.494,54.2794,78.4219,19.2351,CRITICA,14.6047,0.81675,15.0314,35.5132,0.315908,0.283344,3.2275,13.2028,1,1,3608.806,nan
e1060,abierto,B15,84.1714,0.326444,14.5311,61.457,73.9467,22.2079,CRITICA,15.8298,0.850596,14.6638,26.9858,0.315298,0.287059,3.4142,12.0648,1,1,3874.467,nan
e1060,abierto,B25,84.1714,0.326444,24.4833,70.7477,66.809,27.2766,CRITICA,17.8221,0.881598,14.8461,15.948,0.315382,0.301971,3.3884,7.4967,1,1,3466.204,nan
e1060,abierto,B40,84.1714,0.326444,39.5222,79.7521,58.2526,34.4865,CRITICA,20.6228,0.910545,16.116,5.2503,0.31381,0.309967,3.8701,5.0473,1,1,3388.682,nan
e1065,abierto,B5,98.5042,0.315355,4.4376,41.9648,100.0,15.9998,CRITICA,11.0084,0.627634,16.3851,57.3979,0.320582,nan,1.6575,nan,1,1,3274.394,nan
e1065,abierto,B10,98.5042,0.315355,9.4619,54.377,89.4215,19.267,CRITICA,12.4659,0.777391,14.966,44.7973,0.31388,0.270648,0.4677,14.1767,1,1,3576.538,nan
e1065,abierto,B15,98.5042,0.315355,14.5081,61.6156,67.494,22.1565,CRITICA,13.5139,0.824349,14.574,37.4488,0.310073,0.304123,1.6747,3.5617,1,1,3748.126,nan
e1065,abierto,B25,98.5042,0.315355,24.5096,70.8939,61.4896,27.0921,CRITICA,15.1581,0.869113,14.7613,28.0296,0.302482,0.32105,4.082,1.8058,1,1,3738.318,nan
e1065,abierto,B40,98.5042,0.315355,39.5068,79.9311,56.2576,33.8585,CRITICA,17.4366,0.911138,16.0087,18.8551,0.31648,0.314215,0.3569,0.3615,1,1,3731.343,nan
g0075,abierto,B5,106.0066,0.266253,4.4684,43.581,100.0,12.6312,CRITICA,10.3535,0.585364,15.9095,58.8885,0.260937,0.238987,1.9969,10.2407,1,1,3423.485,nan
g0075,abierto,B10,106.0066,0.266253,9.3725,55.9797,99.9728,15.2893,CRITICA,11.782,0.700007,14.5015,47.1923,0.260576,0.261995,2.1324,1.5993,1,1,2962.085,nan
g0075,abierto,B15,106.0066,0.266253,14.5165,63.1615,76.4463,17.5282,CRITICA,12.7686,0.756318,14.1341,40.4174,0.268176,0.254874,0.7219,4.2739,1,1,3203.075,nan
g0075,abierto,B25,106.0066,0.266253,24.4884,72.6831,56.0228,21.4733,CRITICA,14.3651,0.822983,14.2603,31.4353,0.27422,0.263171,2.9922,1.1578,1,1,3357.958,nan
g0075,abierto,B40,106.0066,0.266253,39.4958,81.7237,46.7019,26.8424,BIEN,16.4353,0.885413,15.4447,22.907,0.266934,0.26718,0.2557,0.3482,1,1,3721.623,nan
g0149,abierto,B5,105.3766,0.271718,4.4837,43.4607,100.0,12.9591,CRITICA,10.3625,0.589203,15.8894,58.7568,0.2709,0.256251,0.3009,5.6922,1,1,3402.518,nan
g0149,abierto,B10,105.3766,0.271718,9.3793,55.9264,99.9049,15.5601,CRITICA,11.8016,0.705173,14.4792,46.9272,0.281441,0.276973,3.5786,1.9342,1,1,3703.703,nan
g0149,abierto,B15,105.3766,0.271718,14.4937,63.1292,75.3925,17.9192,CRITICA,12.8099,0.760999,14.1029,40.0919,0.291332,0.279653,7.2186,2.9205,1,1,3081.664,nan
g0149,abierto,B25,105.3766,0.271718,24.4922,72.5995,56.1315,21.7895,CRITICA,14.3979,0.825226,14.2502,31.1048,0.291421,0.284357,7.2516,4.6515,1,1,3581.662,nan
g0149,abierto,B40,105.3766,0.271718,39.5028,81.6809,45.4016,27.2477,BIEN,16.5061,0.887201,15.4307,22.4867,0.290981,0.284089,7.0896,4.5529,1,1,3776.435,nan
h0047,abierto,B5,55.8931,0.215968,4.4933,38.2305,99.9709,22.733,CRITICA,18.5942,0.763932,16.0877,31.6006,0.2145,0.220411,0.6795,2.0574,1,1,3920.031,nan
h0047,abierto,B10,55.8931,0.215968,9.5523,49.9867,93.3921,27.2957,CRITICA,21.7528,0.84053,14.7575,10.5672,0.212726,0.23196,1.5009,7.405,1,1,3489.184,nan
h0047,abierto,B15,55.8931,0.215968,14.555,57.1798,68.5245,30.4522,CRITICA,23.464,0.849574,14.4188,2.3021,0.214849,0.230543,0.5181,6.7488,1,1,3581.662,nan
h0047,abierto,B25,55.8931,0.215968,24.5364,66.3561,52.8285,36.006,CRITICA,23.6845,0.854605,14.6655,18.7198,0.212701,0.220344,1.5124,2.0265,1,1,2115.059,nan
h0047,abierto,B40,55.8931,0.215968,39.5495,75.6891,45.7412,42.7509,CRITICA,21.1052,0.848245,16.0218,35.4178,0.212401,0.217117,1.6517,0.5321,1,1,3505.082,nan
h0223,abierto,B5,59.106,0.214156,4.4832,38.7841,99.9418,21.8874,CRITICA,17.7455,0.756369,16.1237,34.3821,0.223138,0.231405,4.194,8.0544,1,1,3026.634,nan
h0223,abierto,B10,59.106,0.214156,9.5398,50.7051,94.0829,26.145,CRITICA,20.697,0.836773,14.7831,14.2132,0.221729,0.224238,3.536,4.7074,1,1,3226.847,nan
h0223,abierto,B15,59.106,0.214156,14.5565,57.9174,70.0751,29.2067,CRITICA,22.5212,0.846688,14.4412,2.0109,0.219504,0.220898,2.4972,3.1481,1,1,3692.762,nan
h0223,abierto,B25,59.106,0.214156,24.5322,67.0171,52.7606,34.7065,CRITICA,23.7992,0.857603,14.6828,13.3846,0.211516,0.222908,1.2329,4.0865,1,1,3767.897,nan
h0223,abierto,B40,59.106,0.214156,39.5502,76.3671,44.8815,41.2086,CRITICA,22.0693,0.855812,16.0162,29.2036,0.215212,0.220934,0.4929,3.165,1,1,3909.304,nan
h0256,abierto,B5,59.179,0.182587,4.4794,38.6909,99.9961,22.0286,CRITICA,17.7008,0.756342,16.1072,34.6205,0.189442,0.197331,3.7541,8.0751,1,1,3828.484,nan
h0256,abierto,B10,59.179,0.182587,9.5477,50.5468,93.9762,26.4266,CRITICA,20.6586,0.838169,14.7646,14.5867,0.181808,0.191765,0.4267,5.0263,1,1,3672.42,nan
h0256,abierto,B15,59.179,0.182587,14.5526,57.7303,70.7718,29.5056,CRITICA,22.4938,0.850064,14.4249,2.448,0.181686,0.18262,0.4938,0.0177,1,1,3623.188,nan
h0256,abierto,B25,59.179,0.182587,24.5477,66.8527,52.5879,35.0485,CRITICA,23.8142,0.861425,14.6655,12.9669,0.179076,0.185339,1.9231,1.507,1,1,3163.556,nan
h0256,abierto,B40,59.179,0.182587,39.5443,76.2142,44.8699,41.5375,CRITICA,22.0886,0.858884,15.9985,28.7858,0.17819,0.180927,2.4084,0.9095,1,1,3958.828,nan
h0261,abierto,B5,58.4707,0.189629,4.4958,38.5087,99.969,22.4286,CRITICA,17.8533,0.755173,16.1095,34.1402,0.193331,0.202444,1.952,6.7581,1,1,3539.823,nan
h0261,abierto,B10,58.4707,0.189629,9.5318,50.3748,93.7375,26.8538,CRITICA,20.8395,0.83506,14.77,13.8462,0.192511,0.200162,1.5197,5.5546,1,1,3640.335,nan
h0261,abierto,B15,58.4707,0.189629,14.5483,57.6084,70.4108,29.8839,CRITICA,22.655,0.845696,14.4334,1.4747,0.195139,0.196417,2.9058,3.5793,1,1,3825.555,nan
h0261,abierto,B25,58.4707,0.189629,24.5353,66.7358,52.6383,35.5054,CRITICA,23.8165,0.856506,14.677,14.1354,0.200886,0.191769,5.9361,1.1282,1,1,3901.678,nan
h0261,abierto,B40,58.4707,0.189629,39.5255,76.1092,45.161,42.1004,CRITICA,21.9069,0.854066,16.012,30.1664,0.199521,0.191019,5.2161,0.7329,1,1,3428.18,nan
h0300,abierto,B5,58.9475,0.189372,4.4834,38.6395,99.9631,22.1173,CRITICA,17.7151,0.757013,16.1451,34.4509,0.182501,0.197667,3.6279,4.3805,1,1,3650.968,nan
h0300,abierto,B10,58.9475,0.189372,9.5482,50.4433,93.8442,26.5911,CRITICA,20.6456,0.834138,14.8112,14.4267,0.190162,0.199532,0.4172,5.3656,1,1,3767.898,nan
h0300,abierto,B15,58.9475,0.189372,14.5509,57.6012,70.5409,29.7032,CRITICA,22.4729,0.842034,14.4758,2.2839,0.188029,0.195454,0.7089,3.212,1,1,3734.13,nan
h0300,abierto,B25,58.9475,0.189372,24.533,66.737,52.7354,35.2673,CRITICA,23.7687,0.852841,14.7175,13.2144,0.193174,0.190725,2.008,0.7145,1,1,3946.33,nan
h0300,abierto,B40,58.9475,0.189372,39.5338,76.09,45.1086,41.8767,CRITICA,22.0702,0.851521,16.0525,29.081,0.17935,0.192807,5.2918,1.8139,1,1,2527.167,nan
h0323,abierto,B5,55.9636,0.194831,4.4918,38.2463,99.8603,22.783,CRITICA,18.5163,0.761151,16.1141,31.6586,0.188188,0.202509,3.4098,3.941,1,1,3692.762,nan
h0323,abierto,B10,55.9636,0.194831,9.5543,49.9811,94.2789,27.4127,CRITICA,21.6133,0.838586,14.7868,10.69,0.19444,0.199677,0.2006,2.4874,1,1,3760.812,nan
h0323,abierto,B15,55.9636,0.194831,14.5396,57.1573,68.9903,30.5492,CRITICA,23.2934,0.846083,14.4513,2.133,0.188497,0.19855,3.251,1.909,1,1,3602.306,nan
h0323,abierto,B25,55.9636,0.194831,24.5318,66.3561,52.3822,36.1217,CRITICA,23.6019,0.849962,14.6972,18.5701,0.192521,0.191733,1.1857,1.5902,1,1,3762.227,nan
h0323,abierto,B40,55.9636,0.194831,39.5749,75.7191,45.4521,42.8583,CRITICA,21.1219,0.842445,16.0565,35.3005,0.186843,0.189049,4.1002,2.9678,1,1,3883.495,nan
h0329,abierto,B5,54.8175,0.195964,4.5201,38.2599,99.6778,22.8857,CRITICA,18.6759,0.77079,16.0985,30.2049,0.191732,0.203984,2.1597,4.0926,1,1,3163.556,nan
h0329,abierto,B10,54.8175,0.195964,9.5714,49.6703,92.9205,27.7529,CRITICA,21.7089,0.835008,14.8046,9.3897,0.205097,0.199149,4.6604,1.625,1,1,3547.357,nan
h0329,abierto,B15,54.8175,0.195964,14.5406,56.7773,68.6798,31.0704,CRITICA,23.2878,0.841902,14.4722,3.5752,0.196004,0.204495,0.0202,4.3534,1,1,2527.806,nan
h0329,abierto,B25,54.8175,0.195964,24.5438,65.9477,53.0497,36.8613,CRITICA,23.3356,0.844921,14.725,20.3041,0.196996,0.202185,0.5263,3.1746,1,1,3738.318,nan
h0329,abierto,B40,54.8175,0.195964,39.537,75.2164,46.3681,43.8205,CRITICA,20.8125,0.836873,16.1066,37.2123,0.197763,0.198615,0.9178,1.353,1,1,3500.175,nan
h0407,abierto,B5,56.4454,0.201511,4.4918,38.1984,99.8797,22.8201,CRITICA,18.356,0.760219,16.1526,32.3269,0.206355,0.211948,2.4037,5.1795,1,1,3586.801,nan
h0407,abierto,B10,56.4454,0.201511,9.5364,50.0372,93.394,27.3165,CRITICA,21.4167,0.838018,14.8174,11.3529,0.200644,0.206738,0.4303,2.5939,1,1,3281.917,nan
h0407,abierto,B15,56.4454,0.201511,14.5427,57.2031,69.1455,30.5007,CRITICA,23.1332,0.845529,14.4853,1.3423,0.203732,0.207791,1.1021,3.1164,1,1,3792.188,nan
h0407,abierto,B25,56.4454,0.201511,24.5271,66.3988,52.7315,36.1158,CRITICA,23.6475,0.849506,14.731,17.6336,0.19841,0.208975,1.5391,3.7042,1,1,3519.887,nan
h0407,abierto,B40,56.4454,0.201511,39.5425,75.7302,45.7471,42.8937,CRITICA,21.3212,0.842927,16.0899,34.1653,0.19322,0.198262,4.1145,1.6126,1,1,3664.346,nan
h0421,abierto,B5,56.8739,0.210762,4.4949,38.3691,99.9515,22.5392,CRITICA,18.2365,0.761671,16.094,32.5366,0.204929,0.20721,2.7674,1.6855,1,1,3127.933,nan
h0421,abierto,B10,56.8739,0.210762,9.5531,50.1218,93.5182,27.0912,CRITICA,21.2919,0.839408,14.7666,11.8721,0.210036,0.212845,0.3442,0.9884,1,1,3684.598,nan
h0421,abierto,B15,56.8739,0.210762,14.5503,57.2414,69.3706,30.305,CRITICA,23.0422,0.848197,14.4299,0.6461,0.203129,0.206425,3.6216,2.0576,1,1,3681.885,nan
h0421,abierto,B25,56.8739,0.210762,24.5377,66.4156,52.7334,35.9315,CRITICA,23.6651,0.854637,14.6727,16.777,0.204135,0.204781,3.1443,2.8377,1,1,2812.94,nan
h0421,abierto,B40,56.8739,0.210762,39.5506,75.7267,45.65,42.6773,CRITICA,21.4027,0.849736,16.029,33.1484,0.197207,0.206453,6.4314,2.0445,1,1,3755.163,nan
h0503,abierto,B5,57.7477,0.204377,4.4833,38.6715,99.9845,22.1471,CRITICA,18.2523,0.764435,16.1538,33.0338,0.190688,0.198267,6.6981,2.9898,1,1,3266.907,nan
h0503,abierto,B10,57.7477,0.204377,9.5267,50.573,94.7486,26.4596,CRITICA,21.3216,0.841926,14.8131,12.4243,0.200558,0.195679,1.8689,4.2558,1,1,3858.025,nan
h0503,abierto,B15,57.7477,0.204377,14.5467,57.7806,70.0033,29.4675,CRITICA,23.1049,0.850046,14.4744,0.0569,0.195251,0.199645,4.4652,2.3156,1,1,3765.06,nan
h0503,abierto,B25,57.7477,0.204377,24.5331,66.9794,52.2735,34.8824,CRITICA,23.8593,0.856128,14.7089,15.9863,0.195281,0.197374,4.4507,3.4264,1,1,3547.357,nan
h0503,abierto,B40,57.7477,0.204377,39.5484,76.3358,44.6525,41.3139,CRITICA,21.6593,0.850243,16.0423,32.1884,0.18754,0.197657,8.2383,3.2881,1,1,3331.112,nan
h0514,abierto,B5,57.3315,0.19472,4.497,38.5981,99.9825,22.2804,CRITICA,18.2868,0.767564,16.1284,32.6755,0.188275,0.204109,3.3099,4.8218,1,1,3799.392,nan
h0514,abierto,B10,57.3315,0.19472,9.5372,50.4053,94.3255,26.7492,CRITICA,21.3691,0.844129,14.7958,12.0809,0.206595,0.198454,6.0986,1.9175,1,1,3696.858,nan
h0514,abierto,B15,57.3315,0.19472,14.5425,57.5942,70.2672,29.8011,CRITICA,23.1303,0.85274,14.4586,0.4582,0.205828,0.204765,5.7047,5.1586,1,1,3565.063,nan
h0514,abierto,B25,57.3315,0.19472,24.5303,66.8067,52.3006,35.2422,CRITICA,23.7797,0.857301,14.6932,16.527,0.191581,0.192106,1.612,1.3421,1,1,3444.712,nan
h0514,abierto,B40,57.3315,0.19472,39.5508,76.1173,44.8679,41.7897,CRITICA,21.5364,0.851729,16.0394,32.7671,0.194682,0.188665,0.0192,3.1093,1,1,3762.227,nan
h0583,abierto,B5,64.5145,0.201267,4.495,39.1679,99.9981,21.4109,CRITICA,16.4168,0.729065,16.1251,39.2883,0.199597,0.207115,0.8295,2.9059,1,1,3332.222,nan
h0583,abierto,B10,64.5145,0.201267,9.5172,51.0784,92.4256,25.6653,CRITICA,19.0805,0.828585,14.7726,20.8266,0.197041,0.209279,2.0993,3.9811,1,1,3573.981,nan
h0583,abierto,B15,64.5145,0.201267,14.5323,58.1819,76.4424,28.72,CRITICA,20.9338,0.852528,14.433,9.8158,0.19352,0.197669,3.8487,1.7875,1,1,3115.265,nan
h0583,abierto,B25,64.5145,0.201267,24.5364,67.6334,53.0963,33.801,CRITICA,23.2499,0.870337,14.6396,4.8343,0.198938,0.199848,1.1572,0.7046,1,1,3533.569,nan
h0583,abierto,B40,64.5145,0.201267,39.5198,76.8688,43.5599,40.2956,CRITICA,23.4544,0.880945,15.9545,19.1495,0.201481,0.192559,0.1064,4.3263,1,1,3423.485,nan
i0008,abierto,B5,131.2395,0.184599,4.4043,45.2316,100.0,7.6867,CRITICA,8.5101,0.561989,15.9102,65.5351,0.179419,nan,2.806,nan,1,1,2543.882,nan
i0008,abierto,B10,131.2395,0.184599,9.4725,57.3462,93.2543,9.8968,CRITICA,9.6487,0.675869,14.5033,56.3041,0.188527,nan,2.1283,nan,1,1,3752.345,nan
i0008,abierto,B15,131.2395,0.184599,14.4949,64.9727,84.0459,11.4741,CRITICA,10.4307,0.735309,14.0699,50.493,0.191452,0.190656,3.7124,3.2813,1,1,3763.643,nan
i0008,abierto,B25,131.2395,0.184599,24.5384,74.3949,78.3287,14.2968,CRITICA,11.5749,0.801213,14.1803,43.3137,0.188547,0.193222,2.1392,4.6715,1,1,3473.429,nan
i0008,abierto,B40,131.2395,0.184599,39.5032,83.5139,49.8205,18.2768,BIEN,12.9399,0.858533,15.2787,36.3653,0.18329,0.18314,0.709,0.7901,1,1,3259.452,nan
i0075,abierto,B5,131.3709,0.180086,4.4032,45.2546,100.0,7.7072,CRITICA,8.4856,0.557487,15.9197,65.552,0.175972,nan,2.2843,nan,1,1,3427.005,nan
i0075,abierto,B10,131.3709,0.180086,9.4957,57.3627,92.674,9.9306,CRITICA,9.6237,0.671588,14.5058,56.3353,0.187748,nan,4.2545,nan,1,1,3947.888,nan
i0075,abierto,B15,131.3709,0.180086,14.4803,64.8972,84.2438,11.4982,CRITICA,10.3952,0.731255,14.0803,50.6,0.189339,0.196312,5.1381,9.0103,1,1,3086.42,nan
i0075,abierto,B25,131.3709,0.180086,24.5247,74.3437,79.1108,14.2848,CRITICA,11.5342,0.797313,14.189,43.4093,0.186115,0.183695,3.3479,2.0042,1,1,3700.962,nan
i0075,abierto,B40,131.3709,0.180086,39.5237,83.4887,51.6699,18.3355,BIEN,12.8982,0.855385,15.2927,36.4481,0.18531,0.183636,2.9009,1.9714,1,1,2768.549,nan
i0078,abierto,B5,134.155,0.185468,4.4146,45.2604,100.0,8.0458,CRITICA,8.2088,0.547142,15.9174,66.2626,0.187599,nan,1.1491,nan,1,1,3831.418,nan
i0078,abierto,B10,134.155,0.185468,9.4631,57.2645,99.6876,10.1794,CRITICA,9.2927,0.661015,14.518,57.3147,0.184948,nan,0.28,nan,1,1,3688.676,nan
i0078,abierto,B15,134.155,0.185468,14.5029,64.8359,82.897,11.8644,CRITICA,10.0472,0.720342,14.0892,51.6709,0.186812,0.195613,0.7247,5.4704,1,1,3921.568,nan
i0078,abierto,B25,134.155,0.185468,24.5079,74.2844,77.764,14.7748,CRITICA,11.1412,0.787951,14.1974,44.628,0.187073,0.181167,0.8658,2.3189,1,1,3513.703,nan
i0078,abierto,B40,134.155,0.185468,39.5283,83.3911,51.9863,18.9239,BIEN,12.4428,0.846874,15.3084,37.8398,0.181016,0.1902,2.4,2.5516,1,1,3460.208,nan
i0216,abierto,B5,139.02,0.178705,4.4118,45.3774,100.0,7.8941,CRITICA,7.8812,0.527994,15.9082,67.3591,0.182267,nan,1.993,nan,1,1,3883.495,nan
i0216,abierto,B10,139.02,0.178705,9.4776,57.3381,100.0,9.825,CRITICA,8.9228,0.64007,14.5148,58.7555,0.195788,nan,9.5589,nan,1,1,3640.335,nan
i0216,abierto,B15,139.02,0.178705,14.4974,65.0436,83.9081,11.3695,CRITICA,9.6513,0.701972,14.0682,53.2128,0.195741,0.201753,9.5327,12.8973,1,1,3616.636,nan
i0216,abierto,B25,139.02,0.178705,24.4621,74.5143,79.0526,14.0412,CRITICA,10.6949,0.771067,14.161,46.4003,0.188597,0.19281,5.5349,7.8927,1,1,3511.236,nan
i0216,abierto,B40,139.02,0.178705,39.5035,83.5856,47.1307,17.8094,BIEN,11.8993,0.831105,15.2746,39.8751,0.181959,0.184371,1.8205,3.1706,1,1,3633.721,nan
i0234,abierto,B5,138.2159,0.188528,4.4334,45.3936,100.0,8.0069,CRITICA,7.9167,0.533314,15.8969,67.1575,0.198902,nan,5.5024,nan,1,1,3705.076,nan
i0234,abierto,B10,138.2159,0.188528,9.4834,57.3453,100.0,9.9794,CRITICA,8.9605,0.645477,14.508,58.5104,0.199027,nan,5.569,nan,1,1,3705.076,nan
i0234,abierto,B15,138.2159,0.188528,14.4834,64.9825,83.3569,11.549,CRITICA,9.6858,0.706108,14.0693,52.9848,0.202125,0.207971,7.2123,10.3129,1,1,3668.378,nan
i0234,abierto,B25,138.2159,0.188528,24.4508,74.452,78.9128,14.3048,CRITICA,10.7367,0.775274,14.1637,46.1336,0.196259,0.194187,4.1008,3.0017,1,1,3298.153,nan
i0234,abierto,B40,138.2159,0.188528,39.5177,83.4981,48.7046,18.2753,BIEN,11.957,0.834452,15.2896,39.5887,0.187041,0.194288,0.7889,3.0551,1,1,3526.093,nan
i0249,abierto,B5,140.9356,0.165617,4.3922,45.2199,100.0,7.6177,CRITICA,7.6735,0.521512,15.9299,67.9145,0.180256,nan,8.839,nan,1,1,3641.66,nan
i0249,abierto,B10,140.9356,0.165617,9.4332,57.2649,100.0,9.7343,CRITICA,8.7047,0.634206,14.5163,59.368,0.184787,nan,11.5747,nan,1,1,3786.444,nan
i0249,abierto,B15,140.9356,0.165617,14.4463,64.943,82.6952,11.3136,CRITICA,9.416,0.694882,14.0728,53.92,0.178509,0.195886,7.7842,18.2766,1,1,3628.447,nan
i0249,abierto,B25,140.9356,0.165617,24.4287,74.4813,78.1521,14.192,CRITICA,10.4499,0.764288,14.1562,47.1522,0.179516,0.185329,8.3922,11.9022,1,1,3710.575,nan
i0249,abierto,B40,140.9356,0.165617,39.4643,83.5651,49.1781,17.9687,BIEN,11.623,0.824533,15.2694,40.7069,0.172804,0.172067,4.3393,3.8942,1,1,3620.565,nan
i0284,abierto,B5,135.1494,0.174754,4.4133,45.2809,100.0,7.7762,CRITICA,8.1604,0.544572,15.9091,66.4957,0.175594,nan,0.4808,nan,1,1,3984.063,nan
i0284,abierto,B10,135.1494,0.174754,9.4266,57.2567,100.0,9.6778,CRITICA,9.2358,0.657844,14.5113,57.6345,0.183185,nan,4.8245,nan,1,1,3729.951,nan
i0284,abierto,B15,135.1494,0.174754,14.4773,64.8787,84.0323,11.3852,CRITICA,9.993,0.718216,14.0765,51.9948,0.176853,0.191815,1.2012,9.7631,1,1,2337.541,nan
i0284,abierto,B25,135.1494,0.174754,24.4964,74.3862,79.7299,14.094,CRITICA,11.0829,0.786388,14.1747,44.96,0.185035,0.186535,5.8834,6.7418,1,1,3741.115,nan
i0284,abierto,B40,135.1494,0.174754,39.4997,83.5329,48.561,17.9751,BIEN,12.3688,0.84571,15.2708,38.1921,0.179987,0.182328,2.9944,4.3345,1,1,3557.453,nan
i0303,abierto,B5,129.4504,0.161292,4.3787,45.1161,100.0,7.9116,CRITICA,8.6185,0.569499,15.935,65.148,0.172328,nan,6.8418,nan,1,1,3783.579,nan
i0303,abierto,B10,129.4504,0.161292,9.4458,57.207,92.2898,10.2637,CRITICA,9.7694,0.68412,14.5225,55.8078,0.181951,nan,12.8083,nan,1,1,3257.329,nan
i0303,abierto,B15,129.4504,0.161292,14.5268,64.6487,83.8091,12.0178,CRITICA,10.5581,0.74251,14.1161,50.0591,0.174031,0.184434,7.898,14.3479,1,1,3459.011,nan
i0303,abierto,B25,129.4504,0.161292,24.4911,74.2996,79.8366,14.94,CRITICA,11.7301,0.810122,14.195,42.6038,0.170243,0.178228,5.5495,10.4997,1,1,3644.315,nan
i0303,abierto,B40,129.4504,0.161292,39.5005,83.4189,49.0423,19.0113,BIEN,13.1234,0.866449,15.2969,35.5592,0.168912,0.162424,4.7242,0.7018,1,1,2806.624,nan
i0323,abierto,B5,131.2593,0.171237,4.3811,45.0978,100.0,8.1639,CRITICA,8.4423,0.558976,15.9366,65.6422,0.180031,nan,5.1356,nan,1,1,3653.635,nan
i0323,abierto,B10,131.2593,0.171237,9.4583,57.199,92.839,10.5595,CRITICA,9.5718,0.673815,14.523,56.4229,0.184673,nan,7.8468,nan,1,1,3877.472,nan
i0323,abierto,B15,131.2593,0.171237,14.4532,64.7631,82.6641,12.2103,CRITICA,10.3393,0.733517,14.0954,50.6602,0.183728,0.185475,7.2945,8.315,1,1,2807.412,nan
i0323,abierto,B25,131.2593,0.171237,24.4555,74.25,78.3908,15.1288,CRITICA,11.4775,0.80064,14.1916,43.4326,0.178487,0.189243,4.234,10.5155,1,1,3579.098,nan
i0323,abierto,B40,131.2593,0.171237,39.5055,83.3539,49.966,19.3523,BIEN,12.8295,0.857663,15.3072,36.4968,0.173608,0.174218,1.3846,1.7411,1,1,3125.0,nan
i0338,abierto,B5,131.6569,0.186224,4.3882,45.2634,100.0,7.6764,CRITICA,8.4941,0.559692,15.9149,65.6202,0.180658,nan,2.989,nan,1,1,3541.077,nan
i0338,abierto,B10,131.6569,0.186224,9.481,57.3662,92.9224,9.9338,CRITICA,9.6331,0.673737,14.5051,56.4275,0.185564,nan,0.3545,nan,1,1,3739.716,nan
i0338,abierto,B15,131.6569,0.186224,14.4694,64.9548,84.4728,11.4083,CRITICA,10.4064,0.733787,14.0738,50.6636,0.194365,0.196252,4.3716,5.3845,1,1,3318.951,nan
i0338,abierto,B25,131.6569,0.186224,24.5132,74.3983,80.706,14.2532,CRITICA,11.5477,0.800121,14.1826,43.4908,0.188939,0.189635,1.4579,1.8315,1,1,3852.08,nan
i0338,abierto,B40,131.6569,0.186224,39.5046,83.5207,46.4263,18.1824,BIEN,12.9052,0.858131,15.2783,36.5618,0.185499,0.183582,0.3896,1.4191,1,1,3979.308,nan
i0347,abierto,B5,131.2627,0.173278,4.3692,45.2333,100.0,7.4628,CRITICA,8.5595,0.561001,15.9225,65.5398,0.188518,nan,8.795,nan,1,1,3766.479,nan
i0347,abierto,B10,131.2627,0.173278,9.4634,57.364,93.2155,9.6576,CRITICA,9.7117,0.675278,14.5048,56.2983,0.197972,nan,14.251,nan,1,1,3502.627,nan
i0347,abierto,B15,131.2627,0.173278,14.4669,64.944,85.2006,11.15,CRITICA,10.493,0.735767,14.0727,50.5237,0.181249,0.193709,4.5999,11.7906,1,1,3783.58,nan
i0347,abierto,B25,131.2627,0.173278,24.4652,74.4776,81.4027,13.8463,CRITICA,11.6556,0.802861,14.1595,43.2607,0.182755,0.183959,5.4689,6.1641,1,1,2919.708,nan
i0347,abierto,B40,131.2627,0.173278,39.5174,83.5656,46.4224,17.7696,BIEN,13.0206,0.859678,15.2756,36.3372,0.177478,0.18174,2.4234,4.8832,1,1,3695.492,nan
i0363,abierto,B5,133.4917,0.162346,4.3978,45.2532,100.0,7.9714,CRITICA,8.292,0.549968,15.918,66.1003,0.18369,nan,13.1476,nan,1,1,3792.188,nan
i0363,abierto,B10,133.4917,0.162346,9.4405,57.251,99.4372,10.1067,CRITICA,9.3889,0.663724,14.5171,57.1127,0.184138,nan,13.4235,nan,1,1,3868.472,nan
i0363,abierto,B15,133.4917,0.162346,14.509,64.8064,83.4326,11.726,CRITICA,10.1468,0.723182,14.0936,51.4529,0.180776,0.194652,11.3528,19.8999,1,1,2430.724,nan
i0363,abierto,B25,133.4917,0.162346,24.4773,74.3176,79.1127,14.6378,CRITICA,11.2639,0.791175,14.1858,44.3279,0.175535,0.18515,8.124,14.0466,1,1,3895.598,nan
i0363,abierto,B40,133.4917,0.162346,39.4882,83.4399,48.66,18.6471,BIEN,12.5738,0.849846,15.29,37.4943,0.175305,0.173422,7.9826,6.8228,1,1,2613.013,nan
i0365,abierto,B5,133.3032,0.178351,4.4141,45.2804,100.0,7.9796,CRITICA,8.303,0.553013,15.9085,66.032,0.182682,nan,2.4281,nan,1,1,3995.206,nan
i0365,abierto,B10,133.3032,0.178351,9.4486,57.2738,99.5789,10.1522,CRITICA,9.3991,0.666142,14.5132,57.0349,0.183082,nan,2.6527,nan,1,1,3880.481,nan
i0365,abierto,B15,133.3032,0.178351,14.5091,64.7938,83.2386,11.7813,CRITICA,10.1554,0.725419,14.0935,51.3937,0.179222,0.194848,0.4882,9.2498,1,1,2390.629,nan
i0365,abierto,B25,133.3032,0.178351,24.4907,74.3169,79.3456,14.6417,CRITICA,11.2693,0.79299,14.19,44.2498,0.175353,0.183992,1.681,3.163,1,1,2982.404,nan
i0365,abierto,B40,133.3032,0.178351,39.5327,83.4507,48.495,18.7537,BIEN,12.5873,0.851172,15.2979,37.3979,0.180536,0.178224,1.225,0.0715,1,1,3840.246,nan
i0441,abierto,B5,130.3481,0.174861,4.3805,45.1439,100.0,8.0159,CRITICA,8.5357,0.565308,15.9364,65.3667,0.174322,nan,0.3084,nan,1,1,3644.315,nan
i0441,abierto,B10,130.3481,0.174861,9.4398,57.1637,92.3131,10.3783,CRITICA,9.6719,0.679633,14.5295,56.1454,0.178717,nan,2.2053,nan,1,1,3957.262,nan
i0441,abierto,B15,130.3481,0.174861,14.5011,64.869,83.1842,12.0576,CRITICA,10.4647,0.73988,14.0855,50.234,0.179398,0.188312,2.5946,7.6927,1,1,3725.782,nan
i0441,abierto,B25,130.3481,0.174861,24.4922,74.2463,79.4873,14.8611,CRITICA,11.5984,0.805246,14.2009,43.04,0.177321,0.182614,1.4066,4.4337,1,1,3055.301,nan
i0441,abierto,B40,130.3481,0.174861,39.5059,83.399,49.2829,19.0841,BIEN,12.9792,0.862477,15.3032,36.0182,0.174271,0.178597,0.3376,2.1365,1,1,3656.307,nan
i0456,abierto,B5,128.4062,0.160253,4.3664,45.1388,100.0,7.7739,CRITICA,8.7368,0.56687,15.9329,64.8469,0.164101,nan,2.4011,nan,1,1,3473.428,nan
i0456,abierto,B10,128.4062,0.160253,9.4447,57.2334,92.7051,10.0189,CRITICA,9.9044,0.681741,14.5181,55.4279,0.176888,nan,10.3803,nan,1,1,3642.987,nan
i0456,abierto,B15,128.4062,0.160253,14.4967,64.8642,85.4373,11.7052,CRITICA,10.7184,0.741778,14.0775,49.4851,0.168532,0.178894,5.1663,11.6318,1,1,3581.662,nan
i0456,abierto,B25,128.4062,0.160253,24.5343,74.3592,78.8857,14.6828,CRITICA,11.9105,0.807917,14.1817,42.0906,0.171915,0.172204,7.2772,7.4577,1,1,3571.429,nan
i0456,abierto,B40,128.4062,0.160253,39.5137,83.4322,47.416,18.6179,BIEN,13.3209,0.865275,15.2958,35.0248,0.168507,0.167913,5.1503,4.7798,1,1,3239.391,nan
i0484,abierto,B5,130.5161,0.177996,4.3736,45.1503,100.0,7.9858,CRITICA,8.5185,0.560497,15.9355,65.4063,0.178394,nan,0.2232,nan,1,1,3734.13,nan
i0484,abierto,B10,130.5161,0.177996,9.4606,57.2238,92.2374,10.338,CRITICA,9.6571,0.675131,14.524,56.1557,0.183283,nan,2.9699,nan,1,1,2575.328,nan
i0484,abierto,B15,130.5161,0.177996,14.4987,64.8506,84.0808,12.0426,CRITICA,10.444,0.734828,14.0876,50.3122,0.18983,0.19637,6.6485,10.3226,1,1,3005.711,nan
i0484,abierto,B25,130.5161,0.177996,24.511,74.2695,78.5829,14.829,CRITICA,11.5792,0.801043,14.199,43.0955,0.18911,0.191421,6.2436,7.5421,1,1,3713.331,nan
i0484,abierto,B40,130.5161,0.177996,39.529,83.3994,48.5746,19.0218,BIEN,12.9562,0.858985,15.3084,36.1003,0.177642,0.172805,0.1989,2.9166,1,1,3829.951,nan
i0502,abierto,B5,129.0486,0.169086,4.351,45.1736,100.0,7.6057,CRITICA,8.712,0.56646,15.937,64.9948,0.17642,nan,4.3376,nan,1,1,3665.689,nan
i0502,abierto,B10,129.0486,0.169086,9.4517,57.2474,92.8603,9.8434,CRITICA,9.8764,0.681351,14.5221,55.6389,0.184258,nan,8.9726,nan,1,1,3671.072,nan
i0502,abierto,B15,129.0486,0.169086,14.5118,64.8083,85.546,11.491,CRITICA,10.6822,0.740787,14.094,49.7799,0.185502,0.183009,9.7089,8.2343,1,1,3940.11,nan
i0502,abierto,B25,129.0486,0.169086,24.5224,74.4149,80.4867,14.4248,CRITICA,11.8731,0.80827,14.1819,42.3357,0.175344,0.183716,3.7008,8.6522,1,1,3907.776,nan
i0502,abierto,B40,129.0486,0.169086,39.5258,83.4997,47.0473,18.3229,BIEN,13.2777,0.865266,15.2918,35.2959,0.170358,0.173854,0.7524,2.8196,1,1,3473.428,nan
i0520,abierto,B5,130.1283,0.157734,4.3586,45.1386,100.0,7.8667,CRITICA,8.5541,0.56319,15.9377,65.3122,0.172391,nan,9.2921,nan,1,1,3637.686,nan
i0520,abierto,B10,130.1283,0.157734,9.4302,57.1737,91.9327,10.1723,CRITICA,9.6945,0.677908,14.5274,56.0636,0.183685,nan,16.4523,nan,1,1,3745.318,nan
i0520,abierto,B15,130.1283,0.157734,14.5223,64.695,84.7678,11.9416,CRITICA,10.482,0.73646,14.1142,50.2837,0.180567,0.18765,14.4757,18.9661,1,1,3877.472,nan
i0520,abierto,B25,130.1283,0.157734,24.4852,74.2685,79.8269,14.5812,CRITICA,11.6309,0.804219,14.1943,42.9267,0.170675,0.17962,8.2042,13.8755,1,1,3897.116,nan
i0520,abierto,B40,130.1283,0.157734,39.5107,83.4297,48.301,18.7393,BIEN,13.0163,0.862,15.2978,35.8866,0.160753,0.165383,1.914,4.8496,1,1,3859.513,nan
i0524,abierto,B5,130.0517,0.162432,4.3509,45.1209,100.0,7.8478,CRITICA,8.5657,0.563023,15.939,65.3054,0.179795,nan,10.6898,nan,1,1,3257.329,nan
i0524,abierto,B10,130.0517,0.162432,9.421,57.1574,92.02,10.1532,CRITICA,9.7079,0.677719,14.5286,56.0502,0.180719,nan,11.2583,nan,1,1,2957.705,nan
i0524,abierto,B15,130.0517,0.162432,14.5106,64.7788,85.088,11.8498,CRITICA,10.505,0.737513,14.0938,50.1899,0.175104,0.18257,7.8016,12.3979,1,1,4014.452,nan
i0524,abierto,B25,130.0517,0.162432,24.496,74.2906,79.7143,14.6303,CRITICA,11.6537,0.804291,14.1946,42.8761,0.163335,0.176572,0.5559,8.7053,1,1,4093.328,nan
i0524,abierto,B40,130.0517,0.162432,39.4863,83.4178,47.678,18.6686,BIEN,13.0341,0.861906,15.2963,35.858,0.156007,0.161637,3.9552,0.4896,1,1,3425.831,nan
i0730,abierto,B5,126.2707,0.157908,4.4226,45.0706,100.0,8.7044,CRITICA,8.85,0.578545,15.9401,64.3063,0.174149,nan,10.2848,nan,1,1,3813.883,nan
i0730,abierto,B10,126.2707,0.157908,9.4386,57.0743,91.6998,11.0504,CRITICA,10.0166,0.693701,14.5402,54.8,0.169703,nan,7.4693,nan,1,1,3755.163,nan
i0730,abierto,B15,126.2707,0.157908,14.5014,64.6377,82.3012,12.7239,CRITICA,10.8257,0.75268,14.1111,48.8102,0.168345,0.18284,6.6094,15.7888,1,1,3871.467,nan
i0730,abierto,B25,126.2707,0.157908,24.5038,74.1146,79.006,15.9263,CRITICA,12.0264,0.818129,14.2188,41.305,0.167687,0.173563,6.1927,9.9139,1,1,3735.525,nan
i0730,abierto,B40,126.2707,0.157908,39.4989,83.184,52.2094,20.2729,BIEN,13.4761,0.874138,15.3348,34.1225,0.170901,0.169508,8.2281,7.3462,1,1,3907.776,nan
i0802,abierto,B5,124.8662,0.198388,4.4496,45.1417,100.0,9.0002,CRITICA,8.9553,0.586536,15.9274,63.8479,0.191706,nan,3.3679,nan,1,1,3619.255,nan
i0802,abierto,B10,124.8662,0.198388,9.4792,57.0733,90.9566,11.3158,CRITICA,10.1254,0.700589,14.5398,54.2924,0.207829,nan,4.7591,nan,1,1,3494.06,nan
i0802,abierto,B15,124.8662,0.198388,14.5108,64.4824,82.1654,12.9984,CRITICA,10.9292,0.758101,14.1324,48.3588,0.205978,0.212349,3.8261,7.0375,1,1,3770.739,nan
i0802,abierto,B25,124.8662,0.198388,24.5741,74.1574,79.039,16.2805,CRITICA,12.1693,0.824105,14.2212,40.6105,0.203282,0.209959,2.4672,5.8328,1,1,3779.289,nan
i0802,abierto,B40,124.8662,0.198388,39.4922,83.114,50.7345,20.7549,BIEN,13.6372,0.878914,15.3462,33.4375,0.201614,0.193989,1.6261,2.2175,1,1,3524.85,nan
i0822,abierto,B5,124.973,0.162208,4.4582,45.1858,100.0,8.8846,CRITICA,8.9568,0.586967,15.9191,63.8436,0.164361,nan,1.3275,nan,1,1,3809.524,nan
i0822,abierto,B10,124.973,0.162208,9.4927,57.1317,90.7043,11.1791,CRITICA,10.1284,0.700912,14.5324,54.2848,0.175584,nan,8.2464,nan,1,1,3829.95,nan
i0822,abierto,B15,124.973,0.162208,14.5275,64.4595,82.6913,12.8768,CRITICA,10.9264,0.757439,14.1415,48.4212,0.171344,0.187191,5.6324,15.4022,1,1,3783.579,nan
i0822,abierto,B25,124.973,0.162208,24.6057,74.2264,79.5009,16.0925,CRITICA,12.1719,0.824182,14.2157,40.606,0.170133,0.174977,4.8857,7.8723,1,1,3901.678,nan
i0822,abierto,B40,124.973,0.162208,39.4949,83.1482,50.6841,20.4948,BIEN,13.6341,0.878689,15.3399,33.4671,0.160648,0.171272,0.9614,5.588,1,1,3665.689,nan
i0834,abierto,B5,125.2458,0.207497,4.4133,45.1003,100.0,8.6449,CRITICA,8.9692,0.581159,15.937,63.9906,0.205541,nan,0.943,nan,1,1,3601.008,nan
i0834,abierto,B10,125.2458,0.207497,9.4707,57.1601,91.4204,10.8737,CRITICA,10.1553,0.696411,14.5311,54.3616,0.214661,nan,3.4524,nan,1,1,3191.829,nan
i0834,abierto,B15,125.2458,0.207497,14.5369,64.5344,83.4132,12.5106,CRITICA,10.963,0.754312,14.1319,48.4738,0.214683,0.211975,3.4628,2.1578,1,1,3720.238,nan
i0834,abierto,B25,125.2458,0.207497,24.4513,74.128,80.576,15.6535,CRITICA,12.205,0.82189,14.1985,40.814,0.20838,0.209378,0.4251,0.9065,1,1,3865.481,nan
i0834,abierto,B40,125.2458,0.207497,39.517,83.2185,49.3295,19.8958,BIEN,13.6768,0.876695,15.3329,33.5559,0.209027,0.196916,0.7371,5.0997,1,1,3762.227,nan
i0909,abierto,B5,134.4207,0.176641,4.4098,45.2801,100.0,7.9022,CRITICA,8.1665,0.54703,15.9093,66.3146,0.186076,nan,5.3414,nan,1,1,3684.598,nan
i0909,abierto,B10,134.4207,0.176641,9.4479,57.2074,100.0,9.8525,CRITICA,9.2314,0.659886,14.5202,57.4415,0.182225,nan,3.1612,nan,1,1,3546.099,nan
i0909,abierto,B15,134.4207,0.176641,14.5123,64.8478,84.9269,11.6311,CRITICA,9.9889,0.719359,14.0939,51.7576,0.178726,0.19609,1.1805,11.0108,1,1,3541.077,nan
i0909,abierto,B25,134.4207,0.176641,24.5349,74.3568,78.4898,14.5609,CRITICA,11.0848,0.787558,14.1905,44.6835,0.176515,0.188448,0.0714,6.6844,1,1,3472.222,nan
i0909,abierto,B40,134.4207,0.176641,39.5117,83.4599,51.1673,18.5746,BIEN,12.3694,0.846314,15.2965,37.9115,0.174123,0.176741,1.4254,0.0569,1,1,3389.83,nan
i0977,abierto,B5,131.6056,0.190217,4.377,45.186,100.0,7.8403,CRITICA,8.4262,0.557009,15.9277,65.6656,0.193491,nan,1.7215,nan,1,1,3379.52,nan
i0977,abierto,B10,131.6056,0.190217,9.5124,57.3136,91.0419,10.1508,CRITICA,9.557,0.671082,14.5136,56.4505,0.196999,nan,3.5656,nan,1,1,3734.13,nan
i0977,abierto,B15,131.6056,0.190217,14.4749,64.8915,84.5272,11.6349,CRITICA,10.3138,0.730736,14.0882,50.6925,0.198225,0.194195,4.2103,2.0914,1,1,3785.011,nan
i0977,abierto,B25,131.6056,0.190217,24.5363,74.3383,78.9361,14.6124,CRITICA,11.4506,0.797437,14.1969,43.5143,0.197378,0.199136,3.7647,4.6889,1,1,3518.649,nan
i0977,abierto,B40,131.6056,0.190217,39.4758,83.4561,50.3425,18.631,BIEN,12.7927,0.85566,15.293,36.5862,0.195122,0.193062,2.5788,1.4956,1,1,3146.633,nan
i1031,abierto,B5,133.1476,0.176096,4.359,45.347,100.0,7.0257,CRITICA,8.4981,0.54996,15.9063,65.9423,0.171549,nan,2.5821,nan,1,1,3563.792,nan
i1031,abierto,B10,133.1476,0.176096,9.4781,57.5271,93.7006,9.0556,CRITICA,9.6472,0.664175,14.4891,56.7945,0.185301,nan,5.2276,nan,1,1,3877.472,nan
i1031,abierto,B15,133.1476,0.176096,14.4839,65.1731,87.5779,10.2943,CRITICA,10.4199,0.725117,14.0549,51.052,0.187279,0.193569,6.3507,9.9224,1,1,3913.894,nan
i1031,abierto,B25,133.1476,0.176096,24.4555,74.6628,83.4579,12.843,CRITICA,11.5692,0.793114,14.1396,43.9248,0.18566,0.189386,5.4313,7.5471,1,1,3640.335,nan
i1031,abierto,B40,133.1476,0.176096,39.5447,83.7709,40.942,16.538,BIEN,12.9122,0.85164,15.2479,37.0842,0.187402,0.180893,6.4207,2.7245,1,1,3514.938,nan
j0071,abierto,B5,138.3835,0.146983,4.4356,45.556,100.0,5.9742,CRITICA,8.1877,0.481514,15.8398,67.0799,0.154873,nan,5.368,nan,1,1,3711.953,nan
j0071,abierto,B10,138.3835,0.146983,9.4544,57.7928,100.0,7.4127,CRITICA,9.3055,0.592635,14.4296,58.2372,0.16129,0.173438,9.7334,17.9985,1,1,3300.33,nan
j0071,abierto,B15,138.3835,0.146983,14.4972,65.3624,94.5506,8.5566,CRITICA,10.0755,0.654807,13.9874,52.7672,0.157129,0.154033,6.9024,4.7959,1,1,2905.288,nan
j0071,abierto,B25,138.3835,0.146983,24.505,74.8777,72.2875,10.5967,CRITICA,11.1852,0.7285,14.0777,45.8911,0.15482,0.147842,5.3315,0.5839,1,1,3631.082,nan
j0071,abierto,B40,138.3835,0.146983,39.5031,84.0856,33.4627,13.38,BIEN,12.4691,0.797687,15.1494,39.2373,0.160188,0.145313,8.984,1.1363,1,1,3692.762,nan
j0077,abierto,B5,140.0625,0.175935,4.4326,45.4367,100.0,6.2389,CRITICA,7.9995,0.468517,15.8575,67.5597,0.186603,nan,6.0633,nan,1,1,3389.83,nan
j0077,abierto,B10,140.0625,0.175935,9.4131,57.6395,100.0,7.7354,CRITICA,9.0871,0.57837,14.4487,58.8473,0.192035,0.183972,9.151,4.5678,1,1,3620.565,nan
j0077,abierto,B15,140.0625,0.175935,14.4856,65.2813,93.7666,8.9367,CRITICA,9.8432,0.64106,14.0003,53.3913,0.198878,0.183037,13.0401,4.0364,1,1,3799.392,nan
j0077,abierto,B25,140.0625,0.175935,24.502,74.8161,72.7066,11.0429,CRITICA,10.9247,0.715232,14.0891,46.5837,0.198363,0.183292,12.7479,4.1814,1,1,3661.662,nan
j0077,abierto,B40,140.0625,0.175935,39.4583,84.0058,35.2501,13.9285,BIEN,12.1664,0.785823,15.1573,40.0226,0.194731,0.182336,10.6831,3.6378,1,1,3995.206,nan
j0114,abierto,B5,139.4847,0.168142,4.4442,45.5566,100.0,5.9716,CRITICA,8.0844,0.476687,15.8423,67.3393,0.183225,nan,8.9705,nan,1,1,3481.894,nan
j0114,abierto,B10,139.4847,0.168142,9.4418,57.751,100.0,7.4101,CRITICA,9.1846,0.587048,14.4359,58.5969,0.182458,0.177411,8.5143,5.5125,1,1,3796.507,nan
j0114,abierto,B15,139.4847,0.168142,14.4899,65.3622,94.7117,8.586,CRITICA,9.9481,0.650006,13.9901,53.1402,0.184712,0.17473,9.8551,3.9184,1,1,3695.492,nan
j0114,abierto,B25,139.4847,0.168142,24.5085,74.8645,72.1807,10.6411,CRITICA,11.0407,0.723768,14.0806,46.3278,0.181872,0.168506,8.1657,0.2164,1,1,3083.565,nan
j0114,abierto,B40,139.4847,0.168142,39.4897,84.0473,33.158,13.41,BIEN,12.2972,0.793113,15.1575,39.7444,0.188942,0.177299,12.3706,5.4459,1,1,3496.504,nan
j0128,abierto,B5,136.2113,0.172362,4.4744,45.3911,100.0,6.712,CRITICA,8.2334,0.479081,15.8445,66.6759,0.187075,nan,8.5366,nan,1,1,3841.721,nan
j0128,abierto,B10,136.2113,0.172362,9.4529,57.607,100.0,8.2504,CRITICA,9.3463,0.589081,14.4417,57.7076,0.181269,0.175123,5.1681,1.6023,1,1,3789.314,nan
j0128,abierto,B15,136.2113,0.172362,14.478,65.1648,92.5925,9.5787,CRITICA,10.1176,0.651519,14.0062,52.1591,0.191642,0.170426,11.1862,1.123,1,1,3735.525,nan
j0128,abierto,B25,136.2113,0.172362,24.4907,74.6427,72.1419,11.8633,CRITICA,11.2352,0.725527,14.1041,45.2008,0.184511,0.162666,7.0486,5.6254,1,1,3597.122,nan
j0128,abierto,B40,136.2113,0.172362,39.5133,83.8068,38.456,15.0367,BIEN,12.5407,0.796126,15.1948,38.473,0.183059,0.175869,6.2062,2.035,1,1,3832.886,nan
j0133,abierto,B5,139.491,0.147965,4.4394,45.5619,100.0,5.9038,CRITICA,8.0965,0.476846,15.8411,67.337,0.164471,nan,11.1559,nan,1,1,3703.704,nan
j0133,abierto,B10,139.491,0.147965,9.4417,57.7858,100.0,7.3243,CRITICA,9.1989,0.587323,14.4337,58.5738,0.151106,0.154399,2.1231,4.3487,1,1,3863.988,nan
j0133,abierto,B15,139.491,0.147965,14.4959,65.3861,94.4361,8.4909,CRITICA,9.9628,0.650161,13.9882,53.1253,0.151806,0.154166,2.5961,4.1912,1,1,3604.903,nan
j0133,abierto,B25,139.491,0.147965,24.5056,74.8964,72.9667,10.5097,CRITICA,11.0568,0.723664,14.0775,46.3074,0.162427,0.150628,9.7745,1.8004,1,1,3401.36,nan
j0133,abierto,B40,139.491,0.147965,39.488,84.0754,33.9013,13.2734,BIEN,12.3136,0.792864,15.1534,39.727,0.156927,0.151555,6.0573,2.4265,1,1,3933.911,nan
j0178,abierto,B5,127.1424,0.173479,4.4671,45.3911,100.0,6.2847,CRITICA,9.1082,0.5275,15.8505,64.299,0.175216,nan,1.0014,nan,1,1,3633.721,nan
j0178,abierto,B10,127.1424,0.173479,9.4809,57.6064,98.0768,7.8139,CRITICA,10.3506,0.641261,14.4422,54.6914,0.180266,0.178332,3.9123,2.7974,1,1,3591.954,nan
j0178,abierto,B15,127.1424,0.173479,14.4623,65.1741,94.2382,9.0585,CRITICA,11.2143,0.7029,14.0083,48.7393,0.169092,0.17218,2.5288,0.7488,1,1,3825.555,nan
j0178,abierto,B25,127.1424,0.173479,24.4974,74.669,72.1594,11.2506,CRITICA,12.4883,0.774631,14.1055,41.2713,0.170384,0.17039,1.7843,1.7807,1,1,3247.808,nan
j0178,abierto,B40,127.1424,0.173479,39.5086,83.8745,34.402,14.1922,BIEN,14.0095,0.840425,15.1866,34.031,0.179799,0.173588,3.6429,0.0627,1,1,3705.076,nan
j0218,abierto,B5,127.5553,0.188667,4.4442,45.3361,100.0,6.3005,CRITICA,9.0692,0.521029,15.8677,64.4577,0.183889,nan,2.5323,nan,1,1,3556.188,nan
j0218,abierto,B10,127.5553,0.188667,9.4585,57.5492,97.9254,7.888,CRITICA,10.3068,0.634395,14.4544,54.883,0.186737,0.173333,1.0228,8.1272,1,1,3769.318,nan
j0218,abierto,B15,127.5553,0.188667,14.44,65.1181,94.2634,9.15,CRITICA,11.1663,0.696199,14.0185,48.9491,0.185688,0.170961,1.579,9.3844,1,1,3620.565,nan
j0218,abierto,B25,127.5553,0.188667,24.4859,74.6694,71.942,11.3663,CRITICA,12.4415,0.768797,14.1054,41.4611,0.185896,0.16841,1.4686,10.737,1,1,2938.584,nan
j0218,abierto,B40,127.5553,0.188667,39.4968,83.8633,34.7979,14.3395,BIEN,13.9447,0.83548,15.1918,34.2534,0.190195,0.175032,0.8099,7.2269,1,1,2642.008,nan
j0466,abierto,B5,130.6139,0.17338,4.4788,45.2833,100.0,6.7061,CRITICA,8.7123,0.501751,15.8468,65.3304,0.196413,nan,13.2847,nan,1,1,3553.66,nan
j0466,abierto,B10,130.6139,0.17338,9.4705,57.5598,97.4364,8.3931,CRITICA,9.9028,0.614475,14.435,55.9313,0.188903,0.172135,8.9535,0.7181,1,1,3831.418,nan
j0466,abierto,B15,130.6139,0.17338,14.4765,65.1128,92.5886,9.7192,CRITICA,10.7241,0.675925,14.0031,50.1487,0.190032,0.173683,9.6047,0.1747,1,1,3466.204,nan
j0466,abierto,B25,130.6139,0.17338,24.4896,74.5902,71.6102,11.9573,CRITICA,11.9234,0.748996,14.1014,42.8926,0.189245,0.179038,9.1505,3.2634,1,1,3639.01,nan
j0466,abierto,B40,130.6139,0.17338,39.5001,83.7979,38.3046,15.1687,BIEN,13.353,0.818212,15.1862,35.8431,0.188856,0.177976,8.9265,2.651,1,1,3716.091,nan
j0475,abierto,B5,130.0301,0.18817,4.4546,45.1806,100.0,6.6705,CRITICA,8.7752,0.503816,15.868,65.2538,0.213171,nan,13.2862,nan,1,1,3201.024,nan
j0475,abierto,B10,130.0301,0.18817,9.4315,57.4522,97.5548,8.3137,CRITICA,9.9723,0.616581,14.4522,55.8162,0.204105,0.191774,8.468,1.9154,1,1,3713.331,nan
j0475,abierto,B15,130.0301,0.18817,14.4596,65.0736,93.0738,9.647,CRITICA,10.8097,0.679237,14.0098,49.955,0.207565,0.18696,10.3068,0.643,1,1,3818.251,nan
j0475,abierto,B25,130.0301,0.18817,24.476,74.6184,71.4064,11.9288,CRITICA,12.0315,0.752779,14.0985,42.6145,0.202693,0.192355,7.7178,2.2237,1,1,3680.53,nan
j0475,abierto,B40,130.0301,0.18817,39.4735,83.7988,37.2295,15.0456,BIEN,13.4683,0.821148,15.1842,35.5544,0.19534,0.189105,3.8105,0.4968,1,1,3575.259,nan
j0498,abierto,B5,130.5806,0.175506,4.4707,45.2719,100.0,6.7415,CRITICA,8.7199,0.501644,15.8522,65.3303,0.192963,nan,9.9462,nan,1,1,3004.808,nan
j0498,abierto,B10,130.5806,0.175506,9.4677,57.5562,97.3297,8.4168,CRITICA,9.9107,0.614248,14.4395,55.9229,0.199998,0.179724,13.9548,2.4032,1,1,2060.157,nan
j0498,abierto,B15,130.5806,0.175506,14.4746,65.1139,92.5556,9.7503,CRITICA,10.7321,0.675665,14.0078,50.1351,0.181383,0.176198,3.3481,0.3943,1,1,3191.829,nan
j0498,abierto,B25,130.5806,0.175506,24.4804,74.6203,71.8023,12.0112,CRITICA,11.9353,0.748865,14.1007,42.855,0.182239,0.17469,3.8362,0.4653,1,1,3785.011,nan
j0498,abierto,B40,130.5806,0.175506,39.5066,83.8045,38.392,15.2346,BIEN,13.3614,0.817969,15.1905,35.8217,0.192262,0.172676,9.5468,1.6126,1,1,3636.364,nan
j0531,abierto,B5,130.5303,0.184923,4.4777,45.3014,100.0,6.6806,CRITICA,8.7314,0.503401,15.8472,65.2944,0.186865,nan,1.0499,nan,1,1,3780.718,nan
j0531,abierto,B10,130.5303,0.184923,9.4678,57.5637,97.4713,8.3544,CRITICA,9.924,0.616111,14.4362,55.9002,0.184996,0.178041,0.0391,3.7217,1,1,1941.748,nan
j0531,abierto,B15,130.5303,0.184923,14.4798,65.119,92.7458,9.684,CRITICA,10.7482,0.677937,14.0032,50.112,0.189721,0.184321,2.5947,0.3258,1,1,3834.356,nan
j0531,abierto,B25,130.5303,0.184923,24.4897,74.6168,71.7091,11.8911,CRITICA,11.952,0.750571,14.099,42.8357,0.190918,0.179127,3.2418,3.1347,1,1,3736.921,nan
j0531,abierto,B40,130.5303,0.184923,39.4987,83.8104,37.7302,15.1038,BIEN,13.3839,0.819746,15.1846,35.7924,0.186264,0.176327,0.725,4.6488,1,1,3180.662,nan
j0551,abierto,B5,130.8086,0.192067,4.4747,45.2822,100.0,6.7351,CRITICA,8.6913,0.501536,15.8496,65.3828,0.182718,nan,4.8676,nan,1,1,3575.259,nan
j0551,abierto,B10,130.8086,0.192067,9.4634,57.5705,97.155,8.4108,CRITICA,9.878,0.613898,14.4364,55.9888,0.184754,0.179672,3.8077,6.4537,1,1,3783.579,nan
j0551,abierto,B15,130.8086,0.192067,14.4838,65.1232,92.6566,9.7868,CRITICA,10.6999,0.67618,14.0037,50.2149,0.194238,0.175384,1.1304,8.6862,1,1,3593.244,nan
j0551,abierto,B25,130.8086,0.192067,24.4901,74.5901,71.7829,12.0237,CRITICA,11.8925,0.749043,14.1045,42.9777,0.189236,0.180627,1.4741,5.9565,1,1,3875.969,nan
j0551,abierto,B40,130.8086,0.192067,39.5049,83.8046,38.6035,15.2493,BIEN,13.3172,0.8183,15.188,35.9334,0.184975,0.181049,3.6924,5.7365,1,1,3696.858,nan
j0576,abierto,B5,129.4136,0.172484,4.4713,45.2162,100.0,6.7491,CRITICA,8.8044,0.505469,15.856,65.0607,0.19029,nan,10.3229,nan,1,1,3479.471,nan
j0576,abierto,B10,129.4136,0.172484,9.4555,57.4972,97.4403,8.4225,CRITICA,10.0051,0.618309,14.4434,55.571,0.182037,0.171088,5.5381,0.8094,1,1,3419.973,nan
j0576,abierto,B15,129.4136,0.172484,14.4664,65.0693,92.5983,9.8191,CRITICA,10.8418,0.680898,14.0086,49.7199,0.182356,0.17086,5.7229,0.9416,1,1,1524.39,nan
j0576,abierto,B25,129.4136,0.172484,24.4899,74.5472,71.1987,12.1322,CRITICA,12.0603,0.753392,14.1081,42.3962,0.178126,0.170936,3.2709,0.8979,1,1,3414.134,nan
j0576,abierto,B40,129.4136,0.172484,39.4944,83.7468,38.8189,15.334,BIEN,13.5123,0.822519,15.1949,35.2875,0.182736,0.173158,5.9435,0.3906,1,1,3669.725,nan
j0647,abierto,B5,129.4053,0.178718,4.4578,45.2522,100.0,6.6668,CRITICA,8.8295,0.505008,15.8569,65.0307,0.19216,nan,7.5213,nan,1,1,3724.395,nan
j0647,abierto,B10,129.4053,0.178718,9.4549,57.5328,97.3704,8.342,CRITICA,10.0347,0.617766,14.4432,55.5407,0.177832,0.175961,0.4957,1.5429,1,1,3619.254,nan
j0647,abierto,B15,129.4053,0.178718,14.4691,65.1025,92.7225,9.7187,CRITICA,10.8743,0.680582,14.007,49.6911,0.188824,0.172902,5.6546,3.2546,1,1,3457.815,nan
j0647,abierto,B25,129.4053,0.178718,24.4957,74.6011,71.7479,12.0045,CRITICA,12.0976,0.753306,14.1043,42.3509,0.188048,0.175937,5.2207,1.5562,1,1,3477.051,nan
j0647,abierto,B40,129.4053,0.178718,39.5097,83.7934,37.9029,15.177,BIEN,13.5521,0.822315,15.1913,35.2473,0.185735,0.17099,3.9261,4.324,1,1,3742.515,nan
j0656,abierto,B5,130.709,0.185198,4.4754,45.2779,100.0,6.7734,CRITICA,8.6956,0.500146,15.852,65.3598,0.195528,nan,5.5775,nan,1,1,3536.068,nan
j0656,abierto,B10,130.709,0.185198,9.4703,57.5502,97.1337,8.4712,CRITICA,9.8811,0.612719,14.4409,55.9708,0.196017,0.183068,5.8418,1.15,1,1,3621.876,nan
j0656,abierto,B15,130.709,0.185198,14.4793,65.1137,92.2199,9.8208,CRITICA,10.7008,0.674007,14.0085,50.1842,0.19278,0.179998,4.094,2.8077,1,1,3591.954,nan
j0656,abierto,B25,130.709,0.185198,24.4927,74.5701,72.0255,12.0649,CRITICA,11.8914,0.747096,14.1104,42.9495,0.195199,0.182214,5.4001,1.6111,1,1,3187.759,nan
j0656,abierto,B40,130.709,0.185198,39.5085,83.7865,38.8015,15.3351,BIEN,13.318,0.816899,15.1937,35.8985,0.186345,0.179882,0.6191,2.8704,1,1,3675.119,nan
j0664,abierto,B5,129.3913,0.177044,4.468,45.1984,100.0,6.8246,CRITICA,8.7932,0.502689,15.8625,65.0685,0.1831,nan,3.4208,nan,1,1,3629.764,nan
j0664,abierto,B10,129.3913,0.177044,9.4508,57.5001,96.9473,8.5243,CRITICA,9.9929,0.615563,14.4467,55.5611,0.192778,0.176182,8.8872,0.4867,1,1,2099.076,nan
j0664,abierto,B15,129.3913,0.177044,14.4612,65.0435,92.1927,9.9374,CRITICA,10.8265,0.677759,14.013,49.7312,0.185119,0.172729,4.5612,2.4368,1,1,3408.316,nan
j0664,abierto,B25,129.3913,0.177044,24.4975,74.5536,71.9595,12.2699,CRITICA,12.0432,0.751057,14.1107,42.3813,0.181332,0.17559,2.4225,0.8212,1,1,2111.486,nan
j0664,abierto,B40,129.3913,0.177044,39.5041,83.7403,39.3953,15.5367,BIEN,13.4925,0.820254,15.2007,35.2814,0.181534,0.176618,2.5363,0.2402,1,1,3400.204,nan
j0680,abierto,B5,129.2441,0.167715,4.4695,45.2942,100.0,6.5299,CRITICA,8.8658,0.51142,15.8502,64.9545,0.182679,nan,8.9226,nan,1,1,3779.289,nan
j0680,abierto,B10,129.2441,0.167715,9.4562,57.553,97.7372,8.17,CRITICA,10.0762,0.624412,14.439,55.4695,0.183108,0.168558,9.1779,0.5028,1,1,3539.823,nan
j0680,abierto,B15,129.2441,0.167715,14.4653,65.1351,93.2795,9.5033,CRITICA,10.9196,0.686716,14.0019,49.603,0.186447,0.177309,11.1693,5.7203,1,1,3384.095,nan
j0680,abierto,B25,129.2441,0.167715,24.494,74.6169,71.7266,11.7428,CRITICA,12.1494,0.759009,14.0995,42.2667,0.182019,0.174764,8.5287,4.2031,1,1,3484.321,nan
j0680,abierto,B40,129.2441,0.167715,39.498,83.8158,36.7191,14.8504,BIEN,13.6119,0.827121,15.185,35.1492,0.177186,0.164629,5.647,1.8396,1,1,2970.885,nan
j0682,abierto,B5,129.9006,0.182076,4.4788,45.3531,100.0,6.6497,CRITICA,8.7933,0.504891,15.8423,65.0863,0.195126,nan,7.167,nan,1,1,3454.231,nan
j0682,abierto,B10,129.9006,0.182076,9.486,57.6398,97.3665,8.3315,CRITICA,9.9941,0.616948,14.4319,55.6278,0.185582,0.172693,1.9255,5.1536,1,1,3645.644,nan
j0682,abierto,B15,129.9006,0.182076,14.4779,65.1559,92.5149,9.6999,CRITICA,10.8223,0.679054,14.0031,49.8418,0.185358,0.179965,1.8025,1.1595,1,1,3489.184,nan
j0682,abierto,B25,129.9006,0.182076,24.4885,74.6273,71.5869,11.9756,CRITICA,12.0364,0.752052,14.1007,42.5505,0.183223,0.177584,0.6298,2.4672,1,1,3328.895,nan
j0682,abierto,B40,129.9006,0.182076,39.5106,83.8168,37.9573,15.1631,BIEN,13.4784,0.82098,15.1892,35.4762,0.18271,0.172308,0.3481,5.3648,1,1,3096.934,nan
k0064,abierto,B5,124.2506,0.268351,4.3986,45.6971,100.0,5.0553,CRITICA,9.9477,0.540936,15.852,63.2218,0.256707,nan,4.339,nan,1,1,2946.376,nan
k0064,abierto,B10,124.2506,0.268351,9.3988,58.0944,98.9171,6.2179,CRITICA,11.3512,0.657107,14.4193,53.2441,0.263024,0.260807,1.9852,2.8112,1,1,2983.293,nan
k0064,abierto,B15,124.2506,0.268351,14.4673,65.7117,96.8173,7.1826,CRITICA,12.3234,0.718207,13.9817,47.1135,0.256922,0.255955,4.259,4.6196,1,1,3372.681,nan
k0064,abierto,B25,124.2506,0.268351,24.397,75.2235,72.2059,8.9685,CRITICA,13.7743,0.790184,14.0429,39.4583,0.257854,0.259397,3.9118,3.3367,1,1,1916.443,nan
k0064,abierto,B40,124.2506,0.268351,39.4904,84.4825,29.7056,11.3639,BIEN,15.4807,0.85449,15.0987,32.0063,0.268351,0.266366,0.0001,0.7397,1,1,3484.321,nan
k0066,abierto,B5,123.5542,0.259527,4.3973,45.7011,100.0,5.0956,CRITICA,10.0115,0.541626,15.8495,63.0113,0.260753,nan,0.4722,nan,1,1,3073.141,nan
k0066,abierto,B10,123.5542,0.259527,9.387,58.0678,98.8531,6.2977,CRITICA,11.422,0.657516,14.421,53.0022,0.262756,0.260034,1.2441,0.1955,1,1,2950.723,nan
k0066,abierto,B15,123.5542,0.259527,14.4565,65.6718,96.6136,7.2446,CRITICA,12.3997,0.718309,13.9844,46.8478,0.260634,0.255084,0.4266,1.712,1,1,2007.226,nan
k0066,abierto,B25,123.5542,0.259527,24.439,75.2985,71.6878,9.0376,CRITICA,13.8775,0.790925,14.0381,39.0563,0.256375,0.261806,1.2146,0.878,1,1,3259.452,nan
k0066,abierto,B40,123.5542,0.259527,39.495,84.476,29.7677,11.4742,BIEN,15.5962,0.855314,15.0993,31.6284,0.260257,0.263834,0.2812,1.6597,1,1,3387.534,nan
k0091,abierto,B5,123.0141,0.250777,4.389,45.653,100.0,5.0622,CRITICA,10.06,0.546673,15.8547,62.888,0.25055,nan,0.0905,nan,1,1,2332.634,nan
k0091,abierto,B10,123.0141,0.250777,9.388,58.0658,98.7949,6.2531,CRITICA,11.4805,0.662653,14.4226,52.7974,0.268053,0.251827,6.8887,0.4186,1,1,3604.902,nan
k0091,abierto,B15,123.0141,0.250777,14.4536,65.6472,96.4661,7.1891,CRITICA,12.4633,0.723736,13.9865,46.6344,0.258478,0.25074,3.0708,0.0149,1,1,3580.379,nan
k0091,abierto,B25,123.0141,0.250777,24.4405,75.301,70.6806,8.9892,CRITICA,13.9528,0.7956,14.0403,38.7867,0.259524,0.246001,3.4879,1.9047,1,1,3471.017,nan
k0091,abierto,B40,123.0141,0.250777,39.4939,84.4625,30.7361,11.4146,BIEN,15.6887,0.859015,15.1014,31.3392,0.260351,0.254167,3.8176,1.3516,1,1,3018.412,nan
k0106,abierto,B5,123.0286,0.278243,4.387,45.6558,100.0,5.0122,CRITICA,10.0639,0.549337,15.8522,62.8901,0.258054,nan,7.2562,nan,1,1,3455.425,nan
k0106,abierto,B10,123.0286,0.278243,9.3861,58.0843,98.8744,6.2019,CRITICA,11.4871,0.665541,14.4192,52.788,0.262641,0.264465,5.6074,4.9518,1,1,3081.664,nan
k0106,abierto,B15,123.0286,0.278243,14.4517,65.656,96.567,7.1143,CRITICA,12.47,0.726327,13.9844,46.6335,0.265277,0.251443,4.6602,9.6321,1,1,3357.958,nan
k0106,abierto,B25,123.0286,0.278243,24.4426,75.3064,70.9523,8.8988,CRITICA,13.9614,0.797861,14.0377,38.7896,0.277585,0.256742,0.2367,7.7276,1,1,3478.261,nan
k0106,abierto,B40,123.0286,0.278243,39.4926,84.4738,30.0297,11.3013,BIEN,15.6999,0.860727,15.0979,31.3381,0.274622,0.263359,1.3016,5.3494,1,1,3275.467,nan
k0107,abierto,B5,123.7871,0.232582,4.4012,45.7169,100.0,5.0031,CRITICA,10.0051,0.544692,15.8488,63.0681,0.243409,nan,4.6549,nan,1,1,3011.141,nan
k0107,abierto,B10,123.7871,0.232582,9.4005,58.1071,98.9268,6.1477,CRITICA,11.4167,0.660404,14.4182,53.0588,0.24462,0.250411,5.1755,7.6654,1,1,2872.738,nan
k0107,abierto,B15,123.7871,0.232582,14.4543,65.6741,96.7281,7.0636,CRITICA,12.3905,0.721242,13.9844,46.946,0.254813,0.241284,9.5581,3.7414,1,1,3059.975,nan
k0107,abierto,B25,123.7871,0.232582,24.47,75.3176,70.5467,8.9001,CRITICA,13.8707,0.794252,14.0412,39.1555,0.24476,0.241935,5.236,4.0214,1,1,3617.945,nan
k0107,abierto,B40,123.7871,0.232582,39.4995,84.5058,30.6332,11.203,BIEN,15.584,0.856924,15.0967,31.733,0.237578,0.244421,2.1482,5.0901,1,1,3571.428,nan
k0138,abierto,B5,123.7632,0.287397,4.3956,45.7092,100.0,5.0374,CRITICA,9.9903,0.543739,15.8462,63.0672,0.263356,nan,8.3649,nan,1,1,3793.627,nan
k0138,abierto,B10,123.7632,0.287397,9.3954,58.0853,98.8841,6.2086,CRITICA,11.3971,0.65933,14.4182,53.0674,0.280655,0.262673,2.3456,8.6026,1,1,4032.258,nan
k0138,abierto,B15,123.7632,0.287397,14.4526,65.6621,96.598,7.1316,CRITICA,12.37,0.720383,13.9835,46.9454,0.281498,0.270485,2.0523,5.8842,1,1,3658.983,nan
k0138,abierto,B25,123.7632,0.287397,24.4643,75.3439,71.1852,8.9358,CRITICA,13.851,0.793385,14.0339,39.1225,0.284512,0.279688,1.0036,2.6822,1,1,2391.2,nan
k0138,abierto,B40,123.7632,0.287397,39.4938,84.4801,30.1248,11.3216,BIEN,15.557,0.856451,15.0975,31.7405,0.279573,0.272204,2.7221,5.2863,1,1,3869.969,nan
k0193,abierto,B5,122.8918,0.218824,4.3972,45.6956,100.0,5.13,CRITICA,10.0569,0.552501,15.8451,62.8164,0.233883,nan,6.8821,nan,1,1,3797.949,nan
k0193,abierto,B10,122.8918,0.218824,9.3937,58.0879,98.6357,6.3431,CRITICA,11.4727,0.668261,14.4188,52.7325,0.235141,0.245886,7.4567,12.367,1,1,3795.066,nan
k0193,abierto,B15,122.8918,0.218824,14.4498,65.6572,96.0799,7.2696,CRITICA,12.4532,0.728595,13.983,46.5731,0.237487,0.23283,8.5291,6.4006,1,1,3279.764,nan
k0193,abierto,B25,122.8918,0.218824,24.4527,75.3245,71.4064,9.1021,CRITICA,13.9423,0.79979,14.0359,38.7067,0.23572,0.230357,7.7212,5.2706,1,1,3170.577,nan
k0193,abierto,B40,122.8918,0.218824,39.4912,84.4666,30.6585,11.5781,BIEN,15.6739,0.862085,15.1007,31.2675,0.235401,0.228936,7.5758,4.6212,1,1,3623.188,nan
k0204,abierto,B5,123.1659,0.271748,4.3981,45.6889,100.0,5.1274,CRITICA,10.0302,0.542343,15.8479,62.9046,0.255128,nan,6.116,nan,1,1,3646.973,nan
k0204,abierto,B10,123.1659,0.271748,9.382,58.0672,98.7425,6.3359,CRITICA,11.4424,0.658023,14.4202,52.8544,0.257017,0.262479,5.4209,3.4111,1,1,3691.399,nan
k0204,abierto,B15,123.1659,0.271748,14.4575,65.6755,96.3943,7.3249,CRITICA,12.4252,0.719611,13.9818,46.6772,0.260056,0.258006,4.3027,5.0571,1,1,3388.682,nan
k0204,abierto,B25,123.1659,0.271748,24.4373,75.2734,73.1083,9.1506,CRITICA,13.9043,0.791963,14.0396,38.8845,0.263801,0.263837,2.9245,2.9114,1,1,3475.843,nan
k0204,abierto,B40,123.1659,0.271748,39.4767,84.5273,28.4908,11.6127,BIEN,15.6455,0.856616,15.085,31.3712,0.266568,0.255933,1.9061,5.8198,1,1,3336.67,nan
k0208,abierto,B5,123.0598,0.273248,4.4077,45.6837,100.0,5.1306,CRITICA,10.0468,0.543874,15.8497,62.8768,0.26092,nan,4.5116,nan,1,1,2010.05,nan
k0208,abierto,B10,123.0598,0.273248,9.4018,58.0501,98.7211,6.3617,CRITICA,11.4614,0.659405,14.4232,52.8277,0.26916,0.257499,1.4959,5.7634,1,1,3710.575,nan
k0208,abierto,B15,123.0598,0.273248,14.4471,65.6543,96.4894,7.336,CRITICA,12.4439,0.720858,13.9852,46.6485,0.260609,0.255954,4.6253,6.329,1,1,3347.841,nan
k0208,abierto,B25,123.0598,0.273248,24.4566,75.2882,71.6121,9.1661,CRITICA,13.9285,0.792981,14.0412,38.8198,0.264712,0.257247,3.1237,5.8557,1,1,2967.359,nan
k0208,abierto,B40,123.0598,0.273248,39.5,84.4689,30.1539,11.6234,BIEN,15.6602,0.857147,15.1024,31.3595,0.266733,0.266158,2.3842,2.5946,1,1,3459.011,nan
k0256,abierto,B5,121.78,0.277949,4.3922,45.6949,100.0,5.1193,CRITICA,10.1767,0.549244,15.8449,62.4775,0.261733,nan,5.8341,nan,1,1,3579.098,nan
k0256,abierto,B10,121.78,0.277949,9.3973,58.1011,98.7075,6.3401,CRITICA,11.6169,0.665275,14.415,52.2901,0.254881,0.263222,8.2993,5.2983,1,1,2628.812,nan
k0256,abierto,B15,121.78,0.277949,14.4473,65.6413,96.3302,7.3051,CRITICA,12.6119,0.726268,13.9833,46.0985,0.257887,0.266177,7.2176,4.2352,1,1,3809.524,nan
k0256,abierto,B25,121.78,0.277949,24.4423,75.2811,72.138,9.1265,CRITICA,14.1297,0.798273,14.0368,38.1827,0.259408,0.261523,6.6706,5.9096,1,1,1649.348,nan
k0256,abierto,B40,121.78,0.277949,39.4996,84.4702,28.1977,11.5864,BIEN,15.9077,0.861756,15.0981,30.637,0.255078,0.256019,8.2283,7.8898,1,1,3506.311,nan
k0312,abierto,B5,122.9681,0.265,4.4399,45.7237,100.0,5.5112,CRITICA,9.9597,0.552635,15.8491,62.8166,0.260807,nan,1.5822,nan,1,1,3466.204,nan
k0312,abierto,B10,122.9681,0.265,9.3853,57.9866,97.7353,6.8794,CRITICA,11.3422,0.666533,14.4352,52.8442,0.26426,0.262171,0.2792,1.0673,1,1,3631.082,nan
k0312,abierto,B15,122.9681,0.265,14.4851,65.5984,94.3236,7.8807,CRITICA,12.3094,0.727244,13.9921,46.6542,0.263717,0.250467,0.4839,5.484,1,1,3234.153,nan
k0312,abierto,B25,122.9681,0.265,24.461,75.2084,76.6171,9.9092,CRITICA,13.7566,0.797263,14.0572,38.8391,0.265955,0.263394,0.3605,0.6058,1,1,3724.395,nan
k0312,abierto,B40,122.9681,0.265,39.5059,84.367,31.9587,12.5933,BIEN,15.4571,0.859912,15.1229,31.3912,0.254867,0.258411,3.8237,2.4863,1,1,3748.126,nan
k0448,abierto,B5,121.4131,0.229903,4.4089,45.6699,100.0,5.414,CRITICA,10.1297,0.558366,15.848,62.3847,0.218835,nan,4.8139,nan,1,1,3079.766,nan
k0448,abierto,B10,121.4131,0.229903,9.3962,58.0233,97.8459,6.7016,CRITICA,11.5466,0.672987,14.4272,52.21,0.224591,0.234841,2.3105,2.1478,1,1,3503.854,nan
k0448,abierto,B15,121.4131,0.229903,14.4604,65.5642,94.6845,7.7723,CRITICA,12.5327,0.733576,13.9913,45.9991,0.234568,0.232642,2.0292,1.1914,1,1,3821.17,nan
k0448,abierto,B25,121.4131,0.229903,24.4619,75.2437,76.4346,9.6966,CRITICA,14.032,0.803956,14.0477,38.0267,0.228801,0.219415,0.4794,4.5619,1,1,3219.575,nan
k0448,abierto,B40,121.4131,0.229903,39.4853,84.3599,29.8938,12.3687,BIEN,15.7827,0.865159,15.1178,30.5183,0.226914,0.227219,1.3,1.1675,1,1,3505.082,nan
k0535,abierto,B5,120.7717,0.259805,4.4477,45.7617,100.0,5.2744,CRITICA,10.2285,0.56601,15.8405,62.109,0.254813,nan,1.9212,nan,1,1,3639.01,nan
k0535,abierto,B10,120.7717,0.259805,9.4303,58.0666,97.939,6.5261,CRITICA,11.6569,0.680051,14.4282,51.9203,0.263373,0.257831,1.3737,0.7598,1,1,3681.885,nan
k0535,abierto,B15,120.7717,0.259805,14.478,65.6063,94.8146,7.5969,CRITICA,12.6601,0.740386,13.9876,45.6774,0.260983,0.252346,0.4536,2.8707,1,1,2534.212,nan
k0535,abierto,B25,120.7717,0.259805,24.4626,75.2497,79.103,9.49,CRITICA,14.1702,0.809766,14.0491,37.6926,0.264031,0.250462,1.6267,3.5961,1,1,1857.355,nan
k0535,abierto,B40,120.7717,0.259805,39.5699,84.4562,27.0508,12.1184,BIEN,15.9622,0.870742,15.1196,30.0696,0.263739,0.250952,1.5144,3.4074,1,1,3513.703,nan
l0028,abierto,B5,117.7884,0.266936,4.5362,44.0869,100.0,12.3958,CRITICA,10.0541,0.543298,15.8897,62.5711,0.285414,0.214025,6.9221,19.8217,1,1,3416.467,nan
l0028,abierto,B10,117.7884,0.266936,9.4311,56.4692,100.0,14.3272,CRITICA,11.4776,0.672631,14.4711,52.0588,0.26713,0.266391,0.0725,0.2043,1,1,3944.773,nan
l0028,abierto,B15,117.7884,0.266936,14.4702,63.894,96.8348,16.0302,CRITICA,12.4713,0.733459,14.065,45.7553,0.281697,0.273617,5.5298,2.5027,1,1,3702.333,nan
l0028,abierto,B25,117.7884,0.266936,24.4954,73.4798,42.8302,18.9542,CRITICA,14.0119,0.804883,14.1485,37.6171,0.27878,0.278555,4.437,4.3527,1,1,3439.972,nan
l0028,abierto,B40,117.7884,0.266936,39.5006,82.719,28.6596,22.6348,BIEN,15.8914,0.869061,15.2487,29.7733,0.277539,0.270739,3.972,1.4246,1,1,3130.871,nan
l0039,abierto,B5,110.5708,0.25245,4.5091,43.6733,100.0,13.308,CRITICA,10.7938,0.570952,15.9156,60.502,0.244176,0.217516,3.2775,13.838,1,1,3486.75,nan
l0039,abierto,B10,110.5708,0.25245,9.4565,56.1898,100.0,15.2394,CRITICA,12.3647,0.70461,14.4871,49.1821,0.24798,0.248035,1.7707,1.749,1,1,3749.531,nan
l0039,abierto,B15,110.5708,0.25245,14.4576,63.5994,97.1104,16.9581,CRITICA,13.4594,0.762805,14.0828,42.4809,0.249804,0.255665,1.0481,1.2735,1,1,3892.565,nan
l0039,abierto,B25,110.5708,0.25245,24.51,73.196,42.5217,20.1217,CRITICA,15.2058,0.830974,14.1742,33.8017,0.245064,0.258368,2.9259,2.344,1,1,3627.131,nan
l0039,abierto,B40,110.5708,0.25245,39.5267,82.4468,29.8317,24.0032,BIEN,17.4093,0.891395,15.2835,25.4353,0.254032,0.261211,0.6268,3.4704,1,1,3590.664,nan
l0047,abierto,B5,109.9283,0.279278,4.5292,43.7515,100.0,13.2874,CRITICA,10.872,0.573625,15.9099,60.2,0.266885,0.224757,4.4375,19.5219,1,1,3652.301,nan
l0047,abierto,B10,109.9283,0.279278,9.4949,56.2619,100.0,15.3076,CRITICA,12.4549,0.70509,14.4841,48.8194,0.271284,0.270017,2.8622,3.3158,1,1,3718.854,nan
l0047,abierto,B15,109.9283,0.279278,14.4712,63.5753,97.3394,17.2176,CRITICA,13.5583,0.762965,14.0882,42.1665,0.266835,0.26561,4.4553,4.8937,1,1,3965.107,nan
l0047,abierto,B25,109.9283,0.279278,24.5235,73.1475,42.4751,20.366,CRITICA,15.3218,0.831152,14.1806,33.4589,0.266835,0.276085,4.4553,1.1432,1,1,3745.318,nan
l0047,abierto,B40,109.9283,0.279278,39.5219,82.3923,29.8958,24.2709,BIEN,17.5562,0.891514,15.2926,25.0491,0.268935,0.27832,3.7033,0.3429,1,1,3103.662,nan
l0091,abierto,B5,96.6747,0.2421,4.4891,42.0355,100.0,16.9067,CRITICA,12.1555,0.613034,16.0662,56.5186,0.251001,0.229798,3.6763,5.0815,1,1,3797.949,nan
l0091,abierto,B10,96.6747,0.2421,9.4748,54.4826,100.0,19.4513,CRITICA,13.9546,0.755533,14.6631,43.6434,0.239237,0.249787,1.1826,3.1748,1,1,3395.586,nan
l0091,abierto,B15,96.6747,0.2421,14.497,61.943,87.704,21.774,CRITICA,15.2859,0.808451,14.2525,35.9263,0.242165,0.248002,0.0267,2.4376,1,1,3840.246,nan
l0091,abierto,B25,96.6747,0.2421,24.4974,71.3652,43.2029,25.5332,CRITICA,17.4184,0.862124,14.3918,26.1801,0.243728,0.247161,0.6724,2.0903,1,1,3912.363,nan
l0091,abierto,B40,96.6747,0.2421,39.5018,80.6256,35.8885,30.419,BIEN,20.3917,0.91197,15.5487,16.6012,0.246634,0.252299,1.8726,4.2125,1,1,3258.391,nan
l0109,abierto,B5,98.1978,0.235224,4.5186,42.2643,100.0,16.6668,CRITICA,12.0166,0.611934,16.041,56.96,0.256132,0.22064,8.8883,6.2001,1,1,3396.739,nan
l0109,abierto,B10,98.1978,0.235224,9.4874,54.6753,100.0,19.0733,CRITICA,13.7806,0.752178,14.6458,44.3213,0.245694,0.241798,4.4512,2.7949,1,1,3819.71,nan
l0109,abierto,B15,98.1978,0.235224,14.4938,62.0631,90.747,21.4571,CRITICA,15.0873,0.806348,14.239,36.7978,0.238522,0.23911,1.4019,1.6519,1,1,3720.238,nan
l0109,abierto,B25,98.1978,0.235224,24.5087,71.5676,42.4732,25.0671,CRITICA,17.1758,0.860687,14.3699,27.119,0.244616,0.241022,3.9929,2.4651,1,1,3243.594,nan
l0109,abierto,B40,98.1978,0.235224,39.4961,80.7908,34.6717,29.8535,BIEN,20.0554,0.911331,15.5253,17.7265,0.240619,0.24183,2.2936,2.8084,1,1,3156.566,nan
l0196,abierto,B5,99.1985,0.252247,4.5313,42.333,100.0,16.5293,CRITICA,11.889,0.609135,16.0243,57.3249,0.254156,0.218894,0.7569,13.2222,1,1,2868.617,nan
l0196,abierto,B10,99.1985,0.252247,9.5119,54.7765,100.0,19.0285,CRITICA,13.6359,0.747693,14.6238,44.7809,0.263854,0.240595,4.6016,4.6192,1,1,3423.485,nan
l0196,abierto,B15,99.1985,0.252247,14.4641,62.1175,92.1578,21.3849,CRITICA,14.918,0.802966,14.2211,37.3806,0.273222,0.254506,8.3152,0.8957,1,1,3152.585,nan
l0196,abierto,B25,99.1985,0.252247,24.5297,71.6743,42.0947,24.9886,CRITICA,16.979,0.858347,14.346,27.7466,0.263304,0.252944,4.3836,0.2761,1,1,3752.345,nan
l0196,abierto,B40,99.1985,0.252247,39.5297,80.8922,34.3418,29.7813,BIEN,19.7986,0.910499,15.4987,18.4542,0.256694,0.245986,1.7631,2.4822,1,1,3575.259,nan
l0299,abierto,B5,100.5383,0.19278,4.5388,42.3961,100.0,16.3917,CRITICA,11.7324,0.604336,16.0209,57.8309,0.188071,0.213809,2.4424,10.9087,1,1,3489.184,nan
l0299,abierto,B10,100.5383,0.19278,9.4888,54.8608,100.0,18.8182,CRITICA,13.4524,0.745993,14.6192,45.433,0.202005,0.21693,4.7856,12.5277,1,1,3534.818,nan
l0299,abierto,B15,100.5383,0.19278,14.4526,62.2314,94.7971,20.8784,CRITICA,14.6951,0.801861,14.2156,38.1018,0.204124,0.215599,5.8845,11.8372,1,1,3834.356,nan
l0299,abierto,B25,100.5383,0.19278,24.5033,71.7403,41.5145,24.7516,CRITICA,16.7296,0.861404,14.3387,28.6439,0.213256,0.198723,10.6214,3.083,1,1,3646.973,nan
l0299,abierto,B40,100.5383,0.19278,39.5061,81.0111,33.812,29.2261,BIEN,19.4353,0.911046,15.4855,19.4227,0.200299,0.21001,3.9003,8.9378,1,1,3824.092,nan
l0357,abierto,B5,100.8452,0.24459,4.5407,42.3358,100.0,16.3997,CRITICA,11.6913,0.60167,16.0268,58.019,0.243886,0.227461,0.2878,7.0033,1,1,3377.237,nan
l0357,abierto,B10,100.8452,0.24459,9.4757,54.8124,100.0,18.828,CRITICA,13.4047,0.742583,14.6206,45.647,0.257635,0.242094,5.3331,1.0205,1,1,3877.472,nan
l0357,abierto,B15,100.8452,0.24459,14.4503,62.2406,94.3876,20.887,CRITICA,14.6535,0.799723,14.2138,38.2811,0.253873,0.252938,3.795,3.4129,1,1,3825.555,nan
l0357,abierto,B25,100.8452,0.24459,24.4646,71.7585,41.2564,24.6871,CRITICA,16.6726,0.859062,14.3243,28.8429,0.258056,0.260377,5.5053,6.4544,1,1,3548.616,nan
l0357,abierto,B40,100.8452,0.24459,39.4998,81.0104,33.4899,29.1944,BIEN,19.3652,0.909681,15.4829,19.6686,0.25779,0.252718,5.3967,3.323,1,1,3480.682,nan
l0388,abierto,B5,98.0366,0.202026,4.5347,42.1872,100.0,16.7531,CRITICA,11.972,0.609512,16.0392,56.968,0.203742,0.220009,0.8492,8.9013,1,1,2478.929,nan
l0388,abierto,B10,98.0366,0.202026,9.4725,54.5782,100.0,19.262,CRITICA,13.7278,0.749318,14.6433,44.3288,0.208731,0.227895,3.3188,12.8046,1,1,2268.088,nan
l0388,abierto,B15,98.0366,0.202026,14.4794,61.9802,88.9441,21.62,CRITICA,15.0292,0.804375,14.2386,36.7785,0.2165,0.205724,7.1645,1.8307,1,1,2988.643,nan
l0388,abierto,B25,98.0366,0.202026,24.4963,71.5223,42.7623,25.2029,CRITICA,17.1029,0.858472,14.3698,27.0453,0.219915,0.201532,8.8545,0.2444,1,1,2323.42,nan
l0388,abierto,B40,98.0366,0.202026,39.5182,80.7357,35.2598,30.1082,BIEN,19.9822,0.910273,15.532,17.6474,0.214648,0.197944,6.2479,2.0207,1,1,3385.24,nan
m0062,abierto,B5,98.9516,0.175608,4.4924,44.1418,100.0,11.2667,CRITICA,11.5374,0.633138,15.9363,55.3906,0.168493,nan,4.0514,nan,1,1,3271.181,nan
m0062,abierto,B10,98.9516,0.175608,9.456,56.4522,93.7569,13.7386,CRITICA,13.1277,0.743294,14.5386,42.9497,0.182577,0.187017,3.9685,6.497,1,1,3691.399,nan
m0062,abierto,B15,98.9516,0.175608,14.4487,63.9633,80.6517,15.8799,CRITICA,14.2803,0.79628,14.1121,35.359,0.185983,0.166239,5.9079,5.3352,1,1,3614.022,nan
m0062,abierto,B25,98.9516,0.175608,24.4669,73.3493,71.0105,19.6089,CRITICA,16.0722,0.854822,14.2378,25.8735,0.176224,0.17092,0.3507,2.6697,1,1,3471.017,nan
m0062,abierto,B40,98.9516,0.175608,39.4977,82.361,57.4376,24.7085,BIEN,18.43,0.907225,15.4022,16.7664,0.178552,0.174793,1.6766,0.4642,1,1,3467.407,nan
m0103,abierto,B5,93.7486,0.204557,4.5224,44.5185,100.0,10.0394,CRITICA,12.4388,0.67308,15.8977,52.5129,0.206369,nan,0.8855,nan,1,1,3280.84,nan
m0103,abierto,B10,93.7486,0.204557,9.4366,56.8321,92.839,12.4276,CRITICA,14.2001,0.78003,14.5016,39.3782,0.206843,0.193558,1.1172,5.3772,1,1,3325.574,nan
m0103,abierto,B15,93.7486,0.204557,14.4361,64.3038,86.1263,14.4199,CRITICA,15.4792,0.829815,14.0746,31.4083,0.214681,0.194516,4.9491,4.9088,1,1,3407.155,nan
m0103,abierto,B25,93.7486,0.204557,24.5146,73.7324,74.6861,17.8268,CRITICA,17.4689,0.882312,14.2034,21.3509,0.211316,0.20031,3.3039,2.0766,1,1,3617.945,nan
m0103,abierto,B40,93.7486,0.204557,39.4955,82.7934,54.4509,22.5635,BIEN,20.0897,0.927089,15.3379,11.6857,0.220151,0.19393,7.6233,5.1955,1,1,3331.112,nan
m0111,abierto,B5,96.358,0.19892,4.527,44.3928,100.0,10.2055,CRITICA,11.9872,0.651241,15.9048,53.9293,0.204621,nan,2.8657,nan,1,1,3380.662,nan
m0111,abierto,B10,96.358,0.19892,9.4349,56.7917,92.7749,12.585,CRITICA,13.6665,0.760701,14.5002,41.0618,0.207012,0.187157,4.0679,5.9136,1,1,2124.044,nan
m0111,abierto,B15,96.358,0.19892,14.4277,64.2133,84.9095,14.58,CRITICA,14.8727,0.811935,14.0792,33.3597,0.204546,0.193911,2.828,2.5185,1,1,2166.378,nan
m0111,abierto,B25,96.358,0.19892,24.4955,73.6238,74.9578,18.0808,CRITICA,16.7568,0.868441,14.2093,23.5935,0.201142,0.192987,1.1166,2.9831,1,1,3523.608,nan
m0111,abierto,B40,96.358,0.19892,39.4915,82.7301,57.032,22.9078,BIEN,19.2518,0.917601,15.3425,14.143,0.198647,0.198763,0.1373,0.0793,1,1,3595.829,nan
m0136,abierto,B5,96.601,0.186263,4.5142,44.2302,100.0,11.0376,CRITICA,11.8192,0.640196,15.9307,54.2135,0.174664,nan,6.227,nan,1,1,1931.621,nan
m0136,abierto,B10,96.601,0.186263,9.4488,56.5379,92.3655,13.5246,CRITICA,13.4553,0.749447,14.5327,41.4728,0.182066,0.170566,2.2532,8.4271,1,1,3818.251,nan
m0136,abierto,B15,96.601,0.186263,14.4297,63.9222,83.3007,15.677,CRITICA,14.6291,0.801173,14.1188,33.8287,0.188134,0.176929,1.0049,5.011,1,1,3486.75,nan
m0136,abierto,B25,96.601,0.186263,24.4717,73.3115,72.0255,19.3993,CRITICA,16.471,0.85869,14.2528,24.1089,0.182843,0.181867,1.836,2.36,1,1,3226.847,nan
m0136,abierto,B40,96.601,0.186263,39.4956,82.4068,55.7764,24.4758,BIEN,18.9122,0.910363,15.4042,14.6936,0.180316,0.183041,3.1929,1.7296,1,1,3511.236,nan
m0152,abierto,B5,94.4558,0.185047,4.5303,44.5692,100.0,9.5766,CRITICA,12.3677,0.67533,15.8777,52.8147,0.17797,nan,3.8247,nan,1,1,3780.718,nan
m0152,abierto,B10,94.4558,0.185047,9.4267,56.8961,93.101,11.9585,CRITICA,14.1273,0.783216,14.4812,39.7643,0.176301,0.187748,4.7262,1.4597,1,1,3559.986,nan
m0152,abierto,B15,94.4558,0.185047,14.4132,64.3585,86.9821,13.868,CRITICA,15.4064,0.833489,14.0537,31.8639,0.18757,0.178662,1.3636,3.4507,1,1,3558.719,nan
m0152,abierto,B25,94.4558,0.185047,24.4762,73.7633,75.6428,17.1911,CRITICA,17.3972,0.885912,14.1818,21.9071,0.180704,0.178302,2.3469,3.6448,1,1,3552.398,nan
m0152,abierto,B40,94.4558,0.185047,39.4748,82.9366,51.8446,21.7701,BIEN,20.035,0.93028,15.3012,12.1953,0.185816,0.177122,0.4158,4.2827,1,1,3484.321,nan
m0172,abierto,B5,94.178,0.187205,4.5094,44.4119,100.0,10.0707,CRITICA,12.314,0.666857,15.8971,52.8426,0.185777,nan,0.7633,nan,1,1,3378.378,nan
m0172,abierto,B10,94.178,0.187205,9.4404,56.7789,92.577,12.5353,CRITICA,14.0589,0.775521,14.4965,39.7111,0.184435,0.189891,1.4801,1.4347,1,1,3102.699,nan
m0172,abierto,B15,94.178,0.187205,14.4285,64.2335,86.1127,14.5131,CRITICA,15.317,0.825776,14.0726,31.7956,0.187828,0.170398,0.3327,8.978,1,1,3633.721,nan
m0172,abierto,B25,94.178,0.187205,24.4924,73.6293,75.1596,17.9494,CRITICA,17.2767,0.879042,14.2053,21.8191,0.193173,0.181587,3.1876,3.0013,1,1,3479.471,nan
m0172,abierto,B40,94.178,0.187205,39.4811,82.7871,54.0453,22.743,BIEN,19.8858,0.925739,15.3289,12.0951,0.187094,0.18475,0.0598,1.3117,1,1,2379.253,nan
m0193,abierto,B5,95.5645,0.175649,4.5198,44.6176,100.0,9.4056,CRITICA,12.2591,0.675758,15.8816,53.3116,0.179299,nan,2.0783,nan,1,1,3725.783,nan
m0193,abierto,B10,95.5645,0.175649,9.436,57.0065,93.068,11.5861,CRITICA,14.0023,0.783938,14.4752,40.3476,0.178593,0.236479,1.6762,34.6317,1,1,3412.969,nan
m0193,abierto,B15,95.5645,0.175649,14.4087,64.4495,86.9607,13.4636,CRITICA,15.2644,0.834341,14.0488,32.5592,0.184737,0.167816,5.1743,4.4594,1,1,3809.524,nan
m0193,abierto,B25,95.5645,0.175649,24.4931,73.8895,76.1183,16.6942,CRITICA,17.2219,0.886479,14.1734,22.681,0.185487,0.170834,5.6009,2.7413,1,1,3571.428,nan
m0193,abierto,B40,95.5645,0.175649,39.4809,83.0329,55.1262,21.2144,BIEN,19.8146,0.930326,15.2903,13.1132,0.172444,0.177703,1.8243,1.1696,1,1,3695.492,nan
m0201,abierto,B5,94.7959,0.157956,4.5271,44.461,100.0,10.391,CRITICA,12.178,0.661775,15.9025,53.0981,0.145268,nan,8.0324,nan,1,1,3927.729,nan
m0201,abierto,B10,94.7959,0.157956,9.4469,56.7056,92.3519,12.8973,CRITICA,13.8732,0.769388,14.516,40.1814,0.152332,0.148051,3.5604,6.2703,1,1,3633.721,nan
m0201,abierto,B15,94.7959,0.157956,14.4323,64.1202,85.3985,14.9415,CRITICA,15.107,0.820064,14.0949,32.3597,0.154033,0.143433,2.4834,9.1939,1,1,3741.115,nan
m0201,abierto,B25,94.7959,0.157956,24.4655,73.5884,74.3174,18.4898,CRITICA,17.0312,0.874904,14.2154,22.3718,0.162326,0.146592,2.7667,7.1943,1,1,3692.762,nan
m0201,abierto,B40,94.7959,0.157956,39.4862,82.624,55.2815,23.372,BIEN,19.5667,0.921746,15.3689,12.8401,0.162675,0.141454,2.9875,10.4469,1,1,3496.504,nan
m0346,abierto,B5,91.9489,0.178742,4.5372,44.4,100.0,10.2416,CRITICA,12.6311,0.679233,15.899,51.7123,0.17362,nan,2.8652,nan,1,1,3783.579,nan
m0346,abierto,B10,91.9489,0.178742,9.4529,56.7794,93.1883,12.6262,CRITICA,14.4389,0.78629,14.4983,38.249,0.17822,0.174578,0.2917,2.3293,1,1,3828.484,nan
m0346,abierto,B15,91.9489,0.178742,14.4303,64.1875,86.5629,14.6366,CRITICA,15.7396,0.835554,14.0831,30.1922,0.17667,0.170514,1.1592,4.6033,1,1,3481.894,nan
m0346,abierto,B25,91.9489,0.178742,24.4984,73.5834,73.6498,18.0918,CRITICA,17.7813,0.886733,14.2161,19.9736,0.170495,0.172025,4.6135,3.7575,1,1,3710.575,nan
m0346,abierto,B40,91.9489,0.178742,39.4848,82.7206,50.5424,22.8926,BIEN,20.4829,0.930124,15.3493,10.0364,0.176675,0.179197,1.1564,0.2547,1,1,3311.258,nan
m0443,abierto,B5,106.4978,0.15413,4.4688,44.3037,100.0,10.8705,CRITICA,10.5501,0.606401,15.9144,58.3995,0.156579,nan,1.5885,nan,1,1,2352.941,nan
m0443,abierto,B10,106.4978,0.15413,9.509,56.569,94.2013,13.5445,CRITICA,11.9792,0.71542,14.5144,46.8825,0.170949,0.164375,10.9118,6.6465,1,1,3531.073,nan
m0443,abierto,B15,106.4978,0.15413,14.4635,63.9868,77.7601,15.729,CRITICA,12.9979,0.770893,14.0944,39.9173,0.171763,0.18989,11.4398,23.201,1,1,3728.561,nan
m0443,abierto,B25,106.4978,0.15413,24.4933,73.34,69.9567,19.4364,CRITICA,14.5555,0.831581,14.2349,31.1347,0.162351,0.152825,5.3335,0.847,1,1,3562.522,nan
m0443,abierto,B40,106.4978,0.15413,39.5333,82.3959,60.4165,24.5404,CRITICA,16.5844,0.888439,15.3898,22.6314,0.162799,0.154662,5.6243,0.3451,1,1,3527.337,nan
m0457,abierto,B5,100.3348,0.170411,4.5039,43.7754,100.0,12.6123,CRITICA,11.2344,0.619522,16.0033,56.3707,0.173053,nan,1.5505,nan,1,1,3612.717,nan
m0457,abierto,B10,100.3348,0.170411,9.4089,55.9442,93.7433,15.208,CRITICA,12.7529,0.733048,14.6144,44.2424,0.178856,0.158107,4.9556,7.2204,1,1,3448.276,nan
m0457,abierto,B15,100.3348,0.170411,14.4352,63.4469,77.1022,17.5002,CRITICA,13.8536,0.785131,14.1884,36.7648,0.175974,0.158512,3.2642,6.9828,1,1,3552.398,nan
m0457,abierto,B25,100.3348,0.170411,24.4633,72.7833,68.4663,21.5531,CRITICA,15.5632,0.844642,14.3314,27.4596,0.178906,0.176149,4.9851,3.3667,1,1,3309.067,nan
m0457,abierto,B40,100.3348,0.170411,39.501,81.865,58.2759,26.8335,BIEN,17.8127,0.898184,15.505,18.4082,0.183523,0.1697,7.6939,0.4173,1,1,3098.854,nan
m0505,abierto,B5,99.606,0.159609,4.513,43.9809,100.0,12.2604,CRITICA,11.3235,0.629711,15.9729,55.8451,0.169542,nan,6.2229,nan,1,1,3554.924,nan
m0505,abierto,B10,99.606,0.159609,9.448,56.1379,93.7724,14.9174,CRITICA,12.8525,0.738179,14.5892,43.6401,0.175709,0.168149,10.0871,5.3505,1,1,3228.931,nan
m0505,abierto,B15,99.606,0.159609,14.4303,63.5037,76.7568,17.3286,CRITICA,13.9621,0.789814,14.1768,36.2451,0.17777,0.168648,11.3781,5.663,1,1,3057.169,nan
m0505,abierto,B25,99.606,0.159609,24.5386,72.9341,69.2542,21.1808,CRITICA,15.6701,0.847322,14.3206,26.7774,0.164002,0.161134,2.7522,0.9554,1,1,3669.725,nan
m0505,abierto,B40,99.606,0.159609,39.503,81.9456,59.7275,26.6789,BIEN,17.9677,0.900878,15.4908,17.7303,0.163106,0.156894,2.1906,1.7014,1,1,3498.95,nan
n0062,abierto,B5,137.7514,0.191702,4.3741,42.7675,100.0,14.9761,CRITICA,7.6696,0.400997,16.0791,68.9531,0.197114,0.211557,2.8227,10.3568,1,1,3623.189,nan
n0062,abierto,B10,137.7514,0.191702,9.3723,55.5246,100.0,16.8713,CRITICA,8.7185,0.535765,14.6403,59.6921,0.207306,0.201578,8.1395,5.1515,1,1,3780.719,nan
n0062,abierto,B15,137.7514,0.191702,14.4606,62.8983,82.2158,18.6546,CRITICA,9.4157,0.60178,14.2465,54.3393,0.215631,0.203807,12.482,6.3145,1,1,2309.469,nan
n0062,abierto,B25,137.7514,0.191702,24.5484,72.3146,49.9951,22.2478,CRITICA,10.4629,0.683903,14.374,47.5035,0.207544,0.201325,8.2636,5.0195,1,1,3706.449,nan
n0062,abierto,B40,137.7514,0.191702,39.5018,81.591,37.7283,26.8867,BIEN,11.7044,0.761915,15.5054,40.7694,0.205485,0.196957,7.1897,2.7412,1,1,2873.563,nan
n0063,abierto,B5,137.2028,0.193722,4.3706,42.7296,100.0,14.9899,CRITICA,7.7207,0.402462,16.09,68.8566,0.207967,0.207108,7.353,6.9099,1,1,3664.346,nan
n0063,abierto,B10,137.2028,0.193722,9.3784,55.4712,100.0,16.9514,CRITICA,8.7753,0.53736,14.6506,59.5699,0.202078,0.207308,4.3131,7.0132,1,1,3762.227,nan
n0063,abierto,B15,137.2028,0.193722,14.4399,62.8669,82.0625,18.7407,CRITICA,9.4769,0.603721,14.2559,54.1796,0.207903,0.206139,7.32,6.4094,1,1,3478.261,nan
n0063,abierto,B25,137.2028,0.193722,24.5401,72.3324,50.1465,22.149,CRITICA,10.5252,0.684592,14.3806,47.2807,0.192004,0.20114,0.8873,3.8289,1,1,3551.136,nan
n0063,abierto,B40,137.2028,0.193722,39.4965,81.53,37.8583,26.9693,BIEN,11.777,0.763759,15.5202,40.577,0.198786,0.20343,2.614,5.0114,1,1,3589.375,nan
n0140,abierto,B5,136.69,0.208797,4.3515,42.4633,100.0,15.5344,CRITICA,7.6953,0.404452,16.1216,68.9346,0.204548,0.202074,2.035,3.2199,1,1,3367.003,nan
n0140,abierto,B10,136.69,0.208797,9.3589,55.19,100.0,17.5029,CRITICA,8.7392,0.537674,14.6882,59.624,0.206348,0.20076,1.1732,3.8494,1,1,3548.616,nan
n0140,abierto,B15,136.69,0.208797,14.4511,62.6276,80.5275,19.4028,CRITICA,9.4416,0.604108,14.2872,54.1828,0.211643,0.199488,1.3629,4.4584,1,1,2673.797,nan
n0140,abierto,B25,136.69,0.208797,24.547,72.0929,50.3542,23.0108,CRITICA,10.4912,0.684987,14.4183,47.2581,0.20474,0.20093,1.9434,3.768,1,1,3665.689,nan
n0140,abierto,B40,136.69,0.208797,39.4988,81.3034,38.0621,27.9256,BIEN,11.7416,0.763768,15.5628,40.5199,0.193189,0.202285,7.4753,3.119,1,1,3736.921,nan
n0202,abierto,B5,140.1217,0.180565,4.3634,42.6886,100.0,15.0981,CRITICA,7.4402,0.394037,16.0773,69.5346,0.190836,0.210901,5.6885,16.801,1,1,3673.769,nan
n0202,abierto,B10,140.1217,0.180565,9.3054,55.3808,100.0,17.0699,CRITICA,8.4633,0.524397,14.6413,60.4767,0.206323,0.201282,14.2656,11.474,1,1,3595.829,nan
n0202,abierto,B15,140.1217,0.180565,14.5006,62.8951,83.9896,18.7553,CRITICA,9.15,0.591787,14.2362,55.1139,0.202941,0.194969,12.3927,7.9774,1,1,3439.972,nan
n0202,abierto,B25,140.1217,0.180565,24.5395,72.3567,50.1601,22.3289,CRITICA,10.167,0.672779,14.3603,48.3615,0.208954,0.191731,15.7224,6.1842,1,1,3595.829,nan
n0202,abierto,B40,140.1217,0.180565,39.4471,81.5655,36.7948,27.0724,BIEN,11.3691,0.752442,15.4864,41.7895,0.203483,0.190992,12.6927,5.7748,1,1,3289.474,nan
n0209,abierto,B5,139.173,0.193998,4.3526,42.8111,100.0,14.7375,CRITICA,7.47,0.39771,16.0762,69.2389,0.188501,0.200499,2.8334,3.351,1,1,3599.712,nan
n0209,abierto,B10,139.173,0.193998,9.3554,55.5447,100.0,16.6612,CRITICA,8.4927,0.528336,14.6422,60.0894,0.198483,0.197283,2.312,1.6935,1,1,3102.699,nan
n0209,abierto,B15,139.173,0.193998,14.4964,62.9076,81.1,18.5606,CRITICA,9.1761,0.593647,14.2456,54.799,0.186321,0.19405,3.9575,0.0266,1,1,3528.582,nan
n0209,abierto,B25,139.173,0.193998,24.5298,72.3275,51.0509,22.1025,CRITICA,10.1911,0.672912,14.3762,48.0305,0.196238,0.20369,1.1548,4.9958,1,1,3636.364,nan
n0209,abierto,B40,139.173,0.193998,39.4951,81.5112,39.9231,26.9102,BIEN,11.402,0.75228,15.5219,41.4317,0.195035,0.191727,0.5347,1.1707,1,1,3714.71,nan
n0212,abierto,B5,143.3717,0.210788,4.3717,42.8135,100.0,14.7603,CRITICA,7.2017,0.38644,16.0744,70.1381,0.196747,0.207555,6.6614,1.5341,1,1,2222.222,nan
n0212,abierto,B10,143.3717,0.210788,9.3341,55.5493,100.0,16.7232,CRITICA,8.2006,0.514139,14.6319,61.2551,0.204791,0.197638,2.8451,6.2385,1,1,2295.157,nan
n0212,abierto,B15,143.3717,0.210788,14.5064,62.9683,84.0866,18.4492,CRITICA,8.8615,0.5801,14.2351,56.0804,0.202873,0.199943,3.7549,5.1452,1,1,3184.713,nan
n0212,abierto,B25,143.3717,0.210788,24.5341,72.4469,50.1174,21.9819,CRITICA,9.8456,0.660468,14.3544,49.4692,0.19812,0.203215,6.0101,3.593,1,1,3233.107,nan
n0212,abierto,B40,143.3717,0.210788,39.5038,81.6528,36.463,26.6404,BIEN,10.9949,0.739695,15.491,43.0482,0.199497,0.189351,5.3564,10.17,1,1,2411.963,nan
n0303,abierto,B5,134.7758,0.190132,4.3698,42.709,100.0,15.2496,CRITICA,7.775,0.414032,16.067,68.311,0.193385,0.212522,1.7107,11.776,1,1,3631.082,nan
n0303,abierto,B10,134.7758,0.190132,9.3466,55.2779,100.0,17.3291,CRITICA,8.8273,0.545477,14.6468,58.9853,0.199021,0.209961,4.675,10.4288,1,1,3650.967,nan
n0303,abierto,B15,134.7758,0.190132,14.5464,62.7077,81.3619,19.0114,CRITICA,9.5339,0.611922,14.2655,53.4726,0.201535,0.200685,5.997,5.55,1,1,3777.862,nan
n0303,abierto,B25,134.7758,0.190132,24.5451,72.1489,50.8723,22.8576,CRITICA,10.6091,0.692143,14.3862,46.4675,0.201927,0.20107,6.2036,5.7525,1,1,3916.961,nan
n0303,abierto,B40,134.7758,0.190132,39.4886,81.3255,39.7077,27.843,BIEN,11.8909,0.770748,15.536,39.6586,0.205885,0.193142,8.2853,1.583,1,1,4001.601,nan
n0332,abierto,B5,133.3644,0.178417,4.3565,42.6458,100.0,15.2475,CRITICA,7.9596,0.41525,16.074,68.0231,0.178636,0.199412,0.1227,11.7675,1,1,3776.435,nan
n0332,abierto,B10,133.3644,0.178417,9.3376,55.2917,100.0,17.3906,CRITICA,9.0459,0.549119,14.6432,58.5409,0.187664,0.186439,5.1826,4.4964,1,1,3298.153,nan
n0332,abierto,B15,133.3644,0.178417,14.5235,62.6403,81.4512,19.0081,CRITICA,9.7634,0.6153,14.2682,53.0307,0.188631,0.187008,5.7248,4.815,1,1,1856.665,nan
n0332,abierto,B25,133.3644,0.178417,24.4858,72.1779,50.6491,22.7644,CRITICA,10.8751,0.695491,14.37,45.8792,0.190409,0.183396,6.7213,2.7905,1,1,3347.841,nan
n0332,abierto,B40,133.3644,0.178417,39.4559,81.3758,38.555,27.6471,BIEN,12.1958,0.774681,15.511,38.9823,0.181058,0.177483,1.4804,0.5237,1,1,3033.981,nan
n0340,abierto,B5,155.4676,0.196068,4.3923,43.4076,100.0,13.5654,CRITICA,6.4237,0.357312,16.0412,72.0793,0.19516,nan,0.4627,nan,1,1,2980.626,nan
n0340,abierto,B10,155.4676,0.196068,9.3538,56.2402,100.0,14.8626,CRITICA,7.3296,0.479155,14.5954,63.8252,0.197962,0.211102,0.9663,7.6679,1,1,3315.65,nan
n0340,abierto,B15,155.4676,0.196068,14.5195,63.5256,86.0312,16.5229,CRITICA,7.9159,0.54197,14.209,59.139,0.200633,0.203858,2.3287,3.9732,1,1,3166.561,nan
n0340,abierto,B25,155.4676,0.196068,24.5578,73.091,50.4512,19.9497,CRITICA,8.8017,0.622824,14.3009,52.9864,0.18752,0.193463,4.3596,1.3285,1,1,3558.719,nan
n0340,abierto,B40,155.4676,0.196068,39.4823,82.274,35.283,24.2607,BIEN,9.7911,0.700506,15.4165,47.0797,0.192788,0.190994,1.6725,2.5878,1,1,3325.574,nan
n0343,abierto,B5,173.5967,0.256543,4.4181,44.2452,100.0,11.9236,CRITICA,5.4402,0.328584,15.9979,74.5126,0.195968,nan,23.612,nan,1,1,3190.81,nan
n0343,abierto,B10,173.5967,0.256543,9.336,56.7809,100.0,12.8629,CRITICA,6.2449,0.436549,14.5557,67.2915,0.222206,0.225194,13.3843,12.2197,1,1,3810.976,nan
n0343,abierto,B15,173.5967,0.256543,14.5943,64.1212,98.6124,14.4356,CRITICA,6.7654,0.496414,14.17,63.0631,0.223491,0.201922,12.8835,21.2912,1,1,3512.469,nan
n0343,abierto,B25,173.5967,0.256543,24.51,73.776,52.1803,17.3041,CRITICA,7.5254,0.573632,14.227,57.5015,0.214343,0.201783,16.4493,21.3453,1,1,3723.008,nan
n0343,abierto,B40,173.5967,0.256543,39.4586,83.0016,30.9729,21.1474,BIEN,8.3561,0.649335,15.3115,52.1871,0.226898,0.196957,11.5556,23.2264,1,1,3640.335,nan
n0624,abierto,B5,125.3377,0.168366,4.3556,41.9377,100.0,16.8747,CRITICA,8.3358,0.442603,16.0969,66.5402,0.16291,0.195346,3.2404,16.0246,1,1,3907.776,nan
n0624,abierto,B10,125.3377,0.168366,9.3961,54.5119,98.3058,19.3404,CRITICA,9.4567,0.578766,14.6847,56.5079,0.153184,0.183711,9.0174,9.1145,1,1,3829.951,nan
n0624,abierto,B15,125.3377,0.168366,14.5675,61.843,76.5064,21.277,CRITICA,10.2111,0.645163,14.3176,50.6589,0.176541,0.17999,4.8554,6.904,1,1,3895.598,nan
n0624,abierto,B25,125.3377,0.168366,24.4606,71.3329,54.0336,25.5155,CRITICA,11.4015,0.726565,14.4371,43.0874,0.163991,0.173303,2.5981,2.9326,1,1,3755.163,nan
n0624,abierto,B40,125.3377,0.168366,39.4782,80.5287,44.4449,30.7633,BIEN,12.8433,0.802836,15.6282,35.7506,0.167617,0.175252,0.4446,4.0898,1,1,2919.708,nan
n0654,abierto,B5,121.6574,0.158622,4.3646,41.2782,100.0,18.3927,CRITICA,8.7055,0.43833,16.1359,66.0702,0.168473,nan,6.2101,nan,1,1,2488.181,nan
n0654,abierto,B10,121.6574,0.158622,9.3853,53.8242,99.1519,21.1265,CRITICA,9.8788,0.580198,14.7272,55.7575,0.17465,0.188924,10.1046,19.103,1,1,2962.085,nan
n0654,abierto,B15,121.6574,0.158622,14.5525,61.192,76.1067,23.0717,CRITICA,10.6741,0.650365,14.3605,49.7014,0.178054,0.176707,12.2501,11.401,1,1,3294.893,nan
n0654,abierto,B25,121.6574,0.158622,24.5135,70.8327,50.6297,27.0216,CRITICA,11.9239,0.731941,14.492,41.7769,0.169425,0.17828,6.8101,12.393,1,1,3749.531,nan
n0654,abierto,B40,121.6574,0.158622,39.4753,79.9908,39.6786,32.718,CRITICA,13.4783,0.811569,15.6777,34.2491,0.168181,0.172622,6.0259,8.8257,1,1,3808.073,nan
n0658,abierto,B5,119.401,0.181857,4.3505,41.1251,100.0,18.5355,CRITICA,8.855,0.444189,16.1561,65.5572,0.18901,0.206562,3.9333,13.5852,1,1,3711.952,nan
n0658,abierto,B10,119.401,0.181857,9.4104,53.6866,97.8692,21.1931,CRITICA,10.0402,0.587808,14.7567,55.0367,0.203026,0.195448,11.6407,7.4734,1,1,3608.806,nan
n0658,abierto,B15,119.401,0.181857,14.5479,61.1159,75.0878,23.2251,CRITICA,10.858,0.656519,14.3766,48.8146,0.201682,0.19632,10.9013,7.953,1,1,3640.335,nan
n0658,abierto,B25,119.401,0.181857,24.5013,70.602,50.7598,27.5766,CRITICA,12.1392,0.737631,14.5204,40.8698,0.195673,0.200316,7.5972,10.1503,1,1,3889.537,nan
n0658,abierto,B40,119.401,0.181857,39.5025,79.8934,40.7926,33.073,CRITICA,13.7376,0.813291,15.7125,33.0882,0.194603,0.195411,7.0092,7.4532,1,1,3556.188,nan
n0662,abierto,B5,118.4714,0.192648,4.3477,40.9905,100.0,18.778,CRITICA,8.9142,0.444204,16.1633,65.4005,0.19275,0.209674,0.0525,8.8377,1,1,3660.322,nan
n0662,abierto,B10,118.4714,0.192648,9.4093,53.546,97.3801,21.5013,CRITICA,10.1088,0.588892,14.7637,54.8026,0.201751,0.195135,4.725,1.2906,1,1,3255.208,nan
n0662,abierto,B15,118.4714,0.192648,14.5568,60.9759,74.1311,23.5712,CRITICA,10.933,0.658363,14.3856,48.5311,0.203196,0.200317,5.4749,3.9806,1,1,3749.531,nan
n0662,abierto,B25,118.4714,0.192648,24.5111,70.4995,50.9014,27.8654,CRITICA,12.224,0.738752,14.5292,40.4924,0.202629,0.204579,5.1805,6.193,1,1,3861.004,nan
n0662,abierto,B40,118.4714,0.192648,39.4984,79.763,41.171,33.4976,CRITICA,13.848,0.815666,15.729,32.6732,0.200912,0.198427,4.2894,2.9995,1,1,2857.143,nan
n0665,abierto,B5,124.1286,0.185859,4.3678,41.4798,100.0,18.0453,CRITICA,8.5284,0.43351,16.1239,66.5832,0.204747,0.2062,10.1623,10.9443,1,1,2874.389,nan
n0665,abierto,B10,124.1286,0.185859,9.3686,54.0435,99.6546,20.6974,CRITICA,9.6815,0.573821,14.7113,56.4616,0.203224,0.199312,9.3432,7.2382,1,1,2370.792,nan
n0665,abierto,B15,124.1286,0.185859,14.5489,61.3988,77.2982,22.615,CRITICA,10.4588,0.642511,14.3429,50.5362,0.206118,0.213635,10.8998,14.9446,1,1,3786.445,nan
n0665,abierto,B25,124.1286,0.185859,24.5324,71.0634,50.3522,26.5127,CRITICA,11.6783,0.725046,14.4676,42.7502,0.208504,0.204939,12.1836,10.2657,1,1,3612.717,nan
n0665,abierto,B40,124.1286,0.185859,39.4728,80.2223,38.6307,32.0491,BIEN,13.1756,0.804295,15.6452,35.3716,0.197498,0.197195,6.262,6.0988,1,1,3683.241,nan
n0722,abierto,B5,121.8668,0.167628,4.3497,41.4709,100.0,17.8405,CRITICA,8.5919,0.445689,16.1304,65.9703,0.173492,0.180115,3.4981,7.4492,1,1,3289.474,nan
n0722,abierto,B10,121.8668,0.167628,9.425,53.8116,96.8251,20.6704,CRITICA,9.7333,0.583042,14.742,55.8439,0.171474,0.173132,2.2947,3.2839,1,1,3664.346,nan
n0722,abierto,B15,121.8668,0.167628,14.5622,61.2381,76.0892,22.7463,CRITICA,10.5295,0.653352,14.3582,49.75,0.157686,0.175679,5.9311,4.8032,1,1,3611.412,nan
n0722,abierto,B25,121.8668,0.167628,24.5202,70.8476,52.4171,26.7525,CRITICA,11.7565,0.732478,14.4974,41.8647,0.165106,0.166545,1.5045,0.6461,1,1,3356.831,nan
n0722,abierto,B40,121.8668,0.167628,39.4848,79.9572,43.3911,32.4735,CRITICA,13.2825,0.811118,15.6956,34.3897,0.157582,0.17678,5.993,5.46,1,1,3650.968,nan
n0738,abierto,B5,146.9977,0.213843,4.4042,43.6235,100.0,13.2296,CRITICA,7.1284,0.389037,15.98,70.3237,0.198928,nan,6.9747,nan,1,1,3245.7,nan
n0738,abierto,B10,146.9977,0.213843,9.2996,56.1866,100.0,15.1961,CRITICA,8.1275,0.509071,14.5385,61.7772,0.223534,0.21231,4.5317,0.7172,1,1,3384.095,nan
n0738,abierto,B15,146.9977,0.213843,14.5371,63.4566,90.8323,16.7711,CRITICA,8.7728,0.571495,14.1625,56.8316,0.221724,0.2308,3.6852,7.9293,1,1,3635.042,nan
n0738,abierto,B25,146.9977,0.213843,24.4875,73.1942,50.3678,19.8395,CRITICA,9.7592,0.653577,14.2344,50.2072,0.224812,0.233713,5.1293,9.2915,1,1,2123.593,nan
n0738,abierto,B40,146.9977,0.213843,39.4878,82.372,32.5351,23.9489,BIEN,10.8703,0.733384,15.3541,43.9638,0.222269,0.2166,3.9401,1.2892,1,1,3182.686,nan
n0774,abierto,B5,133.5917,0.166092,4.3952,42.8163,100.0,15.2113,CRITICA,8.0391,0.416499,16.0433,67.9499,0.205606,nan,23.7903,nan,1,1,3256.268,nan
n0774,abierto,B10,133.5917,0.166092,9.3334,55.362,99.9806,17.4555,CRITICA,9.1393,0.547846,14.6179,58.5588,0.24321,0.217781,46.4309,31.1208,1,1,2056.767,nan
n0774,abierto,B15,133.5917,0.166092,14.5176,62.7541,83.7625,18.9552,CRITICA,9.8655,0.615541,14.2384,53.0254,0.212014,0.203258,27.6485,22.3769,1,1,2777.778,nan
n0774,abierto,B25,133.5917,0.166092,24.5297,72.2799,49.2014,22.6265,CRITICA,10.9897,0.697416,14.3433,45.8949,0.187387,0.187071,12.8208,12.6312,1,1,3506.311,nan
n0774,abierto,B40,133.5917,0.166092,39.4872,81.4802,36.3931,27.2899,BIEN,12.3169,0.776916,15.4815,39.008,0.193774,0.177283,16.6667,6.7379,1,1,3627.131,nan
n0777,abierto,B5,128.9759,0.197981,4.3843,42.5533,100.0,15.7469,CRITICA,8.3318,0.431403,16.0636,67.0068,0.187447,nan,5.321,nan,1,1,2976.19,nan
n0777,abierto,B10,128.9759,0.197981,9.3729,55.0591,99.9767,18.1757,CRITICA,9.4642,0.562514,14.6449,57.3106,0.188565,0.197207,4.7561,0.3912,1,1,3505.082,nan
n0777,abierto,B15,128.9759,0.197981,14.5342,62.3617,79.7823,20.0082,CRITICA,10.2182,0.628728,14.2761,51.6486,0.200892,0.193637,1.4703,2.1944,1,1,3287.311,nan
n0777,abierto,B25,128.9759,0.197981,24.5307,71.8645,49.7953,23.8062,CRITICA,11.3915,0.710283,14.3887,44.2807,0.18844,0.183351,4.8194,7.3899,1,1,3017.502,nan
n0777,abierto,B40,128.9759,0.197981,39.4807,81.0826,39.3856,28.6531,BIEN,12.8049,0.78944,15.5357,37.1336,0.186395,0.18232,5.8522,7.9107,1,1,3336.67,nan
n0807,abierto,B5,112.708,0.182411,4.3323,40.6083,100.0,19.4617,CRITICA,9.4195,0.462449,16.172,63.9704,0.203195,0.212064,11.3936,16.256,1,1,3455.425,nan
n0807,abierto,B10,112.708,0.182411,9.477,53.0088,96.4855,22.5836,CRITICA,10.6915,0.606913,14.7787,52.968,0.191625,0.201163,5.0508,10.28,1,1,1888.931,nan
n0807,abierto,B15,112.708,0.182411,14.5483,60.3542,72.7338,24.8966,CRITICA,11.5758,0.677543,14.4094,46.4508,0.202773,0.200204,11.1624,9.7542,1,1,3324.468,nan
n0807,abierto,B25,112.708,0.182411,24.488,69.8793,50.3522,29.372,CRITICA,12.9816,0.756294,14.5576,37.9996,0.197176,0.206021,8.0944,12.9433,1,1,3140.703,nan
n0807,abierto,B40,112.708,0.182411,39.503,79.1925,42.0191,35.0168,CRITICA,14.7794,0.831102,15.7747,29.7365,0.200894,0.204699,10.1325,12.2185,1,1,3546.099,nan
n0815,abierto,B5,137.8192,0.173399,4.3758,43.1524,100.0,14.7095,CRITICA,7.6481,0.425451,16.043,68.6891,0.17688,nan,2.0075,nan,1,1,3872.966,nan
n0815,abierto,B10,137.8192,0.173399,9.3064,55.5679,100.0,16.83,CRITICA,8.69,0.548253,14.616,59.6806,0.16542,0.197716,4.6017,14.0237,1,1,3485.535,nan
n0815,abierto,B15,137.8192,0.173399,14.5087,62.961,83.7684,18.7064,CRITICA,9.3876,0.612015,14.2211,54.3162,0.171527,0.169382,1.0797,2.3168,1,1,3958.828,nan
n0815,abierto,B25,137.8192,0.173399,24.5113,72.5447,54.0899,22.1401,CRITICA,10.4361,0.692728,14.337,47.3624,0.182255,0.18151,5.1071,4.6778,1,1,3707.824,nan
n0815,abierto,B40,137.8192,0.173399,39.5035,81.7508,37.6739,26.7689,BIEN,11.6714,0.770046,15.4732,40.6826,0.171109,0.176555,1.3204,1.8199,1,1,3971.406,nan
n0826,abierto,B5,119.3938,0.194567,4.3613,41.3957,100.0,18.1156,CRITICA,8.9322,0.442284,16.1231,65.3284,0.215879,0.204396,10.9535,5.0514,1,1,2688.895,nan
n0826,abierto,B10,119.3938,0.194567,9.4149,53.8673,99.4159,20.8935,CRITICA,10.1334,0.583241,14.7258,54.8827,0.218087,0.19776,12.088,1.6409,1,1,2356.823,nan
n0826,abierto,B15,119.3938,0.194567,14.5524,61.2388,75.67,22.9868,CRITICA,10.9611,0.652399,14.3462,48.7086,0.210224,0.20155,8.0467,3.5886,1,1,3795.066,nan
n0826,abierto,B25,119.3938,0.194567,24.5019,70.7253,49.8341,27.2254,CRITICA,12.2605,0.733973,14.485,40.763,0.211166,0.201197,8.5313,3.4075,1,1,3892.565,nan
n0826,abierto,B40,119.3938,0.194567,39.5022,80.0386,40.2705,32.5324,BIEN,13.8747,0.810925,15.6684,32.9625,0.209367,0.20351,7.6063,4.5961,1,1,3966.68,nan
n0840,abierto,B5,116.1739,0.136367,4.352,40.8331,100.0,19.2077,CRITICA,9.1407,0.447726,16.1611,64.8518,0.143921,0.196801,5.5397,44.3176,1,1,3422.314,nan
n0840,abierto,B10,116.1739,0.136367,9.4138,53.3043,97.7663,22.0865,CRITICA,10.3692,0.591148,14.7663,54.1168,0.149847,0.157329,9.8852,15.3719,1,1,3611.412,nan
n0840,abierto,B15,116.1739,0.136367,14.5651,60.7098,73.3587,24.2632,CRITICA,11.2218,0.662111,14.3886,47.7423,0.148363,0.155773,8.7969,14.2311,1,1,3627.131,nan
n0840,abierto,B25,116.1739,0.136367,24.5031,70.2083,50.1834,28.6206,CRITICA,12.5623,0.742266,14.5353,39.5662,0.134252,0.15025,1.5508,10.1809,1,1,3338.898,nan
n0840,abierto,B40,116.1739,0.136367,39.5003,79.4976,41.2234,34.2517,CRITICA,14.2617,0.819772,15.7394,31.5702,0.128201,0.123806,5.9877,9.2109,1,1,3612.717,nan
n0889,abierto,B5,121.0923,0.188755,4.3683,41.5164,100.0,17.9252,CRITICA,8.8141,0.439208,16.1068,65.7151,0.202656,0.219189,7.3648,16.1235,1,1,3582.945,nan
n0889,abierto,B10,121.0923,0.188755,9.3951,54.0429,99.9961,20.7932,CRITICA,10.0127,0.577083,14.6924,55.3705,0.18695,0.186432,0.9561,1.2308,1,1,3072.197,nan
n0889,abierto,B15,121.0923,0.188755,14.5542,61.2916,76.2406,22.881,CRITICA,10.8207,0.646422,14.3293,49.3844,0.192563,0.193828,2.0174,2.6879,1,1,3593.245,nan
n0889,abierto,B25,121.0923,0.188755,24.5061,70.9195,49.5391,26.7459,CRITICA,12.0942,0.728519,14.4566,41.4335,0.185056,0.196201,1.9597,3.9451,1,1,3435.246,nan
n0889,abierto,B40,121.0923,0.188755,39.4784,80.1037,39.7543,32.2485,BIEN,13.6796,0.809823,15.6361,33.8491,0.205033,0.18606,8.6239,1.4279,1,1,2196.837,nan
n0909,abierto,B5,117.2269,0.195183,4.3509,41.1841,100.0,18.5123,CRITICA,9.0626,0.449404,16.1327,64.868,0.19072,0.203947,2.2864,4.4906,1,1,3797.949,nan
n0909,abierto,B10,117.2269,0.195183,9.4179,53.5999,98.8802,21.4661,CRITICA,10.2807,0.589232,14.7388,54.2768,0.190691,0.194844,2.3015,0.1735,1,1,3834.356,nan
n0909,abierto,B15,117.2269,0.195183,14.5512,60.9354,74.2708,23.6575,CRITICA,11.1259,0.658741,14.3638,48.0193,0.194372,0.192106,0.4154,1.5762,1,1,3863.988,nan
n0909,abierto,B25,117.2269,0.195183,24.5021,70.453,50.2067,27.9544,CRITICA,12.453,0.739544,14.5052,39.9003,0.18396,0.1894,5.7496,2.9626,1,1,3501.4,nan
n0909,abierto,B40,117.2269,0.195183,39.496,79.7252,41.8657,33.4427,CRITICA,14.1238,0.817132,15.7032,31.9907,0.188404,0.185998,3.4732,4.7059,1,1,2149.613,nan
n0910,abierto,B5,121.7654,0.186287,4.3662,41.5847,100.0,17.7824,CRITICA,8.7605,0.437483,16.1054,65.8485,0.187039,0.201197,0.404,8.0038,1,1,3932.364,nan
n0910,abierto,B10,121.7654,0.186287,9.3934,54.0787,100.0,20.709,CRITICA,9.9518,0.573945,14.6904,55.5878,0.184621,0.187075,0.8939,0.4231,1,1,3721.623,nan
n0910,abierto,B15,121.7654,0.186287,14.5608,61.3429,76.3182,22.754,CRITICA,10.7529,0.642748,14.3273,49.6221,0.18633,0.190949,0.0234,2.5027,1,1,3287.311,nan
n0910,abierto,B25,121.7654,0.186287,24.5062,70.9743,49.5372,26.6226,CRITICA,12.0178,0.725776,14.4538,41.7122,0.177151,0.195533,4.9042,4.9638,1,1,3270.111,nan
n0910,abierto,B40,121.7654,0.186287,39.4795,80.1594,39.3351,32.0971,BIEN,13.5845,0.806988,15.6301,34.169,0.18204,0.195622,2.2794,5.0116,1,1,3675.119,nan
n0911,abierto,B5,121.2901,0.18353,4.3662,41.554,100.0,17.8333,CRITICA,8.8001,0.440192,16.1076,65.74,0.175994,0.225847,4.106,23.0574,1,1,3035.823,nan
n0911,abierto,B10,121.2901,0.18353,9.3897,54.06,99.9942,20.7511,CRITICA,9.9974,0.577557,14.6927,55.4292,0.178172,0.167701,2.9192,8.6247,1,1,3698.225,nan
n0911,abierto,B15,121.2901,0.18353,14.5572,61.3158,76.4249,22.8333,CRITICA,10.8043,0.645877,14.3289,49.4469,0.178683,0.178638,2.6408,2.6651,1,1,3825.555,nan
n0911,abierto,B25,121.2901,0.18353,24.5002,70.938,49.838,26.6952,CRITICA,12.0755,0.728442,14.456,41.5138,0.188215,0.185209,2.5529,0.9149,1,1,3394.433,nan
n0911,abierto,B40,121.2901,0.18353,39.4819,80.1097,39.7485,32.1828,BIEN,13.6537,0.809274,15.6382,33.952,0.176895,0.172677,3.6148,5.9131,1,1,3073.141,nan
n0915,abierto,B5,119.5064,0.179054,4.3723,41.4668,100.0,18.0608,CRITICA,8.9075,0.444012,16.1095,65.3016,0.196866,0.218561,9.9477,22.0642,1,1,3702.333,nan
n0915,abierto,B10,119.5064,0.179054,9.3992,53.9522,99.9301,21.0026,CRITICA,10.114,0.581969,14.6999,54.8541,0.199603,0.18261,11.4765,1.9859,1,1,3628.447,nan
n0915,abierto,B15,119.5064,0.179054,14.5509,61.2046,75.4895,23.1085,CRITICA,10.9312,0.649655,14.337,48.7855,0.194021,0.188286,8.3591,5.1558,1,1,3891.05,nan
n0915,abierto,B25,119.5064,0.179054,24.4993,70.6792,50.0165,27.3607,CRITICA,12.2293,0.731802,14.479,40.8574,0.200381,0.191198,11.9107,6.7821,1,1,3706.449,nan
n0915,abierto,B40,119.5064,0.179054,39.4922,79.9977,40.4064,32.6004,CRITICA,13.8363,0.809334,15.6602,33.0599,0.20758,0.183541,15.9316,2.5057,1,1,3746.722,nan
n0928,abierto,B5,129.4429,0.200518,4.3836,42.6202,100.0,15.4238,CRITICA,8.2644,0.426635,16.0399,67.0742,0.213495,0.213071,6.4719,6.2604,1,1,3835.827,nan
n0928,abierto,B10,129.4429,0.200518,9.3357,55.1869,99.9631,17.6939,CRITICA,9.3934,0.561288,14.6145,57.3658,0.196555,0.199952,1.9764,0.282,1,1,3392.13,nan
n0928,abierto,B15,129.4429,0.200518,14.5495,62.4377,80.5449,19.5962,CRITICA,10.1462,0.627509,14.2446,51.7643,0.203669,0.210634,1.5718,5.045,1,1,3551.136,nan
n0928,abierto,B25,129.4429,0.200518,24.4967,71.9894,50.3464,23.3013,CRITICA,11.3135,0.708139,14.3581,44.3852,0.202512,0.204516,0.9947,1.9942,1,1,3570.153,nan
n0928,abierto,B40,129.4429,0.200518,39.4946,81.242,39.5622,28.0872,BIEN,12.717,0.787456,15.5059,37.2372,0.210523,0.200283,4.9897,0.1173,1,1,2866.151,nan
n0934,abierto,B5,121.8689,0.184681,4.3457,41.9695,100.0,16.7854,CRITICA,8.7822,0.444115,16.0857,65.5618,0.205278,0.196979,11.1526,6.6589,1,1,3849.114,nan
n0934,abierto,B10,121.8689,0.184681,9.425,54.4007,99.9321,19.491,CRITICA,9.9666,0.581344,14.6848,55.3613,0.202246,0.193078,9.5108,4.5466,1,1,3827.019,nan
n0934,abierto,B15,121.8689,0.184681,14.548,61.7336,76.6539,21.5224,CRITICA,10.7793,0.649423,14.3039,49.3442,0.208341,0.19339,12.8111,4.716,1,1,3792.188,nan
n0934,abierto,B25,121.8689,0.184681,24.4992,71.3212,51.0004,25.3609,CRITICA,12.0425,0.729359,14.4324,41.4771,0.206837,0.192471,11.9968,4.2182,1,1,3765.06,nan
n0934,abierto,B40,121.8689,0.184681,39.4955,80.496,42.0365,30.6963,BIEN,13.6049,0.808891,15.6065,33.9487,0.20308,0.210869,9.9627,14.18,1,1,2656.748,nan
n0967,abierto,B5,129.0396,0.198001,4.3707,42.5108,100.0,15.773,CRITICA,8.3344,0.426534,16.0739,67.056,0.19366,0.197798,2.1921,0.1024,1,1,3695.492,nan
n0967,abierto,B10,129.0396,0.198001,9.3738,55.0657,99.9767,18.196,CRITICA,9.4691,0.559207,14.6487,57.3265,0.194747,0.184337,1.6433,6.9009,1,1,3646.973,nan
n0967,abierto,B15,129.0396,0.198001,14.508,62.4229,80.1859,20.1117,CRITICA,10.2334,0.626918,14.2636,51.625,0.201986,0.188523,2.0125,4.7865,1,1,2496.256,nan
n0967,abierto,B25,129.0396,0.198001,24.528,71.8604,49.0578,23.812,CRITICA,11.3937,0.707703,14.3936,44.3113,0.200554,0.188232,1.2896,4.9336,1,1,3687.316,nan
n0967,abierto,B40,129.0396,0.198001,39.4903,81.0897,38.8636,28.676,BIEN,12.8052,0.787467,15.5424,37.1591,0.192629,0.210141,2.7132,6.1313,1,1,2281.542,nan
n1003,abierto,B5,124.3481,0.173736,4.346,42.0978,100.0,16.2389,CRITICA,8.6928,0.450023,16.1594,66.1452,0.178142,0.239517,2.5364,37.8626,1,1,3642.987,nan
n1003,abierto,B10,124.3481,0.173736,9.4327,54.4983,99.9592,19.0352,CRITICA,9.858,0.582557,14.7487,56.1728,0.189757,0.186089,9.2218,7.1104,1,1,3363.606,nan
n1003,abierto,B15,124.3481,0.173736,14.482,61.974,77.4379,21.143,CRITICA,10.6712,0.649641,14.3367,50.1609,0.16716,0.164982,3.7849,5.0388,1,1,3711.952,nan
n1003,abierto,B25,124.3481,0.173736,24.5333,71.4216,49.9757,24.8354,CRITICA,11.8828,0.726878,14.4823,42.5632,0.144185,0.165525,17.0094,4.7263,1,1,3688.676,nan
n1003,abierto,B40,124.3481,0.173736,39.4918,80.5863,40.9847,30.0807,BIEN,13.3937,0.805035,15.6482,35.193,0.177121,0.161602,1.9486,6.9842,1,1,3617.945,nan
n1031,abierto,B5,134.4414,0.167394,4.3737,43.0154,100.0,14.5766,CRITICA,8.0299,0.417692,16.0603,68.0044,0.180032,nan,7.5501,nan,1,1,3534.818,nan
n1031,abierto,B10,134.4414,0.167394,9.3365,55.559,100.0,16.8907,CRITICA,9.1297,0.546448,14.6269,58.6742,0.187709,0.180243,12.1361,7.6758,1,1,2219.263,nan
n1031,abierto,B15,134.4414,0.167394,14.5068,63.0027,84.9211,18.4424,CRITICA,9.8626,0.612833,14.229,53.1374,0.179263,0.173984,7.0905,3.9368,1,1,3644.315,nan
n1031,abierto,B25,134.4414,0.167394,24.5366,72.4409,49.5663,22.0097,CRITICA,10.9713,0.693938,14.3493,46.1171,0.185666,0.176323,10.9158,5.3339,1,1,3785.011,nan
n1031,abierto,B40,134.4414,0.167394,39.4962,81.6554,35.7236,26.5626,BIEN,12.2863,0.773306,15.4812,39.2632,0.189438,0.183003,13.1689,9.3249,1,1,3305.785,nan
n1042,abierto,B5,124.3439,0.191003,4.3971,42.5311,100.0,15.7199,CRITICA,8.7754,0.443241,16.059,65.7956,0.199607,0.213399,4.5047,11.7253,1,1,3769.318,nan
n1042,abierto,B10,124.3439,0.191003,9.3446,55.0619,99.9787,18.0737,CRITICA,9.9746,0.580278,14.6359,55.7181,0.194837,0.213773,2.0072,11.9215,1,1,3620.565,nan
n1042,abierto,B15,124.3439,0.191003,14.5136,62.4206,79.6736,19.9904,CRITICA,10.7846,0.647432,14.2533,49.8,0.195546,0.21243,2.3786,11.2181,1,1,3705.076,nan
n1042,abierto,B25,124.3439,0.191003,24.5187,71.9612,50.1989,23.4717,CRITICA,12.0282,0.726748,14.3775,42.1273,0.197389,0.205664,3.3435,7.6757,1,1,3410.641,nan
n1042,abierto,B40,124.3439,0.191003,39.4884,81.1274,39.0615,28.5224,BIEN,13.5629,0.805969,15.5303,34.7557,0.2045,0.203319,7.0662,6.4481,1,1,3808.073,nan
o0009,abierto,B5,98.6616,0.247376,4.4429,42.3542,100.0,15.8838,CRITICA,10.3938,0.646379,16.1306,57.0712,0.247678,0.196609,0.122,20.5221,1,1,3642.987,nan
o0009,abierto,B10,98.6616,0.247376,9.4314,54.6095,86.9413,18.7882,CRITICA,11.7282,0.768674,14.7499,44.6497,0.247039,0.239674,0.1364,3.1137,1,1,3423.485,nan
o0009,abierto,B15,98.6616,0.247376,14.4531,61.8771,78.9672,21.786,CRITICA,12.6891,0.814575,14.3665,37.2835,0.239889,0.241006,3.0268,2.5753,1,1,3636.363,nan
o0009,abierto,B25,98.6616,0.247376,24.4904,71.1716,67.9326,26.8249,CRITICA,14.2066,0.865698,14.5545,27.8629,0.242941,0.24219,1.7932,2.0964,1,1,3685.957,nan
o0009,abierto,B40,98.6616,0.247376,39.5197,80.0341,58.4351,33.8122,BIEN,16.2631,0.912681,15.8237,18.8802,0.243505,0.246278,1.5649,0.4439,1,1,3700.962,nan
o0043,abierto,B5,88.0739,0.253944,4.4403,42.9318,100.0,14.3372,CRITICA,12.1516,0.69968,16.1003,51.2548,0.258037,0.200342,1.612,21.1075,1,1,3556.188,nan
o0043,abierto,B10,88.0739,0.253944,9.4289,55.0415,85.7808,17.5534,CRITICA,13.7779,0.80264,14.7087,37.5054,0.248963,0.245839,1.9615,3.1917,1,1,3748.126,nan
o0043,abierto,B15,88.0739,0.253944,14.4534,62.357,79.2331,20.3737,CRITICA,14.935,0.843974,14.321,29.1992,0.253859,0.258526,0.0331,1.8045,1,1,3282.994,nan
o0043,abierto,B25,88.0739,0.253944,24.4898,71.596,67.8084,25.1409,CRITICA,16.7862,0.887896,14.5,18.7092,0.256311,0.253454,0.9321,0.1929,1,1,3738.318,nan
o0043,abierto,B40,88.0739,0.253944,39.4934,80.5592,54.1152,31.8448,BIEN,19.3402,0.926923,15.7367,8.5323,0.252709,0.249068,0.4864,1.9201,1,1,3054.368,nan
o0053,abierto,B5,90.3395,0.241034,4.4523,42.5302,100.0,15.1248,CRITICA,11.7095,0.681534,16.1311,52.9218,0.227473,0.207031,5.6264,14.1071,1,1,3803.728,nan
o0053,abierto,B10,90.3395,0.241034,9.4179,54.7772,83.9702,18.1207,CRITICA,13.2632,0.794956,14.7338,39.3651,0.23833,0.244212,1.1218,1.3182,1,1,3984.064,nan
o0053,abierto,B15,90.3395,0.241034,14.4319,62.0388,79.0759,20.9749,CRITICA,14.3707,0.837995,14.351,31.3271,0.234141,0.247298,2.8597,2.5986,1,1,3728.561,nan
o0053,abierto,B25,90.3395,0.241034,24.5003,71.4003,68.1616,25.825,CRITICA,16.1456,0.883348,14.525,20.9645,0.238235,0.247857,1.1614,2.8305,1,1,3594.536,nan
o0053,abierto,B40,90.3395,0.241034,39.5036,80.3577,55.9219,32.5391,BIEN,18.5714,0.923401,15.7716,11.0492,0.245488,0.242896,1.8476,0.7722,1,1,3498.95,nan
o0056,abierto,B5,89.0746,0.249039,4.4613,42.9213,100.0,14.4985,CRITICA,12.0575,0.699841,16.0975,51.8142,0.238063,nan,4.4074,nan,1,1,3841.721,nan
o0056,abierto,B10,89.0746,0.249039,9.4202,55.0395,84.0245,17.5574,CRITICA,13.6677,0.803194,14.7048,38.2097,0.234917,0.241393,5.6705,3.0705,1,1,3235.199,nan
o0056,abierto,B15,89.0746,0.249039,14.4562,62.3362,78.5965,20.3855,CRITICA,14.8261,0.845289,14.3192,30.018,0.243048,0.250178,2.4056,0.4573,1,1,3815.338,nan
o0056,abierto,B25,89.0746,0.249039,24.4983,71.5604,67.6279,25.2599,CRITICA,16.6883,0.890295,14.4996,19.6624,0.244465,0.250702,1.8369,0.6677,1,1,2268.088,nan
o0056,abierto,B40,89.0746,0.249039,39.5025,80.543,54.4645,31.8475,BIEN,19.2249,0.92816,15.7325,9.5781,0.242862,0.24907,2.4804,0.0122,1,1,3869.969,nan
o0070,abierto,B5,87.803,0.242814,4.4378,42.8393,100.0,14.4843,CRITICA,12.1702,0.701482,16.1029,51.2097,0.23521,0.198455,3.1317,18.269,1,1,3614.023,nan
o0070,abierto,B10,87.803,0.242814,9.4264,55.0049,85.4024,17.6409,CRITICA,13.7999,0.805057,14.7072,37.3542,0.22721,0.240095,6.4265,1.1198,1,1,3816.794,nan
o0070,abierto,B15,87.803,0.242814,14.4663,62.3289,79.4834,20.4654,CRITICA,14.9592,0.846011,14.3217,29.0128,0.23923,0.242699,1.4761,0.0476,1,1,1876.173,nan
o0070,abierto,B25,87.803,0.242814,24.4845,71.571,68.2334,25.293,CRITICA,16.8267,0.889909,14.4982,18.4868,0.239703,0.237302,1.2813,2.2702,1,1,3297.065,nan
o0070,abierto,B40,87.803,0.242814,39.5086,80.5559,54.4567,31.9332,BIEN,19.3673,0.927137,15.7351,8.2539,0.245538,0.239994,1.1219,1.1615,1,1,3750.937,nan
o0085,abierto,B5,89.791,0.242467,4.4805,42.9319,100.0,14.5159,CRITICA,11.8206,0.693319,16.0907,52.1868,0.215012,0.21311,11.3231,12.1077,1,1,2904.444,nan
o0085,abierto,B10,89.791,0.242467,9.4654,55.0694,84.4942,17.7027,CRITICA,13.3838,0.796816,14.7003,38.6693,0.220676,0.23017,8.9872,5.0716,1,1,3802.281,nan
o0085,abierto,B15,89.791,0.242467,14.5129,62.298,79.3902,20.5291,CRITICA,14.4928,0.838956,14.3285,30.6188,0.225709,0.236377,6.9116,2.5117,1,1,3537.319,nan
o0085,abierto,B25,89.791,0.242467,24.4842,71.5188,68.2315,25.5128,CRITICA,16.2941,0.885122,14.5073,20.3497,0.226927,0.226575,6.4093,6.5542,1,1,3644.315,nan
o0085,abierto,B40,89.791,0.242467,39.5181,80.4374,55.7764,32.2576,BIEN,18.7525,0.925007,15.7564,10.417,0.230429,0.230065,4.965,5.1148,1,1,3490.401,nan
o0088,abierto,B5,89.9646,0.254009,4.486,42.8846,100.0,14.7727,CRITICA,11.77,0.691158,16.0909,52.3317,0.235409,0.185158,7.3227,27.1058,1,1,3944.773,nan
o0088,abierto,B10,89.9646,0.254009,9.4787,55.0459,83.8945,17.9287,CRITICA,13.3263,0.79648,14.7019,38.8139,0.235749,0.233416,7.1886,8.1072,1,1,3468.609,nan
o0088,abierto,B15,89.9646,0.254009,14.5369,62.2321,78.7421,20.7789,CRITICA,14.4258,0.838219,14.3408,30.826,0.238827,0.237954,5.9767,6.3208,1,1,3454.232,nan
o0088,abierto,B25,89.9646,0.254009,24.5125,71.4166,68.1267,25.8375,CRITICA,16.2184,0.884567,14.522,20.6169,0.242688,0.233245,4.457,8.1745,1,1,3378.378,nan
o0088,abierto,B40,89.9646,0.254009,39.5479,80.3717,55.2951,32.5497,BIEN,18.6603,0.924255,15.7718,10.6629,0.241374,0.236331,4.9742,6.9595,1,1,3594.536,nan
o0102,abierto,B5,98.5535,0.250848,4.4588,42.2722,100.0,16.0975,CRITICA,10.5009,0.643721,16.1292,57.1074,0.234473,0.207867,6.5279,17.1344,1,1,3210.273,nan
o0102,abierto,B10,98.5535,0.250848,9.4389,54.6351,89.2759,18.8411,CRITICA,11.8613,0.769611,14.7422,44.563,0.252009,0.238844,0.4628,4.7852,1,1,3736.921,nan
o0102,abierto,B15,98.5535,0.250848,14.455,61.8806,77.3273,21.7743,CRITICA,12.8388,0.815734,14.3575,37.2111,0.245678,0.247889,2.0608,1.1795,1,1,3542.331,nan
o0102,abierto,B25,98.5535,0.250848,24.4849,71.1547,66.7333,26.7681,CRITICA,14.3816,0.866124,14.5466,27.8009,0.249856,0.246391,0.3954,1.7768,1,1,3797.949,nan
o0102,abierto,B40,98.5535,0.250848,39.5195,80.0343,57.6898,33.7209,BIEN,16.4816,0.912765,15.8158,18.791,0.249444,0.244585,0.5598,2.4968,1,1,3759.399,nan
o0177,abierto,B5,88.286,0.236426,4.4383,43.0894,100.0,13.9312,CRITICA,12.1214,0.700508,16.0732,51.1934,0.237329,0.220378,0.3817,6.7881,1,1,3551.136,nan
o0177,abierto,B10,88.286,0.236426,9.4409,55.1808,86.8268,17.3161,CRITICA,13.741,0.801041,14.6896,37.4977,0.243198,0.246764,2.8643,4.3725,1,1,3510.004,nan
o0177,abierto,B15,88.286,0.236426,14.4604,62.4797,79.9394,20.0993,CRITICA,14.8926,0.843114,14.3044,29.2304,0.247243,0.243689,4.5749,3.0719,1,1,3567.606,nan
o0177,abierto,B25,88.286,0.236426,24.4848,71.7158,68.5517,24.8026,CRITICA,16.7305,0.887638,14.4797,18.7688,0.251946,0.240393,6.5641,1.6778,1,1,1811.594,nan
o0177,abierto,B40,88.286,0.236426,39.5084,80.6979,53.5291,31.4346,BIEN,19.2534,0.926918,15.7133,8.5949,0.23704,0.238828,0.2595,1.0157,1,1,1864.28,nan
o0179,abierto,B5,88.926,0.25477,4.4461,42.933,100.0,14.3156,CRITICA,11.9437,0.695724,16.0919,51.7206,0.238656,0.211972,6.3247,16.7986,1,1,3901.678,nan
o0179,abierto,B10,88.926,0.25477,9.43,55.0385,85.9011,17.613,CRITICA,13.5307,0.798323,14.7044,38.1075,0.244866,0.247186,3.8874,2.9767,1,1,3477.051,nan
o0179,abierto,B15,88.926,0.25477,14.461,62.3356,79.5979,20.463,CRITICA,14.6608,0.840541,14.3201,29.9017,0.243253,0.252477,4.5205,0.8999,1,1,3568.88,nan
o0179,abierto,B25,88.926,0.25477,24.4967,71.5144,68.4779,25.3699,CRITICA,16.4784,0.886482,14.5071,19.5798,0.246791,0.242827,3.1317,4.6877,1,1,3742.515,nan
o0179,abierto,B40,88.926,0.25477,39.5009,80.5221,54.3053,32.0763,BIEN,18.9651,0.925828,15.7395,9.4504,0.244078,0.238612,4.1968,6.342,1,1,3835.827,nan
o0195,abierto,B5,89.5158,0.25025,4.4569,42.8867,100.0,14.5335,CRITICA,11.7872,0.691489,16.097,52.0903,0.235217,0.217471,6.0073,13.0986,1,1,3615.329,nan
o0195,abierto,B10,89.5158,0.25025,9.4523,55.0003,85.643,17.8312,CRITICA,13.3462,0.794328,14.7087,38.558,0.224758,0.23802,10.1866,4.8873,1,1,3593.245,nan
o0195,abierto,B15,89.5158,0.25025,14.4806,62.2965,79.6348,20.6891,CRITICA,14.4522,0.836433,14.3269,30.4072,0.236156,0.244364,5.6319,2.352,1,1,3534.818,nan
o0195,abierto,B25,89.5158,0.25025,24.4923,71.4757,68.412,25.6618,CRITICA,16.2352,0.883409,14.514,20.153,0.24535,0.235158,1.9582,6.0308,1,1,3687.316,nan
o0195,abierto,B40,89.5158,0.25025,39.5186,80.4168,54.7633,32.4844,BIEN,18.6808,0.923626,15.7631,10.1647,0.248174,0.234862,0.8297,6.1492,1,1,3113.325,nan
o0196,abierto,B5,90.4231,0.248097,4.4548,42.7928,100.0,14.6468,CRITICA,11.7433,0.682646,16.1044,52.675,0.228951,0.21277,7.7171,14.239,1,1,3998.401,nan
o0196,abierto,B10,90.4231,0.248097,9.4151,54.9138,85.1695,17.7477,CRITICA,13.2968,0.793389,14.717,39.2702,0.239101,0.244232,3.6261,1.5578,1,1,3528.581,nan
o0196,abierto,B15,90.4231,0.248097,14.4294,62.2094,79.4135,20.5995,CRITICA,14.4171,0.837052,14.3287,31.2019,0.237869,0.239738,4.1227,3.3691,1,1,3663.003,nan
o0196,abierto,B25,90.4231,0.248097,24.4948,71.5719,68.3343,25.3287,CRITICA,16.1896,0.882814,14.5008,20.8478,0.246191,0.237836,0.7681,4.1357,1,1,3806.623,nan
o0196,abierto,B40,90.4231,0.248097,39.512,80.5236,55.035,32.0076,BIEN,18.6242,0.923916,15.7427,10.948,0.239243,0.234719,3.5686,5.392,1,1,2718.869,nan
o0205,abierto,B5,92.6489,0.244769,4.4453,42.612,100.0,15.0539,CRITICA,11.3533,0.670488,16.1217,54.0071,0.223307,0.209712,8.7685,14.3227,1,1,3707.823,nan
o0205,abierto,B10,92.6489,0.244769,9.4273,54.8486,83.6558,18.0803,CRITICA,12.8502,0.783929,14.7231,40.7995,0.233971,0.24181,4.4115,1.209,1,1,3868.472,nan
o0205,abierto,B15,92.6489,0.244769,14.4655,62.1324,79.0933,20.9031,CRITICA,13.9074,0.827737,14.3431,32.9378,0.232632,0.236614,4.9588,3.3319,1,1,3760.813,nan
o0205,abierto,B25,92.6489,0.244769,24.4928,71.3971,67.9346,25.8345,CRITICA,15.6167,0.876347,14.5233,22.938,0.238332,0.243994,2.6297,0.3165,1,1,3827.019,nan
o0205,abierto,B40,92.6489,0.244769,39.5032,80.3486,55.9724,32.6622,BIEN,17.9563,0.920225,15.7704,13.2763,0.245779,0.236769,0.4124,3.2683,1,1,3497.727,nan
o0207,abierto,B5,92.6449,0.247266,4.4458,42.5515,100.0,15.1556,CRITICA,11.3386,0.669793,16.1254,54.0703,0.217424,0.208941,12.0686,15.4993,1,1,3573.981,nan
o0207,abierto,B10,92.6449,0.247266,9.4291,54.8191,83.6189,18.1436,CRITICA,12.8333,0.784363,14.725,40.8288,0.23443,0.239288,5.1911,3.2262,1,1,3177.629,nan
o0207,abierto,B15,92.6449,0.247266,14.4652,62.1117,78.9982,20.9623,CRITICA,13.8892,0.828048,14.3434,32.9573,0.236796,0.246672,4.2343,0.2402,1,1,3684.598,nan
o0207,abierto,B25,92.6449,0.247266,24.5139,71.3634,67.9986,25.9697,CRITICA,15.5986,0.876939,14.5275,22.9711,0.247179,0.237259,0.0351,4.047,1,1,3688.676,nan
o0207,abierto,B40,92.6449,0.247266,39.5011,80.3197,56.0597,32.7542,BIEN,17.9287,0.920209,15.7737,13.3037,0.245239,0.243555,0.8194,1.5005,1,1,3912.363,nan
o0260,abierto,B5,94.7754,0.255353,4.4237,42.7092,100.0,14.8974,CRITICA,11.0325,0.664119,16.1076,54.9364,0.241097,0.20127,5.583,21.1796,1,1,3101.737,nan
o0260,abierto,B10,94.7754,0.255353,9.4396,54.8715,82.7573,18.1141,CRITICA,12.4764,0.777117,14.7239,42.1036,0.237782,0.251456,6.881,1.5262,1,1,3546.099,nan
o0260,abierto,B15,94.7754,0.255353,14.4593,62.133,79.4543,21.0355,CRITICA,13.5146,0.822685,14.336,34.4419,0.243559,0.243933,4.6188,4.4725,1,1,2994.012,nan
o0260,abierto,B25,94.7754,0.255353,24.5024,71.3647,67.8938,26.0365,CRITICA,15.162,0.873462,14.5262,24.7013,0.236685,0.240061,7.3106,5.9885,1,1,3615.329,nan
o0260,abierto,B40,94.7754,0.255353,39.514,80.3118,56.5973,32.8083,BIEN,17.4086,0.917813,15.7758,15.2609,0.241261,0.241591,5.5186,5.3893,1,1,3404.835,nan
o0279,abierto,B5,91.4355,0.250783,4.4634,42.9235,100.0,14.4402,CRITICA,11.6161,0.680675,16.0916,53.056,0.246854,0.196176,1.5668,21.7746,1,1,2730.748,nan
o0279,abierto,B10,91.4355,0.250783,9.4302,55.0233,84.9541,17.564,CRITICA,13.1491,0.789122,14.7036,39.8228,0.245527,0.245852,2.096,1.9663,1,1,3625.816,nan
o0279,abierto,B15,91.4355,0.250783,14.47,62.3374,79.3243,20.3732,CRITICA,14.2433,0.833385,14.3186,31.8236,0.247267,0.24722,1.4021,1.421,1,1,3469.812,nan
o0279,abierto,B25,91.4355,0.250783,24.5044,71.5988,68.4353,25.2184,CRITICA,15.9997,0.881272,14.4958,21.6947,0.239768,0.244556,4.3922,2.4831,1,1,3711.953,nan
o0279,abierto,B40,91.4355,0.250783,39.4693,80.5483,55.0738,31.8861,BIEN,18.3957,0.923693,15.7315,11.9069,0.240748,0.238902,4.0015,4.7375,1,1,3439.972,nan
o0359,abierto,B5,95.2885,0.249409,4.389,42.26,100.0,15.5267,CRITICA,10.8831,0.654783,16.148,55.6505,0.242359,0.194299,2.8266,22.096,1,1,3746.722,nan
o0359,abierto,B10,95.2885,0.249409,9.409,54.6689,83.1241,18.4246,CRITICA,12.3085,0.776039,14.7424,42.628,0.23806,0.232135,4.5503,6.926,1,1,3677.823,nan
o0359,abierto,B15,95.2885,0.249409,14.467,61.9977,79.1496,21.3403,CRITICA,13.3292,0.82093,14.3517,34.9368,0.238813,0.239805,4.2483,3.8505,1,1,3718.855,nan
o0359,abierto,B25,95.2885,0.249409,24.5052,71.2458,68.0549,26.3438,CRITICA,14.9385,0.871244,14.5443,25.2315,0.240425,0.244419,3.602,2.0005,1,1,3396.739,nan
o0359,abierto,B40,95.2885,0.249409,39.5139,80.2167,57.6472,33.1729,BIEN,17.1449,0.91569,15.7952,15.8171,0.250327,0.239494,0.368,3.9752,1,1,3727.171,nan
o0394,abierto,B5,92.238,0.254526,4.4408,42.7427,100.0,14.8116,CRITICA,11.4103,0.671867,16.1081,53.6604,0.235957,0.214091,7.2956,15.8866,1,1,3635.042,nan
o0394,abierto,B10,92.238,0.254526,9.4354,54.8929,84.7853,17.9016,CRITICA,12.9098,0.783037,14.7198,40.4878,0.237668,0.228593,6.6232,10.1887,1,1,3554.923,nan
o0394,abierto,B15,92.238,0.254526,14.4702,62.1958,79.0332,20.7546,CRITICA,13.9762,0.827339,14.3374,32.5703,0.246819,0.248137,3.028,2.5102,1,1,3709.199,nan
o0394,abierto,B25,92.238,0.254526,24.4986,71.4376,67.8492,25.7191,CRITICA,15.6946,0.876438,14.5197,22.5508,0.247639,0.238691,2.7058,6.2214,1,1,3408.316,nan
o0394,abierto,B40,92.238,0.254526,39.5007,80.3928,56.0325,32.4667,BIEN,18.0355,0.919825,15.7669,12.842,0.251034,0.234823,1.3718,7.7411,1,1,3889.537,nan
o0432,abierto,B5,99.1014,0.254954,4.459,42.9762,100.0,14.547,CRITICA,10.5213,0.648275,16.0749,56.6341,0.240973,0.192652,5.4837,24.4368,1,1,3640.335,nan
o0432,abierto,B10,99.1014,0.254954,9.438,55.0362,87.2945,17.696,CRITICA,11.8793,0.759357,14.6952,44.4648,0.241045,0.242667,5.4556,4.8195,1,1,2215.821,nan
o0432,abierto,B15,99.1014,0.254954,14.4591,62.2922,79.9433,20.6461,CRITICA,12.8623,0.809312,14.3095,37.1429,0.246548,0.242385,3.2973,4.9302,1,1,3667.033,nan
o0432,abierto,B25,99.1014,0.254954,24.5053,71.5925,68.0588,25.5186,CRITICA,14.4026,0.863199,14.4898,27.7583,0.243983,0.241379,4.3033,5.3245,1,1,2602.134,nan
o0432,abierto,B40,99.1014,0.254954,39.5133,80.5161,57.5035,32.1442,BIEN,16.4761,0.912172,15.7338,18.7538,0.245984,0.247301,3.5185,3.002,1,1,3570.153,nan
o0444,abierto,B5,102.8091,0.253199,4.4561,42.2331,100.0,15.8368,CRITICA,9.834,0.626359,16.1309,58.9209,0.243157,0.222007,3.966,12.3191,1,1,3965.107,nan
o0444,abierto,B10,102.8091,0.253199,9.4635,54.6412,87.0752,18.8184,CRITICA,11.111,0.751223,14.7301,46.8518,0.23802,0.235265,5.9949,7.0831,1,1,3881.988,nan
o0444,abierto,B15,102.8091,0.253199,14.4405,61.8512,77.7426,21.8382,CRITICA,12.0123,0.801148,14.3552,39.8388,0.245982,0.241079,2.8503,4.7869,1,1,3434.066,nan
o0444,abierto,B25,102.8091,0.253199,24.4921,71.1484,67.7347,26.8864,CRITICA,13.4354,0.854223,14.542,30.7957,0.244006,0.242794,3.6309,4.1093,1,1,3225.806,nan
o0444,abierto,B40,102.8091,0.253199,39.5207,80.0652,59.1822,33.8481,BIEN,15.3436,0.903647,15.8081,22.1224,0.256987,0.245587,1.4959,3.0063,1,1,3442.341,nan
o0470,abierto,B5,97.0544,0.233173,4.4254,42.9917,100.0,14.269,CRITICA,10.9635,0.656631,16.0723,55.7035,0.238514,0.199844,2.2905,14.2937,1,1,3411.805,nan
o0470,abierto,B10,97.0544,0.233173,9.4211,55.1458,83.4035,17.4184,CRITICA,12.4221,0.769304,14.678,43.1806,0.234972,0.221899,0.7713,4.8353,1,1,3837.298,nan
o0470,abierto,B15,97.0544,0.233173,14.4683,62.4701,79.1089,20.1635,CRITICA,13.4591,0.816319,14.2856,35.6339,0.230043,0.224902,1.3425,3.5471,1,1,3087.373,nan
o0470,abierto,B25,97.0544,0.233173,24.5034,71.7091,66.677,24.9482,CRITICA,15.1043,0.870363,14.4649,26.1145,0.232015,0.218449,0.4965,6.3148,1,1,2606.203,nan
o0470,abierto,B40,97.0544,0.233173,39.5163,80.7294,53.465,31.2909,BIEN,17.3246,0.916589,15.6881,16.8205,0.231627,0.231023,0.6631,0.9223,1,1,3943.218,nan
o0491,abierto,B5,87.9221,0.251637,4.4184,43.249,100.0,13.3377,CRITICA,12.3168,0.703184,16.0555,50.8098,0.244214,0.198636,2.9497,21.0624,1,1,3586.801,nan
o0491,abierto,B10,87.9221,0.251637,9.4298,55.3567,88.4977,16.7492,CRITICA,13.9859,0.801129,14.6638,37.0389,0.231508,0.233197,7.9992,7.3279,1,1,3792.188,nan
o0491,abierto,B15,87.9221,0.251637,14.4525,62.6772,80.2907,19.4413,CRITICA,15.1715,0.843776,14.2763,28.7129,0.230704,0.229024,8.3188,8.9861,1,1,3772.162,nan
o0491,abierto,B25,87.9221,0.251637,24.4881,71.9791,66.9138,24.0197,CRITICA,17.0717,0.889304,14.4408,18.1331,0.231332,0.235071,8.0689,6.5832,1,1,3731.343,nan
o0491,abierto,B40,87.9221,0.251637,39.5235,80.9742,53.2768,30.362,BIEN,19.6425,0.928333,15.6611,7.9024,0.22929,0.234669,8.8804,6.7431,1,1,3641.661,nan
o0545,abierto,B5,94.6302,0.256123,4.432,43.2429,100.0,13.6694,CRITICA,11.5298,0.688171,16.055,54.3033,0.272374,nan,6.3449,nan,1,1,3797.949,nan
o0545,abierto,B10,94.6302,0.256123,9.3949,55.3941,81.1271,16.921,CRITICA,13.1109,0.796135,14.6452,41.4625,0.256419,0.264802,0.1155,3.3886,1,1,3529.827,nan
o0545,abierto,B15,94.6302,0.256123,14.452,62.6686,79.3262,19.5654,CRITICA,14.2262,0.841322,14.259,33.7753,0.2638,0.276098,2.9972,7.7991,1,1,3883.495,nan
o0545,abierto,B25,94.6302,0.256123,24.5039,71.9637,66.9215,24.1671,CRITICA,16.0049,0.890249,14.4275,23.9528,0.271212,0.272966,5.8912,6.5761,1,1,3675.119,nan
o0545,abierto,B40,94.6302,0.256123,39.5008,80.9657,53.139,30.3945,BIEN,18.4363,0.931101,15.6372,14.4399,0.271417,0.263166,5.9712,2.75,1,1,3271.181,nan
o0564,abierto,B5,99.9729,0.266965,4.4726,43.0027,100.0,14.9021,CRITICA,10.4674,0.641677,16.0671,56.9857,0.239243,nan,10.3842,nan,1,1,3584.229,nan
o0564,abierto,B10,99.9729,0.266965,9.4885,55.1508,86.4387,17.9207,CRITICA,11.8213,0.75753,14.6882,44.8342,0.24557,0.235091,8.0141,11.9394,1,1,3654.971,nan
o0564,abierto,B15,99.9729,0.266965,14.4769,62.2922,79.07,20.7666,CRITICA,12.7877,0.806291,14.3131,37.6909,0.245737,0.241881,7.9516,9.3958,1,1,3739.716,nan
o0564,abierto,B25,99.9729,0.266965,24.6214,71.5985,66.8885,25.6274,CRITICA,14.3194,0.861689,14.5044,28.3821,0.247407,0.246814,7.3259,7.5481,1,1,3786.444,nan
o0564,abierto,B40,99.9729,0.266965,39.6084,80.4984,55.92,32.2925,BIEN,16.3855,0.91062,15.7517,19.4797,0.249482,0.245083,6.5488,8.1963,1,1,3658.983,nan
o0570,abierto,B5,100.4596,0.258596,4.4518,42.6963,100.0,15.3197,CRITICA,10.3879,0.635983,16.092,57.499,0.238437,nan,7.7953,nan,1,1,3275.467,nan
o0570,abierto,B10,100.4596,0.258596,9.4306,54.9003,87.7448,18.1454,CRITICA,11.7301,0.757773,14.7105,45.3509,0.239384,0.243525,7.4293,5.828,1,1,3352.33,nan
o0570,abierto,B15,100.4596,0.258596,14.4578,62.2066,78.8585,20.8872,CRITICA,12.694,0.805863,14.3187,38.0779,0.241316,0.245573,6.682,5.0358,1,1,3451.847,nan
o0570,abierto,B25,100.4596,0.258596,24.4681,71.4666,66.8517,25.8309,CRITICA,14.2189,0.861828,14.496,28.8604,0.247959,0.244056,4.1131,5.6224,1,1,2874.389,nan
o0570,abierto,B40,100.4596,0.258596,39.5136,80.4231,56.5177,32.3669,BIEN,16.2511,0.910432,15.7443,19.9449,0.247687,0.246145,4.2183,4.8147,1,1,3195.909,nan
o0602,abierto,B5,98.0384,0.26177,4.4324,42.7777,100.0,14.8469,CRITICA,10.6949,0.650835,16.0917,56.3664,0.251292,nan,4.0024,nan,1,1,3645.644,nan
o0602,abierto,B10,98.0384,0.26177,9.4277,54.9651,83.1008,17.9068,CRITICA,12.0943,0.767174,14.7016,43.9351,0.245573,0.245394,6.1874,6.2559,1,1,3816.794,nan
o0602,abierto,B15,98.0384,0.26177,14.4688,62.2382,78.9788,20.7496,CRITICA,13.0979,0.814908,14.3123,36.5165,0.250221,0.243325,4.4118,7.046,1,1,3789.314,nan
o0602,abierto,B25,98.0384,0.26177,24.5115,71.5049,67.5387,25.6046,CRITICA,14.6728,0.86803,14.4995,27.0644,0.249407,0.248308,4.7228,5.1427,1,1,3384.095,nan
o0602,abierto,B40,98.0384,0.26177,39.5252,80.4909,56.4051,32.2457,BIEN,16.8206,0.914959,15.7364,17.8985,0.245306,0.248766,6.2895,4.9674,1,1,3176.62,nan
o0676,abierto,B5,100.7909,0.255754,4.4457,42.3146,100.0,15.9402,CRITICA,10.1886,0.63304,16.1128,58.0174,0.231136,0.209537,9.6256,18.071,1,1,3677.823,nan
o0676,abierto,B10,100.7909,0.255754,9.4401,54.68,87.2266,18.649,CRITICA,11.5035,0.758451,14.7255,45.749,0.231644,0.235199,9.4269,8.0369,1,1,2382.087,nan
o0676,abierto,B15,100.7909,0.255754,14.445,61.9582,78.6936,21.5071,CRITICA,12.4423,0.806579,14.3421,38.528,0.230182,0.227396,9.9987,11.0881,1,1,3735.525,nan
o0676,abierto,B25,100.7909,0.255754,24.5013,71.2224,67.5328,26.6177,CRITICA,13.9311,0.861437,14.5327,29.3365,0.237733,0.235155,7.0463,8.0542,1,1,3641.661,nan
o0676,abierto,B40,100.7909,0.255754,39.5327,80.1845,57.7403,33.2918,BIEN,15.9155,0.908525,15.7901,20.4447,0.238693,0.237902,6.6707,6.9802,1,1,3916.961,nan
o0704,abierto,B5,99.297,0.169607,4.4571,42.5093,100.0,15.569,CRITICA,10.3567,0.643614,16.1074,57.1898,0.162916,0.193378,3.9446,14.0154,1,1,2795.639,nan
o0704,abierto,B10,99.297,0.169607,9.4353,54.749,86.951,18.4914,CRITICA,11.6923,0.763892,14.7218,44.8634,0.166199,0.198004,2.0092,16.7428,1,1,3705.076,nan
o0704,abierto,B15,99.297,0.169607,14.4609,61.994,78.6897,21.4541,CRITICA,12.6502,0.811578,14.3426,37.5671,0.166072,0.196958,2.0843,16.1264,1,1,3585.515,nan
o0704,abierto,B25,99.297,0.169607,24.5062,71.2834,67.5193,26.4583,CRITICA,14.1616,0.863299,14.5302,28.212,0.166779,0.174289,1.6671,2.7608,1,1,3724.395,nan
o0704,abierto,B40,99.297,0.169607,39.5128,80.1521,58.6621,33.314,BIEN,16.2103,0.91114,15.7957,19.2805,0.164177,0.169146,3.2015,0.2719,1,1,3346.72,nan
p0001,abierto,B5,112.7596,0.172124,4.3605,43.3793,100.0,13.4957,CRITICA,9.7565,0.499539,16.0338,61.5294,0.175947,0.191798,2.221,11.4298,1,1,2783.19,nan
p0001,abierto,B10,112.7596,0.172124,9.4563,55.8085,96.1769,15.675,CRITICA,11.0595,0.62893,14.6295,50.5066,0.17659,0.177364,2.5944,3.044,1,1,2492.522,nan
p0001,abierto,B15,112.7596,0.172124,14.4536,63.1742,78.8178,18.0834,CRITICA,11.9783,0.689683,14.2248,43.9745,0.17453,0.171059,1.398,0.619,1,1,3698.225,nan
p0001,abierto,B25,112.7596,0.172124,24.4921,72.5272,56.7467,22.0319,CRITICA,13.3856,0.763895,14.3688,35.6797,0.182154,0.1757,5.8273,2.0775,1,1,3700.962,nan
p0001,abierto,B40,112.7596,0.172124,39.4922,81.6391,44.2605,27.4063,BIEN,15.1944,0.838484,15.5343,27.5989,0.173054,0.178938,0.5401,3.9586,1,1,3775.009,nan
p0144,abierto,B5,112.3354,0.156036,4.3543,42.9516,100.0,14.6581,CRITICA,9.689,0.481799,16.0588,61.7649,0.155849,0.174235,0.12,11.6631,1,1,3514.939,nan
p0144,abierto,B10,112.3354,0.156036,9.4688,55.5032,94.6729,16.5614,CRITICA,10.9754,0.616909,14.6589,50.5916,0.161947,0.162433,3.7882,4.0997,1,1,3977.725,nan
p0144,abierto,B15,112.3354,0.156036,14.4448,62.9532,77.5621,18.9069,CRITICA,11.8836,0.677494,14.2492,43.9596,0.166237,0.165025,6.5378,5.7611,1,1,3612.717,nan
p0144,abierto,B25,112.3354,0.156036,24.4894,72.3011,57.9402,22.9966,CRITICA,13.2757,0.752897,14.3998,35.6382,0.164721,0.161817,5.566,3.7047,1,1,3653.635,nan
p0144,abierto,B40,112.3354,0.156036,39.5039,81.3313,45.3453,28.6917,BIEN,15.0753,0.830982,15.5841,27.5996,0.165998,0.157403,6.3844,0.8759,1,1,2775.465,nan
p0165,abierto,B5,112.7736,0.154527,4.3431,43.1606,100.0,14.1299,CRITICA,9.6967,0.484425,16.0508,61.7281,0.152816,0.176108,1.1075,13.9656,1,1,3289.474,nan
p0165,abierto,B10,112.7736,0.154527,9.4707,55.6471,95.1348,16.1543,CRITICA,10.9851,0.617414,14.648,50.656,0.154799,0.157049,0.1761,1.6324,1,1,3594.536,nan
p0165,abierto,B15,112.7736,0.154527,14.4348,63.0208,78.2414,18.5894,CRITICA,11.8985,0.67917,14.2412,44.1174,0.164218,0.156086,6.2711,1.0091,1,1,3604.903,nan
p0165,abierto,B25,112.7736,0.154527,24.4819,72.3886,57.4919,22.6237,CRITICA,13.2906,0.754726,14.3872,35.8106,0.157175,0.152977,1.7136,1.003,1,1,3404.835,nan
p0165,abierto,B40,112.7736,0.154527,39.5013,81.4807,45.1319,28.0915,BIEN,15.0784,0.8312,15.563,27.7484,0.150034,0.162158,2.9073,4.9383,1,1,3500.175,nan
p0215,abierto,B5,111.8995,0.148706,4.349,42.779,100.0,15.0228,CRITICA,9.6979,0.479807,16.0696,61.7702,0.148972,0.158222,0.1795,6.3996,1,1,3414.135,nan
p0215,abierto,B10,111.8995,0.148706,9.4588,55.3784,94.3663,16.8959,CRITICA,10.9857,0.6172,14.666,50.5106,0.155682,0.149923,4.6914,0.8188,1,1,2518.257,nan
p0215,abierto,B15,111.8995,0.148706,14.4358,62.8357,77.1488,19.2617,CRITICA,11.9007,0.678762,14.2562,43.8463,0.155226,0.151012,4.3845,1.5512,1,1,3838.772,nan
p0215,abierto,B25,111.8995,0.148706,24.4795,72.214,57.5948,23.4444,CRITICA,13.303,0.75375,14.4017,35.4653,0.156646,0.148029,5.3395,0.4551,1,1,2219.756,nan
p0215,abierto,B40,111.8995,0.148706,39.5067,81.2406,45.6578,29.0978,BIEN,15.0997,0.830693,15.5949,27.3986,0.151463,0.14639,1.8542,1.5573,1,1,2003.607,nan
p0253,abierto,B5,112.013,0.16566,4.3408,42.9861,100.0,14.4844,CRITICA,9.7281,0.48558,16.06,61.624,0.168051,0.172325,1.4432,4.0232,1,1,3698.225,nan
p0253,abierto,B10,112.013,0.16566,9.4465,55.5258,94.6516,16.4269,CRITICA,11.0197,0.62012,14.6584,50.4291,0.162651,0.166932,1.8165,0.7679,1,1,3877.472,nan
p0253,abierto,B15,112.013,0.16566,14.4375,62.9642,77.6902,18.8353,CRITICA,11.9395,0.681006,14.2455,43.7885,0.158288,0.152552,4.45,7.9126,1,1,3528.581,nan
p0253,abierto,B25,112.013,0.16566,24.4825,72.3144,57.8393,22.905,CRITICA,13.3357,0.755528,14.3954,35.4411,0.167233,0.158126,0.9493,4.548,1,1,3353.454,nan
p0253,abierto,B40,112.013,0.16566,39.4719,81.3706,45.4443,28.5576,BIEN,15.1468,0.833071,15.5724,27.3561,0.158497,0.164554,4.3238,0.6678,1,1,3449.465,nan
p0301,abierto,B5,112.8556,0.152421,4.3534,43.1134,100.0,14.2449,CRITICA,9.6659,0.484584,16.0499,61.7978,0.161286,0.168165,5.8161,10.3287,1,1,3645.644,nan
p0301,abierto,B10,112.8556,0.152421,9.4698,55.6267,95.0494,16.2428,CRITICA,10.9509,0.616979,14.6464,50.7098,0.150021,0.158468,1.5746,3.967,1,1,3679.176,nan
p0301,abierto,B15,112.8556,0.152421,14.4368,63.0042,77.8591,18.692,CRITICA,11.859,0.67877,14.2413,44.1728,0.15748,0.155399,3.3185,1.9536,1,1,3698.225,nan
p0301,abierto,B25,112.8556,0.152421,24.4819,72.3552,57.4958,22.7602,CRITICA,13.247,0.754251,14.3882,35.8869,0.158935,0.157342,4.2735,3.2282,1,1,3495.281,nan
p0301,abierto,B40,112.8556,0.152421,39.5004,81.451,45.1862,28.2661,BIEN,15.0301,0.830521,15.5659,27.8273,0.153939,0.156151,0.9959,2.4468,1,1,3548.616,nan
p0319,abierto,B5,111.8752,0.15976,4.3452,42.9441,100.0,14.6163,CRITICA,9.7328,0.483671,16.0626,61.6143,0.152157,0.174932,4.7595,9.4963,1,1,3646.973,nan
p0319,abierto,B10,111.8752,0.15976,9.4556,55.5108,94.6302,16.5134,CRITICA,11.0258,0.618939,14.6588,50.3815,0.16139,0.158361,1.0198,0.8762,1,1,2550.37,nan
p0319,abierto,B15,111.8752,0.15976,14.4404,62.9294,77.6689,18.9091,CRITICA,11.939,0.679562,14.2527,43.7504,0.165626,0.158562,3.6715,0.7502,1,1,3813.883,nan
p0319,abierto,B25,111.8752,0.15976,24.4791,72.3207,57.6821,23.0517,CRITICA,13.3503,0.75535,14.3927,35.356,0.1609,0.159545,0.7134,0.1349,1,1,3912.363,nan
p0319,abierto,B40,111.8752,0.15976,39.5164,81.341,45.4695,28.6521,BIEN,15.1537,0.83225,15.5848,27.2932,0.160632,0.160851,0.5456,0.6825,1,1,3022.975,nan
q0026,abierto,B5,94.755,0.190808,4.5093,43.4234,100.0,12.6547,CRITICA,11.661,0.619797,16.1238,54.173,0.190327,0.20353,0.2522,6.6674,1,1,3518.649,nan
q0026,abierto,B10,94.755,0.190808,9.5056,55.4868,97.2462,15.8897,CRITICA,13.2082,0.726726,14.7353,41.4418,0.18673,0.19608,2.1375,2.7629,1,1,2485.089,nan
q0026,abierto,B15,94.755,0.190808,14.4669,62.7668,72.6872,18.4755,CRITICA,14.3181,0.778875,14.3395,33.7588,0.193465,0.189348,1.3925,0.7652,1,1,3193.868,nan
q0026,abierto,B25,94.755,0.190808,24.4828,72.0997,58.2701,22.6386,CRITICA,16.0737,0.840643,14.4951,23.9093,0.193208,0.194376,1.2575,1.8701,1,1,3205.128,nan
q0026,abierto,B40,94.755,0.190808,39.4895,81.0927,50.065,28.4032,BIEN,18.4688,0.899402,15.7,14.4185,0.193802,0.184394,1.5692,3.3615,1,1,3328.895,nan
q0044,abierto,B5,100.19,0.190232,4.4703,43.1355,100.0,13.0209,CRITICA,10.9332,0.598084,16.1456,56.9463,0.204668,0.193842,7.5888,1.8975,1,1,3736.921,nan
q0044,abierto,B10,100.19,0.190232,9.4576,55.3387,98.9385,15.9355,CRITICA,12.3753,0.714182,14.7404,44.7662,0.197202,0.200588,3.664,5.4441,1,1,3668.379,nan
q0044,abierto,B15,100.19,0.190232,14.4682,62.7293,72.0138,18.4572,CRITICA,13.4058,0.768307,14.3344,37.3896,0.195868,0.192873,2.963,1.3884,1,1,3637.686,nan
q0044,abierto,B25,100.19,0.190232,24.4221,71.9914,57.2066,22.6872,CRITICA,15.0196,0.833019,14.4888,28.1451,0.195711,0.190093,2.8803,0.0728,1,1,3565.063,nan
q0044,abierto,B40,100.19,0.190232,39.4771,81.1178,49.6808,28.2941,BIEN,17.1935,0.89255,15.6803,19.036,0.197545,0.19901,3.8442,4.6145,1,1,3632.401,nan
q0071,abierto,B5,97.5499,0.188774,4.5069,43.2712,100.0,12.881,CRITICA,11.2918,0.605773,16.1323,55.6419,0.20379,0.195889,7.9549,3.7691,1,1,3461.405,nan
q0071,abierto,B10,97.5499,0.188774,9.5093,55.4621,98.0147,15.9447,CRITICA,12.7913,0.71817,14.7265,43.1449,0.195837,0.189313,3.7419,0.2857,1,1,3201.024,nan
q0071,abierto,B15,97.5499,0.188774,14.4494,62.6924,72.2467,18.527,CRITICA,13.8552,0.771849,14.3355,35.733,0.195743,0.188836,3.6922,0.0333,1,1,3593.245,nan
q0071,abierto,B25,97.5499,0.188774,24.4882,72.0828,58.305,22.671,CRITICA,15.5453,0.835661,14.4833,26.1067,0.188102,0.186355,0.3556,1.2813,1,1,2979.738,nan
q0071,abierto,B40,97.5499,0.188774,39.5148,81.1347,50.4279,28.3485,BIEN,17.8215,0.894925,15.683,16.8275,0.192576,0.18541,2.0142,1.7816,1,1,3759.398,nan
q0081,abierto,B5,96.6934,0.1863,4.4987,43.2252,100.0,12.9788,CRITICA,11.3653,0.611215,16.1325,55.2967,0.199415,0.192028,7.0398,3.0744,1,1,3400.204,nan
q0081,abierto,B10,96.6934,0.1863,9.4955,55.3663,97.941,16.0533,CRITICA,12.8715,0.724306,14.7353,42.7403,0.189305,0.19493,1.6129,4.6324,1,1,3797.949,nan
q0081,abierto,B15,96.6934,0.1863,14.4757,62.7019,71.3016,18.605,CRITICA,13.9476,0.776506,14.3358,35.1539,0.190754,0.183978,2.3908,1.2465,1,1,3422.314,nan
q0081,abierto,B25,96.6934,0.1863,24.4967,71.9676,58.0198,22.8581,CRITICA,15.6488,0.83988,14.5012,25.5713,0.190033,0.179882,2.0037,3.4451,1,1,3502.627,nan
q0081,abierto,B40,96.6934,0.1863,39.5005,81.0632,50.4745,28.5745,BIEN,17.9555,0.89777,15.6947,16.1647,0.187944,0.176356,0.8825,5.3376,1,1,3185.728,nan
q0105,abierto,B5,95.2862,0.184476,4.4891,43.1604,100.0,13.0573,CRITICA,11.5942,0.618111,16.1453,54.7045,0.198106,0.190029,7.3889,3.0105,1,1,3866.976,nan
q0105,abierto,B10,95.2862,0.184476,9.5106,55.4256,97.7158,16.0094,CRITICA,13.1428,0.732132,14.7368,41.8326,0.177831,0.186426,3.6021,1.0575,1,1,3657.645,nan
q0105,abierto,B15,95.2862,0.184476,14.4797,62.7305,72.532,18.5377,CRITICA,14.2483,0.783498,14.3372,34.1662,0.185184,0.177899,0.3839,3.5652,1,1,3414.134,nan
q0105,abierto,B25,95.2862,0.184476,24.4961,72.0629,57.9402,22.658,CRITICA,15.9878,0.843591,14.4954,24.3722,0.172563,0.175382,6.4576,4.9294,1,1,3770.739,nan
q0105,abierto,B40,95.2862,0.184476,39.4974,81.1162,50.1368,28.4048,BIEN,18.3685,0.900911,15.6915,14.871,0.176684,0.173742,4.2234,5.8187,1,1,2849.003,nan
q0149,abierto,B5,93.8605,0.205051,4.5003,43.267,100.0,12.8757,CRITICA,11.7706,0.627423,16.1383,53.9029,0.205039,0.210457,0.0054,2.6365,1,1,3858.024,nan
q0149,abierto,B10,93.8605,0.205051,9.5079,55.4202,97.4907,16.02,CRITICA,13.3422,0.739071,14.7398,40.9547,0.211466,0.198121,3.1287,3.3792,1,1,2263.468,nan
q0149,abierto,B15,93.8605,0.205051,14.4715,62.6843,72.1768,18.6131,CRITICA,14.4677,0.790037,14.3446,33.2154,0.204953,0.198204,0.0475,3.3388,1,1,3211.304,nan
q0149,abierto,B25,93.8605,0.205051,24.4842,72.0365,57.7752,22.7641,CRITICA,16.2481,0.849008,14.4989,23.2515,0.203459,0.192607,0.7763,6.0683,1,1,3645.643,nan
q0149,abierto,B40,93.8605,0.205051,39.5024,81.0669,49.9136,28.4919,BIEN,18.6778,0.904303,15.7009,13.6304,0.205047,0.200404,0.0019,2.266,1,1,3850.597,nan
q0173,abierto,B5,93.1596,0.174553,4.5008,43.2227,100.0,13.0376,CRITICA,11.8469,0.631876,16.1369,53.6036,0.18693,0.196986,7.0904,12.8517,1,1,3742.515,nan
q0173,abierto,B10,93.1596,0.174553,9.5111,55.4014,97.4364,16.1282,CRITICA,13.4308,0.740376,14.7378,40.5306,0.17676,0.181982,1.2641,4.2559,1,1,3552.398,nan
q0173,abierto,B15,93.1596,0.174553,14.4695,62.6613,71.68,18.7254,CRITICA,14.5645,0.791392,14.3438,32.7376,0.177155,0.17874,1.4903,2.3984,1,1,3797.949,nan
q0173,abierto,B25,93.1596,0.174553,24.4933,71.9625,58.0469,22.9513,CRITICA,16.3617,0.850462,14.5067,22.7535,0.184715,0.176023,5.8215,0.8422,1,1,3731.343,nan
q0173,abierto,B40,93.1596,0.174553,39.5181,81.0137,50.4512,28.7383,BIEN,18.8231,0.904752,15.7097,13.0377,0.183121,0.168375,4.9086,3.5394,1,1,3361.345,nan
q0277,abierto,B5,94.0991,0.184032,4.5071,43.4583,100.0,12.4476,CRITICA,11.8156,0.632844,16.1142,53.8164,0.191334,0.208971,3.9675,13.5512,1,1,3356.831,nan
q0277,abierto,B10,94.0991,0.184032,9.5084,55.5278,97.5955,15.6788,CRITICA,13.4003,0.740294,14.721,40.9901,0.197525,0.199961,7.3317,8.6556,1,1,1749.781,nan
q0277,abierto,B15,94.0991,0.184032,14.4691,62.8325,73.5722,18.1794,CRITICA,14.5372,0.790891,14.3198,33.2273,0.192057,0.185976,4.3606,1.0563,1,1,3835.827,nan
q0277,abierto,B25,94.0991,0.184032,24.4861,72.2149,57.4259,22.2627,CRITICA,16.3332,0.850188,14.4712,23.2565,0.19768,0.188826,7.4158,2.6051,1,1,3773.585,nan
q0277,abierto,B40,94.0991,0.184032,39.5061,81.2414,49.2965,27.8811,BIEN,18.7801,0.905588,15.668,13.6639,0.188483,0.189327,2.4186,2.8769,1,1,3889.537,nan
q0388,abierto,B5,94.236,0.197225,4.5159,43.4325,100.0,12.5903,CRITICA,11.7712,0.625854,16.1078,53.9109,0.210997,0.208205,6.9825,5.5671,1,1,3888.025,nan
q0388,abierto,B10,94.236,0.197225,9.5198,55.5211,97.6479,15.8215,CRITICA,13.3523,0.733522,14.7122,41.0829,0.201614,0.199034,2.2251,0.9172,1,1,3951.007,nan
q0388,abierto,B15,94.236,0.197225,14.4721,62.8144,72.9803,18.3618,CRITICA,14.4848,0.785098,14.3139,33.3435,0.197159,0.192478,0.0338,2.4069,1,1,3617.945,nan
q0388,abierto,B25,94.236,0.197225,24.481,72.1731,57.8529,22.4769,CRITICA,16.2785,0.845782,14.4665,23.4124,0.201492,0.193251,2.1632,2.0151,1,1,2130.379,nan
q0388,abierto,B40,94.236,0.197225,39.5048,81.2063,49.1335,28.1632,BIEN,18.7238,0.903067,15.6668,13.8267,0.199355,0.193219,1.0796,2.0313,1,1,3580.379,nan
q0416,abierto,B5,94.0412,0.183736,4.5094,43.4164,100.0,12.5761,CRITICA,11.7878,0.626995,16.1069,53.8326,0.200363,0.197452,9.0494,7.4649,1,1,3753.754,nan
q0416,abierto,B10,94.0412,0.183736,9.5072,55.4787,97.6363,15.8354,CRITICA,13.3705,0.735597,14.7149,41.006,0.202071,0.191887,9.9792,4.4366,1,1,3432.887,nan
q0416,abierto,B15,94.0412,0.183736,14.4704,62.8104,72.8522,18.3637,CRITICA,14.5077,0.786777,14.3127,33.2097,0.19789,0.1898,7.7037,3.3005,1,1,3601.008,nan
q0416,abierto,B25,94.0412,0.183736,24.4852,72.1808,58.0081,22.4738,CRITICA,16.3042,0.847325,14.4653,23.2456,0.198066,0.198024,7.7991,7.7763,1,1,2886.836,nan
q0416,abierto,B40,94.0412,0.183736,39.5027,81.193,49.2344,28.1738,BIEN,18.7536,0.903829,15.6666,13.6624,0.199411,0.188042,8.5312,2.3436,1,1,3629.764,nan
q0471,abierto,B5,94.6023,0.179443,4.502,43.4798,100.0,12.3944,CRITICA,11.7446,0.629966,16.1069,54.0394,0.193906,0.205789,8.0599,14.6821,1,1,3985.652,nan
q0471,abierto,B10,94.6023,0.179443,9.5082,55.5574,97.941,15.5839,CRITICA,13.3177,0.737686,14.7148,41.2727,0.184638,0.198259,2.8953,10.4858,1,1,3717.472,nan
q0471,abierto,B15,94.6023,0.179443,14.48,62.8736,73.9913,18.0879,CRITICA,14.4469,0.788956,14.3149,33.5391,0.188173,0.18577,4.865,3.5261,1,1,3815.338,nan
q0471,abierto,B25,94.6023,0.179443,24.493,72.202,56.9019,22.1416,CRITICA,16.2275,0.84877,14.4712,23.6784,0.186888,0.180229,4.149,0.4381,1,1,3679.176,nan
q0471,abierto,B40,94.6023,0.179443,39.484,81.234,49.2111,27.8171,BIEN,18.664,0.905233,15.6641,14.1311,0.182874,0.17558,1.9123,2.153,1,1,2772.387,nan
q0480,abierto,B5,93.7476,0.179975,4.5051,43.4165,100.0,12.5719,CRITICA,11.846,0.631039,16.1127,53.6879,0.189081,0.201834,5.0591,12.1455,1,1,3741.115,nan
q0480,abierto,B10,93.7476,0.179975,9.5124,55.5218,97.5916,15.7549,CRITICA,13.435,0.738375,14.7198,40.7753,0.181984,0.191053,1.1162,6.1548,1,1,3553.66,nan
q0480,abierto,B15,93.7476,0.179975,14.501,62.8943,72.9822,18.2095,CRITICA,14.5772,0.78844,14.313,32.9111,0.18093,0.185689,0.5301,3.1746,1,1,3859.514,nan
q0480,abierto,B25,93.7476,0.179975,24.5236,72.1675,57.3638,22.4102,CRITICA,16.3842,0.84952,14.4781,23.0194,0.184439,0.185878,2.48,3.2798,1,1,3915.427,nan
q0480,abierto,B40,93.7476,0.179975,39.5135,81.1859,48.9977,28.0418,BIEN,18.8394,0.904769,15.6754,13.3995,0.186257,0.181063,3.4902,0.6042,1,1,3115.265,nan
q0482,abierto,B5,93.4989,0.180903,4.5016,43.379,100.0,12.6108,CRITICA,11.8763,0.632452,16.1179,53.6047,0.197655,0.196954,9.2598,8.8724,1,1,3703.704,nan
q0482,abierto,B10,93.4989,0.180903,9.5059,55.4842,97.677,15.7843,CRITICA,13.4712,0.741358,14.7226,40.6579,0.18828,0.190558,4.0776,5.3371,1,1,3534.818,nan
q0482,abierto,B15,93.4989,0.180903,14.4792,62.8377,73.3276,18.2276,CRITICA,14.6136,0.790932,14.3181,32.7931,0.18719,0.183006,3.4752,1.1625,1,1,3051.572,nan
q0482,abierto,B25,93.4989,0.180903,24.4896,72.1407,57.3405,22.3623,CRITICA,16.4243,0.850847,14.4766,22.8433,0.195524,0.181033,8.082,0.0717,1,1,3652.301,nan
q0482,abierto,B40,93.4989,0.180903,39.4983,81.1699,49.1296,28.0809,BIEN,18.9006,0.906392,15.6752,13.1863,0.189931,0.187825,4.9904,3.8264,1,1,3557.453,nan
q0508,abierto,B5,91.3781,0.189298,4.4865,43.3506,100.0,12.7015,CRITICA,12.1092,0.63723,16.1015,52.5591,0.207433,0.204317,9.5798,7.934,1,1,3315.65,nan
q0508,abierto,B10,91.3781,0.189298,9.4871,55.4655,97.023,15.8667,CRITICA,13.7448,0.743586,14.7083,39.3011,0.201276,0.201043,6.3275,6.2045,1,1,3923.107,nan
q0508,abierto,B15,91.3781,0.189298,14.4769,62.7642,73.0579,18.4052,CRITICA,14.9215,0.793725,14.3098,31.3137,0.204363,0.196072,7.9581,3.5783,1,1,3688.676,nan
q0508,abierto,B25,91.3781,0.189298,24.4928,72.1164,58.1556,22.5069,CRITICA,16.7859,0.851877,14.4677,21.0791,0.197916,0.199979,4.5523,5.6424,1,1,2204.586,nan
q0508,abierto,B40,91.3781,0.189298,39.509,81.1446,48.8463,28.27,BIEN,19.3394,0.906491,15.6713,11.1991,0.199026,0.199576,5.1391,5.4292,1,1,3334.445,nan
r0128,abierto,B5,134.8424,0.28059,4.3942,44.7897,100.0,9.665,CRITICA,8.1358,0.462475,15.9341,66.7836,0.26996,0.241749,3.7885,13.8427,1,1,3642.987,nan
r0128,abierto,B10,134.8424,0.28059,9.545,57.0896,100.0,11.5628,CRITICA,9.2148,0.570785,14.5343,57.662,0.266981,0.246139,4.8501,12.2782,1,1,2107.482,nan
r0128,abierto,B15,134.8424,0.28059,14.5467,64.4915,81.5017,13.3119,CRITICA,9.9563,0.632222,14.1285,52.1726,0.257687,0.254669,8.1625,9.2382,1,1,2467.308,nan
r0128,abierto,B25,134.8424,0.28059,24.5535,74.0054,60.9191,16.424,CRITICA,11.0575,0.709877,14.2166,45.1171,0.258812,0.261272,7.7615,6.8847,1,1,4073.32,nan
r0128,abierto,B40,134.8424,0.28059,39.5433,83.0657,50.2979,20.6817,BIEN,12.3485,0.78427,15.3346,38.3979,0.268086,0.264406,4.4565,5.7678,1,1,2083.767,nan
r0130,abierto,B5,134.9341,0.27357,4.4087,44.8546,100.0,9.5205,CRITICA,8.1341,0.461103,15.926,66.7581,0.255644,0.23767,6.5526,13.1227,1,1,3694.126,nan
r0130,abierto,B10,134.9341,0.27357,9.5488,57.139,100.0,11.4124,CRITICA,9.2128,0.568897,14.5277,57.6542,0.256203,0.251148,6.3482,8.1959,1,1,3512.469,nan
r0130,abierto,B15,134.9341,0.27357,14.5565,64.5495,81.4338,13.1786,CRITICA,9.9551,0.630323,14.1217,52.1622,0.25947,0.263801,5.1538,3.5707,1,1,3746.722,nan
r0130,abierto,B25,134.9341,0.27357,24.5601,74.0574,61.1229,16.271,CRITICA,11.0552,0.708035,14.2093,45.1158,0.256083,0.258801,6.3921,5.3986,1,1,3584.229,nan
r0130,abierto,B40,134.9341,0.27357,39.5414,83.1043,50.6821,20.5029,BIEN,12.3423,0.782483,15.3278,38.4112,0.263623,0.260771,3.6358,4.6785,1,1,3679.176,nan
r0193,abierto,B5,141.4881,0.277574,4.3903,44.7067,100.0,9.3982,CRITICA,7.5808,0.436375,15.9443,68.4025,0.281684,0.250965,1.4809,9.5863,1,1,3516.175,nan
r0193,abierto,B10,141.4881,0.277574,9.5199,57.0902,100.0,11.3675,CRITICA,8.6077,0.544109,14.5265,59.6502,0.277874,0.251042,0.108,9.5586,1,1,3985.651,nan
r0193,abierto,B15,141.4881,0.277574,14.4919,64.6239,83.5568,13.1186,CRITICA,9.3113,0.605613,14.0952,54.3256,0.277346,0.260278,0.0819,6.2311,1,1,2316.96,nan
r0193,abierto,B25,141.4881,0.277574,24.5385,74.0743,58.4448,16.127,CRITICA,10.3273,0.682924,14.199,47.6463,0.281568,0.277666,1.4389,0.0333,1,1,4008.016,nan
r0193,abierto,B40,141.4881,0.277574,39.5356,83.1565,48.1088,20.268,BIEN,11.5071,0.758722,15.313,41.2272,0.28577,0.27969,2.9529,0.7625,1,1,3650.968,nan
r0214,abierto,B5,145.9872,0.284584,4.3979,44.8468,100.0,9.1582,CRITICA,7.2521,0.431224,15.931,69.2803,0.27405,0.250189,3.7015,12.0861,1,1,3423.485,nan
r0214,abierto,B10,145.9872,0.284584,9.5491,57.2448,100.0,11.1615,CRITICA,8.2404,0.537856,14.5172,60.7878,0.266031,0.261874,6.5192,7.9802,1,1,2346.316,nan
r0214,abierto,B15,145.9872,0.284584,14.4923,64.7051,84.7465,12.9166,CRITICA,8.91,0.598135,14.0902,55.6776,0.271939,0.277818,4.4433,2.3775,1,1,3487.967,nan
r0214,abierto,B25,145.9872,0.284584,24.5488,74.1056,56.9388,15.8815,CRITICA,9.8709,0.674011,14.201,49.2383,0.278688,0.272702,2.0717,4.1753,1,1,3921.569,nan
r0214,abierto,B40,145.9872,0.284584,39.5333,83.2332,46.9095,20.0097,BIEN,10.9904,0.748456,15.3056,42.9859,0.283157,0.281452,0.5015,1.1007,1,1,3101.737,nan
r0292,abierto,B5,146.6444,0.227552,4.3936,44.9826,100.0,8.5858,CRITICA,7.2872,0.430052,15.9305,69.3254,0.199319,0.200621,12.4074,11.8354,1,1,3852.08,nan
r0292,abierto,B10,146.6444,0.227552,9.5672,57.3694,100.0,10.4849,CRITICA,8.2745,0.53656,14.5249,60.8785,0.216757,0.211143,4.7443,7.2111,1,1,3259.453,nan
r0292,abierto,B15,146.6444,0.227552,14.4984,64.8259,86.1321,12.2036,CRITICA,8.9531,0.597412,14.0804,55.7938,0.20943,0.209126,7.9642,8.0978,1,1,3813.883,nan
r0292,abierto,B25,146.6444,0.227552,24.5655,74.2733,58.9105,15.0009,CRITICA,9.914,0.672926,14.1893,49.3514,0.205965,0.219176,9.4866,3.6812,1,1,3789.314,nan
r0292,abierto,B40,146.6444,0.227552,39.5609,83.4075,46.5602,18.9477,BIEN,11.0286,0.747366,15.2959,43.1226,0.212416,0.218118,6.6519,4.1459,1,1,3097.893,nan
r0345,abierto,B5,142.6725,0.268186,4.398,44.7778,100.0,9.1283,CRITICA,7.5788,0.435125,15.9458,68.615,0.260878,0.244905,2.7247,8.6807,1,1,3480.683,nan
r0345,abierto,B10,142.6725,0.268186,9.5622,57.1957,100.0,10.9679,CRITICA,8.6037,0.542359,14.5336,59.9112,0.255714,0.244661,4.6503,8.7717,1,1,2767.017,nan
r0345,abierto,B15,142.6725,0.268186,14.5031,64.5945,84.3661,12.7364,CRITICA,9.3081,0.604293,14.0956,54.7253,0.264644,0.249634,1.3206,6.9174,1,1,3208.213,nan
r0345,abierto,B25,142.6725,0.268186,24.5667,74.099,61.7672,15.5496,CRITICA,10.3166,0.681407,14.1995,48.0636,0.265681,0.26437,0.9338,1.4229,1,1,3347.841,nan
r0345,abierto,B40,142.6725,0.268186,39.5101,83.3808,46.4088,19.377,BIEN,11.4934,0.757069,15.2878,41.5579,0.269803,0.265496,0.6031,1.0028,1,1,3878.976,nan
r0350,abierto,B5,142.7842,0.279956,4.4116,44.9199,100.0,8.7302,CRITICA,7.5687,0.442747,15.932,68.54,0.264611,0.244798,5.4812,12.5582,1,1,3840.246,nan
r0350,abierto,B10,142.7842,0.279956,9.5606,57.2937,100.0,10.6305,CRITICA,8.5915,0.550501,14.5228,59.8739,0.26469,0.244074,5.4531,12.8168,1,1,3692.762,nan
r0350,abierto,B15,142.7842,0.279956,14.514,64.643,84.6358,12.4012,CRITICA,9.2872,0.611594,14.1005,54.7268,0.265447,0.252058,5.1824,9.9651,1,1,3834.356,nan
r0350,abierto,B25,142.7842,0.279956,24.5596,74.1821,60.7309,15.2297,CRITICA,10.3002,0.688629,14.1908,48.046,0.272725,0.264774,2.5829,5.4228,1,1,3868.472,nan
r0350,abierto,B40,142.7842,0.279956,39.5306,83.4015,47.5247,19.0911,BIEN,11.472,0.762907,15.2874,41.5891,0.263344,0.263628,5.9337,5.8321,1,1,3179.65,nan
r0513,abierto,B5,149.9615,0.197076,4.4098,45.0299,100.0,8.2337,CRITICA,7.1453,0.408436,15.9117,69.9723,0.204271,0.175102,3.6511,11.1501,1,1,3469.812,nan
r0513,abierto,B10,149.9615,0.197076,9.5564,57.451,100.0,9.76,CRITICA,8.1134,0.512096,14.509,61.6895,0.191334,0.209242,2.9134,6.1734,1,1,3859.514,nan
r0513,abierto,B15,149.9615,0.197076,14.5759,64.7345,90.4112,11.3289,CRITICA,8.7717,0.572852,14.0934,56.8326,0.196219,0.20917,0.4351,6.1367,1,1,3537.319,nan
r0513,abierto,B25,149.9615,0.197076,24.6401,74.5065,60.9676,13.8412,CRITICA,9.7343,0.652177,14.1605,50.3162,0.198027,0.206294,0.4828,4.6774,1,1,3886.514,nan
r0513,abierto,B40,149.9615,0.197076,39.5601,83.5991,43.2572,17.2856,BIEN,10.8032,0.728322,15.2535,44.253,0.196973,0.192432,0.0521,2.3563,1,1,3428.18,nan
s0045,abierto,B5,100.4343,0.183405,4.363,42.0603,100.0,16.5357,CRITICA,11.0401,0.569962,16.128,58.1216,0.198408,0.211648,8.18,15.3989,1,1,3815.337,nan
s0045,abierto,B10,100.4343,0.183405,9.4219,54.8435,95.1794,18.1333,CRITICA,12.5454,0.709614,14.7139,45.3936,0.193245,0.195565,5.3649,6.6302,1,1,3933.911,nan
s0045,abierto,B15,100.4343,0.183405,14.4651,62.3879,75.2314,20.2522,CRITICA,13.6222,0.766661,14.3065,37.8818,0.198767,0.185805,8.376,1.3086,1,1,3954.132,nan
s0045,abierto,B25,100.4343,0.183405,24.4661,71.7477,55.1767,24.6859,CRITICA,15.3379,0.830649,14.4561,28.5626,0.194883,0.198301,6.2584,8.1219,1,1,3207.184,nan
s0045,abierto,B40,100.4343,0.183405,39.4828,80.8168,45.3861,30.3037,BIEN,17.6096,0.888932,15.6583,19.5326,0.19309,0.192273,5.2805,4.8353,1,1,2899.391,nan
s0046,abierto,B5,100.8095,0.186833,4.3593,42.1723,100.0,16.3328,CRITICA,11.0205,0.570767,16.1235,58.1663,0.205245,0.204803,9.8551,9.6184,1,1,3721.623,nan
s0046,abierto,B10,100.8095,0.186833,9.4309,54.9523,95.3308,17.9037,CRITICA,12.5209,0.709146,14.7085,45.489,0.195838,0.192216,4.8199,2.8814,1,1,3387.534,nan
s0046,abierto,B15,100.8095,0.186833,14.4656,62.4566,75.703,20.0687,CRITICA,13.5954,0.766086,14.3041,38.0449,0.19488,0.193382,4.3073,3.5055,1,1,3691.399,nan
s0046,abierto,B25,100.8095,0.186833,24.4841,71.7901,55.1786,24.37,CRITICA,15.289,0.829172,14.4582,28.7863,0.197595,0.195262,5.7607,4.5119,1,1,3594.536,nan
s0046,abierto,B40,100.8095,0.186833,39.4897,80.8917,45.551,30.0144,BIEN,17.5598,0.888384,15.6525,19.7578,0.190084,0.190563,1.7403,1.9968,1,1,3579.098,nan
s0059,abierto,B5,100.7484,0.186047,4.3574,42.307,100.0,16.0094,CRITICA,11.0147,0.577218,16.1154,58.0073,0.194975,0.210734,4.7986,13.2694,1,1,3617.945,nan
s0059,abierto,B10,100.7484,0.186047,9.4273,55.0356,94.8573,17.7049,CRITICA,12.5149,0.712644,14.7012,45.3732,0.18936,0.188997,1.7807,1.5858,1,1,3311.258,nan
s0059,abierto,B15,100.7484,0.186047,14.469,62.5178,76.3124,19.8706,CRITICA,13.5873,0.769275,14.2972,37.9466,0.191753,0.187745,3.0671,0.9127,1,1,3843.198,nan
s0059,abierto,B25,100.7484,0.186047,24.482,71.8621,55.3669,24.1856,CRITICA,15.2784,0.83229,14.4507,28.6718,0.192771,0.195265,3.6143,4.9545,1,1,3301.42,nan
s0059,abierto,B40,100.7484,0.186047,39.492,80.9583,46.0226,29.8274,BIEN,17.5429,0.890624,15.6452,19.6431,0.189817,0.197575,2.0264,6.1964,1,1,3645.644,nan
s0066,abierto,B5,99.2571,0.186376,4.3624,42.297,100.0,16.0613,CRITICA,11.1416,0.587221,16.1226,57.3864,0.192867,0.201786,3.4828,8.2686,1,1,3584.229,nan
s0066,abierto,B10,99.2571,0.186376,9.4327,55.0518,93.9432,17.7393,CRITICA,12.6539,0.720739,14.7103,44.5362,0.19334,0.189114,3.7366,1.4693,1,1,3891.051,nan
s0066,abierto,B15,99.2571,0.186376,14.4789,62.3764,75.8136,20.286,CRITICA,13.7415,0.775474,14.3149,37.1567,0.194797,0.186643,4.5185,0.1435,1,1,3473.428,nan
s0066,abierto,B25,99.2571,0.186376,24.5073,71.7849,56.2305,24.474,CRITICA,15.4477,0.835455,14.4722,27.6778,0.19069,0.189591,2.315,1.7252,1,1,3966.68,nan
s0066,abierto,B40,99.2571,0.186376,39.5053,80.8195,46.4399,30.3718,BIEN,17.7674,0.893285,15.6752,18.5756,0.190156,0.187877,2.0283,0.8056,1,1,3988.831,nan
s0167,abierto,B5,108.3071,0.202088,4.3718,43.1785,100.0,14.2,CRITICA,10.41,0.558618,16.0645,60.1333,0.20136,0.21544,0.3601,6.6069,1,1,3724.395,nan
s0167,abierto,B10,108.3071,0.202088,9.4555,55.7541,97.5955,15.8667,CRITICA,11.8176,0.69462,14.6515,48.5222,0.20637,0.201217,2.119,0.431,1,1,3828.484,nan
s0167,abierto,B15,108.3071,0.202088,14.48,63.1826,79.9181,18.0842,CRITICA,12.8202,0.752455,14.2385,41.6634,0.202694,0.209003,0.2999,3.4217,1,1,3966.68,nan
s0167,abierto,B25,108.3071,0.202088,24.5259,72.5531,52.8906,21.9716,CRITICA,14.3608,0.817287,14.3816,33.0117,0.203617,0.204684,0.7569,1.2845,1,1,3795.066,nan
s0167,abierto,B40,108.3071,0.202088,39.4971,81.6216,42.7682,27.1953,BIEN,16.3669,0.879126,15.5449,24.6388,0.213826,0.202801,5.8084,0.3529,1,1,3385.24,nan
s0206,abierto,B5,105.9662,0.193256,4.3546,42.4488,100.0,15.6926,CRITICA,10.5047,0.560777,16.114,59.9412,0.201825,0.214085,4.4345,10.7783,1,1,3495.281,nan
s0206,abierto,B10,105.9662,0.193256,9.4413,55.2923,96.3671,17.109,CRITICA,11.9301,0.701622,14.688,47.8209,0.2049,0.203332,6.0255,5.214,1,1,3741.115,nan
s0206,abierto,B15,105.9662,0.193256,14.457,62.645,78.0687,19.4332,CRITICA,12.9389,0.759913,14.2873,40.8821,0.206192,0.203176,6.6939,5.1331,1,1,3667.033,nan
s0206,abierto,B25,105.9662,0.193256,24.505,72.0528,53.2652,23.475,CRITICA,14.506,0.822358,14.4356,32.004,0.202151,0.20593,4.6028,6.5582,1,1,3805.175,nan
s0206,abierto,B40,105.9662,0.193256,39.5001,81.1683,43.9655,28.9671,BIEN,16.5762,0.883017,15.6115,23.4017,0.196436,0.199456,1.646,3.2082,1,1,3776.435,nan
s0323,abierto,B5,104.119,0.195028,4.3489,42.3475,100.0,15.8616,CRITICA,10.5402,0.573484,16.1211,59.3277,0.200182,0.210087,2.6431,7.7219,1,1,3347.841,nan
s0323,abierto,B10,104.119,0.195028,9.4326,55.0301,94.0092,17.7303,CRITICA,11.9577,0.710036,14.7098,47.1469,0.203183,0.212127,4.1815,8.7678,1,1,3360.215,nan
s0323,abierto,B15,104.119,0.195028,14.4695,62.466,77.2206,20.0065,CRITICA,12.9656,0.765442,14.3076,40.0052,0.204946,0.210327,5.0858,7.8449,1,1,3465.003,nan
s0323,abierto,B25,104.119,0.195028,24.5141,71.8054,54.9128,24.2969,CRITICA,14.5389,0.828249,14.4685,31.0352,0.206361,0.20034,5.8111,2.7238,1,1,3913.894,nan
s0323,abierto,B40,104.119,0.195028,39.4992,80.8819,45.0833,30.1091,BIEN,16.6406,0.887384,15.6603,22.3178,0.197621,0.196299,1.3298,0.6519,1,1,3641.661,nan
s0330,abierto,B5,103.6396,0.193052,4.3532,42.1756,100.0,16.1836,CRITICA,10.5603,0.571082,16.1356,59.3055,0.209584,0.218277,8.5634,13.0662,1,1,4017.678,nan
s0330,abierto,B10,103.6396,0.193052,9.4268,54.9108,93.951,17.9917,CRITICA,11.9792,0.709606,14.7226,47.0175,0.212963,0.20466,10.3136,6.013,1,1,3971.406,nan
s0330,abierto,B15,103.6396,0.193052,14.4727,62.3574,76.5414,20.2986,CRITICA,12.9908,0.764894,14.3207,39.8324,0.208893,0.204956,8.2056,6.166,1,1,3780.718,nan
s0330,abierto,B25,103.6396,0.193052,24.5043,71.6678,54.9069,24.6813,CRITICA,14.5683,0.827741,14.4847,30.849,0.206414,0.206079,6.9216,6.7478,1,1,2431.907,nan
s0330,abierto,B40,103.6396,0.193052,39.4949,80.7705,45.5413,30.5028,BIEN,16.6758,0.88648,15.6806,22.066,0.199445,0.197679,3.3114,2.3969,1,1,3792.188,nan
s0371,abierto,B5,103.8234,0.184494,4.3386,42.0001,100.0,16.5827,CRITICA,10.5189,0.56482,16.1501,59.5466,0.206528,0.210627,11.9429,14.1647,1,1,3705.076,nan
s0371,abierto,B10,103.8234,0.184494,9.4394,54.8139,94.1974,18.2844,CRITICA,11.9322,0.706495,14.7318,47.2047,0.192823,0.204693,4.5145,10.9482,1,1,3736.921,nan
s0371,abierto,B15,103.8234,0.184494,14.4693,62.2641,74.69,20.6218,CRITICA,12.9385,0.761587,14.3313,40.0288,0.195077,0.201977,5.7363,9.4764,1,1,4056.795,nan
s0371,abierto,B25,103.8234,0.184494,24.5087,71.5574,54.6314,25.0629,CRITICA,14.5066,0.824356,14.4977,31.0778,0.193479,0.196752,4.87,6.6444,1,1,3915.427,nan
s0371,abierto,B40,103.8234,0.184494,39.5079,80.6691,46.0265,30.9796,BIEN,16.6075,0.883881,15.694,22.3016,0.197838,0.201187,7.2326,9.048,1,1,2478.929,nan
s0383,abierto,B5,109.1659,0.20014,4.3655,43.0945,100.0,14.4211,CRITICA,10.1065,0.56854,16.0647,60.5238,0.20457,nan,2.2136,nan,1,1,3803.728,nan
s0383,abierto,B10,109.1659,0.20014,9.4369,55.5819,94.997,16.2662,CRITICA,11.4501,0.69416,14.6627,49.0849,0.209278,0.208692,4.5658,4.2733,1,1,3993.61,nan
s0383,abierto,B15,109.1659,0.20014,14.4957,63.0206,78.3714,18.5514,CRITICA,12.409,0.752291,14.255,42.2708,0.207789,0.204255,3.8221,2.0565,1,1,3750.937,nan
s0383,abierto,B25,109.1659,0.20014,24.5036,72.3077,55.691,22.6652,CRITICA,13.8821,0.817664,14.4098,33.7635,0.207685,0.207939,3.77,3.8972,1,1,3127.933,nan
s0383,abierto,B40,109.1659,0.20014,39.5049,81.4076,44.7185,28.1168,BIEN,15.8037,0.879173,15.5859,25.4277,0.202938,0.201674,1.3985,0.7668,1,1,3437.607,nan
s0430,abierto,B5,103.445,0.189874,4.3545,42.4083,100.0,15.6776,CRITICA,10.5973,0.58358,16.1193,59.004,0.19926,nan,4.943,nan,1,1,3724.395,nan
s0430,abierto,B10,103.445,0.189874,9.428,55.043,93.6696,17.6236,CRITICA,12.0204,0.717993,14.7098,46.7901,0.203786,0.204409,7.3267,7.6548,1,1,3763.643,nan
s0430,abierto,B15,103.445,0.189874,14.479,62.469,76.9392,19.9693,CRITICA,13.0359,0.772637,14.3077,39.6114,0.20807,0.207007,9.5831,9.023,1,1,3996.802,nan
s0430,abierto,B25,103.445,0.189874,24.5165,71.8102,56.0772,24.2399,CRITICA,14.6175,0.833764,14.4683,30.5813,0.203576,0.199577,7.2161,5.11,1,1,3834.356,nan
s0430,abierto,B40,103.445,0.189874,39.5033,80.9034,45.6073,30.0429,BIEN,16.7356,0.890983,15.6631,21.7909,0.201345,0.198419,6.0412,4.5003,1,1,3770.739,nan
u0020,abierto,B5,115.1051,0.193051,4.4082,43.9618,100.0,12.0105,CRITICA,9.6333,0.528086,16.0157,61.8072,0.211386,nan,9.4975,nan,1,1,3597.122,nan
u0020,abierto,B10,115.1051,0.193051,9.4534,56.0753,96.2429,14.733,CRITICA,10.9269,0.643381,14.6043,51.2834,0.207833,nan,7.6571,nan,1,1,3393.281,nan
u0020,abierto,B15,115.1051,0.193051,14.4521,63.4628,86.8618,16.9969,CRITICA,11.8363,0.704184,14.1952,44.8653,0.205484,0.215568,6.4405,11.664,1,1,3186.743,nan
u0020,abierto,B25,115.1051,0.193051,24.4903,72.8719,51.0936,20.7829,CRITICA,13.22,0.778155,14.3257,36.691,0.215651,0.212552,11.7069,10.1015,1,1,3379.52,nan
u0020,abierto,B40,115.1051,0.193051,39.5017,81.9646,42.5275,25.8173,BIEN,14.9671,0.84909,15.4835,28.7915,0.206197,0.214363,6.8099,11.0399,1,1,3872.967,nan
u0151,abierto,B5,115.143,0.20726,4.4076,43.7231,100.0,12.5451,CRITICA,9.6238,0.509097,16.0066,62.0271,0.208477,nan,0.5871,nan,1,1,3595.829,nan
u0151,abierto,B10,115.143,0.20726,9.4558,55.9625,96.3477,14.9572,CRITICA,10.9201,0.631296,14.5976,51.3973,0.215714,0.225782,4.0785,8.9365,1,1,2345.766,nan
u0151,abierto,B15,115.143,0.20726,14.4663,63.3737,86.0525,17.1929,CRITICA,11.8329,0.692985,14.1888,44.9608,0.219173,0.214428,5.7478,3.4581,1,1,3624.502,nan
u0151,abierto,B25,115.143,0.20726,24.4945,72.7914,50.164,20.9803,CRITICA,13.222,0.768715,14.319,36.7817,0.221705,0.215573,6.9691,4.0107,1,1,3789.314,nan
u0151,abierto,B40,115.143,0.20726,39.505,81.8907,41.4194,25.9833,BIEN,14.9751,0.841969,15.4784,28.8791,0.201829,0.202018,2.6206,2.5296,1,1,2966.479,nan
u0180,abierto,B5,111.547,0.209392,4.4165,43.8191,100.0,12.2988,CRITICA,10.024,0.535726,15.9882,60.7169,0.222553,nan,6.2853,nan,1,1,3863.988,nan
u0180,abierto,B10,111.547,0.209392,9.4681,55.9606,97.8362,14.8904,CRITICA,11.3831,0.654272,14.5861,49.8322,0.225526,0.218543,7.7054,4.3702,1,1,3862.495,nan
u0180,abierto,B15,111.547,0.209392,14.4503,63.3564,84.2167,17.1714,CRITICA,12.3434,0.715372,14.1829,43.2021,0.216148,0.209772,3.2267,0.1814,1,1,3832.886,nan
u0180,abierto,B25,111.547,0.209392,24.4743,72.7915,49.6225,20.9758,CRITICA,13.8259,0.788797,14.3073,34.7436,0.217923,0.223087,4.0743,6.5404,1,1,3462.604,nan
u0180,abierto,B40,111.547,0.209392,39.5091,81.8266,41.7202,25.9833,BIEN,15.7063,0.859126,15.4777,26.6438,0.211745,0.217834,1.1236,4.032,1,1,3824.092,nan
u0204,abierto,B5,113.8095,0.20017,4.4172,43.9381,100.0,11.9865,CRITICA,9.8079,0.526711,15.9924,61.3933,0.212287,nan,6.0532,nan,1,1,2373.042,nan
u0204,abierto,B10,113.8095,0.20017,9.4672,56.069,97.8672,14.6724,CRITICA,11.1319,0.64414,14.5884,50.7343,0.220108,0.224605,9.9605,12.2072,1,1,3507.541,nan
u0204,abierto,B15,113.8095,0.20017,14.4597,63.4634,84.5446,16.924,CRITICA,12.0672,0.70549,14.18,44.2372,0.230441,0.216817,15.1226,8.3161,1,1,3920.031,nan
u0204,abierto,B25,113.8095,0.20017,24.4821,72.9065,49.6536,20.7065,CRITICA,13.4973,0.780004,14.3055,35.9399,0.227202,0.225863,13.5043,12.8356,1,1,3345.6,nan
u0204,abierto,B40,113.8095,0.20017,39.5043,81.9576,41.2777,25.6585,BIEN,15.3015,0.851786,15.4685,27.987,0.217784,0.217062,8.7995,8.4387,1,1,3562.522,nan
u0229,abierto,B5,115.3807,0.205445,4.3873,43.9653,100.0,12.0141,CRITICA,9.7146,0.517201,16.0001,61.8955,0.203164,nan,1.11,nan,1,1,3401.361,nan
u0229,abierto,B10,115.3807,0.205445,9.4776,56.1721,97.9545,14.4642,CRITICA,11.0278,0.638421,14.5869,51.3159,0.206168,0.229832,0.3519,11.8707,1,1,3401.361,nan
u0229,abierto,B15,115.3807,0.205445,14.4537,63.5548,87.2945,16.6438,CRITICA,11.9488,0.700013,14.1794,44.9173,0.222574,0.21066,8.3376,2.5387,1,1,3835.827,nan
u0229,abierto,B25,115.3807,0.205445,24.5011,72.9585,49.1083,20.3635,CRITICA,13.3525,0.775847,14.3076,36.7672,0.215173,0.223893,4.7352,8.9799,1,1,3561.253,nan
u0229,abierto,B40,115.3807,0.205445,39.5237,82.0998,40.583,25.1836,BIEN,15.1193,0.84744,15.4566,28.8444,0.204004,0.209562,0.7012,2.0042,1,1,3546.099,nan
u0233,abierto,B5,115.9589,0.198453,4.3885,43.9753,100.0,11.9833,CRITICA,9.6405,0.517235,15.9927,62.0768,0.204771,nan,3.1835,nan,1,1,3721.623,nan
u0233,abierto,B10,115.9589,0.198453,9.4732,56.1696,97.939,14.446,CRITICA,10.9405,0.636792,14.5836,51.5607,0.202293,0.222389,1.9352,12.0615,1,1,3915.427,nan
u0233,abierto,B15,115.9589,0.198453,14.4565,63.5474,87.8302,16.6479,CRITICA,11.8537,0.698392,14.1772,45.1983,0.198651,0.207951,0.1,4.7862,1,1,3720.238,nan
u0233,abierto,B25,115.9589,0.198453,24.4812,73.0077,48.625,20.3576,CRITICA,13.2457,0.774107,14.2983,37.04,0.204656,0.208918,3.1255,5.2735,1,1,3286.231,nan
u0233,abierto,B40,115.9589,0.198453,39.5147,82.0564,40.4685,25.2192,BIEN,14.9889,0.846153,15.4568,29.2366,0.207666,0.212246,4.6424,6.9502,1,1,3281.917,nan
u0248,abierto,B5,114.6108,0.188595,4.4322,43.9665,100.0,12.0431,CRITICA,9.6879,0.519416,15.9825,61.6384,0.199052,nan,5.5446,nan,1,1,3835.827,nan
u0248,abierto,B10,114.6108,0.188595,9.4726,56.0684,97.0871,14.7292,CRITICA,10.9917,0.636424,14.5847,51.0793,0.213206,0.228483,13.0497,21.1503,1,1,3949.447,nan
u0248,abierto,B15,114.6108,0.188595,14.4638,63.4354,85.1559,17.0051,CRITICA,11.9108,0.698298,14.1791,44.6514,0.214817,0.216444,13.9038,14.7668,1,1,3841.721,nan
u0248,abierto,B25,114.6108,0.188595,24.4773,72.8915,50.1795,20.8478,CRITICA,13.3233,0.774124,14.3002,36.4008,0.215777,0.217104,14.4129,15.1165,1,1,3489.184,nan
u0248,abierto,B40,114.6108,0.188595,39.5133,81.9221,41.5785,25.8058,BIEN,15.0854,0.846198,15.4733,28.5215,0.217786,0.208957,15.4785,10.7969,1,1,3612.717,nan
u0282,abierto,B5,110.3973,0.213845,4.4365,43.6744,100.0,12.5579,CRITICA,10.0967,0.538833,16.0103,60.4389,0.21446,nan,0.2876,nan,1,1,3472.222,nan
u0282,abierto,B10,110.3973,0.213845,9.4706,55.8481,96.9279,15.0664,CRITICA,11.4647,0.658567,14.6057,49.4117,0.223796,0.210165,4.6533,1.7208,1,1,3728.561,nan
u0282,abierto,B15,110.3973,0.213845,14.4313,63.2697,86.1748,17.3035,CRITICA,12.4272,0.718622,14.1991,42.6891,0.219876,0.216288,2.82,1.1421,1,1,3474.635,nan
u0282,abierto,B25,110.3973,0.213845,24.4936,72.6863,50.7908,21.0554,CRITICA,13.9104,0.791076,14.3339,34.1593,0.211254,0.214578,1.2117,0.3426,1,1,3780.719,nan
u0282,abierto,B40,110.3973,0.213845,39.5077,81.7831,42.3354,26.1631,BIEN,15.8271,0.861556,15.4976,25.9192,0.216595,0.21857,1.2858,2.2096,1,1,3608.806,nan
u0294,abierto,B5,111.1758,0.203591,4.4389,43.7466,100.0,12.5198,CRITICA,10.0002,0.529178,15.9929,60.651,0.2081,nan,2.2144,nan,1,1,3360.215,nan
u0294,abierto,B10,111.1758,0.203591,9.453,55.9019,96.73,15.1343,CRITICA,11.3528,0.648242,14.5929,49.7175,0.213322,0.21345,4.7793,4.8422,1,1,3414.135,nan
u0294,abierto,B15,111.1758,0.203591,14.4499,63.2881,84.6417,17.438,CRITICA,12.3091,0.709502,14.1892,43.0739,0.211132,0.205936,3.7036,1.1516,1,1,3802.281,nan
u0294,abierto,B25,111.1758,0.203591,24.4664,72.759,50.9694,21.327,CRITICA,13.7895,0.783735,14.3112,34.5549,0.214964,0.213547,5.5861,4.8899,1,1,3900.156,nan
u0294,abierto,B40,111.1758,0.203591,39.4975,81.7535,42.3354,26.4584,BIEN,15.6653,0.855532,15.4923,26.4647,0.218612,0.214418,7.3777,5.3177,1,1,3809.524,nan
u0317,abierto,B5,112.2283,0.206947,4.425,43.8411,100.0,12.2671,CRITICA,9.9223,0.527229,15.9913,60.9357,0.230199,nan,11.2358,nan,1,1,2968.24,nan
u0317,abierto,B10,112.2283,0.206947,9.4618,55.9712,96.8581,14.9732,CRITICA,11.2646,0.645094,14.5899,50.1273,0.228005,0.218306,10.1756,5.4888,1,1,3718.855,nan
u0317,abierto,B15,112.2283,0.206947,14.4746,63.3764,85.0026,17.235,CRITICA,12.2105,0.706439,14.1834,43.529,0.225889,0.207038,9.1531,0.0438,1,1,3800.836,nan
u0317,abierto,B25,112.2283,0.206947,24.4828,72.7986,50.4958,21.0688,CRITICA,13.6652,0.780763,14.3121,35.1335,0.222704,0.21533,7.614,4.0509,1,1,3664.346,nan
u0317,abierto,B40,112.2283,0.206947,39.507,81.8277,41.9414,26.2234,BIEN,15.521,0.853437,15.4816,27.0882,0.207075,0.234652,0.0615,13.3875,1,1,3787.879,nan
u0433,abierto,B5,112.7143,0.231301,4.4442,43.5969,100.0,12.9342,CRITICA,9.7868,0.5259,16.01,61.3208,0.225125,nan,2.6702,nan,1,1,3586.801,nan
u0433,abierto,B10,112.7143,0.231301,9.4714,55.7823,95.4569,15.4093,CRITICA,11.1,0.645325,14.6084,50.51,0.224225,0.224535,3.0593,2.925,1,1,2827.255,nan
u0433,abierto,B15,112.7143,0.231301,14.4473,63.1058,85.5751,17.7618,CRITICA,12.0237,0.706055,14.2119,44.0126,0.2321,0.21511,0.3453,6.9999,1,1,3307.972,nan
u0433,abierto,B25,112.7143,0.231301,24.4795,72.56,50.8549,21.734,CRITICA,13.4573,0.780067,14.338,35.6248,0.229254,0.224553,0.8851,2.9174,1,1,3484.321,nan
u0433,abierto,B40,112.7143,0.231301,39.515,81.6231,42.4615,26.8444,BIEN,15.2629,0.850723,15.5169,27.5841,0.218778,0.2292,5.4141,0.9081,1,1,3766.479,nan
u0436,abierto,B5,110.8942,0.19642,4.4555,43.3751,100.0,13.3565,CRITICA,9.8994,0.523873,16.0154,60.886,0.213399,nan,8.6445,nan,1,1,3742.515,nan
u0436,abierto,B10,110.8942,0.19642,9.4795,55.5929,95.5074,15.8494,CRITICA,11.2325,0.646962,14.6171,49.8686,0.222583,0.2153,13.3198,9.612,1,1,3714.71,nan
u0436,abierto,B15,110.8942,0.19642,14.4449,62.9801,83.0154,18.1809,CRITICA,12.1709,0.706578,14.2163,43.2071,0.218255,0.209224,11.1164,6.5187,1,1,3526.093,nan
u0436,abierto,B25,110.8942,0.19642,24.4843,72.3968,51.7107,22.1801,CRITICA,13.622,0.77969,14.3548,34.7154,0.214483,0.216978,9.1963,10.4666,1,1,3254.149,nan
u0436,abierto,B40,110.8942,0.19642,39.5127,81.4508,43.0243,27.4866,BIEN,15.4895,0.851687,15.537,26.5509,0.196797,0.210081,0.1922,6.955,1,1,3866.976,nan
u0513,abierto,B5,111.3155,0.197343,4.4281,43.7355,100.0,12.5341,CRITICA,9.993,0.529878,15.992,60.7103,0.217128,nan,10.0257,nan,1,1,3483.107,nan
u0513,abierto,B10,111.3155,0.197343,9.4684,55.9116,96.6718,15.1598,CRITICA,11.3489,0.649357,14.5882,49.7719,0.217569,0.222031,10.2494,12.5101,1,1,3843.198,nan
u0513,abierto,B15,111.3155,0.197343,14.4503,63.2851,86.4057,17.4245,CRITICA,12.3028,0.710092,14.1869,43.148,0.221329,0.209845,12.1547,6.3352,1,1,3362.475,nan
u0513,abierto,B25,111.3155,0.197343,24.4795,72.7362,50.6278,21.3109,CRITICA,13.7837,0.783705,14.3105,34.6576,0.207457,0.211612,5.1253,7.2306,1,1,3428.18,nan
u0513,abierto,B40,111.3155,0.197343,39.5038,81.7571,41.8231,26.4227,BIEN,15.6597,0.855438,15.4865,26.5537,0.213182,0.214812,8.0265,8.8522,1,1,3192.848,nan
u0519,abierto,B5,111.8987,0.200679,4.4312,43.7472,100.0,12.4705,CRITICA,9.9316,0.528905,15.9934,60.9046,0.206659,nan,2.9797,nan,1,1,3837.299,nan
u0519,abierto,B10,111.8987,0.200679,9.4622,55.9141,96.7766,15.0962,CRITICA,11.2762,0.647276,14.5893,50.0315,0.214252,0.222364,6.7634,10.8059,1,1,3657.644,nan
u0519,abierto,B15,111.8987,0.200679,14.4613,63.2998,84.826,17.3988,CRITICA,12.2243,0.708685,14.1871,43.4312,0.212516,0.19939,5.8984,0.6425,1,1,3753.754,nan
u0519,abierto,B25,111.8987,0.200679,24.4828,72.7359,50.4143,21.2664,CRITICA,13.6862,0.78237,14.314,34.9984,0.21404,0.203598,6.6576,1.4547,1,1,2176.279,nan
u0519,abierto,B40,111.8987,0.200679,39.5069,81.782,41.8929,26.3669,BIEN,15.5438,0.854175,15.4851,26.9143,0.212404,0.208212,5.8425,3.7539,1,1,3743.916,nan
v0046,abierto,B5,128.0446,0.172509,4.374,44.1901,100.0,11.555,CRITICA,8.9191,0.483314,15.958,65.4885,0.171262,0.195989,0.7225,13.6108,1,1,3759.399,nan
v0046,abierto,B10,128.0446,0.172509,9.4578,56.7241,100.0,12.63,CRITICA,10.1374,0.609174,14.5323,55.6997,0.184234,0.169201,6.7969,1.9175,1,1,3895.598,nan
v0046,abierto,B15,128.0446,0.172509,14.4955,64.2875,89.9746,14.1569,CRITICA,10.983,0.673597,14.1002,49.7929,0.171989,0.168912,0.3012,2.0852,1,1,3725.782,nan
v0046,abierto,B25,128.0446,0.172509,24.4968,73.7861,61.773,16.9838,CRITICA,12.2279,0.749936,14.2034,42.3747,0.169987,0.174156,1.4618,0.9547,1,1,3725.783,nan
v0046,abierto,B40,128.0446,0.172509,39.4935,82.9872,31.0815,20.7625,BIEN,13.7179,0.822007,15.3028,35.1888,0.170308,0.178198,1.2758,3.2982,1,1,3965.107,nan
v0050,abierto,B5,128.3586,0.161235,4.3695,43.829,100.0,12.6432,CRITICA,8.7842,0.472983,15.9799,65.8543,0.167863,0.187669,4.1109,16.3945,1,1,2660.99,nan
v0050,abierto,B10,128.3586,0.161235,9.4419,56.415,99.9903,13.7542,CRITICA,9.9816,0.602576,14.5529,56.0489,0.164056,0.164619,1.7494,2.0987,1,1,3993.61,nan
v0050,abierto,B15,128.3586,0.161235,14.4885,64.006,88.0786,15.3669,CRITICA,10.812,0.668063,14.1234,50.135,0.167092,0.162423,3.6323,0.7367,1,1,3755.163,nan
v0050,abierto,B25,128.3586,0.161235,24.4888,73.5085,59.4442,18.3807,CRITICA,12.0396,0.744779,14.2264,42.7319,0.151877,0.167681,5.8037,3.9978,1,1,2037.905,nan
v0050,abierto,B40,128.3586,0.161235,39.4955,82.6979,31.9218,22.3759,BIEN,13.5047,0.817501,15.3399,35.5728,0.167967,0.162697,4.1751,0.9066,1,1,3579.098,nan
v0062,abierto,B5,129.0402,0.161912,4.3764,44.1752,100.0,11.6615,CRITICA,8.8276,0.485196,15.956,65.7663,0.168101,0.200265,3.8224,23.6878,1,1,3034.901,nan
v0062,abierto,B10,129.0402,0.161912,9.4565,56.6878,100.0,12.7444,CRITICA,10.0318,0.61106,14.5327,56.0697,0.171618,0.167739,5.9947,3.5988,1,1,3921.569,nan
v0062,abierto,B15,129.0402,0.161912,14.4935,64.2417,90.2502,14.2616,CRITICA,10.8663,0.675866,14.1019,50.2158,0.172546,0.167435,6.5679,3.4114,1,1,3802.281,nan
v0062,abierto,B25,129.0402,0.161912,24.4908,73.7706,61.6585,17.0413,CRITICA,12.0955,0.75142,14.2028,42.8314,0.163057,0.163772,0.7074,1.149,1,1,3397.893,nan
v0062,abierto,B40,129.0402,0.161912,39.5046,82.968,30.0996,20.7935,BIEN,13.5629,0.822816,15.3033,35.7038,0.177797,0.173421,9.8111,7.108,1,1,2893.518,nan
v0081,abierto,B5,128.3384,0.162069,4.3608,44.1862,100.0,11.4455,CRITICA,8.8838,0.484313,15.9584,65.5705,0.161625,0.203696,0.2738,25.6849,1,1,3239.391,nan
v0081,abierto,B10,128.3384,0.162069,9.4441,56.7291,100.0,12.5049,CRITICA,10.0988,0.609683,14.5298,55.7973,0.169235,0.159269,4.4218,1.7272,1,1,3616.637,nan
v0081,abierto,B15,128.3384,0.162069,14.4976,64.304,90.4073,14.0442,CRITICA,10.9408,0.673867,14.0982,49.8949,0.169189,0.156068,4.3935,3.7026,1,1,3205.128,nan
v0081,abierto,B25,128.3384,0.162069,24.4848,73.8236,61.4101,16.8208,CRITICA,12.186,0.750244,14.194,42.4774,0.163822,0.166944,1.0818,3.0085,1,1,3619.254,nan
v0081,abierto,B40,128.3384,0.162069,39.513,83.0023,30.0724,20.566,BIEN,13.6643,0.822026,15.3029,35.3254,0.16708,0.163619,3.0919,0.9563,1,1,3579.098,nan
v0096,abierto,B5,127.329,0.16368,4.3843,44.1524,100.0,11.7041,CRITICA,8.9746,0.491698,15.9524,65.3242,0.179477,0.196612,9.6511,20.12,1,1,3636.364,nan
v0096,abierto,B10,127.329,0.16368,9.4495,56.6719,100.0,12.7973,CRITICA,10.1991,0.618269,14.5326,55.4918,0.175453,0.176037,7.1926,7.5494,1,1,3691.399,nan
v0096,abierto,B15,127.329,0.16368,14.5091,64.2144,89.7398,14.284,CRITICA,11.0478,0.681814,14.1076,49.5681,0.175964,0.170883,7.5052,4.4007,1,1,3770.739,nan
v0096,abierto,B25,127.329,0.16368,24.4819,73.758,61.1966,17.1788,CRITICA,12.312,0.758283,14.1987,42.0729,0.17329,0.167145,5.8711,2.1168,1,1,3293.808,nan
v0096,abierto,B40,127.329,0.16368,39.4973,82.9476,30.9437,20.9288,BIEN,13.8167,0.828774,15.3055,34.8557,0.182493,0.181609,11.494,10.9537,1,1,3410.641,nan
v0112,abierto,B5,125.5972,0.176121,4.381,44.1046,100.0,11.9275,CRITICA,9.1283,0.492371,15.9636,64.8841,0.173075,0.195233,1.7294,10.8514,1,1,3889.537,nan
v0112,abierto,B10,125.5972,0.176121,9.4589,56.5861,99.9457,13.1138,CRITICA,10.3696,0.618003,14.5459,54.9463,0.168093,0.177161,4.558,0.5905,1,1,3724.395,nan
v0112,abierto,B15,125.5972,0.176121,14.5129,64.0941,89.0372,14.6014,CRITICA,11.2302,0.682332,14.1247,48.9685,0.172595,0.167693,2.002,4.7853,1,1,3720.238,nan
v0112,abierto,B25,125.5972,0.176121,24.4978,73.653,62.0583,17.598,CRITICA,12.5268,0.7599,14.2178,41.3577,0.179071,0.169426,1.6749,3.8015,1,1,2895.194,nan
v0112,abierto,B40,125.5972,0.176121,39.5066,82.8835,31.3183,21.3584,BIEN,14.0719,0.829914,15.3195,34.0084,0.184963,0.170277,5.0202,3.3179,1,1,3912.363,nan
v0114,abierto,B5,126.5803,0.167152,4.3849,44.1511,100.0,11.8506,CRITICA,9.0328,0.487267,15.9619,65.1201,0.165367,0.200686,1.0679,20.0619,1,1,3553.66,nan
v0114,abierto,B10,126.5803,0.167152,9.4689,56.6467,99.8933,13.0484,CRITICA,10.2621,0.61364,14.5417,55.2484,0.169393,0.166537,1.3403,0.3682,1,1,1848.429,nan
v0114,abierto,B15,126.5803,0.167152,14.5021,64.2123,88.5579,14.5999,CRITICA,11.117,0.678164,14.1106,49.2715,0.163458,0.1614,2.2103,3.4413,1,1,3930.817,nan
v0114,abierto,B25,126.5803,0.167152,24.4891,73.6951,62.3629,17.5249,CRITICA,12.3855,0.754873,14.2117,41.78,0.170835,0.171384,2.2032,2.5315,1,1,3451.847,nan
v0114,abierto,B40,126.5803,0.167152,39.4989,82.8874,32.081,21.3385,BIEN,13.9005,0.825943,15.3207,34.5179,0.165939,0.172184,0.7257,3.0105,1,1,3875.969,nan
v0140,abierto,B5,121.155,0.181939,4.3773,43.783,100.0,12.8131,CRITICA,9.4074,0.493654,15.9705,63.862,0.171032,0.197479,5.995,8.5409,1,1,3717.472,nan
v0140,abierto,B10,121.155,0.181939,9.4606,56.2754,99.7167,14.0008,CRITICA,10.6849,0.623779,14.5604,53.5509,0.178689,0.183323,1.7863,0.7606,1,1,3417.635,nan
v0140,abierto,B15,121.155,0.181939,14.4717,63.9038,89.0159,15.499,CRITICA,11.5855,0.690377,14.1269,47.2545,0.188073,0.169676,3.3713,6.7402,1,1,3418.804,nan
v0140,abierto,B25,121.155,0.181939,24.5081,73.404,61.1578,18.5057,CRITICA,12.928,0.76516,14.2401,39.4131,0.179861,0.174381,1.1422,4.1543,1,1,3595.829,nan
v0140,abierto,B40,121.155,0.181939,39.4797,82.5976,30.0122,22.7084,BIEN,14.5827,0.836616,15.3503,31.8249,0.181598,0.177043,0.1875,2.6911,1,1,3977.725,nan
v0201,abierto,B5,128.0771,0.174111,4.3774,44.2543,100.0,11.2729,CRITICA,8.913,0.477793,15.9451,65.4471,0.175756,0.208204,0.9448,19.5811,1,1,3865.481,nan
v0201,abierto,B10,128.0771,0.174111,9.4559,56.7721,100.0,12.3107,CRITICA,10.1263,0.603389,14.5286,55.6734,0.176175,0.185515,1.1857,6.5498,1,1,3611.412,nan
v0201,abierto,B15,128.0771,0.174111,14.4843,64.3513,89.2371,13.836,CRITICA,10.9745,0.668624,14.0906,49.7558,0.177677,0.173132,2.0481,0.5622,1,1,3808.073,nan
v0201,abierto,B25,128.0771,0.174111,24.5209,73.8406,66.3316,16.5689,CRITICA,12.2168,0.744373,14.1951,42.3468,0.170756,0.168859,1.927,3.0164,1,1,3859.514,nan
v0201,abierto,B40,128.0771,0.174111,39.5155,83.0393,28.9449,20.3092,BIEN,13.7055,0.817161,15.2972,35.1646,0.176706,0.168205,1.4907,3.392,1,1,3738.318,nan
v0246,abierto,B5,125.4451,0.165658,4.3766,43.9667,100.0,12.2029,CRITICA,9.1086,0.493016,15.9653,64.9514,0.183124,0.201219,10.5432,21.4666,1,1,3787.879,nan
v0246,abierto,B10,125.4451,0.165658,9.4495,56.5398,100.0,13.2788,CRITICA,10.3549,0.622014,14.5391,54.9286,0.179852,0.183081,8.5683,10.5173,1,1,3663.003,nan
v0246,abierto,B15,125.4451,0.165658,14.5033,64.149,89.1595,14.7765,CRITICA,11.2246,0.686643,14.106,48.8629,0.179722,0.181189,8.4899,9.3755,1,1,3913.894,nan
v0246,abierto,B25,125.4451,0.165658,24.4791,73.6375,60.9676,17.7886,CRITICA,12.5203,0.763482,14.2073,41.299,0.173355,0.172103,4.6462,3.8902,1,1,3883.495,nan
v0246,abierto,B40,125.4451,0.165658,39.5106,82.8256,31.3008,21.5007,BIEN,14.06,0.832667,15.3194,33.9746,0.173221,0.164788,4.5655,0.5255,1,1,3601.008,nan
v0255,abierto,B5,125.0554,0.165601,4.3731,43.8586,100.0,12.2449,CRITICA,9.0961,0.490289,15.9711,64.9286,0.174771,0.201715,5.5371,21.8076,1,1,3872.966,nan
v0255,abierto,B10,125.0554,0.165601,9.4249,56.4422,99.8894,13.4054,CRITICA,10.3415,0.61908,14.5434,54.8663,0.17049,0.17482,2.9524,5.567,1,1,3381.806,nan
v0255,abierto,B15,125.0554,0.165601,14.487,64.0679,89.2856,14.911,CRITICA,11.2106,0.683964,14.1094,48.7684,0.178506,0.173555,7.7925,4.8031,1,1,3802.281,nan
v0255,abierto,B25,125.0554,0.165601,24.3947,73.5082,61.4392,17.9259,CRITICA,12.497,0.760353,14.2095,41.2195,0.179738,0.162778,8.5367,1.7047,1,1,2423.068,nan
v0255,abierto,B40,125.0554,0.165601,39.502,82.7684,31.9257,21.7284,BIEN,14.0533,0.831004,15.3263,33.8146,0.172051,0.166307,3.895,0.426,1,1,2852.253,nan
v0429,abierto,B5,123.4169,0.172292,4.3753,44.4282,100.0,10.7059,CRITICA,9.4026,0.511355,15.936,64.0015,0.178924,nan,3.8492,nan,1,1,3972.984,nan
v0429,abierto,B10,123.4169,0.172292,9.4464,56.8364,99.9922,11.9857,CRITICA,10.6909,0.634582,14.5172,53.9476,0.189625,0.171222,10.0604,0.6212,1,1,3736.921,nan
v0429,abierto,B15,123.4169,0.172292,14.5061,64.4473,91.3544,13.4255,CRITICA,11.5938,0.698117,14.0823,47.7808,0.180508,0.170568,4.7683,1.0005,1,1,3859.514,nan
v0429,abierto,B25,123.4169,0.172292,24.4917,73.9524,62.1301,16.0918,CRITICA,12.9336,0.772219,14.1827,40.0792,0.180001,0.17449,4.4742,1.2755,1,1,3631.082,nan
v0429,abierto,B40,123.4169,0.172292,39.5036,83.1236,30.5226,19.788,BIEN,14.5567,0.841957,15.2809,32.6481,0.184335,0.174296,6.9897,1.1629,1,1,3556.188,nan
v0432,abierto,B5,123.933,0.174357,4.3772,44.3077,100.0,11.2538,CRITICA,9.2993,0.500539,15.9427,64.2487,0.185533,0.191239,6.41,9.6829,1,1,3304.693,nan
v0432,abierto,B10,123.933,0.174357,9.4564,56.7348,99.9592,12.542,CRITICA,10.5702,0.625002,14.5246,54.2214,0.173542,0.166928,0.4674,4.2607,1,1,3789.314,nan
v0432,abierto,B15,123.933,0.174357,14.5067,64.3142,90.7334,14.0471,CRITICA,11.4592,0.689314,14.0943,48.1057,0.184968,0.173132,6.0858,0.7024,1,1,3912.363,nan
v0432,abierto,B25,123.933,0.174357,24.4912,73.8328,60.7541,16.7772,CRITICA,12.7769,0.764478,14.1976,40.4252,0.177611,0.171996,1.8667,1.354,1,1,3474.635,nan
v0432,abierto,B40,123.933,0.174357,39.5012,83.0055,31.3183,20.6075,BIEN,14.3772,0.83537,15.2998,33.0239,0.181002,0.178242,3.8115,2.2284,1,1,2262.443,nan
v0487,abierto,B5,126.5951,0.176376,4.3984,44.2429,100.0,11.4992,CRITICA,9.0206,0.487991,15.9439,65.0516,0.187863,0.201111,6.5125,14.0243,1,1,3832.886,nan
v0487,abierto,B10,126.5951,0.176376,9.4551,56.7309,99.8603,12.6123,CRITICA,10.2494,0.613514,14.5257,55.1872,0.182007,0.178045,3.1925,0.9465,1,1,3496.504,nan
v0487,abierto,B15,126.5951,0.176376,14.4933,64.3021,89.5651,14.209,CRITICA,11.1069,0.677896,14.0943,49.2065,0.172336,0.176245,2.2904,0.0742,1,1,2890.174,nan
v0487,abierto,B25,126.5951,0.176376,24.4743,73.8021,61.4702,17.1475,CRITICA,12.381,0.754784,14.1915,41.7022,0.187933,0.175893,6.5524,0.2739,1,1,3360.215,nan
v0487,abierto,B40,126.5951,0.176376,39.5023,82.9679,32.1237,20.883,BIEN,13.8914,0.825767,15.3047,34.462,0.187535,0.171044,6.3267,3.0229,1,1,3325.573,nan
v0526,abierto,B5,125.8726,0.159417,4.3904,44.3172,100.0,11.1592,CRITICA,9.1252,0.495438,15.9429,64.792,0.17191,nan,7.8363,nan,1,1,3940.11,nan
v0526,abierto,B10,125.8726,0.159417,9.4465,56.7829,99.87,12.2855,CRITICA,10.3711,0.620384,14.5231,54.8886,0.164596,0.166921,3.2487,4.707,1,1,3862.495,nan
v0526,abierto,B15,125.8726,0.159417,14.4994,64.3804,90.289,13.8,CRITICA,11.2395,0.684327,14.0892,48.8527,0.166681,0.168615,4.5565,5.7694,1,1,3947.888,nan
v0526,abierto,B25,125.8726,0.159417,24.486,73.8898,61.9709,16.6378,CRITICA,12.528,0.760585,14.1887,41.2979,0.170464,0.165179,6.9295,3.6143,1,1,3490.401,nan
v0526,abierto,B40,125.8726,0.159417,39.5013,83.0639,31.4367,20.3276,BIEN,14.0698,0.830678,15.2941,34.0095,0.161323,0.163862,1.1952,2.7881,1,1,3551.136,nan
v0542,abierto,B5,118.3945,0.19687,4.3449,43.9302,100.0,12.2189,CRITICA,9.7698,0.512415,15.9651,62.8951,0.187331,0.202702,4.8451,2.9624,1,1,2301.496,nan
v0542,abierto,B10,118.3945,0.19687,9.4555,56.4665,99.216,13.4374,CRITICA,11.113,0.641902,14.5447,52.3065,0.201447,0.190349,2.3248,3.3123,1,1,3544.842,nan
v0542,abierto,B15,118.3945,0.19687,14.488,64.0116,91.8395,14.899,CRITICA,12.0562,0.705578,14.1167,45.9336,0.200641,0.1843,1.9157,6.3847,1,1,3523.608,nan
v0542,abierto,B25,118.3945,0.19687,24.5159,73.5201,56.8864,17.9008,CRITICA,13.4742,0.779773,14.2301,37.9024,0.199789,0.189234,1.4828,3.8783,1,1,3547.357,nan
v0542,abierto,B40,118.3945,0.19687,39.51,82.722,29.1991,21.7921,BIEN,15.2333,0.848639,15.3388,30.1302,0.196354,0.197335,0.2622,0.2362,1,1,3844.675,nan
v0796,abierto,B5,120.9772,0.171405,4.3662,44.1776,100.0,11.5909,CRITICA,9.4939,0.507108,15.969,63.4827,0.1797,0.205963,4.8393,20.161,1,1,4033.885,nan
v0796,abierto,B10,120.9772,0.171405,9.4795,56.6642,99.2781,12.9094,CRITICA,10.7846,0.633706,14.551,53.1612,0.168032,0.163701,1.968,4.4947,1,1,3384.095,nan
v0796,abierto,B15,120.9772,0.171405,14.5095,64.1129,87.5177,14.5732,CRITICA,11.6843,0.696148,14.1317,47.0041,0.170102,0.160138,0.7604,6.5737,1,1,3624.502,nan
v0796,abierto,B25,120.9772,0.171405,24.5202,73.6524,67.0923,17.5428,CRITICA,13.036,0.770618,14.2329,39.1188,0.16518,0.161617,3.6322,5.7104,1,1,3497.726,nan
v0796,abierto,B40,120.9772,0.171405,39.517,82.8183,32.5021,21.6615,BIEN,14.6929,0.841063,15.3447,31.5423,0.165466,0.166502,3.465,2.8607,1,1,3710.575,nan
v0811,abierto,B5,122.6361,0.154025,4.3666,44.6271,100.0,9.982,CRITICA,9.4649,0.518389,15.9358,63.6101,0.168021,0.188389,9.0864,22.3107,1,1,3812.429,nan
v0811,abierto,B10,122.6361,0.154025,9.4777,57.0172,99.3693,11.3036,CRITICA,10.7557,0.638908,14.5166,53.507,0.163486,0.183526,6.1422,19.153,1,1,3995.206,nan
v0811,abierto,B15,122.6361,0.154025,14.5187,64.4541,89.9047,12.7056,CRITICA,11.6449,0.700851,14.1012,47.4428,0.161429,0.16333,4.8072,6.0412,1,1,3694.126,nan
v0811,abierto,B25,122.6361,0.154025,24.5156,74.08,70.896,15.4533,CRITICA,13.0013,0.774791,14.1843,39.5936,0.167093,0.150556,8.4843,2.2523,1,1,3575.259,nan
v0811,abierto,B40,122.6361,0.154025,39.497,83.2674,30.2141,19.1134,BIEN,14.6334,0.843108,15.2774,32.102,0.164262,0.15296,6.6465,0.6916,1,1,3549.876,nan
v0876,abierto,B5,118.3589,0.169819,4.3666,44.1092,100.0,11.5119,CRITICA,9.805,0.520178,15.9663,62.7327,0.170082,0.191269,0.1546,12.6309,1,1,3966.68,nan
v0876,abierto,B10,118.3589,0.169819,9.4619,56.6161,99.282,13.0235,CRITICA,11.1549,0.644643,14.5427,52.1657,0.175608,0.167096,3.4087,1.6035,1,1,2225.189,nan
v0876,abierto,B15,118.3589,0.169819,14.5124,64.0754,89.437,14.5443,CRITICA,12.0936,0.707269,14.1262,45.8635,0.165749,0.161609,2.3968,4.8347,1,1,3467.406,nan
v0876,abierto,B25,118.3589,0.169819,24.5171,73.6238,61.707,17.5612,CRITICA,13.5249,0.782,14.2232,37.7961,0.168751,0.157646,0.6288,7.1683,1,1,3904.725,nan
v0876,abierto,B40,118.3589,0.169819,39.5038,82.8423,31.0369,21.4842,BIEN,15.2854,0.850644,15.3289,30.0075,0.169601,0.152592,0.1287,10.1443,1,1,3862.495,nan
v0886,abierto,B5,120.1395,0.176712,4.3304,44.0513,100.0,11.681,CRITICA,9.6564,0.515881,15.9791,63.3332,0.174548,0.214392,1.2247,21.3229,1,1,2725.538,nan
v0886,abierto,B10,120.1395,0.176712,9.4376,56.4841,99.7225,13.2017,CRITICA,10.9795,0.64265,14.558,52.9846,0.177006,0.166023,0.166,6.0491,1,1,3783.579,nan
v0886,abierto,B15,120.1395,0.176712,14.4502,64.0183,89.2138,14.6909,CRITICA,11.9066,0.706424,14.1269,46.7133,0.185757,0.158969,5.1184,10.0408,1,1,3628.447,nan
v0886,abierto,B25,120.1395,0.176712,24.5068,73.6245,61.872,17.5068,CRITICA,13.3074,0.780717,14.2237,38.7175,0.191576,0.161146,8.4113,8.8089,1,1,3924.647,nan
v0886,abierto,B40,120.1395,0.176712,39.3889,82.7689,30.6022,21.474,BIEN,15.0144,0.850382,15.3166,31.106,0.178014,0.168997,0.7369,4.3661,1,1,3635.042,nan
v0894,abierto,B5,120.6339,0.172431,4.3516,44.1956,100.0,11.2858,CRITICA,9.5963,0.509844,15.9621,63.3639,0.168335,0.187119,2.3758,8.518,1,1,2262.443,nan
v0894,abierto,B10,120.6339,0.172431,9.4721,56.6654,99.5323,12.8134,CRITICA,10.9138,0.633968,14.5395,53.027,0.169866,0.166841,1.4874,3.242,1,1,3795.066,nan
v0894,abierto,B15,120.6339,0.172431,14.4998,64.2081,89.668,14.3647,CRITICA,11.8369,0.697379,14.1086,46.7744,0.173963,0.163367,0.8885,5.2568,1,1,3972.984,nan
v0894,abierto,B25,120.6339,0.172431,24.5042,73.7158,62.231,17.1471,CRITICA,13.21,0.771565,14.2159,38.8929,0.168131,0.168065,2.4938,2.532,1,1,3841.721,nan
v0894,abierto,B40,120.6339,0.172431,39.5286,82.8934,30.9399,21.1297,BIEN,14.9064,0.842959,15.3247,31.2852,0.175973,0.175998,2.0541,2.0683,1,1,3663.003,nan
v0902,abierto,B5,122.6852,0.164131,4.3542,44.3058,100.0,11.1999,CRITICA,9.4386,0.507891,15.9549,63.8866,0.176295,0.205094,7.4114,24.9575,1,1,3980.892,nan
v0902,abierto,B10,122.6852,0.164131,9.4693,56.7289,99.8273,12.6224,CRITICA,10.7278,0.631506,14.5354,53.7606,0.169893,0.166804,3.511,1.6289,1,1,3972.984,nan
v0902,abierto,B15,122.6852,0.164131,14.5136,64.2145,88.5773,14.0945,CRITICA,11.622,0.694564,14.1166,47.6591,0.165624,0.169092,0.9096,3.0224,1,1,2270.663,nan
v0902,abierto,B25,122.6852,0.164131,24.5078,73.7919,63.0092,16.9255,CRITICA,12.9738,0.770079,14.2084,39.8526,0.173175,0.164495,5.5103,0.2219,1,1,3549.875,nan
v0902,abierto,B40,122.6852,0.164131,39.5026,82.9795,31.2989,20.7604,BIEN,14.6087,0.840361,15.3092,32.3639,0.175109,0.165108,6.6888,0.5955,1,1,3672.42,nan
v0945,abierto,B5,120.218,0.184261,4.3354,44.15,100.0,11.4049,CRITICA,9.644,0.515596,15.9703,63.275,0.167968,0.218274,8.8422,18.4587,1,1,3799.392,nan
v0945,abierto,B10,120.218,0.184261,9.4454,56.5663,99.5905,12.9363,CRITICA,10.9648,0.641938,14.5502,52.9469,0.174458,0.159311,5.3203,13.5405,1,1,3852.08,nan
v0945,abierto,B15,120.218,0.184261,14.4576,64.0927,89.177,14.4873,CRITICA,11.8911,0.705393,14.1205,46.6863,0.179415,0.167793,2.63,8.9373,1,1,3353.454,nan
v0945,abierto,B25,120.218,0.184261,24.5145,73.6852,62.4095,17.2661,CRITICA,13.2853,0.77957,14.2187,38.707,0.176943,0.159603,3.9718,13.3821,1,1,3799.392,nan
v0945,abierto,B40,120.218,0.184261,39.413,82.8388,31.1669,21.2158,BIEN,14.989,0.849366,15.3143,31.0929,0.173195,0.169163,6.0057,8.1939,1,1,3641.661,nan
v0975,abierto,B5,118.7666,0.183548,4.3504,43.7869,100.0,12.6454,CRITICA,9.6444,0.505966,15.9872,63.132,0.182094,0.196371,0.7922,6.9864,1,1,2857.96,nan
v0975,abierto,B10,118.7666,0.183548,9.4681,56.3505,99.0801,13.9436,CRITICA,10.9654,0.637092,14.5635,52.5536,0.177028,0.162446,3.5522,11.4966,1,1,3909.304,nan
v0975,abierto,B15,118.7666,0.183548,14.4924,63.8916,88.6316,15.5991,CRITICA,11.8906,0.700423,14.1365,46.2041,0.181362,0.164985,1.1908,10.1132,1,1,3861.004,nan
v0975,abierto,B25,118.7666,0.183548,24.497,73.3041,59.549,18.8215,CRITICA,13.2781,0.774874,14.2552,38.2789,0.180865,0.168792,1.4617,8.0393,1,1,3279.764,nan
v0975,abierto,B40,118.7666,0.183548,39.5222,82.5489,31.8267,22.9779,BIEN,15.0062,0.844837,15.3717,30.4949,0.180565,0.180976,1.6248,1.4009,1,1,3617.945,nan
v0994,abierto,B5,120.5479,0.169087,4.3662,43.9562,100.0,12.1643,CRITICA,9.5274,0.506115,15.9755,63.5363,0.16889,nan,0.1162,nan,1,1,3780.718,nan
v0994,abierto,B10,120.5479,0.169087,9.468,56.4661,99.445,13.5258,CRITICA,10.8315,0.635018,14.5553,53.1588,0.176661,0.155562,4.4794,7.9986,1,1,2554.279,nan
v0994,abierto,B15,120.5479,0.169087,14.498,64.0137,88.5928,15.1544,CRITICA,11.7461,0.698936,14.1256,46.8977,0.183748,0.155717,8.671,7.907,1,1,3639.01,nan
v0994,abierto,B25,120.5479,0.169087,24.5084,73.5263,60.5038,18.0672,CRITICA,13.1071,0.772374,14.2353,39.0066,0.180343,0.162987,6.657,3.6075,1,1,3094.06,nan
v0994,abierto,B40,120.5479,0.169087,39.5032,82.6894,31.7064,22.2524,BIEN,14.7934,0.843319,15.3507,31.4054,0.167985,0.174207,0.6516,3.0282,1,1,3777.862,nan
v1005,abierto,B5,121.74,0.172586,4.3453,44.1111,100.0,11.6273,CRITICA,9.4651,0.509215,15.9776,63.7662,0.169967,nan,1.5179,nan,1,1,3923.107,nan
v1005,abierto,B10,121.74,0.172586,9.4761,56.6045,99.6196,13.0138,CRITICA,10.7577,0.636072,14.5536,53.5038,0.183949,0.167667,6.5835,2.8501,1,1,3531.073,nan
v1005,abierto,B15,121.74,0.172586,14.4969,64.1427,88.9829,14.6289,CRITICA,11.6602,0.699483,14.1257,47.3117,0.188288,0.166152,9.0978,3.7285,1,1,3224.766,nan
v1005,abierto,B25,121.74,0.172586,24.511,73.6417,61.0006,17.5515,CRITICA,13.0085,0.773271,14.2322,39.5091,0.182471,0.172892,5.7275,0.1769,1,1,3780.718,nan
v1005,abierto,B40,121.74,0.172586,39.5087,82.8293,31.6366,21.5479,BIEN,14.6565,0.842908,15.3402,31.9622,0.178127,0.172916,3.2101,0.1912,1,1,2574.002,nan
w0035,abierto,B5,126.4828,0.259275,4.4669,44.5747,100.0,10.4754,CRITICA,8.9125,0.511413,15.9403,64.7583,0.277848,0.247392,7.1634,4.5833,1,1,3699.593,nan
w0035,abierto,B10,126.4828,0.259275,9.5022,56.9238,94.8184,12.3555,CRITICA,10.1068,0.628354,14.5263,54.9948,0.26191,0.277212,1.016,6.9178,1,1,3409.478,nan
w0035,abierto,B15,126.4828,0.259275,14.477,64.3286,90.4015,14.1261,CRITICA,10.9259,0.688975,14.1147,49.1404,0.273511,0.270851,5.4904,4.4647,1,1,3759.399,nan
w0035,abierto,B25,126.4828,0.259275,24.4927,73.8414,59.7838,17.3167,CRITICA,12.1622,0.762188,14.2108,41.6194,0.277562,0.260694,7.0529,0.547,1,1,3567.606,nan
w0035,abierto,B40,126.4828,0.259275,39.4999,82.9598,39.5952,21.6129,BIEN,13.6397,0.830698,15.3278,34.4102,0.25959,0.25472,0.1212,1.757,1,1,3661.662,nan
w0048,abierto,B5,121.1413,0.304931,4.4087,44.0863,100.0,11.8032,CRITICA,9.1991,0.528443,16.0017,63.6075,0.325353,0.272172,6.6972,10.7432,1,1,2380.386,nan
w0048,abierto,B10,121.1413,0.304931,9.5176,56.5315,93.4988,13.818,CRITICA,10.4396,0.650401,14.5764,53.3343,0.319287,0.296944,4.7079,2.6194,1,1,2319.647,nan
w0048,abierto,B15,121.1413,0.304931,14.4944,63.9372,87.5992,15.7971,CRITICA,11.281,0.709454,14.1639,47.221,0.311594,0.305893,2.1851,0.3155,1,1,3795.066,nan
w0048,abierto,B25,121.1413,0.304931,24.5207,73.3503,61.4159,19.3067,CRITICA,12.5566,0.779705,14.2853,39.4506,0.315438,0.307042,3.4458,0.6921,1,1,3529.827,nan
w0048,abierto,B40,121.1413,0.304931,39.5363,82.4868,42.3102,24.2274,BIEN,14.151,0.84671,15.4167,31.9086,0.31501,0.302064,3.3052,0.9403,1,1,3760.813,nan
w0061,abierto,B5,103.4809,0.247432,4.3736,43.6128,100.0,12.9136,CRITICA,10.9303,0.595678,16.051,57.8542,0.276633,0.251917,11.8018,1.8126,1,1,3995.206,nan
w0061,abierto,B10,103.4809,0.247432,9.4946,56.0622,93.4173,14.8282,CRITICA,12.3982,0.720828,14.6319,45.8237,0.262953,0.276806,6.2731,11.8717,1,1,3957.262,nan
w0061,abierto,B15,103.4809,0.247432,14.4583,63.4909,85.9671,17.0493,CRITICA,13.4361,0.773495,14.2204,38.6449,0.268566,0.27152,8.5414,9.7354,1,1,4001.601,nan
w0061,abierto,B25,103.4809,0.247432,24.5105,72.9238,63.5157,20.9332,CRITICA,15.0559,0.836352,14.349,29.5292,0.264318,0.276505,6.8248,11.7502,1,1,4019.293,nan
w0061,abierto,B40,103.4809,0.247432,39.5293,81.9673,45.2561,26.2281,BIEN,17.1655,0.89344,15.5115,20.7899,0.253285,0.264008,2.3658,6.6993,1,1,3819.71,nan
w0194,abierto,B5,131.7693,0.269848,4.4248,44.0629,100.0,11.4998,CRITICA,7.8875,0.517354,15.9853,66.5606,0.296065,nan,9.7155,nan,1,1,3972.983,nan
w0194,abierto,B10,131.7693,0.269848,9.4817,56.4633,84.7426,13.8427,CRITICA,8.9582,0.636766,14.5584,57.1499,0.296397,0.284359,9.8384,5.3777,1,1,3729.951,nan
w0194,abierto,B15,131.7693,0.269848,14.5664,63.9185,82.8737,16.1626,CRITICA,9.6927,0.69655,14.1568,51.4921,0.291131,0.294978,7.8871,9.3125,1,1,3338.898,nan
w0194,abierto,B25,131.7693,0.269848,24.5346,73.2567,69.9179,19.5139,CRITICA,10.7339,0.767106,14.2917,44.4053,0.287695,0.287971,6.6136,6.716,1,1,2881.844,nan
w0194,abierto,B40,131.7693,0.269848,39.5155,82.4087,49.3955,24.6784,BIEN,12.0422,0.832134,15.4327,37.4599,0.287871,0.286715,6.6791,6.2507,1,1,3516.174,nan
w0199,abierto,B5,116.9834,0.281658,4.3832,43.358,100.0,13.0006,CRITICA,8.7518,0.577784,16.0526,62.9367,0.304805,0.26207,8.218,6.9544,1,1,3584.229,nan
w0199,abierto,B10,116.9834,0.281658,9.4301,55.7621,84.0769,15.7358,CRITICA,9.9076,0.699349,14.6298,52.3334,0.302708,0.282125,7.4734,0.1657,1,1,3920.031,nan
w0199,abierto,B15,116.9834,0.281658,14.4537,63.1403,81.7423,18.1966,CRITICA,10.6916,0.755637,14.2411,46.0263,0.301136,0.285938,6.9153,1.5196,1,1,3915.426,nan
w0199,abierto,B25,116.9834,0.281658,24.5145,72.4595,72.2059,22.6241,CRITICA,11.9055,0.82077,14.4039,38.06,0.299223,0.297518,6.2362,5.6311,1,1,3910.833,nan
w0199,abierto,B40,116.9834,0.281658,39.546,81.4585,57.292,28.6497,BIEN,13.4491,0.87898,15.6163,30.3675,0.2874,0.295868,2.0386,5.0451,1,1,4030.633,nan
w0206,abierto,B5,111.3296,0.266394,4.4338,43.2969,100.0,13.5521,CRITICA,9.3037,0.596726,16.0623,61.1093,0.294231,0.248864,10.4493,6.5806,1,1,3746.722,nan
w0206,abierto,B10,111.3296,0.266394,9.428,55.5366,86.5513,15.8117,CRITICA,10.4793,0.718115,14.6725,50.1152,0.293801,0.27332,10.2881,2.5997,1,1,3367.003,nan
w0206,abierto,B15,111.3296,0.266394,14.5064,63.0898,81.3814,18.7108,CRITICA,11.3689,0.773775,14.2468,43.3307,0.291573,0.282055,9.4518,5.8786,1,1,2369.668,nan
w0206,abierto,B25,111.3296,0.266394,24.5531,72.299,71.4103,23.086,CRITICA,12.6471,0.835794,14.4329,35.0586,0.299333,0.285208,12.3647,7.0623,1,1,3416.468,nan
w0206,abierto,B40,111.3296,0.266394,39.4869,81.3515,56.3275,29.1959,BIEN,14.3356,0.891545,15.6216,26.9274,0.285696,0.281568,7.2456,5.6959,1,1,3289.474,nan
w0207,abierto,B5,120.4005,0.274033,4.4127,43.6639,100.0,12.743,CRITICA,8.5932,0.56511,16.0197,63.7345,0.283255,0.241695,3.365,11.8007,1,1,3632.401,nan
w0207,abierto,B10,120.4005,0.274033,9.5094,56.0922,84.8551,15.4249,CRITICA,9.7437,0.686074,14.5981,53.412,0.282667,0.277844,3.1506,1.3906,1,1,3711.952,nan
w0207,abierto,B15,120.4005,0.274033,14.4225,63.3163,81.8471,17.6291,CRITICA,10.4916,0.743116,14.2098,47.4119,0.284854,0.277488,3.9486,1.2608,1,1,3808.073,nan
w0207,abierto,B25,120.4005,0.274033,24.4463,72.7288,70.5874,21.6162,CRITICA,11.6605,0.808592,14.3532,39.5943,0.287195,0.268893,4.8028,1.8759,1,1,3869.969,nan
w0207,abierto,B40,120.4005,0.274033,39.4271,81.7932,55.0641,27.5843,BIEN,13.1752,0.869622,15.5241,32.0657,0.29305,0.280077,6.9397,2.2053,1,1,3671.072,nan
w0225,abierto,B5,128.0021,0.254221,4.4237,44.2625,100.0,10.8259,CRITICA,8.425,0.507007,15.9497,65.4205,0.267664,0.244492,5.2876,3.8273,1,1,3738.318,nan
w0225,abierto,B10,128.0021,0.254221,9.4254,56.537,91.9055,13.0529,CRITICA,9.5567,0.62374,14.5391,55.8312,0.277073,0.257908,8.9889,1.4503,1,1,2688.172,nan
w0225,abierto,B15,128.0021,0.254221,14.432,64.072,84.5737,15.1691,CRITICA,10.345,0.685004,14.113,49.9445,0.277409,0.254369,9.121,0.0581,1,1,3866.976,nan
w0225,abierto,B25,128.0021,0.254221,24.4734,73.5835,65.3651,18.6865,CRITICA,11.518,0.757901,14.2195,42.5139,0.268706,0.273443,5.6977,7.561,1,1,3282.994,nan
w0225,abierto,B40,128.0021,0.254221,39.4537,82.69,45.2891,23.4168,BIEN,12.9182,0.826212,15.3516,35.3995,0.26817,0.263894,5.487,3.8049,1,1,3403.676,nan
w0363,abierto,B5,156.4791,0.305635,4.4734,44.8547,100.0,10.1415,CRITICA,6.3433,0.428081,15.8818,71.335,0.310205,0.275506,1.4953,9.8578,1,1,2970.885,nan
w0363,abierto,B10,156.4791,0.305635,9.4402,57.0706,100.0,11.8009,CRITICA,7.2242,0.534753,14.4818,63.5283,0.32656,0.297144,6.8466,2.7783,1,1,3952.569,nan
w0363,abierto,B15,156.4791,0.305635,14.5391,64.424,81.622,13.529,CRITICA,7.8112,0.592941,14.0848,58.829,0.314612,0.311987,2.9373,2.0783,1,1,3606.202,nan
w0363,abierto,B25,156.4791,0.305635,24.4638,74.0929,64.4123,16.5513,CRITICA,8.6796,0.666984,14.1535,52.6499,0.314409,0.301123,2.8709,1.4762,1,1,3640.335,nan
w0363,abierto,B40,156.4791,0.305635,39.5695,83.1765,40.7596,20.8007,BIEN,9.6587,0.737437,15.2919,46.845,0.304437,0.308562,0.3918,0.9578,1,1,2956.83,nan
w0414,abierto,B5,138.1425,0.259165,4.4659,44.5531,100.0,10.9729,CRITICA,7.5911,0.472387,15.8908,67.7485,0.282702,0.246237,9.0819,4.9882,1,1,3892.565,nan
w0414,abierto,B10,138.1425,0.259165,9.4317,56.7447,100.0,12.7998,CRITICA,8.6016,0.586563,14.5082,58.9231,0.288036,0.266428,11.1401,2.8027,1,1,3471.017,nan
w0414,abierto,B15,138.1425,0.259165,14.4807,64.2375,83.0911,14.7356,CRITICA,9.3016,0.646882,14.0842,53.4991,0.291134,0.266685,12.3357,2.9019,1,1,2500.0,nan
w0414,abierto,B25,138.1425,0.259165,24.5451,73.7276,65.5301,18.2029,CRITICA,10.3364,0.721329,14.2081,46.6294,0.26992,0.276287,4.1502,6.6067,1,1,3196.931,nan
w0414,abierto,B40,138.1425,0.259165,39.47,82.8241,45.3143,22.6393,BIEN,11.5352,0.791398,15.3275,40.0444,0.264754,0.267326,2.1566,3.1492,1,1,3354.579,nan
w0509,abierto,B5,148.808,0.257881,4.4065,44.902,100.0,8.9502,CRITICA,6.9631,0.446874,15.8777,69.8256,0.285656,0.233335,10.7706,9.5185,1,1,3068.426,nan
w0509,abierto,B10,148.808,0.257881,9.4325,57.241,100.0,11.0899,CRITICA,7.9373,0.554824,14.4594,61.5337,0.28365,0.27242,9.9926,5.638,1,1,3728.561,nan
w0509,abierto,B15,148.808,0.257881,14.4908,64.6984,85.2568,12.6913,CRITICA,8.5802,0.614247,14.0341,56.5223,0.273967,0.27323,6.2377,5.9518,1,1,3664.346,nan
w0509,abierto,B25,148.808,0.257881,24.455,74.2283,64.7907,15.5445,CRITICA,9.5125,0.687952,14.1371,50.1181,0.266731,0.269037,3.4319,4.326,1,1,3448.276,nan
w0509,abierto,B40,148.808,0.257881,39.5023,83.3733,41.7532,19.6098,BIEN,10.5927,0.758592,15.2462,43.9726,0.275903,0.263834,6.9886,2.3083,1,1,3565.063,nan
w0529,abierto,B5,148.4513,0.237458,4.4183,44.9208,100.0,8.9016,CRITICA,7.0432,0.437226,15.8803,69.7404,0.258594,0.241675,8.901,1.7761,1,1,3877.472,nan
w0529,abierto,B10,148.4513,0.237458,9.424,57.2547,100.0,11.0683,CRITICA,8.0245,0.543947,14.4627,61.432,0.264596,0.25522,11.4288,7.4801,1,1,4017.678,nan
w0529,abierto,B15,148.4513,0.237458,14.4858,64.7055,87.0345,12.6801,CRITICA,8.6752,0.603834,14.0384,56.413,0.25139,0.256394,5.8674,7.9747,1,1,3665.689,nan
w0529,abierto,B25,148.4513,0.237458,24.4611,74.2343,62.1495,15.5473,CRITICA,9.6214,0.678143,14.1349,49.9942,0.257522,0.257889,8.4498,8.6041,1,1,3756.574,nan
w0529,abierto,B40,148.4513,0.237458,39.4794,83.4359,40.3035,19.5237,BIEN,10.7144,0.750508,15.231,43.7958,0.256714,0.263476,8.1094,10.9571,1,1,3190.81,nan
w0580,abierto,B5,143.1415,0.268368,4.4199,44.8546,100.0,9.2446,CRITICA,7.4767,0.441597,15.8909,68.6642,0.280899,0.255705,4.6693,4.7184,1,1,2723.312,nan
w0580,abierto,B10,143.1415,0.268368,9.3961,57.1958,100.0,11.3842,CRITICA,8.5118,0.550308,14.4618,60.0425,0.280007,0.272761,4.3369,1.637,1,1,3483.107,nan
w0580,abierto,B15,143.1415,0.268368,14.5014,64.583,88.3231,13.1089,CRITICA,9.2002,0.609247,14.0547,54.8817,0.279083,0.272835,3.9925,1.6646,1,1,3480.682,nan
w0580,abierto,B25,143.1415,0.268368,24.506,74.0926,57.1173,16.2134,CRITICA,10.2176,0.685303,14.1535,48.2382,0.276599,0.2641,3.0671,1.5902,1,1,3075.031,nan
w0580,abierto,B40,143.1415,0.268368,39.502,83.2973,39.2905,20.1868,BIEN,11.3882,0.759163,15.2558,41.8078,0.276698,0.269683,3.104,0.4901,1,1,3430.532,nan
w0735,abierto,B5,148.1141,0.266217,4.4202,45.3024,100.0,7.4456,CRITICA,7.2834,0.432937,15.8416,69.4139,0.276831,0.240919,3.9869,9.503,1,1,3822.63,nan
w0735,abierto,B10,148.1141,0.266217,9.4,57.5721,100.0,9.4599,CRITICA,8.3055,0.54045,14.4063,61.1299,0.276008,0.2778,3.6776,4.3506,1,1,3769.318,nan
w0735,abierto,B15,148.1141,0.266217,14.571,64.9071,93.2582,10.7902,CRITICA,8.9671,0.598309,14.0176,56.1776,0.275654,0.290392,3.5447,9.0808,1,1,3855.05,nan
w0735,abierto,B25,148.1141,0.266217,24.4903,74.6492,58.3186,13.372,CRITICA,9.9667,0.674871,14.0792,49.6002,0.27262,0.273914,2.405,2.8911,1,1,3792.188,nan
w0735,abierto,B40,148.1141,0.266217,39.4955,83.8325,35.2559,16.7593,BIEN,11.0812,0.747914,15.1589,43.4,0.27039,0.272653,1.5672,2.4174,1,1,3502.627,nan
w0738,abierto,B5,152.7353,0.271904,4.3982,45.2941,100.0,7.3042,CRITICA,6.9677,0.420246,15.8514,70.3447,0.274249,0.250191,0.8627,7.9856,1,1,2068.252,nan
w0738,abierto,B10,152.7353,0.271904,9.3657,57.6275,100.0,9.1694,CRITICA,7.9545,0.525961,14.4064,62.2697,0.284665,0.276102,4.6933,1.544,1,1,3477.052,nan
w0738,abierto,B15,152.7353,0.271904,14.5625,64.9642,94.3643,10.506,CRITICA,8.5905,0.583453,14.0177,57.4661,0.296149,0.287445,8.9168,5.7157,1,1,2160.761,nan
w0738,abierto,B25,152.7353,0.271904,24.4693,74.7538,57.4007,13.0334,CRITICA,9.5521,0.66039,14.0647,51.0566,0.289683,0.275033,6.539,1.151,1,1,3213.367,nan
w0738,abierto,B40,152.7353,0.271904,39.4638,83.9473,33.5481,16.2829,BIEN,10.6041,0.732958,15.1388,45.0374,0.284437,0.286619,4.6096,5.4119,1,1,3684.598,nan
w0742,abierto,B5,153.4176,0.263825,4.4091,45.2868,100.0,7.4552,CRITICA,6.8983,0.416258,15.8544,70.4814,0.285088,0.241854,8.0594,8.328,1,1,3695.492,nan
w0742,abierto,B10,153.4176,0.263825,9.3721,57.6292,100.0,9.3239,CRITICA,7.8749,0.521197,14.4105,62.4364,0.291579,0.270557,10.5196,2.5515,1,1,3696.858,nan
w0742,abierto,B15,153.4176,0.263825,14.564,64.9458,93.9781,10.6712,CRITICA,8.5037,0.578008,14.0212,57.6673,0.291494,0.28767,10.4874,9.0382,1,1,3681.885,nan
w0742,abierto,B25,153.4176,0.263825,24.478,74.7152,57.065,13.298,CRITICA,9.4551,0.655271,14.072,51.2994,0.284576,0.285532,7.8655,8.2278,1,1,3537.319,nan
w0742,abierto,B40,153.4176,0.263825,39.4854,83.8743,35.2015,16.6177,BIEN,10.4938,0.728188,15.1565,45.3294,0.287418,0.278008,8.9425,5.3758,1,1,3415.3,nan
w0810,abierto,B5,130.1075,0.28884,4.4105,44.8517,100.0,8.9448,CRITICA,8.6172,0.507391,15.9183,65.5272,0.295927,0.25128,2.4537,13.0037,1,1,3616.637,nan
w0810,abierto,B10,130.1075,0.28884,9.391,57.1526,94.4497,11.2044,CRITICA,9.7963,0.620991,14.4859,56.0728,0.304983,0.272299,5.5889,5.7265,1,1,2985.075,nan
w0810,abierto,B15,130.1075,0.28884,14.5729,64.5061,92.6372,12.9513,CRITICA,10.5891,0.680064,14.0885,50.4209,0.308353,0.285679,6.7559,1.0941,1,1,3453.038,nan
w0810,abierto,B25,130.1075,0.28884,24.4659,74.1876,60.1312,15.7987,CRITICA,11.7791,0.754125,14.1566,42.9798,0.298274,0.296717,3.2664,2.7272,1,1,2867.795,nan
w0810,abierto,B40,130.1075,0.28884,39.4909,83.3175,36.82,19.9799,BIEN,13.1979,0.822432,15.2679,35.9625,0.295788,0.297057,2.4057,2.8449,1,1,3242.542,nan
x0020,abierto,B5,130.6882,0.187387,4.6115,44.9704,100.0,7.7536,CRITICA,8.5231,0.496215,15.8236,65.5896,0.186396,nan,0.5293,nan,1,1,3680.53,nan
x0020,abierto,B10,130.6882,0.187387,9.4779,57.4469,100.0,9.8423,CRITICA,9.6933,0.609227,14.4127,56.0428,0.196146,0.20992,4.6742,12.0245,1,1,3696.858,nan
x0020,abierto,B15,130.6882,0.187387,14.4171,64.8989,91.1429,11.363,CRITICA,10.4983,0.670619,13.9919,50.3406,0.189901,0.188853,1.3414,0.7819,1,1,3965.107,nan
x0020,abierto,B25,130.6882,0.187387,24.4896,74.3728,58.7727,14.0699,CRITICA,11.6833,0.745296,14.0966,43.0914,0.181902,0.190542,2.9274,1.6835,1,1,2918.856,nan
x0020,abierto,B40,130.6882,0.187387,39.478,83.5744,45.8092,17.7548,BIEN,13.1032,0.815545,15.1888,36.0505,0.185549,0.183092,0.9812,2.292,1,1,3746.722,nan
x0074,abierto,B5,128.8917,0.186744,4.5875,44.759,100.0,8.4738,CRITICA,8.549,0.495713,15.8452,65.274,0.192384,nan,3.0201,nan,1,1,3575.259,nan
x0074,abierto,B10,128.8917,0.186744,9.4389,57.1782,100.0,10.7338,CRITICA,9.7176,0.608479,14.4351,55.6385,0.18827,0.196009,0.8168,4.9612,1,1,3623.189,nan
x0074,abierto,B15,128.8917,0.186744,14.4258,64.6412,88.4667,12.4101,CRITICA,10.5291,0.670637,14.012,49.8485,0.185831,0.197786,0.4893,5.9129,1,1,3436.426,nan
x0074,abierto,B25,128.8917,0.186744,24.4858,74.1632,59.8323,15.4236,CRITICA,11.7337,0.74605,14.1146,42.4609,0.189242,0.195882,1.3373,4.8932,1,1,3785.011,nan
x0074,abierto,B40,128.8917,0.186744,39.4643,83.3044,46.7446,19.3516,BIEN,13.1639,0.816287,15.2278,35.3687,0.189187,0.185102,1.3078,0.8793,1,1,2946.376,nan
x0099,abierto,B5,133.9731,0.167181,4.5784,44.9024,100.0,8.2325,CRITICA,8.1719,0.478101,15.8349,66.4841,0.181865,nan,8.783,nan,1,1,3637.686,nan
x0099,abierto,B10,133.9731,0.167181,9.5157,57.3793,100.0,10.4127,CRITICA,9.2915,0.589981,14.4244,57.171,0.174727,0.177987,4.5138,6.4635,1,1,2932.551,nan
x0099,abierto,B15,133.9731,0.167181,14.3973,64.7985,89.0858,12.0012,CRITICA,10.0569,0.651628,14.005,51.6332,0.181555,0.163396,8.5981,2.264,1,1,3816.794,nan
x0099,abierto,B25,133.9731,0.167181,24.4977,74.2523,58.8601,14.818,CRITICA,11.1795,0.727091,14.1163,44.5768,0.174141,0.167191,4.1631,0.0059,1,1,3891.051,nan
x0099,abierto,B40,133.9731,0.167181,39.4646,83.4436,45.8829,18.641,BIEN,12.5176,0.799162,15.2111,37.7162,0.168117,0.160426,0.5596,4.0405,1,1,3790.751,nan
x0138,abierto,B5,143.367,0.172952,4.6334,45.2425,100.0,7.2817,CRITICA,7.4783,0.467854,15.8172,68.4428,0.207137,nan,19.7659,nan,1,1,3075.977,nan
x0138,abierto,B10,143.367,0.172952,9.5215,57.6448,100.0,9.1333,CRITICA,8.5245,0.579357,14.3881,59.7921,0.207515,0.249362,19.9844,44.1798,1,1,3996.803,nan
x0138,abierto,B15,143.367,0.172952,14.4008,65.1069,88.554,10.5199,CRITICA,9.224,0.638871,13.972,54.5872,0.201214,0.185179,16.3411,7.0696,1,1,3913.894,nan
x0138,abierto,B25,143.367,0.172952,24.5251,74.6343,60.6455,13.0502,CRITICA,10.249,0.713503,14.0638,47.9418,0.187104,0.18045,8.183,4.3355,1,1,3703.704,nan
x0138,abierto,B40,143.367,0.172952,39.4915,83.761,44.2314,16.4038,BIEN,11.4212,0.782292,15.1621,41.5758,0.171863,0.176931,0.6296,2.3006,1,1,3692.762,nan
x0178,abierto,B5,133.2848,0.165947,4.6279,45.06,100.0,7.3098,CRITICA,8.3318,0.494062,15.8327,66.1927,0.182514,nan,9.9835,nan,1,1,3767.897,nan
x0178,abierto,B10,133.2848,0.165947,9.4877,57.5763,100.0,9.3213,CRITICA,9.4907,0.607569,14.4004,56.802,0.183129,0.261805,10.3543,57.7645,1,1,3241.491,nan
x0178,abierto,B15,133.2848,0.165947,14.401,65.016,92.4528,10.7838,CRITICA,10.2768,0.668939,13.9803,51.2203,0.189845,0.163246,14.401,1.6273,1,1,3200.0,nan
x0178,abierto,B25,133.2848,0.165947,24.5178,74.5356,58.8969,13.351,CRITICA,11.4355,0.742836,14.0796,44.0779,0.165941,0.160129,0.0032,3.5057,1,1,3739.716,nan
x0178,abierto,B40,133.2848,0.165947,39.5049,83.6987,45.0135,16.8048,BIEN,12.8008,0.811724,15.1763,37.2032,0.168019,0.16205,1.2491,2.3482,1,1,2266.546,nan
x0267,abierto,B5,129.076,0.183049,4.6159,44.9229,100.0,7.6762,CRITICA,8.6485,0.50205,15.8448,65.1965,0.188394,nan,2.9201,nan,1,1,3779.289,nan
x0267,abierto,B10,129.076,0.183049,9.4496,57.4165,100.0,9.8053,CRITICA,9.8484,0.616538,14.4141,55.5172,0.189134,0.220855,3.3244,20.6535,1,1,3951.008,nan
x0267,abierto,B15,129.076,0.183049,14.4216,64.8614,90.9992,11.3255,CRITICA,10.6701,0.678156,13.9921,49.7494,0.1887,0.179423,3.0873,1.981,1,1,3846.154,nan
x0267,abierto,B25,129.076,0.183049,24.4905,74.3771,59.3821,14.0615,CRITICA,11.8869,0.752431,14.0922,42.3773,0.183791,0.181519,0.4054,0.8357,1,1,3782.148,nan
x0267,abierto,B40,129.076,0.183049,39.4722,83.5717,46.0964,17.6974,BIEN,13.3398,0.821638,15.1885,35.2538,0.180589,0.182517,1.3438,0.2905,1,1,3136.763,nan
x0292,abierto,B5,130.0428,0.18982,4.5899,44.8403,100.0,7.8664,CRITICA,8.533,0.495251,15.8396,65.5188,0.205378,nan,8.1965,nan,1,1,3980.892,nan
x0292,abierto,B10,130.0428,0.18982,9.4169,57.2752,100.0,10.02,CRITICA,9.7022,0.608169,14.4286,55.9566,0.204213,0.207201,7.5829,9.1571,1,1,3421.143,nan
x0292,abierto,B15,130.0428,0.18982,14.4089,64.8043,90.0794,11.5726,CRITICA,10.5161,0.670663,13.9982,50.1669,0.208303,0.202507,9.7373,6.6839,1,1,3603.604,nan
x0292,abierto,B25,130.0428,0.18982,24.4848,74.3542,59.9216,14.4122,CRITICA,11.7183,0.745894,14.0941,42.8233,0.207078,0.209006,9.0922,10.1076,1,1,3803.728,nan
x0292,abierto,B40,130.0428,0.18982,39.4524,83.5348,46.6262,18.0787,BIEN,13.1394,0.815837,15.1909,35.7636,0.19707,0.202437,3.8196,6.6472,1,1,3307.973,nan
x0306,abierto,B5,131.3261,0.203081,4.6074,44.9744,100.0,7.6741,CRITICA,8.4489,0.492946,15.8206,65.7537,0.216139,nan,6.4303,nan,1,1,3400.204,nan
x0306,abierto,B10,131.3261,0.203081,9.4716,57.4496,100.0,9.7819,CRITICA,9.6105,0.605833,14.4096,56.2542,0.219502,0.216145,8.0859,6.4331,1,1,2433.682,nan
x0306,abierto,B15,131.3261,0.203081,14.4152,64.8726,91.2011,11.3334,CRITICA,10.4077,0.667312,13.9913,50.6019,0.21873,0.201979,7.7059,0.5423,1,1,3474.635,nan
x0306,abierto,B25,131.3261,0.203081,24.486,74.3766,59.3627,14.0725,CRITICA,11.5858,0.742493,14.0913,43.365,0.222657,0.218075,9.6398,7.3835,1,1,3445.899,nan
x0306,abierto,B40,131.3261,0.203081,39.4692,83.5814,45.8208,17.6858,BIEN,12.9873,0.812369,15.1866,36.3559,0.208391,0.213684,2.6151,5.2211,1,1,2312.673,nan
x0310,abierto,B5,131.4042,0.210139,4.5978,44.9402,100.0,7.8832,CRITICA,8.41,0.48975,15.8254,65.8,0.220195,nan,4.7855,nan,1,1,3675.119,nan
x0310,abierto,B10,131.4042,0.210139,9.4778,57.4053,100.0,10.0263,CRITICA,9.5639,0.602199,14.415,56.314,0.227341,0.212287,8.1859,1.0222,1,1,2816.901,nan
x0310,abierto,B15,131.4042,0.210139,14.4228,64.8355,90.2385,11.6352,CRITICA,10.3572,0.664033,13.9966,50.6595,0.217964,0.216788,3.7239,3.1641,1,1,3266.906,nan
x0310,abierto,B25,131.4042,0.210139,24.4982,74.3175,59.6227,14.4365,CRITICA,11.5258,0.739118,14.1027,43.4435,0.219735,0.217997,4.5667,3.7394,1,1,3883.495,nan
x0310,abierto,B40,131.4042,0.210139,39.485,83.4938,46.37,18.1469,BIEN,12.9184,0.809571,15.2053,36.4603,0.219303,0.214298,4.3611,1.9791,1,1,3795.066,nan
x0369,abierto,B5,135.8283,0.133045,4.5945,44.9645,100.0,7.9292,CRITICA,8.0235,0.475943,15.8219,66.896,0.146715,nan,10.275,nan,1,1,2037.075,nan
x0369,abierto,B10,135.8283,0.133045,9.4874,57.4097,100.0,10.0035,CRITICA,9.1252,0.586489,14.4135,57.7336,0.141023,0.179939,5.9963,35.2465,1,1,2042.484,nan
x0369,abierto,B15,135.8283,0.133045,14.4289,64.8913,90.5277,11.5846,CRITICA,9.8808,0.648427,13.9909,52.2255,0.129318,0.139361,2.801,4.7472,1,1,2711.497,nan
x0369,abierto,B25,135.8283,0.133045,24.5011,74.3352,59.6169,14.2716,CRITICA,10.9808,0.722917,14.0988,45.2727,0.135617,0.141645,1.933,6.4642,1,1,3793.627,nan
x0369,abierto,B40,135.8283,0.133045,39.4806,83.5288,45.5491,18.0023,BIEN,12.2866,0.794704,15.1948,38.5041,0.131713,0.128018,1.0009,3.7786,1,1,3462.604,nan
x0382,abierto,B5,131.6936,0.159575,4.5868,44.8944,100.0,7.8731,CRITICA,8.3997,0.492595,15.8368,65.9099,0.165671,nan,3.8201,nan,1,1,2220.742,nan
x0382,abierto,B10,131.6936,0.159575,9.4715,57.3786,100.0,9.9987,CRITICA,9.5538,0.605211,14.4209,56.4303,0.17126,0.19693,7.3222,23.4087,1,1,2706.36,nan
x0382,abierto,B15,131.6936,0.159575,14.4095,64.8329,90.8013,11.5641,CRITICA,10.3466,0.666858,14.0,50.7699,0.165215,0.155947,3.5341,2.2739,1,1,3741.115,nan
x0382,abierto,B25,131.6936,0.159575,24.5021,74.3562,59.1162,14.3704,CRITICA,11.5176,0.741434,14.1018,43.5385,0.164287,0.157509,2.9525,1.2948,1,1,3224.766,nan
x0382,abierto,B40,131.6936,0.159575,39.4693,83.5319,45.8868,18.0563,BIEN,12.9053,0.811554,15.1989,36.571,0.158507,0.160092,0.6695,0.324,1,1,3304.693,nan
x0385,abierto,B5,132.1164,0.158644,4.5876,44.9364,100.0,7.8337,CRITICA,8.373,0.490847,15.8317,65.9873,0.168086,nan,5.9517,nan,1,1,2556.891,nan
x0385,abierto,B10,132.1164,0.158644,9.4713,57.3829,100.0,9.9698,CRITICA,9.5212,0.603034,14.4212,56.5664,0.177332,0.201384,11.7798,26.941,1,1,3253.091,nan
x0385,abierto,B15,132.1164,0.158644,14.4109,64.8549,90.908,11.5159,CRITICA,10.3113,0.664753,13.9987,50.9108,0.172032,0.163741,8.439,3.2126,1,1,2373.605,nan
x0385,abierto,B25,132.1164,0.158644,24.5021,74.376,59.2462,14.2996,CRITICA,11.4751,0.739483,14.101,43.7042,0.174322,0.168597,9.8826,6.2739,1,1,2621.232,nan
x0385,abierto,B40,132.1164,0.158644,39.4703,83.5578,45.716,17.9796,BIEN,12.8576,0.809932,15.1941,36.7544,0.170857,0.166973,7.6984,5.2499,1,1,3894.081,nan
x0400,abierto,B5,132.9343,0.172476,4.6243,45.092,100.0,7.1455,CRITICA,8.3782,0.495782,15.8268,66.0795,0.202127,nan,17.1917,nan,1,1,2430.724,nan
x0400,abierto,B10,132.9343,0.172476,9.4768,57.5811,100.0,9.1447,CRITICA,9.5431,0.60906,14.3979,56.6845,0.20265,0.264333,17.4948,53.2581,1,1,3786.445,nan
x0400,abierto,B15,132.9343,0.172476,14.4044,65.0417,93.0292,10.59,CRITICA,10.3377,0.671188,13.9746,51.0723,0.216175,0.181178,25.3365,5.0458,1,1,3862.495,nan
x0400,abierto,B25,132.9343,0.172476,24.5051,74.5604,58.6679,13.1638,CRITICA,11.5053,0.744962,14.0716,43.9119,0.190228,0.186429,10.2929,8.09,1,1,3637.686,nan
x0400,abierto,B40,132.9343,0.172476,39.4753,83.7499,44.8699,16.5627,BIEN,12.8837,0.813736,15.159,36.999,0.193347,0.184892,12.101,7.1987,1,1,3105.59,nan
x0437,abierto,B5,138.9058,0.169475,4.5687,45.0344,100.0,7.6522,CRITICA,7.8118,0.464875,15.8198,67.5792,0.186641,nan,10.1288,nan,1,1,3743.916,nan
x0437,abierto,B10,138.9058,0.169475,9.5102,57.4838,100.0,9.687,CRITICA,8.8851,0.575321,14.4114,58.6167,0.193102,0.183809,13.941,8.4577,1,1,3575.259,nan
x0437,abierto,B15,138.9058,0.169475,14.3861,64.9737,91.1429,11.1727,CRITICA,9.6199,0.636519,13.9852,53.2246,0.191493,0.174645,12.9915,3.0505,1,1,3565.062,nan
x0437,abierto,B25,138.9058,0.169475,24.4952,74.447,58.9649,13.7939,CRITICA,10.6854,0.712018,14.0902,46.4047,0.179998,0.183136,6.209,8.0604,1,1,3332.222,nan
x0437,abierto,B40,138.9058,0.169475,39.4743,83.6795,45.553,17.3846,BIEN,11.9392,0.784277,15.1763,39.7581,0.173234,0.178914,2.2181,5.5693,1,1,3373.819,nan
x0499,abierto,B5,137.4165,0.184393,4.6001,45.0782,100.0,7.5277,CRITICA,7.9338,0.470159,15.8056,67.196,0.19727,nan,6.9835,nan,1,1,3356.831,nan
x0499,abierto,B10,137.4165,0.184393,9.5043,57.5311,100.0,9.5336,CRITICA,9.025,0.581046,14.3997,58.1338,0.192897,0.218699,4.6122,18.6049,1,1,3695.492,nan
x0499,abierto,B15,137.4165,0.184393,14.402,64.9967,91.7949,11.0119,CRITICA,9.7697,0.642616,13.977,52.7009,0.200628,0.182245,8.8048,1.165,1,1,3665.689,nan
x0499,abierto,B25,137.4165,0.184393,24.5419,74.5344,59.0832,13.6078,CRITICA,10.8638,0.718244,14.0771,45.7602,0.184814,0.19034,0.2283,3.225,1,1,3441.156,nan
x0499,abierto,B40,137.4165,0.184393,39.4764,83.6773,45.3473,17.1845,BIEN,12.1401,0.789823,15.1691,39.1068,0.19332,0.186864,4.8412,1.3399,1,1,2660.99,nan
x0667,abierto,B5,135.4629,0.17225,4.6031,45.0052,100.0,7.5604,CRITICA,8.1046,0.479338,15.8213,66.7767,0.188271,nan,9.3012,nan,1,1,3929.273,nan
x0667,abierto,B10,135.4629,0.17225,9.4917,57.4971,100.0,9.5209,CRITICA,9.2194,0.590558,14.4067,57.5551,0.18806,0.211742,9.1788,22.9274,1,1,3749.531,nan
x0667,abierto,B15,135.4629,0.17225,14.4075,64.9508,91.725,11.0786,CRITICA,9.9853,0.652675,13.9853,52.0527,0.185895,0.17823,7.9217,3.4722,1,1,3615.329,nan
x0667,abierto,B25,135.4629,0.17225,24.5094,74.4495,59.5024,13.658,CRITICA,11.1005,0.727204,14.0873,45.0407,0.177562,0.186049,3.0839,8.0111,1,1,3809.524,nan
x0667,abierto,B40,135.4629,0.17225,39.4724,83.6691,45.4074,17.2109,BIEN,12.4203,0.797937,15.1733,38.2347,0.171933,0.174894,0.1841,1.5353,1,1,3806.624,nan
x0679,abierto,B5,135.9625,0.173583,4.6045,45.0443,100.0,7.5173,CRITICA,8.0615,0.478215,15.8165,66.8701,0.183824,nan,5.8998,nan,1,1,3785.011,nan
x0679,abierto,B10,135.9625,0.173583,9.503,57.5298,100.0,9.5233,CRITICA,9.1713,0.589115,14.4035,57.687,0.182147,0.206284,4.9337,18.839,1,1,3137.747,nan
x0679,abierto,B15,135.9625,0.173583,14.4133,64.986,91.7716,11.0151,CRITICA,9.9293,0.650636,13.9831,52.203,0.185514,0.172496,6.8735,0.6265,1,1,3714.71,nan
x0679,abierto,B25,135.9625,0.173583,24.505,74.472,59.3763,13.65,CRITICA,11.0392,0.725737,14.0842,45.226,0.187428,0.177158,7.9758,2.0593,1,1,3633.721,nan
x0679,abierto,B40,135.9625,0.173583,39.4994,83.642,45.5375,17.2186,BIEN,12.3444,0.796415,15.184,38.4816,0.183164,0.178653,5.5193,2.9209,1,1,2840.909,nan
x0697,abierto,B5,126.3613,0.163707,4.6446,44.868,100.0,7.7483,CRITICA,8.9317,0.518506,15.8646,64.4923,0.144701,nan,11.6095,nan,1,1,3417.635,nan
x0697,abierto,B10,126.3613,0.163707,9.4481,57.4624,100.0,9.6731,CRITICA,10.1796,0.634832,14.4101,54.5253,0.189966,0.251666,16.0404,53.7299,1,1,3621.876,nan
x0697,abierto,B15,126.3613,0.163707,14.4311,64.9025,91.3059,11.1044,CRITICA,11.0314,0.695699,13.9883,48.6373,0.197945,0.165361,20.9144,1.0106,1,1,3646.973,nan
x0697,abierto,B25,126.3613,0.163707,24.4999,74.4275,59.0134,13.7637,CRITICA,12.3013,0.768811,14.0873,41.0994,0.1864,0.152403,13.862,6.9048,1,1,2518.892,nan
x0697,abierto,B40,126.3613,0.163707,39.4819,83.5926,46.2245,17.3562,BIEN,13.8242,0.835984,15.1897,33.8464,0.167444,0.156261,2.2826,4.5484,1,1,1795.01,nan
x0716,abierto,B5,127.5169,0.157036,4.5946,44.8025,100.0,8.3309,CRITICA,8.7137,0.503651,15.8428,64.8654,0.16865,nan,7.396,nan,1,1,3679.176,nan
x0716,abierto,B10,127.5169,0.157036,9.441,57.2431,100.0,10.4811,CRITICA,9.9057,0.616656,14.432,55.1094,0.166665,0.18998,6.1318,20.9783,1,1,3181.673,nan
x0716,abierto,B15,127.5169,0.157036,14.4058,64.6714,88.2687,12.1377,CRITICA,10.7295,0.678459,14.0129,49.284,0.169484,0.159305,7.9265,1.4447,1,1,2898.551,nan
x0716,abierto,B25,127.5169,0.157036,24.4842,74.2324,59.4655,15.063,CRITICA,11.9628,0.753241,14.1116,41.7862,0.160252,0.160344,2.0481,2.1062,1,1,3502.627,nan
x0716,abierto,B40,127.5169,0.157036,39.4806,83.3825,47.4956,18.8949,BIEN,13.4322,0.822482,15.2214,34.6106,0.164305,0.159749,4.6291,1.7274,1,1,3162.555,nan
x0741,abierto,B5,123.2134,0.191021,4.5967,44.72,100.0,9.2579,CRITICA,9.0167,0.51094,15.8534,63.7052,0.194524,nan,1.8339,nan,1,1,3753.754,nan
x0741,abierto,B10,123.2134,0.191021,9.4354,57.0385,99.9981,11.5042,CRITICA,10.2359,0.624152,14.4563,53.7076,0.192931,0.193221,1.0002,1.1518,1,1,3819.709,nan
x0741,abierto,B15,123.2134,0.191021,14.4563,64.4619,86.2369,13.3295,CRITICA,11.0932,0.686272,14.0367,47.6827,0.195794,0.203158,2.4988,6.3539,1,1,2282.584,nan
x0741,abierto,B25,123.2134,0.191021,24.498,73.9039,60.5271,16.4745,CRITICA,12.3672,0.760129,14.1574,40.0196,0.194188,0.200088,1.6581,4.7466,1,1,3698.225,nan
x0741,abierto,B40,123.2134,0.191021,39.4942,83.0337,48.3883,20.7133,BIEN,13.9252,0.830674,15.2835,32.6098,0.195018,0.203268,2.0927,6.4115,1,1,3695.491,nan
x0748,abierto,B5,125.0346,0.18076,4.5913,44.8161,100.0,8.3624,CRITICA,8.9916,0.51369,15.8514,64.157,0.199014,nan,10.0984,nan,1,1,3687.316,nan
x0748,abierto,B10,125.0346,0.18076,9.4247,57.2234,100.0,10.476,CRITICA,10.2201,0.627335,14.4426,54.2339,0.18593,0.181205,2.8601,0.2462,1,1,3527.337,nan
x0748,abierto,B15,125.0346,0.18076,14.4332,64.6666,89.4001,12.0512,CRITICA,11.0773,0.689423,14.0173,48.281,0.188402,0.190689,4.2277,5.4928,1,1,3428.18,nan
x0748,abierto,B25,125.0346,0.18076,24.3945,74.1337,59.4112,14.9982,CRITICA,12.3514,0.763909,14.1168,40.7094,0.190373,0.190578,5.3178,5.4311,1,1,3483.107,nan
x0748,abierto,B40,125.0346,0.18076,39.4722,83.3776,46.8513,18.7871,BIEN,13.8938,0.832573,15.227,33.3163,0.186476,0.182134,3.1621,0.7597,1,1,2675.227,nan
x0774,abierto,B5,127.4073,0.167067,4.5759,44.792,100.0,8.5261,CRITICA,8.7089,0.498175,15.8509,64.8435,0.174328,nan,4.3466,nan,1,1,3654.971,nan
x0774,abierto,B10,127.4073,0.167067,9.4372,57.2025,100.0,10.7742,CRITICA,9.8958,0.611254,14.4442,55.1026,0.168274,0.175545,0.7226,5.0751,1,1,3465.003,nan
x0774,abierto,B15,127.4073,0.167067,14.4552,64.6939,87.5332,12.444,CRITICA,10.7241,0.673426,14.018,49.2228,0.180894,0.168743,8.2766,1.0032,1,1,3721.623,nan
x0774,abierto,B25,127.4073,0.167067,24.4729,74.1748,59.8692,15.5197,CRITICA,11.9517,0.74928,14.1222,41.7813,0.175807,0.177013,5.2318,5.9535,1,1,3187.759,nan
x0774,abierto,B40,127.4073,0.167067,39.4892,83.2594,47.3481,19.4376,BIEN,13.4063,0.81945,15.2508,34.651,0.175872,0.175567,5.2707,5.0883,1,1,2192.502,nan
x0802,abierto,B5,123.1937,0.183311,4.6306,44.8534,100.0,8.2953,CRITICA,9.1448,0.521249,15.8488,63.5912,0.181869,nan,0.7866,nan,1,1,2675.943,nan
x0802,abierto,B10,123.1937,0.183311,9.4394,57.2963,100.0,10.4173,CRITICA,10.4053,0.635514,14.4267,53.4908,0.187496,0.182879,2.283,0.2357,1,1,3548.616,nan
x0802,abierto,B15,123.1937,0.183311,14.4443,64.7242,88.8218,12.0341,CRITICA,11.2799,0.69734,14.006,47.4614,0.192084,0.18382,4.7861,0.2777,1,1,3974.562,nan
x0802,abierto,B25,123.1937,0.183311,24.4982,74.196,60.4766,14.9242,CRITICA,12.583,0.770446,14.1176,39.7729,0.181845,0.187109,0.7995,2.072,1,1,2331.546,nan
x0802,abierto,B40,123.1937,0.183311,39.4899,83.3532,47.3656,18.7907,BIEN,14.17,0.838764,15.2298,32.3397,0.177543,0.182858,3.1466,0.247,1,1,3718.855,nan
x0839,abierto,B5,121.8532,0.184723,4.6212,44.7713,100.0,8.5073,CRITICA,9.2487,0.525502,15.8623,63.258,0.183762,nan,0.5203,nan,1,1,2241.148,nan
x0839,abierto,B10,121.8532,0.184723,9.4087,57.1931,99.9612,10.6587,CRITICA,10.5193,0.640713,14.4417,53.064,0.185122,0.193162,0.2155,4.5683,1,1,3713.331,nan
x0839,abierto,B15,121.8532,0.184723,14.4553,64.6401,88.4686,12.3241,CRITICA,11.4052,0.702016,14.0205,46.9525,0.192656,0.184662,4.2943,0.0333,1,1,3443.526,nan
x0839,abierto,B25,121.8532,0.184723,24.4906,74.1066,60.496,15.2711,CRITICA,12.7275,0.774613,14.1326,39.1837,0.184073,0.195543,0.3522,5.8573,1,1,3390.98,nan
x0839,abierto,B40,121.8532,0.184723,39.486,83.2435,47.6295,19.2473,BIEN,14.3422,0.842312,15.2508,31.6854,0.182519,0.180927,1.1935,2.0551,1,1,3683.241,nan
x0878,abierto,B5,127.2371,0.176712,4.599,44.8453,100.0,8.1657,CRITICA,8.7731,0.50487,15.8436,64.7546,0.177878,nan,0.6598,nan,1,1,3438.79,nan
x0878,abierto,B10,127.2371,0.176712,9.4402,57.2878,100.0,10.335,CRITICA,9.9737,0.618159,14.4324,54.9756,0.179663,0.184795,1.6696,4.5738,1,1,3570.153,nan
x0878,abierto,B15,127.2371,0.176712,14.4231,64.7389,89.2798,11.9287,CRITICA,10.805,0.680172,14.0094,49.1195,0.178981,0.176857,1.2836,0.0818,1,1,3086.42,nan
x0878,abierto,B25,127.2371,0.176712,24.4855,74.265,59.9662,14.8651,CRITICA,12.0465,0.755168,14.1105,41.6326,0.181055,0.183199,2.4576,3.6709,1,1,3179.65,nan
x0878,abierto,B40,127.2371,0.176712,39.477,83.4176,46.5641,18.6667,BIEN,13.5252,0.824657,15.2191,34.4393,0.182212,0.177637,3.1121,0.523,1,1,3812.429,nan
x0995,abierto,B5,126.4858,0.170992,4.6198,44.854,100.0,8.3616,CRITICA,8.815,0.505267,15.8529,64.5383,0.185093,nan,8.2469,nan,1,1,3196.931,nan
x0995,abierto,B10,126.4858,0.170992,9.4413,57.2715,100.0,10.5369,CRITICA,10.027,0.618272,14.4329,54.721,0.183633,0.178794,7.3928,4.5629,1,1,3790.751,nan
x0995,abierto,B15,126.4858,0.170992,14.4413,64.7018,88.7403,12.1804,CRITICA,10.8653,0.680842,14.0105,48.8466,0.18341,0.171303,7.2627,0.182,1,1,2293.578,nan
x0995,abierto,B25,126.4858,0.170992,24.4936,74.1954,60.4495,15.0316,CRITICA,12.1058,0.754836,14.1193,41.3409,0.177128,0.181865,3.5884,6.3589,1,1,3548.616,nan
x0995,abierto,B40,126.4858,0.170992,39.4847,83.3206,47.3714,18.9331,BIEN,13.6001,0.825028,15.2353,34.1265,0.171981,0.175397,0.5785,2.5764,1,1,3065.604,nan
x1011,abierto,B5,124.6125,0.17534,4.6386,44.8878,100.0,8.2683,CRITICA,9.0165,0.515887,15.8475,63.978,0.189324,nan,7.9757,nan,1,1,3065.604,nan
x1011,abierto,B10,124.6125,0.17534,9.4365,57.2883,100.0,10.447,CRITICA,10.2576,0.629515,14.4302,54.0268,0.186256,0.185086,6.2258,5.5585,1,1,3537.319,nan
x1011,abierto,B15,124.6125,0.17534,14.4509,64.7302,89.4079,12.0265,CRITICA,11.1191,0.691786,14.0066,48.0548,0.181424,0.179014,3.4701,2.0955,1,1,3619.255,nan
x1011,abierto,B25,124.6125,0.17534,24.5105,74.2444,60.2205,14.8181,CRITICA,12.3963,0.764895,14.1137,40.4198,0.184267,0.185249,5.0917,5.6515,1,1,3518.649,nan
x1011,abierto,B40,124.6125,0.17534,39.4915,83.3526,46.7543,18.7118,BIEN,13.9435,0.833937,15.2294,33.1105,0.18169,0.177096,3.6219,1.0015,1,1,2374.169,nan
x1149,abierto,B5,127.5279,0.185909,4.6175,44.8247,100.0,8.2877,CRITICA,8.7242,0.501612,15.8597,64.8511,0.195478,nan,5.1467,nan,1,1,2820.079,nan
x1149,abierto,B10,127.5279,0.185909,9.4422,57.2749,100.0,10.4407,CRITICA,9.9278,0.615557,14.4312,55.0883,0.202754,0.199132,9.0608,7.1122,1,1,3112.356,nan
x1149,abierto,B15,127.5279,0.185909,14.4182,64.6683,89.2721,12.0629,CRITICA,10.7526,0.677303,14.0124,49.2909,0.197377,0.194236,6.1684,4.4787,1,1,2213.859,nan
x1149,abierto,B25,127.5279,0.185909,24.4748,74.2517,60.4844,14.9462,CRITICA,11.9922,0.752467,14.1063,41.7761,0.199955,0.193873,7.5553,4.2837,1,1,3250.975,nan
x1149,abierto,B40,127.5279,0.185909,39.482,83.3869,46.8416,18.7052,BIEN,13.4546,0.821707,15.2242,34.6128,0.194885,0.195837,4.8279,5.3398,1,1,3279.764,nan
x1260,abierto,B5,120.8458,0.179469,4.626,44.7511,100.0,8.6553,CRITICA,9.3399,0.529838,15.8616,62.9684,0.182157,nan,1.4975,nan,1,1,3598.417,nan
x1260,abierto,B10,120.8458,0.179469,9.4237,57.1685,99.9922,10.8464,CRITICA,10.625,0.644347,14.4408,52.693,0.181233,0.185663,0.9827,3.4509,1,1,3874.467,nan
x1260,abierto,B15,120.8458,0.179469,14.4439,64.5966,87.9738,12.5181,CRITICA,11.5203,0.705829,14.0198,46.5463,0.181389,0.181569,1.0695,1.1699,1,1,3593.245,nan
x1260,abierto,B25,120.8458,0.179469,24.4824,74.0817,60.6649,15.5345,CRITICA,12.8646,0.778327,14.1301,38.6973,0.184981,0.185032,3.0709,3.0995,1,1,3878.976,nan
x1260,abierto,B40,120.8458,0.179469,39.497,83.2203,47.5092,19.5179,BIEN,14.5055,0.846,15.2521,31.1351,0.179935,0.179689,0.2592,0.1225,1,1,3725.782,nan
x1424,abierto,B5,127.2958,0.181274,4.6088,44.8265,100.0,8.5628,CRITICA,8.7019,0.500232,15.8398,64.7856,0.186763,nan,3.0281,nan,1,1,3511.236,nan
x1424,abierto,B10,127.2958,0.181274,9.4422,57.1998,100.0,10.7651,CRITICA,9.8869,0.612325,14.4371,55.0654,0.191504,0.190946,5.6434,5.3358,1,1,2258.356,nan
x1424,abierto,B15,127.2958,0.181274,14.4472,64.6792,87.803,12.4251,CRITICA,10.7138,0.674474,14.0109,49.1898,0.190678,0.185099,5.188,2.1101,1,1,3610.109,nan
x1424,abierto,B25,127.2958,0.181274,24.4853,74.1395,60.4281,15.4344,CRITICA,11.9373,0.749749,14.121,41.7581,0.190522,0.185427,5.1015,2.291,1,1,3987.241,nan
x1424,abierto,B40,127.2958,0.181274,39.4697,83.2932,47.3248,19.3775,BIEN,13.4063,0.820147,15.2339,34.5672,0.183869,0.187147,1.4314,3.24,1,1,4000.0,nan
y0059,abierto,B5,86.6476,0.216825,4.4441,39.6186,100.0,19.9303,CRITICA,11.5605,0.612508,16.2029,54.2761,0.221434,0.192753,2.1258,11.102,1,1,3824.092,nan
y0059,abierto,B10,86.6476,0.216825,9.5095,52.1335,85.6527,23.2698,CRITICA,13.1114,0.746504,14.8302,39.8327,0.227225,0.188581,4.7967,13.0259,1,1,3407.155,nan
y0059,abierto,B15,86.6476,0.216825,14.5192,59.3821,79.9686,26.1554,CRITICA,14.2225,0.790427,14.487,31.4671,0.230745,0.198596,6.4198,8.4072,1,1,2871.088,nan
y0059,abierto,B25,86.6476,0.216825,24.5153,68.6806,63.7253,31.3892,CRITICA,16.0683,0.840473,14.7111,20.7357,0.229726,0.201132,5.9502,7.2374,1,1,3469.812,nan
y0059,abierto,B40,86.6476,0.216825,39.5353,77.7422,52.2191,38.4832,CRITICA,18.6746,0.889386,16.0406,10.2777,0.234165,0.210526,7.9975,2.9051,1,1,3695.492,nan
y0134,abierto,B5,79.1287,0.221564,4.453,38.7825,100.0,21.1576,CRITICA,12.3457,0.649281,16.3072,50.9881,0.21727,0.193395,1.9378,12.7135,1,1,3762.227,nan
y0134,abierto,B10,79.1287,0.221564,9.5271,51.0244,84.8959,25.0187,CRITICA,13.9857,0.768778,14.9591,35.5171,0.230329,0.189299,3.956,14.5622,1,1,3792.188,nan
y0134,abierto,B15,79.1287,0.221564,14.5114,58.1009,79.3922,28.4658,CRITICA,15.1978,0.8038,14.6244,26.5742,0.233096,0.189394,5.2051,14.5196,1,1,3610.108,nan
y0134,abierto,B25,79.1287,0.221564,24.5196,67.353,65.3186,34.0989,CRITICA,17.1898,0.841811,14.8882,14.8817,0.237094,0.197146,7.0092,11.0205,1,1,3875.969,nan
y0134,abierto,B40,79.1287,0.221564,39.5377,76.5687,55.2097,41.4569,CRITICA,19.9986,0.876795,16.2659,3.2353,0.226772,0.214213,2.3506,3.3176,1,1,3687.316,nan
y0171,abierto,B5,84.9213,0.21876,4.4405,39.7871,100.0,19.5681,CRITICA,11.8556,0.628465,16.2382,53.1483,0.223081,0.194201,1.9754,11.2265,1,1,2201.189,nan
y0171,abierto,B10,84.9213,0.21876,9.5217,52.2474,86.1709,22.8916,CRITICA,13.4364,0.756531,14.8739,38.4756,0.228217,0.19187,4.3228,12.2921,1,1,3714.71,nan
y0171,abierto,B15,84.9213,0.21876,14.5168,59.514,80.8496,25.7042,CRITICA,14.576,0.798097,14.5269,29.9187,0.226086,0.189131,3.349,13.5439,1,1,3783.58,nan
y0171,abierto,B25,84.9213,0.21876,24.5193,68.8197,63.832,30.9431,CRITICA,16.4714,0.844976,14.7528,18.9606,0.232474,0.19859,6.2691,9.2201,1,1,3412.969,nan
y0171,abierto,B40,84.9213,0.21876,39.5054,77.8253,52.485,38.004,CRITICA,19.1443,0.890827,16.0844,8.356,0.227948,0.21058,4.2001,3.7392,1,1,3692.762,nan
y0189,abierto,B5,85.4379,0.216046,4.4072,39.2443,100.0,20.2477,CRITICA,11.6994,0.617555,16.2696,54.0669,0.224714,0.195152,4.0122,9.6711,1,1,3792.188,nan
y0189,abierto,B10,85.4379,0.216046,9.5121,51.8512,84.8163,23.6202,CRITICA,13.2708,0.754189,14.887,39.3113,0.223124,0.192545,3.2761,10.8778,1,1,3565.062,nan
y0189,abierto,B15,85.4379,0.216046,14.4965,59.1962,79.757,26.5378,CRITICA,14.408,0.797001,14.5254,30.7144,0.226103,0.195478,4.6549,9.5202,1,1,2423.068,nan
y0189,abierto,B25,85.4379,0.216046,24.5168,68.427,64.2648,31.7718,CRITICA,16.2734,0.843052,14.7703,19.9103,0.228114,0.197598,5.5862,8.539,1,1,3749.531,nan
y0189,abierto,B40,85.4379,0.216046,39.5069,77.5028,53.0691,38.9478,CRITICA,18.932,0.889432,16.1064,9.2876,0.230554,0.207517,6.7154,3.9478,1,1,2365.184,nan
y0271,abierto,B5,84.7407,0.211853,4.437,39.7069,100.0,19.7744,CRITICA,11.8595,0.630403,16.2405,53.1431,0.219286,0.19321,3.5082,8.8001,1,1,3937.008,nan
y0271,abierto,B10,84.7407,0.211853,9.5198,52.1101,85.872,23.1253,CRITICA,13.4387,0.760063,14.8797,38.5065,0.221232,0.185515,4.4272,12.4325,1,1,3409.478,nan
y0271,abierto,B15,84.7407,0.211853,14.4997,59.4633,80.3392,26.0155,CRITICA,14.5952,0.803373,14.5173,29.8292,0.22029,0.186362,3.9822,12.0327,1,1,3538.57,nan
y0271,abierto,B25,84.7407,0.211853,24.5161,68.6938,63.8437,31.1767,CRITICA,16.4813,0.848923,14.7585,18.9365,0.220047,0.192415,3.8678,9.1752,1,1,3773.585,nan
y0271,abierto,B40,84.7407,0.211853,39.5024,77.7462,52.5452,38.302,CRITICA,19.1665,0.893634,16.0861,8.254,0.219922,0.198011,3.8084,6.534,1,1,3434.066,nan
y0367,abierto,B5,92.7045,0.225932,4.4316,39.6134,100.0,19.9585,CRITICA,10.8234,0.584468,16.2453,57.2692,0.234643,0.18914,3.8554,16.2848,1,1,3700.962,nan
y0367,abierto,B10,92.7045,0.225932,9.5205,52.23,82.4875,23.2469,CRITICA,12.262,0.728777,14.8625,43.6597,0.238666,0.18617,5.6361,17.5991,1,1,3702.332,nan
y0367,abierto,B15,92.7045,0.225932,14.4719,59.5811,78.1463,26.0838,CRITICA,13.2992,0.779644,14.4948,35.7301,0.237466,0.191726,5.105,15.1399,1,1,3679.176,nan
y0367,abierto,B25,92.7045,0.225932,24.5338,68.8762,63.5176,31.0789,CRITICA,14.9768,0.834663,14.7299,25.7035,0.233025,0.194636,3.1393,13.8521,1,1,2804.262,nan
y0367,abierto,B40,92.7045,0.225932,39.5187,77.949,52.9449,38.0654,CRITICA,17.339,0.887042,16.0517,15.9168,0.235754,0.202137,4.3473,10.5322,1,1,3753.754,nan
y0387,abierto,B5,92.6325,0.222544,4.4363,39.7891,100.0,19.6915,CRITICA,10.8298,0.583168,16.2144,57.0463,0.239641,0.192991,7.6829,13.2793,1,1,2707.093,nan
y0387,abierto,B10,92.6325,0.222544,9.4817,52.4314,83.1318,22.7979,CRITICA,12.2756,0.727593,14.826,43.3985,0.23354,0.182169,4.9413,18.1422,1,1,3619.254,nan
y0387,abierto,B15,92.6325,0.222544,14.4707,59.8246,78.3908,25.6333,CRITICA,13.3175,0.778725,14.4564,35.4172,0.232511,0.199559,4.4786,10.3283,1,1,3671.072,nan
y0387,abierto,B25,92.6325,0.222544,24.5157,69.1721,63.6709,30.5901,CRITICA,15.0005,0.833459,14.6826,25.3263,0.233773,0.207035,5.0461,6.9689,1,1,3734.13,nan
y0387,abierto,B40,92.6325,0.222544,39.4926,78.201,52.5064,37.5754,CRITICA,17.3633,0.887372,15.9953,15.5794,0.232386,0.203047,4.4227,8.7608,1,1,3783.579,nan
y0408,abierto,B5,87.4822,0.211255,4.4503,39.7275,100.0,19.8785,CRITICA,11.5525,0.608044,16.2279,54.5879,0.221047,0.189241,4.6355,10.4206,1,1,3742.515,nan
y0408,abierto,B10,87.4822,0.211255,9.5012,52.2646,84.7465,23.0933,CRITICA,13.0997,0.747462,14.8536,40.2569,0.216058,0.194444,2.2737,7.9575,1,1,2773.925,nan
y0408,abierto,B15,87.4822,0.211255,14.5098,59.6039,79.4232,25.9136,CRITICA,14.2201,0.791896,14.4932,31.8673,0.221246,0.190037,4.7294,10.0439,1,1,3646.973,nan
y0408,abierto,B25,87.4822,0.211255,24.5896,68.8784,63.3546,31.1322,CRITICA,16.0593,0.842883,14.7254,21.2658,0.225431,0.191165,6.7105,9.5096,1,1,3676.471,nan
y0408,abierto,B40,87.4822,0.211255,39.5105,77.8997,52.3065,38.1037,CRITICA,18.6478,0.89123,16.0428,10.9536,0.229825,0.205,8.7903,2.9608,1,1,3640.335,nan
y0409,abierto,B5,86.7207,0.218419,4.4383,39.6885,100.0,19.7919,CRITICA,11.6699,0.611479,16.2397,54.2341,0.229967,0.188741,5.2872,13.5876,1,1,3767.897,nan
y0409,abierto,B10,86.7207,0.218419,9.4939,52.2561,85.5673,22.9554,CRITICA,13.2375,0.750402,14.8602,39.742,0.2156,0.189011,1.2908,13.4638,1,1,3963.535,nan
y0409,abierto,B15,86.7207,0.218419,14.4964,59.6403,79.8948,25.792,CRITICA,14.3737,0.794901,14.4893,31.2272,0.221593,0.194906,1.4532,10.7651,1,1,2642.008,nan
y0409,abierto,B25,86.7207,0.218419,24.5382,68.877,63.3779,30.9266,CRITICA,16.2302,0.844411,14.7204,20.576,0.225174,0.192452,3.0927,11.8887,1,1,3469.813,nan
y0409,abierto,B40,86.7207,0.218419,39.4966,77.9276,51.9901,37.9288,CRITICA,18.8647,0.892582,16.0399,10.1396,0.227611,0.206703,4.2084,5.3638,1,1,3691.399,nan
y0439,abierto,B5,85.8989,0.234269,4.4377,39.7065,100.0,19.712,CRITICA,11.7682,0.62144,16.2441,53.7753,0.22072,0.190596,5.7837,18.6425,1,1,3759.398,nan
y0439,abierto,B10,85.8989,0.234269,9.5091,52.3306,84.9483,22.8397,CRITICA,13.3484,0.756137,14.8623,39.0789,0.224528,0.183686,4.158,21.5919,1,1,3557.453,nan
y0439,abierto,B15,85.8989,0.234269,14.5067,59.6861,79.4329,25.6844,CRITICA,14.4947,0.799077,14.4943,30.5159,0.22545,0.18973,3.7647,19.0122,1,1,3656.307,nan
y0439,abierto,B25,85.8989,0.234269,24.5256,68.9393,64.1076,30.8619,CRITICA,16.3682,0.846213,14.7269,19.7436,0.232461,0.194153,0.7718,17.1239,1,1,3650.968,nan
y0439,abierto,B40,85.8989,0.234269,39.5021,77.9441,52.7703,37.9273,CRITICA,19.0213,0.893137,16.0505,9.2607,0.226668,0.203171,3.2446,13.2748,1,1,3875.969,nan
y0516,abierto,B5,90.8825,0.231382,4.4448,39.8134,100.0,19.6637,CRITICA,11.0599,0.591792,16.2023,56.1925,0.226615,0.195182,2.0602,15.645,1,1,3519.888,nan
y0516,abierto,B10,90.8825,0.231382,9.4809,52.3649,83.8984,22.8863,CRITICA,12.5421,0.734353,14.8213,42.3817,0.232143,0.194533,0.3289,15.9259,1,1,3580.379,nan
y0516,abierto,B15,90.8825,0.231382,14.4802,59.7113,79.0293,25.7046,CRITICA,13.6056,0.784817,14.4571,34.2983,0.235683,0.193948,1.8589,16.1786,1,1,3720.238,nan
y0516,abierto,B25,90.8825,0.231382,24.5316,69.1017,63.8146,30.5633,CRITICA,15.3338,0.837005,14.6821,23.9658,0.231901,0.204828,0.224,11.4765,1,1,3819.71,nan
y0516,abierto,B40,90.8825,0.231382,39.5108,78.1512,52.2929,37.5676,CRITICA,17.7729,0.889434,15.9966,14.0085,0.23782,0.215015,2.7823,7.0737,1,1,3834.356,nan
y0581,abierto,B5,84.7463,0.2171,4.4246,39.3115,100.0,20.2296,CRITICA,11.6633,0.624999,16.2733,53.6127,0.223569,0.194947,2.9798,10.2041,1,1,3765.06,nan
y0581,abierto,B10,84.7463,0.2171,9.5112,51.7332,85.0356,23.8661,CRITICA,13.2173,0.753725,14.9105,38.9551,0.237728,0.193989,9.5014,10.6453,1,1,3450.655,nan
y0581,abierto,B15,84.7463,0.2171,14.4912,59.0377,79.3049,26.892,CRITICA,14.3441,0.796671,14.5553,30.3359,0.231023,0.196345,6.413,9.5603,1,1,3635.042,nan
y0581,abierto,B25,84.7463,0.2171,24.5111,68.2202,64.9285,32.2674,CRITICA,16.1929,0.841952,14.8104,19.5007,0.233642,0.202537,7.6193,6.7081,1,1,3906.25,nan
y0581,abierto,B40,84.7463,0.2171,39.4942,77.2715,54.0414,39.6839,CRITICA,18.8496,0.887999,16.1572,8.8202,0.220081,0.210034,1.3729,3.2549,1,1,3829.95,nan
y0682,abierto,B5,85.0723,0.221911,4.4093,39.2172,100.0,20.2516,CRITICA,11.7568,0.617264,16.2947,53.9013,0.229261,0.190527,3.3119,14.1428,1,1,3570.154,nan
y0682,abierto,B10,85.0723,0.221911,9.4926,51.7993,84.9347,23.6332,CRITICA,13.3347,0.753228,14.9094,39.1114,0.228507,0.187072,2.9723,15.6998,1,1,3653.636,nan
y0682,abierto,B15,85.0723,0.221911,14.4743,59.1968,79.0448,26.5713,CRITICA,14.483,0.79547,14.5427,30.4159,0.226217,0.18944,1.9402,14.6325,1,1,3825.555,nan
y0682,abierto,B25,85.0723,0.221911,24.5141,68.4744,63.6748,31.8252,CRITICA,16.3616,0.841454,14.78,19.5104,0.219965,0.195974,0.8769,11.688,1,1,3786.444,nan
y0682,abierto,B40,85.0723,0.221911,39.4914,77.5207,53.3408,39.0488,CRITICA,19.0342,0.888323,16.1158,8.8767,0.226945,0.203085,2.2683,8.4839,1,1,3498.95,nan
y0762,abierto,B5,86.4049,0.219225,4.4243,39.6341,100.0,19.7388,CRITICA,11.6562,0.621497,16.2479,54.1298,0.215898,0.187113,1.5179,14.6483,1,1,3393.281,nan
y0762,abierto,B10,86.4049,0.219225,9.5053,52.1727,84.5524,23.0276,CRITICA,13.2184,0.75457,14.8709,39.6184,0.230424,0.184685,5.1081,15.7559,1,1,3810.976,nan
y0762,abierto,B15,86.4049,0.219225,14.4764,59.5063,79.4776,25.9445,CRITICA,14.3543,0.798066,14.5099,31.1309,0.225204,0.188488,2.7269,14.021,1,1,3923.107,nan
y0762,abierto,B25,86.4049,0.219225,24.5209,68.7442,63.8922,31.0965,CRITICA,16.2085,0.844933,14.7458,20.4395,0.233217,0.196501,6.3821,10.3659,1,1,3123.048,nan
y0762,abierto,B40,86.4049,0.219225,39.5023,77.7911,52.6965,38.1795,CRITICA,18.8442,0.891929,16.0717,9.9691,0.232467,0.208249,6.0401,5.0068,1,1,3432.887,nan
y0778,abierto,B5,87.7349,0.207935,4.4201,39.4587,100.0,20.0393,CRITICA,11.3943,0.612424,16.2544,55.0251,0.214095,0.186424,2.9627,10.3447,1,1,3513.704,nan
y0778,abierto,B10,87.7349,0.207935,9.4996,51.9816,83.3453,23.4654,CRITICA,12.9186,0.748247,14.8768,40.7516,0.220879,0.187777,6.2253,9.6944,1,1,3597.122,nan
y0778,abierto,B15,87.7349,0.207935,14.488,59.3291,79.1089,26.4079,CRITICA,14.022,0.792219,14.514,32.3769,0.225908,0.185662,8.6438,10.7113,1,1,3802.281,nan
y0778,abierto,B25,87.7349,0.207935,24.501,68.466,63.9737,31.7148,CRITICA,15.8359,0.843497,14.7589,21.9626,0.228765,0.19961,10.0177,4.0036,1,1,3694.126,nan
y0778,abierto,B40,87.7349,0.207935,39.5064,77.6031,53.4204,38.7916,CRITICA,18.3964,0.89047,16.0882,11.5482,0.231988,0.203783,11.5676,1.9968,1,1,3511.236,nan
y0808,abierto,B5,86.4364,0.222029,4.428,39.5072,100.0,19.9618,CRITICA,11.5856,0.620866,16.249,54.2933,0.220442,0.19112,0.715,13.9213,1,1,3531.073,nan
y0808,abierto,B10,86.4364,0.222029,9.5071,52.0477,83.8402,23.2897,CRITICA,13.1365,0.754439,14.8749,39.785,0.223059,0.184441,0.4636,16.9295,1,1,3700.962,nan
y0808,abierto,B15,86.4364,0.222029,14.4916,59.3866,79.3689,26.2537,CRITICA,14.2651,0.79872,14.5142,31.2944,0.224844,0.185955,1.2679,16.2475,1,1,2374.733,nan
y0808,abierto,B25,86.4364,0.222029,24.5267,68.6022,64.4278,31.4924,CRITICA,16.1069,0.845413,14.7544,20.6327,0.230397,0.197563,3.7689,11.0192,1,1,3033.06,nan
y0808,abierto,B40,86.4364,0.222029,39.5153,77.6215,53.3389,38.6479,CRITICA,18.727,0.892647,16.0922,10.1981,0.224256,0.205196,1.0028,7.5816,1,1,3567.606,nan
y0845,abierto,B5,87.4015,0.222515,4.4328,39.499,100.0,19.9909,CRITICA,11.4348,0.610499,16.2482,54.8074,0.229445,0.195608,3.1143,12.0923,1,1,3762.227,nan
y0845,abierto,B10,87.4015,0.222515,9.5013,52.1598,84.6882,23.1189,CRITICA,12.9553,0.749609,14.873,40.3216,0.221997,0.193741,0.2327,12.931,1,1,3457.814,nan
y0845,abierto,B15,87.4015,0.222515,14.5,59.4992,79.8987,25.987,CRITICA,14.0545,0.793814,14.5118,31.9243,0.225283,0.187634,1.2441,15.6758,1,1,2651.817,nan
y0845,abierto,B25,87.4015,0.222515,24.5756,68.721,64.2725,31.252,CRITICA,15.8601,0.842785,14.7523,21.3732,0.224061,0.195486,0.6949,12.1471,1,1,3912.363,nan
y0845,abierto,B40,87.4015,0.222515,39.5099,77.7313,52.9954,38.3998,CRITICA,18.4163,0.890266,16.0861,11.0641,0.226603,0.210208,1.837,5.5309,1,1,3158.56,nan
y0902,abierto,B5,85.0592,0.220341,4.3955,39.3288,100.0,20.0273,CRITICA,11.8075,0.62348,16.2813,53.763,0.223635,0.195444,1.4951,11.299,1,1,3770.739,nan
y0902,abierto,B10,85.0592,0.220341,9.4884,51.935,85.8468,23.2949,CRITICA,13.397,0.761192,14.8939,38.9425,0.22799,0.185455,3.4718,15.8326,1,1,3752.345,nan
y0902,abierto,B15,85.0592,0.220341,14.4717,59.3152,79.9802,26.1645,CRITICA,14.5505,0.803293,14.5278,30.2659,0.229257,0.191679,4.0466,13.0079,1,1,3750.938,nan
y0902,abierto,B25,85.0592,0.220341,24.5033,68.592,63.3236,31.3286,CRITICA,16.4364,0.84874,14.7629,19.3597,0.227404,0.199736,3.2057,9.3512,1,1,3765.06,nan
y0902,abierto,B40,85.0592,0.220341,39.4861,77.6548,52.3899,38.4027,CRITICA,19.1202,0.893333,16.0919,8.705,0.231594,0.202874,5.1071,7.9272,1,1,3172.589,nan
y0984,abierto,B5,78.2057,0.220977,4.4607,38.7898,100.0,20.968,CRITICA,12.6425,0.654515,16.3461,50.4003,0.225982,0.190957,2.265,13.5853,1,1,3419.973,nan
y0984,abierto,B10,78.2057,0.220977,9.5277,51.0121,85.2316,24.9048,CRITICA,14.3442,0.773439,14.9918,34.7719,0.228089,0.190689,3.2185,13.7063,1,1,3632.401,nan
y0984,abierto,B15,78.2057,0.220977,14.5168,58.088,79.4679,28.2816,CRITICA,15.5925,0.8065,14.6553,25.7241,0.230175,0.187693,4.1622,15.0625,1,1,3118.179,nan
y0984,abierto,B25,78.2057,0.220977,24.5182,67.3173,64.1173,33.8119,CRITICA,17.6509,0.843191,14.9125,13.9227,0.234413,0.194064,6.0804,12.1791,1,1,3402.518,nan
y0984,abierto,B40,78.2057,0.220977,39.5272,76.5719,54.1443,41.0076,CRITICA,20.5305,0.875895,16.2812,2.0892,0.230404,0.204159,4.2659,7.6107,1,1,3407.155,nan
y0995,abierto,B5,78.064,0.217922,4.4531,38.9407,100.0,20.6366,CRITICA,12.6956,0.664148,16.3484,50.117,0.231604,0.188129,6.2787,13.6712,1,1,3568.879,nan
y0995,abierto,B10,78.064,0.217922,9.5272,51.258,86.1282,24.3919,CRITICA,14.3991,0.781947,14.9876,34.3385,0.221976,0.183739,1.8604,15.6855,1,1,3608.805,nan
y0995,abierto,B15,78.064,0.217922,14.4996,58.3917,80.1723,27.7176,CRITICA,15.6514,0.814841,14.6371,25.2002,0.222657,0.192978,2.1731,11.4461,1,1,3657.645,nan
y0995,abierto,B25,78.064,0.217922,24.5231,67.6082,64.3424,33.1408,CRITICA,17.6862,0.849383,14.9002,13.3939,0.219508,0.204666,0.728,6.0829,1,1,2426.007,nan
y0995,abierto,B40,78.064,0.217922,39.5311,76.8166,53.8182,40.2938,CRITICA,20.536,0.881307,16.2628,1.5979,0.224254,0.201487,2.9059,7.5416,1,1,3676.471,nan
y1076,abierto,B5,84.8034,0.223972,4.4411,39.6042,100.0,19.815,CRITICA,11.8197,0.6285,16.2733,53.2988,0.23481,0.189943,4.8389,15.1935,1,1,3637.686,nan
y1076,abierto,B10,84.8034,0.223972,9.519,51.9333,85.4296,23.3946,CRITICA,13.3894,0.755215,14.9138,38.7604,0.23716,0.19247,5.8881,14.0653,1,1,3588.088,nan
y1076,abierto,B15,84.8034,0.223972,14.4924,59.2467,79.6775,26.3347,CRITICA,14.5377,0.79735,14.5541,30.1365,0.239671,0.191188,7.0093,14.6376,1,1,3133.814,nan
y1076,abierto,B25,84.8034,0.223972,24.5052,68.4505,63.6729,31.5688,CRITICA,16.4242,0.843314,14.798,19.2833,0.230934,0.196607,3.1082,12.2182,1,1,3614.022,nan
y1076,abierto,B40,84.8034,0.223972,39.4944,77.5197,53.0148,38.7761,CRITICA,19.1103,0.889547,16.1346,8.5889,0.2323,0.208433,3.718,6.9382,1,1,3687.316,nan
y1175,abierto,B5,79.8954,0.220209,4.4701,39.1102,100.0,20.715,CRITICA,12.4399,0.650442,16.3117,51.0483,0.240156,0.191468,9.0579,13.0518,1,1,3623.188,nan
y1175,abierto,B10,79.8954,0.220209,9.5732,51.3123,85.8352,24.5604,CRITICA,14.0918,0.771087,14.9686,35.7757,0.236494,0.193044,7.3952,12.3362,1,1,3531.073,nan
y1175,abierto,B15,79.8954,0.220209,14.5236,58.2978,80.0287,27.8623,CRITICA,15.3103,0.807098,14.6374,27.0324,0.23593,0.189816,7.1389,13.8022,1,1,3646.973,nan
y1175,abierto,B25,79.8954,0.220209,24.5261,67.6168,63.6981,33.3088,CRITICA,17.324,0.846049,14.8792,15.3684,0.239855,0.199032,8.9213,9.6167,1,1,3796.507,nan
y1175,abierto,B40,79.8954,0.220209,39.6973,76.9891,53.1215,40.3319,CRITICA,20.1266,0.879443,16.2448,3.6377,0.235568,0.202304,6.9745,8.131,1,1,3825.555,nan
y1181,abierto,B5,81.804,0.215571,4.4332,38.8146,100.0,20.8287,CRITICA,12.0899,0.634381,16.3422,52.5517,0.229597,0.19413,6.5062,9.9462,1,1,3957.262,nan
y1181,abierto,B10,81.804,0.215571,9.5236,51.0747,84.5563,24.7997,CRITICA,13.7033,0.762901,14.9835,37.5646,0.22346,0.191594,3.6594,11.1226,1,1,3370.408,nan
y1181,abierto,B15,81.804,0.215571,14.5239,58.322,79.8094,27.7784,CRITICA,14.8749,0.799646,14.6452,28.7051,0.237322,0.196549,10.0901,8.824,1,1,3929.273,nan
y1181,abierto,B25,81.804,0.215571,24.5122,67.6234,64.259,33.3095,CRITICA,16.8279,0.840705,14.8855,17.3349,0.23518,0.203662,9.0961,5.5242,1,1,3835.827,nan
y1181,abierto,B40,81.804,0.215571,39.4887,76.635,54.022,40.7475,CRITICA,19.6171,0.88393,16.2548,6.3188,0.238872,0.210024,10.809,2.5733,1,1,3926.187,nan
y1207,abierto,B5,79.7214,0.221448,4.4755,39.1964,100.0,20.3582,CRITICA,12.4899,0.653189,16.3183,50.8332,0.231872,0.189728,4.7072,14.324,1,1,3615.329,nan
y1207,abierto,B10,79.7214,0.221448,9.5601,51.3974,86.3203,24.0863,CRITICA,14.1436,0.770556,14.9759,35.5288,0.232548,0.191249,5.0126,13.6367,1,1,3632.401,nan
y1207,abierto,B15,79.7214,0.221448,14.5142,58.4706,80.6517,27.3573,CRITICA,15.3762,0.806628,14.6324,26.6564,0.229152,0.196661,3.479,11.1928,1,1,3703.704,nan
y1207,abierto,B25,79.7214,0.221448,24.5092,67.7258,64.3812,32.7439,CRITICA,17.3919,0.845174,14.882,15.0469,0.238599,0.198224,7.7452,10.4871,1,1,3692.762,nan
y1207,abierto,B40,79.7214,0.221448,39.6034,77.0218,53.2438,39.6337,CRITICA,20.1796,0.878372,16.2392,3.3863,0.232839,0.202391,5.1441,8.6055,1,1,3657.645,nan
y1318,abierto,B5,81.3633,0.220553,4.468,38.625,100.0,21.138,CRITICA,12.1536,0.641608,16.3626,52.5277,0.217711,0.185415,1.2884,15.9318,1,1,3537.319,nan
y1318,abierto,B10,81.3633,0.220553,9.5484,50.69,83.4093,25.3661,CRITICA,13.7807,0.76751,15.0147,37.6992,0.221185,0.18795,0.2868,14.7821,1,1,3966.68,nan
y1318,abierto,B15,81.3633,0.220553,14.5227,57.9014,79.1147,28.4689,CRITICA,14.966,0.803623,14.6815,28.836,0.227272,0.18165,3.0466,17.6388,1,1,3916.961,nan
y1318,abierto,B25,81.3633,0.220553,24.5163,67.1171,64.1154,34.0584,CRITICA,16.9496,0.843555,14.9318,17.5094,0.220508,0.198595,0.0205,9.9559,1,1,3667.033,nan
y1318,abierto,B40,81.3633,0.220553,39.5043,76.1831,53.8027,41.4982,CRITICA,19.7825,0.885277,16.3091,6.3667,0.220387,0.195436,0.0751,11.3883,1,1,3813.883,nan
y1342,abierto,B5,83.5402,0.223782,4.4405,39.3696,100.0,20.0952,CRITICA,12.0711,0.636959,16.3117,52.8734,0.211933,0.184813,5.2948,17.414,1,1,3903.201,nan
y1342,abierto,B10,83.5402,0.223782,9.5173,51.6208,86.1787,23.8348,CRITICA,13.6856,0.765616,14.9514,38.2085,0.212146,0.182007,5.1999,18.6676,1,1,3419.973,nan
y1342,abierto,B15,83.5402,0.223782,14.518,58.8882,80.0462,26.7305,CRITICA,14.8562,0.806047,14.5988,29.5091,0.217158,0.189618,2.9599,15.2665,1,1,3717.472,nan
y1342,abierto,B25,83.5402,0.223782,24.517,68.1703,62.8772,31.989,CRITICA,16.8032,0.849535,14.8331,18.3982,0.226714,0.196616,1.3103,12.1394,1,1,3821.17,nan
y1342,abierto,B40,83.5402,0.223782,39.5032,77.2695,52.0445,39.0083,CRITICA,19.5592,0.891663,16.1662,7.5063,0.220601,0.198643,1.4216,11.2337,1,1,3775.009,nan
y1389,abierto,B5,86.9836,0.224348,4.4213,39.6314,100.0,19.7262,CRITICA,11.4695,0.617938,16.2341,54.4381,0.222701,0.189641,0.7339,15.47,1,1,3866.976,nan
y1389,abierto,B10,86.9836,0.224348,9.4982,52.2097,85.1365,22.9388,CRITICA,12.9961,0.753374,14.8606,39.9775,0.237018,0.187856,5.6475,16.2658,1,1,2179.599,nan
y1389,abierto,B15,86.9836,0.224348,14.4962,59.6017,79.9996,25.8,CRITICA,14.1036,0.796556,14.4953,31.4794,0.238918,0.194146,6.4946,13.4621,1,1,3695.492,nan
y1389,abierto,B25,86.9836,0.224348,24.4922,68.8399,64.1794,30.9307,CRITICA,15.9107,0.843736,14.7328,20.8588,0.235729,0.198784,5.0729,11.3946,1,1,3912.363,nan
y1389,abierto,B40,86.9836,0.224348,39.5055,77.8382,53.3932,38.165,CRITICA,18.4904,0.892192,16.0679,10.514,0.234951,0.207862,4.7263,7.3481,1,1,3812.429,nan
y1421,abierto,B5,85.8297,0.222828,4.4153,39.6759,100.0,19.5629,CRITICA,11.6828,0.624298,16.2432,53.7738,0.215648,0.187357,3.2224,15.9186,1,1,3765.06,nan
y1421,abierto,B10,85.8297,0.222828,9.4982,52.3507,86.2932,22.6136,CRITICA,13.244,0.758425,14.8611,39.0063,0.228227,0.18952,2.4229,14.948,1,1,2952.465,nan
y1421,abierto,B15,85.8297,0.222828,14.4794,59.7455,80.1063,25.4724,CRITICA,14.379,0.801942,14.4945,30.3907,0.222783,0.192711,0.0204,13.5158,1,1,3668.378,nan
y1421,abierto,B25,85.8297,0.222828,24.5008,68.9478,63.9388,30.6082,CRITICA,16.2224,0.848485,14.7343,19.6691,0.222504,0.202285,0.1455,9.2195,1,1,3214.401,nan
y1421,abierto,B40,85.8297,0.222828,39.4967,77.9785,53.2846,37.7394,CRITICA,18.8477,0.893837,16.0617,9.1475,0.218068,0.209883,2.1364,5.8095,1,1,3916.961,nan
y1511,abierto,B5,88.4603,0.23198,4.4188,39.3583,100.0,20.0212,CRITICA,11.3578,0.603937,16.2979,55.5074,0.222868,0.196343,3.928,15.3622,1,1,3886.514,nan
y1511,abierto,B10,88.4603,0.23198,9.5106,51.9896,85.0065,23.2762,CRITICA,12.8674,0.744455,14.9142,41.2284,0.229923,0.196447,0.8868,15.3176,1,1,3700.962,nan
y1511,abierto,B15,88.4603,0.23198,14.4942,59.3718,80.0365,26.1003,CRITICA,13.9648,0.788808,14.5474,32.8832,0.22465,0.190368,3.1598,17.938,1,1,3660.322,nan
y1511,abierto,B25,88.4603,0.23198,24.5253,68.5425,63.1179,31.3304,CRITICA,15.7515,0.839243,14.7879,22.5161,0.230449,0.203345,0.6601,12.3437,1,1,3370.408,nan
y1511,abierto,B40,88.4603,0.23198,39.498,77.6207,51.9086,38.3454,CRITICA,18.2885,0.887124,16.117,12.2537,0.230795,0.210078,0.5111,9.4417,1,1,3772.162,nan
za0001,abierto,B5,93.56,0.183563,4.5432,39.0411,100.0,21.9747,CRITICA,10.7799,0.513966,16.1498,58.2716,0.178975,0.190203,2.4992,3.6175,1,1,3790.751,nan
za0001,abierto,B10,93.56,0.183563,9.4945,51.82,88.2687,25.0854,CRITICA,12.2674,0.669395,14.7765,44.6131,0.182756,0.189403,0.4395,3.1815,1,1,2931.692,nan
za0001,abierto,B15,93.56,0.183563,14.5246,58.8912,71.1308,28.2953,CRITICA,13.3314,0.722849,14.4366,37.0551,0.193816,0.184678,5.5856,0.6074,1,1,3285.151,nan
za0001,abierto,B25,93.56,0.183563,24.5401,68.1971,56.4828,33.6107,CRITICA,15.0888,0.790861,14.6494,27.1086,0.184311,0.194447,0.4077,5.9295,1,1,3786.444,nan
za0001,abierto,B40,93.56,0.183563,39.5279,77.3128,47.7304,40.5028,CRITICA,17.554,0.862147,15.9672,17.3655,0.177972,0.188523,3.0455,2.7021,1,1,3519.888,nan
za0058,abierto,B5,91.5926,0.1701,4.5406,39.2929,100.0,21.6257,CRITICA,11.1455,0.530531,16.1397,57.1003,0.18847,0.191317,10.7996,12.4734,1,1,3779.289,nan
za0058,abierto,B10,91.5926,0.1701,9.4861,51.9211,88.3561,24.8945,CRITICA,12.6935,0.680577,14.7725,43.313,0.186845,0.197302,9.8445,15.992,1,1,3012.956,nan
za0058,abierto,B15,91.5926,0.1701,14.5059,59.1001,71.7732,28.1332,CRITICA,13.8206,0.734385,14.4083,35.475,0.192419,0.189136,13.121,11.191,1,1,2501.251,nan
za0058,abierto,B25,91.5926,0.1701,24.5555,68.371,56.2344,33.2818,CRITICA,15.6494,0.800423,14.6348,25.3532,0.190374,0.192852,11.9189,13.3759,1,1,3765.06,nan
za0058,abierto,B40,91.5926,0.1701,39.5211,77.4923,47.3986,40.0446,CRITICA,18.2409,0.869084,15.9455,15.3946,0.170208,0.182978,0.0634,7.5711,1,1,3379.52,nan
za0074,abierto,B5,89.6818,0.185696,4.5603,39.142,100.0,21.9567,CRITICA,11.2779,0.542387,16.1488,56.3546,0.197615,0.193765,6.4185,4.3455,1,1,3838.772,nan
za0074,abierto,B10,89.6818,0.185696,9.523,51.6665,87.3644,25.4711,CRITICA,12.8413,0.685969,14.7905,42.3892,0.202218,0.190582,8.8973,2.6313,1,1,3554.923,nan
za0074,abierto,B15,89.6818,0.185696,14.5502,58.7261,71.0901,28.77,CRITICA,13.9697,0.735838,14.4533,34.5173,0.194523,0.192807,4.7536,3.8294,1,1,3679.176,nan
za0074,abierto,B25,89.6818,0.185696,24.538,67.8775,56.6885,34.3241,CRITICA,15.8561,0.802654,14.681,24.313,0.196333,0.194619,5.7285,4.8053,1,1,3607.503,nan
za0074,abierto,B40,89.6818,0.185696,39.5393,77.0109,47.9167,41.2678,CRITICA,18.5226,0.869489,16.0118,14.1288,0.191279,0.188221,3.0069,1.3599,1,1,3381.806,nan
za0108,abierto,B5,93.3356,0.184437,4.5433,39.1109,100.0,21.8503,CRITICA,10.8618,0.514912,16.1578,58.0966,0.184108,0.187487,0.1784,1.6539,1,1,3727.171,nan
za0108,abierto,B10,93.3356,0.184437,9.4864,51.7722,88.2746,25.0784,CRITICA,12.361,0.667724,14.7846,44.5311,0.194566,0.181784,5.4919,1.4383,1,1,3479.471,nan
za0108,abierto,B15,93.3356,0.184437,14.5124,58.9286,71.8702,28.3352,CRITICA,13.4462,0.721952,14.4273,36.8637,0.1805,0.190233,2.1344,3.1427,1,1,3223.727,nan
za0108,abierto,B25,93.3356,0.184437,24.5256,68.2396,56.3721,33.502,CRITICA,15.2147,0.789505,14.646,26.8879,0.186045,0.186621,0.8719,1.1843,1,1,3792.188,nan
za0108,abierto,B40,93.3356,0.184437,39.4753,77.3147,47.4005,40.3472,CRITICA,17.6982,0.861547,15.9563,17.1649,0.193635,0.183489,4.987,0.5141,1,1,3546.099,nan
za0114,abierto,B5,86.4767,0.175032,4.5483,38.0777,100.0,23.3355,CRITICA,11.449,0.537845,16.2201,55.9677,0.170031,0.177658,2.857,1.5004,1,1,3743.916,nan
za0114,abierto,B10,86.4767,0.175032,9.529,50.767,85.1074,26.86,CRITICA,13.0381,0.692867,14.8615,41.294,0.176358,0.17616,0.7577,0.6443,1,1,3980.891,nan
za0114,abierto,B15,86.4767,0.175032,14.5284,57.757,70.3022,30.3612,CRITICA,14.1936,0.741354,14.5361,33.211,0.173825,0.174363,0.6896,0.3824,1,1,2251.745,nan
za0114,abierto,B25,86.4767,0.175032,24.5274,66.9788,57.3037,36.0761,CRITICA,16.1311,0.803175,14.779,22.547,0.176256,0.168962,0.6992,3.4677,1,1,2124.044,nan
za0114,abierto,B40,86.4767,0.175032,39.5354,76.1222,49.0927,43.4319,CRITICA,18.9162,0.868664,16.1444,11.9738,0.171607,0.160054,1.9566,8.5574,1,1,3314.551,nan
za0164,abierto,B5,88.815,0.174003,4.5504,38.1058,100.0,23.2892,CRITICA,11.094,0.524312,16.2233,57.0953,0.184077,0.18909,5.7891,8.6701,1,1,3732.736,nan
za0164,abierto,B10,88.815,0.174003,9.5276,50.8192,85.1656,26.803,CRITICA,12.6216,0.68104,14.8624,42.7809,0.181562,0.189166,4.344,8.7141,1,1,2333.722,nan
za0164,abierto,B15,88.815,0.174003,14.5401,57.8461,69.8772,30.2957,CRITICA,13.7273,0.729933,14.534,34.8689,0.172896,0.186004,0.6362,6.8967,1,1,3539.823,nan
za0164,abierto,B25,88.815,0.174003,24.5357,66.9872,57.1096,36.1047,CRITICA,15.5738,0.7946,14.7817,24.5767,0.171499,0.182732,1.4394,5.0165,1,1,2308.403,nan
za0164,abierto,B40,88.815,0.174003,39.5383,76.1368,48.9433,43.4713,CRITICA,18.2175,0.862125,16.146,14.2748,0.166661,0.171751,4.2196,1.2945,1,1,2590.003,nan
za0166,abierto,B5,88.7219,0.176085,4.5584,38.12,100.0,23.3036,CRITICA,11.1156,0.526677,16.2185,57.0342,0.177143,0.176911,0.6011,0.4689,1,1,3861.004,nan
za0166,abierto,B10,88.7219,0.176085,9.5268,50.7832,85.187,26.8647,CRITICA,12.6465,0.682221,14.8612,42.7614,0.183484,0.179538,4.2023,1.961,1,1,3650.967,nan
za0166,abierto,B15,88.7219,0.176085,14.5363,57.7812,70.013,30.3841,CRITICA,13.7565,0.730616,14.5341,34.8739,0.177158,0.179871,0.6094,2.1502,1,1,3584.229,nan
za0166,abierto,B25,88.7219,0.176085,24.5331,66.9412,57.0572,36.178,CRITICA,15.6136,0.795496,14.7789,24.5495,0.175695,0.170228,0.2217,3.3264,1,1,3705.076,nan
za0166,abierto,B40,88.7219,0.176085,39.5353,76.0898,48.8016,43.5225,CRITICA,18.2697,0.86281,16.1438,14.2378,0.176096,0.17261,0.0064,1.9735,1,1,3473.429,nan
za0205,abierto,B5,97.2995,0.18254,4.5423,39.2804,100.0,21.656,CRITICA,10.3856,0.49501,16.1397,59.6293,0.193748,0.190215,6.1399,4.2045,1,1,3957.262,nan
za0205,abierto,B10,97.2995,0.18254,9.4821,52.0452,88.7694,24.6578,CRITICA,11.8088,0.650779,14.7629,46.5103,0.186302,0.185351,2.0609,1.54,1,1,3603.603,nan
za0205,abierto,B15,97.2995,0.18254,14.5225,59.1818,71.8566,27.7555,CRITICA,12.8161,0.704629,14.4169,39.1757,0.182941,0.189356,0.2196,3.7336,1,1,3389.83,nan
za0205,abierto,B25,97.2995,0.18254,24.519,68.5033,56.3042,32.9446,CRITICA,14.4782,0.776564,14.6218,29.5954,0.182605,0.178197,0.0357,2.3794,1,1,1883.949,nan
za0205,abierto,B40,97.2995,0.18254,39.5273,77.6228,47.0842,39.6639,CRITICA,16.7588,0.850933,15.9279,20.2228,0.179432,0.181337,1.7026,0.6594,1,1,3255.208,nan
za0244,abierto,B5,95.3272,0.181644,4.534,39.1053,100.0,21.7506,CRITICA,10.575,0.505738,16.1681,58.9779,0.1892,0.196871,4.1596,8.3829,1,1,3843.198,nan
za0244,abierto,B10,95.3272,0.181644,9.4842,52.0013,87.9776,24.6331,CRITICA,12.0246,0.664534,14.7821,45.4497,0.193177,0.194963,6.3492,7.3324,1,1,3305.785,nan
za0244,abierto,B15,95.3272,0.181644,14.5041,59.2326,71.713,27.8128,CRITICA,13.0698,0.719076,14.4163,37.8639,0.191052,0.190551,5.1791,4.9036,1,1,3757.985,nan
za0244,abierto,B25,95.3272,0.181644,24.5206,68.4811,56.834,32.9684,CRITICA,14.7547,0.786506,14.6438,28.162,0.190351,0.192546,4.7935,6.0019,1,1,3593.245,nan
za0244,abierto,B40,95.3272,0.181644,39.5364,77.6149,48.1263,39.7642,CRITICA,17.1038,0.857531,15.9559,18.5805,0.187133,0.189139,3.0218,4.126,1,1,3104.626,nan
za0274,abierto,B5,88.1717,0.17149,4.5582,38.216,100.0,23.2361,CRITICA,11.2839,0.538828,16.2121,56.6573,0.161893,0.183116,5.5964,6.7791,1,1,3602.306,nan
za0274,abierto,B10,88.1717,0.17149,9.5444,50.7158,85.8099,27.0117,CRITICA,12.8473,0.687596,14.8566,42.4807,0.163181,0.170551,4.8452,0.5474,1,1,3732.736,nan
za0274,abierto,B15,88.1717,0.17149,14.5404,57.6983,70.6243,30.516,CRITICA,13.9827,0.737087,14.5287,34.5615,0.172721,0.170081,0.7178,0.8217,1,1,3721.623,nan
za0274,abierto,B25,88.1717,0.17149,24.5355,66.8405,56.4032,36.2871,CRITICA,15.885,0.80205,14.7714,24.1928,0.167047,0.168962,2.5907,1.4744,1,1,3164.557,nan
za0274,abierto,B40,88.1717,0.17149,39.5325,76.0206,47.6702,43.475,CRITICA,18.6082,0.86908,16.1289,13.7812,0.169897,0.171657,0.9288,0.0972,1,1,3590.664,nan
za0325,abierto,B5,92.1123,0.168959,4.5475,38.6706,100.0,22.4978,CRITICA,10.8778,0.516792,16.1871,58.0179,0.16754,0.180087,0.8401,6.5861,1,1,3663.003,nan
za0325,abierto,B10,92.1123,0.168959,9.5108,51.3045,87.1548,25.9032,CRITICA,12.3761,0.670379,14.8205,44.3022,0.172019,0.177113,1.8111,4.826,1,1,3815.337,nan
za0325,abierto,B15,92.1123,0.168959,14.5262,58.4145,71.2531,29.1791,CRITICA,13.4565,0.725605,14.4807,36.5834,0.168752,0.177174,0.1226,4.8619,1,1,3559.986,nan
za0325,abierto,B25,92.1123,0.168959,24.5226,67.7107,56.4051,34.5596,CRITICA,15.2403,0.791754,14.7005,26.4911,0.167003,0.175561,1.1577,3.9071,1,1,3825.555,nan
za0325,abierto,B40,92.1123,0.168959,39.5238,76.8564,47.2782,41.557,CRITICA,17.7551,0.861758,16.0337,16.5623,0.161757,0.165842,4.2628,1.8447,1,1,3724.395,nan
za0388,abierto,B5,95.2987,0.18743,4.5413,38.8303,100.0,22.1278,CRITICA,10.4105,0.496521,16.165,59.2541,0.194246,0.194124,3.6367,3.5719,1,1,3648.303,nan
za0388,abierto,B10,95.2987,0.18743,9.504,51.6986,86.8424,25.1622,CRITICA,11.8356,0.655683,14.7858,45.751,0.199746,0.193965,6.5711,3.4866,1,1,3650.968,nan
za0388,abierto,B15,95.2987,0.18743,14.5234,58.7963,70.9193,28.3864,CRITICA,12.8515,0.70913,14.4463,38.3032,0.189878,0.193499,1.3066,3.2382,1,1,3892.565,nan
za0388,abierto,B25,95.2987,0.18743,24.5329,68.0927,57.0533,33.7815,CRITICA,14.5265,0.778407,14.6652,28.5482,0.194445,0.198846,3.7428,6.0911,1,1,3147.624,nan
za0388,abierto,B40,95.2987,0.18743,39.5383,77.2368,48.4853,40.7141,CRITICA,16.8522,0.851594,15.9937,18.9529,0.185646,0.189543,0.9516,1.1278,1,1,3445.899,nan
za0533,abierto,B5,92.6747,0.172255,4.5623,38.3761,100.0,22.9002,CRITICA,10.5729,0.506296,16.1796,58.5906,0.185714,0.17761,7.8138,3.1088,1,1,3650.968,nan
za0533,abierto,B10,92.6747,0.172255,9.5013,50.9825,85.4955,26.5388,CRITICA,12.0257,0.661143,14.8217,44.9877,0.180689,0.185921,4.8964,7.9336,1,1,3333.333,nan
za0533,abierto,B15,92.6747,0.172255,14.5376,58.0542,69.7782,29.9293,CRITICA,13.0712,0.714491,14.49,37.3571,0.180926,0.17674,5.0339,2.6038,1,1,3711.952,nan
za0533,abierto,B25,92.6747,0.172255,24.5375,67.3198,56.7622,35.5339,CRITICA,14.7998,0.781549,14.7258,27.359,0.175553,0.166331,1.915,3.4387,1,1,3262.643,nan
za0533,abierto,B40,92.6747,0.172255,39.5387,76.4523,48.6134,42.7931,CRITICA,17.2427,0.853358,16.0859,17.5047,0.178129,0.172454,3.4101,0.1157,1,1,3753.754,nan
za0595,abierto,B5,100.8139,0.179474,4.5572,39.2777,100.0,21.6809,CRITICA,9.9115,0.47964,16.1155,61.0394,0.187015,0.185196,4.202,3.1883,1,1,3725.782,nan
za0595,abierto,B10,100.8139,0.179474,9.4772,52.0044,89.371,24.8158,CRITICA,11.2678,0.631692,14.7431,48.4154,0.186632,0.187896,3.9883,4.6931,1,1,3558.719,nan
za0595,abierto,B15,100.8139,0.179474,14.5169,59.2312,71.2531,27.738,CRITICA,12.2281,0.690222,14.3899,41.247,0.184443,0.193709,2.7691,7.9316,1,1,3718.855,nan
za0595,abierto,B25,100.8139,0.179474,24.5087,68.4468,54.9846,33.0688,CRITICA,13.7936,0.764255,14.6047,32.1057,0.189187,0.172231,5.4122,4.0356,1,1,3696.858,nan
za0595,abierto,B40,100.8139,0.179474,39.5319,77.6744,46.6262,39.6505,CRITICA,15.9161,0.840243,15.9056,22.9527,0.173323,0.171229,3.4269,4.5938,1,1,3776.435,nan
za0620,abierto,B5,98.6251,0.169515,4.5497,39.2928,100.0,21.639,CRITICA,10.1786,0.492378,16.1184,60.1594,0.164204,0.192268,3.1329,13.4222,1,1,3785.011,nan
za0620,abierto,B10,98.6251,0.169515,9.4864,52.0559,89.0295,24.6979,CRITICA,11.5748,0.644248,14.7437,47.2183,0.161728,0.175628,4.5938,3.6062,1,1,3598.416,nan
za0620,abierto,B15,98.6251,0.169515,14.5205,59.108,71.942,27.907,CRITICA,12.5696,0.701163,14.4014,40.068,0.172476,0.16874,1.7466,0.4572,1,1,3309.067,nan
za0620,abierto,B25,98.6251,0.169515,24.5322,68.4825,55.7531,32.9795,CRITICA,14.187,0.771883,14.6064,30.5628,0.161022,0.172257,5.0104,1.6175,1,1,3377.237,nan
za0620,abierto,B40,98.6251,0.169515,39.5357,77.6419,46.2283,39.6924,CRITICA,16.4155,0.847212,15.9089,21.2757,0.166634,0.171067,1.6995,0.9153,1,1,3727.171,nan
za0637,abierto,B5,96.2564,0.169001,4.5508,38.5436,100.0,22.6098,CRITICA,10.2378,0.487222,16.182,59.9573,0.184057,0.184866,8.9089,9.3872,1,1,3818.251,nan
za0637,abierto,B10,96.2564,0.169001,9.4884,51.4182,86.8889,25.75,CRITICA,11.6372,0.650574,14.8068,46.582,0.182018,0.185535,7.7024,9.7834,1,1,3635.042,nan
za0637,abierto,B15,96.2564,0.169001,14.5193,58.5228,70.5331,29.0386,CRITICA,12.6319,0.704249,14.4659,39.2012,0.181687,0.179623,7.5066,6.285,1,1,3859.513,nan
za0637,abierto,B25,96.2564,0.169001,24.5204,67.793,56.3818,34.5154,CRITICA,14.2772,0.773553,14.6932,29.5704,0.177475,0.179304,5.014,6.0962,1,1,3498.95,nan
za0637,abierto,B40,96.2564,0.169001,39.5392,76.9452,48.0817,41.5554,CRITICA,16.545,0.846952,16.0325,20.0622,0.175685,0.177395,3.9548,4.9665,1,1,3633.721,nan
za0676,abierto,B5,95.2918,0.173272,4.5489,38.2636,100.0,22.9549,CRITICA,10.3131,0.486908,16.2064,59.8459,0.181976,0.179653,5.0233,3.6827,1,1,1789.549,nan
za0676,abierto,B10,95.2918,0.173272,9.4923,51.1584,86.3514,26.1783,CRITICA,11.7245,0.653333,14.8292,46.314,0.181337,0.180914,4.6543,4.4101,1,1,3478.261,nan
za0676,abierto,B15,95.2918,0.173272,14.5251,58.2921,70.308,29.4374,CRITICA,12.7322,0.708047,14.4915,38.8278,0.177168,0.178249,2.2483,2.8721,1,1,3716.091,nan
za0676,abierto,B25,95.2918,0.173272,24.537,67.5791,56.4051,34.9696,CRITICA,14.3895,0.775552,14.7194,29.0819,0.177804,0.180137,2.6155,3.9618,1,1,3438.79,nan
za0676,abierto,B40,95.2918,0.173272,39.5546,76.7231,48.1302,42.1342,CRITICA,16.7037,0.848329,16.067,19.4861,0.178046,0.168644,2.7553,2.6709,1,1,3394.433,nan
za0685,abierto,B5,90.7978,0.181153,4.5548,38.0024,100.0,23.3426,CRITICA,10.7581,0.509527,16.2215,58.1461,0.20145,0.198011,11.2044,9.3061,1,1,3604.902,nan
za0685,abierto,B10,90.7978,0.181153,9.5109,50.7354,84.7057,26.8914,CRITICA,12.2348,0.671943,14.8614,44.1226,0.196625,0.195776,8.5405,8.0723,1,1,3119.152,nan
za0685,abierto,B15,90.7978,0.181153,14.5267,57.7454,69.8034,30.3898,CRITICA,13.2987,0.724905,14.5329,36.4022,0.195095,0.20585,7.6962,13.633,1,1,3688.676,nan
za0685,abierto,B25,90.7978,0.181153,24.5337,67.0903,56.9737,35.9773,CRITICA,15.0681,0.789115,14.7701,26.1102,0.191591,0.191089,5.7621,5.4847,1,1,2542.588,nan
za0685,abierto,B40,90.7978,0.181153,39.5323,76.2198,49.279,43.394,CRITICA,17.5824,0.857889,16.1383,16.0555,0.184671,0.1859,1.9421,2.6201,1,1,3460.207,nan
za0688,abierto,B5,96.4758,0.164276,4.5587,38.6294,100.0,22.5914,CRITICA,10.2879,0.491756,16.1689,59.9595,0.161788,0.184879,1.5148,12.5414,1,1,2403.846,nan
za0688,abierto,B10,96.4758,0.164276,9.5043,51.5208,87.7894,25.6423,CRITICA,11.6971,0.653694,14.7931,46.5972,0.165595,0.174719,0.8026,6.357,1,1,3672.42,nan
za0688,abierto,B15,96.4758,0.164276,14.5264,58.5745,70.764,28.9181,CRITICA,12.6989,0.708276,14.4573,39.2858,0.17226,0.173039,4.86,5.3339,1,1,3462.604,nan
za0688,abierto,B25,96.4758,0.164276,24.5305,67.8775,55.9782,34.2972,CRITICA,14.3524,0.777097,14.6773,29.643,0.175049,0.16531,6.5576,0.6292,1,1,3377.238,nan
za0688,abierto,B40,96.4758,0.164276,39.5331,77.0187,47.1967,41.2667,CRITICA,16.6381,0.850051,16.0054,20.1678,0.173022,0.165539,5.3237,0.7688,1,1,3736.921,nan
za0719,abierto,B5,99.1851,0.171293,4.5464,38.8979,100.0,22.1552,CRITICA,9.9806,0.478445,16.164,60.7825,0.186448,0.188003,8.8478,9.7557,1,1,3717.472,nan
za0719,abierto,B10,99.1851,0.171293,9.48,51.7245,87.7816,25.261,CRITICA,11.3412,0.639315,14.7869,47.8506,0.175277,0.174907,2.3262,2.1102,1,1,3859.514,nan
za0719,abierto,B15,99.1851,0.171293,14.5158,58.8725,70.7116,28.4956,CRITICA,12.314,0.69652,14.4351,40.6438,0.176001,0.176972,2.7489,3.3159,1,1,3636.364,nan
za0719,abierto,B25,99.1851,0.171293,24.5379,68.1898,56.1334,33.7288,CRITICA,13.8805,0.764919,14.6575,31.25,0.169727,0.179284,0.9141,4.6655,1,1,3557.453,nan
za0719,abierto,B40,99.1851,0.171293,39.5359,77.2874,47.3675,40.7324,CRITICA,16.0445,0.841069,15.9796,22.0776,0.172914,0.173641,0.9466,1.3709,1,1,3553.66,nan
za0738,abierto,B5,92.0626,0.157314,4.5492,38.0861,100.0,23.2819,CRITICA,10.644,0.501892,16.2235,58.6302,0.173633,0.183453,10.3737,16.616,1,1,2958.58,nan
za0738,abierto,B10,92.0626,0.157314,9.5162,50.829,85.1113,26.7424,CRITICA,12.1029,0.666118,14.8583,44.7887,0.175369,0.175717,11.4771,11.6982,1,1,3652.301,nan
za0738,abierto,B15,92.0626,0.157314,14.5285,57.8694,69.7821,30.2092,CRITICA,13.1543,0.718643,14.5259,37.1413,0.17868,0.166639,13.5817,5.9274,1,1,3442.341,nan
za0738,abierto,B25,92.0626,0.157314,24.5358,67.1663,57.0572,35.7623,CRITICA,14.8942,0.785238,14.7649,27.0428,0.165239,0.17457,5.0376,10.9691,1,1,3816.794,nan
za0738,abierto,B40,92.0626,0.157314,39.5262,76.278,48.8405,43.1086,CRITICA,17.3554,0.855657,16.1268,17.1456,0.16439,0.168111,4.4979,6.8636,1,1,3543.586,nan
za0753,abierto,B5,96.2295,0.168514,4.5554,38.4446,100.0,22.8456,CRITICA,10.2481,0.4857,16.1938,60.0491,0.17802,0.185686,5.6409,10.1905,1,1,3582.945,nan
za0753,abierto,B10,96.2295,0.168514,9.4999,51.3078,86.6386,26.0045,CRITICA,11.646,0.650336,14.8199,46.6818,0.167055,0.176258,0.8661,4.5954,1,1,3524.85,nan
za0753,abierto,B15,96.2295,0.168514,14.523,58.3196,70.3546,29.3907,CRITICA,12.6394,0.703646,14.4877,39.3953,0.16671,0.171495,1.0708,1.7692,1,1,3649.635,nan
za0753,abierto,B25,96.2295,0.168514,24.5312,67.6387,56.5255,34.8199,CRITICA,14.2833,0.773125,14.7118,29.711,0.17409,0.174845,3.309,3.7569,1,1,3151.592,nan
za0753,abierto,B40,96.2295,0.168514,39.5365,76.7703,48.0914,41.8957,CRITICA,16.5573,0.846749,16.0543,20.2217,0.171857,0.181926,1.9838,7.9592,1,1,3405.995,nan
za0765,abierto,B5,97.5357,0.169601,4.543,38.61,100.0,22.5429,CRITICA,10.1357,0.482303,16.189,60.4145,0.17357,0.191642,2.34,12.9958,1,1,3705.076,nan
za0765,abierto,B10,97.5357,0.169601,9.4884,51.483,87.0946,25.6771,CRITICA,11.52,0.644664,14.8082,47.2163,0.177783,0.179014,4.8244,5.5503,1,1,3445.899,nan
za0765,abierto,B15,97.5357,0.169601,14.4861,58.5183,70.601,29.1318,CRITICA,12.5139,0.701322,14.4592,40.0032,0.176005,0.186925,3.7758,10.2145,1,1,3419.973,nan
za0765,abierto,B25,97.5357,0.169601,24.5338,67.8787,56.2906,34.3132,CRITICA,14.1153,0.769725,14.6916,30.4063,0.173838,0.186859,2.4983,10.1756,1,1,3929.273,nan
za0765,abierto,B40,97.5357,0.169601,39.5348,77.008,47.7867,41.348,CRITICA,16.3423,0.844393,16.0216,21.0464,0.167904,0.182182,1.0008,7.4183,1,1,3475.843,nan
za0799,abierto,B5,101.4063,0.173412,4.5417,39.2699,100.0,21.643,CRITICA,9.8363,0.473586,16.1417,61.2747,0.183989,0.187805,6.0994,8.2999,1,1,3698.225,nan
za0799,abierto,B10,101.4063,0.173412,9.4726,52.1162,88.7267,24.5756,CRITICA,11.1754,0.631692,14.7605,48.6065,0.18187,0.182468,4.8774,5.2223,1,1,3003.905,nan
za0799,abierto,B15,101.4063,0.173412,14.5012,59.3591,71.5345,27.6152,CRITICA,12.1309,0.69011,14.3939,41.4641,0.184581,0.183084,6.4405,5.5776,1,1,2880.184,nan
za0799,abierto,B25,101.4063,0.173412,24.5044,68.5001,56.2091,32.8885,CRITICA,13.6538,0.762719,14.6232,32.4498,0.181997,0.181986,4.9507,4.9441,1,1,3996.802,nan
za0799,abierto,B40,101.4063,0.173412,39.5355,77.7172,47.2705,39.5101,CRITICA,15.7364,0.838535,15.9232,23.3606,0.180173,0.191158,3.8987,10.2332,1,1,3822.63,nan
za0909,abierto,B5,100.5209,0.166874,4.5477,39.6657,100.0,21.0163,CRITICA,10.0475,0.486536,16.113,60.5399,0.188095,0.190574,12.7168,14.2022,1,1,3770.739,nan
za0909,abierto,B10,100.5209,0.166874,9.4678,52.4756,89.7301,23.8818,CRITICA,11.4191,0.640807,14.7319,47.7963,0.183354,0.191972,9.8757,15.0398,1,1,3667.033,nan
za0909,abierto,B15,100.5209,0.166874,14.5032,59.7427,72.3767,26.8486,CRITICA,12.4038,0.699219,14.3594,40.5669,0.184839,0.187558,10.7655,12.3949,1,1,3943.218,nan
za0909,abierto,B25,100.5209,0.166874,24.4967,68.8979,56.2266,31.9653,CRITICA,13.9679,0.772544,14.5836,31.4591,0.178055,0.193717,6.7003,16.0858,1,1,3300.33,nan
za0909,abierto,B40,100.5209,0.166874,39.5165,78.1273,47.0454,38.4054,CRITICA,16.1073,0.845988,15.8674,22.2776,0.183783,0.191163,10.1324,14.5553,1,1,3805.175,nan
za0933,abierto,B5,92.5374,0.171821,4.5444,38.4237,100.0,22.7115,CRITICA,10.6529,0.506571,16.1997,58.4776,0.18615,0.184624,8.3392,7.4512,1,1,2704.164,nan
za0933,abierto,B10,92.5374,0.171821,9.5023,51.1948,85.8371,26.1044,CRITICA,12.1173,0.667424,14.8261,44.6766,0.181798,0.188435,5.8066,9.6691,1,1,3790.751,nan
za0933,abierto,B15,92.5374,0.171821,14.5219,58.2278,70.4419,29.5421,CRITICA,13.1697,0.720294,14.492,37.0765,0.184212,0.188266,7.2114,9.5708,1,1,3944.773,nan
za0933,abierto,B25,92.5374,0.171821,24.5332,67.5743,57.3813,34.9691,CRITICA,14.9042,0.786429,14.7193,26.9762,0.175387,0.176199,2.075,2.5477,1,1,3907.776,nan
za0933,abierto,B40,92.5374,0.171821,39.5263,76.6661,49.1354,42.1942,CRITICA,17.3545,0.857062,16.0709,17.1512,0.174819,0.165484,1.7448,3.6881,1,1,3552.398,nan
za0938,abierto,B5,91.8112,0.182523,4.5483,38.3988,100.0,22.785,CRITICA,10.7395,0.508209,16.1993,58.1764,0.195203,0.197234,6.9471,8.0598,1,1,3608.806,nan
za0938,abierto,B10,91.8112,0.182523,9.5127,51.1805,85.7401,26.1483,CRITICA,12.2152,0.670369,14.8292,44.2546,0.196785,0.201969,7.8138,10.6535,1,1,2308.403,nan
za0938,abierto,B15,91.8112,0.182523,14.5178,58.2121,70.3973,29.6094,CRITICA,13.278,0.722832,14.4926,36.5959,0.197025,0.202663,7.9453,11.0338,1,1,3900.156,nan
za0938,abierto,B25,91.8112,0.182523,24.5312,67.5475,57.5618,35.0268,CRITICA,15.0344,0.78864,14.7246,26.4279,0.188982,0.195817,3.5384,7.2833,1,1,3849.115,nan
za0938,abierto,B40,91.8112,0.182523,39.5243,76.6457,49.2305,42.2866,CRITICA,17.5187,0.858465,16.0773,16.5181,0.188012,0.192304,3.0072,5.3582,1,1,3803.728,nan
za0943,abierto,B5,92.5803,0.172894,4.5425,38.5154,100.0,22.5604,CRITICA,10.6605,0.506569,16.1966,58.3979,0.183218,0.184782,5.9713,6.8758,1,1,3656.307,nan
za0943,abierto,B10,92.5803,0.172894,9.5033,51.326,85.8099,25.8618,CRITICA,12.1256,0.667938,14.8217,44.5606,0.184421,0.194325,6.6672,12.3956,1,1,3949.447,nan
za0943,abierto,B15,92.5803,0.172894,14.5218,58.3921,70.4244,29.2431,CRITICA,13.1762,0.720071,14.4842,36.9282,0.181799,0.195091,5.1507,12.8385,1,1,3980.892,nan
za0943,abierto,B25,92.5803,0.172894,24.5353,67.7469,57.5792,34.6254,CRITICA,14.9063,0.786402,14.7095,26.8236,0.172695,0.178502,0.1147,3.244,1,1,4024.145,nan
za0943,abierto,B40,92.5803,0.172894,39.5318,76.8325,49.281,41.8642,CRITICA,17.3535,0.857297,16.0582,17.0099,0.173101,0.176564,0.1201,2.1225,1,1,3417.635,nan
za0996,abierto,B5,96.5311,0.171033,4.5491,39.1375,100.0,21.7638,CRITICA,10.3468,0.492013,16.1497,59.4561,0.180565,0.184066,5.5734,7.6206,1,1,3974.563,nan
za0996,abierto,B10,96.5311,0.171033,9.485,51.928,87.4459,24.836,CRITICA,11.7617,0.650772,14.7748,46.206,0.180264,0.180598,5.3974,5.5929,1,1,3889.537,nan
za0996,abierto,B15,96.5311,0.171033,14.5199,59.1211,71.1852,27.9054,CRITICA,12.7654,0.705515,14.4263,38.7544,0.18336,0.183964,7.2075,7.561,1,1,3580.379,nan
za0996,abierto,B25,96.5311,0.171033,24.5267,68.3803,56.8845,33.2215,CRITICA,14.4171,0.775858,14.6444,29.1624,0.182585,0.186598,6.7543,9.101,1,1,3850.597,nan
za0996,abierto,B40,96.5311,0.171033,39.5397,77.515,48.0331,40.0849,CRITICA,16.696,0.849631,15.9615,19.6995,0.176841,0.180641,3.3963,5.6175,1,1,3394.433,nan
za1025,abierto,B5,92.9787,0.174656,4.55,38.6876,100.0,22.4103,CRITICA,10.6433,0.509616,16.1893,58.3909,0.183418,0.18788,5.0168,7.5714,1,1,3717.472,nan
za1025,abierto,B10,92.9787,0.174656,9.505,51.361,85.9497,25.8259,CRITICA,12.0992,0.665774,14.8237,44.7605,0.184512,0.189503,5.6432,8.5004,1,1,3311.258,nan
za1025,abierto,B15,92.9787,0.174656,14.5349,58.4964,70.4031,29.1094,CRITICA,13.145,0.71943,14.4837,37.0863,0.185137,0.195103,6.0006,11.707,1,1,2695.418,nan
za1025,abierto,B25,92.9787,0.174656,24.5354,67.7621,57.4201,34.5849,CRITICA,14.869,0.786683,14.7119,27.1208,0.188625,0.192073,7.9982,9.972,1,1,3930.818,nan
za1025,abierto,B40,92.9787,0.174656,39.5285,76.8739,49.0306,41.7469,CRITICA,17.295,0.857148,16.0535,17.321,0.185474,0.183888,6.1938,5.2858,1,1,1511.716,nan
zb0010,abierto,B5,99.2387,0.202711,4.4518,43.2989,100.0,12.5566,CRITICA,10.9181,0.609986,16.1203,56.3689,0.218756,0.20316,7.9153,0.2218,1,1,3808.073,nan
zb0010,abierto,B10,99.2387,0.202711,9.4399,55.5865,94.2615,15.1263,CRITICA,12.3322,0.725757,14.728,43.987,0.216472,0.211125,6.7887,4.1507,1,1,3372.681,nan
zb0010,abierto,B15,99.2387,0.202711,14.4686,62.9126,81.0689,17.5778,CRITICA,13.3476,0.780033,14.3241,36.6048,0.217592,0.217382,7.341,7.2372,1,1,3852.08,nan
zb0010,abierto,B25,99.2387,0.202711,24.4912,72.2333,59.5121,21.5623,CRITICA,14.922,0.839446,14.4817,27.2126,0.217227,0.210899,7.161,4.0393,1,1,3570.153,nan
zb0010,abierto,B40,99.2387,0.202711,39.503,81.2222,51.1615,27.1688,BIEN,17.0452,0.897285,15.6844,18.1547,0.217687,0.2023,7.388,0.2025,1,1,3765.06,nan
zb0017,abierto,B5,100.7066,0.235455,4.4578,43.2527,100.0,12.7115,CRITICA,10.7044,0.597743,16.1314,57.0508,0.257965,0.213433,9.5604,9.3527,1,1,3668.378,nan
zb0017,abierto,B10,100.7066,0.235455,9.4541,55.4961,94.1062,15.3354,CRITICA,12.0856,0.716284,14.7412,44.8933,0.249454,0.243419,5.9457,3.3827,1,1,3671.072,nan
zb0017,abierto,B15,100.7066,0.235455,14.4857,62.894,80.5314,17.6963,CRITICA,13.065,0.76967,14.3333,37.5473,0.252933,0.244037,7.4231,3.6452,1,1,3699.593,nan
zb0017,abierto,B25,100.7066,0.235455,24.4701,72.1572,58.3962,21.842,CRITICA,14.612,0.833369,14.4946,28.3491,0.2471,0.255918,4.9461,8.6911,1,1,3227.889,nan
zb0017,abierto,B40,100.7066,0.235455,39.5006,81.1803,51.2061,27.3036,BIEN,16.653,0.891263,15.702,19.3893,0.249,0.253326,5.753,7.5903,1,1,3684.598,nan
zb0031,abierto,B5,105.0132,0.218471,4.4296,42.9989,100.0,12.9655,CRITICA,10.0585,0.566118,16.1553,59.0538,0.231166,0.225264,5.8105,3.1092,1,1,3348.962,nan
zb0031,abierto,B10,105.0132,0.218471,9.4382,55.4025,93.7414,15.4413,CRITICA,11.3499,0.688679,14.7469,47.2424,0.229401,0.23248,5.003,6.4121,1,1,3947.888,nan
zb0031,abierto,B15,105.0132,0.218471,14.3994,62.6233,80.6032,17.9178,CRITICA,12.2572,0.746608,14.3549,40.3663,0.226064,0.235715,3.4753,7.893,1,1,3341.129,nan
zb0031,abierto,B25,105.0132,0.218471,24.4635,72.0691,58.3982,21.9309,CRITICA,13.6819,0.81204,14.4996,31.3714,0.222576,0.233328,1.879,6.8,1,1,3996.803,nan
zb0031,abierto,B40,105.0132,0.218471,39.4888,81.001,51.5244,27.4994,BIEN,15.5391,0.875413,15.7305,22.8659,0.22734,0.22948,4.0594,5.0389,1,1,4070.004,nan
zb0046,abierto,B5,103.8882,0.209573,4.4528,43.1593,100.0,12.8657,CRITICA,10.204,0.575986,16.1319,58.456,0.229233,0.214336,9.3807,2.2727,1,1,3338.898,nan
zb0046,abierto,B10,103.8882,0.209573,9.468,55.4561,93.4542,15.4117,CRITICA,11.5058,0.695578,14.7385,46.6195,0.228605,0.219421,9.0811,4.6989,1,1,2407.318,nan
zb0046,abierto,B15,103.8882,0.209573,14.4376,62.7645,80.6691,17.8281,CRITICA,12.4305,0.751318,14.3397,39.5846,0.225392,0.218847,7.5482,4.4249,1,1,3803.728,nan
zb0046,abierto,B25,103.8882,0.209573,24.4786,72.0619,58.4991,21.9306,CRITICA,13.8735,0.816547,14.5057,30.6352,0.225984,0.219749,7.8305,4.8555,1,1,3897.116,nan
zb0046,abierto,B40,103.8882,0.209573,39.5256,81.0336,51.6369,27.4582,BIEN,15.77,0.878802,15.7313,21.9992,0.225769,0.228309,7.728,8.9399,1,1,3705.076,nan
zb0066,abierto,B5,103.958,0.208799,4.4579,43.157,100.0,12.9669,CRITICA,10.2655,0.572403,16.1346,58.4861,0.218515,0.211175,4.6534,1.1379,1,1,3604.902,nan
zb0066,abierto,B10,103.958,0.208799,9.4625,55.5064,93.5104,15.4775,CRITICA,11.5808,0.693215,14.7358,46.6069,0.220775,0.215258,5.7359,3.0938,1,1,3935.458,nan
zb0066,abierto,B15,103.958,0.208799,14.4504,62.8012,80.1102,17.88,CRITICA,12.5114,0.749222,14.3381,39.5899,0.223769,0.220592,7.1697,5.6482,1,1,3915.427,nan
zb0066,abierto,B25,103.958,0.208799,24.483,72.0942,58.8271,22.0038,CRITICA,13.9663,0.814725,14.5017,30.6507,0.221429,0.213097,6.0491,2.0587,1,1,3746.722,nan
zb0066,abierto,B40,103.958,0.208799,39.5335,81.1026,51.7844,27.5646,BIEN,15.8783,0.877669,15.7195,21.9853,0.220946,0.211645,5.818,1.3634,1,1,3612.717,nan
zb0073,abierto,B5,103.0293,0.203002,4.4463,43.0152,100.0,13.1286,CRITICA,10.3282,0.577018,16.1441,58.2495,0.225902,0.212545,11.2808,4.701,1,1,3340.014,nan
zb0073,abierto,B10,103.0293,0.203002,9.4365,55.4222,93.3591,15.593,CRITICA,11.651,0.697989,14.7406,46.2074,0.214538,0.213232,5.6827,5.0392,1,1,3765.06,nan
zb0073,abierto,B15,103.0293,0.203002,14.4474,62.7236,80.0132,18.097,CRITICA,12.5944,0.754957,14.3422,39.1206,0.222298,0.213901,9.5053,5.3689,1,1,3576.538,nan
zb0073,abierto,B25,103.0293,0.203002,24.4738,72.0533,59.2171,22.2355,CRITICA,14.0627,0.818614,14.5028,30.0653,0.217962,0.220074,7.3691,8.4098,1,1,3821.169,nan
zb0073,abierto,B40,103.0293,0.203002,39.5294,81.0042,52.2483,27.8897,BIEN,16.0089,0.881314,15.7303,21.3776,0.220161,0.220376,8.4527,8.5587,1,1,3844.675,nan
zb0117,abierto,B5,103.9668,0.195655,4.4856,43.2915,100.0,12.6032,CRITICA,10.2856,0.578067,16.1283,58.3602,0.202693,0.206393,3.5968,5.4881,1,1,3024.803,nan
zb0117,abierto,B10,103.9668,0.195655,9.4845,55.555,94.0868,15.2045,CRITICA,11.6001,0.69655,14.7352,46.5647,0.196704,0.205127,0.5359,4.8409,1,1,3894.081,nan
zb0117,abierto,B15,103.9668,0.195655,14.4707,62.8325,80.1413,17.5451,CRITICA,12.5308,0.752367,14.3374,39.5649,0.196663,0.198688,0.5153,1.55,1,1,3819.709,nan
zb0117,abierto,B25,103.9668,0.195655,24.4912,72.1332,58.7727,21.5613,CRITICA,13.9843,0.817106,14.5029,30.619,0.202068,0.192282,3.2777,1.7241,1,1,3404.835,nan
zb0117,abierto,B40,103.9668,0.195655,39.528,81.1576,51.0858,27.0402,BIEN,15.8994,0.879439,15.7138,21.9389,0.199957,0.195008,2.1986,0.3308,1,1,3463.803,nan
zb0124,abierto,B5,104.8241,0.228521,4.4821,43.2988,100.0,12.8019,CRITICA,10.2037,0.569729,16.1156,58.6938,0.239316,0.22578,4.7241,1.1993,1,1,3929.273,nan
zb0124,abierto,B10,104.8241,0.228521,9.4924,55.5856,93.7433,15.3211,CRITICA,11.5092,0.6895,14.7271,46.9725,0.232306,0.237305,1.6564,3.8439,1,1,3793.627,nan
zb0124,abierto,B15,104.8241,0.228521,14.5297,62.7566,79.9278,17.5595,CRITICA,12.4102,0.743974,14.357,40.1315,0.225524,0.231449,1.3115,1.2814,1,1,3392.13,nan
zb0124,abierto,B25,104.8241,0.228521,24.479,72.1634,58.7436,21.7603,CRITICA,13.872,0.812232,14.4906,31.1576,0.228363,0.241842,0.0692,5.8292,1,1,3608.806,nan
zb0124,abierto,B40,104.8241,0.228521,39.5084,81.1236,51.0819,27.2916,BIEN,15.7611,0.8762,15.709,22.6098,0.227505,0.238646,0.4444,4.4308,1,1,3650.967,nan
zb0148,abierto,B5,109.7067,0.205483,4.4648,43.2032,100.0,12.7956,CRITICA,9.5973,0.543022,16.1398,60.6194,0.210086,0.207412,2.2402,0.9389,1,1,3810.976,nan
zb0148,abierto,B10,109.7067,0.205483,9.492,55.5264,94.3294,15.2638,CRITICA,10.8361,0.66594,14.7364,49.3865,0.220506,0.213959,7.3112,4.1247,1,1,3767.897,nan
zb0148,abierto,B15,109.7067,0.205483,14.4746,62.7967,78.9633,17.6727,CRITICA,11.6915,0.724108,14.3411,42.7595,0.223689,0.217661,8.8599,5.9266,1,1,3604.903,nan
zb0148,abierto,B25,109.7067,0.205483,24.4754,72.051,59.2657,21.7398,CRITICA,13.0186,0.792366,14.5139,34.324,0.218964,0.211903,6.5605,3.1242,1,1,3736.921,nan
zb0148,abierto,B40,109.7067,0.205483,39.4875,81.0776,50.9499,27.2958,BIEN,14.7722,0.859957,15.7161,26.096,0.219173,0.219217,6.6623,6.6836,1,1,3459.011,nan
zb0152,abierto,B5,113.4229,0.188091,4.4242,43.0965,100.0,12.8747,CRITICA,9.1871,0.530329,16.142,62.0037,0.192938,0.200669,2.5768,6.687,1,1,3679.176,nan
zb0152,abierto,B10,113.4229,0.188091,9.4481,55.3773,95.2842,15.1897,CRITICA,10.358,0.656386,14.7462,51.1762,0.200876,0.19595,6.7974,4.1783,1,1,3156.566,nan
zb0152,abierto,B15,113.4229,0.188091,14.4772,62.7564,79.4019,17.4393,CRITICA,11.1753,0.71349,14.3469,44.6704,0.197228,0.196064,4.8576,4.2391,1,1,3599.712,nan
zb0152,abierto,B25,113.4229,0.188091,24.4783,72.0425,60.1933,21.4542,CRITICA,12.4497,0.782466,14.5054,36.4833,0.201322,0.200301,7.0345,6.4913,1,1,3787.879,nan
zb0152,abierto,B40,113.4229,0.188091,39.4904,81.0452,48.4931,26.881,BIEN,14.0902,0.850649,15.7156,28.5459,0.195717,0.195061,4.0544,3.7055,1,1,3231.018,nan
zb0273,abierto,B5,106.976,0.258905,4.4436,43.2028,100.0,12.4935,CRITICA,9.9132,0.56321,16.1397,59.6145,0.265221,0.233812,2.4398,9.6919,1,1,3898.635,nan
zb0273,abierto,B10,106.976,0.258905,9.4322,55.5363,95.5734,14.8796,CRITICA,11.1961,0.684545,14.7318,48.0853,0.257275,0.260398,0.6296,0.577,1,1,3513.703,nan
zb0273,abierto,B15,106.976,0.258905,14.4697,62.9411,80.8574,17.2723,CRITICA,12.0979,0.742704,14.3253,41.1634,0.268194,0.270147,3.5878,4.3422,1,1,3883.495,nan
zb0273,abierto,B25,106.976,0.258905,24.4643,72.2949,57.6763,21.3009,CRITICA,13.5064,0.809925,14.4734,32.4196,0.269923,0.26325,4.2556,1.6783,1,1,2228.164,nan
zb0273,abierto,B40,106.976,0.258905,39.504,81.2527,50.5851,26.7515,BIEN,15.3321,0.874505,15.6841,24.0459,0.266833,0.266672,3.0623,3.0,1,1,3984.063,nan
zb0276,abierto,B5,108.874,0.217509,4.4646,43.3939,100.0,12.2634,CRITICA,9.7865,0.558873,16.1237,60.143,0.23017,0.222267,5.8208,2.1875,1,1,3858.025,nan
zb0276,abierto,B10,108.874,0.217509,9.4548,55.6898,95.9363,14.6921,CRITICA,11.0554,0.677617,14.7195,48.8494,0.235546,0.224373,8.2924,3.1553,1,1,3062.787,nan
zb0276,abierto,B15,108.874,0.217509,14.4697,63.042,80.6866,17.0541,CRITICA,11.9337,0.736869,14.3154,42.0964,0.236379,0.220945,8.6751,1.5796,1,1,3494.06,nan
zb0276,abierto,B25,108.874,0.217509,24.4687,72.3358,57.2435,20.9855,CRITICA,13.2944,0.803663,14.4789,33.5601,0.227445,0.234912,4.5677,8.001,1,1,3790.751,nan
zb0276,abierto,B40,108.874,0.217509,39.5065,81.3603,50.2106,26.3684,BIEN,15.088,0.869368,15.6695,25.2711,0.231553,0.237849,6.4567,9.351,1,1,3496.503,nan
zb0355,abierto,B5,108.453,0.225753,4.4538,42.9879,100.0,13.0743,CRITICA,9.6452,0.549588,16.1552,60.3626,0.22806,0.215091,1.0216,4.7229,1,1,3889.537,nan
zb0355,abierto,B10,108.453,0.225753,9.4688,55.327,94.0383,15.5052,CRITICA,10.8926,0.674466,14.7504,48.9853,0.225926,0.218291,0.0764,3.3058,1,1,3745.318,nan
zb0355,abierto,B15,108.453,0.225753,14.5066,62.7441,79.6484,17.9303,CRITICA,11.7633,0.732211,14.3465,42.1463,0.225892,0.218229,0.0613,3.3332,1,1,2630.195,nan
zb0355,abierto,B25,108.453,0.225753,24.4492,71.9907,58.1284,22.0996,CRITICA,13.121,0.799889,14.508,33.6203,0.230108,0.218635,1.929,3.1532,1,1,3457.815,nan
zb0355,abierto,B40,108.453,0.225753,39.5087,80.9817,50.8743,27.644,BIEN,14.8877,0.865215,15.7297,25.3301,0.225264,0.22649,0.2168,0.3264,1,1,3418.804,nan
zb0426,abierto,B5,106.7842,0.236501,4.4377,43.0701,100.0,12.6945,CRITICA,9.9241,0.560778,16.153,59.6662,0.24295,0.237077,2.7267,0.2434,1,1,3773.585,nan
zb0426,abierto,B10,106.7842,0.236501,9.4279,55.4579,95.4239,14.9896,CRITICA,11.2083,0.683375,14.7429,48.0655,0.243187,0.24027,2.8272,1.5937,1,1,3763.643,nan
zb0426,abierto,B15,106.7842,0.236501,14.467,62.8938,80.7293,17.3622,CRITICA,12.1103,0.741471,14.3343,41.1019,0.236234,0.234624,0.113,0.7935,1,1,1673.08,nan
zb0426,abierto,B25,106.7842,0.236501,24.4618,72.2722,58.0741,21.4173,CRITICA,13.5272,0.808759,14.4769,32.3194,0.236147,0.241193,0.1498,1.9841,1,1,3796.507,nan
zb0426,abierto,B40,106.7842,0.236501,39.4847,81.1835,50.7248,26.9263,BIEN,15.3643,0.873862,15.6952,23.9742,0.237374,0.241213,0.3693,1.9922,1,1,3837.298,nan
zb0433,abierto,B5,107.6937,0.244056,4.4506,43.2086,100.0,12.4352,CRITICA,9.8349,0.564201,16.1394,59.8782,0.25134,0.23387,2.9847,4.1737,1,1,3681.885,nan
zb0433,abierto,B10,107.6937,0.244056,9.4438,55.561,95.7636,14.7558,CRITICA,11.1073,0.683867,14.7319,48.4083,0.259191,0.255047,6.2015,4.5036,1,1,3608.806,nan
zb0433,abierto,B15,107.6937,0.244056,14.4966,62.9964,81.0941,17.1361,CRITICA,12.0027,0.742573,14.3228,41.5041,0.254316,0.25836,4.204,5.8611,1,1,3900.156,nan
zb0433,abierto,B25,107.6937,0.244056,24.4495,72.3176,57.5385,21.1256,CRITICA,13.3895,0.809529,14.4716,32.8488,0.243694,0.244014,0.1481,0.017,1,1,3741.115,nan
zb0433,abierto,B40,107.6937,0.244056,39.4921,81.2652,50.3561,26.506,BIEN,15.1896,0.873398,15.6838,24.5404,0.24456,0.248791,0.2067,1.9402,1,1,3541.076,nan
zb0457,abierto,B5,108.8249,0.242634,4.4636,43.3731,100.0,12.2213,CRITICA,9.7628,0.561441,16.1283,60.1442,0.249855,0.229976,2.9762,5.2167,1,1,2077.706,nan
zb0457,abierto,B10,108.8249,0.242634,9.4493,55.6538,96.0546,14.6476,CRITICA,11.0263,0.679672,14.726,48.8593,0.246168,0.24318,1.4569,0.2251,1,1,3792.188,nan
zb0457,abierto,B15,108.8249,0.242634,14.4947,63.0341,81.1582,17.0406,CRITICA,11.9099,0.739042,14.3225,42.0775,0.250006,0.258337,3.0386,6.4721,1,1,3904.725,nan
zb0457,abierto,B25,108.8249,0.242634,24.4559,72.383,57.0533,20.9917,CRITICA,13.2818,0.8063,14.4691,33.4868,0.254042,0.252534,4.7019,4.0803,1,1,2961.208,nan
zb0457,abierto,B40,108.8249,0.242634,39.4992,81.3114,49.9913,26.3079,BIEN,15.0463,0.870628,15.68,25.2824,0.254754,0.259106,4.9955,6.7889,1,1,3872.967,nan
zb0502,abierto,B5,104.7411,0.246133,4.4771,43.0791,100.0,13.1094,CRITICA,10.0587,0.566636,16.1352,58.8709,0.255231,0.236355,3.6965,3.9724,1,1,3831.418,nan
zb0502,abierto,B10,104.7411,0.246133,9.5064,55.3932,93.167,15.6095,CRITICA,11.3365,0.688909,14.75,47.1141,0.243124,0.240831,1.2221,2.1539,1,1,3732.736,nan
zb0502,abierto,B15,104.7411,0.246133,14.5265,62.5196,80.3722,17.8527,CRITICA,12.2134,0.742942,14.3867,40.3103,0.248667,0.246205,1.0298,0.0294,1,1,3542.331,nan
zb0502,abierto,B25,104.7411,0.246133,24.4775,71.9418,57.9615,22.1278,CRITICA,13.6514,0.811334,14.5233,31.3146,0.242712,0.240491,1.3896,2.292,1,1,3797.949,nan
zb0502,abierto,B40,104.7411,0.246133,39.5119,80.8861,51.0974,27.747,BIEN,15.5167,0.874942,15.7567,22.7752,0.238013,0.247399,3.2988,0.5144,1,1,3800.836,nan
zb0528,abierto,B5,107.1737,0.232927,4.4403,43.064,100.0,12.8984,CRITICA,9.8233,0.554217,16.1579,59.8185,0.241301,0.225586,3.5951,3.1518,1,1,3585.515,nan
zb0528,abierto,B10,107.1737,0.232927,9.4537,55.3418,94.4691,15.4032,CRITICA,11.0924,0.676965,14.7536,48.3625,0.240323,0.238645,3.1752,2.455,1,1,3759.398,nan
zb0528,abierto,B15,107.1737,0.232927,14.4932,62.7421,79.3146,17.8425,CRITICA,11.9849,0.735024,14.3499,41.4575,0.242605,0.232714,4.1548,0.0916,1,1,3595.829,nan
zb0528,abierto,B25,107.1737,0.232927,24.4818,72.0084,58.2235,21.9369,CRITICA,13.3726,0.801929,14.5135,32.8115,0.238805,0.236239,2.5236,1.4217,1,1,3738.318,nan
zb0528,abierto,B40,107.1737,0.232927,39.5158,81.0131,50.6356,27.5472,BIEN,15.1945,0.867912,15.729,24.4096,0.238088,0.23457,2.2158,0.7055,1,1,3806.623,nan
zb0573,abierto,B5,108.6792,0.191063,4.4483,43.2769,100.0,12.5952,CRITICA,9.769,0.554332,16.1287,60.1792,0.2027,0.214312,6.0904,12.1679,1,1,3746.722,nan
zb0573,abierto,B10,108.6792,0.191063,9.4518,55.6102,95.2415,14.8637,CRITICA,11.0332,0.675506,14.7269,48.8308,0.206614,0.207673,8.1389,8.6931,1,1,3810.976,nan
zb0573,abierto,B15,108.6792,0.191063,14.498,63.0269,80.1587,17.236,CRITICA,11.9169,0.734696,14.3166,42.0064,0.202973,0.204206,6.2332,6.879,1,1,3802.281,nan
zb0573,abierto,B25,108.6792,0.191063,24.468,72.277,57.9751,21.2015,CRITICA,13.2675,0.802235,14.4831,33.4951,0.203652,0.198602,6.5889,3.9455,1,1,3389.831,nan
zb0573,abierto,B40,108.6792,0.191063,39.5046,81.2794,50.9267,26.6581,BIEN,15.0655,0.867936,15.6812,25.2116,0.197623,0.198518,3.4335,3.9019,1,1,3762.227,nan
zb0593,abierto,B5,108.6036,0.221239,4.4489,43.2982,100.0,12.4595,CRITICA,9.7514,0.558363,16.1248,60.1318,0.234044,0.221221,5.7878,0.008,1,1,3396.739,nan
zb0593,abierto,B10,108.6036,0.221239,9.4431,55.588,95.3599,14.8124,CRITICA,11.014,0.67882,14.724,48.8157,0.231541,0.226301,4.6563,2.288,1,1,2221.729,nan
zb0593,abierto,B15,108.6036,0.221239,14.4914,63.0151,80.9117,17.1616,CRITICA,11.8968,0.737699,14.3141,41.9769,0.230541,0.223333,4.2044,0.9466,1,1,3672.42,nan
zb0593,abierto,B25,108.6036,0.221239,24.4679,72.2811,57.3502,21.1206,CRITICA,13.246,0.804889,14.4806,33.445,0.232061,0.231927,4.8915,4.8312,1,1,3599.712,nan
zb0593,abierto,B40,108.6036,0.221239,39.4839,81.2754,50.5541,26.5397,BIEN,15.0406,0.870094,15.676,25.1632,0.225306,0.233372,1.8381,5.4843,1,1,3226.847,nan
zb0636,abierto,B5,109.0037,0.238648,4.4432,43.0358,100.0,12.962,CRITICA,9.6137,0.542854,16.1514,60.5189,0.24634,0.236649,3.2234,0.8374,1,1,3810.976,nan
zb0636,abierto,B10,109.0037,0.238648,9.4536,55.398,94.3139,15.2369,CRITICA,10.8566,0.668578,14.7463,49.1779,0.249947,0.240279,4.7345,0.6837,1,1,3475.843,nan
zb0636,abierto,B15,109.0037,0.238648,14.4822,62.7826,80.2635,17.6577,CRITICA,11.7179,0.727866,14.3424,42.4033,0.252146,0.245235,5.656,2.7603,1,1,3603.603,nan
zb0636,abierto,B25,109.0037,0.238648,24.4797,72.0427,58.1905,21.7019,CRITICA,13.051,0.795078,14.5182,33.908,0.252367,0.244868,5.7485,2.6066,1,1,1889.645,nan
zb0636,abierto,B40,109.0037,0.238648,39.4995,81.0425,50.393,27.2379,BIEN,14.8191,0.862594,15.7228,25.6516,0.254471,0.24596,6.6302,3.0639,1,1,3589.375,nan
zb0659,abierto,B5,106.7822,0.243459,4.4346,42.9865,100.0,12.99,CRITICA,9.8578,0.554035,16.1747,59.7438,0.247591,0.230826,1.6973,5.1886,1,1,3773.585,nan
zb0659,abierto,B10,106.7822,0.243459,9.447,55.2909,94.4148,15.5045,CRITICA,11.131,0.678433,14.7655,48.2209,0.249771,0.245975,2.5928,1.0335,1,1,2356.268,nan
zb0659,abierto,B15,106.7822,0.243459,14.4785,62.7086,79.3514,17.9054,CRITICA,12.0247,0.735902,14.3595,41.2743,0.252269,0.243503,3.6187,0.018,1,1,3387.534,nan
zb0659,abierto,B25,106.7822,0.243459,24.4788,72.0137,58.2585,22.026,CRITICA,13.4196,0.802555,14.5161,32.5603,0.251011,0.243004,3.1022,0.1867,1,1,3735.525,nan
zb0659,abierto,B40,106.7822,0.243459,39.4888,80.9715,50.6297,27.7187,BIEN,15.2571,0.869169,15.735,24.1714,0.246391,0.246093,1.2044,1.082,1,1,3616.637,nan
zb0732,abierto,B5,104.6682,0.238752,4.4821,43.0953,100.0,13.0853,CRITICA,10.0131,0.567362,16.1441,58.8268,0.257298,0.220688,7.7679,7.566,1,1,3684.598,nan
zb0732,abierto,B10,104.6682,0.238752,9.497,55.2974,93.0233,15.7426,CRITICA,11.2853,0.688066,14.7591,47.1689,0.251875,0.235991,5.4964,1.1566,1,1,3305.785,nan
zb0732,abierto,B15,104.6682,0.238752,14.5179,62.4952,79.7939,18.0027,CRITICA,12.1592,0.741816,14.3866,40.2921,0.24349,0.240648,1.9845,0.7943,1,1,3821.169,nan
zb0732,abierto,B25,104.6682,0.238752,24.4821,71.8351,57.455,22.3137,CRITICA,13.5861,0.809498,14.5392,31.3688,0.237938,0.232441,0.341,2.6435,1,1,3803.728,nan
zb0732,abierto,B40,104.6682,0.238752,39.5144,80.769,50.7656,28.0064,BIEN,15.4491,0.873594,15.7795,22.8333,0.237155,0.241657,0.669,1.2167,1,1,3522.367,nan
zb0863,abierto,B5,103.6038,0.250429,4.4839,42.9758,100.0,13.315,CRITICA,10.1472,0.576066,16.1667,58.519,0.251513,0.223823,0.4325,10.6242,1,1,3582.945,nan
zb0863,abierto,B10,103.6038,0.250429,9.4759,55.2015,93.1553,15.9551,CRITICA,11.4372,0.698905,14.7719,46.7187,0.253077,0.24731,1.057,1.2458,1,1,3650.968,nan
zb0863,abierto,B15,103.6038,0.250429,14.4789,62.4849,79.5668,18.4013,CRITICA,12.3512,0.753956,14.3768,39.6886,0.25566,0.244141,2.0888,2.5111,1,1,3802.281,nan
zb0863,abierto,B25,103.6038,0.250429,24.5017,71.7233,56.8961,22.6246,CRITICA,13.7858,0.817666,14.5573,30.7716,0.250473,0.251475,0.0175,0.4177,1,1,1578.034,nan
zb0863,abierto,B40,103.6038,0.250429,39.5071,80.7532,50.2416,28.3073,BIEN,15.6835,0.878898,15.7823,22.0557,0.246037,0.251663,1.754,0.4924,1,1,3288.392,nan
zb0867,abierto,B5,103.0673,0.256459,4.4871,42.9771,100.0,13.3131,CRITICA,10.1955,0.578886,16.1639,58.3019,0.250949,0.222918,2.1488,13.0787,1,1,2350.176,nan
zb0867,abierto,B10,103.0673,0.256459,9.4788,55.2186,93.099,15.9295,CRITICA,11.4888,0.700851,14.7689,46.4248,0.256082,0.253208,0.147,1.2679,1,1,3642.987,nan
zb0867,abierto,B15,103.0673,0.256459,14.4769,62.4823,79.5824,18.4584,CRITICA,12.4119,0.756393,14.3763,39.3772,0.246534,0.260024,3.87,1.3898,1,1,3700.962,nan
zb0867,abierto,B25,103.0673,0.256459,24.4996,71.7389,56.9951,22.6288,CRITICA,13.85,0.819062,14.5554,30.3961,0.255295,0.251592,0.454,1.898,1,1,3405.995,nan
zb0867,abierto,B40,103.0673,0.256459,39.5037,80.7281,50.4881,28.3623,BIEN,15.764,0.880239,15.7856,21.6744,0.256742,0.248003,0.1104,3.2974,1,1,3557.453,nan
zb0883,abierto,B5,101.3866,0.227981,4.4599,43.0228,100.0,13.103,CRITICA,10.4933,0.585621,16.1496,57.5656,0.253961,0.223551,11.3957,1.9434,1,1,3038.59,nan
zb0883,abierto,B10,101.3866,0.227981,9.4872,55.3565,93.33,15.6626,CRITICA,11.8388,0.70624,14.7523,45.4006,0.245934,0.240963,7.8747,5.694,1,1,3750.938,nan
zb0883,abierto,B15,101.3866,0.227981,14.4603,62.6647,80.2849,18.1101,CRITICA,12.7957,0.761484,14.3544,38.1923,0.248668,0.242294,9.074,6.2781,1,1,3812.429,nan
zb0883,abierto,B25,101.3866,0.227981,24.4897,71.9586,58.7999,22.1937,CRITICA,14.2893,0.824129,14.5215,29.0256,0.245344,0.244404,7.6157,7.2037,1,1,3760.813,nan
zb0883,abierto,B40,101.3866,0.227981,39.5083,80.9545,51.0722,27.8761,BIEN,16.2901,0.885196,15.7391,20.1527,0.24446,0.245362,7.2282,7.6236,1,1,3816.794,nan
zb0917,abierto,B5,107.8587,0.218301,4.431,42.8034,100.0,13.2498,CRITICA,9.6149,0.550596,16.2,60.3153,0.228652,0.214723,4.7416,1.6391,1,1,3544.842,nan
zb0917,abierto,B10,107.8587,0.218301,9.4705,55.1568,93.8384,15.7784,CRITICA,10.8553,0.676392,14.7846,48.862,0.225983,0.228262,3.5187,4.5629,1,1,3469.812,nan
zb0917,abierto,B15,107.8587,0.218301,14.4985,62.533,79.0933,18.2689,CRITICA,11.7244,0.733839,14.3854,42.0233,0.223341,0.217701,2.3083,0.275,1,1,3207.184,nan
zb0917,abierto,B25,107.8587,0.218301,24.4852,71.7337,58.012,22.3956,CRITICA,13.0539,0.799424,14.566,33.4929,0.228876,0.221202,4.8439,1.3286,1,1,3498.95,nan
zb0917,abierto,B40,107.8587,0.218301,39.5108,80.7503,50.1368,28.12,BIEN,14.843,0.865436,15.7839,25.1332,0.230918,0.225167,5.7792,3.1451,1,1,3610.108,nan
zb0940,abierto,B5,106.0814,0.207296,4.4683,42.8914,100.0,13.3148,CRITICA,9.9145,0.559337,16.1877,59.5674,0.219068,0.201074,5.679,3.0013,1,1,3725.782,nan
zb0940,abierto,B10,106.0814,0.207296,9.4683,55.2442,93.8792,15.853,CRITICA,11.1892,0.685415,14.7799,47.9229,0.215939,0.209059,4.1692,0.8507,1,1,2569.373,nan
zb0940,abierto,B15,106.0814,0.207296,14.4772,62.5584,78.6741,18.3241,CRITICA,12.0844,0.742676,14.3822,41.0279,0.21446,0.2158,3.4558,4.1024,1,1,3705.076,nan
zb0940,abierto,B25,106.0814,0.207296,24.484,71.8445,58.0139,22.4544,CRITICA,13.4833,0.806354,14.5472,32.2742,0.214773,0.216092,3.6071,4.2435,1,1,3782.148,nan
zb0940,abierto,B40,106.0814,0.207296,39.5132,80.8428,50.816,28.1707,BIEN,15.3278,0.870302,15.7715,23.7917,0.214089,0.213385,3.2771,2.9372,1,1,3483.107,nan
zb0961,abierto,B5,103.0438,0.258311,4.493,42.7859,100.0,13.6172,CRITICA,10.1287,0.574785,16.188,58.478,0.256581,0.233896,0.6701,9.4519,1,1,3663.003,nan
zb0961,abierto,B10,103.0438,0.258311,9.4659,55.0637,92.2238,16.2602,CRITICA,11.408,0.698262,14.7933,46.5628,0.26687,0.254876,3.3131,1.33,1,1,3727.171,nan
zb0961,abierto,B15,103.0438,0.258311,14.4655,62.3358,79.1845,18.8183,CRITICA,12.3216,0.753485,14.4011,39.5055,0.258969,0.260667,0.2546,0.912,1,1,3608.805,nan
zb0961,abierto,B25,103.0438,0.258311,24.4924,71.6014,57.5113,23.0315,CRITICA,13.7464,0.815839,14.581,30.5137,0.260689,0.259418,0.9206,0.4283,1,1,3782.148,nan
zb0961,abierto,B40,103.0438,0.258311,39.4894,80.5558,51.1421,28.8896,BIEN,15.647,0.878147,15.8213,21.8238,0.255482,0.261785,1.0954,1.3445,1,1,3527.337,nan
zb0966,abierto,B5,103.4042,0.242165,4.4637,42.8091,100.0,13.5577,CRITICA,10.226,0.573018,16.1752,58.6002,0.258544,0.236444,6.7636,2.3624,1,1,3498.95,nan
zb0966,abierto,B10,103.4042,0.242165,9.4798,55.2443,92.6566,15.9923,CRITICA,11.5252,0.6973,14.7792,46.5744,0.256436,0.246479,5.8931,1.7814,1,1,3595.829,nan
zb0966,abierto,B15,103.4042,0.242165,14.4532,62.5535,79.7299,18.4305,CRITICA,12.448,0.753076,14.3773,39.5059,0.246281,0.244951,1.6999,1.1507,1,1,3790.751,nan
zb0966,abierto,B25,103.4042,0.242165,24.4865,71.8517,58.6252,22.6004,CRITICA,13.8944,0.816469,14.5466,30.5138,0.245251,0.247718,1.2746,2.2932,1,1,3888.025,nan
zb0966,abierto,B40,103.4042,0.242165,39.4987,80.7952,51.3905,28.3258,BIEN,15.8034,0.878843,15.7757,21.8647,0.250973,0.247272,3.6372,2.1092,1,1,3742.515,nan
zb0974,abierto,B5,103.382,0.246992,4.4577,42.9202,100.0,13.2706,CRITICA,10.2577,0.574757,16.1632,58.4839,0.255519,0.236454,3.4522,4.2665,1,1,3832.886,nan
zb0974,abierto,B10,103.382,0.246992,9.4779,55.3458,93.1514,15.7027,CRITICA,11.561,0.697404,14.7688,46.4647,0.256706,0.245644,3.9328,0.5457,1,1,3898.635,nan
zb0974,abierto,B15,103.382,0.246992,14.4497,62.6535,80.411,18.1001,CRITICA,12.4869,0.753543,14.3658,39.3961,0.266577,0.259977,7.9293,5.2571,1,1,3635.042,nan
zb0974,abierto,B25,103.382,0.246992,24.4757,71.9769,58.5069,22.2306,CRITICA,13.942,0.817623,14.5302,30.3777,0.265505,0.259799,7.4954,5.1852,1,1,3441.156,nan
zb0974,abierto,B40,103.382,0.246992,39.4979,80.9093,51.3555,27.8426,BIEN,15.8505,0.880051,15.7576,21.7375,0.269815,0.265752,9.2402,7.5952,1,1,3281.917,nan
zb0993,abierto,B5,102.0749,0.260266,4.4646,42.7734,100.0,13.6216,CRITICA,10.2499,0.578879,16.1903,58.096,0.265263,0.236152,1.92,9.265,1,1,2918.856,nan
zb0993,abierto,B10,102.0749,0.260266,9.4318,55.0286,92.3907,16.266,CRITICA,11.543,0.702867,14.7986,46.0899,0.258937,0.262197,0.5105,0.7421,1,1,3238.342,nan
zb0993,abierto,B15,102.0749,0.260266,14.4757,62.341,79.8172,18.8903,CRITICA,12.4813,0.758185,14.405,38.9262,0.268402,0.257585,3.1263,1.03,1,1,3611.412,nan
zb0993,abierto,B25,102.0749,0.260266,24.502,71.6188,57.7811,23.1264,CRITICA,13.9257,0.820523,14.5819,29.837,0.263282,0.266429,1.159,2.3682,1,1,3698.225,nan
zb0993,abierto,B40,102.0749,0.260266,39.497,80.587,51.4448,28.939,BIEN,15.8576,0.880837,15.8175,21.0511,0.266178,0.262511,2.2717,0.8627,1,1,3467.406,nan
zb1020,abierto,B5,103.24,0.253662,4.4848,42.9204,100.0,13.487,CRITICA,10.2052,0.575315,16.1743,58.4266,0.258758,0.235895,2.0089,7.0044,1,1,3675.119,nan
zb1020,abierto,B10,103.24,0.253662,9.4646,55.1899,92.5751,16.106,CRITICA,11.499,0.698177,14.7798,46.5421,0.253578,0.255358,0.0332,0.6684,1,1,2670.227,nan
zb1020,abierto,B15,103.24,0.253662,14.4566,62.4819,79.2098,18.6773,CRITICA,12.4223,0.753926,14.3888,39.4789,0.25864,0.259819,1.9622,2.427,1,1,3631.082,nan
zb1020,abierto,B25,103.24,0.253662,24.4906,71.7321,57.6957,22.8542,CRITICA,13.8608,0.816526,14.5625,30.5191,0.260791,0.267559,2.8102,5.4786,1,1,3770.739,nan
zb1020,abierto,B40,103.24,0.253662,39.5033,80.7052,51.1324,28.6437,BIEN,15.774,0.878527,15.7956,21.8276,0.269175,0.266609,6.1157,5.1038,1,1,3344.482,nan
zb1105,abierto,B5,100.6451,0.267974,4.4538,42.826,100.0,13.4256,CRITICA,10.5029,0.58664,16.1876,57.4485,0.273854,0.240569,2.1943,10.2268,1,1,3838.772,nan
zb1105,abierto,B10,100.6451,0.267974,9.4587,55.1453,92.7381,16.0653,CRITICA,11.8455,0.709907,14.7945,45.2082,0.277027,0.258727,3.3785,3.4506,1,1,3735.525,nan
zb1105,abierto,B15,100.6451,0.267974,14.4702,62.4998,80.1646,18.522,CRITICA,12.7978,0.763174,14.3907,37.9008,0.269318,0.260577,0.5017,2.7602,1,1,3568.879,nan
zb1105,abierto,B25,100.6451,0.267974,24.454,71.787,58.5806,22.8623,CRITICA,14.3042,0.827092,14.5567,28.6731,0.26937,0.273061,0.5208,1.8984,1,1,3510.003,nan
zb1105,abierto,B40,100.6451,0.267974,39.498,80.7636,51.6253,28.5443,BIEN,16.2962,0.885847,15.7891,19.7541,0.269924,0.273659,0.7278,2.1215,1,1,3816.794,nan
zb1124,abierto,B5,104.5357,0.222079,4.4801,43.1372,100.0,12.9032,CRITICA,10.166,0.571737,16.1574,58.7345,0.232456,0.206221,4.6726,7.1407,1,1,3547.357,nan
zb1124,abierto,B10,104.5357,0.222079,9.4525,55.4238,93.5823,15.5197,CRITICA,11.462,0.693172,14.7661,46.981,0.228673,0.224175,2.9693,0.9438,1,1,3844.675,nan
zb1124,abierto,B15,104.5357,0.222079,14.4751,62.7889,80.021,17.8568,CRITICA,12.3792,0.748783,14.3608,39.9355,0.221917,0.220931,0.073,0.517,1,1,3891.051,nan
zb1124,abierto,B25,104.5357,0.222079,24.4917,71.9907,58.2255,21.9933,CRITICA,13.8022,0.813855,14.5345,31.1329,0.220267,0.228648,0.8159,2.958,1,1,3947.888,nan
zb1124,abierto,B40,104.5357,0.222079,39.4911,80.9726,51.0761,27.5881,BIEN,15.6917,0.876789,15.756,22.5407,0.222155,0.231534,0.0339,4.2573,1,1,3343.364,nan
zb1144,abierto,B5,104.7685,0.234201,4.4777,43.4124,100.0,12.6165,CRITICA,10.134,0.577261,16.1036,58.5635,0.248113,0.2315,5.9404,1.1531,1,1,3782.148,nan
zb1144,abierto,B10,104.7685,0.234201,9.5178,55.5737,93.788,15.1188,CRITICA,11.4191,0.694474,14.7285,46.9558,0.243678,0.246172,4.0468,5.1115,1,1,3825.555,nan
zb1144,abierto,B15,104.7685,0.234201,14.5309,62.7301,80.1568,17.3827,CRITICA,12.3072,0.749214,14.3617,40.1251,0.245597,0.241475,4.8659,3.1062,1,1,3614.023,nan
zb1144,abierto,B25,104.7685,0.234201,24.4787,72.1417,58.2041,21.5876,CRITICA,13.7544,0.817224,14.4961,31.1419,0.241925,0.241044,3.2984,2.9222,1,1,3723.008,nan
zb1144,abierto,B40,104.7685,0.234201,39.4842,81.0865,51.6641,27.1114,BIEN,15.6196,0.879751,15.7176,22.6041,0.235909,0.229814,0.7295,1.8731,1,1,2771.619,nan
zb1179,abierto,B5,105.6491,0.246349,4.4648,43.2593,100.0,12.7007,CRITICA,10.0525,0.572638,16.1219,59.0537,0.254382,0.233562,3.2606,5.1908,1,1,3805.175,nan
zb1179,abierto,B10,105.6491,0.246349,9.4686,55.5716,94.3255,15.016,CRITICA,11.3434,0.691689,14.7249,47.3999,0.249163,0.252661,1.142,2.5619,1,1,3204.101,nan
zb1179,abierto,B15,105.6491,0.246349,14.49,62.8936,80.411,17.4691,CRITICA,12.2543,0.750287,14.3277,40.4693,0.243446,0.24976,1.1787,1.3843,1,1,3601.008,nan
zb1179,abierto,B25,105.6491,0.246349,24.5023,72.1966,57.7578,21.4427,CRITICA,13.6715,0.815437,14.4905,31.6638,0.243296,0.253304,1.2395,2.8232,1,1,3271.181,nan
zb1179,abierto,B40,105.6491,0.246349,39.5103,81.2171,50.9111,26.8734,BIEN,15.5327,0.877467,15.6945,23.1256,0.245338,0.249363,0.4107,1.2234,1,1,3544.842,nan
zb1237,abierto,B5,105.8072,0.22614,4.4627,43.0312,100.0,13.0846,CRITICA,9.9788,0.55826,16.1614,59.3306,0.239342,0.2139,5.8376,5.4126,1,1,3472.222,nan
zb1237,abierto,B10,105.8072,0.22614,9.4759,55.374,93.7705,15.5452,CRITICA,11.2606,0.682179,14.7549,47.6651,0.235884,0.228866,4.3084,1.2052,1,1,3581.662,nan
zb1237,abierto,B15,105.8072,0.22614,14.4788,62.6776,79.4388,18.0092,CRITICA,12.1643,0.740503,14.3588,40.7625,0.23313,0.224085,3.0906,0.9088,1,1,3245.699,nan
zb1237,abierto,B25,105.8072,0.22614,24.493,71.9744,58.5515,22.0434,CRITICA,13.5683,0.805642,14.5254,31.9759,0.237642,0.237753,5.0858,5.1351,1,1,3435.246,nan
zb1237,abierto,B40,105.8072,0.22614,39.5076,80.9704,51.113,27.6359,BIEN,15.4173,0.870234,15.7414,23.4736,0.233096,0.231438,3.0757,2.3426,1,1,3321.156,nan
zb1246,abierto,B5,110.5984,0.236615,4.4343,42.9844,100.0,13.0377,CRITICA,9.4468,0.53297,16.1655,61.1347,0.248469,0.225481,5.0098,4.7054,1,1,3799.392,nan
zb1246,abierto,B10,110.5984,0.236615,9.4378,55.2824,94.603,15.3267,CRITICA,10.6482,0.660015,14.7652,50.0152,0.245978,0.243197,3.9571,2.7818,1,1,3738.318,nan
zb1246,abierto,B15,110.5984,0.236615,14.5163,62.7022,79.6115,17.6512,CRITICA,11.51,0.717404,14.3582,43.3064,0.237964,0.252778,0.5702,6.8309,1,1,3254.149,nan
zb1246,abierto,B25,110.5984,0.236615,24.4858,71.9744,59.9856,21.6599,CRITICA,12.8064,0.786331,14.5267,34.9227,0.246258,0.24823,4.0757,4.9091,1,1,3022.975,nan
zb1246,abierto,B40,110.5984,0.236615,39.5028,81.0056,49.8088,27.234,BIEN,14.5301,0.855694,15.7357,26.757,0.24101,0.248173,1.8577,4.8848,1,1,3746.722,nan
zc0027,abierto,B5,107.2651,0.307631,4.4326,42.9318,100.0,14.9869,CRITICA,10.8702,0.552606,16.027,59.976,0.302189,0.285182,1.7689,7.2974,1,1,3711.953,nan
zc0027,abierto,B10,107.2651,0.307631,9.4267,55.3787,96.9318,17.2806,CRITICA,12.3956,0.685254,14.6116,48.3721,0.312354,0.307889,1.5353,0.0839,1,1,3976.143,nan
zc0027,abierto,B15,107.2651,0.307631,14.4922,62.8851,88.8626,19.1947,CRITICA,13.4788,0.749291,14.1994,41.3741,0.302618,0.304292,1.6296,1.0856,1,1,3687.316,nan
zc0027,abierto,B25,107.2651,0.307631,24.485,72.4062,53.4903,22.682,CRITICA,15.172,0.818961,14.3108,32.4979,0.299149,0.300137,2.7572,2.4362,1,1,3559.986,nan
zc0027,abierto,B40,107.2651,0.307631,39.5114,81.6192,35.5509,27.2961,BIEN,17.351,0.882745,15.4515,23.9089,0.298279,0.299781,3.0399,2.5517,1,1,3444.712,nan
zc0102,abierto,B5,109.982,0.28996,4.4482,43.0202,100.0,14.9453,CRITICA,10.5251,0.546083,16.0278,60.8843,0.275886,0.279313,4.8537,3.6718,1,1,3637.686,nan
zc0102,abierto,B10,109.982,0.28996,9.4528,55.5304,95.9964,17.2406,CRITICA,11.9944,0.678556,14.6036,49.5096,0.276492,0.300557,4.6447,3.6545,1,1,3984.064,nan
zc0102,abierto,B15,109.982,0.28996,14.5124,62.8352,89.3497,19.1883,CRITICA,12.9993,0.740755,14.2165,42.8678,0.284438,0.294944,1.9043,1.7189,1,1,3424.657,nan
zc0102,abierto,B25,109.982,0.28996,24.4881,72.4022,55.9937,22.7262,CRITICA,14.5935,0.812756,14.3194,34.1691,0.28146,0.289815,2.9314,0.0502,1,1,3593.245,nan
zc0102,abierto,B40,109.982,0.28996,39.5338,81.6314,35.3781,27.3802,BIEN,16.6309,0.877251,15.457,25.7775,0.28113,0.286027,3.0452,1.3566,1,1,3196.931,nan
zc0189,abierto,B5,107.0992,0.294965,4.4229,43.3332,100.0,13.9916,CRITICA,10.9937,0.551449,16.0176,59.5393,0.306902,0.284944,4.0467,3.3972,1,1,3746.722,nan
zc0189,abierto,B10,107.0992,0.294965,9.4255,55.741,97.4539,16.1732,CRITICA,12.5413,0.682313,14.5985,47.9538,0.305661,0.297757,3.6262,0.9464,1,1,3913.894,nan
zc0189,abierto,B15,107.0992,0.294965,14.4947,63.2864,90.2346,17.9734,CRITICA,13.6436,0.746192,14.1811,40.9086,0.305661,0.300822,3.6262,1.9856,1,1,2674.512,nan
zc0189,abierto,B25,107.0992,0.294965,24.5083,72.7652,54.7633,21.2654,CRITICA,15.3576,0.816463,14.2926,32.0581,0.314357,0.305633,6.5742,3.6168,1,1,1551.109,nan
zc0189,abierto,B40,107.0992,0.294965,39.4907,81.9943,35.1142,25.6534,BIEN,17.5682,0.881473,15.4194,23.4409,0.309662,0.309055,4.9825,4.7767,1,1,2670.227,nan
zc0386,abierto,B5,109.7523,0.300409,4.4346,43.1197,100.0,14.5587,CRITICA,10.5523,0.542323,16.0321,60.7118,0.289297,0.283366,3.6988,5.6733,1,1,3568.88,nan
zc0386,abierto,B10,109.7523,0.300409,9.4636,55.6138,95.7946,16.8051,CRITICA,12.0228,0.67407,14.6079,49.3279,0.295951,0.31433,1.484,4.6342,1,1,3625.816,nan
zc0386,abierto,B15,109.7523,0.300409,14.4706,62.9946,89.6388,18.7856,CRITICA,13.0403,0.736924,14.2047,42.6029,0.313155,0.312465,4.2428,4.0133,1,1,3473.428,nan
zc0386,abierto,B25,109.7523,0.300409,24.5061,72.4424,56.574,22.3244,CRITICA,14.638,0.809076,14.3259,33.9946,0.314686,0.308239,4.7526,2.6065,1,1,3577.817,nan
zc0386,abierto,B40,109.7523,0.300409,39.4863,81.7104,35.7934,26.8688,BIEN,16.6747,0.874694,15.4531,25.5502,0.31133,0.310063,3.6355,3.2137,1,1,3556.188,nan
zc0442,abierto,B5,111.1873,0.304034,4.4144,43.1639,100.0,14.2707,CRITICA,10.4049,0.5353,16.0425,61.1791,0.290687,0.28015,4.3901,7.8556,1,1,3827.019,nan
zc0442,abierto,B10,111.1873,0.304034,9.4091,55.5715,95.6083,16.4743,CRITICA,11.8343,0.666625,14.6214,50.02,0.306048,0.308422,0.6626,1.4432,1,1,3703.704,nan
zc0442,abierto,B15,111.1873,0.304034,14.486,63.1325,89.9668,18.3698,CRITICA,12.853,0.731354,14.2031,43.2197,0.309938,0.304715,1.9419,0.224,1,1,2648.305,nan
zc0442,abierto,B25,111.1873,0.304034,24.5017,72.5958,58.045,21.8099,CRITICA,14.4066,0.803997,14.319,34.7086,0.307352,0.314313,1.0913,3.3809,1,1,3467.406,nan
zc0442,abierto,B40,111.1873,0.304034,39.481,81.8517,35.9914,26.343,BIEN,16.3838,0.870515,15.442,26.384,0.304315,0.301338,0.0926,0.8868,1,1,3444.712,nan
zc0507,abierto,B5,109.7088,0.298926,4.4283,43.1016,100.0,14.6539,CRITICA,10.5794,0.545417,16.0367,60.7127,0.291517,0.286226,2.4786,4.2486,1,1,1801.477,nan
zc0507,abierto,B10,109.7088,0.298926,9.4619,55.5035,96.0935,17.0592,CRITICA,12.053,0.67671,14.6151,49.4084,0.310706,0.309437,3.9407,3.5163,1,1,3495.281,nan
zc0507,abierto,B15,109.7088,0.298926,14.478,62.945,89.4079,18.9756,CRITICA,13.0765,0.739348,14.2099,42.6254,0.306251,0.312275,2.4505,4.4658,1,1,3828.484,nan
zc0507,abierto,B25,109.7088,0.298926,24.5123,72.3931,56.2965,22.4487,CRITICA,14.6797,0.811482,14.3296,34.0134,0.301219,0.306458,0.7671,2.5198,1,1,3381.806,nan
zc0507,abierto,B40,109.7088,0.298926,39.4863,81.6509,35.7139,26.9951,BIEN,16.7231,0.876526,15.4577,25.5749,0.304547,0.304989,1.8803,2.0284,1,1,3667.033,nan
zc0686,abierto,B5,110.3356,0.300033,4.4081,42.9169,100.0,14.7243,CRITICA,10.4283,0.535233,16.0601,61.1033,0.300815,0.289132,0.2603,3.6333,1,1,3038.59,nan
zc0686,abierto,B10,110.3356,0.300033,9.4382,55.3747,95.2396,17.1736,CRITICA,11.8784,0.668244,14.6311,49.8125,0.298384,0.305138,0.5496,1.7014,1,1,3577.817,nan
zc0686,abierto,B15,110.3356,0.300033,14.4769,62.8976,90.1861,19.0234,CRITICA,12.8837,0.732164,14.2151,42.9943,0.289094,0.300644,3.6461,0.2034,1,1,3556.188,nan
zc0686,abierto,B25,110.3356,0.300033,24.4903,72.3673,56.9349,22.4798,CRITICA,14.4408,0.804778,14.3343,34.4116,0.299366,0.299821,0.2225,0.0709,1,1,3580.379,nan
zc0686,abierto,B40,110.3356,0.300033,39.4985,81.6252,36.2223,27.1941,BIEN,16.4464,0.871766,15.469,26.0209,0.297101,0.305188,0.9772,1.7181,1,1,3484.321,nan
zc0809,abierto,B5,110.6774,0.30899,4.4233,43.2112,100.0,14.1907,CRITICA,10.4802,0.542562,16.0427,60.9575,0.297623,0.295157,3.6791,4.477,1,1,3669.725,nan
zc0809,abierto,B10,110.6774,0.30899,9.458,55.6752,95.4647,16.5184,CRITICA,11.9401,0.673933,14.6142,49.696,0.298524,0.308761,3.3872,0.0742,1,1,3556.188,nan
zc0809,abierto,B15,110.6774,0.30899,14.4759,63.1395,90.8595,18.3132,CRITICA,12.9471,0.736814,14.204,42.9518,0.294746,0.319407,4.6101,3.3712,1,1,3664.346,nan
zc0809,abierto,B25,110.6774,0.30899,24.5001,72.6095,58.2041,21.7112,CRITICA,14.5136,0.808857,14.319,34.3954,0.296579,0.310713,4.0168,0.5574,1,1,3229.974,nan
zc0809,abierto,B40,110.6774,0.30899,39.4997,81.8694,35.6692,26.2628,BIEN,16.5259,0.874761,15.4432,26.0288,0.2984,0.297929,3.4275,3.5799,1,1,3175.611,nan
zc0813,abierto,B5,110.4157,0.2834,4.4187,43.1829,100.0,14.1683,CRITICA,10.505,0.543943,16.0443,60.8906,0.271205,0.28129,4.303,0.7445,1,1,3571.429,nan
zc0813,abierto,B10,110.4157,0.2834,9.4509,55.6365,95.5481,16.5101,CRITICA,11.9699,0.674534,14.6163,49.6118,0.274935,0.298008,2.9868,5.1548,1,1,3297.066,nan
zc0813,abierto,B15,110.4157,0.2834,14.4768,63.1332,90.9255,18.3391,CRITICA,12.9846,0.738178,14.2011,42.8222,0.279938,0.294465,1.2214,3.9043,1,1,3759.399,nan
zc0813,abierto,B25,110.4157,0.2834,24.5006,72.6026,58.2914,21.7095,CRITICA,14.5592,0.81006,14.3168,34.2461,0.275356,0.291679,2.8384,2.9213,1,1,2485.707,nan
zc0813,abierto,B40,110.4157,0.2834,39.5041,81.8727,35.7449,26.247,BIEN,16.581,0.875763,15.4435,25.8505,0.272565,0.27543,3.823,2.8122,1,1,3615.329,nan
zc0842,abierto,B5,110.7705,0.312288,4.4322,43.1723,100.0,14.2234,CRITICA,10.4151,0.54222,16.0431,61.0255,0.289019,0.292092,7.4511,6.4671,1,1,3687.316,nan
zc0842,abierto,B10,110.7705,0.312288,9.464,55.6217,95.0397,16.6245,CRITICA,11.8609,0.673066,14.6169,49.7866,0.288599,0.306133,7.5857,1.9708,1,1,3549.876,nan
zc0842,abierto,B15,110.7705,0.312288,14.4653,63.0772,91.2011,18.473,CRITICA,12.8598,0.736587,14.2057,43.056,0.292161,0.308232,6.4451,1.2987,1,1,3416.468,nan
zc0842,abierto,B25,110.7705,0.312288,24.4882,72.5818,58.0139,21.9051,CRITICA,14.4148,0.80881,14.318,34.4755,0.291853,0.303125,6.5435,2.934,1,1,1974.724,nan
zc0842,abierto,B40,110.7705,0.312288,39.4958,81.8202,36.4222,26.5097,BIEN,16.4025,0.874523,15.4509,26.1354,0.292494,0.295811,6.3382,5.276,1,1,3595.829,nan
zc0852,abierto,B5,109.0033,0.299491,4.4127,43.2019,100.0,14.1785,CRITICA,10.6763,0.541991,16.0405,60.3665,0.299553,0.292113,0.0206,2.4635,1,1,3498.95,nan
zc0852,abierto,B10,109.0033,0.299491,9.4405,55.6757,96.2604,16.372,CRITICA,12.1653,0.67376,14.6162,48.9229,0.310342,0.30806,3.6231,2.861,1,1,3422.313,nan
zc0852,abierto,B15,109.0033,0.299491,14.5037,63.1451,90.7159,18.3759,CRITICA,13.2154,0.736798,14.2022,42.0705,0.302301,0.300649,0.9382,0.3867,1,1,3599.712,nan
zc0852,abierto,B25,109.0033,0.299491,24.4895,72.5848,55.8967,21.7208,CRITICA,14.8269,0.808862,14.3198,33.4105,0.301355,0.305579,0.6223,2.0328,1,1,3667.033,nan
zc0852,abierto,B40,109.0033,0.299491,39.4881,81.8566,35.5644,26.2454,BIEN,16.9131,0.875247,15.4468,24.9045,0.310836,0.298032,3.788,0.4873,1,1,3254.149,nan
zc1127,abierto,B5,110.4196,0.292988,4.4171,43.0088,100.0,14.5316,CRITICA,10.4359,0.541538,16.0606,61.0497,0.286921,0.286506,2.0708,2.2123,1,1,3213.367,nan
zc1127,abierto,B10,110.4196,0.292988,9.4387,55.4791,94.8204,16.9417,CRITICA,11.8867,0.674327,14.6299,49.7561,0.294587,0.303738,0.5458,3.6692,1,1,3658.983,nan
zc1127,abierto,B15,110.4196,0.292988,14.483,62.985,90.6441,18.7723,CRITICA,12.8882,0.737786,14.2151,42.9585,0.301708,0.314306,2.9763,7.276,1,1,3491.62,nan
zc1127,abierto,B25,110.4196,0.292988,24.4856,72.4615,57.7946,22.2548,CRITICA,14.4446,0.809786,14.3299,34.3762,0.292361,0.307806,0.2139,5.0574,1,1,3766.478,nan
zc1127,abierto,B40,110.4196,0.292988,39.5023,81.7056,36.2087,26.9184,BIEN,16.4434,0.875375,15.465,26.0044,0.29491,0.292099,0.6558,0.3036,1,1,3506.311,nan
zc1135,abierto,B5,110.3833,0.285628,4.4184,43.0664,100.0,14.386,CRITICA,10.4582,0.544855,16.0565,60.9847,0.288621,0.290321,1.048,1.6432,1,1,3750.938,nan
zc1135,abierto,B10,110.3833,0.285628,9.4357,55.5137,94.9543,16.8227,CRITICA,11.9124,0.676423,14.627,49.7082,0.283091,0.299559,0.888,4.8773,1,1,3903.201,nan
zc1135,abierto,B15,110.3833,0.285628,14.4786,63.0232,90.941,18.637,CRITICA,12.918,0.739784,14.2116,42.9052,0.2796,0.304095,2.1105,6.4654,1,1,3614.022,nan
zc1135,abierto,B25,110.3833,0.285628,24.4854,72.5272,57.9247,22.1017,CRITICA,14.4832,0.811716,14.3236,34.2952,0.275716,0.295815,3.4703,3.5665,1,1,2558.199,nan
zc1135,abierto,B40,110.3833,0.285628,39.4971,81.7549,36.267,26.7194,BIEN,16.4846,0.876633,15.4594,25.9354,0.284891,0.283365,0.2581,0.7924,1,1,3861.004,nan
zc1176,abierto,B5,108.3552,0.303197,4.4183,43.3073,100.0,13.7995,CRITICA,10.7327,0.552377,16.0327,60.0321,0.297933,0.289102,1.7362,4.6488,1,1,3326.68,nan
zc1176,abierto,B10,108.3552,0.303197,9.4375,55.7315,96.01,16.1236,CRITICA,12.229,0.682186,14.6108,48.566,0.310023,0.311946,2.2511,2.8855,1,1,3637.686,nan
zc1176,abierto,B15,108.3552,0.303197,14.496,63.2345,90.8944,18.1429,CRITICA,13.2891,0.745008,14.1937,41.6415,0.303635,0.311762,0.1443,2.8246,1,1,2412.545,nan
zc1176,abierto,B25,108.3552,0.303197,24.4512,72.6883,57.3968,21.5861,CRITICA,14.9269,0.816349,14.2997,32.9167,0.312801,0.317014,3.1673,4.5569,1,1,3829.95,nan
zc1176,abierto,B40,108.3552,0.303197,39.5066,81.9395,36.3931,26.0299,BIEN,17.0263,0.880307,15.4386,24.3788,0.312296,0.304937,3.001,0.5737,1,1,3451.847,nan
zc1181,abierto,B5,108.9787,0.295334,4.4288,43.3541,100.0,13.8261,CRITICA,10.6711,0.549316,16.0282,60.2178,0.292759,0.28902,0.8719,2.1381,1,1,3361.344,nan
zc1181,abierto,B10,108.9787,0.295334,9.4606,55.7775,95.8645,16.1234,CRITICA,12.1569,0.678925,14.6074,48.8179,0.297782,0.31064,0.8289,5.1826,1,1,3725.782,nan
zc1181,abierto,B15,108.9787,0.295334,14.5022,63.2324,91.3427,18.1557,CRITICA,13.2031,0.74137,14.1948,41.9773,0.296864,0.309134,0.5179,4.6726,1,1,3732.736,nan
zc1181,abierto,B25,108.9787,0.295334,24.5,72.6473,57.2668,21.5199,CRITICA,14.8072,0.812989,14.314,33.3381,0.296161,0.308395,0.2797,4.4224,1,1,3075.031,nan
zc1181,abierto,B40,108.9787,0.295334,39.4972,81.9282,35.9875,25.9905,BIEN,16.8854,0.878303,15.4383,24.8219,0.29374,0.292619,0.5398,0.9193,1,1,3742.515,nan
zc1316,abierto,B5,110.0777,0.290126,4.4006,43.0525,100.0,14.2764,CRITICA,10.5152,0.545117,16.0615,60.889,0.296007,0.284506,2.0271,1.9371,1,1,3742.515,nan
zc1316,abierto,B10,110.0777,0.290126,9.4042,55.5719,95.2512,16.6925,CRITICA,11.9892,0.677679,14.6174,49.5157,0.290575,0.30218,0.1547,4.1547,1,1,3611.412,nan
zc1316,abierto,B15,110.0777,0.290126,14.4693,63.045,91.0128,18.4875,CRITICA,12.9988,0.740314,14.2104,42.7268,0.294566,0.306949,1.5305,5.7985,1,1,2959.456,nan
zc1316,abierto,B25,110.0777,0.290126,24.4694,72.5807,57.6083,21.9278,CRITICA,14.5855,0.812699,14.3148,34.0641,0.287907,0.299798,0.7649,3.3338,1,1,3822.63,nan
zc1316,abierto,B40,110.0777,0.290126,39.4653,81.8296,35.9099,26.4947,BIEN,16.6083,0.877434,15.4418,25.6619,0.283509,0.292898,2.2808,0.9555,1,1,3334.445,nan
zc1434,abierto,B5,108.27,0.312443,4.4258,43.2772,100.0,14.1246,CRITICA,10.7703,0.555392,16.0274,60.0284,0.283954,0.2895,9.118,7.3431,1,1,3752.345,nan
zc1434,abierto,B10,108.27,0.312443,9.4331,55.6951,95.9596,16.3617,CRITICA,12.2712,0.685461,14.6104,48.559,0.287043,0.311738,8.1296,0.2256,1,1,3745.318,nan
zc1434,abierto,B15,108.27,0.312443,14.5146,63.082,90.6014,18.4446,CRITICA,13.3277,0.747738,14.2078,41.7365,0.295159,0.300275,5.5319,3.8944,1,1,3895.598,nan
zc1434,abierto,B25,108.27,0.312443,24.5048,72.6105,57.0999,21.7667,CRITICA,14.9664,0.817737,14.3137,32.9357,0.295985,0.299932,5.2675,4.004,1,1,3417.635,nan
zc1434,abierto,B40,108.27,0.312443,39.4975,81.8633,36.0127,26.3286,BIEN,17.0954,0.881985,15.4415,24.3897,0.294065,0.294386,5.8821,5.7793,1,1,3847.634,nan
zc1452,abierto,B5,109.2273,0.292933,4.4196,42.9943,100.0,14.6756,CRITICA,10.6014,0.550116,16.0553,60.6378,0.29359,0.287866,0.2244,1.7296,1,1,3930.818,nan
zc1452,abierto,B10,109.2273,0.292933,9.4299,55.4857,95.2939,16.9592,CRITICA,12.0782,0.68248,14.6266,49.2016,0.298832,0.307963,2.0139,5.131,1,1,3900.156,nan
zc1452,abierto,B15,109.2273,0.292933,14.5179,62.8517,90.1628,19.0014,CRITICA,13.1024,0.744654,14.2323,42.4579,0.290488,0.305763,0.8347,4.3798,1,1,3900.156,nan
zc1452,abierto,B25,109.2273,0.292933,24.4861,72.4191,56.6516,22.5221,CRITICA,14.7146,0.816292,14.3293,33.6987,0.295986,0.302196,1.0423,3.1622,1,1,4066.694,nan
zc1452,abierto,B40,109.2273,0.292933,39.498,81.639,35.7333,27.1608,BIEN,16.7711,0.880041,15.4673,25.2577,0.301306,0.301923,2.8584,3.069,1,1,3449.465,nan
zc1490,abierto,B5,108.0737,0.295927,4.4218,43.2154,100.0,14.2262,CRITICA,10.7971,0.555347,16.0345,60.013,0.293024,0.28779,0.981,2.7495,1,1,2695.418,nan
zc1490,abierto,B10,108.0737,0.295927,9.4244,55.6797,95.9945,16.3762,CRITICA,12.3045,0.686162,14.6134,48.4799,0.282354,0.297264,4.5866,0.4517,1,1,3328.895,nan
zc1490,abierto,B15,108.0737,0.295927,14.515,63.0787,90.322,18.3939,CRITICA,13.3647,0.749051,14.211,41.6336,0.292286,0.312058,1.2303,5.451,1,1,3614.023,nan
zc1490,abierto,B25,108.0737,0.295927,24.4805,72.6412,56.8748,21.7535,CRITICA,15.0156,0.819009,14.3091,32.7854,0.290035,0.302587,1.9911,2.2506,1,1,3835.827,nan
zc1490,abierto,B40,108.0737,0.295927,39.4982,81.8488,35.8614,26.3294,BIEN,17.1485,0.882657,15.4439,24.2657,0.293926,0.291232,0.676,1.5866,1,1,2477.087,nan
zc1576,abierto,B5,106.839,0.297967,4.4252,43.3235,100.0,13.8972,CRITICA,10.9666,0.563584,16.0224,59.4497,0.281275,0.284153,5.6022,4.6363,1,1,3407.155,nan
zc1576,abierto,B10,106.839,0.297967,9.4495,55.7633,96.5495,16.0911,CRITICA,12.5065,0.692699,14.6019,47.8062,0.292637,0.302546,1.7888,1.5365,1,1,3415.3,nan
zc1576,abierto,B15,106.839,0.297967,14.4845,63.2219,90.4772,18.0732,CRITICA,13.5974,0.755284,14.1881,40.8251,0.293734,0.296607,1.4209,0.4567,1,1,1911.68,nan
zc1576,abierto,B25,106.839,0.297967,24.4885,72.7366,56.8068,21.4997,CRITICA,15.3069,0.824473,14.2933,31.9194,0.294619,0.300439,1.1239,0.8296,1,1,2352.941,nan
zc1576,abierto,B40,106.839,0.297967,39.507,81.9608,35.6983,25.9177,BIEN,17.5013,0.887434,15.4266,23.2857,0.289473,0.296035,2.851,0.6484,1,1,2558.854,nan
zc1667,abierto,B5,108.0851,0.301011,4.4161,43.1628,100.0,14.3387,CRITICA,10.7821,0.553043,16.0391,60.0659,0.294119,0.287679,2.2894,4.4291,1,1,3517.411,nan
zc1667,abierto,B10,108.0851,0.301011,9.4295,55.6098,95.9072,16.5873,CRITICA,12.2862,0.684134,14.618,48.55,0.293693,0.305184,2.4309,1.3863,1,1,3239.391,nan
zc1667,abierto,B15,108.0851,0.301011,14.5176,62.9823,90.1143,18.587,CRITICA,13.3385,0.746597,14.2206,41.729,0.296191,0.299761,1.6012,0.4152,1,1,2248.707,nan
zc1667,abierto,B25,108.0851,0.301011,24.4758,72.5707,56.2615,22.004,CRITICA,14.9931,0.817519,14.3137,32.8579,0.303117,0.309753,0.6996,2.9042,1,1,3720.238,nan
zc1667,abierto,B40,108.0851,0.301011,39.4887,81.783,35.7876,26.5737,BIEN,17.1175,0.881474,15.4509,24.3347,0.303304,0.297545,0.7619,1.1514,1,1,3305.785,nan
