imagen_id,estado_ojo,nivel_brillo,brillo_ref,ear_ref,brillo_oscura,brillo_mejorada,darkpct_mejorada,std_mejorada,nivel_ilum,psnr_vs_ref,ssim_vs_ref,psnr_vs_oscura,error_brillo_pct,ear_mejorada,ear_oscura,ear_error_mej_pct,ear_error_osc_pct,deteccion_ref,deteccion_mejorada,fps,flops
closed_eye_0002.jpg_face_2,cerrado,B5,119.98,0.108019,4.4706,118.755,33.2349,72.8152,BIEN,23.2594,0.56481,5.6729,1.021,nan,nan,nan,nan,1,0,15.086,nan
closed_eye_0002.jpg_face_2,cerrado,B10,119.98,0.108019,9.5192,126.797,28.4237,71.995,BIEN,24.6889,0.64327,5.6257,5.6818,0.079274,0.164268,26.6114,52.0735,1,1,31.214,nan
closed_eye_0002.jpg_face_2,cerrado,B15,119.98,0.108019,14.5244,133.6843,25.6376,72.743,BIEN,22.4711,0.66186,5.5709,11.4222,0.074011,0.144593,31.4834,33.8593,1,1,31.31,nan
closed_eye_0002.jpg_face_2,cerrado,B25,119.98,0.108019,24.4995,135.2497,24.7729,72.377,BIEN,22.0397,0.67856,6.2337,12.7268,0.091017,0.096339,15.7397,10.8133,1,1,31.41,nan
closed_eye_0002.jpg_face_2,cerrado,B40,119.98,0.108019,39.649,136.7016,23.9902,72.1158,BIEN,21.5778,0.688579,7.4155,13.937,0.099944,0.07431,7.4758,31.2062,1,1,30.794,nan
closed_eye_0003.jpg_face_2,cerrado,B5,169.273,0.062583,4.4199,161.0991,11.7695,51.9384,BIEN,19.5079,0.669478,3.8665,4.8288,nan,nan,nan,nan,1,0,1041.016,nan
closed_eye_0003.jpg_face_2,cerrado,B10,169.273,0.062583,9.4163,175.167,8.9294,51.6014,BIEN,25.6264,0.830375,3.3055,3.4819,nan,nan,nan,nan,1,0,1194.458,nan
closed_eye_0003.jpg_face_2,cerrado,B15,169.273,0.062583,14.5376,177.9721,8.871,53.4421,BIEN,25.3036,0.839059,3.4939,5.1391,nan,0.150599,nan,140.6366,1,0,1191.185,nan
closed_eye_0003.jpg_face_2,cerrado,B25,169.273,0.062583,24.4746,182.3906,8.158,52.6333,BIEN,23.5496,0.852038,3.7775,7.7494,0.064862,nan,3.6401,nan,1,1,1188.354,nan
closed_eye_0003.jpg_face_2,cerrado,B40,169.273,0.062583,39.5072,184.3042,8.2983,54.0634,BIEN,22.7208,0.850326,4.5552,8.8799,0.071949,0.08543,14.9656,36.5066,1,1,1187.507,nan
closed_eye_0007.jpg_face_1,cerrado,B5,148.5356,0.032973,4.3259,139.3083,25.613,76.136,BIEN,21.1451,0.704089,4.6058,6.2122,0.051323,nan,55.6509,nan,1,1,586.201,nan
closed_eye_0007.jpg_face_1,cerrado,B10,148.5356,0.032973,9.5459,155.1443,23.3865,76.5426,BIEN,25.9586,0.849277,4.0513,4.4493,0.031175,0.093689,5.4524,184.1394,1,1,681.013,nan
closed_eye_0007.jpg_face_1,cerrado,B15,148.5356,0.032973,14.4588,161.542,22.895,78.4518,BIEN,23.4467,0.856808,3.9795,8.7565,0.033286,0.065649,0.9489,99.1003,1,1,652.869,nan
closed_eye_0007.jpg_face_1,cerrado,B25,148.5356,0.032973,24.474,162.9316,22.6058,78.2755,BIEN,23.0049,0.877333,4.5213,9.692,0.032985,0.034492,0.0349,4.6054,1,1,681.292,nan
closed_eye_0007.jpg_face_1,cerrado,B40,148.5356,0.032973,39.4854,165.5845,22.3572,78.7199,BIEN,21.8053,0.878767,5.3734,11.478,0.032673,0.023524,0.9106,28.6564,1,1,683.293,nan
closed_eye_0013.BMP_face_1,cerrado,B5,99.3546,0.100251,4.4353,106.4009,49.9886,89.3669,BIEN,20.6439,0.648008,5.8184,7.092,0.086656,0.147124,13.5605,46.756,1,1,665.292,nan
closed_eye_0013.BMP_face_1,cerrado,B10,99.3546,0.100251,9.4424,111.1256,48.0576,87.7237,BIEN,20.3731,0.695718,5.9996,11.8474,0.095688,0.088153,4.5515,12.0677,1,1,650.915,nan
closed_eye_0013.BMP_face_1,cerrado,B15,99.3546,0.100251,14.4862,112.7093,47.4083,87.3942,BIEN,20.1376,0.696223,6.3442,13.4414,0.102675,0.090263,2.4177,9.9627,1,1,647.082,nan
closed_eye_0013.BMP_face_1,cerrado,B25,99.3546,0.100251,24.5244,114.4017,47.095,88.4093,BIEN,19.5647,0.693613,7.0961,15.1448,0.093056,0.077245,7.1765,22.9486,1,1,663.086,nan
closed_eye_0013.BMP_face_1,cerrado,B40,99.3546,0.100251,39.4744,113.6447,47.2374,88.3048,BIEN,19.7216,0.695977,8.7154,14.3829,0.097167,0.073886,3.0758,26.2993,1,1,667.869,nan
closed_eye_0015.jpg_face_1,cerrado,B5,136.8367,0.044322,4.4336,137.4679,19.5295,64.1389,BIEN,21.4603,0.713118,4.8168,0.4613,0.033182,0.151165,25.1357,241.0586,1,1,482.207,nan
closed_eye_0015.jpg_face_1,cerrado,B10,136.8367,0.044322,9.4298,142.3406,18.9555,63.5134,BIEN,25.3048,0.855012,4.7739,4.0223,0.04737,0.120542,6.8767,171.967,1,1,511.457,nan
closed_eye_0015.jpg_face_1,cerrado,B15,136.8367,0.044322,14.4959,152.0931,17.2867,64.4063,BIEN,22.0377,0.87312,4.5342,11.1493,0.066307,0.104138,49.6012,134.9564,1,1,479.962,nan
closed_eye_0015.jpg_face_1,cerrado,B25,136.8367,0.044322,24.5149,150.9495,17.1308,63.3063,BIEN,22.9265,0.893948,5.279,10.3136,0.058629,0.08159,32.2788,84.0833,1,1,472.099,nan
closed_eye_0015.jpg_face_1,cerrado,B40,136.8367,0.044322,39.5172,154.927,16.4647,63.6217,BIEN,21.2795,0.89639,6.1164,13.2204,0.039244,0.063132,11.4574,42.4396,1,1,504.363,nan
closed_eye_0019.jpg_face_1,cerrado,B5,133.3445,0.028059,4.5093,179.1697,3.3606,44.4051,BIEN,13.0928,0.67314,2.79,34.3661,0.130675,nan,365.7204,nan,1,1,1864.628,nan
closed_eye_0019.jpg_face_1,cerrado,B10,133.3445,0.028059,9.4688,181.8204,3.2766,44.8049,BIEN,14.2865,0.810964,3.2501,36.3539,0.033997,nan,21.1626,nan,1,1,1915.709,nan
closed_eye_0019.jpg_face_1,cerrado,B15,133.3445,0.028059,14.4234,188.2031,1.6593,43.1985,BIEN,13.105,0.81691,3.1117,41.1405,0.028295,0.138039,0.8413,391.9669,1,1,1873.01,nan
closed_eye_0019.jpg_face_1,cerrado,B25,133.3445,0.028059,24.5026,178.5054,4.2218,46.2496,BIEN,14.4663,0.850782,4.0798,33.8678,0.034587,0.076689,23.2657,173.3156,1,1,1896.813,nan
closed_eye_0019.jpg_face_1,cerrado,B40,133.3445,0.028059,39.456,185.0657,2.6255,45.0044,BIEN,13.452,0.841018,4.5833,38.7877,0.021558,0.059347,23.1682,111.5118,1,1,1909.49,nan
closed_eye_0030.jpg_face_2,cerrado,B5,121.8991,0.057203,4.4935,127.1411,17.7828,55.2913,BIEN,20.8791,0.665539,5.4199,4.3003,0.061783,nan,8.0075,nan,1,1,42.195,nan
closed_eye_0030.jpg_face_2,cerrado,B10,121.8991,0.057203,9.3998,138.1546,15.5452,57.0025,BIEN,22.0935,0.825577,5.2276,13.3352,0.063217,nan,10.5144,nan,1,1,46.683,nan
closed_eye_0030.jpg_face_2,cerrado,B15,121.8991,0.057203,14.4943,140.6936,15.1402,56.8245,BIEN,21.3305,0.85123,5.4046,15.418,0.054064,0.081073,5.4874,41.73,1,1,47.984,nan
closed_eye_0030.jpg_face_2,cerrado,B25,121.8991,0.057203,24.4812,142.2192,14.7386,56.3934,BIEN,20.8776,0.877554,6.0045,16.6696,0.059065,0.064914,3.2561,13.4801,1,1,48.496,nan
closed_eye_0030.jpg_face_2,cerrado,B40,121.8991,0.057203,39.4884,141.3687,14.7598,55.7474,BIEN,21.3595,0.888481,7.2777,15.9719,0.062094,0.06243,8.5514,9.1382,1,1,48.2,nan
closed_eye_0032.jpg_face_1,cerrado,B5,156.1175,0.03677,4.41,153.086,23.3274,75.4215,BIEN,22.4521,0.616316,3.891,1.9418,0.098064,nan,166.6954,nan,1,1,49.6,nan
closed_eye_0032.jpg_face_1,cerrado,B10,156.1175,0.03677,9.4211,170.5196,21.0505,79.1139,BIEN,22.0028,0.722697,3.2578,9.2252,0.035645,0.114812,3.0606,212.2423,1,1,49.293,nan
closed_eye_0032.jpg_face_1,cerrado,B15,156.1175,0.03677,14.4195,172.4599,20.5223,78.5816,BIEN,21.8749,0.748121,3.4597,10.468,0.042234,0.066276,14.8586,80.2435,1,1,49.553,nan
closed_eye_0032.jpg_face_1,cerrado,B25,156.1175,0.03677,24.4474,177.2287,19.6723,78.3525,BIEN,20.2827,0.763552,3.7757,13.5227,0.03431,0.061365,6.6909,66.8875,1,1,50.312,nan
closed_eye_0032.jpg_face_1,cerrado,B40,156.1175,0.03677,39.4717,178.4105,19.3362,78.0094,BIEN,19.8942,0.766382,4.6087,14.2796,0.037255,0.031308,1.3184,14.855,1,1,49.272,nan
closed_eye_0033.jpg_face_2,cerrado,B5,115.7202,0.103117,4.3792,122.3748,24.68,59.8311,BIEN,22.0943,0.793548,5.9346,5.7506,0.162034,nan,57.1364,nan,1,1,2089.864,nan
closed_eye_0033.jpg_face_2,cerrado,B10,115.7202,0.103117,9.436,123.5878,23.6559,58.0805,BIEN,23.8272,0.853078,6.0613,6.7988,0.091455,0.204285,11.3094,98.1104,1,1,2282.063,nan
closed_eye_0033.jpg_face_2,cerrado,B15,115.7202,0.103117,14.4785,130.087,21.9662,60.2096,BIEN,21.8677,0.853455,6.0031,12.4152,0.108967,0.181718,5.6736,76.2255,1,1,2281.022,nan
closed_eye_0033.jpg_face_2,cerrado,B25,115.7202,0.103117,24.4887,124.6349,25.2432,61.3735,BIEN,23.1546,0.866869,7.0722,7.7037,0.119786,0.147701,16.1647,43.2361,1,1,2317.497,nan
closed_eye_0033.jpg_face_2,cerrado,B40,115.7202,0.103117,39.5146,123.223,25.9345,61.7948,BIEN,23.4338,0.871181,8.5483,6.4836,0.109537,0.115627,6.226,12.1323,1,1,2257.846,nan
closed_eye_0053.jpg_face_3,cerrado,B5,148.0864,0.068393,4.4003,150.1422,14.0444,52.7075,BIEN,21.1668,0.650328,4.3916,1.3882,nan,nan,nan,nan,1,0,146.535,nan
closed_eye_0053.jpg_face_3,cerrado,B10,148.0864,0.068393,9.4065,168.8251,9.2699,54.1788,BIEN,20.3585,0.80042,3.7007,14.0045,0.082983,nan,21.3323,nan,1,1,147.473,nan
closed_eye_0053.jpg_face_3,cerrado,B15,148.0864,0.068393,14.5445,175.5356,7.1416,54.4571,BIEN,18.8643,0.882394,3.649,18.5359,0.071729,nan,4.8781,nan,1,1,147.135,nan
closed_eye_0053.jpg_face_3,cerrado,B25,148.0864,0.068393,24.4206,179.2192,6.5234,54.5881,BIEN,17.9666,0.901464,4.0062,21.0234,0.083583,0.120849,22.2094,76.6974,1,1,146.406,nan
closed_eye_0053.jpg_face_3,cerrado,B40,148.0864,0.068393,39.4449,182.9012,5.9029,54.9465,BIEN,16.9661,0.90795,4.6641,23.5098,0.075568,0.094047,10.4912,37.5093,1,1,144.009,nan
closed_eye_0059.jpg_face_2,cerrado,B5,100.2889,0.10055,4.5156,109.0488,39.1691,55.9787,BIEN,22.5963,0.748005,6.6497,8.7346,0.129829,nan,29.1194,nan,1,1,118.814,nan
closed_eye_0059.jpg_face_2,cerrado,B10,100.2889,0.10055,9.394,103.3635,39.6113,53.4938,BIEN,26.1303,0.846263,7.492,3.0658,0.073546,0.185913,26.8558,84.8967,1,1,121.367,nan
closed_eye_0059.jpg_face_2,cerrado,B15,100.2889,0.10055,14.4737,108.3089,38.2694,53.7929,BIEN,24.9468,0.864919,7.5293,7.9969,0.076968,0.139378,23.4527,38.616,1,1,110.505,nan
closed_eye_0059.jpg_face_2,cerrado,B25,100.2889,0.10055,24.4416,105.4705,39.4381,54.7485,BIEN,25.4347,0.880094,8.6333,5.1667,0.076388,0.092954,24.0295,7.5545,1,1,111.377,nan
closed_eye_0059.jpg_face_2,cerrado,B40,100.2889,0.10055,39.4951,105.6842,39.4797,55.9595,BIEN,24.7603,0.884518,10.2218,5.3797,0.068579,0.097539,31.7959,2.9939,1,1,112.411,nan
closed_eye_0060.jpg_face_1,cerrado,B5,95.9278,0.047151,4.3218,109.8972,31.7837,62.7001,BIEN,20.9759,0.767925,6.6198,14.5624,0.056851,0.235312,20.5725,399.0655,1,1,792.079,nan
closed_eye_0060.jpg_face_1,cerrado,B10,95.9278,0.047151,9.4496,128.8907,28.9394,67.7461,BIEN,16.4592,0.860621,5.6085,34.3623,0.032314,0.105453,31.4665,123.6525,1,1,783.147,nan
closed_eye_0060.jpg_face_1,cerrado,B15,95.9278,0.047151,14.5006,127.668,28.3471,65.6604,BIEN,16.7819,0.874314,6.0599,33.0877,0.038953,0.076179,17.3858,61.5645,1,1,765.462,nan
closed_eye_0060.jpg_face_1,cerrado,B25,95.9278,0.047151,24.4788,128.9293,28.0854,65.2878,BIEN,16.6962,0.892396,6.8053,34.4025,0.028608,0.041047,39.3257,12.9444,1,1,775.014,nan
closed_eye_0060.jpg_face_1,cerrado,B40,95.9278,0.047151,39.5145,129.6632,27.9821,66.2899,BIEN,16.4481,0.897733,8.055,35.1676,0.039167,0.04361,16.9321,7.508,1,1,821.76,nan
closed_eye_0068.jpg_face_1,cerrado,B5,105.9201,0.047283,4.4441,134.8099,11.9093,49.9989,BIEN,16.6759,0.703797,5.2199,27.2751,0.065184,nan,37.8605,nan,1,1,990.786,nan
closed_eye_0068.jpg_face_1,cerrado,B10,105.9201,0.047283,9.4754,136.631,9.7778,45.6806,BIEN,17.7635,0.865858,5.5979,28.9944,0.060815,0.178913,28.6193,278.389,1,1,984.446,nan
closed_eye_0068.jpg_face_1,cerrado,B15,105.9201,0.047283,14.4941,134.2813,9.6689,43.7353,BIEN,18.2763,0.885448,6.0506,26.776,0.062169,0.12003,31.4824,153.8549,1,1,997.208,nan
closed_eye_0068.jpg_face_1,cerrado,B25,105.9201,0.047283,24.4923,137.9773,8.8798,44.4481,BIEN,17.4203,0.904395,6.5411,30.2655,0.058307,0.076357,23.3142,61.4904,1,1,998.303,nan
closed_eye_0068.jpg_face_1,cerrado,B40,105.9201,0.047283,39.4678,138.8257,8.9615,44.6932,BIEN,17.203,0.908578,7.6949,31.0664,0.053918,0.058163,14.0326,23.0109,1,1,1003.814,nan
closed_eye_0077.jpg_face_1,cerrado,B5,121.1229,0.062263,4.3748,143.1427,17.4527,66.8754,BIEN,18.7785,0.740119,4.5763,18.1797,0.086092,nan,38.2704,nan,1,1,574.053,nan
closed_eye_0077.jpg_face_1,cerrado,B10,121.1229,0.062263,9.5045,149.7641,15.9095,65.9241,BIEN,17.8166,0.83823,4.4616,23.6464,0.068891,0.081253,10.6445,30.4997,1,1,563.889,nan
closed_eye_0077.jpg_face_1,cerrado,B15,121.1229,0.062263,14.4575,158.0354,14.6074,67.1497,BIEN,16.1717,0.855899,4.3427,30.4753,0.061651,0.056574,0.9824,9.1377,1,1,561.136,nan
closed_eye_0077.jpg_face_1,cerrado,B25,121.1229,0.062263,24.5046,153.0593,15.0222,64.7557,BIEN,17.2387,0.883605,5.245,26.367,0.058984,0.054667,5.2662,12.1996,1,1,580.08,nan
closed_eye_0077.jpg_face_1,cerrado,B40,121.1229,0.062263,39.5111,155.2314,14.4965,65.1266,BIEN,16.741,0.883583,6.181,28.1603,0.061938,0.05214,0.5224,16.2594,1,1,575.838,nan
closed_eye_0086.jpg_face_2,cerrado,B5,78.7757,0.055506,4.5073,88.9468,38.0135,55.4972,BIEN,22.0239,0.753546,7.9877,12.9115,0.060759,0.173146,9.4635,211.9381,1,1,172.9,nan
closed_eye_0086.jpg_face_2,cerrado,B10,78.7757,0.055506,9.4776,99.5489,33.3982,58.9361,BIEN,19.7873,0.85768,7.6485,26.37,0.06477,0.121148,16.6885,118.2593,1,1,164.935,nan
closed_eye_0086.jpg_face_2,cerrado,B15,78.7757,0.055506,14.4917,98.9323,33.5593,57.5373,BIEN,20.2605,0.884975,8.2302,25.5873,0.055584,0.101621,0.1401,83.0805,1,1,178.945,nan
closed_eye_0086.jpg_face_2,cerrado,B25,78.7757,0.055506,24.5081,99.5209,33.0292,57.1937,BIEN,20.1626,0.908666,9.2745,26.3345,0.049985,0.071765,9.9474,29.2905,1,1,173.98,nan
closed_eye_0086.jpg_face_2,cerrado,B40,78.7757,0.055506,39.5545,100.9792,32.5963,57.4035,BIEN,19.7339,0.915098,11.0422,28.1857,0.049273,0.065491,11.231,17.9874,1,1,175.098,nan
closed_eye_0091.jpg_face_1,cerrado,B5,151.2539,0.050929,4.3123,135.4604,16.5108,49.3416,BIEN,19.1821,0.754072,5.4907,10.4417,0.050343,nan,1.151,nan,1,1,84.087,nan
closed_eye_0091.jpg_face_1,cerrado,B10,151.2539,0.050929,9.5863,162.6112,9.2887,52.6342,BIEN,23.4545,0.870323,4.0589,7.5088,0.05316,0.09495,4.3803,86.4356,1,1,78.092,nan
closed_eye_0091.jpg_face_1,cerrado,B15,151.2539,0.050929,14.4787,165.2154,7.9186,51.6894,BIEN,24.0367,0.923177,4.2157,9.2305,0.051312,0.091245,0.7514,79.1617,1,1,81.601,nan
closed_eye_0091.jpg_face_1,cerrado,B25,151.2539,0.050929,24.5312,172.4134,6.3532,52.5537,BIEN,21.162,0.934739,4.4112,13.9894,0.050996,0.06996,0.1324,37.3684,1,1,83.562,nan
closed_eye_0091.jpg_face_1,cerrado,B40,151.2539,0.050929,39.4957,173.6701,5.9041,52.1305,BIEN,20.7401,0.950105,5.2548,14.8203,0.051317,0.05687,0.7628,11.6655,1,1,75.264,nan
closed_eye_0093.jpg_face_1,cerrado,B5,143.424,0.078215,4.522,137.9885,24.656,62.6783,BIEN,21.1267,0.7036,4.5912,3.7899,nan,nan,nan,nan,1,0,40.141,nan
closed_eye_0093.jpg_face_1,cerrado,B10,143.424,0.078215,9.3416,150.1426,20.6968,64.5969,BIEN,26.5692,0.872831,4.1674,4.6844,0.089817,nan,14.8325,nan,1,1,42.438,nan
closed_eye_0093.jpg_face_1,cerrado,B15,143.424,0.078215,14.5066,156.3413,18.1564,64.9756,BIEN,24.0372,0.888454,4.1707,9.0063,0.093168,0.10934,19.1177,39.7941,1,1,42.112,nan
closed_eye_0093.jpg_face_1,cerrado,B25,143.424,0.078215,24.4806,159.1528,17.3438,64.8845,BIEN,22.7694,0.932766,4.6119,10.9666,0.088754,0.109746,13.4737,40.3127,1,1,42.228,nan
closed_eye_0093.jpg_face_1,cerrado,B40,143.424,0.078215,39.4814,161.915,15.7771,65.1845,BIEN,21.5787,0.939449,5.4808,12.8925,0.089454,0.103181,14.3683,31.9185,1,1,43.04,nan
closed_eye_0095.jpg_face_1,cerrado,B5,146.3171,0.054832,4.5978,168.4992,12.1071,58.8781,BIEN,16.571,0.739855,2.9244,15.1603,0.072592,nan,32.3902,nan,1,1,1154.734,nan
closed_eye_0095.jpg_face_1,cerrado,B10,146.3171,0.054832,9.4761,167.7792,9.9987,52.6295,BIEN,20.4616,0.857333,3.6816,14.6682,nan,nan,nan,nan,1,0,1296.344,nan
closed_eye_0095.jpg_face_1,cerrado,B15,146.3171,0.054832,14.4323,176.9562,8.3575,52.9173,BIEN,17.7549,0.844946,3.4238,20.9402,0.055489,0.108456,1.1983,97.7965,1,1,1311.475,nan
closed_eye_0095.jpg_face_1,cerrado,B25,146.3171,0.054832,24.4612,177.1672,8.1808,52.4274,BIEN,17.7593,0.862407,3.9637,21.0844,0.056863,0.078273,3.7033,42.7504,1,1,1239.004,nan
closed_eye_0095.jpg_face_1,cerrado,B40,146.3171,0.054832,39.5056,176.6421,8.3197,52.2762,BIEN,17.8084,0.871336,4.8811,20.7255,0.053658,0.056681,2.1419,3.3712,1,1,1281.723,nan
closed_eye_0097.jpg_face_4,cerrado,B5,113.304,0.02637,4.4424,135.2614,26.6484,66.6163,BIEN,18.783,0.729194,5.0397,19.3792,nan,nan,nan,nan,1,0,1398.21,nan
closed_eye_0097.jpg_face_4,cerrado,B10,113.304,0.02637,9.4404,146.6286,25.13,63.8887,BIEN,16.3531,0.780416,4.4647,29.4117,0.06687,0.2,153.5872,658.4477,1,1,1424.096,nan
closed_eye_0097.jpg_face_4,cerrado,B15,113.304,0.02637,14.4772,145.6617,25.13,62.5268,BIEN,16.8536,0.827463,4.9024,28.5583,nan,0.151563,nan,474.7631,1,0,1423.69,nan
closed_eye_0097.jpg_face_4,cerrado,B25,113.304,0.02637,24.5026,149.4146,24.6238,62.6673,BIEN,15.9742,0.82067,5.33,31.8706,nan,0.076164,nan,188.8312,1,0,1350.074,nan
closed_eye_0097.jpg_face_4,cerrado,B40,113.304,0.02637,39.5265,147.2026,25.0616,63.8988,BIEN,16.3789,0.830524,6.57,29.9183,nan,0.052199,nan,97.9494,1,0,1425.314,nan
closed_eye_0105.jpg_face_2,cerrado,B5,84.8034,0.07693,4.4653,151.1503,8.1317,43.5885,BIEN,11.1436,0.601722,4.4645,78.2362,0.149208,nan,93.952,nan,1,1,557.227,nan
closed_eye_0105.jpg_face_2,cerrado,B10,84.8034,0.07693,9.4702,145.7109,7.786,40.4208,BIEN,11.9652,0.74246,5.082,71.822,0.106102,0.174315,37.9203,126.589,1,1,442.674,nan
closed_eye_0105.jpg_face_2,cerrado,B15,84.8034,0.07693,14.442,145.6631,7.0617,40.7201,BIEN,11.9865,0.749726,5.3973,71.7656,0.077255,0.14994,0.4217,94.9046,1,1,468.252,nan
closed_eye_0105.jpg_face_2,cerrado,B25,84.8034,0.07693,24.4948,140.4481,8.6694,41.0977,BIEN,12.5197,0.783254,6.3549,65.6161,0.073246,0.093105,4.7886,21.0251,1,1,470.013,nan
closed_eye_0105.jpg_face_2,cerrado,B40,84.8034,0.07693,39.503,139.1429,9.07,41.1667,BIEN,12.6974,0.792174,7.6355,64.077,0.06941,0.086736,9.7751,12.7463,1,1,498.654,nan
closed_eye_0139.jpg_face_1,cerrado,B5,124.8511,0.065564,4.3403,153.8798,28.559,88.9533,BIEN,16.3617,0.771946,3.6706,23.2506,0.057774,nan,11.8823,nan,1,1,2022.654,nan
closed_eye_0139.jpg_face_1,cerrado,B10,124.8511,0.065564,9.2704,158.681,28.0382,88.7522,BIEN,16.003,0.830321,3.6797,27.0962,0.064967,0.112436,0.9111,71.4898,1,1,2073.828,nan
closed_eye_0139.jpg_face_1,cerrado,B15,124.8511,0.065564,14.3932,163.9119,27.3438,87.2928,BIEN,14.8739,0.805049,3.674,31.2859,0.055747,0.09727,14.9729,48.3579,1,1,1939.488,nan
closed_eye_0139.jpg_face_1,cerrado,B25,124.8511,0.065564,24.6315,162.8385,27.4306,87.9079,BIEN,15.0396,0.806903,4.3275,30.4262,0.059415,0.061301,9.3784,6.5032,1,1,2051.282,nan
closed_eye_0139.jpg_face_1,cerrado,B40,124.8511,0.065564,39.4761,163.5946,27.3438,87.9472,BIEN,14.8713,0.807589,5.2608,31.0317,0.062935,0.055305,4.0104,15.6475,1,1,2085.941,nan
closed_eye_0142.jpg_face_1,cerrado,B5,137.3445,0.039781,4.5626,168.0811,21.174,90.3582,BIEN,16.0595,0.53761,2.938,22.3792,0.042864,0.149974,7.7481,276.997,1,1,249.401,nan
closed_eye_0142.jpg_face_1,cerrado,B10,137.3445,0.039781,9.5487,169.5739,20.7964,89.326,BIEN,16.7132,0.597047,3.2416,23.4661,0.036304,0.120699,8.7411,203.4072,1,1,274.627,nan
closed_eye_0142.jpg_face_1,cerrado,B15,137.3445,0.039781,14.5439,170.8136,20.6135,89.3747,BIEN,16.1951,0.594838,3.3743,24.3687,0.032221,0.067346,19.005,69.2907,1,1,295.229,nan
closed_eye_0142.jpg_face_1,cerrado,B25,137.3445,0.039781,24.553,174.3522,20.3133,90.2988,BIEN,15.4191,0.572354,3.7402,26.9452,0.036806,0.049171,7.4803,23.6028,1,1,304.062,nan
closed_eye_0142.jpg_face_1,cerrado,B40,137.3445,0.039781,39.5509,174.5878,20.2852,90.1723,BIEN,15.2946,0.565916,4.615,27.1167,0.032167,0.053,19.1395,33.2289,1,1,309.31,nan
closed_eye_0151.jpg_face_1,cerrado,B5,81.4116,0.052451,4.5377,132.1906,19.0741,58.0831,BIEN,13.116,0.659888,5.2022,62.3731,0.04667,nan,11.0232,nan,1,1,586.545,nan
closed_eye_0151.jpg_face_1,cerrado,B10,81.4116,0.052451,9.4735,126.8265,18.2935,52.4995,BIEN,13.9327,0.779179,5.7844,55.7842,0.043562,0.107524,16.9479,104.9978,1,1,592.628,nan
closed_eye_0151.jpg_face_1,cerrado,B15,81.4116,0.052451,14.5075,131.8942,17.4078,52.9432,BIEN,13.0952,0.781834,5.8015,62.009,0.048528,0.082218,7.4795,56.751,1,1,625.665,nan
closed_eye_0151.jpg_face_1,cerrado,B25,81.4116,0.052451,24.4636,131.9556,17.1476,52.212,BIEN,13.1028,0.797278,6.5688,62.0845,0.048744,0.070573,7.068,34.5487,1,1,492.854,nan
closed_eye_0151.jpg_face_1,cerrado,B40,81.4116,0.052451,39.4701,133.4185,16.7915,52.3821,BIEN,12.8711,0.79468,7.7515,63.8814,0.048552,0.057699,7.4342,10.0039,1,1,588.478,nan
closed_eye_0151.jpg_face_2,cerrado,B5,92.7773,0.038325,4.5637,130.3356,14.6396,48.1431,BIEN,15.0139,0.694878,5.2611,40.4823,0.065463,0.199886,70.811,421.5567,1,1,447.547,nan
closed_eye_0151.jpg_face_2,cerrado,B10,92.7773,0.038325,9.4715,133.2959,12.6558,46.0761,BIEN,15.0968,0.797,5.5255,43.6729,0.038976,0.129227,1.6981,237.1881,1,1,461.084,nan
closed_eye_0151.jpg_face_2,cerrado,B15,92.7773,0.038325,14.4964,132.3523,12.4481,44.3164,BIEN,15.2901,0.832665,5.9265,42.6559,0.051123,0.093641,33.3938,144.3333,1,1,456.892,nan
closed_eye_0151.jpg_face_2,cerrado,B25,92.7773,0.038325,24.4939,133.7687,11.7565,43.8678,BIEN,15.0869,0.847584,6.6052,44.1826,0.053736,0.063501,40.2121,65.6921,1,1,460.003,nan
closed_eye_0151.jpg_face_2,cerrado,B40,92.7773,0.038325,39.4896,134.5372,11.6656,44.0394,BIEN,14.9024,0.851953,7.8066,45.0109,0.024543,0.029697,35.9607,22.5123,1,1,445.951,nan
closed_eye_0161.jpg_face_1,cerrado,B5,77.1857,0.086532,4.4663,85.4394,47.9191,59.8452,BIEN,20.2447,0.583018,7.4867,10.6933,0.076117,0.241197,12.0362,178.738,1,1,74.652,nan
closed_eye_0161.jpg_face_1,cerrado,B10,77.1857,0.086532,9.4713,86.6397,46.0938,56.1814,BIEN,21.2922,0.703932,8.0571,12.2483,0.073594,0.144363,14.9517,66.8328,1,1,72.253,nan
closed_eye_0161.jpg_face_1,cerrado,B15,77.1857,0.086532,14.4939,90.5387,44.1439,57.0395,BIEN,20.4393,0.718582,8.2961,17.2998,0.096968,0.111123,12.061,28.4187,1,1,78.841,nan
closed_eye_0161.jpg_face_1,cerrado,B25,77.1857,0.086532,24.5184,91.6951,43.5072,56.9433,BIEN,20.1908,0.72357,9.3993,18.798,0.07569,0.094875,12.5294,9.6416,1,1,79.715,nan
closed_eye_0161.jpg_face_1,cerrado,B40,77.1857,0.086532,39.5288,91.1663,43.8021,56.8162,BIEN,20.3278,0.723226,11.6123,18.113,0.136585,0.07738,57.8443,10.5756,1,1,78.383,nan
closed_eye_0162.jpg_face_1,cerrado,B5,170.1527,0.03802,4.5282,165.9013,9.9862,62.9385,BIEN,21.265,0.714151,3.1669,2.4986,0.047072,0.212289,23.8092,458.3662,1,1,814.2,nan
closed_eye_0162.jpg_face_1,cerrado,B10,170.1527,0.03802,9.4887,186.9278,8.1543,62.5543,BIEN,20.931,0.803696,2.662,9.8588,0.047007,0.105222,23.6385,176.7552,1,1,814.531,nan
closed_eye_0162.jpg_face_1,cerrado,B15,170.1527,0.03802,14.4002,183.461,8.1956,60.9839,BIEN,22.5324,0.85061,3.0295,7.8214,0.039955,0.086822,5.0903,128.3606,1,1,817.996,nan
closed_eye_0162.jpg_face_1,cerrado,B25,170.1527,0.03802,24.4842,189.2857,7.6722,60.2362,BIEN,20.562,0.852179,3.2819,11.2446,0.062342,0.059136,63.9725,55.5403,1,1,799.105,nan
closed_eye_0162.jpg_face_1,cerrado,B40,170.1527,0.03802,39.4835,188.9468,7.9408,61.2767,BIEN,20.5677,0.857902,4.1086,11.0454,0.053362,0.04524,40.3527,18.9899,1,1,816.927,nan
closed_eye_0165.jpg_face_2,cerrado,B5,127.1762,0.092497,4.4297,134.4732,19.2349,59.1085,BIEN,21.0543,0.721551,5.0013,5.7376,0.130452,0.193373,41.0343,109.0599,1,1,562.493,nan
closed_eye_0165.jpg_face_2,cerrado,B10,127.1762,0.092497,9.4339,143.2997,15.4586,59.1726,BIEN,22.1217,0.854861,4.9285,12.678,0.101518,0.186082,9.7536,101.1772,1,1,547.825,nan
closed_eye_0165.jpg_face_2,cerrado,B15,127.1762,0.092497,14.4981,146.1346,14.7518,59.3061,BIEN,21.1825,0.874496,5.0598,14.9071,0.091328,0.149225,1.2631,61.33,1,1,560.978,nan
closed_eye_0165.jpg_face_2,cerrado,B25,127.1762,0.092497,24.5098,145.8856,14.6326,58.4292,BIEN,21.5354,0.896206,5.7769,14.7114,0.096178,0.116368,3.9796,25.8081,1,1,556.235,nan
closed_eye_0165.jpg_face_2,cerrado,B40,127.1762,0.092497,39.4946,147.0743,14.2834,58.2567,BIEN,21.1719,0.902251,6.849,15.646,0.092652,0.104143,0.1681,12.5915,1,1,587.372,nan
closed_eye_0168.jpg_face_1,cerrado,B5,78.4385,0.063652,4.4891,96.0739,41.7497,55.1534,BIEN,19.4363,0.757777,7.4926,22.483,0.092327,0.160087,45.0499,151.5033,1,1,350.459,nan
closed_eye_0168.jpg_face_1,cerrado,B10,78.4385,0.063652,9.4169,103.9995,36.9172,55.8958,BIEN,18.5204,0.857115,7.4779,32.5873,0.057998,0.12504,8.8829,96.4432,1,1,390.213,nan
closed_eye_0168.jpg_face_1,cerrado,B15,78.4385,0.063652,14.5048,104.22,35.8986,54.3689,BIEN,18.4737,0.869539,7.9179,32.8683,0.052224,0.104121,17.9542,63.5793,1,1,392.111,nan
closed_eye_0168.jpg_face_1,cerrado,B25,78.4385,0.063652,24.4956,105.7462,35.6128,55.016,BIEN,18.09,0.880656,8.7841,34.8141,0.057966,0.075961,8.9334,19.3383,1,1,385.371,nan
closed_eye_0168.jpg_face_1,cerrado,B40,78.4385,0.063652,39.5419,106.0224,35.1234,54.4353,BIEN,18.1382,0.881938,10.5746,35.1662,0.054938,0.068564,13.6897,7.7173,1,1,390.533,nan
closed_eye_0171.jpg_face_1,cerrado,B5,153.9087,0.032013,4.3588,150.5561,9.0725,49.3525,BIEN,21.0359,0.739865,4.6185,2.1783,0.101029,nan,215.59,nan,1,1,942.863,nan
closed_eye_0171.jpg_face_1,cerrado,B10,153.9087,0.032013,9.5095,164.5482,7.7235,51.9861,BIEN,22.531,0.801754,4.0209,6.9129,0.056186,0.164119,75.5105,412.6663,1,1,939.496,nan
closed_eye_0171.jpg_face_1,cerrado,B15,153.9087,0.032013,14.459,165.3718,7.7235,53.1785,BIEN,22.8684,0.839603,4.2329,7.448,0.028384,0.128314,11.3344,300.8223,1,1,967.68,nan
closed_eye_0171.jpg_face_1,cerrado,B25,153.9087,0.032013,24.4875,161.4063,9.1166,54.3009,BIEN,23.8847,0.850263,5.0012,4.8715,0.028907,0.059986,9.7021,87.3818,1,1,958.773,nan
closed_eye_0171.jpg_face_1,cerrado,B40,153.9087,0.032013,39.5007,158.8618,9.9189,55.7754,BIEN,23.6654,0.855254,6.0935,3.2183,0.028775,0.048746,10.1138,52.2689,1,1,968.804,nan
closed_eye_0178.jpg_face_1,cerrado,B5,104.2226,0.135862,4.3444,102.9552,37.7987,57.1507,BIEN,24.1791,0.78948,7.4121,1.2161,0.147551,nan,8.6031,nan,1,1,977.613,nan
closed_eye_0178.jpg_face_1,cerrado,B10,104.2226,0.135862,9.4695,115.4955,30.9793,58.0678,BIEN,24.4455,0.882715,6.9014,10.8161,0.100958,0.181785,25.6913,33.8005,1,1,990.884,nan
closed_eye_0178.jpg_face_1,cerrado,B15,104.2226,0.135862,14.5047,118.1427,29.0476,57.1254,BIEN,23.939,0.910526,7.1584,13.3561,0.102738,0.180027,24.3809,32.5065,1,1,990.197,nan
closed_eye_0178.jpg_face_1,cerrado,B25,104.2226,0.135862,24.4668,116.3772,30.0988,57.2953,BIEN,24.7911,0.932595,8.1511,11.6621,0.105727,0.157016,22.1807,15.5698,1,1,1000.4,nan
closed_eye_0178.jpg_face_1,cerrado,B40,104.2226,0.135862,39.4849,118.5657,29.2992,57.8214,BIEN,23.6941,0.93729,9.4713,13.7619,0.099586,0.136338,26.7005,0.3502,1,1,968.992,nan
closed_eye_0183.jpg_face_1,cerrado,B5,77.5475,0.041944,4.4831,141.7653,30.6111,87.354,BIEN,9.9511,0.602922,3.825,82.8109,0.047204,0.190759,12.539,354.79,1,1,2417.795,nan
closed_eye_0183.jpg_face_1,cerrado,B10,77.5475,0.041944,9.4369,148.4206,29.8889,85.3223,BIEN,9.9189,0.639959,4.0821,91.3931,0.040564,0.104931,3.2909,150.1675,1,1,2487.562,nan
closed_eye_0183.jpg_face_1,cerrado,B15,77.5475,0.041944,14.4561,148.785,29.5556,83.6023,BIEN,9.9113,0.653419,4.3915,91.8631,0.046431,0.068315,10.6966,62.8712,1,1,2351.281,nan
closed_eye_0183.jpg_face_1,cerrado,B25,77.5475,0.041944,24.4692,146.5072,29.8611,82.7133,BIEN,10.0817,0.662056,5.1668,88.9258,0.041225,0.04764,1.7161,13.58,1,1,2296.738,nan
closed_eye_0183.jpg_face_1,cerrado,B40,77.5475,0.041944,39.4794,146.1989,29.8333,82.511,BIEN,10.1105,0.662854,6.3235,88.5282,0.04171,0.034267,0.5586,18.3026,1,1,2443.793,nan
closed_eye_0185.jpg_face_1,cerrado,B5,115.3764,0.027319,4.5548,125.4485,28.1972,73.2926,BIEN,19.9455,0.617513,5.0236,8.7297,0.045211,0.184739,65.4934,576.2253,1,1,617.551,nan
closed_eye_0185.jpg_face_1,cerrado,B10,115.3764,0.027319,9.5044,129.2233,27.4401,71.8332,BIEN,21.0956,0.692287,5.3688,12.0014,0.02611,0.062849,4.4252,130.0531,1,1,623.325,nan
closed_eye_0185.jpg_face_1,cerrado,B15,115.3764,0.027319,14.5181,129.7734,27.1351,71.3416,BIEN,20.9073,0.705702,5.6422,12.4782,0.038653,0.064518,41.4862,136.1624,1,1,608.976,nan
closed_eye_0185.jpg_face_1,cerrado,B25,115.3764,0.027319,24.5555,135.3033,26.6122,73.1008,BIEN,19.4743,0.709134,6.0577,17.2712,0.041984,0.029391,53.6804,7.5855,1,1,628.338,nan
closed_eye_0185.jpg_face_1,cerrado,B40,115.3764,0.027319,39.5572,137.8304,26.3235,73.9117,BIEN,18.8124,0.708187,7.1307,19.4615,0.038908,0.0235,42.4192,13.9791,1,1,631.473,nan
closed_eye_0189.jpg_face_1,cerrado,B5,141.9917,0.1466,4.4721,148.6345,25.0055,80.3444,BIEN,22.4217,0.772173,3.8691,4.6783,0.132889,nan,9.353,nan,1,1,791.077,nan
closed_eye_0189.jpg_face_1,cerrado,B10,141.9917,0.1466,9.4856,151.5111,23.3472,78.1627,BIEN,24.9446,0.868569,4.0495,6.7042,0.122078,nan,16.727,nan,1,1,806.062,nan
closed_eye_0189.jpg_face_1,cerrado,B15,141.9917,0.1466,14.4945,157.1854,21.8424,78.9626,BIEN,22.6162,0.883515,4.0405,10.7004,0.133858,0.207375,8.6915,41.4566,1,1,814.93,nan
closed_eye_0189.jpg_face_1,cerrado,B25,141.9917,0.1466,24.5084,158.4777,21.1849,78.4512,BIEN,22.169,0.893605,4.6042,11.6105,0.134996,0.176966,7.9155,20.7132,1,1,676.407,nan
closed_eye_0189.jpg_face_1,cerrado,B40,141.9917,0.1466,39.502,160.8824,20.3302,78.5305,BIEN,21.1649,0.886958,5.5,13.3041,0.135376,0.147838,7.656,0.8441,1,1,815.328,nan
closed_eye_0191.jpg_face_1,cerrado,B5,126.7679,0.094616,4.4954,145.6329,10.2084,47.3099,BIEN,18.473,0.68549,4.6402,14.8815,0.196073,nan,107.2303,nan,1,1,66.865,nan
closed_eye_0191.jpg_face_1,cerrado,B10,126.7679,0.094616,9.4457,147.2958,8.4767,44.0649,BIEN,20.8735,0.858937,5.0255,16.1933,0.103585,0.195727,9.4794,106.8652,1,1,64.562,nan
closed_eye_0191.jpg_face_1,cerrado,B15,126.7679,0.094616,14.4246,156.1082,7.0273,44.2068,BIEN,18.2692,0.87388,4.7708,23.1449,0.106389,0.206377,12.4433,118.1215,1,1,66.1,nan
closed_eye_0191.jpg_face_1,cerrado,B25,126.7679,0.094616,24.5017,157.3923,6.6458,44.0851,BIEN,18.0243,0.9093,5.3358,24.1579,0.09301,0.171016,1.6967,80.7482,1,1,71.93,nan
closed_eye_0191.jpg_face_1,cerrado,B40,126.7679,0.094616,39.5104,155.6216,6.782,43.6287,BIEN,18.4685,0.91988,6.4844,22.7611,0.083338,0.120326,11.9199,27.1733,1,1,72.646,nan
closed_eye_0192.jpg_face_1,cerrado,B5,93.2502,0.061993,4.5649,124.806,22.5185,61.2344,BIEN,15.5638,0.685287,5.347,33.84,0.085237,0.178283,37.4944,187.5843,1,1,67.461,nan
closed_eye_0192.jpg_face_1,cerrado,B10,93.2502,0.061993,9.4243,127.8852,19.5551,57.1414,BIEN,16.3768,0.837453,5.7944,37.1421,0.067978,0.116368,9.654,87.71,1,1,65.565,nan
closed_eye_0192.jpg_face_1,cerrado,B15,93.2502,0.061993,14.4532,130.8398,18.8005,57.0906,BIEN,15.5996,0.869598,5.8913,40.3105,0.056641,0.097444,8.634,57.1849,1,1,65.737,nan
closed_eye_0192.jpg_face_1,cerrado,B25,93.2502,0.061993,24.4715,131.3357,18.5464,56.4909,BIEN,15.5804,0.894838,6.6526,40.8423,0.066136,0.079655,6.6832,28.4898,1,1,65.421,nan
closed_eye_0192.jpg_face_1,cerrado,B40,93.2502,0.061993,39.49,131.9609,18.3764,56.4336,BIEN,15.4182,0.902451,7.9026,41.5128,0.069503,0.079242,12.1135,27.8237,1,1,64.698,nan
closed_eye_0195.jpg_face_1,cerrado,B5,101.2213,0.071417,4.4245,136.6253,14.3411,52.2423,BIEN,16.3095,0.776872,5.4594,34.9769,0.077528,nan,8.557,nan,1,1,423.855,nan
closed_eye_0195.jpg_face_1,cerrado,B10,101.2213,0.071417,9.3965,146.7865,12.4405,52.7381,BIEN,14.7893,0.816421,5.2019,45.0155,0.064027,0.127024,10.3475,77.8624,1,1,478.996,nan
closed_eye_0195.jpg_face_1,cerrado,B15,101.2213,0.071417,14.4174,150.9648,12.1821,52.9333,BIEN,13.951,0.849614,5.2177,49.1433,0.067186,0.115881,5.9245,62.2598,1,1,477.692,nan
closed_eye_0195.jpg_face_1,cerrado,B25,101.2213,0.071417,24.5405,154.2922,11.3049,52.6944,BIEN,13.4168,0.858072,5.6602,52.4306,0.065235,0.094513,8.656,32.3401,1,1,453.803,nan
closed_eye_0195.jpg_face_1,cerrado,B40,101.2213,0.071417,39.5033,154.8705,11.3661,52.9216,BIEN,13.3048,0.866535,6.6722,53.0019,0.06143,0.080957,13.9841,13.3574,1,1,430.608,nan
closed_eye_0209.jpg_face_1,cerrado,B5,187.6045,0.068434,4.5001,205.8163,9.007,70.6373,BIEN,20.4463,0.818021,1.5712,9.7075,0.0874,nan,27.7148,nan,1,1,113.635,nan
closed_eye_0209.jpg_face_1,cerrado,B10,187.6045,0.068434,9.4944,202.1211,11.349,73.4161,BIEN,21.5159,0.865349,1.8963,7.7379,0.066685,0.150923,2.5559,120.5374,1,1,109.901,nan
closed_eye_0209.jpg_face_1,cerrado,B15,187.6045,0.068434,14.4884,203.283,10.3257,71.91,BIEN,21.5269,0.885548,2.0964,8.3572,0.064692,0.1216,5.4676,77.6892,1,1,115.272,nan
closed_eye_0209.jpg_face_1,cerrado,B25,187.6045,0.068434,24.4622,203.8394,10.5569,72.9875,BIEN,20.9768,0.881455,2.5229,8.6538,0.068392,0.094252,0.0619,37.7265,1,1,101.741,nan
closed_eye_0209.jpg_face_1,cerrado,B40,187.6045,0.068434,39.4969,203.3876,10.4403,72.4282,BIEN,21.3455,0.891109,3.3054,8.4129,0.063081,0.066334,7.8228,3.0686,1,1,115.463,nan
closed_eye_0212.jpg_face_1,cerrado,B5,155.0625,0.02427,4.2594,136.0541,20.0666,62.7821,BIEN,19.0195,0.732493,5.1768,12.2585,0.031753,nan,30.8329,nan,1,1,582.411,nan
closed_eye_0212.jpg_face_1,cerrado,B10,155.0625,0.02427,9.5267,161.6193,17.636,68.4333,BIEN,25.8175,0.853347,3.9193,4.2285,0.020235,0.132004,16.6254,443.8914,1,1,573.723,nan
closed_eye_0212.jpg_face_1,cerrado,B15,155.0625,0.02427,14.4334,170.6983,17.2454,70.4179,BIEN,22.5939,0.856084,3.7578,10.0836,0.024468,0.123882,0.8132,410.4262,1,1,585.24,nan
closed_eye_0212.jpg_face_1,cerrado,B25,155.0625,0.02427,24.4438,173.7321,16.9464,69.9862,BIEN,21.5568,0.863624,4.1824,12.0401,0.024523,0.069225,1.0405,185.2267,1,1,578.168,nan
closed_eye_0212.jpg_face_1,cerrado,B40,155.0625,0.02427,39.4643,173.9769,17.0139,70.5965,BIEN,21.3641,0.869287,5.0861,12.198,0.027222,0.048664,12.1641,100.5108,1,1,591.296,nan
closed_eye_0228.jpg_face_2,cerrado,B5,140.9694,0.05744,4.3818,155.2075,16.7989,67.1498,BIEN,20.1242,0.791376,3.7561,10.1001,0.095285,0.207139,65.8859,260.615,1,1,755.572,nan
closed_eye_0228.jpg_face_2,cerrado,B10,140.9694,0.05744,9.4851,166.3877,12.461,65.2953,BIEN,18.6132,0.842362,3.534,18.031,0.058385,0.170541,1.6449,196.9006,1,1,763.242,nan
closed_eye_0228.jpg_face_2,cerrado,B15,140.9694,0.05744,14.4725,167.8917,11.4984,64.4511,BIEN,18.501,0.861656,3.7564,19.098,0.049148,0.159404,14.4368,177.5124,1,1,753.693,nan
closed_eye_0228.jpg_face_2,cerrado,B25,140.9694,0.05744,24.5068,169.5864,10.6139,63.9316,BIEN,18.1353,0.869599,4.2584,20.3001,0.059014,0.135462,2.74,135.8309,1,1,725.216,nan
closed_eye_0228.jpg_face_2,cerrado,B40,140.9694,0.05744,39.4967,170.1749,10.5619,64.1057,BIEN,17.9269,0.873352,5.1606,20.7176,0.052472,0.109069,8.6499,89.8828,1,1,766.518,nan
closed_eye_0238.jpg_face_2,cerrado,B5,123.6293,0.057296,4.4794,142.7685,3.6736,39.0248,BIEN,19.1649,0.714722,4.9176,15.4811,0.076883,nan,34.187,nan,1,1,552.73,nan
closed_eye_0238.jpg_face_2,cerrado,B10,123.6293,0.057296,9.5339,158.3259,1.5286,40.3486,BIEN,16.7325,0.817987,4.415,28.065,0.089665,nan,56.4953,nan,1,1,546.777,nan
closed_eye_0238.jpg_face_2,cerrado,B15,123.6293,0.057296,14.4578,160.0271,1.8203,42.5015,BIEN,16.2643,0.857851,4.5566,29.4411,0.076366,0.170953,33.2844,198.369,1,1,584.283,nan
closed_eye_0238.jpg_face_2,cerrado,B25,123.6293,0.057296,24.5051,154.1267,3.2873,44.0901,BIEN,17.1832,0.89036,5.4445,24.6684,0.060101,0.096986,4.8965,69.2733,1,1,549.602,nan
closed_eye_0238.jpg_face_2,cerrado,B40,123.6293,0.057296,39.4937,157.6411,2.5353,44.1317,BIEN,16.517,0.893953,6.2542,27.5111,0.060376,0.074259,5.3753,29.6061,1,1,551.663,nan
closed_eye_0241.jpg_face_1,cerrado,B5,128.7318,0.078336,4.5607,180.6156,2.368,37.668,BIEN,12.229,0.608559,2.7556,40.3038,0.074003,nan,5.532,nan,1,1,682.64,nan
closed_eye_0241.jpg_face_1,cerrado,B10,128.7318,0.078336,9.4131,161.5429,4.8813,36.4818,BIEN,16.3509,0.807689,4.2035,25.488,0.077109,nan,1.5662,nan,1,1,686.625,nan
closed_eye_0241.jpg_face_1,cerrado,B15,128.7318,0.078336,14.4731,160.9942,5.1659,38.336,BIEN,16.1541,0.808794,4.4181,25.0617,0.089791,0.148969,14.6226,90.1664,1,1,695.024,nan
closed_eye_0241.jpg_face_1,cerrado,B25,128.7318,0.078336,24.4744,161.8514,5.4021,37.6761,BIEN,15.8878,0.854851,4.9018,25.7276,0.092695,0.109694,18.3294,40.0295,1,1,657.549,nan
closed_eye_0241.jpg_face_1,cerrado,B40,128.7318,0.078336,39.4784,159.4772,6.0744,39.7247,BIEN,16.0344,0.852684,5.962,23.8833,0.080822,0.081976,3.1727,4.6465,1,1,690.655,nan
closed_eye_0243.jpg_face_1,cerrado,B5,126.6932,0.087037,4.3383,139.9563,9.8003,44.7806,BIEN,20.5475,0.704939,5.0291,10.4686,0.082029,nan,5.754,nan,1,1,1039.069,nan
closed_eye_0243.jpg_face_1,cerrado,B10,126.6932,0.087037,9.4412,146.1645,7.6831,41.9736,BIEN,20.8841,0.847206,4.9244,15.3688,0.083767,0.135986,3.7568,56.2397,1,1,1054.185,nan
closed_eye_0243.jpg_face_1,cerrado,B15,126.6932,0.087037,14.4715,153.1137,6.5643,42.2399,BIEN,18.8404,0.858011,4.8009,20.8539,0.084608,0.122126,2.7905,40.3157,1,1,1048.108,nan
closed_eye_0243.jpg_face_1,cerrado,B25,126.6932,0.087037,24.4896,150.9279,6.9434,42.5562,BIEN,19.5214,0.875999,5.5722,19.1286,0.085959,0.093464,1.2378,7.3849,1,1,1046.682,nan
closed_eye_0243.jpg_face_1,cerrado,B40,126.6932,0.087037,39.4666,149.8508,7.8865,44.3429,BIEN,19.4779,0.882271,6.677,18.2784,0.086598,0.088585,0.5042,1.7793,1,1,1015.332,nan
closed_eye_0243.jpg_face_2,cerrado,B5,128.6769,0.065808,4.3892,164.9457,11.0091,54.6695,BIEN,15.6149,0.674443,3.7098,28.186,0.117781,nan,78.9767,nan,1,1,1097.454,nan
closed_eye_0243.jpg_face_2,cerrado,B10,128.6769,0.065808,9.4478,155.852,12.0498,51.015,BIEN,17.66,0.817242,4.3155,21.1189,0.050111,0.202212,23.8527,207.2749,1,1,1115.698,nan
closed_eye_0243.jpg_face_2,cerrado,B15,128.6769,0.065808,14.4694,147.3216,14.8046,52.6902,BIEN,19.8131,0.85164,5.1385,14.4896,0.063049,0.182408,4.1933,177.1816,1,1,1082.017,nan
closed_eye_0243.jpg_face_2,cerrado,B25,128.6769,0.065808,24.4842,154.1789,13.519,53.5953,BIEN,17.8943,0.856321,5.2789,19.8186,0.058545,0.133527,11.0365,102.9035,1,1,1119.695,nan
closed_eye_0243.jpg_face_2,cerrado,B40,128.6769,0.065808,39.515,152.5246,13.9374,54.6162,BIEN,18.2719,0.863792,6.4349,18.5331,0.061615,0.111878,6.372,70.0069,1,1,1090.75,nan
closed_eye_0248.jpg_face_1,cerrado,B5,117.0341,0.088974,4.4266,113.1579,39.6,82.327,BIEN,22.851,0.666204,5.5871,3.3121,0.114432,0.194348,28.6116,118.4309,1,1,48.575,nan
closed_eye_0248.jpg_face_1,cerrado,B10,117.0341,0.088974,9.5105,125.2129,36.8512,82.9481,BIEN,26.1819,0.882544,5.3125,6.9884,0.086484,0.137949,2.7986,55.043,1,1,53.154,nan
closed_eye_0248.jpg_face_1,cerrado,B15,117.0341,0.088974,14.5081,129.1947,35.9086,85.5554,BIEN,23.668,0.905802,5.3625,10.3906,0.079578,0.113872,10.561,27.9829,1,1,52.031,nan
closed_eye_0248.jpg_face_1,cerrado,B25,117.0341,0.088974,24.4958,131.4007,35.495,85.2502,BIEN,23.0095,0.940487,6.0424,12.2755,0.077691,0.109394,12.6814,22.9504,1,1,49.239,nan
closed_eye_0248.jpg_face_1,cerrado,B40,117.0341,0.088974,39.5135,133.1072,35.1404,85.4191,BIEN,22.2768,0.951915,7.2448,13.7336,0.0814,0.082459,8.5135,7.3226,1,1,52.983,nan
closed_eye_0249.JPG_face_1,cerrado,B5,129.7765,0.081528,4.522,134.3345,21.124,61.8035,BIEN,21.516,0.766471,5.0315,3.5122,nan,nan,nan,nan,1,0,2311.604,nan
closed_eye_0249.JPG_face_1,cerrado,B10,129.7765,0.081528,9.4783,146.3035,18.9752,64.3842,BIEN,21.1246,0.834334,4.5331,12.7349,nan,nan,nan,nan,1,0,2639.219,nan
closed_eye_0249.JPG_face_1,cerrado,B15,129.7765,0.081528,14.443,139.0727,20.1653,66.6596,BIEN,22.1772,0.846203,5.1138,7.1632,nan,0.113541,nan,39.2664,1,0,2615.063,nan
closed_eye_0249.JPG_face_1,cerrado,B25,129.7765,0.081528,24.4889,142.2086,19.9339,67.5073,BIEN,21.4837,0.856311,5.6057,9.5796,nan,0.14242,nan,74.6888,1,0,2643.405,nan
closed_eye_0249.JPG_face_1,cerrado,B40,129.7765,0.081528,39.5058,139.5233,20.4298,68.7355,BIEN,21.8134,0.855495,6.8897,7.5104,nan,nan,nan,nan,1,0,2632.272,nan
closed_eye_0251.jpg_face_1,cerrado,B5,132.4035,0.114122,4.4007,143.1165,16.2861,58.2241,BIEN,21.1489,0.674745,4.8451,8.0911,0.088341,0.1586,22.591,38.9739,1,1,276.411,nan
closed_eye_0251.jpg_face_1,cerrado,B10,132.4035,0.114122,9.5277,158.1747,14.8484,61.3388,BIEN,18.4213,0.733831,4.1642,19.4641,0.100452,0.157381,11.9786,37.9064,1,1,312.295,nan
closed_eye_0251.jpg_face_1,cerrado,B15,132.4035,0.114122,14.537,157.4042,14.6126,60.289,BIEN,19.1384,0.778472,4.5403,18.8822,0.095306,0.120842,16.4873,5.8884,1,1,266.937,nan
closed_eye_0251.jpg_face_1,cerrado,B25,132.4035,0.114122,24.5321,159.9556,14.3237,60.9484,BIEN,18.3919,0.783708,5.0022,20.8092,0.099601,0.110319,12.7239,3.3319,1,1,290.259,nan
closed_eye_0251.jpg_face_1,cerrado,B40,132.4035,0.114122,39.494,159.6776,14.296,60.9153,BIEN,18.4524,0.790155,6.0188,20.5992,0.0904,0.087618,20.7863,23.2239,1,1,321.316,nan
closed_eye_0260.jpg_face_1,cerrado,B5,204.5392,0.037491,4.401,200.323,3.8939,48.4976,BIEN,21.1012,0.750318,2.1179,2.0613,0.048813,nan,30.1985,nan,1,1,509.113,nan
closed_eye_0260.jpg_face_1,cerrado,B10,204.5392,0.037491,9.4784,216.4947,2.8705,45.0766,BIEN,22.6881,0.795704,1.6595,5.8451,0.034825,0.120081,7.1117,220.2917,1,1,487.829,nan
closed_eye_0260.jpg_face_1,cerrado,B15,204.5392,0.037491,14.4149,220.0317,2.7217,44.4826,BIEN,22.688,0.854176,1.7768,7.5743,0.031652,0.094852,15.5748,152.9993,1,1,517.357,nan
closed_eye_0260.jpg_face_1,cerrado,B25,204.5392,0.037491,24.5066,222.8715,2.4133,43.7534,BIEN,21.427,0.87087,2.0632,8.9627,0.037832,0.058589,0.9094,56.2744,1,1,512.558,nan
closed_eye_0260.jpg_face_1,cerrado,B40,204.5392,0.037491,39.4444,224.0547,2.925,45.6707,BIEN,20.7776,0.870586,2.6774,9.5412,0.031378,0.051181,16.305,36.5147,1,1,505.127,nan
closed_eye_0261.jpg_face_1,cerrado,B5,170.5944,0.037971,4.4316,190.9946,1.8621,44.3308,BIEN,19.1165,0.70557,2.6114,11.9583,0.030246,0.209702,20.3445,452.266,1,1,453.803,nan
closed_eye_0261.jpg_face_1,cerrado,B10,170.5944,0.037971,9.4187,196.1173,2.0066,43.9832,BIEN,19.3636,0.813195,2.6357,14.9612,0.029771,0.116715,21.5962,207.3785,1,1,459.791,nan
closed_eye_0261.jpg_face_1,cerrado,B15,170.5944,0.037971,14.3897,201.9457,1.5172,42.0588,BIEN,18.1617,0.855802,2.6035,18.3777,0.039136,0.094769,3.0665,149.5805,1,1,456.121,nan
closed_eye_0261.jpg_face_1,cerrado,B25,170.5944,0.037971,24.494,197.5233,1.7997,42.4397,BIEN,19.2139,0.877838,3.2518,15.7854,0.034516,0.051392,9.0992,35.3452,1,1,450.694,nan
closed_eye_0261.jpg_face_1,cerrado,B40,170.5944,0.037971,39.4731,200.9142,1.6486,42.6293,BIEN,18.1844,0.883392,3.8388,17.773,0.030608,0.043343,19.3928,14.1465,1,1,441.482,nan
closed_eye_0271.jpg_face_1,cerrado,B5,201.4902,0.046168,4.3802,168.0767,10.2738,51.988,BIEN,15.3553,0.698313,3.7273,16.5832,0.060969,nan,32.0588,nan,1,1,41.084,nan
closed_eye_0271.jpg_face_1,cerrado,B10,201.4902,0.046168,9.3364,206.2182,6.6093,57.3907,BIEN,27.3363,0.885564,2.1831,2.3465,0.060662,nan,31.394,nan,1,1,49.918,nan
closed_eye_0271.jpg_face_1,cerrado,B15,201.4902,0.046168,14.4294,215.6721,5.8274,57.37,BIEN,23.6311,0.893733,1.9403,7.0385,0.05426,0.138907,17.5276,200.8724,1,1,50.227,nan
closed_eye_0271.jpg_face_1,cerrado,B25,201.4902,0.046168,24.5103,219.304,4.9969,56.1914,BIEN,22.1704,0.917498,2.2307,8.841,0.054844,0.083174,18.791,80.1534,1,1,49.996,nan
closed_eye_0271.jpg_face_1,cerrado,B40,201.4902,0.046168,39.5508,221.38,5.0931,56.7122,BIEN,20.6777,0.921608,2.7867,9.8713,0.0461,0.075468,0.1482,63.4624,1,1,50.632,nan
closed_eye_0272.jpg_face_1,cerrado,B5,196.8279,0.068621,4.3827,169.6779,4.6641,43.8775,BIEN,15.8736,0.781704,3.7419,13.7938,0.078446,nan,14.3174,nan,1,1,26.7,nan
closed_eye_0272.jpg_face_1,cerrado,B10,196.8279,0.068621,9.1546,204.8381,3.7648,44.047,BIEN,26.2823,0.907562,2.3259,4.0696,0.064068,nan,6.6357,nan,1,1,28.107,nan
closed_eye_0272.jpg_face_1,cerrado,B15,196.8279,0.068621,14.57,208.8246,3.6774,43.1259,BIEN,24.4467,0.895171,2.2888,6.095,0.07815,0.137312,13.8867,100.1017,1,1,27.343,nan
closed_eye_0272.jpg_face_1,cerrado,B25,196.8279,0.068621,24.496,214.0071,3.5447,43.1103,BIEN,22.8608,0.944414,2.5184,8.728,0.067743,0.091726,1.2802,33.67,1,1,26.248,nan
closed_eye_0272.jpg_face_1,cerrado,B40,196.8279,0.068621,39.5659,219.8547,3.5298,43.6023,BIEN,20.2535,0.939559,2.9747,11.6989,0.064264,0.064161,6.3495,6.4995,1,1,28.021,nan
closed_eye_0282.jpg_face_1,cerrado,B5,170.0237,0.098176,4.3395,163.8134,19.4433,64.8174,BIEN,21.0441,0.709491,3.4516,3.6526,0.093948,nan,4.3072,nan,1,1,81.896,nan
closed_eye_0282.jpg_face_1,cerrado,B10,170.0237,0.098176,9.3934,184.7057,9.6949,67.0851,BIEN,21.954,0.860027,2.7198,8.6353,0.102715,0.181811,4.6228,85.1883,1,1,97.589,nan
closed_eye_0282.jpg_face_1,cerrado,B15,170.0237,0.098176,14.5174,181.9157,11.038,66.1682,BIEN,23.8715,0.892065,3.1224,6.9943,0.103641,0.132636,5.5663,35.0999,1,1,95.598,nan
closed_eye_0282.jpg_face_1,cerrado,B25,170.0237,0.098176,24.4498,185.7974,11.0596,67.5243,BIEN,22.3079,0.929564,3.4337,9.2774,0.098283,0.100958,0.1088,2.8331,1,1,98.768,nan
closed_eye_0282.jpg_face_1,cerrado,B40,170.0237,0.098176,39.4755,185.377,12.0158,68.8622,BIEN,21.9886,0.935766,4.2574,9.0301,0.093634,0.095473,4.6264,2.7535,1,1,94.849,nan
closed_eye_0288.jpg_face_1,cerrado,B5,157.2491,0.025711,4.4028,162.5451,20.63,82.8578,BIEN,21.5784,0.736192,3.3141,3.3679,0.043265,nan,68.2717,nan,1,1,95.941,nan
closed_eye_0288.jpg_face_1,cerrado,B10,157.2491,0.025711,9.3861,168.1745,19.3541,84.0475,BIEN,24.2788,0.830298,3.2894,6.9478,0.045178,0.06704,75.7116,160.7381,1,1,106.363,nan
closed_eye_0288.jpg_face_1,cerrado,B15,157.2491,0.025711,14.5145,170.4728,18.9502,84.3625,BIEN,23.8239,0.866369,3.4107,8.4094,0.037815,0.076152,47.073,196.1778,1,1,102.916,nan
closed_eye_0288.jpg_face_1,cerrado,B25,157.2491,0.025711,24.5248,172.5363,18.5796,84.7223,BIEN,23.2758,0.909357,3.8752,9.7217,0.032498,0.052664,26.3946,104.8285,1,1,96.563,nan
closed_eye_0288.jpg_face_1,cerrado,B40,157.2491,0.025711,39.5432,180.8546,18.0179,88.0049,BIEN,19.6416,0.920325,4.2968,15.0115,0.038026,0.047106,47.8957,83.2113,1,1,91.293,nan
closed_eye_0296.jpg_face_3,cerrado,B5,154.2362,0.06445,4.319,182.8011,14.8347,71.5929,BIEN,16.3242,0.781614,2.5054,18.5202,0.083166,nan,29.0392,nan,1,1,2203.614,nan
closed_eye_0296.jpg_face_3,cerrado,B10,154.2362,0.06445,9.4725,187.4241,12.3085,66.9212,BIEN,16.4333,0.790456,2.6108,21.5175,0.065241,nan,1.2271,nan,1,1,2293.578,nan
closed_eye_0296.jpg_face_3,cerrado,B15,154.2362,0.06445,14.4596,183.8586,12.5504,65.2978,BIEN,18.1048,0.846962,3.1425,19.2059,0.079215,0.122134,22.9088,89.5019,1,1,2196.837,nan
closed_eye_0296.jpg_face_3,cerrado,B25,154.2362,0.06445,24.4203,182.3206,12.2816,64.465,BIEN,18.217,0.859012,3.6713,18.2087,0.070655,0.089069,9.6281,38.1984,1,1,2213.859,nan
closed_eye_0296.jpg_face_3,cerrado,B40,154.2362,0.06445,39.5214,184.7189,11.8517,64.7174,BIEN,17.6572,0.853055,4.4204,19.7636,0.071938,0.078242,11.6187,21.3993,1,1,2277.386,nan
closed_eye_0312.jpg_face_2,cerrado,B5,136.6702,0.057643,4.3748,147.4718,21.2482,74.2745,BIEN,20.9758,0.684327,4.2177,7.9034,0.055409,0.167254,3.8765,190.1526,1,1,216.826,nan
closed_eye_0312.jpg_face_2,cerrado,B10,136.6702,0.057643,9.4963,157.9867,19.6048,75.2349,BIEN,19.8942,0.814118,3.9116,15.597,0.051716,0.108066,10.2833,87.4739,1,1,199.573,nan
closed_eye_0312.jpg_face_2,cerrado,B15,136.6702,0.057643,14.4835,161.7553,18.9141,75.4973,BIEN,18.996,0.853392,4.0011,18.3545,0.071633,0.110505,24.2692,91.7045,1,1,200.441,nan
closed_eye_0312.jpg_face_2,cerrado,B25,136.6702,0.057643,24.4889,165.6907,18.4884,75.8985,BIEN,17.9865,0.881854,4.3979,21.234,0.053131,0.075999,7.829,31.8423,1,1,199.306,nan
closed_eye_0312.jpg_face_2,cerrado,B40,136.6702,0.057643,39.4796,166.8616,18.2892,75.6595,BIEN,17.6779,0.892549,5.2989,22.0907,0.052855,0.068793,8.3062,19.3431,1,1,197.099,nan
closed_eye_0334.BMP_face_1,cerrado,B5,143.2184,0.080599,4.4568,137.5388,33.6953,97.4518,BIEN,22.6565,0.70012,4.0665,3.9657,0.089306,0.205163,10.8036,154.549,1,1,185.946,nan
closed_eye_0334.BMP_face_1,cerrado,B10,143.2184,0.080599,9.4948,150.7935,32.071,101.8293,BIEN,25.5565,0.819784,3.6255,5.2892,0.08442,0.143675,4.7411,78.2596,1,1,185.12,nan
closed_eye_0334.BMP_face_1,cerrado,B15,143.2184,0.080599,14.5218,154.286,31.6306,102.8095,BIEN,24.1518,0.856666,3.7226,7.7277,0.079129,0.114991,1.8232,42.6707,1,1,187.473,nan
closed_eye_0334.BMP_face_1,cerrado,B25,143.2184,0.080599,24.5586,157.2163,31.329,103.3301,BIEN,22.4725,0.87109,4.1912,9.7738,0.080059,0.094482,0.6692,17.226,1,1,186.286,nan
closed_eye_0334.BMP_face_1,cerrado,B40,143.2184,0.080599,39.5506,158.3122,31.1405,103.4642,BIEN,21.8321,0.875466,5.1577,10.539,0.084929,0.092258,5.3726,14.466,1,1,185.936,nan
closed_eye_0335.jpg_face_1,cerrado,B5,166.9147,0.137731,4.3451,183.1838,15.181,75.8198,BIEN,17.7367,0.695306,2.3252,9.7469,0.124362,nan,9.706,nan,1,1,1107.542,nan
closed_eye_0335.jpg_face_1,cerrado,B10,166.9147,0.137731,9.589,178.131,14.7815,69.973,BIEN,19.28,0.723911,2.8201,6.7197,0.116496,nan,15.4174,nan,1,1,1272.912,nan
closed_eye_0335.jpg_face_1,cerrado,B15,166.9147,0.137731,14.4996,189.3194,13.4207,71.1437,BIEN,17.7047,0.693043,2.6681,13.4228,0.13325,nan,3.2528,nan,1,1,1302.592,nan
closed_eye_0335.jpg_face_1,cerrado,B25,166.9147,0.137731,24.4742,183.9295,13.7203,69.5421,BIEN,18.848,0.717024,3.4321,10.1937,0.144467,nan,4.8911,nan,1,1,1185.677,nan
closed_eye_0335.jpg_face_1,cerrado,B40,166.9147,0.137731,39.5194,189.2981,12.9089,69.6839,BIEN,17.761,0.698239,4.0084,13.4101,0.142455,0.145713,3.4305,5.7958,1,1,1251.095,nan
closed_eye_0341.jpg_face_2,cerrado,B5,123.898,0.108515,4.3864,134.4455,22.6263,72.2289,BIEN,21.2141,0.734044,4.9883,8.513,nan,nan,nan,nan,1,0,3227.889,nan
closed_eye_0341.jpg_face_2,cerrado,B10,123.898,0.108515,9.4379,141.7778,20.9091,73.0384,BIEN,19.933,0.733941,4.6051,14.4311,nan,nan,nan,nan,1,0,3513.704,nan
closed_eye_0341.jpg_face_2,cerrado,B15,123.898,0.108515,14.5025,145.1419,20.4545,73.0949,BIEN,19.6792,0.752407,4.836,17.1463,nan,0.209598,nan,93.1513,1,0,3449.465,nan
closed_eye_0341.jpg_face_2,cerrado,B25,123.898,0.108515,24.4707,147.399,20.101,72.5818,BIEN,18.9669,0.752394,5.3555,18.968,nan,0.200267,nan,84.5526,1,0,3386.387,nan
closed_eye_0341.jpg_face_2,cerrado,B40,123.898,0.108515,39.5086,147.8742,20.101,72.2373,BIEN,18.9634,0.754834,6.4881,19.3516,nan,0.174897,nan,61.1728,1,0,2969.121,nan
closed_eye_0342.jpg_face_2,cerrado,B5,144.0439,0.047956,4.2458,144.961,14.8584,57.3453,BIEN,22.7335,0.776364,4.8235,0.6366,0.051967,nan,8.3649,nan,1,1,836.12,nan
closed_eye_0342.jpg_face_2,cerrado,B10,144.0439,0.047956,9.5305,157.9931,11.5189,56.3455,BIEN,23.1005,0.872494,4.2716,9.6839,0.051799,nan,8.0136,nan,1,1,858.369,nan
closed_eye_0342.jpg_face_2,cerrado,B15,144.0439,0.047956,14.4675,158.7299,11.7882,55.7989,BIEN,23.5428,0.887142,4.5429,10.1955,0.057874,0.166973,20.6804,248.18,1,1,861.326,nan
closed_eye_0342.jpg_face_2,cerrado,B25,144.0439,0.047956,24.4825,164.3037,10.711,56.3071,BIEN,21.3723,0.891223,4.8358,14.065,0.050096,0.114069,4.4614,137.8615,1,1,862.738,nan
closed_eye_0342.jpg_face_2,cerrado,B40,144.0439,0.047956,39.4603,167.2452,10.5571,56.8519,BIEN,20.3142,0.888816,5.6438,16.107,0.039434,0.063199,17.7709,31.7847,1,1,854.847,nan
closed_eye_0344.jpg_face_2,cerrado,B5,81.6926,0.08469,4.4132,110.0606,32.3499,50.1757,BIEN,17.071,0.724501,6.8369,34.7252,0.072102,0.197776,14.8634,133.5293,1,1,809.258,nan
closed_eye_0344.jpg_face_2,cerrado,B10,81.6926,0.08469,9.4683,108.315,33.6207,51.6892,BIEN,17.289,0.81625,7.2493,32.5885,0.073739,0.182,12.9313,114.9009,1,1,862.292,nan
closed_eye_0344.jpg_face_2,cerrado,B15,81.6926,0.08469,14.4411,108.5462,33.6133,51.938,BIEN,17.1347,0.844732,7.6081,32.8715,0.070081,0.156619,17.25,84.9314,1,1,854.409,nan
closed_eye_0344.jpg_face_2,cerrado,B25,81.6926,0.08469,24.4747,106.9217,34.3713,52.5452,BIEN,17.4008,0.859706,8.6419,30.8829,0.059916,0.145542,29.2528,71.8523,1,1,730.727,nan
closed_eye_0344.jpg_face_2,cerrado,B40,81.6926,0.08469,39.4788,105.6291,34.832,52.3758,BIEN,17.6556,0.868532,10.3791,29.3006,0.064867,0.127227,23.4064,50.226,1,1,862.962,nan
closed_eye_0346.jpg_face_1,cerrado,B5,157.8397,0.087208,4.4886,195.644,7.1834,60.7571,BIEN,15.2861,0.771553,2.2118,23.951,0.116739,nan,33.8628,nan,1,1,1899.335,nan
closed_eye_0346.jpg_face_1,cerrado,B10,157.8397,0.087208,9.4747,206.5511,5.482,58.9211,BIEN,13.9272,0.81104,1.9903,30.8613,0.077404,nan,11.2423,nan,1,1,1872.308,nan
closed_eye_0346.jpg_face_1,cerrado,B15,157.8397,0.087208,14.5476,209.3338,4.0118,57.5076,BIEN,13.5534,0.808931,2.1124,32.6242,0.077286,nan,11.3775,nan,1,1,1867.065,nan
closed_eye_0346.jpg_face_1,cerrado,B25,157.8397,0.087208,24.4667,210.0223,3.1086,55.7813,BIEN,13.5259,0.825708,2.5467,33.0604,0.072822,0.121504,16.496,39.3266,1,1,1473.839,nan
closed_eye_0346.jpg_face_1,cerrado,B40,157.8397,0.087208,39.461,210.6667,3.5287,55.9654,BIEN,13.4249,0.831904,3.2485,33.4687,0.073954,0.089313,15.198,2.414,1,1,1696.353,nan
closed_eye_0353.jpg_face_1,cerrado,B5,104.2997,0.052032,4.5061,129.4598,34.0499,76.2685,BIEN,17.4702,0.852796,4.9007,24.1229,0.060687,0.181974,16.6333,249.7342,1,1,372.703,nan
closed_eye_0353.jpg_face_1,cerrado,B10,104.2997,0.052032,9.4941,124.0798,38.5208,78.1329,BIEN,18.1804,0.882611,5.4719,18.9647,0.062946,0.128849,20.9748,147.6338,1,1,549.571,nan
closed_eye_0353.jpg_face_1,cerrado,B15,104.2997,0.052032,14.5064,126.7668,37.4031,78.8342,BIEN,17.5516,0.879867,5.6651,21.541,0.064013,0.101881,23.0267,95.8054,1,1,390.122,nan
closed_eye_0353.jpg_face_1,cerrado,B25,104.2997,0.052032,24.4942,125.9345,37.5315,78.7569,BIEN,17.7219,0.88469,6.4848,20.7429,0.05612,0.06464,7.856,24.2313,1,1,493.9,nan
closed_eye_0353.jpg_face_1,cerrado,B40,104.2997,0.052032,39.4955,125.2441,37.9596,78.7719,BIEN,17.8442,0.887337,7.834,20.081,0.05859,0.06794,12.6042,30.5728,1,1,542.947,nan
closed_eye_0360.jpg_face_1,cerrado,B5,80.6434,0.088965,4.413,88.7108,41.5577,49.548,BIEN,22.5259,0.773997,8.0813,10.0039,0.066367,nan,25.4008,nan,1,1,153.104,nan
closed_eye_0360.jpg_face_1,cerrado,B10,80.6434,0.088965,9.4437,95.7739,39.0541,50.1363,BIEN,21.9802,0.880131,8.079,18.7623,0.080517,0.154396,9.4961,73.5462,1,1,184.99,nan
closed_eye_0360.jpg_face_1,cerrado,B15,80.6434,0.088965,14.4822,97.6614,38.3566,50.3349,BIEN,21.5978,0.900039,8.4523,21.1028,0.075699,0.145007,14.9115,62.9924,1,1,193.806,nan
closed_eye_0360.jpg_face_1,cerrado,B25,80.6434,0.088965,24.4868,97.0249,39.914,49.1263,BIEN,22.2107,0.917248,9.6842,20.3136,0.092679,0.100714,4.1741,13.2056,1,1,184.966,nan
closed_eye_0360.jpg_face_1,cerrado,B40,80.6434,0.088965,39.4708,97.5378,39.2545,49.303,BIEN,21.9595,0.921661,11.6088,20.9495,0.082881,0.089326,6.8392,0.4051,1,1,178.728,nan
closed_eye_0361.jpg_face_3,cerrado,B5,145.2973,0.051823,4.5246,147.6173,21.7736,63.4941,BIEN,21.0519,0.689212,4.065,1.5967,0.031665,nan,38.8974,nan,1,1,390.29,nan
closed_eye_0361.jpg_face_3,cerrado,B10,145.2973,0.051823,9.4485,160.2515,18.282,61.8078,BIEN,22.6589,0.873403,3.9633,10.2921,0.038968,0.17945,24.8051,246.275,1,1,403.388,nan
closed_eye_0361.jpg_face_3,cerrado,B15,145.2973,0.051823,14.4375,163.1627,17.7327,60.453,BIEN,21.9217,0.903502,4.0525,12.2957,0.048331,0.143974,6.7388,177.8193,1,1,288.7,nan
closed_eye_0361.jpg_face_3,cerrado,B25,145.2973,0.051823,24.4814,164.6022,18.2001,63.046,BIEN,21.0393,0.92766,4.5291,13.2865,0.036952,0.09835,28.6952,89.7802,1,1,374.63,nan
closed_eye_0361.jpg_face_3,cerrado,B40,145.2973,0.051823,39.4908,162.3575,19.2988,64.5454,BIEN,21.4066,0.937613,5.5802,11.7415,0.043368,0.061542,16.3149,18.7548,1,1,292.039,nan
closed_eye_0365.jpg_face_2,cerrado,B5,93.1172,0.067712,4.4768,104.276,48.6579,76.7477,BIEN,21.0185,0.691634,6.3134,11.9836,0.055549,0.198596,17.963,193.296,1,1,222.826,nan
closed_eye_0365.jpg_face_2,cerrado,B10,93.1172,0.067712,9.5205,110.3749,46.8496,76.8529,BIEN,20.7515,0.819196,6.4127,18.5333,0.061064,0.123876,9.8177,82.9451,1,1,158.248,nan
closed_eye_0365.jpg_face_2,cerrado,B15,93.1172,0.067712,14.5015,114.0319,45.8439,77.636,BIEN,19.6741,0.840683,6.5871,22.4605,0.055566,0.086324,17.9375,27.4871,1,1,228.681,nan
closed_eye_0365.jpg_face_2,cerrado,B25,93.1172,0.067712,24.5228,113.8142,45.7363,76.7062,BIEN,19.8949,0.856297,7.5468,22.2267,0.064238,0.076339,5.1301,12.7404,1,1,226.408,nan
closed_eye_0365.jpg_face_2,cerrado,B40,93.1172,0.067712,39.5442,114.9822,45.3316,76.8514,BIEN,19.5801,0.861381,9.0524,23.4811,0.059381,0.077028,12.3035,13.7586,1,1,222.906,nan
closed_eye_0372.jpg_face_5,cerrado,B5,129.3001,0.024208,4.3234,123.9667,29.4203,75.9814,BIEN,22.8907,0.613743,5.3557,4.1249,0.032005,nan,32.2091,nan,1,1,7.976,nan
closed_eye_0372.jpg_face_5,cerrado,B10,129.3001,0.024208,9.5105,142.0179,27.2057,80.8821,BIEN,22.4846,0.75437,4.5628,9.8358,0.02108,0.090031,12.9182,271.9106,1,1,8.797,nan
closed_eye_0372.jpg_face_5,cerrado,B15,129.3001,0.024208,14.4259,144.8691,26.5791,80.7017,BIEN,22.1261,0.80382,4.7436,12.041,0.028977,0.061864,19.7004,155.5571,1,1,9.031,nan
closed_eye_0372.jpg_face_5,cerrado,B25,129.3001,0.024208,24.4879,147.5334,26.1665,80.6187,BIEN,21.2567,0.832569,5.2747,14.1015,0.02026,0.036749,16.3095,51.8053,1,1,9.04,nan
closed_eye_0372.jpg_face_5,cerrado,B40,129.3001,0.024208,39.4807,148.4759,26.0045,80.1073,BIEN,21.0205,0.849112,6.3403,14.8304,0.02316,0.027382,4.3262,13.1122,1,1,9.249,nan
closed_eye_0382.jpg_face_1,cerrado,B5,126.7899,0.035068,4.5696,141.2707,20.0701,69.8719,BIEN,20.2025,0.676308,4.3842,11.4211,0.045405,0.168931,29.4765,381.7206,1,1,255.552,nan
closed_eye_0382.jpg_face_1,cerrado,B10,126.7899,0.035068,9.525,149.2349,18.8406,70.3085,BIEN,19.4736,0.789754,4.259,17.7025,0.033814,0.107351,3.5759,206.12,1,1,232.234,nan
closed_eye_0382.jpg_face_1,cerrado,B15,126.7899,0.035068,14.4786,148.2779,18.6238,69.6475,BIEN,19.8316,0.841362,4.5795,16.9478,0.03978,0.086139,13.436,145.6304,1,1,246.196,nan
closed_eye_0382.jpg_face_1,cerrado,B25,126.7899,0.035068,24.4886,151.4764,18.1516,69.8442,BIEN,19.0571,0.857953,5.0879,19.4704,0.026489,0.055644,24.466,58.6728,1,1,265.583,nan
closed_eye_0382.jpg_face_1,cerrado,B40,126.7899,0.035068,39.4909,153.5152,17.81,69.873,BIEN,18.548,0.871615,6.0599,21.0784,0.033814,0.028224,3.5756,19.5173,1,1,256.161,nan
closed_eye_0386.jpg_face_1,cerrado,B5,117.0555,0.173106,4.5106,117.1155,39.0934,82.4518,BIEN,22.9668,0.702244,5.2542,0.0513,0.18976,nan,9.6204,nan,1,1,258.331,nan
closed_eye_0386.jpg_face_1,cerrado,B10,117.0555,0.173106,9.5372,124.3829,37.3346,85.5124,BIEN,23.5697,0.769787,5.1318,6.2598,0.203886,nan,17.7812,nan,1,1,239.728,nan
closed_eye_0386.jpg_face_1,cerrado,B15,117.0555,0.173106,14.5659,127.5804,36.8001,86.7592,BIEN,22.5972,0.789295,5.2989,8.9914,0.19183,nan,10.8165,nan,1,1,237.676,nan
closed_eye_0386.jpg_face_1,cerrado,B25,117.0555,0.173106,24.5859,130.2398,36.1343,87.5397,BIEN,21.7612,0.80182,5.9484,11.2633,0.192567,0.153393,11.2423,11.388,1,1,265.329,nan
closed_eye_0386.jpg_face_1,cerrado,B40,117.0555,0.173106,39.6293,130.8877,35.9491,87.4706,BIEN,21.5831,0.811401,7.2638,11.8168,0.194317,0.158483,12.2528,8.4476,1,1,210.886,nan
closed_eye_0402.jpg_face_1,cerrado,B5,149.4001,0.058494,4.6368,184.6716,8.5257,56.549,BIEN,14.6798,0.729035,2.3226,23.6087,0.080492,nan,37.608,nan,1,1,1177.856,nan
closed_eye_0402.jpg_face_1,cerrado,B10,149.4001,0.058494,9.4731,179.7295,8.1871,50.9406,BIEN,17.9881,0.829771,3.1539,20.3007,0.085292,nan,45.8147,nan,1,1,1017.397,nan
closed_eye_0402.jpg_face_1,cerrado,B15,149.4001,0.058494,14.3915,188.9674,7.0483,51.6349,BIEN,15.7479,0.821616,2.8996,26.4841,0.072456,0.149376,23.8694,155.3716,1,1,1217.582,nan
closed_eye_0402.jpg_face_1,cerrado,B25,149.4001,0.058494,24.5008,189.0942,6.8944,51.0765,BIEN,15.8497,0.834125,3.4395,26.569,0.058032,0.084469,0.7892,44.4062,1,1,1572.574,nan
closed_eye_0402.jpg_face_1,cerrado,B40,149.4001,0.058494,39.4389,185.2844,7.6639,52.3752,BIEN,16.3689,0.848241,4.4067,24.0189,0.066411,0.079716,13.5355,36.2816,1,1,1128.159,nan
closed_eye_0406.jpg_face_1,cerrado,B5,145.7813,0.05546,4.3856,162.3968,9.6399,55.2155,BIEN,19.0742,0.738684,3.7271,11.3976,0.058114,nan,4.785,nan,1,1,738.171,nan
closed_eye_0406.jpg_face_1,cerrado,B10,145.7813,0.05546,9.4336,168.6076,8.2993,52.6282,BIEN,19.6555,0.836807,3.6182,15.6579,0.048948,0.114639,11.7426,106.7046,1,1,724.743,nan
closed_eye_0406.jpg_face_1,cerrado,B15,145.7813,0.05546,14.5368,169.9711,7.9928,51.7973,BIEN,19.7035,0.859521,3.8703,16.5933,0.052703,0.08941,4.9719,61.2143,1,1,818.063,nan
closed_eye_0406.jpg_face_1,cerrado,B25,145.7813,0.05546,24.5195,173.6713,7.2778,51.7847,BIEN,18.5515,0.867198,4.2095,19.1314,0.058643,0.063782,5.7392,15.0047,1,1,601.757,nan
closed_eye_0406.jpg_face_1,cerrado,B40,145.7813,0.05546,39.5024,173.8004,7.3417,51.6283,BIEN,18.5855,0.872773,5.1419,19.22,0.054692,0.056312,1.3851,1.5346,1,1,833.403,nan
closed_eye_0411.jpg_face_1,cerrado,B5,163.701,0.039924,4.3679,162.6401,12.7991,62.6031,BIEN,22.4968,0.693525,3.5318,0.6481,0.2379,nan,495.8772,nan,1,1,105.227,nan
closed_eye_0411.jpg_face_1,cerrado,B10,163.701,0.039924,9.4832,166.8474,11.0586,60.3623,BIEN,25.6185,0.800812,3.6664,1.922,0.042948,0.184171,7.5733,361.2996,1,1,158.866,nan
closed_eye_0411.jpg_face_1,cerrado,B15,163.701,0.039924,14.4984,176.0006,10.0699,60.4052,BIEN,23.4378,0.841762,3.5178,7.5134,0.045082,0.126773,12.9182,217.5324,1,1,160.072,nan
closed_eye_0411.jpg_face_1,cerrado,B25,163.701,0.039924,24.429,176.5618,10.1145,60.2897,BIEN,23.3433,0.864579,4.0167,7.8563,0.044614,0.09184,11.7475,130.0363,1,1,151.858,nan
closed_eye_0411.jpg_face_1,cerrado,B40,163.701,0.039924,39.5351,178.3519,9.5726,59.6215,BIEN,22.6341,0.869607,4.8285,8.9498,0.042177,0.066377,5.643,66.2575,1,1,160.854,nan
closed_eye_0421.jpg_face_1,cerrado,B5,161.4677,0.105119,4.6425,158.9748,11.1041,59.0013,BIEN,22.5098,0.722526,3.3642,1.5439,nan,nan,nan,nan,1,0,181.36,nan
closed_eye_0421.jpg_face_1,cerrado,B10,161.4677,0.105119,9.7383,181.428,9.9219,62.7426,BIEN,20.4132,0.860371,2.6356,12.3618,0.106523,0.150079,1.336,42.7704,1,1,214.257,nan
closed_eye_0421.jpg_face_1,cerrado,B15,161.4677,0.105119,14.4963,183.354,9.5722,62.1416,BIEN,19.8705,0.849376,2.8001,13.5546,0.114891,0.112348,9.296,6.8775,1,1,213.725,nan
closed_eye_0421.jpg_face_1,cerrado,B25,161.4677,0.105119,24.3637,183.0646,9.3811,61.5702,BIEN,20.2495,0.900399,3.3396,13.3754,0.114096,0.109548,8.5399,4.2138,1,1,218.905,nan
closed_eye_0421.jpg_face_1,cerrado,B40,161.4677,0.105119,39.5709,188.6051,9.2402,62.5205,BIEN,18.7369,0.903559,3.9771,16.8067,0.110351,0.111724,4.9776,6.2839,1,1,220.182,nan
closed_eye_0423.jpg_face_1,cerrado,B5,173.5427,0.029733,4.442,171.5688,6.2766,49.8205,BIEN,19.6977,0.726934,3.4787,1.1374,0.075265,nan,153.1402,nan,1,1,46.615,nan
closed_eye_0423.jpg_face_1,cerrado,B10,173.5427,0.029733,9.4639,194.716,3.8861,49.4058,BIEN,20.2544,0.815122,2.6116,12.2006,0.033885,0.102997,13.9655,246.4102,1,1,48.7,nan
closed_eye_0423.jpg_face_1,cerrado,B15,173.5427,0.029733,14.4977,204.0781,3.1952,49.5693,BIEN,18.2501,0.878349,2.433,17.5953,0.040848,0.064253,37.3841,116.102,1,1,49.966,nan
closed_eye_0423.jpg_face_1,cerrado,B25,173.5427,0.029733,24.4665,205.929,2.9878,48.7096,BIEN,17.7236,0.891821,2.7982,18.6619,0.026322,0.046333,11.4707,55.8316,1,1,53.847,nan
closed_eye_0423.jpg_face_1,cerrado,B40,173.5427,0.029733,39.4844,208.0502,2.8018,48.6138,BIEN,17.2093,0.902964,3.444,19.8841,0.025442,0.031395,14.4305,5.5899,1,1,53.422,nan
closed_eye_0424.jpg_face_1,cerrado,B5,120.7839,0.054862,4.3,130.6021,25.0493,70.783,BIEN,21.3435,0.684832,5.1729,8.1287,nan,nan,nan,nan,1,0,95.064,nan
closed_eye_0424.jpg_face_1,cerrado,B10,120.7839,0.054862,9.4398,138.5211,23.0788,68.7906,BIEN,20.9902,0.812745,5.0011,14.685,0.061091,nan,11.3546,nan,1,1,84.722,nan
closed_eye_0424.jpg_face_1,cerrado,B15,120.7839,0.054862,14.4764,140.1134,22.5166,68.6491,BIEN,20.6903,0.833393,5.2454,16.0034,0.071928,0.10323,31.109,88.1644,1,1,113.034,nan
closed_eye_0424.jpg_face_1,cerrado,B25,120.7839,0.054862,24.4833,143.8206,21.6805,68.2784,BIEN,19.721,0.843102,5.7412,19.0727,0.06105,0.067417,11.2797,22.885,1,1,96.516,nan
closed_eye_0424.jpg_face_1,cerrado,B40,120.7839,0.054862,39.4762,145.737,21.3305,68.525,BIEN,19.1541,0.846136,6.7838,20.6592,0.063658,0.063749,16.033,16.1992,1,1,108.339,nan
closed_eye_0427.jpg_face_1,cerrado,B5,140.063,0.024017,4.3664,135.5769,21.62,68.1045,BIEN,22.0476,0.693553,4.6883,3.2029,0.034438,nan,43.3903,nan,1,1,103.698,nan
closed_eye_0427.jpg_face_1,cerrado,B10,140.063,0.024017,9.5032,154.0225,12.5291,67.8778,BIEN,22.7066,0.817954,4.0864,9.9666,0.038912,0.092275,62.0213,284.2104,1,1,100.092,nan
closed_eye_0427.jpg_face_1,cerrado,B15,140.063,0.024017,14.3905,158.1419,11.672,67.6142,BIEN,21.789,0.853054,4.1957,12.9077,0.025657,0.073241,6.8306,204.9544,1,1,97.318,nan
closed_eye_0427.jpg_face_1,cerrado,B25,140.063,0.024017,24.4609,160.824,10.8246,66.9997,BIEN,20.7844,0.877317,4.6624,14.8227,0.028546,0.04653,18.8574,93.7379,1,1,108.812,nan
closed_eye_0427.jpg_face_1,cerrado,B40,140.063,0.024017,39.4404,161.3186,10.6923,66.7516,BIEN,20.6372,0.886352,5.6522,15.1758,0.020102,0.0321,16.3014,33.6555,1,1,104.09,nan
closed_eye_0441.jpg_face_1,cerrado,B5,138.4336,0.038961,4.2732,133.1737,32.1531,68.4053,BIEN,22.4177,0.771445,5.2596,3.7996,0.034892,nan,10.4431,nan,1,1,541.77,nan
closed_eye_0441.jpg_face_1,cerrado,B10,138.4336,0.038961,9.4883,150.8161,24.7041,70.9695,BIEN,22.8551,0.827814,4.4623,8.9447,0.046314,0.194735,18.8721,399.819,1,1,585.274,nan
closed_eye_0441.jpg_face_1,cerrado,B15,138.4336,0.038961,14.485,158.1802,21.1786,72.1971,BIEN,20.8176,0.83208,4.3765,14.2643,0.03051,0.108041,21.6923,177.3042,1,1,576.435,nan
closed_eye_0441.jpg_face_1,cerrado,B25,138.4336,0.038961,24.4981,157.2412,21.9541,72.9301,BIEN,20.9894,0.842475,5.0195,13.586,0.034426,0.09581,11.6409,145.9106,1,1,609.273,nan
closed_eye_0441.jpg_face_1,cerrado,B40,138.4336,0.038961,39.5014,153.6352,23.8571,72.9978,BIEN,22.1096,0.85791,6.2558,10.9811,0.036482,0.055483,6.3628,42.4064,1,1,582.242,nan
closed_eye_0460.jpg_face_1,cerrado,B5,105.4238,0.197631,4.4916,112.9323,38.0246,79.29,BIEN,23.7184,0.728368,5.6901,7.1222,0.212842,0.208749,7.6965,5.6259,1,1,194.058,nan
closed_eye_0460.jpg_face_1,cerrado,B10,105.4238,0.197631,9.4836,112.1742,37.9574,80.8361,BIEN,23.4959,0.754262,6.0703,6.4031,0.187581,0.185131,5.0854,6.3248,1,1,179.134,nan
closed_eye_0460.jpg_face_1,cerrado,B15,105.4238,0.197631,14.4757,110.7303,38.5174,82.2814,BIEN,23.1748,0.729793,6.5099,5.0334,0.19463,0.165675,1.5184,16.1695,1,1,119.376,nan
closed_eye_0460.jpg_face_1,cerrado,B25,105.4238,0.197631,24.4818,109.6669,38.8582,82.77,BIEN,23.1262,0.706456,7.4529,4.0248,0.195021,0.180784,1.3208,8.5244,1,1,132.742,nan
closed_eye_0460.jpg_face_1,cerrado,B40,105.4238,0.197631,39.4959,110.8263,38.5365,82.7911,BIEN,22.9053,0.718463,8.9219,5.1245,0.207845,0.183758,5.1684,7.0194,1,1,172.703,nan
closed_eye_0464.jpg_face_1,cerrado,B5,59.5533,0.151623,4.488,76.2694,63.4038,93.3139,CRITICA,18.2241,0.650201,7.2138,28.0692,0.221499,0.223414,46.0847,47.3482,1,1,145.843,nan
closed_eye_0464.jpg_face_1,cerrado,B10,59.5533,0.151623,9.6336,81.686,62.7768,93.9693,CRITICA,17.2607,0.814929,7.4481,37.1646,0.172445,0.190747,13.7324,25.8029,1,1,145.066,nan
closed_eye_0464.jpg_face_1,cerrado,B15,59.5533,0.151623,14.6238,82.9251,62.6386,94.0813,CRITICA,16.9854,0.832119,7.9637,39.2452,0.163718,0.15484,7.9769,2.1216,1,1,156.811,nan
closed_eye_0464.jpg_face_1,cerrado,B25,59.5533,0.151623,24.5359,83.5004,62.4166,94.235,CRITICA,16.844,0.854553,9.2579,40.2113,0.166716,0.147718,9.9542,2.576,1,1,158.516,nan
closed_eye_0464.jpg_face_1,cerrado,B40,59.5533,0.151623,39.5976,84.3599,62.295,94.3332,CRITICA,16.6568,0.849634,11.6762,41.6546,0.158822,0.147259,4.7479,2.8784,1,1,161.27,nan
closed_eye_0466.jpg_face_1,cerrado,B5,169.8196,0.022594,4.5435,209.6046,8.1641,66.1651,BIEN,15.3632,0.840797,1.4821,23.4278,0.012264,nan,45.7198,nan,1,1,325.193,nan
closed_eye_0466.jpg_face_1,cerrado,B10,169.8196,0.022594,9.5302,212.6102,8.9481,67.7212,BIEN,14.6859,0.850922,1.5574,25.1977,0.026641,0.097739,17.9104,332.5861,1,1,423.083,nan
closed_eye_0466.jpg_face_1,cerrado,B15,169.8196,0.022594,14.4951,211.6411,9.9756,68.1049,BIEN,14.8555,0.863205,1.805,24.627,0.034796,0.073222,54.0052,224.0764,1,1,414.096,nan
closed_eye_0466.jpg_face_1,cerrado,B25,169.8196,0.022594,24.5065,212.1593,9.346,67.5745,BIEN,14.7981,0.864083,2.2399,24.9322,0.028989,0.040574,28.3038,79.5766,1,1,414.319,nan
closed_eye_0466.jpg_face_1,cerrado,B40,169.8196,0.022594,39.4777,212.6022,9.2391,67.4847,BIEN,14.7153,0.862541,2.9381,25.193,0.031585,0.023727,39.7906,5.0154,1,1,419.445,nan
closed_eye_0476.jpg_face_1,cerrado,B5,187.8479,0.08296,4.4508,203.0892,8.7465,71.4017,BIEN,20.9719,0.833804,1.665,8.1136,0.092044,nan,10.9505,nan,1,1,158.778,nan
closed_eye_0476.jpg_face_1,cerrado,B10,187.8479,0.08296,9.4895,203.3381,8.3229,68.9535,BIEN,21.6959,0.882245,1.9118,8.2461,0.076827,0.15765,7.393,90.0321,1,1,241.82,nan
closed_eye_0476.jpg_face_1,cerrado,B15,187.8479,0.08296,14.5292,204.8808,8.023,68.2536,BIEN,21.1799,0.894732,2.0873,9.0674,0.076246,0.140875,8.0927,69.8114,1,1,237.744,nan
closed_eye_0476.jpg_face_1,cerrado,B25,187.8479,0.08296,24.4372,208.891,7.6203,67.0503,BIEN,19.6926,0.889077,2.3959,11.2022,0.076814,0.112022,7.4088,35.0316,1,1,238.078,nan
closed_eye_0476.jpg_face_1,cerrado,B40,187.8479,0.08296,39.5169,208.2997,7.5941,66.6872,BIEN,19.9756,0.893674,3.175,10.8874,0.075766,0.090369,8.6714,8.9306,1,1,171.931,nan
closed_eye_0481.jpg_face_1,cerrado,B5,162.9311,0.093866,4.447,155.2976,15.1101,62.9502,BIEN,21.3784,0.615118,4.3196,4.6851,0.139208,0.199483,48.3057,112.5187,1,1,27.187,nan
closed_eye_0481.jpg_face_1,cerrado,B10,162.9311,0.093866,9.4477,170.6556,11.042,62.2585,BIEN,23.6211,0.702251,3.8931,4.741,0.121233,0.193306,29.1557,105.9381,1,1,26.662,nan
closed_eye_0481.jpg_face_1,cerrado,B15,162.9311,0.093866,14.483,177.1027,9.9703,62.6295,BIEN,22.3264,0.723656,3.8201,8.6979,0.111299,0.164352,18.5728,75.0927,1,1,31.242,nan
closed_eye_0481.jpg_face_1,cerrado,B25,162.9311,0.093866,24.5014,181.7231,9.0473,62.3834,BIEN,21.0153,0.736497,4.1425,11.5337,0.108265,0.142535,15.3396,51.8492,1,1,25.305,nan
closed_eye_0481.jpg_face_1,cerrado,B40,162.9311,0.093866,39.4892,184.5189,8.6782,62.2312,BIEN,20.1487,0.737609,4.86,13.2496,0.093872,0.140692,0.0067,49.886,1,1,28.058,nan
closed_eye_0486.jpg_face_2,cerrado,B5,162.7457,0.085675,4.4738,190.707,2.858,42.049,BIEN,17.686,0.711601,2.679,17.181,0.103604,nan,20.9262,nan,1,1,53.952,nan
closed_eye_0486.jpg_face_2,cerrado,B10,162.7457,0.085675,9.4187,192.8983,2.584,40.321,BIEN,18.0642,0.771948,2.7832,18.5274,0.082318,nan,3.9186,nan,1,1,68.216,nan
closed_eye_0486.jpg_face_2,cerrado,B15,162.7457,0.085675,14.4133,197.9392,2.5021,40.6545,BIEN,17.0273,0.820641,2.7742,21.6248,0.102487,0.107912,19.6231,25.955,1,1,68.314,nan
closed_eye_0486.jpg_face_2,cerrado,B25,162.7457,0.085675,24.3632,202.921,2.4367,41.76,BIEN,15.8785,0.848945,2.9883,24.6859,0.092292,0.098267,7.7237,14.6975,1,1,67.662,nan
closed_eye_0486.jpg_face_2,cerrado,B40,162.7457,0.085675,39.4293,208.5105,2.3682,42.5223,BIEN,14.7283,0.853037,3.4473,28.1205,0.093227,0.095042,8.8151,10.9331,1,1,68.73,nan
closed_eye_0492.jpg_face_1,cerrado,B5,67.8778,0.095285,4.6138,78.0424,61.9008,87.2542,CRITICA,21.4366,0.799421,7.2934,14.9748,0.111336,0.188987,16.8453,98.3389,1,1,466.309,nan
closed_eye_0492.jpg_face_1,cerrado,B10,67.8778,0.095285,9.5754,78.9681,61.4227,85.2464,CRITICA,21.9595,0.83603,7.9551,16.3386,0.091681,0.127172,3.7826,33.465,1,1,561.419,nan
closed_eye_0492.jpg_face_1,cerrado,B15,67.8778,0.095285,14.5734,79.4287,61.1464,84.6401,CRITICA,22.0407,0.840959,8.6037,17.0172,0.09184,0.115755,3.6151,21.4826,1,1,571.037,nan
closed_eye_0492.jpg_face_1,cerrado,B25,67.8778,0.095285,24.5796,80.1576,61.0412,84.5946,CRITICA,21.8721,0.851774,9.9965,18.091,0.106244,0.10697,11.5012,12.2637,1,1,575.275,nan
closed_eye_0492.jpg_face_1,cerrado,B40,67.8778,0.095285,39.5851,80.6403,60.8658,84.7539,CRITICA,21.6865,0.847804,12.6304,18.8021,0.09447,0.097925,0.855,2.7708,1,1,568.214,nan
closed_eye_0493.jpg_face_1,cerrado,B5,190.8912,0.067975,4.3893,169.1146,9.0714,54.3,BIEN,17.444,0.65124,3.5318,11.4079,nan,nan,nan,nan,1,0,73.478,nan
closed_eye_0493.jpg_face_1,cerrado,B10,190.8912,0.067975,9.423,191.6335,4.8618,56.7862,BIEN,26.5624,0.823082,2.6877,0.3889,0.093997,nan,38.2815,nan,1,1,86.118,nan
closed_eye_0493.jpg_face_1,cerrado,B15,190.8912,0.067975,14.4846,200.6316,4.579,55.6985,BIEN,25.8715,0.906345,2.5412,5.1026,0.075959,0.136342,11.7449,100.5756,1,1,79.008,nan
closed_eye_0493.jpg_face_1,cerrado,B25,190.8912,0.067975,24.4996,206.338,3.9875,54.9794,BIEN,22.9019,0.929502,2.7466,8.0919,0.077064,0.147579,13.3713,117.1071,1,1,89.79,nan
closed_eye_0493.jpg_face_1,cerrado,B40,190.8912,0.067975,39.507,209.6897,3.8494,54.2058,BIEN,21.3763,0.932376,3.3445,9.8477,0.072148,0.107021,6.1392,57.4411,1,1,87.393,nan
closed_eye_0501.jpg_face_2,cerrado,B5,161.776,0.041603,4.3081,148.5468,5.4925,42.717,BIEN,19.4372,0.689795,4.848,8.1774,0.09235,nan,121.9778,nan,1,1,42.74,nan
closed_eye_0501.jpg_face_2,cerrado,B10,161.776,0.041603,9.5151,179.461,1.125,42.3749,BIEN,21.5837,0.825103,3.393,10.9318,0.037675,nan,9.4414,nan,1,1,47.595,nan
closed_eye_0501.jpg_face_2,cerrado,B15,161.776,0.041603,14.4106,179.7329,0.9587,42.3343,BIEN,22.6395,0.881054,3.6576,11.0999,0.026845,0.128938,35.4726,209.9252,1,1,46.532,nan
closed_eye_0501.jpg_face_2,cerrado,B25,161.776,0.041603,24.4837,185.3946,0.8717,42.0539,BIEN,20.4348,0.900141,3.8784,14.5996,0.025399,0.127421,38.9498,206.2774,1,1,44.932,nan
closed_eye_0501.jpg_face_2,cerrado,B40,161.776,0.041603,39.4963,186.4694,0.8199,41.9258,BIEN,20.0702,0.913761,4.6604,15.264,0.024767,0.105521,40.4693,153.6372,1,1,46.633,nan
closed_eye_0503.jpg_face_1,cerrado,B5,162.7098,0.063022,4.4256,166.3615,4.5527,51.8063,BIEN,21.6551,0.687914,3.6396,2.2443,0.044592,nan,29.244,nan,1,1,329.5,nan
closed_eye_0503.jpg_face_1,cerrado,B10,162.7098,0.063022,9.3623,184.1704,3.3945,51.3013,BIEN,20.7104,0.819152,3.0862,13.1895,0.064768,0.134189,2.77,112.9229,1,1,404.629,nan
closed_eye_0503.jpg_face_1,cerrado,B15,162.7098,0.063022,14.4328,186.6646,3.5222,51.534,BIEN,19.6074,0.81284,3.1605,14.7224,0.05487,0.091903,12.9353,45.826,1,1,412.814,nan
closed_eye_0503.jpg_face_1,cerrado,B25,162.7098,0.063022,24.5109,182.7543,3.9647,53.0947,BIEN,20.7545,0.864874,3.8429,12.3192,0.058726,0.062425,6.8176,0.9475,1,1,260.329,nan
closed_eye_0503.jpg_face_1,cerrado,B40,162.7098,0.063022,39.5275,187.1079,3.6262,52.2199,BIEN,19.495,0.864889,4.4732,14.9949,0.059946,0.0583,4.8802,7.4929,1,1,394.711,nan
closed_eye_0505.jpg_face_1,cerrado,B5,56.4032,0.09708,4.5057,98.0834,37.1341,62.3679,BIEN,13.5926,0.699452,7.0624,73.8967,0.084621,nan,12.834,nan,1,1,62.811,nan
closed_eye_0505.jpg_face_1,cerrado,B10,56.4032,0.09708,9.5175,101.0992,34.9504,61.8984,BIEN,13.4454,0.771245,7.3757,79.2436,0.107426,0.083992,10.6576,13.4815,1,1,62.151,nan
closed_eye_0505.jpg_face_1,cerrado,B15,56.4032,0.09708,14.5417,102.2039,33.8782,61.1139,BIEN,13.4108,0.786156,7.8214,81.2021,0.100652,0.098319,3.6793,1.2764,1,1,57.549,nan
closed_eye_0505.jpg_face_1,cerrado,B25,56.4032,0.09708,24.5185,103.2523,33.8998,61.5101,BIEN,13.2445,0.800814,8.7698,83.061,0.114467,0.096256,17.9098,0.8483,1,1,63.099,nan
closed_eye_0505.jpg_face_1,cerrado,B40,56.4032,0.09708,39.545,103.1885,33.4952,60.9653,BIEN,13.2859,0.806091,10.6326,82.9478,0.112874,0.105326,16.2689,8.4937,1,1,65.277,nan
closed_eye_0523.jpg_face_2,cerrado,B5,137.9996,0.056262,4.5138,165.2685,23.7264,86.0494,BIEN,17.2533,0.83641,2.9691,19.7602,0.062189,0.200189,10.535,255.8156,1,1,236.602,nan
closed_eye_0523.jpg_face_2,cerrado,B10,137.9996,0.056262,9.502,172.2609,21.4617,84.2135,BIEN,16.0823,0.873572,2.9757,24.8271,0.04894,0.096251,13.014,71.076,1,1,239.532,nan
closed_eye_0523.jpg_face_2,cerrado,B15,137.9996,0.056262,14.4976,173.4338,20.9494,83.2109,BIEN,15.9931,0.876181,3.2221,25.677,0.053389,0.073572,5.1069,30.7665,1,1,195.374,nan
closed_eye_0523.jpg_face_2,cerrado,B25,137.9996,0.056262,24.4617,174.0061,20.5923,82.5161,BIEN,16.0539,0.881998,3.7917,26.0918,0.051443,0.066219,8.5651,17.6969,1,1,197.095,nan
closed_eye_0523.jpg_face_2,cerrado,B40,137.9996,0.056262,39.49,175.3156,20.3711,82.0978,BIEN,15.8574,0.883951,4.6552,27.0407,0.05105,0.052641,9.2636,6.4357,1,1,139.532,nan
closed_eye_0539.jpg_face_1,cerrado,B5,67.6832,0.062235,4.4495,99.657,45.69,58.7139,BIEN,15.4266,0.713298,6.9559,47.2404,0.076102,0.205362,22.2815,229.9768,1,1,152.288,nan
closed_eye_0539.jpg_face_1,cerrado,B10,67.6832,0.062235,9.5407,99.5343,41.9931,53.1452,BIEN,16.1926,0.848401,7.6032,47.0591,0.072352,0.116791,16.2561,87.6602,1,1,156.309,nan
closed_eye_0539.jpg_face_1,cerrado,B15,67.6832,0.062235,14.4476,101.4928,39.037,53.3064,BIEN,15.9857,0.870563,7.9761,49.9528,0.057359,0.08656,7.8353,39.0851,1,1,162.729,nan
closed_eye_0539.jpg_face_1,cerrado,B25,67.6832,0.062235,24.4589,104.5543,34.5844,53.8027,BIEN,15.4047,0.878056,8.7561,54.476,0.055614,0.065873,10.6385,5.8446,1,1,158.965,nan
closed_eye_0539.jpg_face_1,cerrado,B40,67.6832,0.062235,39.5303,104.4681,34.6475,53.3307,BIEN,15.4804,0.88483,10.586,54.3487,0.059417,0.058163,4.5291,6.5436,1,1,152.045,nan
closed_eye_0544.jpg_face_1,cerrado,B5,162.8625,0.101855,4.4602,196.0589,2.9476,53.363,BIEN,16.6393,0.746615,2.1896,20.3831,0.098353,nan,3.4383,nan,1,1,72.536,nan
closed_eye_0544.jpg_face_1,cerrado,B10,162.8625,0.101855,9.4211,200.8823,2.9649,53.5355,BIEN,15.8276,0.779613,2.2178,23.3447,0.107432,0.18408,5.4758,80.7279,1,1,92.232,nan
closed_eye_0544.jpg_face_1,cerrado,B15,162.8625,0.101855,14.3794,202.17,2.6069,52.4816,BIEN,15.7,0.800537,2.404,24.1354,0.09932,0.145116,2.4885,42.4738,1,1,86.511,nan
closed_eye_0544.jpg_face_1,cerrado,B25,162.8625,0.101855,24.3882,203.0786,2.6163,52.1193,BIEN,15.6063,0.81291,2.8467,24.6933,0.113658,0.121615,11.5883,19.4006,1,1,96.208,nan
closed_eye_0544.jpg_face_1,cerrado,B40,162.8625,0.101855,39.2982,205.1368,2.0125,50.6955,BIEN,15.4584,0.83626,3.5505,25.9571,0.105366,0.118409,3.4477,16.253,1,1,93.334,nan
closed_eye_0548.jpg_face_1,cerrado,B5,102.3339,0.100794,4.5477,109.6458,50.3987,103.0766,BIEN,23.4669,0.733438,4.9528,7.1452,0.098925,nan,1.8542,nan,1,1,53.651,nan
closed_eye_0548.jpg_face_1,cerrado,B10,102.3339,0.100794,9.4855,113.653,48.4471,102.7356,BIEN,22.5452,0.812752,5.1893,11.061,0.112801,0.086259,11.9118,14.4205,1,1,55.83,nan
closed_eye_0548.jpg_face_1,cerrado,B15,102.3339,0.100794,14.4698,114.1574,48.287,101.9525,BIEN,22.702,0.858625,5.6205,11.5539,0.100855,0.074279,0.0601,26.3065,1,1,56.476,nan
closed_eye_0548.jpg_face_1,cerrado,B25,102.3339,0.100794,24.3831,114.9825,47.9362,101.6359,BIEN,22.5364,0.878501,6.4978,12.3601,0.102275,0.087686,1.4693,13.0054,1,1,45.833,nan
closed_eye_0548.jpg_face_1,cerrado,B40,102.3339,0.100794,39.4188,115.9442,47.6681,101.5631,BIEN,22.1509,0.890597,7.999,13.2999,0.110007,0.097881,9.1397,2.8908,1,1,55.556,nan
closed_eye_0557.jpg_face_1,cerrado,B5,113.8603,0.056271,4.3791,116.7105,17.4917,47.9205,BIEN,22.8237,0.739665,6.5278,2.5033,0.081368,nan,44.6003,nan,1,1,877.116,nan
closed_eye_0557.jpg_face_1,cerrado,B10,113.8603,0.056271,9.4824,131.6269,15.531,50.42,BIEN,21.6019,0.859248,5.7727,15.6038,0.058044,0.161728,3.1506,187.41,1,1,995.124,nan
closed_eye_0557.jpg_face_1,cerrado,B15,113.8603,0.056271,14.4831,135.8129,15.0262,51.6138,BIEN,19.8453,0.876295,5.7275,19.2802,nan,0.113652,nan,101.9726,1,0,1001.402,nan
closed_eye_0557.jpg_face_1,cerrado,B25,113.8603,0.056271,24.5017,138.2246,14.9583,52.5183,BIEN,19.207,0.889871,6.2946,21.3984,0.061857,0.090172,9.9272,60.2461,1,1,1062.699,nan
closed_eye_0557.jpg_face_1,cerrado,B40,113.8603,0.056271,39.4858,137.3613,15.0844,52.6761,BIEN,19.4086,0.897485,7.5766,20.6402,nan,0.062744,nan,11.5036,1,0,903.506,nan
closed_eye_0559.jpg_face_1,cerrado,B5,83.4456,0.072296,4.5054,124.0672,34.0851,77.8731,BIEN,13.9597,0.738663,5.1379,48.6804,0.091786,0.185241,26.9575,156.2244,1,1,168.745,nan
closed_eye_0559.jpg_face_1,cerrado,B10,83.4456,0.072296,9.4971,130.5911,31.7139,77.4809,BIEN,13.1381,0.767589,5.1617,56.4985,0.08962,0.118595,23.962,64.0402,1,1,203.55,nan
closed_eye_0559.jpg_face_1,cerrado,B15,83.4456,0.072296,14.4936,132.7966,30.9616,77.3261,BIEN,12.8641,0.763975,5.4076,59.1415,0.095157,0.094616,31.6208,30.8732,1,1,197.328,nan
closed_eye_0559.jpg_face_1,cerrado,B25,83.4456,0.072296,24.4882,133.3236,30.5481,76.7226,BIEN,12.8419,0.762674,6.1606,59.7731,0.084017,0.081231,16.2115,12.3581,1,1,189.815,nan
closed_eye_0559.jpg_face_1,cerrado,B40,83.4456,0.072296,39.4972,133.5195,30.4688,76.7103,BIEN,12.8176,0.762126,7.4318,60.0079,0.089649,0.073537,24.0029,1.7165,1,1,204.165,nan
closed_eye_0565.jpg_face_1,cerrado,B5,113.6516,0.073688,4.5903,145.4381,18.4514,69.2744,BIEN,15.2315,0.703176,3.8301,27.9683,0.065294,nan,11.3921,nan,1,1,560.287,nan
closed_eye_0565.jpg_face_1,cerrado,B10,113.6516,0.073688,9.4284,147.9147,18.0278,63.8793,BIEN,16.0663,0.853265,4.231,30.1474,0.074775,0.192765,1.4745,161.5943,1,1,577.234,nan
closed_eye_0565.jpg_face_1,cerrado,B15,113.6516,0.073688,14.5171,147.0428,18.1042,64.4852,BIEN,15.9823,0.879066,4.5105,29.3804,0.078311,0.153693,6.2725,108.5716,1,1,592.628,nan
closed_eye_0565.jpg_face_1,cerrado,B25,113.6516,0.073688,24.4772,142.056,18.2222,62.8493,BIEN,17.1228,0.911164,5.4867,24.9925,0.084849,0.132273,15.146,79.5034,1,1,513.954,nan
closed_eye_0565.jpg_face_1,cerrado,B40,113.6516,0.073688,39.4608,142.0412,18.1806,62.1573,BIEN,17.2416,0.92938,6.6768,24.9795,0.081803,0.099012,11.0115,34.366,1,1,602.991,nan
closed_eye_0566.jpg_face_1,cerrado,B5,90.5657,0.10032,4.5302,99.7713,37.4928,68.3343,BIEN,22.3162,0.720369,6.7768,10.1646,0.118237,0.207448,17.8593,106.7851,1,1,208.199,nan
closed_eye_0566.jpg_face_1,cerrado,B10,90.5657,0.10032,9.4737,108.534,35.881,70.7265,BIEN,20.6039,0.82237,6.676,19.8401,0.123113,0.154654,22.7195,54.1603,1,1,279.166,nan
closed_eye_0566.jpg_face_1,cerrado,B15,90.5657,0.10032,14.4668,111.1388,34.9126,70.816,BIEN,19.7318,0.876896,6.884,22.7163,0.094591,0.140399,5.7112,39.9502,1,1,267.373,nan
closed_eye_0566.jpg_face_1,cerrado,B25,90.5657,0.10032,24.4692,112.2185,34.7979,70.1647,BIEN,19.6797,0.914332,7.7953,23.9084,0.102888,0.10994,2.5592,9.5892,1,1,263.414,nan
closed_eye_0566.jpg_face_1,cerrado,B40,90.5657,0.10032,39.4889,114.2454,34.2968,70.6557,BIEN,19.061,0.918564,9.2231,26.1465,0.090916,0.10074,9.3742,0.4185,1,1,280.026,nan
closed_eye_0578.jpg_face_1,cerrado,B5,138.0701,0.117313,4.4486,141.3884,26.1489,83.6832,BIEN,22.5507,0.685634,4.4974,2.4034,0.114342,0.225705,2.5325,92.3952,1,1,405.811,nan
closed_eye_0578.jpg_face_1,cerrado,B10,138.0701,0.117313,9.4289,149.6956,25.208,83.6459,BIEN,23.1338,0.777975,4.4049,8.42,0.101016,0.224402,13.8918,91.2848,1,1,403.828,nan
closed_eye_0578.jpg_face_1,cerrado,B15,138.0701,0.117313,14.4344,157.2939,24.0527,85.7433,BIEN,20.5223,0.812911,4.2603,13.9232,0.087334,0.207196,25.555,76.6182,1,1,398.613,nan
closed_eye_0578.jpg_face_1,cerrado,B25,138.0701,0.117313,24.4679,157.5298,23.8497,85.093,BIEN,20.5979,0.835275,4.897,14.0941,0.10939,0.186705,6.7536,59.1506,1,1,401.027,nan
closed_eye_0578.jpg_face_1,cerrado,B40,138.0701,0.117313,39.5376,159.8129,23.5408,85.2455,BIEN,19.8805,0.839969,5.7974,15.7477,0.118343,0.154565,0.8782,31.7545,1,1,394.353,nan
closed_eye_0593.jpg_face_1,cerrado,B5,180.8049,0.208663,4.4529,165.5811,11.4256,55.5847,BIEN,18.3206,0.581926,3.5765,8.42,0.38801,nan,85.951,nan,1,1,35.359,nan
closed_eye_0593.jpg_face_1,cerrado,B10,180.8049,0.208663,9.5008,184.3866,5.7112,53.9687,BIEN,24.405,0.723742,2.954,1.981,0.212883,0.20281,2.0229,2.8047,1,1,37.738,nan
closed_eye_0593.jpg_face_1,cerrado,B15,180.8049,0.208663,14.4803,193.7797,4.4013,55.5383,BIEN,23.0832,0.757937,2.7717,7.1762,0.237895,0.232079,14.0094,11.222,1,1,37.543,nan
closed_eye_0593.jpg_face_1,cerrado,B25,180.8049,0.208663,24.4575,197.2015,3.5448,55.3868,BIEN,21.8574,0.775432,3.096,9.0687,0.231104,0.248858,10.7549,19.2633,1,1,40.567,nan
closed_eye_0593.jpg_face_1,cerrado,B40,180.8049,0.208663,39.511,201.0048,3.3344,55.5612,BIEN,20.3464,0.780448,3.6826,11.1722,0.215471,0.255168,3.2629,22.2875,1,1,39.303,nan
closed_eye_0597.jpg_face_2,cerrado,B5,73.5876,0.053396,4.4485,87.9796,41.4735,50.823,BIEN,20.5118,0.699231,8.1294,19.5577,0.051579,0.156054,3.4025,192.2588,1,1,65.003,nan
closed_eye_0597.jpg_face_2,cerrado,B10,73.5876,0.053396,9.4547,92.7988,37.9449,50.5269,BIEN,20.4171,0.80694,8.3338,26.1067,0.053428,0.093236,0.0605,74.613,1,1,72.669,nan
closed_eye_0597.jpg_face_2,cerrado,B15,73.5876,0.053396,14.5076,96.1294,36.2636,51.2002,BIEN,19.4,0.820126,8.5659,30.6327,0.054108,0.069816,1.3345,30.752,1,1,74.187,nan
closed_eye_0597.jpg_face_2,cerrado,B25,73.5876,0.053396,24.4954,95.9253,36.3573,50.393,BIEN,19.5497,0.837575,9.7223,30.3553,0.058312,0.071416,9.2065,33.7487,1,1,74.517,nan
closed_eye_0597.jpg_face_2,cerrado,B40,73.5876,0.053396,39.4713,96.4929,36.1181,50.3906,BIEN,19.4196,0.830961,11.6972,31.1266,0.059016,0.062803,10.526,17.6181,1,1,75.81,nan
closed_eye_0602.jpg_face_1,cerrado,B5,92.8185,0.107936,4.6508,117.1576,40.4375,96.4093,BIEN,17.7331,0.863113,4.8621,26.2223,0.107394,nan,0.5021,nan,1,1,96.201,nan
closed_eye_0602.jpg_face_1,cerrado,B10,92.8185,0.107936,9.6463,119.4822,39.1909,97.0409,BIEN,17.235,0.896607,5.1171,28.7268,0.119764,0.145018,10.9591,34.3557,1,1,121.016,nan
closed_eye_0602.jpg_face_1,cerrado,B15,92.8185,0.107936,14.6443,120.9875,38.9396,97.808,BIEN,16.8418,0.90105,5.4147,30.3485,0.113811,0.134182,5.4438,24.317,1,1,118.889,nan
closed_eye_0602.jpg_face_1,cerrado,B25,92.8185,0.107936,24.6531,121.8089,38.7347,98.1133,BIEN,16.6497,0.90399,6.2136,31.2335,0.107815,0.11794,0.1114,9.2688,1,1,114.877,nan
closed_eye_0602.jpg_face_1,cerrado,B40,92.8185,0.107936,39.655,121.5753,38.6982,97.8154,BIEN,16.7371,0.906154,7.7011,30.9818,0.096283,0.107458,10.7959,0.4423,1,1,121.612,nan
closed_eye_0603.jpg_face_1,cerrado,B5,95.3061,0.054804,4.2897,105.1584,33.3436,61.0856,BIEN,22.1631,0.674655,6.9894,10.3375,0.058436,0.164125,6.6274,199.4776,1,1,80.251,nan
closed_eye_0603.jpg_face_1,cerrado,B10,95.3061,0.054804,9.4617,113.0008,30.9989,60.2719,BIEN,20.9314,0.768485,6.8111,18.5661,0.047016,0.104997,14.2104,91.5872,1,1,79.236,nan
closed_eye_0603.jpg_face_1,cerrado,B15,95.3061,0.054804,14.4142,115.7032,30.0137,60.5121,BIEN,20.2689,0.778647,7.0317,21.4016,0.041267,0.087867,24.7001,60.3305,1,1,75.442,nan
closed_eye_0603.jpg_face_1,cerrado,B25,95.3061,0.054804,24.4626,115.0528,30.0519,59.4431,BIEN,20.5371,0.785135,7.9867,20.7192,0.043126,0.085352,21.3078,55.7407,1,1,76.114,nan
closed_eye_0603.jpg_face_1,cerrado,B40,95.3061,0.054804,39.478,116.5901,29.8721,59.7468,BIEN,20.0237,0.788995,9.3919,22.3322,0.043951,0.079532,19.8023,45.1212,1,1,77.98,nan
closed_eye_0607.jpg_face_1,cerrado,B5,109.1589,0.047953,4.4375,134.879,28.0538,62.7798,BIEN,18.5318,0.756772,5.1603,23.5621,0.060041,nan,25.2084,nan,1,1,1380.072,nan
closed_eye_0607.jpg_face_1,cerrado,B10,109.1589,0.047953,9.4422,133.9785,28.8924,64.9902,BIEN,18.797,0.832036,5.4543,22.7372,0.047573,0.104151,0.7913,117.1938,1,1,1577.785,nan
closed_eye_0607.jpg_face_1,cerrado,B15,109.1589,0.047953,14.5155,128.34,33.3544,65.2901,BIEN,19.9887,0.863792,6.0842,17.5718,0.046227,0.096997,3.5997,102.2756,1,1,1187.225,nan
closed_eye_0607.jpg_face_1,cerrado,B25,109.1589,0.047953,24.5285,122.054,38.5601,67.8294,BIEN,20.8384,0.874063,7.1803,11.8131,0.053532,0.060647,11.6339,26.4723,1,1,1504.438,nan
closed_eye_0607.jpg_face_1,cerrado,B40,109.1589,0.047953,39.5104,124.1769,37.3259,69.114,BIEN,20.0051,0.8735,8.3045,13.758,0.053655,0.059706,11.891,24.509,1,1,1560.062,nan
closed_eye_0619.jpg_face_1,cerrado,B5,77.5804,0.10316,4.4171,86.925,49.7117,56.6998,BIEN,22.02,0.750243,8.0095,12.0452,0.136929,0.190255,32.735,84.4273,1,1,1320.655,nan
closed_eye_0619.jpg_face_1,cerrado,B10,77.5804,0.10316,9.4631,91.1724,47.0811,55.5935,BIEN,22.2393,0.807437,8.3142,17.52,0.09641,0.213343,6.5429,106.8077,1,1,1638.002,nan
closed_eye_0619.jpg_face_1,cerrado,B15,77.5804,0.10316,14.4923,93.5099,44.9189,55.7483,BIEN,21.6122,0.817512,8.6664,20.533,0.130941,0.19564,26.9303,89.6478,1,1,1719.099,nan
closed_eye_0619.jpg_face_1,cerrado,B25,77.5804,0.10316,24.4957,94.7245,44.1081,55.7441,BIEN,21.3461,0.826415,9.7573,22.0986,0.098654,0.126406,4.3674,22.5343,1,1,1687.764,nan
closed_eye_0619.jpg_face_1,cerrado,B40,77.5804,0.10316,39.4809,94.3106,44.4504,55.1145,BIEN,21.5413,0.828052,11.9189,21.5651,0.122239,0.120641,18.495,16.9459,1,1,1582.278,nan
closed_eye_0622.jpg_face_1,cerrado,B5,115.9572,0.111137,4.5518,123.1295,28.9746,67.2781,BIEN,21.2292,0.770096,5.6413,6.1853,0.138574,nan,24.6877,nan,1,1,1861.851,nan
closed_eye_0622.jpg_face_1,cerrado,B10,115.9572,0.111137,9.5742,133.7377,26.1527,69.2788,BIEN,21.3006,0.858247,5.4249,15.3337,0.102521,0.158223,7.7522,42.3678,1,1,1601.281,nan
closed_eye_0622.jpg_face_1,cerrado,B15,115.9572,0.111137,14.4815,133.0879,25.8251,67.638,BIEN,21.6833,0.869293,5.8233,14.7734,0.114401,0.148464,2.9372,33.5866,1,1,2223.705,nan
closed_eye_0622.jpg_face_1,cerrado,B25,115.9572,0.111137,24.5349,136.2457,25.4472,68.834,BIEN,20.7075,0.870107,6.3831,17.4965,0.125362,0.119232,12.8004,7.284,1,1,2167.317,nan
closed_eye_0622.jpg_face_1,cerrado,B40,115.9572,0.111137,39.518,137.031,25.3968,68.741,BIEN,20.6121,0.874951,7.6169,18.1738,0.129206,0.113169,16.2585,1.8285,1,1,2025.111,nan
closed_eye_0625.jpg_face_2,cerrado,B5,149.5639,0.049821,4.3873,145.1365,14.518,55.3526,BIEN,21.1288,0.668103,4.6531,2.9602,nan,nan,nan,nan,1,0,2696.872,nan
closed_eye_0625.jpg_face_2,cerrado,B10,149.5639,0.049821,9.4646,161.5041,12.079,55.6853,BIEN,22.4592,0.753266,4.0665,7.9833,nan,nan,nan,nan,1,0,3314.551,nan
closed_eye_0625.jpg_face_2,cerrado,B15,149.5639,0.049821,14.5273,167.3618,11.8467,56.8602,BIEN,20.7034,0.726614,4.0257,11.8999,nan,0.14308,nan,187.1866,1,0,3536.068,nan
closed_eye_0625.jpg_face_2,cerrado,B25,149.5639,0.049821,24.482,167.3142,11.6144,56.0582,BIEN,21.0501,0.737751,4.6358,11.868,nan,0.071469,nan,43.4509,1,0,2384.927,nan
closed_eye_0625.jpg_face_2,cerrado,B40,149.5639,0.049821,39.4866,164.0627,12.1371,56.7421,BIEN,21.944,0.754884,5.7748,9.6941,nan,0.066812,nan,34.1029,1,0,3475.843,nan
closed_eye_0627.jpg_face_1,cerrado,B5,128.3333,0.058276,4.4893,166.514,12.1654,52.0048,BIEN,14.5238,0.634185,3.201,29.7512,0.096119,nan,64.9374,nan,1,1,1420.051,nan
closed_eye_0627.jpg_face_1,cerrado,B10,128.3333,0.058276,9.512,179.9386,5.5027,54.4401,BIEN,13.4025,0.736045,2.9975,40.2119,0.081091,0.159369,39.1499,173.4721,1,1,1468.429,nan
closed_eye_0627.jpg_face_1,cerrado,B15,128.3333,0.058276,14.4698,182.7696,4.417,54.6753,BIEN,12.8308,0.774405,3.053,42.4179,0.063985,0.1068,9.7956,83.2643,1,1,1479.728,nan
closed_eye_0627.jpg_face_1,cerrado,B25,128.3333,0.058276,24.5467,185.749,3.0488,54.9626,BIEN,12.4162,0.773259,3.4411,44.7395,0.061175,0.082167,4.9743,40.9954,1,1,1485.884,nan
closed_eye_0627.jpg_face_1,cerrado,B40,128.3333,0.058276,39.4877,188.3018,1.9631,55.0968,BIEN,12.0115,0.77678,4.1273,46.7287,0.061037,0.086183,4.7369,47.8865,1,1,1444.46,nan
closed_eye_0639.jpg_face_2,cerrado,B5,209.4695,0.043456,4.3871,203.8296,0.7921,36.6712,BIEN,22.9269,0.790526,2.0055,2.6925,0.056031,nan,28.9393,nan,1,1,183.705,nan
closed_eye_0639.jpg_face_2,cerrado,B10,209.4695,0.043456,9.3187,220.2461,0.5728,36.2449,BIEN,24.0138,0.851936,1.5401,5.1447,0.049153,0.175003,13.1111,302.7173,1,1,253.524,nan
closed_eye_0639.jpg_face_2,cerrado,B15,209.4695,0.043456,14.3884,224.3797,0.6597,36.6846,BIEN,22.6904,0.858464,1.5639,7.1181,0.043964,0.155893,1.1695,258.7407,1,1,242.554,nan
closed_eye_0639.jpg_face_2,cerrado,B25,209.4695,0.043456,24.5216,229.2666,0.5331,35.1782,BIEN,21.2614,0.88222,1.7965,9.451,0.043436,0.055644,0.0444,28.0485,1,1,250.319,nan
closed_eye_0639.jpg_face_2,cerrado,B40,209.4695,0.043456,39.5048,230.2785,0.6011,35.9628,BIEN,20.9868,0.884646,2.4221,9.9342,0.042097,0.045351,3.1271,4.3613,1,1,251.984,nan
closed_eye_0641.jpg_face_1,cerrado,B5,209.7663,0.021436,4.2875,190.8476,0.8766,29.4324,BIEN,17.5195,0.64385,2.7138,9.0189,nan,nan,nan,nan,1,0,384.468,nan
closed_eye_0641.jpg_face_1,cerrado,B10,209.7663,0.021436,9.3029,204.9352,0.789,27.1334,BIEN,22.8384,0.7442,2.3758,2.3031,0.050078,nan,133.6138,nan,1,1,438.154,nan
closed_eye_0641.jpg_face_1,cerrado,B15,209.7663,0.021436,14.5166,219.5388,0.6364,26.7036,BIEN,25.2474,0.827637,1.9407,4.6588,0.066308,0.168019,209.3241,683.806,1,1,436.243,nan
closed_eye_0641.jpg_face_1,cerrado,B25,209.7663,0.021436,24.4338,222.23,0.6851,27.823,BIEN,24.7859,0.876262,2.2422,5.9417,0.027445,0.110807,28.0314,416.9154,1,1,311.721,nan
closed_eye_0641.jpg_face_1,cerrado,B40,209.7663,0.021436,39.5023,224.1344,0.711,27.8053,BIEN,23.9936,0.885584,2.8167,6.8496,0.02546,0.067952,18.7726,216.994,1,1,312.305,nan
closed_eye_0653.jpg_face_2,cerrado,B5,185.9241,0.079739,4.4728,191.3756,2.6014,48.1196,BIEN,20.7034,0.713232,2.7027,2.9321,nan,nan,nan,nan,1,0,110.948,nan
closed_eye_0653.jpg_face_2,cerrado,B10,185.9241,0.079739,9.4995,204.2247,0.7188,45.0834,BIEN,21.7677,0.812524,2.3738,9.843,0.078201,nan,1.9289,nan,1,1,135.073,nan
closed_eye_0653.jpg_face_2,cerrado,B15,185.9241,0.079739,14.5155,207.7978,0.6238,44.71,BIEN,21.0776,0.858752,2.4364,11.7649,0.055696,nan,30.1518,nan,1,1,97.27,nan
closed_eye_0653.jpg_face_2,cerrado,B25,185.9241,0.079739,24.5199,205.6781,0.829,44.9712,BIEN,21.8829,0.901716,2.9702,10.6247,0.066893,nan,16.1099,nan,1,1,129.789,nan
closed_eye_0653.jpg_face_2,cerrado,B40,185.9241,0.079739,39.4973,212.1659,0.5985,45.102,BIEN,19.5049,0.917958,3.3772,14.1142,0.066058,0.066406,17.1563,16.7206,1,1,119.39,nan
closed_eye_0657.jpg_face_1,cerrado,B5,165.9157,0.032275,4.3923,155.8447,22.8777,80.71,BIEN,21.2865,0.757764,3.4787,6.0699,0.081856,nan,153.6181,nan,1,1,601.576,nan
closed_eye_0657.jpg_face_1,cerrado,B10,165.9157,0.032275,9.5103,176.1753,20.0172,81.8059,BIEN,22.9685,0.846487,2.8345,6.1836,0.046968,0.155137,45.5239,380.6686,1,1,725.584,nan
closed_eye_0657.jpg_face_1,cerrado,B15,165.9157,0.032275,14.4787,176.7896,19.8942,81.0199,BIEN,23.4026,0.87523,3.0796,6.5539,0.058442,0.110866,81.0753,243.5016,1,1,718.597,nan
closed_eye_0657.jpg_face_1,cerrado,B25,165.9157,0.032275,24.4753,180.4489,19.279,80.8574,BIEN,22.1463,0.884442,3.4616,8.7594,0.07247,0.078866,124.539,144.3545,1,1,633.352,nan
closed_eye_0657.jpg_face_1,cerrado,B40,165.9157,0.032275,39.484,182.1619,19.033,80.6712,BIEN,21.3984,0.881547,4.2481,9.7918,0.054874,0.050464,70.0203,56.3562,1,1,733.837,nan
closed_eye_0658.jpg_face_2,cerrado,B5,144.1252,0.072656,4.3946,160.5202,7.1498,57.4032,BIEN,20.7927,0.771463,3.7798,11.3755,0.072777,nan,0.1675,nan,1,1,544.573,nan
closed_eye_0658.jpg_face_2,cerrado,B10,144.1252,0.072656,9.4165,173.4599,4.2899,56.9447,BIEN,17.913,0.821511,3.3973,20.3536,0.061507,0.144467,15.3444,98.8376,1,1,537.548,nan
closed_eye_0658.jpg_face_2,cerrado,B15,144.1252,0.072656,14.4915,172.4618,4.438,57.5569,BIEN,18.1834,0.847408,3.7014,19.6611,0.072983,0.123275,0.45,69.6704,1,1,485.46,nan
closed_eye_0658.jpg_face_2,cerrado,B25,144.1252,0.072656,24.524,177.1985,3.5587,56.7178,BIEN,17.2507,0.859901,4.0535,22.9476,0.065865,0.081491,9.3461,12.1601,1,1,522.22,nan
closed_eye_0658.jpg_face_2,cerrado,B40,144.1252,0.072656,39.4782,176.784,3.6605,56.6158,BIEN,17.327,0.870242,4.9678,22.66,0.063819,0.069029,12.163,4.9922,1,1,540.365,nan
closed_eye_0665.jpg_face_1,cerrado,B5,165.9209,0.077106,4.3913,179.86,2.1365,49.1744,BIEN,18.2374,0.691038,3.073,8.401,0.134751,nan,74.7614,nan,1,1,2143.163,nan
closed_eye_0665.jpg_face_1,cerrado,B10,165.9209,0.077106,9.3578,165.7101,4.3048,49.2503,BIEN,22.5058,0.791429,4.0591,0.127,0.099764,0.21693,29.3854,181.3408,1,1,1916.443,nan
closed_eye_0665.jpg_face_1,cerrado,B15,165.9209,0.077106,14.4703,171.4525,2.7742,48.0794,BIEN,22.9957,0.808915,4.0224,3.3339,0.093354,0.135671,21.0724,75.9544,1,1,2090.738,nan
closed_eye_0665.jpg_face_1,cerrado,B25,165.9209,0.077106,24.4994,172.8638,3.3482,51.1599,BIEN,22.7307,0.817929,4.4646,4.1845,0.082824,0.107113,7.4156,38.9161,1,1,2736.727,nan
closed_eye_0665.jpg_face_1,cerrado,B40,165.9209,0.077106,39.5596,170.751,4.2411,53.1836,BIEN,22.5599,0.8218,5.4528,2.911,0.070233,0.089721,8.914,16.3601,1,1,2622.607,nan
closed_eye_0668.jpg_face_1,cerrado,B5,124.8896,0.049592,4.4496,125.2517,25.4012,57.6551,BIEN,22.5003,0.728639,5.4991,0.2899,0.068354,0.210086,37.8328,323.6284,1,1,300.192,nan
closed_eye_0668.jpg_face_1,cerrado,B10,124.8896,0.049592,9.5465,139.9158,21.049,58.0177,BIEN,22.7928,0.874547,5.0628,12.0316,0.057795,0.155036,16.5408,212.6229,1,1,337.541,nan
closed_eye_0668.jpg_face_1,cerrado,B15,124.8896,0.049592,14.4132,144.3112,19.4043,57.7457,BIEN,20.9959,0.906289,5.0226,15.551,0.056958,0.124842,14.8532,151.7373,1,1,323.279,nan
closed_eye_0668.jpg_face_1,cerrado,B25,124.8896,0.049592,24.5523,147.6589,18.5886,58.248,BIEN,20.1913,0.920244,5.5633,18.2315,0.053601,0.087089,8.0836,75.6116,1,1,344.353,nan
closed_eye_0668.jpg_face_1,cerrado,B40,124.8896,0.049592,39.4697,148.4725,18.5408,58.6463,BIEN,19.8772,0.928611,6.6245,18.883,0.054438,0.069591,9.7726,40.3262,1,1,345.316,nan
closed_eye_0670.jpg_face_1,cerrado,B5,93.8061,0.077601,4.4843,94.7834,55.731,95.4861,BIEN,24.7987,0.657349,6.0578,1.0418,0.13876,0.1896,78.8119,144.3272,1,1,187.97,nan
closed_eye_0670.jpg_face_1,cerrado,B10,93.8061,0.077601,9.5062,100.6021,54.6632,95.6573,BIEN,24.9577,0.780775,6.1824,7.2448,0.089542,0.149012,15.3876,92.0228,1,1,199.928,nan
closed_eye_0670.jpg_face_1,cerrado,B15,93.8061,0.077601,14.513,104.0911,53.8549,97.0218,BIEN,23.294,0.826436,6.4008,10.9641,0.0968,0.137402,24.7402,77.0619,1,1,200.216,nan
closed_eye_0670.jpg_face_1,cerrado,B25,93.8061,0.077601,24.5075,105.0945,53.5321,96.8116,BIEN,23.0213,0.855311,7.3658,12.0339,0.099235,0.113593,27.8783,46.3807,1,1,197.785,nan
closed_eye_0670.jpg_face_1,cerrado,B40,93.8061,0.077601,39.502,106.4626,53.0766,97.0965,BIEN,22.421,0.873553,9.0295,13.4923,0.098068,0.09642,26.3749,24.2507,1,1,184.277,nan
closed_eye_0675.jpg_face_1,cerrado,B5,111.8943,0.148832,4.6309,127.2751,40.6621,105.6529,BIEN,20.5545,0.836831,4.1532,13.7458,0.149568,0.190238,0.4944,27.8206,1,1,159.314,nan
closed_eye_0675.jpg_face_1,cerrado,B10,111.8943,0.148832,9.6323,130.1073,40.068,105.889,BIEN,20.3972,0.890506,4.4134,16.277,0.14376,0.156596,3.4075,5.2168,1,1,168.262,nan
closed_eye_0675.jpg_face_1,cerrado,B15,111.8943,0.148832,14.6281,131.4169,39.7061,106.0227,BIEN,20.0366,0.909001,4.6991,17.4474,0.120946,0.152102,18.7363,2.1973,1,1,118.469,nan
closed_eye_0675.jpg_face_1,cerrado,B25,111.8943,0.148832,24.6314,132.7567,39.3479,106.3197,BIEN,19.4731,0.916006,5.37,18.6448,0.123372,0.141857,17.1063,4.6867,1,1,156.747,nan
closed_eye_0675.jpg_face_1,cerrado,B40,111.8943,0.148832,39.6188,132.9898,39.2403,106.1999,BIEN,19.353,0.919331,6.6433,18.8531,0.111512,0.137984,25.0749,7.2888,1,1,167.875,nan
closed_eye_0682.jpg_face_3,cerrado,B5,175.014,0.04641,4.4467,165.6621,20.0033,79.1898,BIEN,20.6824,0.776943,3.3665,5.3435,0.05901,nan,27.1488,nan,1,1,413.633,nan
closed_eye_0682.jpg_face_3,cerrado,B10,175.014,0.04641,9.5138,179.609,15.7791,75.5682,BIEN,26.0279,0.84688,2.9258,2.6255,0.046919,0.153094,1.0948,229.8697,1,1,537.403,nan
closed_eye_0682.jpg_face_3,cerrado,B15,175.014,0.04641,14.4969,184.6273,14.6244,73.2463,BIEN,25.0116,0.877833,2.9868,5.4929,0.045879,0.12675,1.1456,173.1056,1,1,536.222,nan
closed_eye_0682.jpg_face_3,cerrado,B25,175.014,0.04641,24.4359,187.6884,13.3342,72.8046,BIEN,23.144,0.885878,3.3395,7.2419,0.045215,0.096047,2.5754,106.9507,1,1,543.596,nan
closed_eye_0682.jpg_face_3,cerrado,B40,175.014,0.04641,39.4998,187.9109,13.3506,72.9043,BIEN,22.9415,0.889108,4.1527,7.3691,0.04692,0.059443,1.0989,28.0813,1,1,536.279,nan
closed_eye_0685.jpg_face_2,cerrado,B5,120.9633,0.152504,4.5237,141.0077,34.2589,77.5988,BIEN,19.1491,0.777905,4.2543,16.5707,0.27336,nan,79.2477,nan,1,1,213.808,nan
closed_eye_0685.jpg_face_2,cerrado,B10,120.9633,0.152504,9.5806,133.7281,36.2061,80.5653,BIEN,20.3495,0.860966,4.7079,10.5526,0.316013,0.227448,107.2158,49.1422,1,1,207.943,nan
closed_eye_0685.jpg_face_2,cerrado,B15,120.9633,0.152504,14.6144,136.4808,35.905,83.4667,BIEN,19.3893,0.893314,4.8295,12.8283,0.174656,0.206701,14.525,35.538,1,1,212.382,nan
closed_eye_0685.jpg_face_2,cerrado,B25,120.9633,0.152504,24.5427,133.7008,36.5959,84.5711,BIEN,19.6926,0.908457,5.6491,10.53,0.118511,0.173655,22.2903,13.8688,1,1,205.901,nan
closed_eye_0685.jpg_face_2,cerrado,B40,120.9633,0.152504,39.4416,133.9079,36.6276,84.0488,BIEN,19.9008,0.924131,6.8586,10.7013,0.131147,0.146027,14.0045,4.2475,1,1,219.01,nan
closed_eye_0686.jpg_face_1,cerrado,B5,174.164,0.073765,4.3821,167.8257,5.903,51.7776,BIEN,19.9657,0.645043,3.6177,3.6393,0.074883,nan,1.5165,nan,1,1,384.453,nan
closed_eye_0686.jpg_face_1,cerrado,B10,174.164,0.073765,9.3033,184.7989,2.5374,49.2485,BIEN,23.4625,0.790325,3.1117,6.1063,0.068427,0.172451,7.2363,133.786,1,1,333.845,nan
closed_eye_0686.jpg_face_1,cerrado,B15,174.164,0.073765,14.3932,192.6519,1.8366,47.5429,BIEN,21.1264,0.822965,2.9666,10.6152,0.060125,0.174938,18.4911,137.1578,1,1,383.789,nan
closed_eye_0686.jpg_face_1,cerrado,B25,174.164,0.073765,24.4818,192.7417,1.7922,47.4036,BIEN,21.2569,0.849315,3.4498,10.6668,0.054888,0.134491,25.5897,82.3249,1,1,373.176,nan
closed_eye_0686.jpg_face_1,cerrado,B40,174.164,0.073765,39.4897,196.982,1.6094,47.1256,BIEN,19.8064,0.853887,4.0397,13.1014,0.045669,0.130962,38.0884,77.5405,1,1,381.098,nan
closed_eye_0690.jpg_face_1,cerrado,B5,142.17,0.150732,4.5437,151.1183,19.2589,62.167,BIEN,19.8238,0.717094,3.9088,6.2941,0.233946,nan,55.2065,nan,1,1,91.409,nan
closed_eye_0690.jpg_face_1,cerrado,B10,142.17,0.150732,9.4008,157.3256,14.451,59.3423,BIEN,22.6902,0.867282,4.1716,10.6602,0.125065,0.195983,17.0281,30.0205,1,1,95.622,nan
closed_eye_0690.jpg_face_1,cerrado,B15,142.17,0.150732,14.4005,161.4835,11.9831,58.3863,BIEN,21.3673,0.905965,4.176,13.5848,0.137238,0.162675,8.9522,7.9228,1,1,105.754,nan
closed_eye_0690.jpg_face_1,cerrado,B25,142.17,0.150732,24.5,159.3328,13.7652,59.5469,BIEN,21.9404,0.935272,4.8652,12.072,0.141755,0.160971,5.956,6.7925,1,1,102.859,nan
closed_eye_0690.jpg_face_1,cerrado,B40,142.17,0.150732,39.4794,158.0677,14.3886,59.9424,BIEN,22.2431,0.946375,5.9338,11.1821,0.139266,0.170515,7.6067,13.1242,1,1,104.887,nan
closed_eye_0695.jpg_face_2,cerrado,B5,83.6808,0.103247,4.5575,87.0349,57.5323,79.4528,BIEN,24.8829,0.67685,7.2855,4.0082,0.074647,0.192292,27.7006,86.2451,1,1,389.514,nan
closed_eye_0695.jpg_face_2,cerrado,B10,83.6808,0.103247,9.4789,90.5852,56.5071,76.7327,BIEN,26.4756,0.828281,7.7036,8.2509,0.080133,0.141879,22.3874,37.4171,1,1,375.192,nan
closed_eye_0695.jpg_face_2,cerrado,B15,83.6808,0.103247,14.4769,92.7256,56.5012,76.8253,BIEN,25.6559,0.884223,8.1167,10.8086,0.077356,0.118652,25.077,14.9209,1,1,292.834,nan
closed_eye_0695.jpg_face_2,cerrado,B25,83.6808,0.103247,24.483,94.2858,56.0899,77.2184,BIEN,24.983,0.918526,9.1986,12.6731,0.07906,0.109598,23.426,6.1509,1,1,299.249,nan
closed_eye_0695.jpg_face_2,cerrado,B40,83.6808,0.103247,39.4608,95.1374,55.9665,77.3047,BIEN,24.6209,0.932544,11.2484,13.6908,0.078198,0.111435,24.2607,7.9307,1,1,304.544,nan
closed_eye_0698.jpg_face_1,cerrado,B5,127.8524,0.097811,4.3501,129.1757,20.4668,60.1506,BIEN,18.9588,0.629692,5.3201,1.035,nan,nan,nan,nan,1,0,1871.258,nan
closed_eye_0698.jpg_face_1,cerrado,B10,127.8524,0.097811,9.3924,129.8611,19.483,57.1588,BIEN,20.7872,0.691778,5.8742,1.5711,nan,0.185578,nan,89.7316,1,0,2026.342,nan
closed_eye_0698.jpg_face_1,cerrado,B15,127.8524,0.097811,14.4948,133.6588,18.3063,55.6191,BIEN,21.152,0.722415,5.9406,4.5414,0.101687,0.142836,3.9629,46.0324,1,1,1696.641,nan
closed_eye_0698.jpg_face_1,cerrado,B25,127.8524,0.097811,24.5172,129.2176,20.081,57.395,BIEN,21.2023,0.722311,6.9126,1.0678,0.097434,0.132145,0.3856,35.1025,1,1,1795.977,nan
closed_eye_0698.jpg_face_1,cerrado,B40,127.8524,0.097811,39.5309,128.5816,19.946,57.6264,BIEN,21.297,0.728017,8.1981,0.5703,0.086407,0.11872,11.6596,21.3773,1,1,1212.268,nan
closed_eye_0713.jpg_face_1,cerrado,B5,169.6823,0.051631,4.3686,176.2669,6.3099,60.8311,BIEN,21.2008,0.72777,2.9634,3.8805,0.072948,nan,41.2883,nan,1,1,782.105,nan
closed_eye_0713.jpg_face_1,cerrado,B10,169.6823,0.051631,9.3984,174.8585,5.8934,57.4063,BIEN,25.972,0.86246,3.4253,3.0505,0.098436,0.210516,90.6547,307.7353,1,1,1094.811,nan
closed_eye_0713.jpg_face_1,cerrado,B15,169.6823,0.051631,14.4807,185.3671,4.9979,55.7343,BIEN,22.0552,0.871243,3.1361,9.2436,0.121422,0.151585,135.1743,193.5954,1,1,1057.53,nan
closed_eye_0713.jpg_face_1,cerrado,B25,169.6823,0.051631,24.4613,186.9354,4.7688,55.5524,BIEN,21.7869,0.889822,3.5952,10.1679,0.085691,0.108867,65.9693,110.8568,1,1,929.541,nan
closed_eye_0713.jpg_face_1,cerrado,B40,169.6823,0.051631,39.5062,186.4004,5.0396,56.3123,BIEN,21.7729,0.89531,4.4462,9.8525,0.075296,0.073728,45.8356,42.799,1,1,1073.653,nan
closed_eye_0717.jpg_face_4,cerrado,B5,116.3901,0.091851,4.4727,129.8105,26.8452,60.3046,BIEN,18.3983,0.666759,5.2304,11.5305,0.066107,nan,28.0277,nan,1,1,753.807,nan
closed_eye_0717.jpg_face_4,cerrado,B10,116.3901,0.091851,9.397,135.1572,25.2258,57.8492,BIEN,18.5225,0.811704,5.2126,16.1242,0.059321,0.142917,35.4155,55.5969,1,1,759.532,nan
closed_eye_0717.jpg_face_4,cerrado,B15,116.3901,0.091851,14.5342,132.5923,26.0581,56.7888,BIEN,19.4084,0.847731,5.7578,13.9205,0.064655,0.122277,29.6089,33.1252,1,1,752.049,nan
closed_eye_0717.jpg_face_4,cerrado,B25,116.3901,0.091851,24.4816,136.4259,25.3613,58.7383,BIEN,18.1173,0.865458,6.1108,17.2143,0.073713,0.099329,19.747,8.1417,1,1,733.03,nan
closed_eye_0717.jpg_face_4,cerrado,B40,116.3901,0.091851,39.5023,135.8423,25.2581,57.5822,BIEN,18.5665,0.883403,7.378,16.7129,0.071766,0.087466,21.8663,4.7737,1,1,702.79,nan
closed_eye_0721.jpg_face_4,cerrado,B5,166.9159,0.068403,4.3645,150.8607,13.7252,52.4618,BIEN,18.4969,0.659033,4.5964,9.6187,0.07595,0.223137,11.0338,226.2095,1,1,293.617,nan
closed_eye_0721.jpg_face_4,cerrado,B10,166.9159,0.068403,9.4043,182.1788,8.5006,56.5421,BIEN,21.9393,0.770719,3.1578,9.1441,0.082683,0.17821,20.8767,160.5301,1,1,310.713,nan
closed_eye_0721.jpg_face_4,cerrado,B15,166.9159,0.068403,14.5843,188.025,6.6029,55.5637,BIEN,20.7826,0.824292,3.1474,12.6466,0.074278,0.143917,8.5881,110.3952,1,1,322.04,nan
closed_eye_0721.jpg_face_4,cerrado,B25,166.9159,0.068403,24.5114,188.2299,6.501,55.3079,BIEN,20.7345,0.833431,3.6354,12.7693,0.059086,0.091029,13.6208,33.0775,1,1,322.945,nan
closed_eye_0721.jpg_face_4,cerrado,B40,166.9159,0.068403,39.4851,190.9781,6.0982,55.4448,BIEN,19.8784,0.834069,4.3248,14.4158,0.0719,0.070103,5.1119,2.4857,1,1,280.544,nan
closed_eye_0727.jpg_face_1,cerrado,B5,134.5152,0.074029,4.3487,148.684,12.1222,59.858,BIEN,20.0373,0.726867,4.4347,10.5333,0.104403,0.20592,41.0296,178.1609,1,1,515.251,nan
closed_eye_0727.jpg_face_1,cerrado,B10,134.5152,0.074029,9.4976,159.9831,8.7062,57.3671,BIEN,18.431,0.764791,4.1226,18.9331,0.059685,0.172691,19.3762,133.2744,1,1,519.859,nan
closed_eye_0727.jpg_face_1,cerrado,B15,134.5152,0.074029,14.4566,161.4192,7.8867,56.2991,BIEN,18.4468,0.786147,4.3654,20.0008,0.04587,0.153761,38.0372,107.7039,1,1,463.456,nan
closed_eye_0727.jpg_face_1,cerrado,B25,134.5152,0.074029,24.4848,161.2496,7.903,55.9896,BIEN,18.5065,0.793954,4.9885,19.8746,0.040418,0.143943,45.4031,94.4414,1,1,520.291,nan
closed_eye_0727.jpg_face_1,cerrado,B40,134.5152,0.074029,39.4912,162.0753,7.8137,56.0784,BIEN,18.2654,0.798054,5.9381,20.4885,0.06247,0.110379,15.6136,49.1028,1,1,525.762,nan
closed_eye_0735.jpg_face_4,cerrado,B5,101.8221,0.092897,4.6494,122.9412,15.318,43.1084,BIEN,19.1616,0.730181,5.8909,20.7412,0.120499,nan,29.7131,nan,1,1,149.806,nan
closed_eye_0735.jpg_face_4,cerrado,B10,101.8221,0.092897,9.3904,119.5759,13.5649,38.7253,BIEN,22.2989,0.881716,6.6372,17.4361,0.101962,0.14412,9.7585,55.14,1,1,162.382,nan
closed_eye_0735.jpg_face_4,cerrado,B15,101.8221,0.092897,14.5128,121.2723,13.5687,38.7528,BIEN,21.1808,0.911752,6.7841,19.1021,0.099507,0.114197,7.1152,22.9294,1,1,154.84,nan
closed_eye_0735.jpg_face_4,cerrado,B25,101.8221,0.092897,24.4769,120.6459,13.3789,37.84,BIEN,21.8374,0.93711,7.7368,18.487,0.102156,0.095045,9.9672,2.3122,1,1,162.7,nan
closed_eye_0735.jpg_face_4,cerrado,B40,101.8221,0.092897,39.4658,123.3708,12.8569,38.4796,BIEN,20.6161,0.941878,8.9139,21.1631,0.100992,0.103027,8.7145,10.9048,1,1,171.465,nan
closed_eye_0745.jpg_face_2,cerrado,B5,138.3415,0.063277,4.3205,134.2527,20.5759,54.4768,BIEN,21.136,0.752084,5.5319,2.9556,0.061301,nan,3.1232,nan,1,1,918.189,nan
closed_eye_0745.jpg_face_2,cerrado,B10,138.3415,0.063277,9.369,167.1845,13.8996,61.829,BIEN,17.9643,0.810085,3.7859,20.8491,0.056501,0.131069,10.7092,107.1352,1,1,896.459,nan
closed_eye_0745.jpg_face_2,cerrado,B15,138.3415,0.063277,14.5561,173.9405,11.9208,62.1118,BIEN,16.573,0.859802,3.7129,25.7326,0.046436,0.087777,26.6142,38.7192,1,1,904.159,nan
closed_eye_0745.jpg_face_2,cerrado,B25,138.3415,0.063277,24.4933,175.941,10.9797,61.728,BIEN,16.189,0.859972,4.1713,27.1788,0.049055,0.082821,22.4767,30.8868,1,1,918.442,nan
closed_eye_0745.jpg_face_2,cerrado,B40,138.3415,0.063277,39.4927,176.555,11.213,62.0264,BIEN,16.0096,0.864394,5.0283,27.6226,0.048695,0.060204,23.0441,4.8571,1,1,914.746,nan
closed_eye_0754.jpg_face_1,cerrado,B5,153.0647,0.024022,4.3077,166.1476,10.1331,59.5885,BIEN,20.5042,0.836294,3.7622,8.5473,0.073988,nan,208.0017,nan,1,1,3005.711,nan
closed_eye_0754.jpg_face_1,cerrado,B10,153.0647,0.024022,9.5329,175.4168,9.0607,57.021,BIEN,19.4617,0.829981,3.4711,14.603,0.034884,0.139322,45.2198,479.9795,1,1,2982.404,nan
closed_eye_0754.jpg_face_1,cerrado,B15,153.0647,0.024022,14.5422,179.105,8.6538,56.7388,BIEN,19.0912,0.86566,3.5681,17.0126,0.028549,0.102374,18.8441,326.1711,1,1,1632.92,nan
closed_eye_0754.jpg_face_1,cerrado,B25,153.0647,0.024022,24.466,186.3587,7.8033,56.6211,BIEN,17.239,0.845116,3.7423,21.7516,0.030314,0.069348,26.1948,188.6855,1,1,2963.841,nan
closed_eye_0754.jpg_face_1,cerrado,B40,153.0647,0.024022,39.4867,184.8876,8.0991,56.6833,BIEN,17.5616,0.854057,4.6601,20.7905,0.033257,0.039435,38.4466,64.1628,1,1,2828.854,nan
closed_eye_0767.jpg_face_2,cerrado,B5,137.3077,0.075354,4.2917,137.2743,18.6198,53.6724,BIEN,21.2719,0.763164,5.3646,0.0243,0.083248,nan,10.4745,nan,1,1,3192.848,nan
closed_eye_0767.jpg_face_2,cerrado,B10,137.3077,0.075354,9.4575,154.0451,14.1927,56.3665,BIEN,20.7466,0.790681,4.4693,12.1897,0.071338,0.159508,5.3307,111.6773,1,1,3066.544,nan
closed_eye_0767.jpg_face_2,cerrado,B15,137.3077,0.075354,14.5321,155.0208,15.1042,56.9885,BIEN,20.7657,0.799579,4.6965,12.9003,0.091775,0.153837,21.7915,104.1514,1,1,3309.067,nan
closed_eye_0767.jpg_face_2,cerrado,B25,137.3077,0.075354,24.5312,156.322,15.1476,59.0597,BIEN,20.184,0.806853,5.2085,13.848,0.075448,0.107347,0.1245,42.4562,1,1,3270.111,nan
closed_eye_0767.jpg_face_2,cerrado,B40,137.3077,0.075354,39.5,153.6897,15.7552,59.1842,BIEN,20.8568,0.817456,6.4145,11.9308,nan,0.072161,nan,4.2379,1,0,3271.181,nan
closed_eye_0770.jpg_face_1,cerrado,B5,142.9968,0.042949,4.5598,147.9855,17.7586,57.7968,BIEN,20.6886,0.706087,4.1613,3.4887,0.055854,nan,30.0465,nan,1,1,60.739,nan
closed_eye_0770.jpg_face_1,cerrado,B10,142.9968,0.042949,9.4088,159.1221,11.4531,54.8111,BIEN,22.2763,0.851979,4.0543,11.2767,0.039193,0.146862,8.7466,241.9452,1,1,72.198,nan
closed_eye_0770.jpg_face_1,cerrado,B15,142.9968,0.042949,14.4948,160.845,10.4719,53.6115,BIEN,22.0662,0.888098,4.2179,12.4816,0.044243,0.098318,3.0136,128.9183,1,1,70.302,nan
closed_eye_0770.jpg_face_1,cerrado,B25,142.9968,0.042949,24.4964,163.1854,9.825,53.3662,BIEN,21.3911,0.915373,4.7137,14.1183,0.04576,0.069642,6.5451,62.1509,1,1,71.934,nan
closed_eye_0770.jpg_face_1,cerrado,B40,142.9968,0.042949,39.4723,163.5903,9.9794,54.1839,BIEN,20.9833,0.922144,5.6528,14.4014,0.044061,0.053603,2.5878,24.8047,1,1,69.282,nan
closed_eye_0773.jpg_face_2,cerrado,B5,151.389,0.037229,4.2366,146.0208,4.4923,33.9851,BIEN,20.5964,0.733261,5.0166,3.546,0.098432,nan,164.3919,nan,1,1,267.044,nan
closed_eye_0773.jpg_face_2,cerrado,B10,151.389,0.037229,9.4738,168.5385,2.637,34.6194,BIEN,21.6577,0.842433,3.8678,11.3281,0.045395,nan,21.9325,nan,1,1,228.389,nan
closed_eye_0773.jpg_face_2,cerrado,B15,151.389,0.037229,14.3911,165.0923,2.7942,33.8571,BIEN,24.4403,0.891103,4.3827,9.0517,0.046322,nan,24.4221,nan,1,1,221.391,nan
closed_eye_0773.jpg_face_2,cerrado,B25,151.389,0.037229,24.471,172.4576,2.4663,34.9086,BIEN,21.1855,0.919846,4.4951,13.9169,0.038027,0.039605,2.1409,6.3796,1,1,207.37,nan
closed_eye_0773.jpg_face_2,cerrado,B40,151.389,0.037229,39.5139,173.4352,2.4865,35.3073,BIEN,20.6755,0.930036,5.3427,14.5626,0.043088,0.036982,15.7375,0.6648,1,1,200.389,nan
closed_eye_0778.jpg_face_1,cerrado,B5,142.004,0.032034,4.3031,151.5342,13.5868,52.3178,BIEN,20.0136,0.750437,4.6841,6.7113,0.041189,nan,28.5769,nan,1,1,1678.979,nan
closed_eye_0778.jpg_face_1,cerrado,B10,142.004,0.032034,9.4846,161.1124,12.3636,53.658,BIEN,19.4966,0.76941,4.2468,13.4563,0.03344,0.123589,4.3891,285.803,1,1,1849.112,nan
closed_eye_0778.jpg_face_1,cerrado,B15,142.004,0.032034,14.4588,161.5825,11.7355,52.7438,BIEN,19.7284,0.787454,4.5159,13.7873,0.035656,0.068514,11.3065,113.8794,1,1,2388.345,nan
closed_eye_0778.jpg_face_1,cerrado,B25,142.004,0.032034,24.5177,165.3851,11.5702,54.7274,BIEN,18.6644,0.778647,4.8696,16.4651,0.034151,0.052251,6.608,63.1096,1,1,2055.921,nan
closed_eye_0778.jpg_face_1,cerrado,B40,142.004,0.032034,39.482,163.0,11.5702,53.9296,BIEN,19.1885,0.781575,5.9952,14.7855,0.037624,0.023783,17.4498,25.7588,1,1,2619.859,nan
closed_eye_0804.jpg_face_1,cerrado,B5,179.3319,0.064031,4.4521,166.9928,4.9332,51.5847,BIEN,19.8725,0.68391,3.4767,6.8806,0.098509,nan,53.8451,nan,1,1,397.062,nan
closed_eye_0804.jpg_face_1,cerrado,B10,179.3319,0.064031,9.4608,186.5164,2.6465,49.0382,BIEN,24.6143,0.833515,2.9116,4.0063,0.058014,0.217815,9.3965,240.1711,1,1,600.06,nan
closed_eye_0804.jpg_face_1,cerrado,B15,179.3319,0.064031,14.5164,186.5769,3.4378,52.6327,BIEN,24.1527,0.848722,3.1071,4.04,0.068846,0.12838,7.519,100.4969,1,1,598.444,nan
closed_eye_0804.jpg_face_1,cerrado,B25,179.3319,0.064031,24.4656,189.5221,2.9651,51.3469,BIEN,24.3914,0.888823,3.4815,5.6823,0.05788,0.076274,9.606,19.1195,1,1,601.902,nan
closed_eye_0804.jpg_face_1,cerrado,B40,179.3319,0.064031,39.4635,191.636,2.8983,51.7954,BIEN,23.4033,0.887063,4.1787,6.8611,0.065236,0.045989,1.8822,28.1766,1,1,600.312,nan
closed_eye_0811.jpg_face_2,cerrado,B5,153.359,0.05285,4.3685,167.2624,4.2758,44.8824,BIEN,20.7617,0.710061,3.7277,9.0659,nan,nan,nan,nan,1,0,308.461,nan
closed_eye_0811.jpg_face_2,cerrado,B10,153.359,0.05285,9.4379,175.7355,3.3391,42.3811,BIEN,20.2714,0.806023,3.5537,14.5909,0.057689,0.126269,9.1564,138.92,1,1,286.854,nan
closed_eye_0811.jpg_face_2,cerrado,B15,153.359,0.05285,14.4294,174.1894,3.0843,41.4336,BIEN,21.1931,0.842285,3.9018,13.5828,0.057508,0.094508,8.8134,78.8248,1,1,303.693,nan
closed_eye_0811.jpg_face_2,cerrado,B25,153.359,0.05285,24.4558,176.2321,3.077,41.5078,BIEN,20.5606,0.869773,4.3414,14.9147,0.060121,0.068569,13.7578,29.744,1,1,330.6,nan
closed_eye_0811.jpg_face_2,cerrado,B40,153.359,0.05285,39.4389,177.0855,3.1886,42.1059,BIEN,20.1865,0.881719,5.1736,15.4712,0.059881,0.069592,13.3051,31.6791,1,1,298.954,nan
closed_eye_0820.BMP_face_1,cerrado,B5,123.0721,0.092876,4.4684,131.9684,11.866,44.7714,BIEN,21.4351,0.714354,5.4716,7.2285,0.094146,nan,1.3682,nan,1,1,197.153,nan
closed_eye_0820.BMP_face_1,cerrado,B10,123.0721,0.092876,9.4309,151.0579,7.843,47.1327,BIEN,18.5179,0.845179,4.6999,22.7393,0.10267,0.142952,10.5462,53.918,1,1,235.078,nan
closed_eye_0820.BMP_face_1,cerrado,B15,123.0721,0.092876,14.444,157.8284,7.2478,48.6611,BIEN,16.7648,0.871562,4.5668,28.2406,0.102927,0.13646,10.8221,46.9275,1,1,230.5,nan
closed_eye_0820.BMP_face_1,cerrado,B25,123.0721,0.092876,24.4796,160.3547,6.614,48.5381,BIEN,16.1831,0.894492,5.0188,30.2932,0.087332,0.110337,5.9689,18.8008,1,1,235.721,nan
closed_eye_0820.BMP_face_1,cerrado,B40,123.0721,0.092876,39.5142,161.1017,6.3847,48.3769,BIEN,16.0541,0.906722,5.9928,30.9002,0.089515,0.106415,3.6187,14.5783,1,1,234.362,nan
closed_eye_0825.jpg_face_1,cerrado,B5,104.3867,0.087334,4.2652,118.6597,12.1603,37.1898,BIEN,22.1976,0.746807,6.8604,13.6731,0.096809,nan,10.85,nan,1,1,163.556,nan
closed_eye_0825.jpg_face_1,cerrado,B10,104.3867,0.087334,9.5271,132.4019,10.3812,39.5141,BIEN,18.6896,0.846353,6.1774,26.8379,0.082932,nan,5.0395,nan,1,1,178.734,nan
closed_eye_0825.jpg_face_1,cerrado,B15,104.3867,0.087334,14.4735,130.6059,9.5104,36.8736,BIEN,19.4486,0.874872,6.6766,25.1173,0.087957,0.120101,0.7133,37.5192,1,1,175.67,nan
closed_eye_0825.jpg_face_1,cerrado,B25,104.3867,0.087334,24.4732,129.3705,9.6993,36.4332,BIEN,19.7935,0.902057,7.5182,23.9339,0.086513,0.108454,0.9397,24.1836,1,1,175.223,nan
closed_eye_0825.jpg_face_1,cerrado,B40,104.3867,0.087334,39.4786,129.2405,10.4019,37.3416,BIEN,19.706,0.911443,8.8384,23.8093,0.086011,0.091683,1.514,4.9798,1,1,174.7,nan
closed_eye_0827.jpg_face_1,cerrado,B5,115.2769,0.04965,4.4264,163.0206,12.044,58.7619,BIEN,13.5821,0.632402,3.6697,41.4165,0.072558,nan,46.1375,nan,1,1,465.073,nan
closed_eye_0827.jpg_face_1,cerrado,B10,115.2769,0.04965,9.4788,162.0543,10.8733,54.6362,BIEN,13.9521,0.793148,3.9367,40.5783,0.05514,0.166776,11.0569,235.9015,1,1,832.362,nan
closed_eye_0827.jpg_face_1,cerrado,B15,115.2769,0.04965,14.4937,166.8399,10.6435,55.3059,BIEN,13.4686,0.824462,4.039,44.7297,0.063671,0.085659,28.2397,72.5256,1,1,669.658,nan
closed_eye_0827.jpg_face_1,cerrado,B25,115.2769,0.04965,24.5045,171.3066,10.2341,55.2276,BIEN,12.7017,0.81896,4.3459,48.6044,0.061059,0.058899,22.9783,18.6283,1,1,825.627,nan
closed_eye_0827.jpg_face_1,cerrado,B40,115.2769,0.04965,39.4993,171.2988,10.2844,55.2234,BIEN,12.7519,0.830762,5.2954,48.5977,0.065081,0.055582,31.0781,11.9481,1,1,817.06,nan
closed_eye_0836.jpg_face_1,cerrado,B5,158.0414,0.030709,4.3854,170.0577,10.1331,55.0432,BIEN,19.431,0.736853,3.3442,7.6032,0.090175,nan,193.6466,nan,1,1,2526.528,nan
closed_eye_0836.jpg_face_1,cerrado,B10,158.0414,0.030709,9.3166,171.7193,8.7648,52.9795,BIEN,22.6278,0.862425,3.7384,8.6546,0.040362,0.206162,31.436,571.3467,1,1,2792.516,nan
closed_eye_0836.jpg_face_1,cerrado,B15,158.0414,0.030709,14.5203,179.1228,8.1731,54.2792,BIEN,19.944,0.841523,3.484,13.3391,nan,0.113752,nan,270.4231,1,0,2899.391,nan
closed_eye_0836.jpg_face_1,cerrado,B25,158.0414,0.030709,24.4593,180.0677,7.5074,54.1951,BIEN,20.0759,0.859115,4.0113,13.937,0.046646,0.068063,51.8988,121.6423,1,1,2881.844,nan
closed_eye_0836.jpg_face_1,cerrado,B40,158.0414,0.030709,39.4985,177.8458,9.0976,56.9381,BIEN,20.1782,0.861871,4.9283,12.5311,nan,0.04139,nan,34.7817,1,0,2942.908,nan
closed_eye_0843.jpg_face_1,cerrado,B5,90.0246,0.055886,4.4589,122.7242,31.1699,60.6821,BIEN,16.4882,0.759076,6.2023,36.323,0.061906,0.179664,10.7724,221.4856,1,1,1680.108,nan
closed_eye_0843.jpg_face_1,cerrado,B10,90.0246,0.055886,9.4944,121.3293,29.0485,56.6165,BIEN,17.3729,0.830959,6.7178,34.7736,0.054182,0.143388,3.0481,156.5741,1,1,1890.717,nan
closed_eye_0843.jpg_face_1,cerrado,B15,90.0246,0.055886,14.4335,121.3802,28.3554,55.7681,BIEN,17.391,0.847103,7.1049,34.83,0.051371,0.115944,8.079,107.4658,1,1,1743.375,nan
closed_eye_0843.jpg_face_1,cerrado,B25,90.0246,0.055886,24.4709,122.8187,27.2842,55.7881,BIEN,17.1005,0.852562,7.8497,36.428,0.052239,0.084923,6.5244,51.9591,1,1,1748.863,nan
closed_eye_0843.jpg_face_1,cerrado,B40,90.0246,0.055886,39.4388,122.8179,27.2422,55.4701,BIEN,17.1364,0.854653,9.3028,36.4271,0.052069,0.067537,6.8293,20.8481,1,1,1760.254,nan
closed_eye_0851.jpg_face_2,cerrado,B5,109.0344,0.055124,4.3283,131.9904,21.2158,62.6944,BIEN,18.8974,0.758155,5.3493,21.0539,0.072042,nan,30.6918,nan,1,1,938.703,nan
closed_eye_0851.jpg_face_2,cerrado,B10,109.0344,0.055124,9.4009,141.5427,18.8226,62.1545,BIEN,16.6777,0.839125,4.8837,29.8147,0.063421,0.124551,15.0516,125.947,1,1,982.029,nan
closed_eye_0851.jpg_face_2,cerrado,B15,109.0344,0.055124,14.4756,141.6728,18.8226,61.2339,BIEN,16.6352,0.876377,5.1777,29.934,0.059587,0.084329,8.0957,52.9816,1,1,888.968,nan
closed_eye_0851.jpg_face_2,cerrado,B25,109.0344,0.055124,24.4888,144.6877,18.316,61.4454,BIEN,16.1503,0.880355,5.7137,32.6992,0.064208,0.071422,16.4791,29.5666,1,1,619.195,nan
closed_eye_0851.jpg_face_2,cerrado,B40,109.0344,0.055124,39.4692,146.3033,18.185,61.6033,BIEN,15.8549,0.885253,6.7657,34.1808,0.059547,0.073905,8.024,34.0709,1,1,936.154,nan
closed_eye_0855.jpg_face_1,cerrado,B5,120.95,0.055206,4.3921,119.4041,40.3392,92.2195,BIEN,23.7589,0.6664,5.0648,1.2781,0.059112,0.195787,7.0749,254.6482,1,1,402.739,nan
closed_eye_0855.jpg_face_1,cerrado,B10,120.95,0.055206,9.4235,127.7752,39.64,93.2115,BIEN,24.8535,0.79821,4.9396,5.643,0.045599,0.093691,17.402,69.7115,1,1,568.053,nan
closed_eye_0855.jpg_face_1,cerrado,B15,120.95,0.055206,14.4937,133.2802,39.3226,94.3767,BIEN,22.7085,0.825656,4.9587,10.1944,0.051531,0.069707,6.656,26.2675,1,1,576.502,nan
closed_eye_0855.jpg_face_1,cerrado,B25,120.95,0.055206,24.5035,136.2647,39.1391,94.5332,BIEN,21.7792,0.841925,5.5588,12.662,0.055644,0.049641,0.7943,10.0798,1,1,562.019,nan
closed_eye_0855.jpg_face_1,cerrado,B40,120.95,0.055206,39.4684,136.3663,39.1291,94.0145,BIEN,21.8559,0.850118,6.8328,12.746,0.043839,0.055523,20.5898,0.5741,1,1,573.132,nan
closed_eye_0860.jpg_face_1,cerrado,B5,127.8948,0.06724,4.2425,154.7501,6.2978,43.6559,BIEN,18.6872,0.776099,4.5436,20.998,0.057374,nan,14.6723,nan,1,1,1914.608,nan
closed_eye_0860.jpg_face_1,cerrado,B10,127.8948,0.06724,9.4883,164.9986,5.0905,42.6407,BIEN,16.4992,0.846155,4.0939,29.0112,nan,0.127466,nan,89.5706,1,0,1920.492,nan
closed_eye_0860.jpg_face_1,cerrado,B15,127.8948,0.06724,14.4662,167.3948,5.0503,42.6881,BIEN,15.9253,0.845665,4.2047,30.8848,0.059944,0.080597,10.8504,19.8647,1,1,1898.254,nan
closed_eye_0860.jpg_face_1,cerrado,B25,127.8948,0.06724,24.4724,169.7807,4.668,42.8208,BIEN,15.4841,0.854513,4.6552,32.7503,0.062941,0.072787,6.3927,8.2496,1,1,1913.509,nan
closed_eye_0860.jpg_face_1,cerrado,B40,127.8948,0.06724,39.4954,167.227,5.0503,42.7399,BIEN,15.9484,0.865479,5.7595,30.7536,0.060352,0.066227,10.2432,1.5053,1,1,1881.114,nan
closed_eye_0862.jpg_face_1,cerrado,B5,138.7966,0.068396,4.5165,186.4833,5.9172,64.241,BIEN,13.8173,0.784065,2.4453,34.3572,0.060759,nan,11.1656,nan,1,1,385.743,nan
closed_eye_0862.jpg_face_1,cerrado,B10,138.7966,0.068396,9.4976,180.8774,12.5075,65.2447,BIEN,14.7295,0.852798,2.9184,30.3183,0.066113,0.117884,3.3384,72.3547,1,1,410.139,nan
closed_eye_0862.jpg_face_1,cerrado,B15,138.7966,0.068396,14.4838,180.7989,12.3113,65.1518,BIEN,14.7584,0.86523,3.178,30.2617,0.063728,0.113146,6.8245,65.427,1,1,408.247,nan
closed_eye_0862.jpg_face_1,cerrado,B25,138.7966,0.068396,24.4884,180.4763,12.3536,65.2326,BIEN,14.8114,0.872618,3.7263,30.0293,0.079676,0.088292,16.4922,29.0895,1,1,411.709,nan
closed_eye_0862.jpg_face_1,cerrado,B40,138.7966,0.068396,39.4945,180.2312,12.3174,65.1994,BIEN,14.8594,0.876126,4.6081,29.8527,0.076133,0.093147,11.3113,36.1879,1,1,409.316,nan
closed_eye_0865.jpg_face_1,cerrado,B5,138.9431,0.051582,4.4288,159.6185,14.4097,70.9969,BIEN,18.3621,0.738446,3.696,14.8804,0.104872,nan,103.3108,nan,1,1,3203.075,nan
closed_eye_0865.jpg_face_1,cerrado,B10,138.9431,0.051582,9.3342,166.8281,10.9809,69.8101,BIEN,18.3096,0.829638,3.6718,20.0693,0.052213,0.188457,1.2237,265.3536,1,1,2781.641,nan
closed_eye_0865.jpg_face_1,cerrado,B15,138.9431,0.051582,14.3468,164.6419,12.1528,72.1242,BIEN,18.4086,0.83596,3.9715,18.4959,0.046478,0.116294,9.8948,125.4538,1,1,3276.54,nan
closed_eye_0865.jpg_face_1,cerrado,B25,138.9431,0.051582,24.4996,156.2721,16.4062,75.8127,BIEN,19.5606,0.854926,4.9078,12.472,0.043089,0.067247,16.4646,30.3694,1,1,2327.205,nan
closed_eye_0865.jpg_face_1,cerrado,B40,138.9431,0.051582,39.5273,160.4766,14.0625,74.188,BIEN,18.924,0.854903,5.6962,15.498,0.038229,0.049403,25.8877,4.2245,1,1,3146.633,nan
closed_eye_0870.jpg_face_1,cerrado,B5,164.4725,0.076239,4.3799,150.571,19.4219,68.7402,BIEN,19.7629,0.714314,4.1534,8.4522,0.060428,0.202032,20.7386,164.9995,1,1,188.473,nan
closed_eye_0870.jpg_face_1,cerrado,B10,164.4725,0.076239,9.4668,176.0825,17.4613,72.5687,BIEN,23.0242,0.829632,3.1142,7.059,0.064212,0.161387,15.7746,111.6861,1,1,180.554,nan
closed_eye_0870.jpg_face_1,cerrado,B15,164.4725,0.076239,14.5456,179.1094,17.0585,71.6328,BIEN,23.0443,0.901741,3.2657,8.8993,0.064398,0.12765,15.5315,67.4342,1,1,198.791,nan
closed_eye_0870.jpg_face_1,cerrado,B25,164.4725,0.076239,24.4846,185.1179,16.7103,72.4275,BIEN,20.4395,0.900371,3.5004,12.5525,0.073681,0.082709,3.3549,8.4871,1,1,198.035,nan
closed_eye_0870.jpg_face_1,cerrado,B40,164.4725,0.076239,39.4895,182.6191,16.7921,71.2803,BIEN,21.6231,0.919711,4.4964,11.0333,0.071528,0.058232,6.1786,23.6186,1,1,201.394,nan
closed_eye_0873.jpg_face_1,cerrado,B5,157.3608,0.02819,4.2797,141.5231,6.8759,35.7883,BIEN,18.9834,0.695801,5.2285,10.0645,nan,nan,nan,nan,1,0,253.524,nan
closed_eye_0873.jpg_face_1,cerrado,B10,157.3608,0.02819,9.4712,165.7765,3.6501,36.3446,BIEN,25.2106,0.880754,4.0534,5.348,0.039545,nan,40.2827,nan,1,1,244.254,nan
closed_eye_0873.jpg_face_1,cerrado,B15,157.3608,0.02819,14.5012,171.2857,3.3006,36.8439,BIEN,24.0388,0.900488,3.9962,8.849,0.033018,0.117745,17.1288,317.6895,1,1,230.766,nan
closed_eye_0873.jpg_face_1,cerrado,B25,157.3608,0.02819,24.4896,177.0944,2.7189,36.7448,BIEN,21.9674,0.914357,4.2898,12.5404,0.032611,0.081835,15.6834,190.3021,1,1,254.693,nan
closed_eye_0873.jpg_face_1,cerrado,B40,157.3608,0.02819,39.4993,178.4578,2.8623,37.3516,BIEN,21.2473,0.91968,5.1029,13.4068,0.029822,0.050053,5.7906,77.5596,1,1,259.551,nan
closed_eye_0882.jpg_face_1,cerrado,B5,135.0537,0.017135,4.3622,129.134,21.2228,55.4619,BIEN,21.5641,0.684496,5.4307,4.3832,0.021659,nan,26.3975,nan,1,1,547.585,nan
closed_eye_0882.jpg_face_1,cerrado,B10,135.0537,0.017135,9.4519,146.6922,15.8677,57.4985,BIEN,24.1006,0.877036,4.7754,8.6176,0.021426,0.131792,25.0391,669.1175,1,1,560.036,nan
closed_eye_0882.jpg_face_1,cerrado,B15,135.0537,0.017135,14.4717,150.6118,15.0388,57.6631,BIEN,22.9365,0.882711,4.9087,11.5199,0.029163,0.064046,70.1906,273.766,1,1,558.441,nan
closed_eye_0882.jpg_face_1,cerrado,B25,135.0537,0.017135,24.4832,149.6792,14.7011,56.4422,BIEN,23.4406,0.906881,5.5997,10.8294,0.023091,0.040547,34.7583,136.6241,1,1,565.931,nan
closed_eye_0882.jpg_face_1,cerrado,B40,135.0537,0.017135,39.4838,150.933,14.7669,57.621,BIEN,22.8404,0.911374,6.6148,11.7577,0.018186,0.02335,6.1329,36.2655,1,1,548.246,nan
closed_eye_0886.jpg_face_1,cerrado,B5,115.9603,0.044637,4.3699,135.9635,23.642,70.2575,BIEN,19.3326,0.749825,5.0015,17.25,0.034302,0.177067,23.1521,296.6854,1,1,233.03,nan
closed_eye_0886.jpg_face_1,cerrado,B10,115.9603,0.044637,9.5149,149.8482,20.5446,69.0947,BIEN,16.6088,0.828899,4.5138,29.2237,0.026514,0.134701,40.6003,201.7721,1,1,281.96,nan
closed_eye_0886.jpg_face_1,cerrado,B15,115.9603,0.044637,14.4897,146.8753,20.6465,67.7495,BIEN,17.5249,0.865934,5.0191,26.66,0.033131,0.109239,25.7769,144.7294,1,1,253.891,nan
closed_eye_0886.jpg_face_1,cerrado,B25,115.9603,0.044637,24.4855,145.8844,20.4002,66.7685,BIEN,17.897,0.895109,5.7744,25.8055,0.034504,0.094339,22.7015,111.3488,1,1,269.789,nan
closed_eye_0886.jpg_face_1,cerrado,B40,115.9603,0.044637,39.5065,145.6115,20.4547,66.5882,BIEN,17.9939,0.908654,6.9473,25.5702,0.036415,0.051746,18.4188,15.9262,1,1,289.687,nan
closed_eye_0887.jpg_face_1,cerrado,B5,170.795,0.075546,4.4319,165.3656,8.6787,54.92,BIEN,20.1119,0.717825,3.6085,3.1789,0.070187,nan,7.093,nan,1,1,914.328,nan
closed_eye_0887.jpg_face_1,cerrado,B10,170.795,0.075546,9.5131,184.3015,7.4584,54.9722,BIEN,22.0198,0.823312,2.9616,7.908,0.069509,0.141295,7.9902,87.0328,1,1,1092.777,nan
closed_eye_0887.jpg_face_1,cerrado,B15,170.795,0.075546,14.4814,186.9765,7.2481,55.4737,BIEN,22.1596,0.860342,3.1436,9.4743,0.074477,0.097371,1.4143,28.8907,1,1,1107.052,nan
closed_eye_0887.jpg_face_1,cerrado,B25,170.795,0.075546,24.5157,185.8449,7.6373,57.0684,BIEN,22.0692,0.864458,3.6298,8.8117,0.080613,0.085381,6.7083,13.0197,1,1,1075.616,nan
closed_eye_0887.jpg_face_1,cerrado,B40,170.795,0.075546,39.5321,185.6179,7.6794,57.5441,BIEN,22.1791,0.876293,4.4797,8.6788,0.076296,0.073974,0.9939,2.0797,1,1,1003.915,nan
closed_eye_0888.BMP_face_1,cerrado,B5,108.4231,0.053805,4.5241,121.3315,31.3615,56.2499,BIEN,17.0303,0.637087,5.4576,11.9056,0.074567,nan,38.5886,nan,1,1,713.572,nan
closed_eye_0888.BMP_face_1,cerrado,B10,108.4231,0.053805,9.4672,123.7094,30.0684,55.8656,BIEN,17.3288,0.697178,5.6843,14.0988,0.049753,0.194736,7.5307,261.9319,1,1,811.162,nan
closed_eye_0888.BMP_face_1,cerrado,B15,108.4231,0.053805,14.5709,115.3458,32.9147,54.3016,BIEN,18.2991,0.722589,6.4806,6.3849,0.04104,0.136987,23.7246,154.5999,1,1,800.897,nan
closed_eye_0888.BMP_face_1,cerrado,B25,108.4231,0.053805,24.4858,115.8475,32.6769,55.0256,BIEN,18.1621,0.725894,7.1942,6.8476,0.033139,0.115072,38.4094,113.8693,1,1,821.963,nan
closed_eye_0888.BMP_face_1,cerrado,B40,108.4231,0.053805,39.5004,116.6624,32.662,55.5907,BIEN,17.8808,0.726949,8.3924,7.5992,0.037755,0.079144,29.8292,47.0941,1,1,819.807,nan
closed_eye_0890.jpg_face_1,cerrado,B5,151.4908,0.055394,4.3662,135.1535,24.66,66.3871,BIEN,19.5116,0.718669,4.9791,10.7844,0.070513,nan,27.2928,nan,1,1,275.065,nan
closed_eye_0890.jpg_face_1,cerrado,B10,151.4908,0.055394,9.4543,159.4364,16.9852,67.7905,BIEN,24.555,0.846166,3.928,5.2449,0.077069,0.138118,39.1281,149.3358,1,1,276.19,nan
closed_eye_0890.jpg_face_1,cerrado,B15,151.4908,0.055394,14.503,164.2072,15.5326,67.2879,BIEN,23.6903,0.883833,3.9914,8.3942,0.059811,0.112613,7.9723,103.2927,1,1,275.368,nan
closed_eye_0890.jpg_face_1,cerrado,B25,151.4908,0.055394,24.518,166.8892,15.1183,67.2427,BIEN,22.5897,0.897469,4.4432,10.1646,0.062007,0.085276,11.9371,53.9436,1,1,262.867,nan
closed_eye_0890.jpg_face_1,cerrado,B40,151.4908,0.055394,39.5037,168.6643,14.5606,66.8446,BIEN,21.8847,0.903643,5.3139,11.3363,0.073021,0.079147,31.8195,42.8791,1,1,285.404,nan
closed_eye_0899.jpg_face_1,cerrado,B5,101.303,0.103857,4.4844,117.2154,42.1497,80.1526,BIEN,17.8155,0.782408,5.4078,15.7077,0.092735,0.186474,10.7089,79.5492,1,1,300.761,nan
closed_eye_0899.jpg_face_1,cerrado,B10,101.303,0.103857,9.4928,117.1748,41.7412,79.0913,BIEN,18.1214,0.826137,5.8119,15.6676,0.106763,0.178036,2.7987,71.4248,1,1,263.602,nan
closed_eye_0899.jpg_face_1,cerrado,B15,101.303,0.103857,14.4822,116.6416,42.2289,79.2366,BIEN,18.1702,0.830542,6.2161,15.1412,0.113928,0.132177,9.6974,27.2689,1,1,300.707,nan
closed_eye_0899.jpg_face_1,cerrado,B25,101.303,0.103857,24.4974,116.5091,42.1665,79.5584,BIEN,18.1094,0.828428,7.0248,15.0105,0.121083,0.152547,16.5864,46.8817,1,1,301.286,nan
closed_eye_0899.jpg_face_1,cerrado,B40,101.303,0.103857,39.4953,115.3499,42.9666,80.3371,BIEN,18.0727,0.820553,8.4421,13.8662,0.118975,0.127073,14.5569,22.3544,1,1,320.338,nan
closed_eye_0902.jpg_face_1,cerrado,B5,130.6937,0.095417,4.3403,161.4579,7.5234,49.9984,BIEN,16.7523,0.736323,3.7131,23.5391,0.129075,nan,35.2736,nan,1,1,240.027,nan
closed_eye_0902.jpg_face_1,cerrado,B10,130.6937,0.095417,9.5941,176.5367,6.0173,50.0657,BIEN,14.1359,0.804452,3.1914,35.0766,0.096326,nan,0.952,nan,1,1,308.661,nan
closed_eye_0902.jpg_face_1,cerrado,B15,130.6937,0.095417,14.4879,176.5828,5.7667,49.0711,BIEN,14.5129,0.837523,3.542,35.1119,0.099119,0.137934,3.8794,44.5583,1,1,310.116,nan
closed_eye_0902.jpg_face_1,cerrado,B25,130.6937,0.095417,24.4822,178.9889,5.4318,48.3698,BIEN,14.0432,0.860759,3.9431,36.9529,0.101871,0.113864,6.7635,19.3326,1,1,305.204,nan
closed_eye_0902.jpg_face_1,cerrado,B40,130.6937,0.095417,39.5135,179.75,5.2677,47.9972,BIEN,13.9067,0.872438,4.7817,37.5353,0.101852,0.124753,6.7439,30.7442,1,1,298.107,nan
closed_eye_0903.jpg_face_1,cerrado,B5,118.3219,0.065012,4.3568,144.6343,10.1073,52.5986,BIEN,17.8193,0.715324,4.8354,22.2379,0.215235,nan,231.0705,nan,1,1,89.856,nan
closed_eye_0903.jpg_face_1,cerrado,B10,118.3219,0.065012,9.4981,149.5443,8.6353,50.256,BIEN,17.4285,0.83225,4.8248,26.3877,0.086763,nan,33.4571,nan,1,1,102.679,nan
closed_eye_0903.jpg_face_1,cerrado,B15,118.3219,0.065012,14.5351,146.9351,8.2804,48.8978,BIEN,18.496,0.899146,5.3248,24.1825,0.064147,0.131217,1.3309,101.836,1,1,98.579,nan
closed_eye_0903.jpg_face_1,cerrado,B25,118.3219,0.065012,24.5067,148.6742,8.2339,48.6046,BIEN,18.089,0.918884,5.8947,25.6523,0.073555,0.120434,13.1412,85.2498,1,1,95.89,nan
closed_eye_0903.jpg_face_1,cerrado,B40,118.3219,0.065012,39.5036,148.7836,8.1385,48.3666,BIEN,18.0575,0.933403,6.9943,25.7447,0.083795,0.088041,28.8915,35.4229,1,1,101.889,nan
closed_eye_0912.jpg_face_1,cerrado,B5,96.374,0.058151,4.4936,105.7328,29.3986,44.9565,BIEN,21.0595,0.74244,7.2085,9.7109,0.055533,0.226294,4.5006,289.1528,1,1,437.637,nan
closed_eye_0912.jpg_face_1,cerrado,B10,96.374,0.058151,9.4273,118.5894,19.5145,45.2252,BIEN,20.0315,0.860877,6.8023,23.0512,0.057016,0.180059,1.9513,209.643,1,1,513.347,nan
closed_eye_0912.jpg_face_1,cerrado,B15,96.374,0.058151,14.5033,119.7054,19.2456,44.6984,BIEN,19.9764,0.882927,7.1647,24.2092,0.059794,0.133294,2.8268,129.2225,1,1,500.3,nan
closed_eye_0912.jpg_face_1,cerrado,B25,96.374,0.058151,24.4994,118.5161,19.4085,44.5054,BIEN,20.2306,0.90438,8.0798,22.9752,0.058281,0.074528,0.2247,28.1637,1,1,498.281,nan
closed_eye_0912.jpg_face_1,cerrado,B40,96.374,0.058151,39.4791,119.0702,19.3176,44.6987,BIEN,20.0766,0.911318,9.5231,23.5501,0.052875,0.061732,9.0714,6.159,1,1,472.769,nan
closed_eye_0918.jpg_face_4,cerrado,B5,97.9489,0.147616,4.506,149.5226,14.3737,63.5526,BIEN,12.3763,0.679256,4.0332,52.6537,nan,nan,nan,nan,1,0,2019.386,nan
closed_eye_0918.jpg_face_4,cerrado,B10,97.9489,0.147616,9.3721,147.7895,12.2807,57.2373,BIEN,13.4131,0.80349,4.6252,50.8842,nan,nan,nan,nan,1,0,2463.661,nan
closed_eye_0918.jpg_face_4,cerrado,B15,97.9489,0.147616,14.5097,149.8763,12.1576,57.1805,BIEN,13.2311,0.789241,4.8794,53.0147,nan,0.241201,nan,63.3977,1,0,2552.323,nan
closed_eye_0918.jpg_face_4,cerrado,B25,97.9489,0.147616,24.4657,153.9741,11.6959,57.3057,BIEN,12.4934,0.78658,5.2242,57.1984,nan,0.244436,nan,65.5889,1,0,1889.288,nan
closed_eye_0918.jpg_face_4,cerrado,B40,97.9489,0.147616,39.4629,154.526,11.6651,58.0169,BIEN,12.4058,0.782121,6.2583,57.7618,nan,0.199029,nan,34.8287,1,0,2382.654,nan
closed_eye_0919.jpg_face_2,cerrado,B5,168.187,0.066996,4.5796,132.9795,1.7544,23.4539,BIEN,14.3733,0.57158,5.288,20.9335,nan,nan,nan,nan,1,0,386.354,nan
closed_eye_0919.jpg_face_2,cerrado,B10,168.187,0.066996,9.7071,140.2058,6.3783,34.4486,BIEN,16.4866,0.768658,4.2943,16.637,0.08346,nan,24.5748,nan,1,1,473.709,nan
closed_eye_0919.jpg_face_2,cerrado,B15,168.187,0.066996,14.6424,165.0373,3.077,33.8099,BIEN,18.3272,0.747119,3.525,1.8728,0.10264,nan,53.2033,nan,1,1,457.813,nan
closed_eye_0919.jpg_face_2,cerrado,B25,168.187,0.066996,24.3875,164.3562,3.9032,36.4246,BIEN,17.7474,0.825772,4.0409,2.2777,0.081954,nan,22.327,nan,1,1,462.193,nan
closed_eye_0919.jpg_face_2,cerrado,B40,168.187,0.066996,39.5274,177.2401,1.4042,35.5583,BIEN,17.5353,0.853378,4.3657,5.3828,0.069263,0.175219,3.3835,161.5364,1,1,467.814,nan
closed_eye_0919.jpg_face_3,cerrado,B5,166.0357,0.170347,4.3849,135.1441,3.9138,36.2013,BIEN,16.2396,0.711727,5.3394,18.6054,nan,nan,nan,nan,1,0,304.544,nan
closed_eye_0919.jpg_face_3,cerrado,B10,166.0357,0.170347,9.5467,151.9705,8.1323,42.2828,BIEN,20.7913,0.783983,4.3282,8.4712,0.203318,nan,19.3551,nan,1,1,196.8,nan
closed_eye_0919.jpg_face_3,cerrado,B15,166.0357,0.170347,14.5412,180.1918,3.0838,44.8335,BIEN,20.3681,0.856686,3.1754,8.5259,0.172261,0.203195,1.1236,19.2831,1,1,260.817,nan
closed_eye_0919.jpg_face_3,cerrado,B25,166.0357,0.170347,24.5213,182.2252,4.2475,48.4662,BIEN,18.9076,0.863362,3.5211,9.7506,0.179803,0.237461,5.551,39.3983,1,1,260.933,nan
closed_eye_0919.jpg_face_3,cerrado,B40,166.0357,0.170347,39.4693,186.1256,4.1251,48.8393,BIEN,18.1895,0.889176,4.138,12.0997,0.210913,0.190739,23.8136,11.971,1,1,258.098,nan
closed_eye_0927.jpg_face_1,cerrado,B5,131.7272,0.084139,4.2593,126.6282,19.3644,57.9464,BIEN,22.325,0.785994,5.8853,3.8709,0.082168,nan,2.3422,nan,1,1,157.995,nan
closed_eye_0927.jpg_face_1,cerrado,B10,131.7272,0.084139,9.6179,150.5206,15.6535,65.0187,BIEN,20.9136,0.865786,4.4967,14.2668,0.074946,0.07367,10.9265,12.4423,1,1,192.249,nan
closed_eye_0927.jpg_face_1,cerrado,B15,131.7272,0.084139,14.4465,155.4553,14.7603,65.9817,BIEN,19.8033,0.885686,4.535,18.013,0.095347,0.075813,13.3204,9.8957,1,1,195.4,nan
closed_eye_0927.jpg_face_1,cerrado,B25,131.7272,0.084139,24.5215,157.836,14.6043,66.6176,BIEN,19.0001,0.894908,5.0173,19.8203,0.075746,0.063721,9.9755,24.2669,1,1,203.766,nan
closed_eye_0927.jpg_face_1,cerrado,B40,131.7272,0.084139,39.4953,159.076,14.4771,66.6981,BIEN,18.6172,0.899448,5.9637,20.7616,0.083731,0.073882,0.4855,12.1903,1,1,204.742,nan
closed_eye_0948.jpg_face_2,cerrado,B5,98.5756,0.046127,4.3939,144.2719,21.1677,74.5845,BIEN,13.7201,0.682227,4.3619,46.3566,0.057071,nan,23.7239,nan,1,1,660.808,nan
closed_eye_0948.jpg_face_2,cerrado,B10,98.5756,0.046127,9.5228,137.8917,21.0734,67.4839,BIEN,15.3232,0.814467,5.1343,39.8842,0.054595,0.12325,18.3582,167.1947,1,1,1001.101,nan
closed_eye_0948.jpg_face_2,cerrado,B15,98.5756,0.046127,14.4422,138.7455,20.8333,67.0484,BIEN,15.1423,0.846367,5.3946,40.7503,0.059474,0.100204,28.9339,117.2325,1,1,995.025,nan
closed_eye_0948.jpg_face_2,cerrado,B25,98.5756,0.046127,24.4951,139.5995,20.7819,66.827,BIEN,14.9808,0.856495,6.0658,41.6167,0.040513,0.064885,12.1709,40.6648,1,1,632.311,nan
closed_eye_0948.jpg_face_2,cerrado,B40,98.5756,0.046127,39.4811,141.5141,20.6019,67.2268,BIEN,14.603,0.858082,7.1181,43.559,0.048686,0.060984,5.5478,32.2084,1,1,983.381,nan
closed_eye_0957.JPG_face_1,cerrado,B5,158.9926,0.042141,4.383,149.8546,24.2724,65.4882,BIEN,20.1268,0.650617,4.351,5.7474,0.065926,nan,56.4423,nan,1,1,15.732,nan
closed_eye_0957.JPG_face_1,cerrado,B10,158.9926,0.042141,9.446,168.6816,14.9784,67.2304,BIEN,24.1478,0.788579,3.5622,6.094,0.054547,0.147646,29.4401,250.3632,1,1,15.006,nan
closed_eye_0957.JPG_face_1,cerrado,B15,158.9926,0.042141,14.5096,173.8953,12.7875,68.1384,BIEN,23.6587,0.847595,3.6583,9.3732,0.049435,0.12088,17.3085,186.8469,1,1,18.03,nan
closed_eye_0957.JPG_face_1,cerrado,B25,158.9926,0.042141,24.4532,179.4463,10.0913,68.703,BIEN,20.9894,0.865479,3.8629,12.8646,0.044502,0.088762,5.6037,110.6321,1,1,18.054,nan
closed_eye_0957.JPG_face_1,cerrado,B40,158.9926,0.042141,39.4821,181.7465,10.2928,69.3701,BIEN,20.335,0.872504,4.641,14.3113,0.052881,0.065845,25.4865,56.2488,1,1,18.061,nan
closed_eye_0985.jpg_face_1,cerrado,B5,86.7947,0.052583,4.5484,112.9365,38.7258,67.2649,BIEN,17.305,0.763255,6.2712,30.1192,0.069541,0.147509,32.2508,180.527,1,1,1063.83,nan
closed_eye_0985.jpg_face_1,cerrado,B10,86.7947,0.052583,9.5111,110.2727,38.0277,64.98,BIEN,18.7125,0.842,6.9319,27.0501,0.049802,0.096243,5.2878,83.0312,1,1,819.135,nan
closed_eye_0985.jpg_face_1,cerrado,B15,86.7947,0.052583,14.5033,105.3107,39.1247,63.5006,BIEN,19.9527,0.867152,7.7111,21.3331,0.052165,0.097005,0.7949,84.4801,1,1,1164.144,nan
closed_eye_0985.jpg_face_1,cerrado,B25,86.7947,0.052583,24.5054,109.2964,38.6482,68.4363,BIEN,18.1664,0.860608,8.1633,25.9252,0.055703,0.068651,5.9337,30.5576,1,1,1152.472,nan
closed_eye_0985.jpg_face_1,cerrado,B40,86.7947,0.052583,39.4798,107.6066,39.0028,66.9708,BIEN,18.8194,0.876726,9.9927,23.9784,0.063209,0.062421,20.2088,18.7102,1,1,1197.031,nan
closed_eye_1008.jpeg_face_1,cerrado,B5,133.9743,0.042615,4.4428,144.3456,23.5292,81.1742,BIEN,21.2088,0.638074,4.1439,7.7413,0.035076,0.113809,17.6914,167.0615,1,1,58.247,nan
closed_eye_1008.jpeg_face_1,cerrado,B10,133.9743,0.042615,9.4784,148.4018,22.647,81.4259,BIEN,22.0489,0.739941,4.0757,10.7689,0.042329,0.067351,0.6705,58.044,1,1,67.532,nan
closed_eye_1008.jpeg_face_1,cerrado,B15,133.9743,0.042615,14.5072,152.8074,22.3292,82.4417,BIEN,21.1378,0.801675,4.234,14.0573,0.041228,0.041283,3.254,3.1262,1,1,66.256,nan
closed_eye_1008.jpeg_face_1,cerrado,B25,133.9743,0.042615,24.4812,155.1542,22.0291,82.5522,BIEN,20.0326,0.851167,4.6881,15.809,0.051197,0.039909,20.1384,6.3502,1,1,54.842,nan
closed_eye_1008.jpeg_face_1,cerrado,B40,133.9743,0.042615,39.4878,156.5904,21.9167,82.5527,BIEN,19.7939,0.890923,5.6935,16.8809,0.052767,0.046032,23.8223,8.0173,1,1,67.687,nan
closed_eye_1056.jpg_face_1,cerrado,B5,118.0756,0.073647,4.4441,149.0342,21.4906,72.4759,BIEN,15.4429,0.71446,3.8015,26.2193,0.067116,nan,8.8677,nan,1,1,849.113,nan
closed_eye_1056.jpg_face_1,cerrado,B10,118.0756,0.073647,9.4914,163.9861,20.2948,75.1038,BIEN,14.254,0.82545,3.6563,38.8823,0.066055,0.142349,10.3089,93.2855,1,1,749.681,nan
closed_eye_1056.jpg_face_1,cerrado,B15,118.0756,0.073647,14.3825,162.8914,19.7461,72.0056,BIEN,14.345,0.859842,3.9341,37.9552,0.071843,0.104984,2.4489,42.5504,1,1,927.988,nan
closed_eye_1056.jpg_face_1,cerrado,B25,118.0756,0.073647,24.4579,164.4049,19.4185,71.4989,BIEN,14.0105,0.857775,4.4303,39.237,0.069917,0.080791,5.0652,9.7004,1,1,926.269,nan
closed_eye_1056.jpg_face_1,cerrado,B40,118.0756,0.073647,39.5099,162.8146,19.5987,71.1222,BIEN,14.2089,0.875512,5.4852,37.8901,0.070535,0.066789,4.2259,9.3117,1,1,780.701,nan
closed_eye_1073.jpg_face_2,cerrado,B5,130.2073,0.064921,4.4971,133.4112,11.6965,45.2784,BIEN,22.8925,0.702109,5.0194,2.4606,0.066189,nan,1.9534,nan,1,1,285.478,nan
closed_eye_1073.jpg_face_2,cerrado,B10,130.2073,0.064921,9.4583,141.0845,9.6969,44.525,BIEN,24.1677,0.814276,4.979,8.3538,0.066462,0.105612,2.373,62.6771,1,1,317.36,nan
closed_eye_1073.jpg_face_2,cerrado,B15,130.2073,0.064921,14.4988,141.6996,7.9837,43.1603,BIEN,24.9064,0.872984,5.3011,8.8262,0.068487,0.067923,5.4928,4.6239,1,1,329.663,nan
closed_eye_1073.jpg_face_2,cerrado,B25,130.2073,0.064921,24.4795,145.9057,6.1394,42.7265,BIEN,23.2832,0.897923,5.7898,12.0564,0.063916,0.058078,1.5478,10.5402,1,1,328.915,nan
closed_eye_1073.jpg_face_2,cerrado,B40,130.2073,0.064921,39.5083,147.0324,5.5716,42.5696,BIEN,22.8257,0.907357,6.88,12.9218,0.061635,0.054531,5.0616,16.0033,1,1,329.957,nan
closed_eye_1077.jpg_face_3,cerrado,B5,162.1144,0.058245,4.5155,177.7629,1.2768,40.7632,BIEN,18.1295,0.603995,2.9429,9.6528,nan,nan,nan,nan,1,0,455.415,nan
closed_eye_1077.jpg_face_3,cerrado,B10,162.1144,0.058245,9.4585,171.7075,0.9089,36.4299,BIEN,23.619,0.757625,3.6928,5.9175,0.071275,nan,22.371,nan,1,1,592.593,nan
closed_eye_1077.jpg_face_3,cerrado,B15,162.1144,0.058245,14.4268,180.8792,0.9176,38.4184,BIEN,20.8361,0.770464,3.4593,11.5751,nan,0.186159,nan,219.6143,1,0,513.084,nan
closed_eye_1077.jpg_face_3,cerrado,B25,162.1144,0.058245,24.4454,184.6183,0.5454,37.1878,BIEN,19.9915,0.793743,3.8116,13.8815,nan,0.14725,nan,152.8129,1,0,605.657,nan
closed_eye_1077.jpg_face_3,cerrado,B40,162.1144,0.058245,39.4932,185.4558,0.7531,38.4127,BIEN,19.6222,0.79726,4.597,14.3981,nan,0.127345,nan,118.6375,1,0,592.733,nan
closed_eye_1079.jpg_face_1,cerrado,B5,191.7689,0.065828,4.326,184.1665,12.3676,69.6732,BIEN,20.2795,0.689733,2.6192,3.9643,nan,nan,nan,nan,1,0,359.312,nan
closed_eye_1079.jpg_face_1,cerrado,B10,191.7689,0.065828,9.3286,201.5723,11.594,70.8718,BIEN,23.7337,0.785573,2.0984,5.1121,0.059815,nan,9.1341,nan,1,1,625.9,nan
closed_eye_1079.jpg_face_1,cerrado,B15,191.7689,0.065828,14.3114,212.7316,10.9465,71.5563,BIEN,20.7065,0.850628,1.8403,10.9313,0.081245,nan,23.4201,nan,1,1,629.683,nan
closed_eye_1079.jpg_face_1,cerrado,B25,191.7689,0.065828,24.4741,212.8999,10.7984,70.3868,BIEN,20.6269,0.869223,2.2667,11.019,0.077299,0.114982,17.4257,74.669,1,1,628.615,nan
closed_eye_1079.jpg_face_1,cerrado,B40,191.7689,0.065828,39.5141,214.9831,10.6063,69.9611,BIEN,19.7654,0.87198,2.8833,12.1053,0.070642,0.065008,7.3126,1.2464,1,1,632.111,nan
closed_eye_1101.jpg_face_2,cerrado,B5,147.5879,0.091769,4.3821,144.6938,26.4573,78.3352,BIEN,22.9164,0.790674,4.3352,1.9609,0.113846,0.181867,24.0563,98.1786,1,1,562.24,nan
closed_eye_1101.jpg_face_2,cerrado,B10,147.5879,0.091769,9.4339,147.8664,25.2291,82.3304,BIEN,24.3339,0.847226,4.271,0.1887,0.074242,0.150678,19.0995,64.1915,1,1,560.758,nan
closed_eye_1101.jpg_face_2,cerrado,B15,147.5879,0.091769,14.4707,153.0691,23.9017,82.594,BIEN,23.5538,0.8614,4.3075,3.7138,0.081268,0.130086,11.4434,41.7534,1,1,559.253,nan
closed_eye_1101.jpg_face_2,cerrado,B25,147.5879,0.091769,24.4692,150.6564,25.2102,84.0381,BIEN,23.63,0.87644,4.9993,2.0791,0.066441,0.113266,27.6004,23.4245,1,1,563.158,nan
closed_eye_1101.jpg_face_2,cerrado,B40,147.5879,0.091769,39.4813,148.5673,26.3722,85.5478,BIEN,23.1573,0.869747,6.1063,0.6636,0.079002,0.107406,13.9125,17.0388,1,1,473.979,nan
closed_eye_1113.jpg_face_3,cerrado,B5,87.9982,0.06354,4.4866,104.6034,38.3839,69.6037,BIEN,19.2866,0.711954,6.5205,18.8699,0.07538,0.159896,18.6333,151.6442,1,1,172.691,nan
closed_eye_1113.jpg_face_3,cerrado,B10,87.9982,0.06354,9.4335,119.2133,33.6493,73.8735,BIEN,16.6607,0.846337,6.0086,35.4724,0.077969,0.09449,22.7082,48.7081,1,1,185.429,nan
closed_eye_1113.jpg_face_3,cerrado,B15,87.9982,0.06354,14.5157,118.8716,33.8069,72.7409,BIEN,16.8008,0.883322,6.4481,35.0841,0.070816,0.060086,11.4502,5.437,1,1,164.696,nan
closed_eye_1113.jpg_face_3,cerrado,B25,87.9982,0.06354,24.4767,119.3358,33.3826,71.7964,BIEN,16.8092,0.912711,7.2991,35.6116,0.067512,0.056642,6.251,10.8563,1,1,181.653,nan
closed_eye_1113.jpg_face_3,cerrado,B40,87.9982,0.06354,39.5477,121.6257,33.1256,72.2836,BIEN,16.3591,0.916137,8.6141,38.2138,0.070193,0.060519,10.4694,4.7555,1,1,171.148,nan
closed_eye_1117.jpg_face_1,cerrado,B5,104.8559,0.052401,4.4123,143.9987,0.9549,30.5558,BIEN,15.0148,0.616298,5.0773,37.3301,nan,nan,nan,nan,1,0,2953.337,nan
closed_eye_1117.jpg_face_1,cerrado,B10,104.8559,0.052401,9.3294,154.1029,0.8247,27.9352,BIEN,14.2981,0.762866,4.9436,46.9663,0.103056,nan,96.6667,nan,1,1,2935.134,nan
closed_eye_1117.jpg_face_1,cerrado,B15,104.8559,0.052401,14.5551,150.5894,0.9115,28.2436,BIEN,14.6547,0.797336,5.3961,43.6156,nan,nan,nan,nan,1,0,3333.333,nan
closed_eye_1117.jpg_face_1,cerrado,B25,104.8559,0.052401,24.4583,152.572,0.9115,29.1973,BIEN,14.3405,0.808467,5.9056,45.5064,nan,0.144335,nan,175.4419,1,0,3253.09,nan
closed_eye_1117.jpg_face_1,cerrado,B40,104.8559,0.052401,39.5534,152.8355,0.9115,29.0852,BIEN,14.294,0.810048,6.9702,45.7577,nan,0.103738,nan,97.9677,1,0,3389.83,nan
closed_eye_1118.jpg_face_1,cerrado,B5,120.1329,0.078878,4.5756,125.8182,29.7279,81.1095,BIEN,22.1716,0.651248,4.7992,4.7325,0.082097,nan,4.0813,nan,1,1,147.75,nan
closed_eye_1118.jpg_face_1,cerrado,B10,120.1329,0.078878,9.5022,141.9725,28.5422,87.963,BIEN,19.4059,0.800994,4.3189,18.1795,0.071774,0.218358,9.0061,176.8308,1,1,135.017,nan
closed_eye_1118.jpg_face_1,cerrado,B15,120.1329,0.078878,14.3812,144.9861,28.1317,88.624,BIEN,18.4176,0.831255,4.4138,20.6881,0.069455,0.157875,11.9462,100.1518,1,1,141.427,nan
closed_eye_1118.jpg_face_1,cerrado,B25,120.1329,0.078878,24.5261,146.321,28.0209,88.1707,BIEN,18.222,0.894437,5.0569,21.7992,0.05962,0.113948,24.4149,44.4613,1,1,149.645,nan
closed_eye_1118.jpg_face_1,cerrado,B40,120.1329,0.078878,39.4184,146.5358,27.9997,87.9461,BIEN,18.1492,0.917192,6.1653,21.9781,0.063261,0.080766,19.7986,2.3943,1,1,138.702,nan
closed_eye_1119.jpg_face_1,cerrado,B5,158.9357,0.063286,4.3681,145.4915,26.0483,76.2799,BIEN,20.2679,0.635778,4.2596,8.4589,0.084424,nan,33.4017,nan,1,1,245.188,nan
closed_eye_1119.jpg_face_1,cerrado,B10,158.9357,0.063286,9.3749,165.5398,22.5492,79.2729,BIEN,25.197,0.816252,3.5034,4.1552,0.060868,0.16634,3.8196,162.8399,1,1,245.393,nan
closed_eye_1119.jpg_face_1,cerrado,B15,158.9357,0.063286,14.5082,170.4735,21.3364,78.6037,BIEN,24.2769,0.85262,3.5752,7.2594,0.063042,0.113871,0.3852,79.932,1,1,233.945,nan
closed_eye_1119.jpg_face_1,cerrado,B25,158.9357,0.063286,24.4842,175.6903,20.36,79.0103,BIEN,21.8563,0.867748,3.8549,10.5417,0.066686,0.083674,5.3729,32.2159,1,1,241.458,nan
closed_eye_1119.jpg_face_1,cerrado,B40,158.9357,0.063286,39.5054,174.0967,21.2258,81.0653,BIEN,22.0581,0.872199,4.8018,9.539,0.067377,0.07756,6.4656,22.5561,1,1,240.628,nan
closed_eye_1120.jpg_face_1,cerrado,B5,121.486,0.035495,4.3512,121.4139,15.5229,47.4119,BIEN,25.7449,0.749709,6.4516,0.0593,0.12426,nan,250.081,nan,1,1,113.103,nan
closed_eye_1120.jpg_face_1,cerrado,B10,121.486,0.035495,9.4623,127.6283,15.6166,46.3418,BIEN,27.7639,0.836813,6.36,5.056,0.037261,0.200473,4.9764,464.7979,1,1,95.739,nan
closed_eye_1120.jpg_face_1,cerrado,B15,121.486,0.035495,14.5345,138.4544,10.1616,48.4057,BIEN,22.7023,0.851921,5.9703,13.9674,0.030505,0.166335,14.0562,368.6211,1,1,97.834,nan
closed_eye_1120.jpg_face_1,cerrado,B25,121.486,0.035495,24.4885,141.5338,8.8705,48.1588,BIEN,21.5983,0.888121,6.4767,16.5022,0.028885,0.094793,18.6229,167.0634,1,1,92.138,nan
closed_eye_1120.jpg_face_1,cerrado,B40,121.486,0.035495,39.4965,144.7081,7.9356,48.6563,BIEN,20.4368,0.897309,7.4199,19.115,0.026989,0.043071,23.9623,21.3441,1,1,98.957,nan
closed_eye_1126.jpg_face_1,cerrado,B5,107.8697,0.065477,4.516,138.2261,29.3349,73.3558,BIEN,16.259,0.74324,4.5309,28.1417,0.123373,nan,88.4213,nan,1,1,2299.908,nan
closed_eye_1126.jpg_face_1,cerrado,B10,107.8697,0.065477,9.3879,140.3833,25.6824,66.8447,BIEN,16.5748,0.836618,4.7469,30.1416,0.123208,0.152647,88.1686,133.1298,1,1,3005.711,nan
closed_eye_1126.jpg_face_1,cerrado,B15,107.8697,0.065477,14.4802,140.8885,25.7209,66.4825,BIEN,16.5183,0.829726,5.0729,30.6099,0.117269,0.159649,79.0994,143.8236,1,1,2934.272,nan
closed_eye_1126.jpg_face_1,cerrado,B25,107.8697,0.065477,24.466,146.2434,24.3752,67.568,BIEN,15.3308,0.818614,5.4092,35.5741,0.101907,0.099888,55.6367,52.5541,1,1,2960.331,nan
closed_eye_1126.jpg_face_1,cerrado,B40,107.8697,0.065477,39.5075,144.7351,24.9519,67.4087,BIEN,15.6529,0.830863,6.6799,34.1759,0.117675,0.084593,79.7184,29.1946,1,1,3075.031,nan
closed_eye_1127.jpg_face_1,cerrado,B5,143.5473,0.030132,4.4332,139.1858,18.1424,59.9178,BIEN,20.7583,0.757444,4.6512,3.0384,0.138944,nan,361.1236,nan,1,1,3242.542,nan
closed_eye_1127.jpg_face_1,cerrado,B10,143.5473,0.030132,9.4249,140.3615,16.7101,61.5485,BIEN,21.3491,0.848857,5.0703,2.2193,nan,0.180225,nan,498.1244,1,0,3157.562,nan
closed_eye_1127.jpg_face_1,cerrado,B15,143.5473,0.030132,14.4197,135.5751,18.4028,60.6305,BIEN,21.9015,0.875169,5.6153,5.5537,0.069737,0.159284,131.4401,428.6251,1,1,3196.931,nan
closed_eye_1127.jpg_face_1,cerrado,B25,143.5473,0.030132,24.5117,134.9592,20.0087,62.9875,BIEN,21.1032,0.87629,6.3148,5.9828,0.076214,0.139949,152.9362,364.4563,1,1,3211.304,nan
closed_eye_1127.jpg_face_1,cerrado,B40,143.5473,0.030132,39.4731,136.2665,19.401,63.0692,BIEN,21.7175,0.890941,7.3717,5.0721,0.056397,0.102213,87.1683,239.2204,1,1,3188.775,nan
closed_eye_1139.BMP_face_1,cerrado,B5,191.8365,0.087193,4.3747,170.4245,6.8098,46.1602,BIEN,18.7143,0.755618,3.2657,11.1616,nan,nan,nan,nan,1,0,264.138,nan
closed_eye_1139.BMP_face_1,cerrado,B10,191.8365,0.087193,9.6321,203.7872,4.9739,50.0486,BIEN,23.2406,0.852982,2.1595,6.2297,0.080186,nan,8.037,nan,1,1,263.817,nan
closed_eye_1139.BMP_face_1,cerrado,B15,191.8365,0.087193,14.4143,210.0957,4.5081,49.0724,BIEN,22.4382,0.906455,2.0923,9.5181,0.072069,nan,17.3453,nan,1,1,262.096,nan
closed_eye_1139.BMP_face_1,cerrado,B25,191.8365,0.087193,24.4615,210.3617,4.6886,49.8855,BIEN,21.9241,0.91977,2.4721,9.6568,0.074644,0.121302,14.3928,39.1188,1,1,214.422,nan
closed_eye_1139.BMP_face_1,cerrado,B40,191.8365,0.087193,39.479,212.1468,4.5896,49.7411,BIEN,21.0391,0.934701,3.1021,10.5873,0.077792,0.094364,10.7827,8.2237,1,1,235.427,nan
closed_eye_1152.jpg_face_1,cerrado,B5,193.0995,0.073798,4.3648,175.0169,5.1082,51.218,BIEN,18.5933,0.683176,3.1594,9.3644,0.101061,nan,36.942,nan,1,1,300.129,nan
closed_eye_1152.jpg_face_1,cerrado,B10,193.0995,0.073798,9.387,202.3726,2.8476,49.2937,BIEN,24.2533,0.809345,2.2946,4.8023,0.067097,0.168327,9.0801,128.0899,1,1,318.817,nan
closed_eye_1152.jpg_face_1,cerrado,B15,193.0995,0.073798,14.4702,207.5345,2.5425,48.1414,BIEN,22.8199,0.829948,2.2664,7.4754,0.083005,0.113309,12.4756,53.5389,1,1,312.49,nan
closed_eye_1152.jpg_face_1,cerrado,B25,193.0995,0.073798,24.5098,210.917,2.2444,47.3324,BIEN,21.7728,0.856679,2.587,9.2271,0.075016,0.075179,1.6506,1.8714,1,1,317.743,nan
closed_eye_1152.jpg_face_1,cerrado,B40,193.0995,0.073798,39.4724,213.9624,2.2212,47.3795,BIEN,20.2879,0.854246,3.1543,10.8043,0.079569,0.079788,7.819,8.1159,1,1,295.569,nan
closed_eye_1153.jpg_face_1,cerrado,B5,227.012,0.030307,4.4925,207.4683,3.5878,40.3789,BIEN,17.6314,0.734022,1.9741,8.6091,0.051343,nan,69.4066,nan,1,1,144.814,nan
closed_eye_1153.jpg_face_1,cerrado,B10,227.012,0.030307,9.4465,226.2565,3.5817,44.1823,BIEN,24.0366,0.79012,1.3276,0.3328,0.030446,0.200033,0.4587,560.016,1,1,167.591,nan
closed_eye_1153.jpg_face_1,cerrado,B15,227.012,0.030307,14.3542,233.5689,3.4149,44.0927,BIEN,24.6082,0.833056,1.1943,2.8884,0.035328,0.146927,16.5652,384.7916,1,1,133.885,nan
closed_eye_1153.jpg_face_1,cerrado,B25,227.012,0.030307,24.4028,236.5297,3.4025,44.575,BIEN,24.5105,0.87033,1.5159,4.1926,0.035135,0.081258,15.9291,168.1138,1,1,162.949,nan
closed_eye_1153.jpg_face_1,cerrado,B40,227.012,0.030307,39.4447,240.0356,3.3333,44.3652,BIEN,22.3952,0.877805,1.9563,5.737,0.038645,0.046436,27.5097,53.2176,1,1,162.803,nan
closed_eye_1181.jpg_face_1,cerrado,B5,138.8238,0.148451,4.4157,154.3083,24.9728,85.9883,BIEN,18.622,0.660996,3.5466,11.1541,0.142688,0.222221,3.8822,49.6933,1,1,834.307,nan
closed_eye_1181.jpg_face_1,cerrado,B10,138.8238,0.148451,9.4883,155.522,24.0568,80.4533,BIEN,20.5804,0.774274,3.8902,12.0283,0.142024,0.173485,4.3293,16.8638,1,1,876.732,nan
closed_eye_1181.jpg_face_1,cerrado,B15,138.8238,0.148451,14.4578,161.6964,23.4358,81.72,BIEN,19.1195,0.78178,3.8825,16.476,0.1387,0.17568,6.5683,18.342,1,1,825.696,nan
closed_eye_1181.jpg_face_1,cerrado,B25,138.8238,0.148451,24.515,161.8586,23.2883,80.2974,BIEN,19.0701,0.791478,4.4771,16.5928,0.113739,0.161209,23.3829,8.5943,1,1,816.86,nan
closed_eye_1181.jpg_face_1,cerrado,B40,138.8238,0.148451,39.5029,165.1859,22.939,81.1743,BIEN,18.2125,0.789579,5.2848,18.9896,0.105661,0.146351,28.8244,1.4144,1,1,872.296,nan
closed_eye_1193.jpg_face_1,cerrado,B5,176.1661,0.042686,4.4358,183.6535,0.5149,35.8472,BIEN,20.3527,0.642867,2.7681,4.2502,nan,nan,nan,nan,1,0,183.063,nan
closed_eye_1193.jpg_face_1,cerrado,B10,176.1661,0.042686,9.5187,189.6868,0.5149,35.1172,BIEN,22.7232,0.75955,2.9405,7.6749,0.048965,nan,14.7113,nan,1,1,185.12,nan
closed_eye_1193.jpg_face_1,cerrado,B15,176.1661,0.042686,14.3651,194.7054,0.4846,36.5601,BIEN,21.3279,0.826411,2.7918,10.5237,0.037714,0.142617,11.6465,234.1085,1,1,186.137,nan
closed_eye_1193.jpg_face_1,cerrado,B25,176.1661,0.042686,24.4673,193.4969,0.5893,36.8577,BIEN,21.8312,0.837858,3.3497,9.8378,0.065404,0.104716,53.2223,145.3183,1,1,181.775,nan
closed_eye_1193.jpg_face_1,cerrado,B40,176.1661,0.042686,39.4355,195.073,0.5494,37.1342,BIEN,21.1894,0.859343,4.0202,10.7324,0.044832,0.057881,5.0277,35.5967,1,1,186.466,nan
closed_eye_1194.jpg_face_3,cerrado,B5,191.0719,0.050284,4.4106,169.9628,2.5837,36.0515,BIEN,17.325,0.635902,3.6165,11.0477,0.090896,nan,80.7658,nan,1,1,92.632,nan
closed_eye_1194.jpg_face_3,cerrado,B10,191.0719,0.050284,9.4521,193.3768,1.4681,36.1435,BIEN,25.4764,0.768621,2.7633,1.2063,0.043873,0.188588,12.7499,275.0467,1,1,107.34,nan
closed_eye_1194.jpg_face_3,cerrado,B15,191.0719,0.050284,14.5151,206.2389,1.1791,36.1472,BIEN,23.3802,0.823687,2.4224,7.9379,0.044765,0.100347,10.9762,99.5605,1,1,109.22,nan
closed_eye_1194.jpg_face_3,cerrado,B25,191.0719,0.050284,24.4796,209.0448,1.0761,36.0821,BIEN,22.3628,0.846745,2.7536,9.4063,0.04378,0.096613,12.9338,92.1347,1,1,101.616,nan
closed_eye_1194.jpg_face_3,cerrado,B40,191.0719,0.050284,39.4834,212.0161,0.9106,35.7778,BIEN,21.0115,0.850495,3.3363,10.9614,0.035052,0.067067,30.2915,33.3766,1,1,96.393,nan
closed_eye_1199.jpg_face_1,cerrado,B5,188.476,0.059254,4.3707,178.8906,5.3804,48.0341,BIEN,18.9724,0.595408,3.12,5.0858,0.014809,nan,75.0072,nan,1,1,90.834,nan
closed_eye_1199.jpg_face_1,cerrado,B10,188.476,0.059254,9.3394,201.7794,3.1473,47.5786,BIEN,22.8151,0.726153,2.3586,7.0584,0.043938,0.140381,25.8478,136.914,1,1,115.541,nan
closed_eye_1199.jpg_face_1,cerrado,B15,188.476,0.059254,14.5001,205.255,2.5211,46.5175,BIEN,22.2293,0.763648,2.4056,8.9024,0.047977,0.125384,19.031,111.6034,1,1,110.096,nan
closed_eye_1199.jpg_face_1,cerrado,B25,188.476,0.059254,24.4606,210.7182,2.334,46.6352,BIEN,20.4358,0.778136,2.6246,11.8011,0.043129,0.096468,27.2135,62.8046,1,1,104.503,nan
closed_eye_1199.jpg_face_1,cerrado,B40,188.476,0.059254,39.4906,213.3903,2.0502,46.1773,BIEN,19.3991,0.778918,3.2143,13.2188,0.039723,0.053404,32.9611,9.8735,1,1,115.644,nan
closed_eye_1205.jpg_face_2,cerrado,B5,185.0702,0.026475,4.3118,172.8944,11.0485,57.1274,BIEN,20.4154,0.74612,3.2261,6.579,0.024346,nan,8.0412,nan,1,1,172.363,nan
closed_eye_1205.jpg_face_2,cerrado,B10,185.0702,0.026475,9.314,203.815,8.4032,61.7504,BIEN,21.0725,0.817499,2.0629,10.1285,0.059744,0.121649,125.6666,359.4946,1,1,211.613,nan
closed_eye_1205.jpg_face_2,cerrado,B15,185.0702,0.026475,14.4701,209.8342,7.8097,61.749,BIEN,19.4803,0.852679,2.0226,13.3808,0.036399,0.078603,37.4878,196.8991,1,1,223.444,nan
closed_eye_1205.jpg_face_2,cerrado,B25,185.0702,0.026475,24.4931,213.9976,7.3336,61.2791,BIEN,18.4762,0.87813,2.3161,15.6305,0.028848,0.050534,8.9665,90.8782,1,1,233.596,nan
closed_eye_1205.jpg_face_2,cerrado,B40,185.0702,0.026475,39.4949,216.8744,7.0657,60.8043,BIEN,17.5534,0.875817,2.8894,17.185,0.042675,0.028211,61.193,6.5605,1,1,176.196,nan
closed_eye_1219.jpg_face_1,cerrado,B5,138.7718,0.097395,4.5393,151.6987,10.2427,53.7013,BIEN,20.2003,0.694393,4.3017,9.3153,nan,nan,nan,nan,1,0,775.916,nan
closed_eye_1219.jpg_face_1,cerrado,B10,138.7718,0.097395,9.3902,162.1259,8.3435,50.4259,BIEN,19.7765,0.861146,3.8536,16.8292,0.097708,nan,0.3213,nan,1,1,837.942,nan
closed_eye_1219.jpg_face_1,cerrado,B15,138.7718,0.097395,14.4713,166.6313,8.0919,51.2313,BIEN,18.5475,0.868719,3.9208,20.0758,0.127502,0.199736,30.9129,105.0794,1,1,835.003,nan
closed_eye_1219.jpg_face_1,cerrado,B25,138.7718,0.097395,24.4753,168.7338,8.1081,51.0797,BIEN,17.9713,0.8922,4.3789,21.5909,0.109114,0.173925,12.0333,78.5775,1,1,895.015,nan
closed_eye_1219.jpg_face_1,cerrado,B40,138.7718,0.097395,39.509,168.0418,8.1487,51.0498,BIEN,18.1978,0.902466,5.3883,21.0922,0.108594,0.148842,11.4988,52.8239,1,1,892.459,nan
closed_eye_1220.jpg_face_1,cerrado,B5,156.7839,0.07684,4.5256,142.1045,24.2101,81.6334,BIEN,19.8775,0.721805,4.4977,9.3629,0.070892,0.193033,7.7406,151.214,1,1,105.567,nan
closed_eye_1220.jpg_face_1,cerrado,B10,156.7839,0.07684,9.5118,169.205,22.1963,93.7465,BIEN,23.7196,0.829951,3.1388,7.9224,0.068337,0.10339,11.0658,34.5524,1,1,120.758,nan
closed_eye_1220.jpg_face_1,cerrado,B15,156.7839,0.07684,14.5284,170.8637,21.7845,93.4062,BIEN,23.1927,0.836877,3.3436,8.9804,0.073432,0.08611,4.4354,12.0635,1,1,114.892,nan
closed_eye_1220.jpg_face_1,cerrado,B25,156.7839,0.07684,24.4995,174.4359,21.5318,94.1804,BIEN,21.1936,0.850358,3.6966,11.2588,0.064175,0.071711,16.4823,6.6745,1,1,104.2,nan
closed_eye_1220.jpg_face_1,cerrado,B40,156.7839,0.07684,39.5824,175.4162,21.4266,93.3045,BIEN,20.9077,0.912979,4.5711,11.8841,0.077909,0.069091,1.3915,10.0849,1,1,113.999,nan
closed_eye_1228.jpg_face_2,cerrado,B5,159.8569,0.116543,4.5129,171.2827,14.7922,72.258,BIEN,22.0843,0.788825,3.0053,7.1475,0.09157,nan,21.4282,nan,1,1,573.921,nan
closed_eye_1228.jpg_face_2,cerrado,B10,159.8569,0.116543,9.5174,190.7632,13.4724,74.7668,BIEN,17.3167,0.851843,2.3736,19.3337,0.109219,0.197841,6.2848,69.7575,1,1,541.477,nan
closed_eye_1228.jpg_face_2,cerrado,B15,159.8569,0.116543,14.513,190.7899,13.2498,73.883,BIEN,17.4797,0.892387,2.6247,19.3504,0.098109,0.171193,15.8179,46.8922,1,1,600.745,nan
closed_eye_1228.jpg_face_2,cerrado,B25,159.8569,0.116543,24.4686,195.0723,12.8461,73.9248,BIEN,16.5594,0.908283,2.9336,22.0293,0.091205,0.165035,21.7418,41.6083,1,1,606.465,nan
closed_eye_1228.jpg_face_2,cerrado,B40,159.8569,0.116543,39.5749,200.1273,12.4424,74.1412,BIEN,15.4434,0.897953,3.4789,25.1915,0.102212,0.128552,12.2967,10.3038,1,1,607.091,nan
closed_eye_1232.jpg_face_2,cerrado,B5,113.6298,0.088487,4.6373,115.633,29.3243,63.5341,BIEN,23.1379,0.742093,5.7598,1.7629,0.067355,nan,23.8812,nan,1,1,57.736,nan
closed_eye_1232.jpg_face_2,cerrado,B10,113.6298,0.088487,9.5521,124.6405,27.0692,64.8546,BIEN,24.1633,0.82254,5.7479,9.69,0.099985,0.109026,12.9943,23.212,1,1,65.089,nan
closed_eye_1232.jpg_face_2,cerrado,B15,113.6298,0.088487,14.47,127.333,26.1694,64.6455,BIEN,23.4229,0.891119,5.9397,12.0595,0.092683,0.08253,4.7418,6.732,1,1,64.252,nan
closed_eye_1232.jpg_face_2,cerrado,B25,113.6298,0.088487,24.5171,129.6672,25.457,64.9692,BIEN,22.652,0.923703,6.6141,14.1137,0.089737,0.076226,1.4124,13.856,1,1,64.201,nan
closed_eye_1232.jpg_face_2,cerrado,B40,113.6298,0.088487,39.4985,131.2988,25.0305,65.106,BIEN,22.073,0.943548,7.8366,15.5496,0.095593,0.090762,8.0314,2.5713,1,1,49.801,nan
closed_eye_1236.jpg_face_1,cerrado,B5,108.1607,0.06963,4.4645,127.1115,11.954,44.6651,BIEN,18.2545,0.675729,5.8846,17.5209,0.099025,nan,42.215,nan,1,1,205.031,nan
closed_eye_1236.jpg_face_1,cerrado,B10,108.1607,0.06963,9.498,128.1043,10.0854,40.1453,BIEN,21.3213,0.87597,6.3822,18.4388,0.090645,0.166913,30.181,139.7136,1,1,196.167,nan
closed_eye_1236.jpg_face_1,cerrado,B15,108.1607,0.06963,14.4886,129.5349,9.9313,40.0425,BIEN,20.866,0.902146,6.6442,19.7616,0.065961,0.159996,5.2702,129.7792,1,1,177.057,nan
closed_eye_1236.jpg_face_1,cerrado,B25,108.1607,0.06963,24.4885,132.3582,9.1511,40.8921,BIEN,19.9981,0.927249,7.2058,22.3718,0.055058,0.126133,20.9274,81.1464,1,1,180.183,nan
closed_eye_1236.jpg_face_1,cerrado,B40,108.1607,0.06963,39.4919,132.0856,9.0233,40.3722,BIEN,20.1432,0.938919,8.5384,22.1198,0.051367,0.085395,26.2292,22.6403,1,1,207.594,nan
closed_eye_1237.jpg_face_1,cerrado,B5,163.3592,0.040925,4.4944,162.947,6.8756,43.7184,BIEN,20.976,0.6195,3.7303,0.2523,0.068103,nan,66.4107,nan,1,1,557.414,nan
closed_eye_1237.jpg_face_1,cerrado,B10,163.3592,0.040925,9.4453,179.0066,5.6922,43.1199,BIEN,21.961,0.824081,3.2574,9.5785,0.044665,0.175859,9.1403,329.716,1,1,463.371,nan
closed_eye_1237.jpg_face_1,cerrado,B15,163.3592,0.040925,14.465,179.6801,5.2765,41.7418,BIEN,22.7901,0.870036,3.5256,9.9908,0.040817,0.103952,0.2638,154.0089,1,1,392.265,nan
closed_eye_1237.jpg_face_1,cerrado,B25,163.3592,0.040925,24.4652,184.9008,4.9685,42.4088,BIEN,20.9423,0.901595,3.7816,13.1866,0.038724,0.077096,5.3763,88.3857,1,1,571.788,nan
closed_eye_1237.jpg_face_1,cerrado,B40,163.3592,0.040925,39.5071,186.1323,4.9293,42.6805,BIEN,20.5665,0.915679,4.5624,13.9405,0.048405,0.044181,18.279,7.9566,1,1,574.977,nan
closed_eye_1237.jpg_face_2,cerrado,B5,134.6662,0.082437,4.3521,148.7094,9.8629,44.9705,BIEN,20.8962,0.742815,4.8252,10.4281,nan,nan,nan,nan,1,0,417.275,nan
closed_eye_1237.jpg_face_2,cerrado,B10,134.6662,0.082437,9.42,150.1402,9.0592,42.4243,BIEN,21.7432,0.832757,4.6824,11.4906,0.086932,0.166612,5.4521,102.108,1,1,475.692,nan
closed_eye_1237.jpg_face_2,cerrado,B15,134.6662,0.082437,14.5518,156.8292,8.1187,44.0502,BIEN,20.5954,0.885881,4.7186,16.4577,0.085595,0.117895,3.83,43.0119,1,1,410.256,nan
closed_eye_1237.jpg_face_2,cerrado,B25,134.6662,0.082437,24.5173,152.1191,9.6337,45.1271,BIEN,21.6672,0.900444,5.5351,12.9601,0.08783,0.113528,6.5422,37.7141,1,1,439.734,nan
closed_eye_1237.jpg_face_2,cerrado,B40,134.6662,0.082437,39.5183,153.5426,9.4935,45.5603,BIEN,21.2313,0.910222,6.5178,14.0172,0.077941,0.09553,5.4545,15.882,1,1,412.899,nan
closed_eye_1240.jpg_face_2,cerrado,B5,135.6346,0.055554,4.3973,130.3832,20.7497,56.1449,BIEN,23.571,0.729104,5.4707,3.8717,0.041753,nan,24.8411,nan,1,1,91.051,nan
closed_eye_1240.jpg_face_2,cerrado,B10,135.6346,0.055554,9.4042,143.3733,19.2343,58.1239,BIEN,26.1359,0.859664,5.038,5.7056,0.074244,0.174312,33.6434,213.7725,1,1,103.719,nan
closed_eye_1240.jpg_face_2,cerrado,B15,135.6346,0.055554,14.4141,149.9272,18.4024,59.5759,BIEN,23.7116,0.911174,4.9333,10.5376,0.059072,0.103552,6.3341,86.4002,1,1,98.147,nan
closed_eye_1240.jpg_face_2,cerrado,B25,135.6346,0.055554,24.4831,151.5285,18.6688,61.6307,BIEN,22.5949,0.937436,5.4258,11.7182,0.062138,0.089466,11.8517,61.0438,1,1,82.554,nan
closed_eye_1240.jpg_face_2,cerrado,B40,135.6346,0.055554,39.4858,152.7596,18.712,62.8141,BIEN,21.8199,0.948646,6.3743,12.6258,0.05324,0.045076,4.1647,18.8599,1,1,117.611,nan
closed_eye_1242.jpg_face_1,cerrado,B5,132.6519,0.074251,4.2649,145.2417,12.336,52.7873,BIEN,21.0592,0.758856,4.9108,9.4909,0.07566,nan,1.8973,nan,1,1,74.567,nan
closed_eye_1242.jpg_face_1,cerrado,B10,132.6519,0.074251,9.4745,158.0283,9.2236,52.0547,BIEN,18.87,0.846068,4.2535,19.1301,0.073559,0.171803,0.9321,131.3816,1,1,83.079,nan
closed_eye_1242.jpg_face_1,cerrado,B15,132.6519,0.074251,14.5006,162.7527,9.0513,52.7694,BIEN,18.148,0.917903,4.3358,22.6916,0.071502,0.13415,3.7021,80.6715,1,1,81.53,nan
closed_eye_1242.jpg_face_1,cerrado,B25,132.6519,0.074251,24.5177,167.0595,8.678,52.932,BIEN,17.0496,0.928925,4.6791,25.9383,0.070141,0.099769,5.535,34.3672,1,1,87.481,nan
closed_eye_1242.jpg_face_1,cerrado,B40,132.6519,0.074251,39.4817,164.5476,8.7889,51.8981,BIEN,17.7048,0.949144,5.8069,24.0446,0.075114,0.083499,1.1626,12.4548,1,1,90.254,nan
closed_eye_1243.jpg_face_4,cerrado,B5,127.932,0.061135,4.3161,123.8855,25.1797,66.8479,BIEN,23.199,0.729264,5.6297,3.1629,0.050623,nan,17.195,nan,1,1,403.584,nan
closed_eye_1243.jpg_face_4,cerrado,B10,127.932,0.061135,9.4508,139.884,23.2617,71.1008,BIEN,23.8745,0.893858,4.8785,9.3425,0.060653,0.166754,0.7896,172.7613,1,1,514.245,nan
closed_eye_1243.jpg_face_4,cerrado,B15,127.932,0.061135,14.4864,142.4592,23.0,70.8446,BIEN,23.0592,0.916021,5.0427,11.3555,0.061014,0.110103,0.1978,80.097,1,1,452.899,nan
closed_eye_1243.jpg_face_4,cerrado,B25,127.932,0.061135,24.4761,146.3562,22.6445,71.4041,BIEN,21.7246,0.933912,5.5143,14.4016,0.05569,0.062629,8.9067,2.4425,1,1,453.741,nan
closed_eye_1243.jpg_face_4,cerrado,B40,127.932,0.061135,39.5055,147.0182,22.582,71.0638,BIEN,21.5164,0.945097,6.6236,14.919,0.06042,0.055719,1.1709,8.8591,1,1,453.309,nan
closed_eye_1249.jpg_face_1,cerrado,B5,139.4056,0.065092,4.2308,184.9292,2.6364,46.6405,BIEN,14.9286,0.706938,3.1715,32.6555,nan,nan,nan,nan,1,0,2358.491,nan
closed_eye_1249.jpg_face_1,cerrado,B10,139.4056,0.065092,9.4389,170.0347,2.4514,37.862,BIEN,17.3553,0.73576,3.7925,21.9712,nan,nan,nan,nan,1,0,2358.491,nan
closed_eye_1249.jpg_face_1,cerrado,B15,139.4056,0.065092,14.5227,169.642,2.6827,39.5084,BIEN,17.921,0.777442,4.1161,21.6895,nan,0.164252,nan,152.3399,1,0,2487.562,nan
closed_eye_1249.jpg_face_1,cerrado,B25,139.4056,0.065092,24.5444,174.1119,2.5439,39.1574,BIEN,16.9626,0.769076,4.4625,24.8959,nan,0.116154,nan,78.4472,1,0,2389.486,nan
closed_eye_1249.jpg_face_1,cerrado,B40,139.4056,0.065092,39.4806,173.2095,2.5902,39.4018,BIEN,17.0929,0.771694,5.4168,24.2486,nan,0.087391,nan,34.2582,1,0,2672.368,nan
closed_eye_1253.jpg_face_1,cerrado,B5,124.4409,0.105741,4.3613,137.2245,8.0376,38.8985,BIEN,20.5743,0.746302,5.4572,10.2728,0.103204,nan,2.3993,nan,1,1,610.091,nan
closed_eye_1253.jpg_face_1,cerrado,B10,124.4409,0.105741,9.486,152.4949,6.4101,41.4234,BIEN,18.172,0.861737,4.7157,22.544,0.119428,nan,12.9447,nan,1,1,585.823,nan
closed_eye_1253.jpg_face_1,cerrado,B15,124.4409,0.105741,14.5039,159.6478,5.657,42.2924,BIEN,16.5112,0.86345,4.5658,28.292,0.096501,0.152099,8.7378,43.8415,1,1,595.344,nan
closed_eye_1253.jpg_face_1,cerrado,B25,124.4409,0.105741,24.4987,156.1999,6.0855,42.4855,BIEN,17.3163,0.892077,5.3824,25.5213,0.104581,0.132266,1.0968,25.085,1,1,575.109,nan
closed_eye_1253.jpg_face_1,cerrado,B40,124.4409,0.105741,39.4939,155.9768,6.6785,44.5602,BIEN,17.0219,0.896076,6.3616,25.3421,0.109318,0.1244,3.3828,17.6464,1,1,535.676,nan
closed_eye_1255.jpg_face_2,cerrado,B5,93.0388,0.072963,4.4872,98.6719,24.3918,36.1432,BIEN,21.9121,0.737151,7.7952,6.0546,0.092986,nan,27.4433,nan,1,1,1369.863,nan
closed_eye_1255.jpg_face_2,cerrado,B10,93.0388,0.072963,9.5148,99.5442,21.499,33.1772,BIEN,24.1409,0.823515,8.4138,6.9922,0.075785,nan,3.8678,nan,1,1,1494.992,nan
closed_eye_1255.jpg_face_2,cerrado,B15,93.0388,0.072963,14.4349,101.5483,18.8034,33.3941,BIEN,23.7094,0.850941,8.6333,9.1462,0.086114,nan,18.025,nan,1,1,1533.272,nan
closed_eye_1255.jpg_face_2,cerrado,B25,93.0388,0.072963,24.4987,104.1305,16.9954,32.9839,BIEN,22.9153,0.874905,9.3602,11.9216,0.090083,0.108212,23.464,48.3117,1,1,1044.059,nan
closed_eye_1255.jpg_face_2,cerrado,B40,93.0388,0.072963,39.4619,101.8161,18.9513,33.4877,BIEN,23.5093,0.88599,11.3108,9.434,0.08652,0.092989,18.5816,27.4477,1,1,1514.693,nan
closed_eye_1265.jpg_face_2,cerrado,B5,107.9289,0.018896,4.4301,150.5086,7.068,40.8016,BIEN,15.2376,0.706417,4.7014,39.4515,0.027332,nan,44.6399,nan,1,1,363.319,nan
closed_eye_1265.jpg_face_2,cerrado,B10,107.9289,0.018896,9.435,161.3859,5.0554,39.0109,BIEN,13.1461,0.787515,4.1039,49.5297,0.021455,0.115524,13.5436,511.3606,1,1,414.903,nan
closed_eye_1265.jpg_face_2,cerrado,B15,107.9289,0.018896,14.5128,163.3072,4.8046,39.6131,BIEN,12.8677,0.825317,4.2878,51.3099,0.028546,0.066252,51.0672,250.6114,1,1,410.307,nan
closed_eye_1265.jpg_face_2,cerrado,B25,107.9289,0.018896,24.4991,164.4429,4.5507,39.6096,BIEN,12.6951,0.841448,4.8098,52.3622,0.027736,0.038014,46.7801,101.1716,1,1,404.531,nan
closed_eye_1265.jpg_face_2,cerrado,B40,107.9289,0.018896,39.4938,167.3537,4.1954,39.6524,BIEN,12.3338,0.845729,5.6297,55.0591,0.025585,0.031724,35.3977,67.8845,1,1,401.155,nan
closed_eye_1266.jpg_face_1,cerrado,B5,131.1072,0.062737,4.366,155.0119,5.3994,37.671,BIEN,18.2786,0.6961,4.612,18.2329,0.06989,nan,11.4016,nan,1,1,131.804,nan
closed_eye_1266.jpg_face_1,cerrado,B10,131.1072,0.062737,9.362,163.1037,3.7958,36.0009,BIEN,17.8903,0.820049,4.4621,24.4048,0.066877,0.161974,6.5996,158.1807,1,1,137.637,nan
closed_eye_1266.jpg_face_1,cerrado,B15,131.1072,0.062737,14.5703,164.0441,4.0218,36.8952,BIEN,17.4716,0.876185,4.6243,25.1221,0.059768,0.112447,4.7326,79.236,1,1,136.799,nan
closed_eye_1266.jpg_face_1,cerrado,B25,131.1072,0.062737,24.4807,166.8009,3.4075,36.4835,BIEN,17.0066,0.900993,5.0739,27.2248,0.074106,0.090815,18.1228,44.7557,1,1,127.771,nan
closed_eye_1266.jpg_face_1,cerrado,B40,131.1072,0.062737,39.491,166.0208,3.463,36.3191,BIEN,17.1335,0.914126,6.0709,26.6298,0.057361,0.076412,8.5685,21.7979,1,1,114.596,nan
closed_eye_1269.jpg_face_1,cerrado,B5,179.8139,0.113236,4.4238,174.7738,6.661,51.3898,BIEN,19.6863,0.652915,3.3284,2.803,0.140983,nan,24.5039,nan,1,1,413.155,nan
closed_eye_1269.jpg_face_1,cerrado,B10,179.8139,0.113236,9.495,189.2084,5.1091,50.3355,BIEN,23.3533,0.814583,2.8554,5.2246,0.08192,nan,27.6551,nan,1,1,516.049,nan
closed_eye_1269.jpg_face_1,cerrado,B15,179.8139,0.113236,14.542,189.6894,4.7123,49.5408,BIEN,24.3859,0.886613,3.1269,5.4921,0.091561,nan,19.1413,nan,1,1,511.195,nan
closed_eye_1269.jpg_face_1,cerrado,B25,179.8139,0.113236,24.5243,201.0401,3.8194,49.7228,BIEN,20.177,0.877206,3.0652,11.8046,0.103215,nan,8.8496,nan,1,1,502.437,nan
closed_eye_1269.jpg_face_1,cerrado,B40,179.8139,0.113236,39.4985,202.3295,3.5395,49.5095,BIEN,19.8552,0.883521,3.7807,12.5216,0.072304,0.135157,36.1476,19.3592,1,1,507.82,nan
closed_eye_1270.jpg_face_1,cerrado,B5,90.5272,0.089427,4.5079,95.0434,49.0431,67.2329,BIEN,22.9972,0.730264,7.1632,4.9888,0.10537,nan,17.8272,nan,1,1,655.437,nan
closed_eye_1270.jpg_face_1,cerrado,B10,90.5272,0.089427,9.458,100.8812,47.1463,67.0915,BIEN,23.6376,0.853683,7.2728,11.4375,0.087486,0.150808,2.1708,68.6373,1,1,614.364,nan
closed_eye_1270.jpg_face_1,cerrado,B15,90.5272,0.089427,14.4631,105.0995,41.98,66.9449,BIEN,22.5848,0.891868,7.4807,16.0971,0.075855,0.141518,15.1773,58.2493,1,1,660.546,nan
closed_eye_1270.jpg_face_1,cerrado,B25,90.5272,0.089427,24.4802,105.5942,42.7831,66.6357,BIEN,22.5636,0.902764,8.4806,16.6437,0.08327,0.115861,6.885,29.5588,1,1,668.717,nan
closed_eye_1270.jpg_face_1,cerrado,B40,90.5272,0.089427,39.4656,105.3851,42.7717,66.9094,BIEN,22.5861,0.907151,10.2558,16.4127,0.085646,0.089999,4.2284,0.6393,1,1,666.089,nan
closed_eye_1274.jpg_face_1,cerrado,B5,85.3267,0.129129,4.4224,112.3722,20.5882,49.9579,BIEN,17.9641,0.7406,6.8126,31.6964,nan,nan,nan,nan,1,0,2139.037,nan
closed_eye_1274.jpg_face_1,cerrado,B10,85.3267,0.129129,9.3973,111.6553,20.0392,46.9449,BIEN,18.606,0.87039,7.2174,30.8563,nan,nan,nan,nan,1,0,3096.934,nan
closed_eye_1274.jpg_face_1,cerrado,B15,85.3267,0.129129,14.4976,108.9522,20.3529,45.3087,BIEN,19.5309,0.882602,7.9074,27.6883,0.133518,0.183636,3.3993,42.2116,1,1,3033.061,nan
closed_eye_1274.jpg_face_1,cerrado,B25,85.3267,0.129129,24.4553,111.5808,19.2157,46.3059,BIEN,18.5316,0.885634,8.5399,30.7689,nan,0.179826,nan,39.2611,1,0,3010.235,nan
closed_eye_1274.jpg_face_1,cerrado,B40,85.3267,0.129129,39.5047,109.6384,20.2353,46.3375,BIEN,19.073,0.894528,10.3868,28.4926,0.150859,0.138604,16.8288,7.338,1,1,2918.856,nan
closed_eye_1276.jpg_face_6,cerrado,B5,92.0804,0.088142,4.5115,109.913,34.7559,71.9121,BIEN,18.7188,0.781771,5.9265,19.3663,0.043702,nan,50.4186,nan,1,1,1053.408,nan
closed_eye_1276.jpg_face_6,cerrado,B10,92.0804,0.088142,9.5296,118.3341,32.9873,72.3068,BIEN,17.782,0.839132,5.9273,28.5116,0.044162,0.155109,49.8966,75.9765,1,1,784.683,nan
closed_eye_1276.jpg_face_6,cerrado,B15,92.0804,0.088142,14.4742,123.484,31.8627,73.4126,BIEN,16.3979,0.838031,5.9049,34.1045,0.053081,0.132575,39.778,50.4114,1,1,1059.771,nan
closed_eye_1276.jpg_face_6,cerrado,B25,92.0804,0.088142,24.5124,123.3984,32.0261,72.4935,BIEN,16.6469,0.856683,6.8112,34.0115,0.053219,0.105671,39.6213,19.8873,1,1,1040.042,nan
closed_eye_1276.jpg_face_6,cerrado,B40,92.0804,0.088142,39.4764,125.3279,31.6513,72.8589,BIEN,16.2247,0.852431,8.078,36.1069,0.05221,0.095657,40.7662,8.5261,1,1,984.349,nan
closed_eye_1278.jpg_face_3,cerrado,B5,125.1862,0.106663,4.3597,127.4732,18.1363,51.8421,BIEN,23.0589,0.745715,5.8111,1.8269,0.161304,0.207,51.2276,94.0683,1,1,411.963,nan
closed_eye_1278.jpg_face_3,cerrado,B10,125.1862,0.106663,9.4187,130.3189,17.4613,51.5408,BIEN,25.2438,0.855513,5.8452,4.1001,0.102252,0.204134,4.1361,91.3815,1,1,421.745,nan
closed_eye_1278.jpg_face_3,cerrado,B15,125.1862,0.106663,14.4721,130.2686,19.5897,54.3574,BIEN,24.7849,0.897314,6.1343,4.0599,0.110031,0.195083,3.1576,82.8962,1,1,427.625,nan
closed_eye_1278.jpg_face_3,cerrado,B25,125.1862,0.106663,24.4462,132.1128,18.0861,54.1153,BIEN,24.8427,0.923406,6.7467,5.5331,0.108227,0.162442,1.4657,52.2938,1,1,438.193,nan
closed_eye_1278.jpg_face_3,cerrado,B40,125.1862,0.106663,39.503,132.4679,17.7386,53.8235,BIEN,25.2099,0.936529,7.9974,5.8167,0.132236,0.145609,23.9748,36.5128,1,1,445.593,nan
closed_eye_1281.jpg_face_1,cerrado,B5,89.3347,0.078774,4.4384,134.2331,26.7514,68.6572,BIEN,12.9137,0.711149,4.6479,50.2585,0.069472,nan,11.808,nan,1,1,2236.136,nan
closed_eye_1281.jpg_face_1,cerrado,B10,89.3347,0.078774,9.424,140.7593,25.2825,65.7654,BIEN,12.9166,0.790252,4.8916,57.5639,0.104047,0.149878,32.0832,90.2635,1,1,2408.478,nan
closed_eye_1281.jpg_face_1,cerrado,B15,89.3347,0.078774,14.4867,140.8234,25.0847,67.0874,BIEN,12.9947,0.798464,5.2562,57.6357,0.061225,0.138797,22.278,76.1972,1,1,2452.182,nan
closed_eye_1281.jpg_face_1,cerrado,B25,89.3347,0.078774,24.4562,139.4147,25.1695,65.7031,BIEN,13.0252,0.806563,5.9769,56.0588,0.065891,0.095402,16.3545,21.1084,1,1,2447.381,nan
closed_eye_1281.jpg_face_1,cerrado,B40,89.3347,0.078774,39.4576,137.363,25.678,66.3716,BIEN,13.3055,0.812636,7.3204,53.7621,0.062561,0.090681,20.5812,15.116,1,1,2511.932,nan
closed_eye_1286.jpg_face_2,cerrado,B5,124.1956,0.065061,4.4412,164.2521,5.2579,45.6091,BIEN,14.751,0.639234,3.8246,32.2528,0.091958,nan,41.3421,nan,1,1,1425.11,nan
closed_eye_1286.jpg_face_2,cerrado,B10,124.1956,0.065061,9.4401,165.7304,4.8753,44.5074,BIEN,15.235,0.766353,4.0819,33.4431,0.089355,0.169673,37.3409,160.7925,1,1,1449.275,nan
closed_eye_1286.jpg_face_2,cerrado,B15,124.1956,0.065061,14.4787,169.7008,4.1667,43.5672,BIEN,14.7095,0.788214,4.1741,36.64,0.077093,0.147432,18.4942,126.6065,1,1,1338.867,nan
closed_eye_1286.jpg_face_2,cerrado,B25,124.1956,0.065061,24.4575,171.768,3.8832,43.4094,BIEN,14.2914,0.796753,4.6078,38.3044,0.069374,0.106978,6.6304,64.4284,1,1,1413.627,nan
closed_eye_1286.jpg_face_2,cerrado,B40,124.1956,0.065061,39.5135,172.1555,3.9683,43.8887,BIEN,14.2267,0.800401,5.5127,38.6164,0.075374,0.081266,15.8517,24.9089,1,1,1459.428,nan
closed_eye_1291.jpg_face_3,cerrado,B5,133.4583,0.086892,4.53,146.5859,16.2858,62.6346,BIEN,18.9751,0.739425,4.0725,9.8365,0.061138,nan,29.6388,nan,1,1,1295.672,nan
closed_eye_1291.jpg_face_3,cerrado,B10,133.4583,0.086892,9.4323,150.2342,14.0513,58.602,BIEN,21.3162,0.846508,4.5383,12.5702,0.054082,0.156132,37.7592,79.685,1,1,1256.755,nan
closed_eye_1291.jpg_face_3,cerrado,B15,133.4583,0.086892,14.4422,152.9275,13.3443,58.29,BIEN,20.4827,0.848021,4.6449,14.5883,0.067187,0.134266,22.6772,54.5203,1,1,1314.924,nan
closed_eye_1291.jpg_face_3,cerrado,B25,133.4583,0.086892,24.48,155.5756,12.9908,58.2117,BIEN,19.8351,0.860577,5.1482,16.5724,0.065428,0.096404,24.7017,10.9474,1,1,1282.545,nan
closed_eye_1291.jpg_face_3,cerrado,B40,133.4583,0.086892,39.4628,156.7435,12.8014,58.2223,BIEN,19.4255,0.858383,6.1144,17.4475,0.059523,0.07721,31.4979,11.1425,1,1,1313.025,nan
closed_eye_1295.jpg_face_2,cerrado,B5,106.11,0.0784,4.5512,138.4043,12.6407,50.644,BIEN,16.3138,0.687007,4.9702,30.4348,0.107084,nan,36.5861,nan,1,1,134.192,nan
closed_eye_1295.jpg_face_2,cerrado,B10,106.11,0.0784,9.3785,136.3496,11.4331,45.5464,BIEN,17.6151,0.862272,5.3929,28.4984,0.065196,0.136024,16.8421,73.5002,1,1,144.862,nan
closed_eye_1295.jpg_face_2,cerrado,B15,106.11,0.0784,14.4635,137.052,11.2026,44.8171,BIEN,17.5119,0.88904,5.7037,29.1603,0.061352,0.078624,21.7447,0.2862,1,1,142.268,nan
closed_eye_1295.jpg_face_2,cerrado,B25,106.11,0.0784,24.4545,143.0252,10.2233,45.8218,BIEN,16.0605,0.908885,5.9856,34.7896,0.07813,0.064694,0.3442,17.482,1,1,139.414,nan
closed_eye_1295.jpg_face_2,cerrado,B40,106.11,0.0784,39.4719,140.4892,10.6205,45.3311,BIEN,16.6203,0.923834,7.3585,32.3997,0.073121,0.068458,6.7329,12.6806,1,1,141.115,nan
closed_eye_1297.jpg_face_2,cerrado,B5,101.8191,0.083769,4.421,108.6386,32.867,65.4683,BIEN,21.4881,0.714607,6.0921,6.6976,0.145369,nan,73.5348,nan,1,1,435.237,nan
closed_eye_1297.jpg_face_2,cerrado,B10,101.8191,0.083769,9.4721,119.2327,26.6871,65.8849,BIEN,20.4254,0.852644,5.8782,17.1025,0.084051,0.169534,0.3363,102.3816,1,1,512.164,nan
closed_eye_1297.jpg_face_2,cerrado,B15,101.8191,0.083769,14.483,120.3476,25.7706,64.9551,BIEN,20.7756,0.882685,6.3027,18.1974,0.084947,0.153191,1.4055,82.8726,1,1,533.589,nan
closed_eye_1297.jpg_face_2,cerrado,B25,101.8191,0.083769,24.4667,122.1939,24.9327,64.7134,BIEN,20.2524,0.908771,7.0317,20.0107,0.084811,0.126792,1.2437,51.3583,1,1,492.708,nan
closed_eye_1297.jpg_face_2,cerrado,B40,101.8191,0.083769,39.4562,122.5965,24.9663,64.5204,BIEN,20.1662,0.919116,8.4528,20.4061,0.080795,0.122855,3.5509,46.6592,1,1,528.681,nan
closed_eye_1304.jpg_face_2,cerrado,B5,130.9919,0.057373,4.3591,138.2752,11.9067,43.7579,BIEN,21.9588,0.726723,5.1339,5.5601,0.075254,nan,31.1649,nan,1,1,631.752,nan
closed_eye_1304.jpg_face_2,cerrado,B10,130.9919,0.057373,9.4185,157.1102,9.3224,49.2541,BIEN,18.641,0.839508,4.4084,19.9389,0.063614,0.146068,10.8775,154.5913,1,1,590.179,nan
closed_eye_1304.jpg_face_2,cerrado,B15,130.9919,0.057373,14.4875,152.5632,10.3923,49.764,BIEN,19.6179,0.88516,4.8945,16.4677,0.062309,0.103132,8.6021,79.755,1,1,597.943,nan
closed_eye_1304.jpg_face_2,cerrado,B25,130.9919,0.057373,24.459,154.7328,10.1399,50.2761,BIEN,18.9527,0.908037,5.3539,18.124,0.066178,0.100082,15.3453,74.4397,1,1,601.721,nan
closed_eye_1304.jpg_face_2,cerrado,B40,130.9919,0.057373,39.4785,147.7002,11.6653,50.2223,BIEN,20.7176,0.921863,6.849,12.7552,0.070635,0.087586,23.1149,52.6597,1,1,594.424,nan
closed_eye_1305.jpg_face_1,cerrado,B5,165.7221,0.160787,4.4303,177.3257,2.9035,42.8668,BIEN,21.6212,0.762293,3.2355,7.0018,nan,nan,nan,nan,1,0,81.249,nan
closed_eye_1305.jpg_face_1,cerrado,B10,165.7221,0.160787,9.4027,201.3089,0.8404,43.431,BIEN,16.8601,0.836527,2.3506,21.4738,0.163963,nan,1.9752,nan,1,1,96.473,nan
closed_eye_1305.jpg_face_1,cerrado,B15,165.7221,0.160787,14.4344,197.0045,1.2043,43.5875,BIEN,17.9242,0.880229,2.7581,18.8765,0.172919,0.217739,7.5454,35.4208,1,1,97.794,nan
closed_eye_1305.jpg_face_1,cerrado,B25,165.7221,0.160787,24.4783,192.4688,1.7064,44.0923,BIEN,19.1716,0.921705,3.4538,16.1395,0.156907,0.187609,2.4131,16.682,1,1,97.284,nan
closed_eye_1305.jpg_face_1,cerrado,B40,165.7221,0.160787,39.4722,194.9935,1.7674,45.1381,BIEN,18.3803,0.938089,4.1143,17.663,0.15233,0.190558,5.2596,18.516,1,1,97.996,nan
closed_eye_1312.jpg_face_2,cerrado,B5,142.1116,0.057039,4.4629,140.1039,7.9013,37.2109,BIEN,20.8055,0.748103,4.8619,1.4128,0.071849,nan,25.9646,nan,1,1,134.887,nan
closed_eye_1312.jpg_face_2,cerrado,B10,142.1116,0.057039,9.5093,155.8789,1.6005,37.9413,BIEN,23.4853,0.885456,4.4412,9.6876,nan,nan,nan,nan,1,0,158.338,nan
closed_eye_1312.jpg_face_2,cerrado,B15,142.1116,0.057039,14.4554,156.1075,1.8549,36.9405,BIEN,24.2473,0.906232,4.7628,9.8485,0.067096,nan,17.6315,nan,1,1,156.009,nan
closed_eye_1312.jpg_face_2,cerrado,B25,142.1116,0.057039,24.5059,157.2573,1.8121,37.7859,BIEN,23.4848,0.938301,5.3075,10.6575,0.066095,nan,15.8751,nan,1,1,154.157,nan
closed_eye_1312.jpg_face_2,cerrado,B40,142.1116,0.057039,39.4754,159.2928,1.5672,37.1581,BIEN,22.8564,0.949998,6.2605,12.0899,0.064344,0.076471,12.8068,34.0678,1,1,158.093,nan
closed_eye_1315.jpg_face_2,cerrado,B5,97.8597,0.049177,4.3423,95.5844,36.2726,47.9218,BIEN,24.7022,0.746591,7.953,2.3251,0.042562,nan,13.451,nan,1,1,266.809,nan
closed_eye_1315.jpg_face_2,cerrado,B10,97.8597,0.049177,9.445,106.6241,30.4531,48.8235,BIEN,26.3859,0.900914,7.5357,8.9561,0.042026,0.105888,14.542,115.3186,1,1,275.946,nan
closed_eye_1315.jpg_face_2,cerrado,B15,97.8597,0.049177,14.5144,106.841,30.3505,48.3912,BIEN,26.6935,0.919881,7.9614,9.1778,0.032667,0.068703,33.5721,39.7052,1,1,271.179,nan
closed_eye_1315.jpg_face_2,cerrado,B25,97.8597,0.049177,24.4985,110.549,28.3939,48.8073,BIEN,24.9462,0.939706,8.6328,12.9669,0.044521,0.041732,9.4675,15.1397,1,1,252.315,nan
closed_eye_1315.jpg_face_2,cerrado,B40,97.8597,0.049177,39.497,111.6898,28.1888,48.9824,BIEN,24.3414,0.948719,10.182,14.1325,0.049876,0.040806,1.4201,17.0226,1,1,274.341,nan
closed_eye_1318.jpg_face_2,cerrado,B5,139.809,0.051229,4.5187,168.0246,5.856,46.2552,BIEN,16.6749,0.658837,3.4544,20.1816,0.059127,nan,15.4161,nan,1,1,239.917,nan
closed_eye_1318.jpg_face_2,cerrado,B10,139.809,0.051229,9.5107,176.9975,4.5755,44.1655,BIEN,16.175,0.839497,3.3795,26.5995,0.046311,0.144783,9.6008,182.6182,1,1,247.237,nan
closed_eye_1318.jpg_face_2,cerrado,B15,139.809,0.051229,14.4676,182.4957,4.0822,44.2368,BIEN,15.3858,0.861676,3.4164,30.5322,0.047149,0.118919,7.9644,132.1305,1,1,240.183,nan
closed_eye_1318.jpg_face_2,cerrado,B25,139.809,0.051229,24.4743,185.6939,3.5359,43.2685,BIEN,14.6078,0.879052,3.7261,32.8197,0.047428,0.079937,7.421,56.0369,1,1,259.646,nan
closed_eye_1318.jpg_face_2,cerrado,B40,139.809,0.051229,39.5165,184.9211,3.8022,43.8216,BIEN,14.7834,0.88854,4.6251,32.267,0.044347,0.074947,13.4352,46.2971,1,1,241.028,nan
closed_eye_1319.jpg_face_1,cerrado,B5,107.7161,0.084641,4.4383,120.8946,23.4092,51.8731,BIEN,20.6205,0.7568,5.7048,12.2345,0.122975,nan,45.2908,nan,1,1,102.664,nan
closed_eye_1319.jpg_face_1,cerrado,B10,107.7161,0.084641,9.5185,131.1334,21.0486,51.2212,BIEN,19.2747,0.866176,5.5126,21.7399,0.079867,0.159684,5.6397,88.6616,1,1,105.811,nan
closed_eye_1319.jpg_face_1,cerrado,B15,107.7161,0.084641,14.4789,131.537,20.3364,50.339,BIEN,19.2698,0.902281,5.8114,22.1146,0.079474,0.126235,6.1043,49.1429,1,1,102.539,nan
closed_eye_1319.jpg_face_1,cerrado,B25,107.7161,0.084641,24.5033,133.5881,20.0104,50.4415,BIEN,18.9057,0.921306,6.4814,24.0187,0.083039,0.086269,1.8916,1.9237,1,1,106.644,nan
closed_eye_1319.jpg_face_1,cerrado,B40,107.7161,0.084641,39.4854,133.1629,20.0853,50.142,BIEN,19.0257,0.935781,7.7943,23.624,0.089977,0.079828,6.305,5.6852,1,1,107.378,nan
closed_eye_1324.jpg_face_1,cerrado,B5,78.864,0.093391,4.461,121.0017,23.5035,54.2475,BIEN,13.8238,0.676283,5.7812,53.431,0.113694,0.179439,21.739,92.1371,1,1,564.43,nan
closed_eye_1324.jpg_face_1,cerrado,B10,78.864,0.093391,9.4866,124.3489,22.2746,51.2171,BIEN,13.9557,0.786026,6.0959,57.6751,0.085271,0.132866,8.6947,42.2686,1,1,609.385,nan
closed_eye_1324.jpg_face_1,cerrado,B15,78.864,0.093391,14.4641,122.2411,21.8302,48.8795,BIEN,14.3827,0.82184,6.6347,55.0025,0.085676,0.106422,8.2617,13.9527,1,1,609.905,nan
closed_eye_1324.jpg_face_1,cerrado,B25,78.864,0.093391,24.5013,124.9942,20.9641,48.8524,BIEN,14.0193,0.832768,7.3002,58.4935,0.088747,0.086736,4.9734,7.1264,1,1,603.282,nan
closed_eye_1324.jpg_face_1,cerrado,B40,78.864,0.093391,39.5208,124.4828,21.4765,49.2696,BIEN,14.0485,0.839222,8.7209,57.8449,0.096017,0.081864,2.8121,12.3433,1,1,581.835,nan
closed_eye_1327.jpg_face_1,cerrado,B5,94.0171,0.057932,4.4786,121.6427,21.4761,61.7345,BIEN,16.8849,0.6841,5.6634,29.3835,0.064613,nan,11.5333,nan,1,1,189.075,nan
closed_eye_1327.jpg_face_1,cerrado,B10,94.0171,0.057932,9.4838,126.3101,19.3703,61.5231,BIEN,16.8112,0.837245,5.8284,34.348,0.051943,nan,10.3382,nan,1,1,188.299,nan
closed_eye_1327.jpg_face_1,cerrado,B15,94.0171,0.057932,14.469,127.2591,19.287,60.7497,BIEN,16.4001,0.8652,6.066,35.3573,0.054675,0.104817,5.6215,80.9315,1,1,197.57,nan
closed_eye_1327.jpg_face_1,cerrado,B25,94.0171,0.057932,24.5358,128.3038,18.9438,60.6986,BIEN,16.4062,0.905839,6.8546,36.4685,0.05977,0.061072,3.1731,5.4201,1,1,207.245,nan
closed_eye_1327.jpg_face_1,cerrado,B40,94.0171,0.057932,39.5275,128.4076,18.8122,60.1347,BIEN,16.3587,0.92121,8.1895,36.5789,0.063463,0.063081,9.5477,8.888,1,1,210.606,nan
closed_eye_1333.jpg_face_10,cerrado,B5,105.5831,0.047066,4.2977,127.4432,20.8117,46.3607,BIEN,19.5912,0.784894,6.0426,20.7041,0.066562,nan,41.4246,nan,1,1,1551.109,nan
closed_eye_1333.jpg_face_10,cerrado,B10,105.5831,0.047066,9.5127,148.899,16.9481,50.9426,BIEN,14.8457,0.812552,4.8697,41.0254,0.055894,0.148548,18.7587,215.6195,1,1,2455.796,nan
closed_eye_1333.jpg_face_10,cerrado,B15,105.5831,0.047066,14.5325,144.8909,18.4416,53.5263,BIEN,15.3198,0.816645,5.3415,37.2292,0.063443,0.115154,34.7962,144.6672,1,1,2635.741,nan
closed_eye_1333.jpg_face_10,cerrado,B25,105.5831,0.047066,24.4958,143.9412,18.7338,53.9523,BIEN,15.477,0.827895,6.0693,36.3298,0.050538,0.068422,7.3771,45.377,1,1,2775.465,nan
closed_eye_1333.jpg_face_10,cerrado,B40,105.5831,0.047066,39.4808,144.7597,18.8961,55.4052,BIEN,15.1507,0.824793,7.0952,37.105,0.049004,0.046753,4.118,0.6641,1,1,2660.282,nan
closed_eye_1336.jpg_face_2,cerrado,B5,107.9543,0.06104,4.4346,111.3261,21.6568,48.9995,BIEN,27.0894,0.828413,6.7252,3.1233,0.074776,nan,22.5033,nan,1,1,75.993,nan
closed_eye_1336.jpg_face_2,cerrado,B10,107.9543,0.06104,9.482,119.4098,18.3651,50.0759,BIEN,25.1382,0.895765,6.5379,10.6114,0.066462,0.113255,8.8824,85.5422,1,1,80.871,nan
closed_eye_1336.jpg_face_2,cerrado,B15,107.9543,0.06104,14.5139,122.1098,17.7813,50.7038,BIEN,23.949,0.916878,6.7376,13.1125,0.06137,0.073022,0.5405,19.6291,1,1,80.638,nan
closed_eye_1336.jpg_face_2,cerrado,B25,107.9543,0.06104,24.5064,125.9466,17.2826,51.8084,BIEN,22.2422,0.936264,7.2756,16.6666,0.054449,0.073199,10.7982,19.92,1,1,80.811,nan
closed_eye_1336.jpg_face_2,cerrado,B40,107.9543,0.06104,39.5032,127.3689,16.9629,52.0864,BIEN,21.5621,0.946392,8.5143,17.9841,0.062867,0.065088,2.9928,6.6322,1,1,81.298,nan
closed_eye_1338.jpg_face_1,cerrado,B5,122.0475,0.076069,4.5326,133.9946,19.3099,59.1508,BIEN,20.2938,0.731789,4.7744,9.7889,0.082339,nan,8.2429,nan,1,1,116.416,nan
closed_eye_1338.jpg_face_1,cerrado,B10,122.0475,0.076069,9.4759,139.6314,17.6302,56.4932,BIEN,21.1997,0.806893,5.041,14.4074,0.079983,0.169525,5.1449,122.8565,1,1,154.921,nan
closed_eye_1338.jpg_face_1,cerrado,B15,122.0475,0.076069,14.4369,134.656,17.7648,53.5912,BIEN,23.7169,0.859464,5.7195,10.3308,0.074199,0.152961,2.4584,101.0821,1,1,155.807,nan
closed_eye_1338.jpg_face_1,cerrado,B25,122.0475,0.076069,24.4916,138.9734,17.2073,54.0761,BIEN,21.9147,0.876106,6.1317,13.8683,0.080122,0.113193,5.3277,48.8036,1,1,151.313,nan
closed_eye_1338.jpg_face_1,cerrado,B40,122.0475,0.076069,39.4959,141.3461,17.0535,55.5685,BIEN,20.8337,0.883717,7.1134,15.8123,0.083644,0.08614,9.9586,13.2395,1,1,156.723,nan
closed_eye_1343.jpg_face_1,cerrado,B5,67.0575,0.062435,4.4113,95.7803,35.3302,45.6857,BIEN,16.5147,0.721251,7.6881,42.8332,0.059671,nan,4.4266,nan,1,1,501.002,nan
closed_eye_1343.jpg_face_1,cerrado,B10,67.0575,0.062435,9.4681,105.1785,30.9513,45.8365,BIEN,15.1277,0.78532,7.4522,56.8482,0.080768,0.15198,29.3635,143.4209,1,1,546.359,nan
closed_eye_1343.jpg_face_1,cerrado,B15,67.0575,0.062435,14.4785,103.6896,31.6038,46.8504,BIEN,15.3951,0.80874,8.0142,54.6279,0.067702,0.141505,8.4364,126.6436,1,1,527.565,nan
closed_eye_1343.jpg_face_1,cerrado,B25,67.0575,0.062435,24.4612,103.5239,31.9772,48.8488,BIEN,15.1006,0.821007,8.8927,54.3809,0.07812,0.105209,25.1216,68.5089,1,1,541.506,nan
closed_eye_1343.jpg_face_1,cerrado,B40,67.0575,0.062435,39.4715,102.8419,32.4292,48.0504,BIEN,15.3155,0.827088,10.7509,53.3639,0.086117,0.076529,37.9304,22.5731,1,1,541.184,nan
closed_eye_1344.jpg_face_1,cerrado,B5,77.0793,0.134669,4.4182,100.8686,28.9704,47.2802,BIEN,17.7392,0.777992,7.109,30.8635,0.182486,nan,35.5068,nan,1,1,2067.397,nan
closed_eye_1344.jpg_face_1,cerrado,B10,77.0793,0.134669,9.4537,103.1851,27.0296,47.4036,BIEN,17.751,0.822647,7.4632,33.8688,0.177673,0.142589,31.9328,5.8808,1,1,2052.967,nan
closed_eye_1344.jpg_face_1,cerrado,B15,77.0793,0.134669,14.4996,105.5304,26.0118,47.7615,BIEN,17.3683,0.827984,7.7747,36.9115,0.174254,0.123272,29.3944,8.4631,1,1,2108.37,nan
closed_eye_1344.jpg_face_1,cerrado,B25,77.0793,0.134669,24.5072,107.3344,25.5385,48.48,BIEN,16.9604,0.828994,8.6058,39.252,0.177434,0.167132,31.7556,24.1054,1,1,2119.992,nan
closed_eye_1344.jpg_face_1,cerrado,B40,77.0793,0.134669,39.4895,107.605,24.9941,47.7794,BIEN,16.9957,0.830257,10.3324,39.603,0.154338,0.159286,14.6056,18.2795,1,1,2108.37,nan
closed_eye_1346.jpg_face_3,cerrado,B5,145.9614,0.088475,4.4939,138.6798,17.7986,59.5197,BIEN,21.0461,0.628193,4.5992,4.9888,nan,nan,nan,nan,1,0,213.201,nan
closed_eye_1346.jpg_face_3,cerrado,B10,145.9614,0.088475,9.5036,156.1955,13.0652,62.0354,BIEN,23.9488,0.770945,4.0211,7.0115,0.078483,nan,11.2937,nan,1,1,204.62,nan
closed_eye_1346.jpg_face_3,cerrado,B15,145.9614,0.088475,14.4838,157.0058,11.7923,61.3495,BIEN,24.3929,0.797624,4.2492,7.5666,0.083189,0.167042,5.9753,88.8012,1,1,207.456,nan
closed_eye_1346.jpg_face_3,cerrado,B25,145.9614,0.088475,24.4815,162.2401,11.0215,61.9748,BIEN,22.1744,0.806582,4.5877,11.1527,0.072758,0.178421,17.7649,101.6614,1,1,206.513,nan
closed_eye_1346.jpg_face_3,cerrado,B40,145.9614,0.088475,39.4872,165.1524,10.2118,62.0817,BIEN,21.0081,0.806851,5.4206,13.148,0.074795,0.088731,15.4618,0.289,1,1,216.727,nan
closed_eye_1353.jpg_face_1,cerrado,B5,119.2564,0.062818,4.2872,129.7676,27.1619,72.2122,BIEN,20.7599,0.693284,5.1473,8.8139,0.062656,nan,0.2579,nan,1,1,172.393,nan
closed_eye_1353.jpg_face_1,cerrado,B10,119.2564,0.062818,9.4941,136.0869,26.2239,68.4055,BIEN,21.3292,0.843546,5.1175,14.1128,0.072723,0.101282,15.7667,61.2294,1,1,175.039,nan
closed_eye_1353.jpg_face_1,cerrado,B15,119.2564,0.062818,14.4614,138.9211,26.1261,68.3257,BIEN,20.9979,0.869257,5.3466,16.4894,0.06327,0.065475,0.7193,4.2286,1,1,171.653,nan
closed_eye_1353.jpg_face_1,cerrado,B25,119.2564,0.062818,24.484,143.6608,25.6177,69.5271,BIEN,19.2056,0.890202,5.6992,20.4638,0.070902,0.062197,12.8684,0.9898,1,1,169.156,nan
closed_eye_1353.jpg_face_1,cerrado,B40,119.2564,0.062818,39.521,141.9371,26.013,70.5138,BIEN,19.4758,0.899555,6.9429,19.0184,0.07268,0.056482,15.6994,10.0871,1,1,170.155,nan
closed_eye_1358.jpg_face_1,cerrado,B5,195.8891,0.033744,4.4217,192.7245,3.1217,61.0059,BIEN,20.6546,0.704697,2.2445,1.6155,0.048273,nan,43.0571,nan,1,1,300.048,nan
closed_eye_1358.jpg_face_1,cerrado,B10,195.8891,0.033744,9.4802,199.5894,2.1627,55.9849,BIEN,25.4566,0.808441,2.3053,1.889,0.035655,nan,5.6637,nan,1,1,266.375,nan
closed_eye_1358.jpg_face_1,cerrado,B15,195.8891,0.033744,14.4799,204.0756,1.8134,53.574,BIEN,25.3649,0.832728,2.3352,4.1791,0.075892,0.147347,124.906,336.6647,1,1,297.903,nan
closed_eye_1358.jpg_face_1,cerrado,B25,195.8891,0.033744,24.4963,208.3342,1.6331,51.7929,BIEN,23.4716,0.832791,2.633,6.3531,0.060241,0.134565,78.5246,298.7829,1,1,296.701,nan
closed_eye_1358.jpg_face_1,cerrado,B40,195.8891,0.033744,39.5716,208.3896,1.6487,51.9905,BIEN,23.2706,0.833298,3.3615,6.3814,0.071055,0.114179,110.5705,238.37,1,1,304.674,nan
closed_eye_1360.jpg_face_1,cerrado,B5,171.4585,0.057886,4.3611,167.7766,11.0508,63.1875,BIEN,20.6542,0.74697,3.4857,2.1474,0.066295,nan,14.5265,nan,1,1,507.846,nan
closed_eye_1360.jpg_face_1,cerrado,B10,171.4585,0.057886,9.4742,185.8302,8.5,64.8714,BIEN,22.09,0.831189,2.8842,8.382,0.066593,0.147065,15.0407,154.0575,1,1,537.346,nan
closed_eye_1360.jpg_face_1,cerrado,B15,171.4585,0.057886,14.4938,183.9821,8.4727,63.8442,BIEN,23.8893,0.877059,3.2362,7.3042,0.05558,0.113648,3.9849,96.3288,1,1,501.857,nan
closed_eye_1360.jpg_face_1,cerrado,B25,171.4585,0.057886,24.5048,190.296,7.707,64.0828,BIEN,21.3292,0.877798,3.436,10.9866,0.060033,0.077525,3.7079,33.9264,1,1,548.516,nan
closed_eye_1360.jpg_face_1,cerrado,B40,171.4585,0.057886,39.5214,192.571,7.4805,64.0471,BIEN,20.3909,0.883945,4.1262,12.3135,0.050357,0.074338,13.0076,28.4197,1,1,554.785,nan
closed_eye_1362.BMP_face_3,cerrado,B5,108.3897,0.058376,4.4578,135.5982,20.3218,59.3582,BIEN,17.2602,0.738359,5.0198,25.1025,0.051179,0.206536,12.3282,253.8049,1,1,1154.468,nan
closed_eye_1362.BMP_face_3,cerrado,B10,108.3897,0.058376,9.4693,141.6637,18.3072,56.3944,BIEN,16.6817,0.832583,4.9727,30.6986,0.062392,0.110095,6.8802,88.5973,1,1,1383.317,nan
closed_eye_1362.BMP_face_3,cerrado,B15,108.3897,0.058376,14.4481,138.7657,18.3207,53.4413,BIEN,17.3854,0.863774,5.4671,28.0248,0.054058,0.091462,7.3956,56.678,1,1,1369.863,nan
closed_eye_1362.BMP_face_3,cerrado,B25,108.3897,0.058376,24.4792,145.1644,17.0498,54.868,BIEN,15.997,0.85707,5.7704,33.9283,0.062966,0.07533,7.8643,29.044,1,1,1385.617,nan
closed_eye_1362.BMP_face_3,cerrado,B40,108.3897,0.058376,39.4881,146.3711,16.8199,55.0137,BIEN,15.762,0.860472,6.8424,35.0416,0.055925,0.06529,4.1975,11.8446,1,1,1360.359,nan
closed_eye_1363.jpg_face_1,cerrado,B5,124.8388,0.056803,4.3217,131.5165,18.9048,57.5128,BIEN,22.0811,0.693263,5.4787,5.349,0.059685,0.156543,5.0733,175.5895,1,1,274.266,nan
closed_eye_1363.jpg_face_1,cerrado,B10,124.8388,0.056803,9.4133,145.9133,16.6444,58.6504,BIEN,20.2871,0.83236,4.8234,16.8813,0.055835,0.118644,1.7038,108.8688,1,1,256.351,nan
closed_eye_1363.jpg_face_1,cerrado,B15,124.8388,0.056803,14.4691,145.3419,16.5535,57.5488,BIEN,20.5499,0.860701,5.1602,16.4236,0.059238,0.08617,4.2863,51.6988,1,1,278.048,nan
closed_eye_1363.jpg_face_1,cerrado,B25,124.8388,0.056803,24.5498,151.2064,15.6324,58.0645,BIEN,19.0031,0.871582,5.5017,21.1213,0.050445,0.062247,11.1931,9.5844,1,1,270.446,nan
closed_eye_1363.jpg_face_1,cerrado,B40,124.8388,0.056803,39.5049,152.4288,15.5597,58.1904,BIEN,18.6521,0.877219,6.5129,22.1005,0.056055,0.045073,1.3173,20.6499,1,1,272.569,nan
closed_eye_1365.jpg_face_1,cerrado,B5,144.6432,0.072276,4.4259,147.5655,22.9821,77.2505,BIEN,21.7023,0.681493,4.0341,2.0203,0.122399,0.224326,69.3496,210.376,1,1,83.195,nan
closed_eye_1365.jpg_face_1,cerrado,B10,144.6432,0.072276,9.5168,153.8067,20.5033,76.3376,BIEN,23.8362,0.799303,4.0143,6.3352,0.057051,0.142938,21.0642,97.7671,1,1,83.28,nan
closed_eye_1365.jpg_face_1,cerrado,B15,144.6432,0.072276,14.5577,156.0087,19.9493,76.6939,BIEN,23.9236,0.852874,4.2166,7.8576,0.063258,0.130149,12.4763,80.0724,1,1,78.528,nan
closed_eye_1365.jpg_face_1,cerrado,B25,144.6432,0.072276,24.5127,159.2657,19.4524,77.2172,BIEN,22.6249,0.868438,4.6489,10.1093,0.084447,0.110504,16.84,52.8917,1,1,85.064,nan
closed_eye_1365.jpg_face_1,cerrado,B40,144.6432,0.072276,39.5172,162.5717,18.9849,78.1431,BIEN,21.2242,0.873263,5.4509,12.3949,0.074443,0.092839,2.9985,28.4505,1,1,84.665,nan
closed_eye_1368.jpg_face_1,cerrado,B5,151.4488,0.047923,4.4077,157.1191,22.8924,71.4538,BIEN,20.8509,0.757129,3.4368,3.744,0.093511,0.263386,95.1282,449.6045,1,1,661.594,nan
closed_eye_1368.jpg_face_1,cerrado,B10,151.4488,0.047923,9.5611,175.2107,18.2352,73.5983,BIEN,19.1342,0.812765,3.0868,15.6897,0.05526,0.115357,15.3094,140.7134,1,1,716.949,nan
closed_eye_1368.jpg_face_1,cerrado,B15,151.4488,0.047923,14.4544,166.9474,18.5925,69.0131,BIEN,22.4573,0.870885,3.744,10.2336,0.039794,0.111709,16.9615,133.1024,1,1,613.572,nan
closed_eye_1368.jpg_face_1,cerrado,B25,151.4488,0.047923,24.4818,166.7763,18.6713,68.1503,BIEN,22.2984,0.886953,4.2745,10.1206,0.059524,0.080792,24.2074,68.5865,1,1,729.395,nan
closed_eye_1368.jpg_face_1,cerrado,B40,151.4488,0.047923,39.4634,169.2816,18.5259,69.5752,BIEN,21.2112,0.885787,5.0614,11.7748,0.053203,0.06646,11.0176,38.6819,1,1,726.006,nan
closed_eye_1369.BMP_face_1,cerrado,B5,98.9544,0.041704,4.3416,103.3048,38.2175,52.9121,BIEN,22.8633,0.725406,7.1832,4.3964,0.056871,0.182336,36.3682,337.2171,1,1,156.338,nan
closed_eye_1369.BMP_face_1,cerrado,B10,98.9544,0.041704,9.4852,115.7069,27.606,54.3369,BIEN,21.7281,0.857302,6.7327,16.9295,0.039673,0.097175,4.8686,133.012,1,1,157.577,nan
closed_eye_1369.BMP_face_1,cerrado,B15,98.9544,0.041704,14.5174,113.8622,27.6969,52.464,BIEN,22.7652,0.882596,7.2793,15.0653,0.049986,0.090467,19.8588,116.9272,1,1,152.791,nan
closed_eye_1369.BMP_face_1,cerrado,B25,98.9544,0.041704,24.5165,118.4408,25.2465,53.4507,BIEN,21.2472,0.891059,7.8378,19.6923,0.042464,0.081912,1.8225,96.4135,1,1,157.577,nan
closed_eye_1369.BMP_face_1,cerrado,B40,98.9544,0.041704,39.4681,119.3129,24.427,53.4508,BIEN,20.9006,0.896733,9.2539,20.5736,0.058071,0.05708,39.2457,36.8704,1,1,161.522,nan
closed_eye_1376.jpg_face_2,cerrado,B5,220.1253,0.054911,4.4879,210.2865,0.0,26.3095,BIEN,15.8533,0.646722,2.4273,4.4696,nan,nan,nan,nan,1,0,109.668,nan
closed_eye_1376.jpg_face_2,cerrado,B10,220.1253,0.054911,9.4806,196.8163,0.0376,29.461,BIEN,16.5081,0.701351,3.0511,10.589,0.058426,nan,6.4014,nan,1,1,112.906,nan
closed_eye_1376.jpg_face_2,cerrado,B15,220.1253,0.054911,14.4804,196.1223,0.1488,31.5351,BIEN,15.6598,0.725688,3.3628,10.9042,0.075527,0.234776,37.5438,327.5589,1,1,111.867,nan
closed_eye_1376.jpg_face_2,cerrado,B25,220.1253,0.054911,24.3995,212.3823,0.1103,32.5634,BIEN,19.3317,0.784942,3.0547,3.5175,0.061896,nan,12.7213,nan,1,1,111.457,nan
closed_eye_1376.jpg_face_2,cerrado,B40,220.1253,0.054911,39.3956,210.8369,0.1744,32.7702,BIEN,18.1892,0.785582,3.8591,4.2196,0.053928,nan,1.7897,nan,1,1,113.336,nan
closed_eye_1381.jpg_face_1,cerrado,B5,131.9357,0.026541,4.3972,133.822,25.6716,61.9806,BIEN,21.9215,0.664066,5.1117,1.4298,0.027808,0.157641,4.7739,493.9616,1,1,25.079,nan
closed_eye_1381.jpg_face_1,cerrado,B10,131.9357,0.026541,9.4445,147.1746,21.7217,63.6318,BIEN,21.764,0.793782,4.6514,11.5503,0.024265,0.080014,8.574,201.4772,1,1,25.368,nan
closed_eye_1381.jpg_face_1,cerrado,B15,131.9357,0.026541,14.4688,154.2546,19.4173,64.1238,BIEN,20.0892,0.841897,4.5904,16.9165,0.031854,0.054736,20.0197,106.2359,1,1,25.661,nan
closed_eye_1381.jpg_face_1,cerrado,B25,131.9357,0.026541,24.5077,152.6442,20.1541,64.4841,BIEN,20.3674,0.867683,5.2755,15.6959,0.02688,0.040782,1.2801,53.6579,1,1,25.265,nan
closed_eye_1381.jpg_face_1,cerrado,B40,131.9357,0.026541,39.4974,147.4776,21.674,63.793,BIEN,22.2084,0.879941,6.6931,11.7799,0.027092,0.03401,2.0786,28.1443,1,1,25.748,nan
closed_eye_1386.jpg_face_2,cerrado,B5,125.0801,0.063998,4.3905,146.1233,11.4007,50.6028,BIEN,18.7118,0.700402,4.7537,16.8238,0.09413,nan,47.0837,nan,1,1,79.558,nan
closed_eye_1386.jpg_face_2,cerrado,B10,125.0801,0.063998,9.4667,160.2603,9.3177,51.0974,BIEN,16.3937,0.826634,4.1396,28.1262,0.060775,0.13675,5.0354,113.6795,1,1,94.841,nan
closed_eye_1386.jpg_face_2,cerrado,B15,125.0801,0.063998,14.5327,164.1482,9.0163,52.1915,BIEN,15.9423,0.885391,4.2885,31.2344,0.066601,0.105418,4.0678,64.7216,1,1,96.377,nan
closed_eye_1386.jpg_face_2,cerrado,B25,125.0801,0.063998,24.4219,164.7708,8.7319,51.2007,BIEN,15.6508,0.911368,4.7866,31.7322,0.064406,0.095414,0.6376,49.0899,1,1,90.279,nan
closed_eye_1386.jpg_face_2,cerrado,B40,125.0801,0.063998,39.5313,169.8414,8.3546,51.8041,BIEN,14.7814,0.913365,5.4778,35.7861,0.068582,0.076279,7.1636,19.19,1,1,92.49,nan
closed_eye_1387.BMP_face_1,cerrado,B5,79.7067,0.119057,4.4183,102.4951,36.7323,70.2756,BIEN,17.2383,0.660591,6.3496,28.5903,0.137179,0.214665,15.2213,80.3043,1,1,161.095,nan
closed_eye_1387.BMP_face_1,cerrado,B10,79.7067,0.119057,9.4481,108.9554,35.0523,69.4454,BIEN,16.5107,0.82255,6.4349,36.6954,0.112535,0.178757,5.4782,50.1443,1,1,167.794,nan
closed_eye_1387.BMP_face_1,cerrado,B15,79.7067,0.119057,14.4756,108.1754,35.0762,67.5208,BIEN,17.1466,0.859314,7.0495,35.7168,0.108311,0.18093,9.0259,51.969,1,1,164.125,nan
closed_eye_1387.BMP_face_1,cerrado,B25,79.7067,0.119057,24.467,110.022,34.9064,67.6481,BIEN,16.7692,0.878331,7.8858,38.0336,0.107755,0.141511,9.4928,18.8595,1,1,163.209,nan
closed_eye_1387.BMP_face_1,cerrado,B40,79.7067,0.119057,39.561,112.2872,34.4211,68.2521,BIEN,16.2569,0.883836,9.3318,40.8756,0.111077,0.13518,6.703,13.5424,1,1,165.205,nan
closed_eye_1388.jpg_face_2,cerrado,B5,118.1376,0.070058,4.3436,140.5769,18.6021,60.1496,BIEN,18.9016,0.763376,4.952,18.9943,nan,nan,nan,nan,1,0,2640.613,nan
closed_eye_1388.jpg_face_2,cerrado,B10,118.1376,0.070058,9.4723,148.5185,15.4586,56.6066,BIEN,17.2302,0.789507,4.5928,25.7166,0.144522,0.208128,106.2891,197.0781,1,1,2772.387,nan
closed_eye_1388.jpg_face_2,cerrado,B15,118.1376,0.070058,14.4926,149.1749,15.3476,56.6799,BIEN,17.2207,0.805539,4.8788,26.2722,0.091763,0.181057,30.981,158.4377,1,1,2402.114,nan
closed_eye_1388.jpg_face_2,cerrado,B25,118.1376,0.070058,24.5055,152.3798,14.571,56.814,BIEN,16.5122,0.807945,5.3396,28.985,nan,0.13928,nan,98.8066,1,0,2872.738,nan
closed_eye_1388.jpg_face_2,cerrado,B40,118.1376,0.070058,39.5026,153.1335,14.9038,58.2114,BIEN,16.2734,0.803553,6.3475,29.623,nan,0.116241,nan,65.9205,1,0,2953.337,nan
closed_eye_1393.jpg_face_1,cerrado,B5,141.66,0.087462,4.4058,130.2837,41.9169,86.164,BIEN,21.8126,0.713311,4.845,8.0307,0.118981,nan,36.0375,nan,1,1,229.948,nan
closed_eye_1393.jpg_face_1,cerrado,B10,141.66,0.087462,9.5273,145.4894,36.9549,87.5803,BIEN,26.3802,0.829285,4.3368,2.7032,0.110812,0.214129,26.6974,144.8257,1,1,246.688,nan
closed_eye_1393.jpg_face_1,cerrado,B15,141.66,0.087462,14.4908,150.1614,35.2491,88.1356,BIEN,24.9453,0.858488,4.3963,6.0013,0.092105,0.193373,5.3085,121.0953,1,1,237.558,nan
closed_eye_1393.jpg_face_1,cerrado,B25,141.66,0.087462,24.5358,153.3164,32.2357,87.3417,BIEN,23.5861,0.874669,4.8939,8.2284,0.098925,0.159074,13.1071,81.879,1,1,239.567,nan
closed_eye_1393.jpg_face_1,cerrado,B40,141.66,0.087462,39.5129,154.4409,31.9125,87.1927,BIEN,23.0064,0.880374,5.903,9.0223,0.094409,0.131435,7.9438,50.2776,1,1,236.742,nan
closed_eye_1394.jpg_face_1,cerrado,B5,148.5881,0.08042,4.4995,141.3802,17.5627,60.6698,BIEN,19.8444,0.720822,4.7833,4.8509,nan,nan,nan,nan,1,0,2180.074,nan
closed_eye_1394.jpg_face_1,cerrado,B10,148.5881,0.08042,9.5458,156.0172,14.5161,63.9931,BIEN,22.5684,0.82954,4.3039,4.9998,nan,0.110848,nan,37.8358,1,0,2182.453,nan
closed_eye_1394.jpg_face_1,cerrado,B15,148.5881,0.08042,14.5658,157.9439,13.6969,63.2036,BIEN,22.4981,0.835887,4.5368,6.2965,nan,0.122281,nan,52.0525,1,0,2292.526,nan
closed_eye_1394.jpg_face_1,cerrado,B25,148.5881,0.08042,24.5353,163.595,12.8264,63.9692,BIEN,21.1858,0.831563,4.8453,10.0997,nan,0.130544,nan,62.3273,1,0,2269.117,nan
closed_eye_1394.jpg_face_1,cerrado,B40,148.5881,0.08042,39.5576,164.7381,12.6472,64.0379,BIEN,20.8999,0.830759,5.7824,10.869,nan,nan,nan,nan,1,0,2269.632,nan
closed_eye_1394.jpg_face_3,cerrado,B5,114.8489,0.03946,4.5264,110.7576,39.5571,64.9118,BIEN,22.3146,0.75749,6.097,3.5624,0.03295,0.177151,16.4978,348.94,1,1,1725.328,nan
closed_eye_1394.jpg_face_3,cerrado,B10,114.8489,0.03946,9.5708,121.1424,34.2278,68.4248,BIEN,23.2615,0.835094,5.8204,5.4798,0.043631,0.097105,10.5704,146.0863,1,1,1752.541,nan
closed_eye_1394.jpg_face_3,cerrado,B15,114.8489,0.03946,14.5678,124.4123,31.6757,68.7722,BIEN,22.7162,0.850748,6.0062,8.3269,0.028881,0.072742,26.8102,84.3441,1,1,1794.366,nan
closed_eye_1394.jpg_face_3,cerrado,B25,114.8489,0.03946,24.5596,126.4164,30.1745,69.1376,BIEN,22.2472,0.853411,6.7068,10.0719,0.037746,0.059216,4.3422,50.0663,1,1,1745.201,nan
closed_eye_1394.jpg_face_3,cerrado,B40,114.8489,0.03946,39.5703,128.1982,29.0861,69.3636,BIEN,21.7538,0.854185,7.9706,11.6233,0.0429,0.04713,8.7178,19.4372,1,1,1774.623,nan
closed_eye_1395.BMP_face_1,cerrado,B5,156.7177,0.051027,4.5341,164.4087,21.1397,88.5995,BIEN,23.1863,0.786456,2.9501,4.9076,0.051046,0.196076,0.0366,284.2567,1,1,223.329,nan
closed_eye_1395.BMP_face_1,cerrado,B10,156.7177,0.051027,9.5415,171.4256,19.2282,87.3708,BIEN,21.2852,0.810262,2.9494,9.385,0.05281,0.085107,3.493,66.7882,1,1,304.099,nan
closed_eye_1395.BMP_face_1,cerrado,B15,156.7177,0.051027,14.5437,173.1392,18.8648,86.7265,BIEN,20.794,0.811505,3.1615,10.4784,0.047332,0.065047,7.241,27.4751,1,1,302.957,nan
closed_eye_1395.BMP_face_1,cerrado,B25,156.7177,0.051027,24.538,174.6362,18.5128,86.2385,BIEN,20.3262,0.809629,3.671,11.4336,0.05057,0.057271,0.8957,12.2361,1,1,299.088,nan
closed_eye_1395.BMP_face_1,cerrado,B40,156.7177,0.051027,39.5459,175.1842,18.4157,85.9299,BIEN,20.1664,0.805097,4.5724,11.7833,0.054897,0.061397,7.5832,20.3219,1,1,302.691,nan
closed_eye_1396.jpg_face_1,cerrado,B5,77.8765,0.063954,4.4568,109.2541,33.8009,58.3251,BIEN,16.2754,0.761238,6.529,40.2915,0.081339,0.17828,27.1845,178.7652,1,1,818.8,nan
closed_eye_1396.jpg_face_1,cerrado,B10,77.8765,0.063954,9.4377,112.7979,32.8585,58.2326,BIEN,15.2337,0.795366,6.447,44.842,0.082525,0.147791,29.039,131.0911,1,1,806.322,nan
closed_eye_1396.jpg_face_1,cerrado,B15,77.8765,0.063954,14.513,111.3549,33.421,59.8787,BIEN,15.1594,0.825051,6.8404,42.989,0.076336,0.130407,19.362,103.9095,1,1,816.793,nan
closed_eye_1396.jpg_face_1,cerrado,B25,77.8765,0.063954,24.516,112.4152,33.4283,61.6167,BIEN,14.782,0.82352,7.5869,44.3506,0.074158,0.096345,15.9555,50.6476,1,1,822.707,nan
closed_eye_1396.jpg_face_1,cerrado,B40,77.8765,0.063954,39.4817,109.9228,33.8885,60.4691,BIEN,15.3115,0.839639,9.3705,41.1501,0.068355,0.07621,6.8826,19.1643,1,1,818.063,nan
closed_eye_1426.jpg_face_1,cerrado,B5,132.6377,0.029558,4.52,149.4716,10.9668,49.7807,BIEN,19.3282,0.757407,4.3422,12.6917,nan,nan,nan,nan,1,0,37.372,nan
closed_eye_1426.jpg_face_1,cerrado,B10,132.6377,0.029558,9.4446,166.3981,7.4391,49.5315,BIEN,17.1134,0.823226,3.8523,25.4531,0.095853,nan,224.2904,nan,1,1,38.768,nan
closed_eye_1426.jpg_face_1,cerrado,B15,132.6377,0.029558,14.4426,167.9299,7.2187,49.1965,BIEN,16.7296,0.871254,4.0048,26.6079,0.048017,0.144362,62.4514,388.4032,1,1,40.788,nan
closed_eye_1426.jpg_face_1,cerrado,B25,132.6377,0.029558,24.5118,171.036,6.5383,49.1508,BIEN,16.0192,0.907684,4.3977,28.9497,0.033116,0.072234,12.0384,144.3827,1,1,40.787,nan
closed_eye_1426.jpg_face_1,cerrado,B40,132.6377,0.029558,39.4817,171.7516,6.8166,50.4721,BIEN,15.755,0.92223,5.2573,29.4893,0.031937,0.050344,8.0485,70.3222,1,1,41.07,nan
closed_eye_1427.jpg_face_2,cerrado,B5,75.7853,0.064703,4.5745,75.4029,59.7205,79.7084,CRITICA,27.7344,0.72462,7.2927,0.5046,0.160171,0.152359,147.5475,135.4741,1,1,195.572,nan
closed_eye_1427.jpg_face_2,cerrado,B10,75.7853,0.064703,9.5112,83.7876,57.2482,85.3449,BIEN,24.3973,0.795685,7.1454,10.5591,0.068954,0.121263,6.5697,87.4152,1,1,166.525,nan
closed_eye_1427.jpg_face_2,cerrado,B15,75.7853,0.064703,14.4808,83.8776,57.0892,84.499,BIEN,24.757,0.830331,7.7701,10.6779,0.087732,0.094608,35.5916,46.2183,1,1,150.056,nan
closed_eye_1427.jpg_face_2,cerrado,B25,75.7853,0.064703,24.4535,85.9911,56.5221,85.3929,BIEN,23.7601,0.871207,8.927,13.4667,0.076002,0.097818,17.463,51.18,1,1,214.721,nan
closed_eye_1427.jpg_face_2,cerrado,B40,75.7853,0.064703,39.5416,86.331,56.5269,84.7494,BIEN,23.9169,0.909148,11.4041,13.9152,0.075523,0.098437,16.7221,52.1367,1,1,215.88,nan
closed_eye_1431.jpg_face_2,cerrado,B5,153.1188,0.142153,4.4013,145.608,24.4063,74.8385,BIEN,21.4988,0.629171,4.0588,4.9053,nan,nan,nan,nan,1,0,230.622,nan
closed_eye_1431.jpg_face_2,cerrado,B10,153.1188,0.142153,9.4862,167.5483,20.8291,79.4081,BIEN,21.9267,0.79614,3.3806,9.4237,0.146445,nan,3.019,nan,1,1,200.989,nan
closed_eye_1431.jpg_face_2,cerrado,B15,153.1188,0.142153,14.4541,169.8618,19.8593,78.0397,BIEN,21.4841,0.833292,3.5007,10.9346,0.14728,nan,3.6064,nan,1,1,232.672,nan
closed_eye_1431.jpg_face_2,cerrado,B25,153.1188,0.142153,24.5087,174.5404,18.9385,78.2744,BIEN,20.0545,0.838986,3.8576,13.9901,0.149532,nan,5.1907,nan,1,1,222.811,nan
closed_eye_1431.jpg_face_2,cerrado,B40,153.1188,0.142153,39.4824,175.1587,18.6568,77.9764,BIEN,19.6819,0.843973,4.7049,14.3939,0.139848,0.144069,1.6212,1.3475,1,1,230.638,nan
closed_eye_1434.jpg_face_1,cerrado,B5,156.0084,0.034614,4.5045,152.1198,13.6491,63.1383,BIEN,21.5881,0.623971,3.952,2.4925,0.146976,nan,324.6105,nan,1,1,204.432,nan
closed_eye_1434.jpg_face_1,cerrado,B10,156.0084,0.034614,9.4678,173.6668,12.2067,67.3181,BIEN,21.7658,0.826969,3.2901,11.3189,0.04749,nan,37.1968,nan,1,1,210.58,nan
closed_eye_1434.jpg_face_1,cerrado,B15,156.0084,0.034614,14.3907,174.1483,11.7719,65.8448,BIEN,21.6512,0.90088,3.4375,11.6275,0.052959,0.111571,52.9969,222.326,1,1,213.895,nan
closed_eye_1434.jpg_face_1,cerrado,B25,156.0084,0.034614,24.5262,179.0057,11.6519,66.0891,BIEN,20.3161,0.934497,3.7977,14.741,0.040882,0.071645,18.1084,106.9825,1,1,204.265,nan
closed_eye_1434.jpg_face_1,cerrado,B40,156.0084,0.034614,39.4771,180.8647,11.5272,66.0636,BIEN,19.5519,0.942712,4.5469,15.9327,0.050061,0.049914,44.6256,44.2002,1,1,208.446,nan
closed_eye_1435.png_face_1,cerrado,B5,82.48,0.031091,4.4418,128.7797,15.0135,49.287,BIEN,14.1056,0.659402,5.762,56.1345,0.033977,0.177868,9.283,472.0919,1,1,980.777,nan
closed_eye_1435.png_face_1,cerrado,B10,82.48,0.031091,9.457,131.5726,13.4681,47.2637,BIEN,13.5102,0.736394,5.7778,59.5207,0.042714,0.107075,37.3864,244.394,1,1,983.091,nan
closed_eye_1435.png_face_1,cerrado,B15,82.48,0.031091,14.5331,130.4709,14.3396,48.445,BIEN,13.5522,0.764312,6.1634,58.1849,0.025404,0.083096,18.2899,167.2683,1,1,894.134,nan
closed_eye_1435.png_face_1,cerrado,B25,82.48,0.031091,24.4913,128.3291,14.7799,49.1458,BIEN,13.7689,0.777647,7.0235,55.5882,0.030252,0.049153,2.6985,58.0966,1,1,964.227,nan
closed_eye_1435.png_face_1,cerrado,B40,82.48,0.031091,39.4947,125.5447,15.7412,49.942,BIEN,14.1142,0.785689,8.5376,52.2123,0.03281,0.038343,5.531,23.3261,1,1,968.523,nan
closed_eye_1445.jpg_face_1,cerrado,B5,64.304,0.124929,4.4788,114.2924,30.56,51.8625,BIEN,12.6154,0.679966,6.2855,77.7376,nan,nan,nan,nan,1,0,2767.017,nan
closed_eye_1445.jpg_face_1,cerrado,B10,64.304,0.124929,9.4972,121.9228,29.2,54.2741,BIEN,11.9576,0.667642,6.2914,89.6038,nan,0.210141,nan,68.2081,1,0,2818.489,nan
closed_eye_1445.jpg_face_1,cerrado,B15,64.304,0.124929,14.504,114.3072,30.52,50.1121,BIEN,12.8743,0.71073,7.1611,77.7606,0.182272,0.20519,45.9004,64.2451,1,1,2892.682,nan
closed_eye_1445.jpg_face_1,cerrado,B25,64.304,0.124929,24.4736,115.2828,30.88,51.6714,BIEN,12.6756,0.715768,7.9324,79.2778,0.189496,0.165879,51.6825,32.7783,1,1,2837.685,nan
closed_eye_1445.jpg_face_1,cerrado,B40,64.304,0.124929,39.508,115.62,30.96,51.9002,BIEN,12.6166,0.709543,9.4014,79.8022,0.179151,0.148512,43.4014,18.8765,1,1,2912.056,nan
closed_eye_1462.jpg_face_2,cerrado,B5,139.9947,0.083356,4.4999,154.6068,12.9757,60.5471,BIEN,19.0367,0.688066,3.762,10.4377,0.120251,nan,44.2621,nan,1,1,507.331,nan
closed_eye_1462.jpg_face_2,cerrado,B10,139.9947,0.083356,9.5086,166.5556,10.1538,61.017,BIEN,18.7896,0.787145,3.748,18.9729,0.042184,0.190614,49.3927,128.675,1,1,577.701,nan
closed_eye_1462.jpg_face_2,cerrado,B15,139.9947,0.083356,14.4176,165.5718,9.5395,58.9662,BIEN,18.9819,0.823348,3.9961,18.2701,0.053722,0.148866,35.5512,78.5909,1,1,572.967,nan
closed_eye_1462.jpg_face_2,cerrado,B25,139.9947,0.083356,24.53,165.7722,9.1399,58.1374,BIEN,19.0358,0.831288,4.5943,18.4132,0.073707,0.100413,11.5756,20.4633,1,1,557.32,nan
closed_eye_1462.jpg_face_2,cerrado,B40,139.9947,0.083356,39.554,165.7972,9.0251,57.742,BIEN,18.9097,0.837275,5.5418,18.4311,0.073895,0.079212,11.3505,4.9712,1,1,575.209,nan
closed_eye_1463.jpg_face_1,cerrado,B5,91.9519,0.049833,4.5174,108.4469,26.4873,41.3155,BIEN,20.4972,0.779299,7.1022,17.9387,nan,nan,nan,nan,1,0,1164.822,nan
closed_eye_1463.jpg_face_1,cerrado,B10,91.9519,0.049833,9.4551,105.9044,28.1774,41.2463,BIEN,22.1688,0.864301,7.7651,15.1737,0.072866,0.149124,46.2207,199.2476,1,1,1369.488,nan
closed_eye_1463.jpg_face_1,cerrado,B15,91.9519,0.049833,14.5008,109.0157,24.2023,40.6096,BIEN,21.512,0.868241,7.9915,18.5573,0.053999,0.112859,8.3606,126.4743,1,1,1374.948,nan
closed_eye_1463.jpg_face_1,cerrado,B25,91.9519,0.049833,24.4804,103.5133,29.5565,40.7819,BIEN,23.0436,0.885558,9.3775,12.5733,0.074756,0.087649,50.0137,75.8852,1,1,1352.265,nan
closed_eye_1463.jpg_face_1,cerrado,B40,91.9519,0.049833,39.4789,101.8519,31.2331,41.164,BIEN,23.4719,0.888859,11.3163,10.7666,0.066019,0.072648,32.4817,45.7827,1,1,1387.925,nan
closed_eye_1465.jpg_face_1,cerrado,B5,136.6949,0.073765,4.3418,140.5031,13.2816,48.9762,BIEN,21.3219,0.7102,5.0819,2.7859,0.072432,nan,1.8077,nan,1,1,90.82,nan
closed_eye_1465.jpg_face_1,cerrado,B10,136.6949,0.073765,9.3741,151.5481,8.9938,46.9195,BIEN,22.3916,0.834982,4.5186,10.8659,0.079335,nan,7.5504,nan,1,1,98.781,nan
closed_eye_1465.jpg_face_1,cerrado,B15,136.6949,0.073765,14.5064,159.648,8.0026,48.6155,BIEN,20.1417,0.892012,4.4183,16.7915,0.072189,0.141867,2.1373,92.3221,1,1,99.777,nan
closed_eye_1465.jpg_face_1,cerrado,B25,136.6949,0.073765,24.5049,157.8921,8.3396,47.1091,BIEN,20.991,0.925174,5.1403,15.5069,0.075048,0.099557,1.7387,34.9656,1,1,98.118,nan
closed_eye_1465.jpg_face_1,cerrado,B40,136.6949,0.073765,39.5124,158.7591,7.9419,47.1817,BIEN,20.7569,0.938187,6.1315,16.1411,0.075619,0.064398,2.5132,12.698,1,1,99.589,nan
closed_eye_1467.jpg_face_1,cerrado,B5,69.2492,0.077625,4.473,102.6905,44.6884,58.1861,BIEN,14.9347,0.705386,6.288,48.2914,0.149743,0.222989,92.9069,187.2656,1,1,74.131,nan
closed_eye_1467.jpg_face_1,cerrado,B10,69.2492,0.077625,9.5396,107.311,41.6437,59.1228,BIEN,14.1479,0.817528,6.3312,54.9636,0.055454,0.093049,28.5609,19.8701,1,1,69.329,nan
closed_eye_1467.jpg_face_1,cerrado,B15,69.2492,0.077625,14.4995,108.8016,40.1055,60.1825,BIEN,13.8437,0.836673,6.6381,57.1162,0.185875,0.1018,139.4533,31.1438,1,1,75.192,nan
closed_eye_1467.jpg_face_1,cerrado,B25,69.2492,0.077625,24.487,108.4614,40.6262,60.1034,BIEN,13.8426,0.855559,7.5815,56.6249,0.064616,0.126858,16.7582,63.4257,1,1,68.385,nan
closed_eye_1467.jpg_face_1,cerrado,B40,69.2492,0.077625,39.4632,108.3606,40.5233,59.8437,BIEN,13.8709,0.86238,9.2459,56.4793,0.213368,0.084808,174.8715,9.2547,1,1,76.594,nan
closed_eye_1479.jpg_face_1,cerrado,B5,73.6764,0.077797,4.3878,94.2347,46.75,65.9898,BIEN,19.0796,0.796507,7.6159,27.9036,0.170604,nan,119.2937,nan,1,1,2259.376,nan
closed_eye_1479.jpg_face_1,cerrado,B10,73.6764,0.077797,9.4789,104.0414,42.9722,68.5348,BIEN,16.7238,0.836216,7.2498,41.214,0.119713,0.181717,53.8793,133.5793,1,1,2423.655,nan
closed_eye_1479.jpg_face_1,cerrado,B15,73.6764,0.077797,14.5381,102.1672,43.4444,66.4124,BIEN,17.4155,0.857059,7.9538,38.6702,0.130449,0.151871,67.6784,95.2145,1,1,2427.774,nan
closed_eye_1479.jpg_face_1,cerrado,B25,73.6764,0.077797,24.5364,103.0856,42.6111,65.2298,BIEN,17.3512,0.860978,8.9635,39.9167,0.134593,0.133372,73.0052,71.4359,1,1,2421.307,nan
closed_eye_1479.jpg_face_1,cerrado,B40,73.6764,0.077797,39.5414,103.1706,42.6111,64.8903,BIEN,17.3601,0.863104,10.8041,40.032,0.146605,0.108977,88.4457,40.0785,1,1,2470.356,nan
closed_eye_1480.jpg_face_4,cerrado,B5,70.3054,0.068268,4.3589,76.9299,71.3033,41.6642,CRITICA,24.4783,0.828954,9.796,9.4224,0.1042,nan,52.6332,nan,1,1,2430.724,nan
closed_eye_1480.jpg_face_4,cerrado,B10,70.3054,0.068268,9.4164,82.1537,64.4944,41.8274,CRITICA,23.8121,0.879833,9.9065,16.8527,0.169622,nan,148.4651,nan,1,1,2568.713,nan
closed_eye_1480.jpg_face_4,cerrado,B15,70.3054,0.068268,14.5114,82.3574,63.5301,41.4296,CRITICA,23.9233,0.901205,10.5227,17.1424,0.133695,0.168939,95.8387,147.4649,1,1,2594.034,nan
closed_eye_1480.jpg_face_4,cerrado,B25,70.3054,0.068268,24.4889,82.7747,62.5365,41.2561,CRITICA,23.8327,0.913907,11.8454,17.7359,0.128135,0.12982,87.6946,90.1623,1,1,2571.355,nan
closed_eye_1480.jpg_face_4,cerrado,B40,70.3054,0.068268,39.4959,79.867,67.2706,41.3248,CRITICA,24.953,0.920631,14.8685,13.6002,0.127483,0.080765,86.7388,18.3063,1,1,2498.751,nan
closed_eye_1488.jpg_face_1,cerrado,B5,169.4402,0.072767,4.4204,186.4201,12.6154,74.784,BIEN,20.5413,0.836798,2.2832,10.0212,0.095568,nan,31.3347,nan,1,1,1950.839,nan
closed_eye_1488.jpg_face_1,cerrado,B10,169.4402,0.072767,9.3136,195.1799,11.7396,74.3107,BIEN,18.4255,0.829283,2.1634,15.191,0.108432,0.169695,49.0138,133.2046,1,1,2070.822,nan
closed_eye_1488.jpg_face_1,cerrado,B15,169.4402,0.072767,14.244,198.1046,11.1243,73.3724,BIEN,17.7756,0.819287,2.2897,16.9171,0.102341,0.140272,40.6432,92.7697,1,1,2114.165,nan
closed_eye_1488.jpg_face_1,cerrado,B25,169.4402,0.072767,24.4693,197.568,11.0296,72.3327,BIEN,17.839,0.823939,2.7924,16.6004,0.094362,0.108004,29.6771,48.4247,1,1,2111.041,nan
closed_eye_1488.jpg_face_1,cerrado,B40,169.4402,0.072767,39.6547,197.543,10.9349,72.1913,BIEN,17.8701,0.823409,3.5996,16.5856,0.098932,0.090673,35.9578,24.6082,1,1,2005.213,nan
closed_eye_1490.jpg_face_1,cerrado,B5,124.7172,0.081158,4.3521,132.9522,17.0358,55.6718,BIEN,21.6958,0.758333,5.5046,6.6029,0.105791,nan,30.3513,nan,1,1,428.302,nan
closed_eye_1490.jpg_face_1,cerrado,B10,124.7172,0.081158,9.4912,141.3971,15.9339,56.0333,BIEN,21.556,0.859602,5.1747,13.3742,0.088312,0.157828,8.8139,94.4685,1,1,463.113,nan
closed_eye_1490.jpg_face_1,cerrado,B15,124.7172,0.081158,14.4874,147.2421,14.4757,55.726,BIEN,20.2562,0.897896,5.1689,18.0607,0.079435,0.128962,2.1231,58.9011,1,1,458.8,nan
closed_eye_1490.jpg_face_1,cerrado,B25,124.7172,0.081158,24.5469,145.3643,15.1736,56.5688,BIEN,20.8215,0.922754,5.9436,16.5551,0.074991,0.107878,7.5987,32.923,1,1,479.869,nan
closed_eye_1490.jpg_face_1,cerrado,B40,124.7172,0.081158,39.4945,142.7546,15.4233,55.9596,BIEN,21.7295,0.939522,7.2654,14.4626,0.078473,0.093113,3.3087,14.7295,1,1,492.053,nan
closed_eye_1493.jpg_face_1,cerrado,B5,53.1351,0.222966,4.4531,79.8082,49.3997,41.6245,CRITICA,17.7034,0.706213,9.4603,50.1985,0.215039,0.227847,3.5553,2.1893,1,1,175.377,nan
closed_eye_1493.jpg_face_1,cerrado,B10,53.1351,0.222966,9.4762,89.962,41.3072,43.3985,BIEN,15.6374,0.78864,9.0,69.3079,0.209755,0.223112,5.9249,0.0658,1,1,186.696,nan
closed_eye_1493.jpg_face_1,cerrado,B15,53.1351,0.222966,14.4734,90.2255,41.4844,43.3465,BIEN,15.6622,0.816547,9.5532,69.8039,0.214566,0.220309,3.7673,1.1913,1,1,183.254,nan
closed_eye_1493.jpg_face_1,cerrado,B25,53.1351,0.222966,24.4608,91.2416,40.2701,43.0451,BIEN,15.4585,0.820905,10.6517,71.7161,0.216196,0.219828,3.0364,1.407,1,1,188.487,nan
closed_eye_1493.jpg_face_1,cerrado,B40,53.1351,0.222966,39.469,92.3011,39.2905,43.2114,BIEN,15.286,0.822778,12.7087,73.7102,0.21309,0.220006,4.4291,1.3274,1,1,195.656,nan
closed_eye_1496.jpg_face_1,cerrado,B5,146.9738,0.060272,4.365,163.2572,3.4588,48.1193,BIEN,19.6333,0.713789,3.9704,11.0791,0.093678,nan,55.425,nan,1,1,963.02,nan
closed_eye_1496.jpg_face_1,cerrado,B10,146.9738,0.060272,9.2759,160.6356,3.7751,49.883,BIEN,22.7542,0.876376,4.4032,9.2954,0.069368,0.210424,15.0918,249.1248,1,1,1103.631,nan
closed_eye_1496.jpg_face_1,cerrado,B15,146.9738,0.060272,14.5449,160.8613,4.0098,50.1784,BIEN,21.9459,0.89051,4.5691,9.449,0.066846,0.114857,10.9071,90.5643,1,1,1108.156,nan
closed_eye_1496.jpg_face_1,cerrado,B25,146.9738,0.060272,24.4221,162.1725,3.8363,51.0456,BIEN,22.1017,0.909442,5.0792,10.3411,0.060716,0.093127,0.7374,54.5108,1,1,1115.076,nan
closed_eye_1496.jpg_face_1,cerrado,B40,146.9738,0.060272,39.5025,165.6891,3.6323,51.787,BIEN,20.7778,0.909634,5.8152,12.7338,0.068209,0.078913,13.1686,30.9284,1,1,1108.156,nan
closed_eye_1497.jpg_face_1,cerrado,B5,125.73,0.068564,4.3924,135.637,28.1098,75.5648,BIEN,20.7448,0.724609,4.8001,7.8796,0.076638,0.184193,11.7772,168.6452,1,1,1365.188,nan
closed_eye_1497.jpg_face_1,cerrado,B10,125.73,0.068564,9.4166,138.6617,25.676,71.5782,BIEN,22.1227,0.826995,4.8848,10.2853,0.06341,0.140059,7.5162,104.2767,1,1,1366.12,nan
closed_eye_1497.jpg_face_1,cerrado,B15,125.73,0.068564,14.5157,144.1379,22.8096,72.2028,BIEN,20.6704,0.843912,4.93,14.6408,0.069041,0.121521,0.6963,77.2382,1,1,1315.443,nan
closed_eye_1497.jpg_face_1,cerrado,B25,125.73,0.068564,24.4828,145.9166,21.7956,71.9889,BIEN,20.1205,0.852531,5.4926,16.0555,0.077864,0.085125,13.564,24.1542,1,1,1367.428,nan
closed_eye_1497.jpg_face_1,cerrado,B40,125.73,0.068564,39.4938,146.8561,21.2818,71.8294,BIEN,19.9846,0.856125,6.6089,16.8028,0.07802,0.07355,13.7918,7.2728,1,1,1394.117,nan
closed_eye_1497.jpg_face_3,cerrado,B5,143.2551,0.044016,4.5159,161.7466,11.9205,59.0851,BIEN,18.1016,0.72046,3.517,12.9081,0.077261,nan,75.5286,nan,1,1,1177.025,nan
closed_eye_1497.jpg_face_3,cerrado,B10,143.2551,0.044016,9.4647,161.0918,9.608,54.9031,BIEN,20.9139,0.836054,4.0238,12.451,0.047442,0.094625,7.7835,114.9763,1,1,1163.873,nan
closed_eye_1497.jpg_face_3,cerrado,B15,143.2551,0.044016,14.4505,167.3433,8.7871,55.5078,BIEN,19.2859,0.830682,3.9832,16.8149,0.056672,0.075417,28.752,71.3383,1,1,1113.338,nan
closed_eye_1497.jpg_face_3,cerrado,B25,143.2551,0.044016,24.4653,164.3908,9.2959,55.5462,BIEN,20.0035,0.85611,4.6843,14.7539,0.053043,0.059626,20.5083,35.4644,1,1,1191.043,nan
closed_eye_1497.jpg_face_3,cerrado,B40,143.2551,0.044016,39.4737,166.5379,9.0415,56.13,BIEN,19.3415,0.855189,5.5255,16.2527,0.05162,0.049783,17.2755,13.1014,1,1,1156.738,nan
closed_eye_1502.jpg_face_1,cerrado,B5,87.9582,0.061661,4.397,137.2638,18.482,58.2032,BIEN,13.4476,0.703527,5.06,56.0557,0.084197,nan,36.5492,nan,1,1,1141.292,nan
closed_eye_1502.jpg_face_1,cerrado,B10,87.9582,0.061661,9.4899,131.356,17.8061,51.0508,BIEN,14.5715,0.801532,5.743,49.3391,0.088165,0.134765,42.9843,118.5601,1,1,1186.662,nan
closed_eye_1502.jpg_face_1,cerrado,B15,87.9582,0.061661,14.5125,132.9858,17.8726,51.6183,BIEN,14.4337,0.814057,6.0448,51.192,0.061044,0.108959,1.0006,76.7082,1,1,1127.904,nan
closed_eye_1502.jpg_face_1,cerrado,B25,87.9582,0.061661,24.4903,138.2694,16.41,52.6015,BIEN,13.4051,0.811244,6.3576,57.1989,0.071608,0.082163,16.1321,33.2505,1,1,1167.27,nan
closed_eye_1502.jpg_face_1,cerrado,B40,87.9582,0.061661,39.5577,135.9507,16.687,51.5403,BIEN,13.8459,0.82584,7.8138,54.5628,0.065197,0.058701,5.7352,4.7991,1,1,1172.333,nan
closed_eye_1502.jpg_face_2,cerrado,B5,119.0954,0.065611,4.4364,145.7415,19.8644,63.7078,BIEN,17.1634,0.692366,4.4133,22.3737,0.081658,0.201056,24.4573,206.4359,1,1,559.503,nan
closed_eye_1502.jpg_face_2,cerrado,B10,119.0954,0.065611,9.4193,150.0685,16.8625,59.3699,BIEN,17.1826,0.828613,4.4776,26.0069,0.101862,0.171597,55.252,161.5374,1,1,603.682,nan
closed_eye_1502.jpg_face_2,cerrado,B15,119.0954,0.065611,14.5388,151.7426,15.4288,59.4542,BIEN,17.2056,0.852979,4.7706,27.4126,0.063472,0.167322,3.2595,155.0214,1,1,578.905,nan
closed_eye_1502.jpg_face_2,cerrado,B25,119.0954,0.065611,24.5147,150.9464,15.1286,57.8292,BIEN,17.3326,0.877161,5.4447,26.7441,0.068259,0.1245,4.0356,89.7552,1,1,605.4,nan
closed_eye_1502.jpg_face_2,cerrado,B40,119.0954,0.065611,39.5061,150.6999,14.9319,57.7267,BIEN,17.45,0.882782,6.573,26.5371,0.062349,0.086981,4.9713,32.5713,1,1,612.332,nan
closed_eye_1508.jpg_face_3,cerrado,B5,71.0092,0.190472,4.3799,77.6602,52.6778,55.3757,CRITICA,22.8512,0.844575,8.4335,9.3664,nan,nan,nan,nan,1,0,1354.096,nan
closed_eye_1508.jpg_face_3,cerrado,B10,71.0092,0.190472,9.5055,83.3804,50.7902,52.2295,BIEN,23.1651,0.896946,8.7742,17.4219,nan,0.083412,nan,56.2076,1,0,2012.477,nan
closed_eye_1508.jpg_face_3,cerrado,B15,71.0092,0.190472,14.4917,82.8878,51.0536,50.7197,BIEN,23.8885,0.915233,9.4965,16.7283,0.211949,0.203833,11.2757,7.0148,1,1,2039.152,nan
closed_eye_1508.jpg_face_3,cerrado,B25,71.0092,0.190472,24.4677,83.1238,51.0097,51.0593,BIEN,23.7573,0.927334,10.8152,17.0606,0.24545,nan,28.8645,nan,1,1,1953.125,nan
closed_eye_1508.jpg_face_3,cerrado,B40,71.0092,0.190472,39.4923,83.5088,50.856,50.6648,BIEN,23.8181,0.931086,13.3761,17.6027,0.249305,0.178142,30.8883,6.4735,1,1,2083.767,nan
closed_eye_1509.jpg_face_6,cerrado,B5,95.4481,0.106404,4.4425,145.3677,7.63,44.0528,BIEN,13.9747,0.675393,5.0026,52.3003,nan,nan,nan,nan,1,0,54.844,nan
closed_eye_1509.jpg_face_6,cerrado,B10,95.4481,0.106404,9.3898,148.8734,5.7862,41.2119,BIEN,12.8929,0.765914,4.7285,55.9732,0.095352,0.193238,10.3872,81.6073,1,1,55.569,nan
closed_eye_1509.jpg_face_6,cerrado,B15,95.4481,0.106404,14.4952,141.5356,7.0849,40.8002,BIEN,14.1252,0.830494,5.5371,48.2854,0.102382,0.172589,3.7803,62.2011,1,1,58.524,nan
closed_eye_1509.jpg_face_6,cerrado,B25,95.4481,0.106404,24.5014,140.8705,7.6431,42.7515,BIEN,14.0064,0.850668,6.1847,47.5886,0.094888,0.154965,10.8231,45.6376,1,1,61.562,nan
closed_eye_1509.jpg_face_6,cerrado,B40,95.4481,0.106404,39.5248,139.4613,8.0127,43.0353,BIEN,14.26,0.865791,7.4729,46.1122,0.095653,0.135567,10.1047,27.4073,1,1,61.213,nan
closed_eye_1512.jpg_face_1,cerrado,B5,164.3232,0.019524,4.361,165.1215,23.5517,85.5751,BIEN,20.9555,0.654119,3.1271,0.4858,0.037503,nan,92.0906,nan,1,1,433.576,nan
closed_eye_1512.jpg_face_1,cerrado,B10,164.3232,0.019524,9.3543,176.3108,22.0294,85.2018,BIEN,23.158,0.825879,2.9492,7.2951,0.026868,0.102393,37.6194,424.4527,1,1,478.583,nan
closed_eye_1512.jpg_face_1,cerrado,B15,164.3232,0.019524,14.4534,177.1922,21.4847,83.8785,BIEN,23.0819,0.850164,3.1313,7.8315,0.020828,0.064567,6.6802,230.7089,1,1,502.21,nan
closed_eye_1512.jpg_face_1,cerrado,B25,164.3232,0.019524,24.5153,182.5979,20.8859,84.2486,BIEN,21.1382,0.866631,3.42,11.1212,0.030366,0.039934,55.5363,104.5418,1,1,502.588,nan
closed_eye_1512.jpg_face_1,cerrado,B40,164.3232,0.019524,39.4971,184.6216,20.3304,84.092,BIEN,20.1174,0.867967,4.1463,12.3527,0.031961,0.037325,63.704,91.1764,1,1,505.715,nan
closed_eye_1531.jpg_face_1,cerrado,B5,132.2357,0.111754,4.4671,146.8276,17.8316,63.3623,BIEN,19.7406,0.711636,4.3618,11.0348,0.105362,nan,5.7194,nan,1,1,1052.964,nan
closed_eye_1531.jpg_face_1,cerrado,B10,132.2357,0.111754,9.452,147.383,16.6716,61.5509,BIEN,21.6685,0.815116,4.5678,11.4547,0.112301,0.198469,0.4896,77.5956,1,1,1152.738,nan
closed_eye_1531.jpg_face_1,cerrado,B15,132.2357,0.111754,14.4532,147.3186,17.2814,62.0269,BIEN,21.4701,0.84395,4.8414,11.406,0.091078,0.143166,18.5007,28.1089,1,1,1390.627,nan
closed_eye_1531.jpg_face_1,cerrado,B25,132.2357,0.111754,24.4903,141.5637,20.2112,64.7929,BIEN,22.3307,0.858922,5.7336,7.054,0.080157,0.12919,28.2735,15.6029,1,1,1450.747,nan
closed_eye_1531.jpg_face_1,cerrado,B40,132.2357,0.111754,39.4844,145.4938,19.0065,65.5416,BIEN,21.1835,0.862046,6.5968,10.0261,0.082008,0.118922,26.6169,6.4146,1,1,1421.262,nan
closed_eye_1533.jpg_face_2,cerrado,B5,151.011,0.10905,4.4019,166.2962,14.2082,68.4168,BIEN,19.4412,0.705156,3.3569,10.1219,0.117177,nan,7.4532,nan,1,1,488.162,nan
closed_eye_1533.jpg_face_2,cerrado,B10,151.011,0.10905,9.3261,163.2228,13.3399,62.9062,BIEN,23.0332,0.817678,3.8671,8.0866,0.068423,0.154734,37.2552,41.8929,1,1,461.702,nan
closed_eye_1533.jpg_face_2,cerrado,B15,151.011,0.10905,14.5455,170.0235,12.1389,64.1832,BIEN,20.9319,0.848211,3.7664,12.5901,0.080818,0.127433,25.8887,16.8577,1,1,471.231,nan
closed_eye_1533.jpg_face_2,cerrado,B25,151.011,0.10905,24.4612,176.1212,10.8295,64.5905,BIEN,19.2502,0.862449,4.0185,16.628,0.074972,0.098511,31.2495,9.6642,1,1,486.31,nan
closed_eye_1533.jpg_face_2,cerrado,B40,151.011,0.10905,39.5067,176.9033,10.6124,64.7884,BIEN,18.9593,0.863244,4.8735,17.1459,0.076857,0.08723,29.5212,20.0086,1,1,492.756,nan
closed_eye_1543.jpg_face_1,cerrado,B5,199.0291,0.161176,4.3956,190.1195,2.3368,47.2544,BIEN,19.4723,0.734741,2.5614,4.4766,nan,nan,nan,nan,1,0,200.783,nan
closed_eye_1543.jpg_face_1,cerrado,B10,199.0291,0.161176,9.2875,212.4888,1.3392,41.169,BIEN,22.4297,0.82302,1.91,6.7627,0.121729,0.227806,24.4747,41.3396,1,1,181.14,nan
closed_eye_1543.jpg_face_1,cerrado,B15,199.0291,0.161176,14.5449,210.8253,1.2388,40.3083,BIEN,23.6766,0.86182,2.1614,5.9269,0.11339,0.274761,29.6486,70.4725,1,1,187.892,nan
closed_eye_1543.jpg_face_1,cerrado,B25,199.0291,0.161176,24.5199,216.6468,1.038,38.9479,BIEN,21.7251,0.900684,2.3787,8.8518,0.087534,0.244321,45.6908,51.5862,1,1,192.689,nan
closed_eye_1543.jpg_face_1,cerrado,B40,199.0291,0.161176,39.5621,220.2324,0.9441,37.8892,BIEN,20.0994,0.903825,2.9075,10.6533,0.091913,0.255536,42.9737,58.5442,1,1,213.438,nan
closed_eye_1550.BMP_face_2,cerrado,B5,105.3375,0.02454,4.5158,127.1138,35.3197,89.1486,BIEN,17.919,0.625906,4.6251,20.6728,0.021465,0.151549,12.5311,517.5561,1,1,299.464,nan
closed_eye_1550.BMP_face_2,cerrado,B10,105.3375,0.02454,9.5101,133.7315,33.898,89.1936,BIEN,16.723,0.665391,4.6516,26.9552,0.018923,0.100317,22.8917,308.7849,1,1,311.896,nan
closed_eye_1550.BMP_face_2,cerrado,B15,105.3375,0.02454,14.496,133.7012,33.5981,88.2134,BIEN,16.8634,0.674607,5.0393,26.9265,0.022934,0.076868,6.5448,213.2335,1,1,300.409,nan
closed_eye_1550.BMP_face_2,cerrado,B25,105.3375,0.02454,24.5124,135.8347,33.0487,88.0838,BIEN,16.4731,0.671513,5.6811,28.9519,0.020866,0.055681,14.9735,126.8974,1,1,304.516,nan
closed_eye_1550.BMP_face_2,cerrado,B40,105.3375,0.02454,39.5077,136.3273,32.8221,87.7624,BIEN,16.4192,0.671377,6.9148,29.4195,0.021015,0.036939,14.3662,50.5245,1,1,311.362,nan
closed_eye_1558.jpg_face_1,cerrado,B5,62.9436,0.060293,4.4706,98.1631,34.7676,43.7273,BIEN,15.6464,0.725212,7.7819,55.954,0.093918,nan,55.7692,nan,1,1,1287.664,nan
closed_eye_1558.jpg_face_1,cerrado,B10,62.9436,0.060293,9.5238,99.7045,33.0034,41.6598,BIEN,15.944,0.800841,8.2745,58.4029,0.096427,0.195491,59.931,224.2362,1,1,1255.65,nan
closed_eye_1558.jpg_face_1,cerrado,B15,62.9436,0.060293,14.4842,98.3019,32.2289,39.8851,BIEN,16.2289,0.82624,8.8669,56.1745,0.076705,0.132077,27.221,119.0585,1,1,1425.11,nan
closed_eye_1558.jpg_face_1,cerrado,B25,62.9436,0.060293,24.4852,100.4323,31.6408,40.6573,BIEN,15.7814,0.828516,9.7346,59.5591,0.073782,0.102764,22.3729,70.4405,1,1,1482.58,nan
closed_eye_1558.jpg_face_1,cerrado,B40,62.9436,0.060293,39.4855,98.3554,32.7883,40.1406,BIEN,16.2521,0.842988,11.9213,56.2595,0.08327,0.070815,38.109,17.4519,1,1,1352.631,nan
closed_eye_1560.jpg_face_1,cerrado,B5,111.2415,0.069268,4.5348,132.6493,13.8408,46.2832,BIEN,17.8289,0.762249,5.0852,19.2444,0.07575,nan,9.3575,nan,1,1,488.281,nan
closed_eye_1560.jpg_face_1,cerrado,B10,111.2415,0.069268,9.4845,161.2294,9.2145,52.0176,BIEN,13.3399,0.743882,3.9477,44.9364,0.071515,0.145007,3.2446,109.3424,1,1,490.22,nan
closed_eye_1560.jpg_face_1,cerrado,B15,111.2415,0.069268,14.4674,165.3458,8.4394,52.8932,BIEN,12.6334,0.801215,3.9625,48.6367,0.065716,0.145064,5.1283,109.4239,1,1,484.051,nan
closed_eye_1560.jpg_face_1,cerrado,B25,111.2415,0.069268,24.5319,158.6409,9.5882,51.943,BIEN,13.454,0.840482,4.866,42.6094,0.073128,0.098752,5.572,42.5661,1,1,486.169,nan
closed_eye_1560.jpg_face_1,cerrado,B40,111.2415,0.069268,39.494,162.7924,9.1073,52.8034,BIEN,12.8357,0.844723,5.5922,46.3414,0.065307,0.076164,5.7189,9.956,1,1,489.476,nan
closed_eye_1561.jpg_face_1,cerrado,B5,176.6524,0.015317,4.4439,164.7145,13.9283,51.2409,BIEN,19.7892,0.601064,3.4041,6.7578,0.228909,nan,1394.4418,nan,1,1,612.595,nan
closed_eye_1561.jpg_face_1,cerrado,B10,176.6524,0.015317,9.4596,187.7316,4.3845,52.6534,BIEN,23.8482,0.794401,2.7201,6.2718,0.032161,nan,109.9613,nan,1,1,605.914,nan
closed_eye_1561.jpg_face_1,cerrado,B15,176.6524,0.015317,14.4205,187.2983,4.9861,53.115,BIEN,24.1472,0.838682,2.8669,6.0265,0.029745,0.189887,94.1891,1139.6853,1,1,610.538,nan
closed_eye_1561.jpg_face_1,cerrado,B25,176.6524,0.015317,24.5381,187.8168,5.155,53.4114,BIEN,24.308,0.866405,3.3775,6.32,0.025189,0.07389,64.4457,382.395,1,1,591.541,nan
closed_eye_1561.jpg_face_1,cerrado,B40,176.6524,0.015317,39.5015,193.9509,4.0426,54.0091,BIEN,21.3987,0.860038,3.8501,9.7924,0.028035,0.037675,83.0273,145.9622,1,1,605.437,nan
closed_eye_1567.jpg_face_1,cerrado,B5,81.6125,0.092958,4.5643,95.1101,48.7101,71.1817,BIEN,19.9619,0.836394,6.6137,16.5385,0.100827,0.195396,8.465,110.1983,1,1,2107.926,nan
closed_eye_1567.jpg_face_1,cerrado,B10,81.6125,0.092958,9.533,99.6712,46.6982,70.9089,BIEN,19.4318,0.86082,6.8279,22.1274,0.122145,0.191576,31.3987,106.0891,1,1,2038.321,nan
closed_eye_1567.jpg_face_1,cerrado,B15,81.6125,0.092958,14.5032,102.5188,45.3965,72.2132,BIEN,18.5941,0.867021,7.06,25.6165,0.111369,0.172689,19.8062,85.7718,1,1,2044.572,nan
closed_eye_1567.jpg_face_1,cerrado,B25,81.6125,0.092958,24.4978,101.3602,46.0355,70.7891,BIEN,19.2182,0.879904,8.291,24.1969,0.129382,0.153277,39.1832,64.8892,1,1,2066.116,nan
closed_eye_1567.jpg_face_1,cerrado,B40,81.6125,0.092958,39.5096,104.0263,44.7574,72.1815,BIEN,18.4125,0.875338,9.8562,27.4636,0.125957,0.152679,35.4986,64.2459,1,1,2070.393,nan
closed_eye_1570.jpg_face_1,cerrado,B5,164.9794,0.080732,4.3956,177.5834,10.1931,68.1399,BIEN,21.341,0.799562,2.765,7.6397,nan,nan,nan,nan,1,0,32.899,nan
closed_eye_1570.jpg_face_1,cerrado,B10,164.9794,0.080732,9.4303,191.2755,9.8844,66.2871,BIEN,18.736,0.874874,2.4055,15.939,0.086242,nan,6.8261,nan,1,1,33.464,nan
closed_eye_1570.jpg_face_1,cerrado,B15,164.9794,0.080732,14.4975,192.3415,9.6768,65.8894,BIEN,18.5792,0.897402,2.6014,16.5851,0.086137,nan,6.6951,nan,1,1,32.277,nan
closed_eye_1570.jpg_face_1,cerrado,B25,164.9794,0.080732,24.5022,195.1872,9.5245,65.5144,BIEN,17.9731,0.92526,2.9811,18.31,0.086186,0.09033,6.7557,11.8887,1,1,33.604,nan
closed_eye_1570.jpg_face_1,cerrado,B40,164.9794,0.080732,39.493,197.3578,9.5757,67.0798,BIEN,17.3317,0.936826,3.6506,19.6257,0.08006,0.075144,0.8316,6.9215,1,1,30.696,nan
closed_eye_1579.BMP_face_1,cerrado,B5,145.7049,0.046211,4.4545,167.7792,6.4157,45.8195,BIEN,17.5989,0.666176,3.5729,15.15,0.062902,nan,36.1179,nan,1,1,599.88,nan
closed_eye_1579.BMP_face_1,cerrado,B10,145.7049,0.046211,9.381,178.04,3.4963,44.7878,BIEN,17.6738,0.806753,3.4712,22.1922,0.061915,0.160397,33.9822,247.0966,1,1,681.71,nan
closed_eye_1579.BMP_face_1,cerrado,B15,145.7049,0.046211,14.4558,173.221,4.0674,44.3522,BIEN,18.5791,0.84248,3.9067,18.8848,0.065567,0.150045,41.8861,224.6933,1,1,682.454,nan
closed_eye_1579.BMP_face_1,cerrado,B25,145.7049,0.046211,24.4811,179.9496,3.3331,44.3411,BIEN,17.1088,0.848138,4.1194,23.5028,0.04802,0.118326,3.9142,156.0554,1,1,682.64,nan
closed_eye_1579.BMP_face_1,cerrado,B40,145.7049,0.046211,39.4811,177.9812,3.5487,44.6355,BIEN,17.3989,0.860247,5.0705,22.1519,0.049036,0.088887,6.1126,92.3496,1,1,681.245,nan
closed_eye_1581.jpg_face_1,cerrado,B5,130.704,0.057077,4.4374,124.2932,37.8792,77.7051,BIEN,23.181,0.722787,5.483,4.9048,0.08433,nan,47.7482,nan,1,1,612.97,nan
closed_eye_1581.jpg_face_1,cerrado,B10,130.704,0.057077,9.4345,141.6732,32.0537,82.3473,BIEN,23.7989,0.820248,4.7124,8.3924,0.057088,0.15227,0.0208,166.7809,1,1,608.754,nan
closed_eye_1581.jpg_face_1,cerrado,B15,130.704,0.057077,14.5774,144.6276,31.0694,82.3669,BIEN,23.1203,0.846408,4.8913,10.6528,0.060149,0.114351,5.3833,100.3459,1,1,623.753,nan
closed_eye_1581.jpg_face_1,cerrado,B25,130.704,0.057077,24.54,149.8882,28.7204,83.4245,BIEN,20.8778,0.85264,5.2383,14.6776,0.04768,0.091727,16.464,60.7076,1,1,584.624,nan
closed_eye_1581.jpg_face_1,cerrado,B40,130.704,0.057077,39.4961,149.6431,28.5861,82.7815,BIEN,21.1024,0.859948,6.3789,14.4901,0.047189,0.079794,17.3226,39.8018,1,1,610.165,nan
closed_eye_1594.jpg_face_1,cerrado,B5,145.2425,0.039908,4.5757,162.9005,15.7899,67.3235,BIEN,17.7935,0.66645,3.25,12.1576,nan,nan,nan,nan,1,0,115.618,nan
closed_eye_1594.jpg_face_1,cerrado,B10,145.2425,0.039908,9.392,158.6056,13.9884,58.9848,BIEN,23.5531,0.877348,3.9928,9.2006,0.02095,nan,47.506,nan,1,1,122.834,nan
closed_eye_1594.jpg_face_1,cerrado,B15,145.2425,0.039908,14.4959,167.5763,12.8076,60.6836,BIEN,20.2941,0.869149,3.8232,15.3769,0.035506,0.07626,11.032,91.0867,1,1,118.772,nan
closed_eye_1594.jpg_face_1,cerrado,B25,145.2425,0.039908,24.461,165.5038,12.9358,59.1611,BIEN,21.0458,0.913855,4.4849,13.95,0.028561,0.036311,28.4329,9.0151,1,1,115.38,nan
closed_eye_1594.jpg_face_1,cerrado,B40,145.2425,0.039908,39.4763,167.133,12.8262,60.0185,BIEN,20.3315,0.916256,5.3516,15.0717,0.026783,0.044815,32.8887,12.2936,1,1,127.861,nan
closed_eye_1613.BMP_face_1,cerrado,B5,112.7075,0.130112,4.5565,132.9104,36.2184,98.2495,BIEN,18.5395,0.693286,4.0707,17.9251,0.113467,nan,12.7927,nan,1,1,160.192,nan
closed_eye_1613.BMP_face_1,cerrado,B10,112.7075,0.130112,9.5376,134.5859,35.4538,96.6783,BIEN,18.5579,0.747435,4.3841,19.4117,0.119179,nan,8.4028,nan,1,1,196.498,nan
closed_eye_1613.BMP_face_1,cerrado,B15,112.7075,0.130112,14.527,136.6344,34.9501,97.0487,BIEN,18.0597,0.758484,4.6252,21.2292,0.104751,0.135165,19.4919,3.8839,1,1,185.787,nan
closed_eye_1613.BMP_face_1,cerrado,B25,112.7075,0.130112,24.5091,138.03,34.6002,97.1012,BIEN,17.7586,0.770873,5.2887,22.4675,0.132388,0.118437,1.7495,8.9732,1,1,188.786,nan
closed_eye_1613.BMP_face_1,cerrado,B40,112.7075,0.130112,39.5198,137.8025,34.5082,96.2562,BIEN,17.94,0.789454,6.5622,22.2656,0.11245,0.123796,13.5743,4.8547,1,1,187.115,nan
closed_eye_1622.jpg_face_2,cerrado,B5,129.1017,0.07446,4.4484,147.328,30.7843,85.4509,BIEN,18.349,0.704962,3.6869,14.1178,0.075875,0.196857,1.8998,164.3789,1,1,618.62,nan
closed_eye_1622.jpg_face_2,cerrado,B10,129.1017,0.07446,9.5184,146.6371,30.3552,81.2191,BIEN,20.7201,0.832224,4.2238,13.5826,0.079387,0.146085,6.6158,96.1911,1,1,624.454,nan
closed_eye_1622.jpg_face_2,cerrado,B15,129.1017,0.07446,14.4274,151.4368,29.6476,81.878,BIEN,19.4831,0.847943,4.2831,17.3004,0.078148,0.138107,4.9521,85.4769,1,1,626.841,nan
closed_eye_1622.jpg_face_2,cerrado,B25,129.1017,0.07446,24.471,153.9253,29.4147,81.5896,BIEN,18.8258,0.85738,4.7978,19.2279,0.048052,0.101722,35.4657,36.612,1,1,625.821,nan
closed_eye_1622.jpg_face_2,cerrado,B40,129.1017,0.07446,39.48,155.5933,29.3234,82.881,BIEN,18.2213,0.85882,5.726,20.5199,0.046495,0.085671,37.5567,15.0554,1,1,619.617,nan
closed_eye_1627.jpg_face_1,cerrado,B5,150.4714,0.061348,4.3598,152.018,23.6159,76.5221,BIEN,21.2312,0.733975,4.1306,1.0278,0.066908,nan,9.0626,nan,1,1,943.663,nan
closed_eye_1627.jpg_face_1,cerrado,B10,150.4714,0.061348,9.2976,167.8181,20.1173,79.3622,BIEN,21.0295,0.811675,3.5009,11.5282,0.07464,0.156405,21.6661,154.9464,1,1,1040.799,nan
closed_eye_1627.jpg_face_1,cerrado,B15,150.4714,0.061348,14.5242,170.8154,18.935,78.5535,BIEN,20.3576,0.811301,3.631,13.5202,0.067056,0.104913,9.3036,71.012,1,1,1071.811,nan
closed_eye_1627.jpg_face_1,cerrado,B25,150.4714,0.061348,24.5085,174.3351,18.0219,78.8998,BIEN,19.3151,0.818276,4.0115,15.8593,0.073605,0.074939,19.9789,22.1541,1,1,1041.016,nan
closed_eye_1627.jpg_face_1,cerrado,B40,150.4714,0.061348,39.4809,176.3154,17.3299,78.3479,BIEN,18.8706,0.811407,4.835,17.1754,0.081663,0.070567,33.1147,15.0277,1,1,1067.464,nan
closed_eye_1630.jpg_face_1,cerrado,B5,133.762,0.108688,4.3673,143.142,25.3122,74.3022,BIEN,21.0602,0.745718,4.4464,7.0124,0.099551,0.174227,8.4065,60.3004,1,1,765.697,nan
closed_eye_1630.jpg_face_1,cerrado,B10,133.762,0.108688,9.4974,150.1323,23.8619,72.4288,BIEN,20.8356,0.834242,4.3217,12.2384,0.086138,0.160313,20.7477,47.4988,1,1,737.3,nan
closed_eye_1630.jpg_face_1,cerrado,B15,133.762,0.108688,14.4428,154.6253,23.0944,73.5083,BIEN,19.9676,0.86196,4.413,15.5973,0.080117,0.130824,26.2868,20.367,1,1,727.802,nan
closed_eye_1630.jpg_face_1,cerrado,B25,133.762,0.108688,24.4798,154.9343,22.8408,72.4909,BIEN,19.8083,0.866988,5.0135,15.8283,0.092671,0.107956,14.7369,0.6735,1,1,758.553,nan
closed_eye_1630.jpg_face_1,cerrado,B40,133.762,0.108688,39.4969,157.2329,22.5481,72.8669,BIEN,19.2045,0.868228,5.9265,17.5467,0.099498,0.08159,8.4556,24.932,1,1,726.216,nan
closed_eye_1631.jpg_face_1,cerrado,B5,138.0103,0.062508,4.2823,132.681,22.431,57.918,BIEN,22.0399,0.765659,5.3789,3.8615,0.085696,nan,37.0968,nan,1,1,1373.061,nan
closed_eye_1631.jpg_face_1,cerrado,B10,138.0103,0.062508,9.5626,149.8733,14.7107,59.7833,BIEN,23.9544,0.852367,4.6619,8.5958,0.092213,0.165517,47.5218,164.7939,1,1,1246.883,nan
closed_eye_1631.jpg_face_1,cerrado,B15,138.0103,0.062508,14.4415,155.0771,12.3175,60.5719,BIEN,22.1035,0.862886,4.6582,12.3663,0.064681,0.108987,3.4767,74.3568,1,1,1395.284,nan
closed_eye_1631.jpg_face_1,cerrado,B25,138.0103,0.062508,24.5041,156.5307,11.6414,60.2916,BIEN,21.7306,0.86888,5.229,13.4196,0.063618,0.086077,1.7763,37.7059,1,1,1371.366,nan
closed_eye_1631.jpg_face_1,cerrado,B40,138.0103,0.062508,39.5065,157.5622,11.6955,60.2724,BIEN,21.3335,0.868166,6.2183,14.167,0.063061,0.075419,0.8845,20.6561,1,1,1396.063,nan
closed_eye_1640.jpg_face_1,cerrado,B5,188.3279,0.082286,4.3246,166.9214,7.3467,42.5695,BIEN,17.4287,0.657689,3.8665,11.3666,nan,nan,nan,nan,1,0,149.954,nan
closed_eye_1640.jpg_face_1,cerrado,B10,188.3279,0.082286,9.427,189.0322,0.7472,45.5383,BIEN,25.7652,0.843323,2.9871,0.374,0.05963,0.176132,27.5342,114.047,1,1,170.291,nan
closed_eye_1640.jpg_face_1,cerrado,B15,188.3279,0.082286,14.5277,185.9638,1.7021,49.0295,BIEN,25.02,0.893584,3.3196,1.2554,0.052925,0.158675,35.6818,92.8321,1,1,138.309,nan
closed_eye_1640.jpg_face_1,cerrado,B25,188.3279,0.082286,24.4876,195.189,1.2095,51.0817,BIEN,24.5904,0.904214,3.3795,3.6432,0.085124,0.125409,3.4479,52.4058,1,1,170.129,nan
closed_eye_1640.jpg_face_1,cerrado,B40,188.3279,0.082286,39.4795,192.1842,1.5058,51.0322,BIEN,25.2912,0.919132,4.3073,2.0476,0.07588,0.097687,7.785,18.7153,1,1,167.563,nan
closed_eye_1641.jpg_face_2,cerrado,B5,146.3724,0.03533,4.1852,160.8572,9.1582,57.2302,BIEN,19.7203,0.71562,4.1419,9.8959,0.055595,nan,57.3595,nan,1,1,2115.507,nan
closed_eye_1641.jpg_face_2,cerrado,B10,146.3724,0.03533,9.5017,159.3529,8.6869,53.0792,BIEN,21.5275,0.728893,4.3164,8.8681,0.065637,0.152468,85.783,331.5522,1,1,2763.958,nan
closed_eye_1641.jpg_face_2,cerrado,B15,146.3724,0.03533,14.3983,163.7024,7.7778,52.7326,BIEN,20.8663,0.732592,4.385,11.8396,0.066031,0.116665,86.8955,230.2143,1,1,2664.535,nan
closed_eye_1641.jpg_face_2,cerrado,B25,146.3724,0.03533,24.4545,167.9148,7.037,52.6059,BIEN,19.7274,0.715723,4.7393,14.7175,0.057377,0.065722,62.4029,86.0213,1,1,2656.043,nan
closed_eye_1641.jpg_face_2,cerrado,B40,146.3724,0.03533,39.4919,168.8273,6.734,52.4876,BIEN,19.4177,0.706262,5.6441,15.3409,0.065453,0.041525,85.2609,17.535,1,1,2284.148,nan
closed_eye_1648.jpg_face_2,cerrado,B5,95.5884,0.06717,4.4631,96.6653,34.6191,43.6638,BIEN,23.0402,0.781334,7.926,1.1266,0.112497,nan,67.482,nan,1,1,2263.468,nan
closed_eye_1648.jpg_face_2,cerrado,B10,95.5884,0.06717,9.4514,92.1526,37.3047,42.2281,BIEN,24.2514,0.838037,8.8048,3.5944,0.112044,0.171344,66.8072,155.0912,1,1,2240.143,nan
closed_eye_1648.jpg_face_2,cerrado,B15,95.5884,0.06717,14.5068,98.2322,32.5928,44.5441,BIEN,24.0042,0.85455,8.6883,2.7658,0.085995,0.147792,28.0261,120.0288,1,1,2282.584,nan
closed_eye_1648.jpg_face_2,cerrado,B25,95.5884,0.06717,24.4446,96.665,34.2285,44.7172,BIEN,24.3519,0.868818,9.8375,1.1264,0.070528,0.10913,5.0007,62.4702,1,1,1701.838,nan
closed_eye_1648.jpg_face_2,cerrado,B40,95.5884,0.06717,39.4988,96.6768,33.7158,44.6415,BIEN,24.616,0.873305,11.7545,1.1386,0.083297,0.102092,24.01,51.9915,1,1,2259.887,nan
closed_eye_1649.jpg_face_1,cerrado,B5,166.2251,0.067621,4.5472,152.1244,13.3045,45.6645,BIEN,20.659,0.713932,4.0822,8.4829,0.098763,nan,46.0527,nan,1,1,441.092,nan
closed_eye_1649.jpg_face_1,cerrado,B10,166.2251,0.067621,9.5152,180.7631,4.2895,47.9333,BIEN,23.2219,0.852213,3.2218,8.746,0.084138,nan,24.4251,nan,1,1,484.238,nan
closed_eye_1649.jpg_face_1,cerrado,B15,166.2251,0.067621,14.3427,177.4887,6.0708,50.0108,BIEN,23.9901,0.915613,3.4545,6.7761,0.086152,nan,27.4037,nan,1,1,483.863,nan
closed_eye_1649.jpg_face_1,cerrado,B25,166.2251,0.067621,24.4818,186.8259,4.1272,49.5965,BIEN,21.0797,0.919849,3.5882,12.3933,0.066076,0.147684,2.2849,118.3982,1,1,483.045,nan
closed_eye_1649.jpg_face_1,cerrado,B40,166.2251,0.067621,39.447,184.6777,4.7526,50.7236,BIEN,21.3587,0.941682,4.4669,11.101,nan,0.10456,nan,54.6267,1,0,475.556,nan
closed_eye_1652.jpg_face_1,cerrado,B5,95.0616,0.041888,4.3571,125.6203,29.8087,76.7847,BIEN,16.0238,0.665022,5.2183,32.1462,0.059607,0.195366,42.2998,366.4003,1,1,609.088,nan
closed_eye_1652.jpg_face_1,cerrado,B10,95.0616,0.041888,9.4337,129.7118,28.9344,73.8605,BIEN,15.7487,0.834313,5.3641,36.4503,0.047746,0.148809,13.9844,255.2538,1,1,596.944,nan
closed_eye_1652.jpg_face_1,cerrado,B15,95.0616,0.041888,14.4758,131.6122,28.5102,73.3891,BIEN,15.6675,0.874731,5.6766,38.4494,0.0472,0.139607,12.6816,233.2846,1,1,596.766,nan
closed_eye_1652.jpg_face_1,cerrado,B25,95.0616,0.041888,24.4657,137.1382,27.8783,74.7746,BIEN,14.449,0.869959,6.0002,44.2625,0.052368,0.08594,25.019,105.1643,1,1,568.214,nan
closed_eye_1652.jpg_face_1,cerrado,B40,95.0616,0.041888,39.5095,137.2548,27.7138,74.0227,BIEN,14.5259,0.878972,7.2632,44.3851,0.031355,0.05696,25.1448,35.9823,1,1,612.783,nan
closed_eye_1655.BMP_face_1,cerrado,B5,117.9555,0.07645,4.518,128.1359,20.2988,60.471,BIEN,21.105,0.665644,5.2926,8.6307,0.121083,nan,58.381,nan,1,1,248.305,nan
closed_eye_1655.BMP_face_1,cerrado,B10,117.9555,0.07645,9.4991,146.15,17.3866,64.7,BIEN,17.7879,0.829056,4.6007,23.9027,0.070909,0.202301,7.2487,164.6181,1,1,246.281,nan
closed_eye_1655.BMP_face_1,cerrado,B15,117.9555,0.07645,14.4408,146.2,17.2208,63.527,BIEN,18.0945,0.86606,4.9495,23.945,0.060517,0.080257,20.8417,4.9791,1,1,250.463,nan
closed_eye_1655.BMP_face_1,cerrado,B25,117.9555,0.07645,24.4901,151.7611,16.6535,64.6677,BIEN,16.6453,0.88559,5.254,28.6596,0.074816,0.058863,2.1379,23.0054,1,1,241.779,nan
closed_eye_1655.BMP_face_1,cerrado,B40,117.9555,0.07645,39.522,152.4567,16.5798,64.5752,BIEN,16.5313,0.894065,6.3016,29.2493,0.076464,0.060394,0.0175,21.0023,1,1,239.372,nan
closed_eye_1659.jpg_face_1,cerrado,B5,126.4383,0.052764,4.3697,166.1889,5.9674,54.5039,BIEN,15.0452,0.726506,3.6735,31.4386,0.048609,nan,7.8749,nan,1,1,445.772,nan
closed_eye_1659.jpg_face_1,cerrado,B10,126.4383,0.052764,9.5465,184.98,4.1884,49.8655,BIEN,12.4662,0.782188,3.0052,46.3006,0.058611,0.14045,11.0806,166.1831,1,1,442.791,nan
closed_eye_1659.jpg_face_1,cerrado,B15,126.4383,0.052764,14.4808,180.5827,4.2102,49.7911,BIEN,13.2505,0.854604,3.4749,42.8227,0.059234,0.089814,12.262,70.2165,1,1,440.315,nan
closed_eye_1659.jpg_face_1,cerrado,B25,126.4383,0.052764,24.5362,189.3078,3.7514,48.5046,BIEN,11.9719,0.834318,3.5705,49.7234,0.052604,0.065046,0.3039,23.2761,1,1,413.787,nan
closed_eye_1659.jpg_face_1,cerrado,B40,126.4383,0.052764,39.4881,185.4913,4.1197,49.7849,BIEN,12.4411,0.856167,4.5789,46.7049,0.042998,0.055296,18.5095,4.7981,1,1,443.086,nan
closed_eye_1660.jpg_face_1,cerrado,B5,141.1087,0.063143,4.3203,162.0269,15.9349,69.6714,BIEN,19.0293,0.770216,3.4231,14.8242,0.082806,nan,31.1394,nan,1,1,237.727,nan
closed_eye_1660.jpg_face_1,cerrado,B10,141.1087,0.063143,9.5365,167.8869,14.3288,68.1066,BIEN,17.8511,0.824656,3.3253,18.977,0.08583,nan,35.9298,nan,1,1,249.838,nan
closed_eye_1660.jpg_face_1,cerrado,B15,141.1087,0.063143,14.5684,168.5389,13.9222,67.3494,BIEN,18.3035,0.863005,3.6602,19.4391,0.057676,0.120362,8.6583,90.6183,1,1,254.492,nan
closed_eye_1660.jpg_face_1,cerrado,B25,141.1087,0.063143,24.4397,173.2626,13.3375,67.9117,BIEN,17.2152,0.888269,3.9884,22.7866,0.048609,0.1156,23.0182,83.0767,1,1,237.654,nan
closed_eye_1660.jpg_face_1,cerrado,B40,141.1087,0.063143,39.4987,171.7407,13.3375,66.8619,BIEN,17.597,0.905586,5.0014,21.7081,0.057831,0.080996,8.4127,28.2743,1,1,253.261,nan
closed_eye_1666.jpg_face_1,cerrado,B5,203.6868,0.020094,4.3813,190.335,5.0078,49.093,BIEN,18.4502,0.680756,2.6263,6.555,0.043318,nan,115.5795,nan,1,1,521.485,nan
closed_eye_1666.jpg_face_1,cerrado,B10,203.6868,0.020094,9.3327,215.0518,2.7031,47.4606,BIEN,24.0126,0.830956,1.8603,5.5797,0.01784,0.148704,11.2184,640.0485,1,1,491.039,nan
closed_eye_1666.jpg_face_1,cerrado,B15,203.6868,0.020094,14.403,216.77,2.8008,46.8507,BIEN,23.7541,0.84743,1.945,6.4232,0.032913,0.132871,63.7955,561.2543,1,1,556.421,nan
closed_eye_1666.jpg_face_1,cerrado,B25,203.6868,0.020094,24.5393,221.1094,2.2383,46.1585,BIEN,21.8727,0.848755,2.1926,8.5536,0.025243,0.111316,25.6268,453.9816,1,1,546.717,nan
closed_eye_1666.jpg_face_1,cerrado,B40,203.6868,0.020094,39.5257,222.5059,2.4023,46.5246,BIEN,21.0619,0.847474,2.8032,9.2393,0.03471,0.040907,72.7406,103.5808,1,1,536.423,nan
closed_eye_1667.jpg_face_1,cerrado,B5,202.1052,0.088927,4.3942,197.4538,1.6769,41.8837,BIEN,19.1775,0.624971,2.384,2.3015,nan,nan,nan,nan,1,0,605.034,nan
closed_eye_1667.jpg_face_1,cerrado,B10,202.1052,0.088927,9.3295,217.332,0.7505,36.7542,BIEN,22.5588,0.806458,1.8303,7.5341,0.066971,nan,24.6905,nan,1,1,605.84,nan
closed_eye_1667.jpg_face_1,cerrado,B15,202.1052,0.088927,14.4202,216.9934,0.4969,34.9131,BIEN,23.2774,0.843806,1.9841,7.3666,0.101121,nan,13.7115,nan,1,1,607.017,nan
closed_eye_1667.jpg_face_1,cerrado,B25,202.1052,0.088927,24.4822,223.7456,0.6107,35.8742,BIEN,20.9943,0.858302,2.1616,10.7075,0.082636,0.071812,7.0749,19.2463,1,1,562.493,nan
closed_eye_1667.jpg_face_1,cerrado,B40,202.1052,0.088927,39.508,222.9297,0.6107,35.5648,BIEN,21.0241,0.872979,2.842,10.3038,0.09719,0.070679,9.291,20.521,1,1,597.907,nan
closed_eye_1670.jpg_face_1,cerrado,B5,170.3394,0.034984,4.4991,157.0476,10.4567,45.8743,BIEN,19.6895,0.637609,3.9461,7.8031,0.09314,nan,166.2328,nan,1,1,98.011,nan
closed_eye_1670.jpg_face_1,cerrado,B10,170.3394,0.034984,9.4042,180.4146,5.3692,47.1445,BIEN,25.0339,0.859323,3.281,5.9148,0.04268,0.168139,21.9974,380.6109,1,1,99.926,nan
closed_eye_1670.jpg_face_1,cerrado,B15,170.3394,0.034984,14.4363,183.4938,3.8996,44.2137,BIEN,24.2255,0.908422,3.2775,7.7225,0.038517,0.155022,10.099,343.1164,1,1,98.958,nan
closed_eye_1670.jpg_face_1,cerrado,B25,170.3394,0.034984,24.5013,189.4148,3.4618,45.3944,BIEN,22.2036,0.940454,3.5637,11.1984,0.032477,0.072176,7.1658,106.3103,1,1,98.003,nan
closed_eye_1670.jpg_face_1,cerrado,B40,170.3394,0.034984,39.4902,189.9537,4.0142,47.3725,BIEN,21.4293,0.944387,4.301,11.5148,0.034279,0.059035,2.0168,68.7472,1,1,93.726,nan
closed_eye_1670.jpg_face_2,cerrado,B5,150.1762,0.033619,4.4422,144.6929,14.5064,47.491,BIEN,20.8475,0.693234,4.7253,3.6512,nan,nan,nan,nan,1,0,85.085,nan
closed_eye_1670.jpg_face_2,cerrado,B10,150.1762,0.033619,9.3681,164.21,6.8206,48.8401,BIEN,23.054,0.867031,3.9775,9.3449,0.049368,0.184744,46.8436,449.5188,1,1,83.872,nan
closed_eye_1670.jpg_face_2,cerrado,B15,150.1762,0.033619,14.527,166.0402,6.3175,47.6437,BIEN,23.341,0.908704,4.2254,10.5636,0.045529,0.186042,35.4258,453.3772,1,1,82.355,nan
closed_eye_1670.jpg_face_2,cerrado,B25,150.1762,0.033619,24.4235,169.664,5.9453,47.6849,BIEN,21.748,0.944299,4.5548,12.9766,0.048404,0.12588,43.9768,274.4277,1,1,83.606,nan
closed_eye_1670.jpg_face_2,cerrado,B40,150.1762,0.033619,39.4875,169.2027,6.2681,48.687,BIEN,21.8639,0.952429,5.5204,12.6694,0.034295,0.08494,2.009,152.6515,1,1,82.292,nan
closed_eye_1671.jpg_face_1,cerrado,B5,180.4022,0.123128,4.3287,168.7039,13.5527,63.4692,BIEN,19.8792,0.684254,3.4405,6.4846,0.122296,nan,0.6757,nan,1,1,110.005,nan
closed_eye_1671.jpg_face_1,cerrado,B10,180.4022,0.123128,9.4764,181.494,11.9304,62.9286,BIEN,25.2261,0.756954,3.0579,0.6052,0.149215,0.223651,21.1868,81.6413,1,1,117.343,nan
closed_eye_1671.jpg_face_1,cerrado,B15,180.4022,0.123128,14.4674,190.1739,10.3822,63.3458,BIEN,24.5781,0.794814,2.9064,5.4166,0.119147,0.213734,3.2333,73.5875,1,1,114.028,nan
closed_eye_1671.jpg_face_1,cerrado,B25,180.4022,0.123128,24.5203,194.6887,9.3242,62.49,BIEN,22.7773,0.80167,3.1978,7.9192,0.115423,0.15369,6.2576,24.8213,1,1,116.907,nan
closed_eye_1671.jpg_face_1,cerrado,B40,180.4022,0.123128,39.4971,198.4577,8.5691,62.1162,BIEN,21.1507,0.800964,3.806,10.0085,0.122075,0.14587,0.8551,18.4702,1,1,114.634,nan
closed_eye_1674.BMP_face_1,cerrado,B5,85.7963,0.078228,4.6175,125.3704,40.2901,98.4577,BIEN,13.7268,0.725265,4.409,46.1257,0.100359,0.162329,28.2894,107.5068,1,1,292.039,nan
closed_eye_1674.BMP_face_1,cerrado,B10,85.7963,0.078228,9.6112,127.7635,39.5092,98.2743,BIEN,13.4562,0.739893,4.6684,48.915,0.101156,0.098331,29.3084,25.6971,1,1,290.85,nan
closed_eye_1674.BMP_face_1,cerrado,B15,85.7963,0.078228,14.6197,129.8073,39.0308,99.0037,BIEN,13.1302,0.73207,4.919,51.2971,0.113772,0.065844,45.4355,15.8314,1,1,294.048,nan
closed_eye_1674.BMP_face_1,cerrado,B25,85.7963,0.078228,24.6163,130.2716,38.7593,98.8218,BIEN,13.0895,0.727503,5.6913,51.8383,0.103416,0.063152,32.1974,19.2718,1,1,300.87,nan
closed_eye_1674.BMP_face_1,cerrado,B40,85.7963,0.078228,39.6134,130.2245,38.7237,98.6419,BIEN,13.1137,0.730165,7.0363,51.7834,0.088755,0.048055,13.4567,38.5711,1,1,303.288,nan
closed_eye_1679.BMP_face_1,cerrado,B5,125.9071,0.06694,4.4349,152.4863,28.654,85.1774,BIEN,17.3457,0.773402,3.523,21.1102,0.064945,0.182185,2.9804,172.1602,1,1,463.521,nan
closed_eye_1679.BMP_face_1,cerrado,B10,125.9071,0.06694,9.4769,144.4829,29.0415,77.1566,BIEN,20.5885,0.827354,4.3846,14.7536,0.062949,0.14506,5.9625,116.7008,1,1,488.448,nan
closed_eye_1679.BMP_face_1,cerrado,B15,125.9071,0.06694,14.5113,159.4762,26.0796,82.5563,BIEN,16.3905,0.808903,3.844,26.6617,0.061403,0.10792,8.2716,61.2187,1,1,466.287,nan
closed_eye_1679.BMP_face_1,cerrado,B25,125.9071,0.06694,24.5071,157.821,26.4221,81.4295,BIEN,16.8513,0.819211,4.5765,25.3471,0.054624,0.078871,18.399,17.8226,1,1,443.931,nan
closed_eye_1679.BMP_face_1,cerrado,B40,125.9071,0.06694,39.5031,157.6612,26.4048,81.1531,BIEN,16.8816,0.822525,5.6262,25.2203,0.059913,0.060928,10.4979,8.9824,1,1,447.768,nan
closed_eye_1680.jpg_face_1,cerrado,B5,42.4963,0.110913,4.4646,73.225,55.5002,52.9205,CRITICA,15.1854,0.732775,8.769,72.3093,0.120147,nan,8.3251,nan,1,1,2362.391,nan
closed_eye_1680.jpg_face_1,cerrado,B10,42.4963,0.110913,9.5119,77.7686,52.1182,52.7614,CRITICA,14.6536,0.727961,9.0731,83.001,nan,0.161798,nan,45.8776,1,0,2066.116,nan
closed_eye_1680.jpg_face_1,cerrado,B15,42.4963,0.110913,14.5568,77.1808,52.3674,51.4592,CRITICA,14.9436,0.746529,9.8903,81.618,nan,0.130715,nan,17.8533,1,0,2657.454,nan
closed_eye_1680.jpg_face_1,cerrado,B25,42.4963,0.110913,24.4988,78.2545,51.7622,51.6256,CRITICA,14.7801,0.737369,11.2798,84.1445,nan,0.114774,nan,3.4809,1,0,2589.332,nan
closed_eye_1680.jpg_face_1,cerrado,B40,42.4963,0.110913,39.5016,78.9388,51.2994,51.7944,CRITICA,14.6398,0.736115,13.9931,85.7546,nan,0.128465,nan,15.8246,1,0,2737.476,nan
closed_eye_1690.jpg_face_1,cerrado,B5,129.3817,0.03062,4.2118,155.2136,10.9174,55.9126,BIEN,18.6351,0.798577,4.4059,19.9657,0.047534,nan,55.2385,nan,1,1,933.445,nan
closed_eye_1690.jpg_face_1,cerrado,B10,129.3817,0.03062,9.5562,160.412,9.1074,52.8831,BIEN,17.5688,0.838476,4.2101,23.9836,0.026497,0.097039,13.4652,216.9098,1,1,927.988,nan
closed_eye_1690.jpg_face_1,cerrado,B15,129.3817,0.03062,14.4171,165.7494,8.405,53.897,BIEN,16.5974,0.854016,4.2107,28.1089,0.026493,0.067502,13.4774,120.4502,1,1,906.372,nan
closed_eye_1690.jpg_face_1,cerrado,B25,129.3817,0.03062,24.4921,161.8841,8.7025,52.4649,BIEN,17.4176,0.871717,5.0132,25.1214,0.019524,0.047161,36.2384,54.0194,1,1,941.62,nan
closed_eye_1690.jpg_face_1,cerrado,B40,129.3817,0.03062,39.474,159.2175,9.0,51.6654,BIEN,18.0155,0.880847,6.1798,23.0604,0.020688,0.041273,32.4384,34.7896,1,1,933.184,nan
closed_eye_1691.jpg_face_3,cerrado,B5,139.2967,0.150871,4.309,122.4321,23.0507,49.1554,BIEN,19.7411,0.706103,6.1341,12.1069,0.199042,nan,31.9289,nan,1,1,48.236,nan
closed_eye_1691.jpg_face_3,cerrado,B10,139.2967,0.150871,9.4562,147.9637,15.6462,53.739,BIEN,25.5828,0.868099,4.8228,6.2219,0.149144,0.186168,1.1447,23.3958,1,1,51.851,nan
closed_eye_1691.jpg_face_3,cerrado,B15,139.2967,0.150871,14.5487,156.2898,13.6055,54.9836,BIEN,22.5431,0.89329,4.6949,12.1992,0.11516,0.178182,23.6694,18.1024,1,1,47.919,nan
closed_eye_1691.jpg_face_3,cerrado,B25,139.2967,0.150871,24.4402,154.9178,13.2386,54.3097,BIEN,23.3818,0.930734,5.3905,11.2143,0.165045,0.176576,9.3949,17.0382,1,1,51.506,nan
closed_eye_1691.jpg_face_3,cerrado,B40,139.2967,0.150871,39.4868,153.8163,15.1801,56.433,BIEN,23.3493,0.942025,6.4782,10.4235,0.140156,0.169962,7.1019,12.6541,1,1,51.649,nan
closed_eye_1693.jpg_face_1,cerrado,B5,166.3063,0.061935,4.3412,150.3237,14.0493,55.9539,BIEN,19.1509,0.618651,4.3533,9.6104,nan,nan,nan,nan,1,0,263.838,nan
closed_eye_1693.jpg_face_1,cerrado,B10,166.3063,0.061935,9.3768,185.7618,5.8215,61.5498,BIEN,20.7188,0.782611,2.8708,11.6986,0.062611,0.178106,1.0912,187.569,1,1,231.321,nan
closed_eye_1693.jpg_face_1,cerrado,B15,166.3063,0.061935,14.4563,187.2184,5.5201,60.3128,BIEN,20.6713,0.833597,3.0396,12.5745,0.054876,0.148135,11.3972,139.1783,1,1,253.685,nan
closed_eye_1693.jpg_face_1,cerrado,B25,166.3063,0.061935,24.4685,186.2597,5.2079,59.1715,BIEN,21.1614,0.853931,3.5894,11.998,0.065964,0.073074,6.5054,17.9847,1,1,254.803,nan
closed_eye_1693.jpg_face_1,cerrado,B40,166.3063,0.061935,39.4931,186.3799,5.3804,60.0512,BIEN,20.9523,0.865278,4.4065,12.0703,0.069118,0.06861,11.5975,10.7775,1,1,239.074,nan
closed_eye_1702.BMP_face_1,cerrado,B5,148.8246,0.097039,4.3742,152.9132,21.8841,68.2121,BIEN,22.8511,0.755449,3.993,2.7473,0.121266,nan,24.9664,nan,1,1,760.977,nan
closed_eye_1702.BMP_face_1,cerrado,B10,148.8246,0.097039,9.3294,155.7323,22.8604,74.173,BIEN,23.2092,0.866307,4.1193,4.6415,0.104722,0.218558,7.9168,125.2261,1,1,871.688,nan
closed_eye_1702.BMP_face_1,cerrado,B15,148.8246,0.097039,14.4076,152.8299,25.4539,76.1244,BIEN,22.6392,0.87181,4.4006,2.6913,0.127495,0.216503,31.3847,123.1083,1,1,875.274,nan
closed_eye_1702.BMP_face_1,cerrado,B25,148.8246,0.097039,24.4817,155.9958,23.7605,75.581,BIEN,22.7473,0.894274,4.8794,4.8186,0.100835,0.167818,3.9118,72.938,1,1,856.458,nan
closed_eye_1702.BMP_face_1,cerrado,B40,148.8246,0.097039,39.4831,156.6047,23.9969,76.3385,BIEN,22.1981,0.893937,5.7953,5.2277,0.111723,0.152155,15.1319,56.7974,1,1,835.561,nan
closed_eye_1702.BMP_face_2,cerrado,B5,169.0847,0.113295,4.4306,165.2138,19.4772,72.8299,BIEN,22.944,0.808864,3.3172,2.2893,0.083451,nan,26.3417,nan,1,1,817.528,nan
closed_eye_1702.BMP_face_2,cerrado,B10,169.0847,0.113295,9.3541,175.8388,16.0371,76.488,BIEN,23.511,0.867446,3.0554,3.9945,0.104277,0.211365,7.9597,86.5617,1,1,831.117,nan
closed_eye_1702.BMP_face_2,cerrado,B15,169.0847,0.113295,14.437,177.1215,15.0172,74.8421,BIEN,24.1308,0.892848,3.2524,4.7531,0.087978,0.168213,22.3457,48.4739,1,1,827.541,nan
closed_eye_1702.BMP_face_2,cerrado,B25,169.0847,0.113295,24.4467,172.8518,19.4484,80.2967,BIEN,22.6711,0.885829,3.868,2.2279,0.102549,0.151184,9.4852,33.4428,1,1,823.723,nan
closed_eye_1702.BMP_face_2,cerrado,B40,169.0847,0.113295,39.4832,171.5492,20.2169,81.594,BIEN,22.3293,0.887174,4.778,1.4576,0.090113,0.124535,20.462,9.9209,1,1,805.023,nan
closed_eye_1705.jpg_face_1,cerrado,B5,146.151,0.037706,4.4839,127.9545,11.763,43.9818,BIEN,20.1113,0.671667,5.7177,12.4505,0.218044,nan,478.2819,nan,1,1,445.573,nan
closed_eye_1705.jpg_face_1,cerrado,B10,146.151,0.037706,9.5213,155.0828,8.8719,48.022,BIEN,25.1867,0.854787,4.4565,6.1114,0.040659,nan,7.8328,nan,1,1,510.647,nan
closed_eye_1705.jpg_face_1,cerrado,B15,146.151,0.037706,14.4365,163.482,7.9401,48.637,BIEN,22.377,0.898509,4.242,11.8583,0.071397,nan,89.3554,nan,1,1,507.048,nan
closed_eye_1705.jpg_face_1,cerrado,B25,146.151,0.037706,24.5134,173.4979,7.3236,50.228,BIEN,18.9378,0.926551,4.2751,18.7114,0.036397,0.126757,3.4715,236.1752,1,1,491.86,nan
closed_eye_1705.jpg_face_1,cerrado,B40,146.151,0.037706,39.4844,173.761,7.2137,49.9851,BIEN,18.867,0.940944,5.1697,18.8915,0.053559,0.091843,42.0463,143.5809,1,1,503.778,nan
closed_eye_1711.jpg_face_1,cerrado,B5,114.8169,0.069844,4.5034,144.051,33.5333,86.8226,BIEN,16.4933,0.833311,3.892,25.4615,0.097082,nan,38.998,nan,1,1,255.65,nan
closed_eye_1711.jpg_face_1,cerrado,B10,114.8169,0.069844,9.497,143.8765,33.6193,88.0503,BIEN,16.3835,0.887154,4.1736,25.3096,0.083002,0.150153,18.8392,114.9826,1,1,271.976,nan
closed_eye_1711.jpg_face_1,cerrado,B15,114.8169,0.069844,14.4984,148.6157,32.5751,87.469,BIEN,15.6242,0.900459,4.2807,29.4372,0.077768,0.124258,11.3446,77.907,1,1,266.354,nan
closed_eye_1711.jpg_face_1,cerrado,B25,114.8169,0.069844,24.4925,146.6377,32.8597,87.382,BIEN,15.9945,0.90986,5.0466,27.7144,0.072495,0.083704,3.7957,19.8434,1,1,267.051,nan
closed_eye_1711.jpg_face_1,cerrado,B40,114.8169,0.069844,39.4888,147.4086,32.8167,87.7005,BIEN,15.8111,0.907946,6.0978,28.3858,0.080121,0.075167,14.7133,7.6213,1,1,270.739,nan
closed_eye_1730.jpg_face_1,cerrado,B5,65.6412,0.099633,4.5426,91.1674,51.8169,69.6806,BIEN,17.4765,0.847036,7.396,38.8875,nan,0.165864,nan,66.4753,1,0,2396.358,nan
closed_eye_1730.jpg_face_1,cerrado,B10,65.6412,0.099633,9.5604,93.9434,48.9867,68.6738,BIEN,17.1082,0.84175,7.777,43.1166,nan,0.161319,nan,61.914,1,0,2523.978,nan
closed_eye_1730.jpg_face_1,cerrado,B15,65.6412,0.099633,14.5475,95.3232,47.9385,68.6193,BIEN,16.848,0.834639,8.22,45.2186,nan,0.143102,nan,43.6298,1,0,2681.684,nan
closed_eye_1730.jpg_face_1,cerrado,B25,65.6412,0.099633,24.5412,95.653,47.659,68.2545,BIEN,16.8313,0.833844,9.3889,45.7211,nan,0.127936,nan,28.4077,1,0,2513.826,nan
closed_eye_1730.jpg_face_1,cerrado,B40,65.6412,0.099633,39.5461,95.8218,47.4144,68.2637,BIEN,16.7928,0.831849,11.4755,45.9782,nan,0.113466,nan,13.8838,1,0,2450.98,nan
closed_eye_1740.jpg_face_1,cerrado,B5,200.6218,0.069925,4.4403,170.2886,2.1927,37.2081,BIEN,16.3319,0.675416,3.4951,15.1196,nan,nan,nan,nan,1,0,61.799,nan
closed_eye_1740.jpg_face_1,cerrado,B10,200.6218,0.069925,9.3643,208.3128,0.687,34.0443,BIEN,24.9702,0.77649,2.1441,3.8336,0.065973,nan,5.6525,nan,1,1,63.479,nan
closed_eye_1740.jpg_face_1,cerrado,B15,200.6218,0.069925,14.5637,213.1789,0.6058,33.0236,BIEN,24.0261,0.812271,2.0866,6.2591,0.063076,0.10283,9.7945,47.0573,1,1,62.284,nan
closed_eye_1740.jpg_face_1,cerrado,B25,200.6218,0.069925,24.4842,213.9137,1.0029,34.3559,BIEN,23.9482,0.837715,2.515,6.6253,0.064979,0.06737,7.073,3.6536,1,1,61.471,nan
closed_eye_1740.jpg_face_1,cerrado,B40,200.6218,0.069925,39.4658,216.8839,0.8739,33.4799,BIEN,22.3471,0.847748,3.0618,8.1058,0.06357,0.059815,9.0883,14.4581,1,1,62.192,nan
closed_eye_1745.jpg_face_3,cerrado,B5,159.1975,0.078266,4.2707,160.6949,3.6761,38.524,BIEN,21.0207,0.701197,4.2655,0.9406,nan,nan,nan,nan,1,0,612.52,nan
closed_eye_1745.jpg_face_3,cerrado,B10,159.1975,0.078266,9.432,171.9178,3.2158,38.2707,BIEN,23.528,0.814348,3.6988,7.9902,0.089421,nan,14.252,nan,1,1,616.941,nan
closed_eye_1745.jpg_face_3,cerrado,B15,159.1975,0.078266,14.4869,172.7353,3.1856,38.7749,BIEN,24.2079,0.855951,3.9316,8.5038,nan,nan,nan,nan,1,0,681.617,nan
closed_eye_1745.jpg_face_3,cerrado,B25,159.1975,0.078266,24.5047,178.5086,3.0402,38.4695,BIEN,22.0038,0.875555,4.1829,12.1303,0.078461,nan,0.2489,nan,1,1,694.3,nan
closed_eye_1745.jpg_face_3,cerrado,B40,159.1975,0.078266,39.4838,179.8916,3.0463,38.7759,BIEN,21.3831,0.878534,4.9918,12.999,nan,0.069053,nan,11.7722,1,0,690.179,nan
closed_eye_1750.jpg_face_2,cerrado,B5,165.1803,0.04887,4.353,165.8726,16.1389,69.7334,BIEN,22.5129,0.814604,3.7048,0.4191,0.050428,nan,3.1888,nan,1,1,560.947,nan
closed_eye_1750.jpg_face_2,cerrado,B10,165.1803,0.04887,9.4621,172.1895,14.6075,68.0851,BIEN,25.7783,0.861646,3.5922,4.2434,0.037667,0.105637,22.9235,116.1593,1,1,616.143,nan
closed_eye_1750.jpg_face_2,cerrado,B15,165.1803,0.04887,14.464,180.7782,14.0534,70.3809,BIEN,23.0043,0.895716,3.4334,9.443,0.048847,0.066141,0.0467,35.341,1,1,608.902,nan
closed_eye_1750.jpg_face_2,cerrado,B25,165.1803,0.04887,24.5093,183.0626,13.6075,69.6697,BIEN,22.057,0.904631,3.8337,10.8259,0.03884,0.037672,20.5241,22.913,1,1,596.944,nan
closed_eye_1750.jpg_face_2,cerrado,B40,165.1803,0.04887,39.4792,185.2473,13.2922,68.7676,BIEN,21.3366,0.911401,4.5916,12.1486,0.05669,0.038314,16.0013,21.6012,1,1,605.4,nan
closed_eye_1756.jpg_face_1,cerrado,B5,125.9161,0.058276,4.3869,126.9518,21.994,49.3341,BIEN,22.1474,0.697136,5.6632,0.8226,0.057455,0.181589,1.4089,211.5986,1,1,152.502,nan
closed_eye_1756.jpg_face_1,cerrado,B10,125.9161,0.058276,9.5076,138.7766,17.0542,49.1213,BIEN,23.3411,0.836188,5.3732,10.2135,0.069794,0.129023,19.7639,121.3977,1,1,177.844,nan
closed_eye_1756.jpg_face_1,cerrado,B15,125.9161,0.058276,14.4897,142.2191,15.073,47.6992,BIEN,22.2681,0.860111,5.4221,12.9475,0.05456,0.102838,6.3768,76.4651,1,1,175.846,nan
closed_eye_1756.jpg_face_1,cerrado,B25,125.9161,0.058276,24.5083,145.3207,13.9494,48.4316,BIEN,21.5803,0.871317,5.9827,15.4108,0.056131,0.074209,3.6811,27.339,1,1,165.489,nan
closed_eye_1756.jpg_face_1,cerrado,B40,125.9161,0.058276,39.4743,141.9017,15.602,48.2131,BIEN,22.7381,0.882836,7.3498,12.6954,0.052843,0.063581,9.3233,9.1032,1,1,172.825,nan
closed_eye_1761.jpg_face_1,cerrado,B5,92.7539,0.176928,4.5464,102.4211,41.526,65.0602,BIEN,21.6854,0.809158,6.4369,10.4224,nan,nan,nan,nan,1,0,2282.063,nan
closed_eye_1761.jpg_face_1,cerrado,B10,92.7539,0.176928,9.4643,102.0766,41.4935,61.2084,BIEN,23.4826,0.855231,7.0388,10.051,nan,0.204981,nan,15.8557,1,0,2770.083,nan
closed_eye_1761.jpg_face_1,cerrado,B15,92.7539,0.176928,14.4682,105.5601,37.2078,62.2229,BIEN,22.2193,0.858098,7.2068,13.8066,0.180761,0.186936,2.1662,5.6564,1,1,2669.514,nan
closed_eye_1761.jpg_face_1,cerrado,B25,92.7539,0.176928,24.4812,104.0166,38.7013,61.3631,BIEN,22.8752,0.865045,8.3505,12.1425,0.179693,0.177944,1.5627,0.5741,1,1,2346.316,nan
closed_eye_1761.jpg_face_1,cerrado,B40,92.7539,0.176928,39.4916,105.5286,37.7922,62.7373,BIEN,22.1647,0.865858,9.9322,13.7727,nan,0.144522,nan,18.3157,1,0,2602.134,nan
closed_eye_1766.jpg_face_2,cerrado,B5,111.7188,0.01997,4.5372,114.9222,33.0918,76.9896,BIEN,23.8455,0.699996,5.55,2.8674,0.036589,0.118268,83.2212,492.2246,1,1,287.546,nan
closed_eye_1766.jpg_face_2,cerrado,B10,111.7188,0.01997,9.484,120.4674,31.6918,77.6118,BIEN,25.5207,0.84678,5.7069,7.831,0.029702,0.087765,48.7322,339.4815,1,1,310.039,nan
closed_eye_1766.jpg_face_2,cerrado,B15,111.7188,0.01997,14.5185,123.9328,31.3025,78.1815,BIEN,23.7244,0.886443,5.8211,10.9328,0.036976,0.054332,85.1569,172.0646,1,1,309.31,nan
closed_eye_1766.jpg_face_2,cerrado,B25,111.7188,0.01997,24.5083,126.9988,31.0211,79.0904,BIEN,22.6147,0.918318,6.4597,13.6772,0.032117,0.033023,60.8261,65.3622,1,1,303.702,nan
closed_eye_1766.jpg_face_2,cerrado,B40,111.7188,0.01997,39.4711,128.9602,30.885,79.5282,BIEN,21.7978,0.939979,7.6782,15.4328,0.03651,0.032163,82.8249,61.0557,1,1,312.686,nan
closed_eye_1776.jpg_face_3,cerrado,B5,187.8641,0.113083,4.3089,171.4113,0.0066,44.9052,BIEN,18.328,0.718741,3.3941,8.7578,0.134089,nan,18.5758,nan,1,1,91.416,nan
closed_eye_1776.jpg_face_3,cerrado,B10,187.8641,0.113083,9.4275,202.3156,0.0,44.7513,BIEN,19.887,0.742876,2.1486,7.6925,nan,nan,nan,nan,1,0,106.619,nan
closed_eye_1776.jpg_face_3,cerrado,B15,187.8641,0.113083,14.5198,189.6375,0.1092,49.4887,BIEN,20.2626,0.778551,2.9324,0.944,0.109073,nan,3.5461,nan,1,1,107.622,nan
closed_eye_1776.jpg_face_3,cerrado,B25,187.8641,0.113083,24.4761,183.966,3.9737,56.1237,BIEN,18.8371,0.834599,3.61,2.075,0.091942,0.215257,18.6953,90.3529,1,1,107.061,nan
closed_eye_1776.jpg_face_3,cerrado,B40,187.8641,0.113083,39.4759,178.4468,8.151,57.2008,BIEN,18.291,0.865897,4.6639,5.0129,0.10518,0.176794,6.9887,56.34,1,1,107.166,nan
closed_eye_1777.jpg_face_1,cerrado,B5,129.1791,0.043959,4.3545,121.781,27.7208,63.1302,BIEN,21.715,0.715353,5.8537,5.7271,0.053738,nan,22.2454,nan,1,1,107.448,nan
closed_eye_1777.jpg_face_1,cerrado,B10,129.1791,0.043959,9.3778,143.127,25.6229,67.5192,BIEN,22.3777,0.838127,4.6712,10.7973,0.045064,0.160609,2.5134,265.3574,1,1,108.414,nan
closed_eye_1777.jpg_face_1,cerrado,B15,129.1791,0.043959,14.5109,143.7812,25.6792,66.4907,BIEN,23.136,0.914255,5.0216,11.3037,0.040872,0.092297,7.0232,109.9601,1,1,109.279,nan
closed_eye_1777.jpg_face_1,cerrado,B25,129.1791,0.043959,24.4982,147.652,25.1118,66.7643,BIEN,21.6219,0.939155,5.4553,14.3002,0.035145,0.076864,20.0518,74.8525,1,1,105.51,nan
closed_eye_1777.jpg_face_1,cerrado,B40,129.1791,0.043959,39.5176,149.8023,24.938,67.4708,BIEN,20.9134,0.949059,6.4546,15.9648,0.042873,0.057719,2.471,31.3017,1,1,106.751,nan
closed_eye_1789.jpg_face_1,cerrado,B5,118.0812,0.055401,4.4874,159.6384,10.4336,52.5968,BIEN,14.586,0.715131,3.8659,35.1938,nan,nan,nan,nan,1,0,1386.386,nan
closed_eye_1789.jpg_face_1,cerrado,B10,118.0812,0.055401,9.3887,146.2176,12.0446,45.6981,BIEN,18.194,0.873354,4.9161,23.828,0.146812,nan,164.9974,nan,1,1,1255.65,nan
closed_eye_1789.jpg_face_1,cerrado,B15,118.0812,0.055401,14.4544,146.6777,12.978,48.8107,BIEN,17.7444,0.868605,5.1452,24.2177,0.05062,0.188716,8.6301,240.6355,1,1,1316.136,nan
closed_eye_1789.jpg_face_1,cerrado,B25,118.0812,0.055401,24.4851,149.0828,12.5866,49.1521,BIEN,17.0517,0.876487,5.6106,26.2545,0.075873,0.212207,36.9518,283.0355,1,1,1420.253,nan
closed_eye_1789.jpg_face_1,cerrado,B40,118.0812,0.055401,39.4902,145.4447,13.6555,49.646,BIEN,17.756,0.888154,6.935,23.1736,0.076201,0.16829,37.5446,203.7654,1,1,1076.31,nan
closed_eye_1796.jpg_face_1,cerrado,B5,124.9891,0.097125,4.4168,123.594,27.7854,65.5781,BIEN,22.9718,0.72046,5.6265,1.1162,nan,nan,nan,nan,1,0,1430.206,nan
closed_eye_1796.jpg_face_1,cerrado,B10,124.9891,0.097125,9.39,141.0022,25.974,69.5639,BIEN,21.7334,0.813777,4.8108,12.8116,0.061743,0.144289,36.4293,48.5608,1,1,1515.152,nan
closed_eye_1796.jpg_face_1,cerrado,B15,124.9891,0.097125,14.5021,145.3373,25.6323,70.1792,BIEN,20.1709,0.839698,4.8544,16.28,0.073007,0.138425,24.8316,42.5231,1,1,1534.919,nan
closed_eye_1796.jpg_face_1,cerrado,B25,124.9891,0.097125,24.589,145.4368,25.5297,68.4994,BIEN,20.739,0.873947,5.6076,16.3596,0.069712,0.087234,28.2241,10.1835,1,1,1515.381,nan
closed_eye_1796.jpg_face_1,cerrado,B40,124.9891,0.097125,39.4906,147.3349,25.4272,69.4108,BIEN,20.0234,0.877344,6.6157,17.8783,0.077215,0.104314,20.499,7.4019,1,1,1520.219,nan
closed_eye_1804.jpg_face_1,cerrado,B5,113.3976,0.079045,4.4366,151.9019,11.2847,61.7782,BIEN,15.0571,0.722721,4.1783,33.9552,0.097472,nan,23.3116,nan,1,1,3034.902,nan
closed_eye_1804.jpg_face_1,cerrado,B10,113.3976,0.079045,9.4661,153.5586,10.7205,62.4746,BIEN,14.7774,0.79765,4.2964,35.4161,0.117569,0.19274,48.7375,143.8363,1,1,2933.412,nan
closed_eye_1804.jpg_face_1,cerrado,B15,113.3976,0.079045,14.5082,162.2023,7.8125,61.4003,BIEN,13.6002,0.791199,4.183,43.0386,0.114452,0.140676,44.7942,77.9699,1,1,3171.582,nan
closed_eye_1804.jpg_face_1,cerrado,B25,113.3976,0.079045,24.5,164.0998,7.9861,61.4355,BIEN,13.2407,0.791773,4.6541,44.7119,0.119219,0.099642,50.8249,26.0573,1,1,3180.662,nan
closed_eye_1804.jpg_face_1,cerrado,B40,113.3976,0.079045,39.48,161.786,8.3767,62.4804,BIEN,13.5003,0.797436,5.7457,42.6715,0.11281,0.089021,42.7165,12.6212,1,1,2947.244,nan
closed_eye_1806.jpg_face_1,cerrado,B5,85.3218,0.050461,4.4641,101.4905,36.4367,51.1179,BIEN,19.6191,0.735746,6.9631,18.9503,nan,nan,nan,nan,1,0,3139.718,nan
closed_eye_1806.jpg_face_1,cerrado,B10,85.3218,0.050461,9.4792,107.2977,32.845,50.2448,BIEN,19.0193,0.768248,7.0516,25.7565,nan,0.153403,nan,204.0041,1,0,3174.603,nan
closed_eye_1806.jpg_face_1,cerrado,B15,85.3218,0.050461,14.5095,106.88,33.2231,49.1069,BIEN,19.3864,0.778736,7.5824,25.2668,nan,0.106126,nan,110.3135,1,0,2960.331,nan
closed_eye_1806.jpg_face_1,cerrado,B25,85.3218,0.050461,24.5033,108.0657,31.8998,48.9843,BIEN,19.1498,0.77632,8.4929,26.6565,nan,0.085057,nan,68.5596,1,0,3148.615,nan
closed_eye_1806.jpg_face_1,cerrado,B40,85.3218,0.050461,39.4802,107.3492,32.5142,48.7175,BIEN,19.3777,0.781272,10.2886,25.8169,nan,0.082398,nan,63.2915,1,0,3255.209,nan
closed_eye_1807.jpg_face_1,cerrado,B5,152.4319,0.057893,4.3633,147.7756,24.2677,73.1529,BIEN,21.0361,0.749983,4.313,3.0547,0.120602,nan,108.3195,nan,1,1,2145.923,nan
closed_eye_1807.jpg_face_1,cerrado,B10,152.4319,0.057893,9.4386,163.4577,21.7952,74.7292,BIEN,23.0438,0.770599,3.6384,7.2333,0.072306,0.198769,24.8966,243.3385,1,1,2172.968,nan
closed_eye_1807.jpg_face_1,cerrado,B15,152.4319,0.057893,14.4579,165.6904,21.5802,74.2096,BIEN,23.0626,0.800866,3.842,8.698,0.072669,0.149099,25.5229,157.5418,1,1,1951.6,nan
closed_eye_1807.jpg_face_1,cerrado,B25,152.4319,0.057893,24.5026,169.9342,20.8546,74.742,BIEN,21.2347,0.790487,4.1841,11.482,0.061952,0.107006,7.0117,84.8339,1,1,2159.827,nan
closed_eye_1807.jpg_face_1,cerrado,B40,152.4319,0.057893,39.4692,171.0441,20.8277,74.8773,BIEN,20.9531,0.791585,5.085,12.2102,0.093448,0.095394,61.4147,64.7764,1,1,2102.165,nan
closed_eye_1808.jpg_face_1,cerrado,B5,121.1732,0.027062,4.3548,116.0169,38.0582,71.5768,BIEN,23.8218,0.738097,5.9137,4.2554,0.034242,0.172179,26.5344,536.2476,1,1,373.594,nan
closed_eye_1808.jpg_face_1,cerrado,B10,121.1732,0.027062,9.4291,128.664,35.8813,74.5146,BIEN,25.2129,0.848982,5.4373,6.1819,0.02951,0.107259,9.0467,296.3511,1,1,421.408,nan
closed_eye_1808.jpg_face_1,cerrado,B15,121.1732,0.027062,14.4566,131.1273,35.3143,74.3045,BIEN,24.337,0.851767,5.6197,8.2147,0.025696,0.059099,5.0464,118.3879,1,1,408.08,nan
closed_eye_1808.jpg_face_1,cerrado,B25,121.1732,0.027062,24.45,134.5564,34.7297,75.8126,BIEN,22.9973,0.86014,6.1542,11.0447,0.027236,0.038351,0.6453,41.7172,1,1,424.358,nan
closed_eye_1808.jpg_face_1,cerrado,B40,121.1732,0.027062,39.4521,136.0538,34.621,76.9398,BIEN,22.185,0.862441,7.2782,12.2804,0.021711,0.039216,19.7724,44.9129,1,1,412.031,nan
closed_eye_1810.jpg_face_1,cerrado,B5,160.9389,0.050376,4.3929,164.3033,10.7741,53.5176,BIEN,20.7226,0.707435,3.6263,2.0905,nan,nan,nan,nan,1,0,2600.104,nan
closed_eye_1810.jpg_face_1,cerrado,B10,160.9389,0.050376,9.4178,169.0715,7.9221,51.9576,BIEN,23.9757,0.807194,3.7002,5.0532,nan,nan,nan,nan,1,0,3132.832,nan
closed_eye_1810.jpg_face_1,cerrado,B15,160.9389,0.050376,14.4975,175.4753,8.1485,54.8775,BIEN,22.155,0.803571,3.6707,9.0323,nan,0.146996,nan,191.7993,1,0,3314.551,nan
closed_eye_1810.jpg_face_1,cerrado,B25,160.9389,0.050376,24.4559,172.4002,8.6917,54.7216,BIEN,22.9824,0.815722,4.3146,7.1215,nan,0.068239,nan,35.4609,1,0,3210.273,nan
closed_eye_1810.jpg_face_1,cerrado,B40,160.9389,0.050376,39.4943,176.4409,7.6958,54.6933,BIEN,21.7652,0.805605,5.0356,9.6323,nan,0.055396,nan,9.9658,1,0,2993.116,nan
closed_eye_1820.jpg_face_1,cerrado,B5,173.7922,0.091552,4.4073,184.614,18.0462,88.287,BIEN,19.5165,0.681777,2.228,6.2268,0.06089,nan,33.4911,nan,1,1,824.47,nan
closed_eye_1820.jpg_face_1,cerrado,B10,173.7922,0.091552,9.3695,186.1076,17.1779,85.6695,BIEN,21.0957,0.749514,2.462,7.0862,0.09443,0.171515,3.1431,87.3404,1,1,825.832,nan
closed_eye_1820.jpg_face_1,cerrado,B15,173.7922,0.091552,14.4081,191.3047,16.4916,84.532,BIEN,20.1645,0.770316,2.5055,10.0767,0.065544,0.159375,28.4081,74.0803,1,1,834.446,nan
closed_eye_1820.jpg_face_1,cerrado,B25,173.7922,0.091552,24.4649,192.0159,16.1975,83.7868,BIEN,19.9325,0.774788,2.9683,10.4859,0.062713,0.160994,31.5,75.8485,1,1,829.531,nan
closed_eye_1820.jpg_face_1,cerrado,B40,173.7922,0.091552,39.5115,193.281,16.0854,83.9361,BIEN,19.4722,0.768347,3.7153,11.2138,0.067273,0.108825,26.5202,18.8666,1,1,819.068,nan
closed_eye_1841.jpg_face_1,cerrado,B5,164.3924,0.076392,4.3823,162.8708,12.6315,56.2212,BIEN,21.5414,0.648708,3.6651,0.9256,nan,nan,nan,nan,1,0,376.209,nan
closed_eye_1841.jpg_face_1,cerrado,B10,164.3924,0.076392,9.3938,178.0195,7.9662,57.3109,BIEN,23.0499,0.830373,3.2467,8.2893,0.077892,0.183627,1.9636,140.3749,1,1,387.702,nan
closed_eye_1841.jpg_face_1,cerrado,B15,164.3924,0.076392,14.3522,182.9813,7.0644,57.199,BIEN,21.8203,0.870135,3.227,11.3076,0.071635,0.117686,6.2266,54.0549,1,1,388.018,nan
closed_eye_1841.jpg_face_1,cerrado,B25,164.3924,0.076392,24.5011,186.4192,6.5239,56.7795,BIEN,20.6436,0.882037,3.5775,13.3989,0.078461,0.080187,2.7086,4.9678,1,1,389.909,nan
closed_eye_1841.jpg_face_1,cerrado,B40,164.3924,0.076392,39.4825,190.1191,6.2897,57.2664,BIEN,19.318,0.886295,4.1994,15.6495,0.073888,0.081511,3.2775,6.7014,1,1,390.793,nan
closed_eye_1842.jpg_face_1,cerrado,B5,119.142,0.075988,4.5388,120.1209,37.5667,66.3121,BIEN,22.9335,0.728362,5.6922,0.8216,0.128983,0.1866,69.7406,145.5639,1,1,276.457,nan
closed_eye_1842.jpg_face_1,cerrado,B10,119.142,0.075988,9.4296,127.7802,32.0399,63.2175,BIEN,25.8173,0.874035,5.5921,7.2504,0.084011,0.170544,10.5575,124.4349,1,1,287.994,nan
closed_eye_1842.jpg_face_1,cerrado,B15,119.142,0.075988,14.446,130.7676,31.3257,64.6802,BIEN,24.5598,0.888934,5.755,9.7578,0.084454,0.146091,11.1405,92.2546,1,1,283.583,nan
closed_eye_1842.jpg_face_1,cerrado,B25,119.142,0.075988,24.4801,135.0155,29.47,65.8204,BIEN,22.4249,0.902372,6.2053,13.3232,0.08265,0.134604,8.7668,77.1382,1,1,281.001,nan
closed_eye_1842.jpg_face_1,cerrado,B40,119.142,0.075988,39.5037,135.8564,29.49,66.1464,BIEN,22.0621,0.906121,7.4096,14.029,0.075805,0.096416,0.2414,26.8822,1,1,304.062,nan
closed_eye_1843.jpg_face_1,cerrado,B5,134.8597,0.03002,4.2881,130.3926,19.7078,59.2328,BIEN,23.4134,0.767258,5.5937,3.3124,0.035006,nan,16.6072,nan,1,1,91.119,nan
closed_eye_1843.jpg_face_1,cerrado,B10,134.8597,0.03002,9.5752,150.4003,15.6963,62.1426,BIEN,22.1974,0.855327,4.6082,11.5236,0.03903,0.106781,30.0124,255.699,1,1,99.506,nan
closed_eye_1843.jpg_face_1,cerrado,B15,134.8597,0.03002,14.5516,152.0004,14.5393,60.7516,BIEN,22.4373,0.904505,4.8795,12.7101,0.028542,0.075967,4.9234,153.0549,1,1,101.797,nan
closed_eye_1843.jpg_face_1,cerrado,B25,134.8597,0.03002,24.5043,156.6729,13.9076,61.1227,BIEN,20.6679,0.930054,5.2329,16.1747,0.028684,0.056998,4.4498,89.8673,1,1,97.947,nan
closed_eye_1843.jpg_face_1,cerrado,B40,134.8597,0.03002,39.5068,156.6446,13.9574,60.9867,BIEN,20.7069,0.941813,6.286,16.1537,0.019953,0.030544,33.5354,1.7436,1,1,99.733,nan
closed_eye_1849.jpg_face_1,cerrado,B5,141.4833,0.077106,4.2917,138.8751,23.6897,68.749,BIEN,22.6127,0.738865,4.9512,1.8435,0.069208,nan,10.2428,nan,1,1,488.52,nan
closed_eye_1849.jpg_face_1,cerrado,B10,141.4833,0.077106,9.4628,158.2914,19.9676,72.619,BIEN,21.1373,0.804555,4.0609,11.8799,0.07849,0.146106,1.795,89.4883,1,1,460.936,nan
closed_eye_1849.jpg_face_1,cerrado,B15,141.4833,0.077106,14.5295,166.3057,18.86,73.338,BIEN,19.3298,0.847203,3.9638,17.5444,0.083207,0.080216,7.9135,4.0333,1,1,541.565,nan
closed_eye_1849.jpg_face_1,cerrado,B25,141.4833,0.077106,24.4948,168.5817,18.3537,73.0682,BIEN,18.6547,0.860319,4.4178,19.153,0.085711,0.072517,11.1609,5.9519,1,1,534.645,nan
closed_eye_1849.jpg_face_1,cerrado,B40,141.4833,0.077106,39.4832,168.4915,18.3497,72.5379,BIEN,18.7223,0.872518,5.3748,19.0893,0.078974,0.072699,2.4235,5.7148,1,1,479.088,nan
closed_eye_1850.jpg_face_1,cerrado,B5,86.8038,0.037534,4.5612,122.0627,34.3195,82.5545,BIEN,13.9742,0.776555,4.7531,40.6191,0.022207,nan,40.8359,nan,1,1,1298.196,nan
closed_eye_1850.jpg_face_1,cerrado,B10,86.8038,0.037534,9.4443,124.8566,33.2544,78.9046,BIEN,14.6182,0.826561,5.2809,43.8377,0.03462,0.091844,7.7644,144.6915,1,1,2017.349,nan
closed_eye_1850.jpg_face_1,cerrado,B15,86.8038,0.037534,14.475,125.1915,33.1598,76.6393,BIEN,14.7872,0.841149,5.6936,44.2235,0.042149,0.050479,12.2946,34.4881,1,1,1979.414,nan
closed_eye_1850.jpg_face_1,cerrado,B25,86.8038,0.037534,24.5143,125.503,33.2781,76.6828,BIEN,14.6478,0.844097,6.4582,44.5824,0.027546,0.026266,26.6108,30.0217,1,1,2038.736,nan
closed_eye_1850.jpg_face_1,cerrado,B40,86.8038,0.037534,39.4736,126.0021,33.1124,76.5194,BIEN,14.5216,0.843028,7.7949,45.1574,0.025594,0.031159,31.812,16.9858,1,1,2039.568,nan
closed_eye_1856.jpg_face_1,cerrado,B5,61.3679,0.09655,4.4598,109.4769,34.9472,50.3265,BIEN,13.1326,0.680116,6.8954,78.3945,0.115997,0.193485,20.1414,100.3978,1,1,249.756,nan
closed_eye_1856.jpg_face_1,cerrado,B10,61.3679,0.09655,9.4169,119.6328,18.4691,49.7986,BIEN,12.1735,0.722565,6.6893,94.9437,0.09748,0.114952,0.9625,19.0595,1,1,236.546,nan
closed_eye_1856.jpg_face_1,cerrado,B15,61.3679,0.09655,14.4803,123.7398,16.9402,51.7888,BIEN,11.5922,0.716421,6.7711,101.6361,0.099895,0.102339,3.4636,5.995,1,1,226.804,nan
closed_eye_1856.jpg_face_1,cerrado,B25,61.3679,0.09655,24.4276,122.0532,18.9472,52.8969,BIEN,11.6504,0.739355,7.6326,98.8877,0.097756,0.098669,1.2484,2.1941,1,1,257.228,nan
closed_eye_1856.jpg_face_1,cerrado,B40,61.3679,0.09655,39.4697,119.9277,20.401,53.0849,BIEN,11.8674,0.759927,9.2225,95.4242,0.100852,0.096773,4.4553,0.2309,1,1,250.796,nan
closed_eye_1858.jpg_face_2,cerrado,B5,120.0534,0.067334,4.4358,136.4756,24.311,73.925,BIEN,18.8117,0.735892,4.5139,13.679,0.053169,nan,21.037,nan,1,1,985.222,nan
closed_eye_1858.jpg_face_2,cerrado,B10,120.0534,0.067334,9.4164,147.1661,22.9013,74.0888,BIEN,17.9065,0.852201,4.371,22.5838,0.04718,0.161635,29.9313,140.0488,1,1,1115.449,nan
closed_eye_1858.jpg_face_2,cerrado,B15,120.0534,0.067334,14.4434,147.4761,22.733,72.5277,BIEN,18.1994,0.874424,4.7315,22.8421,0.04318,0.137919,35.8726,104.8272,1,1,1104.362,nan
closed_eye_1858.jpg_face_2,cerrado,B25,120.0534,0.067334,24.4798,147.6666,22.4805,71.1155,BIEN,18.1635,0.895312,5.3806,23.0008,0.050642,0.113409,24.7898,68.4271,1,1,1098.298,nan
closed_eye_1858.jpg_face_2,cerrado,B40,120.0534,0.067334,39.3724,150.3165,22.3648,72.1103,BIEN,17.4562,0.891981,6.3066,25.208,0.056448,0.092806,16.1675,37.8285,1,1,1119.946,nan
closed_eye_1866.jpg_face_1,cerrado,B5,181.9552,0.069788,4.4591,171.6028,19.2573,83.038,BIEN,21.2462,0.720169,2.916,5.6896,0.072391,nan,3.7302,nan,1,1,585.686,nan
closed_eye_1866.jpg_face_1,cerrado,B10,181.9552,0.069788,9.3814,197.2283,18.0,87.1225,BIEN,22.4854,0.849871,2.0183,8.3939,0.093228,nan,33.5866,nan,1,1,544.9,nan
closed_eye_1866.jpg_face_1,cerrado,B15,181.9552,0.069788,14.3585,200.7225,17.9105,87.3456,BIEN,21.1391,0.886787,2.0801,10.3142,0.097552,nan,39.7839,nan,1,1,586.717,nan
closed_eye_1866.jpg_face_1,cerrado,B25,181.9552,0.069788,24.4184,203.5019,17.6286,85.9007,BIEN,20.0797,0.884382,2.4425,11.8418,0.105438,0.129029,51.0834,84.8866,1,1,599.018,nan
closed_eye_1866.jpg_face_1,cerrado,B40,181.9552,0.069788,39.4843,202.7119,17.745,87.6999,BIEN,19.9729,0.88213,3.1995,11.4076,0.082441,0.082413,18.1304,18.0898,1,1,573.789,nan
closed_eye_1868.jpg_face_1,cerrado,B5,119.7518,0.022748,4.3818,137.0324,30.5062,80.1654,BIEN,19.7188,0.804056,4.681,14.4303,0.132583,nan,482.8391,nan,1,1,1473.188,nan
closed_eye_1868.jpg_face_1,cerrado,B10,119.7518,0.022748,9.5643,137.3373,29.1091,73.9701,BIEN,20.655,0.870434,4.8965,14.6849,0.042976,0.131553,88.9244,478.3106,1,1,1610.565,nan
closed_eye_1868.jpg_face_1,cerrado,B15,119.7518,0.022748,14.455,141.0792,28.1229,74.1903,BIEN,20.2183,0.903499,5.0812,17.8097,0.023153,0.067199,1.7813,195.407,1,1,1618.123,nan
closed_eye_1868.jpg_face_1,cerrado,B25,119.7518,0.022748,24.5168,143.3085,27.5477,74.1771,BIEN,19.3286,0.902665,5.6095,19.6713,0.026726,0.039644,17.4892,74.274,1,1,1629.461,nan
closed_eye_1868.jpg_face_1,cerrado,B40,119.7518,0.022748,39.61,143.9131,27.4655,73.7843,BIEN,19.4124,0.907554,6.7873,20.1761,0.029789,0.023823,30.9542,4.7258,1,1,1600.768,nan
closed_eye_1869.jpg_face_1,cerrado,B5,154.5844,0.054075,4.2649,160.1319,12.8936,60.4539,BIEN,20.7725,0.723418,4.0153,3.5887,0.075424,nan,39.4815,nan,1,1,611.883,nan
closed_eye_1869.jpg_face_1,cerrado,B10,154.5844,0.054075,9.443,165.3991,12.0731,56.4565,BIEN,23.7025,0.822935,3.838,6.996,0.071833,0.15857,32.8399,193.242,1,1,618.659,nan
closed_eye_1869.jpg_face_1,cerrado,B15,154.5844,0.054075,14.4798,171.7609,11.2846,56.9687,BIEN,22.5096,0.867511,3.8463,11.1114,0.0553,0.127284,2.2666,135.3846,1,1,620.617,nan
closed_eye_1869.jpg_face_1,cerrado,B25,154.5844,0.054075,24.491,176.0554,10.7518,56.8696,BIEN,20.7468,0.877865,4.1521,13.8895,0.062701,0.08985,15.9529,66.1586,1,1,602.228,nan
closed_eye_1869.jpg_face_1,cerrado,B40,154.5844,0.054075,39.5103,176.8272,10.5653,56.7205,BIEN,20.5454,0.882147,5.0307,14.3888,0.062811,0.07879,16.1551,45.7059,1,1,613.761,nan
closed_eye_1878.jpg_face_1,cerrado,B5,149.4026,0.081636,4.3231,161.6886,9.84,53.8767,BIEN,20.7806,0.687409,3.7531,8.2234,0.069704,nan,14.6157,nan,1,1,326.307,nan
closed_eye_1878.jpg_face_1,cerrado,B10,149.4026,0.081636,9.4839,184.5868,7.5675,56.5698,BIEN,16.3547,0.781843,2.8765,23.5499,0.05782,0.175618,29.1731,115.1235,1,1,329.5,nan
closed_eye_1878.jpg_face_1,cerrado,B15,149.4026,0.081636,14.4585,178.3973,7.32,53.4114,BIEN,18.5289,0.869619,3.5199,19.4071,0.064122,0.142777,21.4531,74.8949,1,1,331.818,nan
closed_eye_1878.jpg_face_1,cerrado,B25,149.4026,0.081636,24.3766,185.0636,6.6325,53.6187,BIEN,16.6666,0.885156,3.6504,23.869,0.063898,0.11754,21.7281,43.981,1,1,331.873,nan
closed_eye_1878.jpg_face_1,cerrado,B40,149.4026,0.081636,39.4444,186.7272,6.415,53.7548,BIEN,16.3216,0.898041,4.4186,24.9825,0.06873,0.104583,15.8091,28.1089,1,1,333.078,nan
closed_eye_1889.jpg_face_1,cerrado,B5,122.9097,0.023191,4.3232,128.785,14.2317,44.3173,BIEN,21.8936,0.742319,5.9187,4.7802,0.034336,nan,48.0578,nan,1,1,225.525,nan
closed_eye_1889.jpg_face_1,cerrado,B10,122.9097,0.023191,9.3961,140.5118,11.7492,44.6071,BIEN,21.603,0.853576,5.373,14.3212,0.019312,0.082301,16.7264,254.879,1,1,228.436,nan
closed_eye_1889.jpg_face_1,cerrado,B15,122.9097,0.023191,14.4642,142.3975,10.5785,43.9656,BIEN,21.1387,0.890193,5.5607,15.8554,0.019862,0.065112,14.3542,180.7606,1,1,227.619,nan
closed_eye_1889.jpg_face_1,cerrado,B25,122.9097,0.023191,24.4905,141.8892,10.2358,43.2266,BIEN,21.6808,0.909042,6.3226,15.4418,0.019818,0.04837,14.5457,108.5686,1,1,215.703,nan
closed_eye_1889.jpg_face_1,cerrado,B40,122.9097,0.023191,39.4768,142.1392,10.4055,43.3488,BIEN,21.5674,0.922392,7.4836,15.6453,0.020805,0.028578,10.2875,23.2269,1,1,230.595,nan
closed_eye_1890.jpg_face_1,cerrado,B5,96.1736,0.059359,4.374,97.9927,46.0705,45.6932,BIEN,24.0663,0.788194,8.0101,1.8915,0.061437,nan,3.5011,nan,1,1,779.423,nan
closed_eye_1890.jpg_face_1,cerrado,B10,96.1736,0.059359,9.4439,106.135,38.793,46.3606,BIEN,24.7448,0.8852,7.7817,10.3577,0.058175,0.116921,1.9939,96.9727,1,1,731.743,nan
closed_eye_1890.jpg_face_1,cerrado,B15,96.1736,0.059359,14.5445,107.6618,37.2728,47.5248,BIEN,23.9923,0.90903,8.0589,11.9453,0.039353,0.097587,33.7025,64.4013,1,1,781.25,nan
closed_eye_1890.jpg_face_1,cerrado,B25,96.1736,0.059359,24.4951,102.1131,42.8184,48.0858,BIEN,25.8452,0.926194,9.4753,6.1758,0.052283,0.087614,11.9201,47.6003,1,1,781.006,nan
closed_eye_1890.jpg_face_1,cerrado,B40,96.1736,0.059359,39.5143,101.0174,44.3585,48.4603,BIEN,26.0417,0.933569,11.3679,5.0365,0.042556,0.072693,28.3078,22.4632,1,1,778.877,nan
closed_eye_1906.jpg_face_1,cerrado,B5,154.7517,0.066919,4.4323,160.5997,8.5027,48.81,BIEN,20.0455,0.682041,3.9668,3.7789,nan,nan,nan,nan,1,0,90.193,nan
closed_eye_1906.jpg_face_1,cerrado,B10,154.7517,0.066919,9.445,167.1516,5.9244,47.1629,BIEN,23.4736,0.869415,3.9048,8.0128,0.088624,nan,32.435,nan,1,1,100.727,nan
closed_eye_1906.jpg_face_1,cerrado,B15,154.7517,0.066919,14.4671,174.1802,4.7958,45.9109,BIEN,21.8946,0.914136,3.8809,12.5546,0.076197,0.152861,13.8646,128.4278,1,1,99.765,nan
closed_eye_1906.jpg_face_1,cerrado,B25,154.7517,0.066919,24.4565,178.239,4.2936,45.6889,BIEN,20.3482,0.947452,4.1803,15.1774,0.078208,0.117155,16.871,75.0713,1,1,101.874,nan
closed_eye_1906.jpg_face_1,cerrado,B40,154.7517,0.066919,39.494,180.8115,4.0835,45.9528,BIEN,19.6394,0.956398,4.9421,16.8397,0.07772,0.099259,16.1418,48.3278,1,1,100.911,nan
closed_eye_1924.jpg_face_1,cerrado,B5,219.5265,0.048303,4.4627,220.1242,1.3193,37.0908,BIEN,19.6248,0.714647,1.4868,0.2722,0.096523,nan,99.8271,nan,1,1,396.432,nan
closed_eye_1924.jpg_face_1,cerrado,B10,219.5265,0.048303,9.3371,226.9406,1.1203,31.5958,BIEN,24.8576,0.802841,1.432,3.3773,0.08533,nan,76.6536,nan,1,1,436.243,nan
closed_eye_1924.jpg_face_1,cerrado,B15,219.5265,0.048303,14.3767,235.4328,0.9887,30.7573,BIEN,23.4096,0.859566,1.2953,7.2457,0.036094,0.155677,25.2774,222.2907,1,1,465.268,nan
closed_eye_1924.jpg_face_1,cerrado,B25,219.5265,0.048303,24.3755,239.1707,0.886,29.8746,BIEN,21.6235,0.886284,1.5149,8.9484,0.079096,0.119508,63.7487,147.412,1,1,466.723,nan
closed_eye_1924.jpg_face_1,cerrado,B40,219.5265,0.048303,39.5105,240.7176,0.7961,29.3227,BIEN,20.6866,0.887511,2.0607,9.6531,0.090754,0.078206,87.8839,61.9068,1,1,458.211,nan
closed_eye_1934.png_face_1,cerrado,B5,125.5037,0.051812,4.2833,144.2629,13.3878,55.566,BIEN,19.4926,0.789694,4.9909,14.9471,0.107545,nan,107.5667,nan,1,1,2527.167,nan
closed_eye_1934.png_face_1,cerrado,B10,125.5037,0.051812,9.5539,150.6873,8.4082,52.3115,BIEN,18.9784,0.82948,4.7891,20.0661,0.124661,0.174991,140.6,237.7399,1,1,3032.141,nan
closed_eye_1934.png_face_1,cerrado,B15,125.5037,0.051812,14.462,160.9188,6.0408,54.5765,BIEN,16.8182,0.828191,4.5189,28.2184,0.12833,0.134314,147.6817,159.2319,1,1,2562.788,nan
closed_eye_1934.png_face_1,cerrado,B25,125.5037,0.051812,24.5429,162.022,5.3061,53.8877,BIEN,16.4267,0.828742,5.0394,29.0974,0.121245,0.108283,134.0071,108.9915,1,1,2820.875,nan
closed_eye_1934.png_face_1,cerrado,B40,125.5037,0.051812,39.5029,162.1943,5.5102,54.0254,BIEN,16.3438,0.829699,6.0191,29.2347,0.120188,0.076963,131.9675,48.5425,1,1,2962.963,nan
closed_eye_1935.jpg_face_1,cerrado,B5,38.9993,0.087591,4.4623,86.1168,45.6101,44.0192,BIEN,13.1095,0.556352,8.5454,120.8166,0.100677,0.227597,14.9406,159.8414,1,1,2311.604,nan
closed_eye_1935.jpg_face_1,cerrado,B10,38.9993,0.087591,9.4529,88.7336,43.7996,43.2222,BIEN,12.8086,0.583996,8.8581,127.5265,0.061131,0.160752,30.2085,83.5265,1,1,2300.437,nan
closed_eye_1935.jpg_face_1,cerrado,B15,38.9993,0.087591,14.4896,91.9655,41.245,44.0286,BIEN,12.3544,0.569983,9.1098,135.8135,0.058032,0.112905,33.7465,28.9007,1,1,2327.205,nan
closed_eye_1935.jpg_face_1,cerrado,B25,38.9993,0.087591,24.4695,89.5709,43.5516,44.2681,BIEN,12.6452,0.579017,10.5251,129.6734,0.071733,0.105052,18.1038,19.9356,1,1,2288.853,nan
closed_eye_1935.jpg_face_1,cerrado,B40,38.9993,0.087591,39.4204,88.536,44.3452,44.6305,BIEN,12.7341,0.587842,12.8241,127.0196,0.066017,0.087527,24.6296,0.0729,1,1,2331.002,nan
closed_eye_1942.jpg_face_2,cerrado,B5,102.0185,0.047859,4.4851,147.5485,30.2069,86.2924,BIEN,13.2561,0.818776,3.7456,44.6291,0.062555,nan,30.7075,nan,1,1,2189.621,nan
closed_eye_1942.jpg_face_2,cerrado,B10,102.0185,0.047859,9.477,154.7041,28.3526,85.2156,BIEN,12.4232,0.815031,3.7457,51.6431,0.056637,0.180169,18.3428,276.461,1,1,2270.663,nan
closed_eye_1942.jpg_face_2,cerrado,B15,102.0185,0.047859,14.4929,154.0046,28.0032,83.2968,BIEN,12.6584,0.823044,4.1339,50.9574,0.059197,0.122154,23.6919,155.2398,1,1,2105.706,nan
closed_eye_1942.jpg_face_2,cerrado,B25,102.0185,0.047859,24.4897,155.2951,27.9495,83.9153,BIEN,12.446,0.819421,4.6984,52.2224,0.056478,0.068908,18.0091,43.9813,1,1,2294.104,nan
closed_eye_1942.jpg_face_2,cerrado,B40,102.0185,0.047859,39.5009,156.1612,27.8151,83.8779,BIEN,12.3358,0.814654,5.7113,53.0714,0.056535,0.050711,18.1282,5.9596,1,1,2295.684,nan
closed_eye_1944.jpg_face_1,cerrado,B5,111.1135,0.09411,4.4695,130.5185,15.7587,48.8241,BIEN,18.9642,0.72814,5.5293,17.4642,0.056022,nan,40.4724,nan,1,1,608.532,nan
closed_eye_1944.jpg_face_1,cerrado,B10,111.1135,0.09411,9.4254,135.1719,15.0763,48.0214,BIEN,19.1678,0.861619,5.6699,21.6522,0.060016,0.154803,36.2277,64.4911,1,1,666.489,nan
closed_eye_1944.jpg_face_1,cerrado,B15,111.1135,0.09411,14.452,126.816,17.0773,48.669,BIEN,21.3695,0.886953,6.5421,14.132,0.066594,0.10599,29.2388,12.6229,1,1,677.966,nan
closed_eye_1944.jpg_face_1,cerrado,B25,111.1135,0.09411,24.4556,124.4128,18.0604,49.4904,BIEN,21.7983,0.908058,7.4372,11.9692,0.065458,0.087373,30.4452,7.1594,1,1,678.196,nan
closed_eye_1944.jpg_face_1,cerrado,B40,111.1135,0.09411,39.4808,122.6253,18.7196,50.0165,BIEN,22.1978,0.910627,8.9253,10.3604,0.059285,0.0655,37.0048,30.4011,1,1,672.179,nan
closed_eye_1952.jpg_face_1,cerrado,B5,162.3641,0.043724,4.3792,162.6544,3.4164,43.56,BIEN,21.4211,0.730658,3.992,0.1788,0.149658,nan,242.2795,nan,1,1,2350.176,nan
closed_eye_1952.jpg_face_1,cerrado,B10,162.3641,0.043724,9.4469,162.3198,3.6934,47.3813,BIEN,23.0391,0.819392,4.3009,0.0273,nan,0.214166,nan,389.8136,1,0,2529.724,nan
closed_eye_1952.jpg_face_1,cerrado,B15,162.3641,0.043724,14.55,167.5445,3.3549,48.2542,BIEN,22.7493,0.856554,4.2409,3.1906,0.045651,0.185078,4.4063,323.2872,1,1,2549.07,nan
closed_eye_1952.jpg_face_1,cerrado,B25,162.3641,0.043724,24.5186,167.0385,3.2318,48.078,BIEN,23.8986,0.882357,4.8295,2.8789,0.078438,0.111489,79.3939,154.9852,1,1,2520.161,nan
closed_eye_1952.jpg_face_1,cerrado,B40,162.3641,0.043724,39.5008,164.5709,5.0477,49.8036,BIEN,23.3817,0.887416,5.8472,1.3592,0.046463,0.063198,6.2656,44.5394,1,1,2512.563,nan
closed_eye_1956.jpg_face_1,cerrado,B5,167.5765,0.034512,4.4005,156.4667,12.0154,51.8801,BIEN,21.2528,0.732597,3.8387,6.6297,0.043543,nan,26.1668,nan,1,1,244.445,nan
closed_eye_1956.jpg_face_1,cerrado,B10,167.5765,0.034512,9.5422,188.348,5.1677,56.2684,BIEN,20.2129,0.832257,2.6457,12.3952,0.05006,0.144859,45.0485,319.73,1,1,255.5,nan
closed_eye_1956.jpg_face_1,cerrado,B15,167.5765,0.034512,14.4884,190.2203,4.4583,54.4966,BIEN,20.6041,0.893195,2.8489,13.5125,0.050996,0.09073,47.761,162.8911,1,1,247.415,nan
closed_eye_1956.jpg_face_1,cerrado,B25,167.5765,0.034512,24.4548,192.822,4.077,53.7044,BIEN,19.5591,0.916977,3.1742,15.065,0.042531,0.061229,23.2338,77.4123,1,1,250.884,nan
closed_eye_1956.jpg_face_1,cerrado,B40,167.5765,0.034512,39.4917,191.9862,4.0102,53.209,BIEN,19.9365,0.928376,4.0407,14.5663,0.045945,0.047668,33.1257,38.1176,1,1,254.615,nan
closed_eye_1959.jpg_face_2,cerrado,B5,152.2245,0.051129,4.42,162.0781,14.22,61.7413,BIEN,21.0899,0.773057,3.9978,6.4731,0.054873,nan,7.321,nan,1,1,1009.999,nan
closed_eye_1959.jpg_face_2,cerrado,B10,152.2245,0.051129,9.3557,164.6913,11.29,59.5697,BIEN,23.1775,0.828416,4.0654,8.1897,0.048302,0.138843,5.5304,171.552,1,1,959.325,nan
closed_eye_1959.jpg_face_2,cerrado,B15,152.2245,0.051129,14.5073,168.208,10.34,59.232,BIEN,22.4622,0.838182,4.16,10.5,0.04683,0.093945,8.4091,83.7387,1,1,1025.746,nan
closed_eye_1959.jpg_face_2,cerrado,B25,152.2245,0.051129,24.5214,175.3931,7.05,59.6397,BIEN,19.9688,0.838419,4.3331,15.22,0.045767,0.065409,10.4877,27.9287,1,1,1036.807,nan
closed_eye_1959.jpg_face_2,cerrado,B40,152.2245,0.051129,39.4862,174.4373,7.7,59.4771,BIEN,20.3011,0.841668,5.3044,14.5921,0.050623,0.061184,0.9905,19.6654,1,1,1038.314,nan
closed_eye_1963.jpg_face_1,cerrado,B5,183.8016,0.047815,4.2758,190.284,7.377,54.3207,BIEN,19.8252,0.666684,2.6208,3.5269,0.329864,nan,589.8744,nan,1,1,264.089,nan
closed_eye_1963.jpg_face_1,cerrado,B10,183.8016,0.047815,9.3344,193.9833,6.6171,52.1724,BIEN,24.0878,0.788939,2.6559,5.5395,0.049486,nan,3.4956,nan,1,1,270.849,nan
closed_eye_1963.jpg_face_1,cerrado,B15,183.8016,0.047815,14.5405,200.2212,6.2758,52.0592,BIEN,22.5552,0.818192,2.5914,8.9333,0.059008,0.108576,23.4084,127.0752,1,1,267.194,nan
closed_eye_1963.jpg_face_1,cerrado,B25,183.8016,0.047815,24.4523,208.1439,5.8452,52.906,BIEN,19.9532,0.841255,2.711,13.2438,0.055076,0.085741,15.1853,79.3183,1,1,259.121,nan
closed_eye_1963.jpg_face_1,cerrado,B40,183.8016,0.047815,39.516,209.7854,5.7659,52.955,BIEN,19.2731,0.842656,3.3596,14.1369,0.055303,0.054002,15.6597,12.9395,1,1,266.212,nan
closed_eye_1964.jpg_face_1,cerrado,B5,170.0893,0.088621,4.3005,161.9454,12.4575,60.082,BIEN,19.8094,0.69326,3.8376,4.788,0.081101,nan,8.4853,nan,1,1,336.191,nan
closed_eye_1964.jpg_face_1,cerrado,B10,170.0893,0.088621,9.2667,185.169,9.0,62.7822,BIEN,22.2352,0.829639,2.9553,8.8657,0.086546,0.128661,2.3411,45.1813,1,1,338.788,nan
closed_eye_1964.jpg_face_1,cerrado,B15,170.0893,0.088621,14.4705,184.1196,8.7175,61.2789,BIEN,22.9314,0.853493,3.2336,8.2488,0.085802,0.120314,3.18,35.7627,1,1,338.662,nan
closed_eye_1964.jpg_face_1,cerrado,B25,170.0893,0.088621,24.4955,188.324,7.97,60.9818,BIEN,21.6655,0.871831,3.5461,10.7207,0.091738,0.123044,3.5175,38.8433,1,1,341.787,nan
closed_eye_1964.jpg_face_1,cerrado,B40,170.0893,0.088621,39.5059,191.9279,7.515,61.2162,BIEN,20.3302,0.871587,4.1795,12.8395,0.079871,0.073711,9.8733,16.8241,1,1,329.099,nan
closed_eye_1972.jpg_face_1,cerrado,B5,134.484,0.052081,4.3872,162.9022,11.5484,51.7366,BIEN,17.3663,0.693417,3.9605,21.1313,0.080664,nan,54.8815,nan,1,1,441.735,nan
closed_eye_1972.jpg_face_1,cerrado,B10,134.484,0.052081,9.3257,168.165,10.2954,51.5253,BIEN,17.1817,0.803554,3.9031,25.0446,0.05918,0.147069,13.6302,182.3843,1,1,405.482,nan
closed_eye_1972.jpg_face_1,cerrado,B15,134.484,0.052081,14.5939,161.5135,11.1507,52.0146,BIEN,18.5619,0.850988,4.4849,20.0986,0.056998,0.110339,9.4411,111.8602,1,1,436.129,nan
closed_eye_1972.jpg_face_1,cerrado,B25,134.484,0.052081,24.4229,164.2829,10.8193,52.7391,BIEN,17.927,0.861042,4.9084,22.1579,0.056456,0.06541,8.4001,25.5932,1,1,433.915,nan
closed_eye_1972.jpg_face_1,cerrado,B40,134.484,0.052081,39.4904,163.999,10.9393,53.2521,BIEN,17.9443,0.865253,5.8919,21.9468,0.061211,0.068987,17.5293,32.4598,1,1,401.316,nan
closed_eye_2015.jpg_face_1,cerrado,B5,134.3565,0.023687,4.3629,131.2839,36.1434,85.8105,BIEN,21.9537,0.601729,4.6814,2.2869,0.032689,0.172271,38.002,627.2746,1,1,55.231,nan
closed_eye_2015.jpg_face_1,cerrado,B10,134.3565,0.023687,9.4177,145.023,34.4728,87.4178,BIEN,22.9016,0.762822,4.1763,7.939,0.022746,0.086273,3.974,264.217,1,1,55.492,nan
closed_eye_2015.jpg_face_1,cerrado,B15,134.3565,0.023687,14.4656,148.4265,33.9733,87.0299,BIEN,22.7301,0.812056,4.4048,10.4721,0.020227,0.043384,14.6066,83.1545,1,1,57.229,nan
closed_eye_2015.jpg_face_1,cerrado,B25,134.3565,0.023687,24.5048,152.2868,33.1444,87.0304,BIEN,21.0881,0.823619,4.826,13.3453,0.023976,0.036916,1.2211,55.8473,1,1,51.94,nan
closed_eye_2015.jpg_face_1,cerrado,B40,134.3565,0.023687,39.5045,154.378,32.8194,87.2385,BIEN,20.5335,0.83026,5.808,14.9018,0.021355,0.021413,9.845,9.6028,1,1,56.183,nan
closed_eye_2024.jpg_face_1,cerrado,B5,113.5415,0.064028,4.4419,134.1426,29.3427,81.1408,BIEN,18.8424,0.77565,4.6889,18.1441,0.065707,nan,2.621,nan,1,1,1784.121,nan
closed_eye_2024.jpg_face_1,cerrado,B10,113.5415,0.064028,9.4403,135.9769,28.5016,78.5014,BIEN,18.849,0.84532,4.8456,19.7597,0.06323,0.128811,1.2469,101.1783,1,1,1795.977,nan
closed_eye_2024.jpg_face_1,cerrado,B15,113.5415,0.064028,14.4977,137.1047,28.0516,77.2135,BIEN,19.0969,0.862466,5.219,20.7529,0.062873,0.101853,1.804,59.0742,1,1,1778.41,nan
closed_eye_2024.jpg_face_1,cerrado,B25,113.5415,0.064028,24.4589,141.7373,27.543,78.271,BIEN,17.6342,0.854128,5.5958,24.8331,0.058324,0.053929,8.9089,15.7729,1,1,1786.033,nan
closed_eye_2024.jpg_face_1,cerrado,B40,113.5415,0.064028,39.5223,140.724,27.5235,77.2413,BIEN,18.0597,0.863232,6.9091,23.9406,0.061602,0.064596,3.7898,0.8862,1,1,1823.819,nan
closed_eye_2035.jpg_face_1,cerrado,B5,144.0364,0.093174,4.4026,177.3395,5.4815,47.2939,BIEN,16.4268,0.707368,3.337,23.1213,0.095395,nan,2.3847,nan,1,1,1504.664,nan
closed_eye_2035.jpg_face_1,cerrado,B10,144.0364,0.093174,9.5063,178.1562,4.4864,43.8498,BIEN,17.0039,0.816953,3.4676,23.6883,0.089881,0.176945,3.534,89.909,1,1,1575.547,nan
closed_eye_2035.jpg_face_1,cerrado,B15,144.0364,0.093174,14.4476,187.1639,3.6262,44.1783,BIEN,15.4377,0.86018,3.3099,29.9421,0.094555,0.130064,1.483,39.5931,1,1,1616.815,nan
closed_eye_2035.jpg_face_1,cerrado,B25,144.0364,0.093174,24.5163,183.9484,3.5419,43.3319,BIEN,15.8887,0.870342,3.9473,27.7096,0.088522,0.089636,4.9927,3.7963,1,1,851.789,nan
closed_eye_2035.jpg_face_1,cerrado,B40,144.0364,0.093174,39.449,190.1629,3.1203,43.7769,BIEN,14.8142,0.865902,4.4828,32.0242,0.094771,0.094948,1.7147,1.9047,1,1,1621.271,nan
closed_eye_2038.jpg_face_2,cerrado,B5,56.679,0.098737,4.4694,104.0258,32.4959,48.2386,BIEN,12.6617,0.609233,6.4231,83.5351,0.16845,nan,70.605,nan,1,1,1185.958,nan
closed_eye_2038.jpg_face_2,cerrado,B10,56.679,0.098737,9.4984,99.8327,33.165,44.7981,BIEN,13.5093,0.74743,7.2524,76.1372,0.210444,0.110659,113.137,12.0749,1,1,1285.347,nan
closed_eye_2038.jpg_face_2,cerrado,B15,56.679,0.098737,14.4879,99.598,32.8115,44.4477,BIEN,13.6237,0.767593,7.7944,75.7231,0.154947,0.088427,56.9298,10.4413,1,1,1279.754,nan
closed_eye_2038.jpg_face_2,cerrado,B25,56.679,0.098737,24.4932,100.6487,32.5843,45.2806,BIEN,13.393,0.778448,8.7305,77.5768,0.121784,0.081677,23.3418,17.278,1,1,1270.003,nan
closed_eye_2038.jpg_face_2,cerrado,B40,56.679,0.098737,39.4584,99.5204,33.266,45.1573,BIEN,13.5545,0.793654,10.7224,75.5861,0.143992,0.111375,45.8348,12.7995,1,1,1290.489,nan
closed_eye_2041.jpg_face_1,cerrado,B5,148.8622,0.042874,4.392,135.3174,28.5765,73.0333,BIEN,20.2012,0.643988,4.8042,9.0989,nan,nan,nan,nan,1,0,72.645,nan
closed_eye_2041.jpg_face_1,cerrado,B10,148.8622,0.042874,9.526,154.027,25.1792,76.2052,BIEN,25.9985,0.817069,4.0367,3.4695,0.041004,0.0762,4.3629,77.729,1,1,77.35,nan
closed_eye_2041.jpg_face_1,cerrado,B15,148.8622,0.042874,14.4495,161.6007,23.4952,77.4736,BIEN,24.1644,0.863428,4.0042,8.5573,0.060436,0.059728,40.9613,39.3095,1,1,78.566,nan
closed_eye_2041.jpg_face_1,cerrado,B25,148.8622,0.042874,24.4865,166.1194,22.2643,77.6353,BIEN,21.8935,0.884199,4.334,11.5928,0.069218,0.039994,61.4452,6.7182,1,1,80.8,nan
closed_eye_2041.jpg_face_1,cerrado,B40,148.8622,0.042874,39.4965,168.8938,21.7658,78.2045,BIEN,20.9135,0.892625,5.1624,13.4565,0.058292,0.033337,35.9615,22.2455,1,1,73.111,nan
closed_eye_2051.jpg_face_1,cerrado,B5,129.7065,0.085478,4.5519,123.5621,31.0385,65.7389,BIEN,23.7741,0.788499,5.1081,4.7371,0.089395,0.172787,4.5825,102.142,1,1,22.122,nan
closed_eye_2051.jpg_face_1,cerrado,B10,129.7065,0.085478,9.5132,141.8247,23.191,67.0315,BIEN,23.8121,0.887868,4.5353,9.3428,0.078027,0.127533,8.7166,49.1988,1,1,21.62,nan
closed_eye_2051.jpg_face_1,cerrado,B15,129.7065,0.085478,14.4792,141.1301,23.1916,66.1701,BIEN,24.4318,0.928121,4.8611,8.8072,0.095622,0.107825,11.8665,26.1427,1,1,21.916,nan
closed_eye_2051.jpg_face_1,cerrado,B25,129.7065,0.085478,24.4954,143.2991,22.7889,68.1939,BIEN,22.6911,0.946718,5.3438,10.4795,0.092231,0.090295,7.9005,5.6348,1,1,22.874,nan
closed_eye_2051.jpg_face_1,cerrado,B40,129.7065,0.085478,39.4885,143.447,23.1851,69.3634,BIEN,22.3715,0.959421,6.4558,10.5936,0.091757,0.0847,7.345,0.9103,1,1,22.756,nan
closed_eye_2054.jpg_face_1,cerrado,B5,97.6104,0.090406,4.6158,100.4694,35.7469,48.1344,BIEN,23.3637,0.737124,7.3211,2.929,0.108561,0.197497,20.0815,118.4545,1,1,55.274,nan
closed_eye_2054.jpg_face_1,cerrado,B10,97.6104,0.090406,9.4819,107.6493,30.4833,47.4738,BIEN,25.2381,0.849314,7.4739,10.2846,0.085391,0.14945,5.5474,65.3098,1,1,62.623,nan
closed_eye_2054.jpg_face_1,cerrado,B15,97.6104,0.090406,14.4648,108.4568,30.8311,47.2227,BIEN,25.1796,0.892194,7.8325,11.1119,0.086658,0.131185,4.1459,45.106,1,1,61.282,nan
closed_eye_2054.jpg_face_1,cerrado,B25,97.6104,0.090406,24.4762,111.3107,28.528,47.8367,BIEN,23.9459,0.912379,8.5635,14.0357,0.083079,0.106014,8.1047,17.2643,1,1,62.245,nan
closed_eye_2054.jpg_face_1,cerrado,B40,97.6104,0.090406,39.4793,112.1346,28.1589,48.0386,BIEN,23.611,0.922936,10.1171,14.8798,0.087618,0.098843,3.0845,9.3315,1,1,63.207,nan
closed_eye_2062.jpg_face_2,cerrado,B5,121.1701,0.049401,4.3556,134.2736,17.9105,54.3975,BIEN,20.943,0.738374,5.3646,10.8141,0.04095,0.188921,17.107,282.4231,1,1,107.133,nan
closed_eye_2062.jpg_face_2,cerrado,B10,121.1701,0.049401,9.5151,150.3596,15.0607,56.076,BIEN,17.711,0.845141,4.6238,24.0897,0.057821,0.080925,17.0433,63.8126,1,1,101.251,nan
closed_eye_2062.jpg_face_2,cerrado,B15,121.1701,0.049401,14.4743,143.834,15.4612,52.6451,BIEN,20.3576,0.928905,5.4172,18.7042,0.044535,0.0617,9.8507,24.8961,1,1,112.044,nan
closed_eye_2062.jpg_face_2,cerrado,B25,121.1701,0.049401,24.507,147.2203,15.2033,54.5003,BIEN,18.8749,0.936693,5.797,21.4988,0.045221,0.046369,8.4614,6.138,1,1,123.216,nan
closed_eye_2062.jpg_face_2,cerrado,B40,121.1701,0.049401,39.4952,145.2366,15.6976,54.7657,BIEN,19.4527,0.951282,7.0552,19.8617,0.049202,0.04556,0.4025,7.7757,1,1,125.225,nan
closed_eye_2065.jpg_face_1,cerrado,B5,135.203,0.03833,4.3016,125.7514,30.546,76.5305,BIEN,21.6188,0.727438,5.2262,6.9906,0.060504,nan,57.8516,nan,1,1,651.084,nan
closed_eye_2065.jpg_face_1,cerrado,B10,135.203,0.03833,9.4091,146.4009,27.7898,79.3771,BIEN,22.9239,0.842776,4.3454,8.2823,0.03913,0.079621,2.0875,107.7243,1,1,678.426,nan
closed_eye_2065.jpg_face_1,cerrado,B15,135.203,0.03833,14.4613,147.8065,27.3819,78.3104,BIEN,22.7726,0.859659,4.5887,9.322,0.070833,0.084651,84.7991,120.849,1,1,655.008,nan
closed_eye_2065.jpg_face_1,cerrado,B25,135.203,0.03833,24.5008,150.1506,26.9215,77.3744,BIEN,22.341,0.874303,5.1746,11.0557,0.050299,0.054842,31.2261,43.0786,1,1,683.62,nan
closed_eye_2065.jpg_face_1,cerrado,B40,135.203,0.03833,39.4839,152.711,26.4845,77.3937,BIEN,21.3577,0.877799,6.1366,12.9494,0.058009,0.060281,51.3411,57.2685,1,1,676.498,nan
closed_eye_2071.jpg_face_1,cerrado,B5,96.7557,0.042346,4.4559,113.9135,25.2776,47.9044,BIEN,19.5823,0.729382,6.633,17.7331,0.086699,nan,104.7384,nan,1,1,2323.42,nan
closed_eye_2071.jpg_face_1,cerrado,B10,96.7557,0.042346,9.4448,109.8247,27.9077,48.0134,BIEN,21.5892,0.852805,7.2869,13.5072,0.075618,nan,78.5702,nan,1,1,2370.23,nan
closed_eye_2071.jpg_face_1,cerrado,B15,96.7557,0.042346,14.4819,107.0377,30.7715,49.2063,BIEN,21.6477,0.85928,7.8212,10.6268,0.063106,0.153131,49.0253,261.6178,1,1,2513.194,nan
closed_eye_2071.jpg_face_1,cerrado,B25,96.7557,0.042346,24.4857,106.3755,31.8819,49.4754,BIEN,22.0025,0.881418,8.7875,9.9424,0.054292,0.096918,28.21,128.8701,1,1,2251.745,nan
closed_eye_2071.jpg_face_1,cerrado,B40,96.7557,0.042346,39.4863,106.5134,32.0573,49.9361,BIEN,21.8056,0.888367,10.3831,10.0849,0.052302,0.062626,23.51,47.8914,1,1,2466.091,nan
closed_eye_2074.jpg_face_3,cerrado,B5,117.1715,0.044932,4.2739,130.7189,21.0124,57.4921,BIEN,21.5385,0.733566,5.655,11.5621,0.043065,0.167347,4.1539,272.447,1,1,205.55,nan
closed_eye_2074.jpg_face_3,cerrado,B10,117.1715,0.044932,9.5625,142.0216,18.3886,59.1737,BIEN,18.6819,0.779204,5.1406,21.2083,0.029247,0.114407,34.9085,154.6243,1,1,212.78,nan
closed_eye_2074.jpg_face_3,cerrado,B15,117.1715,0.044932,14.4533,140.3936,17.541,56.8866,BIEN,19.6344,0.799109,5.6194,19.8189,0.041866,0.092675,6.8235,106.2578,1,1,216.906,nan
closed_eye_2074.jpg_face_3,cerrado,B25,117.1715,0.044932,24.4975,143.4357,16.7172,57.1404,BIEN,18.7726,0.801668,6.1251,22.4151,0.034071,0.060618,24.1725,34.9103,1,1,219.144,nan
closed_eye_2074.jpg_face_3,cerrado,B40,117.1715,0.044932,39.4855,141.7687,16.8823,56.1408,BIEN,19.2778,0.805433,7.4296,20.9925,0.034517,0.045478,23.1782,1.2156,1,1,218.766,nan
closed_eye_2079.jpg_face_1,cerrado,B5,133.7519,0.120764,4.4439,144.1607,35.4117,83.6658,BIEN,20.6806,0.686343,4.073,7.7822,0.131791,0.236129,9.1309,95.5287,1,1,675.083,nan
closed_eye_2079.jpg_face_1,cerrado,B10,133.7519,0.120764,9.4644,146.1359,34.4211,80.5508,BIEN,22.3898,0.789547,4.3434,9.2589,0.123522,0.171151,2.2837,41.723,1,1,687.616,nan
closed_eye_2079.jpg_face_1,cerrado,B15,133.7519,0.120764,14.4472,150.2224,33.5528,80.4012,BIEN,21.6751,0.817647,4.4986,12.3143,0.125316,0.175388,3.7692,45.232,1,1,675.447,nan
closed_eye_2079.jpg_face_1,cerrado,B25,133.7519,0.120764,24.4654,151.0974,33.2906,80.6972,BIEN,21.0094,0.819975,5.055,12.9685,0.120397,0.16257,0.3039,34.6178,1,1,683.387,nan
closed_eye_2079.jpg_face_1,cerrado,B40,133.7519,0.120764,39.4699,152.4575,33.0692,81.265,BIEN,20.6608,0.823316,6.0644,13.9854,0.116546,0.145416,3.493,20.4128,1,1,686.012,nan
closed_eye_2093.jpg_face_2,cerrado,B5,130.6919,0.118338,4.506,149.5941,21.7212,72.1834,BIEN,18.2618,0.668916,3.9655,14.4632,0.175771,nan,48.5337,nan,1,1,121.907,nan
closed_eye_2093.jpg_face_2,cerrado,B10,130.6919,0.118338,9.5013,156.0353,20.5002,71.3344,BIEN,18.7482,0.847092,4.0662,19.3918,0.095818,0.210408,19.0302,77.8026,1,1,139.117,nan
closed_eye_2093.jpg_face_2,cerrado,B15,130.6919,0.118338,14.3979,162.9906,19.7361,72.0302,BIEN,17.0277,0.88407,3.9579,24.7136,0.12649,0.201943,6.8891,70.6494,1,1,137.576,nan
closed_eye_2093.jpg_face_2,cerrado,B25,130.6919,0.118338,24.4728,163.6573,19.5687,71.4522,BIEN,17.0271,0.921789,4.5512,25.2238,0.097,0.143269,18.0308,21.0675,1,1,129.448,nan
closed_eye_2093.jpg_face_2,cerrado,B40,130.6919,0.118338,39.4726,164.7329,19.5273,71.6523,BIEN,16.6901,0.932383,5.4494,26.0468,0.100159,0.128536,15.362,8.618,1,1,138.566,nan
closed_eye_2094.jpg_face_1,cerrado,B5,118.626,0.036144,4.5367,132.3142,17.1875,51.9395,BIEN,19.451,0.721119,5.1478,11.539,nan,nan,nan,nan,1,0,2090.301,nan
closed_eye_2094.jpg_face_1,cerrado,B10,118.626,0.036144,9.5002,139.9985,15.1786,50.9606,BIEN,19.6718,0.827375,5.1365,18.0167,nan,0.173872,nan,381.0568,1,0,2274.278,nan
closed_eye_2094.jpg_face_1,cerrado,B15,118.626,0.036144,14.5389,146.8222,13.6657,51.7968,BIEN,18.2268,0.835211,5.1191,23.769,nan,0.109513,nan,202.9946,1,0,2240.143,nan
closed_eye_2094.jpg_face_1,cerrado,B25,118.626,0.036144,24.5017,144.8237,13.8145,50.9437,BIEN,18.8127,0.854023,5.9375,22.0843,nan,0.077518,nan,114.4719,1,0,2327.205,nan
closed_eye_2094.jpg_face_1,cerrado,B40,118.626,0.036144,39.5134,145.8671,13.7153,50.7512,BIEN,18.543,0.857073,7.0287,22.9638,nan,0.057832,nan,60.0048,1,0,2285.714,nan
closed_eye_2097.jpg_face_1,cerrado,B5,168.8044,0.097005,4.3533,188.6683,3.4487,51.5155,BIEN,18.395,0.67847,2.6583,11.7674,0.110005,nan,13.401,nan,1,1,721.501,nan
closed_eye_2097.jpg_face_1,cerrado,B10,168.8044,0.097005,9.2908,197.8527,2.8127,48.2792,BIEN,18.9579,0.867723,2.6004,17.2083,0.136848,0.185776,41.0725,91.5115,1,1,759.301,nan
closed_eye_2097.jpg_face_1,cerrado,B15,168.8044,0.097005,14.3436,200.9013,2.4718,47.331,BIEN,17.8658,0.884549,2.616,19.0143,0.121648,0.167663,25.404,72.8389,1,1,748.839,nan
closed_eye_2097.jpg_face_1,cerrado,B25,168.8044,0.097005,24.4821,200.0841,2.6882,47.8678,BIEN,17.9951,0.903432,3.1095,18.5302,0.130664,0.140871,34.6983,45.22,1,1,762.777,nan
closed_eye_2097.jpg_face_1,cerrado,B40,168.8044,0.097005,39.4999,201.6062,2.4784,47.5496,BIEN,17.5762,0.907553,3.8017,19.4319,0.126213,0.120157,30.1099,23.8667,1,1,770.297,nan
closed_eye_2098.jpg_face_2,cerrado,B5,152.9146,0.082869,4.4588,141.2109,20.821,63.3397,BIEN,21.1326,0.700973,4.5428,7.6537,0.106008,nan,27.922,nan,1,1,191.281,nan
closed_eye_2098.jpg_face_2,cerrado,B10,152.9146,0.082869,9.4535,158.7833,17.0873,64.6448,BIEN,26.9773,0.887099,4.0652,3.8379,0.096688,0.1912,16.6761,130.7264,1,1,196.866,nan
closed_eye_2098.jpg_face_2,cerrado,B15,152.9146,0.082869,14.5119,162.0839,16.8698,64.2265,BIEN,26.4586,0.907384,4.1934,5.9964,0.091337,0.115666,10.219,39.5775,1,1,201.69,nan
closed_eye_2098.jpg_face_2,cerrado,B25,152.9146,0.082869,24.5088,166.2201,16.2692,65.1011,BIEN,24.3276,0.930191,4.6098,8.7013,0.08849,0.095573,6.7828,15.3306,1,1,142.99,nan
closed_eye_2098.jpg_face_2,cerrado,B40,152.9146,0.082869,39.4832,169.1725,15.8935,64.9666,BIEN,22.8693,0.939746,5.4383,10.6321,0.093663,0.093679,13.0258,13.0451,1,1,191.267,nan
closed_eye_2100.jpg_face_1,cerrado,B5,53.8694,0.085845,4.5203,58.5021,70.9644,55.2575,CRITICA,24.562,0.660703,9.9022,8.5998,0.120289,0.119638,40.1234,39.364,1,1,143.625,nan
closed_eye_2100.jpg_face_1,cerrado,B10,53.8694,0.085845,9.4974,58.2644,70.9984,52.9594,CRITICA,26.5745,0.743707,10.9893,8.1586,0.099109,0.095467,15.4505,11.2078,1,1,144.783,nan
closed_eye_2100.jpg_face_1,cerrado,B15,53.8694,0.085845,14.4881,61.3317,69.3297,54.6571,CRITICA,24.8541,0.768964,11.4344,13.8524,0.085002,0.100799,0.9826,17.4196,1,1,151.621,nan
closed_eye_2100.jpg_face_1,cerrado,B25,53.8694,0.085845,24.5209,62.514,68.7753,54.794,CRITICA,24.4536,0.799751,13.3146,16.0472,0.077619,0.086955,9.5831,1.2927,1,1,148.571,nan
closed_eye_2100.jpg_face_1,cerrado,B40,53.8694,0.085845,39.5173,62.6737,68.6347,54.626,CRITICA,24.5192,0.811706,17.5446,16.3436,0.08453,0.084734,1.5324,1.2946,1,1,148.172,nan
closed_eye_2111.jpg_face_1,cerrado,B5,120.8831,0.156689,4.4534,118.2315,40.5731,88.0077,BIEN,22.9044,0.788639,5.3201,2.1935,0.182086,0.243145,16.2088,55.1774,1,1,1360.729,nan
closed_eye_2111.jpg_face_1,cerrado,B10,120.8831,0.156689,9.4961,127.0972,37.2809,88.1121,BIEN,23.7267,0.856134,5.1481,5.1406,0.162806,0.194148,3.9039,23.907,1,1,1518.603,nan
closed_eye_2111.jpg_face_1,cerrado,B15,120.8831,0.156689,14.4935,130.9268,35.7567,88.417,BIEN,22.7815,0.856768,5.2954,8.3086,0.155893,0.189128,0.5078,20.7031,1,1,1491.424,nan
closed_eye_2111.jpg_face_1,cerrado,B25,120.8831,0.156689,24.5085,133.4729,34.7813,87.9073,BIEN,21.9969,0.857455,5.926,10.4149,0.142166,0.18022,9.2683,15.0179,1,1,1496.782,nan
closed_eye_2111.jpg_face_1,cerrado,B40,120.8831,0.156689,39.5208,132.5685,35.0099,87.1442,BIEN,22.5163,0.868294,7.3174,9.6667,0.137786,0.165983,12.0638,5.932,1,1,1439.47,nan
closed_eye_2123.jpg_face_2,cerrado,B5,106.8468,0.089449,4.3555,139.646,8.2389,41.6364,BIEN,16.6121,0.666963,5.2845,30.6974,0.107185,nan,19.8277,nan,1,1,2220.249,nan
closed_eye_2123.jpg_face_2,cerrado,B10,106.8468,0.089449,9.4749,157.2326,6.324,43.2644,BIEN,13.7705,0.738998,4.5265,47.157,0.081411,0.195589,8.9865,118.6595,1,1,2151.0,nan
closed_eye_2123.jpg_face_2,cerrado,B15,106.8468,0.089449,14.5052,161.0292,5.9461,42.955,BIEN,13.2076,0.73064,4.6079,50.7104,0.089735,0.210769,0.3204,135.6311,1,1,2250.732,nan
closed_eye_2123.jpg_face_2,cerrado,B25,106.8468,0.089449,24.4696,157.4775,6.1224,42.7183,BIEN,13.6821,0.761236,5.4017,47.3862,0.077157,0.192299,13.7419,114.9823,1,1,2067.825,nan
closed_eye_2123.jpg_face_2,cerrado,B40,106.8468,0.089449,39.5019,162.6951,5.7949,42.3675,BIEN,12.9526,0.749063,6.1161,52.2695,0.063971,0.14271,28.4827,59.5441,1,1,2259.376,nan
closed_eye_2125.jpg_face_2,cerrado,B5,189.2151,0.09132,4.3735,169.6014,2.6818,39.7451,BIEN,17.6968,0.716618,3.8013,10.3659,0.089375,nan,2.1299,nan,1,1,98.015,nan
closed_eye_2125.jpg_face_2,cerrado,B10,189.2151,0.09132,9.5193,191.6476,1.8363,38.2599,BIEN,26.549,0.836014,2.8784,1.2856,0.103333,0.183756,13.1555,101.2233,1,1,98.113,nan
closed_eye_2125.jpg_face_2,cerrado,B15,189.2151,0.09132,14.4769,200.0353,1.5935,38.433,BIEN,26.144,0.871458,2.7624,5.7184,0.093808,0.163243,2.7252,78.7607,1,1,97.705,nan
closed_eye_2125.jpg_face_2,cerrado,B25,189.2151,0.09132,24.4827,209.6263,1.3074,38.8296,BIEN,21.4336,0.895148,2.7781,10.7873,0.080441,0.104261,11.9123,14.1716,1,1,91.924,nan
closed_eye_2125.jpg_face_2,cerrado,B40,189.2151,0.09132,39.5035,211.8555,1.2648,38.7547,BIEN,20.5659,0.903363,3.4054,11.9654,0.084209,0.094797,7.7867,3.8078,1,1,99.153,nan
closed_eye_2128.BMP_face_1,cerrado,B5,154.021,0.062077,4.3045,143.1799,23.8119,75.5373,BIEN,22.1718,0.711802,4.5535,7.0387,0.034553,nan,44.3384,nan,1,1,279.893,nan
closed_eye_2128.BMP_face_1,cerrado,B10,154.021,0.062077,9.4659,161.4081,21.0914,78.9183,BIEN,25.2816,0.818847,3.8751,4.7962,0.066892,0.141651,7.7568,128.1859,1,1,312.647,nan
closed_eye_2128.BMP_face_1,cerrado,B15,154.021,0.062077,14.4784,167.1405,19.9149,79.2266,BIEN,23.4832,0.849707,3.8732,8.518,0.057055,0.107896,8.0894,73.8105,1,1,314.406,nan
closed_eye_2128.BMP_face_1,cerrado,B25,154.021,0.062077,24.4986,169.0923,19.4203,78.2871,BIEN,22.9768,0.874407,4.38,9.7853,0.060704,0.079223,2.2118,27.6212,1,1,292.269,nan
closed_eye_2128.BMP_face_1,cerrado,B40,154.021,0.062077,39.4816,170.8907,19.2701,78.2751,BIEN,22.2637,0.882186,5.2469,10.9529,0.050589,0.06437,18.5065,3.6943,1,1,319.53,nan
closed_eye_2132.jpg_face_3,cerrado,B5,72.1913,0.038611,4.4425,101.8226,39.1229,62.2453,BIEN,16.0163,0.739762,6.7544,41.0456,0.061035,0.186747,58.0763,383.6598,1,1,856.898,nan
closed_eye_2132.jpg_face_3,cerrado,B10,72.1913,0.038611,9.4737,106.3608,36.964,60.3177,BIEN,15.6755,0.825365,6.9549,47.3319,0.02915,0.12261,24.5026,217.5494,1,1,865.052,nan
closed_eye_2132.jpg_face_3,cerrado,B15,72.1913,0.038611,14.5126,108.8416,36.4093,60.5009,BIEN,15.4541,0.830387,7.2951,50.7683,0.034306,0.11402,11.1503,195.3027,1,1,864.902,nan
closed_eye_2132.jpg_face_3,cerrado,B25,72.1913,0.038611,24.513,111.3124,35.8171,61.0584,BIEN,14.9885,0.831721,8.0701,54.1909,0.029973,0.078909,22.373,104.3692,1,1,850.847,nan
closed_eye_2132.jpg_face_3,cerrado,B40,72.1913,0.038611,39.5058,111.4966,35.6597,60.7761,BIEN,14.9796,0.83423,9.7215,54.4461,0.037574,0.060453,2.6856,56.5678,1,1,845.809,nan
closed_eye_2137.jpg_face_1,cerrado,B5,119.3972,0.051671,4.4674,139.3241,25.8102,66.4942,BIEN,17.8958,0.668326,4.5039,16.6896,0.064965,0.211186,25.7291,308.7159,1,1,96.319,nan
closed_eye_2137.jpg_face_1,cerrado,B10,119.3972,0.051671,9.4302,146.1494,23.4194,65.2843,BIEN,18.4572,0.834464,4.7115,22.406,0.056908,0.108473,10.136,109.9327,1,1,113.284,nan
closed_eye_2137.jpg_face_1,cerrado,B15,119.3972,0.051671,14.4203,144.9576,22.6965,62.7219,BIEN,18.8406,0.876298,5.0592,21.4079,0.055881,0.088779,8.1496,71.8174,1,1,114.943,nan
closed_eye_2137.jpg_face_1,cerrado,B25,119.3972,0.051671,24.5162,146.1333,22.1973,62.6762,BIEN,18.6902,0.893945,5.7031,22.3926,0.051861,0.064561,0.3691,24.9481,1,1,114.022,nan
closed_eye_2137.jpg_face_1,cerrado,B40,119.3972,0.051671,39.4767,142.6499,23.2024,62.0691,BIEN,19.591,0.905791,7.0609,19.4751,0.052492,0.064374,1.5907,24.5859,1,1,112.747,nan
closed_eye_2144.jpg_face_2,cerrado,B5,150.7278,0.090372,4.3742,155.7694,15.6286,58.4732,BIEN,20.7595,0.66872,4.0428,3.3449,0.092358,nan,2.1973,nan,1,1,327.751,nan
closed_eye_2144.jpg_face_2,cerrado,B10,150.7278,0.090372,9.5576,168.643,10.4383,56.7826,BIEN,21.3175,0.85228,3.6334,11.8858,0.083203,0.166101,7.9333,83.7965,1,1,286.854,nan
closed_eye_2144.jpg_face_2,cerrado,B15,150.7278,0.090372,14.4555,172.2623,9.739,56.8407,BIEN,20.8783,0.890158,3.7609,14.2871,0.075786,0.151159,16.1408,67.2631,1,1,319.428,nan
closed_eye_2144.jpg_face_2,cerrado,B25,150.7278,0.090372,24.4962,171.9995,9.3113,56.2972,BIEN,20.9434,0.914436,4.3213,14.1127,0.075522,0.119987,16.4322,32.7693,1,1,323.029,nan
closed_eye_2144.jpg_face_2,cerrado,B40,150.7278,0.090372,39.4886,172.5565,8.9917,56.0074,BIEN,20.7831,0.922118,5.2158,14.4822,0.074344,0.106485,17.7353,17.8296,1,1,324.044,nan
closed_eye_2145.jpg_face_4,cerrado,B5,138.2971,0.060937,4.3489,135.7804,27.4365,71.996,BIEN,23.2805,0.790658,4.6508,1.8197,0.060742,nan,0.3199,nan,1,1,1089.681,nan
closed_eye_2145.jpg_face_4,cerrado,B10,138.2971,0.060937,9.5284,152.1287,25.2811,76.0549,BIEN,21.1215,0.835336,3.9665,10.0014,0.069231,0.148696,13.6108,144.0159,1,1,1104.362,nan
closed_eye_2145.jpg_face_4,cerrado,B15,138.2971,0.060937,14.5076,156.4877,24.1878,75.857,BIEN,20.7221,0.851747,4.1457,13.1533,0.057955,0.114873,4.8933,88.511,1,1,915.919,nan
closed_eye_2145.jpg_face_4,cerrado,B25,138.2971,0.060937,24.4616,159.8107,22.98,75.9245,BIEN,19.8829,0.872788,4.5923,15.5561,0.061656,0.088222,1.1796,44.7752,1,1,1017.294,nan
closed_eye_2145.jpg_face_4,cerrado,B40,138.2971,0.060937,39.4908,162.1995,22.449,75.779,BIEN,19.1749,0.871847,5.4645,17.2834,0.060455,0.074582,0.791,22.3922,1,1,1072.501,nan
closed_eye_2146.jpg_face_1,cerrado,B5,123.7683,0.084317,4.5108,150.4593,14.5363,58.8726,BIEN,16.7011,0.638121,4.1313,21.5653,0.130745,nan,55.0624,nan,1,1,55.78,nan
closed_eye_2146.jpg_face_1,cerrado,B10,123.7683,0.084317,9.4779,153.7025,12.859,56.2977,BIEN,17.6114,0.836498,4.3719,24.1857,0.085588,0.163523,1.5074,93.9371,1,1,58.158,nan
closed_eye_2146.jpg_face_1,cerrado,B15,123.7683,0.084317,14.4566,159.7073,12.1753,56.6302,BIEN,16.4394,0.866904,4.359,29.0373,0.085009,0.136588,0.8206,61.993,1,1,58.241,nan
closed_eye_2146.jpg_face_1,cerrado,B25,123.7683,0.084317,24.4785,159.919,12.0012,55.7789,BIEN,16.2965,0.897761,4.9256,29.2083,0.077346,0.09503,8.2677,12.7052,1,1,58.488,nan
closed_eye_2146.jpg_face_1,cerrado,B40,123.7683,0.084317,39.5142,159.2452,11.9974,55.8765,BIEN,16.5145,0.908961,6.0057,28.664,0.075229,0.082329,10.7791,2.3576,1,1,55.756,nan
closed_eye_2161.jpg_face_1,cerrado,B5,116.4475,0.066513,4.2702,128.0743,29.8895,73.0459,BIEN,20.9619,0.7207,5.3027,9.9846,0.125976,nan,89.4009,nan,1,1,195.84,nan
closed_eye_2161.jpg_face_1,cerrado,B10,116.4475,0.066513,9.5171,136.6266,27.4649,70.9946,BIEN,19.9801,0.859665,5.0472,17.3289,0.059154,0.156994,11.0641,136.0363,1,1,173.774,nan
closed_eye_2161.jpg_face_1,cerrado,B15,116.4475,0.066513,14.458,142.9931,25.8198,72.5139,BIEN,18.5782,0.907288,5.0433,22.7962,0.054499,0.149589,18.0616,124.9023,1,1,197.515,nan
closed_eye_2161.jpg_face_1,cerrado,B25,116.4475,0.066513,24.5005,141.7792,25.7839,70.5219,BIEN,19.0123,0.934363,5.8261,21.7538,0.054849,0.109918,17.5357,65.2582,1,1,202.679,nan
closed_eye_2161.jpg_face_1,cerrado,B40,116.4475,0.066513,39.5054,139.6377,27.229,72.7367,BIEN,19.1759,0.939324,7.0664,19.9147,0.056579,0.09948,14.9348,49.5658,1,1,196.175,nan
closed_eye_2164.jpg_face_1,cerrado,B5,104.5468,0.12596,4.4325,102.8046,45.0494,67.2293,BIEN,20.9349,0.721719,6.9049,1.6665,0.145063,0.214209,15.1659,70.0604,1,1,1074.114,nan
closed_eye_2164.jpg_face_1,cerrado,B10,104.5468,0.12596,9.4595,117.066,41.3704,70.7509,BIEN,20.4892,0.788363,6.2146,11.9748,0.133947,0.186534,6.3407,48.0893,1,1,1269.358,nan
closed_eye_2164.jpg_face_1,cerrado,B15,104.5468,0.12596,14.4851,117.0253,41.0,68.8711,BIEN,20.7404,0.808372,6.6646,11.9358,0.15264,0.177193,21.1808,40.674,1,1,1248.284,nan
closed_eye_2164.jpg_face_1,cerrado,B25,104.5468,0.12596,24.4681,120.406,39.7284,69.9666,BIEN,20.01,0.811122,7.2762,15.1695,0.145494,0.171719,15.5082,36.3278,1,1,1267.909,nan
closed_eye_2164.jpg_face_1,cerrado,B40,104.5468,0.12596,39.4936,121.5195,38.9012,70.0188,BIEN,19.7442,0.814166,8.6524,16.2346,0.147455,0.145075,17.0644,15.1751,1,1,1272.75,nan
closed_eye_2165.jpg_face_1,cerrado,B5,109.6088,0.133331,4.195,124.1034,16.8317,49.7117,BIEN,21.4753,0.815435,6.289,13.2239,nan,nan,nan,nan,1,0,1058.649,nan
closed_eye_2165.jpg_face_1,cerrado,B10,109.6088,0.133331,9.5785,143.8496,8.6634,49.947,BIEN,16.7497,0.869884,5.2007,31.2391,0.11908,0.191875,10.6889,43.9086,1,1,1080.147,nan
closed_eye_2165.jpg_face_1,cerrado,B15,109.6088,0.133331,14.4357,141.1712,10.8515,51.4505,BIEN,17.5123,0.887801,5.6941,28.7955,0.115857,0.178117,13.1058,33.5897,1,1,1081.9,nan
closed_eye_2165.jpg_face_1,cerrado,B25,109.6088,0.133331,24.5646,138.357,10.7723,50.0343,BIEN,18.2017,0.904304,6.5962,26.228,0.109797,0.15855,17.6513,18.9146,1,1,1080.614,nan
closed_eye_2165.jpg_face_1,cerrado,B40,109.6088,0.133331,39.5124,135.2212,12.3663,48.8057,BIEN,19.166,0.917187,8.0843,23.3671,0.117971,0.152307,11.5208,14.2318,1,1,1102.171,nan
closed_eye_2169.jpg_face_1,cerrado,B5,155.1685,0.050424,4.2814,174.7602,2.3168,48.4753,BIEN,18.7527,0.726219,3.4283,12.6261,0.064491,nan,27.8959,nan,1,1,644.579,nan
closed_eye_2169.jpg_face_1,cerrado,B10,155.1685,0.050424,9.4981,168.0547,2.4,44.2493,BIEN,22.7556,0.826848,3.9218,8.3047,0.060826,0.143708,20.6274,184.9955,1,1,731.368,nan
closed_eye_2169.jpg_face_1,cerrado,B15,155.1685,0.050424,14.5194,178.372,1.8432,45.8382,BIEN,19.9813,0.864901,3.6466,14.9538,0.064806,0.119402,28.5213,136.7941,1,1,731.904,nan
closed_eye_2169.jpg_face_1,cerrado,B25,155.1685,0.050424,24.508,178.7457,2.0224,46.0187,BIEN,20.0158,0.878547,4.1756,15.1945,0.057704,0.080953,14.4366,60.5437,1,1,725.584,nan
closed_eye_2169.jpg_face_1,cerrado,B40,155.1685,0.050424,39.4972,172.5215,2.7008,48.0955,BIEN,21.5503,0.893764,5.3603,11.1833,0.062712,0.071518,24.3677,41.8326,1,1,674.582,nan
closed_eye_2181.jpg_face_1,cerrado,B5,128.9069,0.082769,4.4757,150.5129,5.7224,36.4478,BIEN,18.053,0.612956,4.4522,16.7609,0.100002,nan,20.8197,nan,1,1,861.623,nan
closed_eye_2181.jpg_face_1,cerrado,B10,128.9069,0.082769,9.4738,144.2212,6.9188,36.7364,BIEN,21.0174,0.804515,5.2485,11.8802,0.092566,nan,11.8364,nan,1,1,865.726,nan
closed_eye_2181.jpg_face_1,cerrado,B15,128.9069,0.082769,14.4405,138.5883,7.6917,37.9946,BIEN,21.6979,0.84299,5.8583,7.5104,0.084601,0.11943,2.2133,44.293,1,1,865.127,nan
closed_eye_2181.jpg_face_1,cerrado,B25,128.9069,0.082769,24.4612,147.6915,7.1418,39.8702,BIEN,19.5609,0.869144,5.8911,14.5722,0.104412,0.092868,26.1483,12.2008,1,1,844.309,nan
closed_eye_2181.jpg_face_1,cerrado,B40,128.9069,0.082769,39.5019,148.477,7.3945,40.8314,BIEN,19.3167,0.878393,6.8995,15.1816,0.0983,0.076719,18.7639,7.3103,1,1,819.739,nan
closed_eye_2183.jpg_face_1,cerrado,B5,148.3629,0.095608,4.3848,151.3191,16.8588,63.4205,BIEN,21.0982,0.656421,4.1914,1.9926,0.102411,nan,7.1154,nan,1,1,135.977,nan
closed_eye_2183.jpg_face_1,cerrado,B10,148.3629,0.095608,9.5202,160.5101,13.9146,62.0563,BIEN,22.9781,0.81772,3.9686,8.1875,0.09672,0.173526,1.1636,81.4972,1,1,141.521,nan
closed_eye_2183.jpg_face_1,cerrado,B15,148.3629,0.095608,14.4648,167.3989,12.5678,62.2359,BIEN,21.7316,0.872939,3.9531,12.8308,0.084764,0.145475,11.3421,52.1575,1,1,128.016,nan
closed_eye_2183.jpg_face_1,cerrado,B25,148.3629,0.095608,24.4907,171.0623,12.1589,62.5744,BIEN,20.1883,0.880536,4.2999,15.2999,0.075011,0.105895,21.5436,10.7601,1,1,137.297,nan
closed_eye_2183.jpg_face_1,cerrado,B40,148.3629,0.095608,39.4963,172.078,11.7213,62.3982,BIEN,19.9724,0.887616,5.1881,15.9846,0.106134,0.102743,11.0094,7.4624,1,1,135.586,nan
closed_eye_2191.jpg_face_1,cerrado,B5,100.5231,0.058981,4.3218,120.4809,29.6465,61.4268,BIEN,19.0661,0.720487,5.9556,19.854,0.058043,0.156302,1.592,165.0016,1,1,597.8,nan
closed_eye_2191.jpg_face_1,cerrado,B10,100.5231,0.058981,9.4929,130.2165,24.5011,60.4035,BIEN,17.5636,0.834397,5.7068,29.5389,0.063437,0.086217,7.5541,46.176,1,1,561.451,nan
closed_eye_2191.jpg_face_1,cerrado,B15,100.5231,0.058981,14.517,137.6091,21.5436,62.367,BIEN,15.9176,0.827983,5.594,36.8931,0.067642,0.070186,14.6835,18.9972,1,1,610.463,nan
closed_eye_2191.jpg_face_1,cerrado,B25,100.5231,0.058981,24.466,135.6588,21.915,61.1221,BIEN,16.3254,0.84704,6.4437,34.9529,0.064707,0.066029,9.7076,11.9489,1,1,610.352,nan
closed_eye_2191.jpg_face_1,cerrado,B40,100.5231,0.058981,39.4914,137.1918,20.9754,60.9881,BIEN,16.0578,0.849188,7.6069,36.4779,0.06557,0.057443,11.1701,2.6091,1,1,572.902,nan
closed_eye_2192.jpg_face_1,cerrado,B5,126.5422,0.040182,4.3091,136.2184,14.9219,51.6452,BIEN,21.4879,0.69483,5.2466,7.6466,0.259716,nan,546.3403,nan,1,1,266.567,nan
closed_eye_2192.jpg_face_1,cerrado,B10,126.5422,0.040182,9.4671,144.3192,11.9981,50.7802,BIEN,21.5978,0.867751,5.0131,14.0483,0.051964,nan,29.3195,nan,1,1,275.672,nan
closed_eye_2192.jpg_face_1,cerrado,B15,126.5422,0.040182,14.5363,146.6326,11.4166,50.8975,BIEN,20.9316,0.873691,5.2117,15.8764,0.044515,0.098645,10.783,145.4925,1,1,274.108,nan
closed_eye_2192.jpg_face_1,cerrado,B25,126.5422,0.040182,24.4858,146.2798,11.0051,50.9156,BIEN,21.0974,0.90721,5.8828,15.5977,0.044703,0.047593,11.2509,18.441,1,1,269.782,nan
closed_eye_2192.jpg_face_1,cerrado,B40,126.5422,0.040182,39.4866,144.3373,12.2418,51.7395,BIEN,21.6653,0.921185,7.1401,14.0626,0.05337,0.044354,32.8202,10.3825,1,1,269.346,nan
closed_eye_2200.jpg_face_1,cerrado,B5,81.9793,0.043975,4.4234,79.617,52.6311,33.6828,CRITICA,27.5885,0.806968,9.8548,2.8816,0.039205,nan,10.8476,nan,1,1,105.681,nan
closed_eye_2200.jpg_face_1,cerrado,B10,81.9793,0.043975,9.5201,86.0935,44.7578,34.7425,BIEN,30.3601,0.870265,9.6411,5.0186,0.049924,0.176954,13.5268,302.3926,1,1,104.077,nan
closed_eye_2200.jpg_face_1,cerrado,B15,81.9793,0.043975,14.5047,90.888,39.2115,36.235,BIEN,27.1375,0.887922,9.6733,10.8671,0.025998,0.136887,40.88,211.2801,1,1,99.814,nan
closed_eye_2200.jpg_face_1,cerrado,B25,81.9793,0.043975,24.5065,92.5592,36.6133,36.2668,BIEN,26.2277,0.905244,10.6927,12.9057,0.043372,0.095061,1.3724,116.1685,1,1,100.622,nan
closed_eye_2200.jpg_face_1,cerrado,B40,81.9793,0.043975,39.4978,92.7036,35.4916,36.0006,BIEN,26.2616,0.909323,12.8356,13.0818,0.038777,0.068619,11.8217,56.039,1,1,103.835,nan
closed_eye_2215.jpg_face_1,cerrado,B5,118.5646,0.189879,4.543,146.2631,13.3089,54.34,BIEN,17.765,0.74081,4.9015,23.3615,0.136535,nan,28.0935,nan,1,1,68.177,nan
closed_eye_2215.jpg_face_1,cerrado,B10,118.5646,0.189879,9.5004,151.6778,11.69,53.2081,BIEN,17.2554,0.83919,4.8484,27.9283,0.178529,0.22065,5.9774,16.2058,1,1,62.835,nan
closed_eye_2215.jpg_face_1,cerrado,B15,118.5646,0.189879,14.5243,159.3639,9.8982,54.7054,BIEN,15.6219,0.860034,4.6901,34.411,0.151318,0.216936,20.3079,14.2498,1,1,62.862,nan
closed_eye_2215.jpg_face_1,cerrado,B25,118.5646,0.189879,24.5143,162.8746,8.9912,54.96,BIEN,14.9424,0.883264,5.0882,37.372,0.156171,0.20732,17.7525,9.1854,1,1,64.422,nan
closed_eye_2215.jpg_face_1,cerrado,B40,118.5646,0.189879,39.4967,161.2225,9.0582,53.7882,BIEN,15.2745,0.897176,6.1983,35.9785,0.140416,0.188218,26.0497,0.8746,1,1,65.339,nan
closed_eye_2217.jpg_face_1,cerrado,B5,122.9346,0.063938,4.4143,127.1292,23.1946,61.6236,BIEN,21.5462,0.64492,5.3874,3.412,0.051907,nan,18.8167,nan,1,1,93.258,nan
closed_eye_2217.jpg_face_1,cerrado,B10,122.9346,0.063938,9.4233,136.7017,20.0629,61.2438,BIEN,22.9162,0.791344,5.2696,11.1987,0.057238,0.101023,10.4785,58.0018,1,1,98.254,nan
closed_eye_2217.jpg_face_1,cerrado,B15,122.9346,0.063938,14.4773,140.0484,19.3917,61.6188,BIEN,21.7342,0.817937,5.3693,13.9211,0.070497,0.055157,10.259,13.7326,1,1,92.241,nan
closed_eye_2217.jpg_face_1,cerrado,B25,122.9346,0.063938,24.49,141.3308,18.8785,60.7747,BIEN,21.6145,0.843447,6.027,14.9642,0.061956,0.060255,3.0994,5.7596,1,1,96.346,nan
closed_eye_2217.jpg_face_1,cerrado,B40,122.9346,0.063938,39.4903,142.3589,18.9479,61.2595,BIEN,21.1984,0.849805,7.133,15.8005,0.068339,0.069834,6.8839,9.2211,1,1,74.502,nan
closed_eye_2218.jpg_face_1,cerrado,B5,131.955,0.048385,4.4589,126.6231,26.0769,65.6679,BIEN,22.9509,0.751078,5.3168,4.0406,0.050338,nan,4.0367,nan,1,1,594.601,nan
closed_eye_2218.jpg_face_1,cerrado,B10,131.955,0.048385,9.5128,138.7533,23.6627,66.9495,BIEN,26.1024,0.87329,5.0337,5.152,0.052832,0.099224,9.1921,105.0737,1,1,665.203,nan
closed_eye_2218.jpg_face_1,cerrado,B15,131.955,0.048385,14.4598,146.5053,22.6568,68.166,BIEN,22.6773,0.870784,4.8487,11.0268,0.041494,0.072346,14.2414,49.5214,1,1,678.656,nan
closed_eye_2218.jpg_face_1,cerrado,B25,131.955,0.048385,24.5175,149.0398,22.2781,68.1684,BIEN,22.2355,0.887839,5.4426,12.9474,0.049767,0.050438,2.8574,4.2435,1,1,638.61,nan
closed_eye_2218.jpg_face_1,cerrado,B40,131.955,0.048385,39.4748,150.5081,21.9704,68.1473,BIEN,21.6299,0.890842,6.4685,14.0602,0.053187,0.043737,9.9242,9.6067,1,1,683.434,nan
closed_eye_2222.jpg_face_1,cerrado,B5,141.5344,0.074394,4.4769,130.693,11.4083,40.9285,BIEN,19.7568,0.71376,5.3354,7.6599,nan,nan,nan,nan,1,0,1932.367,nan
closed_eye_2222.jpg_face_1,cerrado,B10,141.5344,0.074394,9.5205,141.6843,7.1953,42.266,BIEN,24.5388,0.82883,5.0964,0.1059,nan,0.167672,nan,125.3846,1,0,2139.953,nan
closed_eye_2222.jpg_face_1,cerrado,B15,141.5344,0.074394,14.5276,146.5512,5.3254,42.0438,BIEN,24.6245,0.842278,5.1688,3.5446,nan,0.154415,nan,107.5649,1,0,2083.333,nan
closed_eye_2222.jpg_face_1,cerrado,B25,141.5344,0.074394,24.5191,153.1882,4.355,43.0255,BIEN,23.0907,0.840234,5.4278,8.2338,nan,0.154759,nan,108.0268,1,0,2103.049,nan
closed_eye_2222.jpg_face_1,cerrado,B40,141.5344,0.074394,39.5219,154.1044,4.1893,42.805,BIEN,23.0607,0.845427,6.484,8.8812,nan,0.093443,nan,25.6058,1,0,2062.281,nan
closed_eye_2234.jpg_face_1,cerrado,B5,169.8625,0.109596,4.4711,169.0826,12.8329,66.027,BIEN,20.8457,0.79677,3.4539,0.4591,nan,nan,nan,nan,1,0,2018.164,nan
closed_eye_2234.jpg_face_1,cerrado,B10,169.8625,0.109596,9.4252,190.891,9.8714,66.4147,BIEN,20.5795,0.845476,2.6787,12.3797,nan,nan,nan,nan,1,0,2104.82,nan
closed_eye_2234.jpg_face_1,cerrado,B15,169.8625,0.109596,14.3685,194.1113,9.5271,66.0124,BIEN,19.625,0.841331,2.742,14.2756,nan,0.191471,nan,74.7056,1,0,2089.864,nan
closed_eye_2234.jpg_face_1,cerrado,B25,169.8625,0.109596,24.3528,192.9952,10.3765,69.1403,BIEN,19.4433,0.83567,3.22,13.6185,0.148765,0.158779,35.7387,44.876,1,1,2055.498,nan
closed_eye_2234.jpg_face_1,cerrado,B40,169.8625,0.109596,39.444,193.997,9.8714,67.3829,BIEN,19.3367,0.844055,3.9928,14.2083,0.164585,0.128836,50.1737,17.555,1,1,1979.806,nan
closed_eye_2234.jpg_face_2,cerrado,B5,141.5498,0.092124,4.4367,154.4676,16.5895,74.6874,BIEN,19.7064,0.793149,4.028,9.126,0.116906,nan,26.9001,nan,1,1,1891.79,nan
closed_eye_2234.jpg_face_2,cerrado,B10,141.5498,0.092124,9.3885,160.32,12.963,71.9055,BIEN,20.8,0.85165,3.966,13.2605,0.105343,0.150463,14.349,63.3267,1,1,1859.082,nan
closed_eye_2234.jpg_face_2,cerrado,B15,141.5498,0.092124,14.3544,159.5515,13.0787,70.9593,BIEN,21.3984,0.862931,4.3249,12.7176,0.091602,0.131018,0.5671,42.2188,1,1,1917.913,nan
closed_eye_2234.jpg_face_2,cerrado,B25,141.5498,0.092124,24.4099,164.1867,12.7508,70.8805,BIEN,19.7759,0.849436,4.6732,15.9922,0.099832,0.124991,8.3666,35.6762,1,1,1933.862,nan
closed_eye_2234.jpg_face_2,cerrado,B40,141.5498,0.092124,39.4763,164.0268,12.5386,71.5125,BIEN,19.6321,0.847731,5.6447,15.8793,0.098151,0.103423,6.5424,12.2644,1,1,1897.173,nan
closed_eye_2243.jpg_face_2,cerrado,B5,123.0546,0.137512,4.415,141.0051,13.8695,47.5133,BIEN,19.5717,0.729868,4.877,14.5874,nan,nan,nan,nan,1,0,869.036,nan
closed_eye_2243.jpg_face_2,cerrado,B10,123.0546,0.137512,9.4883,114.0908,26.4782,56.4168,BIEN,19.5857,0.778502,6.7242,7.2844,0.134628,nan,2.0971,nan,1,1,865.576,nan
closed_eye_2243.jpg_face_2,cerrado,B15,123.0546,0.137512,14.4028,101.6976,30.4252,52.3011,BIEN,18.8523,0.82977,8.0139,17.3557,0.128521,0.169451,6.5383,23.2271,1,1,879.275,nan
closed_eye_2243.jpg_face_2,cerrado,B25,123.0546,0.137512,24.5024,109.3929,27.9035,52.4629,BIEN,20.8508,0.880801,8.3543,11.1021,0.138381,0.149272,0.6326,8.5525,1,1,867.604,nan
closed_eye_2243.jpg_face_2,cerrado,B40,123.0546,0.137512,39.5095,109.0226,27.7939,51.9632,BIEN,21.3241,0.900123,9.872,11.403,0.10809,nan,21.3956,nan,1,1,781.433,nan
closed_eye_2249.jpg_face_1,cerrado,B5,93.7601,0.108118,4.391,128.9412,15.3181,42.6768,BIEN,15.9834,0.712303,5.8532,37.5224,0.171799,0.204229,58.8998,88.8946,1,1,1588.31,nan
closed_eye_2249.jpg_face_1,cerrado,B10,93.7601,0.108118,9.49,134.5999,14.2605,45.4889,BIEN,14.9536,0.795387,5.7354,43.5577,0.135954,0.184995,25.7465,71.1049,1,1,1580.028,nan
closed_eye_2249.jpg_face_1,cerrado,B15,93.7601,0.108118,14.4621,129.0643,15.7186,42.9592,BIEN,15.8017,0.818919,6.3749,37.6537,0.127495,0.177208,17.9224,63.9026,1,1,1585.791,nan
closed_eye_2249.jpg_face_1,cerrado,B25,93.7601,0.108118,24.4809,124.0966,20.5256,45.3567,BIEN,16.4862,0.837875,7.4476,32.3554,0.128062,0.148943,18.4465,37.76,1,1,1537.515,nan
closed_eye_2249.jpg_face_1,cerrado,B40,93.7601,0.108118,39.5039,124.5118,19.6763,45.0377,BIEN,16.4557,0.85009,8.7621,32.7982,0.133802,0.136483,23.7558,26.2357,1,1,1568.381,nan
closed_eye_2255.jpg_face_1,cerrado,B5,131.8768,0.10617,4.2674,123.2158,28.8558,63.8729,BIEN,22.0298,0.756562,5.7942,6.5675,0.085887,nan,19.1045,nan,1,1,59.458,nan
closed_eye_2255.jpg_face_1,cerrado,B10,131.8768,0.10617,9.5089,142.4073,26.321,67.7717,BIEN,24.4902,0.881002,4.8352,7.9851,0.101998,0.129355,3.9299,21.8375,1,1,47.907,nan
closed_eye_2255.jpg_face_1,cerrado,B15,131.8768,0.10617,14.4288,144.592,25.9153,67.7039,BIEN,24.4035,0.9191,5.0325,9.6417,0.104398,0.104425,1.6693,1.6438,1,1,43.621,nan
closed_eye_2255.jpg_face_1,cerrado,B25,131.8768,0.10617,24.4792,148.8767,25.3108,68.776,BIEN,22.3769,0.937996,5.4433,12.8908,0.105407,0.078389,0.7186,26.1663,1,1,39.105,nan
closed_eye_2255.jpg_face_1,cerrado,B40,131.8768,0.10617,39.4765,148.3854,25.6808,69.7571,BIEN,22.247,0.948418,6.5533,12.5182,0.101426,0.103738,4.4679,2.2909,1,1,53.935,nan
closed_eye_2256.jpg_face_1,cerrado,B5,131.5673,0.038476,4.1931,136.9081,20.3051,59.2153,BIEN,22.5349,0.798323,5.2812,4.0594,0.062073,nan,61.3321,nan,1,1,898.23,nan
closed_eye_2256.jpg_face_1,cerrado,B10,131.5673,0.038476,9.5468,150.7373,15.209,58.241,BIEN,20.8118,0.858407,4.6272,14.5705,0.042774,0.149306,11.1731,288.0539,1,1,801.154,nan
closed_eye_2256.jpg_face_1,cerrado,B15,131.5673,0.038476,14.4478,151.8339,14.68,57.6783,BIEN,21.1408,0.884159,4.8814,15.404,0.032311,0.107591,16.0224,179.6353,1,1,725.058,nan
closed_eye_2256.jpg_face_1,cerrado,B25,131.5673,0.038476,24.498,156.3205,13.1987,57.9937,BIEN,19.6763,0.878354,5.2671,18.8141,0.035831,0.072159,6.8746,87.5449,1,1,822.639,nan
closed_eye_2256.jpg_face_1,cerrado,B40,131.5673,0.038476,39.4795,156.2731,13.5073,58.1145,BIEN,19.5942,0.882586,6.3018,18.7781,0.045898,0.055465,19.2919,44.1552,1,1,858.516,nan
closed_eye_2259.jpg_face_1,cerrado,B5,98.6708,0.056768,4.3455,115.9137,30.8882,74.9646,BIEN,19.8181,0.657585,5.8482,17.4752,0.075031,0.198313,32.1711,249.3391,1,1,249.308,nan
closed_eye_2259.jpg_face_1,cerrado,B10,98.6708,0.056768,9.4536,122.3004,29.5006,72.7743,BIEN,18.7056,0.862152,5.7534,23.948,0.046982,0.134982,17.2389,137.7783,1,1,281.65,nan
closed_eye_2259.jpg_face_1,cerrado,B15,98.6708,0.056768,14.4835,124.1919,29.2689,73.5887,BIEN,18.2356,0.889875,6.0084,25.8649,0.0515,0.095223,9.2798,67.7402,1,1,319.734,nan
closed_eye_2259.jpg_face_1,cerrado,B25,98.6708,0.056768,24.5116,126.7911,28.9567,73.0719,BIEN,17.7117,0.903317,6.66,28.4991,0.037206,0.066715,34.4591,17.5223,1,1,310.106,nan
closed_eye_2259.jpg_face_1,cerrado,B40,98.6708,0.056768,39.489,126.6878,28.925,72.6969,BIEN,17.7918,0.910651,8.0597,28.3944,0.038555,0.053462,32.0829,5.8239,1,1,288.226,nan
closed_eye_2261.jpg_face_3,cerrado,B5,156.3343,0.133277,4.3816,135.7573,10.3567,39.2873,BIEN,18.0187,0.691764,5.3888,13.1621,0.107377,nan,19.4331,nan,1,1,341.239,nan
closed_eye_2261.jpg_face_3,cerrado,B10,156.3343,0.133277,9.4675,160.7808,4.2173,40.0409,BIEN,26.4701,0.844851,4.2052,2.8442,nan,0.197956,nan,48.5304,1,0,378.158,nan
closed_eye_2261.jpg_face_3,cerrado,B15,156.3343,0.133277,14.4735,169.6089,3.2027,40.0666,BIEN,24.1332,0.871686,4.0067,8.4911,0.113017,0.183751,15.2008,37.8719,1,1,366.367,nan
closed_eye_2261.jpg_face_3,cerrado,B25,156.3343,0.133277,24.4554,170.199,3.6334,41.1578,BIEN,24.001,0.881407,4.544,8.8686,0.120328,0.149688,9.7155,12.3136,1,1,367.094,nan
closed_eye_2261.jpg_face_3,cerrado,B40,156.3343,0.133277,39.4612,171.7628,3.7259,42.1079,BIEN,23.016,0.89065,5.3882,9.8689,0.12162,0.140455,8.7462,5.3863,1,1,381.971,nan
closed_eye_2288.jpg_face_1,cerrado,B5,171.3805,0.05587,4.4096,149.6333,12.7795,52.4738,BIEN,18.4783,0.709037,4.4834,12.6895,0.069486,nan,24.3722,nan,1,1,561.577,nan
closed_eye_2288.jpg_face_1,cerrado,B10,171.3805,0.05587,9.4472,192.4638,4.8418,59.4737,BIEN,20.3447,0.810525,2.5944,12.302,0.057886,0.115861,3.6085,107.3771,1,1,597.729,nan
closed_eye_2288.jpg_face_1,cerrado,B15,171.3805,0.05587,14.4841,197.6772,4.4032,59.3281,BIEN,19.2038,0.859746,2.5962,15.344,0.06427,0.085626,15.0347,53.2597,1,1,603.865,nan
closed_eye_2288.jpg_face_1,cerrado,B25,171.3805,0.05587,24.5015,196.382,4.0076,58.2096,BIEN,19.7242,0.888789,3.1433,14.5882,0.04778,0.05856,14.4789,4.8149,1,1,411.658,nan
closed_eye_2288.jpg_face_1,cerrado,B40,171.3805,0.05587,39.5221,198.5893,4.0033,58.2583,BIEN,18.9643,0.887907,3.8099,15.8762,0.051412,0.066789,7.9784,19.5446,1,1,584.864,nan
closed_eye_2295.jpg_face_1,cerrado,B5,136.5331,0.045818,4.3647,130.7764,20.3434,62.9168,BIEN,21.3624,0.703561,5.2471,4.2163,0.057317,0.199413,25.0957,335.2264,1,1,281.12,nan
closed_eye_2295.jpg_face_1,cerrado,B10,136.5331,0.045818,9.4547,146.0148,15.2563,64.5064,BIEN,24.7411,0.834148,4.6569,6.9446,0.039841,0.135682,13.0458,196.1301,1,1,285.168,nan
closed_eye_2295.jpg_face_1,cerrado,B15,136.5331,0.045818,14.4924,149.8472,14.2077,64.2579,BIEN,23.5,0.866822,4.7269,9.7516,0.067024,0.11826,46.2812,158.1072,1,1,268.572,nan
closed_eye_2295.jpg_face_1,cerrado,B25,136.5331,0.045818,24.4984,153.1939,13.6004,64.5043,BIEN,22.3638,0.879575,5.2163,12.2027,0.027649,0.066585,39.6554,45.3235,1,1,291.681,nan
closed_eye_2295.jpg_face_1,cerrado,B40,136.5331,0.045818,39.4909,155.1864,13.2322,64.4451,BIEN,21.5755,0.887862,6.1778,13.6621,0.036924,0.051191,19.4127,11.7271,1,1,295.508,nan
closed_eye_2301.jpg_face_1,cerrado,B5,43.1758,0.048715,4.4119,64.55,77.2891,55.6947,CRITICA,17.814,0.719941,9.8647,49.5051,0.055454,nan,13.8345,nan,1,1,923.873,nan
closed_eye_2301.jpg_face_1,cerrado,B10,43.1758,0.048715,9.5075,68.1768,72.2768,54.7459,CRITICA,17.4956,0.822774,10.3731,57.9053,0.061987,0.108981,27.2439,123.712,1,1,883.392,nan
closed_eye_2301.jpg_face_1,cerrado,B15,43.1758,0.048715,14.516,69.5184,70.7453,54.8121,CRITICA,17.2618,0.826587,11.0112,61.0126,0.062992,0.077821,29.3069,59.7479,1,1,911.079,nan
closed_eye_2301.jpg_face_1,cerrado,B25,43.1758,0.048715,24.489,70.4403,68.2883,54.6383,CRITICA,17.1075,0.831705,12.6557,63.1478,0.063329,0.060206,29.9987,23.5878,1,1,837.731,nan
closed_eye_2301.jpg_face_1,cerrado,B40,43.1758,0.048715,39.4855,70.3432,69.1482,54.2893,CRITICA,17.1919,0.839455,16.1567,62.9228,0.052005,0.049544,6.7533,1.7014,1,1,921.319,nan
closed_eye_2303.jpg_face_1,cerrado,B5,154.6067,0.029491,4.1972,146.6076,12.0869,50.0928,BIEN,21.4825,0.74218,4.9231,5.1738,0.033646,nan,14.0914,nan,1,1,103.078,nan
closed_eye_2303.jpg_face_1,cerrado,B10,154.6067,0.029491,9.5622,162.4171,9.5555,50.9724,BIEN,25.7679,0.846256,4.1644,5.0518,0.026236,0.105009,11.0382,256.0729,1,1,109.623,nan
closed_eye_2303.jpg_face_1,cerrado,B15,154.6067,0.029491,14.4729,171.902,8.7305,52.3688,BIEN,22.6566,0.87648,3.9975,11.1867,0.04194,0.060644,42.2136,105.6389,1,1,112.952,nan
closed_eye_2303.jpg_face_1,cerrado,B25,154.6067,0.029491,24.4627,173.79,8.3286,51.7382,BIEN,21.963,0.902209,4.4472,12.4078,0.046313,0.037895,57.0429,28.4971,1,1,121.547,nan
closed_eye_2303.jpg_face_1,cerrado,B40,154.6067,0.029491,39.4834,176.4734,8.2399,52.0168,BIEN,20.9451,0.908051,5.2213,14.1435,0.041057,0.01953,39.2203,33.7772,1,1,112.483,nan
closed_eye_2303.jpg_face_2,cerrado,B5,157.8703,0.061307,4.1835,149.7666,9.5874,46.7807,BIEN,21.1598,0.725958,4.8,5.1331,nan,nan,nan,nan,1,0,147.241,nan
closed_eye_2303.jpg_face_2,cerrado,B10,157.8703,0.061307,9.5916,169.7872,6.377,46.9473,BIEN,24.3097,0.833298,3.8232,7.5485,0.045691,nan,25.4724,nan,1,1,146.871,nan
closed_eye_2303.jpg_face_2,cerrado,B15,157.8703,0.061307,14.431,176.5521,5.9003,47.3698,BIEN,22.3285,0.860949,3.7949,11.8337,0.060921,0.1079,0.631,75.9983,1,1,146.709,nan
closed_eye_2303.jpg_face_2,cerrado,B25,157.8703,0.061307,24.4569,179.568,5.6111,46.9176,BIEN,21.1234,0.886913,4.1674,13.744,0.052414,0.077269,14.5056,26.0356,1,1,147.665,nan
closed_eye_2303.jpg_face_2,cerrado,B40,157.8703,0.061307,39.4951,181.8289,5.5984,47.1475,BIEN,20.3252,0.892966,4.9339,15.1761,0.04731,0.057696,22.8324,5.8905,1,1,146.787,nan
closed_eye_2304.jpg_face_16,cerrado,B5,114.0628,0.097198,4.4476,131.5729,16.8554,52.0723,BIEN,18.9749,0.779443,5.168,15.3512,0.075159,0.190266,22.6747,95.7505,1,1,1536.806,nan
closed_eye_2304.jpg_face_16,cerrado,B10,114.0628,0.097198,9.4876,148.4932,13.4405,53.1022,BIEN,16.6332,0.801446,4.7517,30.1855,0.06912,0.140409,28.8878,44.4564,1,1,1707.65,nan
closed_eye_2304.jpg_face_16,cerrado,B15,114.0628,0.097198,14.3981,147.0013,12.8013,51.4333,BIEN,16.8625,0.825965,5.101,28.8775,0.075086,0.123976,22.7499,27.549,1,1,1554.002,nan
closed_eye_2304.jpg_face_16,cerrado,B25,114.0628,0.097198,24.4929,151.5696,12.1987,51.9567,BIEN,15.8185,0.821144,5.46,32.8825,0.077599,0.100148,20.1644,3.0351,1,1,1670.286,nan
closed_eye_2304.jpg_face_16,cerrado,B40,114.0628,0.097198,39.5057,155.4421,11.8335,53.1061,BIEN,14.9969,0.818039,6.2474,36.2776,0.072732,0.107554,25.1715,10.6536,1,1,1575.547,nan
closed_eye_2313.jpg_face_1,cerrado,B5,129.9658,0.137139,4.4418,153.6638,16.5261,62.0838,BIEN,17.2613,0.681743,3.8096,18.234,0.087586,nan,36.1335,nan,1,1,179.205,nan
closed_eye_2313.jpg_face_1,cerrado,B10,129.9658,0.137139,9.5349,164.2425,14.3639,61.7096,BIEN,16.7604,0.786294,3.8188,26.3736,0.124753,0.149848,9.0313,9.2676,1,1,198.145,nan
closed_eye_2313.jpg_face_1,cerrado,B15,129.9658,0.137139,14.4006,163.7165,13.8601,59.7544,BIEN,16.9309,0.849664,4.0834,25.9689,0.129414,0.144542,5.6327,5.3985,1,1,204.257,nan
closed_eye_2313.jpg_face_1,cerrado,B25,129.9658,0.137139,24.4906,167.8094,13.0913,59.9227,BIEN,15.9361,0.858794,4.4239,29.1181,0.107615,0.122348,21.5281,10.7852,1,1,202.601,nan
closed_eye_2313.jpg_face_1,cerrado,B40,129.9658,0.137139,39.5012,168.6103,12.803,59.5215,BIEN,15.756,0.870181,5.3252,29.7343,0.106898,0.126129,22.051,8.0282,1,1,178.712,nan
closed_eye_2313.jpg_face_2,cerrado,B5,107.6707,0.090695,4.5309,135.9517,19.6361,62.3274,BIEN,16.1067,0.696007,4.6434,26.2662,0.102369,nan,12.8719,nan,1,1,199.517,nan
closed_eye_2313.jpg_face_2,cerrado,B10,107.6707,0.090695,9.46,144.2184,17.6234,61.8162,BIEN,16.0123,0.789977,4.8166,33.9439,0.097263,0.133338,7.2421,47.0183,1,1,219.655,nan
closed_eye_2313.jpg_face_2,cerrado,B15,107.6707,0.090695,14.4126,148.0419,16.3395,61.7217,BIEN,15.1246,0.816105,4.8411,37.4951,0.085612,0.127133,5.6041,40.1766,1,1,221.024,nan
closed_eye_2313.jpg_face_2,cerrado,B25,107.6707,0.090695,24.4951,149.1039,15.9198,61.1579,BIEN,14.9728,0.835102,5.4623,38.4814,0.106276,0.112781,17.18,24.3526,1,1,212.585,nan
closed_eye_2313.jpg_face_2,cerrado,B40,107.6707,0.090695,39.484,148.1831,15.9098,60.253,BIEN,15.1389,0.847607,6.6385,37.6262,0.089245,0.101362,1.5987,11.7615,1,1,221.616,nan
closed_eye_2317.jpg_face_1,cerrado,B5,116.3069,0.079537,4.3566,121.2702,42.8711,86.6039,BIEN,22.0915,0.755466,5.2392,4.2674,0.133886,0.182953,68.3316,130.0236,1,1,288.659,nan
closed_eye_2317.jpg_face_1,cerrado,B10,116.3069,0.079537,9.4999,127.4877,40.2612,83.899,BIEN,22.5383,0.81686,5.2546,9.6132,0.137569,0.177051,72.9628,122.602,1,1,287.101,nan
closed_eye_2317.jpg_face_1,cerrado,B15,116.3069,0.079537,14.4654,129.8021,39.5848,83.417,BIEN,22.4446,0.852002,5.5236,11.6031,0.087722,0.157792,10.2909,98.3891,1,1,279.634,nan
closed_eye_2317.jpg_face_1,cerrado,B25,116.3069,0.079537,24.5223,133.1873,38.3321,83.6493,BIEN,21.1107,0.858262,6.0703,14.5137,0.115796,0.128846,45.5875,61.9956,1,1,284.917,nan
closed_eye_2317.jpg_face_1,cerrado,B40,116.3069,0.079537,39.4977,134.2147,37.9205,83.4771,BIEN,20.9471,0.863501,7.3095,15.397,0.116813,0.125268,46.8659,57.4972,1,1,293.841,nan
closed_eye_2338.jpg_face_1,cerrado,B5,163.5271,0.048344,4.4379,149.8253,8.0551,45.8227,BIEN,19.7818,0.654555,4.4782,8.3789,0.053089,nan,9.8166,nan,1,1,494.047,nan
closed_eye_2338.jpg_face_1,cerrado,B10,163.5271,0.048344,9.3457,176.7856,4.9917,47.3683,BIEN,23.5299,0.849452,3.4803,8.1078,0.056162,0.121222,16.1724,150.7516,1,1,479.754,nan
closed_eye_2338.jpg_face_1,cerrado,B15,163.5271,0.048344,14.4562,181.6251,4.1579,46.1722,BIEN,22.0129,0.868189,3.4534,11.0672,0.050476,0.080663,4.4117,66.8547,1,1,482.486,nan
closed_eye_2338.jpg_face_1,cerrado,B25,163.5271,0.048344,24.4626,186.6709,3.4747,46.2572,BIEN,20.4717,0.889765,3.7401,14.1528,0.049172,0.067447,1.7142,39.5171,1,1,448.732,nan
closed_eye_2338.jpg_face_1,cerrado,B40,163.5271,0.048344,39.5041,188.8115,3.3425,46.1796,BIEN,19.6542,0.895401,4.452,15.4619,0.045764,0.048282,5.3355,0.1265,1,1,485.248,nan
closed_eye_2339.jpg_face_1,cerrado,B5,47.3516,0.070317,4.4429,91.7161,44.0356,53.3158,BIEN,13.2718,0.58096,7.8471,93.6916,0.101641,0.184982,44.547,163.07,1,1,169.958,nan
closed_eye_2339.jpg_face_1,cerrado,B10,47.3516,0.070317,9.4846,102.7503,38.5888,55.6838,BIEN,11.8546,0.583601,7.4578,116.9942,0.071326,0.166901,1.436,137.3568,1,1,184.795,nan
closed_eye_2339.jpg_face_1,cerrado,B15,47.3516,0.070317,14.5025,101.7973,38.586,53.4573,BIEN,12.1146,0.592465,8.0791,114.9816,0.062615,0.158527,10.9534,125.4475,1,1,188.879,nan
closed_eye_2339.jpg_face_1,cerrado,B25,47.3516,0.070317,24.5016,102.0313,38.5005,53.4468,BIEN,12.081,0.569088,9.1043,115.4758,0.058528,0.110046,16.7648,56.5001,1,1,190.578,nan
closed_eye_2339.jpg_face_1,cerrado,B40,47.3516,0.070317,39.4823,102.8967,37.9281,53.3988,BIEN,11.9809,0.576541,10.859,117.3034,0.068706,0.089584,2.2905,27.4014,1,1,175.423,nan
closed_eye_2356.jpg_face_1,cerrado,B5,99.2505,0.024313,4.3084,134.3823,29.0991,76.7213,BIEN,15.942,0.785054,4.9742,35.3972,0.026241,nan,7.9338,nan,1,1,742.611,nan
closed_eye_2356.jpg_face_1,cerrado,B10,99.2505,0.024313,9.5111,140.1671,28.6405,75.8758,BIEN,14.7702,0.829739,4.8603,41.2256,0.027048,0.131442,11.2507,440.6346,1,1,849.113,nan
closed_eye_2356.jpg_face_1,cerrado,B15,99.2505,0.024313,14.4785,143.2304,28.2391,76.426,BIEN,14.2108,0.841092,4.9872,44.3121,0.021244,0.088559,12.6232,264.251,1,1,854.19,nan
closed_eye_2356.jpg_face_1,cerrado,B25,99.2505,0.024313,24.553,146.1395,27.6249,76.0368,BIEN,13.8449,0.844676,5.546,47.2431,0.021118,0.04721,13.139,94.1781,1,1,918.189,nan
closed_eye_2356.jpg_face_1,cerrado,B40,99.2505,0.024313,39.5007,146.8188,27.5512,76.0229,BIEN,13.714,0.846196,6.6325,47.9275,0.026583,0.028664,9.3407,17.8966,1,1,913.576,nan
closed_eye_2358.jpg_face_2,cerrado,B5,154.2831,0.062112,4.3834,150.1525,13.1811,51.4273,BIEN,20.5197,0.638341,4.4594,2.6773,0.160074,nan,157.7193,nan,1,1,182.618,nan
closed_eye_2358.jpg_face_2,cerrado,B10,154.2831,0.062112,9.5207,164.8146,8.633,51.8086,BIEN,23.6266,0.817001,3.9158,6.826,0.068697,0.190011,10.6017,205.918,1,1,193.735,nan
closed_eye_2358.jpg_face_2,cerrado,B15,154.2831,0.062112,14.4619,174.4673,6.8676,52.1975,BIEN,21.3345,0.857782,3.7409,13.0826,0.067441,0.148881,8.5808,139.6999,1,1,196.959,nan
closed_eye_2358.jpg_face_2,cerrado,B25,154.2831,0.062112,24.4724,176.4206,6.751,52.4861,BIEN,20.5798,0.877497,4.1699,14.3486,0.065538,0.105027,5.516,69.0945,1,1,198.008,nan
closed_eye_2358.jpg_face_2,cerrado,B40,154.2831,0.062112,39.5116,179.3208,6.4437,53.331,BIEN,19.5956,0.880968,4.8968,16.2284,0.064412,0.064249,3.7035,3.4408,1,1,194.674,nan
closed_eye_2363.jpg_face_1,cerrado,B5,100.1597,0.11565,4.4675,124.1968,4.0679,40.6961,BIEN,17.3839,0.667004,5.9453,23.9988,0.174281,nan,50.6968,nan,1,1,495.909,nan
closed_eye_2363.jpg_face_1,cerrado,B10,100.1597,0.11565,9.3697,128.3915,2.8372,42.4915,BIEN,18.1465,0.816385,6.2036,28.1868,0.140457,0.221469,21.4503,91.4997,1,1,523.588,nan
closed_eye_2363.jpg_face_1,cerrado,B15,100.1597,0.11565,14.5064,129.7776,2.4423,42.7647,BIEN,17.583,0.837317,6.4207,29.5707,0.086831,0.199144,24.9188,72.1961,1,1,471.965,nan
closed_eye_2363.jpg_face_1,cerrado,B25,100.1597,0.11565,24.4295,132.4457,2.1432,42.5611,BIEN,17.0113,0.8555,6.9788,32.2345,0.099111,0.175438,14.301,51.6972,1,1,513.189,nan
closed_eye_2363.jpg_face_1,cerrado,B40,100.1597,0.11565,39.4374,128.7459,4.0411,43.6255,BIEN,17.6014,0.870309,8.5053,28.5406,0.096486,0.145339,16.5705,25.6715,1,1,499.65,nan
closed_eye_2367.jpg_face_1,cerrado,B5,121.3948,0.128038,4.6588,155.2455,6.1322,48.8074,BIEN,15.3383,0.732595,3.8262,27.8848,0.133453,nan,4.2288,nan,1,1,895.095,nan
closed_eye_2367.jpg_face_1,cerrado,B10,121.3948,0.128038,9.4123,154.9625,5.2066,47.8181,BIEN,16.6469,0.835045,4.3226,27.6517,0.135104,0.195291,5.5181,52.5254,1,1,875.733,nan
closed_eye_2367.jpg_face_1,cerrado,B15,121.3948,0.128038,14.4741,153.8827,6.4132,49.5039,BIEN,16.6022,0.849313,4.6029,26.7622,0.12539,0.175538,2.0683,37.0983,1,1,808.8,nan
closed_eye_2367.jpg_face_1,cerrado,B25,121.3948,0.128038,24.5179,148.359,8.281,50.4786,BIEN,17.4397,0.878123,5.4852,22.212,0.123385,0.158052,3.6346,23.4408,1,1,746.436,nan
closed_eye_2367.jpg_face_1,cerrado,B40,121.3948,0.128038,39.4921,146.4264,9.3802,51.0198,BIEN,17.7339,0.888167,6.6715,20.62,0.123851,0.147448,3.2705,15.1589,1,1,868.131,nan
closed_eye_2372.jpg_face_1,cerrado,B5,85.7308,0.13536,4.4558,132.7431,25.8889,69.269,BIEN,13.4244,0.67949,5.0262,54.837,0.081253,nan,39.9726,nan,1,1,2261.932,nan
closed_eye_2372.jpg_face_1,cerrado,B10,85.7308,0.13536,9.4339,144.0494,23.9167,68.038,BIEN,11.9633,0.727326,4.6791,68.0252,0.082155,0.177797,39.3063,31.3517,1,1,2261.42,nan
closed_eye_2372.jpg_face_1,cerrado,B15,85.7308,0.13536,14.4478,142.1244,23.9722,64.8802,BIEN,12.1308,0.750709,5.0763,65.7798,0.094061,0.163032,30.5103,20.4438,1,1,2174.859,nan
closed_eye_2372.jpg_face_1,cerrado,B25,85.7308,0.13536,24.5092,145.2103,23.75,66.2258,BIEN,11.7076,0.741304,5.5793,69.3793,0.090478,0.159799,33.1572,18.0554,1,1,2075.119,nan
closed_eye_2372.jpg_face_1,cerrado,B40,85.7308,0.13536,39.4394,146.8181,23.4167,66.4241,BIEN,11.5143,0.736624,6.6235,71.2547,0.077122,0.135549,43.0242,0.1402,1,1,2298.85,nan
closed_eye_2372.jpg_face_2,cerrado,B5,92.6805,0.150862,4.4752,162.2733,6.4635,43.3924,BIEN,11.1864,0.579401,4.0348,75.0889,nan,nan,nan,nan,1,0,2343.567,nan
closed_eye_2372.jpg_face_2,cerrado,B10,92.6805,0.150862,9.3672,162.0369,4.4014,37.532,BIEN,10.9402,0.677507,4.0979,74.8339,nan,nan,nan,nan,1,0,2284.148,nan
closed_eye_2372.jpg_face_2,cerrado,B15,92.6805,0.150862,14.4574,157.5537,5.4171,37.6844,BIEN,11.4061,0.70185,4.6166,69.9966,nan,0.21385,nan,41.7523,1,0,2399.232,nan
closed_eye_2372.jpg_face_2,cerrado,B25,92.6805,0.150862,24.4685,160.0486,5.5402,38.4362,BIEN,11.0453,0.7103,5.0544,72.6885,nan,0.198069,nan,31.2918,1,0,1597.189,nan
closed_eye_2372.jpg_face_2,cerrado,B40,92.6805,0.150862,39.4749,161.8138,5.3247,38.8174,BIEN,10.8172,0.707207,5.9415,74.5931,nan,0.18118,nan,20.0967,1,0,2224.694,nan
closed_eye_2377.jpg_face_2,cerrado,B5,80.971,0.036359,4.5173,90.0405,45.4283,38.972,BIEN,22.5912,0.541465,8.461,11.2009,0.030916,0.154832,14.9702,325.8428,1,1,59.902,nan
closed_eye_2377.jpg_face_2,cerrado,B10,80.971,0.036359,9.4832,93.8914,41.5923,38.5159,BIEN,22.9236,0.59022,8.7353,15.9569,0.030641,0.113069,15.7269,210.9796,1,1,68.101,nan
closed_eye_2377.jpg_face_2,cerrado,B15,80.971,0.036359,14.5041,96.4825,38.174,38.94,BIEN,22.0854,0.592528,9.0085,19.1569,0.029712,0.072802,18.2823,100.2306,1,1,69.947,nan
closed_eye_2377.jpg_face_2,cerrado,B25,80.971,0.036359,24.4726,96.0902,39.1772,39.0057,BIEN,22.289,0.590079,10.169,18.6724,0.039371,0.046437,8.285,27.7177,1,1,68.371,nan
closed_eye_2377.jpg_face_2,cerrado,B40,80.971,0.036359,39.5004,97.0901,37.974,39.1021,BIEN,21.9357,0.587091,12.0457,19.9072,0.03771,0.033786,3.7157,7.0765,1,1,69.256,nan
closed_eye_2379.jpg_face_1,cerrado,B5,147.3346,0.062132,4.3916,134.6018,31.032,79.2961,BIEN,21.2806,0.680663,4.7357,8.6421,0.085803,nan,38.0975,nan,1,1,2.365,nan
closed_eye_2379.jpg_face_1,cerrado,B10,147.3346,0.062132,9.3736,151.4983,29.4963,81.3404,BIEN,26.4885,0.828517,4.1098,2.826,0.083024,0.149431,33.6238,140.5045,1,1,2.606,nan
closed_eye_2379.jpg_face_1,cerrado,B15,147.3346,0.062132,14.5008,162.6392,28.7649,82.4683,BIEN,23.1289,0.872524,3.8405,10.3877,0.064204,0.11371,3.3341,83.0131,1,1,2.583,nan
closed_eye_2379.jpg_face_1,cerrado,B25,147.3346,0.062132,24.4944,164.2063,28.4218,83.3319,BIEN,22.1782,0.898011,4.3182,11.4513,0.054684,0.082838,11.9884,33.3258,1,1,2.541,nan
closed_eye_2379.jpg_face_1,cerrado,B40,147.3346,0.062132,39.4534,166.3999,28.1424,83.1412,BIEN,21.2963,0.909799,5.1734,12.9402,0.061665,0.057097,0.7521,8.1035,1,1,2.561,nan
closed_eye_2383.jpg_face_2,cerrado,B5,144.3658,0.075292,4.3662,147.551,12.8972,49.8543,BIEN,21.7192,0.732799,4.8113,2.2064,0.081419,0.219939,8.1382,192.1158,1,1,148.441,nan
closed_eye_2383.jpg_face_2,cerrado,B10,144.3658,0.075292,9.3975,156.9015,11.3796,49.2744,BIEN,23.3948,0.823827,4.3307,8.6833,0.073679,0.157876,2.1423,109.6852,1,1,201.24,nan
closed_eye_2383.jpg_face_2,cerrado,B15,144.3658,0.075292,14.4762,157.8174,11.0344,48.9192,BIEN,24.2478,0.881257,4.606,9.3177,0.074393,0.142052,1.1933,88.6686,1,1,174.283,nan
closed_eye_2383.jpg_face_2,cerrado,B25,144.3658,0.075292,24.5289,165.6273,9.8546,49.9909,BIEN,20.8771,0.884706,4.7409,14.7275,0.080878,0.107615,7.4191,42.9307,1,1,226.557,nan
closed_eye_2383.jpg_face_2,cerrado,B40,144.3658,0.075292,39.4936,166.8695,9.6793,49.8865,BIEN,20.6355,0.89254,5.6627,15.588,0.071359,0.097894,5.2237,30.0201,1,1,228.055,nan
closed_eye_2384.jpg_face_1,cerrado,B5,104.523,0.062131,4.3567,122.6483,36.7637,79.683,BIEN,19.836,0.781488,5.3986,17.341,0.065291,0.168634,5.0859,171.4182,1,1,990.491,nan
closed_eye_2384.jpg_face_1,cerrado,B10,104.523,0.062131,9.4633,127.128,35.6999,77.42,BIEN,18.9769,0.826198,5.4243,21.6269,0.05171,0.099333,16.7722,59.8775,1,1,1097.936,nan
closed_eye_2384.jpg_face_1,cerrado,B15,104.523,0.062131,14.4894,127.9654,35.2744,76.6801,BIEN,18.8008,0.835008,5.7433,22.428,0.053118,0.101539,14.5064,63.4283,1,1,1124.101,nan
closed_eye_2384.jpg_face_1,cerrado,B25,104.523,0.062131,24.5018,130.8143,34.3561,77.3622,BIEN,18.0874,0.836646,6.3431,25.1537,0.052256,0.083139,15.894,33.8126,1,1,765.462,nan
closed_eye_2384.jpg_face_1,cerrado,B40,104.523,0.062131,39.4662,130.1877,34.7592,78.2664,BIEN,18.0954,0.840756,7.6723,24.5542,0.053685,0.068948,13.5935,10.972,1,1,901.795,nan
closed_eye_2386.jpg_face_1,cerrado,B5,99.11,0.074554,4.4295,111.9835,35.8116,69.288,BIEN,21.1648,0.824057,6.1349,12.9891,0.113203,0.198648,51.84,166.4482,1,1,1043.188,nan
closed_eye_2386.jpg_face_1,cerrado,B10,99.11,0.074554,9.4783,117.4398,33.7618,68.9853,BIEN,20.8693,0.893187,6.1977,18.4943,0.089301,0.149362,19.7804,100.34,1,1,1072.846,nan
closed_eye_2386.jpg_face_1,cerrado,B15,99.11,0.074554,14.5014,116.9268,33.651,67.7774,BIEN,21.1067,0.902191,6.6271,17.9767,0.071889,0.129486,3.5751,73.6801,1,1,1064.623,nan
closed_eye_2386.jpg_face_1,cerrado,B25,99.11,0.074554,24.5291,119.7009,32.8753,68.2086,BIEN,20.2832,0.905322,7.3091,20.7758,0.087052,0.082149,16.7636,10.1871,1,1,1146.789,nan
closed_eye_2386.jpg_face_1,cerrado,B40,99.11,0.074554,39.5087,119.3575,32.8643,67.6667,BIEN,20.4758,0.910605,8.8559,20.4292,0.078473,0.090103,5.256,20.8556,1,1,1123.596,nan
closed_eye_2395.jpg_face_1,cerrado,B5,108.3073,0.090225,4.3963,134.1428,27.4926,75.8204,BIEN,17.835,0.736593,4.9056,23.8538,0.080356,nan,10.9387,nan,1,1,622.665,nan
closed_eye_2395.jpg_face_1,cerrado,B10,108.3073,0.090225,9.4145,136.3327,25.8143,70.613,BIEN,17.4461,0.837172,4.8938,25.8758,0.091407,0.194083,1.3096,115.1096,1,1,566.219,nan
closed_eye_2395.jpg_face_1,cerrado,B15,108.3073,0.090225,14.5006,137.5391,25.9251,70.8007,BIEN,17.5189,0.88693,5.2451,26.9897,0.081594,0.157584,9.5658,74.6565,1,1,634.196,nan
closed_eye_2395.jpg_face_1,cerrado,B25,108.3073,0.090225,24.5228,138.6754,25.4647,69.9294,BIEN,17.2385,0.914687,5.8835,28.0388,0.100415,0.133102,11.2936,47.5219,1,1,609.83,nan
closed_eye_2395.jpg_face_1,cerrado,B40,108.3073,0.090225,39.4977,139.5384,25.3948,69.9304,BIEN,17.1444,0.924394,7.0668,28.8356,0.093486,0.122141,3.6141,35.3741,1,1,635.001,nan
closed_eye_2395.jpg_face_2,cerrado,B5,130.6033,0.051108,4.3861,162.7645,7.8464,53.1079,BIEN,16.3594,0.720346,3.8089,24.6251,nan,nan,nan,nan,1,0,551.268,nan
closed_eye_2395.jpg_face_2,cerrado,B10,130.6033,0.051108,9.4232,160.039,6.6527,46.2613,BIEN,17.8517,0.872033,4.1437,22.5382,0.061981,nan,21.2766,nan,1,1,516.529,nan
closed_eye_2395.jpg_face_2,cerrado,B15,130.6033,0.051108,14.5525,164.3761,6.1482,46.7811,BIEN,17.347,0.892814,4.2992,25.8591,0.057605,0.190986,12.7143,273.6953,1,1,551.755,nan
closed_eye_2395.jpg_face_2,cerrado,B25,130.6033,0.051108,24.5066,168.318,5.6688,46.6204,BIEN,16.202,0.903427,4.595,28.8773,0.062257,0.151185,21.8165,195.8171,1,1,583.669,nan
closed_eye_2395.jpg_face_2,cerrado,B40,130.6033,0.051108,39.4931,169.7441,5.5689,46.7618,BIEN,15.9627,0.906806,5.4812,29.9692,0.066558,0.102616,30.2323,100.7845,1,1,556.948,nan
closed_eye_2403.jpg_face_1,cerrado,B5,152.9531,0.06349,4.355,142.0231,14.5525,49.8919,BIEN,20.3972,0.72529,4.9612,7.146,0.054211,nan,14.616,nan,1,1,1018.123,nan
closed_eye_2403.jpg_face_1,cerrado,B10,152.9531,0.06349,9.4096,163.1185,10.0222,50.1607,BIEN,24.46,0.840714,4.0168,6.6461,0.048719,0.155889,23.2661,145.5312,1,1,1027.221,nan
closed_eye_2403.jpg_face_1,cerrado,B15,152.9531,0.06349,14.5276,165.973,10.3365,50.9435,BIEN,24.0943,0.87198,4.1304,8.5123,0.069214,0.125113,9.0145,97.058,1,1,1031.885,nan
closed_eye_2403.jpg_face_1,cerrado,B25,152.9531,0.06349,24.4938,169.0909,10.0962,52.8112,BIEN,22.5709,0.877119,4.5228,10.5508,0.049526,0.103521,21.9943,63.0492,1,1,1053.963,nan
closed_eye_2403.jpg_face_1,cerrado,B40,152.9531,0.06349,39.4637,169.0818,10.4567,53.7683,BIEN,22.3961,0.880348,5.4659,10.5449,0.04687,0.078465,26.1774,23.5851,1,1,980.008,nan
closed_eye_2413.jpg_face_1,cerrado,B5,181.2258,0.098434,4.3263,181.4613,2.5216,44.6076,BIEN,22.7368,0.754795,2.8772,0.1299,nan,nan,nan,nan,1,0,280.552,nan
closed_eye_2413.jpg_face_1,cerrado,B10,181.2258,0.098434,9.495,201.0765,1.612,42.87,BIEN,20.6119,0.816909,2.1804,10.9535,0.159061,nan,61.592,nan,1,1,277.994,nan
closed_eye_2413.jpg_face_1,cerrado,B15,181.2258,0.098434,14.5189,213.7826,1.3705,41.7673,BIEN,17.4993,0.827104,1.9224,17.9648,0.099911,nan,1.5012,nan,1,1,305.792,nan
closed_eye_2413.jpg_face_1,cerrado,B25,181.2258,0.098434,24.4917,212.0653,1.3486,41.3418,BIEN,18.0448,0.859643,2.4437,17.0171,0.107396,0.186459,9.1053,89.4261,1,1,282.087,nan
closed_eye_2413.jpg_face_1,cerrado,B40,181.2258,0.098434,39.4847,211.9417,1.3681,41.4845,BIEN,18.0317,0.869926,3.1659,16.9489,0.119631,0.169446,21.5343,72.1426,1,1,317.39,nan
closed_eye_2413.jpg_face_3,cerrado,B5,172.0687,0.040913,4.3219,169.255,6.985,50.9614,BIEN,22.0861,0.720874,3.3136,1.6352,nan,nan,nan,nan,1,0,256.951,nan
closed_eye_2413.jpg_face_3,cerrado,B10,172.0687,0.040913,9.5835,185.2749,4.4459,50.6065,BIEN,22.4901,0.821971,2.7547,7.675,0.064984,nan,58.8338,nan,1,1,259.403,nan
closed_eye_2413.jpg_face_3,cerrado,B15,172.0687,0.040913,14.4874,201.6957,3.6076,52.6732,BIEN,18.1505,0.832056,2.323,17.2181,0.054176,nan,32.4174,nan,1,1,268.341,nan
closed_eye_2413.jpg_face_3,cerrado,B25,172.0687,0.040913,24.4831,199.6679,3.7329,52.4726,BIEN,18.6838,0.862907,2.8722,16.0397,0.055125,0.100126,34.7351,144.7269,1,1,265.386,nan
closed_eye_2413.jpg_face_3,cerrado,B40,172.0687,0.040913,39.5103,201.3292,3.5773,51.9127,BIEN,18.1976,0.869097,3.5566,17.0051,0.041616,0.054927,1.7162,34.2527,1,1,266.134,nan
closed_eye_2440.jpg_face_1,cerrado,B5,114.7499,0.048612,4.481,143.0116,29.9005,78.8386,BIEN,15.6706,0.690246,3.9395,24.6289,0.063641,nan,30.9146,nan,1,1,366.032,nan
closed_eye_2440.jpg_face_1,cerrado,B10,114.7499,0.048612,9.4706,151.4182,25.9752,78.2041,BIEN,15.6501,0.778494,4.1144,31.955,0.049757,0.203945,2.3545,319.5319,1,1,364.485,nan
closed_eye_2440.jpg_face_1,cerrado,B15,114.7499,0.048612,14.353,149.1691,25.3008,75.6533,BIEN,16.0146,0.802069,4.4944,29.995,0.054613,0.09289,12.3426,91.0829,1,1,352.709,nan
closed_eye_2440.jpg_face_1,cerrado,B25,114.7499,0.048612,24.4996,149.7907,24.9006,75.7844,BIEN,15.8654,0.804935,5.1184,30.5367,0.051464,0.072863,5.8663,49.8857,1,1,374.799,nan
closed_eye_2440.jpg_face_1,cerrado,B40,114.7499,0.048612,39.5316,149.8153,25.0075,75.6086,BIEN,15.778,0.809235,6.1883,30.5581,0.052546,0.070131,8.0919,44.2657,1,1,349.785,nan
closed_eye_2448.jpg_face_1,cerrado,B5,194.4485,0.025297,4.4057,202.6114,3.8721,49.8405,BIEN,18.8283,0.620005,2.1626,4.198,0.060055,nan,137.398,nan,1,1,1831.837,nan
closed_eye_2448.jpg_face_1,cerrado,B10,194.4485,0.025297,9.3199,207.1929,2.6936,44.6838,BIEN,22.8017,0.78781,2.2033,6.5541,0.050182,0.235164,98.3682,829.6045,1,1,2154.708,nan
closed_eye_2448.jpg_face_1,cerrado,B15,194.4485,0.025297,14.5539,208.5896,3.468,45.1748,BIEN,21.8903,0.776552,2.3182,7.2724,nan,0.110428,nan,336.5229,1,0,2479.544,nan
closed_eye_2448.jpg_face_1,cerrado,B25,194.4485,0.025297,24.4215,213.8286,2.3906,44.7022,BIEN,20.5012,0.782775,2.5277,9.9667,nan,0.083646,nan,230.6516,1,0,2337.541,nan
closed_eye_2448.jpg_face_1,cerrado,B40,194.4485,0.025297,39.5013,210.7094,3.6364,46.6484,BIEN,21.369,0.791696,3.3751,8.3626,0.05673,0.044905,124.2524,77.5082,1,1,2365.744,nan
closed_eye_2461.jpg_face_1,cerrado,B5,164.8005,0.135761,4.3448,167.0649,3.216,46.6006,BIEN,20.6362,0.751493,3.8323,1.3741,nan,nan,nan,nan,1,0,989.707,nan
closed_eye_2461.jpg_face_1,cerrado,B10,164.8005,0.135761,9.5264,171.0216,2.4387,45.3855,BIEN,23.3005,0.817637,3.7214,3.775,0.124149,nan,8.5529,nan,1,1,1466.276,nan
closed_eye_2461.jpg_face_1,cerrado,B15,164.8005,0.135761,14.552,180.1123,1.7071,46.0813,BIEN,22.4921,0.870527,3.584,9.2911,0.113479,0.146717,16.4126,8.0701,1,1,1229.71,nan
closed_eye_2461.jpg_face_1,cerrado,B25,164.8005,0.135761,24.5251,180.1318,1.9357,46.8344,BIEN,22.5153,0.876592,4.0924,9.303,0.129143,0.121285,4.8746,10.6629,1,1,1375.137,nan
closed_eye_2461.jpg_face_1,cerrado,B40,164.8005,0.135761,39.4829,180.4633,2.2862,47.7354,BIEN,22.1344,0.883526,4.9185,9.5041,0.133809,0.120219,1.4376,11.4478,1,1,973.805,nan
closed_eye_2463.jpg_face_2,cerrado,B5,179.9869,0.104842,4.4997,178.8504,9.2625,59.3756,BIEN,22.0672,0.737342,2.7055,0.6314,0.119067,0.16421,13.5686,56.627,1,1,238.413,nan
closed_eye_2463.jpg_face_2,cerrado,B10,179.9869,0.104842,9.5652,190.943,8.468,60.4764,BIEN,24.0264,0.823828,2.4343,6.0872,0.113515,0.122712,8.2733,17.0449,1,1,251.56,nan
closed_eye_2463.jpg_face_2,cerrado,B15,179.9869,0.104842,14.5393,198.0001,8.0794,61.7564,BIEN,22.0965,0.863859,2.3489,10.008,0.096303,0.107604,8.144,2.6349,1,1,254.771,nan
closed_eye_2463.jpg_face_2,cerrado,B25,179.9869,0.104842,24.5224,201.9917,7.8197,62.0145,BIEN,20.6838,0.880153,2.6559,12.2258,0.103726,0.094583,1.0643,9.7848,1,1,256.502,nan
closed_eye_2463.jpg_face_2,cerrado,B40,179.9869,0.104842,39.5636,205.4709,7.5812,62.0255,BIEN,19.5066,0.880157,3.2658,14.1588,0.095504,0.091755,8.9059,12.4821,1,1,248.608,nan
closed_eye_2464.jpg_face_2,cerrado,B5,71.9415,0.058709,4.4733,95.3281,44.1049,46.9486,BIEN,18.2334,0.792716,7.9864,32.5078,0.07372,nan,25.5678,nan,1,1,1476.669,nan
closed_eye_2464.jpg_face_2,cerrado,B10,71.9415,0.058709,9.4636,94.2056,44.2593,46.1793,BIEN,19.042,0.861188,8.5718,30.9474,0.052068,0.133399,11.3119,127.2184,1,1,1453.7,nan
closed_eye_2464.jpg_face_2,cerrado,B15,71.9415,0.058709,14.481,95.7736,43.9815,48.6295,BIEN,18.2289,0.869452,8.8109,33.127,0.073714,0.104573,25.5578,78.1188,1,1,1365.001,nan
closed_eye_2464.jpg_face_2,cerrado,B25,71.9415,0.058709,24.4901,90.9272,46.8056,48.8581,BIEN,19.1451,0.889944,10.3045,26.3904,0.066911,0.082869,13.9706,41.151,1,1,1234.111,nan
closed_eye_2464.jpg_face_2,cerrado,B40,71.9415,0.058709,39.5321,92.1978,46.5895,49.924,BIEN,18.6409,0.884893,12.084,28.1567,0.066175,0.063747,12.7168,8.5801,1,1,1501.051,nan
closed_eye_2466.jpg_face_1,cerrado,B5,138.7548,0.066253,4.3995,129.9216,17.5752,52.4153,BIEN,21.4346,0.68938,5.5778,6.366,0.064551,nan,2.5686,nan,1,1,270.49,nan
closed_eye_2466.jpg_face_1,cerrado,B10,138.7548,0.066253,9.4595,151.122,14.102,56.3127,BIEN,23.2221,0.841614,4.4552,8.913,0.069478,0.107471,4.8675,62.2142,1,1,274.514,nan
closed_eye_2466.jpg_face_1,cerrado,B15,138.7548,0.066253,14.4773,153.7015,13.5146,56.3436,BIEN,23.2724,0.876287,4.6976,10.772,0.074032,0.087601,11.7424,32.2221,1,1,286.213,nan
closed_eye_2466.jpg_face_1,cerrado,B25,138.7548,0.066253,24.4774,158.9921,12.7915,56.4962,BIEN,21.0438,0.884543,4.9796,14.5849,0.068928,0.078646,4.0378,18.7055,1,1,290.495,nan
closed_eye_2466.jpg_face_1,cerrado,B40,138.7548,0.066253,39.5156,159.1979,12.9094,57.3037,BIEN,20.991,0.891464,5.9949,14.7332,0.061302,0.064075,7.473,3.2864,1,1,259.518,nan
closed_eye_2476.jpg_face_1,cerrado,B5,132.222,0.095415,4.3896,148.9152,24.3771,80.7668,BIEN,18.6466,0.605342,3.8194,12.6252,0.093976,nan,1.5081,nan,1,1,99.269,nan
closed_eye_2476.jpg_face_1,cerrado,B10,132.222,0.095415,9.3483,158.3873,23.4267,80.3149,BIEN,18.5435,0.809617,3.8185,19.7889,0.086029,0.157777,9.837,65.3585,1,1,127.087,nan
closed_eye_2476.jpg_face_1,cerrado,B15,132.222,0.095415,14.4726,158.7888,23.2575,78.5454,BIEN,18.1977,0.864097,4.0091,20.0926,0.093404,0.100602,2.1074,5.4358,1,1,87.827,nan
closed_eye_2476.jpg_face_1,cerrado,B25,132.222,0.095415,24.5448,162.7203,22.901,78.8578,BIEN,17.5564,0.883928,4.4746,23.066,0.093131,0.095004,2.3943,0.4308,1,1,131.154,nan
closed_eye_2476.jpg_face_1,cerrado,B40,132.222,0.095415,39.481,163.5082,22.6937,78.0972,BIEN,17.2011,0.892587,5.3779,23.6618,0.095291,0.087342,0.1301,8.4607,1,1,127.197,nan
closed_eye_2481.jpg_face_1,cerrado,B5,188.0671,0.075312,4.3961,191.213,0.7729,44.1266,BIEN,20.4654,0.764012,2.4116,1.6728,0.170973,nan,127.02,nan,1,1,2993.116,nan
closed_eye_2481.jpg_face_1,cerrado,B10,188.0671,0.075312,9.3725,197.9556,1.8841,47.2356,BIEN,21.0917,0.830498,2.5678,5.2579,0.079288,0.198208,5.2796,163.1826,1,1,3027.551,nan
closed_eye_2481.jpg_face_1,cerrado,B15,188.0671,0.075312,14.4691,196.6048,2.029,48.5862,BIEN,21.6349,0.845534,2.69,4.5397,0.103314,0.150382,37.1812,99.6788,1,1,3172.589,nan
closed_eye_2481.jpg_face_1,cerrado,B25,188.0671,0.075312,24.4309,191.7454,2.5121,49.6461,BIEN,22.0671,0.863414,3.3826,1.9558,0.081908,0.13891,8.7586,84.4457,1,1,3095.017,nan
closed_eye_2481.jpg_face_1,cerrado,B40,188.0671,0.075312,39.4879,193.4111,2.6087,50.9573,BIEN,22.1692,0.86603,4.0645,2.8415,0.080256,0.122808,6.5652,63.0661,1,1,2888.504,nan
closed_eye_2488.jpg_face_1,cerrado,B5,166.3644,0.055689,4.4201,179.1515,4.3404,51.8428,BIEN,19.22,0.696884,3.0621,7.6862,0.076972,nan,38.2169,nan,1,1,670.511,nan
closed_eye_2488.jpg_face_1,cerrado,B10,166.3644,0.055689,9.4985,177.8529,3.9798,48.0142,BIEN,22.7137,0.808237,3.3575,6.9056,0.071317,0.160938,28.0632,188.9953,1,1,726.058,nan
closed_eye_2488.jpg_face_1,cerrado,B15,166.3644,0.055689,14.4783,185.97,2.8718,48.1987,BIEN,21.2596,0.831696,3.2556,11.7847,0.07482,0.136,34.3534,144.2131,1,1,744.602,nan
closed_eye_2488.jpg_face_1,cerrado,B25,166.3644,0.055689,24.478,189.0106,3.0685,48.9742,BIEN,20.0994,0.836456,3.5916,13.6124,0.074138,0.10102,33.1288,81.4,1,1,752.276,nan
closed_eye_2488.jpg_face_1,cerrado,B40,166.3644,0.055689,39.4999,189.4854,3.193,49.8333,BIEN,19.8318,0.841508,4.3764,13.8978,0.071915,0.087372,29.137,56.8927,1,1,734.538,nan
closed_eye_2491.jpg_face_1,cerrado,B5,163.7509,0.048206,4.4734,172.4085,7.5135,59.7598,BIEN,19.9211,0.647713,3.0495,5.287,0.101491,0.199545,110.5372,313.9472,1,1,492.902,nan
closed_eye_2491.jpg_face_1,cerrado,B10,163.7509,0.048206,9.4986,174.8451,6.1413,55.858,BIEN,23.0699,0.744204,3.3185,6.775,0.062019,0.174331,28.6555,261.6403,1,1,496.007,nan
closed_eye_2491.jpg_face_1,cerrado,B15,163.7509,0.048206,14.4682,180.0304,5.5175,55.2837,BIEN,21.9279,0.752818,3.3706,9.9416,0.064921,0.111371,34.6755,131.0346,1,1,507.872,nan
closed_eye_2491.jpg_face_1,cerrado,B25,163.7509,0.048206,24.4742,183.7616,5.0078,54.715,BIEN,20.6697,0.756378,3.7056,12.2202,0.05705,0.085327,18.348,77.0076,1,1,498.703,nan
closed_eye_2491.jpg_face_1,cerrado,B40,163.7509,0.048206,39.5127,186.1831,4.7975,54.2712,BIEN,20.0007,0.751836,4.4567,13.6989,0.060446,0.067524,25.3913,40.0762,1,1,498.579,nan
closed_eye_2495.jpg_face_1,cerrado,B5,181.2672,0.069288,4.2988,180.3999,3.7541,43.6041,BIEN,21.1515,0.666055,3.0852,0.4784,0.308402,nan,345.1023,nan,1,1,230.25,nan
closed_eye_2495.jpg_face_1,cerrado,B10,181.2672,0.069288,9.3104,208.766,2.8331,45.5851,BIEN,19.3827,0.800275,2.158,15.1703,0.075456,nan,8.9024,nan,1,1,357.513,nan
closed_eye_2495.jpg_face_1,cerrado,B15,181.2672,0.069288,14.3774,206.0753,2.7575,44.3049,BIEN,20.0608,0.831622,2.4154,13.686,0.080408,0.130132,16.0494,87.8137,1,1,333.545,nan
closed_eye_2495.jpg_face_1,cerrado,B25,181.2672,0.069288,24.497,211.8131,2.7071,45.0909,BIEN,18.3502,0.859743,2.6011,16.8513,0.073271,0.094754,5.748,36.7541,1,1,346.212,nan
closed_eye_2495.jpg_face_1,cerrado,B40,181.2672,0.069288,39.4931,213.6844,2.6903,45.3608,BIEN,17.715,0.868926,3.2175,17.8837,0.077574,0.073378,11.9584,5.9034,1,1,372.093,nan
closed_eye_2500.jpg_face_1,cerrado,B5,169.9372,0.091824,4.4942,166.1529,13.5802,67.8748,BIEN,21.0215,0.727501,3.1871,2.2269,nan,nan,nan,nan,1,0,473.821,nan
closed_eye_2500.jpg_face_1,cerrado,B10,169.9372,0.091824,9.514,184.8421,10.4294,67.5016,BIEN,22.1043,0.838944,2.7845,8.7708,0.082226,0.174804,10.4525,90.3679,1,1,512.453,nan
closed_eye_2500.jpg_face_1,cerrado,B15,169.9372,0.091824,14.4286,187.3707,9.9788,67.3137,BIEN,21.3422,0.886375,2.8367,10.2587,0.087701,0.163543,4.4908,78.1049,1,1,492.999,nan
closed_eye_2500.jpg_face_1,cerrado,B25,169.9372,0.091824,24.5259,190.7196,9.4562,66.2992,BIEN,20.4256,0.892997,3.2291,12.2294,0.073859,0.147594,19.5651,60.7353,1,1,503.88,nan
closed_eye_2500.jpg_face_1,cerrado,B40,169.9372,0.091824,39.523,191.3732,9.4713,65.8513,BIEN,20.1289,0.900615,4.0038,12.6141,0.074992,0.146318,18.3309,59.3462,1,1,478.744,nan
closed_eye_2501.jpg_face_2,cerrado,B5,135.0347,0.076908,4.3651,134.6064,30.334,81.7995,BIEN,22.4639,0.753566,4.7396,0.3172,0.070469,0.183772,8.3734,138.9492,1,1,572.541,nan
closed_eye_2501.jpg_face_2,cerrado,B10,135.0347,0.076908,9.4007,156.2722,26.3974,87.7016,BIEN,19.6646,0.859189,3.7637,15.7275,0.08388,0.091836,9.0648,19.4088,1,1,471.542,nan
closed_eye_2501.jpg_face_2,cerrado,B15,135.0347,0.076908,14.4606,157.3747,25.4047,86.8116,BIEN,19.6717,0.888067,4.0114,16.5439,0.080939,0.077061,5.2401,0.1977,1,1,508.544,nan
closed_eye_2501.jpg_face_2,cerrado,B25,135.0347,0.076908,24.5095,158.534,24.9792,86.0584,BIEN,19.4242,0.905516,4.5962,17.4024,0.081673,0.077666,6.1951,0.9845,1,1,553.526,nan
closed_eye_2501.jpg_face_2,cerrado,B40,135.0347,0.076908,39.4881,159.1379,24.4902,85.6712,BIEN,19.2315,0.907828,5.5881,17.8497,0.08294,0.081639,7.8427,6.1514,1,1,505.766,nan
closed_eye_2504.jpg_face_1,cerrado,B5,182.442,0.091014,4.2918,180.9244,6.524,52.6954,BIEN,19.7838,0.680326,2.9621,0.8318,nan,nan,nan,nan,1,0,593.437,nan
closed_eye_2504.jpg_face_1,cerrado,B10,182.442,0.091014,9.4296,197.7961,5.1303,51.7017,BIEN,21.7342,0.779828,2.4292,8.4159,0.108502,nan,19.2146,nan,1,1,577.901,nan
closed_eye_2504.jpg_face_1,cerrado,B15,182.442,0.091014,14.4303,199.585,3.808,49.98,BIEN,21.8171,0.814713,2.588,9.3964,nan,0.164023,nan,80.2168,1,0,588.998,nan
closed_eye_2504.jpg_face_1,cerrado,B25,182.442,0.091014,24.4551,203.4709,3.3745,49.4668,BIEN,20.4736,0.815453,2.895,11.5263,0.108298,0.214046,18.9898,135.1784,1,1,602.991,nan
closed_eye_2504.jpg_face_1,cerrado,B40,182.442,0.091014,39.4697,202.9118,3.4678,50.1091,BIEN,20.6012,0.825723,3.6698,11.2199,0.10074,0.201885,10.6857,121.8173,1,1,626.331,nan
closed_eye_2506.jpg_face_1,cerrado,B5,143.0911,0.114048,4.4141,153.9674,20.4427,75.4274,BIEN,19.2854,0.773674,3.7977,7.601,0.140377,nan,23.0857,nan,1,1,3280.84,nan
closed_eye_2506.jpg_face_1,cerrado,B10,143.0911,0.114048,9.3663,163.7578,16.9271,74.1,BIEN,18.9654,0.832537,3.6765,14.443,0.124163,0.191867,8.8695,68.2337,1,1,2575.992,nan
closed_eye_2506.jpg_face_1,cerrado,B15,143.0911,0.114048,14.4488,164.3824,15.8854,73.0727,BIEN,18.8793,0.828821,3.9217,14.8795,0.139003,0.177383,21.8811,55.5336,1,1,3276.54,nan
closed_eye_2506.jpg_face_1,cerrado,B25,143.0911,0.114048,24.4575,164.4579,16.1024,73.5806,BIEN,18.8974,0.836383,4.5143,14.9323,0.154442,0.178841,35.419,56.8124,1,1,2885.17,nan
closed_eye_2506.jpg_face_1,cerrado,B40,143.0911,0.114048,39.4761,165.4701,15.9722,73.6957,BIEN,18.5221,0.835572,5.4105,15.6396,0.156498,0.156433,37.2213,37.1641,1,1,1816.86,nan
closed_eye_2511.jpg_face_1,cerrado,B5,121.9924,0.133789,4.3823,139.2808,23.2828,70.9804,BIEN,18.971,0.824517,4.363,14.1717,nan,nan,nan,nan,1,0,3225.806,nan
closed_eye_2511.jpg_face_1,cerrado,B10,121.9924,0.133789,9.4717,139.7323,21.6162,67.8209,BIEN,20.4335,0.853688,4.8031,14.5418,0.135765,nan,1.4766,nan,1,1,2431.315,nan
closed_eye_2511.jpg_face_1,cerrado,B15,121.9924,0.133789,14.4268,134.3449,22.9293,66.8606,BIEN,22.2238,0.869345,5.4318,10.1256,0.17475,0.195209,30.6156,45.9076,1,1,3369.272,nan
closed_eye_2511.jpg_face_1,cerrado,B25,121.9924,0.133789,24.5434,134.7768,22.3737,66.028,BIEN,22.3691,0.875356,6.1718,10.4796,0.137314,0.166948,2.6345,24.7839,1,1,3063.726,nan
closed_eye_2511.jpg_face_1,cerrado,B40,121.9924,0.133789,39.4914,135.6914,22.5253,66.7234,BIEN,21.8444,0.874125,7.3145,11.2294,0.144042,0.132706,7.6635,0.8097,1,1,3285.151,nan
closed_eye_2518.jpg_face_1,cerrado,B5,153.8036,0.069134,4.4062,159.9038,23.1602,86.3704,BIEN,20.5771,0.656087,3.237,3.9662,0.061542,nan,10.9816,nan,1,1,641.026,nan
closed_eye_2518.jpg_face_1,cerrado,B10,153.8036,0.069134,9.3859,172.0459,21.8453,86.5842,BIEN,20.4218,0.796132,3.049,11.8608,0.071194,0.111721,2.9796,61.6018,1,1,633.072,nan
closed_eye_2518.jpg_face_1,cerrado,B15,153.8036,0.069134,14.3598,177.9544,21.1103,86.9551,BIEN,18.9258,0.837315,3.0169,15.7024,0.065539,0.08738,5.1996,26.3932,1,1,522.821,nan
closed_eye_2518.jpg_face_1,cerrado,B25,153.8036,0.069134,24.5117,179.6191,20.7359,85.7632,BIEN,18.544,0.844431,3.4943,16.7847,0.060122,0.066964,13.035,3.1379,1,1,568.796,nan
closed_eye_2518.jpg_face_1,cerrado,B40,153.8036,0.069134,39.4662,179.6279,20.7314,85.3382,BIEN,18.5166,0.850959,4.3719,16.7905,0.063307,0.057228,8.4278,17.2211,1,1,607.201,nan
closed_eye_2530.jpg_face_1,cerrado,B5,150.8136,0.041113,4.332,148.212,30.4212,76.6801,BIEN,21.7649,0.693432,4.1145,1.7251,0.085261,nan,107.3806,nan,1,1,81.64,nan
closed_eye_2530.jpg_face_1,cerrado,B10,150.8136,0.041113,9.2538,173.0062,24.7965,83.5761,BIEN,19.7842,0.83315,3.1423,14.7152,0.044831,0.088442,9.0425,115.1181,1,1,82.33,nan
closed_eye_2530.jpg_face_1,cerrado,B15,150.8136,0.041113,14.4536,173.3922,23.6532,81.8693,BIEN,19.7497,0.873427,3.3601,14.9712,0.036016,0.044743,12.3981,8.8298,1,1,88.9,nan
closed_eye_2530.jpg_face_1,cerrado,B25,150.8136,0.041113,24.3932,177.024,21.6484,81.5221,BIEN,18.9626,0.905094,3.7595,17.3793,0.04158,0.031394,1.135,23.6399,1,1,88.375,nan
closed_eye_2530.jpg_face_1,cerrado,B40,150.8136,0.041113,39.5137,178.5944,20.4758,81.1204,BIEN,18.4003,0.90853,4.5661,18.4206,0.040112,0.031317,2.4347,23.828,1,1,85.678,nan
closed_eye_2534.jpg_face_1,cerrado,B5,105.2161,0.075382,4.3146,102.3292,22.5542,41.3834,BIEN,22.7165,0.77751,7.5655,2.7438,0.081921,nan,8.6736,nan,1,1,924.385,nan
closed_eye_2534.jpg_face_1,cerrado,B10,105.2161,0.075382,9.5614,109.8412,16.6632,41.9503,BIEN,23.1627,0.821016,7.3554,4.3958,0.079058,nan,4.8765,nan,1,1,919.033,nan
closed_eye_2534.jpg_face_1,cerrado,B15,105.2161,0.075382,14.4597,108.9219,16.9051,41.3228,BIEN,23.7354,0.859305,7.9123,3.5222,0.08119,0.163693,7.7038,117.1513,1,1,738.225,nan
closed_eye_2534.jpg_face_1,cerrado,B25,105.2161,0.075382,24.4333,108.6863,16.5895,40.1854,BIEN,24.3571,0.890254,8.873,3.2982,0.061567,0.104019,18.3264,37.9883,1,1,1007.658,nan
closed_eye_2534.jpg_face_1,cerrado,B40,105.2161,0.075382,39.4971,106.2839,19.0196,40.9606,BIEN,24.2681,0.897142,10.684,1.0149,0.068527,0.071226,9.0936,5.5134,1,1,855.286,nan
closed_eye_2544.BMP_face_1,cerrado,B5,206.2478,0.046468,4.4219,201.4534,4.2418,51.8138,BIEN,22.1713,0.740819,2.031,2.3246,0.051611,nan,11.0692,nan,1,1,255.637,nan
closed_eye_2544.BMP_face_1,cerrado,B10,206.2478,0.046468,9.4178,221.8279,3.7759,51.5076,BIEN,22.2956,0.782668,1.4206,7.5541,0.058754,0.18154,26.4401,290.6795,1,1,295.473,nan
closed_eye_2544.BMP_face_1,cerrado,B15,206.2478,0.046468,14.4268,227.344,3.6278,50.646,BIEN,20.7577,0.822834,1.4191,10.2285,0.052464,0.135229,12.904,191.0184,1,1,266.752,nan
closed_eye_2544.BMP_face_1,cerrado,B25,206.2478,0.046468,24.4897,231.065,3.5575,48.9348,BIEN,19.3858,0.832068,1.6802,12.0327,0.05131,0.074032,10.42,59.3201,1,1,265.428,nan
closed_eye_2544.BMP_face_1,cerrado,B40,206.2478,0.046468,39.4853,229.9044,3.5526,48.7915,BIEN,19.7871,0.845299,2.378,11.47,0.048439,0.064406,4.2426,38.6049,1,1,291.834,nan
closed_eye_2547.jpg_face_1,cerrado,B5,175.7431,0.036848,4.3456,166.9764,1.6505,36.6273,BIEN,19.8857,0.781858,4.0607,4.9884,0.022753,nan,38.2519,nan,1,1,387.162,nan
closed_eye_2547.jpg_face_1,cerrado,B10,175.7431,0.036848,9.3446,178.8675,0.6159,35.7819,BIEN,26.2085,0.825426,3.6349,1.7778,0.031052,0.186402,15.7313,405.8645,1,1,440.917,nan
closed_eye_2547.jpg_face_1,cerrado,B15,175.7431,0.036848,14.5483,191.6183,0.3322,35.1948,BIEN,23.2243,0.886313,3.2278,9.0331,0.028275,0.124063,23.2657,236.6854,1,1,456.371,nan
closed_eye_2547.jpg_face_1,cerrado,B25,175.7431,0.036848,24.5678,199.1581,0.2111,35.3414,BIEN,20.5713,0.896447,3.3692,13.3234,0.041505,0.09726,12.6389,163.9467,1,1,383.627,nan
closed_eye_2547.jpg_face_1,cerrado,B40,175.7431,0.036848,39.4616,198.7469,0.1869,34.5869,BIEN,20.7197,0.913703,4.1587,13.0894,0.045185,0.058829,22.6255,59.6525,1,1,350.275,nan
closed_eye_2557.jpg_face_1,cerrado,B5,130.6174,0.050473,4.3681,182.64,0.7864,35.6524,BIEN,13.6315,0.678941,3.317,39.8283,nan,nan,nan,nan,1,0,1847.063,nan
closed_eye_2557.jpg_face_1,cerrado,B10,130.6174,0.050473,9.3775,171.0502,2.3593,36.6121,BIEN,15.6942,0.78289,4.0432,30.9552,0.057295,0.194776,13.516,285.8977,1,1,2414.293,nan
closed_eye_2557.jpg_face_1,cerrado,B15,130.6174,0.050473,14.5714,173.546,2.8433,38.1373,BIEN,14.7711,0.803454,4.0765,32.8659,nan,0.132356,nan,162.2285,1,0,2354.603,nan
closed_eye_2557.jpg_face_1,cerrado,B25,130.6174,0.050473,24.4664,175.7411,2.9038,40.4923,BIEN,14.4706,0.806826,4.4985,34.5465,nan,0.104485,nan,107.0103,1,0,1958.864,nan
closed_eye_2557.jpg_face_1,cerrado,B40,130.6174,0.050473,39.5057,179.8224,2.3291,39.4337,BIEN,13.8854,0.80956,5.1481,37.6712,nan,0.063329,nan,25.4705,1,0,1724.733,nan
closed_eye_2562.jpg_face_1,cerrado,B5,69.2844,0.086793,4.463,114.3449,37.8756,67.6027,BIEN,13.3968,0.683726,5.9472,65.0369,nan,0.198119,nan,128.2669,1,0,2615.063,nan
closed_eye_2562.jpg_face_1,cerrado,B10,69.2844,0.086793,9.4972,108.1778,39.0636,61.5206,BIEN,14.3715,0.744519,6.703,56.1359,nan,0.154202,nan,77.6676,1,0,2461.841,nan
closed_eye_2562.jpg_face_1,cerrado,B15,69.2844,0.086793,14.5073,105.4581,39.972,63.4402,BIEN,14.4583,0.754258,7.1904,52.2104,nan,0.151086,nan,74.0765,1,0,2617.801,nan
closed_eye_2562.jpg_face_1,cerrado,B25,69.2844,0.086793,24.4944,107.9654,39.4479,64.0872,BIEN,14.0079,0.744468,7.9267,55.8293,nan,0.15323,nan,76.5471,1,0,2646.203,nan
closed_eye_2562.jpg_face_1,cerrado,B40,69.2844,0.086793,39.479,106.4273,39.8323,64.1842,BIEN,14.2071,0.742806,9.6683,53.6093,nan,0.110395,nan,27.1935,1,0,2683.843,nan
closed_eye_2568.jpg_face_1,cerrado,B5,128.4843,0.044192,4.2914,131.818,19.4081,61.3308,BIEN,21.9877,0.746234,5.3657,2.5946,0.044504,nan,0.7071,nan,1,1,187.35,nan
closed_eye_2568.jpg_face_1,cerrado,B10,128.4843,0.044192,9.3269,149.3152,18.4877,64.2113,BIEN,20.5238,0.879837,4.5673,16.2128,0.064584,nan,46.1447,nan,1,1,169.483,nan
closed_eye_2568.jpg_face_1,cerrado,B15,128.4843,0.044192,14.6571,162.3244,18.2455,69.7044,BIEN,17.1379,0.869251,4.302,26.3379,0.031541,0.095145,28.6262,115.2984,1,1,181.841,nan
closed_eye_2568.jpg_face_1,cerrado,B25,128.4843,0.044192,24.5519,160.5933,18.1706,66.4493,BIEN,17.5105,0.88598,4.9547,24.9906,0.034734,0.08741,21.4012,97.7968,1,1,182.409,nan
closed_eye_2568.jpg_face_1,cerrado,B40,128.4843,0.044192,39.4867,161.8841,18.1295,66.3542,BIEN,17.2911,0.896022,5.9286,25.9953,0.055835,0.082802,26.3475,87.3688,1,1,188.406,nan
closed_eye_2574.jpg_face_1,cerrado,B5,130.7253,0.073115,4.3455,145.868,16.779,64.1777,BIEN,19.7462,0.772127,4.5516,11.5836,0.119535,0.218295,63.489,198.5633,1,1,1197.892,nan
closed_eye_2574.jpg_face_1,cerrado,B10,130.7253,0.073115,9.5046,149.5491,13.1589,61.897,BIEN,20.1316,0.836467,4.5931,14.3995,0.112155,0.162929,53.3946,122.8384,1,1,1320.829,nan
closed_eye_2574.jpg_face_1,cerrado,B15,130.7253,0.073115,14.4514,155.0037,11.1243,61.8919,BIEN,19.1715,0.860975,4.6377,18.572,0.085054,0.108081,16.3287,47.8233,1,1,1299.376,nan
closed_eye_2574.jpg_face_1,cerrado,B25,130.7253,0.073115,24.5113,155.9931,10.5959,61.6101,BIEN,18.7856,0.864819,5.1973,19.3289,0.113678,0.104921,55.4785,43.5017,1,1,1338.688,nan
closed_eye_2574.jpg_face_1,cerrado,B40,130.7253,0.073115,39.4805,156.4928,10.4109,61.4454,BIEN,18.7199,0.869895,6.2292,19.7112,0.093542,0.088421,27.9374,20.9336,1,1,1343.905,nan
closed_eye_2578.jpg_face_1,cerrado,B5,190.2384,0.078492,4.5599,202.5454,15.8,88.6101,BIEN,21.6163,0.815642,1.4395,6.4693,0.085725,nan,9.2151,nan,1,1,1044.496,nan
closed_eye_2578.jpg_face_1,cerrado,B10,190.2384,0.078492,9.531,203.0524,15.41,87.0207,BIEN,21.7885,0.828048,1.6674,6.7358,0.085346,nan,8.7317,nan,1,1,1099.505,nan
closed_eye_2578.jpg_face_1,cerrado,B15,190.2384,0.078492,14.5129,204.9272,15.17,86.1025,BIEN,21.1607,0.816445,1.8363,7.7213,0.074683,0.110431,4.853,40.6908,1,1,839.137,nan
closed_eye_2578.jpg_face_1,cerrado,B25,190.2384,0.078492,24.5332,206.294,14.91,85.2878,BIEN,20.6506,0.805218,2.2655,8.4397,0.094274,0.089329,20.1062,13.8058,1,1,1096.371,nan
closed_eye_2578.jpg_face_1,cerrado,B40,190.2384,0.078492,39.486,206.9058,14.76,84.8801,BIEN,20.4354,0.800523,2.9961,8.7613,0.080184,0.082887,2.1547,5.5994,1,1,1089.799,nan
closed_eye_2582.jpg_face_1,cerrado,B5,51.3463,0.05231,4.5438,89.3174,53.5359,74.5242,BIEN,13.8583,0.698912,7.3625,73.951,0.060172,0.138554,15.0289,164.8701,1,1,1497.454,nan
closed_eye_2582.jpg_face_1,cerrado,B10,51.3463,0.05231,9.5538,95.2122,52.0164,74.6375,BIEN,13.3117,0.700541,7.5529,85.4314,0.065356,0.103526,24.9401,97.9084,1,1,2413.71,nan
closed_eye_2582.jpg_face_1,cerrado,B15,51.3463,0.05231,14.5362,95.9164,51.8995,73.7525,BIEN,13.2514,0.704277,8.0289,86.803,0.055506,0.086121,6.1104,64.6354,1,1,2282.584,nan
closed_eye_2582.jpg_face_1,cerrado,B25,51.3463,0.05231,24.5266,95.8583,51.8118,73.3137,BIEN,13.2775,0.702507,9.1963,86.6898,0.055492,0.058958,6.0824,12.7081,1,1,2245.173,nan
closed_eye_2582.jpg_face_1,cerrado,B40,51.3463,0.05231,39.5532,96.1864,51.7534,73.0661,BIEN,13.251,0.702919,11.2419,87.3289,0.055449,0.051656,6.0007,1.2513,1,1,2078.138,nan
closed_eye_2585.jpg_face_1,cerrado,B5,147.4437,0.045244,4.4266,155.4608,16.5281,62.1556,BIEN,21.3365,0.768043,4.2296,5.4374,0.04614,nan,1.9796,nan,1,1,2014.504,nan
closed_eye_2585.jpg_face_1,cerrado,B10,147.4437,0.045244,9.3487,165.8707,14.5377,64.2541,BIEN,21.1686,0.850746,3.8723,12.4977,0.058828,0.128563,30.0229,184.1512,1,1,2228.661,nan
closed_eye_2585.jpg_face_1,cerrado,B15,147.4437,0.045244,14.5072,171.7788,13.5802,64.5771,BIEN,19.5867,0.863886,3.8451,16.5047,0.035245,0.063695,22.1017,40.7806,1,1,2138.123,nan
closed_eye_2585.jpg_face_1,cerrado,B25,147.4437,0.045244,24.5132,171.7609,12.774,63.4642,BIEN,19.6884,0.88302,4.4168,16.4925,0.037062,0.045825,18.0847,1.2831,1,1,2050.021,nan
closed_eye_2585.jpg_face_1,cerrado,B40,147.4437,0.045244,39.4795,173.8133,12.4213,63.9498,BIEN,19.0105,0.880473,5.2109,17.8845,0.037055,0.041676,18.1013,7.8862,1,1,2244.165,nan
closed_eye_2596.jpg_face_8,cerrado,B5,148.8637,0.071321,4.5602,123.5855,13.4779,40.8029,BIEN,18.7053,0.801529,5.3705,16.9808,0.132109,nan,85.2319,nan,1,1,121.969,nan
closed_eye_2596.jpg_face_8,cerrado,B10,148.8637,0.071321,9.5093,150.8413,5.6778,44.5865,BIEN,23.913,0.809659,3.947,1.3285,0.095338,nan,33.6745,nan,1,1,127.41,nan
closed_eye_2596.jpg_face_8,cerrado,B15,148.8637,0.071321,14.5186,151.5114,5.6115,45.5769,BIEN,24.1419,0.879701,4.1318,1.7786,0.06455,0.179548,9.4932,151.7463,1,1,133.46,nan
closed_eye_2596.jpg_face_8,cerrado,B25,148.8637,0.071321,24.4812,154.1639,5.1488,45.2508,BIEN,23.6079,0.928045,4.5535,3.5604,0.059777,0.157511,16.1854,120.848,1,1,128.133,nan
closed_eye_2596.jpg_face_8,cerrado,B40,148.8637,0.071321,39.5197,156.6611,4.8947,45.1426,BIEN,23.1707,0.946327,5.4544,5.238,0.082318,0.119572,15.419,67.6534,1,1,134.805,nan
closed_eye_2597.jpg_face_1,cerrado,B5,89.7237,0.069413,4.4666,115.6246,38.7083,80.5532,BIEN,16.4095,0.720215,5.2084,28.8674,0.076253,nan,9.8545,nan,1,1,410.155,nan
closed_eye_2597.jpg_face_1,cerrado,B10,89.7237,0.069413,9.4796,117.3746,36.6902,75.8795,BIEN,17.0675,0.840898,5.6874,30.8178,0.086333,0.105486,24.3758,51.9693,1,1,347.331,nan
closed_eye_2597.jpg_face_1,cerrado,B15,89.7237,0.069413,14.5138,122.5724,34.4515,76.9727,BIEN,15.8895,0.874905,5.7434,36.611,0.079434,0.081038,14.4365,16.7475,1,1,440.956,nan
closed_eye_2597.jpg_face_1,cerrado,B25,89.7237,0.069413,24.4495,121.8837,34.4849,77.5263,BIEN,15.8751,0.871107,6.5742,35.8433,0.080469,0.077473,15.9282,11.6119,1,1,388.319,nan
closed_eye_2597.jpg_face_1,cerrado,B40,89.7237,0.069413,39.4687,120.3648,35.1866,76.0958,BIEN,16.3125,0.893795,8.1709,34.1505,0.077633,0.075754,11.8422,9.1355,1,1,442.204,nan
closed_eye_2600.jpg_face_1,cerrado,B5,143.7705,0.020045,4.3456,148.6136,15.6711,59.1715,BIEN,21.3864,0.70393,4.4719,3.3686,nan,nan,nan,nan,1,0,508.518,nan
closed_eye_2600.jpg_face_1,cerrado,B10,143.7705,0.020045,9.4464,155.3941,10.7249,55.8519,BIEN,23.4385,0.829214,4.2468,8.0849,0.067118,0.188184,234.8434,838.8183,1,1,467.464,nan
closed_eye_2600.jpg_face_1,cerrado,B15,143.7705,0.020045,14.5388,160.6192,10.1687,56.1347,BIEN,22.3918,0.862082,4.3428,11.7192,0.037541,0.118003,87.2851,488.7002,1,1,412.337,nan
closed_eye_2600.jpg_face_1,cerrado,B25,143.7705,0.020045,24.466,161.8449,9.1412,55.6316,BIEN,21.8448,0.881165,4.847,12.5717,0.035815,0.071271,78.6753,255.5577,1,1,469.748,nan
closed_eye_2600.jpg_face_1,cerrado,B40,143.7705,0.020045,39.471,163.3259,9.3715,55.6779,BIEN,21.3252,0.886003,5.7701,13.6019,0.042587,0.041636,112.4583,107.7149,1,1,485.131,nan
closed_eye_2608.jpg_face_1,cerrado,B5,119.0192,0.07928,4.5212,113.4925,27.787,62.926,BIEN,21.5654,0.708824,5.895,4.6435,0.098036,nan,23.6581,nan,1,1,1979.806,nan
closed_eye_2608.jpg_face_1,cerrado,B10,119.0192,0.07928,9.4185,104.0258,34.3195,63.9627,BIEN,20.1012,0.796333,7.0322,12.5974,0.05988,0.231576,24.471,192.0978,1,1,1987.676,nan
closed_eye_2608.jpg_face_1,cerrado,B15,119.0192,0.07928,14.3929,99.0705,44.6864,66.8137,BIEN,18.9966,0.823034,7.5512,16.7609,0.106603,0.223178,34.4635,181.5053,1,1,2092.488,nan
closed_eye_2608.jpg_face_1,cerrado,B25,119.0192,0.07928,24.4845,103.5548,36.8521,65.19,BIEN,20.5434,0.867578,8.2382,12.9932,0.091958,0.122909,15.991,55.0312,1,1,1841.282,nan
closed_eye_2608.jpg_face_1,cerrado,B40,119.0192,0.07928,39.4367,103.6443,37.0888,65.5087,BIEN,20.6219,0.879144,9.7298,12.918,0.093305,0.086776,17.6905,9.4548,1,1,2040.4,nan
closed_eye_2612.jpg_face_1,cerrado,B5,197.5829,0.096652,4.383,199.8932,2.3278,49.322,BIEN,19.8321,0.742173,2.1337,1.1693,nan,nan,nan,nan,1,0,2450.98,nan
closed_eye_2612.jpg_face_1,cerrado,B10,197.5829,0.096652,9.426,205.6824,1.8495,44.5839,BIEN,23.0907,0.803941,2.1016,4.0993,0.192444,0.186256,99.109,92.707,1,1,2396.358,nan
closed_eye_2612.jpg_face_1,cerrado,B15,197.5829,0.096652,14.5092,202.1932,2.2959,47.3739,BIEN,24.4716,0.851749,2.4649,2.3334,0.143321,0.167,48.2853,72.7839,1,1,2677.376,nan
closed_eye_2612.jpg_face_1,cerrado,B25,197.5829,0.096652,24.5985,206.6218,2.0408,45.4973,BIEN,24.0574,0.84905,2.7509,4.5747,0.138827,0.108217,43.6358,11.9649,1,1,2694.691,nan
closed_eye_2612.jpg_face_1,cerrado,B40,197.5829,0.096652,39.5147,206.0555,2.2003,46.5788,BIEN,23.8611,0.845658,3.4995,4.2881,0.178113,0.082988,84.2823,14.1376,1,1,1850.139,nan
closed_eye_2627.jpg_face_1,cerrado,B5,127.1151,0.046158,4.4692,166.204,23.0998,90.0267,BIEN,14.5123,0.729663,2.8383,30.7508,0.053865,nan,16.6966,nan,1,1,149.66,nan
closed_eye_2627.jpg_face_1,cerrado,B10,127.1151,0.046158,9.4709,175.0588,21.0872,88.12,BIEN,13.41,0.814092,2.7717,37.7168,0.057145,0.126056,23.8018,173.0935,1,1,156.328,nan
closed_eye_2627.jpg_face_1,cerrado,B15,127.1151,0.046158,14.4457,175.8289,20.8179,86.9673,BIEN,13.3959,0.834257,3.0265,38.3226,0.063744,0.118153,38.0989,155.972,1,1,165.218,nan
closed_eye_2627.jpg_face_1,cerrado,B25,127.1151,0.046158,24.4014,177.1096,20.4942,86.5005,BIEN,13.2457,0.838839,3.5298,39.3301,0.05753,0.111267,24.6368,141.0541,1,1,148.79,nan
closed_eye_2627.jpg_face_1,cerrado,B40,127.1151,0.046158,39.4651,177.2016,20.4633,86.1302,BIEN,13.1865,0.838324,4.4169,39.4025,0.06033,0.079119,30.7027,71.4069,1,1,149.58,nan
closed_eye_2629.jpg_face_1,cerrado,B5,102.1046,0.066652,4.4274,102.0284,47.9031,58.7177,BIEN,24.3751,0.756288,6.7466,0.0746,0.060199,0.224541,9.6812,236.8871,1,1,23.361,nan
closed_eye_2629.jpg_face_1,cerrado,B10,102.1046,0.066652,9.446,110.5743,42.596,58.8014,BIEN,25.347,0.859487,6.6349,8.295,0.071026,0.194062,6.5635,191.1586,1,1,23.546,nan
closed_eye_2629.jpg_face_1,cerrado,B15,102.1046,0.066652,14.4665,111.3528,42.6465,58.5369,BIEN,25.5967,0.883066,6.9938,9.0575,0.080012,0.175965,20.0448,164.0074,1,1,22.981,nan
closed_eye_2629.jpg_face_1,cerrado,B25,102.1046,0.066652,24.4942,112.7558,41.8542,59.3716,BIEN,24.9806,0.898316,7.823,10.4316,0.069915,0.146226,4.896,119.3884,1,1,26.051,nan
closed_eye_2629.jpg_face_1,cerrado,B40,102.1046,0.066652,39.4859,110.0624,43.4265,59.7317,BIEN,25.9378,0.906825,9.6064,7.7938,0.066231,0.103015,0.6309,54.5573,1,1,23.971,nan
closed_eye_2634.jpg_face_1,cerrado,B5,194.3652,0.090613,4.3357,192.7855,6.8799,58.4948,BIEN,20.5939,0.722811,2.267,0.8127,0.103047,nan,13.7219,nan,1,1,2064.41,nan
closed_eye_2634.jpg_face_1,cerrado,B10,194.3652,0.090613,9.3346,205.8057,5.3749,57.1462,BIEN,22.3304,0.813061,2.0628,5.8861,0.088281,0.224474,2.5737,147.7284,1,1,2113.271,nan
closed_eye_2634.jpg_face_1,cerrado,B15,194.3652,0.090613,14.3703,210.0997,5.5093,58.4473,BIEN,21.545,0.839918,2.063,8.0953,0.10845,0.120439,19.685,32.9161,1,1,2209.945,nan
closed_eye_2634.jpg_face_1,cerrado,B25,194.3652,0.090613,24.4872,208.5689,5.8318,60.4206,BIEN,21.8329,0.853572,2.5498,7.3077,0.094052,0.099343,3.7951,9.6347,1,1,2202.158,nan
closed_eye_2634.jpg_face_1,cerrado,B40,194.3652,0.090613,39.4816,210.2502,5.9393,61.6152,BIEN,20.9767,0.848233,3.1673,8.1727,0.081316,0.079308,10.26,12.4766,1,1,2038.32,nan
closed_eye_2640.jpg_face_1,cerrado,B5,89.6416,0.058099,4.5748,141.096,26.4418,85.1792,BIEN,12.7556,0.61113,4.4666,57.4001,0.054911,nan,5.4881,nan,1,1,288.351,nan
closed_eye_2640.jpg_face_1,cerrado,B10,89.6416,0.058099,9.553,151.1861,24.6468,88.8735,BIEN,11.3785,0.656624,4.1682,68.6561,0.05546,0.090527,4.5428,55.8145,1,1,301.332,nan
closed_eye_2640.jpg_face_1,cerrado,B15,89.6416,0.058099,14.5408,151.0205,24.5458,88.1532,BIEN,11.3784,0.67912,4.4744,68.4714,0.043256,0.065785,25.5492,13.2287,1,1,311.808,nan
closed_eye_2640.jpg_face_1,cerrado,B25,89.6416,0.058099,24.4956,150.2704,24.5651,87.5145,BIEN,11.4616,0.698435,5.173,67.6346,0.041747,0.064283,28.1458,10.6423,1,1,316.366,nan
closed_eye_2640.jpg_face_1,cerrado,B40,89.6416,0.058099,39.4696,151.2091,24.4137,87.652,BIEN,11.3343,0.712282,6.2043,68.6817,0.045933,0.046313,20.9399,20.2872,1,1,300.806,nan
closed_eye_2643.jpg_face_1,cerrado,B5,153.6384,0.082784,4.3569,165.0593,12.4916,62.0947,BIEN,20.2848,0.758968,3.8782,7.4336,0.094408,nan,14.0412,nan,1,1,2357.379,nan
closed_eye_2643.jpg_face_1,cerrado,B10,153.6384,0.082784,9.4579,170.6205,10.0,58.1326,BIEN,20.3692,0.774521,3.8794,11.0533,0.072044,0.150968,12.973,82.3636,1,1,2499.375,nan
closed_eye_2643.jpg_face_1,cerrado,B15,153.6384,0.082784,14.4987,174.7013,9.4276,58.7013,BIEN,19.6053,0.775507,3.9401,13.7094,0.080964,0.137604,2.1985,66.2202,1,1,2603.489,nan
closed_eye_2643.jpg_face_1,cerrado,B25,153.6384,0.082784,24.5098,175.5764,9.3266,58.4164,BIEN,19.484,0.777162,4.4494,14.279,0.077102,0.129469,6.8633,56.3944,1,1,2439.62,nan
closed_eye_2643.jpg_face_1,cerrado,B40,153.6384,0.082784,39.4963,176.9906,8.9562,58.2902,BIEN,19.1797,0.778822,5.2897,15.1994,0.085761,0.118051,3.5966,42.6011,1,1,2534.854,nan
closed_eye_2644.bmp_face_4,cerrado,B5,162.4811,0.078743,4.4447,155.4865,19.7518,70.6756,BIEN,21.249,0.68821,3.8513,4.3049,0.069685,0.199124,11.503,152.8796,1,1,20.99,nan
closed_eye_2644.bmp_face_4,cerrado,B10,162.4811,0.078743,9.4234,178.5286,16.3817,73.835,BIEN,21.4642,0.780147,2.9763,9.8765,0.07006,0.094968,11.0264,20.6053,1,1,19.061,nan
closed_eye_2644.bmp_face_4,cerrado,B15,162.4811,0.078743,14.4056,182.6726,15.4414,73.4995,BIEN,20.6302,0.826229,3.0425,12.427,0.086848,0.096804,10.2934,22.9371,1,1,18.201,nan
closed_eye_2644.bmp_face_4,cerrado,B25,162.4811,0.078743,24.5725,185.1317,14.7164,72.9177,BIEN,19.9275,0.847898,3.4513,13.9404,0.082665,0.078288,4.9813,0.5776,1,1,19.255,nan
closed_eye_2644.bmp_face_4,cerrado,B40,162.4811,0.078743,39.462,185.6641,14.7472,73.6034,BIEN,19.5715,0.856101,4.2396,14.2681,0.076315,0.07212,3.0829,8.4102,1,1,22.186,nan
closed_eye_2648.jpg_face_1,cerrado,B5,136.9677,0.062883,4.4256,141.5104,18.1025,58.6893,BIEN,21.38,0.710972,4.7218,3.3166,0.101082,nan,60.7469,nan,1,1,620.655,nan
closed_eye_2648.jpg_face_1,cerrado,B10,136.9677,0.062883,9.5469,148.3358,11.2116,55.0853,BIEN,23.8447,0.851615,4.7417,8.2998,0.088376,0.166612,40.5409,164.9562,1,1,448.35,nan
closed_eye_2648.jpg_face_1,cerrado,B15,136.9677,0.062883,14.4283,156.2137,8.6808,56.8428,BIEN,21.4878,0.862908,4.641,14.0514,0.071435,0.133164,13.6006,111.7658,1,1,740.302,nan
closed_eye_2648.jpg_face_1,cerrado,B25,136.9677,0.062883,24.4563,156.8087,7.8547,56.0655,BIEN,21.1989,0.879143,5.2013,14.4859,0.063627,0.092377,1.1829,46.9037,1,1,745.823,nan
closed_eye_2648.jpg_face_1,cerrado,B40,136.9677,0.062883,39.512,158.5311,7.9137,57.2359,BIEN,20.5746,0.879731,6.1295,15.7434,0.045561,0.090501,27.5464,43.92,1,1,737.735,nan
closed_eye_2651.jpg_face_1,cerrado,B5,122.0837,0.112999,4.4939,136.8416,41.4286,96.0676,BIEN,19.6956,0.778065,3.9629,12.0884,0.193041,0.216686,70.8337,91.7582,1,1,2403.846,nan
closed_eye_2651.jpg_face_1,cerrado,B10,122.0837,0.112999,9.4694,138.5331,40.5306,93.5762,BIEN,19.4852,0.770047,4.2174,13.4739,0.19019,0.197467,68.3107,74.7508,1,1,2684.564,nan
closed_eye_2651.jpg_face_1,cerrado,B15,122.0837,0.112999,14.4759,136.4016,40.898,92.0171,BIEN,20.2945,0.78188,4.7029,11.728,0.173348,0.144966,53.4061,28.2888,1,1,2709.293,nan
closed_eye_2651.jpg_face_1,cerrado,B25,122.0837,0.112999,24.4751,136.2804,40.9388,91.5578,BIEN,20.3465,0.785564,5.4638,11.6287,0.172013,0.130523,52.2246,15.508,1,1,2912.056,nan
closed_eye_2651.jpg_face_1,cerrado,B40,122.0837,0.112999,39.4237,139.8445,39.8367,91.9529,BIEN,19.5027,0.76584,6.5058,14.5481,0.176925,0.123928,56.5713,9.6717,1,1,2827.255,nan
closed_eye_2670.jpg_face_1,cerrado,B5,116.709,0.034415,4.3698,127.3955,13.0204,44.475,BIEN,21.0747,0.77169,5.947,9.1566,0.088692,nan,157.7138,nan,1,1,2886.003,nan
closed_eye_2670.jpg_face_1,cerrado,B10,116.709,0.034415,9.458,130.4159,10.9388,44.1797,BIEN,21.617,0.839561,6.0173,11.7445,0.10415,0.149736,202.6313,335.0901,1,1,2724.796,nan
closed_eye_2670.jpg_face_1,cerrado,B15,116.709,0.034415,14.4486,128.2588,11.9184,43.689,BIEN,22.3049,0.855108,6.4371,9.8962,0.083523,0.088,142.6938,155.7033,1,1,2990.431,nan
closed_eye_2670.jpg_face_1,cerrado,B25,116.709,0.034415,24.4706,122.6906,15.1837,45.0568,BIEN,23.6034,0.863379,7.6014,5.1253,0.120521,0.065505,250.2017,90.3397,1,1,2942.908,nan
closed_eye_2670.jpg_face_1,cerrado,B40,116.709,0.034415,39.4959,122.8612,15.2245,45.2947,BIEN,23.3495,0.865762,8.9495,5.2714,0.131684,0.048126,282.6371,39.8405,1,1,2477.701,nan
closed_eye_2672.jpg_face_1,cerrado,B5,119.2104,0.067135,4.3004,131.6566,24.5852,71.0289,BIEN,21.7305,0.752025,5.1753,10.4405,0.0594,nan,11.5215,nan,1,1,503.17,nan
closed_eye_2672.jpg_face_1,cerrado,B10,119.2104,0.067135,9.5386,134.7353,23.4352,68.8839,BIEN,21.9452,0.858543,5.2685,13.0231,0.072052,0.205809,7.3232,206.5594,1,1,597.3,nan
closed_eye_2672.jpg_face_1,cerrado,B15,119.2104,0.067135,14.4553,140.2527,22.5268,70.0589,BIEN,20.2925,0.865734,5.2838,17.6514,0.061822,0.085767,7.9145,27.7526,1,1,577.768,nan
closed_eye_2672.jpg_face_1,cerrado,B25,119.2104,0.067135,24.4699,140.6754,22.1172,68.922,BIEN,20.3068,0.891601,5.9813,18.006,nan,0.078392,nan,16.7672,1,0,603.828,nan
closed_eye_2672.jpg_face_1,cerrado,B40,119.2104,0.067135,39.5265,142.127,21.9649,69.1621,BIEN,19.8791,0.895896,7.093,19.2237,nan,0.074115,nan,10.3972,1,0,595.274,nan
closed_eye_2677.jpg_face_1,cerrado,B5,95.4697,0.120319,4.4819,103.655,53.8752,87.0801,BIEN,23.158,0.885476,5.8861,8.5738,0.138217,0.165435,14.8747,37.4968,1,1,153.953,nan
closed_eye_2677.jpg_face_1,cerrado,B10,95.4697,0.120319,9.5096,109.5237,51.6722,85.5794,BIEN,22.0932,0.925833,6.0663,14.7209,0.112315,0.156626,6.6525,30.1755,1,1,163.623,nan
closed_eye_2677.jpg_face_1,cerrado,B15,95.4697,0.120319,14.4993,110.6346,51.5446,85.1547,BIEN,21.8805,0.939457,6.4624,15.8845,0.119303,0.148866,0.8448,23.7253,1,1,175.707,nan
closed_eye_2677.jpg_face_1,cerrado,B25,95.4697,0.120319,24.4829,111.3618,51.0,84.6951,BIEN,21.7761,0.947335,7.3882,16.6463,0.101817,0.143961,15.3778,19.6492,1,1,170.419,nan
closed_eye_2677.jpg_face_1,cerrado,B40,95.4697,0.120319,39.4914,111.7045,50.9136,84.2914,BIEN,21.7756,0.948441,9.0331,17.0052,0.101057,0.130471,16.0092,8.4376,1,1,156.986,nan
closed_eye_2680.jpg_face_2,cerrado,B5,155.977,0.088632,4.4175,178.4331,12.8698,68.2219,BIEN,16.9519,0.733693,2.538,14.3971,0.104727,nan,18.1595,nan,1,1,1528.818,nan
closed_eye_2680.jpg_face_2,cerrado,B10,155.977,0.088632,9.4837,181.022,12.2781,65.7207,BIEN,19.3212,0.84909,3.028,16.0569,0.092275,nan,4.1106,nan,1,1,967.118,nan
closed_eye_2680.jpg_face_2,cerrado,B15,155.977,0.088632,14.4035,177.2369,11.9822,61.2746,BIEN,20.833,0.898487,3.4151,13.6301,0.090432,0.173287,2.0309,95.5128,1,1,1459.215,nan
closed_eye_2680.jpg_face_2,cerrado,B25,155.977,0.088632,24.5245,178.4681,12.2288,64.0458,BIEN,19.852,0.889308,3.8091,14.4195,0.088546,0.131755,0.0977,48.6539,1,1,1565.925,nan
closed_eye_2680.jpg_face_2,cerrado,B40,155.977,0.088632,39.485,178.7424,12.0644,63.1439,BIEN,19.9401,0.903479,4.6852,14.5954,0.085768,0.097761,3.2314,10.2999,1,1,1466.491,nan
closed_eye_2688.jpg_face_4,cerrado,B5,156.8344,0.062148,4.3639,163.5801,7.6812,48.4045,BIEN,21.2146,0.689221,3.9157,4.3011,nan,nan,nan,nan,1,0,143.396,nan
closed_eye_2688.jpg_face_4,cerrado,B10,156.8344,0.062148,9.3839,183.664,5.714,50.2703,BIEN,19.0086,0.825314,3.1439,17.1069,0.073545,nan,18.3382,nan,1,1,155.116,nan
closed_eye_2688.jpg_face_4,cerrado,B15,156.8344,0.062148,14.3674,183.9912,5.4854,49.0932,BIEN,19.3386,0.890688,3.3977,17.3156,0.082601,0.183811,32.9089,195.7621,1,1,151.561,nan
closed_eye_2688.jpg_face_4,cerrado,B25,156.8344,0.062148,24.4968,188.9968,5.4515,50.262,BIEN,17.76,0.91561,3.6202,20.5072,0.050708,0.115742,18.4081,86.235,1,1,151.98,nan
closed_eye_2688.jpg_face_4,cerrado,B40,156.8344,0.062148,39.4833,187.3121,5.812,51.7764,BIEN,17.996,0.932836,4.5046,19.4331,0.056657,0.078245,8.8362,25.9006,1,1,153.186,nan
closed_eye_2689.jpg_face_4,cerrado,B5,190.5924,0.063111,4.3529,192.662,5.8935,52.7139,BIEN,19.5541,0.669711,2.4232,1.0859,nan,nan,nan,nan,1,0,1744.287,nan
closed_eye_2689.jpg_face_4,cerrado,B10,190.5924,0.063111,9.3337,201.0622,4.6154,50.6096,BIEN,23.9984,0.840225,2.4307,5.4933,0.08388,nan,32.9095,nan,1,1,2002.002,nan
closed_eye_2689.jpg_face_4,cerrado,B15,190.5924,0.063111,14.4817,204.8821,4.1893,49.1856,BIEN,23.2573,0.817821,2.441,7.4975,nan,nan,nan,nan,1,0,1992.032,nan
closed_eye_2689.jpg_face_4,cerrado,B25,190.5924,0.063111,24.4547,207.7212,4.426,51.0001,BIEN,22.142,0.842529,2.7544,8.9871,0.069246,0.120869,9.7214,91.5203,1,1,2036.245,nan
closed_eye_2689.jpg_face_4,cerrado,B40,190.5924,0.063111,39.4956,209.9721,4.142,51.1703,BIEN,21.1822,0.837028,3.3801,10.1681,0.06552,0.109819,3.8182,74.011,1,1,1803.427,nan
closed_eye_2693.jpg_face_1,cerrado,B5,122.5225,0.041585,4.5038,127.8982,30.1985,71.081,BIEN,21.8972,0.763304,4.9488,4.3876,0.079498,0.203045,91.1693,388.2655,1,1,338.032,nan
closed_eye_2693.jpg_face_1,cerrado,B10,122.5225,0.041585,9.4387,126.4464,30.2635,70.949,BIEN,24.6126,0.8447,5.5394,3.2026,0.040674,0.141773,2.1898,240.9245,1,1,395.993,nan
closed_eye_2693.jpg_face_1,cerrado,B15,122.5225,0.041585,14.437,127.7097,29.9651,71.2291,BIEN,24.4256,0.862443,5.773,4.2337,0.055065,0.126659,32.4148,204.5793,1,1,416.945,nan
closed_eye_2693.jpg_face_1,cerrado,B25,122.5225,0.041585,24.5156,128.3427,29.8883,71.689,BIEN,24.1423,0.875933,6.5155,4.7504,0.044769,0.065963,7.6559,58.6233,1,1,395.194,nan
closed_eye_2693.jpg_face_1,cerrado,B40,122.5225,0.041585,39.5002,128.074,30.1276,72.079,BIEN,24.0751,0.879746,7.8153,4.531,0.04501,0.045665,8.2372,9.8123,1,1,391.865,nan
closed_eye_2694.jpg_face_1,cerrado,B5,184.9212,0.053145,4.3392,167.1999,10.147,47.7508,BIEN,18.0885,0.648358,3.6343,9.5832,0.328195,nan,517.5515,nan,1,1,248.17,nan
closed_eye_2694.jpg_face_1,cerrado,B10,184.9212,0.053145,9.3597,192.4166,6.7547,49.5466,BIEN,25.1487,0.805079,2.726,4.0533,0.057609,nan,8.4014,nan,1,1,240.489,nan
closed_eye_2694.jpg_face_1,cerrado,B15,184.9212,0.053145,14.5466,197.655,4.9541,49.4567,BIEN,24.2692,0.841804,2.7013,6.8861,0.058519,0.12049,10.1131,126.721,1,1,238.863,nan
closed_eye_2694.jpg_face_1,cerrado,B25,184.9212,0.053145,24.4482,202.2445,5.8292,52.2633,BIEN,22.2732,0.869631,2.9537,9.368,0.049662,0.061019,6.5534,14.8174,1,1,223.095,nan
closed_eye_2694.jpg_face_1,cerrado,B40,184.9212,0.053145,39.5074,202.3254,7.294,54.9721,BIEN,21.611,0.870273,3.6714,9.4117,0.063443,0.039853,19.3787,25.0096,1,1,228.3,nan
closed_eye_2700.jpg_face_2,cerrado,B5,196.5961,0.065325,4.3801,180.8694,5.5004,48.102,BIEN,18.2063,0.732681,3.0146,7.9995,nan,nan,nan,nan,1,0,259.477,nan
closed_eye_2700.jpg_face_2,cerrado,B10,196.5961,0.065325,9.3627,206.6668,3.9378,46.7241,BIEN,24.6478,0.844941,2.1274,5.1225,0.058319,0.098137,10.7259,50.2286,1,1,264.494,nan
closed_eye_2700.jpg_face_2,cerrado,B15,196.5961,0.065325,14.4958,206.4677,3.7074,45.2776,BIEN,26.3822,0.884732,2.3513,5.0212,0.073866,0.078947,13.0741,20.8517,1,1,247.445,nan
closed_eye_2700.jpg_face_2,cerrado,B25,196.5961,0.065325,24.457,213.5602,3.3011,45.327,BIEN,22.5726,0.894057,2.4951,8.6289,0.068254,0.065402,4.4837,0.1166,1,1,268.694,nan
closed_eye_2700.jpg_face_2,cerrado,B40,196.5961,0.065325,39.4601,217.3085,3.2676,45.9349,BIEN,20.8491,0.894339,3.0447,10.5355,0.072303,0.055141,10.682,15.5908,1,1,243.623,nan
closed_eye_2708.jpg_face_1,cerrado,B5,141.36,0.061159,4.3791,147.8319,15.5422,51.7741,BIEN,21.9109,0.715799,4.2381,4.5783,nan,nan,nan,nan,1,0,438.327,nan
closed_eye_2708.jpg_face_1,cerrado,B10,141.36,0.061159,9.4981,158.8849,11.9708,51.9451,BIEN,21.0762,0.797619,3.8626,12.3974,0.06312,0.091481,3.207,49.5808,1,1,371.237,nan
closed_eye_2708.jpg_face_1,cerrado,B15,141.36,0.061159,14.4989,156.8803,12.5,51.1142,BIEN,22.3468,0.849847,4.2759,10.9793,0.052764,0.080759,13.7262,32.0486,1,1,409.903,nan
closed_eye_2708.jpg_face_1,cerrado,B25,141.36,0.061159,24.4926,165.1619,10.6331,53.575,BIEN,19.4267,0.856172,4.4034,16.8378,0.05537,0.071386,9.4642,16.7222,1,1,436.948,nan
closed_eye_2708.jpg_face_1,cerrado,B40,141.36,0.061159,39.4747,164.0358,9.8084,51.8942,BIEN,19.9245,0.869853,5.4705,16.0412,0.055126,0.065843,9.863,7.6597,1,1,444.504,nan
closed_eye_2715.jpg_face_1,cerrado,B5,123.6474,0.04336,4.3938,129.3573,28.5924,67.8969,BIEN,22.0963,0.751826,5.3045,4.6179,0.030695,nan,29.2105,nan,1,1,742.556,nan
closed_eye_2715.jpg_face_1,cerrado,B10,123.6474,0.04336,9.4647,132.6735,28.4734,71.1101,BIEN,21.9694,0.828543,5.2882,7.2999,0.04874,0.112328,12.4069,159.0569,1,1,787.154,nan
closed_eye_2715.jpg_face_1,cerrado,B15,123.6474,0.04336,14.4751,134.9541,27.8641,73.3744,BIEN,21.4152,0.853418,5.4375,9.1443,0.049206,0.09552,13.4811,120.2922,1,1,802.053,nan
closed_eye_2715.jpg_face_1,cerrado,B25,123.6474,0.04336,24.4875,134.5171,28.3123,74.4224,BIEN,21.2557,0.860661,6.1449,8.7909,0.038625,0.057649,10.9219,32.9533,1,1,760.225,nan
closed_eye_2715.jpg_face_1,cerrado,B40,123.6474,0.04336,39.4489,132.8697,28.5924,75.0047,BIEN,21.3597,0.861884,7.4255,7.4586,0.045271,0.038675,4.4062,10.8054,1,1,790.014,nan
closed_eye_2721.jpg_face_1,cerrado,B5,144.2799,0.051854,4.4854,141.403,17.7657,59.993,BIEN,21.0418,0.729398,4.6061,1.9939,0.070076,0.159577,35.1409,207.7413,1,1,537.432,nan
closed_eye_2721.jpg_face_1,cerrado,B10,144.2799,0.051854,9.4051,155.2115,13.0409,59.4233,BIEN,23.7549,0.85191,4.1598,7.5767,0.057126,0.089626,10.167,72.8423,1,1,552.822,nan
closed_eye_2721.jpg_face_1,cerrado,B15,144.2799,0.051854,14.498,158.544,11.9626,58.7351,BIEN,23.2721,0.861839,4.3516,9.8864,0.062516,0.080894,20.5614,56.0023,1,1,538.88,nan
closed_eye_2721.jpg_face_1,cerrado,B25,144.2799,0.051854,24.4854,159.0469,11.5554,58.2406,BIEN,23.1187,0.881081,4.9071,10.235,0.050931,0.07785,1.7797,50.1318,1,1,538.445,nan
closed_eye_2721.jpg_face_1,cerrado,B40,144.2799,0.051854,39.4888,163.7505,10.8751,59.2997,BIEN,21.2053,0.876544,5.6467,13.495,0.052771,0.067334,1.7685,29.8529,1,1,495.123,nan
closed_eye_2735.jpg_face_1,cerrado,B5,170.9088,0.102258,4.3676,150.4963,27.557,86.9882,BIEN,18.111,0.679564,3.953,11.9435,0.088262,0.213719,13.6867,108.9999,1,1,261.028,nan
closed_eye_2735.jpg_face_1,cerrado,B10,170.9088,0.102258,9.3777,177.3066,25.19,92.0899,BIEN,25.1687,0.835941,2.799,3.7434,0.098031,0.165867,4.1337,62.205,1,1,281.658,nan
closed_eye_2735.jpg_face_1,cerrado,B15,170.9088,0.102258,14.4816,179.2482,24.952,90.9494,BIEN,25.4085,0.864015,3.0016,4.8794,0.097251,0.168202,4.8962,64.4885,1,1,284.584,nan
closed_eye_2735.jpg_face_1,cerrado,B25,170.9088,0.102258,24.5174,182.8432,24.4759,90.5978,BIEN,23.4173,0.896154,3.353,6.9829,0.095402,0.150808,6.7041,47.4779,1,1,283.086,nan
closed_eye_2735.jpg_face_1,cerrado,B40,170.9088,0.102258,39.4843,183.7914,24.2969,89.9505,BIEN,23.0093,0.910278,4.1672,7.5377,0.090933,0.141795,11.0743,38.664,1,1,281.547,nan
closed_eye_2737.jpg_face_1,cerrado,B5,134.4726,0.05525,4.2893,142.2904,13.0,47.3358,BIEN,21.4835,0.749029,5.1079,5.8137,0.058385,nan,5.6737,nan,1,1,610.091,nan
closed_eye_2737.jpg_face_1,cerrado,B10,134.4726,0.05525,9.4521,160.6466,8.4024,49.5874,BIEN,18.7639,0.831756,4.1762,19.4642,0.049696,0.143821,10.052,160.309,1,1,638.447,nan
closed_eye_2737.jpg_face_1,cerrado,B15,134.4726,0.05525,14.5072,151.2036,9.0651,46.3928,BIEN,22.4833,0.873399,5.0637,12.4419,0.053645,0.105307,2.9056,90.5993,1,1,655.566,nan
closed_eye_2737.jpg_face_1,cerrado,B25,134.4726,0.05525,24.5001,155.406,8.8817,48.6281,BIEN,20.5474,0.884043,5.3613,15.567,0.045074,0.065037,18.4184,17.7126,1,1,660.066,nan
closed_eye_2737.jpg_face_1,cerrado,B40,134.4726,0.05525,39.5037,153.8361,9.4201,48.7073,BIEN,21.0643,0.894701,6.5175,14.3996,0.045855,0.05605,17.0057,1.4483,1,1,616.789,nan
closed_eye_2740.jpg_face_1,cerrado,B5,134.7242,0.116701,4.5038,125.3574,42.7234,79.6391,BIEN,22.0438,0.747755,5.3849,6.9525,0.118566,0.240271,1.5977,105.8856,1,1,445.058,nan
closed_eye_2740.jpg_face_1,cerrado,B10,134.7242,0.116701,9.4483,144.0309,32.3347,84.9762,BIEN,24.2759,0.837339,4.5438,6.908,0.147399,0.206597,26.3049,77.0306,1,1,433.407,nan
closed_eye_2740.jpg_face_1,cerrado,B15,134.7242,0.116701,14.486,146.3546,26.1267,84.2494,BIEN,23.9505,0.873392,4.7557,8.6327,0.105834,0.170608,9.3117,46.192,1,1,423.765,nan
closed_eye_2740.jpg_face_1,cerrado,B25,134.7242,0.116701,24.5165,149.4744,23.6796,83.9002,BIEN,22.5383,0.888757,5.2562,10.9485,0.133371,0.145281,14.2842,24.4897,1,1,445.355,nan
closed_eye_2740.jpg_face_1,cerrado,B40,134.7242,0.116701,39.5157,150.632,22.5077,83.5589,BIEN,22.0978,0.893268,6.3023,11.8077,0.132988,0.149625,13.956,28.2121,1,1,433.595,nan
closed_eye_2746.BMP_face_2,cerrado,B5,113.5652,0.10665,4.4092,127.8019,31.2969,79.8955,BIEN,20.4437,0.746999,5.1013,12.5361,0.076263,0.195564,28.4922,83.3705,1,1,388.757,nan
closed_eye_2746.BMP_face_2,cerrado,B10,113.5652,0.10665,9.5749,138.3929,28.9311,82.1892,BIEN,18.2734,0.807947,4.749,21.8621,0.079819,0.157629,25.1581,47.8003,1,1,470.898,nan
closed_eye_2746.BMP_face_2,cerrado,B15,113.5652,0.10665,14.5095,140.4942,28.1307,82.2477,BIEN,17.8758,0.828894,4.9678,23.7124,0.075516,0.154036,29.1928,44.4314,1,1,572.475,nan
closed_eye_2746.BMP_face_2,cerrado,B25,113.5652,0.10665,24.5313,142.2355,27.8571,82.3327,BIEN,17.4012,0.835578,5.5672,25.2456,0.080237,0.110179,24.766,3.3092,1,1,487.092,nan
closed_eye_2746.BMP_face_2,cerrado,B40,113.5652,0.10665,39.5616,142.7602,27.7406,81.9129,BIEN,17.3259,0.841985,6.7309,25.7077,0.088294,0.093332,17.2116,12.487,1,1,565.291,nan
closed_eye_2747.BMP_face_1,cerrado,B5,88.9237,0.080845,4.5166,98.0315,42.2892,70.6808,BIEN,21.8245,0.629311,6.6948,10.2424,0.071619,nan,11.4122,nan,1,1,118.294,nan
closed_eye_2747.BMP_face_1,cerrado,B10,88.9237,0.080845,9.4996,102.3853,40.3905,69.8629,BIEN,22.1123,0.730136,6.9986,15.1384,0.079317,0.10405,1.8909,28.703,1,1,112.939,nan
closed_eye_2747.BMP_face_1,cerrado,B15,88.9237,0.080845,14.4878,108.4544,37.5763,71.6862,BIEN,19.8777,0.755191,6.951,21.9635,0.079108,0.074068,2.1489,8.3824,1,1,115.79,nan
closed_eye_2747.BMP_face_1,cerrado,B25,88.9237,0.080845,24.4767,107.8035,38.0718,70.7745,BIEN,20.405,0.771209,8.0375,21.2315,0.080816,0.072531,0.0364,10.2838,1,1,131.733,nan
closed_eye_2747.BMP_face_1,cerrado,B40,88.9237,0.080845,39.4711,109.2358,37.3981,70.937,BIEN,19.9447,0.775918,9.6126,22.8423,0.076782,0.079351,5.0261,1.8481,1,1,128.806,nan
closed_eye_2749.jpg_face_2,cerrado,B5,132.3919,0.039239,4.4665,137.8871,15.4447,48.8289,BIEN,22.7294,0.779507,4.6781,4.1507,0.048852,nan,24.4972,nan,1,1,705.666,nan
closed_eye_2749.jpg_face_2,cerrado,B10,132.3919,0.039239,9.491,145.9678,13.8826,47.9289,BIEN,22.7782,0.822739,4.6128,10.2543,nan,0.104719,nan,166.872,1,0,720.15,nan
closed_eye_2749.jpg_face_2,cerrado,B15,132.3919,0.039239,14.4679,148.5443,12.3583,47.7921,BIEN,22.2628,0.847061,4.7829,12.2004,nan,0.059258,nan,51.0177,1,0,703.977,nan
closed_eye_2749.jpg_face_2,cerrado,B25,132.3919,0.039239,24.5239,149.4233,13.1834,49.0886,BIEN,22.1412,0.859767,5.4373,12.8644,nan,0.046333,nan,18.0778,1,0,697.739,nan
closed_eye_2749.jpg_face_2,cerrado,B40,132.3919,0.039239,39.496,146.9995,13.618,49.242,BIEN,22.8736,0.867539,6.6685,11.0336,0.037628,0.024149,4.1059,38.4581,1,1,721.293,nan
closed_eye_2752.jpg_face_1,cerrado,B5,112.1263,0.028647,4.3482,185.3684,19.6531,83.3493,BIEN,9.6846,0.715452,2.1196,65.321,0.044453,nan,55.1752,nan,1,1,1787.63,nan
closed_eye_2752.jpg_face_1,cerrado,B10,112.1263,0.028647,9.6414,185.7729,19.551,78.002,BIEN,9.738,0.745995,2.3574,65.6817,0.050594,0.161064,76.6128,462.2359,1,1,1814.882,nan
closed_eye_2752.jpg_face_1,cerrado,B15,112.1263,0.028647,14.5594,191.718,17.1633,77.7308,BIEN,9.4859,0.73484,2.4841,70.9839,0.038855,0.114289,35.6334,298.9546,1,1,1840.943,nan
closed_eye_2752.jpg_face_1,cerrado,B25,112.1263,0.028647,24.4127,189.5335,17.9388,78.3337,BIEN,9.6446,0.751591,3.0565,69.0357,0.050168,0.081054,75.1242,182.9382,1,1,1880.406,nan
closed_eye_2752.jpg_face_1,cerrado,B40,112.1263,0.028647,39.5231,188.5249,19.1224,80.2813,BIEN,9.5647,0.751127,3.857,68.1362,0.052454,0.071379,83.1037,149.1667,1,1,1606.684,nan
closed_eye_2753.jpg_face_1,cerrado,B5,135.0543,0.036887,4.2922,182.5939,10.1927,62.7702,BIEN,13.5885,0.730553,2.5535,35.2003,nan,nan,nan,nan,1,0,278.598,nan
closed_eye_2753.jpg_face_1,cerrado,B10,135.0543,0.036887,9.4995,189.0369,9.543,59.9684,BIEN,12.8146,0.81563,2.5072,39.971,0.049821,0.160565,35.0646,335.2899,1,1,278.218,nan
closed_eye_2753.jpg_face_1,cerrado,B15,135.0543,0.036887,14.4662,175.587,9.7254,55.0442,BIEN,15.4359,0.870286,3.4714,30.0121,0.041216,0.133804,11.7367,262.7429,1,1,273.778,nan
closed_eye_2753.jpg_face_1,cerrado,B25,135.0543,0.036887,24.4553,185.2702,9.2715,56.3259,BIEN,13.6419,0.885801,3.4959,37.182,0.041548,0.051504,12.6359,39.6282,1,1,287.77,nan
closed_eye_2753.jpg_face_1,cerrado,B40,135.0543,0.036887,39.5186,183.6984,9.2849,55.762,BIEN,13.8421,0.902785,4.4212,36.0181,0.036137,0.064033,2.0339,73.5937,1,1,256.608,nan
closed_eye_2759.BMP_face_1,cerrado,B5,95.312,0.045975,4.5594,149.7161,13.483,59.0556,BIEN,13.0209,0.696871,4.6988,57.0799,0.058119,0.239052,26.4139,419.9581,1,1,177.522,nan
closed_eye_2759.BMP_face_1,cerrado,B10,95.312,0.045975,9.5748,157.1215,9.0555,58.9369,BIEN,12.1142,0.761692,4.5578,64.8496,0.038244,0.149493,16.8149,225.1593,1,1,176.389,nan
closed_eye_2759.BMP_face_1,cerrado,B15,95.312,0.045975,14.4931,159.6371,8.124,57.7642,BIEN,11.8263,0.780541,4.7147,67.4889,0.049863,0.124684,8.4553,171.1986,1,1,173.028,nan
closed_eye_2759.BMP_face_1,cerrado,B25,95.312,0.045975,24.4914,165.1768,6.5466,57.774,BIEN,11.063,0.773612,4.9703,73.3011,0.045162,0.115057,1.7691,150.2587,1,1,179.772,nan
closed_eye_2759.BMP_face_1,cerrado,B40,95.312,0.045975,39.5026,164.2783,6.4115,57.3313,BIEN,11.1563,0.787591,6.0049,72.3584,0.047378,0.070487,3.0519,53.3149,1,1,140.629,nan
closed_eye_2767.BMP_face_1,cerrado,B5,145.272,0.095005,4.4403,139.7593,31.8386,87.0102,BIEN,21.4642,0.694076,4.3672,3.7947,0.068741,0.223665,27.6454,135.4237,1,1,136.271,nan
closed_eye_2767.BMP_face_1,cerrado,B10,145.272,0.095005,9.3728,154.8566,27.3968,89.0375,BIEN,23.8594,0.824677,3.83,6.5977,0.081356,0.171629,14.3668,80.6526,1,1,128.365,nan
closed_eye_2767.BMP_face_1,cerrado,B15,145.272,0.095005,14.4062,158.8232,26.5232,88.0981,BIEN,22.6754,0.844852,3.9229,9.3281,0.058824,0.135175,38.083,42.282,1,1,129.358,nan
closed_eye_2767.BMP_face_1,cerrado,B25,145.272,0.095005,24.4482,163.665,25.5926,87.7229,BIEN,20.934,0.856052,4.2955,12.6611,0.073343,0.136378,22.8015,43.5479,1,1,135.737,nan
closed_eye_2767.BMP_face_1,cerrado,B40,145.272,0.095005,39.4807,164.0448,25.4281,87.1127,BIEN,20.7944,0.85963,5.2651,12.9225,0.086253,0.103928,9.212,9.3921,1,1,135.276,nan
closed_eye_2769.jpg_face_1,cerrado,B5,121.1566,0.044812,4.464,144.3715,29.3733,81.6815,BIEN,17.1562,0.711472,3.9975,19.1611,0.056281,0.262075,25.5931,484.8265,1,1,335.807,nan
closed_eye_2769.jpg_face_1,cerrado,B10,121.1566,0.044812,9.4747,142.8494,28.3126,75.8812,BIEN,19.4233,0.861814,4.6058,17.9048,0.039958,0.119093,10.8338,165.7579,1,1,383.303,nan
closed_eye_2769.jpg_face_1,cerrado,B15,121.1566,0.044812,14.3757,145.3634,27.4098,74.7866,BIEN,19.081,0.889085,4.8055,19.9798,0.048,0.092184,7.1141,105.7111,1,1,394.555,nan
closed_eye_2769.jpg_face_1,cerrado,B25,121.1566,0.044812,24.4574,146.0656,27.0913,73.9817,BIEN,19.0207,0.917954,5.4625,20.5594,0.054307,0.041656,21.1878,7.0427,1,1,380.055,nan
closed_eye_2769.jpg_face_1,cerrado,B40,121.1566,0.044812,39.4975,149.5554,26.3433,75.1831,BIEN,18.0065,0.916656,6.3451,23.4398,0.056426,0.040293,25.9149,10.086,1,1,390.122,nan
closed_eye_2770.jpg_face_1,cerrado,B5,149.4868,0.07375,4.4504,184.8875,1.1277,45.6152,BIEN,15.1442,0.613401,2.7553,23.6815,0.13432,nan,82.1294,nan,1,1,237.479,nan
closed_eye_2770.jpg_face_1,cerrado,B10,149.4868,0.07375,9.4411,187.9102,0.6774,42.7678,BIEN,16.2451,0.804687,2.9819,25.7036,0.058765,0.191224,20.3189,159.2884,1,1,245.044,nan
closed_eye_2770.jpg_face_1,cerrado,B15,149.4868,0.07375,14.4541,181.3688,1.2021,43.6246,BIEN,17.3525,0.847745,3.448,21.3277,0.066117,0.144496,10.35,95.9283,1,1,203.815,nan
closed_eye_2770.jpg_face_1,cerrado,B25,149.4868,0.07375,24.5064,191.6763,0.4444,42.6022,BIEN,15.478,0.865221,3.5103,28.2229,0.063856,0.112782,13.4156,52.9256,1,1,223.509,nan
closed_eye_2770.jpg_face_1,cerrado,B40,149.4868,0.07375,39.5003,187.7716,0.6206,42.9908,BIEN,16.1027,0.883387,4.4937,25.6108,0.064379,0.096132,12.7056,30.3492,1,1,243.605,nan
closed_eye_2773.jpg_face_1,cerrado,B5,91.4814,0.051991,4.5082,94.2914,46.2561,72.7559,BIEN,23.999,0.743534,6.9817,3.0717,0.051326,0.235091,1.2787,352.1791,1,1,496.623,nan
closed_eye_2773.jpg_face_1,cerrado,B10,91.4814,0.051991,9.4899,99.5599,44.4247,73.0637,BIEN,24.8567,0.84587,7.1512,8.8308,0.050518,0.120647,2.832,132.055,1,1,492.296,nan
closed_eye_2773.jpg_face_1,cerrado,B15,91.4814,0.051991,14.5064,102.0732,42.5062,73.0806,BIEN,24.2699,0.865454,7.4879,11.5781,0.069781,0.086049,34.2182,65.5087,1,1,377.572,nan
closed_eye_2773.jpg_face_1,cerrado,B25,91.4814,0.051991,24.5169,103.3899,41.8852,73.0331,BIEN,23.8085,0.882589,8.4479,13.0174,0.054888,0.043263,5.5734,16.7864,1,1,515.836,nan
closed_eye_2773.jpg_face_1,cerrado,B40,91.4814,0.051991,39.498,104.4396,41.3117,73.2219,BIEN,23.3519,0.886854,10.189,14.1649,0.044544,0.041109,14.3232,20.9298,1,1,486.997,nan
closed_eye_2778.jpg_face_2,cerrado,B5,170.1918,0.060353,4.3645,155.8865,12.3704,55.934,BIEN,19.3766,0.671427,4.1222,8.4055,0.07812,nan,29.4373,nan,1,1,544.04,nan
closed_eye_2778.jpg_face_2,cerrado,B10,170.1918,0.060353,9.282,191.4939,7.5879,59.6252,BIEN,20.4111,0.813834,2.6903,12.5165,0.059602,0.147159,1.2448,143.8301,1,1,530.87,nan
closed_eye_2778.jpg_face_2,cerrado,B15,170.1918,0.060353,14.4641,193.3478,7.155,58.5406,BIEN,19.7864,0.831395,2.8025,13.6058,0.059711,0.138887,1.0634,130.1228,1,1,536.567,nan
closed_eye_2778.jpg_face_2,cerrado,B25,170.1918,0.060353,24.4768,193.0579,7.6587,60.5662,BIEN,19.7928,0.856611,3.2823,13.4355,0.040979,0.080491,32.1009,33.3665,1,1,490.798,nan
closed_eye_2778.jpg_face_2,cerrado,B40,170.1918,0.060353,39.5069,193.7204,7.6753,60.7119,BIEN,19.5204,0.862817,4.0465,13.8247,0.055344,0.069752,8.2996,15.5726,1,1,524.494,nan
closed_eye_2780.jpg_face_1,cerrado,B5,161.0054,0.056895,4.4255,164.6431,14.4362,62.6924,BIEN,20.6666,0.682887,3.4358,2.2593,0.06932,nan,21.8387,nan,1,1,440.839,nan
closed_eye_2780.jpg_face_1,cerrado,B10,161.0054,0.056895,9.466,175.314,10.6439,60.9056,BIEN,22.325,0.821087,3.2554,8.887,0.066617,0.141961,17.0885,149.5153,1,1,495.835,nan
closed_eye_2780.jpg_face_1,cerrado,B15,161.0054,0.056895,14.4862,181.3488,9.5482,61.3522,BIEN,21.0157,0.864432,3.241,12.6352,0.069858,0.099177,22.7854,74.316,1,1,494.413,nan
closed_eye_2780.jpg_face_1,cerrado,B25,161.0054,0.056895,24.48,184.6025,8.7651,61.0259,BIEN,19.9704,0.878005,3.6076,14.6561,0.065762,0.077635,15.5858,36.4532,1,1,419.692,nan
closed_eye_2780.jpg_face_1,cerrado,B40,161.0054,0.056895,39.4588,182.4539,8.9889,60.489,BIEN,20.6824,0.89206,4.5687,13.3216,0.059492,0.059448,4.5657,4.4878,1,1,415.991,nan
closed_eye_2793.jpg_face_1,cerrado,B5,156.6787,0.081582,4.3806,154.4719,22.6334,67.6726,BIEN,21.3225,0.69525,4.0762,1.4085,0.101429,nan,24.3271,nan,1,1,449.519,nan
closed_eye_2793.jpg_face_1,cerrado,B10,156.6787,0.081582,9.3229,184.8271,11.4642,72.5667,BIEN,18.3408,0.834942,2.8294,17.9657,0.066159,0.152773,18.9047,87.2628,1,1,603.865,nan
closed_eye_2793.jpg_face_1,cerrado,B15,156.6787,0.081582,14.3439,184.7362,12.194,73.8455,BIEN,18.0821,0.83413,3.0293,17.9077,0.063213,0.128878,22.5163,57.9733,1,1,599.484,nan
closed_eye_2793.jpg_face_1,cerrado,B25,156.6787,0.081582,24.5083,180.1943,12.5615,72.9499,BIEN,19.4496,0.873083,3.7846,15.0088,0.06789,0.088719,16.7832,8.7476,1,1,533.22,nan
closed_eye_2793.jpg_face_1,cerrado,B40,156.6787,0.081582,39.527,182.9555,12.2509,74.2166,BIEN,18.4042,0.8646,4.4594,16.7711,0.072321,0.082937,11.3526,1.6599,1,1,541.008,nan
closed_eye_2794.jpg_face_1,cerrado,B5,150.7771,0.049553,4.417,139.3252,27.5083,77.3541,BIEN,20.3349,0.653234,4.3532,7.5953,0.061817,0.191557,24.75,286.569,1,1,315.716,nan
closed_eye_2794.jpg_face_1,cerrado,B10,150.7771,0.049553,9.3899,158.9671,21.0342,79.762,BIEN,23.5966,0.774558,3.6428,5.4318,0.070311,0.106057,41.8909,114.0271,1,1,343.124,nan
closed_eye_2794.jpg_face_1,cerrado,B15,150.7771,0.049553,14.4553,160.8109,20.0849,78.7373,BIEN,23.6436,0.80231,3.8481,6.6547,0.05042,0.072487,1.7497,46.2819,1,1,277.362,nan
closed_eye_2794.jpg_face_1,cerrado,B25,150.7771,0.049553,24.4619,163.503,19.3675,78.4796,BIEN,22.7854,0.811758,4.3218,8.4402,0.044437,0.064181,10.324,29.5192,1,1,378.201,nan
closed_eye_2794.jpg_face_1,cerrado,B40,150.7771,0.049553,39.4626,165.6066,18.7479,78.0944,BIEN,21.9722,0.806667,5.2049,9.8353,0.037055,0.044303,25.2219,10.5957,1,1,392.634,nan
closed_eye_2798.jpg_face_1,cerrado,B5,172.9597,0.021361,4.3589,168.1042,8.3807,54.6407,BIEN,19.8721,0.674574,3.7308,2.8073,nan,nan,nan,nan,1,0,195.118,nan
closed_eye_2798.jpg_face_1,cerrado,B10,172.9597,0.021361,9.3394,186.6183,5.4684,55.3195,BIEN,22.2984,0.780444,2.9953,7.897,0.018015,0.092825,15.6628,334.5488,1,1,222.593,nan
closed_eye_2798.jpg_face_1,cerrado,B15,172.9597,0.021361,14.5487,191.5893,4.1268,53.6693,BIEN,21.6497,0.819623,3.0203,10.7711,0.021932,0.078834,2.6703,269.0519,1,1,205.212,nan
closed_eye_2798.jpg_face_1,cerrado,B25,172.9597,0.021361,24.4854,197.1129,3.5647,55.0018,BIEN,19.7201,0.831819,3.2343,13.9647,0.014047,0.047947,34.2397,124.458,1,1,191.263,nan
closed_eye_2798.jpg_face_1,cerrado,B40,172.9597,0.021361,39.4877,198.6082,3.4008,55.0799,BIEN,19.1804,0.832812,3.9375,14.8292,0.020618,0.026976,3.478,26.2851,1,1,205.613,nan
closed_eye_2801.jpg_face_2,cerrado,B5,159.7048,0.026155,4.3649,170.8926,11.2107,61.0811,BIEN,21.5724,0.754862,3.5497,7.0053,0.021821,nan,16.5707,nan,1,1,370.672,nan
closed_eye_2801.jpg_face_2,cerrado,B10,159.7048,0.026155,9.4252,178.0994,9.0172,56.887,BIEN,21.3099,0.801387,3.471,11.5178,0.023597,0.105725,9.7788,304.2252,1,1,399.521,nan
closed_eye_2801.jpg_face_2,cerrado,B15,159.7048,0.026155,14.4928,183.7937,8.6511,58.3578,BIEN,19.8323,0.829609,3.4565,15.0834,0.029524,0.068888,12.8807,163.3827,1,1,406.537,nan
closed_eye_2801.jpg_face_2,cerrado,B25,159.7048,0.026155,24.4964,182.8628,8.1082,56.9314,BIEN,20.1851,0.847296,4.019,14.5005,0.032681,0.04925,24.953,88.3002,1,1,398.947,nan
closed_eye_2801.jpg_face_2,cerrado,B40,159.7048,0.026155,39.5425,182.2913,8.4838,57.3263,BIEN,20.3117,0.856491,4.9023,14.1426,0.035523,0.040499,35.817,54.8425,1,1,418.305,nan
closed_eye_2803.jpg_face_1,cerrado,B5,194.4599,0.052848,4.3494,184.9707,1.3661,32.7669,BIEN,19.1876,0.690417,3.0426,4.8798,nan,nan,nan,nan,1,0,77.843,nan
closed_eye_2803.jpg_face_1,cerrado,B10,194.4599,0.052848,9.3047,215.794,0.7949,32.4179,BIEN,21.1173,0.81357,1.9294,10.9709,0.061727,nan,16.8011,nan,1,1,86.46,nan
closed_eye_2803.jpg_face_1,cerrado,B15,194.4599,0.052848,14.3466,222.9036,0.6598,30.5975,BIEN,19.0699,0.832467,1.7988,14.627,0.05099,nan,3.5166,nan,1,1,85.554,nan
closed_eye_2803.jpg_face_1,cerrado,B25,194.4599,0.052848,24.5226,221.369,0.6027,30.3984,BIEN,19.5865,0.886396,2.2734,13.8379,0.052403,0.050011,0.8414,5.3684,1,1,72.175,nan
closed_eye_2803.jpg_face_1,cerrado,B40,194.4599,0.052848,39.4721,222.703,0.554,30.0709,BIEN,19.0622,0.895279,2.89,14.5239,0.052087,0.040532,1.4409,23.305,1,1,87.082,nan
closed_eye_2813.BMP_face_1,cerrado,B5,153.4052,0.046005,4.5143,162.5116,15.905,66.0918,BIEN,19.4969,0.539091,3.2497,5.9362,0.067873,nan,47.5351,nan,1,1,100.167,nan
closed_eye_2813.BMP_face_1,cerrado,B10,153.4052,0.046005,9.4662,169.0222,14.1802,65.0372,BIEN,21.6969,0.650747,3.5167,10.1802,0.037316,0.088313,18.8857,91.9656,1,1,112.902,nan
closed_eye_2813.BMP_face_1,cerrado,B15,153.4052,0.046005,14.4371,173.5295,13.3947,64.5328,BIEN,20.4309,0.659429,3.5331,13.1184,0.055731,0.059048,21.1416,28.3516,1,1,99.525,nan
closed_eye_2813.BMP_face_1,cerrado,B25,153.4052,0.046005,24.48,175.8478,12.9671,64.1767,BIEN,19.8643,0.673098,3.9807,14.6296,0.051956,0.051917,12.9359,12.8505,1,1,109.377,nan
closed_eye_2813.BMP_face_1,cerrado,B40,153.4052,0.046005,39.4804,178.7736,12.6339,64.3917,BIEN,18.9175,0.66515,4.7109,16.5369,0.048884,0.050931,6.2583,10.7076,1,1,103.786,nan
closed_eye_2817.jpg_face_1,cerrado,B5,115.6957,0.038067,4.4224,113.7116,34.4006,67.9446,BIEN,23.0374,0.666363,6.0921,1.7149,0.031619,0.214837,16.9372,464.3739,1,1,40.505,nan
closed_eye_2817.jpg_face_1,cerrado,B10,115.6957,0.038067,9.4417,127.7632,27.512,71.5255,BIEN,23.7015,0.84498,5.562,10.4304,0.025847,0.114607,32.1001,201.07,1,1,40.656,nan
closed_eye_2817.jpg_face_1,cerrado,B15,115.6957,0.038067,14.5313,131.7412,27.0631,72.5061,BIEN,22.1894,0.875103,5.686,13.8687,0.038408,0.077376,0.8963,103.2642,1,1,41.737,nan
closed_eye_2817.jpg_face_1,cerrado,B25,115.6957,0.038067,24.499,132.5229,26.4664,71.2656,BIEN,22.1866,0.904512,6.4129,14.5443,0.030589,0.060681,19.6424,59.409,1,1,31.575,nan
closed_eye_2817.jpg_face_1,cerrado,B40,115.6957,0.038067,39.4824,134.0041,26.2455,71.4968,BIEN,21.6961,0.919056,7.6133,15.8246,0.027299,0.054288,28.2872,42.6137,1,1,44.048,nan
closed_eye_2847.jpg_face_2,cerrado,B5,71.9011,0.077284,4.5438,119.1048,33.0723,73.3226,BIEN,12.9887,0.745423,5.5547,65.651,0.065149,0.165775,15.7011,114.5026,1,1,30.818,nan
closed_eye_2847.jpg_face_2,cerrado,B10,71.9011,0.077284,9.5402,122.2374,30.3188,72.821,BIEN,12.6542,0.790697,5.7736,70.0077,0.07417,0.113652,4.029,47.0581,1,1,29.867,nan
closed_eye_2847.jpg_face_2,cerrado,B15,71.9011,0.077284,14.5392,123.5227,29.3826,72.7113,BIEN,12.5063,0.79815,6.0916,71.7954,0.074698,0.088269,3.3457,14.2144,1,1,23.486,nan
closed_eye_2847.jpg_face_2,cerrado,B25,71.9011,0.077284,24.5313,124.9849,29.0099,73.0103,BIEN,12.3072,0.797556,6.8165,73.8289,0.057201,0.079197,25.9854,2.4762,1,1,31.031,nan
closed_eye_2847.jpg_face_2,cerrado,B40,71.9011,0.077284,39.5329,124.9026,28.7436,72.5371,BIEN,12.3504,0.792384,8.2408,73.7146,0.064518,0.068136,16.518,11.8358,1,1,28.019,nan
a0068,abierto,B5,107.203,0.190392,4.4084,117.7257,39.8106,82.7601,BIEN,22.3394,0.813589,5.3135,9.8156,0.177441,0.212421,6.8024,11.5703,1,1,227.801,nan
a0068,abierto,B10,107.203,0.190392,9.4317,120.0075,37.9107,80.1467,BIEN,22.6323,0.880732,5.6805,11.9442,0.178024,0.169948,6.496,10.738,1,1,242.313,nan
a0068,abierto,B15,107.203,0.190392,14.4623,120.7349,36.496,79.4034,BIEN,22.6129,0.887925,6.075,12.6227,0.178451,0.172338,6.272,9.4824,1,1,240.298,nan
a0068,abierto,B25,107.203,0.190392,24.4824,120.7428,36.7308,79.0534,BIEN,22.736,0.890686,6.9567,12.63,0.176435,0.167549,7.3306,11.9979,1,1,237.693,nan
a0068,abierto,B40,107.203,0.190392,39.5061,119.6139,37.5924,79.4393,BIEN,23.1043,0.892339,8.5096,11.577,0.179171,0.180297,5.8936,5.3022,1,1,197.352,nan
a0205,abierto,B5,105.8826,0.215294,4.4091,110.0388,45.3337,83.1959,BIEN,25.2646,0.821695,5.7092,3.9253,0.1971,0.221958,8.4508,3.0953,1,1,195.385,nan
a0205,abierto,B10,105.8826,0.215294,9.4441,115.6865,42.0889,81.261,BIEN,24.115,0.887232,5.8892,9.2592,0.189548,0.187535,11.9584,12.8936,1,1,196.344,nan
a0205,abierto,B15,105.8826,0.215294,14.4236,117.4028,40.5442,80.7759,BIEN,23.5167,0.892981,6.2264,10.8802,0.192773,0.195533,10.4606,9.1785,1,1,180.652,nan
a0205,abierto,B25,105.8826,0.215294,24.4674,118.9176,39.0246,80.218,BIEN,23.0096,0.892569,7.0454,12.3108,0.198002,0.19846,8.032,7.8192,1,1,232.062,nan
a0205,abierto,B40,105.8826,0.215294,39.4978,118.9931,38.9315,80.3502,BIEN,22.9283,0.892662,8.5519,12.3821,0.200207,0.197347,7.0075,8.336,1,1,206.671,nan
a0208,abierto,B5,106.9888,0.191685,4.3936,116.4688,42.7973,85.6958,BIEN,22.53,0.811234,5.2684,8.8608,0.186816,0.231818,2.5399,20.9368,1,1,229.69,nan
a0208,abierto,B10,106.9888,0.191685,9.4398,118.9987,40.8042,83.0154,BIEN,22.8586,0.883594,5.6364,11.2254,0.183586,0.183771,4.2252,4.129,1,1,252.729,nan
a0208,abierto,B15,106.9888,0.191685,14.4609,119.689,39.1818,82.2694,BIEN,22.8586,0.891524,6.0361,11.8706,0.182928,0.174862,4.5686,8.7763,1,1,234.555,nan
a0208,abierto,B25,106.9888,0.191685,24.4781,120.229,38.654,81.6543,BIEN,22.8469,0.894014,6.9043,12.3753,0.19067,0.184493,0.5293,3.7521,1,1,257.334,nan
a0208,abierto,B40,106.9888,0.191685,39.4943,120.6088,38.0659,81.3538,BIEN,22.7775,0.894004,8.3885,12.7303,0.185278,0.175154,3.3426,8.624,1,1,244.194,nan
a0230,abierto,B5,101.1822,0.186551,4.4158,109.1617,44.2586,81.9634,BIEN,23.4883,0.813447,5.8081,7.8863,0.185066,0.225639,0.7963,20.9529,1,1,237.874,nan
a0230,abierto,B10,101.1822,0.186551,9.4449,111.4486,42.8108,79.3859,BIEN,23.9086,0.88304,6.2049,10.1465,0.186981,0.17587,0.2304,5.7256,1,1,241.237,nan
a0230,abierto,B15,101.1822,0.186551,14.4554,114.3975,40.6431,79.1044,BIEN,22.7265,0.886689,6.4751,13.0609,0.175843,0.181971,5.7402,2.4555,1,1,227.314,nan
a0230,abierto,B25,101.1822,0.186551,24.4782,114.0927,40.7557,78.43,BIEN,23.1121,0.891669,7.4548,12.7597,0.174861,0.184009,6.2665,1.3627,1,1,246.84,nan
a0230,abierto,B40,101.1822,0.186551,39.5009,115.333,39.8591,78.3643,BIEN,22.5787,0.888767,8.9627,13.9854,0.177935,0.189272,4.6186,1.4587,1,1,238.937,nan
a0245,abierto,B5,111.1183,0.157348,4.4296,117.4855,45.8499,88.5576,BIEN,23.7091,0.809568,5.1312,5.7301,0.160872,0.173251,2.24,10.107,1,1,244.774,nan
a0245,abierto,B10,111.1183,0.157348,9.4202,122.9854,41.9958,86.2968,BIEN,22.6041,0.885188,5.3074,10.6797,0.152067,0.160282,3.3559,1.8649,1,1,169.667,nan
a0245,abierto,B15,111.1183,0.157348,14.4879,122.8027,42.349,85.357,BIEN,23.1627,0.899359,5.7554,10.5153,0.153159,0.160138,2.6624,1.7734,1,1,234.258,nan
a0245,abierto,B25,111.1183,0.157348,24.4691,123.7424,41.6329,84.8074,BIEN,22.9223,0.901066,6.5622,11.361,0.152417,0.145667,3.1336,7.4233,1,1,231.787,nan
a0245,abierto,B40,111.1183,0.157348,39.4774,123.9612,41.6212,84.9314,BIEN,22.7624,0.900699,7.9717,11.5579,0.152456,0.164361,3.1086,4.4572,1,1,206.364,nan
a0277,abierto,B5,112.8277,0.193745,4.4644,117.0657,43.7443,87.5615,BIEN,25.3133,0.82942,5.1676,3.7561,0.189504,0.210296,2.189,8.5424,1,1,231.23,nan
a0277,abierto,B10,112.8277,0.193745,9.4594,122.7752,38.9586,85.1759,BIEN,23.9674,0.893237,5.3501,8.8165,0.190133,0.189705,1.8646,2.0854,1,1,198.189,nan
a0277,abierto,B15,112.8277,0.193745,14.4218,124.517,38.4541,84.4681,BIEN,23.3486,0.899546,5.6734,10.3602,0.190036,0.178915,1.9143,7.6546,1,1,228.964,nan
a0277,abierto,B25,112.8277,0.193745,24.5096,123.9804,38.3299,84.287,BIEN,23.7534,0.90424,6.5602,9.8847,0.189711,0.191563,2.082,1.1264,1,1,203.745,nan
a0277,abierto,B40,112.8277,0.193745,39.4768,123.7402,38.782,84.338,BIEN,23.8702,0.90517,8.0125,9.6718,0.192541,0.180696,0.6215,6.7351,1,1,247.335,nan
a0279,abierto,B5,115.3651,0.194289,4.484,117.8179,43.6279,87.6652,BIEN,26.2065,0.833538,5.1221,2.1261,0.189149,0.218583,2.6458,12.5039,1,1,247.145,nan
a0279,abierto,B10,115.3651,0.194289,9.51,123.6513,38.2348,85.1652,BIEN,25.0256,0.899875,5.3021,7.1826,0.187755,0.184193,3.3634,5.1968,1,1,243.861,nan
a0279,abierto,B15,115.3651,0.194289,14.4856,125.5166,37.6642,84.3621,BIEN,24.3277,0.906259,5.6212,8.7994,0.179975,0.178645,7.3673,8.0523,1,1,243.126,nan
a0279,abierto,B25,115.3651,0.194289,24.4397,126.0658,36.919,84.3208,BIEN,24.0272,0.906387,6.4202,9.2755,0.187721,0.177133,3.3806,8.8301,1,1,241.493,nan
a0279,abierto,B40,115.3651,0.194289,39.4639,126.3291,36.9326,84.3058,BIEN,23.8761,0.90623,7.8073,9.5038,0.183494,0.183494,5.5565,5.5563,1,1,233.258,nan
a0371,abierto,B5,106.1452,0.179992,4.4272,109.0584,45.7005,83.2337,BIEN,26.2043,0.838443,5.7389,2.7445,0.195097,0.211128,8.3923,17.2988,1,1,219.207,nan
a0371,abierto,B10,106.1452,0.179992,9.4422,114.7159,42.2791,81.1719,BIEN,24.9962,0.90327,5.9308,8.0745,0.197183,0.176015,9.5509,2.2093,1,1,225.667,nan
a0371,abierto,B15,106.1452,0.179992,14.4352,116.4506,40.8042,80.5924,BIEN,24.3347,0.9077,6.2767,9.7088,0.191175,0.165741,6.2129,7.9173,1,1,223.254,nan
a0371,abierto,B25,106.1452,0.179992,24.4855,116.3368,40.7615,80.8589,BIEN,24.2628,0.907939,7.1774,9.6015,0.189193,0.170741,5.1119,5.1396,1,1,223.454,nan
a0371,abierto,B40,106.1452,0.179992,39.5211,116.5573,40.7246,80.9128,BIEN,24.1158,0.90766,8.7183,9.8093,0.186745,0.174118,3.7519,3.2632,1,1,225.841,nan
a0372,abierto,B5,105.3966,0.202952,4.4534,108.9016,44.4119,82.1444,BIEN,25.9063,0.842543,5.7867,3.3256,0.195533,0.218722,3.6559,7.77,1,1,205.444,nan
a0372,abierto,B10,105.3966,0.202952,9.4721,114.6914,40.7964,80.0286,BIEN,24.616,0.903666,5.97,8.8189,0.206447,0.172716,1.7218,14.898,1,1,239.057,nan
a0372,abierto,B15,105.3966,0.202952,14.46,116.3064,39.2905,79.5885,BIEN,23.975,0.907453,6.3165,10.3512,0.20748,0.184234,2.2312,9.223,1,1,248.04,nan
a0372,abierto,B25,105.3966,0.202952,24.504,115.8788,39.6534,80.0032,BIEN,24.0025,0.907674,7.2313,9.9455,0.208047,0.185354,2.5102,8.6711,1,1,206.369,nan
a0372,abierto,B40,105.3966,0.202952,39.5336,116.1798,39.341,80.0065,BIEN,23.8441,0.907305,8.7709,10.2311,0.201349,0.197919,0.7901,2.4798,1,1,248.775,nan
a0374,abierto,B5,113.7246,0.189319,4.4706,118.0501,41.1593,84.7463,BIEN,25.3679,0.835127,5.228,3.8035,0.194749,0.209393,2.8684,10.6033,1,1,225.759,nan
a0374,abierto,B10,113.7246,0.189319,9.4753,123.9021,36.1098,82.3919,BIEN,23.9522,0.892312,5.389,8.9492,0.189504,0.171022,0.0978,9.6648,1,1,244.684,nan
a0374,abierto,B15,113.7246,0.189319,14.4732,125.7897,35.2229,81.6763,BIEN,23.286,0.896109,5.701,10.609,0.195973,0.190436,3.5146,0.5901,1,1,220.604,nan
a0374,abierto,B25,113.7246,0.189319,24.4697,125.4059,35.351,81.3489,BIEN,23.6473,0.90047,6.5685,10.2716,0.19404,0.186395,2.494,1.5446,1,1,255.487,nan
a0374,abierto,B40,113.7246,0.189319,39.4459,125.4323,35.3859,81.8034,BIEN,23.4282,0.899327,7.9567,10.2948,0.200916,0.188556,6.1257,0.403,1,1,217.614,nan
a0379,abierto,B5,109.6001,0.191517,4.4202,116.7101,40.7305,84.339,BIEN,24.102,0.831527,5.2962,6.4873,0.192574,0.228444,0.5518,19.2809,1,1,243.445,nan
a0379,abierto,B10,109.6001,0.191517,9.4961,119.2454,38.8674,81.7656,BIEN,24.4702,0.898979,5.6583,8.8005,0.190348,0.192142,0.6105,0.3261,1,1,253.975,nan
a0379,abierto,B15,109.6001,0.191517,14.4472,121.9806,36.6163,81.3941,BIEN,23.1509,0.897898,5.9182,11.296,0.188507,0.178696,1.5719,6.6946,1,1,199.621,nan
a0379,abierto,B25,109.6001,0.191517,24.4605,121.1485,37.1597,81.0333,BIEN,23.7722,0.904135,6.851,10.5368,0.186738,0.18257,2.4957,4.6716,1,1,246.834,nan
a0379,abierto,B40,109.6001,0.191517,39.5172,120.3592,38.0,81.4989,BIEN,23.994,0.905128,8.3772,9.8167,0.188195,0.186401,1.735,2.6715,1,1,206.731,nan
a0386,abierto,B5,99.5347,0.188042,4.4074,107.3403,47.6935,83.8679,BIEN,23.442,0.820805,5.8044,7.8421,0.186301,0.215785,0.9259,14.7536,1,1,195.023,nan
a0386,abierto,B10,99.5347,0.188042,9.4628,110.0649,46.1352,81.3335,BIEN,23.7345,0.896738,6.1961,10.5794,0.189105,0.184927,0.5656,1.6566,1,1,223.524,nan
a0386,abierto,B15,99.5347,0.188042,14.4606,110.6784,45.6597,80.8001,BIEN,23.6931,0.904175,6.627,11.1958,0.176598,0.183288,6.0858,2.5279,1,1,218.036,nan
a0386,abierto,B25,99.5347,0.188042,24.5199,111.1941,45.3356,80.1569,BIEN,23.7291,0.906655,7.5886,11.714,0.187029,0.172291,0.5386,8.3764,1,1,252.576,nan
a0386,abierto,B40,99.5347,0.188042,39.5355,111.7762,44.9029,80.2894,BIEN,23.376,0.905085,9.1995,12.2987,0.184806,0.165649,1.721,11.9087,1,1,224.427,nan
a0418,abierto,B5,100.8038,0.183868,4.4063,107.6769,47.7789,84.7705,BIEN,23.6431,0.816548,5.7527,6.8183,0.183491,0.196566,0.2054,6.906,1,1,214.092,nan
a0418,abierto,B10,100.8038,0.183868,9.4491,110.3626,46.3273,82.1385,BIEN,24.118,0.899665,6.1469,9.4825,0.185265,0.182014,0.7598,1.0083,1,1,234.467,nan
a0418,abierto,B15,100.8038,0.183868,14.4459,113.0898,44.3653,81.6898,BIEN,23.0191,0.903711,6.4414,12.188,0.174848,0.172192,4.906,6.3503,1,1,244.6,nan
a0418,abierto,B25,100.8038,0.183868,24.4599,112.8819,44.2993,81.0528,BIEN,23.4054,0.908666,7.4273,11.9818,0.173833,0.173232,5.458,5.7848,1,1,210.34,nan
a0418,abierto,B40,100.8038,0.183868,39.5073,112.9931,44.2023,80.9704,BIEN,23.384,0.908834,9.0543,12.0921,0.174521,0.161655,5.0837,12.0808,1,1,208.899,nan
a0487,abierto,B5,107.0182,0.177507,4.3928,116.2349,43.9539,87.056,BIEN,22.4857,0.80579,5.2319,8.6123,0.18207,0.210795,2.5707,18.7535,1,1,232.326,nan
a0487,abierto,B10,107.0182,0.177507,9.4413,118.9617,41.9298,84.3366,BIEN,22.8155,0.885137,5.5964,11.1602,0.187862,0.184483,5.8337,3.9302,1,1,204.918,nan
a0487,abierto,B15,107.0182,0.177507,14.4603,119.7104,40.9148,83.5973,BIEN,22.8005,0.894175,5.9932,11.8599,0.183207,0.1765,3.2114,0.567,1,1,242.813,nan
a0487,abierto,B25,107.0182,0.177507,24.4684,120.272,40.3559,82.9606,BIEN,22.7905,0.896756,6.858,12.3847,0.17639,0.178481,0.6289,0.5487,1,1,251.332,nan
a0487,abierto,B40,107.0182,0.177507,39.4874,119.9256,40.5946,83.0453,BIEN,22.9268,0.89822,8.3743,12.061,0.172017,0.174922,3.0928,1.4559,1,1,228.066,nan
a0533,abierto,B5,99.5021,0.17882,4.4152,107.5273,48.8948,84.873,BIEN,23.3415,0.818224,5.7577,8.0653,0.176454,0.208067,1.3229,16.3558,1,1,221.17,nan
a0533,abierto,B10,99.5021,0.17882,9.461,110.1289,47.4412,82.3616,BIEN,23.6562,0.893839,6.1521,10.68,0.178518,0.188806,0.1688,5.5844,1,1,241.978,nan
a0533,abierto,B15,99.5021,0.17882,14.4587,110.7872,46.9095,81.8183,BIEN,23.6257,0.901696,6.5826,11.3416,0.175835,0.16775,1.6691,6.1903,1,1,214.827,nan
a0533,abierto,B25,99.5021,0.17882,24.5171,111.551,46.3952,81.0764,BIEN,23.5777,0.903936,7.5312,12.1091,0.179509,0.172956,0.3853,3.2793,1,1,242.695,nan
a0533,abierto,B40,99.5021,0.17882,39.5181,112.4449,45.6655,81.0256,BIEN,23.1492,0.901373,9.1213,13.0075,0.171865,0.176494,3.8894,1.3004,1,1,185.216,nan
a0579,abierto,B5,108.9364,0.200394,4.4305,117.5189,42.9894,84.6839,BIEN,23.0411,0.818906,5.2639,7.8785,0.216231,0.21247,7.9032,6.0261,1,1,238.396,nan
a0579,abierto,B10,108.9364,0.200394,9.483,119.9658,41.431,81.9714,BIEN,23.4451,0.88741,5.6304,10.1246,0.217667,0.193821,8.6196,3.28,1,1,241.196,nan
a0579,abierto,B15,108.9364,0.200394,14.4542,120.66,40.5015,81.2291,BIEN,23.4386,0.895078,6.02,10.7619,0.209681,0.214931,4.6345,7.2543,1,1,229.885,nan
a0579,abierto,B25,108.9364,0.200394,24.469,122.3363,39.2886,80.8461,BIEN,22.7683,0.892969,6.792,12.3007,0.215741,0.217053,7.6587,8.3132,1,1,231.059,nan
a0579,abierto,B40,108.9364,0.200394,39.4917,121.6069,39.8048,81.3296,BIEN,22.9433,0.894363,8.2836,11.6312,0.218174,0.217191,8.8727,8.3819,1,1,248.047,nan
a0705,abierto,B5,99.4831,0.188602,4.4158,108.9361,46.4845,83.0372,BIEN,22.7493,0.815732,5.7573,9.502,0.189827,0.215852,0.6495,14.4483,1,1,223.624,nan
a0705,abierto,B10,99.4831,0.188602,9.4435,111.3548,45.2017,80.4365,BIEN,23.117,0.889167,6.1572,11.9334,0.183048,0.180394,2.945,4.3519,1,1,230.06,nan
a0705,abierto,B15,99.4831,0.188602,14.4385,111.9561,44.7185,79.8523,BIEN,23.1104,0.89682,6.5847,12.5378,0.185021,0.181753,1.8989,3.6315,1,1,237.428,nan
a0705,abierto,B25,99.4831,0.188602,24.5002,111.8966,44.8427,79.5727,BIEN,23.2605,0.899905,7.5509,12.478,0.181187,0.178399,3.9314,5.4099,1,1,245.724,nan
a0705,abierto,B40,99.4831,0.188602,39.5158,112.2574,44.67,79.7899,BIEN,23.0077,0.898928,9.1486,12.8406,0.18075,0.179839,4.1634,4.6465,1,1,241.354,nan
a0857,abierto,B5,100.7418,0.189863,4.3821,108.8868,44.1557,82.8306,BIEN,23.3103,0.821412,5.7644,8.085,0.187144,0.21783,1.4322,14.7298,1,1,236.485,nan
a0857,abierto,B10,100.7418,0.189863,9.4254,111.4199,42.6575,80.2677,BIEN,23.7291,0.894373,6.1578,10.5994,0.184707,0.184534,2.7158,2.8068,1,1,220.177,nan
a0857,abierto,B15,100.7418,0.189863,14.4268,114.2035,40.8333,79.9221,BIEN,22.6177,0.896466,6.4369,13.3625,0.182591,0.181535,3.8305,4.3865,1,1,183.231,nan
a0857,abierto,B25,100.7418,0.189863,24.4763,113.9213,40.7596,79.2553,BIEN,23.025,0.901698,7.4189,13.0825,0.180385,0.181645,4.9921,4.3284,1,1,223.574,nan
a0857,abierto,B40,100.7418,0.189863,39.4841,114.6547,40.09,78.9204,BIEN,22.8099,0.900294,8.9874,13.8105,0.187041,0.169331,1.4867,10.8141,1,1,236.167,nan
a0881,abierto,B5,102.0847,0.160364,4.3968,108.3007,43.8316,82.5307,BIEN,24.4258,0.824801,5.8087,6.089,0.165276,0.213092,3.0629,32.8797,1,1,205.153,nan
a0881,abierto,B10,102.0847,0.160364,9.4144,113.9634,40.5616,80.5817,BIEN,23.0649,0.890912,5.9916,11.636,0.167103,0.167853,4.2018,4.67,1,1,242.037,nan
a0881,abierto,B15,102.0847,0.160364,14.4636,113.7085,40.3773,79.6593,BIEN,23.6145,0.90387,6.4793,11.3864,0.163037,0.161227,1.6666,0.5375,1,1,233.645,nan
a0881,abierto,B25,102.0847,0.160364,24.4516,114.6952,39.2032,79.1202,BIEN,23.3527,0.90452,7.3689,12.3529,0.16797,0.153615,4.7426,4.2091,1,1,232.856,nan
a0881,abierto,B40,102.0847,0.160364,39.5031,115.5535,38.5317,78.9476,BIEN,22.9984,0.902341,8.914,13.1937,0.167091,0.158515,4.1947,1.1532,1,1,239.498,nan
a0947,abierto,B5,103.7651,0.178082,4.425,109.5636,46.3137,83.5246,BIEN,24.4416,0.822468,5.7181,5.5881,0.183676,0.219578,3.1414,23.3017,1,1,222.43,nan
a0947,abierto,B10,103.7651,0.178082,9.4388,115.1789,43.034,81.5939,BIEN,23.2368,0.885971,5.9011,10.9997,0.17616,0.162794,1.0791,8.5847,1,1,222.425,nan
a0947,abierto,B15,103.7651,0.178082,14.4358,116.8966,41.5882,81.0401,BIEN,22.6818,0.893064,6.2408,12.655,0.181408,0.180003,1.8679,1.0785,1,1,242.966,nan
a0947,abierto,B25,103.7651,0.178082,24.4676,117.0977,41.0216,80.3648,BIEN,22.87,0.896532,7.1619,12.8488,0.17554,0.188807,1.4274,6.0226,1,1,225.048,nan
a0947,abierto,B40,103.7651,0.178082,39.5103,116.6815,41.2525,80.5954,BIEN,22.9765,0.897696,8.733,12.4477,0.180582,0.177052,1.4041,0.5784,1,1,180.128,nan
a0958,abierto,B5,100.0941,0.152446,4.39,107.8075,46.9541,83.6111,BIEN,23.343,0.807875,5.7897,7.7061,0.139008,0.20966,8.8148,37.5303,1,1,183.557,nan
a0958,abierto,B10,100.0941,0.152446,9.3967,110.384,45.5219,81.0124,BIEN,23.7589,0.888197,6.1838,10.2802,0.138485,0.166382,9.1581,9.1419,1,1,161.93,nan
a0958,abierto,B15,100.0941,0.152446,14.4546,111.4879,44.736,80.2268,BIEN,23.6231,0.898967,6.5963,11.383,0.136829,0.157085,10.2444,3.0433,1,1,217.193,nan
a0958,abierto,B25,100.0941,0.152446,24.3698,112.918,43.5308,79.9823,BIEN,23.0535,0.898441,7.4545,12.8118,0.138662,0.148346,9.0422,2.6893,1,1,190.851,nan
a0958,abierto,B40,100.0941,0.152446,39.4469,112.9663,43.4357,80.0564,BIEN,23.001,0.898505,9.0773,12.8601,0.139095,0.149626,8.758,1.8502,1,1,214.546,nan
a1009,abierto,B5,105.1595,0.197073,4.4037,109.7681,46.4146,82.4927,BIEN,24.9407,0.821034,5.7492,4.3825,0.212174,0.231087,7.6628,17.2595,1,1,207.598,nan
a1009,abierto,B10,105.1595,0.197073,9.4246,115.6966,43.1543,80.6836,BIEN,23.6575,0.882613,5.9063,10.0201,0.20551,0.197282,4.281,0.1061,1,1,225.281,nan
a1009,abierto,B15,105.1595,0.197073,14.4017,117.1714,42.0016,80.2288,BIEN,23.1932,0.889611,6.2529,11.4226,0.204629,0.206422,3.8343,4.744,1,1,233.176,nan
a1009,abierto,B25,105.1595,0.197073,24.468,119.0676,40.4956,79.6063,BIEN,22.5654,0.888544,7.0513,13.2257,0.206345,0.21473,4.7047,8.9596,1,1,236.591,nan
a1009,abierto,B40,105.1595,0.197073,39.4813,118.7189,40.9187,79.9555,BIEN,22.5988,0.889329,8.5731,12.8941,0.206977,0.210781,5.0257,6.9555,1,1,227.697,nan
a1021,abierto,B5,102.9079,0.21184,4.4462,109.5084,46.6572,82.7464,BIEN,24.0756,0.820651,5.7462,6.414,0.202449,0.207483,4.433,2.0567,1,1,216.071,nan
a1021,abierto,B10,102.9079,0.21184,9.4388,114.96,43.5172,80.8864,BIEN,22.8752,0.87887,5.9327,11.7115,0.212932,0.208321,0.5159,1.6609,1,1,242.049,nan
a1021,abierto,B15,102.9079,0.21184,14.4448,114.5496,43.5114,79.9642,BIEN,23.4542,0.892405,6.4198,11.3127,0.204076,0.207853,3.665,1.882,1,1,214.335,nan
a1021,abierto,B25,102.9079,0.21184,24.4587,116.852,41.8289,79.6322,BIEN,22.5325,0.888532,7.1995,13.5501,0.208726,0.209562,1.4696,1.0753,1,1,250.658,nan
a1021,abierto,B40,102.9079,0.21184,39.4888,116.2771,42.2597,79.3858,BIEN,22.8829,0.891664,8.8189,12.9914,0.207658,0.208951,1.9738,1.3634,1,1,223.914,nan
a1035,abierto,B5,98.1878,0.202128,4.416,108.1477,47.3151,82.2432,BIEN,22.5428,0.820961,5.8075,10.1438,0.20476,0.211664,1.3023,4.7175,1,1,232.666,nan
a1035,abierto,B10,98.1878,0.202128,9.4203,110.6694,45.8751,79.7462,BIEN,22.7652,0.887637,6.2007,12.712,0.197261,0.197119,2.4078,2.4782,1,1,228.692,nan
a1035,abierto,B15,98.1878,0.202128,14.4416,111.3617,45.2891,79.1457,BIEN,22.7365,0.895784,6.6296,13.4171,0.199362,0.19141,1.3687,5.3028,1,1,249.265,nan
a1035,abierto,B25,98.1878,0.202128,24.4662,112.0039,44.8466,78.5061,BIEN,22.7021,0.898324,7.5725,14.0712,0.204488,0.191379,1.1676,5.3181,1,1,210.234,nan
a1035,abierto,B40,98.1878,0.202128,39.4695,112.2471,44.6389,78.2474,BIEN,22.6828,0.898336,9.2212,14.3188,0.203535,0.194603,0.6958,3.723,1,1,216.431,nan
a1057,abierto,B5,105.0502,0.192477,4.4072,109.54,48.5921,85.5763,BIEN,24.8993,0.819674,5.6434,4.274,0.20315,0.208743,5.545,8.4506,1,1,239.2,nan
a1057,abierto,B10,105.0502,0.192477,9.427,115.1985,45.194,83.6968,BIEN,23.7638,0.889619,5.821,9.6604,0.202141,0.184732,5.0207,4.024,1,1,235.073,nan
a1057,abierto,B15,105.0502,0.192477,14.3823,116.677,44.0956,83.1854,BIEN,23.3164,0.897853,6.1723,11.0679,0.198886,0.191493,3.3295,0.5116,1,1,256.805,nan
a1057,abierto,B25,105.0502,0.192477,24.4529,118.5246,42.675,82.5471,BIEN,22.6925,0.897381,6.9783,12.8266,0.201332,0.183612,4.6003,4.6062,1,1,233.53,nan
a1057,abierto,B40,105.0502,0.192477,39.4954,117.7984,43.2708,82.6532,BIEN,23.0072,0.900115,8.5559,12.1353,0.198346,0.196363,3.0492,2.0186,1,1,207.835,nan
a1058,abierto,B5,105.9552,0.194015,4.4155,110.328,48.0331,85.8665,BIEN,25.0446,0.82161,5.5928,4.127,0.205682,0.221916,6.0134,14.3804,1,1,205.575,nan
a1058,abierto,B10,105.9552,0.194015,9.4429,115.8465,44.8388,83.9602,BIEN,23.9898,0.892477,5.779,9.3354,0.197023,0.190157,1.5502,1.9886,1,1,246.081,nan
a1058,abierto,B15,105.9552,0.194015,14.4219,117.4644,43.558,83.4575,BIEN,23.457,0.901175,6.1209,10.8624,0.1915,0.188857,1.2965,2.6587,1,1,216.704,nan
a1058,abierto,B25,105.9552,0.194015,24.4592,118.9525,42.675,82.8697,BIEN,22.9815,0.901519,6.9414,12.2668,0.189772,0.192439,2.1874,0.8123,1,1,223.249,nan
a1058,abierto,B40,105.9552,0.194015,39.5099,119.6088,42.0831,82.6801,BIEN,22.7345,0.900301,8.4145,12.8863,0.192049,0.19605,1.0134,1.0488,1,1,221.234,nan
a1098,abierto,B5,105.2192,0.158763,4.4197,109.1633,47.2666,84.1449,BIEN,25.2577,0.821725,5.7136,3.7485,0.161645,0.222863,1.8157,40.3751,1,1,221.651,nan
a1098,abierto,B10,105.2192,0.158763,9.4501,114.8899,44.0529,82.1162,BIEN,24.0956,0.89044,5.8975,9.191,0.161807,0.153284,1.9174,3.4508,1,1,233.585,nan
a1098,abierto,B15,105.2192,0.158763,14.4155,116.3294,42.7856,81.6259,BIEN,23.6226,0.897879,6.2529,10.5591,0.161253,0.155671,1.5685,1.9475,1,1,223.309,nan
a1098,abierto,B25,105.2192,0.158763,24.4645,118.1289,40.9323,80.952,BIEN,23.0237,0.897132,7.071,12.2693,0.166473,0.156854,4.8567,1.2024,1,1,226.147,nan
a1098,abierto,B40,105.2192,0.158763,39.5033,118.2058,40.9362,81.0683,BIEN,22.9382,0.897229,8.5928,12.3425,0.162197,0.151099,2.1634,4.827,1,1,251.857,nan
a1099,abierto,B5,102.9369,0.170909,4.4347,108.5124,47.6489,84.729,BIEN,24.5289,0.819307,5.7109,5.4164,0.183202,0.216242,7.1931,26.5247,1,1,179.698,nan
a1099,abierto,B10,102.9369,0.170909,9.4423,114.0121,44.5109,82.7304,BIEN,23.3404,0.886948,5.9125,10.7592,0.184219,0.179921,7.7877,5.2733,1,1,222.296,nan
a1099,abierto,B15,102.9369,0.170909,14.4464,113.7619,44.5885,81.8245,BIEN,23.9053,0.902014,6.3953,10.5162,0.18552,0.170749,8.5489,0.0938,1,1,210.895,nan
a1099,abierto,B25,102.9369,0.170909,24.4597,116.007,42.2966,81.4625,BIEN,22.9479,0.898479,7.1926,12.6972,0.180105,0.162225,5.3806,5.0807,1,1,223.075,nan
a1099,abierto,B40,102.9369,0.170909,39.5083,114.2601,44.1227,81.8255,BIEN,23.6608,0.903102,8.8885,11.0001,0.179747,0.164022,5.1712,4.0294,1,1,236.714,nan
a1112,abierto,B5,100.1647,0.177751,4.3973,107.2593,47.6586,83.7929,BIEN,23.6946,0.812492,5.8072,7.0829,0.192189,0.226917,8.123,27.6604,1,1,199.573,nan
a1112,abierto,B10,100.1647,0.177751,9.4233,109.9184,46.205,81.2786,BIEN,24.0526,0.890276,6.1966,9.7377,0.189758,0.193774,6.7551,9.0143,1,1,209.983,nan
a1112,abierto,B15,100.1647,0.177751,14.4452,111.0033,45.3512,80.4699,BIEN,23.9307,0.9013,6.6127,10.8208,0.185349,0.172671,4.2749,2.8577,1,1,240.628,nan
a1112,abierto,B25,100.1647,0.177751,24.3901,112.4429,43.9617,80.2255,BIEN,23.3322,0.900382,7.481,12.258,0.186356,0.17862,4.8413,0.4891,1,1,247.562,nan
a1112,abierto,B40,100.1647,0.177751,39.4807,113.0483,43.2417,80.0158,BIEN,23.1235,0.89944,9.0919,12.8624,0.188751,0.180938,6.1886,1.7933,1,1,213.803,nan
a1132,abierto,B5,103.1167,0.180875,4.4397,109.3134,46.0828,82.7501,BIEN,24.3392,0.823247,5.7535,6.0094,0.180406,0.232501,0.2589,28.5424,1,1,213.256,nan
a1132,abierto,B10,103.1167,0.180875,9.4434,114.8047,42.7332,80.863,BIEN,23.0953,0.883119,5.9402,11.3347,0.187258,0.168336,3.5293,6.9323,1,1,233.372,nan
a1132,abierto,B15,103.1167,0.180875,14.4509,114.5662,42.7817,79.9624,BIEN,23.6122,0.896999,6.4181,11.1035,0.185027,0.17733,2.2955,1.9596,1,1,188.69,nan
a1132,abierto,B25,103.1167,0.180875,24.4741,116.7933,40.9187,79.6353,BIEN,22.6983,0.893253,7.2069,13.2632,0.186549,0.186308,3.137,3.004,1,1,212.689,nan
a1132,abierto,B40,103.1167,0.180875,39.5037,117.044,40.7693,79.4409,BIEN,22.6538,0.893344,8.7576,13.5064,0.192438,0.185133,6.3928,2.3545,1,1,241.476,nan
a1147,abierto,B5,104.3383,0.180783,4.4342,109.9096,44.9844,81.5563,BIEN,24.6692,0.825177,5.7748,5.3396,0.18941,0.217598,4.7721,20.3642,1,1,262.137,nan
a1147,abierto,B10,104.3383,0.180783,9.4533,115.6507,41.7648,79.7675,BIEN,23.3656,0.885129,5.9411,10.842,0.180951,0.173913,0.0929,3.7999,1,1,197.957,nan
a1147,abierto,B15,104.3383,0.180783,14.4637,117.4778,40.3811,79.1816,BIEN,22.786,0.890605,6.2751,12.5932,0.184521,0.179701,2.068,0.5982,1,1,228.009,nan
a1147,abierto,B25,104.3383,0.180783,24.4702,117.6004,39.6689,78.5413,BIEN,22.9656,0.894497,7.1901,12.7107,0.184462,0.18836,2.0353,4.1912,1,1,234.516,nan
a1147,abierto,B40,104.3383,0.180783,39.4947,117.9053,39.5195,78.9171,BIEN,22.7004,0.893303,8.6855,13.0029,0.191382,0.194057,5.8632,7.3427,1,1,233.438,nan
a1204,abierto,B5,101.9485,0.178114,4.4262,109.4326,46.011,82.8271,BIEN,23.6496,0.817177,5.7624,7.3411,0.164417,0.232955,7.6906,30.7893,1,1,248.917,nan
a1204,abierto,B10,101.9485,0.178114,9.4556,111.9925,44.6215,80.2713,BIEN,24.0868,0.889706,6.15,9.852,0.176372,0.171526,0.9784,3.699,1,1,227.035,nan
a1204,abierto,B15,101.9485,0.178114,14.4616,114.6575,42.7701,79.9308,BIEN,22.9955,0.894564,6.4324,12.466,0.180931,0.180398,1.5811,1.282,1,1,168.862,nan
a1204,abierto,B25,101.9485,0.178114,24.4844,115.6007,41.6445,79.4712,BIEN,22.7508,0.896005,7.3106,13.3913,0.180694,0.173783,1.4485,2.4316,1,1,237.062,nan
a1204,abierto,B40,101.9485,0.178114,39.5135,115.2836,41.9337,79.3693,BIEN,22.9331,0.897847,8.9214,13.0802,0.180267,0.175633,1.2082,1.3935,1,1,147.671,nan
a1207,abierto,B5,105.6055,0.196503,4.3964,110.291,45.4443,82.8629,BIEN,24.8487,0.820273,5.7266,4.4368,0.190048,0.238246,3.2851,21.2429,1,1,216.155,nan
a1207,abierto,B10,105.6055,0.196503,9.4424,116.2388,42.1336,80.9686,BIEN,23.695,0.886158,5.8873,10.0689,0.184303,0.179782,6.2086,8.5096,1,1,236.776,nan
a1207,abierto,B15,105.6055,0.196503,14.4212,117.928,40.7654,80.5091,BIEN,23.1422,0.893906,6.2197,11.6684,0.189293,0.192008,3.6693,2.2875,1,1,215.077,nan
a1207,abierto,B25,105.6055,0.196503,24.481,119.605,39.2439,79.9706,BIEN,22.594,0.893218,7.0206,13.2564,0.186929,0.191449,4.8725,2.5724,1,1,205.107,nan
a1207,abierto,B40,105.6055,0.196503,39.5041,120.4027,38.4657,79.7193,BIEN,22.3279,0.891694,8.4756,14.0118,0.184086,0.188034,6.3193,4.3101,1,1,196.306,nan
a1215,abierto,B5,102.5043,0.190266,4.4069,109.3913,45.7859,82.7407,BIEN,23.9096,0.81841,5.7656,6.7187,0.189517,0.22805,0.3933,19.8589,1,1,246.682,nan
a1215,abierto,B10,102.5043,0.190266,9.4226,115.1301,42.4654,80.8376,BIEN,22.6728,0.882243,5.9386,12.3173,0.183026,0.173948,3.8052,8.5765,1,1,223.739,nan
a1215,abierto,B15,102.5043,0.190266,14.4407,114.7844,42.3645,79.8518,BIEN,23.2134,0.896481,6.4227,11.9801,0.181588,0.189342,4.5607,0.4857,1,1,217.699,nan
a1215,abierto,B25,102.5043,0.190266,24.469,115.9229,41.4097,79.3877,BIEN,22.8896,0.897081,7.2867,13.0908,0.196244,0.183515,3.1423,3.5479,1,1,233.117,nan
a1215,abierto,B40,102.5043,0.190266,39.5026,116.8024,40.418,79.1298,BIEN,22.5766,0.895228,8.7994,13.9488,0.195034,0.195386,2.5059,2.6911,1,1,243.244,nan
a1222,abierto,B5,101.9583,0.187731,4.4334,109.4307,45.8693,82.6042,BIEN,23.6758,0.818896,5.7541,7.3288,0.183096,0.233215,2.4688,24.2286,1,1,222.757,nan
a1222,abierto,B10,101.9583,0.187731,9.4515,111.9004,44.3575,80.0217,BIEN,24.1526,0.890707,6.1474,9.7512,0.181274,0.17191,3.4395,8.4275,1,1,191.78,nan
a1222,abierto,B15,101.9583,0.187731,14.4609,114.6412,42.3276,79.6954,BIEN,23.0031,0.894609,6.4252,12.4393,0.184611,0.187959,1.6618,0.1215,1,1,200.497,nan
a1222,abierto,B25,101.9583,0.187731,24.4732,115.5432,41.1496,79.2384,BIEN,22.781,0.895758,7.307,13.324,0.188253,0.191665,0.278,2.0956,1,1,240.523,nan
a1222,abierto,B40,101.9583,0.187731,39.5219,115.7277,40.8838,78.852,BIEN,22.8347,0.896584,8.8953,13.5049,0.186763,0.188599,0.5153,0.4626,1,1,228.415,nan
a1231,abierto,B5,104.621,0.189049,4.447,109.1297,45.1086,83.1847,BIEN,25.3854,0.829786,5.7482,4.3095,0.192137,0.227329,1.6333,20.2487,1,1,227.77,nan
a1231,abierto,B10,104.621,0.189049,9.4698,114.5713,41.7532,81.2644,BIEN,24.1023,0.893351,5.941,9.5108,0.187626,0.174854,0.7526,7.5085,1,1,198.89,nan
a1231,abierto,B15,104.621,0.189049,14.4845,116.503,40.1832,80.5506,BIEN,23.4686,0.899586,6.2825,11.3571,0.183456,0.176166,2.9586,6.8144,1,1,228.441,nan
a1231,abierto,B25,104.621,0.189049,24.463,117.8338,38.2328,80.2161,BIEN,22.9534,0.898149,7.1172,12.6292,0.177577,0.183049,6.0684,3.1737,1,1,172.912,nan
a1231,abierto,B40,104.621,0.189049,39.497,117.2129,39.0363,80.1722,BIEN,23.276,0.901026,8.716,12.0356,0.182049,0.178842,3.7028,5.3992,1,1,241.645,nan
a1241,abierto,B5,103.3224,0.190162,4.4315,108.8918,44.5283,82.816,BIEN,24.7635,0.824597,5.7788,5.3903,0.185169,0.22349,2.6255,17.5259,1,1,202.053,nan
a1241,abierto,B10,103.3224,0.190162,9.4537,114.4752,40.909,80.8312,BIEN,23.4529,0.889649,5.9661,10.7942,0.183029,0.180615,3.751,5.0206,1,1,239.086,nan
a1241,abierto,B15,103.3224,0.190162,14.4536,114.1256,41.1167,79.9326,BIEN,24.0577,0.903391,6.4529,10.4558,0.18469,0.173052,2.8774,8.9979,1,1,249.389,nan
a1241,abierto,B25,103.3224,0.190162,24.4697,116.3927,38.4347,79.6026,BIEN,23.0662,0.899692,7.2442,12.65,0.189291,0.180782,0.4581,4.9327,1,1,207.905,nan
a1241,abierto,B40,103.3224,0.190162,39.5033,116.725,38.2464,79.3817,BIEN,22.9865,0.899444,8.8024,12.9715,0.189895,0.179702,0.1405,5.5008,1,1,240.269,nan
b0045,abierto,B5,107.8492,0.197132,4.4405,104.5238,42.0365,65.3368,BIEN,23.6663,0.862502,6.7792,3.0834,0.219939,nan,11.5695,nan,1,1,240.743,nan
b0045,abierto,B10,107.8492,0.197132,9.5458,106.2458,38.9703,63.5792,BIEN,25.3811,0.923914,7.186,1.4867,0.205963,0.192434,4.4799,2.3831,1,1,228.938,nan
b0045,abierto,B15,107.8492,0.197132,14.4906,103.771,44.8621,64.231,BIEN,24.8439,0.928154,7.772,3.7814,0.203248,0.231394,3.1024,17.3804,1,1,233.095,nan
b0045,abierto,B25,107.8492,0.197132,24.4841,103.3541,46.1468,64.1729,BIEN,24.8695,0.932948,8.7667,4.168,0.206897,0.210236,4.9537,6.6472,1,1,239.877,nan
b0045,abierto,B40,107.8492,0.197132,39.4968,104.3583,43.9558,64.0942,BIEN,25.0192,0.936426,10.3336,3.2369,0.210074,0.212963,6.5653,8.0308,1,1,244.451,nan
b0049,abierto,B5,103.4307,0.212264,4.4566,95.0619,54.9865,59.7851,BIEN,23.6874,0.86495,7.6069,8.0912,0.216658,nan,2.0702,nan,1,1,232.137,nan
b0049,abierto,B10,103.4307,0.212264,9.5396,101.6687,38.8422,58.3,BIEN,25.9859,0.930485,7.6561,1.7036,0.219179,nan,3.258,nan,1,1,239.641,nan
b0049,abierto,B15,103.4307,0.212264,14.4394,100.9917,41.4718,58.8775,BIEN,25.5856,0.936839,8.1356,2.3582,0.216067,0.225248,1.7917,6.1169,1,1,222.242,nan
b0049,abierto,B25,103.4307,0.212264,24.4836,99.9075,44.1363,58.7079,BIEN,25.6224,0.942189,9.2358,3.4064,0.213608,0.205083,0.6334,3.3829,1,1,235.96,nan
b0049,abierto,B40,103.4307,0.212264,39.5091,100.1357,44.4643,58.5641,BIEN,25.7868,0.945001,10.9791,3.1857,0.21278,0.211782,0.243,0.227,1,1,217.335,nan
b0113,abierto,B5,108.32,0.220511,4.4564,106.5243,34.6931,58.0976,BIEN,25.4208,0.878361,7.0321,1.6578,0.246935,nan,11.9831,nan,1,1,207.835,nan
b0113,abierto,B10,108.32,0.220511,9.5138,105.8336,33.3909,57.42,BIEN,26.6799,0.936305,7.5358,2.2955,0.224248,nan,1.6946,nan,1,1,231.46,nan
b0113,abierto,B15,108.32,0.220511,14.4915,104.9066,35.9215,57.443,BIEN,26.6618,0.949845,8.0434,3.1513,0.225316,nan,2.1789,nan,1,1,240.894,nan
b0113,abierto,B25,108.32,0.220511,24.5337,106.6326,33.5617,57.1772,BIEN,26.997,0.959061,8.8697,1.5578,0.22839,0.239676,3.5728,8.6913,1,1,221.695,nan
b0113,abierto,B40,108.32,0.220511,39.5041,105.4458,34.7882,57.3381,BIEN,26.9237,0.95971,10.6384,2.6535,0.223992,0.228921,1.5785,3.8139,1,1,189.872,nan
b0155,abierto,B5,106.5512,0.222549,4.438,103.0376,42.1879,56.9379,BIEN,24.4377,0.871636,7.2562,3.2976,0.225713,nan,1.4217,nan,1,1,239.309,nan
b0155,abierto,B10,106.5512,0.222549,9.5065,104.8798,32.768,55.4163,BIEN,26.4632,0.936695,7.6246,1.5686,0.231391,nan,3.973,nan,1,1,243.416,nan
b0155,abierto,B15,106.5512,0.222549,14.4511,102.3776,36.5484,55.9664,BIEN,25.9296,0.947144,8.2358,3.917,0.228461,0.22902,2.6565,2.9075,1,1,243.76,nan
b0155,abierto,B25,106.5512,0.222549,24.5052,101.2373,37.6642,56.1608,BIEN,25.6658,0.949167,9.3126,4.9871,0.224721,0.236177,0.976,6.1234,1,1,233.47,nan
b0155,abierto,B40,106.5512,0.222549,39.525,101.3804,37.476,56.0226,BIEN,25.8418,0.952316,11.048,4.8529,0.227458,0.237672,2.2057,6.795,1,1,237.169,nan
b0256,abierto,B5,111.3167,0.217771,4.4118,103.2502,40.3501,55.1514,BIEN,24.2814,0.870403,7.3331,7.2464,0.225717,nan,3.6489,nan,1,1,247.887,nan
b0256,abierto,B10,111.3167,0.217771,9.4866,109.6824,27.2546,53.3886,BIEN,27.0112,0.939529,7.3442,1.4682,0.215759,nan,0.9241,nan,1,1,225.754,nan
b0256,abierto,B15,111.3167,0.217771,14.4784,104.6871,33.0144,54.4829,BIEN,25.8253,0.945062,8.1228,5.9556,0.209907,nan,3.6111,nan,1,1,219.144,nan
b0256,abierto,B25,111.3167,0.217771,24.5365,104.654,33.3676,54.5352,BIEN,25.7463,0.952476,9.086,5.9853,0.214395,0.235384,1.5504,8.0875,1,1,227.376,nan
b0256,abierto,B40,111.3167,0.217771,39.5039,105.1439,32.7563,54.5189,BIEN,25.8021,0.954617,10.7005,5.5452,0.207184,0.220905,4.8616,1.4392,1,1,224.901,nan
b0283,abierto,B5,112.5167,0.21094,4.4169,104.4496,37.0258,57.4873,BIEN,24.5045,0.870386,7.2181,7.1697,0.225287,nan,6.8012,nan,1,1,210.283,nan
b0283,abierto,B10,112.5167,0.21094,9.4877,108.7049,30.8118,56.392,BIEN,26.5501,0.935223,7.3575,3.3877,0.223469,nan,5.9396,nan,1,1,252.054,nan
b0283,abierto,B15,112.5167,0.21094,14.4766,108.6133,32.0887,56.5571,BIEN,26.3154,0.94823,7.7799,3.4691,0.223161,nan,5.7932,nan,1,1,217.08,nan
b0283,abierto,B25,112.5167,0.21094,24.4684,107.4401,33.4588,56.6589,BIEN,26.2802,0.954578,8.8077,4.5118,0.212949,0.216991,0.9523,2.8683,1,1,244.141,nan
b0283,abierto,B40,112.5167,0.21094,39.5035,107.0412,33.6374,56.798,BIEN,26.0956,0.955092,10.4635,4.8663,0.213919,0.218138,1.4121,3.412,1,1,136.758,nan
b0299,abierto,B5,113.0913,0.213285,4.4389,106.5196,34.4524,57.106,BIEN,25.1046,0.878513,7.0801,5.811,0.242484,nan,13.6901,nan,1,1,209.188,nan
b0299,abierto,B10,113.0913,0.213285,9.5142,109.2644,30.5575,56.4974,BIEN,26.4191,0.935425,7.3056,3.3839,0.224658,nan,5.3326,nan,1,1,169.794,nan
b0299,abierto,B15,113.0913,0.213285,14.5073,111.248,27.043,55.9844,BIEN,27.0692,0.953272,7.6009,1.6299,0.222645,nan,4.3885,nan,1,1,240.645,nan
b0299,abierto,B25,113.0913,0.213285,24.5351,110.2339,29.038,55.9786,BIEN,27.2674,0.960561,8.6035,2.5267,0.228575,0.217216,7.1689,1.8435,1,1,206.045,nan
b0299,abierto,B40,113.0913,0.213285,39.5109,109.431,30.2257,56.2339,BIEN,26.9381,0.960477,10.2495,3.2366,0.219382,0.209418,2.859,1.8131,1,1,256.529,nan
b0457,abierto,B5,112.4892,0.174146,4.4495,105.1639,43.3193,64.9951,BIEN,23.6344,0.850778,6.803,6.512,0.1926,nan,10.5967,nan,1,1,218.041,nan
b0457,abierto,B10,112.4892,0.174146,9.4871,110.7586,34.629,63.8418,BIEN,25.2475,0.915956,6.9016,1.5384,0.188208,0.198342,8.0744,13.8938,1,1,228.175,nan
b0457,abierto,B15,112.4892,0.174146,14.4793,109.6241,35.84,63.5021,BIEN,25.6938,0.930887,7.4202,2.547,0.184107,0.208607,5.7198,19.7884,1,1,202.897,nan
b0457,abierto,B25,112.4892,0.174146,24.5591,110.2198,35.3956,63.944,BIEN,25.2517,0.932925,8.2585,2.0175,0.183313,0.193191,5.2638,10.9361,1,1,236.323,nan
b0457,abierto,B40,112.4892,0.174146,39.4887,110.4741,34.8348,63.7639,BIEN,25.4216,0.936117,9.7912,1.7914,0.179077,0.189161,2.8312,8.6218,1,1,224.583,nan
b0479,abierto,B5,114.0623,0.204017,4.4391,107.8678,40.2938,65.076,BIEN,24.4035,0.855843,6.5865,5.4308,0.226911,nan,11.2213,nan,1,1,245.08,nan
b0479,abierto,B10,114.0623,0.204017,9.4888,111.453,34.1478,64.6145,BIEN,25.4316,0.911294,6.7842,2.2876,0.212352,0.199655,4.0852,2.1385,1,1,236.86,nan
b0479,abierto,B15,114.0623,0.204017,14.4615,112.0768,34.1691,64.7774,BIEN,25.3086,0.922263,7.1492,1.7408,0.218508,0.200431,7.1026,1.7577,1,1,184.857,nan
b0479,abierto,B25,114.0623,0.204017,24.4939,112.6844,33.5869,64.7654,BIEN,25.3302,0.927381,7.9886,1.208,0.212429,0.196866,4.1228,3.5055,1,1,197.289,nan
b0479,abierto,B40,114.0623,0.204017,39.5091,111.6906,34.2293,64.8127,BIEN,25.3294,0.928378,9.5852,2.0793,0.214869,0.2017,5.3187,1.1358,1,1,243.962,nan
c0029,abierto,B5,87.4683,0.30645,4.4534,97.5257,53.5077,74.6152,BIEN,22.609,0.846281,6.7035,11.4983,0.294367,0.282891,3.943,7.6877,1,1,234.154,nan
c0029,abierto,B10,87.4683,0.30645,9.4792,100.5262,51.5244,72.9571,BIEN,22.4732,0.915832,7.074,14.9287,0.318606,0.308688,3.9665,0.7303,1,1,243.232,nan
c0029,abierto,B15,87.4683,0.30645,14.5166,102.3381,50.228,72.9237,BIEN,21.9253,0.921286,7.4433,17.0002,0.317794,0.303129,3.7016,1.0839,1,1,221.259,nan
c0029,abierto,B25,87.4683,0.30645,24.555,103.6297,49.2092,72.717,BIEN,21.5771,0.921435,8.408,18.4768,0.310286,0.31294,1.2518,2.1178,1,1,223.339,nan
c0029,abierto,B40,87.4683,0.30645,39.4833,103.6627,49.1083,72.366,BIEN,21.6514,0.921804,10.2471,18.5145,0.319752,0.30307,4.3407,1.1032,1,1,244.78,nan
c0050,abierto,B5,90.9132,0.301011,4.4337,98.461,56.0189,78.1722,BIEN,23.7351,0.85386,6.5202,8.3022,0.334808,0.26412,11.2278,12.2558,1,1,202.823,nan
c0050,abierto,B10,90.9132,0.301011,9.4693,103.3117,53.3738,77.5056,BIEN,22.7218,0.924443,6.7261,13.6377,0.324664,0.296563,7.8577,1.4778,1,1,234.962,nan
c0050,abierto,B15,90.9132,0.301011,14.4719,104.904,52.1396,77.2198,BIEN,22.2948,0.933339,7.1074,15.3891,0.326399,0.332066,8.4341,10.3168,1,1,245.501,nan
c0050,abierto,B25,90.9132,0.301011,24.4935,106.2182,51.3672,76.9476,BIEN,21.9631,0.93705,8.0435,16.8348,0.322324,0.305629,7.0803,1.534,1,1,234.0,nan
c0050,abierto,B40,90.9132,0.301011,39.4866,106.8763,50.9267,76.8035,BIEN,21.7843,0.936443,9.7529,17.5586,0.320654,0.305426,6.5256,1.4667,1,1,193.663,nan
c0207,abierto,B5,117.4915,0.250696,4.3667,129.61,38.6656,86.0183,BIEN,21.8569,0.840888,4.5847,10.3143,0.261619,0.221876,4.357,11.4961,1,1,244.822,nan
c0207,abierto,B10,117.4915,0.250696,9.5543,131.7496,32.995,83.8986,BIEN,22.0021,0.911673,4.9029,12.1354,0.239017,0.260142,4.6587,3.7678,1,1,233.274,nan
c0207,abierto,B15,117.4915,0.250696,14.47,132.3719,32.8378,83.1045,BIEN,22.1184,0.926676,5.2706,12.6651,0.252384,0.259166,0.6733,3.3783,1,1,228.326,nan
c0207,abierto,B25,117.4915,0.250696,24.5162,132.7811,32.2537,82.5019,BIEN,22.1652,0.932585,6.0478,13.0133,0.246307,0.256648,1.7509,2.3741,1,1,212.517,nan
c0207,abierto,B40,117.4915,0.250696,39.5221,134.0647,30.6915,82.3043,BIEN,21.6803,0.930903,7.2743,14.1059,0.247302,0.241387,1.3541,3.7133,1,1,230.351,nan
c0268,abierto,B5,117.3226,0.269166,4.3676,131.4396,31.2348,77.7595,BIEN,21.4831,0.863818,4.7697,12.0326,0.266603,0.252932,0.9522,6.0313,1,1,204.813,nan
c0268,abierto,B10,117.3226,0.269166,9.5139,133.3182,27.6893,75.5432,BIEN,21.6236,0.918248,5.0875,13.6339,0.268184,0.264335,0.365,1.7949,1,1,231.187,nan
c0268,abierto,B15,117.3226,0.269166,14.4479,133.8811,27.3089,74.721,BIEN,21.6333,0.926993,5.44,14.1136,0.266514,0.263142,0.9854,2.2383,1,1,243.238,nan
c0268,abierto,B25,117.3226,0.269166,24.5407,134.3183,26.7985,74.1371,BIEN,21.626,0.929688,6.201,14.4862,0.264289,0.262347,1.8121,2.5335,1,1,234.692,nan
c0268,abierto,B40,117.3226,0.269166,39.5256,135.6997,25.5565,73.9129,BIEN,21.1435,0.926735,7.3946,15.6637,0.267142,0.265188,0.7521,1.478,1,1,245.64,nan
c0292,abierto,B5,123.7112,0.33082,4.4136,132.6272,30.8952,80.2083,BIEN,23.7985,0.868606,4.6664,7.2071,0.326491,0.264694,1.3085,19.9883,1,1,254.628,nan
c0292,abierto,B10,123.7112,0.33082,9.5116,138.8679,25.0209,78.161,BIEN,22.0556,0.920151,4.7256,12.2516,0.334828,0.289468,1.2115,12.4998,1,1,234.143,nan
c0292,abierto,B15,123.7112,0.33082,14.4991,140.9485,23.3344,77.252,BIEN,21.4727,0.9285,4.9858,13.9334,0.331669,0.277625,0.2568,16.0797,1,1,231.294,nan
c0292,abierto,B25,123.7112,0.33082,24.5457,140.7343,23.3519,76.7234,BIEN,21.7258,0.933808,5.7393,13.7603,0.337249,0.291222,1.9434,11.9697,1,1,227.801,nan
c0292,abierto,B40,123.7112,0.33082,39.5385,141.1968,22.6824,76.3917,BIEN,21.6128,0.933763,6.933,14.1341,0.338543,0.310503,2.3347,6.1411,1,1,238.254,nan
c0296,abierto,B5,124.4156,0.334806,4.4298,132.7265,31.6307,81.8325,BIEN,23.9764,0.869366,4.6066,6.6799,0.323525,0.255153,3.3695,23.7908,1,1,199.956,nan
c0296,abierto,B10,124.4156,0.334806,9.5121,138.8606,26.2415,80.0253,BIEN,22.1963,0.919432,4.6682,11.6103,0.329799,0.28788,1.4956,14.0159,1,1,251.237,nan
c0296,abierto,B15,124.4156,0.334806,14.4796,140.8591,24.6735,79.1472,BIEN,21.6478,0.928292,4.9321,13.2165,0.325309,0.300422,2.8365,10.27,1,1,259.511,nan
c0296,abierto,B25,124.4156,0.334806,24.5937,140.8303,24.2543,78.4587,BIEN,21.8674,0.933818,5.6827,13.1934,0.322093,0.288789,3.7973,13.7443,1,1,186.731,nan
c0296,abierto,B40,124.4156,0.334806,39.5088,142.2896,23.4315,78.1898,BIEN,21.312,0.930423,6.7994,14.3664,0.326997,0.300339,2.3325,10.2948,1,1,243.98,nan
c0337,abierto,B5,108.3967,0.325039,4.38,121.3137,36.3756,76.5829,BIEN,21.8717,0.865902,5.3132,11.9164,0.289391,0.281221,10.9671,13.4807,1,1,231.701,nan
c0337,abierto,B10,108.3967,0.325039,9.5075,123.0764,34.4583,74.0745,BIEN,22.2433,0.922087,5.6874,13.5425,0.346525,0.306772,6.6104,5.6198,1,1,184.128,nan
c0337,abierto,B15,108.3967,0.325039,14.4814,123.6342,33.5559,73.1132,BIEN,22.2948,0.928704,6.0786,14.0572,0.334951,0.298905,3.0496,8.04,1,1,181.808,nan
c0337,abierto,B25,108.3967,0.325039,24.4713,125.6459,32.1702,73.1302,BIEN,21.531,0.926868,6.7846,15.913,0.34531,0.309673,6.2367,4.7274,1,1,243.873,nan
c0337,abierto,B40,108.3967,0.325039,39.5226,125.3353,32.1237,72.5295,BIEN,21.8,0.928847,8.2498,15.6265,0.346176,0.317759,6.5031,2.2396,1,1,240.402,nan
c0358,abierto,B5,101.9,0.314931,4.3916,112.0072,41.759,76.0757,BIEN,22.9644,0.861982,5.8447,9.9187,0.296906,0.285087,5.7234,9.4764,1,1,245.513,nan
c0358,abierto,B10,101.9,0.314931,9.5181,113.965,40.2045,73.4645,BIEN,23.4018,0.921551,6.2419,11.84,0.298036,0.2949,5.3645,6.3603,1,1,230.649,nan
c0358,abierto,B15,101.9,0.314931,14.4886,117.1517,38.0,73.7236,BIEN,22.1294,0.923183,6.462,14.9673,0.310953,0.294119,1.2629,6.6085,1,1,211.851,nan
c0358,abierto,B25,101.9,0.314931,24.4995,118.1844,37.0956,73.3426,BIEN,21.8548,0.923316,7.3042,15.9807,0.307209,0.303658,2.4518,3.5793,1,1,252.908,nan
c0358,abierto,B40,101.9,0.314931,39.5215,118.2311,36.8841,72.8803,BIEN,21.9567,0.924059,8.8544,16.0265,0.30063,0.309172,4.5409,1.8287,1,1,192.389,nan
c0374,abierto,B5,96.4715,0.304384,4.4319,103.1305,51.2119,79.6331,BIEN,24.3446,0.86351,6.21,6.9025,0.289725,0.265887,4.816,12.6475,1,1,205.175,nan
c0374,abierto,B10,96.4715,0.304384,9.5081,108.6744,47.482,78.9753,BIEN,22.9091,0.91757,6.369,12.6492,0.309086,0.293392,1.5447,3.6113,1,1,231.514,nan
c0374,abierto,B15,96.4715,0.304384,14.4644,110.4408,46.1856,78.6993,BIEN,22.3571,0.922006,6.7222,14.4802,0.302645,0.29785,0.5715,2.1467,1,1,232.159,nan
c0374,abierto,B25,96.4715,0.304384,24.5067,110.5195,45.978,77.8793,BIEN,22.5825,0.925289,7.7204,14.5618,0.301706,0.300638,0.88,1.2309,1,1,212.013,nan
c0374,abierto,B40,96.4715,0.304384,39.4928,111.8432,45.2988,77.9415,BIEN,22.0589,0.922252,9.2835,15.9339,0.306341,0.29167,0.6427,4.1773,1,1,227.609,nan
c0377,abierto,B5,94.5033,0.294371,4.4296,103.0876,50.7093,79.2255,BIEN,23.4853,0.865077,6.2322,9.0837,0.301411,0.257172,2.3917,12.6365,1,1,222.035,nan
c0377,abierto,B10,94.5033,0.294371,9.4934,108.5076,47.1987,78.6959,BIEN,22.0369,0.914166,6.3887,14.8188,0.299576,0.290253,1.7682,1.3987,1,1,208.073,nan
c0377,abierto,B15,94.5033,0.294371,14.4843,108.0567,47.2491,77.4342,BIEN,22.611,0.923946,6.9249,14.3418,0.296956,0.297067,0.8783,0.9158,1,1,240.217,nan
c0377,abierto,B25,94.5033,0.294371,24.5011,109.0462,46.4515,76.9877,BIEN,22.3715,0.924552,7.8636,15.3888,0.292187,0.299929,0.7418,1.8883,1,1,209.1,nan
c0377,abierto,B40,94.5033,0.294371,39.5121,110.0336,45.8189,76.9228,BIEN,22.0274,0.922315,9.4962,16.4337,0.294394,0.290211,0.0079,1.4129,1,1,233.383,nan
c0417,abierto,B5,97.9939,0.29004,4.4497,104.4547,49.2558,80.3926,BIEN,24.3216,0.853235,6.104,6.5931,0.287594,0.264848,0.8431,8.6856,1,1,228.467,nan
c0417,abierto,B10,97.9939,0.29004,9.517,109.8457,46.2148,79.5116,BIEN,23.1191,0.918533,6.2687,12.0944,0.292067,0.286463,0.6991,1.2333,1,1,250.138,nan
c0417,abierto,B15,97.9939,0.29004,14.5239,111.4901,45.2076,79.2392,BIEN,22.611,0.924079,6.6206,13.7725,0.29025,0.293792,0.0724,1.2937,1,1,215.193,nan
c0417,abierto,B25,97.9939,0.29004,24.537,112.9638,44.2508,78.9542,BIEN,22.1684,0.925509,7.4812,15.2764,0.287522,0.282627,0.868,2.5559,1,1,210.084,nan
c0417,abierto,B40,97.9939,0.29004,39.5306,113.7352,43.8083,78.813,BIEN,21.924,0.924162,9.0489,16.0636,0.290084,0.281359,0.0153,2.993,1,1,251.553,nan
c0430,abierto,B5,95.1566,0.29651,4.4154,103.6995,48.724,78.3214,BIEN,23.3364,0.85688,6.2166,8.9777,0.303841,0.273445,2.4725,7.779,1,1,246.117,nan
c0430,abierto,B10,95.1566,0.29651,9.4712,109.3024,45.2988,77.3455,BIEN,22.0443,0.91695,6.3669,14.8658,0.298492,0.280683,0.6686,5.3378,1,1,257.414,nan
c0430,abierto,B15,95.1566,0.29651,14.5085,108.9228,45.4598,75.9994,BIEN,22.6054,0.92697,6.8958,14.4669,0.300462,0.294786,1.3329,0.5813,1,1,224.075,nan
c0430,abierto,B25,95.1566,0.29651,24.5219,111.3103,43.9384,76.1428,BIEN,21.7275,0.925303,7.6963,16.9758,0.306667,0.283206,3.4255,4.4869,1,1,213.725,nan
c0430,abierto,B40,95.1566,0.29651,39.518,110.9153,43.9966,75.4784,BIEN,22.0357,0.926763,9.4249,16.5607,0.302798,0.283436,2.1207,4.4093,1,1,247.262,nan
d0006,abierto,B5,129.978,0.215322,4.4156,141.5874,19.2494,59.8036,BIEN,21.6967,0.870485,4.6154,8.9318,0.203496,nan,5.492,nan,1,1,241.214,nan
d0006,abierto,B10,129.978,0.215322,9.5375,136.2922,20.5011,59.2087,BIEN,23.3937,0.927928,5.2326,4.8579,0.214945,0.197226,0.1753,8.4041,1,1,188.012,nan
d0006,abierto,B15,129.978,0.215322,14.4778,134.4482,21.1376,59.1,BIEN,23.8628,0.942028,5.6752,3.4391,0.215083,0.20297,0.1112,5.7365,1,1,220.541,nan
d0006,abierto,B25,129.978,0.215322,24.4938,134.3509,21.2443,58.8319,BIEN,24.0204,0.949723,6.4123,3.3643,0.22036,0.203356,2.3397,5.5572,1,1,237.976,nan
d0006,abierto,B40,129.978,0.215322,39.5309,134.7573,21.2715,59.3297,BIEN,23.7105,0.949462,7.5787,3.677,0.222051,0.211303,3.1252,1.8667,1,1,234.918,nan
d0023,abierto,B5,134.7074,0.220061,4.3785,140.1082,20.3342,60.6139,BIEN,23.4419,0.874261,4.704,4.0092,0.226497,nan,2.9245,nan,1,1,240.281,nan
d0023,abierto,B10,134.7074,0.220061,9.5094,143.2052,19.7559,61.8854,BIEN,22.5587,0.918013,4.8227,6.3083,0.221355,0.196224,0.5879,10.8318,1,1,212.184,nan
d0023,abierto,B15,134.7074,0.220061,14.4741,139.6673,20.7456,60.9771,BIEN,23.7782,0.938204,5.3626,3.682,0.216868,0.208368,1.4511,5.3134,1,1,173.816,nan
d0023,abierto,B25,134.7074,0.220061,24.4917,139.21,21.0949,61.3688,BIEN,23.6492,0.943425,6.071,3.3425,0.219288,0.208744,0.3511,5.1427,1,1,243.197,nan
d0023,abierto,B40,134.7074,0.220061,39.5049,139.942,20.9571,61.55,BIEN,23.4505,0.944686,7.1728,3.8859,0.22624,0.214741,2.8077,2.4177,1,1,210.181,nan
d0054,abierto,B5,130.7335,0.208247,4.3701,143.7117,18.4964,58.8587,BIEN,21.9246,0.877144,4.5541,9.9273,0.201911,0.204499,3.0427,1.8001,1,1,233.514,nan
d0054,abierto,B10,130.7335,0.208247,9.4986,140.6857,18.6594,57.8673,BIEN,23.5841,0.933315,5.0558,7.6126,0.202951,0.188924,2.5432,9.2789,1,1,223.659,nan
d0054,abierto,B15,130.7335,0.208247,14.4454,139.0411,19.228,57.6828,BIEN,24.2035,0.948209,5.4813,6.3546,0.21305,0.194321,2.3062,6.6877,1,1,187.512,nan
d0054,abierto,B25,130.7335,0.208247,24.4947,140.7546,19.0339,58.2754,BIEN,23.4362,0.952295,6.0669,7.6653,0.211732,0.191376,1.6734,8.1018,1,1,247.776,nan
d0054,abierto,B40,130.7335,0.208247,39.4878,140.2084,19.0048,57.7882,BIEN,23.8276,0.956328,7.2832,7.2475,0.213742,0.20482,2.6383,1.6461,1,1,221.2,nan
d0073,abierto,B5,133.7511,0.204412,4.3735,141.1405,19.9868,59.9576,BIEN,23.0523,0.874847,4.6523,5.5248,0.215137,nan,5.2469,nan,1,1,252.385,nan
d0073,abierto,B10,133.7511,0.204412,9.5073,138.8407,19.5812,58.4273,BIEN,24.81,0.933422,5.1319,3.8053,0.208423,0.182561,1.9626,10.6893,1,1,235.527,nan
d0073,abierto,B15,133.7511,0.204412,14.4401,142.5655,18.8282,59.452,BIEN,23.4289,0.943589,5.2264,6.5902,0.198933,0.182819,2.6803,10.5635,1,1,230.915,nan
d0073,abierto,B25,133.7511,0.204412,24.4948,143.0163,18.6283,59.318,BIEN,23.4002,0.951438,5.8888,6.9272,0.204377,0.200289,0.0167,2.0169,1,1,233.514,nan
d0073,abierto,B40,133.7511,0.204412,39.502,142.4661,18.671,58.9448,BIEN,23.7362,0.955087,7.0734,6.5159,0.199912,0.206039,2.2011,0.7961,1,1,244.063,nan
d0115,abierto,B5,134.7699,0.179629,4.4003,135.5763,21.5141,61.5829,BIEN,22.9057,0.861947,4.8911,0.5983,0.186075,0.2014,3.5888,12.1204,1,1,208.716,nan
d0115,abierto,B10,134.7699,0.179629,9.5105,141.1269,19.6627,61.9799,BIEN,22.5371,0.914217,4.9112,4.7169,0.180494,0.180743,0.4817,0.6203,1,1,225.933,nan
d0115,abierto,B15,134.7699,0.179629,14.4801,136.2831,22.1778,61.4466,BIEN,23.4169,0.932364,5.5191,1.1227,0.194005,0.175879,8.0032,2.0874,1,1,200.622,nan
d0115,abierto,B25,134.7699,0.179629,24.5017,136.5819,21.6247,61.3128,BIEN,23.5043,0.941903,6.2074,1.3445,0.197326,0.177478,9.8523,1.1971,1,1,238.874,nan
d0115,abierto,B40,134.7699,0.179629,39.4973,137.5113,21.5277,61.6025,BIEN,23.2888,0.943151,7.3074,2.0341,0.194472,0.178945,8.2632,0.3805,1,1,235.189,nan
d0131,abierto,B5,133.0212,0.207191,4.3765,138.2268,20.5748,61.0671,BIEN,22.8564,0.869601,4.7847,3.9134,0.194715,0.202329,6.0214,2.3465,1,1,251.263,nan
d0131,abierto,B10,133.0212,0.207191,9.5057,133.446,23.2549,60.4544,BIEN,23.9502,0.921577,5.3776,0.3194,0.200015,0.179241,3.4633,13.4898,1,1,259.848,nan
d0131,abierto,B15,133.0212,0.207191,14.4468,136.756,22.1953,61.7109,BIEN,23.1161,0.931089,5.4957,2.8077,0.199172,0.173747,3.8705,16.1415,1,1,219.005,nan
d0131,abierto,B25,133.0212,0.207191,24.4909,137.0122,21.941,61.7033,BIEN,23.1313,0.939688,6.1852,3.0003,0.201417,0.194624,2.7868,6.0655,1,1,249.109,nan
d0131,abierto,B40,133.0212,0.207191,39.4969,136.298,22.1157,61.3565,BIEN,23.394,0.943349,7.42,2.4634,0.197532,0.193276,4.6619,6.7163,1,1,229.474,nan
d0184,abierto,B5,137.2668,0.207389,4.3743,133.7973,22.8454,61.6075,BIEN,22.6087,0.855703,4.9938,2.5276,0.20087,0.216015,3.1433,4.1594,1,1,224.366,nan
d0184,abierto,B10,137.2668,0.207389,9.5043,140.3671,20.1071,61.5289,BIEN,23.0795,0.914596,4.9713,2.2585,0.194724,0.192554,6.107,7.1534,1,1,199.175,nan
d0184,abierto,B15,137.2668,0.207389,14.4433,140.6928,21.0425,62.0667,BIEN,22.8292,0.928023,5.2649,2.4958,0.205468,0.17981,0.9262,13.2982,1,1,199.481,nan
d0184,abierto,B25,137.2668,0.207389,24.507,138.8047,20.9203,61.3985,BIEN,23.3529,0.940288,6.0781,1.1204,0.213124,0.195144,2.7654,5.9042,1,1,247.703,nan
d0184,abierto,B40,137.2668,0.207389,39.4935,138.923,20.9862,61.2628,BIEN,23.4221,0.943408,7.2257,1.2065,0.207849,0.205891,0.2218,0.7222,1,1,245.501,nan
d0342,abierto,B5,135.2343,0.21457,4.3668,137.8264,20.4215,60.9007,BIEN,23.276,0.869152,4.8288,1.9167,0.210224,0.202131,2.0252,5.797,1,1,227.469,nan
d0342,abierto,B10,135.2343,0.21457,9.5166,141.8843,19.6705,61.8341,BIEN,22.6907,0.917041,4.9103,4.9174,0.202428,0.180989,5.6589,15.6505,1,1,192.738,nan
d0342,abierto,B15,135.2343,0.21457,14.405,137.1203,21.8731,61.1511,BIEN,23.6763,0.935606,5.5117,1.3946,0.200348,0.185365,6.6281,13.611,1,1,221.136,nan
d0342,abierto,B25,135.2343,0.21457,24.4755,137.4267,21.8227,61.3894,BIEN,23.5426,0.941886,6.1903,1.6211,0.203933,0.189611,4.9573,11.6322,1,1,175.966,nan
d0342,abierto,B40,135.2343,0.21457,39.5214,138.0522,21.4986,61.4745,BIEN,23.4502,0.943899,7.3119,2.0837,0.207017,0.204253,3.52,4.8083,1,1,238.812,nan
d0374,abierto,B5,134.0837,0.201444,4.363,134.9906,21.9546,61.9934,BIEN,22.7227,0.86122,4.9495,0.6764,0.199547,0.213874,0.9418,6.1704,1,1,204.537,nan
d0374,abierto,B10,134.0837,0.201444,9.5083,133.6847,23.4839,61.1272,BIEN,23.587,0.91648,5.3756,0.2976,0.222113,0.183553,10.2604,8.8817,1,1,201.918,nan
d0374,abierto,B15,134.0837,0.201444,14.4255,135.2326,22.8299,62.0449,BIEN,23.1557,0.929806,5.6039,0.8568,0.213993,0.197722,6.2293,1.8479,1,1,199.049,nan
d0374,abierto,B25,134.0837,0.201444,24.4761,135.6753,22.8143,61.8076,BIEN,23.2765,0.937741,6.2937,1.187,0.224134,0.196928,11.2636,2.2419,1,1,225.337,nan
d0374,abierto,B40,134.0837,0.201444,39.5177,134.699,23.1792,61.8289,BIEN,23.3,0.939259,7.5418,0.4589,0.219751,0.213891,9.0877,6.1789,1,1,200.694,nan
d0398,abierto,B5,135.0996,0.222484,4.3614,140.8054,19.1349,59.675,BIEN,23.574,0.877713,4.7,4.2234,0.226327,0.215221,1.7274,3.2645,1,1,222.529,nan
d0398,abierto,B10,135.0996,0.222484,9.5073,143.2301,18.8244,61.4332,BIEN,22.6811,0.918976,4.8506,6.0182,0.214146,0.189495,3.7473,14.8276,1,1,159.299,nan
d0398,abierto,B15,135.0996,0.222484,14.3884,138.514,20.7301,60.8148,BIEN,23.8821,0.9382,5.4469,2.5274,0.20713,0.190282,6.901,14.4735,1,1,240.512,nan
d0398,abierto,B25,135.0996,0.222484,24.4806,139.3166,20.3439,60.7802,BIEN,23.8275,0.946229,6.1002,3.1214,0.215363,0.202991,3.2005,8.7613,1,1,211.354,nan
d0398,abierto,B40,135.0996,0.222484,39.5208,140.2522,20.1091,60.9512,BIEN,23.5913,0.947883,7.1877,3.8139,0.213988,0.210124,3.8186,5.5554,1,1,229.7,nan
d0416,abierto,B5,134.9502,0.218655,4.3936,141.7644,17.6813,58.6891,BIEN,23.3192,0.876991,4.657,5.0494,0.208043,0.210229,4.8533,3.8536,1,1,231.906,nan
d0416,abierto,B10,134.9502,0.218655,9.5313,145.2377,17.1709,59.7438,BIEN,22.5211,0.924217,4.7671,7.6232,0.21843,0.187444,0.103,14.2745,1,1,216.085,nan
d0416,abierto,B15,134.9502,0.218655,14.4773,141.6419,18.6555,58.7023,BIEN,23.9263,0.945168,5.3075,4.9586,0.215304,0.189145,1.5327,13.4962,1,1,201.824,nan
d0416,abierto,B25,134.9502,0.218655,24.4771,140.9829,18.8399,59.0424,BIEN,23.9213,0.951784,6.0246,4.4703,0.215948,0.200603,1.2382,8.2561,1,1,244.016,nan
d0416,abierto,B40,134.9502,0.218655,39.5131,142.206,18.3256,59.109,BIEN,23.6294,0.953732,7.0859,5.3767,0.218567,0.211041,0.0405,3.4825,1,1,215.424,nan
d0417,abierto,B5,133.4991,0.212267,4.3628,133.2289,24.1417,62.4879,BIEN,22.2154,0.854782,5.0106,0.2024,0.208445,0.20402,1.8007,3.8851,1,1,221.843,nan
d0417,abierto,B10,133.4991,0.212267,9.5075,133.4716,23.9011,59.8069,BIEN,24.1348,0.924137,5.4073,0.0206,0.214531,0.188556,1.0667,11.1705,1,1,247.506,nan
d0417,abierto,B15,133.4991,0.212267,14.4419,137.3918,21.6596,60.7625,BIEN,23.3744,0.934998,5.498,2.9159,0.209324,0.192992,1.3862,9.0807,1,1,169.765,nan
d0417,abierto,B25,133.4991,0.212267,24.4732,136.1943,22.6106,61.1927,BIEN,23.2856,0.940144,6.2611,2.0189,0.208318,0.20893,1.8602,1.5719,1,1,228.253,nan
d0417,abierto,B40,133.4991,0.212267,39.5191,135.243,23.1093,60.9936,BIEN,23.4696,0.943016,7.5147,1.3063,0.208929,0.204145,1.5723,3.8263,1,1,234.302,nan
d0467,abierto,B5,133.9749,0.209164,4.3693,141.1988,18.7642,59.3256,BIEN,23.1024,0.875492,4.6793,5.3919,0.213215,0.214472,1.9366,2.5375,1,1,246.627,nan
d0467,abierto,B10,133.9749,0.209164,9.512,138.6495,19.2358,58.5359,BIEN,24.5397,0.930971,5.1583,3.4891,0.212867,0.188544,1.77,9.8584,1,1,246.148,nan
d0467,abierto,B15,133.9749,0.209164,14.4267,141.3977,19.2241,59.3745,BIEN,23.5685,0.942618,5.3137,5.5404,0.213083,0.190481,1.8736,8.9324,1,1,221.956,nan
d0467,abierto,B25,133.9749,0.209164,24.4719,141.1393,19.2105,59.3333,BIEN,23.6745,0.950143,6.0201,5.3475,0.213197,0.195315,1.9279,6.6214,1,1,253.209,nan
d0467,abierto,B40,133.9749,0.209164,39.5239,140.5069,19.3386,59.1603,BIEN,23.9124,0.953222,7.217,4.8755,0.207768,0.205912,0.6676,1.5551,1,1,202.577,nan
d0567,abierto,B5,131.7498,0.216509,4.3538,143.5588,17.2854,58.484,BIEN,22.3119,0.877736,4.594,8.9632,0.206593,0.207998,4.5803,3.931,1,1,145.117,nan
d0567,abierto,B10,131.7498,0.216509,9.4995,143.4268,15.8222,56.4222,BIEN,23.5466,0.936791,4.9616,8.863,0.207696,0.18578,4.0709,14.1933,1,1,219.077,nan
d0567,abierto,B15,131.7498,0.216509,14.4153,141.9104,16.8585,57.342,BIEN,23.7238,0.948413,5.3532,7.7121,0.209213,0.194344,3.3698,10.2375,1,1,208.956,nan
d0567,abierto,B25,131.7498,0.216509,24.4595,143.8229,15.8377,56.801,BIEN,23.3372,0.956377,5.9442,9.1637,0.208504,0.192251,3.6976,11.2043,1,1,237.886,nan
d0567,abierto,B40,131.7498,0.216509,39.5194,143.4473,16.121,56.9968,BIEN,23.3939,0.958024,7.1058,8.8786,0.204642,0.202279,5.4813,6.5728,1,1,238.464,nan
d0600,abierto,B5,132.3324,0.233118,4.3555,141.0028,18.4304,59.5639,BIEN,22.6825,0.873421,4.7033,6.552,0.23441,0.211567,0.5541,9.2449,1,1,212.793,nan
d0600,abierto,B10,132.3324,0.233118,9.5119,137.7915,19.3619,58.9236,BIEN,24.2012,0.929881,5.2156,4.1253,0.228155,0.200832,2.1289,13.8498,1,1,199.88,nan
d0600,abierto,B15,132.3324,0.233118,14.43,140.7484,19.4318,59.8945,BIEN,23.1151,0.939659,5.3576,6.3598,0.221798,0.205891,4.8559,11.6794,1,1,241.109,nan
d0600,abierto,B25,132.3324,0.233118,24.4622,139.375,19.5948,59.3497,BIEN,23.7186,0.949663,6.1491,5.3219,0.228278,0.212832,2.0763,8.7022,1,1,229.864,nan
d0600,abierto,B40,132.3324,0.233118,39.5169,139.542,19.3367,59.1463,BIEN,23.7926,0.952519,7.3097,5.4481,0.220765,0.229027,5.299,1.7548,1,1,241.266,nan
d0767,abierto,B5,136.2842,0.204385,4.3718,136.8908,19.8995,58.9233,BIEN,23.3785,0.862721,4.9093,0.4451,0.209626,nan,2.5643,nan,1,1,193.979,nan
d0767,abierto,B10,136.2842,0.204385,9.5076,140.364,19.1834,60.089,BIEN,23.018,0.913693,5.01,2.9936,0.211245,0.180713,3.3562,11.582,1,1,249.838,nan
d0767,abierto,B15,136.2842,0.204385,14.4473,138.8958,19.3755,58.6291,BIEN,24.0061,0.937736,5.452,1.9163,0.210085,0.18822,2.7888,7.9093,1,1,156.209,nan
d0767,abierto,B25,136.2842,0.204385,24.5108,139.7655,19.3483,59.7911,BIEN,23.283,0.940198,6.0637,2.5544,0.213733,0.184457,4.5736,9.7502,1,1,244.326,nan
d0767,abierto,B40,136.2842,0.204385,39.5065,140.0112,19.1892,59.5438,BIEN,23.3978,0.943635,7.2018,2.7347,0.208096,0.197562,1.8158,3.3383,1,1,227.744,nan
d0853,abierto,B5,135.4113,0.209141,4.3398,140.9727,17.5455,58.0248,BIEN,23.6228,0.873539,4.7252,4.1071,0.202747,0.216076,3.0574,3.3158,1,1,238.231,nan
d0853,abierto,B10,135.4113,0.209141,9.5068,145.4663,15.762,58.5041,BIEN,22.8684,0.92235,4.7873,7.4256,0.208542,0.187471,0.2863,10.3613,1,1,203.857,nan
d0853,abierto,B15,135.4113,0.209141,14.4344,141.2673,17.5377,57.9153,BIEN,24.212,0.941651,5.3512,4.3247,0.208837,0.18511,0.1453,11.4904,1,1,241.377,nan
d0853,abierto,B25,135.4113,0.209141,24.5187,142.7476,16.6508,57.5249,BIEN,24.116,0.951193,5.9626,5.4178,0.206869,0.184996,1.0866,11.545,1,1,167.563,nan
d0853,abierto,B40,135.4113,0.209141,39.4795,142.7612,17.1554,57.8172,BIEN,23.9604,0.952267,7.0909,5.4278,0.213263,0.198324,1.9707,5.1724,1,1,227.842,nan
d0866,abierto,B5,136.9556,0.225879,4.3582,142.8896,17.6949,58.2529,BIEN,24.1135,0.879582,4.6297,4.3327,0.213127,nan,5.6456,nan,1,1,235.894,nan
d0866,abierto,B10,136.9556,0.225879,9.518,146.2205,16.1695,59.115,BIEN,23.2698,0.925216,4.7388,6.7648,0.213417,0.194739,5.5173,13.7861,1,1,203.982,nan
d0866,abierto,B15,136.9556,0.225879,14.4302,145.9441,16.808,60.1091,BIEN,22.9184,0.937272,5.046,6.5631,0.212633,0.191681,5.8641,15.1401,1,1,245.266,nan
d0866,abierto,B25,136.9556,0.225879,24.4954,144.4144,17.0215,59.3235,BIEN,23.6949,0.94939,5.8213,5.4461,0.217136,0.201477,3.8707,10.8033,1,1,245.513,nan
d0866,abierto,B40,136.9556,0.225879,39.5096,143.9207,17.2563,59.3603,BIEN,23.7981,0.951475,6.972,5.0856,0.21739,0.203886,3.7584,9.7365,1,1,223.654,nan
d0903,abierto,B5,135.564,0.204794,4.3532,141.2079,18.2363,58.8807,BIEN,23.5978,0.875172,4.6983,4.1633,0.205608,0.218643,0.3976,6.7621,1,1,233.002,nan
d0903,abierto,B10,135.564,0.204794,9.5124,146.0237,16.123,59.0699,BIEN,22.8358,0.923883,4.749,7.7157,0.206758,0.19331,0.9591,5.6079,1,1,215.899,nan
d0903,abierto,B15,135.564,0.204794,14.4411,142.7786,16.8643,58.1985,BIEN,24.1807,0.945449,5.267,5.3219,0.202529,0.188477,1.106,7.9675,1,1,236.776,nan
d0903,abierto,B25,135.564,0.204794,24.5022,143.2424,16.742,58.1202,BIEN,24.1271,0.953126,5.9255,5.6641,0.207872,0.195248,1.5029,4.6612,1,1,225.438,nan
d0903,abierto,B40,135.564,0.204794,39.4947,144.0693,16.4859,58.2515,BIEN,23.8359,0.954416,7.0002,6.274,0.207502,0.204385,1.322,0.1996,1,1,206.778,nan
d0929,abierto,B5,136.7708,0.182757,4.3466,145.7082,14.4559,56.2078,BIEN,23.8329,0.882977,4.5275,6.5346,0.177075,0.203865,3.1089,11.5495,1,1,223.409,nan
d0929,abierto,B10,136.7708,0.182757,9.51,147.6256,13.8873,57.5307,BIEN,23.043,0.926224,4.6992,7.9365,0.170908,0.163506,6.4837,10.5338,1,1,223.0,nan
d0929,abierto,B15,136.7708,0.182757,14.4357,147.4386,14.3065,58.2684,BIEN,22.8306,0.93925,5.0069,7.7998,0.179348,0.161479,1.8652,11.6428,1,1,240.906,nan
d0929,abierto,B25,136.7708,0.182757,24.4939,144.4457,15.3836,58.2046,BIEN,23.6698,0.949347,5.8457,5.6115,0.184134,0.163908,0.7535,10.3136,1,1,193.304,nan
d0929,abierto,B40,136.7708,0.182757,39.512,144.8028,15.1177,57.9389,BIEN,23.725,0.952761,6.9502,5.8726,0.182522,0.157428,0.1287,13.8593,1,1,165.142,nan
d0974,abierto,B5,134.2066,0.208781,4.3504,143.8061,16.4005,57.3741,BIEN,23.1914,0.878245,4.5932,7.1528,0.207762,0.214483,0.488,2.7311,1,1,220.177,nan
d0974,abierto,B10,134.2066,0.208781,9.5034,140.5179,16.5771,57.0013,BIEN,24.677,0.932034,5.0879,4.7027,0.202313,0.184915,3.0982,11.4314,1,1,235.566,nan
d0974,abierto,B15,134.2066,0.208781,14.4431,142.2395,16.4276,57.9152,BIEN,23.7727,0.943229,5.2963,5.9855,0.193976,0.173296,7.0912,16.9962,1,1,235.228,nan
d0974,abierto,B25,134.2066,0.208781,24.5133,142.7382,16.2976,57.7152,BIEN,23.7739,0.951272,5.9594,6.3571,0.193724,0.180577,7.2119,13.509,1,1,219.703,nan
d0974,abierto,B40,134.2066,0.208781,39.485,142.5287,16.4393,57.3539,BIEN,24.0206,0.95493,7.1262,6.201,0.1972,0.190642,5.5471,8.6883,1,1,250.771,nan
d1012,abierto,B5,134.735,0.205228,4.3656,136.9093,20.0528,60.1701,BIEN,23.0954,0.864721,4.8855,1.6138,0.216769,0.194523,5.6234,5.2162,1,1,235.349,nan
d1012,abierto,B10,134.735,0.205228,9.5058,143.0654,17.0254,59.9251,BIEN,22.7476,0.918764,4.8782,6.1828,0.204803,0.196601,0.2074,4.2038,1,1,243.516,nan
d1012,abierto,B15,134.735,0.205228,14.4739,139.6159,18.3334,58.9509,BIEN,23.9868,0.940995,5.4175,3.6226,0.212101,0.183885,3.349,10.3995,1,1,233.918,nan
d1012,abierto,B25,134.735,0.205228,24.5024,140.6827,17.7958,58.5653,BIEN,24.032,0.950406,6.0592,4.4144,0.208268,0.197013,1.4813,4.0028,1,1,248.961,nan
d1012,abierto,B40,134.735,0.205228,39.4901,141.3877,17.6619,58.8855,BIEN,23.7144,0.951177,7.1532,4.9377,0.208606,0.195752,1.6458,4.6175,1,1,249.863,nan
e0058,abierto,B5,97.7452,0.304804,4.5153,130.0245,42.9118,90.6298,BIEN,15.5338,0.817771,4.6443,33.024,0.32388,0.220527,6.2585,27.6495,1,1,221.828,nan
e0058,abierto,B10,97.7452,0.304804,9.5117,132.4244,41.4155,88.3172,BIEN,15.5156,0.900572,4.9544,35.4792,0.300584,0.272435,1.3844,10.6196,1,1,222.267,nan
e0058,abierto,B15,97.7452,0.304804,14.5028,135.3975,39.1158,87.888,BIEN,14.9596,0.904333,5.1421,38.5209,0.308502,0.289122,1.2134,5.145,1,1,221.808,nan
e0058,abierto,B25,97.7452,0.304804,24.528,135.2737,38.9722,87.0969,BIEN,15.1418,0.912127,5.9414,38.3942,0.300902,0.304093,1.2801,0.2332,1,1,230.862,nan
e0058,abierto,B40,97.7452,0.304804,39.522,135.9362,38.4948,86.6537,BIEN,15.0716,0.909657,7.1714,39.072,0.30305,0.301105,0.5755,1.2135,1,1,256.331,nan
e0168,abierto,B5,94.2794,0.302774,4.528,128.6131,44.3498,91.0812,BIEN,15.0888,0.808246,4.7004,36.4171,0.289488,0.208551,4.3878,31.1197,1,1,248.589,nan
e0168,abierto,B10,94.2794,0.302774,9.5005,131.7814,42.7274,89.2469,BIEN,14.8166,0.88716,4.9429,39.7776,0.296426,0.260787,2.0963,13.8673,1,1,227.516,nan
e0168,abierto,B15,94.2794,0.302774,14.5301,134.2712,41.1322,88.6527,BIEN,14.4298,0.892705,5.175,42.4184,0.30305,0.296154,0.0912,2.1862,1,1,199.513,nan
e0168,abierto,B25,94.2794,0.302774,24.5206,134.4783,40.6237,87.9367,BIEN,14.516,0.901457,5.9522,42.6381,0.30466,0.304643,0.6232,0.6174,1,1,230.298,nan
e0168,abierto,B40,94.2794,0.302774,39.49,135.9482,39.5602,87.552,BIEN,14.2724,0.894627,7.1179,44.1972,0.305379,0.306715,0.8606,1.3019,1,1,163.511,nan
e0202,abierto,B5,95.4639,0.309876,4.4855,130.1424,43.6065,91.8359,BIEN,14.9796,0.804532,4.623,36.3264,0.308473,0.22356,0.4529,27.855,1,1,231.696,nan
e0202,abierto,B10,95.4639,0.309876,9.5039,134.2879,41.627,89.6851,BIEN,14.554,0.882366,4.8103,40.6688,0.30563,0.259913,1.3702,16.1237,1,1,225.953,nan
e0202,abierto,B15,95.4639,0.309876,14.5374,136.0103,40.3908,88.8531,BIEN,14.3594,0.895107,5.0933,42.4731,0.299277,0.285875,3.4205,7.7453,1,1,238.561,nan
e0202,abierto,B25,95.4639,0.309876,24.5276,137.0076,39.7427,88.1269,BIEN,14.2776,0.899943,5.8006,43.5177,0.304768,0.309962,1.6483,0.0276,1,1,234.94,nan
e0202,abierto,B40,95.4639,0.309876,39.5122,137.4939,39.3313,87.8124,BIEN,14.238,0.897986,7.0192,44.0272,0.310156,0.314602,0.0903,1.525,1,1,167.687,nan
e0205,abierto,B5,98.4094,0.33,4.4491,132.2544,42.9583,92.5145,BIEN,15.0851,0.816058,4.4844,34.392,0.319144,0.20447,3.2898,38.0395,1,1,218.455,nan
e0205,abierto,B10,98.4094,0.33,9.515,137.99,39.962,90.7323,BIEN,14.4164,0.886448,4.5934,40.2203,0.330713,0.259134,0.2159,21.4746,1,1,224.962,nan
e0205,abierto,B15,98.4094,0.33,14.5363,139.8579,38.6656,89.8773,BIEN,14.1822,0.894192,4.8546,42.1184,0.329886,0.29544,0.0346,10.4729,1,1,227.962,nan
e0205,abierto,B25,98.4094,0.33,24.5233,139.9507,38.5006,89.136,BIEN,14.2933,0.903314,5.6054,42.2127,0.325389,0.323927,1.3973,1.8404,1,1,225.444,nan
e0205,abierto,B40,98.4094,0.33,39.5083,140.5705,38.0349,88.7403,BIEN,14.2297,0.90088,6.7808,42.8425,0.325902,0.313335,1.2418,5.05,1,1,229.163,nan
e0278,abierto,B5,92.0341,0.302913,4.5315,126.9577,45.0717,90.6522,BIEN,14.8909,0.807166,4.7812,37.9464,0.28874,0.208646,4.6789,31.1202,1,1,249.296,nan
e0278,abierto,B10,92.0341,0.302913,9.481,130.6364,43.1097,88.6286,BIEN,14.5583,0.881741,5.0066,41.9435,0.296063,0.266746,2.2614,11.9397,1,1,248.157,nan
e0278,abierto,B15,92.0341,0.302913,14.5308,131.5885,42.3296,87.7531,BIEN,14.5298,0.893516,5.3543,42.978,0.298692,0.290651,1.3936,4.048,1,1,176.485,nan
e0278,abierto,B25,92.0341,0.302913,24.5301,132.145,41.5281,87.1997,BIEN,14.5178,0.899128,6.1173,43.5827,0.305274,0.310825,0.7794,2.6119,1,1,192.031,nan
e0278,abierto,B40,92.0341,0.302913,39.4937,133.2037,40.7014,86.8872,BIEN,14.3641,0.894429,7.3487,44.733,0.295263,0.300502,2.5255,0.7959,1,1,251.402,nan
e0281,abierto,B5,90.3227,0.304354,4.4812,120.7023,47.1191,89.5335,BIEN,15.7201,0.810748,5.1344,33.6345,0.312613,0.206851,2.7138,32.036,1,1,250.664,nan
e0281,abierto,B10,90.3227,0.304354,9.4847,126.1195,44.9921,87.9357,BIEN,15.0932,0.887386,5.2813,39.6321,0.306286,0.266934,0.6348,12.2948,1,1,256.404,nan
e0281,abierto,B15,90.3227,0.304354,14.4934,127.9501,43.7327,87.2101,BIEN,14.8669,0.898326,5.5776,41.6589,0.303706,0.308665,0.2127,1.4163,1,1,240.373,nan
e0281,abierto,B25,90.3227,0.304354,24.5189,129.7381,42.1976,86.4143,BIEN,14.6669,0.90035,6.295,43.6384,0.31076,0.30627,2.1048,0.6295,1,1,167.864,nan
e0281,abierto,B40,90.3227,0.304354,39.5185,130.1632,41.7648,86.1151,BIEN,14.6423,0.89918,7.6132,44.1091,0.307383,0.315039,0.9954,3.5109,1,1,226.855,nan
e0287,abierto,B5,94.9805,0.30329,4.5325,130.8702,43.9927,91.8022,BIEN,14.7817,0.807411,4.5739,37.7864,0.314828,0.211379,3.8043,30.3046,1,1,236.804,nan
e0287,abierto,B10,94.9805,0.30329,9.5362,132.8149,42.6925,89.7048,BIEN,14.7959,0.887203,4.8984,39.834,0.301679,0.262739,0.5314,13.3704,1,1,230.792,nan
e0287,abierto,B15,94.9805,0.30329,14.5739,135.7386,40.6451,89.1991,BIEN,14.2984,0.893306,5.0916,42.9121,0.308346,0.293828,1.6671,3.1198,1,1,218.16,nan
e0287,abierto,B25,94.9805,0.30329,24.5528,136.642,40.059,88.5271,BIEN,14.2305,0.89831,5.8063,43.8633,0.3115,0.309358,2.7069,2.0007,1,1,224.25,nan
e0287,abierto,B40,94.9805,0.30329,39.5282,136.7456,39.7524,88.2074,BIEN,14.2689,0.898086,7.061,43.9723,0.306039,0.292158,0.9062,3.6704,1,1,226.953,nan
e0300,abierto,B5,92.9129,0.311715,4.5467,128.3573,44.0878,90.8828,BIEN,14.8524,0.804259,4.7241,38.1479,0.301517,0.212219,3.2714,31.919,1,1,227.946,nan
e0300,abierto,B10,92.9129,0.311715,9.5036,131.6088,42.4751,88.9837,BIEN,14.565,0.879671,4.9608,41.6474,0.312971,0.259763,0.403,16.6665,1,1,217.316,nan
e0300,abierto,B15,92.9129,0.311715,14.5205,132.4267,41.7939,88.0655,BIEN,14.582,0.894401,5.3198,42.5278,0.302416,0.293144,2.9831,5.9577,1,1,215.582,nan
e0300,abierto,B25,92.9129,0.311715,24.5209,133.2827,41.1826,87.6047,BIEN,14.4827,0.901014,6.0471,43.449,0.313273,0.305588,0.5,1.9655,1,1,183.722,nan
e0300,abierto,B40,92.9129,0.311715,39.5021,134.0656,40.6121,87.2607,BIEN,14.3966,0.898125,7.2898,44.2916,0.316694,0.319042,1.5974,2.3506,1,1,242.008,nan
e0322,abierto,B5,97.0838,0.301221,4.4385,131.7939,43.3717,92.829,BIEN,14.907,0.804419,4.5012,35.7527,0.297723,0.21501,1.1611,28.6204,1,1,208.329,nan
e0322,abierto,B10,97.0838,0.301221,9.4962,137.5532,40.4724,91.1534,BIEN,14.2,0.880766,4.5974,41.685,0.29509,0.256073,2.0352,14.9882,1,1,246.057,nan
e0322,abierto,B15,97.0838,0.301221,14.5322,137.5129,40.1172,90.1074,BIEN,14.3916,0.899326,4.9947,41.6435,0.295094,0.283138,2.0339,6.0031,1,1,252.966,nan
e0322,abierto,B25,97.0838,0.301221,24.5289,138.3376,39.7368,89.5684,BIEN,14.3214,0.904965,5.6984,42.4929,0.304702,0.302331,1.1557,0.3687,1,1,252.048,nan
e0322,abierto,B40,97.0838,0.301221,39.521,139.2771,38.9703,89.0853,BIEN,14.2121,0.900983,6.8707,43.4607,0.303704,0.301368,0.8245,0.0488,1,1,176.891,nan
e0374,abierto,B5,93.7322,0.309423,4.5277,130.1596,43.9539,91.9163,BIEN,14.609,0.804255,4.5989,38.8633,0.296571,0.200648,4.1536,35.1541,1,1,233.291,nan
e0374,abierto,B10,93.7322,0.309423,9.505,132.2466,42.7371,89.783,BIEN,14.5982,0.884476,4.9157,41.0898,0.292774,0.254141,5.3806,17.8663,1,1,191.802,nan
e0374,abierto,B15,93.7322,0.309423,14.548,135.1724,40.7596,89.1173,BIEN,14.1469,0.888902,5.1214,44.2113,0.30119,0.274748,2.6606,11.2064,1,1,241.057,nan
e0374,abierto,B25,93.7322,0.309423,24.5641,136.2047,40.0532,88.4154,BIEN,14.0562,0.893229,5.8313,45.3126,0.298718,0.30283,3.4596,2.1307,1,1,231.589,nan
e0374,abierto,B40,93.7322,0.309423,39.5022,136.3698,39.7563,88.1121,BIEN,14.0775,0.893491,7.0821,45.4888,0.30729,0.302094,0.6895,2.3685,1,1,192.931,nan
e0553,abierto,B5,97.4391,0.302765,4.5225,129.3722,43.0088,89.3011,BIEN,15.7434,0.81814,4.7421,32.7725,0.324561,0.202248,7.1989,33.1997,1,1,252.621,nan
e0553,abierto,B10,97.4391,0.302765,9.522,132.6609,41.3204,87.3554,BIEN,15.4574,0.900987,4.9802,36.1476,0.311267,0.269283,2.8078,11.0588,1,1,247.145,nan
e0553,abierto,B15,97.4391,0.302765,14.5623,135.5836,39.0072,86.8446,BIEN,14.9447,0.90483,5.1803,39.147,0.31441,0.299066,3.8459,1.2219,1,1,227.366,nan
e0553,abierto,B25,97.4391,0.302765,24.5249,135.2845,39.1139,86.2445,BIEN,15.1142,0.912323,5.9747,38.8401,0.32337,0.318315,6.8055,5.136,1,1,196.87,nan
e0553,abierto,B40,97.4391,0.302765,39.4982,136.7965,38.0698,85.875,BIEN,14.8426,0.905831,7.1277,40.3918,0.312513,0.308468,3.2196,1.8836,1,1,192.478,nan
e0647,abierto,B5,97.3769,0.310426,4.444,132.1622,42.7255,92.3929,BIEN,14.9103,0.805054,4.4907,35.7223,0.31375,0.21496,1.0711,30.7532,1,1,204.39,nan
e0647,abierto,B10,97.3769,0.310426,9.5042,137.9348,40.1813,90.8573,BIEN,14.2099,0.880559,4.5883,41.6504,0.298829,0.253115,3.7358,18.4621,1,1,241.307,nan
e0647,abierto,B15,97.3769,0.310426,14.5651,139.5322,38.6132,89.9076,BIEN,14.0558,0.891248,4.8743,43.2909,0.311958,0.287121,0.4936,7.5072,1,1,224.724,nan
e0647,abierto,B25,97.3769,0.310426,24.526,139.8028,38.6035,89.3722,BIEN,14.0975,0.899465,5.6041,43.5687,0.308158,0.298959,0.7305,3.6937,1,1,230.314,nan
e0647,abierto,B40,97.3769,0.310426,39.521,140.3814,38.1242,88.9378,BIEN,14.0483,0.89732,6.7861,44.163,0.302099,0.29663,2.6824,4.4442,1,1,220.061,nan
e0680,abierto,B5,96.8882,0.30741,4.4513,131.6092,42.2151,91.0147,BIEN,15.007,0.813558,4.5669,35.8362,0.329423,0.197099,7.1608,35.8839,1,1,172.706,nan
e0680,abierto,B10,96.8882,0.30741,9.4937,137.044,39.4632,89.2746,BIEN,14.3301,0.882446,4.6768,41.4456,0.319514,0.244482,3.9373,20.4702,1,1,220.838,nan
e0680,abierto,B15,96.8882,0.30741,14.5351,138.5888,37.9903,88.3499,BIEN,14.1881,0.891069,4.969,43.04,0.324388,0.280614,5.523,8.7165,1,1,237.119,nan
e0680,abierto,B25,96.8882,0.30741,24.5217,139.1576,37.7399,87.7825,BIEN,14.1603,0.896741,5.6806,43.627,0.317421,0.304066,3.2567,1.0878,1,1,214.509,nan
e0680,abierto,B40,96.8882,0.30741,39.5018,140.4386,36.7288,87.286,BIEN,13.9761,0.890922,6.8153,44.9492,0.3206,0.305207,4.2909,0.7166,1,1,204.826,nan
e0737,abierto,B5,93.8367,0.297349,4.5162,129.4544,41.7377,87.5735,BIEN,14.9964,0.809519,4.8002,37.9572,0.313468,0.204319,5.4211,31.2862,1,1,243.262,nan
e0737,abierto,B10,93.8367,0.297349,9.4998,133.1941,39.7621,85.7038,BIEN,14.6079,0.879075,5.0021,41.9425,0.290852,0.244988,2.185,17.6092,1,1,234.324,nan
e0737,abierto,B15,93.8367,0.297349,14.5138,134.8506,38.5433,85.0523,BIEN,14.4081,0.891644,5.2864,43.7077,0.277155,0.266317,6.7913,10.4361,1,1,226.49,nan
e0737,abierto,B25,93.8367,0.297349,24.5177,135.9061,37.7865,84.3758,BIEN,14.3059,0.895735,5.9946,44.8326,0.289142,0.270168,2.76,9.1409,1,1,202.976,nan
e0737,abierto,B40,93.8367,0.297349,39.5241,136.7177,37.245,83.964,BIEN,14.2143,0.892202,7.2059,45.6975,0.288688,0.2749,2.9127,7.5494,1,1,221.926,nan
e0758,abierto,B5,96.961,0.286294,4.4532,131.9454,41.8871,90.2839,BIEN,14.9913,0.809307,4.5786,36.0809,0.29567,0.196949,3.2749,31.2075,1,1,226.255,nan
e0758,abierto,B10,96.961,0.286294,9.4967,137.0661,39.5059,88.61,BIEN,14.3883,0.881114,4.7096,41.3621,0.298155,0.237214,4.1427,17.1432,1,1,188.683,nan
e0758,abierto,B15,96.961,0.286294,14.5379,138.4918,37.804,87.6289,BIEN,14.2684,0.892603,5.0084,42.8325,0.300161,0.266057,4.8436,7.0687,1,1,227.92,nan
e0758,abierto,B25,96.961,0.286294,24.5208,139.4241,37.2994,87.1061,BIEN,14.1677,0.898082,5.6954,43.794,0.296563,0.277496,3.5869,3.073,1,1,195.274,nan
e0758,abierto,B40,96.961,0.286294,39.5139,140.1478,36.8239,86.6396,BIEN,14.0897,0.895104,6.8703,44.5404,0.29964,0.294774,4.6617,2.962,1,1,137.979,nan
e0831,abierto,B5,92.2407,0.301837,4.535,127.4129,44.148,89.8555,BIEN,14.9159,0.802414,4.7981,38.1309,0.305245,0.193176,1.1291,35.9998,1,1,244.636,nan
e0831,abierto,B10,92.2407,0.301837,9.4838,131.0634,42.4091,87.7951,BIEN,14.5651,0.879697,5.0171,42.0885,0.302938,0.249007,0.365,17.5028,1,1,224.009,nan
e0831,abierto,B15,92.2407,0.301837,14.523,131.8699,41.7648,87.0019,BIEN,14.548,0.893755,5.3673,42.9628,0.288274,0.278514,4.4933,7.727,1,1,217.656,nan
e0831,abierto,B25,92.2407,0.301837,24.519,133.8058,40.0124,86.4355,BIEN,14.2713,0.893102,6.0327,45.0616,0.298501,0.297681,1.1053,1.3767,1,1,206.68,nan
e0831,abierto,B40,92.2407,0.301837,39.5275,134.4052,39.5797,86.1178,BIEN,14.1992,0.889955,7.2784,45.7114,0.302069,0.290154,0.0768,3.8704,1,1,202.626,nan
e0861,abierto,B5,93.7521,0.299382,4.5154,130.3799,43.0612,91.5784,BIEN,14.5976,0.804078,4.6074,39.0687,0.291961,0.206879,2.4787,30.8981,1,1,233.765,nan
e0861,abierto,B10,93.7521,0.299382,9.5092,132.5818,41.9356,89.3966,BIEN,14.568,0.881315,4.9183,41.4174,0.300936,0.247885,0.5191,17.2011,1,1,211.995,nan
e0861,abierto,B15,93.7521,0.299382,14.5171,135.6228,40.319,89.0243,BIEN,14.0715,0.887144,5.1061,44.661,0.300807,0.279586,0.4759,6.6122,1,1,152.565,nan
e0861,abierto,B25,93.7521,0.299382,24.5131,136.6156,39.6321,88.2926,BIEN,13.9948,0.89288,5.8158,45.72,0.303093,0.304167,1.2395,1.5983,1,1,191.172,nan
e0861,abierto,B40,93.7521,0.299382,39.4876,136.8768,39.3992,87.8714,BIEN,14.0159,0.892181,7.0644,45.9986,0.301705,0.30337,0.7758,1.3318,1,1,160.875,nan
e0888,abierto,B5,88.4792,0.296254,4.4415,119.3072,47.4063,89.0832,BIEN,15.5785,0.811594,5.1834,34.8421,0.296619,0.224085,0.1235,24.3603,1,1,208.368,nan
e0888,abierto,B10,88.4792,0.296254,9.4924,124.6152,45.4443,87.0085,BIEN,15.0339,0.888965,5.3621,40.8413,0.300516,0.264123,1.4387,10.8455,1,1,214.583,nan
e0888,abierto,B15,88.4792,0.296254,14.5158,126.4984,44.2023,86.2562,BIEN,14.8038,0.896366,5.6652,42.9697,0.291359,0.288951,1.652,2.4649,1,1,221.823,nan
e0888,abierto,B25,88.4792,0.296254,24.5372,127.6526,43.3193,85.733,BIEN,14.6828,0.896551,6.4257,44.2741,0.289621,0.303678,2.2388,2.506,1,1,199.736,nan
e0888,abierto,B40,88.4792,0.296254,39.5158,128.0465,42.8264,85.4226,BIEN,14.6609,0.894456,7.7767,44.7194,0.291024,0.305194,1.7653,3.0179,1,1,228.943,nan
e1060,abierto,B5,84.1714,0.326444,4.5399,117.0074,46.6592,84.239,BIEN,15.5415,0.832849,5.5314,39.0109,0.316094,nan,3.1706,nan,1,1,201.898,nan
e1060,abierto,B10,84.1714,0.326444,9.494,119.8008,45.5219,82.4543,BIEN,15.2894,0.891444,5.8151,42.3296,0.326344,0.283344,0.0305,13.2028,1,1,228.922,nan
e1060,abierto,B15,84.1714,0.326444,14.5311,121.374,44.6855,81.9047,BIEN,15.117,0.895557,6.1499,44.1986,0.319359,0.287059,2.1703,12.0648,1,1,194.428,nan
e1060,abierto,B25,84.1714,0.326444,24.4833,122.0996,43.6182,81.3084,BIEN,15.0692,0.896842,6.9782,45.0607,0.319945,0.301971,1.9908,7.4967,1,1,209.192,nan
e1060,abierto,B40,84.1714,0.326444,39.5222,122.5965,43.2261,80.9867,BIEN,15.0323,0.894723,8.4059,45.6511,0.330345,0.309967,1.1952,5.0473,1,1,211.999,nan
e1065,abierto,B5,98.5042,0.315355,4.4376,131.3513,42.7623,90.5847,BIEN,15.4591,0.826667,4.5996,33.3459,0.312059,nan,1.045,nan,1,1,227.645,nan
e1065,abierto,B10,98.5042,0.315355,9.4619,137.2183,39.1954,88.5713,BIEN,14.6416,0.892086,4.6746,39.302,0.301537,0.270648,4.3818,14.1767,1,1,232.699,nan
e1065,abierto,B15,98.5042,0.315355,14.5081,138.8727,37.0607,87.6302,BIEN,14.4544,0.897302,4.9557,40.9816,0.307328,0.304123,2.5452,3.5617,1,1,208.034,nan
e1065,abierto,B25,98.5042,0.315355,24.5096,139.1907,37.0316,87.0774,BIEN,14.4966,0.902533,5.6887,41.3044,0.313807,0.32105,0.4908,1.8058,1,1,189.065,nan
e1065,abierto,B40,98.5042,0.315355,39.5068,139.6421,36.362,86.6643,BIEN,14.4664,0.90058,6.887,41.7626,0.311008,0.314215,1.3783,0.3615,1,1,208.043,nan
g0075,abierto,B5,106.0066,0.266253,4.4684,123.593,35.2112,68.7227,BIEN,20.3881,0.900755,5.2526,16.5899,0.267863,0.238987,0.6047,10.2407,1,1,225.657,nan
g0075,abierto,B10,106.0066,0.266253,9.3725,124.6199,34.1711,66.5718,BIEN,20.6719,0.946062,5.6229,17.5586,0.263595,0.261995,0.9986,1.5993,1,1,226.162,nan
g0075,abierto,B15,106.0066,0.266253,14.5165,126.4018,33.6568,67.3176,BIEN,20.0099,0.950973,5.8742,19.2395,0.263615,0.254874,0.9909,4.2739,1,1,239.034,nan
g0075,abierto,B25,106.0066,0.266253,24.4884,126.165,33.7829,67.1806,BIEN,20.113,0.954552,6.7001,19.0162,0.26491,0.263171,0.5045,1.1578,1,1,254.518,nan
g0075,abierto,B40,106.0066,0.266253,39.4958,125.9898,33.8411,67.2293,BIEN,20.155,0.955832,8.0777,18.8509,0.26491,0.26718,0.5045,0.3482,1,1,230.723,nan
g0149,abierto,B5,105.3766,0.271718,4.4837,123.4958,35.3937,69.9661,BIEN,20.062,0.900974,5.1871,17.1947,0.266629,0.256251,1.8726,5.6922,1,1,200.228,nan
g0149,abierto,B10,105.3766,0.271718,9.3793,125.5903,33.8819,68.0038,BIEN,19.9828,0.94628,5.4911,19.1823,0.274949,0.276973,1.1894,1.9342,1,1,212.77,nan
g0149,abierto,B15,105.3766,0.271718,14.4937,125.8872,33.9925,68.8298,BIEN,19.7468,0.954346,5.8237,19.464,0.274996,0.279653,1.2066,2.9205,1,1,253.936,nan
g0149,abierto,B25,105.3766,0.271718,24.4922,126.4263,33.7305,68.2239,BIEN,19.7299,0.957909,6.6179,19.9757,0.274985,0.284357,1.2024,4.6515,1,1,240.854,nan
g0149,abierto,B40,105.3766,0.271718,39.5028,126.434,33.8101,68.4964,BIEN,19.6737,0.958455,7.9698,19.983,0.277451,0.284089,2.1102,4.5529,1,1,175.895,nan
h0047,abierto,B5,55.8931,0.215968,4.4933,75.1072,51.0644,57.0128,CRITICA,19.1244,0.856598,8.6415,34.3767,0.222867,0.220411,3.1948,2.0574,1,1,170.535,nan
h0047,abierto,B10,55.8931,0.215968,9.5523,77.7223,49.8496,57.0042,CRITICA,18.6033,0.897229,9.0692,39.0554,0.21942,0.23196,1.5985,7.405,1,1,226.937,nan
h0047,abierto,B15,55.8931,0.215968,14.555,79.0134,49.1878,57.2167,CRITICA,18.2881,0.903839,9.6038,41.3654,0.219149,0.230543,1.473,6.7488,1,1,206.109,nan
h0047,abierto,B25,55.8931,0.215968,24.5364,79.215,49.0986,56.8777,CRITICA,18.3186,0.905214,11.065,41.726,0.216358,0.220344,0.1808,2.0265,1,1,213.083,nan
h0047,abierto,B40,55.8931,0.215968,39.5495,79.6332,48.8618,56.8245,CRITICA,18.2372,0.904566,13.781,42.4743,0.213695,0.217117,1.0524,0.5321,1,1,239.768,nan
h0223,abierto,B5,59.106,0.214156,4.4832,75.3733,50.8335,55.7154,CRITICA,20.5386,0.86908,8.7708,27.5223,0.218292,0.231405,1.931,8.0544,1,1,243.345,nan
h0223,abierto,B10,59.106,0.214156,9.5398,77.551,49.7409,55.3228,CRITICA,20.1398,0.912587,9.252,31.2068,0.221754,0.224238,3.5478,4.7074,1,1,212.793,nan
h0223,abierto,B15,59.106,0.214156,14.5565,78.5839,49.1102,55.2937,CRITICA,19.8884,0.918899,9.8248,32.9543,0.219866,0.220898,2.666,3.1481,1,1,157.726,nan
h0223,abierto,B25,59.106,0.214156,24.5322,78.8111,48.8113,55.0612,CRITICA,19.8902,0.920211,11.2846,33.3387,0.219612,0.222908,2.5475,4.0865,1,1,218.465,nan
h0223,abierto,B40,59.106,0.214156,39.5502,79.278,48.5979,55.006,CRITICA,19.7809,0.919974,14.0197,34.1286,0.216647,0.220934,1.1632,3.165,1,1,246.585,nan
h0256,abierto,B5,59.179,0.182587,4.4794,78.7153,49.1432,58.2694,CRITICA,19.1384,0.857827,8.355,33.0123,0.186049,0.197331,1.8956,8.0751,1,1,258.485,nan
h0256,abierto,B10,59.179,0.182587,9.5477,81.6377,47.7343,58.4021,BIEN,18.519,0.900394,8.7281,37.9505,0.181541,0.191765,0.5734,5.0263,1,1,193.667,nan
h0256,abierto,B15,59.179,0.182587,14.5526,82.6836,47.0861,58.3758,BIEN,18.3058,0.907121,9.2666,39.7178,0.180132,0.18262,1.345,0.0177,1,1,253.988,nan
h0256,abierto,B25,59.179,0.182587,24.5477,83.2372,46.7193,58.3222,BIEN,18.1991,0.907316,10.5891,40.6533,0.180677,0.185339,1.0461,1.507,1,1,230.915,nan
h0256,abierto,B40,59.179,0.182587,39.5443,83.6783,46.4864,58.2529,BIEN,18.1183,0.906381,13.0922,41.3987,0.180558,0.180927,1.1112,0.9095,1,1,232.537,nan
h0261,abierto,B5,58.4707,0.189629,4.4958,75.9414,50.4493,57.4093,CRITICA,19.922,0.859785,8.6335,29.8794,0.194963,0.202444,2.8128,6.7581,1,1,235.388,nan
h0261,abierto,B10,58.4707,0.189629,9.5318,78.4386,49.184,57.2311,CRITICA,19.4225,0.906475,9.0733,34.1502,0.191349,0.200162,0.9071,5.5546,1,1,229.437,nan
h0261,abierto,B15,58.4707,0.189629,14.5483,79.5729,48.6056,57.2704,CRITICA,19.1539,0.91276,9.6262,36.0903,0.191869,0.196417,1.1812,3.5793,1,1,203.795,nan
h0261,abierto,B25,58.4707,0.189629,24.5353,79.9845,48.4504,57.1795,CRITICA,19.085,0.913781,11.0365,36.7942,0.191387,0.191769,0.9272,1.1282,1,1,236.759,nan
h0261,abierto,B40,58.4707,0.189629,39.5255,80.4824,48.2156,57.1297,BIEN,18.9751,0.913037,13.6935,37.6458,0.192594,0.191019,1.5632,0.7329,1,1,235.073,nan
h0300,abierto,B5,58.9475,0.189372,4.4834,78.0335,49.7759,58.4109,CRITICA,19.3266,0.858369,8.4386,32.3781,0.19031,0.197667,0.4954,4.3805,1,1,173.205,nan
h0300,abierto,B10,58.9475,0.189372,9.5482,80.514,48.462,58.2592,BIEN,18.8489,0.894737,8.866,36.586,0.19159,0.199532,1.1714,5.3656,1,1,206.731,nan
h0300,abierto,B15,58.9475,0.189372,14.5509,81.7496,47.8022,58.3863,BIEN,18.5509,0.899433,9.3869,38.6822,0.189054,0.195454,0.1675,3.212,1,1,245.724,nan
h0300,abierto,B25,58.9475,0.189372,24.533,81.8647,47.5868,58.052,BIEN,18.6021,0.90128,10.7944,38.8773,0.189028,0.190725,0.1814,0.7145,1,1,210.433,nan
h0300,abierto,B40,58.9475,0.189372,39.5338,82.3606,47.3112,58.03,BIEN,18.4978,0.899976,13.3534,39.7186,0.191567,0.192807,1.1592,1.8139,1,1,233.073,nan
h0323,abierto,B5,55.9636,0.194831,4.4918,72.6574,51.8582,55.5242,CRITICA,20.2399,0.859723,8.9588,29.8298,0.192822,0.202509,1.0314,3.941,1,1,249.988,nan
h0323,abierto,B10,55.9636,0.194831,9.5543,75.849,50.2882,56.0471,CRITICA,19.3917,0.901654,9.3219,35.5327,0.197035,0.199677,1.131,2.4874,1,1,244.016,nan
h0323,abierto,B15,55.9636,0.194831,14.5396,75.9674,50.23,55.4523,CRITICA,19.5122,0.915705,10.0294,35.7442,0.18862,0.19855,3.1881,1.909,1,1,213.853,nan
h0323,abierto,B25,55.9636,0.194831,24.5318,77.1182,49.5779,55.7953,CRITICA,19.1596,0.914062,11.4138,37.8006,0.18862,0.191733,3.1881,1.5902,1,1,247.513,nan
h0323,abierto,B40,55.9636,0.194831,39.5749,77.3358,49.4091,55.5913,CRITICA,19.1567,0.915782,14.3128,38.1894,0.18862,0.189049,3.1881,2.9678,1,1,235.333,nan
h0329,abierto,B5,54.8175,0.195964,4.5201,69.4732,54.3073,54.4006,CRITICA,21.2547,0.878892,9.3045,26.7355,0.198342,0.203984,1.2133,4.0926,1,1,236.513,nan
h0329,abierto,B10,54.8175,0.195964,9.5714,71.8442,53.0109,54.6378,CRITICA,20.6016,0.911511,9.7759,31.0607,0.198133,0.199149,1.1066,1.625,1,1,244.045,nan
h0329,abierto,B15,54.8175,0.195964,14.5406,72.4463,52.6868,54.4839,CRITICA,20.4768,0.921331,10.4499,32.159,0.20439,0.204495,4.2998,4.3534,1,1,238.584,nan
h0329,abierto,B25,54.8175,0.195964,24.5438,73.0165,52.3686,54.494,CRITICA,20.3352,0.921754,12.0263,33.1992,0.204568,0.202185,4.3906,3.1746,1,1,209.846,nan
h0329,abierto,B40,54.8175,0.195964,39.537,73.4348,52.0891,54.5151,CRITICA,20.2194,0.922258,15.1506,33.9623,0.203408,0.198615,3.7984,1.353,1,1,245.942,nan
h0407,abierto,B5,56.4454,0.201511,4.4918,75.6063,51.0062,58.3201,CRITICA,19.1875,0.852559,8.6203,33.9459,0.200685,0.211948,0.4101,5.1795,1,1,200.068,nan
h0407,abierto,B10,56.4454,0.201511,9.5364,77.9491,49.77,58.064,CRITICA,18.7718,0.897697,9.0813,38.0964,0.197925,0.206738,1.7798,2.5939,1,1,244.069,nan
h0407,abierto,B15,56.4454,0.201511,14.5427,79.0773,49.184,58.1798,CRITICA,18.5051,0.906251,9.6332,40.0952,0.195411,0.207791,3.027,3.1164,1,1,225.958,nan
h0407,abierto,B25,56.4454,0.201511,24.5271,79.4928,48.9511,57.9766,CRITICA,18.4612,0.907511,11.0626,40.8314,0.195087,0.208975,3.1879,3.7042,1,1,249.869,nan
h0407,abierto,B40,56.4454,0.201511,39.5425,80.2743,48.6076,58.1491,BIEN,18.2569,0.905572,13.6916,42.2158,0.195082,0.198262,3.1904,1.6126,1,1,215.082,nan
h0421,abierto,B5,56.8739,0.210762,4.4949,76.4209,50.4434,58.2755,CRITICA,19.0241,0.857193,8.507,34.3691,0.203917,0.20721,3.2479,1.6855,1,1,221.455,nan
h0421,abierto,B10,56.8739,0.210762,9.5531,78.2419,49.5643,57.696,CRITICA,18.8055,0.899518,9.0264,37.5709,0.20487,0.212845,2.7954,0.9884,1,1,221.322,nan
h0421,abierto,B15,56.8739,0.210762,14.5503,78.744,49.2616,57.3043,CRITICA,18.7791,0.906824,9.6608,38.4537,0.207032,0.206425,1.7695,2.0576,1,1,253.081,nan
h0421,abierto,B25,56.8739,0.210762,24.5377,79.2512,48.9724,57.1978,CRITICA,18.6957,0.9068,11.0827,39.3454,0.212659,0.204781,0.9001,2.8377,1,1,250.344,nan
h0421,abierto,B40,56.8739,0.210762,39.5506,79.5246,48.8133,57.052,CRITICA,18.6642,0.906546,13.8304,39.8262,0.213107,0.206453,1.1126,2.0445,1,1,256.285,nan
h0503,abierto,B5,57.7477,0.204377,4.4833,76.6488,49.7467,56.3707,CRITICA,19.4201,0.858198,8.6403,32.7304,0.186522,0.198267,8.7364,2.9898,1,1,150.378,nan
h0503,abierto,B10,57.7477,0.204377,9.5267,80.0295,48.169,56.7595,BIEN,18.6177,0.899091,8.9678,38.5847,0.194572,0.195679,4.7977,4.2558,1,1,188.961,nan
h0503,abierto,B15,57.7477,0.204377,14.5467,80.6674,47.9284,56.4652,BIEN,18.5497,0.908212,9.571,39.6893,0.195459,0.199645,4.3637,2.3156,1,1,230.915,nan
h0503,abierto,B25,57.7477,0.204377,24.5331,81.7683,47.2161,56.7243,BIEN,18.2601,0.906507,10.8584,41.5958,0.196993,0.197374,3.6128,3.4264,1,1,244.93,nan
h0503,abierto,B40,57.7477,0.204377,39.5484,82.0436,47.0589,56.5512,BIEN,18.2347,0.906874,13.4667,42.0725,0.193702,0.197657,5.2235,3.2881,1,1,249.377,nan
h0514,abierto,B5,57.3315,0.19472,4.497,76.7517,49.5818,56.887,CRITICA,19.1932,0.85624,8.5805,33.8736,0.192181,0.204109,1.3041,4.8218,1,1,208.468,nan
h0514,abierto,B10,57.3315,0.19472,9.5372,80.1115,48.0196,57.4467,BIEN,18.3927,0.895712,8.9061,39.7338,0.195074,0.198454,0.1818,1.9175,1,1,258.605,nan
h0514,abierto,B15,57.3315,0.19472,14.5425,81.0031,47.6237,57.3239,BIEN,18.2302,0.904256,9.473,41.2891,0.203834,0.204765,4.6804,5.1586,1,1,252.806,nan
h0514,abierto,B25,57.3315,0.19472,24.5303,81.567,47.2394,57.229,BIEN,18.1356,0.90498,10.8351,42.2727,0.199782,0.192106,2.5999,1.3421,1,1,254.68,nan
h0514,abierto,B40,57.3315,0.19472,39.5508,82.0099,46.9949,57.2052,BIEN,18.0482,0.904771,13.4202,43.0451,0.202433,0.188665,3.9612,3.1093,1,1,233.03,nan
h0583,abierto,B5,64.5145,0.201267,4.495,83.6615,46.0401,61.1668,BIEN,19.4097,0.855969,7.9662,29.6785,0.19742,0.207115,1.9113,2.9059,1,1,213.529,nan
h0583,abierto,B10,64.5145,0.201267,9.5172,87.1213,43.983,61.4391,BIEN,18.6155,0.899466,8.2616,35.0414,0.194702,0.209279,3.2614,3.9811,1,1,252.131,nan
h0583,abierto,B15,64.5145,0.201267,14.5323,88.2587,43.3717,61.4716,BIEN,18.3619,0.905477,8.7464,36.8044,0.195463,0.197669,2.8833,1.7875,1,1,219.303,nan
h0583,abierto,B25,64.5145,0.201267,24.5364,89.0284,42.9156,61.3536,BIEN,18.2194,0.909622,9.9482,37.9974,0.197013,0.199848,2.1132,0.7046,1,1,214.846,nan
h0583,abierto,B40,64.5145,0.201267,39.5198,89.4426,42.6478,61.2689,BIEN,18.1439,0.909301,12.2004,38.6394,0.193491,0.192559,3.8631,4.3263,1,1,209.727,nan
i0008,abierto,B5,131.2395,0.184599,4.4043,128.4054,15.8551,61.5176,BIEN,22.5572,0.851019,5.3077,2.1595,0.171505,nan,7.0929,nan,1,1,250.413,nan
i0008,abierto,B10,131.2395,0.184599,9.4725,119.8107,25.4439,63.5497,BIEN,21.2613,0.891525,6.0974,8.7084,0.172652,nan,6.4714,nan,1,1,249.333,nan
i0008,abierto,B15,131.2395,0.184599,14.4949,119.906,25.539,63.3384,BIEN,21.5146,0.914892,6.4819,8.6358,0.19706,0.190656,6.7503,3.2813,1,1,229.221,nan
i0008,abierto,B25,131.2395,0.184599,24.5384,120.2322,25.6749,63.8688,BIEN,21.2431,0.921213,7.2167,8.3872,0.187044,0.193222,1.3246,4.6715,1,1,225.815,nan
i0008,abierto,B40,131.2395,0.184599,39.5032,120.8313,24.9102,63.7046,BIEN,21.4099,0.926529,8.4926,7.9307,0.181035,0.18314,1.9307,0.7901,1,1,244.194,nan
i0075,abierto,B5,131.3709,0.180086,4.4032,128.3833,14.9916,61.286,BIEN,22.498,0.849896,5.3189,2.2742,0.179845,nan,0.1339,nan,1,1,226.963,nan
i0075,abierto,B10,131.3709,0.180086,9.4957,123.8147,20.7553,61.5797,BIEN,22.7276,0.908234,5.9269,5.7518,0.190811,nan,5.9557,nan,1,1,232.905,nan
i0075,abierto,B15,131.3709,0.180086,14.4803,121.7784,21.5257,62.07,BIEN,22.2871,0.920687,6.4022,7.3018,0.187673,0.196312,4.2131,9.0103,1,1,209.174,nan
i0075,abierto,B25,131.3709,0.180086,24.5247,124.6128,19.752,61.5876,BIEN,22.8722,0.937099,7.0131,5.1443,0.193425,0.183695,7.4073,2.0042,1,1,250.194,nan
i0075,abierto,B40,131.3709,0.180086,39.5237,125.0684,19.3153,61.4339,BIEN,23.0052,0.941654,8.2798,4.7975,0.192652,0.183636,6.9779,1.9714,1,1,177.107,nan
i0078,abierto,B5,134.155,0.185468,4.4146,128.8258,16.8391,64.0687,BIEN,22.3206,0.8453,5.2412,3.9724,0.17405,nan,6.1564,nan,1,1,248.701,nan
i0078,abierto,B10,134.155,0.185468,9.4631,124.3149,22.4844,64.5974,BIEN,22.254,0.901273,5.8337,7.3349,0.188019,nan,1.3756,nan,1,1,238.311,nan
i0078,abierto,B15,134.155,0.185468,14.5029,124.5719,22.465,65.8291,BIEN,21.5763,0.909896,6.121,7.1433,0.197078,0.195613,6.26,5.4704,1,1,243.362,nan
i0078,abierto,B25,134.155,0.185468,24.5079,125.3783,22.2186,65.4945,BIEN,21.8583,0.923787,6.8435,6.5423,0.200174,0.181167,7.9292,2.3189,1,1,227.485,nan
i0078,abierto,B40,134.155,0.185468,39.5283,124.8049,22.3505,65.3977,BIEN,21.8781,0.927312,8.1603,6.9696,0.195297,0.1902,5.2999,2.5516,1,1,238.692,nan
i0216,abierto,B5,139.02,0.178705,4.4118,129.1116,15.139,62.012,BIEN,22.2186,0.844667,5.3036,7.1273,0.18045,nan,0.9761,nan,1,1,232.748,nan
i0216,abierto,B10,139.02,0.178705,9.4776,129.0104,19.4007,63.059,BIEN,21.9186,0.89323,5.6076,7.2001,0.189943,nan,6.2885,nan,1,1,233.258,nan
i0216,abierto,B15,139.02,0.178705,14.4974,131.578,16.4956,62.1531,BIEN,22.7762,0.922098,5.8287,5.3532,0.185334,0.201753,3.709,12.8973,1,1,255.167,nan
i0216,abierto,B25,139.02,0.178705,24.4621,132.1222,16.6353,62.1767,BIEN,22.747,0.932656,6.5141,4.9617,0.185795,0.19281,3.9673,7.8927,1,1,221.931,nan
i0216,abierto,B40,139.02,0.178705,39.5035,130.8315,17.2311,62.4001,BIEN,22.5859,0.935096,7.8133,5.8902,0.188447,0.184371,5.4513,3.1706,1,1,212.68,nan
i0234,abierto,B5,138.2159,0.188528,4.4334,129.3781,15.3816,62.8509,BIEN,22.4707,0.848174,5.2637,6.3942,0.190243,nan,0.9096,nan,1,1,196.279,nan
i0234,abierto,B10,138.2159,0.188528,9.4834,127.382,20.7786,64.8214,BIEN,21.4745,0.886884,5.6454,7.8384,0.199425,nan,5.7801,nan,1,1,222.712,nan
i0234,abierto,B15,138.2159,0.188528,14.4834,129.0223,19.2222,64.3184,BIEN,21.9319,0.914818,5.9084,6.6516,0.189282,0.207971,0.3998,10.3129,1,1,234.346,nan
i0234,abierto,B25,138.2159,0.188528,24.4508,127.9977,19.5269,64.2299,BIEN,21.9822,0.928408,6.7189,7.3929,0.194113,0.194187,2.9624,3.0017,1,1,229.374,nan
i0234,abierto,B40,138.2159,0.188528,39.5177,129.221,19.1465,64.1679,BIEN,22.0767,0.930678,7.8715,6.5079,0.197811,0.194288,4.924,3.0551,1,1,199.804,nan
i0249,abierto,B5,140.9356,0.165617,4.3922,129.6828,15.1565,63.2702,BIEN,22.0553,0.846253,5.2293,7.9843,0.16258,nan,1.8335,nan,1,1,235.655,nan
i0249,abierto,B10,140.9356,0.165617,9.4332,128.7248,20.2798,64.9094,BIEN,21.4503,0.893166,5.5668,8.6641,0.188156,nan,13.6088,nan,1,1,216.915,nan
i0249,abierto,B15,140.9356,0.165617,14.4463,129.244,19.0242,65.1381,BIEN,21.3942,0.911435,5.8668,8.2957,0.178186,0.195886,7.589,18.2766,1,1,221.68,nan
i0249,abierto,B25,140.9356,0.165617,24.4287,131.1465,18.4226,64.5489,BIEN,21.9363,0.928169,6.497,6.9458,0.176645,0.185329,6.659,11.9022,1,1,200.844,nan
i0249,abierto,B40,140.9356,0.165617,39.4643,131.7274,18.1296,64.4471,BIEN,22.0115,0.931704,7.6646,6.5336,0.179778,0.172067,8.5502,3.8942,1,1,248.096,nan
i0284,abierto,B5,135.1494,0.174754,4.4133,128.63,15.172,61.4285,BIEN,22.5685,0.848765,5.3006,4.8239,0.171534,nan,1.8425,nan,1,1,242.377,nan
i0284,abierto,B10,135.1494,0.174754,9.4266,128.5784,19.3231,62.462,BIEN,22.2004,0.894356,5.5926,4.862,0.189081,nan,8.1986,nan,1,1,238.601,nan
i0284,abierto,B15,135.1494,0.174754,14.4773,126.5168,19.228,62.1302,BIEN,22.5209,0.923937,6.0955,6.3875,0.192571,0.191815,10.1959,9.7631,1,1,211.761,nan
i0284,abierto,B25,135.1494,0.174754,24.4964,125.9778,19.7636,62.4262,BIEN,22.2663,0.932599,6.8689,6.7863,0.178434,0.186535,2.1062,6.7418,1,1,209.714,nan
i0284,abierto,B40,135.1494,0.174754,39.4997,126.3511,19.8995,62.5418,BIEN,22.2196,0.934536,8.0983,6.51,0.185168,0.182328,5.9596,4.3345,1,1,221.195,nan
i0303,abierto,B5,129.4504,0.161292,4.3787,127.6022,16.2802,62.5628,BIEN,22.433,0.85045,5.3394,1.4277,0.151684,nan,5.9573,nan,1,1,212.323,nan
i0303,abierto,B10,129.4504,0.161292,9.4458,121.3828,23.9884,63.8684,BIEN,22.1226,0.898995,6.0112,6.2322,0.165883,nan,2.8462,nan,1,1,196.58,nan
i0303,abierto,B15,129.4504,0.161292,14.5268,123.4719,21.2463,62.6621,BIEN,23.1413,0.931767,6.3032,4.6184,0.167303,0.184434,3.7263,14.3479,1,1,185.832,nan
i0303,abierto,B25,129.4504,0.161292,24.4911,122.0404,22.9308,62.8834,BIEN,22.9121,0.939602,7.1689,5.7242,0.159906,0.178228,0.8596,10.4997,1,1,218.045,nan
i0303,abierto,B40,129.4504,0.161292,39.5005,122.5838,22.6358,63.1328,BIEN,22.7957,0.940635,8.4326,5.3045,0.163201,0.162424,1.1835,0.7018,1,1,215.661,nan
i0323,abierto,B5,131.2593,0.171237,4.3811,127.6987,17.6386,64.453,BIEN,22.2621,0.848479,5.294,2.7126,0.163972,nan,4.2428,nan,1,1,207.797,nan
i0323,abierto,B10,131.2593,0.171237,9.4583,119.9838,26.2163,66.4766,BIEN,21.2161,0.884578,6.0219,8.5903,0.163712,nan,4.3946,nan,1,1,237.716,nan
i0323,abierto,B15,131.2593,0.171237,14.4532,121.3703,25.1664,65.4649,BIEN,21.9889,0.91477,6.3533,7.534,0.181898,0.185475,6.2259,8.315,1,1,230.84,nan
i0323,abierto,B25,131.2593,0.171237,24.4555,123.1927,23.8565,65.4356,BIEN,22.2201,0.926968,7.0135,6.1455,0.179446,0.189243,4.7943,10.5155,1,1,224.942,nan
i0323,abierto,B40,131.2593,0.171237,39.5055,122.8303,24.2388,65.6921,BIEN,22.0225,0.927175,8.3204,6.4216,0.174622,0.174218,1.9767,1.7411,1,1,235.195,nan
i0338,abierto,B5,131.6569,0.186224,4.3882,128.6377,14.7664,60.7817,BIEN,22.713,0.855505,5.3364,2.2932,0.181897,nan,2.3235,nan,1,1,234.808,nan
i0338,abierto,B10,131.6569,0.186224,9.481,121.5098,22.4223,62.4361,BIEN,21.8606,0.898287,6.0466,7.7072,0.187894,nan,0.8967,nan,1,1,237.999,nan
i0338,abierto,B15,131.6569,0.186224,14.4694,122.0823,21.0697,61.7047,BIEN,22.4486,0.923578,6.416,7.2724,0.190062,0.196252,2.0608,5.3845,1,1,204.365,nan
i0338,abierto,B25,131.6569,0.186224,24.5132,124.2469,19.9169,61.5993,BIEN,22.7892,0.937218,7.0571,5.6283,0.184921,0.189635,0.6999,1.8315,1,1,221.479,nan
i0338,abierto,B40,131.6569,0.186224,39.5046,123.7805,20.4448,61.8164,BIEN,22.5975,0.938126,8.3727,5.9825,0.195671,0.183582,5.0726,1.4191,1,1,179.26,nan
i0347,abierto,B5,131.2627,0.173278,4.3692,128.2086,13.604,59.2179,BIEN,22.7847,0.856063,5.3938,2.3267,0.169518,nan,2.1699,nan,1,1,239.292,nan
i0347,abierto,B10,131.2627,0.173278,9.4634,119.7485,22.1079,61.4213,BIEN,21.4173,0.891803,6.1748,8.7719,0.189338,nan,9.2683,nan,1,1,224.422,nan
i0347,abierto,B15,131.2627,0.173278,14.4669,120.081,22.3369,60.8114,BIEN,21.889,0.918648,6.5551,8.5186,0.189774,0.193709,9.5198,11.7906,1,1,202.372,nan
i0347,abierto,B25,131.2627,0.173278,24.4652,122.3379,20.7475,60.646,BIEN,22.2838,0.932867,7.1949,6.7992,0.183758,0.183959,6.048,6.1641,1,1,231.685,nan
i0347,abierto,B40,131.2627,0.173278,39.5174,122.0918,20.9144,60.843,BIEN,22.1246,0.933796,8.5167,6.9867,0.180532,0.18174,4.1863,4.8832,1,1,224.457,nan
i0363,abierto,B5,133.4917,0.162346,4.3978,128.7055,16.0162,62.799,BIEN,22.5476,0.848012,5.2953,3.5854,0.16975,nan,4.5611,nan,1,1,242.648,nan
i0363,abierto,B10,133.4917,0.162346,9.4405,121.4438,23.9613,64.4548,BIEN,21.4801,0.893368,5.9989,9.0252,0.168655,nan,3.8862,nan,1,1,213.547,nan
i0363,abierto,B15,133.4917,0.162346,14.509,126.2249,20.2915,63.8814,BIEN,22.3918,0.92217,6.1029,5.4436,0.178252,0.194652,9.7977,19.8999,1,1,229.853,nan
i0363,abierto,B25,133.4917,0.162346,24.4773,126.158,20.7165,63.7353,BIEN,22.4489,0.933157,6.8588,5.4937,0.171712,0.18515,5.7695,14.0466,1,1,250.947,nan
i0363,abierto,B40,133.4917,0.162346,39.4882,125.0171,21.6131,63.9094,BIEN,22.2683,0.934058,8.2053,6.3484,0.178988,0.173422,10.2512,6.8228,1,1,226.024,nan
i0365,abierto,B5,133.3032,0.178351,4.4141,128.9993,16.1191,62.9748,BIEN,22.6394,0.851709,5.2721,3.2287,0.179516,nan,0.6533,nan,1,1,248.398,nan
i0365,abierto,B10,133.3032,0.178351,9.4486,120.7897,24.8229,65.1436,BIEN,21.2749,0.888354,6.0189,9.3873,0.179236,nan,0.4959,nan,1,1,217.675,nan
i0365,abierto,B15,133.3032,0.178351,14.5091,124.6719,21.7955,64.8163,BIEN,21.9306,0.915563,6.1587,6.475,0.18634,0.194848,4.4796,9.2498,1,1,211.9,nan
i0365,abierto,B25,133.3032,0.178351,24.4907,125.6589,21.5083,64.3584,BIEN,22.263,0.929731,6.8726,5.7346,0.177335,0.183992,0.5699,3.163,1,1,241.996,nan
i0365,abierto,B40,133.3032,0.178351,39.5327,124.5603,22.3311,64.5324,BIEN,22.0951,0.930996,8.2196,6.5587,0.174826,0.178224,1.9762,0.0715,1,1,256.148,nan
i0441,abierto,B5,130.3481,0.174861,4.3805,130.7472,15.5563,62.1523,BIEN,22.97,0.862045,5.1989,0.3062,0.181,nan,3.5106,nan,1,1,241.284,nan
i0441,abierto,B10,130.3481,0.174861,9.4398,126.9666,20.111,62.3961,BIEN,23.8349,0.919424,5.7595,2.5942,0.184914,nan,5.7494,nan,1,1,225.866,nan
i0441,abierto,B15,130.3481,0.174861,14.5011,124.1637,20.5477,63.1268,BIEN,23.3056,0.930687,6.269,4.7445,0.185962,0.188312,6.3483,7.6927,1,1,211.77,nan
i0441,abierto,B25,130.3481,0.174861,24.4922,125.5764,20.4564,63.2813,BIEN,23.2651,0.941357,6.939,3.6607,0.194203,0.182614,11.0614,4.4337,1,1,249.035,nan
i0441,abierto,B40,130.3481,0.174861,39.5059,124.1389,21.2812,63.2534,BIEN,23.2334,0.943543,8.3408,4.7636,0.195004,0.178597,11.5192,2.1365,1,1,250.847,nan
i0456,abierto,B5,128.4062,0.160253,4.3664,127.5817,16.5518,60.9697,BIEN,22.2874,0.842322,5.3621,0.6421,0.1647,nan,2.7746,nan,1,1,214.638,nan
i0456,abierto,B10,128.4062,0.160253,9.4447,121.5919,22.8667,62.0668,BIEN,22.2487,0.895027,6.0335,5.3068,0.167784,nan,4.6991,nan,1,1,207.74,nan
i0456,abierto,B15,128.4062,0.160253,14.4967,120.6348,23.4916,62.0591,BIEN,22.2837,0.915669,6.465,6.0522,0.168252,0.178894,4.9912,11.6318,1,1,229.426,nan
i0456,abierto,B25,128.4062,0.160253,24.5343,119.8044,24.1029,62.0669,BIEN,22.246,0.925415,7.3177,6.6989,0.167398,0.172204,4.4585,7.4577,1,1,225.048,nan
i0456,abierto,B40,128.4062,0.160253,39.5137,118.7079,24.6948,62.2649,BIEN,22.0012,0.924879,8.7331,7.5528,0.168519,0.167913,5.158,4.7798,1,1,196.225,nan
i0484,abierto,B5,130.5161,0.177996,4.3736,127.9345,17.0545,62.8336,BIEN,22.3754,0.84419,5.3187,1.978,0.181745,nan,2.1061,nan,1,1,223.779,nan
i0484,abierto,B10,130.5161,0.177996,9.4606,119.9195,25.541,64.8423,BIEN,21.3355,0.884353,6.0609,8.119,0.186871,nan,4.9861,nan,1,1,238.572,nan
i0484,abierto,B15,130.5161,0.177996,14.4987,120.824,24.5357,63.9608,BIEN,22.0262,0.915344,6.4177,7.426,0.184482,0.19637,3.6435,10.3226,1,1,221.833,nan
i0484,abierto,B25,130.5161,0.177996,24.511,121.5817,24.1398,64.3574,BIEN,21.8705,0.921821,7.127,6.8454,0.177631,0.191421,0.2053,7.5421,1,1,247.036,nan
i0484,abierto,B40,130.5161,0.177996,39.529,120.6916,24.7569,64.1173,BIEN,21.9241,0.925775,8.5246,7.5274,0.183232,0.172805,2.9415,2.9166,1,1,200.044,nan
i0502,abierto,B5,129.0486,0.169086,4.351,127.7432,15.0284,59.9397,BIEN,22.473,0.848858,5.3927,1.0116,0.169785,nan,0.4132,nan,1,1,224.06,nan
i0502,abierto,B10,129.0486,0.169086,9.4517,119.8786,23.4353,61.856,BIEN,21.661,0.890647,6.1443,7.1058,0.18941,nan,12.0196,nan,1,1,208.777,nan
i0502,abierto,B15,129.0486,0.169086,14.5118,123.6368,19.3677,59.9265,BIEN,23.3643,0.9323,6.3649,4.1936,0.178589,0.183009,5.6202,8.2343,1,1,232.791,nan
i0502,abierto,B25,129.0486,0.169086,24.5224,121.9127,20.6505,60.2861,BIEN,23.0217,0.939078,7.2494,5.5296,0.175617,0.183716,3.8622,8.6522,1,1,243.938,nan
i0502,abierto,B40,129.0486,0.169086,39.5258,120.5058,22.2632,60.6408,BIEN,22.6315,0.937334,8.6719,6.6198,0.180245,0.173854,6.5998,2.8196,1,1,209.389,nan
i0520,abierto,B5,130.1283,0.157734,4.3586,127.3078,16.09,61.5731,BIEN,22.562,0.84631,5.3746,2.1675,0.167025,nan,5.8906,nan,1,1,232.213,nan
i0520,abierto,B10,130.1283,0.157734,9.4302,121.8455,22.9366,62.4722,BIEN,22.4404,0.902199,6.0142,6.3651,0.181503,nan,15.0694,nan,1,1,213.561,nan
i0520,abierto,B15,130.1283,0.157734,14.5223,121.784,21.8615,62.3205,BIEN,22.6701,0.924203,6.4055,6.4124,0.183533,0.18765,16.356,18.9661,1,1,227.015,nan
i0520,abierto,B25,130.1283,0.157734,24.4852,123.347,21.3259,62.2386,BIEN,22.7978,0.935115,7.0782,5.2112,0.169224,0.17962,7.2846,13.8755,1,1,172.331,nan
i0520,abierto,B40,130.1283,0.157734,39.5107,121.8854,22.4844,62.3413,BIEN,22.6705,0.936589,8.5022,6.3344,0.167736,0.165383,6.3414,4.8496,1,1,208.381,nan
i0524,abierto,B5,130.0517,0.162432,4.3509,127.2717,16.0997,61.3667,BIEN,22.514,0.845819,5.3787,2.1376,0.173518,nan,6.825,nan,1,1,191.435,nan
i0524,abierto,B10,130.0517,0.162432,9.421,122.6221,22.0905,61.9562,BIEN,22.6597,0.904653,5.9864,5.7128,0.162562,nan,0.0803,nan,1,1,203.459,nan
i0524,abierto,B15,130.0517,0.162432,14.5106,121.1631,22.6863,62.2886,BIEN,22.4244,0.92148,6.4389,6.8346,0.165768,0.18257,2.0536,12.3979,1,1,231.75,nan
i0524,abierto,B25,130.0517,0.162432,24.496,121.0402,22.6009,61.9846,BIEN,22.6066,0.934284,7.2487,6.9291,0.17812,0.176572,9.6581,8.7053,1,1,240.645,nan
i0524,abierto,B40,130.0517,0.162432,39.4863,121.8884,22.1623,62.0716,BIEN,22.6425,0.936559,8.5059,6.277,0.166212,0.161637,2.3273,0.4896,1,1,221.523,nan
i0730,abierto,B5,126.2707,0.157908,4.4226,115.6839,29.923,64.7609,BIEN,22.2876,0.850547,5.997,8.3842,0.176021,nan,11.4703,nan,1,1,233.367,nan
i0730,abierto,B10,126.2707,0.157908,9.4386,119.9344,24.8947,64.6043,BIEN,23.3233,0.913035,6.1103,5.018,0.164473,nan,4.1577,nan,1,1,249.147,nan
i0730,abierto,B15,126.2707,0.157908,14.5014,121.0405,23.3558,64.5303,BIEN,23.5434,0.931773,6.4238,4.142,0.167353,0.18284,5.9815,15.7888,1,1,237.699,nan
i0730,abierto,B25,126.2707,0.157908,24.5038,120.6644,23.969,65.0411,BIEN,23.1903,0.937002,7.2153,4.4399,0.172184,0.173563,9.0409,9.9139,1,1,214.929,nan
i0730,abierto,B40,126.2707,0.157908,39.4989,121.3678,23.6779,64.9847,BIEN,23.2291,0.940645,8.5018,3.8828,0.17187,0.169508,8.8415,7.3462,1,1,222.712,nan
i0802,abierto,B5,124.8662,0.198388,4.4496,115.9957,29.8686,65.4889,BIEN,22.5009,0.850798,5.9635,7.1039,0.21875,nan,10.264,nan,1,1,248.93,nan
i0802,abierto,B10,124.8662,0.198388,9.4792,122.6823,23.0492,64.0265,BIEN,24.3224,0.924529,5.9699,1.749,0.206681,nan,4.1802,nan,1,1,240.39,nan
i0802,abierto,B15,124.8662,0.198388,14.5108,124.8655,20.9494,63.5146,BIEN,24.6148,0.944205,6.2311,0.0005,0.203661,0.212349,2.6579,7.0375,1,1,250.916,nan
i0802,abierto,B25,124.8662,0.198388,24.5741,121.4333,23.4451,64.3347,BIEN,24.2429,0.946434,7.2185,2.7493,0.205201,0.209959,3.4343,5.8328,1,1,220.512,nan
i0802,abierto,B40,124.8662,0.198388,39.4922,122.7946,22.6145,64.3526,BIEN,24.1848,0.949966,8.4503,1.659,0.208508,0.193989,5.1013,2.2175,1,1,216.633,nan
i0822,abierto,B5,124.973,0.162208,4.4582,116.1157,28.875,64.772,BIEN,22.6201,0.85206,5.9721,7.0874,0.161148,nan,0.6533,nan,1,1,228.744,nan
i0822,abierto,B10,124.973,0.162208,9.4927,119.9355,24.6269,64.4762,BIEN,23.5248,0.914527,6.1092,4.0309,0.170555,nan,5.1462,nan,1,1,246.956,nan
i0822,abierto,B15,124.973,0.162208,14.5275,118.7703,25.9485,65.3408,BIEN,22.9229,0.922972,6.5248,4.9632,0.167865,0.187191,3.4873,15.4022,1,1,250.125,nan
i0822,abierto,B25,124.973,0.162208,24.6057,118.4115,25.5215,64.8709,BIEN,23.2565,0.936076,7.3845,5.2504,0.162047,0.174977,0.0994,7.8723,1,1,227.583,nan
i0822,abierto,B40,124.973,0.162208,39.4949,119.0978,25.1819,65.104,BIEN,23.1508,0.937593,8.6774,4.7011,0.157393,0.171272,2.9684,5.588,1,1,231.637,nan
i0834,abierto,B5,125.2458,0.207497,4.4133,115.3682,28.0968,62.9127,BIEN,22.4351,0.851706,6.0574,7.8865,0.211206,nan,1.7874,nan,1,1,240.535,nan
i0834,abierto,B10,125.2458,0.207497,9.4707,122.3015,21.2327,61.7278,BIEN,24.2589,0.923278,6.0345,2.3508,0.216332,nan,4.2576,nan,1,1,217.07,nan
i0834,abierto,B15,125.2458,0.207497,14.5369,123.7731,19.8393,61.5342,BIEN,24.4315,0.94147,6.3236,1.1758,0.216444,0.211975,4.3115,2.1578,1,1,233.918,nan
i0834,abierto,B25,125.2458,0.207497,24.4513,123.0586,20.2779,62.0899,BIEN,24.0599,0.947348,7.1264,1.7463,0.223584,0.209378,7.7528,0.9065,1,1,221.666,nan
i0834,abierto,B40,125.2458,0.207497,39.517,122.1353,21.0328,62.0108,BIEN,24.2032,0.949949,8.5453,2.4835,0.224592,0.196916,8.2382,5.0997,1,1,201.142,nan
i0909,abierto,B5,134.4207,0.176641,4.4098,127.7268,15.1255,61.4251,BIEN,23.1111,0.847069,5.366,4.9798,0.182416,nan,3.2697,nan,1,1,237.158,nan
i0909,abierto,B10,134.4207,0.176641,9.4479,125.6541,23.1869,63.3077,BIEN,21.957,0.888111,5.7418,6.5218,0.179967,nan,1.8831,nan,1,1,247.899,nan
i0909,abierto,B15,134.4207,0.176641,14.5123,122.3618,25.0286,63.6951,BIEN,21.6443,0.912177,6.3089,8.9711,0.185146,0.19609,4.8147,11.0108,1,1,250.394,nan
i0909,abierto,B25,134.4207,0.176641,24.5349,123.0068,24.1573,63.4822,BIEN,21.8435,0.923682,7.0502,8.4912,0.188331,0.188448,6.6179,6.6844,1,1,219.631,nan
i0909,abierto,B40,134.4207,0.176641,39.5117,124.0196,23.2355,63.2765,BIEN,22.041,0.927895,8.2748,7.7377,0.183223,0.176741,3.7265,0.0569,1,1,226.076,nan
i0977,abierto,B5,131.6056,0.190217,4.377,127.6998,15.8241,61.8562,BIEN,22.8058,0.850135,5.3633,2.9678,0.188843,nan,0.7224,nan,1,1,225.764,nan
i0977,abierto,B10,131.6056,0.190217,9.5124,119.0647,27.0159,64.3788,BIEN,21.2144,0.887819,6.1396,9.5291,0.20077,nan,5.5479,nan,1,1,227.64,nan
i0977,abierto,B15,131.6056,0.190217,14.4749,117.016,29.9482,65.0636,BIEN,20.6743,0.899729,6.6191,11.0859,0.204943,0.194195,7.7421,2.0914,1,1,212.188,nan
i0977,abierto,B25,131.6056,0.190217,24.5363,119.1027,27.3691,64.722,BIEN,21.1123,0.914467,7.2917,9.5003,0.204221,0.199136,7.3624,4.6889,1,1,238.226,nan
i0977,abierto,B40,131.6056,0.190217,39.4758,119.4747,27.0314,64.5754,BIEN,21.2326,0.918882,8.5942,9.2176,0.205855,0.193062,8.2215,1.4956,1,1,218.231,nan
i1031,abierto,B5,133.1476,0.176096,4.359,128.7543,11.3392,54.9645,BIEN,23.3292,0.862599,5.4739,3.2996,0.161286,nan,8.4101,nan,1,1,247.207,nan
i1031,abierto,B10,133.1476,0.176096,9.4781,121.2774,18.5313,56.8605,BIEN,21.9945,0.900232,6.2421,8.9151,0.178465,nan,1.3456,nan,1,1,218.207,nan
i1031,abierto,B15,133.1476,0.176096,14.4839,128.9657,13.5555,55.0111,BIEN,24.1357,0.935928,6.1772,3.1408,0.183177,0.193569,4.0212,9.9224,1,1,210.895,nan
i1031,abierto,B25,133.1476,0.176096,24.4555,128.3111,14.5685,55.2517,BIEN,23.9421,0.945714,6.9697,3.6325,0.180885,0.189386,2.7199,7.5471,1,1,240.79,nan
i1031,abierto,B40,133.1476,0.176096,39.5447,126.6037,15.4146,55.6536,BIEN,23.5635,0.946437,8.3674,4.9148,0.182183,0.180893,3.4568,2.7245,1,1,235.41,nan
j0071,abierto,B5,138.3835,0.146983,4.4356,137.1159,9.0706,46.0779,BIEN,24.4207,0.85415,5.0642,0.916,0.154294,nan,4.9738,nan,1,1,217.495,nan
j0071,abierto,B10,138.3835,0.146983,9.4544,142.2538,8.2594,46.2393,BIEN,24.3603,0.923206,5.0731,2.7968,0.145194,0.173438,1.2172,17.9985,1,1,250.507,nan
j0071,abierto,B15,138.3835,0.146983,14.4972,144.032,7.8946,46.2087,BIEN,24.046,0.944585,5.2901,4.0818,0.148376,0.154033,0.9476,4.7959,1,1,233.47,nan
j0071,abierto,B25,138.3835,0.146983,24.505,142.1391,8.0401,45.7758,BIEN,24.8382,0.956465,6.1014,2.7139,0.152118,0.147842,3.4931,0.5839,1,1,246.045,nan
j0071,abierto,B40,138.3835,0.146983,39.5031,143.9479,7.7354,46.0347,BIEN,24.2214,0.957154,7.0991,4.021,0.150026,0.145313,2.07,1.1363,1,1,206.122,nan
j0077,abierto,B5,140.0625,0.175935,4.4326,137.657,8.8397,47.0137,BIEN,24.9965,0.856408,5.0201,1.7174,0.182114,nan,3.5116,nan,1,1,233.645,nan
j0077,abierto,B10,140.0625,0.175935,9.4131,142.7023,7.8014,47.015,BIEN,25.1787,0.925734,5.0474,1.8847,0.172751,0.183972,1.8099,4.5678,1,1,236.183,nan
j0077,abierto,B15,140.0625,0.175935,14.4856,144.9824,7.3434,46.9653,BIEN,24.7329,0.944125,5.2366,3.5127,0.183972,0.183037,4.5679,4.0364,1,1,223.229,nan
j0077,abierto,B25,140.0625,0.175935,24.502,146.471,7.0504,46.9919,BIEN,24.3093,0.950987,5.815,4.5755,0.178483,0.183292,1.448,4.1814,1,1,230.054,nan
j0077,abierto,B40,140.0625,0.175935,39.4583,146.7523,7.0291,47.1416,BIEN,24.1205,0.952164,6.8911,4.7763,0.174857,0.182336,0.6132,3.6378,1,1,232.164,nan
j0114,abierto,B5,139.4847,0.168142,4.4442,138.6852,8.4923,45.3447,BIEN,24.9742,0.860469,4.9881,0.5732,0.174958,nan,4.0541,nan,1,1,223.274,nan
j0114,abierto,B10,139.4847,0.168142,9.4418,142.0813,8.1022,45.9715,BIEN,24.7768,0.924565,5.083,1.8615,0.180263,0.177411,7.2087,5.5125,1,1,254.907,nan
j0114,abierto,B15,139.4847,0.168142,14.4899,144.5929,7.6054,45.9834,BIEN,24.3489,0.945484,5.2562,3.6621,0.180021,0.17473,7.0649,3.9184,1,1,173.964,nan
j0114,abierto,B25,139.4847,0.168142,24.5085,145.4904,7.5259,46.2305,BIEN,23.9655,0.95302,5.8657,4.3056,0.17095,0.168506,1.6701,0.2164,1,1,201.321,nan
j0114,abierto,B40,139.4847,0.168142,39.4897,144.1794,7.6869,46.0059,BIEN,24.453,0.956725,7.0764,3.3657,0.175247,0.177299,4.2256,5.4459,1,1,237.857,nan
j0128,abierto,B5,136.2113,0.172362,4.4744,143.9649,8.3584,47.6829,BIEN,24.2648,0.862663,4.6409,5.6923,0.164005,nan,4.8484,nan,1,1,220.716,nan
j0128,abierto,B10,136.2113,0.172362,9.4529,146.5867,7.4521,48.4218,BIEN,23.261,0.925799,4.7824,7.6172,0.174343,0.175123,1.1496,1.6023,1,1,223.264,nan
j0128,abierto,B15,136.2113,0.172362,14.478,142.8662,8.0401,47.8708,BIEN,25.0374,0.949038,5.3316,4.8857,0.171286,0.170426,0.624,1.123,1,1,247.85,nan
j0128,abierto,B25,136.2113,0.172362,24.4907,145.3159,7.7277,48.4343,BIEN,23.7364,0.951466,5.8434,6.6842,0.170718,0.162666,0.9533,5.6254,1,1,150.04,nan
j0128,abierto,B40,136.2113,0.172362,39.5133,145.2363,7.7374,48.3823,BIEN,23.8062,0.953572,6.9719,6.6257,0.170309,0.175869,1.191,2.035,1,1,175.334,nan
j0133,abierto,B5,139.491,0.147965,4.4394,138.4869,8.0071,45.0747,BIEN,25.0787,0.859061,5.0118,0.7199,0.146617,nan,0.9107,nan,1,1,249.489,nan
j0133,abierto,B10,139.491,0.147965,9.4417,142.7503,7.359,45.3485,BIEN,24.9747,0.926594,5.0691,2.3365,0.144072,0.154399,2.6309,4.3487,1,1,226.624,nan
j0133,abierto,B15,139.491,0.147965,14.4959,143.4231,7.4405,45.8705,BIEN,24.4989,0.944246,5.3364,2.8188,0.144481,0.154166,2.3546,4.1912,1,1,246.051,nan
j0133,abierto,B25,139.491,0.147965,24.5056,145.6239,6.9786,45.6657,BIEN,24.1489,0.953476,5.8811,4.3966,0.138641,0.150628,6.301,1.8004,1,1,245.417,nan
j0133,abierto,B40,139.491,0.147965,39.488,143.2163,7.4676,45.7998,BIEN,24.6116,0.955952,7.1577,2.6706,0.144964,0.151555,2.0276,2.4265,1,1,196.34,nan
j0178,abierto,B5,127.1424,0.173479,4.4671,129.9274,10.693,42.3845,BIEN,26.5071,0.880093,5.5167,2.1905,0.169976,nan,2.0194,nan,1,1,185.874,nan
j0178,abierto,B10,127.1424,0.173479,9.4809,131.4512,10.6057,43.2388,BIEN,25.8019,0.940324,5.7332,3.3889,0.172589,0.178332,0.5131,2.7974,1,1,256.023,nan
j0178,abierto,B15,127.1424,0.173479,14.4623,132.2735,10.3476,43.561,BIEN,25.3834,0.955912,6.0217,4.0357,0.175829,0.17218,1.3547,0.7488,1,1,245.64,nan
j0178,abierto,B25,127.1424,0.173479,24.4974,133.2003,10.1613,43.7674,BIEN,24.9883,0.962511,6.699,4.7646,0.171094,0.17039,1.3747,1.7807,1,1,239.705,nan
j0178,abierto,B40,127.1424,0.173479,39.5086,133.0926,10.301,44.0091,BIEN,24.8092,0.96309,7.9369,4.68,0.164161,0.173588,5.3713,0.0627,1,1,212.296,nan
j0218,abierto,B5,127.5553,0.188667,4.4442,139.2679,9.5267,46.666,BIEN,21.6044,0.85533,4.8723,9.1824,0.174574,nan,7.4694,nan,1,1,220.634,nan
j0218,abierto,B10,127.5553,0.188667,9.4585,135.9843,9.7848,45.7379,BIEN,23.1845,0.929206,5.4046,6.6081,0.175677,0.173333,6.8851,8.1272,1,1,253.46,nan
j0218,abierto,B15,127.5553,0.188667,14.44,134.2122,10.2467,45.5296,BIEN,23.8066,0.947437,5.8564,5.2188,0.178374,0.170961,5.4557,9.3844,1,1,218.536,nan
j0218,abierto,B25,127.5553,0.188667,24.4859,133.801,10.3088,45.2418,BIEN,24.1514,0.956214,6.6276,4.8964,0.183802,0.16841,2.5786,10.737,1,1,256.825,nan
j0218,abierto,B40,127.5553,0.188667,39.4968,133.2587,10.4019,45.1397,BIEN,24.3893,0.958473,7.9074,4.4713,0.181383,0.175032,3.8605,7.2269,1,1,206.706,nan
j0466,abierto,B5,130.6139,0.17338,4.4788,143.538,9.1541,48.0531,BIEN,21.9573,0.860102,4.6158,9.8949,0.188087,nan,8.4827,nan,1,1,247.145,nan
j0466,abierto,B10,130.6139,0.17338,9.4705,138.1348,9.9323,47.8483,BIEN,24.1183,0.93187,5.2473,5.7581,0.17069,0.172135,1.5516,0.7181,1,1,244.792,nan
j0466,abierto,B15,130.6139,0.17338,14.4765,136.7444,10.1807,47.5215,BIEN,24.8465,0.949992,5.6799,4.6936,0.179844,0.173683,3.7283,0.1747,1,1,235.228,nan
j0466,abierto,B25,130.6139,0.17338,24.4896,138.0059,9.9323,48.0665,BIEN,24.0715,0.953531,6.294,5.6594,0.173354,0.179038,0.0147,3.2634,1,1,242.277,nan
j0466,abierto,B40,130.6139,0.17338,39.5001,136.0036,10.5281,47.8926,BIEN,24.8034,0.956549,7.6413,4.1264,0.174674,0.177976,0.7467,2.651,1,1,179.598,nan
j0475,abierto,B5,130.0301,0.18817,4.4546,142.8398,9.4665,47.587,BIEN,21.964,0.857343,4.6641,9.8513,0.195425,nan,3.8555,nan,1,1,202.38,nan
j0475,abierto,B10,130.0301,0.18817,9.4315,138.2533,9.9303,47.0238,BIEN,24.0613,0.933213,5.2615,6.324,0.191074,0.191774,1.5429,1.9154,1,1,231.567,nan
j0475,abierto,B15,130.0301,0.18817,14.4596,136.5455,10.4291,47.0224,BIEN,24.6256,0.950041,5.7004,5.0107,0.195433,0.18696,3.8595,0.643,1,1,238.612,nan
j0475,abierto,B25,130.0301,0.18817,24.476,136.781,9.9439,46.505,BIEN,24.9559,0.958664,6.4253,5.1918,0.192966,0.192355,2.5485,2.2237,1,1,223.479,nan
j0475,abierto,B40,130.0301,0.18817,39.4735,137.5234,9.8566,46.8586,BIEN,24.4426,0.958325,7.5585,5.7627,0.19418,0.189105,3.1939,0.4968,1,1,206.139,nan
j0498,abierto,B5,130.5806,0.175506,4.4707,144.9038,8.3254,47.7284,BIEN,21.6675,0.860863,4.5598,10.9688,0.177496,nan,1.1335,nan,1,1,229.653,nan
j0498,abierto,B10,130.5806,0.175506,9.4677,139.5426,9.3326,47.4424,BIEN,23.9484,0.933219,5.19,6.8631,0.179715,0.179724,2.3982,2.4032,1,1,233.438,nan
j0498,abierto,B15,130.5806,0.175506,14.4746,137.1787,9.9226,47.4354,BIEN,24.8144,0.950086,5.667,5.0528,0.169001,0.176198,3.7068,0.3943,1,1,242.783,nan
j0498,abierto,B25,130.5806,0.175506,24.4804,138.4401,9.6858,47.9206,BIEN,24.0586,0.953865,6.2818,6.0189,0.176488,0.17469,0.559,0.4653,1,1,236.72,nan
j0498,abierto,B40,130.5806,0.175506,39.5066,136.923,10.1225,47.6543,BIEN,24.7662,0.957537,7.5965,4.8571,0.169988,0.172676,3.1444,1.6126,1,1,242.642,nan
j0531,abierto,B5,130.5303,0.184923,4.4777,143.5797,9.0357,47.8493,BIEN,21.915,0.858599,4.6214,9.9972,0.185623,nan,0.3783,nan,1,1,160.123,nan
j0531,abierto,B10,130.5303,0.184923,9.4678,138.1076,9.9051,47.6163,BIEN,24.1311,0.931945,5.2585,5.805,0.178505,0.178041,3.4709,3.7217,1,1,237.948,nan
j0531,abierto,B15,130.5303,0.184923,14.4798,137.1712,9.8915,47.1631,BIEN,24.8001,0.950925,5.6656,5.0876,0.182524,0.184321,1.2975,0.3258,1,1,226.793,nan
j0531,abierto,B25,130.5303,0.184923,24.4897,138.9362,9.4976,47.5177,BIEN,23.9685,0.955219,6.2526,6.4398,0.182527,0.179127,1.2958,3.1347,1,1,230.028,nan
j0531,abierto,B40,130.5303,0.184923,39.4987,137.4747,9.8178,47.2075,BIEN,24.6918,0.958675,7.5591,5.3201,0.178501,0.176327,3.4731,4.6488,1,1,199.422,nan
j0551,abierto,B5,130.8086,0.192067,4.4747,141.9663,9.8061,48.6674,BIEN,22.2776,0.8587,4.6886,8.5298,0.176286,nan,8.2166,nan,1,1,242.654,nan
j0551,abierto,B10,130.8086,0.192067,9.4634,138.0053,10.0545,47.8576,BIEN,24.3998,0.932792,5.2642,5.5017,0.174514,0.179672,9.1393,6.4537,1,1,228.577,nan
j0551,abierto,B15,130.8086,0.192067,14.4838,135.7455,10.6949,48.0136,BIEN,24.9958,0.948841,5.733,3.7742,0.178099,0.175384,7.2725,8.6862,1,1,246.67,nan
j0551,abierto,B25,130.8086,0.192067,24.4901,137.6157,10.2564,48.3085,BIEN,24.2341,0.953385,6.3202,5.2039,0.180817,0.180627,5.8577,5.9565,1,1,232.721,nan
j0551,abierto,B40,130.8086,0.192067,39.5049,137.5517,10.3185,48.4326,BIEN,24.1582,0.954573,7.5107,5.1549,0.179672,0.181049,6.4534,5.7365,1,1,173.34,nan
j0576,abierto,B5,129.4136,0.172484,4.4713,147.4512,7.0601,46.8191,BIEN,20.7986,0.859921,4.433,13.938,0.177037,nan,2.6397,nan,1,1,241.092,nan
j0576,abierto,B10,129.4136,0.172484,9.4555,140.7614,8.5758,47.0846,BIEN,23.3081,0.933648,5.1161,8.7686,0.168127,0.171088,2.5262,0.8094,1,1,210.899,nan
j0576,abierto,B15,129.4136,0.172484,14.4664,138.5783,9.5034,47.2823,BIEN,24.0192,0.950681,5.5717,7.0818,0.173321,0.17086,0.485,0.9416,1,1,237.727,nan
j0576,abierto,B25,129.4136,0.172484,24.4899,137.6177,9.6276,47.1355,BIEN,24.4779,0.958145,6.3514,6.3395,0.176391,0.170936,2.2648,0.8979,1,1,180.339,nan
j0576,abierto,B40,129.4136,0.172484,39.4944,138.7821,9.4102,47.3461,BIEN,23.9133,0.958125,7.453,7.2392,0.174428,0.173158,1.1268,0.3906,1,1,211.837,nan
j0647,abierto,B5,129.4053,0.178718,4.4578,143.2318,9.0163,47.6489,BIEN,21.7308,0.859094,4.6463,10.6846,0.17539,nan,1.8625,nan,1,1,236.022,nan
j0647,abierto,B10,129.4053,0.178718,9.4549,137.9379,9.9633,47.4798,BIEN,23.8626,0.931046,5.2752,6.5936,0.17138,0.175961,4.1058,1.5429,1,1,250.15,nan
j0647,abierto,B15,129.4053,0.178718,14.4691,136.2044,10.5436,47.5412,BIEN,24.4113,0.948304,5.7149,5.2541,0.173554,0.172902,2.8897,3.2546,1,1,234.082,nan
j0647,abierto,B25,129.4053,0.178718,24.4957,135.4006,10.5979,47.3472,BIEN,24.8246,0.956107,6.4983,4.633,0.174633,0.175937,2.2855,1.5562,1,1,217.009,nan
j0647,abierto,B40,129.4053,0.178718,39.5097,136.3395,10.4427,47.6617,BIEN,24.3015,0.955734,7.631,5.3585,0.173914,0.17099,2.6878,4.324,1,1,240.854,nan
j0656,abierto,B5,130.709,0.185198,4.4754,140.6762,10.3126,49.2902,BIEN,22.3709,0.854961,4.744,7.6255,0.185692,nan,0.2667,nan,1,1,258.084,nan
j0656,abierto,B10,130.709,0.185198,9.4703,137.2815,10.3476,48.3683,BIEN,24.3053,0.93,5.2949,5.0283,0.185646,0.183068,0.2416,1.15,1,1,230.755,nan
j0656,abierto,B15,130.709,0.185198,14.4793,136.1691,10.3806,48.0234,BIEN,24.9462,0.948305,5.7127,4.1773,0.179178,0.179998,3.2506,2.8077,1,1,208.438,nan
j0656,abierto,B25,130.709,0.185198,24.4927,137.2559,10.1884,48.5651,BIEN,24.2063,0.951653,6.3395,5.0088,0.17433,0.182214,5.8683,1.6111,1,1,185.271,nan
j0656,abierto,B40,130.709,0.185198,39.5085,135.4922,10.6523,48.3729,BIEN,24.8784,0.954864,7.6787,3.6594,0.179963,0.179882,2.8267,2.8704,1,1,243.534,nan
j0664,abierto,B5,129.3913,0.177044,4.468,142.9153,9.4413,48.5953,BIEN,21.7424,0.855118,4.6436,10.452,0.161928,nan,8.5379,nan,1,1,250.069,nan
j0664,abierto,B10,129.3913,0.177044,9.4508,137.6681,10.0914,48.3538,BIEN,23.8851,0.928989,5.2707,6.3967,0.183275,0.176182,3.5197,0.4867,1,1,187.586,nan
j0664,abierto,B15,129.3913,0.177044,14.4612,135.9135,10.6949,48.4231,BIEN,24.4397,0.945604,5.7118,5.0407,0.170871,0.172729,3.4866,2.4368,1,1,236.798,nan
j0664,abierto,B25,129.3913,0.177044,24.4975,135.1783,10.7163,48.2307,BIEN,24.8392,0.953179,6.4918,4.4725,0.171846,0.17559,2.9357,0.8212,1,1,220.902,nan
j0664,abierto,B40,129.3913,0.177044,39.5041,135.9055,10.6561,48.5805,BIEN,24.3437,0.952626,7.6407,5.0344,0.172917,0.176618,2.331,0.2402,1,1,244.936,nan
j0680,abierto,B5,129.2441,0.167715,4.4695,139.2779,10.6833,48.4072,BIEN,22.0301,0.853093,4.82,7.7635,0.17451,nan,4.0515,nan,1,1,198.985,nan
j0680,abierto,B10,129.2441,0.167715,9.4562,135.9261,10.8269,47.4306,BIEN,23.8006,0.929491,5.3689,5.1701,0.178448,0.168558,6.4,0.5028,1,1,230.532,nan
j0680,abierto,B15,129.2441,0.167715,14.4653,135.3814,10.79,46.9745,BIEN,24.344,0.948976,5.7585,4.7486,0.168064,0.177309,0.2085,5.7203,1,1,257.938,nan
j0680,abierto,B25,129.2441,0.167715,24.494,134.6639,10.8774,46.7326,BIEN,24.7561,0.957546,6.5411,4.1935,0.172631,0.174764,2.931,4.2031,1,1,244.397,nan
j0680,abierto,B40,129.2441,0.167715,39.498,135.359,10.8754,47.1257,BIEN,24.2661,0.957232,7.6918,4.7313,0.169131,0.164629,0.8447,1.8396,1,1,226.352,nan
j0682,abierto,B5,129.9006,0.182076,4.4788,143.9601,8.7485,47.7509,BIEN,21.6772,0.857614,4.612,10.8233,0.1784,nan,2.0188,nan,1,1,240.958,nan
j0682,abierto,B10,129.9006,0.182076,9.486,138.501,9.5441,47.5624,BIEN,23.8529,0.930259,5.2457,6.6207,0.172188,0.172693,5.431,5.1536,1,1,249.532,nan
j0682,abierto,B15,129.9006,0.182076,14.4779,137.2982,9.6858,47.2547,BIEN,24.5092,0.948888,5.6631,5.6948,0.173131,0.179965,4.913,1.1595,1,1,235.101,nan
j0682,abierto,B25,129.9006,0.182076,24.4885,136.2272,9.8449,47.0857,BIEN,25.0028,0.956431,6.4577,4.8703,0.17707,0.177584,2.7495,2.4672,1,1,227.816,nan
j0682,abierto,B40,129.9006,0.182076,39.5106,137.4949,9.6451,47.3104,BIEN,24.4109,0.956599,7.563,5.8462,0.179595,0.172308,1.3625,5.3648,1,1,206.245,nan
k0064,abierto,B5,124.2506,0.268351,4.3986,118.2685,14.8615,36.7703,BIEN,25.1593,0.865134,6.6942,4.8145,0.273988,nan,2.1007,nan,1,1,222.222,nan
k0064,abierto,B10,124.2506,0.268351,9.3988,121.8895,10.3883,36.8175,BIEN,26.7618,0.925491,6.8265,1.9003,0.270067,0.260807,0.6395,2.8112,1,1,162.419,nan
k0064,abierto,B15,124.2506,0.268351,14.4673,123.3266,10.8366,37.0825,BIEN,26.8929,0.944106,7.1011,0.7437,0.269907,0.255955,0.5799,4.6196,1,1,258.184,nan
k0064,abierto,B25,124.2506,0.268351,24.397,122.4568,10.9259,36.9461,BIEN,26.9685,0.954622,7.9826,1.4436,0.275425,0.259397,2.636,3.3367,1,1,204.478,nan
k0064,abierto,B40,124.2506,0.268351,39.4904,122.754,10.792,36.8887,BIEN,27.0429,0.957217,9.359,1.2044,0.276248,0.266366,2.9426,0.7397,1,1,204.692,nan
k0066,abierto,B5,123.5542,0.259527,4.3973,118.1103,14.8344,37.0644,BIEN,25.2358,0.86459,6.689,4.4061,0.270051,nan,4.0549,nan,1,1,237.175,nan
k0066,abierto,B10,123.5542,0.259527,9.387,123.2716,9.3171,36.8161,BIEN,27.1046,0.928659,6.7227,0.2288,0.273419,0.260034,5.353,0.1955,1,1,204.415,nan
k0066,abierto,B15,123.5542,0.259527,14.4565,126.2375,8.8203,36.6845,BIEN,27.2159,0.948343,6.894,2.1718,0.268181,0.255084,3.3343,1.712,1,1,242.536,nan
k0066,abierto,B25,123.5542,0.259527,24.439,125.5092,8.7989,36.5384,BIEN,27.4864,0.958014,7.7512,1.5823,0.281445,0.261806,8.4453,0.878,1,1,232.813,nan
k0066,abierto,B40,123.5542,0.259527,39.495,125.394,8.9387,36.6265,BIEN,27.4408,0.960134,9.1206,1.4891,0.277292,0.263834,6.8452,1.6597,1,1,205.88,nan
k0091,abierto,B5,123.0141,0.250777,4.389,117.7064,15.5252,37.0457,BIEN,25.1481,0.863951,6.7102,4.3147,0.261207,nan,4.1589,nan,1,1,200.048,nan
k0091,abierto,B10,123.0141,0.250777,9.388,118.3029,14.3182,37.84,BIEN,25.4302,0.918021,7.0396,3.8298,0.264215,0.251827,5.3584,0.4186,1,1,204.061,nan
k0091,abierto,B15,123.0141,0.250777,14.4536,119.7865,12.2979,37.0941,BIEN,26.4801,0.944457,7.347,2.6237,0.26023,0.25074,3.7692,0.0149,1,1,251.503,nan
k0091,abierto,B25,123.0141,0.250777,24.4405,119.8719,12.3232,37.3056,BIEN,26.3295,0.95272,8.1745,2.5544,0.264846,0.246001,5.61,1.9047,1,1,249.557,nan
k0091,abierto,B40,123.0141,0.250777,39.4939,119.4269,12.9034,37.4174,BIEN,26.1574,0.953764,9.6419,2.916,0.264847,0.254167,5.6105,1.3516,1,1,218.536,nan
k0106,abierto,B5,123.0286,0.278243,4.387,117.6839,15.3254,36.7191,BIEN,25.1157,0.865506,6.712,4.3443,0.269067,nan,3.2979,nan,1,1,224.311,nan
k0106,abierto,B10,123.0286,0.278243,9.3861,119.996,12.3523,37.1574,BIEN,26.052,0.922337,6.93,2.4649,0.278502,0.264465,0.0929,4.9518,1,1,197.184,nan
k0106,abierto,B15,123.0286,0.278243,14.4517,119.6829,12.001,36.4495,BIEN,26.6829,0.946612,7.3636,2.7194,0.27982,0.251443,0.5665,9.6321,1,1,204.641,nan
k0106,abierto,B25,123.0286,0.278243,24.4426,120.5284,11.8846,36.7478,BIEN,26.6363,0.955232,8.1299,2.0322,0.273657,0.256742,1.6485,7.7276,1,1,218.117,nan
k0106,abierto,B40,123.0286,0.278243,39.4926,120.0491,12.3775,36.972,BIEN,26.3704,0.955759,9.5896,2.4218,0.282009,0.263359,1.3533,5.3494,1,1,208.138,nan
k0107,abierto,B5,123.7871,0.232582,4.4012,118.1277,15.4534,36.6257,BIEN,25.0617,0.86324,6.7024,4.5719,0.240472,nan,3.392,nan,1,1,210.939,nan
k0107,abierto,B10,123.7871,0.232582,9.4005,121.0186,11.7992,36.7197,BIEN,26.4099,0.924573,6.8827,2.2365,0.246369,0.250411,5.9275,7.6654,1,1,179.269,nan
k0107,abierto,B15,123.7871,0.232582,14.4543,120.9325,12.0767,37.1055,BIEN,26.207,0.941799,7.2688,2.3061,0.240618,0.241284,3.4549,3.7414,1,1,177.029,nan
k0107,abierto,B25,123.7871,0.232582,24.47,119.4128,13.3963,37.2635,BIEN,25.8042,0.949365,8.2224,3.5337,0.241816,0.241935,3.9703,4.0214,1,1,229.51,nan
k0107,abierto,B40,123.7871,0.232582,39.4995,119.5494,12.9694,37.1384,BIEN,25.929,0.952757,9.6479,3.4234,0.246209,0.244421,5.859,5.0901,1,1,230.113,nan
k0138,abierto,B5,123.7632,0.287397,4.3956,118.0729,15.4107,36.8923,BIEN,25.0522,0.86362,6.6873,4.5978,0.285682,nan,0.5966,nan,1,1,221.956,nan
k0138,abierto,B10,123.7632,0.287397,9.3954,117.6207,14.8499,37.7799,BIEN,25.0327,0.915471,7.0925,4.9631,0.28411,0.262673,1.1436,8.6026,1,1,236.647,nan
k0138,abierto,B15,123.7632,0.287397,14.4526,120.8414,12.0088,37.385,BIEN,26.1758,0.940762,7.2579,2.3608,0.290229,0.270485,0.9855,5.8842,1,1,202.528,nan
k0138,abierto,B25,123.7632,0.287397,24.4643,119.1606,13.4759,37.6726,BIEN,25.6505,0.947842,8.2215,3.7189,0.285212,0.279688,0.7602,2.6822,1,1,199.358,nan
k0138,abierto,B40,123.7632,0.287397,39.4938,119.5087,12.9151,37.3813,BIEN,25.9601,0.952649,9.6332,3.4376,0.287016,0.272204,0.1324,5.2863,1,1,217.33,nan
k0193,abierto,B5,122.8918,0.218824,4.3972,118.0018,16.3326,37.8662,BIEN,25.1023,0.863346,6.6655,3.9791,0.240706,nan,10.0,nan,1,1,220.129,nan
k0193,abierto,B10,122.8918,0.218824,9.3937,120.8681,11.9447,38.057,BIEN,26.2018,0.923696,6.8498,1.6467,0.231745,0.245886,5.9051,12.367,1,1,136.439,nan
k0193,abierto,B15,122.8918,0.218824,14.4498,118.0259,13.8407,37.6539,BIEN,26.1211,0.946677,7.4595,3.9595,0.234913,0.23283,7.3527,6.4006,1,1,240.923,nan
k0193,abierto,B25,122.8918,0.218824,24.4527,119.7281,12.7482,37.9414,BIEN,26.2856,0.955366,8.167,2.5744,0.235875,0.230357,7.7923,5.2706,1,1,240.108,nan
k0193,abierto,B40,122.8918,0.218824,39.4912,118.7842,13.7379,38.1785,BIEN,25.9155,0.955876,9.6768,3.3425,0.236381,0.228936,8.0234,4.6212,1,1,258.398,nan
k0204,abierto,B5,123.1659,0.271748,4.3981,117.9193,15.0265,37.4807,BIEN,25.1943,0.866016,6.6855,4.2598,0.273009,nan,0.4639,nan,1,1,244.021,nan
k0204,abierto,B10,123.1659,0.271748,9.382,123.2175,9.1909,37.1215,BIEN,27.1455,0.9284,6.712,0.0419,0.272383,0.262479,0.2335,3.4111,1,1,239.137,nan
k0204,abierto,B15,123.1659,0.271748,14.4575,121.9924,10.8444,36.9537,BIEN,27.4948,0.94865,7.1883,0.9528,0.276262,0.258006,1.6611,5.0571,1,1,220.342,nan
k0204,abierto,B25,123.1659,0.271748,24.4373,122.8057,10.3029,37.2436,BIEN,27.2754,0.956444,7.9389,0.2925,0.281024,0.263837,3.4135,2.9114,1,1,206.971,nan
k0204,abierto,B40,123.1659,0.271748,39.4767,122.3036,10.8289,37.3904,BIEN,27.1142,0.957404,9.3736,0.7001,0.279972,0.255933,3.0264,5.8198,1,1,234.187,nan
k0208,abierto,B5,123.0598,0.273248,4.4077,117.8843,14.5471,37.4635,BIEN,25.2519,0.864352,6.6933,4.2056,0.282923,nan,3.5408,nan,1,1,233.35,nan
k0208,abierto,B10,123.0598,0.273248,9.4018,121.5587,10.2816,37.6349,BIEN,26.597,0.923381,6.8217,1.2198,0.283063,0.257499,3.5921,5.7634,1,1,237.473,nan
k0208,abierto,B15,123.0598,0.273248,14.4471,119.7183,11.9001,37.5019,BIEN,26.6106,0.943517,7.3504,2.7153,0.283545,0.255954,3.7683,6.329,1,1,249.414,nan
k0208,abierto,B25,123.0598,0.273248,24.4566,122.0719,10.7784,37.551,BIEN,26.9301,0.954411,7.9997,0.8027,0.280722,0.257247,2.7354,5.8557,1,1,234.747,nan
k0208,abierto,B40,123.0598,0.273248,39.5,121.2856,11.3878,37.7176,BIEN,26.717,0.955108,9.4699,1.4417,0.275725,0.266158,0.9064,2.5946,1,1,234.34,nan
k0256,abierto,B5,121.78,0.277949,4.3922,117.9472,14.9256,37.3455,BIEN,25.4262,0.865313,6.6754,3.1473,0.264826,nan,4.7212,nan,1,1,191.843,nan
k0256,abierto,B10,121.78,0.277949,9.3973,123.3542,9.2919,37.0211,BIEN,26.8809,0.927415,6.6981,1.2926,0.277066,0.263222,0.3174,5.2983,1,1,159.714,nan
k0256,abierto,B15,121.78,0.277949,14.4473,120.4436,11.3179,36.5213,BIEN,27.5224,0.949899,7.3042,1.0974,0.27308,0.266177,1.7515,4.2352,1,1,233.689,nan
k0256,abierto,B25,121.78,0.277949,24.4423,121.5493,10.5145,36.5097,BIEN,27.625,0.95867,8.05,0.1895,0.275755,0.261523,0.7893,5.9096,1,1,225.225,nan
k0256,abierto,B40,121.78,0.277949,39.4996,121.7566,10.7765,36.5669,BIEN,27.6029,0.960654,9.4454,0.0192,0.275413,0.256019,0.9124,7.8898,1,1,233.781,nan
k0312,abierto,B5,122.9681,0.265,4.4399,118.2708,12.9539,40.6028,BIEN,25.1195,0.86888,6.6049,3.8199,0.272795,nan,2.9418,nan,1,1,222.217,nan
k0312,abierto,B10,122.9681,0.265,9.3853,122.853,9.4238,40.5112,BIEN,26.5678,0.925562,6.668,0.0936,0.276971,0.262171,4.5177,1.0673,1,1,206.509,nan
k0312,abierto,B15,122.9681,0.265,14.4851,121.4703,10.0332,40.2882,BIEN,26.9076,0.947125,7.1519,1.2181,0.263986,0.250467,0.3824,5.484,1,1,198.145,nan
k0312,abierto,B25,122.9681,0.265,24.461,122.7278,9.4723,40.2122,BIEN,27.0812,0.956793,7.8815,0.1955,0.264753,0.263394,0.0929,0.6058,1,1,201.686,nan
k0312,abierto,B40,122.9681,0.265,39.5059,121.8971,9.8643,40.3924,BIEN,26.8661,0.957936,9.3426,0.871,0.266256,0.258411,0.4743,2.4863,1,1,205.876,nan
k0448,abierto,B5,121.4131,0.229903,4.4089,117.7184,15.6727,39.9397,BIEN,25.1767,0.864584,6.6266,3.0431,0.231895,nan,0.8665,nan,1,1,210.509,nan
k0448,abierto,B10,121.4131,0.229903,9.3962,121.0049,8.7621,38.6589,BIEN,27.4325,0.930567,6.8161,0.3362,0.237879,0.234841,3.4695,2.1478,1,1,206.177,nan
k0448,abierto,B15,121.4131,0.229903,14.4604,122.2983,9.2919,38.5514,BIEN,27.6797,0.952361,7.1184,0.7291,0.237212,0.232642,3.1793,1.1914,1,1,210.035,nan
k0448,abierto,B25,121.4131,0.229903,24.4619,122.1414,8.9387,38.4813,BIEN,27.8294,0.961666,7.9556,0.5999,0.235001,0.219415,2.2174,4.5619,1,1,204.637,nan
k0448,abierto,B40,121.4131,0.229903,39.4853,122.4411,8.8979,38.4532,BIEN,27.826,0.964227,9.3361,0.8467,0.235624,0.227219,2.4886,1.1675,1,1,197.176,nan
k0535,abierto,B5,120.7717,0.259805,4.4477,118.4144,12.4415,38.8724,BIEN,25.4815,0.872689,6.6071,1.9519,0.2602,nan,0.1521,nan,1,1,251.421,nan
k0535,abierto,B10,120.7717,0.259805,9.4303,118.1848,10.4213,38.2174,BIEN,26.8241,0.930452,7.0354,2.142,0.264544,0.257831,1.8241,0.7598,1,1,213.831,nan
k0535,abierto,B15,120.7717,0.259805,14.478,118.8444,10.0875,38.5429,BIEN,26.8161,0.949562,7.369,1.5959,0.266441,0.252346,2.5542,2.8707,1,1,245.002,nan
k0535,abierto,B25,120.7717,0.259805,24.4626,117.992,10.4368,38.6524,BIEN,26.6556,0.957134,8.2827,2.3016,0.271836,0.250462,4.6308,3.5961,1,1,241.844,nan
k0535,abierto,B40,120.7717,0.259805,39.5699,118.1481,10.4388,38.5547,BIEN,26.7635,0.960263,9.7399,2.1724,0.27423,0.250952,5.5523,3.4074,1,1,245.02,nan
l0028,abierto,B5,117.7884,0.266936,4.5362,171.8018,14.7024,67.4226,BIEN,12.6467,0.81051,3.0612,45.8562,0.263228,0.214025,1.3893,19.8217,1,1,216.647,nan
l0028,abierto,B10,117.7884,0.266936,9.4311,172.819,13.1441,64.5055,BIEN,12.6913,0.867288,3.318,46.7198,0.262711,0.266391,1.5828,0.2043,1,1,224.17,nan
l0028,abierto,B15,117.7884,0.266936,14.4702,176.0324,12.4726,64.5771,BIEN,12.2691,0.873063,3.436,49.4479,0.263766,0.273617,1.1878,2.5027,1,1,241.54,nan
l0028,abierto,B25,117.7884,0.266936,24.4954,175.6007,12.2572,63.7462,BIEN,12.3668,0.880942,4.0274,49.0814,0.258758,0.278555,3.0637,4.3527,1,1,228.206,nan
l0028,abierto,B40,117.7884,0.266936,39.5006,177.0729,11.9894,63.7758,BIEN,12.1718,0.87813,4.8531,50.3313,0.26218,0.270739,1.7816,1.4246,1,1,244.72,nan
l0039,abierto,B5,110.5708,0.25245,4.5091,170.7173,15.9696,70.542,BIEN,11.6574,0.790506,3.0366,54.3963,0.231107,0.217516,8.4542,13.838,1,1,243.232,nan
l0039,abierto,B10,110.5708,0.25245,9.4565,169.8538,14.8829,67.2141,BIEN,11.9598,0.847948,3.3993,53.6154,0.246179,0.248035,2.4841,1.749,1,1,234.126,nan
l0039,abierto,B15,110.5708,0.25245,14.4576,169.3386,14.3822,65.7367,BIEN,12.104,0.864127,3.7244,53.1495,0.230831,0.255665,8.5636,1.2735,1,1,228.014,nan
l0039,abierto,B25,110.5708,0.25245,24.51,169.6406,14.2347,65.2652,BIEN,12.0966,0.869144,4.3013,53.4226,0.236169,0.258368,6.4491,2.344,1,1,248.077,nan
l0039,abierto,B40,110.5708,0.25245,39.5267,170.4513,14.0018,65.0959,BIEN,12.0021,0.868339,5.2065,54.1558,0.234775,0.261211,7.0016,3.4704,1,1,227.438,nan
l0047,abierto,B5,109.9283,0.279278,4.5292,155.8383,17.2563,65.0303,BIEN,13.882,0.831209,3.8315,41.7636,0.263291,0.224757,5.7241,19.5219,1,1,213.725,nan
l0047,abierto,B10,109.9283,0.279278,9.4949,162.8039,15.5291,64.7547,BIEN,12.9459,0.868173,3.7875,48.1002,0.266188,0.270017,4.6869,3.3158,1,1,220.119,nan
l0047,abierto,B15,109.9283,0.279278,14.4712,164.4911,15.2186,64.5393,BIEN,12.7263,0.874977,3.9911,49.635,0.260869,0.26561,6.5913,4.8937,1,1,192.567,nan
l0047,abierto,B25,109.9283,0.279278,24.5235,166.5765,14.7509,64.6918,BIEN,12.4462,0.87565,4.4783,51.532,0.263155,0.276085,5.7729,1.1432,1,1,236.664,nan
l0047,abierto,B40,109.9283,0.279278,39.5219,166.8254,14.5821,64.3611,BIEN,12.4319,0.8759,5.4413,51.7585,0.260382,0.27832,6.766,0.3429,1,1,222.38,nan
l0091,abierto,B5,96.6747,0.2421,4.4891,150.3141,23.5013,78.3748,BIEN,12.241,0.779477,3.8473,55.4843,0.24598,0.229798,1.6024,5.0815,1,1,226.876,nan
l0091,abierto,B10,96.6747,0.2421,9.4748,150.9766,22.3777,75.4117,BIEN,12.4016,0.847483,4.1924,56.1697,0.236791,0.249787,2.1932,3.1748,1,1,222.628,nan
l0091,abierto,B15,96.6747,0.2421,14.497,152.1765,21.9275,74.9266,BIEN,12.3018,0.856944,4.4613,57.4108,0.245661,0.248002,1.4708,2.4376,1,1,219.447,nan
l0091,abierto,B25,96.6747,0.2421,24.4974,153.1359,21.5277,74.507,BIEN,12.2114,0.857843,5.0747,58.4033,0.242866,0.247161,0.3164,2.0903,1,1,202.947,nan
l0091,abierto,B40,96.6747,0.2421,39.5018,153.3993,21.3569,74.1836,BIEN,12.1986,0.857196,6.1455,58.6757,0.243359,0.252299,0.5199,4.2125,1,1,249.016,nan
l0109,abierto,B5,98.1978,0.235224,4.5186,152.5167,22.6882,77.7909,BIEN,12.2062,0.783038,3.7713,55.3158,0.238502,0.22064,1.3937,6.2001,1,1,201.236,nan
l0109,abierto,B10,98.1978,0.235224,9.4874,154.3047,21.3744,75.0851,BIEN,12.1818,0.844965,4.0395,57.1366,0.236797,0.241798,0.6687,2.7949,1,1,218.9,nan
l0109,abierto,B15,98.1978,0.235224,14.4938,155.0908,20.8795,74.5833,BIEN,12.1251,0.853346,4.3189,57.9371,0.233332,0.23911,0.8045,1.6519,1,1,241.587,nan
l0109,abierto,B25,98.1978,0.235224,24.5087,156.6593,20.5224,74.2903,BIEN,11.955,0.853932,4.8833,59.5344,0.23685,0.241022,0.6914,2.4651,1,1,192.304,nan
l0109,abierto,B40,98.1978,0.235224,39.4961,157.2124,20.2779,74.1448,BIEN,11.8978,0.852339,5.9013,60.0976,0.237267,0.24183,0.8685,2.8084,1,1,241.371,nan
l0196,abierto,B5,99.1985,0.252247,4.5313,152.4283,22.5504,77.3044,BIEN,12.3708,0.788664,3.7778,53.6599,0.247229,0.218894,1.9892,13.2222,1,1,213.256,nan
l0196,abierto,B10,99.1985,0.252247,9.5119,155.1998,21.1124,75.1739,BIEN,12.2079,0.846096,3.9931,56.4538,0.236755,0.240595,6.1416,4.6192,1,1,210.278,nan
l0196,abierto,B15,99.1985,0.252247,14.4641,155.898,20.6874,74.5597,BIEN,12.1627,0.855889,4.2743,57.1577,0.231935,0.254506,8.0523,0.8957,1,1,240.981,nan
l0196,abierto,B25,99.1985,0.252247,24.5297,157.564,20.1556,74.3731,BIEN,11.9766,0.855524,4.8301,58.8371,0.232786,0.252944,7.7152,0.2761,1,1,185.629,nan
l0196,abierto,B40,99.1985,0.252247,39.5297,157.6519,20.0295,74.0234,BIEN,11.9836,0.856126,5.8736,58.9258,0.238017,0.245986,5.6412,2.4822,1,1,208.882,nan
l0299,abierto,B5,100.5383,0.19278,4.5388,152.6173,22.4126,76.4624,BIEN,12.5458,0.791282,3.7785,51.8001,0.135121,0.213809,29.909,10.9087,1,1,234.61,nan
l0299,abierto,B10,100.5383,0.19278,9.4888,160.1615,20.2876,76.3966,BIEN,11.6843,0.836244,3.7226,59.3039,0.150141,0.21693,22.1179,12.5277,1,1,189.179,nan
l0299,abierto,B15,100.5383,0.19278,14.4526,161.5293,19.6375,75.6215,BIEN,11.5694,0.845842,3.9626,60.6644,0.165347,0.215599,14.2302,11.8372,1,1,234.88,nan
l0299,abierto,B25,100.5383,0.19278,24.5033,161.7511,19.4686,75.2332,BIEN,11.5683,0.850055,4.5761,60.885,0.162088,0.198723,15.9204,3.083,1,1,227.474,nan
l0299,abierto,B40,100.5383,0.19278,39.5061,162.3593,19.1562,74.7614,BIEN,11.5235,0.847939,5.5569,61.49,0.161686,0.21001,16.1289,8.9378,1,1,239.722,nan
l0357,abierto,B5,100.8452,0.24459,4.5407,152.365,22.2729,76.0309,BIEN,12.6475,0.791429,3.7987,51.088,0.224696,0.227461,8.1337,7.0033,1,1,215.722,nan
l0357,abierto,B10,100.8452,0.24459,9.4757,158.8052,20.309,75.3989,BIEN,11.9333,0.841595,3.8028,57.4742,0.260902,0.242094,6.6689,1.0205,1,1,210.85,nan
l0357,abierto,B15,100.8452,0.24459,14.4503,159.7114,19.9577,74.7047,BIEN,11.8673,0.853774,4.068,58.3728,0.248058,0.252938,1.4177,3.4129,1,1,225.068,nan
l0357,abierto,B25,100.8452,0.24459,24.4646,160.5418,19.6084,74.2817,BIEN,11.7912,0.855826,4.6519,59.1963,0.245054,0.260377,0.1896,6.4544,1,1,247.703,nan
l0357,abierto,B40,100.8452,0.24459,39.4998,161.4778,19.3483,74.1709,BIEN,11.69,0.853044,5.6183,60.1244,0.244735,0.252718,0.0593,3.323,1,1,192.064,nan
l0388,abierto,B5,98.0366,0.202026,4.5347,152.0789,23.2626,78.6217,BIEN,12.1894,0.783994,3.748,55.1246,0.174505,0.220009,13.6224,8.9013,1,1,155.352,nan
l0388,abierto,B10,98.0366,0.202026,9.4725,151.829,22.3428,75.029,BIEN,12.4741,0.850913,4.1362,54.8697,0.185826,0.227895,8.0188,12.8046,1,1,227.91,nan
l0388,abierto,B15,98.0366,0.202026,14.4794,154.569,21.5801,75.3854,BIEN,12.1351,0.853976,4.3085,57.6645,0.182741,0.205724,9.546,1.8307,1,1,180.639,nan
l0388,abierto,B25,98.0366,0.202026,24.4963,155.5483,21.256,74.7953,BIEN,12.0536,0.855819,4.9136,58.6635,0.196379,0.201532,2.7954,0.2444,1,1,152.46,nan
l0388,abierto,B40,98.0366,0.202026,39.5182,155.923,21.0561,74.5885,BIEN,12.0219,0.854838,5.9558,59.0456,0.187822,0.197944,7.0307,2.0207,1,1,188.793,nan
m0062,abierto,B5,98.9516,0.175608,4.4924,112.9443,29.0128,60.3213,BIEN,22.2185,0.89743,6.3023,14.1409,0.163632,nan,6.8198,nan,1,1,215.429,nan
m0062,abierto,B10,98.9516,0.175608,9.456,114.8066,28.2501,58.1394,BIEN,22.3727,0.94101,6.6632,16.023,0.168136,0.187017,4.2551,6.497,1,1,211.332,nan
m0062,abierto,B15,98.9516,0.175608,14.4487,115.6347,27.1129,57.4614,BIEN,22.2635,0.949733,7.0571,16.8598,0.163938,0.166239,6.6457,5.3352,1,1,215.782,nan
m0062,abierto,B25,98.9516,0.175608,24.4669,115.8128,26.748,56.9695,BIEN,22.286,0.953436,7.9614,17.0398,0.163964,0.17092,6.6306,2.6697,1,1,215.471,nan
m0062,abierto,B40,98.9516,0.175608,39.4977,116.0741,26.1076,56.6726,BIEN,22.2538,0.95423,9.5141,17.3039,0.163071,0.174793,7.1391,0.4642,1,1,234.17,nan
m0103,abierto,B5,93.7486,0.204557,4.5224,104.8349,32.6535,52.0605,BIEN,24.1936,0.907096,7.0695,11.8256,0.208922,nan,2.1339,nan,1,1,231.39,nan
m0103,abierto,B10,93.7486,0.204557,9.4366,106.53,28.8866,50.4552,BIEN,24.3057,0.95301,7.4501,13.6337,0.208211,0.193558,1.7863,5.3772,1,1,250.702,nan
m0103,abierto,B15,93.7486,0.204557,14.4361,109.7581,25.8845,50.6937,BIEN,22.7868,0.955315,7.6551,17.0771,0.20414,0.194516,0.204,4.9088,1,1,189.462,nan
m0103,abierto,B25,93.7486,0.204557,24.5146,109.1748,25.5701,49.9923,BIEN,23.2318,0.962185,8.7015,16.4548,0.201834,0.20031,1.3311,2.0766,1,1,182.017,nan
m0103,abierto,B40,93.7486,0.204557,39.4955,110.6461,24.101,50.1253,BIEN,22.5568,0.959612,10.2415,18.0242,0.201888,0.19393,1.3051,5.1955,1,1,228.87,nan
m0111,abierto,B5,96.358,0.19892,4.527,104.4952,34.8115,53.3423,BIEN,25.6398,0.915558,7.0387,8.4447,0.196849,nan,1.0414,nan,1,1,234.39,nan
m0111,abierto,B10,96.358,0.19892,9.4349,110.4046,26.0746,52.7707,BIEN,23.5227,0.948632,7.088,14.5775,0.198012,0.187157,0.4568,5.9136,1,1,234.918,nan
m0111,abierto,B15,96.358,0.19892,14.4277,112.2764,24.5881,52.5533,BIEN,22.7774,0.953562,7.3988,16.52,0.196866,0.193911,1.0327,2.5185,1,1,226.886,nan
m0111,abierto,B25,96.358,0.19892,24.4955,112.2212,24.0991,51.9954,BIEN,22.952,0.958409,8.3666,16.4628,0.200715,0.192987,0.9019,2.9831,1,1,227.666,nan
m0111,abierto,B40,96.358,0.19892,39.4915,113.6744,22.8648,52.0799,BIEN,22.3111,0.955845,9.856,17.9709,0.196338,0.198763,1.2983,0.0793,1,1,238.453,nan
m0136,abierto,B5,96.601,0.186263,4.5142,104.8489,37.705,56.2743,BIEN,25.4644,0.912916,6.9417,8.5382,0.162415,nan,12.8031,nan,1,1,235.899,nan
m0136,abierto,B10,96.601,0.186263,9.4488,110.5749,29.7347,55.8796,BIEN,23.4161,0.945604,7.0027,14.4656,0.179727,0.170566,3.509,8.4271,1,1,227.848,nan
m0136,abierto,B15,96.601,0.186263,14.4297,112.349,28.3646,55.709,BIEN,22.7348,0.950048,7.322,16.3021,0.187516,0.176929,0.6728,5.011,1,1,207.982,nan
m0136,abierto,B25,96.601,0.186263,24.4717,113.8514,26.783,55.5938,BIEN,22.1514,0.949768,8.1447,17.8574,0.186955,0.181867,0.3716,2.36,1,1,235.621,nan
m0136,abierto,B40,96.601,0.186263,39.4956,113.7137,26.7403,55.2088,BIEN,22.2911,0.951682,9.7801,17.7148,0.186924,0.183041,0.3553,1.7296,1,1,231.449,nan
m0152,abierto,B5,94.4558,0.185047,4.5303,104.66,31.5609,50.5563,BIEN,24.7578,0.908916,7.087,10.8031,0.18369,nan,0.7333,nan,1,1,229.626,nan
m0152,abierto,B10,94.4558,0.185047,9.4267,110.276,23.5809,50.1354,BIEN,22.7034,0.945129,7.14,16.7488,0.190432,0.187748,2.91,1.4597,1,1,190.581,nan
m0152,abierto,B15,94.4558,0.185047,14.4132,109.652,23.8118,49.2578,BIEN,23.2511,0.959034,7.6638,16.0881,0.194735,0.178662,5.2352,3.4507,1,1,245.718,nan
m0152,abierto,B25,94.4558,0.185047,24.4762,110.5674,22.4204,49.0053,BIEN,22.9195,0.962153,8.5633,17.0573,0.184331,0.178302,0.387,3.6448,1,1,193.476,nan
m0152,abierto,B40,94.4558,0.185047,39.4748,111.626,21.4074,48.9836,BIEN,22.4618,0.960775,10.1265,18.178,0.188312,0.177122,1.7643,4.2827,1,1,211.909,nan
m0172,abierto,B5,94.178,0.187205,4.5094,104.4011,33.6354,52.3788,BIEN,24.5705,0.906122,7.061,10.855,0.196992,nan,5.2277,nan,1,1,249.37,nan
m0172,abierto,B10,94.178,0.187205,9.4404,106.3617,28.7586,50.8756,BIEN,24.5961,0.952673,7.4259,12.9368,0.186274,0.189891,0.4978,1.4347,1,1,211.851,nan
m0172,abierto,B15,94.178,0.187205,14.4285,109.5783,25.5953,51.0621,BIEN,23.0655,0.955324,7.6368,16.3523,0.185692,0.170398,0.8086,8.978,1,1,232.035,nan
m0172,abierto,B25,94.178,0.187205,24.4924,110.5242,24.3494,50.7889,BIEN,22.7322,0.957996,8.537,17.3567,0.190391,0.181587,1.7018,3.0013,1,1,215.647,nan
m0172,abierto,B40,94.178,0.187205,39.4811,110.5738,23.9613,50.5094,BIEN,22.7781,0.959426,10.2183,17.4093,0.188759,0.18475,0.8297,1.3117,1,1,229.416,nan
m0193,abierto,B5,95.5645,0.175649,4.5198,104.5506,31.5977,50.0507,BIEN,25.3975,0.916138,7.1207,9.4032,0.181213,nan,3.1681,nan,1,1,230.974,nan
m0193,abierto,B10,95.5645,0.175649,9.436,110.3752,22.2729,49.4725,BIEN,23.2897,0.950382,7.1648,15.4981,0.174207,0.236479,0.8205,34.6317,1,1,229.553,nan
m0193,abierto,B15,95.5645,0.175649,14.4087,109.6805,22.8939,48.6323,BIEN,23.8817,0.963409,7.6889,14.7712,0.176456,0.167816,0.4595,4.4594,1,1,166.594,nan
m0193,abierto,B25,95.5645,0.175649,24.4931,112.2779,20.1129,48.7492,BIEN,22.6727,0.96176,8.4325,17.4892,0.174861,0.170834,0.4485,2.7413,1,1,185.219,nan
m0193,abierto,B40,95.5645,0.175649,39.4809,112.6643,19.3444,48.5956,BIEN,22.5378,0.962303,10.0343,17.8935,0.173901,0.177703,0.9948,1.1696,1,1,225.713,nan
m0201,abierto,B5,94.7959,0.157956,4.5271,105.0094,33.7053,53.5909,BIEN,24.6482,0.90692,7.0061,10.7742,0.150049,nan,5.0054,nan,1,1,221.779,nan
m0201,abierto,B10,94.7959,0.157956,9.4469,110.3317,26.5462,53.1736,BIEN,22.7854,0.942059,7.0902,16.3887,0.160295,0.148051,1.4813,6.2703,1,1,245.809,nan
m0201,abierto,B15,94.7959,0.157956,14.4323,109.548,27.1808,52.3676,BIEN,23.3568,0.95508,7.6188,15.5619,0.160922,0.143433,1.8782,9.1939,1,1,149.638,nan
m0201,abierto,B25,94.7959,0.157956,24.4655,110.4726,25.9,52.095,BIEN,23.0256,0.957857,8.5207,16.5373,0.15563,0.146592,1.4724,7.1943,1,1,229.716,nan
m0201,abierto,B40,94.7959,0.157956,39.4862,111.5503,24.755,52.0609,BIEN,22.5714,0.95634,10.0892,17.6742,0.160958,0.141454,1.901,10.4469,1,1,225.078,nan
m0346,abierto,B5,91.9489,0.178742,4.5372,104.583,33.0125,52.2953,BIEN,23.3775,0.905834,7.0438,13.7403,0.177206,nan,0.8594,nan,1,1,203.558,nan
m0346,abierto,B10,91.9489,0.178742,9.4529,106.4282,30.0433,50.7611,BIEN,23.329,0.948684,7.4155,15.7471,0.189892,0.174578,6.2383,2.3293,1,1,226.188,nan
m0346,abierto,B15,91.9489,0.178742,14.4303,106.9971,29.0885,50.269,BIEN,23.2514,0.957653,7.8528,16.3658,0.183346,0.170514,2.5761,4.6033,1,1,247.868,nan
m0346,abierto,B25,91.9489,0.178742,24.4984,107.4666,28.1744,49.8346,BIEN,23.1496,0.960443,8.8254,16.8764,0.180304,0.172025,0.8741,3.7575,1,1,235.283,nan
m0346,abierto,B40,91.9489,0.178742,39.4848,108.6197,26.7597,49.8674,BIEN,22.6431,0.958624,10.4427,18.1305,0.18189,0.179197,1.7612,0.2547,1,1,215.955,nan
m0443,abierto,B5,106.4978,0.15413,4.4688,122.7362,27.2099,64.1374,BIEN,21.1962,0.888248,5.5871,15.2476,0.144027,nan,6.5553,nan,1,1,207.581,nan
m0443,abierto,B10,106.4978,0.15413,9.509,124.4454,24.3183,61.6929,BIEN,21.4541,0.933587,5.9385,16.8525,0.143378,0.164375,6.9763,6.6465,1,1,226.521,nan
m0443,abierto,B15,106.4978,0.15413,14.4635,124.8949,23.1734,61.0604,BIEN,21.4751,0.947752,6.3193,17.2746,0.157072,0.18989,1.9083,23.201,1,1,234.94,nan
m0443,abierto,B25,106.4978,0.15413,24.4933,125.2052,21.7741,60.4744,BIEN,21.4825,0.951001,7.1435,17.566,0.147848,0.152825,4.0758,0.847,1,1,238.169,nan
m0443,abierto,B40,106.4978,0.15413,39.5333,125.3958,21.3375,60.0943,BIEN,21.4917,0.952537,8.5509,17.745,0.154083,0.154662,0.0308,0.3451,1,1,208.585,nan
m0457,abierto,B5,100.3348,0.170411,4.5039,113.0705,33.4258,64.7437,BIEN,22.4926,0.894107,6.2134,12.6931,0.15409,nan,9.5775,nan,1,1,204.232,nan
m0457,abierto,B10,100.3348,0.170411,9.4089,114.7273,32.6767,62.2418,BIEN,22.9187,0.943582,6.609,14.3444,0.168739,0.158107,0.9815,7.2204,1,1,225.114,nan
m0457,abierto,B15,100.3348,0.170411,14.4352,115.5629,31.4503,61.3776,BIEN,22.8567,0.951252,7.007,15.1773,0.166476,0.158512,2.309,6.9828,1,1,227.102,nan
m0457,abierto,B25,100.3348,0.170411,24.4633,117.4114,29.8997,61.6724,BIEN,22.0705,0.952175,7.7608,17.0196,0.172399,0.176149,1.1665,3.3667,1,1,228.451,nan
m0457,abierto,B40,100.3348,0.170411,39.501,118.2517,28.8944,61.3522,BIEN,21.8161,0.951611,9.2321,17.8571,0.168239,0.1697,1.2749,0.4173,1,1,233.155,nan
m0505,abierto,B5,99.606,0.159609,4.513,113.4079,32.5428,63.9529,BIEN,22.2487,0.898108,6.2119,13.8565,0.162135,nan,1.5821,nan,1,1,233.82,nan
m0505,abierto,B10,99.606,0.159609,9.448,114.9975,31.6909,61.6123,BIEN,22.5781,0.942681,6.6057,15.4524,0.157178,0.168149,1.5231,5.3505,1,1,228.483,nan
m0505,abierto,B15,99.606,0.159609,14.4303,115.4101,31.1417,61.1418,BIEN,22.5694,0.950739,7.0174,15.8666,0.162437,0.168648,1.7716,5.663,1,1,223.984,nan
m0505,abierto,B25,99.606,0.159609,24.5386,115.9629,30.2354,60.396,BIEN,22.5361,0.954992,7.9126,16.4215,0.157963,0.161134,1.0314,0.9554,1,1,244.206,nan
m0505,abierto,B40,99.606,0.159609,39.503,117.0721,29.3019,60.7241,BIEN,22.0295,0.953319,9.36,17.5352,0.159851,0.156894,0.1515,1.7014,1,1,210.416,nan
n0062,abierto,B5,137.7514,0.191702,4.3741,150.7438,20.6039,74.347,BIEN,22.392,0.839161,4.0252,9.4318,0.187683,0.211557,2.0968,10.3568,1,1,219.404,nan
n0062,abierto,B10,137.7514,0.191702,9.3723,158.6367,18.4789,73.5045,BIEN,20.2694,0.903834,3.9575,15.1616,0.186865,0.201578,2.5236,5.1515,1,1,174.834,nan
n0062,abierto,B15,137.7514,0.191702,14.4606,160.9753,17.8831,73.0628,BIEN,19.6399,0.916996,4.1451,16.8593,0.188555,0.203807,1.6421,6.3145,1,1,221.995,nan
n0062,abierto,B25,137.7514,0.191702,24.5484,160.129,17.8094,72.0569,BIEN,20.0635,0.92683,4.8316,16.2449,0.180335,0.201325,5.9297,5.0195,1,1,251.288,nan
n0062,abierto,B40,137.7514,0.191702,39.5018,160.5478,17.5862,71.583,BIEN,20.0016,0.928666,5.8407,16.549,0.183851,0.196957,4.0957,2.7412,1,1,218.828,nan
n0063,abierto,B5,137.2028,0.193722,4.3706,150.5734,20.6602,74.3376,BIEN,22.2895,0.839566,4.0454,9.7451,0.184475,0.207108,4.7732,6.9099,1,1,231.992,nan
n0063,abierto,B10,137.2028,0.193722,9.3784,158.5033,18.6652,73.6578,BIEN,20.1257,0.902858,3.9728,15.5249,0.196883,0.207308,1.6314,7.0132,1,1,197.89,nan
n0063,abierto,B15,137.2028,0.193722,14.4399,160.8663,18.0035,73.2093,BIEN,19.4942,0.915999,4.1593,17.2471,0.201911,0.206139,4.2271,6.4094,1,1,218.264,nan
n0063,abierto,B25,137.2028,0.193722,24.5401,160.0014,17.8676,71.9629,BIEN,19.9584,0.92668,4.8528,16.6167,0.192462,0.20114,0.6504,3.8289,1,1,245.561,nan
n0063,abierto,B40,137.2028,0.193722,39.4965,160.4047,17.7104,71.7503,BIEN,19.8611,0.92797,5.8578,16.9107,0.192263,0.20343,0.7532,5.0114,1,1,234.219,nan
n0140,abierto,B5,136.69,0.208797,4.3515,149.821,22.269,76.4824,BIEN,22.1256,0.841263,4.0378,9.6064,0.190809,0.202074,8.6152,3.2199,1,1,198.815,nan
n0140,abierto,B10,136.69,0.208797,9.3589,157.443,19.9266,75.4621,BIEN,20.1489,0.902635,3.9886,15.1825,0.195635,0.20076,6.3038,3.8494,1,1,217.085,nan
n0140,abierto,B15,136.69,0.208797,14.4511,160.0502,19.3231,74.9339,BIEN,19.4684,0.914112,4.17,17.09,0.190074,0.199488,8.9672,4.4584,1,1,241.266,nan
n0140,abierto,B25,136.69,0.208797,24.547,159.2909,19.2047,73.8308,BIEN,19.8717,0.923545,4.858,16.5344,0.191942,0.20093,8.0726,3.768,1,1,181.931,nan
n0140,abierto,B40,136.69,0.208797,39.4988,159.6486,19.0281,73.4897,BIEN,19.815,0.924805,5.8749,16.7961,0.193659,0.202285,7.2501,3.119,1,1,238.561,nan
n0202,abierto,B5,140.1217,0.180565,4.3634,150.1983,20.6311,74.2383,BIEN,23.5201,0.842844,4.0297,7.1913,0.152811,0.210901,15.3705,16.801,1,1,201.479,nan
n0202,abierto,B10,140.1217,0.180565,9.3054,158.0845,18.8787,73.5995,BIEN,21.2384,0.905044,3.9564,12.8194,0.189972,0.201282,5.21,11.474,1,1,231.091,nan
n0202,abierto,B15,140.1217,0.180565,14.5006,161.0734,18.182,73.1787,BIEN,20.3478,0.919058,4.1147,14.9524,0.199543,0.194969,10.5106,7.9774,1,1,207.689,nan
n0202,abierto,B25,140.1217,0.180565,24.5395,163.1322,17.7434,72.9053,BIEN,19.741,0.922442,4.6261,16.4217,0.193157,0.191731,6.9739,6.1842,1,1,253.1,nan
n0202,abierto,B40,140.1217,0.180565,39.4471,164.0732,17.5105,72.7524,BIEN,19.4709,0.922771,5.5691,17.0933,0.200659,0.190992,11.1285,5.7748,1,1,245.014,nan
n0209,abierto,B5,139.173,0.193998,4.3526,149.9536,20.9261,74.5215,BIEN,23.0715,0.846485,4.009,7.7462,0.1877,0.200499,3.2463,3.351,1,1,225.256,nan
n0209,abierto,B10,139.173,0.193998,9.3554,157.9143,18.7487,73.4855,BIEN,20.8897,0.905289,3.9462,13.4662,0.188208,0.197283,2.9848,1.6935,1,1,235.062,nan
n0209,abierto,B15,139.173,0.193998,14.4964,160.4568,18.0811,73.0081,BIEN,20.1662,0.9156,4.1275,15.293,0.183778,0.19405,5.2683,0.0266,1,1,181.574,nan
n0209,abierto,B25,139.173,0.193998,24.5298,162.4415,17.5416,72.6967,BIEN,19.5842,0.91808,4.645,16.7191,0.180348,0.20369,7.0361,4.9958,1,1,237.818,nan
n0209,abierto,B40,139.173,0.193998,39.4951,161.7669,17.5435,72.0813,BIEN,19.891,0.921759,5.7081,16.2344,0.183115,0.191727,5.6099,1.1707,1,1,220.061,nan
n0212,abierto,B5,143.3717,0.210788,4.3717,165.7591,18.0966,78.0159,BIEN,18.8644,0.824281,3.2218,15.6149,0.208434,0.207555,1.1169,1.5341,1,1,216.816,nan
n0212,abierto,B10,143.3717,0.210788,9.3341,166.1682,17.3921,74.7499,BIEN,19.4559,0.895585,3.549,15.9002,0.190534,0.197638,9.6086,6.2385,1,1,215.587,nan
n0212,abierto,B15,143.3717,0.210788,14.5064,166.292,17.1457,73.5712,BIEN,19.6287,0.912621,3.8515,15.9866,0.196494,0.199943,6.7812,5.1452,1,1,186.877,nan
n0212,abierto,B25,143.3717,0.210788,24.5341,166.2966,16.9574,72.7656,BIEN,19.7564,0.920771,4.4639,15.9898,0.198735,0.203215,5.7181,3.593,1,1,226.009,nan
n0212,abierto,B40,143.3717,0.210788,39.5038,166.2841,16.8449,72.2776,BIEN,19.8337,0.92302,5.4526,15.9811,0.191824,0.189351,8.9968,10.17,1,1,175.217,nan
n0303,abierto,B5,134.7758,0.190132,4.3698,149.8676,21.7819,76.2525,BIEN,21.3304,0.847108,3.9645,11.1977,0.193654,0.212522,1.8523,11.776,1,1,161.658,nan
n0303,abierto,B10,134.7758,0.190132,9.3466,157.0654,19.6627,75.2187,BIEN,19.5062,0.902668,3.9338,16.5383,0.211982,0.209961,11.4919,10.4288,1,1,224.054,nan
n0303,abierto,B15,134.7758,0.190132,14.5464,155.332,19.6511,73.4708,BIEN,20.3832,0.924837,4.3684,15.2522,0.212047,0.200685,11.526,5.55,1,1,221.17,nan
n0303,abierto,B25,134.7758,0.190132,24.5451,156.1117,19.3755,73.0382,BIEN,20.2134,0.928854,4.9772,15.8307,0.210563,0.20107,10.7453,5.7525,1,1,233.285,nan
n0303,abierto,B40,134.7758,0.190132,39.4886,157.4869,19.0281,72.9591,BIEN,19.7841,0.927592,5.947,16.851,0.210776,0.193142,10.8572,1.583,1,1,201.236,nan
n0332,abierto,B5,133.3644,0.178417,4.3565,150.1183,21.5393,75.8187,BIEN,20.9295,0.852647,3.9707,12.5625,0.16338,0.199412,8.4278,11.7675,1,1,237.535,nan
n0332,abierto,B10,133.3644,0.178417,9.3376,150.9114,20.0722,72.7278,BIEN,21.6254,0.924796,4.3115,13.1572,0.176169,0.186439,1.2601,4.4964,1,1,225.912,nan
n0332,abierto,B15,133.3644,0.178417,14.5235,155.7449,19.0883,73.1146,BIEN,19.9356,0.934844,4.3607,16.7815,0.173825,0.187008,2.5739,4.815,1,1,212.495,nan
n0332,abierto,B25,133.3644,0.178417,24.4858,156.6439,18.6943,72.6531,BIEN,19.746,0.939252,4.961,17.4556,0.168331,0.183396,5.6534,2.7905,1,1,167.555,nan
n0332,abierto,B40,133.3644,0.178417,39.4559,156.3067,18.6089,72.0831,BIEN,19.9406,0.94228,6.0466,17.2027,0.17048,0.177483,4.4485,0.5237,1,1,230.012,nan
n0340,abierto,B5,155.4676,0.196068,4.3923,166.8241,16.2549,73.8409,BIEN,22.7107,0.840056,3.2733,7.3047,0.18838,nan,3.9211,nan,1,1,197.239,nan
n0340,abierto,B10,155.4676,0.196068,9.3538,175.2161,14.6306,71.7831,BIEN,20.4768,0.899992,3.1988,12.7026,0.183665,0.211102,6.3256,7.6679,1,1,194.825,nan
n0340,abierto,B15,155.4676,0.196068,14.5195,177.8163,14.1823,71.2249,BIEN,19.6843,0.909793,3.3512,14.3751,0.189194,0.203858,3.5058,3.9732,1,1,232.591,nan
n0340,abierto,B25,155.4676,0.196068,24.5578,176.7383,14.1008,70.2224,BIEN,20.2215,0.920817,3.9791,13.6817,0.190947,0.193463,2.6115,1.3285,1,1,234.423,nan
n0340,abierto,B40,155.4676,0.196068,39.4823,179.0332,13.7534,70.1171,BIEN,19.4521,0.916377,4.7554,15.1579,0.189944,0.190994,3.1233,2.5878,1,1,245.375,nan
n0343,abierto,B5,173.5967,0.256543,4.4181,188.1201,10.8289,69.7837,BIEN,21.5647,0.84074,2.463,8.3662,nan,nan,nan,nan,1,0,217.198,nan
n0343,abierto,B10,173.5967,0.256543,9.336,195.9325,9.614,66.6425,BIEN,19.4464,0.888287,2.403,12.8665,0.25513,0.225194,0.5507,12.2197,1,1,203.633,nan
n0343,abierto,B15,173.5967,0.256543,14.5943,192.9114,9.6334,65.6297,BIEN,20.7933,0.916286,2.7958,11.1262,0.250149,0.201922,2.4922,21.2912,1,1,234.017,nan
n0343,abierto,B25,173.5967,0.256543,24.51,197.0901,9.1754,64.9945,BIEN,19.277,0.911869,3.1028,13.5333,0.250531,0.201783,2.3435,21.3453,1,1,221.789,nan
n0343,abierto,B40,173.5967,0.256543,39.4586,197.3859,9.0551,64.6226,BIEN,19.2171,0.91296,3.8863,13.7037,0.242602,0.196957,5.434,23.2264,1,1,225.043,nan
n0624,abierto,B5,125.3377,0.168366,4.3556,135.2989,26.7092,77.1486,BIEN,23.3631,0.856369,4.6106,7.9475,0.164742,0.195346,2.152,16.0246,1,1,220.483,nan
n0624,abierto,B10,125.3377,0.168366,9.3961,142.1626,23.3403,76.3377,BIEN,21.455,0.915378,4.6151,13.4237,0.160549,0.183711,4.6429,9.1145,1,1,227.03,nan
n0624,abierto,B15,125.3377,0.168366,14.5675,144.4367,22.5155,75.9977,BIEN,20.7508,0.926807,4.8349,15.2381,0.1649,0.17999,2.0586,6.904,1,1,210.886,nan
n0624,abierto,B25,125.3377,0.168366,24.4606,145.9911,22.0691,75.8754,BIEN,20.2663,0.929279,5.4443,16.4782,0.162388,0.173303,3.5507,2.9326,1,1,250.332,nan
n0624,abierto,B40,125.3377,0.168366,39.4782,145.716,21.9197,75.1325,BIEN,20.5055,0.932501,6.6393,16.2587,0.161833,0.175252,3.8802,4.0898,1,1,210.677,nan
n0654,abierto,B5,121.6574,0.158622,4.3646,135.827,28.2676,80.0127,BIEN,21.5665,0.838213,4.5748,11.6472,0.155926,nan,1.6998,nan,1,1,214.289,nan
n0654,abierto,B10,121.6574,0.158622,9.3853,142.4981,25.7505,79.5849,BIEN,19.8841,0.899886,4.5825,17.1306,0.151566,0.188924,4.4483,19.103,1,1,236.883,nan
n0654,abierto,B15,121.6574,0.158622,14.5525,140.8616,25.8903,77.7509,BIEN,20.7796,0.924353,5.0576,15.7855,0.157816,0.176707,0.5083,11.401,1,1,249.172,nan
n0654,abierto,B25,121.6574,0.158622,24.5135,141.8641,25.4342,77.1586,BIEN,20.5722,0.933267,5.7327,16.6095,0.157608,0.17828,0.6397,12.393,1,1,217.405,nan
n0654,abierto,B40,121.6574,0.158622,39.4753,143.0976,25.0344,77.2799,BIEN,20.1598,0.93236,6.8366,17.6234,0.149694,0.172622,5.6283,8.8257,1,1,251.319,nan
n0658,abierto,B5,119.401,0.181857,4.3505,135.1909,29.4785,81.1473,BIEN,20.8928,0.837023,4.5707,13.2242,0.199855,0.206562,9.8967,13.5852,1,1,239.492,nan
n0658,abierto,B10,119.401,0.181857,9.4104,136.2996,28.157,78.3251,BIEN,21.4543,0.90926,4.9393,14.1528,0.185545,0.195448,2.0281,7.4734,1,1,230.155,nan
n0658,abierto,B15,119.401,0.181857,14.5479,136.6936,27.6543,77.2758,BIEN,21.5856,0.927647,5.2994,14.4827,0.187917,0.19632,3.3323,7.953,1,1,223.324,nan
n0658,abierto,B25,119.401,0.181857,24.5013,139.1838,26.8878,77.661,BIEN,20.6728,0.930712,5.8801,16.5684,0.190735,0.200316,4.8818,10.1503,1,1,213.643,nan
n0658,abierto,B40,119.401,0.181857,39.5025,139.8777,26.5462,77.2388,BIEN,20.5272,0.932351,7.0677,17.1495,0.191537,0.195411,5.323,7.4532,1,1,219.135,nan
n0662,abierto,B5,118.4714,0.192648,4.3477,134.9952,30.1733,82.0296,BIEN,20.5292,0.834444,4.5522,13.9475,0.185429,0.209674,3.7477,8.8377,1,1,253.563,nan
n0662,abierto,B10,118.4714,0.192648,9.4093,136.1448,28.7877,79.1921,BIEN,21.0504,0.906397,4.9199,14.9178,0.189131,0.195135,1.8256,1.2906,1,1,223.299,nan
n0662,abierto,B15,118.4714,0.192648,14.5568,136.5885,28.2676,78.1726,BIEN,21.1646,0.925601,5.2787,15.2924,0.184382,0.200317,4.291,3.9806,1,1,246.767,nan
n0662,abierto,B25,118.4714,0.192648,24.5111,139.0196,27.3768,78.3721,BIEN,20.3454,0.929171,5.8699,17.3444,0.188491,0.204579,2.1581,6.193,1,1,179.701,nan
n0662,abierto,B40,118.4714,0.192648,39.4984,138.364,27.4234,77.5474,BIEN,20.7153,0.933971,7.1692,16.791,0.184509,0.198427,4.2249,2.9995,1,1,234.522,nan
n0665,abierto,B5,124.1286,0.185859,4.3678,136.1768,27.4059,78.6465,BIEN,22.5424,0.839917,4.6032,9.7062,0.194625,0.2062,4.7161,10.9443,1,1,221.175,nan
n0665,abierto,B10,124.1286,0.185859,9.3686,142.8978,25.2673,78.2894,BIEN,20.7368,0.905111,4.6026,15.1208,0.195522,0.199312,5.199,7.2382,1,1,231.546,nan
n0665,abierto,B15,124.1286,0.185859,14.5489,145.237,24.6211,78.0253,BIEN,20.0805,0.920904,4.8176,17.0053,0.189574,0.213635,1.9984,14.9446,1,1,250.903,nan
n0665,abierto,B25,124.1286,0.185859,24.5324,144.742,24.5202,76.863,BIEN,20.4554,0.93286,5.5739,16.6065,0.191928,0.204939,3.2654,10.2657,1,1,209.56,nan
n0665,abierto,B40,124.1286,0.185859,39.4728,145.0638,24.3494,76.596,BIEN,20.3974,0.933788,6.7208,16.8657,0.189345,0.197195,1.8753,6.0988,1,1,166.928,nan
n0722,abierto,B5,121.8668,0.167628,4.3497,135.0427,28.3336,79.4569,BIEN,21.9269,0.850838,4.5768,10.8118,0.169108,0.180115,0.8831,7.4492,1,1,197.383,nan
n0722,abierto,B10,121.8668,0.167628,9.425,141.5977,25.0403,78.8942,BIEN,20.1882,0.907446,4.5928,16.1905,0.164388,0.173132,1.9326,3.2839,1,1,215.964,nan
n0722,abierto,B15,121.8668,0.167628,14.5622,140.1053,25.1742,77.2247,BIEN,21.0736,0.929822,5.0618,14.9659,0.165628,0.175679,1.1931,4.8032,1,1,235.827,nan
n0722,abierto,B25,121.8668,0.167628,24.5202,141.1337,24.6269,76.6733,BIEN,20.8424,0.937349,5.7404,15.8099,0.16024,0.166545,4.4073,0.6461,1,1,190.545,nan
n0722,abierto,B40,121.8668,0.167628,39.4848,142.3025,24.1553,76.7041,BIEN,20.4455,0.936418,6.8593,16.7689,0.161494,0.17678,3.659,5.46,1,1,218.881,nan
n0738,abierto,B5,146.9977,0.213843,4.4042,168.9911,14.3414,71.1266,BIEN,19.517,0.847182,3.2032,14.9617,0.189232,nan,11.509,nan,1,1,196.847,nan
n0738,abierto,B10,146.9977,0.213843,9.2996,168.6616,13.701,68.3007,BIEN,20.2611,0.916316,3.5402,14.7376,0.195967,0.21231,8.3596,0.7172,1,1,232.116,nan
n0738,abierto,B15,146.9977,0.213843,14.5371,168.6891,13.4565,67.3218,BIEN,20.4203,0.933223,3.8355,14.7563,0.202329,0.2308,5.3843,7.9293,1,1,244.786,nan
n0738,abierto,B25,146.9977,0.213843,24.4875,171.8828,12.8646,67.3687,BIEN,19.4273,0.935212,4.2529,16.9289,0.198254,0.233713,7.2902,9.2915,1,1,228.196,nan
n0738,abierto,B40,146.9977,0.213843,39.4878,172.6242,12.6822,67.121,BIEN,19.2389,0.936029,5.152,17.4333,0.203964,0.2166,4.6198,1.2892,1,1,250.677,nan
n0774,abierto,B5,133.5917,0.166092,4.3952,151.4678,19.2105,73.531,BIEN,20.6558,0.840909,3.9698,13.3811,0.182886,nan,10.111,nan,1,1,213.379,nan
n0774,abierto,B10,133.5917,0.166092,9.3334,158.9553,17.2544,73.4103,BIEN,18.7868,0.901729,3.9075,18.9859,0.178067,0.217781,7.21,31.1208,1,1,243.374,nan
n0774,abierto,B15,133.5917,0.166092,14.5176,158.2097,17.0855,71.8186,BIEN,19.2401,0.924395,4.2776,18.4278,0.166156,0.203258,0.0384,22.3769,1,1,214.151,nan
n0774,abierto,B25,133.5917,0.166092,24.5297,160.659,16.6683,71.9017,BIEN,18.5647,0.927341,4.7707,20.2612,0.181883,0.187071,9.5074,12.6312,1,1,217.311,nan
n0774,abierto,B40,133.5917,0.166092,39.4872,160.3403,16.5907,71.3494,BIEN,18.7206,0.93043,5.8221,20.0227,0.170605,0.177283,2.7172,6.7379,1,1,244.021,nan
n0777,abierto,B5,128.9759,0.197981,4.3843,150.8669,20.6486,76.7945,BIEN,19.2032,0.844287,3.9162,16.9729,0.178614,nan,9.7826,nan,1,1,235.888,nan
n0777,abierto,B10,128.9759,0.197981,9.3729,151.3051,19.5075,73.9277,BIEN,19.6928,0.908131,4.263,17.3127,0.184872,0.197207,6.6213,0.3912,1,1,211.39,nan
n0777,abierto,B15,128.9759,0.197981,14.5342,153.5625,18.8282,73.5717,BIEN,19.1367,0.921901,4.4684,19.0629,0.182262,0.193637,7.9396,2.1944,1,1,217.33,nan
n0777,abierto,B25,128.9759,0.197981,24.5307,154.4267,18.4673,73.1162,BIEN,18.9828,0.927582,5.0833,19.733,0.179795,0.183351,9.1859,7.3899,1,1,204.061,nan
n0777,abierto,B40,128.9759,0.197981,39.4807,155.1875,18.2247,72.9264,BIEN,18.7974,0.928338,6.1088,20.3228,0.192743,0.18232,2.6461,7.9107,1,1,233.618,nan
n0807,abierto,B5,112.708,0.182411,4.3323,124.3338,32.4904,78.6404,BIEN,22.6346,0.843853,5.1728,10.315,0.174322,0.212064,4.4346,16.256,1,1,247.2,nan
n0807,abierto,B10,112.708,0.182411,9.477,130.7661,30.5828,78.7434,BIEN,20.8591,0.906918,5.1941,16.022,0.183831,0.201163,0.7783,10.28,1,1,201.406,nan
n0807,abierto,B15,112.708,0.182411,14.5483,132.8253,29.8667,78.7327,BIEN,20.2711,0.922571,5.4456,17.8491,0.193956,0.200204,6.3287,9.7542,1,1,244.469,nan
n0807,abierto,B25,112.708,0.182411,24.488,134.4878,29.3019,78.7257,BIEN,19.8006,0.928664,6.1132,19.3241,0.195541,0.206021,7.1976,12.9433,1,1,242.795,nan
n0807,abierto,B40,112.708,0.182411,39.503,134.7532,29.0516,78.1781,BIEN,19.8246,0.932658,7.3925,19.5597,0.193956,0.204699,6.3287,12.2185,1,1,212.26,nan
n0815,abierto,B5,137.8192,0.173399,4.3758,149.957,21.1415,73.3319,BIEN,22.9178,0.874259,4.0559,8.8071,0.172649,nan,0.4322,nan,1,1,226.26,nan
n0815,abierto,B10,137.8192,0.173399,9.3064,157.4066,17.9355,72.3168,BIEN,20.6965,0.928398,4.0035,14.2124,0.17359,0.197716,0.1099,14.0237,1,1,242.254,nan
n0815,abierto,B15,137.8192,0.173399,14.5087,159.8206,16.9671,71.8242,BIEN,20.0001,0.93808,4.1907,15.964,0.171992,0.169382,0.8115,2.3168,1,1,208.377,nan
n0815,abierto,B25,137.8192,0.173399,24.5113,159.0631,16.8546,70.9398,BIEN,20.4157,0.947126,4.8761,15.4144,0.168544,0.18151,2.7996,4.6778,1,1,212.188,nan
n0815,abierto,B40,137.8192,0.173399,39.5035,159.3816,16.579,70.4961,BIEN,20.3786,0.948789,5.8975,15.6454,0.171061,0.176555,1.3485,1.8199,1,1,239.487,nan
n0826,abierto,B5,119.3938,0.194567,4.3613,136.0119,28.025,79.3999,BIEN,20.7091,0.840146,4.5622,13.9187,0.182931,0.204396,5.9807,5.0514,1,1,241.348,nan
n0826,abierto,B10,119.3938,0.194567,9.4149,137.0128,26.9887,76.6939,BIEN,21.2422,0.911234,4.9308,14.757,0.183349,0.19776,5.766,1.6409,1,1,248.701,nan
n0826,abierto,B15,119.3938,0.194567,14.5524,140.8669,25.9873,77.3112,BIEN,19.9564,0.923716,5.0496,17.9851,0.182237,0.20155,6.3373,3.5886,1,1,247.936,nan
n0826,abierto,B25,119.3938,0.194567,24.5019,141.4651,25.7214,76.8881,BIEN,19.8555,0.930589,5.7442,18.4862,0.185734,0.201197,4.5402,3.4075,1,1,227.231,nan
n0826,abierto,B40,119.3938,0.194567,39.5022,141.5584,25.5021,76.22,BIEN,19.9424,0.933147,6.9556,18.5643,0.184648,0.20351,5.0982,4.5961,1,1,246.494,nan
n0840,abierto,B5,116.1739,0.136367,4.352,135.5169,29.5717,82.8454,BIEN,19.5584,0.834275,4.5016,16.65,0.115937,0.196801,14.9817,44.3176,1,1,249.626,nan
n0840,abierto,B10,116.1739,0.136367,9.4138,136.397,28.6014,79.9109,BIEN,20.0786,0.90486,4.8845,17.4076,0.106635,0.157329,21.8028,15.3719,1,1,230.5,nan
n0840,abierto,B15,116.1739,0.136367,14.5651,136.8455,28.1473,78.9783,BIEN,20.1398,0.924267,5.2373,17.7936,0.112193,0.155773,17.7273,14.2311,1,1,231.567,nan
n0840,abierto,B25,116.1739,0.136367,24.5031,137.0465,27.9648,78.2534,BIEN,20.2232,0.933158,5.9904,17.9666,0.106512,0.15025,21.8933,10.1809,1,1,216.788,nan
n0840,abierto,B40,116.1739,0.136367,39.5003,137.9595,27.6582,78.1264,BIEN,19.975,0.935192,7.1777,18.7525,0.106797,0.123806,21.6841,9.2109,1,1,223.619,nan
n0889,abierto,B5,121.0923,0.188755,4.3683,136.3147,26.7966,78.0564,BIEN,21.1984,0.842596,4.5707,12.5709,0.18122,0.219189,3.9919,16.1235,1,1,191.468,nan
n0889,abierto,B10,121.0923,0.188755,9.3951,143.2971,24.6347,78.0019,BIEN,19.4707,0.900542,4.5559,18.3371,0.182077,0.186432,3.5379,1.2308,1,1,210.402,nan
n0889,abierto,B15,121.0923,0.188755,14.5542,143.0172,24.4464,76.8664,BIEN,19.7615,0.919577,4.9326,18.1059,0.185046,0.193828,1.9652,2.6879,1,1,226.932,nan
n0889,abierto,B25,121.0923,0.188755,24.5061,143.8352,24.1146,76.189,BIEN,19.652,0.929717,5.6104,18.7814,0.189514,0.196201,0.4023,3.9451,1,1,189.721,nan
n0889,abierto,B40,121.0923,0.188755,39.4784,144.7122,23.7788,76.2054,BIEN,19.3973,0.929232,6.7214,19.5057,0.189703,0.18606,0.5024,1.4279,1,1,220.892,nan
n0909,abierto,B5,117.2269,0.195183,4.3509,135.7965,28.7372,80.9637,BIEN,19.8915,0.839156,4.5091,15.8408,0.186886,0.203947,4.2506,4.4906,1,1,237.688,nan
n0909,abierto,B10,117.2269,0.195183,9.4179,136.7533,27.73,78.2568,BIEN,20.3842,0.905771,4.8828,16.6569,0.185442,0.194844,4.9905,0.1735,1,1,133.2,nan
n0909,abierto,B15,117.2269,0.195183,14.5512,137.3239,27.3555,77.5017,BIEN,20.3634,0.92353,5.2205,17.1437,0.189938,0.192106,2.6871,1.5762,1,1,222.727,nan
n0909,abierto,B25,117.2269,0.195183,24.5021,139.3777,26.75,77.619,BIEN,19.7562,0.928158,5.8353,18.8957,0.188932,0.1894,3.2026,2.9626,1,1,218.107,nan
n0909,abierto,B40,117.2269,0.195183,39.496,139.9285,26.4919,77.29,BIEN,19.6533,0.930594,7.0278,19.3655,0.19117,0.185998,2.0559,4.7059,1,1,250.25,nan
n0910,abierto,B5,121.7654,0.186287,4.3662,136.393,27.0605,77.7667,BIEN,21.4746,0.843661,4.58,12.013,0.181812,0.201197,2.4019,8.0038,1,1,165.224,nan
n0910,abierto,B10,121.7654,0.186287,9.3934,143.3602,24.8093,77.7934,BIEN,19.7017,0.901782,4.5629,17.7348,0.19119,0.187075,2.6321,0.4231,1,1,213.206,nan
n0910,abierto,B15,121.7654,0.186287,14.5608,143.1038,24.6114,76.5994,BIEN,20.0072,0.920843,4.9404,17.5242,0.18699,0.190949,0.3776,2.5027,1,1,176.246,nan
n0910,abierto,B25,121.7654,0.186287,24.5062,144.9733,24.002,76.4151,BIEN,19.506,0.929349,5.5421,19.0596,0.179364,0.195533,3.7164,4.9638,1,1,236.379,nan
n0910,abierto,B40,121.7654,0.186287,39.4795,145.2515,23.7769,76.1421,BIEN,19.4701,0.930545,6.6912,19.2881,0.18811,0.195622,0.9786,5.0116,1,1,173.563,nan
n0911,abierto,B5,121.2901,0.18353,4.3662,136.2895,26.9072,77.8363,BIEN,21.3406,0.844902,4.5817,12.3666,0.172961,0.225847,5.7586,23.0574,1,1,183.878,nan
n0911,abierto,B10,121.2901,0.18353,9.3897,142.417,24.8559,77.5456,BIEN,19.8785,0.903639,4.6175,17.4185,0.172901,0.167701,5.7915,8.6247,1,1,216.821,nan
n0911,abierto,B15,121.2901,0.18353,14.5572,141.8063,24.6541,76.2275,BIEN,20.3121,0.923488,5.0192,16.915,0.17624,0.178638,3.9719,2.6651,1,1,215.485,nan
n0911,abierto,B25,121.2901,0.18353,24.5002,143.6429,24.1398,76.0186,BIEN,19.8048,0.930935,5.6284,18.4292,0.177089,0.185209,3.5094,0.9149,1,1,227.2,nan
n0911,abierto,B40,121.2901,0.18353,39.4819,143.9228,23.9205,75.7602,BIEN,19.7676,0.932566,6.7913,18.66,0.176388,0.172677,3.8911,5.9131,1,1,217.922,nan
n0915,abierto,B5,119.5064,0.179054,4.3723,136.2374,27.7591,79.1688,BIEN,20.6689,0.844044,4.5383,14.0001,0.183377,0.218561,2.4145,22.0642,1,1,228.399,nan
n0915,abierto,B10,119.5064,0.179054,9.3992,141.7402,25.8379,78.5062,BIEN,19.4802,0.902547,4.6169,18.6047,0.189894,0.18261,6.0538,1.9859,1,1,218.78,nan
n0915,abierto,B15,119.5064,0.179054,14.5509,141.2489,25.6671,77.2727,BIEN,19.849,0.921914,5.0129,18.1936,0.189318,0.188286,5.7325,5.1558,1,1,253.749,nan
n0915,abierto,B25,119.5064,0.179054,24.4993,142.2588,25.3139,77.1184,BIEN,19.5885,0.928135,5.6743,19.0387,0.198892,0.191198,11.0793,6.7821,1,1,239.906,nan
n0915,abierto,B40,119.5064,0.179054,39.4922,143.2337,24.8811,76.7425,BIEN,19.3741,0.929454,6.8065,19.8545,0.197346,0.183541,10.216,2.5057,1,1,168.356,nan
n0928,abierto,B5,129.4429,0.200518,4.3836,150.5798,21.3724,76.2565,BIEN,19.4275,0.847562,3.9006,16.3291,0.21224,0.213071,5.8458,6.2604,1,1,222.227,nan
n0928,abierto,B10,129.4429,0.200518,9.3357,151.2249,19.4531,73.292,BIEN,19.9085,0.915517,4.2403,16.8275,0.189292,0.199952,5.5986,0.282,1,1,154.0,nan
n0928,abierto,B15,129.4429,0.200518,14.5495,151.4382,19.2552,72.4229,BIEN,20.0215,0.932605,4.5647,16.9923,0.19402,0.210634,3.2405,5.045,1,1,215.077,nan
n0928,abierto,B25,129.4429,0.200518,24.4967,153.6403,18.6613,72.4103,BIEN,19.3793,0.936093,5.1003,18.6935,0.19846,0.204516,1.0263,1.9942,1,1,148.511,nan
n0928,abierto,B40,129.4429,0.200518,39.4946,153.9649,18.51,72.0131,BIEN,19.3469,0.938366,6.1668,18.9442,0.202414,0.200283,0.9457,0.1173,1,1,161.718,nan
n0934,abierto,B5,121.8689,0.184681,4.3457,136.4918,26.195,75.8745,BIEN,21.4683,0.84728,4.5882,11.9989,0.1911,0.196979,3.4759,6.6589,1,1,238.254,nan
n0934,abierto,B10,121.8689,0.184681,9.425,143.6721,23.6003,75.8945,BIEN,19.6708,0.903184,4.5643,17.8907,0.186652,0.193078,1.0674,4.5466,1,1,235.433,nan
n0934,abierto,B15,121.8689,0.184681,14.548,141.7183,23.6818,74.0488,BIEN,20.5869,0.924983,5.0475,16.2875,0.18881,0.19339,2.236,4.716,1,1,241.33,nan
n0934,abierto,B25,121.8689,0.184681,24.4992,144.4404,22.9735,74.279,BIEN,19.744,0.928494,5.5943,18.5211,0.192133,0.192471,4.035,4.2182,1,1,245.531,nan
n0934,abierto,B40,121.8689,0.184681,39.4955,144.4892,22.8027,73.8663,BIEN,19.8012,0.929949,6.7685,18.5612,0.191956,0.210869,3.9392,14.18,1,1,225.129,nan
n0967,abierto,B5,129.0396,0.198001,4.3707,150.6032,21.5199,76.9682,BIEN,19.2862,0.842026,3.9388,16.7108,0.178347,0.197798,9.9261,0.1024,1,1,165.076,nan
n0967,abierto,B10,129.0396,0.198001,9.3738,151.2924,20.2527,74.0882,BIEN,19.733,0.90776,4.2766,17.2449,0.177119,0.184337,10.5464,6.9009,1,1,210.775,nan
n0967,abierto,B15,129.0396,0.198001,14.508,151.2493,19.9228,73.0229,BIEN,19.9399,0.926289,4.6168,17.2115,0.185549,0.188523,6.2886,4.7865,1,1,206.13,nan
n0967,abierto,B25,129.0396,0.198001,24.528,153.9284,19.2416,73.1354,BIEN,19.1625,0.92799,5.1253,19.2877,0.17759,0.188232,10.3086,4.9336,1,1,200.916,nan
n0967,abierto,B40,129.0396,0.198001,39.4903,154.0774,19.0825,72.7065,BIEN,19.1786,0.930911,6.2009,19.4032,0.179337,0.210141,9.426,6.1313,1,1,211.569,nan
n1003,abierto,B5,124.3481,0.173736,4.346,136.6832,24.9568,73.7036,BIEN,22.6586,0.856394,4.7304,9.9198,0.159682,0.239517,8.089,37.8626,1,1,228.43,nan
n1003,abierto,B10,124.3481,0.173736,9.4327,143.9201,22.9521,74.0041,BIEN,20.659,0.914298,4.6863,15.7397,0.160812,0.186089,7.4388,7.1104,1,1,227.946,nan
n1003,abierto,B15,124.3481,0.173736,14.482,146.266,22.2962,73.888,BIEN,20.0013,0.9263,4.8936,17.6263,0.168991,0.164982,2.7309,5.0388,1,1,199.461,nan
n1003,abierto,B25,124.3481,0.173736,24.5333,148.1412,21.681,73.5674,BIEN,19.5246,0.928864,5.4828,19.1343,0.170741,0.165525,1.7236,4.7263,1,1,241.08,nan
n1003,abierto,B40,124.3481,0.173736,39.4918,148.8028,21.4908,73.5536,BIEN,19.3341,0.928993,6.5671,19.6664,0.176512,0.161602,1.5977,6.9842,1,1,238.351,nan
n1031,abierto,B5,134.4414,0.167394,4.3737,151.4611,18.836,71.481,BIEN,21.0642,0.845907,4.033,12.6596,0.167997,nan,0.3605,nan,1,1,238.658,nan
n1031,abierto,B10,134.4414,0.167394,9.3365,159.2377,16.6101,71.6362,BIEN,19.0594,0.906082,3.9524,18.444,0.176715,0.180243,5.5683,7.6758,1,1,221.381,nan
n1031,abierto,B15,134.4414,0.167394,14.5068,161.1511,15.9949,70.8447,BIEN,18.6674,0.921812,4.1683,19.8672,0.165883,0.173984,0.9027,3.9368,1,1,221.818,nan
n1031,abierto,B25,134.4414,0.167394,24.5366,160.9445,15.8474,70.209,BIEN,18.8091,0.928548,4.8104,19.7135,0.15706,0.176323,6.1733,5.3339,1,1,215.54,nan
n1031,abierto,B40,134.4414,0.167394,39.4962,161.4699,15.6417,69.9139,BIEN,18.6994,0.929561,5.8008,20.1043,0.158996,0.183003,5.0166,9.3249,1,1,158.899,nan
n1042,abierto,B5,124.3439,0.191003,4.3971,150.7272,21.6402,76.7998,BIEN,17.8827,0.835449,3.9093,21.218,0.207437,0.213399,8.6043,11.7253,1,1,112.24,nan
n1042,abierto,B10,124.3439,0.191003,9.3446,151.2517,19.785,74.1753,BIEN,18.2147,0.903287,4.2459,21.6398,0.206226,0.213773,7.97,11.9215,1,1,205.478,nan
n1042,abierto,B15,124.3439,0.191003,14.5136,154.6043,19.0514,74.2915,BIEN,17.4334,0.911807,4.3849,24.336,0.197809,0.21243,3.5631,11.2181,1,1,246.895,nan
n1042,abierto,B25,124.3439,0.191003,24.5187,154.8695,18.6458,73.3025,BIEN,17.4934,0.91974,5.0395,24.5493,0.19763,0.205664,3.4697,7.6757,1,1,222.084,nan
n1042,abierto,B40,124.3439,0.191003,39.4884,155.726,18.4479,73.33,BIEN,17.2909,0.919126,6.051,25.2381,0.194279,0.203319,1.7151,6.4481,1,1,220.274,nan
o0009,abierto,B5,98.6616,0.247376,4.4429,109.5689,43.8258,77.814,BIEN,22.5553,0.895299,5.9204,11.0553,0.25218,0.196609,1.9418,20.5221,1,1,166.736,nan
o0009,abierto,B10,98.6616,0.247376,9.4314,105.5366,46.9658,77.7023,BIEN,24.2502,0.925487,6.5762,6.9683,0.253571,0.239674,2.5041,3.1137,1,1,257.612,nan
o0009,abierto,B15,98.6616,0.247376,14.4531,107.2521,45.4424,76.6077,BIEN,24.32,0.943744,6.9785,8.707,0.247711,0.241006,0.1351,2.5753,1,1,237.931,nan
o0009,abierto,B25,98.6616,0.247376,24.4904,104.2198,47.4451,77.6661,BIEN,24.8348,0.933479,8.0992,5.6336,0.248576,0.24219,0.4848,2.0964,1,1,226.742,nan
o0009,abierto,B40,98.6616,0.247376,39.5197,105.2743,46.6941,77.2949,BIEN,24.7217,0.94,9.7568,6.7024,0.251474,0.246278,1.6566,0.4439,1,1,236.356,nan
o0043,abierto,B5,88.0739,0.253944,4.4403,96.7591,50.36,67.5362,BIEN,24.423,0.914696,7.1052,9.8612,0.265743,0.200342,4.6466,21.1075,1,1,229.516,nan
o0043,abierto,B10,88.0739,0.253944,9.4289,94.889,50.4337,69.2895,BIEN,24.2317,0.932678,7.606,7.7379,0.26215,0.245839,3.2317,3.1917,1,1,206.394,nan
o0043,abierto,B15,88.0739,0.253944,14.4534,97.8675,48.854,68.4611,BIEN,23.6945,0.948778,7.9357,11.1197,0.256241,0.258526,0.9047,1.8045,1,1,242.96,nan
o0043,abierto,B25,88.0739,0.253944,24.4898,97.317,49.2674,68.9776,BIEN,23.6685,0.948084,9.0233,10.4947,0.262619,0.253454,3.4162,0.1929,1,1,206.915,nan
o0043,abierto,B40,88.0739,0.253944,39.4934,97.5009,49.1665,68.8085,BIEN,23.6929,0.949962,10.926,10.7035,0.262619,0.249068,3.4162,1.9201,1,1,242.418,nan
o0053,abierto,B5,90.3395,0.241034,4.4523,101.734,47.1501,71.8923,BIEN,22.7722,0.903037,6.6297,12.613,0.250281,0.207031,3.8364,14.1071,1,1,221.813,nan
o0053,abierto,B10,90.3395,0.241034,9.4179,100.8456,47.7226,71.5215,BIEN,23.2071,0.937672,7.1294,11.6295,0.243898,0.244212,1.1881,1.3182,1,1,221.102,nan
o0053,abierto,B15,90.3395,0.241034,14.4319,101.0953,47.5752,71.0311,BIEN,23.3355,0.946789,7.6096,11.906,0.247436,0.247298,2.6559,2.5986,1,1,222.916,nan
o0053,abierto,B25,90.3395,0.241034,24.5003,100.8715,47.7343,71.5133,BIEN,23.208,0.946546,8.6359,11.6583,0.253744,0.247857,5.273,2.8305,1,1,231.0,nan
o0053,abierto,B40,90.3395,0.241034,39.5036,100.7774,47.7226,71.3351,BIEN,23.3281,0.948193,10.4819,11.5541,0.252751,0.242896,4.8611,0.7722,1,1,213.689,nan
o0056,abierto,B5,89.0746,0.249039,4.4613,102.407,46.2749,70.8028,BIEN,22.0013,0.907386,6.6562,14.9677,0.250389,nan,0.5422,nan,1,1,179.937,nan
o0056,abierto,B10,89.0746,0.249039,9.4202,97.8677,48.8152,70.9615,BIEN,23.1643,0.932411,7.346,9.8716,0.245567,0.241393,1.3945,3.0705,1,1,245.206,nan
o0056,abierto,B15,89.0746,0.249039,14.4562,100.8269,47.1016,69.6694,BIEN,22.838,0.9514,7.6931,13.1938,0.256246,0.250178,2.8938,0.4573,1,1,234.017,nan
o0056,abierto,B25,89.0746,0.249039,24.4983,99.8604,47.5984,70.0438,BIEN,23.0048,0.951384,8.7837,12.1087,0.252275,0.250702,1.2994,0.6677,1,1,204.859,nan
o0056,abierto,B40,89.0746,0.249039,39.5025,99.7361,47.6295,69.9976,BIEN,23.0687,0.951661,10.6397,11.9692,0.253846,0.24907,1.93,0.0122,1,1,208.503,nan
o0070,abierto,B5,87.803,0.242814,4.4378,96.6271,50.4202,67.817,BIEN,24.3352,0.912498,7.1038,10.0499,0.240087,0.198455,1.1231,18.269,1,1,239.837,nan
o0070,abierto,B10,87.803,0.242814,9.4264,96.55,49.4634,68.8792,BIEN,23.9477,0.940542,7.5202,9.962,0.244643,0.240095,0.7533,1.1198,1,1,212.391,nan
o0070,abierto,B15,87.803,0.242814,14.4663,97.0114,49.1005,69.0311,BIEN,23.7303,0.946363,7.9741,10.4875,0.250237,0.242699,3.0569,0.0476,1,1,226.881,nan
o0070,abierto,B25,87.803,0.242814,24.4845,97.0758,49.0966,69.2097,BIEN,23.6275,0.947819,9.0367,10.5609,0.247802,0.237302,2.0543,2.2702,1,1,231.616,nan
o0070,abierto,B40,87.803,0.242814,39.5086,97.4833,48.9472,69.1377,BIEN,23.5319,0.949859,10.9141,11.025,0.24788,0.239994,2.0861,1.1615,1,1,219.414,nan
o0085,abierto,B5,89.791,0.242467,4.4805,101.9449,46.4923,70.6858,BIEN,22.7415,0.909696,6.666,13.5358,0.230568,0.21311,4.9077,12.1077,1,1,186.598,nan
o0085,abierto,B10,89.791,0.242467,9.4654,98.2881,48.8385,71.5534,BIEN,23.4968,0.932511,7.28,9.4633,0.230625,0.23017,4.8841,5.0716,1,1,208.629,nan
o0085,abierto,B15,89.791,0.242467,14.5129,101.1233,47.2569,70.1484,BIEN,23.2278,0.950675,7.6445,12.6208,0.228946,0.236377,5.5763,2.5117,1,1,202.766,nan
o0085,abierto,B25,89.791,0.242467,24.4842,99.4938,48.1457,70.4868,BIEN,23.6454,0.950303,8.7842,10.8061,0.23129,0.226575,4.6098,6.5542,1,1,211.73,nan
o0085,abierto,B40,89.791,0.242467,39.5181,99.3951,48.2039,70.4598,BIEN,23.6936,0.951005,10.6536,10.6961,0.231467,0.230065,4.5365,5.1148,1,1,215.262,nan
o0088,abierto,B5,89.9646,0.254009,4.486,102.2264,47.0434,71.5073,BIEN,22.6644,0.907196,6.6258,13.6296,0.256852,0.185158,1.1194,27.1058,1,1,187.143,nan
o0088,abierto,B10,89.9646,0.254009,9.4787,99.6808,48.4368,71.9514,BIEN,23.2629,0.936464,7.1861,10.8,0.252693,0.233416,0.518,8.1072,1,1,208.216,nan
o0088,abierto,B15,89.9646,0.254009,14.5369,100.1638,48.1981,71.4171,BIEN,23.3543,0.947176,7.6597,11.337,0.248289,0.237954,2.2516,6.3208,1,1,158.298,nan
o0088,abierto,B25,89.9646,0.254009,24.5125,99.7019,48.4523,71.2667,BIEN,23.5743,0.949401,8.7401,10.8235,0.247232,0.233245,2.6678,8.1745,1,1,196.24,nan
o0088,abierto,B40,89.9646,0.254009,39.5479,100.0859,48.2408,71.3415,BIEN,23.4114,0.950227,10.5512,11.2504,0.247886,0.236331,2.4103,6.9595,1,1,208.247,nan
o0102,abierto,B5,98.5535,0.250848,4.4588,110.7209,43.6162,78.8571,BIEN,22.0815,0.88836,5.8434,12.346,0.249896,0.207867,0.3794,17.1344,1,1,171.157,nan
o0102,abierto,B10,98.5535,0.250848,9.4389,106.0165,46.2283,78.8095,BIEN,23.655,0.916168,6.5115,7.5726,0.248565,0.238844,0.91,4.7852,1,1,232.591,nan
o0102,abierto,B15,98.5535,0.250848,14.455,109.1751,44.6059,77.799,BIEN,23.1727,0.940833,6.8148,10.7775,0.255298,0.247889,1.7739,1.1795,1,1,245.158,nan
o0102,abierto,B25,98.5535,0.250848,24.4849,108.2836,45.1687,78.2313,BIEN,23.2729,0.94118,7.7936,9.8729,0.250008,0.246391,0.335,1.7768,1,1,223.015,nan
o0102,abierto,B40,98.5535,0.250848,39.5195,108.3813,45.1144,78.3444,BIEN,23.2086,0.940557,9.4287,9.9721,0.250326,0.244585,0.2082,2.4968,1,1,231.369,nan
o0177,abierto,B5,88.286,0.236426,4.4383,97.757,49.3082,66.4566,BIEN,24.168,0.917547,7.0507,10.7276,0.255432,0.220378,8.0387,6.7881,1,1,226.809,nan
o0177,abierto,B10,88.286,0.236426,9.4409,95.2992,49.8671,68.4346,BIEN,24.2895,0.93543,7.6009,7.9437,0.24591,0.246764,4.0111,4.3725,1,1,257.228,nan
o0177,abierto,B15,88.286,0.236426,14.4604,96.135,49.2286,68.007,BIEN,24.2565,0.945763,8.0599,8.8904,0.246422,0.243689,4.2278,3.0719,1,1,237.017,nan
o0177,abierto,B25,88.286,0.236426,24.4848,96.7941,49.0365,67.7449,BIEN,24.1819,0.950531,9.1089,9.6369,0.247768,0.240393,4.7971,1.6778,1,1,252.111,nan
o0177,abierto,B40,88.286,0.236426,39.5084,96.4573,49.2228,67.9096,BIEN,24.2295,0.949675,11.0602,9.2554,0.245279,0.238828,3.7444,1.0157,1,1,250.614,nan
o0179,abierto,B5,88.926,0.25477,4.4461,98.5627,49.3741,68.3162,BIEN,24.0046,0.914081,6.9408,10.8368,0.25416,0.211972,0.2395,16.7986,1,1,207.589,nan
o0179,abierto,B10,88.926,0.25477,9.43,96.2196,50.0883,69.6958,BIEN,24.2886,0.936712,7.4918,8.2018,0.252703,0.247186,0.811,2.9767,1,1,163.05,nan
o0179,abierto,B15,88.926,0.25477,14.461,97.5403,49.1917,69.3185,BIEN,24.0498,0.94717,7.9111,9.6871,0.252697,0.252477,0.8135,0.8999,1,1,206.228,nan
o0179,abierto,B25,88.926,0.25477,24.4967,97.096,49.4595,69.6596,BIEN,24.046,0.946597,9.0016,9.1874,0.255162,0.242827,0.154,4.6877,1,1,233.634,nan
o0179,abierto,B40,88.926,0.25477,39.5009,97.7809,49.0908,69.6339,BIEN,23.833,0.948173,10.845,9.9576,0.254327,0.238612,0.1738,6.342,1,1,217.264,nan
o0195,abierto,B5,89.5158,0.25025,4.4569,99.9403,47.8488,69.7196,BIEN,23.6232,0.91014,6.8068,11.6454,0.246685,0.217471,1.4247,13.0986,1,1,225.317,nan
o0195,abierto,B10,89.5158,0.25025,9.4523,97.601,49.706,70.4415,BIEN,24.2076,0.937764,7.3735,9.0322,0.250505,0.23802,0.1018,4.8873,1,1,205.288,nan
o0195,abierto,B15,89.5158,0.25025,14.4806,98.9864,48.8637,69.9998,BIEN,23.9576,0.948597,7.7909,10.5798,0.253137,0.244364,1.1537,2.352,1,1,231.102,nan
o0195,abierto,B25,89.5158,0.25025,24.4923,98.67,49.0559,70.176,BIEN,23.9594,0.94884,8.8627,10.2264,0.252579,0.235158,0.9307,6.0308,1,1,212.802,nan
o0195,abierto,B40,89.5158,0.25025,39.5186,98.3713,49.2053,70.2001,BIEN,24.062,0.948869,10.7757,9.8927,0.258057,0.234862,3.1198,6.1492,1,1,234.494,nan
o0196,abierto,B5,90.4231,0.248097,4.4548,100.99,47.0182,70.2723,BIEN,23.253,0.906899,6.7268,11.6861,0.246328,0.21277,0.7128,14.239,1,1,219.366,nan
o0196,abierto,B10,90.4231,0.248097,9.4151,99.0907,48.3495,70.4221,BIEN,23.8343,0.937241,7.2714,9.5855,0.251713,0.244232,1.4574,1.5578,1,1,238.209,nan
o0196,abierto,B15,90.4231,0.248097,14.4294,100.2587,47.777,70.1027,BIEN,23.6303,0.94682,7.6933,10.8773,0.251039,0.239738,1.1859,3.3691,1,1,222.697,nan
o0196,abierto,B25,90.4231,0.248097,24.4948,99.5262,48.1768,69.9152,BIEN,23.9669,0.949084,8.8015,10.0672,0.240904,0.237836,2.8993,4.1357,1,1,210.77,nan
o0196,abierto,B40,90.4231,0.248097,39.512,99.282,48.3048,69.9388,BIEN,24.0421,0.949177,10.6805,9.7971,0.240904,0.234719,2.8993,5.392,1,1,225.754,nan
o0205,abierto,B5,92.6489,0.244769,4.4453,102.8886,46.4632,72.393,BIEN,23.4076,0.90458,6.535,11.0522,0.247289,0.209712,1.0293,14.3227,1,1,213.684,nan
o0205,abierto,B10,92.6489,0.244769,9.4273,100.4125,48.1341,72.4424,BIEN,24.2631,0.935309,7.1128,8.3795,0.24445,0.24181,0.1302,1.209,1,1,235.266,nan
o0205,abierto,B15,92.6489,0.244769,14.4655,102.4052,47.0551,71.8852,BIEN,23.8604,0.946743,7.4828,10.5304,0.248928,0.236614,1.6991,3.3319,1,1,227.936,nan
o0205,abierto,B25,92.6489,0.244769,24.4928,101.3398,47.8333,71.9854,BIEN,24.1937,0.947615,8.5739,9.3805,0.25,0.243994,2.1369,0.3165,1,1,208.882,nan
o0205,abierto,B40,92.6489,0.244769,39.5032,100.9931,47.9827,72.2913,BIEN,24.1752,0.945915,10.3989,9.0062,0.245715,0.236769,0.3865,3.2683,1,1,226.804,nan
o0207,abierto,B5,92.6449,0.247266,4.4458,102.7652,46.3564,72.5987,BIEN,23.409,0.903133,6.5318,10.9237,0.240437,0.208941,2.7615,15.4993,1,1,244.523,nan
o0207,abierto,B10,92.6449,0.247266,9.4291,99.8551,48.3514,72.3856,BIEN,24.5492,0.934779,7.1488,7.7827,0.233883,0.239288,5.4121,3.2262,1,1,241.109,nan
o0207,abierto,B15,92.6449,0.247266,14.4652,101.9837,47.3287,72.1974,BIEN,23.9334,0.945614,7.4963,10.0802,0.242737,0.246672,1.8313,0.2402,1,1,254.641,nan
o0207,abierto,B25,92.6449,0.247266,24.5139,100.7826,47.9788,72.33,BIEN,24.3087,0.945874,8.6018,8.7838,0.248687,0.237259,0.5748,4.047,1,1,253.859,nan
o0207,abierto,B40,92.6449,0.247266,39.5011,101.0006,47.8934,72.4477,BIEN,24.1657,0.946062,10.391,9.019,0.244106,0.243555,1.2779,1.5005,1,1,198.004,nan
o0260,abierto,B5,94.7754,0.255353,4.4237,103.1131,46.3234,71.985,BIEN,24.7022,0.908275,6.5055,8.7973,0.246439,0.20127,3.4909,21.1796,1,1,242.577,nan
o0260,abierto,B10,94.7754,0.255353,9.4396,103.2373,46.8688,73.8363,BIEN,24.0497,0.934785,6.8765,8.9284,0.254459,0.251456,0.3503,1.5262,1,1,230.755,nan
o0260,abierto,B15,94.7754,0.255353,14.4593,104.3299,46.3584,73.1854,BIEN,23.9572,0.94642,7.2941,10.0812,0.255889,0.243933,0.21,4.4725,1,1,244.75,nan
o0260,abierto,B25,94.7754,0.255353,24.5024,103.8904,46.5466,73.6539,BIEN,23.9303,0.947248,8.3048,9.6175,0.250624,0.240061,1.8519,5.9885,1,1,220.79,nan
o0260,abierto,B40,94.7754,0.255353,39.514,103.4236,46.795,74.0394,BIEN,23.8935,0.944735,10.0694,9.125,0.250672,0.241591,1.8334,5.3893,1,1,235.211,nan
o0279,abierto,B5,91.4355,0.250783,4.4634,103.226,45.846,70.6307,BIEN,22.8736,0.906753,6.5856,12.8949,0.255402,0.196176,1.8417,21.7746,1,1,238.339,nan
o0279,abierto,B10,91.4355,0.250783,9.4302,97.4824,49.347,71.1866,BIEN,24.398,0.926453,7.3391,6.6133,0.255942,0.245852,2.0571,1.9663,1,1,241.692,nan
o0279,abierto,B15,91.4355,0.250783,14.47,99.2757,48.1981,70.1568,BIEN,24.4432,0.944749,7.7564,8.5746,0.255216,0.24722,1.7674,1.421,1,1,241.505,nan
o0279,abierto,B25,91.4355,0.250783,24.5044,98.4867,48.7046,70.9609,BIEN,24.2451,0.941184,8.815,7.7117,0.254238,0.244556,1.3777,2.4831,1,1,229.279,nan
o0279,abierto,B40,91.4355,0.250783,39.4693,98.806,48.4814,70.7026,BIEN,24.3067,0.943864,10.6602,8.061,0.251875,0.238902,0.4354,4.7375,1,1,228.305,nan
o0359,abierto,B5,95.2885,0.249409,4.389,102.1218,47.2976,73.3218,BIEN,25.0632,0.904294,6.496,7.1712,0.246542,0.194299,1.1496,22.096,1,1,232.845,nan
o0359,abierto,B10,95.2885,0.249409,9.409,101.5547,48.2059,75.2509,BIEN,24.4696,0.923821,6.9042,6.576,0.250948,0.232135,0.6171,6.926,1,1,234.588,nan
o0359,abierto,B15,95.2885,0.249409,14.467,104.0468,47.0454,74.5492,BIEN,24.01,0.941303,7.2454,9.1913,0.251395,0.239805,0.7965,3.8505,1,1,243.855,nan
o0359,abierto,B25,95.2885,0.249409,24.5052,102.585,47.7226,74.7145,BIEN,24.5112,0.941819,8.3435,7.6572,0.251511,0.244419,0.8427,2.0005,1,1,220.653,nan
o0359,abierto,B40,95.2885,0.249409,39.5139,102.3564,47.9128,74.8837,BIEN,24.4699,0.94067,10.1174,7.4174,0.247499,0.239494,0.7658,3.9752,1,1,229.011,nan
o0394,abierto,B5,92.238,0.254526,4.4408,103.007,46.5815,71.7323,BIEN,23.311,0.903257,6.5418,11.6753,0.253885,0.214091,0.2517,15.8866,1,1,233.046,nan
o0394,abierto,B10,92.238,0.254526,9.4354,100.0245,48.4717,71.8054,BIEN,24.3723,0.936019,7.1524,8.4417,0.250795,0.228593,1.4657,10.1887,1,1,212.694,nan
o0394,abierto,B15,92.238,0.254526,14.4702,102.8764,47.1288,71.6216,BIEN,23.4349,0.945384,7.4477,11.5337,0.251056,0.248137,1.3632,2.5102,1,1,224.497,nan
o0394,abierto,B25,92.238,0.254526,24.4986,101.1812,47.8837,71.3567,BIEN,24.1974,0.947745,8.6039,9.6957,0.257717,0.238691,1.2536,6.2214,1,1,217.179,nan
o0394,abierto,B40,92.238,0.254526,39.5007,101.1129,47.9089,71.6289,BIEN,24.0985,0.946949,10.4121,9.6218,0.253387,0.234823,0.4476,7.7411,1,1,250.815,nan
o0432,abierto,B5,99.1014,0.254954,4.459,110.1763,41.8832,74.2475,BIEN,22.9445,0.902671,6.0067,11.1753,0.254194,0.192652,0.2981,24.4368,1,1,225.215,nan
o0432,abierto,B10,99.1014,0.254954,9.438,104.3045,46.7756,75.1072,BIEN,24.8377,0.924818,6.7396,5.2503,0.257732,0.242667,1.0896,4.8195,1,1,219.814,nan
o0432,abierto,B15,99.1014,0.254954,14.4591,107.779,44.4701,73.5039,BIEN,24.5571,0.946304,7.0497,8.7563,0.253282,0.242385,0.6559,4.9302,1,1,239.59,nan
o0432,abierto,B25,99.1014,0.254954,24.5053,105.7325,45.7102,73.9604,BIEN,25.1114,0.945768,8.1329,6.6912,0.251783,0.241379,1.2439,5.3245,1,1,219.829,nan
o0432,abierto,B40,99.1014,0.254954,39.5133,106.7899,44.9397,73.9852,BIEN,24.6779,0.947224,9.745,7.7583,0.251159,0.247301,1.4887,3.002,1,1,258.171,nan
o0444,abierto,B5,102.8091,0.253199,4.4561,109.9726,44.4604,78.9077,BIEN,24.7025,0.893182,5.8476,6.9678,0.262161,0.222007,3.5394,12.3191,1,1,251.591,nan
o0444,abierto,B10,102.8091,0.253199,9.4635,107.8082,46.8086,80.8924,BIEN,24.4946,0.909638,6.2996,4.8626,0.258541,0.235265,2.1098,7.0831,1,1,243.843,nan
o0444,abierto,B15,102.8091,0.253199,14.4405,109.5011,45.65,79.7436,BIEN,24.6671,0.931999,6.6854,6.5091,0.253739,0.241079,0.2132,4.7869,1,1,203.384,nan
o0444,abierto,B25,102.8091,0.253199,24.4921,109.2776,45.619,79.6059,BIEN,24.8588,0.936112,7.6433,6.2918,0.254846,0.242794,0.6505,4.1093,1,1,232.439,nan
o0444,abierto,B40,102.8091,0.253199,39.5207,109.1145,45.8674,79.9326,BIEN,24.7224,0.933546,9.264,6.1331,0.257446,0.245587,1.6774,3.0063,1,1,223.609,nan
o0470,abierto,B5,97.0544,0.233173,4.4254,103.9051,45.2619,69.7482,BIEN,25.6794,0.914125,6.5742,7.0586,0.242186,0.199844,3.8655,14.2937,1,1,212.766,nan
o0470,abierto,B10,97.0544,0.233173,9.4211,104.2013,45.4074,71.6701,BIEN,24.6647,0.942887,6.8973,7.3638,0.235678,0.221899,1.0744,4.8353,1,1,181.838,nan
o0470,abierto,B15,97.0544,0.233173,14.4683,105.1551,45.062,71.8086,BIEN,24.3244,0.95194,7.2873,8.3466,0.235814,0.224902,1.1326,3.5471,1,1,174.083,nan
o0470,abierto,B25,97.0544,0.233173,24.5034,105.6054,44.8582,72.1078,BIEN,24.0086,0.953981,8.2178,8.8105,0.235517,0.218449,1.0054,6.3148,1,1,228.076,nan
o0470,abierto,B40,97.0544,0.233173,39.5163,105.5496,44.8582,71.6484,BIEN,24.2761,0.957517,9.9567,8.7531,0.235278,0.231023,0.9028,0.9223,1,1,233.803,nan
o0491,abierto,B5,87.9221,0.251637,4.4184,96.5105,49.6846,63.6598,BIEN,24.8926,0.923245,7.2336,9.7681,0.244833,0.198636,2.7037,21.0624,1,1,248.855,nan
o0491,abierto,B10,87.9221,0.251637,9.4298,93.7381,50.7307,65.4973,BIEN,25.1515,0.942445,7.8215,6.615,0.245754,0.233197,2.3379,7.3279,1,1,232.261,nan
o0491,abierto,B15,87.9221,0.251637,14.4525,94.3502,50.1659,65.1174,BIEN,25.2154,0.953041,8.3055,7.3111,0.248856,0.229024,1.1049,8.9861,1,1,243.784,nan
o0491,abierto,B25,87.9221,0.251637,24.4881,95.5534,49.4421,65.5247,BIEN,24.6022,0.955867,9.295,8.6796,0.246713,0.235071,1.9568,6.5832,1,1,186.522,nan
o0491,abierto,B40,87.9221,0.251637,39.5235,94.8321,49.8884,65.1908,BIEN,25.0256,0.956997,11.3485,7.8592,0.244197,0.234669,2.9565,6.7431,1,1,249.016,nan
o0545,abierto,B5,94.6302,0.256123,4.432,104.532,43.0534,68.3339,BIEN,24.1111,0.914019,6.6205,10.4637,0.265009,nan,3.4693,nan,1,1,246.184,nan
o0545,abierto,B10,94.6302,0.256123,9.3949,102.8411,44.7049,71.9131,BIEN,23.1378,0.934969,6.9917,8.6768,0.269322,0.264802,5.1535,3.3886,1,1,229.906,nan
o0545,abierto,B15,94.6302,0.256123,14.452,103.6872,44.1363,69.9401,BIEN,23.8291,0.953676,7.4854,9.5709,0.267456,0.276098,4.4248,7.7991,1,1,232.742,nan
o0545,abierto,B25,94.6302,0.256123,24.5039,102.0844,45.0581,70.774,BIEN,23.9205,0.949596,8.5548,7.8772,0.26486,0.272966,3.4114,6.5761,1,1,240.402,nan
o0545,abierto,B40,94.6302,0.256123,39.5008,102.669,44.7476,71.0514,BIEN,23.6602,0.950819,10.2372,8.4949,0.265064,0.263166,3.4909,2.75,1,1,230.441,nan
o0564,abierto,B5,99.9729,0.266965,4.4726,111.5087,41.9376,75.4557,BIEN,22.6204,0.900066,5.9041,11.5389,0.265097,nan,0.6996,nan,1,1,185.137,nan
o0564,abierto,B10,99.9729,0.266965,9.4885,106.0942,45.6617,75.8886,BIEN,24.5198,0.925274,6.6221,6.123,0.264574,0.235091,0.8955,11.9394,1,1,167.216,nan
o0564,abierto,B15,99.9729,0.266965,14.4769,107.7382,44.5419,74.9383,BIEN,24.5093,0.942041,7.0038,7.7675,0.258179,0.241881,3.291,9.3958,1,1,194.054,nan
o0564,abierto,B25,99.9729,0.266965,24.6214,107.2301,44.9999,75.7823,BIEN,24.2369,0.939262,7.9591,7.2592,0.267265,0.246814,0.1125,7.5481,1,1,240.854,nan
o0564,abierto,B40,99.9729,0.266965,39.6084,106.8451,45.1552,75.5043,BIEN,24.5175,0.940994,9.6653,6.8741,0.264921,0.245083,0.7657,8.1963,1,1,212.929,nan
o0570,abierto,B5,100.4596,0.258596,4.4518,110.9431,42.4344,76.3838,BIEN,22.7751,0.897829,5.8969,10.4356,0.262775,nan,1.616,nan,1,1,241.022,nan
o0570,abierto,B10,100.4596,0.258596,9.4306,106.731,45.1455,75.9532,BIEN,24.6472,0.928486,6.5723,6.2427,0.24492,0.243525,5.2886,5.828,1,1,218.914,nan
o0570,abierto,B15,100.4596,0.258596,14.4578,109.3681,43.4396,75.0317,BIEN,24.2625,0.94513,6.8968,8.8678,0.257757,0.245573,0.3243,5.0358,1,1,216.272,nan
o0570,abierto,B25,100.4596,0.258596,24.4681,108.7668,44.0102,75.677,BIEN,24.1493,0.945188,7.8478,8.2693,0.254903,0.244056,1.4279,5.6224,1,1,209.595,nan
o0570,abierto,B40,100.4596,0.258596,39.5136,108.2486,44.2023,75.8028,BIEN,24.2707,0.944054,9.5229,7.7533,0.256618,0.246145,0.7647,4.8147,1,1,223.474,nan
o0602,abierto,B5,98.0384,0.26177,4.4324,106.0687,44.8699,72.9103,BIEN,24.4932,0.908301,6.2875,8.191,0.260133,nan,0.625,nan,1,1,193.181,nan
o0602,abierto,B10,98.0384,0.26177,9.4277,105.0736,45.7645,74.1058,BIEN,24.6733,0.936119,6.7521,7.176,0.256454,0.245394,2.0305,6.2559,1,1,196.259,nan
o0602,abierto,B15,98.0384,0.26177,14.4688,106.7765,44.7845,73.385,BIEN,24.4007,0.948175,7.1226,8.9129,0.25824,0.243325,1.3483,7.046,1,1,227.707,nan
o0602,abierto,B25,98.0384,0.26177,24.5115,105.2151,45.5976,74.1652,BIEN,24.5564,0.945559,8.1633,7.3203,0.260441,0.248308,0.5076,5.1427,1,1,241.191,nan
o0602,abierto,B40,98.0384,0.26177,39.5252,105.848,45.3997,74.0706,BIEN,24.4162,0.94799,9.8272,7.9659,0.260134,0.248766,0.6248,4.9674,1,1,242.554,nan
o0676,abierto,B5,100.7909,0.255754,4.4457,110.1024,43.6065,77.8624,BIEN,23.3862,0.8948,5.8801,9.2385,0.256843,0.209537,0.426,18.071,1,1,255.669,nan
o0676,abierto,B10,100.7909,0.255754,9.4401,106.6663,46.1565,78.3678,BIEN,24.578,0.921085,6.4715,5.8293,0.244301,0.235199,4.4778,8.0369,1,1,240.315,nan
o0676,abierto,B15,100.7909,0.255754,14.445,110.1169,44.4352,77.1936,BIEN,23.9791,0.944638,6.7561,9.2528,0.247296,0.227396,3.3068,11.0881,1,1,243.742,nan
o0676,abierto,B25,100.7909,0.255754,24.5013,109.5739,44.6448,77.4503,BIEN,24.0836,0.946468,7.7216,8.7141,0.25464,0.235155,0.4354,8.0542,1,1,228.88,nan
o0676,abierto,B40,100.7909,0.255754,39.5327,109.2086,44.9727,77.62,BIEN,24.1388,0.9464,9.3737,8.3517,0.257853,0.237902,0.8209,6.9802,1,1,221.455,nan
o0704,abierto,B5,99.297,0.169607,4.4571,110.032,43.6492,77.4785,BIEN,22.8564,0.898386,5.8869,10.8109,0.176469,0.193378,4.0461,14.0154,1,1,242.571,nan
o0704,abierto,B10,99.297,0.169607,9.4353,106.7525,46.37,77.2176,BIEN,24.4876,0.935246,6.5059,7.5083,0.171907,0.198004,1.3561,16.7428,1,1,197.761,nan
o0704,abierto,B15,99.297,0.169607,14.4609,107.954,45.4851,76.575,BIEN,24.4538,0.947994,6.9119,8.7183,0.174449,0.196958,2.8548,16.1264,1,1,245.773,nan
o0704,abierto,B25,99.297,0.169607,24.5062,107.5703,45.8519,77.2806,BIEN,24.186,0.947816,7.856,8.3319,0.177225,0.174289,4.4915,2.7608,1,1,246.009,nan
o0704,abierto,B40,99.297,0.169607,39.5128,107.7889,45.7257,77.2583,BIEN,24.1151,0.948566,9.5049,8.5519,0.176448,0.169146,4.0338,0.2719,1,1,253.075,nan
p0001,abierto,B5,112.7596,0.172124,4.3605,123.5721,30.9593,68.5225,BIEN,23.6529,0.892195,5.4736,9.5891,0.169437,0.191798,1.5614,11.4298,1,1,237.79,nan
p0001,abierto,B10,112.7596,0.172124,9.4563,129.481,28.5082,68.2445,BIEN,21.793,0.932741,5.5137,14.8293,0.172915,0.177364,0.4597,3.044,1,1,239.739,nan
p0001,abierto,B15,112.7596,0.172124,14.4536,131.0483,27.9629,68.3787,BIEN,21.2431,0.935591,5.7873,16.2192,0.175048,0.171059,1.699,0.619,1,1,213.288,nan
p0001,abierto,B25,112.7596,0.172124,24.4921,129.9877,28.1492,67.7114,BIEN,21.7682,0.940918,6.6532,15.2786,0.173019,0.1757,0.5198,2.0775,1,1,236.49,nan
p0001,abierto,B40,112.7596,0.172124,39.4922,129.7214,28.2326,67.6099,BIEN,21.8892,0.942056,8.0025,15.0425,0.171244,0.178938,0.5112,3.9586,1,1,231.879,nan
p0144,abierto,B5,112.3354,0.156036,4.3543,123.2827,31.066,70.9579,BIEN,23.4774,0.881796,5.4347,9.7452,0.154504,0.174235,0.9818,11.6631,1,1,236.222,nan
p0144,abierto,B10,112.3354,0.156036,9.4688,129.6233,28.287,70.3283,BIEN,21.5579,0.918505,5.4672,15.3895,0.157698,0.162433,1.0653,4.0997,1,1,223.419,nan
p0144,abierto,B15,112.3354,0.156036,14.4448,128.1916,28.4364,68.8975,BIEN,22.4631,0.928595,5.9656,14.1151,0.151031,0.165025,3.2076,5.7611,1,1,237.564,nan
p0144,abierto,B25,112.3354,0.156036,24.4894,130.8197,27.5127,69.3258,BIEN,21.3781,0.923902,6.5809,16.4546,0.148627,0.161817,4.7485,3.7047,1,1,238.652,nan
p0144,abierto,B40,112.3354,0.156036,39.5039,130.4059,27.7106,69.4593,BIEN,21.4981,0.925084,7.9302,16.0862,0.148029,0.157403,5.1317,0.8759,1,1,253.024,nan
p0165,abierto,B5,112.7736,0.154527,4.3431,123.3535,30.4605,69.7524,BIEN,23.6929,0.885215,5.4648,9.3816,0.149958,0.176108,2.9568,13.9656,1,1,234.137,nan
p0165,abierto,B10,112.7736,0.154527,9.4707,129.7413,27.732,69.0755,BIEN,21.7484,0.92126,5.4928,15.0458,0.154421,0.157049,0.0686,1.6324,1,1,219.255,nan
p0165,abierto,B15,112.7736,0.154527,14.4348,131.8634,26.8994,68.9084,BIEN,21.0556,0.921795,5.7426,16.9275,0.149406,0.156086,3.3139,1.0091,1,1,234.858,nan
p0165,abierto,B25,112.7736,0.154527,24.4819,131.2686,26.8121,68.1121,BIEN,21.4426,0.926375,6.5831,16.4002,0.150209,0.152977,2.7946,1.003,1,1,242.16,nan
p0165,abierto,B40,112.7736,0.154527,39.5013,131.2132,26.7869,67.9412,BIEN,21.5,0.926989,7.9128,16.351,0.14645,0.162158,5.2267,4.9383,1,1,224.694,nan
p0215,abierto,B5,111.8995,0.148706,4.349,122.9968,31.6812,71.8075,BIEN,23.3015,0.880549,5.423,9.9172,0.144346,0.158222,2.932,6.3996,1,1,251.528,nan
p0215,abierto,B10,111.8995,0.148706,9.4588,129.507,28.7566,71.1175,BIEN,21.385,0.918803,5.4516,15.7351,0.151726,0.149923,2.0309,0.8188,1,1,196.055,nan
p0215,abierto,B15,111.8995,0.148706,14.4358,128.3405,28.8459,69.6016,BIEN,22.1911,0.928636,5.9379,14.6926,0.145741,0.151012,1.9935,1.5512,1,1,250.954,nan
p0215,abierto,B25,111.8995,0.148706,24.4795,130.8844,27.9668,70.1327,BIEN,21.1447,0.923758,6.5557,16.966,0.151675,0.148029,1.9969,0.4551,1,1,227.051,nan
p0215,abierto,B40,111.8995,0.148706,39.5067,129.2728,28.5005,69.7263,BIEN,21.8153,0.928567,8.0162,15.5258,0.146481,0.14639,1.4958,1.5573,1,1,212.974,nan
p0253,abierto,B5,112.013,0.16566,4.3408,123.079,31.1669,70.6315,BIEN,23.3922,0.884345,5.4501,9.8792,0.155365,0.172325,6.2144,4.0232,1,1,246.033,nan
p0253,abierto,B10,112.013,0.16566,9.4465,129.5166,28.3336,70.0039,BIEN,21.4568,0.919673,5.4764,15.6264,0.15126,0.166932,8.6926,0.7679,1,1,218.828,nan
p0253,abierto,B15,112.013,0.16566,14.4375,127.1898,29.0341,68.9494,BIEN,22.598,0.930855,6.0164,13.5492,0.158273,0.152552,4.4591,7.9126,1,1,188.972,nan
p0253,abierto,B25,112.013,0.16566,24.4825,129.702,28.122,69.5106,BIEN,21.5252,0.926597,6.6381,15.7919,0.158568,0.158126,4.2811,4.548,1,1,212.238,nan
p0253,abierto,B40,112.013,0.16566,39.4719,128.1115,28.6421,69.0985,BIEN,22.2079,0.930729,8.1062,14.3721,0.16394,0.164554,1.038,0.6678,1,1,244.164,nan
p0301,abierto,B5,112.8556,0.152421,4.3534,123.3188,30.7982,70.149,BIEN,23.764,0.887415,5.4528,9.2713,0.146145,0.168165,4.1177,10.3287,1,1,222.995,nan
p0301,abierto,B10,112.8556,0.152421,9.4698,129.7831,27.9571,69.5116,BIEN,21.7661,0.924273,5.4772,14.9993,0.147436,0.158468,3.2707,3.967,1,1,229.1,nan
p0301,abierto,B15,112.8556,0.152421,14.4368,131.8597,27.0605,69.2596,BIEN,21.1089,0.925078,5.7328,16.8393,0.149644,0.155399,1.8222,1.9536,1,1,246.36,nan
p0301,abierto,B25,112.8556,0.152421,24.4819,131.4846,26.913,68.3801,BIEN,21.4312,0.929122,6.5616,16.507,0.14596,0.157342,4.2393,3.2282,1,1,241.879,nan
p0301,abierto,B40,112.8556,0.152421,39.5004,131.8043,26.6607,68.1203,BIEN,21.3677,0.928945,7.866,16.7902,0.145563,0.156151,4.4998,2.4468,1,1,242.907,nan
p0319,abierto,B5,111.8752,0.15976,4.3452,123.0656,31.4173,70.9205,BIEN,23.3184,0.88195,5.4444,10.0025,0.147591,0.174932,7.6172,9.4963,1,1,217.609,nan
p0319,abierto,B10,111.8752,0.15976,9.4556,129.53,28.5102,70.2341,BIEN,21.398,0.917925,5.4717,15.7807,0.154169,0.158361,3.4996,0.8762,1,1,232.693,nan
p0319,abierto,B15,111.8752,0.15976,14.4404,128.3458,28.6285,68.7533,BIEN,22.2027,0.927371,5.9581,14.7223,0.152511,0.158562,4.5375,0.7502,1,1,239.315,nan
p0319,abierto,B25,111.8752,0.15976,24.4791,130.9035,27.6815,69.2658,BIEN,21.1519,0.922516,6.5744,17.0084,0.148569,0.159545,7.0049,0.1349,1,1,247.954,nan
p0319,abierto,B40,111.8752,0.15976,39.5164,129.6848,27.9823,68.6816,BIEN,21.7167,0.926674,8.0134,15.9191,0.151777,0.160851,4.9973,0.6825,1,1,236.368,nan
q0026,abierto,B5,94.755,0.190808,4.5093,105.0686,43.4474,61.5956,BIEN,24.0675,0.908472,6.7486,10.8845,0.187436,0.20353,1.7671,6.6674,1,1,228.441,nan
q0026,abierto,B10,94.755,0.190808,9.5056,105.6166,43.5095,63.1521,BIEN,23.4073,0.929145,7.0885,11.4628,0.184231,0.19608,3.4471,2.7629,1,1,213.383,nan
q0026,abierto,B15,94.755,0.190808,14.4669,104.6495,43.7773,61.9834,BIEN,24.21,0.938591,7.654,10.4422,0.187902,0.189348,1.5232,0.7652,1,1,247.042,nan
q0026,abierto,B25,94.755,0.190808,24.4828,104.6404,43.7288,61.9806,BIEN,24.2158,0.940948,8.6494,10.4326,0.185052,0.194376,3.0169,1.8701,1,1,233.492,nan
q0026,abierto,B40,94.755,0.190808,39.4895,104.8618,43.6531,62.3205,BIEN,24.0036,0.939836,10.3539,10.6663,0.18715,0.184394,1.9171,3.3615,1,1,242.025,nan
q0044,abierto,B5,100.19,0.190232,4.4703,112.2388,40.7285,65.4703,BIEN,23.0097,0.899619,6.1773,12.026,0.198478,0.193842,4.3346,1.8975,1,1,251.781,nan
q0044,abierto,B10,100.19,0.190232,9.4576,112.8703,40.1075,63.7761,BIEN,23.5481,0.939968,6.6051,12.6563,0.190105,0.200588,0.0665,5.4441,1,1,220.687,nan
q0044,abierto,B15,100.19,0.190232,14.4682,112.2262,40.3268,63.5583,BIEN,23.8679,0.946355,7.0795,12.0135,0.197202,0.192873,3.6642,1.3884,1,1,170.271,nan
q0044,abierto,B25,100.19,0.190232,24.4221,113.9008,39.6437,63.7439,BIEN,23.2061,0.946399,7.883,13.6848,0.191488,0.190093,0.6603,0.0728,1,1,185.288,nan
q0044,abierto,B40,100.19,0.190232,39.4771,114.0036,39.6165,63.8535,BIEN,23.1346,0.946503,9.4555,13.7875,0.194383,0.19901,2.1822,4.6145,1,1,231.225,nan
q0071,abierto,B5,97.5499,0.188774,4.5069,104.7903,43.5658,62.255,BIEN,25.5612,0.90944,6.7448,7.4223,0.186883,0.195889,1.0017,3.7691,1,1,231.9,nan
q0071,abierto,B10,97.5499,0.188774,9.5093,103.9372,44.4837,64.1647,BIEN,24.9611,0.926999,7.1512,6.5478,0.194178,0.189313,2.8627,0.2857,1,1,236.731,nan
q0071,abierto,B15,97.5499,0.188774,14.4494,105.0851,43.8569,64.2431,BIEN,24.6449,0.933362,7.5269,7.7245,0.189454,0.188836,0.3605,0.0333,1,1,245.399,nan
q0071,abierto,B25,97.5499,0.188774,24.4882,105.1058,43.9481,64.746,BIEN,24.4,0.931988,8.4813,7.7458,0.195536,0.186355,3.5823,1.2813,1,1,236.3,nan
q0071,abierto,B40,97.5499,0.188774,39.5148,105.4512,43.7889,64.7954,BIEN,24.2848,0.933481,10.1498,8.0998,0.193105,0.18541,2.2946,1.7816,1,1,243.505,nan
q0081,abierto,B5,96.6934,0.1863,4.4987,104.7845,43.8491,62.4844,BIEN,25.1065,0.907716,6.7237,8.3679,0.192629,0.192028,3.3974,3.0744,1,1,226.835,nan
q0081,abierto,B10,96.6934,0.1863,9.4955,106.0673,43.4629,63.6728,BIEN,24.3008,0.932423,7.0304,9.6945,0.186707,0.19493,0.2184,4.6324,1,1,230.478,nan
q0081,abierto,B15,96.6934,0.1863,14.4757,107.943,42.5818,63.5958,BIEN,23.734,0.93801,7.3644,11.6343,0.188623,0.183978,1.2468,1.2465,1,1,251.598,nan
q0081,abierto,B25,96.6934,0.1863,24.4967,107.8926,42.6963,64.0478,BIEN,23.5802,0.937775,8.3105,11.5822,0.188623,0.179882,1.2468,3.4451,1,1,228.055,nan
q0081,abierto,B40,96.6934,0.1863,39.5005,107.4908,42.7992,63.6201,BIEN,23.8822,0.940413,10.0424,11.1667,0.185588,0.176356,0.3823,5.3376,1,1,231.439,nan
q0105,abierto,B5,95.2862,0.184476,4.4891,104.5894,44.0994,62.0806,BIEN,24.3463,0.904564,6.7564,9.7633,0.18284,0.190029,0.8868,3.0105,1,1,233.76,nan
q0105,abierto,B10,95.2862,0.184476,9.5106,103.7596,45.0038,64.1725,BIEN,23.7928,0.919992,7.1594,8.8926,0.178521,0.186426,3.2281,1.0575,1,1,230.33,nan
q0105,abierto,B15,95.2862,0.184476,14.4797,101.8235,45.8266,63.1177,BIEN,24.77,0.926998,7.7831,6.8606,0.178324,0.177899,3.3347,3.5652,1,1,242.724,nan
q0105,abierto,B25,95.2862,0.184476,24.4961,102.7241,45.5297,64.0502,BIEN,24.0978,0.925548,8.6797,7.8058,0.175679,0.175382,4.7682,4.9294,1,1,255.213,nan
q0105,abierto,B40,95.2862,0.184476,39.4974,101.8628,45.8868,63.4949,BIEN,24.5802,0.92775,10.537,6.9019,0.178273,0.173742,3.3625,5.8187,1,1,237.908,nan
q0149,abierto,B5,93.8605,0.205051,4.5003,104.7953,43.657,61.9543,BIEN,23.6044,0.903492,6.7402,11.6501,0.19769,0.210457,3.5894,2.6365,1,1,244.966,nan
q0149,abierto,B10,93.8605,0.205051,9.5079,100.7929,45.8984,61.9652,BIEN,24.9459,0.928333,7.4284,7.3859,0.199446,0.198121,2.7332,3.3792,1,1,203.807,nan
q0149,abierto,B15,93.8605,0.205051,14.4715,102.1813,45.3356,63.115,BIEN,24.0176,0.927936,7.7542,8.8651,0.194549,0.198204,5.1216,3.3388,1,1,226.68,nan
q0149,abierto,B25,93.8605,0.205051,24.4842,101.9188,45.4579,63.1591,BIEN,24.0717,0.929408,8.7791,8.5855,0.195617,0.192607,4.6008,6.0683,1,1,214.376,nan
q0149,abierto,B40,93.8605,0.205051,39.5024,101.8212,45.4792,62.7586,BIEN,24.288,0.932107,10.5858,8.4815,0.202937,0.200404,1.0308,2.266,1,1,240.83,nan
q0173,abierto,B5,93.1596,0.174553,4.5008,104.7603,44.0509,62.4875,BIEN,23.2818,0.903694,6.7281,12.4526,0.168245,0.196986,3.6138,12.8517,1,1,212.757,nan
q0173,abierto,B10,93.1596,0.174553,9.5111,98.9248,47.4762,63.0772,BIEN,24.7133,0.919692,7.5037,6.1886,0.168134,0.181982,3.6777,4.2559,1,1,223.214,nan
q0173,abierto,B15,93.1596,0.174553,14.4695,99.0242,47.383,62.5363,BIEN,25.0154,0.929288,7.9987,6.2953,0.173811,0.17874,0.4251,2.3984,1,1,226.178,nan
q0173,abierto,B25,93.1596,0.174553,24.4933,100.2896,46.8396,62.9692,BIEN,24.5011,0.931324,8.9224,7.6536,0.173603,0.176023,0.5443,0.8422,1,1,173.84,nan
q0173,abierto,B40,93.1596,0.174553,39.5181,100.038,46.9503,63.0831,BIEN,24.4898,0.930309,10.7452,7.3835,0.174947,0.168375,0.2257,3.5394,1,1,239.636,nan
q0277,abierto,B5,94.0991,0.184032,4.5071,104.9061,43.1427,60.68,BIEN,23.7718,0.909681,6.7694,11.4848,0.196845,0.208971,6.9624,13.5512,1,1,228.42,nan
q0277,abierto,B10,94.0991,0.184032,9.5084,98.9433,46.2807,61.3697,BIEN,25.2263,0.925306,7.5563,5.148,0.182119,0.199961,1.0396,8.6556,1,1,219.891,nan
q0277,abierto,B15,94.0991,0.184032,14.4691,101.0771,45.5122,62.1861,BIEN,24.3052,0.930632,7.8455,7.4157,0.1922,0.185976,4.4381,1.0563,1,1,229.684,nan
q0277,abierto,B25,94.0991,0.184032,24.4861,100.6105,45.7082,62.3407,BIEN,24.3421,0.930228,8.8879,6.9198,0.191694,0.188826,4.1634,2.6051,1,1,233.367,nan
q0277,abierto,B40,94.0991,0.184032,39.5061,99.6881,46.0789,62.2247,BIEN,24.593,0.92853,10.7657,5.9395,0.189616,0.189327,3.034,2.8769,1,1,226.572,nan
q0388,abierto,B5,94.236,0.197225,4.5159,104.9466,42.9098,61.3273,BIEN,23.7928,0.907431,6.7471,11.3657,0.194098,0.208205,1.5855,5.5671,1,1,213.056,nan
q0388,abierto,B10,94.236,0.197225,9.5198,99.6393,45.7568,61.7136,BIEN,25.2406,0.926543,7.5012,5.7338,0.185032,0.199034,6.1824,0.9172,1,1,207.138,nan
q0388,abierto,B15,94.236,0.197225,14.4721,101.943,44.8757,62.505,BIEN,24.2743,0.931271,7.7819,8.1784,0.185725,0.192478,5.8313,2.4069,1,1,233.765,nan
q0388,abierto,B25,94.236,0.197225,24.481,101.3411,45.2114,62.6634,BIEN,24.3499,0.93152,8.8273,7.5397,0.189908,0.193251,3.7101,2.0151,1,1,238.692,nan
q0388,abierto,B40,94.236,0.197225,39.5048,101.2376,45.2114,62.3276,BIEN,24.5471,0.934156,10.6385,7.4298,0.188886,0.193219,4.2282,2.0313,1,1,231.134,nan
q0416,abierto,B5,94.0412,0.183736,4.5094,104.8462,43.166,61.3212,BIEN,23.7364,0.906884,6.748,11.4896,0.184716,0.197452,0.5333,7.4649,1,1,221.435,nan
q0416,abierto,B10,94.0412,0.183736,9.5072,98.8837,46.3079,61.9851,BIEN,25.1711,0.922245,7.5332,5.1493,0.185854,0.191887,1.1527,4.4366,1,1,224.977,nan
q0416,abierto,B15,94.0412,0.183736,14.4704,99.857,46.0459,63.1966,BIEN,24.306,0.920157,7.8829,6.1843,0.184761,0.1898,0.5578,3.3005,1,1,224.936,nan
q0416,abierto,B25,94.0412,0.183736,24.4852,99.6233,46.2109,63.26,BIEN,24.3219,0.9215,8.9179,5.9358,0.18644,0.198024,1.4715,7.7763,1,1,220.439,nan
q0416,abierto,B40,94.0412,0.183736,39.5027,99.0336,46.4787,63.0392,BIEN,24.5491,0.921885,10.7838,5.3087,0.183736,0.188042,0.0,2.3436,1,1,248.552,nan
q0471,abierto,B5,94.6023,0.179443,4.502,104.9243,42.741,60.244,BIEN,24.0792,0.909115,6.769,10.9109,0.176908,0.205789,1.4127,14.6821,1,1,172.867,nan
q0471,abierto,B10,94.6023,0.179443,9.5082,102.6643,44.7476,62.9472,BIEN,23.6767,0.923046,7.2368,8.5219,0.167403,0.198259,6.7098,10.4858,1,1,254.298,nan
q0471,abierto,B15,94.6023,0.179443,14.48,99.8935,45.8868,62.2528,BIEN,24.5941,0.923326,7.9062,5.5931,0.172124,0.18577,4.0785,3.5261,1,1,230.942,nan
q0471,abierto,B25,94.6023,0.179443,24.493,99.8916,45.8635,62.2576,BIEN,24.6032,0.925757,8.9281,5.591,0.168513,0.180229,6.0908,0.4381,1,1,220.58,nan
q0471,abierto,B40,94.6023,0.179443,39.484,99.9407,45.8751,62.6665,BIEN,24.3783,0.922451,10.6895,5.6429,0.17274,0.17558,3.7353,2.153,1,1,226.66,nan
q0480,abierto,B5,93.7476,0.179975,4.5051,104.9043,42.8089,60.9504,BIEN,23.5559,0.905875,6.7534,11.9007,0.175345,0.201834,2.5726,12.1455,1,1,237.445,nan
q0480,abierto,B10,93.7476,0.179975,9.5124,98.9929,45.9547,61.5639,BIEN,25.0351,0.921192,7.5417,5.595,0.180291,0.191053,0.1755,6.1548,1,1,231.9,nan
q0480,abierto,B15,93.7476,0.179975,14.501,99.6559,46.009,62.8639,BIEN,24.187,0.918941,7.9094,6.3023,0.178244,0.185689,0.9619,3.1746,1,1,214.257,nan
q0480,abierto,B25,93.7476,0.179975,24.5236,97.2923,46.8823,62.3856,BIEN,24.8229,0.913092,9.1358,3.781,0.175157,0.185878,2.6773,3.2798,1,1,242.213,nan
q0480,abierto,B40,93.7476,0.179975,39.5135,98.4359,46.4205,62.8498,BIEN,24.4061,0.914817,10.8389,5.0009,0.172865,0.181063,3.9508,0.6042,1,1,219.068,nan
q0482,abierto,B5,93.4989,0.180903,4.5016,103.6062,43.6143,61.4479,BIEN,23.598,0.903827,6.8091,10.8101,0.168684,0.196954,6.7548,8.8724,1,1,235.91,nan
q0482,abierto,B10,93.4989,0.180903,9.5059,98.2773,46.3312,61.7894,BIEN,24.882,0.917157,7.5722,5.1107,0.181064,0.190558,0.089,5.3371,1,1,236.709,nan
q0482,abierto,B15,93.4989,0.180903,14.4792,99.8698,45.8383,62.7318,BIEN,24.0764,0.921418,7.8961,6.8139,0.177847,0.183006,1.6896,1.1625,1,1,223.095,nan
q0482,abierto,B25,93.4989,0.180903,24.4896,97.8911,46.6165,62.1239,BIEN,24.7659,0.91944,9.0995,4.6977,0.18299,0.181033,1.1537,0.0717,1,1,253.859,nan
q0482,abierto,B40,93.4989,0.180903,39.4983,97.9121,46.6184,62.2405,BIEN,24.7144,0.91903,10.9274,4.7201,0.18422,0.187825,1.8336,3.8264,1,1,246.993,nan
q0508,abierto,B5,91.3781,0.189298,4.4865,104.7093,42.6769,61.2018,BIEN,22.4674,0.901773,6.7252,14.589,0.196858,0.204317,3.9936,7.934,1,1,228.802,nan
q0508,abierto,B10,91.3781,0.189298,9.4871,98.8564,45.7606,61.7834,BIEN,23.9346,0.919428,7.5053,8.1838,0.18715,0.201043,1.1346,6.2045,1,1,209.692,nan
q0508,abierto,B15,91.3781,0.189298,14.4769,97.2986,46.566,61.7466,BIEN,24.2907,0.919312,8.0876,6.479,0.192577,0.196072,1.732,3.5783,1,1,228.316,nan
q0508,abierto,B25,91.3781,0.189298,24.4928,96.1019,47.0318,61.73,BIEN,24.5358,0.916297,9.2352,5.1695,0.19354,0.199979,2.2411,5.6424,1,1,224.381,nan
q0508,abierto,B40,91.3781,0.189298,39.509,95.593,47.1754,61.6813,BIEN,24.6334,0.913357,11.1662,4.6125,0.191815,0.199576,1.3294,5.4292,1,1,220.629,nan
r0128,abierto,B5,134.8424,0.28059,4.3942,149.5639,13.5322,62.8278,BIEN,22.3315,0.883279,4.2977,10.9176,0.268303,0.241749,4.3789,13.8427,1,1,202.947,nan
r0128,abierto,B10,134.8424,0.28059,9.545,157.0053,6.0568,61.1875,BIEN,20.2507,0.905074,4.248,16.4362,0.262835,0.246139,6.3279,12.2782,1,1,242.978,nan
r0128,abierto,B15,134.8424,0.28059,14.5467,155.0019,6.2489,60.0735,BIEN,21.1906,0.919219,4.6822,14.9504,0.265114,0.254669,5.5156,9.2382,1,1,239.877,nan
r0128,abierto,B25,134.8424,0.28059,24.5535,155.614,6.0781,59.7475,BIEN,21.0201,0.921596,5.2978,15.4044,0.265058,0.261272,5.5357,6.8847,1,1,229.616,nan
r0128,abierto,B40,134.8424,0.28059,39.5433,156.8752,5.8297,59.6383,BIEN,20.5756,0.920182,6.2825,16.3397,0.262702,0.264406,6.375,5.7678,1,1,252.048,nan
r0130,abierto,B5,134.9341,0.27357,4.4087,149.7647,13.1072,62.5565,BIEN,22.3104,0.884414,4.2916,10.991,0.262263,0.23767,4.1329,13.1227,1,1,197.215,nan
r0130,abierto,B10,134.9341,0.27357,9.5488,157.1087,5.8841,60.8739,BIEN,20.2585,0.90508,4.2459,16.4337,0.256907,0.251148,6.0907,8.1959,1,1,245.936,nan
r0130,abierto,B15,134.9341,0.27357,14.5565,154.8204,6.1228,59.9133,BIEN,21.2818,0.919079,4.6926,14.7378,0.252222,0.263801,7.8035,3.5707,1,1,202.241,nan
r0130,abierto,B25,134.9341,0.27357,24.5601,154.9521,6.016,59.729,BIEN,21.2666,0.922634,5.3324,14.8354,0.25132,0.258801,8.1331,5.3986,1,1,251.978,nan
r0130,abierto,B40,134.9341,0.27357,39.5414,156.1641,5.8472,59.6843,BIEN,20.8225,0.921098,6.3221,15.7337,0.253688,0.260771,7.2675,4.6785,1,1,218.962,nan
r0193,abierto,B5,141.4881,0.277574,4.3903,150.2746,12.5036,62.0075,BIEN,25.053,0.890369,4.2569,6.2101,0.27488,0.250965,0.9704,9.5863,1,1,234.258,nan
r0193,abierto,B10,141.4881,0.277574,9.5199,158.0394,6.8893,60.971,BIEN,22.5267,0.918649,4.1879,11.6981,0.273075,0.251042,1.6208,9.5586,1,1,239.389,nan
r0193,abierto,B15,141.4881,0.277574,14.4919,160.2628,6.5458,60.5508,BIEN,21.7355,0.921816,4.3815,13.2695,0.274635,0.260278,1.0586,6.2311,1,1,222.578,nan
r0193,abierto,B25,141.4881,0.277574,24.5385,161.6949,6.3304,60.3662,BIEN,21.1969,0.92302,4.9249,14.2817,0.273047,0.277666,1.6308,0.0333,1,1,210.239,nan
r0193,abierto,B40,141.4881,0.277574,39.5356,162.2298,6.2994,60.4381,BIEN,20.9827,0.922925,5.9032,14.6597,0.274997,0.27969,0.9283,0.7625,1,1,238.322,nan
r0214,abierto,B5,145.9872,0.284584,4.3979,166.0682,7.7199,63.8014,BIEN,20.4499,0.8664,3.4787,13.7553,0.295549,0.250189,3.8531,12.0861,1,1,254.065,nan
r0214,abierto,B10,145.9872,0.284584,9.5491,166.0236,5.919,61.7431,BIEN,21.0843,0.906992,3.7912,13.7248,0.286043,0.261874,0.5127,7.9802,1,1,213.211,nan
r0214,abierto,B15,145.9872,0.284584,14.4923,165.3846,5.9268,61.4822,BIEN,21.4203,0.917927,4.1123,13.2871,0.281766,0.277818,0.9903,2.3775,1,1,220.133,nan
r0214,abierto,B25,145.9872,0.284584,24.5488,167.4814,5.7094,61.4818,BIEN,20.6125,0.916491,4.5969,14.7234,0.280975,0.272702,1.2683,4.1753,1,1,229.247,nan
r0214,abierto,B40,145.9872,0.284584,39.5333,167.6123,5.7055,61.5444,BIEN,20.5552,0.917388,5.5572,14.813,0.283128,0.281452,0.5115,1.1007,1,1,211.873,nan
r0292,abierto,B5,146.6444,0.227552,4.3936,166.5459,5.3349,60.4172,BIEN,20.7477,0.865629,3.536,13.5713,0.188253,0.200621,17.2705,11.8354,1,1,212.829,nan
r0292,abierto,B10,146.6444,0.227552,9.5672,166.5601,4.8555,58.6434,BIEN,21.2874,0.904353,3.8362,13.581,0.202527,0.211143,10.9976,7.2111,1,1,201.126,nan
r0292,abierto,B15,146.6444,0.227552,14.4984,166.2066,4.7585,58.1767,BIEN,21.527,0.916155,4.1421,13.3399,0.196977,0.209126,13.4367,8.0978,1,1,225.449,nan
r0292,abierto,B25,146.6444,0.227552,24.5655,168.6206,4.514,58.05,BIEN,20.6194,0.914536,4.6112,14.986,0.200877,0.219176,11.7228,3.6812,1,1,225.043,nan
r0292,abierto,B40,146.6444,0.227552,39.5609,168.9174,4.4616,58.1192,BIEN,20.4975,0.914618,5.5573,15.1884,0.20836,0.218118,8.4343,4.1459,1,1,227.242,nan
r0345,abierto,B5,142.6725,0.268186,4.398,165.6015,6.5167,60.4799,BIEN,19.6043,0.862666,3.5618,16.071,0.269003,0.244905,0.3046,8.6807,1,1,179.15,nan
r0345,abierto,B10,142.6725,0.268186,9.5622,165.9614,5.9054,58.4954,BIEN,19.9683,0.900202,3.8515,16.3233,0.264951,0.244661,1.2062,8.7717,1,1,233.498,nan
r0345,abierto,B15,142.6725,0.268186,14.5031,165.6232,5.7249,57.997,BIEN,20.1841,0.908747,4.1621,16.0863,0.263437,0.249634,1.7708,6.9174,1,1,221.926,nan
r0345,abierto,B25,142.6725,0.268186,24.5667,165.3541,5.6337,57.5257,BIEN,20.3574,0.913801,4.7862,15.8976,0.268067,0.26437,0.0443,1.4229,1,1,218.641,nan
r0345,abierto,B40,142.6725,0.268186,39.5101,164.0155,5.9151,57.8856,BIEN,20.8053,0.917247,5.8508,14.9595,0.263462,0.265496,1.7612,1.0028,1,1,240.819,nan
r0350,abierto,B5,142.7842,0.279956,4.4116,165.8537,6.1461,60.4872,BIEN,19.6381,0.873214,3.5472,16.1569,0.265554,0.244798,5.1443,12.5582,1,1,213.771,nan
r0350,abierto,B10,142.7842,0.279956,9.5606,164.9483,5.8414,59.0638,BIEN,20.3432,0.91719,3.8874,15.5229,0.266107,0.244074,4.9467,12.8168,1,1,222.42,nan
r0350,abierto,B15,142.7842,0.279956,14.514,164.24,5.7696,58.7603,BIEN,20.6794,0.92825,4.2152,15.0268,0.259668,0.252058,7.2469,9.9651,1,1,215.271,nan
r0350,abierto,B25,142.7842,0.279956,24.5596,163.2702,5.886,58.5845,BIEN,21.0856,0.934792,4.8755,14.3476,0.257732,0.264774,7.9384,5.4228,1,1,234.78,nan
r0350,abierto,B40,142.7842,0.279956,39.5306,162.8953,5.9229,58.4495,BIEN,21.259,0.937127,5.9022,14.085,0.2616,0.263628,6.5567,5.8321,1,1,167.417,nan
r0513,abierto,B5,149.9615,0.197076,4.4098,167.4683,5.4455,55.9357,BIEN,21.5529,0.867717,3.5319,11.6742,0.187033,0.175102,5.0962,11.1501,1,1,240.883,nan
r0513,abierto,B10,149.9615,0.197076,9.5564,168.0064,4.8633,53.3499,BIEN,22.1923,0.912759,3.8197,12.033,0.175905,0.209242,10.7426,6.1734,1,1,231.594,nan
r0513,abierto,B15,149.9615,0.197076,14.5759,173.3334,4.3277,52.9993,BIEN,20.2186,0.910362,3.8432,15.5852,0.172258,0.20917,12.5929,6.1367,1,1,239.08,nan
r0513,abierto,B25,149.9615,0.197076,24.6401,173.8649,4.1996,52.7174,BIEN,20.0725,0.913723,4.3915,15.9397,0.169777,0.206294,13.8522,4.6774,1,1,255.807,nan
r0513,abierto,B40,149.9615,0.197076,39.5601,172.8203,4.2675,52.6258,BIEN,20.4591,0.917623,5.3811,15.2431,0.174068,0.192432,11.6744,2.3563,1,1,237.971,nan
s0045,abierto,B5,100.4343,0.183405,4.363,113.5302,36.5581,69.4451,BIEN,22.0392,0.865844,6.0191,13.0393,0.20126,0.211648,9.7352,15.3989,1,1,236.144,nan
s0045,abierto,B10,100.4343,0.183405,9.4219,117.9868,34.8891,68.1059,BIEN,21.2571,0.9367,6.2081,17.4766,0.195008,0.195565,6.3265,6.6302,1,1,258.853,nan
s0045,abierto,B15,100.4343,0.183405,14.4651,119.7462,33.9246,67.6258,BIEN,20.8309,0.943922,6.5234,19.2284,0.191909,0.185805,4.6367,1.3086,1,1,238.812,nan
s0045,abierto,B25,100.4343,0.183405,24.4661,120.6317,33.6257,67.6665,BIEN,20.5583,0.944993,7.3273,20.1101,0.189196,0.198301,3.1573,8.1219,1,1,235.04,nan
s0045,abierto,B40,100.4343,0.183405,39.4828,120.0393,33.8237,67.6642,BIEN,20.7387,0.946332,8.8436,19.5203,0.188272,0.192273,2.6537,4.8353,1,1,193.851,nan
s0046,abierto,B5,100.8095,0.186833,4.3593,113.6,36.3077,68.7218,BIEN,22.2857,0.866145,6.0431,12.6878,0.197612,0.204803,5.7697,9.6184,1,1,239.481,nan
s0046,abierto,B10,100.8095,0.186833,9.4309,118.407,34.5107,67.5576,BIEN,21.3172,0.936413,6.2029,17.4562,0.197562,0.192216,5.7425,2.8814,1,1,250.006,nan
s0046,abierto,B15,100.8095,0.186833,14.4656,119.9721,33.6548,67.1979,BIEN,20.922,0.943648,6.5249,19.0088,0.195282,0.193382,4.5224,3.5055,1,1,235.816,nan
s0046,abierto,B25,100.8095,0.186833,24.4841,120.5931,33.3016,67.0901,BIEN,20.7524,0.945089,7.3488,19.6247,0.192062,0.195262,2.7991,4.5119,1,1,256.812,nan
s0046,abierto,B40,100.8095,0.186833,39.4897,120.2921,33.5112,67.1041,BIEN,20.8468,0.946165,8.8433,19.3262,0.194623,0.190563,4.1699,1.9968,1,1,222.148,nan
s0059,abierto,B5,100.7484,0.186047,4.3574,113.5192,36.2262,68.505,BIEN,22.3406,0.869162,6.0531,12.676,0.19402,0.210734,4.2852,13.2694,1,1,223.269,nan
s0059,abierto,B10,100.7484,0.186047,9.4273,118.0417,34.5844,67.2572,BIEN,21.4492,0.936711,6.2296,17.1648,0.18885,0.188997,1.5065,1.5858,1,1,241.973,nan
s0059,abierto,B15,100.7484,0.186047,14.469,118.7269,34.1381,66.4857,BIEN,21.4206,0.945214,6.6213,17.8449,0.190964,0.187745,2.6428,0.9127,1,1,223.894,nan
s0059,abierto,B25,100.7484,0.186047,24.482,119.4118,33.8858,66.4057,BIEN,21.2145,0.946775,7.4502,18.5248,0.193838,0.195265,4.1875,4.9545,1,1,228.838,nan
s0059,abierto,B40,100.7484,0.186047,39.492,119.5435,33.8897,66.6197,BIEN,21.1275,0.946859,8.9202,18.6554,0.19027,0.197575,2.2699,6.1964,1,1,224.18,nan
s0066,abierto,B5,99.2571,0.186376,4.3624,113.5635,37.3091,69.9635,BIEN,21.6503,0.871087,6.0169,14.4135,0.191953,0.201786,2.9925,8.2686,1,1,233.356,nan
s0066,abierto,B10,99.2571,0.186376,9.4327,115.5783,36.4863,67.2982,BIEN,21.8967,0.940422,6.3916,16.4434,0.190923,0.189114,2.4401,1.4693,1,1,219.867,nan
s0066,abierto,B15,99.2571,0.186376,14.4789,117.9182,35.3199,67.5683,BIEN,21.0859,0.943525,6.6526,18.8008,0.189442,0.186643,1.6453,0.1435,1,1,242.43,nan
s0066,abierto,B25,99.2571,0.186376,24.5073,118.3968,35.12,66.9533,BIEN,21.0681,0.945508,7.5254,19.283,0.192079,0.189591,3.0601,1.7252,1,1,236.793,nan
s0066,abierto,B40,99.2571,0.186376,39.5053,118.9028,34.8755,66.7407,BIEN,20.9446,0.94503,9.0056,19.7928,0.189205,0.187877,1.5184,0.8056,1,1,227.79,nan
s0167,abierto,B5,108.3071,0.202088,4.3718,124.3673,31.0485,67.7059,BIEN,21.276,0.867667,5.4899,14.8284,0.21505,0.21544,6.4141,6.6069,1,1,229.458,nan
s0167,abierto,B10,108.3071,0.202088,9.4555,127.0532,29.6571,65.4465,BIEN,21.1406,0.944995,5.7655,17.3083,0.20865,0.201217,3.2471,0.431,1,1,237.801,nan
s0167,abierto,B15,108.3071,0.202088,14.48,128.3429,28.8362,64.9472,BIEN,20.8535,0.952803,6.0812,18.4991,0.209687,0.209003,3.7604,3.4217,1,1,244.081,nan
s0167,abierto,B25,108.3071,0.202088,24.5259,129.3579,28.4558,64.9054,BIEN,20.5366,0.953979,6.813,19.4362,0.212151,0.204684,4.9798,1.2845,1,1,186.801,nan
s0167,abierto,B40,108.3071,0.202088,39.4971,128.9099,28.7023,65.0377,BIEN,20.654,0.955615,8.1797,19.0225,0.209042,0.202801,3.4413,0.3529,1,1,247.825,nan
s0206,abierto,B5,105.9662,0.193256,4.3546,122.6427,33.1115,70.8211,BIEN,20.7842,0.862406,5.4854,15.7376,0.200716,0.214085,3.8605,10.7783,1,1,227.02,nan
s0206,abierto,B10,105.9662,0.193256,9.4413,125.1724,32.1683,68.3392,BIEN,20.8031,0.941633,5.7958,18.1248,0.200223,0.203332,3.6053,5.214,1,1,224.306,nan
s0206,abierto,B15,105.9662,0.193256,14.457,125.3959,31.6773,67.5452,BIEN,20.9112,0.951141,6.1883,18.3357,0.201063,0.203176,4.0398,5.1331,1,1,231.155,nan
s0206,abierto,B25,105.9662,0.193256,24.505,125.8859,31.2601,66.7941,BIEN,20.9136,0.952914,7.0031,18.7981,0.201072,0.20593,4.0445,6.5582,1,1,206.688,nan
s0206,abierto,B40,105.9662,0.193256,39.5001,126.9241,30.7497,66.7961,BIEN,20.5818,0.951752,8.3141,19.7779,0.200967,0.199456,3.9903,3.2082,1,1,234.577,nan
s0323,abierto,B5,104.119,0.195028,4.3489,113.444,37.6351,69.2487,BIEN,23.9805,0.876143,6.0416,8.9561,0.196415,0.210087,0.7112,7.7219,1,1,242.195,nan
s0323,abierto,B10,104.119,0.195028,9.4326,119.7819,35.611,68.8829,BIEN,22.179,0.942916,6.0851,15.0433,0.201582,0.212127,3.3609,8.7678,1,1,218.986,nan
s0323,abierto,B15,104.119,0.195028,14.4695,121.7689,34.9085,68.6971,BIEN,21.5631,0.949152,6.3718,16.9517,0.204735,0.210327,4.9774,7.8449,1,1,233.743,nan
s0323,abierto,B25,104.119,0.195028,24.5141,123.4991,34.1284,68.5083,BIEN,21.0263,0.948835,7.1119,18.6135,0.205726,0.20034,5.4854,2.7238,1,1,178.616,nan
s0323,abierto,B40,104.119,0.195028,39.4992,123.8231,33.8722,68.2889,BIEN,20.9683,0.949036,8.5276,18.9246,0.206055,0.196299,5.6542,0.6519,1,1,213.279,nan
s0330,abierto,B5,103.6396,0.193052,4.3532,113.3034,38.26,70.2027,BIEN,23.7014,0.873451,6.0234,9.3245,0.198784,0.218277,2.969,13.0662,1,1,185.649,nan
s0330,abierto,B10,103.6396,0.193052,9.4268,119.6719,36.2573,69.765,BIEN,21.9595,0.939873,6.0713,15.4693,0.203031,0.20466,5.1689,6.013,1,1,222.916,nan
s0330,abierto,B15,103.6396,0.193052,14.4727,121.7041,35.4868,69.6775,BIEN,21.3269,0.946117,6.354,17.4302,0.204486,0.204956,5.9228,6.166,1,1,237.045,nan
s0330,abierto,B25,103.6396,0.193052,24.5043,121.8829,35.2054,68.9899,BIEN,21.4265,0.948895,7.2175,17.6027,0.20671,0.206079,7.0747,6.7478,1,1,205.503,nan
s0330,abierto,B40,103.6396,0.193052,39.4949,121.7331,35.2889,69.2216,BIEN,21.4306,0.949808,8.6726,17.4581,0.203599,0.197679,5.4632,2.3969,1,1,245.568,nan
s0371,abierto,B5,103.8234,0.184494,4.3386,113.3967,38.7976,71.543,BIEN,23.6048,0.868562,5.9962,9.2207,0.201713,0.210627,9.3331,14.1647,1,1,196.244,nan
s0371,abierto,B10,103.8234,0.184494,9.4394,119.8486,36.7366,71.0321,BIEN,21.9159,0.93732,6.0427,15.4351,0.187847,0.204693,1.8173,10.9482,1,1,244.32,nan
s0371,abierto,B15,103.8234,0.184494,14.4693,121.4989,36.2107,71.0635,BIEN,21.3761,0.943641,6.3422,17.0246,0.187848,0.201977,1.8181,9.4764,1,1,179.0,nan
s0371,abierto,B25,103.8234,0.184494,24.5087,122.1865,35.9021,70.8769,BIEN,21.2067,0.945334,7.1529,17.6869,0.187403,0.196752,1.5769,6.6444,1,1,221.166,nan
s0371,abierto,B40,103.8234,0.184494,39.5079,121.6776,36.071,70.9638,BIEN,21.3518,0.94662,8.6314,17.1968,0.186968,0.201187,1.3407,9.048,1,1,228.118,nan
s0383,abierto,B5,109.1659,0.20014,4.3655,123.8093,33.6063,70.3121,BIEN,21.6977,0.87734,5.4203,13.4139,0.197637,nan,1.2503,nan,1,1,201.025,nan
s0383,abierto,B10,109.1659,0.20014,9.4369,125.818,32.4109,67.7343,BIEN,21.9005,0.942665,5.7509,15.2539,0.19687,0.208692,1.6338,4.2733,1,1,227.941,nan
s0383,abierto,B15,109.1659,0.20014,14.4957,127.855,31.6909,68.1366,BIEN,21.1402,0.947838,5.9989,17.1199,0.199553,0.204255,0.2931,2.0565,1,1,220.148,nan
s0383,abierto,B25,109.1659,0.20014,24.5036,127.5742,31.7375,68.0063,BIEN,21.2656,0.951237,6.8215,16.8626,0.199578,0.207939,0.2806,3.8972,1,1,225.693,nan
s0383,abierto,B40,109.1659,0.20014,39.5049,127.2294,31.8539,67.9631,BIEN,21.3889,0.952513,8.2092,16.5468,0.200618,0.201674,0.2391,0.7668,1,1,218.761,nan
s0430,abierto,B5,103.445,0.189874,4.3545,113.4276,38.1183,69.862,BIEN,23.5462,0.875855,6.0202,9.6501,0.195816,nan,3.1291,nan,1,1,186.954,nan
s0430,abierto,B10,103.445,0.189874,9.428,119.6883,36.2359,69.3036,BIEN,21.8694,0.940368,6.0743,15.7023,0.195017,0.204409,2.7086,7.6548,1,1,218.68,nan
s0430,abierto,B15,103.445,0.189874,14.479,121.7187,35.4519,69.1613,BIEN,21.2422,0.94645,6.357,17.6651,0.196278,0.207007,3.3728,9.023,1,1,244.906,nan
s0430,abierto,B25,103.445,0.189874,24.5165,122.406,35.0521,68.4608,BIEN,21.1751,0.948542,7.1867,18.3295,0.196053,0.199577,3.2543,5.11,1,1,245.785,nan
s0430,abierto,B40,103.445,0.189874,39.5033,122.8812,34.7319,68.2126,BIEN,21.0689,0.948278,8.6081,18.7889,0.197083,0.198419,3.7969,4.5003,1,1,237.349,nan
u0020,abierto,B5,115.1051,0.193051,4.4082,125.7288,32.2246,64.8898,BIEN,23.7812,0.908069,5.4083,9.2296,0.20683,nan,7.1378,nan,1,1,241.138,nan
u0020,abierto,B10,115.1051,0.193051,9.4534,128.5714,31.361,66.3716,BIEN,22.5975,0.940964,5.5682,11.6991,0.195831,nan,1.4404,nan,1,1,233.41,nan
u0020,abierto,B15,115.1051,0.193051,14.4521,129.7737,31.033,66.6976,BIEN,22.0859,0.947437,5.8479,12.7437,0.200137,0.215568,3.6708,11.664,1,1,215.206,nan
u0020,abierto,B25,115.1051,0.193051,24.4903,131.3897,30.216,66.5062,BIEN,21.6334,0.949918,6.5263,14.1476,0.191526,0.212552,0.7899,10.1015,1,1,203.475,nan
u0020,abierto,B40,115.1051,0.193051,39.5017,131.0909,30.4256,66.6887,BIEN,21.6796,0.950777,7.8298,13.888,0.193986,0.214363,0.4843,11.0399,1,1,195.461,nan
u0151,abierto,B5,115.143,0.20726,4.4076,129.2051,30.2723,66.1045,BIEN,22.0721,0.891551,5.1585,12.2128,0.215188,nan,3.825,nan,1,1,254.621,nan
u0151,abierto,B10,115.143,0.20726,9.4558,133.3296,28.2404,65.4796,BIEN,21.1116,0.926655,5.3042,15.7948,0.206761,0.225782,0.241,8.9365,1,1,250.551,nan
u0151,abierto,B15,115.143,0.20726,14.4663,132.358,28.8148,66.094,BIEN,21.28,0.933699,5.6957,14.951,0.203171,0.214428,1.9732,3.4581,1,1,202.417,nan
u0151,abierto,B25,115.143,0.20726,24.4945,133.1451,28.4325,66.1058,BIEN,21.052,0.935798,6.4086,15.6346,0.206387,0.215573,0.4214,4.0107,1,1,251.908,nan
u0151,abierto,B40,115.143,0.20726,39.505,133.6801,28.2035,65.9125,BIEN,20.9228,0.936362,7.6488,16.0992,0.211029,0.202018,1.8182,2.5296,1,1,225.627,nan
u0180,abierto,B5,111.547,0.209392,4.4165,125.4489,31.3047,63.8327,BIEN,22.2112,0.891107,5.4054,12.4628,0.216803,nan,3.5393,nan,1,1,184.781,nan
u0180,abierto,B10,111.547,0.209392,9.4681,130.8622,29.0555,64.0434,BIEN,20.6693,0.924646,5.4584,17.3157,0.216891,0.218543,3.5813,4.3702,1,1,247.733,nan
u0180,abierto,B15,111.547,0.209392,14.4503,129.8506,29.1777,63.1067,BIEN,21.2141,0.934234,5.9131,16.4088,0.213964,0.209772,2.1837,0.1814,1,1,253.158,nan
u0180,abierto,B25,111.547,0.209392,24.4743,130.5314,28.7896,62.8465,BIEN,21.0562,0.935991,6.6602,17.0192,0.224756,0.223087,7.3377,6.5404,1,1,222.084,nan
u0180,abierto,B40,111.547,0.209392,39.5091,130.8565,28.6965,63.0015,BIEN,20.9183,0.936097,7.9463,17.3106,0.212853,0.217834,1.653,4.032,1,1,206.215,nan
u0204,abierto,B5,113.8095,0.20017,4.4172,126.9273,31.1339,63.865,BIEN,22.5674,0.895881,5.3296,11.5261,0.216621,nan,8.2185,nan,1,1,205.162,nan
u0204,abierto,B10,113.8095,0.20017,9.4672,131.2748,29.1797,64.1126,BIEN,21.3937,0.93202,5.4512,15.3461,0.203028,0.224605,1.4279,12.2072,1,1,253.511,nan
u0204,abierto,B15,113.8095,0.20017,14.4597,131.4952,29.1991,64.5536,BIEN,21.2418,0.93833,5.7863,15.5397,0.197516,0.216817,1.3258,8.3161,1,1,248.781,nan
u0204,abierto,B25,113.8095,0.20017,24.4821,130.9388,29.2069,63.9916,BIEN,21.5483,0.942487,6.6067,15.0508,0.204466,0.225863,2.1459,12.8356,1,1,223.629,nan
u0204,abierto,B40,113.8095,0.20017,39.5043,131.3855,29.1972,64.5262,BIEN,21.2874,0.94216,7.856,15.4433,0.203634,0.217062,1.7302,8.4387,1,1,231.675,nan
u0229,abierto,B5,115.3807,0.205445,4.3873,126.9888,30.4974,62.926,BIEN,23.275,0.895596,5.3817,10.0606,0.196326,nan,4.4383,nan,1,1,197.847,nan
u0229,abierto,B10,115.3807,0.205445,9.4776,133.155,27.8659,62.7935,BIEN,21.5477,0.931703,5.4098,15.4049,0.200363,0.229832,2.4736,11.8707,1,1,226.501,nan
u0229,abierto,B15,115.3807,0.205445,14.4537,133.7582,27.6582,63.1865,BIEN,21.2333,0.93771,5.7126,15.9277,0.217755,0.21066,5.9919,2.5387,1,1,233.558,nan
u0229,abierto,B25,115.3807,0.205445,24.5011,134.0827,27.6272,63.5593,BIEN,21.0739,0.940053,6.4384,16.2089,0.207998,0.223893,1.2431,8.9799,1,1,219.693,nan
u0229,abierto,B40,115.3807,0.205445,39.5237,134.3245,27.5398,63.5142,BIEN,21.0119,0.940703,7.6903,16.4185,0.211571,0.209562,2.9821,2.0042,1,1,236.016,nan
u0233,abierto,B5,115.9589,0.198453,4.3885,135.7031,28.3277,66.1602,BIEN,20.1004,0.886739,4.8211,17.0269,0.20091,nan,1.2382,nan,1,1,200.642,nan
u0233,abierto,B10,115.9589,0.198453,9.4732,135.9586,27.4855,64.6986,BIEN,20.4907,0.926739,5.1919,17.2473,0.205619,0.222389,3.6107,12.0615,1,1,198.032,nan
u0233,abierto,B15,115.9589,0.198453,14.4565,135.2051,27.7882,64.7324,BIEN,20.6841,0.93501,5.5757,16.5975,0.212948,0.207951,7.3039,4.7862,1,1,230.383,nan
u0233,abierto,B25,115.9589,0.198453,24.4812,135.1915,27.5457,64.265,BIEN,20.8037,0.938916,6.3364,16.5858,0.218935,0.208918,10.3208,5.2735,1,1,213.506,nan
u0233,abierto,B40,115.9589,0.198453,39.5147,134.8278,27.7203,64.2487,BIEN,20.9261,0.940304,7.6169,16.2721,0.211243,0.212246,6.4446,6.9502,1,1,251.376,nan
u0248,abierto,B5,114.6108,0.188595,4.4322,127.9032,30.672,64.4468,BIEN,22.5825,0.895724,5.2572,11.5979,0.204203,nan,8.276,nan,1,1,225.449,nan
u0248,abierto,B10,114.6108,0.188595,9.4726,131.4833,29.3369,65.0985,BIEN,21.4983,0.929957,5.4061,14.7216,0.208967,0.228483,10.8023,21.1503,1,1,236.765,nan
u0248,abierto,B15,114.6108,0.188595,14.4638,131.957,29.168,65.1227,BIEN,21.3591,0.937133,5.7376,15.1349,0.214684,0.216444,13.8335,14.7668,1,1,198.657,nan
u0248,abierto,B25,114.6108,0.188595,24.4773,132.8074,28.8478,65.3523,BIEN,21.038,0.938753,6.4395,15.8769,0.220419,0.217104,16.8745,15.1165,1,1,228.587,nan
u0248,abierto,B40,114.6108,0.188595,39.5133,132.6434,28.9487,65.4902,BIEN,21.0641,0.93959,7.7262,15.7338,0.223109,0.208957,18.3009,10.7969,1,1,193.633,nan
u0282,abierto,B5,110.3973,0.213845,4.4365,124.9869,32.1353,64.6696,BIEN,21.8031,0.894545,5.395,13.2156,0.204497,nan,4.3716,nan,1,1,243.867,nan
u0282,abierto,B10,110.3973,0.213845,9.4706,127.3633,30.4877,63.1626,BIEN,21.6711,0.931103,5.6841,15.3682,0.198906,0.210165,6.9859,1.7208,1,1,153.341,nan
u0282,abierto,B15,110.3973,0.213845,14.4313,128.9809,29.8395,63.45,BIEN,21.0689,0.935559,5.9483,16.8335,0.208979,0.216288,2.2754,1.1421,1,1,207.198,nan
u0282,abierto,B25,110.3973,0.213845,24.4936,129.1236,29.7968,63.5053,BIEN,21.0255,0.937926,6.7277,16.9627,0.197275,0.214578,7.7487,0.3426,1,1,237.931,nan
u0282,abierto,B40,110.3973,0.213845,39.5077,128.7223,29.8997,63.3292,BIEN,21.1932,0.939458,8.0991,16.5992,0.203199,0.21857,4.9785,2.2096,1,1,234.028,nan
u0294,abierto,B5,111.1758,0.203591,4.4389,126.0165,31.7433,65.2851,BIEN,21.7938,0.892475,5.329,13.3489,0.210325,nan,3.3074,nan,1,1,233.405,nan
u0294,abierto,B10,111.1758,0.203591,9.453,130.9955,29.6435,65.4195,BIEN,20.4416,0.924036,5.4155,17.8274,0.218426,0.21345,7.2864,4.8422,1,1,209.345,nan
u0294,abierto,B15,111.1758,0.203591,14.4499,128.8326,30.4644,65.2791,BIEN,21.1347,0.933759,5.9079,15.8819,0.208684,0.205936,2.5014,1.1516,1,1,199.557,nan
u0294,abierto,B25,111.1758,0.203591,24.4664,129.1115,30.412,65.4689,BIEN,21.0216,0.935534,6.6703,16.1328,0.216421,0.213547,6.3018,4.8899,1,1,230.739,nan
u0294,abierto,B40,111.1758,0.203591,39.4975,129.4262,30.3247,65.5475,BIEN,20.9034,0.935636,7.9672,16.4158,0.209336,0.214418,2.8218,5.3177,1,1,229.711,nan
u0317,abierto,B5,112.2283,0.206947,4.425,126.0008,31.5453,64.5457,BIEN,22.3488,0.892835,5.3672,12.2719,0.221668,nan,7.1132,nan,1,1,189.959,nan
u0317,abierto,B10,112.2283,0.206947,9.4618,131.8618,29.1118,64.6972,BIEN,20.66,0.924476,5.4017,17.4942,0.217683,0.218306,5.1875,5.4888,1,1,228.864,nan
u0317,abierto,B15,112.2283,0.206947,14.4746,132.6391,28.3957,63.8864,BIEN,20.5845,0.930836,5.7414,18.1869,0.222767,0.207038,7.6441,0.0438,1,1,212.508,nan
u0317,abierto,B25,112.2283,0.206947,24.4828,132.6203,28.4985,64.2497,BIEN,20.5101,0.933044,6.4939,18.1701,0.218683,0.21533,5.671,4.0509,1,1,233.678,nan
u0317,abierto,B40,112.2283,0.206947,39.507,131.7992,29.038,64.7005,BIEN,20.6797,0.934787,7.829,17.4385,0.219836,0.234652,6.2279,13.3875,1,1,219.949,nan
u0433,abierto,B5,112.7143,0.231301,4.4442,125.3022,32.5079,66.383,BIEN,22.6598,0.894426,5.3518,11.168,0.23409,nan,1.2058,nan,1,1,198.622,nan
u0433,abierto,B10,112.7143,0.231301,9.4714,131.1706,29.9346,65.9865,BIEN,21.0415,0.927527,5.3994,16.3744,0.220654,0.224535,4.603,2.925,1,1,208.834,nan
u0433,abierto,B15,112.7143,0.231301,14.4473,132.7902,29.2554,65.9863,BIEN,20.5563,0.93234,5.6704,17.8113,0.220111,0.21511,4.8379,6.9999,1,1,203.542,nan
u0433,abierto,B25,112.7143,0.231301,24.4795,132.4853,29.1874,65.547,BIEN,20.7324,0.935648,6.4672,17.5408,0.222971,0.224553,3.6012,2.9174,1,1,238.914,nan
u0433,abierto,B40,112.7143,0.231301,39.515,132.6608,29.0264,65.3324,BIEN,20.718,0.936091,7.7576,17.6965,0.223174,0.2292,3.5136,0.9081,1,1,232.889,nan
u0436,abierto,B5,110.8942,0.19642,4.4555,124.8368,32.7796,67.5421,BIEN,21.9543,0.889079,5.3176,12.5729,0.209716,nan,6.7692,nan,1,1,209.824,nan
u0436,abierto,B10,110.8942,0.19642,9.4795,130.8093,30.2897,67.3051,BIEN,20.3676,0.920356,5.3636,17.9586,0.204948,0.2153,4.3416,9.612,1,1,243.825,nan
u0436,abierto,B15,110.8942,0.19642,14.4449,130.0829,30.2412,66.2284,BIEN,20.8432,0.929213,5.807,17.3036,0.212674,0.209224,8.2753,6.5187,1,1,238.22,nan
u0436,abierto,B25,110.8942,0.19642,24.4843,130.2697,30.15,66.2251,BIEN,20.7975,0.931237,6.5803,17.4721,0.206499,0.216978,5.1311,10.4666,1,1,195.015,nan
u0436,abierto,B40,110.8942,0.19642,39.5127,131.0549,29.8279,66.2344,BIEN,20.542,0.930425,7.8431,18.1801,0.211414,0.210081,7.6335,6.955,1,1,217.023,nan
u0513,abierto,B5,111.3155,0.197343,4.4281,125.1599,31.5783,64.8114,BIEN,22.2503,0.893653,5.3975,12.4372,0.20702,nan,4.9039,nan,1,1,230.346,nan
u0513,abierto,B10,111.3155,0.197343,9.4684,131.2788,29.0108,64.7809,BIEN,20.505,0.924578,5.4189,17.934,0.204438,0.222031,3.5952,12.5101,1,1,234.533,nan
u0513,abierto,B15,111.3155,0.197343,14.4503,130.4125,29.0477,63.6946,BIEN,20.9866,0.934155,5.8626,17.1558,0.205723,0.209845,4.2467,6.3352,1,1,242.801,nan
u0513,abierto,B25,111.3155,0.197343,24.4795,130.8067,28.8071,63.5351,BIEN,20.9005,0.935897,6.6244,17.5099,0.207623,0.211612,5.2092,7.2306,1,1,232.553,nan
u0513,abierto,B40,111.3155,0.197343,39.5038,131.0507,28.811,63.7196,BIEN,20.7837,0.936177,7.914,17.7291,0.202503,0.214812,2.6147,8.8522,1,1,213.251,nan
u0519,abierto,B5,111.8987,0.200679,4.4312,125.1566,31.8772,64.8389,BIEN,22.4741,0.8933,5.3956,11.8481,0.196273,nan,2.1959,nan,1,1,230.081,nan
u0519,abierto,B10,111.8987,0.200679,9.4622,131.7189,29.1467,64.9335,BIEN,20.562,0.925775,5.3896,17.7126,0.19309,0.222364,3.782,10.8059,1,1,229.927,nan
u0519,abierto,B15,111.8987,0.200679,14.4613,130.3682,29.4145,64.0682,BIEN,21.1855,0.935594,5.8583,16.5055,0.196153,0.19939,2.2552,0.6425,1,1,221.725,nan
u0519,abierto,B25,111.8987,0.200679,24.4828,132.1391,28.7275,64.3128,BIEN,20.5687,0.934955,6.5154,18.0881,0.195675,0.203598,2.4934,1.4547,1,1,240.633,nan
u0519,abierto,B40,111.8987,0.200679,39.5069,131.2898,28.8983,63.9868,BIEN,20.9136,0.937334,7.8909,17.3291,0.20008,0.208212,0.2988,3.7539,1,1,217.155,nan
v0046,abierto,B5,128.0446,0.172509,4.374,150.9534,12.2824,58.8775,BIEN,19.3679,0.863373,4.2179,17.8913,0.173161,0.195989,0.3778,13.6108,1,1,183.194,nan
v0046,abierto,B10,128.0446,0.172509,9.4578,151.7548,11.576,56.2967,BIEN,19.7807,0.927,4.542,18.5172,0.175091,0.169201,1.4968,1.9175,1,1,235.272,nan
v0046,abierto,B15,128.0446,0.172509,14.4955,151.8442,11.3004,55.4814,BIEN,19.8759,0.939425,4.8627,18.587,0.166252,0.168912,3.627,2.0852,1,1,158.735,nan
v0046,abierto,B25,128.0446,0.172509,24.4968,151.9758,11.1316,54.871,BIEN,19.9362,0.945388,5.5272,18.6898,0.167727,0.174156,2.7718,0.9547,1,1,248.899,nan
v0046,abierto,B40,128.0446,0.172509,39.4935,151.9464,11.0249,54.5347,BIEN,19.9945,0.946791,6.6257,18.6668,0.166449,0.178198,3.5125,3.2982,1,1,245.038,nan
v0050,abierto,B5,128.3586,0.161235,4.3695,150.5807,14.1105,62.981,BIEN,19.4624,0.856433,4.1699,17.3125,0.169467,0.187669,5.1056,16.3945,1,1,236.44,nan
v0050,abierto,B10,128.3586,0.161235,9.4419,151.5713,13.2663,60.2788,BIEN,19.8459,0.922418,4.4872,18.0843,0.154282,0.164619,4.3124,2.0987,1,1,255.343,nan
v0050,abierto,B15,128.3586,0.161235,14.4885,151.6684,12.981,59.4491,BIEN,19.9696,0.936517,4.8127,18.1599,0.152352,0.162423,5.5096,0.7367,1,1,230.007,nan
v0050,abierto,B25,128.3586,0.161235,24.4888,151.7936,12.8161,58.7852,BIEN,20.0336,0.942772,5.4786,18.2574,0.151957,0.167681,5.7543,3.9978,1,1,231.364,nan
v0050,abierto,B40,128.3586,0.161235,39.4955,151.8697,12.6919,58.4085,BIEN,20.0665,0.944424,6.574,18.3167,0.1493,0.162697,7.4022,0.9066,1,1,239.647,nan
v0062,abierto,B5,129.0402,0.161912,4.3764,151.2272,12.2164,58.9394,BIEN,19.572,0.866361,4.1976,17.1938,0.174265,0.200265,7.6295,23.6878,1,1,160.008,nan
v0062,abierto,B10,129.0402,0.161912,9.4565,154.1578,11.2034,56.8264,BIEN,19.3,0.926619,4.3969,19.4649,0.165034,0.167739,1.9283,3.5988,1,1,231.717,nan
v0062,abierto,B15,129.0402,0.161912,14.4935,156.0435,10.8987,56.4398,BIEN,18.8321,0.937896,4.607,20.9263,0.157376,0.167435,2.8016,3.4114,1,1,242.83,nan
v0062,abierto,B25,129.0402,0.161912,24.4908,156.0729,10.7085,55.7668,BIEN,18.9183,0.94443,5.2582,20.949,0.166064,0.163772,2.5643,1.149,1,1,247.329,nan
v0062,abierto,B40,129.0402,0.161912,39.5046,157.1075,10.5416,55.6437,BIEN,18.6429,0.944285,6.2451,21.7508,0.161883,0.173421,0.0176,7.108,1,1,241.739,nan
v0081,abierto,B5,128.3384,0.162069,4.3608,150.817,12.4551,58.2996,BIEN,19.5189,0.866033,4.2257,17.5151,0.169877,0.203696,4.8179,25.6849,1,1,225.785,nan
v0081,abierto,B10,128.3384,0.162069,9.4441,151.6812,11.6808,55.6776,BIEN,19.9092,0.928791,4.5434,18.1885,0.155443,0.159269,4.0881,1.7272,1,1,226.701,nan
v0081,abierto,B15,128.3384,0.162069,14.4976,151.7715,11.3606,54.8932,BIEN,20.024,0.942425,4.867,18.2588,0.158174,0.156068,2.4028,3.7026,1,1,208.39,nan
v0081,abierto,B25,128.3384,0.162069,24.4848,152.0904,11.1821,54.3208,BIEN,20.0092,0.948194,5.5177,18.5073,0.154263,0.166944,4.816,3.0085,1,1,216.067,nan
v0081,abierto,B40,128.3384,0.162069,39.513,153.3322,10.9317,54.246,BIEN,19.6333,0.947584,6.5233,19.4749,0.158922,0.163619,1.9413,0.9563,1,1,232.488,nan
v0096,abierto,B5,127.329,0.16368,4.3843,151.169,12.4493,59.4464,BIEN,19.0527,0.864226,4.1899,18.7231,0.174602,0.196612,6.6727,20.12,1,1,191.589,nan
v0096,abierto,B10,127.329,0.16368,9.4495,151.7094,11.7662,56.8111,BIEN,19.5196,0.929339,4.5262,19.1476,0.168265,0.176037,2.8012,7.5494,1,1,251.231,nan
v0096,abierto,B15,127.329,0.16368,14.5091,151.9408,11.5488,55.8852,BIEN,19.6079,0.943382,4.8455,19.3293,0.168159,0.170883,2.7362,4.4007,1,1,228.024,nan
v0096,abierto,B25,127.329,0.16368,24.4819,152.3426,11.3858,55.4539,BIEN,19.5501,0.949275,5.4868,19.6449,0.171109,0.167145,4.539,2.1168,1,1,218.541,nan
v0096,abierto,B40,127.329,0.16368,39.4973,152.6527,11.2674,55.1507,BIEN,19.5019,0.950504,6.5598,19.8884,0.171321,0.181609,4.6682,10.9537,1,1,231.75,nan
v0112,abierto,B5,125.5972,0.176121,4.381,137.1272,14.7024,56.3211,BIEN,23.8177,0.87806,5.0338,9.1802,0.158945,0.195233,9.7526,10.8514,1,1,230.974,nan
v0112,abierto,B10,125.5972,0.176121,9.4589,144.4116,12.9286,55.853,BIEN,21.5645,0.931723,4.964,14.98,0.169432,0.177161,3.7982,0.5905,1,1,235.206,nan
v0112,abierto,B15,125.5972,0.176121,14.5129,146.9902,12.3814,55.6835,BIEN,20.7312,0.941066,5.1487,17.033,0.170827,0.167693,3.006,4.7853,1,1,138.414,nan
v0112,abierto,B25,125.5972,0.176121,24.4978,148.9575,12.0262,55.6777,BIEN,20.0874,0.944168,5.7084,18.5994,0.171923,0.169426,2.3838,3.8015,1,1,234.979,nan
v0112,abierto,B40,125.5972,0.176121,39.5066,148.6831,11.9079,55.0775,BIEN,20.2663,0.945969,6.8599,18.381,0.174622,0.170277,0.8511,3.3179,1,1,224.749,nan
v0114,abierto,B5,126.5803,0.167152,4.3849,137.143,14.586,56.5379,BIEN,24.3105,0.879388,5.0386,8.3447,0.170329,0.200686,1.9003,20.0619,1,1,216.6,nan
v0114,abierto,B10,126.5803,0.167152,9.4689,144.5859,12.7676,56.1119,BIEN,21.9117,0.933602,4.9575,14.2246,0.169679,0.166537,1.5117,0.3682,1,1,251.61,nan
v0114,abierto,B15,126.5803,0.167152,14.5021,146.9456,12.2514,55.984,BIEN,21.1271,0.943259,5.1535,16.0888,0.17116,0.1614,2.3975,3.4413,1,1,225.489,nan
v0114,abierto,B25,126.5803,0.167152,24.4891,148.8943,11.7817,55.8839,BIEN,20.4998,0.946727,5.7196,17.6283,0.168507,0.171384,0.8104,2.5315,1,1,248.478,nan
v0114,abierto,B40,126.5803,0.167152,39.4989,150.0293,11.5741,55.7379,BIEN,20.1423,0.946484,6.7601,18.525,0.171176,0.172184,2.4071,3.0105,1,1,219.679,nan
v0140,abierto,B5,121.155,0.181939,4.3773,136.4397,16.0628,58.7162,BIEN,22.0216,0.869973,4.9658,12.6158,0.17858,0.197479,1.8462,8.5409,1,1,229.943,nan
v0140,abierto,B10,121.155,0.181939,9.4606,139.1942,15.0692,56.7158,BIEN,21.772,0.932823,5.1955,14.8893,0.177188,0.183323,2.6114,0.7606,1,1,220.221,nan
v0140,abierto,B15,121.155,0.181939,14.4717,141.7279,14.6054,56.5661,BIEN,20.9265,0.943551,5.3924,16.9806,0.177206,0.169676,2.6016,6.7402,1,1,222.792,nan
v0140,abierto,B25,121.155,0.181939,24.5081,142.8248,14.3511,56.1342,BIEN,20.6353,0.947691,6.0471,17.886,0.184661,0.174381,1.4959,4.1543,1,1,219.688,nan
v0140,abierto,B40,121.155,0.181939,39.4797,143.0499,14.1571,55.8901,BIEN,20.5862,0.948582,7.2155,18.0718,0.176623,0.177043,2.9219,2.6911,1,1,236.005,nan
v0201,abierto,B5,128.0771,0.174111,4.3774,150.7162,11.8419,57.3975,BIEN,19.4355,0.855893,4.2339,17.6762,0.179007,0.208204,2.8122,19.5811,1,1,231.83,nan
v0201,abierto,B10,128.0771,0.174111,9.4559,151.556,11.2053,54.8843,BIEN,19.8351,0.923639,4.5549,18.3319,0.167156,0.185515,3.9942,6.5498,1,1,245.206,nan
v0201,abierto,B15,128.0771,0.174111,14.4843,151.6572,10.9938,54.1908,BIEN,19.9345,0.937731,4.8765,18.4109,0.171575,0.173132,1.4566,0.5622,1,1,233.236,nan
v0201,abierto,B25,128.0771,0.174111,24.5209,152.055,10.8521,53.5505,BIEN,19.9201,0.944268,5.5277,18.7215,0.173647,0.168859,0.2664,3.0164,1,1,247.084,nan
v0201,abierto,B40,128.0771,0.174111,39.5155,152.1135,10.7784,53.2711,BIEN,19.9436,0.945991,6.62,18.7672,0.169351,0.168205,2.7338,3.392,1,1,230.516,nan
v0246,abierto,B5,125.4451,0.165658,4.3766,150.6594,12.8898,60.6956,BIEN,18.6002,0.856372,4.1835,20.0999,0.170083,0.201219,2.6709,21.4666,1,1,203.359,nan
v0246,abierto,B10,125.4451,0.165658,9.4495,151.6454,12.0942,58.0229,BIEN,18.9174,0.921348,4.5003,20.8859,0.157996,0.183081,4.6254,10.5173,1,1,208.529,nan
v0246,abierto,B15,125.4451,0.165658,14.5033,151.7963,11.8302,57.1648,BIEN,18.9873,0.937097,4.8188,21.0062,0.160622,0.181189,3.0403,9.3755,1,1,234.362,nan
v0246,abierto,B25,125.4451,0.165658,24.4791,153.27,11.5993,57.0267,BIEN,18.6092,0.940856,5.3924,22.181,0.159171,0.172103,3.9159,3.8902,1,1,235.983,nan
v0246,abierto,B40,125.4451,0.165658,39.5106,153.6508,11.4479,56.5575,BIEN,18.564,0.941718,6.4567,22.4845,0.159669,0.164788,3.6151,0.5255,1,1,223.804,nan
v0255,abierto,B5,125.0554,0.165601,4.3731,136.3068,15.3467,56.9977,BIEN,23.7957,0.876207,5.0163,8.9972,0.172028,0.201715,3.8809,21.8076,1,1,222.563,nan
v0255,abierto,B10,125.0554,0.165601,9.4249,144.1621,13.4099,56.6567,BIEN,21.3472,0.9313,4.9186,15.2786,0.165043,0.17482,0.337,5.567,1,1,228.932,nan
v0255,abierto,B15,125.0554,0.165601,14.487,146.779,12.9034,56.4813,BIEN,20.5226,0.942313,5.1024,17.3712,0.166687,0.173555,0.6558,4.8031,1,1,241.447,nan
v0255,abierto,B25,125.0554,0.165601,24.3947,148.3317,12.6492,56.3739,BIEN,20.0514,0.945992,5.6883,18.6128,0.168475,0.162778,1.7352,1.7047,1,1,225.698,nan
v0255,abierto,B40,125.0554,0.165601,39.502,148.2367,12.5017,55.7746,BIEN,20.1703,0.947725,6.8394,18.5368,0.160994,0.166307,2.7818,0.426,1,1,210.686,nan
v0429,abierto,B5,123.4169,0.172292,4.3753,136.9091,13.4604,52.3003,BIEN,23.1029,0.889196,5.0842,10.9323,0.178115,nan,3.3797,nan,1,1,203.803,nan
v0429,abierto,B10,123.4169,0.172292,9.4464,144.3096,11.7662,51.9819,BIEN,20.8117,0.937538,4.9999,16.9286,0.177145,0.171222,2.8168,0.6212,1,1,249.041,nan
v0429,abierto,B15,123.4169,0.172292,14.5061,146.9361,11.2616,51.7727,BIEN,20.0245,0.947909,5.1823,19.0568,0.172386,0.170568,0.0543,1.0005,1,1,215.657,nan
v0429,abierto,B25,123.4169,0.172292,24.4917,146.1302,11.2364,50.9184,BIEN,20.391,0.954924,5.9317,18.4038,0.173285,0.17449,0.5764,1.2755,1,1,137.09,nan
v0429,abierto,B40,123.4169,0.172292,39.5036,146.7779,11.0171,50.784,BIEN,20.2079,0.95515,7.0342,18.9286,0.17514,0.174296,1.6527,1.1629,1,1,212.323,nan
v0432,abierto,B5,123.933,0.174357,4.3772,137.0864,14.4035,54.1767,BIEN,23.2654,0.88298,5.0486,10.6133,0.187587,0.191239,7.5882,9.6829,1,1,244.021,nan
v0432,abierto,B10,123.933,0.174357,9.4564,144.4165,12.6841,53.8526,BIEN,20.94,0.93251,4.9677,16.5279,0.176927,0.166928,1.4742,4.2607,1,1,244.039,nan
v0432,abierto,B15,123.933,0.174357,14.5067,146.9033,12.1737,53.7039,BIEN,20.1644,0.942078,5.1555,18.5344,0.172339,0.173132,1.1575,0.7024,1,1,251.503,nan
v0432,abierto,B25,123.933,0.174357,24.4912,146.1158,12.0786,52.8259,BIEN,20.5615,0.94893,5.9086,17.899,0.171051,0.171996,1.896,1.354,1,1,248.49,nan
v0432,abierto,B40,123.933,0.174357,39.5012,147.0005,11.8923,52.7207,BIEN,20.2742,0.948446,6.9909,18.6129,0.171458,0.178242,1.6626,2.2284,1,1,178.83,nan
v0487,abierto,B5,126.5951,0.176376,4.3984,137.1794,14.4986,55.5406,BIEN,24.3209,0.878517,5.0267,8.3608,0.186971,0.201111,6.0073,14.0243,1,1,223.384,nan
v0487,abierto,B10,126.5951,0.176376,9.4551,144.5694,12.7307,54.9826,BIEN,21.9265,0.93223,4.9487,14.1983,0.177493,0.178045,0.6335,0.9465,1,1,174.344,nan
v0487,abierto,B15,126.5951,0.176376,14.4933,147.0077,12.2261,54.9669,BIEN,21.0843,0.941603,5.1373,16.1243,0.175606,0.176245,0.4367,0.0742,1,1,173.889,nan
v0487,abierto,B25,126.5951,0.176376,24.4743,148.9495,11.7837,54.8774,BIEN,20.4628,0.945278,5.7036,17.6582,0.172622,0.175893,2.1284,0.2739,1,1,184.094,nan
v0487,abierto,B40,126.5951,0.176376,39.5023,150.0778,11.5915,54.7467,BIEN,20.109,0.944973,6.7442,18.5495,0.172944,0.171044,1.9456,3.0229,1,1,239.051,nan
v0526,abierto,B5,125.8726,0.159417,4.3904,136.998,14.1668,54.2335,BIEN,24.1196,0.881649,5.0612,8.8386,0.162744,nan,2.0869,nan,1,1,213.671,nan
v0526,abierto,B10,125.8726,0.159417,9.4465,144.452,12.3484,53.7967,BIEN,21.6901,0.934909,4.9755,14.7605,0.159689,0.166921,0.1701,4.707,1,1,194.326,nan
v0526,abierto,B15,125.8726,0.159417,14.4994,146.9437,11.7817,53.6072,BIEN,20.8692,0.94496,5.1632,16.74,0.163537,0.168615,2.5839,5.7694,1,1,223.739,nan
v0526,abierto,B25,125.8726,0.159417,24.486,148.9897,11.3625,53.5315,BIEN,20.2282,0.948353,5.7241,18.3655,0.159947,0.165179,0.3324,3.6143,1,1,203.94,nan
v0526,abierto,B40,125.8726,0.159417,39.5013,148.4167,11.3548,53.196,BIEN,20.4481,0.950573,6.8862,17.9103,0.158275,0.163862,0.7166,2.7881,1,1,180.024,nan
v0542,abierto,B5,118.3945,0.19687,4.3449,136.366,15.8881,55.7467,BIEN,21.02,0.871385,5.0108,15.1793,0.199803,0.202702,1.4898,2.9624,1,1,158.66,nan
v0542,abierto,B10,118.3945,0.19687,9.4555,137.3458,15.1895,53.2381,BIEN,21.4533,0.935439,5.3554,16.0069,0.195249,0.190349,0.8231,3.3123,1,1,210.164,nan
v0542,abierto,B15,118.3945,0.19687,14.488,137.6252,14.9372,52.4498,BIEN,21.5205,0.949048,5.7037,16.2429,0.19339,0.1843,1.7676,6.3847,1,1,235.167,nan
v0542,abierto,B25,118.3945,0.19687,24.5159,140.3942,14.5025,52.7003,BIEN,20.5451,0.950174,6.2565,18.5817,0.193165,0.189234,1.8816,3.8783,1,1,224.936,nan
v0542,abierto,B40,118.3945,0.19687,39.51,140.1727,14.4598,52.2181,BIEN,20.6854,0.952361,7.4924,18.3946,0.188399,0.197335,4.3027,0.2362,1,1,239.877,nan
v0796,abierto,B5,120.9772,0.171405,4.3662,136.2626,15.3719,57.6356,BIEN,22.1346,0.879977,5.0423,12.6349,0.177246,0.205963,3.4075,20.161,1,1,181.742,nan
v0796,abierto,B10,120.9772,0.171405,9.4795,138.0005,14.3958,55.5042,BIEN,22.3251,0.934464,5.3376,14.0715,0.163611,0.163701,4.5474,4.4947,1,1,226.809,nan
v0796,abierto,B15,120.9772,0.171405,14.5095,141.7855,13.6215,55.8192,BIEN,20.8808,0.940049,5.4457,17.2002,0.164175,0.160138,4.2183,6.5737,1,1,242.624,nan
v0796,abierto,B25,120.9772,0.171405,24.5202,142.7871,13.2935,55.3479,BIEN,20.6196,0.943953,6.1044,18.0281,0.160896,0.161617,6.1312,5.7104,1,1,197.149,nan
v0796,abierto,B40,120.9772,0.171405,39.517,142.7998,13.2159,55.0157,BIEN,20.6753,0.945413,7.2962,18.0386,0.161827,0.166502,5.5883,2.8607,1,1,225.652,nan
v0811,abierto,B5,122.6361,0.154025,4.3666,136.1708,12.4474,51.5649,BIEN,23.0959,0.890385,5.1472,11.0365,0.169018,0.188389,9.7338,22.3107,1,1,169.699,nan
v0811,abierto,B10,122.6361,0.154025,9.4777,143.699,10.594,50.9234,BIEN,20.7601,0.930888,5.0621,17.1751,0.15803,0.183526,2.5998,19.153,1,1,241.663,nan
v0811,abierto,B15,122.6361,0.154025,14.5187,141.8973,10.6057,49.7088,BIEN,21.6627,0.949656,5.5285,15.706,0.15765,0.16333,2.3532,6.0412,1,1,150.065,nan
v0811,abierto,B25,122.6361,0.154025,24.5156,145.3886,10.0681,49.9114,BIEN,20.3865,0.948537,6.0096,18.5529,0.155899,0.150556,1.2168,2.2523,1,1,208.381,nan
v0811,abierto,B40,122.6361,0.154025,39.497,144.2953,10.105,49.3576,BIEN,20.8438,0.952734,7.2587,17.6614,0.158803,0.15296,3.1017,0.6916,1,1,227.128,nan
v0876,abierto,B5,118.3589,0.169819,4.3666,136.0863,15.9929,56.1289,BIEN,21.204,0.880417,5.0595,14.9777,0.168881,0.191269,0.5528,12.6309,1,1,224.522,nan
v0876,abierto,B10,118.3589,0.169819,9.4619,137.427,15.0964,53.9034,BIEN,21.4531,0.935474,5.3778,16.1104,0.166757,0.167096,1.8031,1.6035,1,1,230.931,nan
v0876,abierto,B15,118.3589,0.169819,14.5124,137.6776,14.7839,53.0888,BIEN,21.5054,0.947385,5.7236,16.3222,0.165822,0.161609,2.3538,4.8347,1,1,194.647,nan
v0876,abierto,B25,118.3589,0.169819,24.5171,140.3978,14.2231,53.3088,BIEN,20.5458,0.948467,6.2778,18.6204,0.162473,0.157646,4.3258,7.1683,1,1,236.675,nan
v0876,abierto,B40,118.3589,0.169819,39.5038,139.9202,14.2017,52.753,BIEN,20.7845,0.950955,7.534,18.2169,0.161136,0.152592,5.1132,10.1443,1,1,247.555,nan
v0886,abierto,B5,120.1395,0.176712,4.3304,136.1394,15.6281,55.481,BIEN,21.8857,0.882644,5.0793,13.3178,0.173731,0.214392,1.6871,21.3229,1,1,242.783,nan
v0886,abierto,B10,120.1395,0.176712,9.4376,137.2341,14.7315,53.1907,BIEN,22.3026,0.939818,5.4092,14.229,0.169955,0.166023,3.8236,6.0491,1,1,231.836,nan
v0886,abierto,B15,120.1395,0.176712,14.4502,141.667,13.9087,53.7335,BIEN,20.6388,0.946573,5.4739,17.9188,0.165386,0.158969,6.4093,10.0408,1,1,241.47,nan
v0886,abierto,B25,120.1395,0.176712,24.5068,141.3788,13.7379,52.789,BIEN,20.8953,0.953092,6.2307,17.6788,0.168301,0.161146,4.7597,8.8089,1,1,196.835,nan
v0886,abierto,B40,120.1395,0.176712,39.3889,142.5093,13.5302,52.9578,BIEN,20.4914,0.952702,7.3282,18.6199,0.167206,0.168997,5.3795,4.3661,1,1,224.881,nan
v0894,abierto,B5,120.6339,0.172431,4.3516,136.2738,15.436,55.0599,BIEN,22.0652,0.883579,5.0707,12.9648,0.176603,0.187119,2.4191,8.518,1,1,238.226,nan
v0894,abierto,B10,120.6339,0.172431,9.4721,137.5652,14.551,52.8689,BIEN,22.3908,0.936764,5.3892,14.0353,0.177312,0.166841,2.8308,3.242,1,1,226.311,nan
v0894,abierto,B15,120.6339,0.172431,14.4998,142.0735,13.6758,53.4544,BIEN,20.6725,0.941345,5.451,17.7725,0.170237,0.163367,1.2727,5.2568,1,1,208.026,nan
v0894,abierto,B25,120.6339,0.172431,24.5042,143.0711,13.3498,52.962,BIEN,20.4326,0.944856,6.1097,18.5995,0.170216,0.168065,1.2847,2.532,1,1,187.175,nan
v0894,abierto,B40,120.6339,0.172431,39.5286,142.9243,13.3148,52.6821,BIEN,20.5187,0.946636,7.3066,18.4778,0.169795,0.175998,1.5288,2.0683,1,1,160.138,nan
v0902,abierto,B5,122.6852,0.164131,4.3542,136.8203,14.8732,54.6575,BIEN,22.7355,0.887679,5.0679,11.5214,0.173394,0.205094,5.6439,24.9575,1,1,222.479,nan
v0902,abierto,B10,122.6852,0.164131,9.4693,144.3225,12.9034,54.2619,BIEN,20.5065,0.932603,4.9862,17.6364,0.15441,0.166804,5.9224,1.6289,1,1,223.349,nan
v0902,abierto,B15,122.6852,0.164131,14.5136,142.32,12.9131,52.7776,BIEN,21.466,0.949494,5.4658,16.0042,0.164075,0.169092,0.0342,3.0224,1,1,188.972,nan
v0902,abierto,B25,122.6852,0.164131,24.5078,146.0228,12.2339,53.2069,BIEN,20.1487,0.94924,5.9286,19.0224,0.157525,0.164495,4.0249,0.2219,1,1,224.175,nan
v0902,abierto,B40,122.6852,0.164131,39.5026,144.9612,12.2785,52.5863,BIEN,20.5815,0.952435,7.1667,18.157,0.160974,0.165108,1.9234,0.5955,1,1,201.094,nan
v0945,abierto,B5,120.218,0.184261,4.3354,136.2867,15.0634,55.0397,BIEN,21.8711,0.882359,5.0706,13.3663,0.156189,0.218274,15.235,18.4587,1,1,250.821,nan
v0945,abierto,B10,120.218,0.184261,9.4454,137.2889,14.2269,52.7175,BIEN,22.32,0.939881,5.4048,14.2,0.159276,0.159311,13.5597,13.5405,1,1,238.152,nan
v0945,abierto,B15,120.218,0.184261,14.4576,141.7497,13.4584,53.3406,BIEN,20.6232,0.945764,5.4659,17.9106,0.161598,0.167793,12.2995,8.9373,1,1,258.191,nan
v0945,abierto,B25,120.218,0.184261,24.5145,140.558,13.3905,52.1012,BIEN,21.2457,0.953804,6.2876,16.9193,0.169522,0.159603,7.9992,13.3821,1,1,244.894,nan
v0945,abierto,B40,120.218,0.184261,39.413,142.569,13.0936,52.5303,BIEN,20.4925,0.951859,7.3235,18.5921,0.169748,0.169163,7.8763,8.1939,1,1,227.671,nan
v0975,abierto,B5,118.7666,0.183548,4.3504,136.0576,17.2233,59.6746,BIEN,21.2687,0.867585,4.9951,14.5587,0.183905,0.196371,0.1945,6.9864,1,1,229.684,nan
v0975,abierto,B10,118.7666,0.183548,9.4681,137.3204,16.4432,57.2913,BIEN,21.5492,0.933432,5.3146,15.622,0.184156,0.162446,0.3313,11.4966,1,1,236.016,nan
v0975,abierto,B15,118.7666,0.183548,14.4924,137.6599,16.2161,56.4814,BIEN,21.616,0.945531,5.662,15.9079,0.183661,0.164985,0.062,10.1132,1,1,127.961,nan
v0975,abierto,B25,118.7666,0.183548,24.497,140.219,15.7717,56.738,BIEN,20.6745,0.946527,6.2225,18.0626,0.183003,0.168792,0.2968,8.0393,1,1,177.617,nan
v0975,abierto,B40,118.7666,0.183548,39.5222,141.1451,15.5932,56.5512,BIEN,20.4112,0.946284,7.3727,18.8424,0.182946,0.180976,0.3277,1.4009,1,1,183.143,nan
v0994,abierto,B5,120.5479,0.169087,4.3662,136.4066,16.2491,58.2085,BIEN,21.8316,0.875691,5.008,13.1555,0.173018,nan,2.3246,nan,1,1,223.734,nan
v0994,abierto,B10,120.5479,0.169087,9.468,137.4901,15.4728,55.7567,BIEN,22.265,0.938133,5.3379,14.0544,0.168247,0.155562,0.4965,7.9986,1,1,241.161,nan
v0994,abierto,B15,120.5479,0.169087,14.498,142.0169,14.7315,56.3611,BIEN,20.577,0.943668,5.402,17.8096,0.178268,0.155717,5.4299,7.907,1,1,240.894,nan
v0994,abierto,B25,120.5479,0.169087,24.5084,143.0108,14.4229,55.7118,BIEN,20.358,0.947745,6.0635,18.634,0.174951,0.162987,3.468,3.6075,1,1,224.724,nan
v0994,abierto,B40,120.5479,0.169087,39.5032,142.8589,14.3977,55.4883,BIEN,20.4426,0.949504,7.2604,18.508,0.173995,0.174207,2.9025,3.0282,1,1,239.177,nan
v1005,abierto,B5,121.74,0.172586,4.3453,136.4548,15.6844,56.4215,BIEN,22.3792,0.879903,5.0526,12.087,0.177601,nan,2.9056,nan,1,1,247.629,nan
v1005,abierto,B10,121.74,0.172586,9.4761,144.0771,14.1202,56.0818,BIEN,20.1743,0.930101,4.9673,18.3482,0.168178,0.167667,2.5542,2.8501,1,1,249.234,nan
v1005,abierto,B15,121.74,0.172586,14.4969,142.0915,14.1454,54.6285,BIEN,21.1048,0.947184,5.4482,16.7171,0.169398,0.166152,1.8475,3.7285,1,1,258.398,nan
v1005,abierto,B25,121.74,0.172586,24.511,143.1247,13.8834,54.23,BIEN,20.8087,0.950984,6.0994,17.5659,0.167956,0.172892,2.6831,0.1769,1,1,254.712,nan
v1005,abierto,B40,121.74,0.172586,39.5087,144.54,13.6564,54.3251,BIEN,20.3372,0.950032,7.1728,18.7284,0.16568,0.172916,4.0015,0.1912,1,1,255.389,nan
w0035,abierto,B5,126.4828,0.259275,4.4669,134.9687,18.4129,58.0508,BIEN,25.3938,0.889121,5.1586,6.7092,0.255048,0.247392,1.6305,4.5833,1,1,240.912,nan
w0035,abierto,B10,126.4828,0.259275,9.5022,135.2462,19.1038,59.7875,BIEN,25.0106,0.93985,5.4437,6.9286,0.247163,0.277212,4.6715,6.9178,1,1,243.974,nan
w0035,abierto,B15,126.4828,0.259275,14.477,135.2623,20.2469,60.582,BIEN,24.6256,0.950567,5.7681,6.9413,0.24409,0.270851,5.857,4.4647,1,1,209.503,nan
w0035,abierto,B25,126.4828,0.259275,24.4927,136.1349,19.7268,60.724,BIEN,24.2195,0.956968,6.4423,7.6312,0.239927,0.260694,7.4624,0.547,1,1,231.374,nan
w0035,abierto,B40,126.4828,0.259275,39.4999,136.7447,19.7617,60.8158,BIEN,23.9382,0.957881,7.6209,8.1133,0.236444,0.25472,8.8058,1.757,1,1,196.68,nan
w0048,abierto,B5,121.1413,0.304931,4.4087,133.6674,22.1642,63.4128,BIEN,23.098,0.884975,5.1257,10.3401,0.292366,0.272172,4.1206,10.7432,1,1,180.31,nan
w0048,abierto,B10,121.1413,0.304931,9.5176,133.1459,21.2172,61.7476,BIEN,24.2756,0.944601,5.5467,9.9096,0.313596,0.296944,2.8417,2.6194,1,1,229.395,nan
w0048,abierto,B15,121.1413,0.304931,14.4944,136.7982,20.5321,62.1308,BIEN,22.5179,0.952221,5.6733,12.9245,0.309212,0.305893,1.4038,0.3155,1,1,229.6,nan
w0048,abierto,B25,121.1413,0.304931,24.5207,136.0992,20.7922,62.3919,BIEN,22.7519,0.957595,6.4527,12.3475,0.305825,0.307042,0.293,0.6921,1,1,211.122,nan
w0048,abierto,B40,121.1413,0.304931,39.5363,135.9826,20.6913,61.9903,BIEN,22.9285,0.96017,7.7304,12.2512,0.30715,0.302064,0.7276,0.9403,1,1,241.115,nan
w0061,abierto,B5,103.4809,0.247432,4.3736,111.7063,29.6027,60.7176,BIEN,25.2476,0.892249,6.4888,7.9487,0.258058,0.251917,4.2947,1.8126,1,1,174.474,nan
w0061,abierto,B10,103.4809,0.247432,9.4946,118.0299,27.2022,59.6255,BIEN,23.1423,0.938568,6.5257,14.0596,0.249554,0.276806,0.8578,11.8717,1,1,190.843,nan
w0061,abierto,B15,103.4809,0.247432,14.4583,119.6738,26.5229,59.4408,BIEN,22.5,0.943765,6.8317,15.6482,0.249846,0.27152,0.9756,9.7354,1,1,204.696,nan
w0061,abierto,B25,103.4809,0.247432,24.5105,118.6188,26.8781,59.039,BIEN,23.0804,0.950329,7.801,14.6286,0.244034,0.276505,1.3732,11.7502,1,1,253.73,nan
w0061,abierto,B40,103.4809,0.247432,39.5293,119.1046,26.4666,58.8443,BIEN,22.9183,0.950717,9.2838,15.0981,0.248198,0.264008,0.3098,6.6993,1,1,210.73,nan
w0194,abierto,B5,131.7693,0.269848,4.4248,143.3295,17.266,67.1402,BIEN,23.087,0.879987,4.4245,8.773,0.28195,nan,4.4848,nan,1,1,237.558,nan
w0194,abierto,B10,131.7693,0.269848,9.4817,143.101,15.3215,65.8263,BIEN,24.399,0.945237,4.8072,8.5996,0.269216,0.284359,0.2342,5.3777,1,1,186.616,nan
w0194,abierto,B15,131.7693,0.269848,14.5664,141.2829,16.123,66.2684,BIEN,25.4106,0.962605,5.2355,7.2199,0.267115,0.294978,1.0129,9.3125,1,1,246.318,nan
w0194,abierto,B25,131.7693,0.269848,24.5346,142.1816,15.4593,66.483,BIEN,24.69,0.967064,5.8849,7.9019,0.25971,0.287971,3.7568,6.716,1,1,247.586,nan
w0194,abierto,B40,131.7693,0.269848,39.5155,142.5776,15.1313,66.355,BIEN,24.5186,0.968535,7.0522,8.2024,0.264997,0.286715,1.7978,6.2507,1,1,215.008,nan
w0199,abierto,B5,116.9834,0.281658,4.3832,127.091,29.1448,70.7741,BIEN,23.7767,0.891298,5.1736,8.6402,0.290613,0.26207,3.1794,6.9544,1,1,233.984,nan
w0199,abierto,B10,116.9834,0.281658,9.4301,129.2754,23.6721,68.6782,BIEN,24.0438,0.948537,5.4968,10.5074,0.282848,0.282125,0.4225,0.1657,1,1,188.306,nan
w0199,abierto,B15,116.9834,0.281658,14.4537,126.2535,28.1395,69.9018,BIEN,25.4932,0.962848,6.0166,7.9243,0.273173,0.285938,3.0125,1.5196,1,1,223.854,nan
w0199,abierto,B25,116.9834,0.281658,24.5145,126.7318,27.2759,69.4249,BIEN,25.489,0.968587,6.8329,8.3331,0.273396,0.297518,2.9333,5.6311,1,1,248.342,nan
w0199,abierto,B40,116.9834,0.281658,39.546,125.2654,29.1816,70.0183,BIEN,26.2144,0.970653,8.33,7.0796,0.274227,0.295868,2.6384,5.0451,1,1,245.646,nan
w0206,abierto,B5,111.3296,0.266394,4.4338,118.0188,33.2201,70.3562,BIEN,25.8385,0.898955,5.7056,6.0085,0.2825,0.248864,6.0458,6.5806,1,1,235.056,nan
w0206,abierto,B10,111.3296,0.266394,9.428,124.2416,29.2049,68.3655,BIEN,23.6063,0.947371,5.7977,11.5979,0.266876,0.27332,0.1808,2.5997,1,1,252.156,nan
w0206,abierto,B15,111.3296,0.266394,14.5064,121.5403,31.6307,68.5848,BIEN,25.2471,0.96355,6.361,9.1715,0.264727,0.282055,0.626,5.8786,1,1,256.871,nan
w0206,abierto,B25,111.3296,0.266394,24.5531,120.2276,32.7854,69.2418,BIEN,25.7656,0.968651,7.2916,7.9925,0.264711,0.285208,0.6317,7.0623,1,1,222.138,nan
w0206,abierto,B40,111.3296,0.266394,39.4869,120.964,32.275,69.1403,BIEN,25.3194,0.969159,8.7231,8.6539,0.262062,0.281568,1.6264,5.6959,1,1,232.916,nan
w0207,abierto,B5,120.4005,0.274033,4.4127,128.8418,28.1783,70.1979,BIEN,24.6109,0.895199,5.0996,7.011,0.27863,0.241695,1.6774,11.8007,1,1,194.734,nan
w0207,abierto,B10,120.4005,0.274033,9.5094,130.8543,24.819,68.0111,BIEN,25.1844,0.952021,5.4277,8.6825,0.280398,0.277844,2.3225,1.3906,1,1,244.948,nan
w0207,abierto,B15,120.4005,0.274033,14.4225,129.0216,27.0391,70.0005,BIEN,25.2182,0.958701,5.8293,7.1604,0.269988,0.277488,1.4761,1.2608,1,1,176.491,nan
w0207,abierto,B25,120.4005,0.274033,24.4463,129.1914,27.0256,69.8365,BIEN,25.2447,0.96527,6.6178,7.3014,0.275659,0.268893,0.5932,1.8759,1,1,237.66,nan
w0207,abierto,B40,120.4005,0.274033,39.4271,129.4592,26.5482,69.4947,BIEN,25.3061,0.968427,7.9626,7.5238,0.276567,0.280077,0.9245,2.2053,1,1,242.242,nan
w0225,abierto,B5,128.0021,0.254221,4.4237,146.2424,15.8474,65.3309,BIEN,20.5566,0.873038,4.3126,14.25,0.249274,0.244492,1.9461,3.8273,1,1,234.946,nan
w0225,abierto,B10,128.0021,0.254221,9.4254,143.366,15.3079,64.9768,BIEN,21.9554,0.932279,4.7911,12.0029,0.250061,0.257908,1.6367,1.4503,1,1,247.17,nan
w0225,abierto,B15,128.0021,0.254221,14.432,142.4888,15.4631,64.7015,BIEN,22.4302,0.949162,5.1776,11.3175,0.251805,0.254369,0.9503,0.0581,1,1,178.514,nan
w0225,abierto,B25,128.0021,0.254221,24.4734,141.5156,15.6727,64.6268,BIEN,22.8708,0.957456,5.9422,10.5573,0.247255,0.273443,2.7404,7.561,1,1,223.634,nan
w0225,abierto,B40,128.0021,0.254221,39.4537,141.4389,15.597,64.3318,BIEN,23.0266,0.959923,7.1423,10.4973,0.248777,0.263894,2.1416,3.8049,1,1,241.237,nan
w0363,abierto,B5,156.4791,0.305635,4.4734,164.4046,13.6952,64.8241,BIEN,24.9935,0.884011,3.4499,5.0649,0.294894,0.275506,3.5142,9.8578,1,1,230.044,nan
w0363,abierto,B10,156.4791,0.305635,9.4402,168.9213,9.1502,63.8952,BIEN,23.4471,0.930668,3.5238,7.9514,0.291942,0.297144,4.48,2.7783,1,1,237.214,nan
w0363,abierto,B15,156.4791,0.305635,14.5391,171.5694,8.6379,63.0071,BIEN,22.4134,0.945602,3.6904,9.6437,0.29603,0.311987,3.1425,2.0783,1,1,205.204,nan
w0363,abierto,B25,156.4791,0.305635,24.4638,171.4762,8.8145,63.7058,BIEN,22.2543,0.951755,4.2512,9.5841,0.276624,0.301123,9.4919,1.4762,1,1,249.844,nan
w0363,abierto,B40,156.4791,0.305635,39.5695,170.1181,8.9678,63.7744,BIEN,22.9289,0.956898,5.2748,8.7162,0.279977,0.308562,8.3949,0.9578,1,1,257.414,nan
w0414,abierto,B5,138.1425,0.259165,4.4659,147.5646,14.06,65.1602,BIEN,24.6828,0.888168,4.2582,6.8205,0.259603,0.246237,0.1689,4.9882,1,1,247.292,nan
w0414,abierto,B10,138.1425,0.259165,9.4317,149.5916,12.8044,66.2073,BIEN,23.5744,0.933882,4.4316,8.2879,0.255534,0.266428,1.4008,2.8027,1,1,235.882,nan
w0414,abierto,B15,138.1425,0.259165,14.4807,151.6811,12.2164,65.6847,BIEN,22.8314,0.947362,4.6461,9.8004,0.257855,0.266685,0.5054,2.9019,1,1,236.742,nan
w0414,abierto,B25,138.1425,0.259165,24.5451,149.3968,12.7074,65.8116,BIEN,23.9305,0.957059,5.4382,8.1469,0.263872,0.276287,1.8164,6.6067,1,1,245.99,nan
w0414,abierto,B40,138.1425,0.259165,39.47,150.4977,12.6434,66.092,BIEN,23.2566,0.95567,6.4554,8.9438,0.263372,0.267326,1.6236,3.1492,1,1,244.367,nan
w0509,abierto,B5,148.808,0.257881,4.4065,164.875,8.8145,60.6252,BIEN,21.6036,0.872016,3.4793,10.7971,0.290917,0.233335,12.8104,9.5185,1,1,254.382,nan
w0509,abierto,B10,148.808,0.257881,9.4325,156.696,10.6755,63.0698,BIEN,24.8712,0.931619,4.1235,5.3008,0.259112,0.27242,0.4771,5.638,1,1,220.347,nan
w0509,abierto,B15,148.808,0.257881,14.4908,159.9998,10.4097,63.5146,BIEN,23.1675,0.941232,4.2352,7.521,0.262321,0.27323,1.7219,5.9518,1,1,236.066,nan
w0509,abierto,B25,148.808,0.257881,24.455,159.0619,10.7318,64.0536,BIEN,23.355,0.949118,4.8863,6.8907,0.269113,0.269037,4.3556,4.326,1,1,255.2,nan
w0509,abierto,B40,148.808,0.257881,39.5023,158.4698,10.6523,63.719,BIEN,23.7975,0.954034,5.9456,6.4928,0.269252,0.263834,4.4095,2.3083,1,1,227.371,nan
w0529,abierto,B5,148.4513,0.237458,4.4183,166.2196,9.7712,61.2766,BIEN,20.9724,0.870867,3.4191,11.9691,0.241883,0.241675,1.8636,1.7761,1,1,179.359,nan
w0529,abierto,B10,148.4513,0.237458,9.424,158.5431,11.3354,63.1611,BIEN,23.8972,0.93102,4.0462,6.798,0.221433,0.25522,6.7485,7.4801,1,1,243.368,nan
w0529,abierto,B15,148.4513,0.237458,14.4858,163.3358,10.7784,63.0451,BIEN,22.0131,0.94018,4.0952,10.0265,0.24216,0.256394,1.9801,7.9747,1,1,230.181,nan
w0529,abierto,B25,148.4513,0.237458,24.4611,162.5174,11.0093,63.6011,BIEN,22.1576,0.946723,4.7244,9.4752,0.233218,0.257889,1.7857,8.6041,1,1,239.521,nan
w0529,abierto,B40,148.4513,0.237458,39.4794,161.6435,11.0229,63.3845,BIEN,22.5858,0.951542,5.7719,8.8866,0.232762,0.263476,1.9773,10.9571,1,1,207.22,nan
w0580,abierto,B5,143.1415,0.268368,4.4199,167.3663,11.7468,63.684,BIEN,18.9858,0.862644,3.3539,16.9237,0.267512,0.255705,0.319,4.7184,1,1,210.65,nan
w0580,abierto,B10,143.1415,0.268368,9.3961,158.6998,13.3944,65.6388,BIEN,21.3688,0.920317,4.0059,10.8692,0.261512,0.272761,2.5546,1.637,1,1,190.909,nan
w0580,abierto,B15,143.1415,0.268368,14.5014,155.7426,13.9106,66.1442,BIEN,22.1783,0.934888,4.437,8.8033,0.270013,0.272835,0.6131,1.6646,1,1,252.857,nan
w0580,abierto,B25,143.1415,0.268368,24.506,156.1878,13.7049,65.0924,BIEN,22.4307,0.946887,5.0634,9.1143,0.263107,0.2641,1.9604,1.5902,1,1,213.789,nan
w0580,abierto,B40,143.1415,0.268368,39.502,154.414,14.0329,65.531,BIEN,22.8787,0.947684,6.1947,7.8751,0.259998,0.269683,3.1188,0.4901,1,1,251.187,nan
w0735,abierto,B5,148.1141,0.266217,4.4202,150.5272,18.2499,65.0271,BIEN,21.5374,0.831258,4.0879,1.6292,0.265212,0.240919,0.3775,9.503,1,1,230.99,nan
w0735,abierto,B10,148.1141,0.266217,9.4,150.8243,17.3126,61.8108,BIEN,23.7477,0.915586,4.438,1.8298,0.265336,0.2778,0.3311,4.3506,1,1,254.913,nan
w0735,abierto,B15,148.1141,0.266217,14.571,151.0041,18.0384,64.8995,BIEN,22.2002,0.91712,4.6565,1.9512,0.257751,0.290392,3.1801,9.0808,1,1,198.95,nan
w0735,abierto,B25,148.1141,0.266217,24.4903,150.8927,17.3883,62.3035,BIEN,23.5554,0.944501,5.358,1.876,0.263778,0.273914,0.9165,2.8911,1,1,231.038,nan
w0735,abierto,B40,148.1141,0.266217,39.4955,153.1177,17.1612,63.041,BIEN,22.8773,0.943036,6.2389,3.3783,0.267265,0.272653,0.3936,2.4174,1,1,244.624,nan
w0738,abierto,B5,152.7353,0.271904,4.3982,150.7055,17.9414,63.8512,BIEN,21.989,0.836587,4.1204,1.329,0.27237,0.250191,0.1716,7.9856,1,1,204.186,nan
w0738,abierto,B10,152.7353,0.271904,9.3657,160.8085,15.2535,62.6632,BIEN,22.3213,0.905964,3.9298,5.2857,0.259339,0.276102,4.621,1.544,1,1,218.598,nan
w0738,abierto,B15,152.7353,0.271904,14.5625,151.4127,17.7143,63.5504,BIEN,22.9139,0.922589,4.682,0.866,0.246382,0.287445,9.3863,5.7157,1,1,220.575,nan
w0738,abierto,B25,152.7353,0.271904,24.4693,158.3984,16.0861,63.155,BIEN,22.6284,0.938421,4.9265,3.7078,0.251448,0.275033,7.523,1.151,1,1,214.8,nan
w0738,abierto,B40,152.7353,0.271904,39.4638,158.0582,16.2685,63.0499,BIEN,22.7413,0.942173,5.9377,3.4851,0.258386,0.286619,4.9714,5.4119,1,1,241.744,nan
w0742,abierto,B5,153.4176,0.263825,4.4091,150.6466,18.0985,64.9451,BIEN,21.9691,0.831907,4.1126,1.8062,0.269142,0.241854,2.0153,8.328,1,1,248.238,nan
w0742,abierto,B10,153.4176,0.263825,9.3721,160.7084,15.4301,63.6543,BIEN,22.4759,0.90377,3.9268,4.7523,0.252985,0.270557,4.1087,2.5515,1,1,238.197,nan
w0742,abierto,B15,153.4176,0.263825,14.564,157.3248,17.1942,66.549,BIEN,21.7353,0.90943,4.3191,2.5468,0.25253,0.28767,4.2814,9.0382,1,1,239.395,nan
w0742,abierto,B25,153.4176,0.263825,24.478,156.2533,17.0137,65.1426,BIEN,22.522,0.929979,5.0129,1.8484,0.261368,0.285532,0.9315,8.2278,1,1,237.575,nan
w0742,abierto,B40,153.4176,0.263825,39.4854,156.6941,16.7867,64.7444,BIEN,22.6804,0.935432,5.9943,2.1357,0.253936,0.278008,3.7483,5.3758,1,1,254.758,nan
w0810,abierto,B5,130.1075,0.28884,4.4105,148.5422,15.2419,57.426,BIEN,20.9283,0.886389,4.4033,14.1688,0.291809,0.25128,1.0281,13.0037,1,1,194.522,nan
w0810,abierto,B10,130.1075,0.28884,9.391,140.3083,16.8992,58.7564,BIEN,23.8668,0.937082,5.1343,7.8403,0.280508,0.272299,2.8845,5.7265,1,1,243.499,nan
w0810,abierto,B15,130.1075,0.28884,14.5729,139.1462,17.1515,58.4892,BIEN,24.5394,0.955831,5.5463,6.9471,0.28065,0.285679,2.8352,1.0941,1,1,212.089,nan
w0810,abierto,B25,130.1075,0.28884,24.4659,140.3392,17.0719,59.1642,BIEN,23.7442,0.960544,6.1629,7.8641,0.284323,0.296717,1.5638,2.7272,1,1,208.655,nan
w0810,abierto,B40,130.1075,0.28884,39.4909,138.915,17.2214,58.7761,BIEN,24.5087,0.964975,7.4626,6.7694,0.283071,0.297057,1.9971,2.8449,1,1,163.503,nan
x0020,abierto,B5,130.6882,0.187387,4.6115,141.3095,19.4667,59.2829,BIEN,21.6823,0.854462,4.4958,8.1273,0.1751,nan,6.5574,nan,1,1,218.881,nan
x0020,abierto,B10,130.6882,0.187387,9.4779,143.5949,17.2408,59.7398,BIEN,21.1512,0.90685,4.6771,9.8759,0.180825,0.20992,3.5022,12.0245,1,1,130.141,nan
x0020,abierto,B15,130.6882,0.187387,14.4171,143.2355,17.0836,59.3397,BIEN,21.4157,0.922745,5.0276,9.601,0.183348,0.188853,2.1558,0.7819,1,1,218.718,nan
x0020,abierto,B25,130.6882,0.187387,24.4896,143.185,17.0312,59.1857,BIEN,21.5023,0.928071,5.7119,9.5623,0.186537,0.190542,0.4538,1.6835,1,1,235.266,nan
x0020,abierto,B40,130.6882,0.187387,39.478,143.935,16.6547,59.2576,BIEN,21.2784,0.928549,6.7838,10.1362,0.193187,0.183092,3.0948,2.292,1,1,167.143,nan
x0074,abierto,B5,128.8917,0.186744,4.5875,138.72,22.4728,63.9517,BIEN,21.345,0.849305,4.5168,7.6253,0.173999,nan,6.8251,nan,1,1,215.355,nan
x0074,abierto,B10,128.8917,0.186744,9.4389,139.7015,20.7689,63.7783,BIEN,21.3847,0.903334,4.7902,8.3867,0.182957,0.196009,2.0279,4.9612,1,1,230.383,nan
x0074,abierto,B15,128.8917,0.186744,14.4258,140.4151,20.1692,63.395,BIEN,21.3853,0.917286,5.0897,8.9404,0.181909,0.197786,2.5895,5.9129,1,1,238.112,nan
x0074,abierto,B25,128.8917,0.186744,24.4858,140.3558,20.3691,63.6309,BIEN,21.3093,0.920953,5.774,8.8944,0.184357,0.195882,1.2785,4.8932,1,1,163.116,nan
x0074,abierto,B40,128.8917,0.186744,39.4643,140.4499,20.1983,63.5186,BIEN,21.333,0.922596,6.9157,8.9674,0.189832,0.185102,1.6531,0.8793,1,1,171.724,nan
x0099,abierto,B5,133.9731,0.167181,4.5784,142.8946,21.3084,64.4782,BIEN,21.3636,0.844857,4.318,6.6592,0.157348,nan,5.8815,nan,1,1,198.251,nan
x0099,abierto,B10,133.9731,0.167181,9.5157,145.3398,18.7564,63.8506,BIEN,21.2234,0.899696,4.5156,8.4843,0.159951,0.177987,4.3244,6.4635,1,1,179.42,nan
x0099,abierto,B15,133.9731,0.167181,14.3973,145.0555,18.7021,63.7384,BIEN,21.3843,0.915698,4.8493,8.2721,0.16613,0.163396,0.6287,2.264,1,1,234.555,nan
x0099,abierto,B25,133.9731,0.167181,24.4977,145.5664,18.2965,63.1841,BIEN,21.4705,0.922367,5.4988,8.6534,0.163874,0.167191,1.9779,0.0059,1,1,197.949,nan
x0099,abierto,B40,133.9731,0.167181,39.4646,146.1158,17.9782,63.2478,BIEN,21.3004,0.922848,6.5571,9.0635,0.165814,0.160426,0.818,4.0405,1,1,213.197,nan
x0138,abierto,B5,143.367,0.172952,4.6334,153.6041,13.8388,60.8424,BIEN,20.9463,0.83109,3.8129,7.1405,0.173985,nan,0.5973,nan,1,1,219.409,nan
x0138,abierto,B10,143.367,0.172952,9.5215,150.7449,11.6808,59.9345,BIEN,22.4039,0.903938,4.2691,5.1462,0.171139,0.249362,1.0479,44.1798,1,1,199.45,nan
x0138,abierto,B15,143.367,0.172952,14.4008,153.5903,10.8463,59.6147,BIEN,21.8632,0.922165,4.4268,7.1309,0.160017,0.185179,7.4789,7.0696,1,1,191.648,nan
x0138,abierto,B25,143.367,0.172952,24.5251,153.2718,10.9026,59.5614,BIEN,21.9867,0.930027,5.07,6.9087,0.166772,0.18045,3.5734,4.3355,1,1,212.179,nan
x0138,abierto,B40,143.367,0.172952,39.4915,153.1041,10.8832,59.5,BIEN,22.0696,0.932286,6.1133,6.7917,0.165297,0.176931,4.426,2.3006,1,1,222.722,nan
x0178,abierto,B5,133.2848,0.165947,4.6279,147.3885,10.4233,54.5177,BIEN,21.8719,0.862923,4.2836,10.5816,0.157405,nan,5.1474,nan,1,1,174.252,nan
x0178,abierto,B10,133.2848,0.165947,9.4877,148.17,12.3426,56.1783,BIEN,21.2943,0.911834,4.5065,11.1679,0.160841,0.261805,3.0767,57.7645,1,1,153.175,nan
x0178,abierto,B15,133.2848,0.165947,14.401,146.7833,14.1745,56.7021,BIEN,21.5502,0.926355,4.8793,10.1275,0.159917,0.163246,3.6338,1.6273,1,1,214.601,nan
x0178,abierto,B25,133.2848,0.165947,24.5178,146.5102,14.6151,57.0935,BIEN,21.4879,0.93052,5.5465,9.9226,0.162962,0.160129,1.7987,3.5057,1,1,204.817,nan
x0178,abierto,B40,133.2848,0.165947,39.5049,146.7896,14.3065,57.0022,BIEN,21.443,0.932085,6.6284,10.1323,0.161927,0.16205,2.422,2.3482,1,1,196.468,nan
x0267,abierto,B5,129.076,0.183049,4.6159,138.1258,20.9862,59.9111,BIEN,21.4915,0.846436,4.6232,7.0112,0.17183,nan,6.129,nan,1,1,221.283,nan
x0267,abierto,B10,129.076,0.183049,9.4496,140.3669,18.6439,59.272,BIEN,21.5055,0.907708,4.847,8.7475,0.171597,0.220855,6.2564,20.6535,1,1,242.101,nan
x0267,abierto,B15,129.076,0.183049,14.4216,140.306,18.281,58.801,BIEN,21.7353,0.923435,5.1894,8.7003,0.183778,0.179423,0.3983,1.981,1,1,237.017,nan
x0267,abierto,B25,129.076,0.183049,24.4905,140.5102,18.3799,59.0202,BIEN,21.5966,0.927483,5.8585,8.8586,0.169457,0.181519,7.4254,0.8357,1,1,240.5,nan
x0267,abierto,B40,129.076,0.183049,39.4722,141.1438,17.8366,58.7838,BIEN,21.534,0.929391,6.9716,9.3494,0.173674,0.182517,5.1218,0.2905,1,1,185.518,nan
x0292,abierto,B5,130.0428,0.18982,4.5899,141.8842,19.4881,59.2291,BIEN,21.6391,0.857297,4.4601,9.1058,0.195149,nan,2.8077,nan,1,1,243.677,nan
x0292,abierto,B10,130.0428,0.18982,9.4169,143.962,16.6469,59.8775,BIEN,21.0502,0.908445,4.6485,10.7036,0.198511,0.207201,4.5789,9.1571,1,1,251.686,nan
x0292,abierto,B15,130.0428,0.18982,14.4089,143.6561,17.103,59.7237,BIEN,21.2175,0.923041,4.9909,10.4684,0.19979,0.202507,5.2527,6.6839,1,1,219.553,nan
x0292,abierto,B25,130.0428,0.18982,24.4848,143.8663,16.8526,59.6364,BIEN,21.1982,0.927805,5.6578,10.63,0.200418,0.209006,5.5833,10.1076,1,1,239.069,nan
x0292,abierto,B40,130.0428,0.18982,39.4524,142.8968,17.6347,60.0883,BIEN,21.2917,0.928049,6.8263,9.8844,0.198026,0.202437,4.3233,6.6472,1,1,254.823,nan
x0306,abierto,B5,131.3261,0.203081,4.6074,141.3036,19.2804,58.876,BIEN,22.0358,0.854046,4.4959,7.5975,0.205513,nan,1.1976,nan,1,1,225.876,nan
x0306,abierto,B10,131.3261,0.203081,9.4716,144.3259,16.6663,59.1601,BIEN,21.3597,0.908331,4.643,9.8989,0.211225,0.216145,4.0105,6.4331,1,1,210.102,nan
x0306,abierto,B15,131.3261,0.203081,14.4152,143.4526,17.136,59.2522,BIEN,21.5663,0.922504,5.0042,9.2339,0.206243,0.201979,1.557,0.5423,1,1,137.461,nan
x0306,abierto,B25,131.3261,0.203081,24.486,143.9491,16.9419,59.3752,BIEN,21.4093,0.926594,5.6472,9.6119,0.202146,0.218075,0.4604,7.3835,1,1,235.738,nan
x0306,abierto,B40,131.3261,0.203081,39.4692,143.7887,17.0389,59.4376,BIEN,21.4208,0.927728,6.7722,9.4898,0.208502,0.213684,2.6694,5.2211,1,1,211.685,nan
x0310,abierto,B5,131.4042,0.210139,4.5978,138.088,21.0115,61.4891,BIEN,22.1116,0.849941,4.6038,5.0865,0.209933,nan,0.098,nan,1,1,253.318,nan
x0310,abierto,B10,131.4042,0.210139,9.4778,142.6333,18.2092,61.0163,BIEN,21.5647,0.906718,4.6989,8.5455,0.20552,0.212287,2.1978,1.0222,1,1,245.284,nan
x0310,abierto,B15,131.4042,0.210139,14.4228,142.6721,18.2169,61.0248,BIEN,21.5537,0.920263,5.0144,8.575,0.21063,0.216788,0.2339,3.1641,1,1,229.637,nan
x0310,abierto,B25,131.4042,0.210139,24.4982,142.5942,18.281,61.1728,BIEN,21.531,0.924262,5.6924,8.5158,0.203016,0.217997,3.3895,3.7394,1,1,233.089,nan
x0310,abierto,B40,131.4042,0.210139,39.485,142.7132,18.1315,61.0151,BIEN,21.565,0.926289,6.8153,8.6063,0.211565,0.214298,0.6785,1.9791,1,1,249.023,nan
x0369,abierto,B5,135.8283,0.133045,4.5945,139.5441,20.5981,61.6985,BIEN,22.8679,0.844956,4.5271,2.7357,0.116124,nan,12.7178,nan,1,1,244.075,nan
x0369,abierto,B10,135.8283,0.133045,9.4874,144.583,17.4834,61.2136,BIEN,22.3787,0.906028,4.5912,6.4454,0.131974,0.179939,0.8046,35.2465,1,1,223.12,nan
x0369,abierto,B15,135.8283,0.133045,14.4289,146.2377,16.7576,61.0706,BIEN,22.0497,0.920063,4.8221,7.6636,0.125258,0.139361,5.8527,4.7472,1,1,239.441,nan
x0369,abierto,B25,135.8283,0.133045,24.5011,145.3873,17.0778,60.9907,BIEN,22.3141,0.925938,5.533,7.0376,0.126774,0.141645,4.7132,6.4642,1,1,228.284,nan
x0369,abierto,B40,135.8283,0.133045,39.4806,144.9674,17.1632,60.9603,BIEN,22.438,0.927544,6.6639,6.7284,0.124299,0.128018,6.5734,3.7786,1,1,214.583,nan
x0382,abierto,B5,131.6936,0.159575,4.5868,142.3243,19.4822,59.3194,BIEN,22.0731,0.857345,4.4503,8.0722,0.161025,nan,0.9083,nan,1,1,196.136,nan
x0382,abierto,B10,131.6936,0.159575,9.4715,144.2019,16.7052,59.6902,BIEN,21.659,0.910956,4.6575,9.498,0.151656,0.19693,4.9625,23.4087,1,1,197.754,nan
x0382,abierto,B15,131.6936,0.159575,14.4095,143.4751,17.6522,59.9585,BIEN,21.767,0.924322,5.0071,8.9461,0.152814,0.155947,4.2373,2.2739,1,1,198.083,nan
x0382,abierto,B25,131.6936,0.159575,24.5021,142.732,17.8598,60.1056,BIEN,21.9178,0.929565,5.7238,8.3818,0.154412,0.157509,3.2353,1.2948,1,1,158.909,nan
x0382,abierto,B40,131.6936,0.159575,39.4693,143.5055,17.5552,59.9706,BIEN,21.7704,0.930946,6.8041,8.9692,0.155739,0.160092,2.4039,0.324,1,1,230.351,nan
x0385,abierto,B5,132.1164,0.158644,4.5876,137.9698,21.2735,61.0187,BIEN,22.3218,0.847962,4.6333,4.4305,0.165278,nan,4.1815,nan,1,1,255.905,nan
x0385,abierto,B10,132.1164,0.158644,9.4713,141.8664,18.8224,61.0005,BIEN,21.8034,0.905154,4.7492,7.3798,0.160275,0.201384,1.0277,26.941,1,1,243.671,nan
x0385,abierto,B15,132.1164,0.158644,14.4109,142.8347,18.1374,60.544,BIEN,21.773,0.921173,5.0295,8.1128,0.1624,0.163741,2.3672,3.2126,1,1,240.419,nan
x0385,abierto,B25,132.1164,0.158644,24.5021,142.3293,18.0869,60.3744,BIEN,21.9973,0.927293,5.7429,7.7302,0.157675,0.168597,0.6107,6.2739,1,1,252.379,nan
x0385,abierto,B40,132.1164,0.158644,39.4703,143.3775,17.5455,60.0735,BIEN,21.8455,0.92923,6.8106,8.5236,0.156192,0.166973,1.546,5.2499,1,1,238.76,nan
x0400,abierto,B5,132.9343,0.172476,4.6243,134.2262,20.6389,58.4975,BIEN,22.323,0.838467,4.8564,0.9718,0.176686,nan,2.4414,nan,1,1,216.254,nan
x0400,abierto,B10,132.9343,0.172476,9.4768,139.7282,18.3819,57.5328,BIEN,22.401,0.906296,4.9075,5.1107,0.183154,0.264333,6.1914,53.2581,1,1,166.561,nan
x0400,abierto,B15,132.9343,0.172476,14.4044,141.2132,17.2544,57.1889,BIEN,22.3215,0.925002,5.1608,6.2278,0.17431,0.181178,1.0637,5.0458,1,1,230.532,nan
x0400,abierto,B25,132.9343,0.172476,24.5051,141.1367,17.3747,57.2485,BIEN,22.3388,0.930384,5.8475,6.1702,0.170081,0.186429,1.3884,8.09,1,1,203.289,nan
x0400,abierto,B40,132.9343,0.172476,39.4753,141.6883,17.0098,57.0581,BIEN,22.302,0.932535,6.951,6.5852,0.177069,0.184892,2.6632,7.1987,1,1,229.179,nan
x0437,abierto,B5,138.9058,0.169475,4.5687,139.6286,20.4487,62.4506,BIEN,22.4331,0.838241,4.5101,0.5204,0.168398,nan,0.6357,nan,1,1,219.327,nan
x0437,abierto,B10,138.9058,0.169475,9.5102,144.3114,17.8366,61.2205,BIEN,22.8073,0.903728,4.6143,3.8916,0.16386,0.183809,3.3132,8.4577,1,1,233.002,nan
x0437,abierto,B15,138.9058,0.169475,14.3861,146.2765,16.4373,60.547,BIEN,22.8057,0.922237,4.8414,5.3063,0.161818,0.174645,4.5183,3.0505,1,1,198.488,nan
x0437,abierto,B25,138.9058,0.169475,24.4952,146.0999,16.6955,60.9062,BIEN,22.6595,0.92593,5.4981,5.1791,0.166116,0.183136,1.9819,8.0604,1,1,239.366,nan
x0437,abierto,B40,138.9058,0.169475,39.4743,146.4786,16.5751,60.9368,BIEN,22.5561,0.926952,6.562,5.4517,0.166112,0.178914,1.9842,5.5693,1,1,163.728,nan
x0499,abierto,B5,137.4165,0.184393,4.6001,132.828,22.6436,61.7299,BIEN,22.2413,0.828908,4.8626,3.3391,0.18887,nan,2.4279,nan,1,1,182.963,nan
x0499,abierto,B10,137.4165,0.184393,9.5043,141.4507,18.8923,60.1998,BIEN,23.0332,0.902739,4.765,2.9357,0.18187,0.218699,1.3681,18.6049,1,1,230.798,nan
x0499,abierto,B15,137.4165,0.184393,14.402,144.2752,17.233,59.7489,BIEN,22.8004,0.920471,4.9413,4.9912,0.182151,0.182245,1.2159,1.165,1,1,203.083,nan
x0499,abierto,B25,137.4165,0.184393,24.5419,142.618,18.2713,60.3902,BIEN,22.7991,0.922942,5.6867,3.7852,0.18026,0.19034,2.2415,3.225,1,1,249.047,nan
x0499,abierto,B40,137.4165,0.184393,39.4764,143.3866,17.8094,60.2027,BIEN,22.7543,0.925142,6.7554,4.3445,0.181712,0.186864,1.4538,1.3399,1,1,237.135,nan
x0667,abierto,B5,135.4629,0.17225,4.6031,138.3858,20.4448,59.2069,BIEN,23.1586,0.849707,4.6374,2.1577,0.174062,nan,1.052,nan,1,1,205.006,nan
x0667,abierto,B10,135.4629,0.17225,9.4917,143.4444,17.2893,59.078,BIEN,22.6195,0.906888,4.6885,5.892,0.175911,0.211742,2.1255,22.9274,1,1,240.964,nan
x0667,abierto,B15,135.4629,0.17225,14.4075,142.7595,17.4251,59.0265,BIEN,22.857,0.923092,5.0478,5.3864,0.18501,0.17823,7.4082,3.4722,1,1,247.152,nan
x0667,abierto,B25,135.4629,0.17225,24.5094,143.8641,16.938,58.9743,BIEN,22.6379,0.928011,5.6594,6.2018,0.180958,0.186049,5.0559,8.0111,1,1,240.825,nan
x0667,abierto,B40,135.4629,0.17225,39.4724,143.5886,17.0894,58.9871,BIEN,22.6919,0.929236,6.7898,5.9984,0.183146,0.174894,6.3259,1.5353,1,1,253.165,nan
x0679,abierto,B5,135.9625,0.173583,4.6045,133.9711,22.2884,61.0826,BIEN,22.5249,0.836712,4.8221,1.4647,0.165775,nan,4.4981,nan,1,1,209.903,nan
x0679,abierto,B10,135.9625,0.173583,9.503,142.0903,18.4188,59.8178,BIEN,22.7353,0.904899,4.7451,4.507,0.171368,0.206284,1.2762,18.839,1,1,243.772,nan
x0679,abierto,B15,135.9625,0.173583,14.4133,143.7735,17.2466,59.5781,BIEN,22.5213,0.92051,4.9769,5.745,0.174556,0.172496,0.5607,0.6265,1,1,261.185,nan
x0679,abierto,B25,135.9625,0.173583,24.505,143.797,17.5532,59.6943,BIEN,22.4873,0.925868,5.6423,5.7623,0.166272,0.177158,4.2118,2.0593,1,1,238.572,nan
x0679,abierto,B40,135.9625,0.173583,39.4994,143.6609,17.5629,59.8019,BIEN,22.4656,0.926599,6.7591,5.6622,0.170011,0.178653,2.058,2.9209,1,1,231.31,nan
x0697,abierto,B5,126.3613,0.163707,4.6446,143.6365,11.1898,54.2207,BIEN,20.8415,0.863642,4.4778,13.6713,0.151549,nan,7.4264,nan,1,1,239.613,nan
x0697,abierto,B10,126.3613,0.163707,9.4481,142.1684,15.4806,55.6839,BIEN,21.042,0.917969,4.8366,12.5095,0.150832,0.251666,7.8647,53.7299,1,1,236.546,nan
x0697,abierto,B15,126.3613,0.163707,14.4311,140.888,16.5344,55.7944,BIEN,21.3717,0.932538,5.2278,11.4962,0.155079,0.165361,5.2703,1.0106,1,1,237.614,nan
x0697,abierto,B25,126.3613,0.163707,24.4999,140.7701,16.8798,56.3306,BIEN,21.2421,0.936207,5.913,11.4029,0.150246,0.152403,8.2228,6.9048,1,1,240.547,nan
x0697,abierto,B40,126.3613,0.163707,39.4819,140.0121,17.5144,56.6258,BIEN,21.336,0.936548,7.1087,10.803,0.144059,0.156261,12.002,4.5484,1,1,227.144,nan
x0716,abierto,B5,127.5169,0.157036,4.5946,147.0516,13.2935,59.2796,BIEN,19.936,0.856198,4.2128,15.3193,0.150886,nan,3.9161,nan,1,1,216.671,nan
x0716,abierto,B10,127.5169,0.157036,9.441,143.5423,17.0234,60.3583,BIEN,20.7855,0.910974,4.6769,12.5673,0.158212,0.18998,0.7487,20.9783,1,1,229.589,nan
x0716,abierto,B15,127.5169,0.157036,14.4058,143.5289,17.9588,61.0076,BIEN,20.6058,0.920459,4.9798,12.5568,0.149501,0.159305,4.7986,1.4447,1,1,235.139,nan
x0716,abierto,B25,127.5169,0.157036,24.4842,143.1449,18.1121,61.2193,BIEN,20.6465,0.924208,5.6762,12.2557,0.150111,0.160344,4.4099,2.1062,1,1,230.102,nan
x0716,abierto,B40,127.5169,0.157036,39.4806,142.6287,18.345,61.3445,BIEN,20.7484,0.92548,6.837,11.8508,0.144876,0.159749,7.7434,1.7274,1,1,253.485,nan
x0741,abierto,B5,123.2134,0.191021,4.5967,144.4052,17.0079,62.6476,BIEN,19.3288,0.856369,4.2943,17.1993,0.186874,nan,2.1709,nan,1,1,235.555,nan
x0741,abierto,B10,123.2134,0.191021,9.4354,140.2155,19.9034,63.7683,BIEN,20.2857,0.908302,4.7965,13.7989,0.194586,0.193221,1.8665,1.1518,1,1,184.458,nan
x0741,abierto,B15,123.2134,0.191021,14.4563,139.788,20.4157,64.3675,BIEN,20.2305,0.915789,5.1313,13.452,0.196008,0.203158,2.6107,6.3539,1,1,218.579,nan
x0741,abierto,B25,123.2134,0.191021,24.498,138.6196,21.2055,64.722,BIEN,20.4329,0.918482,5.8878,12.5037,0.196844,0.200088,3.0483,4.7466,1,1,230.261,nan
x0741,abierto,B40,123.2134,0.191021,39.4942,138.6574,21.3026,65.0168,BIEN,20.3164,0.917931,7.0429,12.5344,0.196844,0.203268,3.0483,6.4115,1,1,229.431,nan
x0748,abierto,B5,125.0346,0.18076,4.5913,146.9957,13.0625,58.6756,BIEN,19.1766,0.852958,4.2363,17.564,0.177945,nan,1.5577,nan,1,1,240.373,nan
x0748,abierto,B10,125.0346,0.18076,9.4247,142.846,17.6522,59.9613,BIEN,20.0573,0.907791,4.7263,14.2452,0.185174,0.181205,2.4415,0.2462,1,1,219.833,nan
x0748,abierto,B15,125.0346,0.18076,14.4332,141.6358,18.4809,60.14,BIEN,20.3435,0.919943,5.1117,13.2773,0.184524,0.190689,2.0819,5.4928,1,1,192.282,nan
x0748,abierto,B25,125.0346,0.18076,24.3945,141.6028,18.7079,60.4193,BIEN,20.2721,0.923104,5.7877,13.2509,0.179318,0.190578,0.7979,5.4311,1,1,232.802,nan
x0748,abierto,B40,125.0346,0.18076,39.4722,142.381,18.3295,60.3955,BIEN,20.0783,0.92342,6.8848,13.8733,0.179594,0.182134,0.6454,0.7597,1,1,254.188,nan
x0774,abierto,B5,127.4073,0.167067,4.5759,147.4012,14.4656,60.7143,BIEN,19.7928,0.858271,4.1858,15.6929,0.166096,nan,0.5807,nan,1,1,222.921,nan
x0774,abierto,B10,127.4073,0.167067,9.4372,145.7969,16.3908,62.1345,BIEN,19.975,0.906619,4.5353,14.4337,0.161849,0.175545,3.1229,5.0751,1,1,240.761,nan
x0774,abierto,B15,127.4073,0.167067,14.4552,144.2824,17.6134,62.6896,BIEN,20.2447,0.917744,4.9202,13.2451,0.164974,0.168743,1.2527,1.0032,1,1,217.396,nan
x0774,abierto,B25,127.4073,0.167067,24.4729,143.9893,18.1277,63.2142,BIEN,20.1629,0.919967,5.5933,13.015,0.165707,0.177013,0.8136,5.9535,1,1,227.118,nan
x0774,abierto,B40,127.4073,0.167067,39.4892,143.4765,18.3508,63.3306,BIEN,20.2642,0.921029,6.7434,12.6125,0.164774,0.175567,1.3723,5.0883,1,1,217.851,nan
x0802,abierto,B5,123.1937,0.183311,4.6306,144.3467,14.9741,59.3649,BIEN,19.046,0.851121,4.3251,17.1706,0.168644,nan,8.0011,nan,1,1,240.061,nan
x0802,abierto,B10,123.1937,0.183311,9.4394,140.0432,18.4886,59.4494,BIEN,20.2852,0.90953,4.8715,13.6772,0.188925,0.182879,3.0625,0.2357,1,1,219.135,nan
x0802,abierto,B15,123.1937,0.183311,14.4443,138.7186,19.4531,59.8402,BIEN,20.5275,0.921736,5.2629,12.602,0.191307,0.18382,4.3618,0.2777,1,1,194.568,nan
x0802,abierto,B25,123.1937,0.183311,24.4982,138.8494,19.622,60.1134,BIEN,20.4252,0.924431,5.9498,12.7082,0.189541,0.187109,3.3986,2.072,1,1,221.71,nan
x0802,abierto,B40,123.1937,0.183311,39.4899,139.8143,18.8515,59.6196,BIEN,20.3189,0.926941,7.0704,13.4915,0.184883,0.182858,0.8575,0.247,1,1,231.879,nan
x0839,abierto,B5,121.8532,0.184723,4.6212,142.8641,14.7645,58.7061,BIEN,19.3988,0.856936,4.4333,17.2428,0.176481,nan,4.4623,nan,1,1,231.675,nan
x0839,abierto,B10,121.8532,0.184723,9.4087,138.6226,19.2591,59.547,BIEN,20.4709,0.912359,4.9594,13.7619,0.170255,0.193162,7.8327,4.5683,1,1,223.724,nan
x0839,abierto,B15,121.8532,0.184723,14.4553,137.7637,20.0043,60.2192,BIEN,20.4978,0.920712,5.32,13.0571,0.180047,0.184662,2.5318,0.0333,1,1,208.803,nan
x0839,abierto,B25,121.8532,0.184723,24.4906,136.7279,20.9009,60.6192,BIEN,20.6505,0.923341,6.0798,12.2071,0.167804,0.195543,9.1593,5.8573,1,1,237.248,nan
x0839,abierto,B40,121.8532,0.184723,39.486,137.0953,20.6951,60.6642,BIEN,20.5344,0.924262,7.2411,12.5086,0.178024,0.180927,3.6269,2.0551,1,1,245.086,nan
x0878,abierto,B5,127.2371,0.176712,4.599,142.5932,19.1019,59.2401,BIEN,20.9427,0.86018,4.4455,12.0688,0.184711,nan,4.5265,nan,1,1,244.834,nan
x0878,abierto,B10,127.2371,0.176712,9.4402,141.8439,18.052,60.0327,BIEN,21.0618,0.912337,4.7789,11.48,0.175017,0.184795,0.9591,4.5738,1,1,230.766,nan
x0878,abierto,B15,127.2371,0.176712,14.4231,141.5731,18.5236,60.1795,BIEN,21.1082,0.92382,5.1145,11.2672,0.165749,0.176857,6.2043,0.0818,1,1,236.804,nan
x0878,abierto,B25,127.2371,0.176712,24.4855,140.7945,19.3192,60.625,BIEN,21.1745,0.92704,5.8365,10.6552,0.179676,0.183199,1.6774,3.6709,1,1,184.362,nan
x0878,abierto,B40,127.2371,0.176712,39.477,140.9378,19.2668,60.8137,BIEN,21.0624,0.927014,6.9674,10.7678,0.165882,0.177637,6.1287,0.523,1,1,217.533,nan
x0995,abierto,B5,126.4858,0.170992,4.6198,147.3377,13.1557,58.9141,BIEN,19.5706,0.858344,4.2079,16.4855,0.171841,nan,0.4966,nan,1,1,242.583,nan
x0995,abierto,B10,126.4858,0.170992,9.4413,144.2536,16.7576,60.0954,BIEN,20.2415,0.910866,4.6438,14.0473,0.177503,0.178794,3.8082,4.5629,1,1,208.216,nan
x0995,abierto,B15,126.4858,0.170992,14.4413,142.7206,17.9161,60.5568,BIEN,20.5557,0.922468,5.0369,12.8353,0.169135,0.171303,1.0857,0.182,1,1,234.307,nan
x0995,abierto,B25,126.4858,0.170992,24.4936,142.8423,17.7861,60.6325,BIEN,20.508,0.926666,5.7108,12.9315,0.17609,0.181865,2.9818,6.3589,1,1,255.317,nan
x0995,abierto,B40,126.4858,0.170992,39.4847,142.768,18.1606,61.0075,BIEN,20.4056,0.926144,6.8366,12.8727,0.177948,0.175397,4.0684,2.5764,1,1,209.776,nan
x1011,abierto,B5,124.6125,0.17534,4.6386,146.4772,12.7559,57.8191,BIEN,19.2433,0.857471,4.2596,17.5462,0.165604,nan,5.5523,nan,1,1,242.801,nan
x1011,abierto,B10,124.6125,0.17534,9.4365,143.1235,16.9904,59.21,BIEN,19.97,0.910224,4.7154,14.8548,0.17415,0.185086,0.6786,5.5585,1,1,235.078,nan
x1011,abierto,B15,124.6125,0.17534,14.4509,142.851,17.5066,59.7037,BIEN,19.9225,0.920244,5.0397,14.6362,0.172613,0.179014,1.5547,2.0955,1,1,229.389,nan
x1011,abierto,B25,124.6125,0.17534,24.5105,142.8566,17.7085,60.0364,BIEN,19.8331,0.923401,5.712,14.6407,0.180157,0.185249,2.7478,5.6515,1,1,233.285,nan
x1011,abierto,B40,124.6125,0.17534,39.4915,142.0865,18.182,60.1651,BIEN,19.9961,0.924688,6.8939,14.0227,0.182706,0.177096,4.2011,1.0015,1,1,222.955,nan
x1149,abierto,B5,127.5279,0.185909,4.6175,138.4549,21.9449,61.838,BIEN,21.049,0.846937,4.5726,8.5684,0.183187,nan,1.4644,nan,1,1,205.128,nan
x1149,abierto,B10,127.5279,0.185909,9.4422,138.7161,19.8684,61.0403,BIEN,21.5186,0.905447,4.9068,8.7731,0.193527,0.199132,4.0976,7.1122,1,1,236.379,nan
x1149,abierto,B15,127.5279,0.185909,14.4182,139.2014,20.0237,61.2621,BIEN,21.3417,0.916402,5.2024,9.1538,0.191547,0.194236,3.0326,4.4787,1,1,222.405,nan
x1149,abierto,B25,127.5279,0.185909,24.4748,140.1453,19.5152,61.2395,BIEN,21.115,0.92058,5.8413,9.8939,0.193857,0.193873,4.275,4.2837,1,1,235.106,nan
x1149,abierto,B40,127.5279,0.185909,39.482,139.9795,19.5443,61.1762,BIEN,21.1861,0.92229,7.0063,9.7639,0.191763,0.195837,3.1488,5.3398,1,1,192.171,nan
x1260,abierto,B5,120.8458,0.179469,4.626,144.5494,14.9527,59.7022,BIEN,18.5892,0.854026,4.327,19.6148,0.173212,nan,3.4869,nan,1,1,225.266,nan
x1260,abierto,B10,120.8458,0.179469,9.4237,140.4983,18.9486,60.6722,BIEN,19.5291,0.909209,4.835,16.2625,0.181123,0.185663,0.9211,3.4509,1,1,216.118,nan
x1260,abierto,B15,120.8458,0.179469,14.4439,139.4184,19.8665,61.0469,BIEN,19.7183,0.920495,5.2131,15.3689,0.175441,0.181569,2.2445,1.1699,1,1,231.717,nan
x1260,abierto,B25,120.8458,0.179469,24.4824,139.756,19.6317,61.035,BIEN,19.6412,0.924353,5.8945,15.6482,0.175834,0.185032,2.0256,3.0995,1,1,226.004,nan
x1260,abierto,B40,120.8458,0.179469,39.497,139.7509,19.6899,61.0639,BIEN,19.6364,0.925088,7.061,15.644,0.176841,0.179689,1.4644,0.1225,1,1,208.799,nan
x1424,abierto,B5,127.2958,0.181274,4.6088,142.9899,20.4293,61.9533,BIEN,20.5079,0.855502,4.3543,12.3289,0.16921,nan,6.6551,nan,1,1,247.893,nan
x1424,abierto,B10,127.2958,0.181274,9.4422,141.9069,19.1368,62.3158,BIEN,20.8358,0.908398,4.7155,11.4781,0.185984,0.190946,2.5983,5.3358,1,1,222.005,nan
x1424,abierto,B15,127.2958,0.181274,14.4472,140.7387,19.9286,62.5332,BIEN,21.1061,0.920084,5.0991,10.5604,0.193375,0.185099,6.6754,2.1101,1,1,216.981,nan
x1424,abierto,B25,127.2958,0.181274,24.4853,141.0862,19.8742,62.6329,BIEN,20.9835,0.923829,5.7646,10.8334,0.190244,0.185427,4.9487,2.291,1,1,186.223,nan
x1424,abierto,B40,127.2958,0.181274,39.4697,140.9426,20.0062,62.8979,BIEN,20.923,0.923608,6.9082,10.7206,0.187401,0.187147,3.3802,3.24,1,1,222.539,nan
y0059,abierto,B5,86.6476,0.216825,4.4441,96.9387,46.8493,74.853,BIEN,22.8719,0.872788,6.5644,11.877,0.224425,0.192753,3.5051,11.102,1,1,215.276,nan
y0059,abierto,B10,86.6476,0.216825,9.5095,98.9771,45.652,73.1412,BIEN,23.0784,0.928839,7.0152,14.2295,0.22956,0.188581,5.8736,13.0259,1,1,243.38,nan
y0059,abierto,B15,86.6476,0.216825,14.5192,99.7476,45.0833,72.6613,BIEN,23.0,0.935656,7.4897,15.1188,0.229962,0.198596,6.0591,8.4072,1,1,235.693,nan
y0059,abierto,B25,86.6476,0.216825,24.5153,101.239,44.2295,72.6567,BIEN,22.4537,0.935499,8.4627,16.8399,0.233445,0.201132,7.6653,7.2374,1,1,215.485,nan
y0059,abierto,B40,86.6476,0.216825,39.5353,101.8396,43.851,72.5158,BIEN,22.275,0.93452,10.3191,17.5332,0.232716,0.210526,7.329,2.9051,1,1,240.547,nan
y0134,abierto,B5,79.1287,0.221564,4.453,87.0422,55.07,74.1104,BIEN,24.1798,0.873332,7.267,10.0008,0.222528,0.193395,0.4352,12.7135,1,1,176.669,nan
y0134,abierto,B10,79.1287,0.221564,9.5271,90.9798,52.3705,73.6033,BIEN,23.1906,0.927668,7.5709,14.977,0.217931,0.189299,1.6397,14.5622,1,1,233.28,nan
y0134,abierto,B15,79.1287,0.221564,14.5114,91.9585,51.5574,73.3972,BIEN,22.9204,0.932571,8.0629,16.2139,0.219115,0.189394,1.1054,14.5196,1,1,212.445,nan
y0134,abierto,B25,79.1287,0.221564,24.5196,93.1123,50.8258,73.3059,BIEN,22.5567,0.935385,9.1829,17.672,0.215829,0.197146,2.5883,11.0205,1,1,213.986,nan
y0134,abierto,B40,79.1287,0.221564,39.5377,93.8187,50.459,73.2065,BIEN,22.3556,0.934926,11.2794,18.5647,0.217061,0.214213,2.0323,3.3176,1,1,213.831,nan
y0171,abierto,B5,84.9213,0.21876,4.4405,92.1041,49.5585,71.1053,BIEN,24.8577,0.879713,7.038,8.4581,0.221758,0.194201,1.3704,11.2265,1,1,219.423,nan
y0171,abierto,B10,84.9213,0.21876,9.5217,96.2858,47.0803,70.8147,BIEN,23.7563,0.935642,7.3048,13.3824,0.221461,0.19187,1.2348,12.2921,1,1,223.674,nan
y0171,abierto,B15,84.9213,0.21876,14.5168,97.6553,46.2361,70.6807,BIEN,23.3117,0.94297,7.7356,14.995,0.224415,0.189131,2.5849,13.5439,1,1,244.23,nan
y0171,abierto,B25,84.9213,0.21876,24.5193,98.9354,45.4055,70.6958,BIEN,22.8386,0.943961,8.7538,16.5024,0.224423,0.19859,2.5888,9.2201,1,1,172.221,nan
y0171,abierto,B40,84.9213,0.21876,39.5054,99.5684,45.0523,70.6303,BIEN,22.6227,0.943363,10.6634,17.2478,0.220919,0.21058,0.9868,3.7392,1,1,240.877,nan
y0189,abierto,B5,85.4379,0.216046,4.4072,96.4589,47.7556,75.6601,BIEN,22.3058,0.863415,6.5693,12.8994,0.227019,0.195152,5.0792,9.6711,1,1,224.638,nan
y0189,abierto,B10,85.4379,0.216046,9.5121,98.6884,46.24,73.8789,BIEN,22.5212,0.928537,7.0211,15.5089,0.229659,0.192545,6.3011,10.8778,1,1,220.284,nan
y0189,abierto,B15,85.4379,0.216046,14.4965,99.3165,45.6306,73.2528,BIEN,22.5516,0.938318,7.5147,16.2441,0.220938,0.195478,2.2646,9.5202,1,1,253.897,nan
y0189,abierto,B25,85.4379,0.216046,24.5168,99.9554,45.1746,72.8271,BIEN,22.4695,0.941283,8.5827,16.9919,0.224967,0.197598,4.1294,8.539,1,1,227.811,nan
y0189,abierto,B40,85.4379,0.216046,39.5069,100.3035,44.9223,72.5478,BIEN,22.4383,0.941312,10.5067,17.3992,0.223807,0.207517,3.5923,3.9478,1,1,220.838,nan
y0271,abierto,B5,84.7407,0.211853,4.437,91.0496,50.3328,70.8472,BIEN,25.4373,0.880054,7.1227,7.4448,0.217257,0.19321,2.5508,8.8001,1,1,211.238,nan
y0271,abierto,B10,84.7407,0.211853,9.5198,95.7106,47.383,71.0087,BIEN,23.875,0.939055,7.3295,12.9452,0.215996,0.185515,1.9556,12.4325,1,1,185.625,nan
y0271,abierto,B15,84.7407,0.211853,14.4997,97.2361,46.4263,70.9014,BIEN,23.3441,0.948017,7.7486,14.7454,0.224084,0.186362,5.7732,12.0327,1,1,210.164,nan
y0271,abierto,B25,84.7407,0.211853,24.5161,98.4845,45.6733,70.8449,BIEN,22.8989,0.950213,8.775,16.2185,0.220753,0.192415,4.2009,9.1752,1,1,244.876,nan
y0271,abierto,B40,84.7407,0.211853,39.5024,99.2056,45.2192,70.8032,BIEN,22.6435,0.94939,10.6845,17.0696,0.217982,0.198011,2.8928,6.534,1,1,205.55,nan
y0367,abierto,B5,92.7045,0.225932,4.4316,103.8388,44.6894,79.2092,BIEN,22.3077,0.863343,6.0518,12.0105,0.220877,0.18914,2.2377,16.2848,1,1,221.146,nan
y0367,abierto,B10,92.7045,0.225932,9.5205,105.9209,43.3387,77.1132,BIEN,22.6205,0.930837,6.4779,14.2565,0.220868,0.18617,2.2416,17.5991,1,1,213.876,nan
y0367,abierto,B15,92.7045,0.225932,14.4719,106.7887,42.6925,76.4223,BIEN,22.5363,0.94178,6.9133,15.1926,0.217404,0.191726,3.7749,15.1399,1,1,207.121,nan
y0367,abierto,B25,92.7045,0.225932,24.5338,108.5076,41.5727,76.4173,BIEN,21.9346,0.94478,7.7932,17.0467,0.21936,0.194636,2.9088,13.8521,1,1,176.202,nan
y0367,abierto,B40,92.7045,0.225932,39.5187,108.3876,41.5203,75.9122,BIEN,22.1359,0.945981,9.5563,16.9172,0.21936,0.202137,2.9088,10.5322,1,1,227.625,nan
y0387,abierto,B5,92.6325,0.222544,4.4363,103.6731,44.472,78.6159,BIEN,22.2425,0.861299,6.0522,11.9188,0.218357,0.192991,1.8813,13.2793,1,1,228.53,nan
y0387,abierto,B10,92.6325,0.222544,9.4817,105.7233,43.1019,76.2702,BIEN,22.5844,0.928691,6.4821,14.132,0.219785,0.182169,1.2395,18.1422,1,1,243.516,nan
y0387,abierto,B15,92.6325,0.222544,14.4707,106.5773,42.5954,75.7232,BIEN,22.5124,0.937712,6.9218,15.0539,0.22076,0.199559,0.8016,10.3283,1,1,246.926,nan
y0387,abierto,B25,92.6325,0.222544,24.5157,108.2374,41.596,75.6017,BIEN,21.9513,0.939292,7.8092,16.846,0.218514,0.207035,1.8106,6.9689,1,1,187.614,nan
y0387,abierto,B40,92.6325,0.222544,39.4926,108.2373,41.5203,75.1613,BIEN,22.0852,0.940247,9.5603,16.846,0.219987,0.203047,1.149,8.7608,1,1,257.01,nan
y0408,abierto,B5,87.4822,0.211255,4.4503,97.4043,47.2084,74.8517,BIEN,23.1204,0.866187,6.5884,11.3419,0.221352,0.189241,4.7796,10.4206,1,1,216.877,nan
y0408,abierto,B10,87.4822,0.211255,9.5012,99.648,45.617,73.1065,BIEN,23.2221,0.930758,7.0109,13.9066,0.206978,0.194444,2.0246,7.9575,1,1,234.313,nan
y0408,abierto,B15,87.4822,0.211255,14.5098,101.9927,44.2916,73.3683,BIEN,22.3216,0.936444,7.3402,16.5868,0.223237,0.190037,5.6721,10.0439,1,1,209.521,nan
y0408,abierto,B25,87.4822,0.211255,24.5896,103.1027,43.5716,73.0844,BIEN,22.0275,0.937705,8.334,17.8557,0.216371,0.191165,2.422,9.5096,1,1,155.814,nan
y0408,abierto,B40,87.4822,0.211255,39.5105,103.0783,43.5211,72.7566,BIEN,22.1284,0.938339,10.2019,17.8278,0.217006,0.205,2.7225,2.9608,1,1,228.645,nan
y0409,abierto,B5,86.7207,0.218419,4.4383,97.0306,47.0822,74.4681,BIEN,22.8249,0.867144,6.6175,11.8886,0.216827,0.188741,0.729,13.5876,1,1,206.398,nan
y0409,abierto,B10,86.7207,0.218419,9.4939,99.1899,45.4016,72.5356,BIEN,23.0201,0.93125,7.0551,14.3785,0.218616,0.189011,0.0902,13.4638,1,1,165.104,nan
y0409,abierto,B15,86.7207,0.218419,14.4964,100.0592,44.8117,71.9103,BIEN,22.9243,0.9391,7.5227,15.381,0.21846,0.194906,0.0188,10.7651,1,1,244.016,nan
y0409,abierto,B25,86.7207,0.218419,24.5382,101.5399,43.9364,71.8648,BIEN,22.403,0.940009,8.4924,17.0884,0.215678,0.192452,1.2547,11.8887,1,1,224.024,nan
y0409,abierto,B40,86.7207,0.218419,39.4966,102.0781,43.5172,71.7854,BIEN,22.2408,0.93938,10.3383,17.709,0.21774,0.206703,0.3106,5.3638,1,1,243.049,nan
y0439,abierto,B5,85.8989,0.234269,4.4377,96.9704,47.5266,74.9858,BIEN,22.3823,0.869152,6.6057,12.8891,0.221965,0.190596,5.252,18.6425,1,1,203.293,nan
y0439,abierto,B10,85.8989,0.234269,9.5091,98.9249,46.3409,72.8246,BIEN,22.6844,0.931364,7.0667,15.1644,0.226059,0.183686,3.5045,21.5919,1,1,231.262,nan
y0439,abierto,B15,85.8989,0.234269,14.5067,99.695,45.8092,72.24,BIEN,22.6281,0.938321,7.5428,16.0609,0.227318,0.18973,2.9672,19.0122,1,1,242.254,nan
y0439,abierto,B25,85.8989,0.234269,24.5256,100.4788,45.3026,71.8742,BIEN,22.4703,0.93994,8.588,16.9733,0.229378,0.194153,2.0877,17.1239,1,1,174.871,nan
y0439,abierto,B40,85.8989,0.234269,39.5021,101.3142,44.8447,71.8704,BIEN,22.1721,0.938441,10.4246,17.9459,0.225717,0.203171,3.6506,13.2748,1,1,150.439,nan
y0516,abierto,B5,90.8825,0.231382,4.4448,98.1807,46.6766,74.9482,BIEN,24.4026,0.872932,6.4981,8.0304,0.226629,0.195182,2.0541,15.645,1,1,224.608,nan
y0516,abierto,B10,90.8825,0.231382,9.4809,102.8495,44.1557,74.5398,BIEN,23.2349,0.933253,6.7141,13.1677,0.222624,0.194533,3.7853,15.9259,1,1,245.2,nan
y0516,abierto,B15,90.8825,0.231382,14.4802,104.3411,43.2281,74.2936,BIEN,22.7806,0.941409,7.105,14.8089,0.22233,0.193948,3.9122,16.1786,1,1,216.802,nan
y0516,abierto,B25,90.8825,0.231382,24.5316,105.6526,42.3975,73.9483,BIEN,22.4144,0.944294,8.055,16.2519,0.218879,0.204828,5.4037,11.4765,1,1,234.039,nan
y0516,abierto,B40,90.8825,0.231382,39.5108,106.3116,42.0249,73.8291,BIEN,22.2034,0.943349,9.7875,16.977,0.226686,0.215015,2.0294,7.0737,1,1,223.419,nan
y0581,abierto,B5,84.7463,0.2171,4.4246,91.7682,51.0839,73.9864,BIEN,24.7642,0.875465,6.9493,8.2858,0.224503,0.194947,3.41,10.2041,1,1,251.997,nan
y0581,abierto,B10,84.7463,0.2171,9.5112,96.0338,48.5455,73.9411,BIEN,23.5991,0.932532,7.2127,13.3192,0.229123,0.193989,5.5377,10.6453,1,1,242.966,nan
y0581,abierto,B15,84.7463,0.2171,14.4912,97.3596,47.7246,73.7294,BIEN,23.2001,0.940679,7.6513,14.8836,0.227195,0.196345,4.6499,9.5603,1,1,241.005,nan
y0581,abierto,B25,84.7463,0.2171,24.5111,98.5004,47.0318,73.6018,BIEN,22.8221,0.942714,8.6926,16.2298,0.220126,0.202537,1.3938,6.7081,1,1,197.773,nan
y0581,abierto,B40,84.7463,0.2171,39.4942,99.1908,46.6087,73.5413,BIEN,22.5854,0.941837,10.6123,17.0444,0.229975,0.210034,5.9305,3.2549,1,1,228.739,nan
y0682,abierto,B5,85.0723,0.221911,4.4093,96.1169,48.8812,76.1199,BIEN,22.2354,0.863053,6.6032,12.9826,0.217503,0.190527,1.9866,14.1428,1,1,248.453,nan
y0682,abierto,B10,85.0723,0.221911,9.4926,98.3503,47.4121,74.103,BIEN,22.4115,0.926416,7.0485,15.6079,0.220692,0.187072,0.5496,15.6998,1,1,193.69,nan
y0682,abierto,B15,85.0723,0.221911,14.4743,99.1466,46.8455,73.5437,BIEN,22.3767,0.935568,7.5324,16.5439,0.227621,0.18944,2.573,14.6325,1,1,221.224,nan
y0682,abierto,B25,85.0723,0.221911,24.5141,99.8555,46.3972,73.08,BIEN,22.2823,0.938149,8.5988,17.3773,0.223557,0.195974,0.7418,11.688,1,1,182.419,nan
y0682,abierto,B40,85.0723,0.221911,39.4914,100.1939,46.1604,72.7911,BIEN,22.254,0.938018,10.5233,17.7749,0.223756,0.203085,0.8314,8.4839,1,1,228.781,nan
y0762,abierto,B5,86.4049,0.219225,4.4243,96.8838,47.7983,74.8024,BIEN,22.7444,0.870236,6.599,12.1276,0.215487,0.187113,1.7055,14.6483,1,1,235.816,nan
y0762,abierto,B10,86.4049,0.219225,9.5053,99.1204,46.5757,73.0014,BIEN,22.8752,0.931436,7.0315,14.7162,0.220917,0.184685,0.7718,15.7559,1,1,245.761,nan
y0762,abierto,B15,86.4049,0.219225,14.4764,99.807,46.1352,72.5134,BIEN,22.8343,0.940404,7.5115,15.5108,0.22721,0.188488,3.6422,14.021,1,1,229.142,nan
y0762,abierto,B25,86.4049,0.219225,24.5209,101.2966,45.2891,72.4952,BIEN,22.3167,0.940835,8.4842,17.2347,0.224946,0.196501,2.6096,10.3659,1,1,203.637,nan
y0762,abierto,B40,86.4049,0.219225,39.5023,101.3303,45.2697,72.0957,BIEN,22.4319,0.941288,10.4049,17.2737,0.22801,0.208249,4.0071,5.0068,1,1,190.338,nan
y0778,abierto,B5,87.7349,0.207935,4.4201,96.9399,48.7667,75.9794,BIEN,23.3594,0.871526,6.5517,10.4918,0.212658,0.186424,2.2717,10.3447,1,1,157.741,nan
y0778,abierto,B10,87.7349,0.207935,9.4996,99.447,47.4238,74.387,BIEN,23.3813,0.932491,6.9602,13.3493,0.211982,0.187777,1.9464,9.6944,1,1,234.643,nan
y0778,abierto,B15,87.7349,0.207935,14.488,101.7724,46.1721,74.7049,BIEN,22.4948,0.938183,7.2958,15.9998,0.215902,0.185662,3.8317,10.7113,1,1,235.283,nan
y0778,abierto,B25,87.7349,0.207935,24.501,102.6108,45.6364,74.4785,BIEN,22.2544,0.939706,8.3014,16.9555,0.214751,0.19961,3.2781,4.0036,1,1,176.554,nan
y0778,abierto,B40,87.7349,0.207935,39.5064,103.0903,45.3667,74.1804,BIEN,22.194,0.939638,10.1428,17.502,0.218023,0.203783,4.8518,1.9968,1,1,239.693,nan
y0808,abierto,B5,86.4364,0.222029,4.428,96.8177,48.4407,75.6245,BIEN,22.7358,0.870729,6.5647,12.0103,0.216352,0.19112,2.5572,13.9213,1,1,188.462,nan
y0808,abierto,B10,86.4364,0.222029,9.5071,99.0705,47.2763,73.9352,BIEN,22.8461,0.931663,6.9964,14.6167,0.217515,0.184441,2.0334,16.9295,1,1,168.796,nan
y0808,abierto,B15,86.4364,0.222029,14.4916,99.8191,46.764,73.4557,BIEN,22.7847,0.939879,7.473,15.4827,0.220256,0.185955,0.7985,16.2475,1,1,216.399,nan
y0808,abierto,B25,86.4364,0.222029,24.5267,101.3832,46.0071,73.4831,BIEN,22.2308,0.940075,8.4386,17.2922,0.222572,0.197563,0.2446,11.0192,1,1,244.996,nan
y0808,abierto,B40,86.4364,0.222029,39.5153,101.391,45.978,73.0727,BIEN,22.356,0.940511,10.3603,17.3012,0.221397,0.205196,0.2849,7.5816,1,1,182.732,nan
y0845,abierto,B5,87.4015,0.222515,4.4328,96.8427,47.5946,75.5322,BIEN,23.242,0.867869,6.5764,10.8022,0.221618,0.195608,0.4029,12.0923,1,1,231.455,nan
y0845,abierto,B10,87.4015,0.222515,9.5013,98.8388,46.337,73.5542,BIEN,23.5842,0.934809,7.0357,13.086,0.215362,0.193741,3.2146,12.931,1,1,218.412,nan
y0845,abierto,B15,87.4015,0.222515,14.5,101.4485,44.7942,74.0097,BIEN,22.4923,0.93979,7.3445,16.0719,0.217813,0.187634,2.1133,15.6758,1,1,230.798,nan
y0845,abierto,B25,87.4015,0.222515,24.5756,102.4784,44.1053,73.6301,BIEN,22.2458,0.941369,8.3563,17.2502,0.218684,0.195486,1.7216,12.1471,1,1,221.259,nan
y0845,abierto,B40,87.4015,0.222515,39.5099,102.4752,44.0684,73.3082,BIEN,22.3466,0.942023,10.2469,17.2465,0.22081,0.210208,0.766,5.5309,1,1,249.433,nan
y0902,abierto,B5,85.0592,0.220341,4.3955,96.0033,47.5266,74.1562,BIEN,22.3227,0.866473,6.6442,12.8665,0.213598,0.195444,3.0601,11.299,1,1,208.672,nan
y0902,abierto,B10,85.0592,0.220341,9.4884,98.2962,46.1585,72.316,BIEN,22.4741,0.933424,7.0854,15.5622,0.224064,0.185455,1.6897,15.8326,1,1,213.465,nan
y0902,abierto,B15,85.0592,0.220341,14.4717,99.0194,45.6345,71.7553,BIEN,22.4554,0.94241,7.5729,16.4124,0.219855,0.191679,0.2202,13.0079,1,1,234.747,nan
y0902,abierto,B25,85.0592,0.220341,24.5033,99.6066,45.2328,71.2841,BIEN,22.4133,0.945337,8.6516,17.1028,0.215974,0.199736,1.9819,9.3512,1,1,226.229,nan
y0902,abierto,B40,85.0592,0.220341,39.4861,99.919,44.9805,70.9875,BIEN,22.3984,0.945331,10.587,17.47,0.220753,0.202874,0.187,7.9272,1,1,232.926,nan
y0984,abierto,B5,78.2057,0.220977,4.4607,86.436,54.449,71.8676,BIEN,24.0679,0.872066,7.4067,10.5239,0.214149,0.190957,3.0902,13.5853,1,1,191.285,nan
y0984,abierto,B10,78.2057,0.220977,9.5277,90.537,51.9552,71.7579,BIEN,22.9087,0.924387,7.6827,15.7677,0.209241,0.190689,5.3112,13.7063,1,1,224.24,nan
y0984,abierto,B15,78.2057,0.220977,14.5168,91.8976,51.1421,71.7905,BIEN,22.4678,0.928569,8.1402,17.5076,0.211741,0.187693,4.1798,15.0625,1,1,199.013,nan
y0984,abierto,B25,78.2057,0.220977,24.5182,92.2675,50.917,71.2784,BIEN,22.5149,0.933597,9.3438,17.9806,0.215067,0.194064,2.6745,12.1791,1,1,225.367,nan
y0984,abierto,B40,78.2057,0.220977,39.5272,92.8897,50.4357,71.1246,BIEN,22.3532,0.934284,11.472,18.7761,0.217912,0.204159,1.3872,7.6107,1,1,237.135,nan
y0995,abierto,B5,78.064,0.217922,4.4531,85.3655,54.4334,70.3395,BIEN,24.6212,0.878804,7.5391,9.3532,0.212496,0.188129,2.4897,13.6712,1,1,222.05,nan
y0995,abierto,B10,78.064,0.217922,9.5272,89.6742,51.8562,70.3013,BIEN,23.3384,0.932971,7.802,14.8727,0.217036,0.183739,0.4062,15.6855,1,1,203.591,nan
y0995,abierto,B15,78.064,0.217922,14.4996,91.059,50.981,70.3459,BIEN,22.8513,0.937506,8.2584,16.6466,0.218549,0.192978,0.2878,11.4461,1,1,229.711,nan
y0995,abierto,B25,78.064,0.217922,24.5231,91.3117,50.752,69.6792,BIEN,23.0154,0.942435,9.4997,16.9703,0.218528,0.204666,0.2782,6.0829,1,1,232.32,nan
y0995,abierto,B40,78.064,0.217922,39.5311,91.7747,50.4473,69.4776,BIEN,22.9111,0.943092,11.6834,17.5633,0.219377,0.201487,0.6681,7.5416,1,1,220.556,nan
y1076,abierto,B5,84.8034,0.223972,4.4411,92.1302,50.5405,72.1836,BIEN,24.7888,0.880564,7.0153,8.6397,0.216436,0.189943,3.3651,15.1935,1,1,226.198,nan
y1076,abierto,B10,84.8034,0.223972,9.519,96.1524,48.2699,71.7017,BIEN,23.7531,0.93374,7.2903,13.3827,0.216633,0.19247,3.2767,14.0653,1,1,231.492,nan
y1076,abierto,B15,84.8034,0.223972,14.4924,97.5774,47.4665,71.6978,BIEN,23.2472,0.941286,7.7134,15.0631,0.223274,0.191188,0.3116,14.6376,1,1,239.871,nan
y1076,abierto,B25,84.8034,0.223972,24.5052,98.7874,46.7251,71.6351,BIEN,22.8266,0.943141,8.7424,16.4899,0.219117,0.196607,2.1679,12.2182,1,1,211.207,nan
y1076,abierto,B40,84.8034,0.223972,39.4944,99.4359,46.3293,71.5673,BIEN,22.6104,0.942232,10.656,17.2546,0.219117,0.208433,2.1679,6.9382,1,1,223.629,nan
y1175,abierto,B5,79.8954,0.220209,4.4701,91.0985,51.2585,73.5384,BIEN,22.5483,0.872693,7.0379,14.0223,0.219158,0.191468,0.4776,13.0518,1,1,245.471,nan
y1175,abierto,B10,79.8954,0.220209,9.5732,92.94,49.9913,71.8442,BIEN,22.6912,0.928199,7.5231,16.327,0.219561,0.193044,0.2942,12.3362,1,1,246.342,nan
y1175,abierto,B15,79.8954,0.220209,14.5236,93.1337,49.7448,71.2796,BIEN,22.8228,0.935255,8.0729,16.5695,0.218513,0.189816,0.7705,13.8022,1,1,220.124,nan
y1175,abierto,B25,79.8954,0.220209,24.5261,93.5796,49.4537,70.8802,BIEN,22.8102,0.940398,9.247,17.1276,0.216771,0.199032,1.5615,9.6167,1,1,241.546,nan
y1175,abierto,B40,79.8954,0.220209,39.6973,94.2657,48.8851,70.5102,BIEN,22.6811,0.940617,11.3581,17.9864,0.219599,0.202304,0.2773,8.131,1,1,235.189,nan
y1181,abierto,B5,81.804,0.215571,4.4332,90.6588,52.0949,74.2564,BIEN,23.6218,0.864631,7.032,10.8245,0.222792,0.19413,3.3497,9.9462,1,1,188.055,nan
y1181,abierto,B10,81.804,0.215571,9.5236,93.2403,50.5327,73.0505,BIEN,23.4791,0.920236,7.4552,13.9802,0.22628,0.191594,4.9676,11.1226,1,1,248.583,nan
y1181,abierto,B15,81.804,0.215571,14.5239,95.0692,49.3547,73.1641,BIEN,22.8067,0.930785,7.8604,16.2159,0.228681,0.196549,6.0814,8.824,1,1,253.351,nan
y1181,abierto,B25,81.804,0.215571,24.5122,95.9836,48.7124,72.9567,BIEN,22.5581,0.933861,8.9559,17.3337,0.224542,0.203662,4.1616,5.5242,1,1,244.409,nan
y1181,abierto,B40,81.804,0.215571,39.4887,96.2487,48.5397,72.7427,BIEN,22.5312,0.934103,11.0022,17.6577,0.225576,0.210024,4.641,2.5733,1,1,222.336,nan
y1207,abierto,B5,79.7214,0.221448,4.4755,90.9577,50.8607,72.4828,BIEN,22.5775,0.873861,7.0679,14.0945,0.220232,0.189728,0.5489,14.324,1,1,185.007,nan
y1207,abierto,B10,79.7214,0.221448,9.5601,92.7616,49.6419,70.6915,BIEN,22.759,0.927086,7.5576,16.3572,0.218516,0.191249,1.3237,13.6367,1,1,246.051,nan
y1207,abierto,B15,79.7214,0.221448,14.5142,93.1131,49.2713,70.2909,BIEN,22.8001,0.933085,8.0943,16.7981,0.215509,0.196661,2.6817,11.1928,1,1,244.708,nan
y1207,abierto,B25,79.7214,0.221448,24.5092,93.6372,48.9356,69.8941,BIEN,22.7486,0.937068,9.2604,17.4555,0.218866,0.198224,1.1657,10.4871,1,1,220.352,nan
y1207,abierto,B40,79.7214,0.221448,39.6034,94.4045,48.3048,69.5657,BIEN,22.5757,0.936514,11.3468,18.418,0.226196,0.202391,2.1444,8.6055,1,1,219.034,nan
y1318,abierto,B5,81.3633,0.220553,4.468,91.0853,51.996,74.7665,BIEN,23.1197,0.866056,6.9838,11.9488,0.218998,0.185415,0.705,15.9318,1,1,213.497,nan
y1318,abierto,B10,81.3633,0.220553,9.5484,93.8416,50.1737,73.7866,BIEN,22.7906,0.919015,7.3771,15.3366,0.216368,0.18795,1.8975,14.7821,1,1,243.778,nan
y1318,abierto,B15,81.3633,0.220553,14.5227,94.6689,49.7099,73.3314,BIEN,22.6946,0.930897,7.8769,16.3534,0.215266,0.18165,2.397,17.6388,1,1,237.321,nan
y1318,abierto,B25,81.3633,0.220553,24.5163,95.8023,48.9472,73.3076,BIEN,22.3131,0.93369,8.9459,17.7464,0.215655,0.198595,2.2208,9.9559,1,1,234.406,nan
y1318,abierto,B40,81.3633,0.220553,39.5043,96.3341,48.4446,73.2173,BIEN,22.1658,0.93347,10.96,18.4,0.215266,0.195436,2.397,11.3883,1,1,228.102,nan
y1342,abierto,B5,83.5402,0.223782,4.4405,91.1242,50.1038,71.0048,BIEN,24.6314,0.879847,7.144,9.0782,0.208392,0.184813,6.877,17.414,1,1,245.369,nan
y1342,abierto,B10,83.5402,0.223782,9.5173,95.7811,47.418,71.1752,BIEN,23.1626,0.933523,7.3503,14.6526,0.214945,0.182007,3.9491,18.6676,1,1,250.84,nan
y1342,abierto,B15,83.5402,0.223782,14.518,97.317,46.4884,71.0016,BIEN,22.6768,0.942672,7.7686,16.4911,0.215036,0.189618,3.9082,15.2665,1,1,247.936,nan
y1342,abierto,B25,83.5402,0.223782,24.517,97.3751,46.3409,70.3824,BIEN,22.8817,0.947364,8.9219,16.5607,0.214531,0.196616,4.134,12.1394,1,1,247.164,nan
y1342,abierto,B40,83.5402,0.223782,39.5032,97.8823,46.0614,70.2409,BIEN,22.7423,0.947425,10.8918,17.1679,0.210936,0.198643,5.7404,11.2337,1,1,201.353,nan
y1389,abierto,B5,86.9836,0.224348,4.4213,96.7731,48.5435,75.4241,BIEN,23.053,0.879375,6.5599,11.2543,0.212278,0.189641,5.3797,15.47,1,1,225.703,nan
y1389,abierto,B10,86.9836,0.224348,9.4982,98.6777,47.2258,73.2512,BIEN,23.4368,0.942444,7.0253,13.444,0.225358,0.187856,0.4503,16.2658,1,1,218.68,nan
y1389,abierto,B15,86.9836,0.224348,14.4962,101.3777,45.7995,73.687,BIEN,22.3309,0.948185,7.3326,16.5481,0.223127,0.194146,0.5443,13.4621,1,1,242.418,nan
y1389,abierto,B25,86.9836,0.224348,24.4922,101.1143,45.848,72.7835,BIEN,22.7403,0.953013,8.4693,16.2452,0.225906,0.198784,0.6944,11.3946,1,1,176.51,nan
y1389,abierto,B40,86.9836,0.224348,39.5055,101.7059,45.5122,72.669,BIEN,22.5658,0.952249,10.3308,16.9253,0.227992,0.207862,1.6246,7.3481,1,1,231.503,nan
y1421,abierto,B5,85.8297,0.222828,4.4153,96.494,47.9303,74.3863,BIEN,22.6316,0.877231,6.6165,12.4248,0.217138,0.187357,2.5536,15.9186,1,1,241.54,nan
y1421,abierto,B10,85.8297,0.222828,9.4982,98.5847,46.7737,72.4256,BIEN,22.8932,0.941826,7.0732,14.8608,0.222205,0.18952,0.2795,14.948,1,1,180.417,nan
y1421,abierto,B15,85.8297,0.222828,14.4794,99.2122,46.2846,71.7735,BIEN,22.9157,0.949925,7.567,15.5919,0.225617,0.192711,1.2516,13.5158,1,1,246.081,nan
y1421,abierto,B25,85.8297,0.222828,24.5008,99.8151,45.8635,71.3141,BIEN,22.8515,0.952133,8.6418,16.2942,0.224531,0.202285,0.7643,9.2195,1,1,186.487,nan
y1421,abierto,B40,85.8297,0.222828,39.4967,100.8029,45.3686,71.3953,BIEN,22.4581,0.950624,10.4856,17.4452,0.226869,0.209883,1.8132,5.8095,1,1,242.789,nan
y1511,abierto,B5,88.4603,0.23198,4.4188,96.9672,46.8746,74.4094,BIEN,23.798,0.863241,6.6263,9.6166,0.236605,0.196343,1.9934,15.3622,1,1,219.375,nan
y1511,abierto,B10,88.4603,0.23198,9.5106,102.066,43.9248,74.133,BIEN,22.4326,0.927725,6.8143,15.3805,0.228147,0.196447,1.6524,15.3176,1,1,239.917,nan
y1511,abierto,B15,88.4603,0.23198,14.4942,101.6602,43.9093,72.9347,BIEN,23.016,0.940304,7.3838,14.9217,0.234365,0.190368,1.0278,17.938,1,1,223.334,nan
y1511,abierto,B25,88.4603,0.23198,24.5253,102.6249,43.2397,72.7246,BIEN,22.733,0.942069,8.3856,16.0123,0.228376,0.203345,1.5537,12.3437,1,1,248.108,nan
y1511,abierto,B40,88.4603,0.23198,39.498,103.4716,42.6672,72.7286,BIEN,22.4247,0.941508,10.1726,16.9695,0.22806,0.210078,1.6898,9.4417,1,1,237.948,nan
za0001,abierto,B5,93.56,0.183563,4.5432,104.9443,41.5921,78.7347,BIEN,22.3409,0.859459,5.9381,12.1679,0.172621,0.190203,5.9608,3.6175,1,1,227.407,nan
za0001,abierto,B10,93.56,0.183563,9.4945,106.6538,40.6412,76.3314,BIEN,22.7672,0.930945,6.38,13.9952,0.1858,0.189403,1.2188,3.1815,1,1,213.835,nan
za0001,abierto,B15,93.56,0.183563,14.5246,109.5569,39.4884,77.1237,BIEN,21.5836,0.93204,6.631,17.098,0.180464,0.184678,1.6883,0.6074,1,1,250.244,nan
za0001,abierto,B25,93.56,0.183563,24.5401,108.9755,39.4166,75.9759,BIEN,22.1015,0.938048,7.6905,16.4766,0.181472,0.194447,1.139,5.9295,1,1,220.941,nan
za0001,abierto,B40,93.56,0.183563,39.5279,109.4867,39.1275,75.9261,BIEN,21.9389,0.937664,9.3542,17.023,0.183666,0.188523,0.0563,2.7021,1,1,227.873,nan
za0058,abierto,B5,91.5926,0.1701,4.5406,105.0346,41.5999,77.8089,BIEN,21.4575,0.861922,5.9862,14.6759,0.179338,0.191317,5.4312,12.4734,1,1,233.803,nan
za0058,abierto,B10,91.5926,0.1701,9.4861,106.6078,40.6625,75.5286,BIEN,21.799,0.926632,6.429,16.3935,0.180083,0.197302,5.8688,15.992,1,1,249.29,nan
za0058,abierto,B15,91.5926,0.1701,14.5059,107.0617,40.2744,74.8986,BIEN,21.8495,0.934657,6.886,16.8891,0.178461,0.189136,4.9157,11.191,1,1,242.348,nan
za0058,abierto,B25,91.5926,0.1701,24.5555,107.6488,39.8843,74.2405,BIEN,21.8448,0.939321,7.8709,17.5301,0.189617,0.192852,11.4737,13.3759,1,1,247.476,nan
za0058,abierto,B40,91.5926,0.1701,39.5211,107.9462,39.6864,74.1768,BIEN,21.763,0.939184,9.5812,17.8548,0.187969,0.182978,10.505,7.5711,1,1,235.089,nan
za0074,abierto,B5,89.6818,0.185696,4.5603,98.3251,44.7476,74.9835,BIEN,24.1543,0.880499,6.4815,9.6377,0.176801,0.193765,4.7902,4.3455,1,1,194.75,nan
za0074,abierto,B10,89.6818,0.185696,9.523,103.18,42.2306,75.1877,BIEN,22.6151,0.932628,6.6549,15.0511,0.178954,0.190582,3.6305,2.6313,1,1,231.492,nan
za0074,abierto,B15,89.6818,0.185696,14.5502,104.812,41.4485,75.244,BIEN,22.0618,0.937051,7.0264,16.8709,0.174892,0.192807,5.8179,3.8294,1,1,222.97,nan
za0074,abierto,B25,89.6818,0.185696,24.538,104.9009,41.3088,74.7874,BIEN,22.166,0.940171,8.0626,16.97,0.175886,0.194619,5.2829,4.8053,1,1,251.908,nan
za0074,abierto,B40,89.6818,0.185696,39.5393,105.8563,40.9808,75.0167,BIEN,21.7827,0.93841,9.7644,18.0353,0.177297,0.188221,4.5231,1.3599,1,1,191.872,nan
za0108,abierto,B5,93.3356,0.184437,4.5433,104.8696,41.1264,78.0551,BIEN,22.3309,0.859413,5.9803,12.3575,0.178271,0.187487,3.343,1.6539,1,1,189.887,nan
za0108,abierto,B10,93.3356,0.184437,9.4864,106.5506,40.2065,75.7348,BIEN,22.7345,0.927487,6.4199,14.1585,0.185348,0.181784,0.4941,1.4383,1,1,238.749,nan
za0108,abierto,B15,93.3356,0.184437,14.5124,109.534,39.1644,76.5849,BIEN,21.5169,0.928809,6.6636,17.355,0.184407,0.190233,0.016,3.1427,1,1,173.409,nan
za0108,abierto,B25,93.3356,0.184437,24.5256,108.9692,39.11,75.4399,BIEN,22.0152,0.935961,7.7206,16.7498,0.186108,0.186621,0.9063,1.1843,1,1,214.069,nan
za0108,abierto,B40,93.3356,0.184437,39.4753,109.4663,38.7917,75.4183,BIEN,21.8564,0.93558,9.3796,17.2824,0.194895,0.183489,5.6703,0.5141,1,1,216.249,nan
za0114,abierto,B5,86.4767,0.175032,4.5483,97.6313,45.978,79.0532,BIEN,22.3436,0.854878,6.3444,12.8989,0.161253,0.177658,7.8723,1.5004,1,1,236.116,nan
za0114,abierto,B10,86.4767,0.175032,9.529,99.3498,44.8388,76.9464,BIEN,22.6968,0.929219,6.8159,14.8862,0.157615,0.17616,9.9506,0.6443,1,1,244.966,nan
za0114,abierto,B15,86.4767,0.175032,14.5284,99.7722,44.4546,76.4198,BIEN,22.7528,0.937374,7.3111,15.3746,0.158303,0.174363,9.5575,0.3824,1,1,224.588,nan
za0114,abierto,B25,86.4767,0.175032,24.5274,101.4616,43.82,76.7214,BIEN,22.095,0.938386,8.2583,17.3282,0.158886,0.168962,9.2248,3.4677,1,1,238.92,nan
za0114,abierto,B40,86.4767,0.175032,39.5354,102.0096,43.6182,76.6378,BIEN,21.9372,0.937637,10.1045,17.9619,0.160361,0.160054,8.3821,8.5574,1,1,232.954,nan
za0164,abierto,B5,88.815,0.174003,4.5504,97.6785,46.0789,79.2781,BIEN,23.5745,0.856349,6.3449,9.9798,0.170814,0.18909,1.8329,8.6701,1,1,220.531,nan
za0164,abierto,B10,88.815,0.174003,9.5276,102.5988,43.9908,79.3296,BIEN,22.1826,0.922811,6.5358,15.5197,0.174506,0.189166,0.2886,8.7141,1,1,234.544,nan
za0164,abierto,B15,88.815,0.174003,14.5401,102.0756,43.9539,77.9439,BIEN,22.825,0.93402,7.1108,14.9307,0.182266,0.186004,4.7487,6.8967,1,1,194.799,nan
za0164,abierto,B25,88.815,0.174003,24.5357,104.1332,43.1582,78.6094,BIEN,21.925,0.932911,7.9892,17.2474,0.1718,0.182732,1.266,5.0165,1,1,228.029,nan
za0164,abierto,B40,88.815,0.174003,39.5383,104.4841,42.9622,78.4416,BIEN,21.8572,0.932935,9.791,17.6425,0.175103,0.171751,0.632,1.2945,1,1,216.915,nan
za0166,abierto,B5,88.7219,0.176085,4.5584,97.8086,45.7762,79.0556,BIEN,23.5097,0.8575,6.3412,10.2417,0.177408,0.176911,0.7511,0.4689,1,1,244.129,nan
za0166,abierto,B10,88.7219,0.176085,9.5268,102.6189,43.8122,79.0939,BIEN,22.1534,0.923068,6.5381,15.6635,0.178052,0.179538,1.1173,1.961,1,1,218.732,nan
za0166,abierto,B15,88.7219,0.176085,14.5363,102.0646,43.8025,77.7532,BIEN,22.7903,0.934334,7.1127,15.0388,0.175462,0.179871,0.3535,2.1502,1,1,229.268,nan
za0166,abierto,B25,88.7219,0.176085,24.5331,104.1335,42.9467,78.4333,BIEN,21.8826,0.933293,7.9895,17.3706,0.177384,0.170228,0.7381,3.3264,1,1,238.419,nan
za0166,abierto,B40,88.7219,0.176085,39.5353,104.4824,42.7196,78.2782,BIEN,21.8134,0.933533,9.7909,17.7639,0.177844,0.17261,0.9989,1.9735,1,1,247.611,nan
za0205,abierto,B5,97.2995,0.18254,4.5423,105.1474,40.6625,77.2031,BIEN,24.3483,0.862211,5.9991,8.0657,0.176665,0.190215,3.2184,4.2045,1,1,238.39,nan
za0205,abierto,B10,97.2995,0.18254,9.4821,110.5256,38.5725,77.1207,BIEN,22.7412,0.9247,6.1359,13.5932,0.178819,0.185351,2.0384,1.54,1,1,216.436,nan
za0205,abierto,B15,97.2995,0.18254,14.5225,112.335,37.7147,77.0554,BIEN,22.1541,0.929407,6.4729,15.4528,0.172295,0.189356,5.6124,3.7336,1,1,185.577,nan
za0205,abierto,B25,97.2995,0.18254,24.519,113.674,37.1616,77.1435,BIEN,21.6814,0.930766,7.3201,16.829,0.173753,0.178197,4.8139,2.3794,1,1,196.522,nan
za0205,abierto,B40,97.2995,0.18254,39.5273,114.4433,36.7444,77.1882,BIEN,21.4161,0.929648,8.8654,17.6197,0.17624,0.181337,3.4515,0.6594,1,1,228.828,nan
za0244,abierto,B5,95.3272,0.181644,4.534,104.6144,42.1025,78.5084,BIEN,23.3169,0.860004,5.984,9.7425,0.185965,0.196871,2.3784,8.3829,1,1,243.635,nan
za0244,abierto,B10,95.3272,0.181644,9.4842,110.1566,39.7388,78.2087,BIEN,21.8546,0.925106,6.1266,15.5563,0.187467,0.194963,3.2056,7.3324,1,1,215.383,nan
za0244,abierto,B15,95.3272,0.181644,14.5041,109.4614,39.7892,76.7343,BIEN,22.5561,0.937476,6.6709,14.827,0.177049,0.190551,2.5299,4.9036,1,1,226.711,nan
za0244,abierto,B25,95.3272,0.181644,24.5206,111.8303,38.8189,77.249,BIEN,21.5991,0.93702,7.457,17.312,0.181709,0.192546,0.0356,6.0019,1,1,219.51,nan
za0244,abierto,B40,95.3272,0.181644,39.5364,112.2709,38.5589,77.0254,BIEN,21.5134,0.93714,9.0797,17.7742,0.182155,0.189139,0.2814,4.126,1,1,226.055,nan
za0274,abierto,B5,88.1717,0.17149,4.5582,97.9344,44.6913,77.6675,BIEN,23.2726,0.866384,6.3894,11.0724,0.162069,0.183116,5.4937,6.7791,1,1,249.85,nan
za0274,abierto,B10,88.1717,0.17149,9.5444,102.7941,42.5683,77.8545,BIEN,21.8558,0.926162,6.5744,16.584,0.155615,0.170551,9.2571,0.5474,1,1,231.278,nan
za0274,abierto,B15,88.1717,0.17149,14.5404,102.1617,42.5566,76.5482,BIEN,22.4752,0.936703,7.1513,15.8667,0.161014,0.170081,6.1091,0.8217,1,1,243.208,nan
za0274,abierto,B25,88.1717,0.17149,24.5355,102.9162,42.2345,76.4189,BIEN,22.2683,0.939126,8.159,16.7225,0.160805,0.168962,6.2309,1.4744,1,1,235.816,nan
za0274,abierto,B40,88.1717,0.17149,39.5325,103.7646,41.8347,76.5969,BIEN,21.9328,0.938125,9.9253,17.6846,0.161121,0.171657,6.0464,0.0972,1,1,207.892,nan
za0325,abierto,B5,92.1123,0.168959,4.5475,104.7171,41.5746,79.9842,BIEN,21.7184,0.849956,5.9164,13.6842,0.160176,0.180087,5.1986,6.5861,1,1,242.901,nan
za0325,abierto,B10,92.1123,0.168959,9.5108,106.3595,40.7635,77.6754,BIEN,22.0911,0.921662,6.3615,15.4673,0.159449,0.177113,5.6288,4.826,1,1,236.44,nan
za0325,abierto,B15,92.1123,0.168959,14.5262,106.8723,40.3947,77.084,BIEN,22.124,0.929711,6.8179,16.0239,0.161846,0.177174,4.2099,4.8619,1,1,252.564,nan
za0325,abierto,B25,92.1123,0.168959,24.5226,107.2536,40.0668,76.5112,BIEN,22.1682,0.935285,7.8154,16.4379,0.161869,0.175561,4.1966,3.9071,1,1,229.353,nan
za0325,abierto,B40,92.1123,0.168959,39.5238,108.3281,39.6321,76.7679,BIEN,21.7362,0.933912,9.456,17.6044,0.157491,0.165842,6.7873,1.8447,1,1,232.18,nan
za0388,abierto,B5,95.2987,0.18743,4.5413,104.4514,42.7119,79.9625,BIEN,23.1973,0.850788,5.8918,9.6042,0.179043,0.194124,4.4747,3.5719,1,1,218.589,nan
za0388,abierto,B10,95.2987,0.18743,9.504,109.9586,40.517,79.6632,BIEN,21.7846,0.914436,6.0441,15.3831,0.17901,0.193965,4.4922,3.4866,1,1,214.114,nan
za0388,abierto,B15,95.2987,0.18743,14.5234,109.3141,40.517,78.217,BIEN,22.4588,0.92651,6.586,14.7068,0.181461,0.193499,3.1846,3.2382,1,1,186.085,nan
za0388,abierto,B25,95.2987,0.18743,24.5329,111.6731,39.5952,78.7459,BIEN,21.5133,0.925294,7.3775,17.1822,0.17657,0.198846,5.794,6.0911,1,1,218.412,nan
za0388,abierto,B40,95.2987,0.18743,39.5383,111.1508,39.698,77.9991,BIEN,21.8906,0.928275,9.1106,16.6341,0.181404,0.189543,3.2149,1.1278,1,1,257.394,nan
za0533,abierto,B5,92.6747,0.172255,4.5623,104.5905,43.4843,83.1458,BIEN,21.8433,0.849173,5.7728,12.8577,0.162178,0.17761,5.8501,3.1088,1,1,228.796,nan
za0533,abierto,B10,92.6747,0.172255,9.5013,106.2013,42.479,80.8077,BIEN,22.2762,0.918888,6.2243,14.5957,0.165569,0.185921,3.8816,7.9336,1,1,237.344,nan
za0533,abierto,B15,92.6747,0.172255,14.5376,106.7317,42.1588,80.1488,BIEN,22.3271,0.929228,6.6833,15.1681,0.173468,0.17674,0.7044,2.6038,1,1,247.28,nan
za0533,abierto,B25,92.6747,0.172255,24.5375,108.5291,41.4931,80.3779,BIEN,21.671,0.930224,7.5529,17.1075,0.169323,0.166331,1.7018,3.4387,1,1,247.733,nan
za0533,abierto,B40,92.6747,0.172255,39.5387,108.2079,41.4718,79.7983,BIEN,21.9379,0.932594,9.3305,16.761,0.172245,0.172454,0.0054,0.1157,1,1,182.949,nan
za0595,abierto,B5,100.8139,0.179474,4.5572,113.0666,38.4812,82.2549,BIEN,21.8015,0.851112,5.3547,12.1538,0.178935,0.185196,0.3001,3.1883,1,1,195.469,nan
za0595,abierto,B10,100.8139,0.179474,9.4772,114.6587,37.6429,79.6164,BIEN,22.3235,0.919942,5.7778,13.733,0.171971,0.187896,4.1806,4.6931,1,1,235.944,nan
za0595,abierto,B15,100.8139,0.179474,14.5169,117.8382,36.5716,80.2986,BIEN,21.1132,0.924982,5.9962,16.8868,0.178538,0.193709,0.5212,7.9316,1,1,244.553,nan
za0595,abierto,B25,100.8139,0.179474,24.5087,117.0623,36.5755,79.186,BIEN,21.6556,0.931749,6.9777,16.1172,0.179298,0.172231,0.0976,4.0356,1,1,243.392,nan
za0595,abierto,B40,100.8139,0.179474,39.5319,117.7272,36.3271,79.0063,BIEN,21.4841,0.932603,8.4804,16.7768,0.175437,0.171229,2.2489,4.5938,1,1,213.052,nan
za0620,abierto,B5,98.6251,0.169515,4.5497,112.9033,37.7477,81.8253,BIEN,21.0178,0.85179,5.3758,14.4772,0.156713,0.192268,7.5521,13.4222,1,1,254.544,nan
za0620,abierto,B10,98.6251,0.169515,9.4864,114.5665,37.0801,79.2476,BIEN,21.4044,0.922998,5.7937,16.1637,0.159502,0.175628,5.9068,3.6062,1,1,237.513,nan
za0620,abierto,B15,98.6251,0.169515,14.5205,115.0094,36.7036,78.6108,BIEN,21.4495,0.931152,6.2175,16.6128,0.163791,0.16874,3.377,0.4572,1,1,229.922,nan
za0620,abierto,B25,98.6251,0.169515,24.5322,115.4019,36.5076,77.9253,BIEN,21.5086,0.936911,7.1351,17.0107,0.170343,0.172257,0.4882,1.6175,1,1,237.034,nan
za0620,abierto,B40,98.6251,0.169515,39.5357,115.5816,36.3291,77.6877,BIEN,21.5094,0.937504,8.7099,17.1929,0.161382,0.171067,4.7978,0.9153,1,1,212.323,nan
za0637,abierto,B5,96.2564,0.169001,4.5508,104.6804,42.415,81.5374,BIEN,23.6472,0.847287,5.8479,8.7517,0.176333,0.184866,4.3385,9.3872,1,1,244.29,nan
za0637,abierto,B10,96.2564,0.169001,9.4884,110.0119,40.4005,81.2708,BIEN,22.2301,0.917823,6.0081,14.2905,0.167682,0.185535,0.7804,9.7834,1,1,245.026,nan
za0637,abierto,B15,96.2564,0.169001,14.5193,111.749,39.8203,81.2308,BIEN,21.6899,0.924433,6.3538,16.0951,0.16768,0.179623,0.7819,6.285,1,1,256.391,nan
za0637,abierto,B25,96.2564,0.169001,24.5204,111.6724,39.7097,80.3892,BIEN,21.9615,0.931963,7.3423,16.0156,0.168855,0.179304,0.0866,6.0962,1,1,214.989,nan
za0637,abierto,B40,96.2564,0.169001,39.5392,113.0098,39.2653,80.6318,BIEN,21.4462,0.929378,8.8746,17.405,0.166575,0.177395,1.4357,4.9665,1,1,238.686,nan
za0676,abierto,B5,95.2918,0.173272,4.5489,104.4033,42.6614,82.4766,BIEN,23.1277,0.840634,5.8349,9.5617,0.161422,0.179653,6.8392,3.6827,1,1,248.843,nan
za0676,abierto,B10,95.2918,0.173272,9.4923,109.819,40.8314,82.1795,BIEN,21.7675,0.913768,5.9967,15.245,0.162956,0.180914,5.9539,4.4101,1,1,240.234,nan
za0676,abierto,B15,95.2918,0.173272,14.5251,109.211,40.8585,80.6864,BIEN,22.4495,0.929834,6.5384,14.607,0.170093,0.178249,1.8349,2.8721,1,1,232.623,nan
za0676,abierto,B25,95.2918,0.173272,24.537,111.5404,40.1192,81.1663,BIEN,21.5335,0.929288,7.3375,17.0514,0.16567,0.180137,4.3873,3.9618,1,1,253.917,nan
za0676,abierto,B40,95.2918,0.173272,39.5546,111.0453,40.1871,80.4274,BIEN,21.9008,0.932337,9.072,16.5319,0.166063,0.168644,4.1606,2.6709,1,1,225.764,nan
za0685,abierto,B5,90.7978,0.181153,4.5548,97.6362,46.2109,79.9572,BIEN,24.5715,0.853334,6.3024,7.5315,0.191903,0.198011,5.934,9.3061,1,1,239.94,nan
za0685,abierto,B10,90.7978,0.181153,9.5109,102.4993,44.047,79.958,BIEN,23.1828,0.924322,6.4992,12.8874,0.188684,0.195776,4.1572,8.0723,1,1,226.989,nan
za0685,abierto,B15,90.7978,0.181153,14.5267,104.1062,43.4319,79.9684,BIEN,22.6521,0.932813,6.8825,14.6572,0.189497,0.20585,4.6061,13.633,1,1,230.399,nan
za0685,abierto,B25,90.7978,0.181153,24.5337,105.4878,42.9777,79.8333,BIEN,22.2268,0.938495,7.8252,16.1788,0.188468,0.191089,4.0377,5.4847,1,1,229.917,nan
za0685,abierto,B40,90.7978,0.181153,39.5323,106.1865,42.7177,79.8692,BIEN,21.9787,0.937519,9.5548,16.9484,0.190384,0.1859,5.0956,2.6201,1,1,243.356,nan
za0688,abierto,B5,96.4758,0.164276,4.5587,104.9505,41.4563,80.279,BIEN,23.7764,0.855036,5.8747,8.7842,0.151433,0.184879,7.8182,12.5414,1,1,221.268,nan
za0688,abierto,B10,96.4758,0.164276,9.5043,110.2914,39.504,79.9973,BIEN,22.3258,0.927475,6.0309,14.3202,0.154856,0.174719,5.7342,6.357,1,1,225.943,nan
za0688,abierto,B15,96.4758,0.164276,14.5264,111.9565,38.9412,80.0457,BIEN,21.7743,0.934288,6.3748,16.0462,0.157929,0.173039,3.8637,5.3339,1,1,216.934,nan
za0688,abierto,B25,96.4758,0.164276,24.5305,111.8799,38.815,79.1836,BIEN,22.0545,0.941419,7.3621,15.9668,0.153809,0.16531,6.3718,0.6292,1,1,203.957,nan
za0688,abierto,B40,96.4758,0.164276,39.5331,113.1889,38.3745,79.499,BIEN,21.5269,0.938726,8.8873,17.3236,0.154262,0.165539,6.0959,0.7688,1,1,247.28,nan
za0719,abierto,B5,99.1851,0.171293,4.5464,112.5212,39.1702,84.407,BIEN,21.2939,0.83535,5.3466,13.4457,0.166496,0.188003,2.8001,9.7557,1,1,171.312,nan
za0719,abierto,B10,99.1851,0.171293,9.48,114.2379,38.4909,81.7905,BIEN,21.7183,0.915333,5.7646,15.1764,0.160076,0.174907,6.548,2.1102,1,1,251.572,nan
za0719,abierto,B15,99.1851,0.171293,14.5158,114.698,38.1766,81.1007,BIEN,21.783,0.926082,6.1918,15.6403,0.158289,0.176972,7.5913,3.3159,1,1,233.896,nan
za0719,abierto,B25,99.1851,0.171293,24.5379,115.1584,37.9709,80.4077,BIEN,21.8244,0.931563,7.1096,16.1045,0.158212,0.179284,7.6366,4.6655,1,1,242.565,nan
za0719,abierto,B40,99.1851,0.171293,39.5359,116.2256,37.5012,80.7051,BIEN,21.3836,0.92903,8.5958,17.1805,0.159457,0.173641,6.9096,1.3709,1,1,250.539,nan
za0738,abierto,B5,92.0626,0.157314,4.5492,104.2819,43.4435,83.4124,BIEN,21.7002,0.836533,5.8097,13.2728,0.164423,0.183453,4.5192,16.616,1,1,225.286,nan
za0738,abierto,B10,92.0626,0.157314,9.5162,106.0294,42.576,81.0921,BIEN,22.0817,0.92003,6.2559,15.1709,0.161665,0.175717,2.7659,11.6982,1,1,229.474,nan
za0738,abierto,B15,92.0626,0.157314,14.5285,106.507,42.25,80.4817,BIEN,22.1291,0.928435,6.7165,15.6897,0.160994,0.166639,2.3394,5.9274,1,1,229.758,nan
za0738,abierto,B25,92.0626,0.157314,24.5358,106.9537,41.9162,79.875,BIEN,22.1692,0.93692,7.7182,16.1749,0.16367,0.17457,4.0406,10.9691,1,1,217.936,nan
za0738,abierto,B40,92.0626,0.157314,39.5262,107.9712,41.5514,80.1401,BIEN,21.7501,0.935253,9.3737,17.2802,0.160647,0.168111,2.1189,6.8636,1,1,236.821,nan
za0753,abierto,B5,96.2295,0.168514,4.5554,104.8321,42.1782,81.5892,BIEN,23.6348,0.843717,5.8539,8.9397,0.164025,0.185686,2.6637,10.1905,1,1,251.876,nan
za0753,abierto,B10,96.2295,0.168514,9.4999,110.1039,40.2511,81.334,BIEN,22.2138,0.917837,6.0164,14.418,0.160789,0.176258,4.5842,4.5954,1,1,242.754,nan
za0753,abierto,B15,96.2295,0.168514,14.523,111.7531,39.6631,81.3575,BIEN,21.6844,0.923422,6.3646,16.1318,0.167609,0.171495,0.5373,1.7692,1,1,250.194,nan
za0753,abierto,B25,96.2295,0.168514,24.5312,111.6651,39.4865,80.5021,BIEN,21.9646,0.932326,7.3547,16.0404,0.16076,0.174845,4.6017,3.7569,1,1,250.658,nan
za0753,abierto,B40,96.2295,0.168514,39.5365,112.9745,39.0809,80.7989,BIEN,21.446,0.929722,8.8875,17.401,0.167,0.181926,0.8982,7.9592,1,1,221.484,nan
za0765,abierto,B5,97.5357,0.169601,4.543,104.7473,41.8949,80.5942,BIEN,24.4581,0.848923,5.8931,7.3938,0.165258,0.191642,2.5604,12.9958,1,1,207.379,nan
za0765,abierto,B10,97.5357,0.169601,9.4884,110.2255,39.8902,80.4456,BIEN,22.8801,0.921423,6.0384,13.0104,0.172214,0.179014,1.5407,5.5503,1,1,238.772,nan
za0765,abierto,B15,97.5357,0.169601,14.4861,111.6897,39.273,80.5665,BIEN,22.3505,0.92623,6.3903,14.5116,0.172765,0.186925,1.8659,10.2145,1,1,243.031,nan
za0765,abierto,B25,97.5357,0.169601,24.5338,113.3695,38.6384,80.415,BIEN,21.8254,0.931617,7.2363,16.2339,0.170886,0.186859,0.758,10.1756,1,1,198.393,nan
za0765,abierto,B40,97.5357,0.169601,39.5348,114.0899,38.3803,80.4553,BIEN,21.572,0.930675,8.7953,16.9724,0.173987,0.182182,2.5862,7.4183,1,1,234.819,nan
za0799,abierto,B5,101.4063,0.173412,4.5417,112.8395,38.2988,82.431,BIEN,22.2006,0.846289,5.3915,11.2747,0.175491,0.187805,1.1991,8.2999,1,1,236.636,nan
za0799,abierto,B10,101.4063,0.173412,9.4726,114.5788,37.4352,79.721,BIEN,22.7428,0.922366,5.8095,12.9899,0.163937,0.182468,5.464,5.2223,1,1,222.995,nan
za0799,abierto,B15,101.4063,0.173412,14.5012,117.5984,36.4397,80.3962,BIEN,21.5272,0.926559,6.0377,15.9676,0.169885,0.183084,2.0341,5.5776,1,1,230.569,nan
za0799,abierto,B25,101.4063,0.173412,24.5044,118.5011,35.9836,80.1593,BIEN,21.2993,0.928396,6.8818,16.8578,0.171585,0.181986,1.0537,4.9441,1,1,237.999,nan
za0799,abierto,B40,101.4063,0.173412,39.5355,118.5543,35.9215,79.6356,BIEN,21.4169,0.930709,8.4249,16.9103,0.165157,0.191158,4.76,10.2332,1,1,242.943,nan
za0909,abierto,B5,100.5209,0.166874,4.5477,112.9665,38.1009,80.6398,BIEN,21.814,0.851971,5.4326,12.3811,0.183034,0.190574,9.6836,14.2022,1,1,178.559,nan
za0909,abierto,B10,100.5209,0.166874,9.4678,114.6464,37.1364,77.9741,BIEN,22.3086,0.927239,5.8505,14.0522,0.173743,0.191972,4.1161,15.0398,1,1,224.11,nan
za0909,abierto,B15,100.5209,0.166874,14.5032,115.0711,36.6842,77.1337,BIEN,22.4273,0.936363,6.2806,14.4748,0.17566,0.187558,5.2649,12.3949,1,1,216.821,nan
za0909,abierto,B25,100.5209,0.166874,24.4967,117.0024,35.7973,77.5563,BIEN,21.6505,0.936527,7.0519,16.3961,0.173504,0.193717,3.9726,16.0858,1,1,182.11,nan
za0909,abierto,B40,100.5209,0.166874,39.5165,117.6552,35.3743,77.2731,BIEN,21.4964,0.937409,8.5589,17.0455,0.169014,0.191163,1.2821,14.5553,1,1,213.831,nan
za0933,abierto,B5,92.5374,0.171821,4.5444,104.1664,43.2378,82.058,BIEN,22.0054,0.844498,5.8547,12.5668,0.174049,0.184624,1.2967,7.4512,1,1,224.23,nan
za0933,abierto,B10,92.5374,0.171821,9.5023,106.0762,42.3354,79.7875,BIEN,22.3552,0.923296,6.2904,14.6306,0.173105,0.188435,0.7468,9.6691,1,1,212.685,nan
za0933,abierto,B15,92.5374,0.171821,14.5219,106.5676,41.9744,79.1778,BIEN,22.3962,0.931766,6.7491,15.1617,0.175976,0.188266,2.4177,9.5708,1,1,244.499,nan
za0933,abierto,B25,92.5374,0.171821,24.5332,108.4224,41.171,79.3963,BIEN,21.7156,0.935029,7.6163,17.1661,0.168347,0.176199,2.0223,2.5477,1,1,208.825,nan
za0933,abierto,B40,92.5374,0.171821,39.5263,108.0899,41.1807,78.8192,BIEN,21.9904,0.93756,9.3975,16.8067,0.172537,0.165484,0.4164,3.6881,1,1,219.116,nan
za0938,abierto,B5,91.8112,0.182523,4.5483,104.2771,43.428,82.4061,BIEN,21.5783,0.839854,5.8362,13.5778,0.184554,0.197234,1.1125,8.0598,1,1,224.381,nan
za0938,abierto,B10,91.8112,0.182523,9.5127,106.0938,42.4499,80.0334,BIEN,21.9509,0.920581,6.2806,15.5565,0.183385,0.201969,0.4719,10.6535,1,1,215.81,nan
za0938,abierto,B15,91.8112,0.182523,14.5178,106.4976,42.1103,79.429,BIEN,22.0185,0.928635,6.744,15.9963,0.184902,0.202663,1.3033,11.0338,1,1,238.265,nan
za0938,abierto,B25,91.8112,0.182523,24.5312,106.9919,41.7784,78.8271,BIEN,22.0429,0.936516,7.7419,16.5347,0.184158,0.195817,0.8956,7.2833,1,1,226.979,nan
za0938,abierto,B40,91.8112,0.182523,39.5243,107.1908,41.5902,78.5183,BIEN,22.0636,0.937536,9.4956,16.7514,0.183677,0.192304,0.6323,5.3582,1,1,238.362,nan
za0943,abierto,B5,92.5803,0.172894,4.5425,104.1708,43.4299,82.028,BIEN,21.9775,0.844783,5.8575,12.5194,0.161331,0.184782,6.6881,6.8758,1,1,247.954,nan
za0943,abierto,B10,92.5803,0.172894,9.5033,106.0654,42.5081,79.7004,BIEN,22.3521,0.922569,6.2954,14.5658,0.170916,0.194325,1.1441,12.3956,1,1,255.415,nan
za0943,abierto,B15,92.5803,0.172894,14.5218,106.6016,42.0909,79.0511,BIEN,22.4015,0.931693,6.754,15.145,0.18123,0.195091,4.8215,12.8385,1,1,211.896,nan
za0943,abierto,B25,92.5803,0.172894,24.5353,108.4337,41.3359,79.1891,BIEN,21.7444,0.934474,7.6246,17.1239,0.172144,0.178502,0.4339,3.244,1,1,194.303,nan
za0943,abierto,B40,92.5803,0.172894,39.5318,108.1138,41.3631,78.6305,BIEN,22.009,0.936842,9.4034,16.7785,0.172772,0.176564,0.0703,2.1225,1,1,226.572,nan
za0996,abierto,B5,96.5311,0.171033,4.5491,104.7942,42.1044,78.9497,BIEN,23.9144,0.858717,5.9383,8.56,0.168235,0.184066,1.636,7.6206,1,1,230.325,nan
za0996,abierto,B10,96.5311,0.171033,9.485,110.1803,39.9212,78.839,BIEN,22.3851,0.923179,6.0836,14.1397,0.169419,0.180598,0.9437,5.5929,1,1,227.521,nan
za0996,abierto,B15,96.5311,0.171033,14.5199,111.9569,39.1702,78.7602,BIEN,21.8319,0.930642,6.4257,15.9801,0.166033,0.183964,2.9231,7.561,1,1,251.351,nan
za0996,abierto,B25,96.5311,0.171033,24.5267,111.859,39.044,77.8967,BIEN,22.1148,0.935814,7.4137,15.8786,0.167566,0.186598,2.0269,9.101,1,1,221.337,nan
za0996,abierto,B40,96.5311,0.171033,39.5397,113.2129,38.5744,78.1991,BIEN,21.5692,0.932799,8.9357,17.2813,0.166028,0.180641,2.9264,5.6175,1,1,243.226,nan
za1025,abierto,B5,92.9787,0.174656,4.55,104.5091,43.2494,81.7204,BIEN,22.0923,0.850374,5.8639,12.4011,0.168938,0.18788,3.274,7.5714,1,1,207.207,nan
za1025,abierto,B10,92.9787,0.174656,9.505,106.1884,42.3975,79.3749,BIEN,22.5347,0.923078,6.3118,14.2073,0.175448,0.189503,0.4531,8.5004,1,1,252.5,nan
za1025,abierto,B15,92.9787,0.174656,14.5349,106.7669,41.9511,78.6987,BIEN,22.5772,0.93365,6.7688,14.8294,0.180676,0.195103,3.447,11.707,1,1,226.111,nan
za1025,abierto,B25,92.9787,0.174656,24.5354,108.5219,41.2253,78.9137,BIEN,21.9162,0.935039,7.6393,16.717,0.174437,0.192073,0.1256,9.972,1,1,231.535,nan
za1025,abierto,B40,92.9787,0.174656,39.5285,109.0516,41.0254,78.8323,BIEN,21.7574,0.934527,9.3179,17.2867,0.173389,0.183888,0.7254,5.2858,1,1,246.822,nan
zb0010,abierto,B5,99.2387,0.202711,4.4518,111.1684,39.4593,63.3492,BIEN,23.208,0.898654,6.2771,12.0213,0.186732,0.20316,7.8826,0.2218,1,1,219.814,nan
zb0010,abierto,B10,99.2387,0.202711,9.4399,111.9399,38.2134,61.5817,BIEN,23.7413,0.939224,6.7125,12.7987,0.203305,0.211125,0.293,4.1507,1,1,233.76,nan
zb0010,abierto,B15,99.2387,0.202711,14.4686,110.9707,38.7568,61.4927,BIEN,24.191,0.945016,7.2114,11.822,0.192743,0.217382,4.9175,7.2372,1,1,232.412,nan
zb0010,abierto,B25,99.2387,0.202711,24.4912,110.3039,39.2284,61.3278,BIEN,24.5477,0.948399,8.2122,11.1501,0.192169,0.210899,5.2005,4.0393,1,1,237.908,nan
zb0010,abierto,B40,99.2387,0.202711,39.503,111.2263,38.5919,61.5329,BIEN,24.0747,0.947146,9.7846,12.0796,0.192853,0.2023,4.8631,0.2025,1,1,252.544,nan
zb0017,abierto,B5,100.7066,0.235455,4.4578,111.2598,39.731,63.9805,BIEN,23.8405,0.896099,6.2482,10.4792,0.251664,0.213433,6.8841,9.3527,1,1,227.977,nan
zb0017,abierto,B10,100.7066,0.235455,9.4541,112.5091,37.9417,61.9301,BIEN,24.295,0.934103,6.6586,11.7197,0.246249,0.243419,4.5845,3.3827,1,1,243.623,nan
zb0017,abierto,B15,100.7066,0.235455,14.4857,114.854,36.6357,62.4611,BIEN,23.1466,0.932966,6.9304,14.0481,0.253322,0.244037,7.5884,3.6452,1,1,239.498,nan
zb0017,abierto,B25,100.7066,0.235455,24.4701,112.9905,37.672,62.0565,BIEN,24.0705,0.93868,7.9914,12.1977,0.254253,0.255918,7.984,8.6911,1,1,242.943,nan
zb0017,abierto,B40,100.7066,0.235455,39.5006,113.1596,37.6274,62.0111,BIEN,24.0057,0.938941,9.5942,12.3656,0.249867,0.253326,6.1209,7.5903,1,1,222.316,nan
zb0031,abierto,B5,105.0132,0.218471,4.4296,110.4575,41.0216,64.4681,BIEN,26.5968,0.899668,6.2127,5.1844,0.222695,0.225264,1.9331,3.1092,1,1,200.622,nan
zb0031,abierto,B10,105.0132,0.218471,9.4382,115.5006,37.3848,64.1704,BIEN,24.8798,0.930689,6.3639,9.9867,0.226399,0.23248,3.6288,6.4121,1,1,229.806,nan
zb0031,abierto,B15,105.0132,0.218471,14.3994,116.3087,36.8783,64.2901,BIEN,24.5079,0.933273,6.7348,10.7562,0.226502,0.235715,3.6758,7.893,1,1,228.253,nan
zb0031,abierto,B25,105.0132,0.218471,24.4635,117.0031,36.5154,64.5462,BIEN,24.1045,0.932766,7.5863,11.4175,0.223085,0.233328,2.1117,6.8,1,1,204.177,nan
zb0031,abierto,B40,105.0132,0.218471,39.4888,115.9529,37.1461,64.4623,BIEN,24.6015,0.934965,9.2158,10.4174,0.227593,0.22948,4.1751,5.0389,1,1,250.169,nan
zb0046,abierto,B5,103.8882,0.209573,4.4528,110.9585,40.0182,64.3866,BIEN,25.748,0.90071,6.1978,6.8057,0.217266,0.214336,3.6707,2.2727,1,1,205.774,nan
zb0046,abierto,B10,103.8882,0.209573,9.468,115.0394,36.6105,64.1729,BIEN,24.3394,0.930728,6.3912,10.7339,0.220825,0.219421,5.3688,4.6989,1,1,245.537,nan
zb0046,abierto,B15,103.8882,0.209573,14.4376,113.8847,37.9126,65.1046,BIEN,24.4383,0.931842,6.8501,9.6223,0.217409,0.218847,3.7389,4.4249,1,1,208.965,nan
zb0046,abierto,B25,103.8882,0.209573,24.4786,113.0835,38.1863,64.6714,BIEN,24.9925,0.935952,7.8362,8.8511,0.216213,0.219749,3.1684,4.8555,1,1,243.564,nan
zb0046,abierto,B40,103.8882,0.209573,39.5256,113.1802,38.1028,64.5292,BIEN,25.0264,0.936926,9.4324,8.9443,0.219716,0.228309,4.8396,8.9399,1,1,197.34,nan
zb0066,abierto,B5,103.958,0.208799,4.4579,111.208,40.5869,64.6978,BIEN,25.6188,0.896223,6.2097,6.9739,0.217556,0.211175,4.1943,1.1379,1,1,217.998,nan
zb0066,abierto,B10,103.958,0.208799,9.4625,117.1816,35.8206,63.8839,BIEN,23.653,0.92656,6.3141,12.7201,0.213044,0.215258,2.0331,3.0938,1,1,242.577,nan
zb0066,abierto,B15,103.958,0.208799,14.4504,114.6546,38.1746,65.3376,BIEN,24.19,0.928634,6.8323,10.2893,0.211072,0.220592,1.0886,5.6482,1,1,228.77,nan
zb0066,abierto,B25,103.958,0.208799,24.483,115.5267,37.1344,64.2622,BIEN,24.2923,0.933496,7.7269,11.1282,0.212252,0.213097,1.6539,2.0587,1,1,229.706,nan
zb0066,abierto,B40,103.958,0.208799,39.5335,115.0719,37.4896,64.3579,BIEN,24.4512,0.934137,9.3251,10.6908,0.209927,0.211645,0.5402,1.3634,1,1,234.165,nan
zb0073,abierto,B5,103.0293,0.203002,4.4463,110.7209,41.1555,65.0905,BIEN,25.2379,0.896192,6.219,7.4654,0.218175,0.212545,7.4741,4.701,1,1,241.645,nan
zb0073,abierto,B10,103.0293,0.203002,9.4365,116.8268,36.6318,64.2904,BIEN,23.3083,0.927218,6.3206,13.3918,0.215987,0.213232,6.3966,5.0392,1,1,236.395,nan
zb0073,abierto,B15,103.0293,0.203002,14.4474,113.4322,38.8752,64.3155,BIEN,24.8223,0.936506,6.9424,10.097,0.208972,0.213901,2.9408,5.3689,1,1,240.691,nan
zb0073,abierto,B25,103.0293,0.203002,24.4738,116.0537,37.2179,64.4391,BIEN,23.6555,0.934121,7.6928,12.6415,0.214715,0.220074,5.7697,8.4098,1,1,229.321,nan
zb0073,abierto,B40,103.0293,0.203002,39.5294,114.5691,38.163,64.2292,BIEN,24.3767,0.937522,9.3872,11.2005,0.212357,0.220376,4.6081,8.5587,1,1,241.028,nan
zb0117,abierto,B5,103.9668,0.195655,4.4856,111.4497,39.2924,63.6063,BIEN,25.5712,0.897819,6.2131,7.1974,0.193803,0.206393,0.9469,5.4881,1,1,209.613,nan
zb0117,abierto,B10,103.9668,0.195655,9.4845,117.3012,34.8115,62.7733,BIEN,23.6526,0.929577,6.3224,12.8257,0.193957,0.205127,0.868,4.8409,1,1,216.802,nan
zb0117,abierto,B15,103.9668,0.195655,14.4707,116.6401,35.5237,63.3936,BIEN,23.7095,0.932694,6.7526,12.1898,0.194417,0.198688,0.633,1.55,1,1,250.35,nan
zb0117,abierto,B25,103.9668,0.195655,24.4912,115.8086,35.8691,62.9899,BIEN,24.2362,0.936947,7.7235,11.39,0.188717,0.192282,3.5463,1.7241,1,1,227.242,nan
zb0117,abierto,B40,103.9668,0.195655,39.528,115.8168,35.8555,62.923,BIEN,24.2611,0.937623,9.29,11.3979,0.194417,0.195008,0.633,0.3308,1,1,251.395,nan
zb0124,abierto,B5,104.8241,0.228521,4.4821,111.8359,39.469,64.0664,BIEN,25.9331,0.897582,6.1915,6.6891,0.222854,0.22578,2.4796,1.1993,1,1,217.746,nan
zb0124,abierto,B10,104.8241,0.228521,9.4924,116.9711,35.9099,63.5255,BIEN,24.1918,0.930619,6.3332,11.588,0.221866,0.237305,2.9119,3.8439,1,1,248.182,nan
zb0124,abierto,B15,104.8241,0.228521,14.5297,116.7977,36.0962,64.0577,BIEN,24.0516,0.933306,6.7396,11.4225,0.222121,0.231449,2.8007,1.2814,1,1,237.164,nan
zb0124,abierto,B25,104.8241,0.228521,24.479,117.0177,36.0748,64.3348,BIEN,23.8598,0.933515,7.6077,11.6324,0.222105,0.241842,2.8076,5.8292,1,1,240.442,nan
zb0124,abierto,B40,104.8241,0.228521,39.5084,116.5837,36.1932,64.0316,BIEN,24.1707,0.935815,9.1948,11.2184,0.220755,0.238646,3.3982,4.4308,1,1,234.786,nan
zb0148,abierto,B5,109.7067,0.205483,4.4648,120.3494,33.7247,67.4485,BIEN,23.8953,0.883225,5.6141,9.7011,0.200933,0.207412,2.2146,0.9389,1,1,250.156,nan
zb0148,abierto,B10,109.7067,0.205483,9.492,122.0345,32.57,65.1649,BIEN,24.2351,0.92822,5.975,11.2371,0.20317,0.213959,1.1257,4.1247,1,1,237.75,nan
zb0148,abierto,B15,109.7067,0.205483,14.4746,124.0363,31.394,65.8106,BIEN,23.1562,0.926329,6.242,13.0618,0.202817,0.217661,1.2975,5.9266,1,1,224.916,nan
zb0148,abierto,B25,109.7067,0.205483,24.4754,121.2544,33.4685,65.8738,BIEN,24.3776,0.933163,7.2553,10.526,0.204197,0.211903,0.6261,3.1242,1,1,230.367,nan
zb0148,abierto,B40,109.7067,0.205483,39.4875,122.5481,32.7136,66.1374,BIEN,23.7052,0.930607,8.62,11.7052,0.204537,0.219217,0.4606,6.6836,1,1,210.354,nan
zb0152,abierto,B5,113.4229,0.188091,4.4242,120.2987,33.0319,67.2343,BIEN,25.5842,0.885895,5.5395,6.0622,0.183038,0.200669,2.6864,6.687,1,1,235.799,nan
zb0152,abierto,B10,113.4229,0.188091,9.4481,126.4333,29.364,66.1921,BIEN,23.727,0.921099,5.6388,11.4708,0.188885,0.19595,0.4223,4.1783,1,1,235.638,nan
zb0152,abierto,B15,113.4229,0.188091,14.4772,127.3624,28.9022,66.1888,BIEN,23.3119,0.923657,5.9707,12.2899,0.188563,0.196064,0.251,4.2391,1,1,244.361,nan
zb0152,abierto,B25,113.4229,0.188091,24.4783,125.6469,29.8104,66.2208,BIEN,24.0987,0.929028,6.8882,10.7774,0.193473,0.200301,2.8615,6.4913,1,1,226.239,nan
zb0152,abierto,B40,113.4229,0.188091,39.4904,126.567,29.4359,66.5181,BIEN,23.5727,0.926973,8.2177,11.5886,0.190178,0.195061,1.1095,3.7055,1,1,240.657,nan
zb0273,abierto,B5,106.976,0.258905,4.4436,119.6477,33.9576,65.8792,BIEN,22.9383,0.884121,5.6973,11.8453,0.277892,0.233812,7.3337,9.6919,1,1,232.396,nan
zb0273,abierto,B10,106.976,0.258905,9.4322,119.4917,33.9537,64.1624,BIEN,23.6893,0.92378,6.1363,11.6995,0.268408,0.260398,3.6706,0.577,1,1,235.062,nan
zb0273,abierto,B15,106.976,0.258905,14.4697,117.2209,35.9448,64.7091,BIEN,24.4676,0.928197,6.6599,9.5768,0.269899,0.270147,4.2465,4.3422,1,1,240.512,nan
zb0273,abierto,B25,106.976,0.258905,24.4643,116.4545,36.4688,64.5875,BIEN,24.8336,0.930928,7.5982,8.8604,0.272547,0.26325,5.2691,1.6783,1,1,174.547,nan
zb0273,abierto,B40,106.976,0.258905,39.504,116.4688,36.3407,64.3899,BIEN,24.9324,0.932301,9.1398,8.8738,0.269161,0.266672,3.9613,3.0,1,1,229.785,nan
zb0276,abierto,B5,108.874,0.217509,4.4646,120.366,34.0934,65.642,BIEN,23.5648,0.889399,5.6757,10.5553,0.228199,0.222267,4.9144,2.1875,1,1,260.824,nan
zb0276,abierto,B10,108.874,0.217509,9.4548,119.4431,35.0133,64.1358,BIEN,24.6174,0.92881,6.1446,9.7076,0.222092,0.224373,2.1066,3.1553,1,1,240.68,nan
zb0276,abierto,B15,108.874,0.217509,14.4697,117.3393,36.4416,64.5682,BIEN,25.3646,0.932699,6.6549,7.7753,0.214636,0.220945,1.3209,1.5796,1,1,195.416,nan
zb0276,abierto,B25,108.874,0.217509,24.4687,118.6305,35.6945,64.8191,BIEN,24.714,0.932592,7.4487,8.9613,0.227065,0.234912,4.3931,8.001,1,1,249.333,nan
zb0276,abierto,B40,108.874,0.217509,39.5065,119.0421,35.3354,64.7435,BIEN,24.5831,0.933257,8.9157,9.3393,0.226195,0.237849,3.9934,9.351,1,1,234.121,nan
zb0355,abierto,B5,108.453,0.225753,4.4538,119.5262,34.4854,67.8703,BIEN,23.5588,0.883443,5.6287,10.2102,0.208549,0.215091,7.6208,4.7229,1,1,242.119,nan
zb0355,abierto,B10,108.453,0.225753,9.4688,121.1688,33.0455,65.5078,BIEN,23.8907,0.929747,5.9947,11.7247,0.210661,0.218291,6.6853,3.3058,1,1,240.183,nan
zb0355,abierto,B15,108.453,0.225753,14.5066,121.696,32.4827,64.9825,BIEN,23.8866,0.934539,6.389,12.2109,0.209668,0.218229,7.1251,3.3332,1,1,242.307,nan
zb0355,abierto,B25,108.453,0.225753,24.4492,122.2536,32.1043,65.4253,BIEN,23.4689,0.933557,7.199,12.725,0.209621,0.218635,7.1458,3.1532,1,1,236.709,nan
zb0355,abierto,B40,108.453,0.225753,39.5087,121.1954,32.8922,65.2364,BIEN,24.0265,0.936946,8.7582,11.7493,0.211096,0.22649,6.4926,0.3264,1,1,218.103,nan
zb0426,abierto,B5,106.7842,0.236501,4.4377,119.4396,33.5306,65.998,BIEN,22.8834,0.880719,5.7042,11.8514,0.223895,0.237077,5.3303,0.2434,1,1,233.356,nan
zb0426,abierto,B10,106.7842,0.236501,9.4279,121.1416,32.1508,63.5867,BIEN,23.0834,0.921198,6.0632,13.4453,0.230563,0.24027,2.5109,1.5937,1,1,249.271,nan
zb0426,abierto,B15,106.7842,0.236501,14.467,118.7937,34.2021,64.1448,BIEN,23.9596,0.92766,6.5903,11.2465,0.229936,0.234624,2.7758,0.7935,1,1,247.47,nan
zb0426,abierto,B25,106.7842,0.236501,24.4618,118.4518,34.2661,63.9135,BIEN,24.2034,0.930546,7.5001,10.9263,0.230856,0.241193,2.3869,1.9841,1,1,214.105,nan
zb0426,abierto,B40,106.7842,0.236501,39.4847,118.1753,34.4175,63.8265,BIEN,24.3506,0.931732,9.0403,10.6674,0.229775,0.241213,2.844,1.9922,1,1,246.621,nan
zb0433,abierto,B5,107.6937,0.244056,4.4506,119.7074,33.3036,65.4608,BIEN,23.2503,0.887912,5.6953,11.1555,0.25644,0.23387,5.0742,4.1737,1,1,219.399,nan
zb0433,abierto,B10,107.6937,0.244056,9.4438,116.4787,36.397,64.8054,BIEN,24.7975,0.923275,6.2651,8.1574,0.253343,0.255047,3.8051,4.5036,1,1,230.782,nan
zb0433,abierto,B15,107.6937,0.244056,14.4966,116.8672,35.7663,64.3026,BIEN,24.9763,0.930906,6.6776,8.5181,0.253555,0.25836,3.8923,5.8611,1,1,252.979,nan
zb0433,abierto,B25,107.6937,0.244056,24.4495,116.2584,36.3019,64.1547,BIEN,25.3205,0.933615,7.607,7.9529,0.254482,0.244014,4.2721,0.017,1,1,243.481,nan
zb0433,abierto,B40,107.6937,0.244056,39.4921,116.6977,36.1001,64.4764,BIEN,24.9675,0.932469,9.0953,8.3607,0.251458,0.248791,3.0329,1.9402,1,1,219.082,nan
zb0457,abierto,B5,108.8249,0.242634,4.4636,120.2467,33.8353,65.2816,BIEN,23.6402,0.891768,5.6814,10.4955,0.248536,0.229976,2.4328,5.2167,1,1,194.985,nan
zb0457,abierto,B10,108.8249,0.242634,9.4493,120.4949,33.5229,63.3045,BIEN,24.3636,0.930143,6.0995,10.7236,0.247007,0.24318,1.8026,0.2251,1,1,217.723,nan
zb0457,abierto,B15,108.8249,0.242634,14.4947,117.9456,35.2986,63.9231,BIEN,25.2941,0.935334,6.6317,8.381,0.237816,0.258337,1.9854,6.4721,1,1,247.709,nan
zb0457,abierto,B25,108.8249,0.242634,24.4559,118.6896,35.0482,64.3962,BIEN,24.7441,0.934525,7.4469,9.0647,0.239783,0.252534,1.175,4.0803,1,1,228.556,nan
zb0457,abierto,B40,108.8249,0.242634,39.4992,119.3135,34.5863,64.2412,BIEN,24.5553,0.935404,8.9039,9.638,0.240291,0.259106,0.9656,6.7889,1,1,212.599,nan
zb0502,abierto,B5,104.7411,0.246133,4.4771,111.2271,40.5112,64.7791,BIEN,26.1865,0.897409,6.1607,6.1924,0.240322,0.236355,2.3608,3.9724,1,1,224.608,nan
zb0502,abierto,B10,104.7411,0.246133,9.5064,116.824,35.7488,63.9086,BIEN,24.3211,0.92975,6.2975,11.536,0.236695,0.240831,3.8344,2.1539,1,1,240.9,nan
zb0502,abierto,B15,104.7411,0.246133,14.5265,116.1292,36.5658,64.625,BIEN,24.3549,0.93245,6.7304,10.8726,0.231616,0.246205,5.8978,0.0294,1,1,193.102,nan
zb0502,abierto,B25,104.7411,0.246133,24.4775,116.6571,36.2495,64.8422,BIEN,24.054,0.93251,7.5922,11.3766,0.242665,0.240491,1.4088,2.292,1,1,222.193,nan
zb0502,abierto,B40,104.7411,0.246133,39.5119,115.8359,36.7832,64.6728,BIEN,24.4833,0.934646,9.2175,10.5926,0.235913,0.247399,4.1519,0.5144,1,1,238.806,nan
zb0528,abierto,B5,107.1737,0.232927,4.4403,119.6703,34.0566,67.6303,BIEN,22.8803,0.877849,5.6413,11.6601,0.243444,0.225586,4.5153,3.1518,1,1,223.799,nan
zb0528,abierto,B10,107.1737,0.232927,9.4537,121.3131,33.2686,65.3447,BIEN,23.138,0.921668,6.0047,13.1929,0.235914,0.238645,1.2825,2.455,1,1,254.894,nan
zb0528,abierto,B15,107.1737,0.232927,14.4932,121.6587,32.5914,64.7901,BIEN,23.1952,0.92714,6.4077,13.5154,0.239574,0.232714,2.8537,0.0916,1,1,246.731,nan
zb0528,abierto,B25,107.1737,0.232927,24.4818,120.8019,33.0396,64.6971,BIEN,23.5848,0.930576,7.3268,12.716,0.241957,0.236239,3.8769,1.4217,1,1,209.881,nan
zb0528,abierto,B40,107.1737,0.232927,39.5158,119.9613,33.8004,64.8209,BIEN,23.918,0.932336,8.8747,11.9317,0.237435,0.23457,1.9353,0.7055,1,1,219.529,nan
zb0573,abierto,B5,108.6792,0.191063,4.4483,120.2505,32.7951,66.1743,BIEN,23.5153,0.886508,5.6678,10.6472,0.194583,0.214312,1.8421,12.1679,1,1,235.3,nan
zb0573,abierto,B10,108.6792,0.191063,9.4518,121.1147,32.5603,63.8978,BIEN,24.0811,0.929105,6.0638,11.4424,0.192371,0.207673,0.6843,8.6931,1,1,232.218,nan
zb0573,abierto,B15,108.6792,0.191063,14.498,117.6775,35.349,64.8512,BIEN,25.2648,0.932532,6.6331,8.2797,0.194952,0.204206,2.0353,6.879,1,1,226.721,nan
zb0573,abierto,B25,108.6792,0.191063,24.468,119.2215,34.2273,65.0472,BIEN,24.507,0.932569,7.4087,9.7004,0.191523,0.198602,0.2408,3.9455,1,1,231.82,nan
zb0573,abierto,B40,108.6792,0.191063,39.5046,119.7575,33.7868,64.888,BIEN,24.3413,0.933644,8.8678,10.1936,0.191523,0.198518,0.2408,3.9019,1,1,195.503,nan
zb0593,abierto,B5,108.6036,0.221239,4.4489,120.027,33.1386,65.7229,BIEN,23.6188,0.889271,5.677,10.5185,0.219884,0.221221,0.6126,0.008,1,1,186.463,nan
zb0593,abierto,B10,108.6036,0.221239,9.4431,120.8385,32.7486,63.5743,BIEN,24.1568,0.928695,6.0727,11.2657,0.215868,0.226301,2.4278,2.288,1,1,210.93,nan
zb0593,abierto,B15,108.6036,0.221239,14.4914,118.6783,34.2991,63.9722,BIEN,25.0362,0.934617,6.5873,9.2766,0.213688,0.223333,3.4131,0.9466,1,1,248.874,nan
zb0593,abierto,B25,108.6036,0.221239,24.4679,120.2241,33.1115,64.1855,BIEN,24.2493,0.933816,7.3607,10.6999,0.215981,0.231927,2.3766,4.8312,1,1,231.75,nan
zb0593,abierto,B40,108.6036,0.221239,39.4839,120.4294,32.9911,64.1629,BIEN,24.1653,0.934231,8.8307,10.889,0.217409,0.233372,1.7311,5.4843,1,1,219.64,nan
zb0636,abierto,B5,109.0037,0.238648,4.4432,119.572,33.3443,67.0781,BIEN,23.8782,0.882049,5.6416,9.6954,0.250436,0.236649,4.9394,0.8374,1,1,185.158,nan
zb0636,abierto,B10,109.0037,0.238648,9.4536,120.6315,33.0416,64.8733,BIEN,24.4387,0.926296,6.0334,10.6673,0.247062,0.240279,3.5257,0.6837,1,1,240.691,nan
zb0636,abierto,B15,109.0037,0.238648,14.4822,118.976,34.239,65.2903,BIEN,25.1064,0.930542,6.5172,9.1486,0.245806,0.245235,2.9996,2.7603,1,1,235.96,nan
zb0636,abierto,B25,109.0037,0.238648,24.4797,120.0559,33.5811,65.5662,BIEN,24.4823,0.929582,7.3194,10.1393,0.24716,0.244868,3.5667,2.6066,1,1,220.003,nan
zb0636,abierto,B40,109.0037,0.238648,39.4995,120.3056,33.2803,65.5081,BIEN,24.386,0.930357,8.7899,10.3683,0.24716,0.24596,3.5667,3.0639,1,1,226.203,nan
zb0659,abierto,B5,106.7822,0.243459,4.4346,119.3756,34.5281,67.954,BIEN,22.7821,0.877115,5.6591,11.7935,0.244169,0.230826,0.2918,5.1886,1,1,196.587,nan
zb0659,abierto,B10,106.7822,0.243459,9.447,121.1428,33.3327,65.6506,BIEN,23.0033,0.92023,6.0173,13.4484,0.241881,0.245975,0.6482,1.0335,1,1,237.739,nan
zb0659,abierto,B15,106.7822,0.243459,14.4785,121.1297,33.29,65.1671,BIEN,23.1807,0.925696,6.4378,13.4362,0.244044,0.243503,0.2403,0.018,1,1,240.096,nan
zb0659,abierto,B25,106.7822,0.243459,24.4788,119.8126,34.1905,65.2954,BIEN,23.7107,0.929613,7.3831,12.2028,0.240679,0.243004,1.1418,0.1867,1,1,227.056,nan
zb0659,abierto,B40,106.7822,0.243459,39.4888,119.6202,34.2817,65.1895,BIEN,23.8255,0.930822,8.9031,12.0226,0.239653,0.246093,1.5632,1.082,1,1,213.011,nan
zb0732,abierto,B5,104.6682,0.238752,4.4821,111.2499,40.2569,65.3342,BIEN,26.132,0.895706,6.1353,6.2881,0.240704,0.220688,0.8178,7.566,1,1,212.355,nan
zb0732,abierto,B10,104.6682,0.238752,9.497,116.7207,36.2514,64.5838,BIEN,24.2717,0.924973,6.2726,11.5149,0.23515,0.235991,1.5085,1.1566,1,1,230.755,nan
zb0732,abierto,B15,104.6682,0.238752,14.5179,116.8143,36.2573,64.9515,BIEN,24.097,0.927285,6.6731,11.6043,0.230056,0.240648,3.6425,0.7943,1,1,231.406,nan
zb0732,abierto,B25,104.6682,0.238752,24.4821,117.3112,36.005,65.2381,BIEN,23.7909,0.927117,7.5326,12.079,0.231639,0.232441,2.9791,2.6435,1,1,246.439,nan
zb0732,abierto,B40,104.6682,0.238752,39.5144,116.9279,36.166,64.8891,BIEN,24.077,0.929177,9.1239,11.7129,0.234652,0.241657,1.7175,1.2167,1,1,223.919,nan
zb0863,abierto,B5,103.6038,0.250429,4.4839,111.0186,40.6858,66.1271,BIEN,25.4027,0.893855,6.148,7.1569,0.256687,0.223823,2.4986,10.6242,1,1,208.411,nan
zb0863,abierto,B10,103.6038,0.250429,9.4759,116.0989,37.1849,65.4998,BIEN,23.8078,0.927308,6.2991,12.0605,0.251277,0.24731,0.3383,1.2458,1,1,217.033,nan
zb0863,abierto,B15,103.6038,0.250429,14.4789,116.0982,37.2412,65.9864,BIEN,23.6341,0.930199,6.7002,12.0598,0.253349,0.244141,1.1657,2.5111,1,1,220.994,nan
zb0863,abierto,B25,103.6038,0.250429,24.5017,115.4222,37.4139,65.4249,BIEN,24.123,0.934249,7.6686,11.4073,0.24795,0.251475,0.9899,0.4177,1,1,229.658,nan
zb0863,abierto,B40,103.6038,0.250429,39.5071,115.1659,37.5847,65.4553,BIEN,24.2231,0.93494,9.2598,11.1599,0.250451,0.251663,0.0087,0.4924,1,1,213.863,nan
zb0867,abierto,B5,103.0673,0.256459,4.4871,111.0162,40.7246,66.2242,BIEN,25.1174,0.895041,6.1455,7.7123,0.253353,0.222918,1.2112,13.0787,1,1,213.215,nan
zb0867,abierto,B10,103.0673,0.256459,9.4788,116.1008,37.3421,65.5027,BIEN,23.544,0.928248,6.2988,12.6456,0.251202,0.253208,2.05,1.2679,1,1,214.133,nan
zb0867,abierto,B15,103.0673,0.256459,14.4769,113.5594,38.5492,65.0776,BIEN,24.8073,0.937279,6.8764,10.1798,0.247197,0.260024,3.6117,1.3898,1,1,221.739,nan
zb0867,abierto,B25,103.0673,0.256459,24.4996,115.2343,37.7147,65.5131,BIEN,23.9099,0.935425,7.6798,11.8049,0.255695,0.251592,0.298,1.898,1,1,239.177,nan
zb0867,abierto,B40,103.0673,0.256459,39.5037,115.0048,37.7865,65.5525,BIEN,23.99,0.936019,9.272,11.5822,0.253352,0.248003,1.2116,3.2974,1,1,219.236,nan
zb0883,abierto,B5,101.3866,0.227981,4.4599,110.8667,40.0571,65.0659,BIEN,24.3249,0.891538,6.2082,9.3504,0.239231,0.223551,4.9344,1.9434,1,1,230.473,nan
zb0883,abierto,B10,101.3866,0.227981,9.4872,112.9634,37.6992,62.8116,BIEN,24.5937,0.931451,6.5813,11.4184,0.235674,0.240963,3.3741,5.694,1,1,244.153,nan
zb0883,abierto,B15,101.3866,0.227981,14.4603,114.0174,37.4042,63.7713,BIEN,23.7672,0.930808,6.9159,12.458,0.236042,0.242294,3.5356,6.2781,1,1,222.692,nan
zb0883,abierto,B25,101.3866,0.227981,24.4897,114.2722,37.1325,63.6507,BIEN,23.704,0.932197,7.8277,12.7093,0.239102,0.244404,4.8778,7.2037,1,1,252.29,nan
zb0883,abierto,B40,101.3866,0.227981,39.5083,113.3411,37.835,63.6369,BIEN,24.1145,0.934224,9.501,11.7909,0.238117,0.245362,4.4459,7.6236,1,1,251.566,nan
zb0917,abierto,B5,107.8587,0.218301,4.431,118.8871,35.1802,68.688,BIEN,23.4089,0.879234,5.6259,10.2249,0.214319,0.214723,1.8241,1.6391,1,1,241.949,nan
zb0917,abierto,B10,107.8587,0.218301,9.4705,120.8278,34.2661,66.4457,BIEN,23.6864,0.922822,5.9829,12.0242,0.21697,0.228262,0.6098,4.5629,1,1,237.175,nan
zb0917,abierto,B15,107.8587,0.218301,14.4985,121.5884,33.4297,65.7574,BIEN,23.6072,0.9275,6.371,12.7293,0.220533,0.217701,1.022,0.275,1,1,219.39,nan
zb0917,abierto,B25,107.8587,0.218301,24.4852,121.8255,33.2725,65.3029,BIEN,23.6448,0.929624,7.2374,12.9491,0.219571,0.221202,0.5818,1.3286,1,1,165.087,nan
zb0917,abierto,B40,107.8587,0.218301,39.5108,122.8464,32.5758,65.3248,BIEN,23.164,0.927209,8.648,13.8957,0.21896,0.225167,0.3015,3.1451,1,1,224.054,nan
zb0940,abierto,B5,106.0814,0.207296,4.4683,111.6094,40.7732,66.0239,BIEN,26.6068,0.896038,6.1308,5.2111,0.205652,0.201074,0.793,3.0013,1,1,209.433,nan
zb0940,abierto,B10,106.0814,0.207296,9.4683,117.2566,36.7075,65.2813,BIEN,24.7926,0.933487,6.2558,10.5345,0.199782,0.209059,3.6246,0.8507,1,1,224.105,nan
zb0940,abierto,B15,106.0814,0.207296,14.4772,117.9904,36.1156,65.4865,BIEN,24.3876,0.936007,6.6228,11.2263,0.200424,0.2158,3.315,4.1024,1,1,221.784,nan
zb0940,abierto,B25,106.0814,0.207296,24.484,118.1127,36.1971,65.7825,BIEN,24.21,0.936094,7.4933,11.3416,0.19942,0.216092,3.7993,4.2435,1,1,233.962,nan
zb0940,abierto,B40,106.0814,0.207296,39.5132,118.3411,35.9991,65.9396,BIEN,24.0512,0.935844,8.9977,11.5568,0.19942,0.213385,3.7993,2.9372,1,1,154.914,nan
zb0961,abierto,B5,103.0438,0.258311,4.493,110.6426,41.2835,67.1172,BIEN,25.2278,0.890727,6.1394,7.3743,0.269083,0.233896,4.17,9.4519,1,1,231.107,nan
zb0961,abierto,B10,103.0438,0.258311,9.4659,116.3156,37.4042,66.1934,BIEN,23.4995,0.923488,6.275,12.8798,0.258143,0.254876,0.0654,1.33,1,1,226.244,nan
zb0961,abierto,B15,103.0438,0.258311,14.4655,114.8658,37.8874,65.4252,BIEN,24.4142,0.932156,6.8011,11.4727,0.25724,0.260667,0.4147,0.912,1,1,210.784,nan
zb0961,abierto,B25,103.0438,0.258311,24.4924,116.783,36.8686,65.7356,BIEN,23.462,0.929188,7.5919,13.3333,0.257763,0.259418,0.2125,0.4283,1,1,237.823,nan
zb0961,abierto,B40,103.0438,0.258311,39.4894,116.7303,36.888,65.7005,BIEN,23.4963,0.929844,9.1629,13.2822,0.25659,0.261785,0.6666,1.3445,1,1,240.865,nan
zb0966,abierto,B5,103.4042,0.242165,4.4637,110.741,40.6858,66.0677,BIEN,25.3794,0.890523,6.197,7.0953,0.242798,0.236444,0.2614,2.3624,1,1,218.074,nan
zb0966,abierto,B10,103.4042,0.242165,9.4798,116.6031,36.2184,65.1262,BIEN,23.5951,0.925552,6.3213,12.7644,0.233456,0.246479,3.5963,1.7814,1,1,251.433,nan
zb0966,abierto,B15,103.4042,0.242165,14.4532,116.5851,36.3194,65.6117,BIEN,23.4296,0.927936,6.7219,12.747,0.240465,0.244951,0.7017,1.1507,1,1,210.593,nan
zb0966,abierto,B25,103.4042,0.242165,24.4865,115.8053,36.8608,65.1408,BIEN,23.9365,0.932588,7.6947,11.9928,0.240058,0.247718,0.87,2.2932,1,1,241.028,nan
zb0966,abierto,B40,103.4042,0.242165,39.4987,115.7177,36.8278,65.099,BIEN,23.9926,0.933466,9.2732,11.9082,0.23463,0.247272,3.1113,2.1092,1,1,247.936,nan
zb0974,abierto,B5,103.382,0.246992,4.4577,110.7621,40.3908,64.9608,BIEN,25.4544,0.894225,6.2167,7.1386,0.254704,0.236454,3.1222,4.2665,1,1,216.741,nan
zb0974,abierto,B10,103.382,0.246992,9.4779,116.6378,35.4693,64.0448,BIEN,23.6219,0.925832,6.3402,12.8222,0.266,0.245644,7.6958,0.5457,1,1,240.616,nan
zb0974,abierto,B15,103.382,0.246992,14.4497,115.8387,36.2786,64.8456,BIEN,23.6597,0.927844,6.7749,12.0492,0.267429,0.259977,8.2741,5.2571,1,1,248.608,nan
zb0974,abierto,B25,103.382,0.246992,24.4757,115.5403,36.3815,64.142,BIEN,24.0612,0.93251,7.7298,11.7605,0.265886,0.259799,7.6494,5.1852,1,1,228.639,nan
zb0974,abierto,B40,103.382,0.246992,39.4979,114.8463,36.8666,64.3674,BIEN,24.2843,0.933287,9.3483,11.0892,0.264949,0.265752,7.2702,7.5952,1,1,255.669,nan
zb0993,abierto,B5,102.0749,0.260266,4.4646,110.4113,41.9259,66.9532,BIEN,24.867,0.892372,6.1714,8.167,0.26481,0.236152,1.7462,9.265,1,1,160.922,nan
zb0993,abierto,B10,102.0749,0.260266,9.4318,116.0459,37.8117,66.1443,BIEN,23.1104,0.922835,6.3038,13.687,0.263779,0.262197,1.3501,0.7421,1,1,231.906,nan
zb0993,abierto,B15,102.0749,0.260266,14.4757,115.0912,38.1591,65.288,BIEN,23.8348,0.930757,6.8157,12.7518,0.267626,0.257585,2.828,1.03,1,1,217.751,nan
zb0993,abierto,B25,102.0749,0.260266,24.502,115.2388,38.1086,65.1766,BIEN,23.816,0.932362,7.7323,12.8964,0.27029,0.266429,3.8517,2.3682,1,1,245.749,nan
zb0993,abierto,B40,102.0749,0.260266,39.497,115.5483,37.8661,65.3792,BIEN,23.6073,0.931613,9.2905,13.1996,0.266597,0.262511,2.4325,0.8627,1,1,211.914,nan
zb1020,abierto,B5,103.24,0.253662,4.4848,111.1225,41.204,66.7412,BIEN,25.1777,0.894523,6.1543,7.6352,0.25761,0.235895,1.5561,7.0044,1,1,165.224,nan
zb1020,abierto,B10,103.24,0.253662,9.4646,116.7397,37.1694,65.7858,BIEN,23.4293,0.927318,6.2843,13.076,0.259371,0.255358,2.2506,0.6684,1,1,237.891,nan
zb1020,abierto,B15,103.24,0.253662,14.4566,114.1034,38.7704,65.5553,BIEN,24.7146,0.936716,6.866,10.5225,0.264448,0.259819,4.2518,2.427,1,1,244.505,nan
zb1020,abierto,B25,103.24,0.253662,24.4906,116.466,37.3149,65.6909,BIEN,23.6168,0.93389,7.631,12.8109,0.265023,0.267559,4.4787,5.4786,1,1,243.114,nan
zb1020,abierto,B40,103.24,0.253662,39.5033,115.9547,37.6584,65.8027,BIEN,23.7935,0.935024,9.2271,12.3157,0.265044,0.266609,4.4867,5.1038,1,1,233.242,nan
zb1105,abierto,B5,100.6451,0.267974,4.4538,110.4245,41.3379,66.1509,BIEN,24.1063,0.890141,6.2188,9.7168,0.271893,0.240569,1.4627,10.2268,1,1,234.88,nan
zb1105,abierto,B10,100.6451,0.267974,9.4587,112.4134,39.3099,63.9783,BIEN,24.3568,0.93066,6.5979,11.6929,0.271174,0.258727,1.1942,3.4506,1,1,216.84,nan
zb1105,abierto,B15,100.6451,0.267974,14.4702,112.8367,38.8597,63.377,BIEN,24.4172,0.935123,7.0297,12.1135,0.262342,0.260577,2.1018,2.7602,1,1,251.187,nan
zb1105,abierto,B25,100.6451,0.267974,24.454,113.9509,38.1164,63.7424,BIEN,23.8006,0.934312,7.8855,13.2205,0.266888,0.273061,0.4053,1.8984,1,1,212.495,nan
zb1105,abierto,B40,100.6451,0.267974,39.498,114.1128,37.9398,63.661,BIEN,23.7422,0.934187,9.4898,13.3814,0.269087,0.273659,0.4154,2.1215,1,1,230.282,nan
zb1124,abierto,B5,104.5357,0.222079,4.4801,111.2919,40.2861,64.4313,BIEN,26.061,0.894141,6.2026,6.4631,0.21652,0.206221,2.5035,7.1407,1,1,187.466,nan
zb1124,abierto,B10,104.5357,0.222079,9.4525,117.0437,35.9002,63.8321,BIEN,24.0806,0.925413,6.3187,11.9653,0.220937,0.224175,0.5142,0.9438,1,1,222.648,nan
zb1124,abierto,B15,104.5357,0.222079,14.4751,117.8768,35.2675,63.8562,BIEN,23.7274,0.92796,6.6871,12.7622,0.218747,0.220931,1.5006,0.517,1,1,241.051,nan
zb1124,abierto,B25,104.5357,0.222079,24.4917,118.9446,34.4777,64.0118,BIEN,23.2239,0.926914,7.5062,13.7837,0.219782,0.228648,1.0344,2.958,1,1,231.235,nan
zb1124,abierto,B40,104.5357,0.222079,39.4911,118.2311,34.8833,63.7652,BIEN,23.6077,0.929546,9.0958,13.1012,0.214082,0.231534,3.6012,4.2573,1,1,246.944,nan
zb1144,abierto,B5,104.7685,0.234201,4.4777,111.7498,40.55,64.0236,BIEN,26.1632,0.905238,6.1767,6.6636,0.238982,0.2315,2.0415,1.1531,1,1,210.146,nan
zb1144,abierto,B10,104.7685,0.234201,9.5178,114.5611,38.2076,64.0043,BIEN,25.0665,0.935101,6.4263,9.3468,0.232428,0.246172,0.7567,5.1115,1,1,243.831,nan
zb1144,abierto,B15,104.7685,0.234201,14.5309,113.9031,38.9179,64.7536,BIEN,24.9992,0.935935,6.8637,8.7188,0.233037,0.241475,0.4967,3.1062,1,1,242.313,nan
zb1144,abierto,B25,104.7685,0.234201,24.4787,114.3904,38.718,64.9556,BIEN,24.7024,0.936573,7.7359,9.1839,0.238081,0.241044,1.6571,2.9222,1,1,257.712,nan
zb1144,abierto,B40,104.7685,0.234201,39.4842,113.7011,39.044,64.7323,BIEN,25.1002,0.938556,9.3699,8.526,0.236174,0.229814,0.8425,1.8731,1,1,235.994,nan
zb1179,abierto,B5,105.6491,0.246349,4.4648,111.6766,40.0376,63.7458,BIEN,26.5761,0.900268,6.1791,5.7052,0.230723,0.233562,6.3433,5.1908,1,1,209.271,nan
zb1179,abierto,B10,105.6491,0.246349,9.4686,114.8586,37.3634,63.5987,BIEN,25.4155,0.932477,6.4111,8.7171,0.239115,0.252661,2.9365,2.5619,1,1,254.55,nan
zb1179,abierto,B15,105.6491,0.246349,14.49,113.8527,38.5744,64.488,BIEN,25.4039,0.933946,6.8609,7.765,0.242847,0.24976,1.4219,1.3843,1,1,244.804,nan
zb1179,abierto,B25,105.6491,0.246349,24.5023,114.5039,38.2037,64.6245,BIEN,25.0972,0.93475,7.7291,8.3814,0.240883,0.253304,2.2188,2.8232,1,1,223.989,nan
zb1179,abierto,B40,105.6491,0.246349,39.5103,115.1613,37.6817,64.547,BIEN,24.855,0.93532,9.2467,9.0036,0.242206,0.249363,1.682,1.2234,1,1,249.395,nan
zb1237,abierto,B5,105.8072,0.22614,4.4627,111.4571,40.2104,64.9841,BIEN,26.545,0.891289,6.1542,5.3399,0.227106,0.2139,0.4269,5.4126,1,1,135.017,nan
zb1237,abierto,B10,105.8072,0.22614,9.4759,117.2251,35.9584,64.1442,BIEN,24.6798,0.924761,6.2757,10.7913,0.225883,0.228866,0.1139,1.2052,1,1,241.371,nan
zb1237,abierto,B15,105.8072,0.22614,14.4788,118.2906,34.9531,64.256,BIEN,24.1655,0.926257,6.628,11.7983,0.219357,0.224085,2.9998,0.9088,1,1,224.447,nan
zb1237,abierto,B25,105.8072,0.22614,24.493,118.3267,35.1161,64.6389,BIEN,24.0188,0.92659,7.502,11.8324,0.218148,0.237753,3.5342,5.1351,1,1,213.931,nan
zb1237,abierto,B40,105.8072,0.22614,39.5076,118.4406,35.1588,64.7822,BIEN,23.9176,0.926411,9.0131,11.94,0.228297,0.231438,0.9535,2.3426,1,1,210.735,nan
zb1246,abierto,B5,110.5984,0.236615,4.4343,119.661,33.583,67.5169,BIEN,24.3779,0.881441,5.6011,8.1942,0.232481,0.225481,1.7469,4.7054,1,1,203.791,nan
zb1246,abierto,B10,110.5984,0.236615,9.4378,121.67,32.2906,65.2406,BIEN,24.8093,0.925454,5.9489,10.0106,0.222552,0.243197,5.9431,2.7818,1,1,167.951,nan
zb1246,abierto,B15,110.5984,0.236615,14.5163,124.7867,30.2723,65.2738,BIEN,23.356,0.922134,6.1806,12.8287,0.218693,0.252778,7.5744,6.8309,1,1,198.977,nan
zb1246,abierto,B25,110.5984,0.236615,24.4858,124.2681,30.705,65.5445,BIEN,23.5174,0.924366,7.0423,12.3598,0.221291,0.24823,6.476,4.9091,1,1,186.951,nan
zb1246,abierto,B40,110.5984,0.236615,39.5028,123.6811,31.0679,65.436,BIEN,23.8279,0.926598,8.5262,11.829,0.220318,0.248173,6.8876,4.8848,1,1,241.173,nan
zc0027,abierto,B5,107.2651,0.307631,4.4326,123.5095,22.172,60.0562,BIEN,21.6197,0.860838,5.791,15.1441,0.296252,0.285182,3.6991,7.2974,1,1,239.131,nan
zc0027,abierto,B10,107.2651,0.307631,9.4267,124.6587,21.2657,57.9628,BIEN,21.9196,0.926835,6.1579,16.2155,0.298794,0.307889,2.8727,0.0839,1,1,231.599,nan
zc0027,abierto,B15,107.2651,0.307631,14.4922,125.0638,20.9261,57.3212,BIEN,21.9226,0.939852,6.5369,16.5931,0.298052,0.304292,3.1139,1.0856,1,1,236.978,nan
zc0027,abierto,B25,107.2651,0.307631,24.485,125.2392,20.6544,56.7414,BIEN,21.9786,0.945768,7.3668,16.7567,0.302231,0.300137,1.7553,2.4362,1,1,240.836,nan
zc0027,abierto,B40,107.2651,0.307631,39.5114,125.4512,20.4778,56.456,BIEN,21.9512,0.94796,8.7648,16.9543,0.297522,0.299781,3.2861,2.5517,1,1,232.997,nan
zc0102,abierto,B5,109.982,0.28996,4.4482,123.5788,21.6946,60.401,BIEN,22.8908,0.862649,5.8104,12.3627,0.279812,0.279313,3.4997,3.6718,1,1,236.502,nan
zc0102,abierto,B10,109.982,0.28996,9.4528,124.9267,20.7611,58.3432,BIEN,23.1457,0.93055,6.159,13.5882,0.282698,0.300557,2.5047,3.6545,1,1,204.926,nan
zc0102,abierto,B15,109.982,0.28996,14.5124,128.3393,19.8451,58.8156,BIEN,21.6765,0.937781,6.3053,16.6911,0.286378,0.294944,1.2354,1.7189,1,1,228.102,nan
zc0102,abierto,B25,109.982,0.28996,24.4881,129.2819,19.5036,58.5804,BIEN,21.3775,0.943463,7.0474,17.5482,0.286575,0.289815,1.1674,0.0502,1,1,209.556,nan
zc0102,abierto,B40,109.982,0.28996,39.5338,129.2116,19.4027,58.1806,BIEN,21.4748,0.946278,8.4173,17.4843,0.286575,0.286027,1.1674,1.3566,1,1,216.095,nan
zc0189,abierto,B5,107.0992,0.294965,4.4229,123.6046,20.7262,57.0909,BIEN,21.6606,0.862043,5.859,15.4112,0.295334,0.284944,0.125,3.3972,1,1,131.756,nan
zc0189,abierto,B10,107.0992,0.294965,9.4255,124.6718,19.7636,54.9387,BIEN,21.9471,0.928222,6.2226,16.4077,0.286271,0.297757,2.9474,0.9464,1,1,243.143,nan
zc0189,abierto,B15,107.0992,0.294965,14.4947,125.1603,19.4454,54.3453,BIEN,21.9018,0.940874,6.5942,16.8638,0.286338,0.300822,2.9248,1.9856,1,1,205.944,nan
zc0189,abierto,B25,107.0992,0.294965,24.5083,125.37,19.1426,53.7672,BIEN,21.9309,0.945777,7.4195,17.0596,0.291888,0.305633,1.0431,3.6168,1,1,191.117,nan
zc0189,abierto,B40,107.0992,0.294965,39.4907,125.4918,19.0087,53.4933,BIEN,21.9356,0.948295,8.821,17.1733,0.29146,0.309055,1.1884,4.7767,1,1,227.873,nan
zc0386,abierto,B5,109.7523,0.300409,4.4346,123.2423,21.5762,59.4555,BIEN,22.9707,0.863754,5.839,12.2914,0.283022,0.283366,5.7878,5.6733,1,1,211.399,nan
zc0386,abierto,B10,109.7523,0.300409,9.4636,124.6306,20.6719,57.4631,BIEN,23.1829,0.929614,6.1838,13.5563,0.300548,0.31433,0.0465,4.6342,1,1,235.062,nan
zc0386,abierto,B15,109.7523,0.300409,14.4706,128.0863,19.6802,57.9531,BIEN,21.6737,0.936258,6.3246,16.7049,0.300255,0.312465,0.0511,4.0133,1,1,252.736,nan
zc0386,abierto,B25,109.7523,0.300409,24.5061,127.0909,19.7268,57.1156,BIEN,22.248,0.944306,7.2291,15.798,0.30205,0.308239,0.5464,2.6065,1,1,234.676,nan
zc0386,abierto,B40,109.7523,0.300409,39.4863,129.0555,19.2028,57.3541,BIEN,21.431,0.9441,8.4306,17.588,0.298513,0.310063,0.6312,3.2137,1,1,215.997,nan
zc0442,abierto,B5,111.1873,0.304034,4.4144,122.7269,21.1027,58.6638,BIEN,23.8931,0.865977,5.8922,10.3785,0.298746,0.28015,1.7392,7.8556,1,1,208.286,nan
zc0442,abierto,B10,111.1873,0.304034,9.4091,129.4206,19.0941,58.3638,BIEN,21.5474,0.92281,5.8578,16.3987,0.287284,0.308422,5.5093,1.4432,1,1,211.811,nan
zc0442,abierto,B15,111.1873,0.304034,14.486,128.0044,19.1601,57.1448,BIEN,22.3866,0.939078,6.3564,15.125,0.289788,0.304715,4.6857,0.224,1,1,199.041,nan
zc0442,abierto,B25,111.1873,0.304034,24.5017,129.1242,18.7739,56.8985,BIEN,21.9956,0.943436,7.0902,16.1321,0.300838,0.314313,1.0513,3.3809,1,1,242.536,nan
zc0442,abierto,B40,111.1873,0.304034,39.481,130.3132,18.3993,56.902,BIEN,21.5247,0.944514,8.339,17.2015,0.294907,0.301338,3.002,0.8868,1,1,234.192,nan
zc0507,abierto,B5,109.7088,0.298926,4.4283,123.2844,21.3162,59.3736,BIEN,22.9464,0.864896,5.8471,12.3742,0.292565,0.286226,2.1279,4.2486,1,1,244.361,nan
zc0507,abierto,B10,109.7088,0.298926,9.4619,124.5815,20.406,57.515,BIEN,23.1955,0.93151,6.1963,13.5565,0.284286,0.309437,4.8974,3.5163,1,1,240.894,nan
zc0507,abierto,B15,109.7088,0.298926,14.478,128.1409,19.5016,58.0836,BIEN,21.6402,0.939174,6.3295,16.8009,0.289375,0.312275,3.1951,4.4658,1,1,241.698,nan
zc0507,abierto,B25,109.7088,0.298926,24.5123,127.1251,19.5172,57.1515,BIEN,22.2325,0.947807,7.2361,15.875,0.287914,0.306458,3.6838,2.5198,1,1,235.399,nan
zc0507,abierto,B40,109.7088,0.298926,39.4863,129.1082,19.0165,57.4304,BIEN,21.4054,0.947461,8.4339,17.6826,0.287817,0.304989,3.7164,2.0284,1,1,239.366,nan
zc0686,abierto,B5,110.3356,0.300033,4.4081,122.2933,22.0924,59.9716,BIEN,23.5491,0.863976,5.8778,10.8376,0.292966,0.289132,2.3555,3.6333,1,1,243.031,nan
zc0686,abierto,B10,110.3356,0.300033,9.4382,123.9031,21.1725,58.1575,BIEN,23.7263,0.927102,6.2103,12.2966,0.288458,0.305138,3.8581,1.7014,1,1,217.955,nan
zc0686,abierto,B15,110.3356,0.300033,14.4769,127.8044,19.9965,58.3782,BIEN,22.0174,0.934584,6.3344,15.8324,0.288525,0.300644,3.8357,0.2034,1,1,220.056,nan
zc0686,abierto,B25,110.3356,0.300033,24.4903,128.876,19.6123,58.1494,BIEN,21.6481,0.939475,7.0713,16.8037,0.287939,0.299821,4.0309,0.0709,1,1,156.593,nan
zc0686,abierto,B40,110.3356,0.300033,39.4985,128.7945,19.4881,57.785,BIEN,21.7549,0.942366,8.4478,16.7298,0.292224,0.305188,2.6028,1.7181,1,1,227.175,nan
zc0809,abierto,B5,110.6774,0.30899,4.4233,122.7929,20.994,58.2877,BIEN,23.6243,0.866367,5.9027,10.9466,0.291026,0.295157,5.814,4.477,1,1,155.611,nan
zc0809,abierto,B10,110.6774,0.30899,9.458,124.3228,19.9926,56.4294,BIEN,23.8301,0.930293,6.2373,12.3289,0.293605,0.308761,4.9793,0.0742,1,1,222.975,nan
zc0809,abierto,B15,110.6774,0.30899,14.4759,127.9572,18.9971,56.6891,BIEN,22.1934,0.938793,6.3738,15.6127,0.294485,0.319407,4.6944,3.3712,1,1,217.344,nan
zc0809,abierto,B25,110.6774,0.30899,24.5001,129.069,18.4828,56.4229,BIEN,21.8064,0.943758,7.1074,16.6172,0.297281,0.310713,3.7897,0.5574,1,1,235.272,nan
zc0809,abierto,B40,110.6774,0.30899,39.4997,128.9372,18.4207,56.0689,BIEN,21.9292,0.946699,8.484,16.4982,0.295606,0.297929,4.3318,3.5799,1,1,220.863,nan
zc0813,abierto,B5,110.4157,0.2834,4.4187,122.6083,20.9552,58.1249,BIEN,23.5545,0.864541,5.9093,11.0424,0.279558,0.28129,1.3555,0.7445,1,1,224.024,nan
zc0813,abierto,B10,110.4157,0.2834,9.4509,124.1467,20.0023,56.3197,BIEN,23.7374,0.926943,6.2419,12.4357,0.274708,0.298008,3.0669,5.1548,1,1,225.474,nan
zc0813,abierto,B15,110.4157,0.2834,14.4768,127.9666,18.9059,56.5387,BIEN,22.0675,0.935977,6.3698,15.8953,0.273148,0.294465,3.6174,3.9043,1,1,246.221,nan
zc0813,abierto,B25,110.4157,0.2834,24.5006,129.0839,18.4576,56.2973,BIEN,21.6829,0.941504,7.1027,16.9072,0.276556,0.291679,2.4148,2.9213,1,1,235.827,nan
zc0813,abierto,B40,110.4157,0.2834,39.5041,128.9572,18.378,55.9501,BIEN,21.7968,0.944608,8.4779,16.7924,0.273853,0.27543,3.3685,2.8122,1,1,210.199,nan
zc0842,abierto,B5,110.7705,0.312288,4.4322,122.5344,21.1066,58.5709,BIEN,23.7867,0.867772,5.8959,10.6201,0.28056,0.292092,10.1597,6.4671,1,1,196.025,nan
zc0842,abierto,B10,110.7705,0.312288,9.464,124.0417,20.1983,56.7669,BIEN,24.0118,0.930044,6.2341,11.9808,0.29523,0.306133,5.4621,1.9708,1,1,228.545,nan
zc0842,abierto,B15,110.7705,0.312288,14.4653,127.7053,19.2008,57.0761,BIEN,22.3099,0.939008,6.3689,15.2882,0.29331,0.308232,6.0772,1.2987,1,1,249.271,nan
zc0842,abierto,B25,110.7705,0.312288,24.4882,128.7952,18.7312,56.8288,BIEN,21.9249,0.944304,7.1064,16.2721,0.295974,0.303125,5.2239,2.934,1,1,206.05,nan
zc0842,abierto,B40,110.7705,0.312288,39.4958,128.6886,18.6109,56.4608,BIEN,22.042,0.9471,8.4861,16.1759,0.295974,0.295811,5.2239,5.276,1,1,253.126,nan
zc0852,abierto,B5,109.0033,0.299491,4.4127,122.8974,21.3123,58.0686,BIEN,22.7638,0.864758,5.8894,12.7465,0.289187,0.292113,3.4405,2.4635,1,1,232.992,nan
zc0852,abierto,B10,109.0033,0.299491,9.4405,124.2523,20.4176,56.1105,BIEN,22.9897,0.929444,6.2362,13.9895,0.294702,0.30806,1.5992,2.861,1,1,220.395,nan
zc0852,abierto,B15,109.0033,0.299491,14.5037,124.7052,20.0431,55.5269,BIEN,22.9662,0.940014,6.6125,14.405,0.298889,0.300649,0.2012,0.3867,1,1,238.834,nan
zc0852,abierto,B25,109.0033,0.299491,24.4895,126.9926,19.2882,55.6742,BIEN,21.9827,0.943325,7.267,16.5035,0.291874,0.305579,2.5435,2.0328,1,1,255.754,nan
zc0852,abierto,B40,109.0033,0.299491,39.4881,127.6982,18.9718,55.5177,BIEN,21.7338,0.94493,8.5927,17.1508,0.293078,0.298032,2.1413,0.4873,1,1,184.301,nan
zc1127,abierto,B5,110.4196,0.292988,4.4171,122.2125,21.6907,59.5006,BIEN,23.6743,0.864923,5.9035,10.6801,0.281252,0.286506,4.0055,2.2123,1,1,215.68,nan
zc1127,abierto,B10,110.4196,0.292988,9.4387,123.864,20.8465,57.7036,BIEN,23.832,0.929074,6.233,12.1758,0.293872,0.303738,0.3015,3.6692,1,1,155.916,nan
zc1127,abierto,B15,110.4196,0.292988,14.483,127.6642,19.6006,57.8793,BIEN,22.1503,0.937614,6.3651,15.6174,0.287174,0.314306,1.9843,7.276,1,1,193.48,nan
zc1127,abierto,B25,110.4196,0.292988,24.4856,128.6984,19.2241,57.6296,BIEN,21.7933,0.942891,7.106,16.554,0.290955,0.307806,0.694,5.0574,1,1,200.276,nan
zc1127,abierto,B40,110.4196,0.292988,39.5023,128.6743,19.0941,57.2862,BIEN,21.8719,0.945963,8.4809,16.5322,0.290876,0.292099,0.721,0.3036,1,1,246.652,nan
zc1135,abierto,B5,110.3833,0.285628,4.4184,122.266,21.4481,59.0989,BIEN,23.6701,0.865909,5.9112,10.7649,0.285195,0.290321,0.1517,1.6432,1,1,231.128,nan
zc1135,abierto,B10,110.3833,0.285628,9.4357,123.8803,20.5244,57.3152,BIEN,23.8385,0.929864,6.2416,12.2274,0.282772,0.299559,1.0,4.8773,1,1,248.404,nan
zc1135,abierto,B15,110.3833,0.285628,14.4786,127.7027,19.3871,57.5019,BIEN,22.141,0.939167,6.3713,15.6903,0.28122,0.304095,1.5431,6.4654,1,1,233.144,nan
zc1135,abierto,B25,110.3833,0.285628,24.4854,128.7847,18.966,57.2558,BIEN,21.761,0.944603,7.1081,16.6705,0.286964,0.295815,0.4677,3.5665,1,1,209.499,nan
zc1135,abierto,B40,110.3833,0.285628,39.4971,128.7124,18.8748,56.9151,BIEN,21.8564,0.947906,8.4847,16.605,0.284797,0.283365,0.2908,0.7924,1,1,177.661,nan
zc1176,abierto,B5,108.3552,0.303197,4.4183,122.6605,21.1531,57.4032,BIEN,22.5954,0.867864,5.8986,13.2022,0.292635,0.289102,3.4837,4.6488,1,1,192.26,nan
zc1176,abierto,B10,108.3552,0.303197,9.4375,124.0369,20.1886,55.5677,BIEN,22.7996,0.931622,6.2471,14.4725,0.296912,0.311946,2.0731,2.8855,1,1,234.786,nan
zc1176,abierto,B15,108.3552,0.303197,14.496,124.6113,19.8316,55.0505,BIEN,22.7092,0.942413,6.6163,15.0026,0.300202,0.311762,0.9881,2.8246,1,1,247.881,nan
zc1176,abierto,B25,108.3552,0.303197,24.4512,126.6811,19.0883,55.1611,BIEN,21.8362,0.944996,7.2857,16.9128,0.293646,0.317014,3.1502,4.5569,1,1,251.953,nan
zc1176,abierto,B40,108.3552,0.303197,39.5066,126.2365,19.098,54.6369,BIEN,22.1176,0.948615,8.7344,16.5025,0.29881,0.304937,1.4471,0.5737,1,1,236.155,nan
zc1181,abierto,B5,108.9787,0.295334,4.4288,122.8878,21.0018,57.3936,BIEN,22.8009,0.867241,5.8947,12.7632,0.296201,0.28902,0.2935,2.1381,1,1,169.053,nan
zc1181,abierto,B10,108.9787,0.295334,9.4606,124.1795,20.0508,55.5452,BIEN,23.0386,0.930829,6.2462,13.9484,0.296627,0.31064,0.4377,5.1826,1,1,240.79,nan
zc1181,abierto,B15,108.9787,0.295334,14.5022,124.6131,19.719,54.9489,BIEN,23.023,0.941411,6.6249,14.3463,0.297264,0.309134,0.6533,4.6726,1,1,233.394,nan
zc1181,abierto,B25,108.9787,0.295334,24.5,126.8539,18.9466,55.088,BIEN,22.0508,0.944519,7.2848,16.4025,0.302605,0.308395,2.4619,4.4224,1,1,253.344,nan
zc1181,abierto,B40,108.9787,0.295334,39.4972,127.538,18.6516,54.9418,BIEN,21.8041,0.946405,8.6152,17.0302,0.304353,0.292619,3.0536,0.9193,1,1,240.587,nan
zc1316,abierto,B5,110.0777,0.290126,4.4006,122.0039,21.2909,58.5215,BIEN,23.66,0.86592,5.9393,10.8343,0.282005,0.284506,2.7991,1.9371,1,1,241.441,nan
zc1316,abierto,B10,110.0777,0.290126,9.4042,123.6174,20.4021,56.7134,BIEN,23.8422,0.930445,6.2708,12.3001,0.293607,0.30218,1.1997,4.1547,1,1,194.818,nan
zc1316,abierto,B15,110.0777,0.290126,14.4693,127.7023,19.1911,57.0368,BIEN,22.0156,0.938476,6.3805,16.011,0.299049,0.306949,3.0757,5.7985,1,1,256.056,nan
zc1316,abierto,B25,110.0777,0.290126,24.4694,128.8203,18.7409,56.8088,BIEN,21.6271,0.94419,7.1141,17.0267,0.297668,0.299798,2.5995,3.3338,1,1,241.891,nan
zc1316,abierto,B40,110.0777,0.290126,39.4653,128.7329,18.6536,56.4483,BIEN,21.7284,0.94734,8.4897,16.9473,0.297373,0.292898,2.498,0.9555,1,1,244.159,nan
zc1434,abierto,B5,108.27,0.312443,4.4258,123.1167,20.9358,58.0515,BIEN,22.3794,0.86464,5.8776,13.7126,0.288035,0.2895,7.8119,7.3431,1,1,248.633,nan
zc1434,abierto,B10,108.27,0.312443,9.4331,124.247,20.0489,56.0413,BIEN,22.6692,0.930302,6.2386,14.7566,0.296023,0.311738,5.2554,0.2256,1,1,227.262,nan
zc1434,abierto,B15,108.27,0.312443,14.5146,124.698,19.7675,55.5322,BIEN,22.6238,0.941501,6.6131,15.1731,0.29917,0.300275,4.2482,3.8944,1,1,224.472,nan
zc1434,abierto,B25,108.27,0.312443,24.5048,127.0329,19.0068,55.5904,BIEN,21.6668,0.944327,7.2672,17.3297,0.30953,0.299932,0.9322,4.004,1,1,219.635,nan
zc1434,abierto,B40,108.27,0.312443,39.4975,126.3184,19.0941,55.1152,BIEN,22.0437,0.948316,8.7281,16.6698,0.305883,0.294386,2.0994,5.7793,1,1,175.756,nan
zc1452,abierto,B5,109.2273,0.292933,4.4196,122.6737,21.8557,59.8955,BIEN,22.9283,0.864087,5.8796,12.3105,0.287421,0.287866,1.8816,1.7296,1,1,208.459,nan
zc1452,abierto,B10,109.2273,0.292933,9.4299,124.1777,20.8931,57.9397,BIEN,23.1223,0.930366,6.2195,13.6874,0.293295,0.307963,0.1236,5.131,1,1,211.091,nan
zc1452,abierto,B15,109.2273,0.292933,14.5179,124.6197,20.5729,57.3544,BIEN,23.1077,0.941915,6.5975,14.092,0.291638,0.305763,0.4421,4.3798,1,1,216.394,nan
zc1452,abierto,B25,109.2273,0.292933,24.4861,126.8679,19.9247,57.51,BIEN,22.121,0.945708,7.2561,16.1503,0.296717,0.302196,1.2919,3.1622,1,1,200.2,nan
zc1452,abierto,B40,109.2273,0.292933,39.498,127.608,19.6491,57.3617,BIEN,21.855,0.947556,8.5823,16.8279,0.299956,0.301923,2.3976,3.069,1,1,204.826,nan
zc1490,abierto,B5,108.0737,0.295927,4.4218,123.0079,21.0542,58.3013,BIEN,22.297,0.8626,5.8811,13.8185,0.291911,0.28779,1.3572,2.7495,1,1,204.24,nan
zc1490,abierto,B10,108.0737,0.295927,9.4244,124.2371,20.2507,56.2355,BIEN,22.5606,0.929087,6.2379,14.956,0.297852,0.297264,0.6506,0.4517,1,1,191.49,nan
zc1490,abierto,B15,108.0737,0.295927,14.515,124.7289,19.8665,55.7263,BIEN,22.5046,0.940913,6.6103,15.411,0.301007,0.312058,1.7168,5.451,1,1,190.407,nan
zc1490,abierto,B25,108.0737,0.295927,24.4805,126.9385,19.1349,55.7706,BIEN,21.612,0.944299,7.2715,17.4555,0.294385,0.302587,0.5211,2.2506,1,1,219.212,nan
zc1490,abierto,B40,108.0737,0.295927,39.4982,126.3467,19.1892,55.2719,BIEN,21.9398,0.948026,8.7244,16.9079,0.29525,0.291232,0.2286,1.5866,1,1,147.787,nan
zc1576,abierto,B5,106.839,0.297967,4.4252,123.1229,20.8601,57.2354,BIEN,21.7196,0.86459,5.8759,15.2415,0.276261,0.284153,7.2847,4.6363,1,1,213.991,nan
zc1576,abierto,B10,106.839,0.297967,9.4495,124.3316,19.8859,55.2115,BIEN,21.9582,0.929816,6.2335,16.3729,0.289956,0.302546,2.6887,1.5365,1,1,253.177,nan
zc1576,abierto,B15,106.839,0.297967,14.4845,124.7654,19.5269,54.6207,BIEN,21.9349,0.942563,6.61,16.7789,0.293614,0.296607,1.4609,0.4567,1,1,226.732,nan
zc1576,abierto,B25,106.839,0.297967,24.4885,124.9604,19.2765,54.1302,BIEN,21.9639,0.948088,7.439,16.9615,0.291927,0.300439,2.0273,0.8296,1,1,239.114,nan
zc1576,abierto,B40,106.839,0.297967,39.507,125.1725,19.1135,53.8836,BIEN,21.9285,0.950782,8.8416,17.1599,0.29069,0.296035,2.4425,0.6484,1,1,187.906,nan
zc1667,abierto,B5,108.0851,0.301011,4.4161,122.9887,21.2948,58.7121,BIEN,22.3076,0.863808,5.8754,13.7887,0.295879,0.287679,1.705,4.4291,1,1,232.672,nan
zc1667,abierto,B10,108.0851,0.301011,9.4295,124.2464,20.4875,56.6686,BIEN,22.5572,0.929568,6.2306,14.9524,0.293091,0.305184,2.631,1.3863,1,1,231.46,nan
zc1667,abierto,B15,108.0851,0.301011,14.5176,124.75,20.144,56.1522,BIEN,22.4944,0.940825,6.6024,15.4183,0.302924,0.299761,0.6357,0.4152,1,1,254.972,nan
zc1667,abierto,B25,108.0851,0.301011,24.4758,126.9413,19.457,56.2051,BIEN,21.6112,0.943729,7.2653,17.4457,0.303582,0.309753,0.8543,2.9042,1,1,247.439,nan
zc1667,abierto,B40,108.0851,0.301011,39.4887,126.3343,19.4725,55.6863,BIEN,21.9491,0.947686,8.7196,16.884,0.305016,0.297545,1.3308,1.1514,1,1,205.074,nan
